x	y	z	r
0	0	0	0
0	0	0	0
0	0	0	0
0	0	0	0
0	0	0	0
0	0	0	0
0	0	0	0
0	0	0	0
-0.0162569	0.614514	-0.050069	0.616765
-0.0300336	0.0334584	-0.675825	0.677319
-0.0977218	0.237259	-0.395483	0.471432
-0.0977218	0.237259	-0.395483	0.471432
-0.0977218	0.237259	-0.395483	0.471432
-0.0977218	0.237259	-0.395483	0.471432
0.266969	-0.449497	0.0326292	0.523818
0.266969	-0.449497	0.0326292	0.523818
0.266969	-0.449497	0.0326292	0.523818
0.155387	0.188336	1.16127	1.18666
0.155387	0.188336	1.16127	1.18666
0.155387	0.188336	1.16127	1.18666
0.155387	0.188336	1.16127	1.18666
0.155387	0.188336	1.16127	1.18666
-0.390009	-0.408387	1.25283	1.37422
-0.912747	-0.452717	0.0669552	1.02105
-0.912747	-0.452717	0.0669552	1.02105
-0.796294	-1.03105	-0.795901	1.52663
-0.796294	-1.03105	-0.795901	1.52663
-0.000207429	-0.434001	-0.462031	0.6339
-0.000207429	-0.434001	-0.462031	0.6339
-0.000207429	-0.434001	-0.462031	0.6339
1.1673	-0.810251	-0.613502	1.54773
0.0361663	0.0195888	-0.549989	0.551525
0.0361663	0.0195888	-0.549989	0.551525
0.871506	-0.508544	0.497699	1.1251
0.871506	-0.508544	0.497699	1.1251
0.368513	0.168075	-0.675555	0.787671
0.368513	0.168075	-0.675555	0.787671
-0.484029	-0.406885	0.18053	0.657594
-0.484029	-0.406885	0.18053	0.657594
-0.484029	-0.406885	0.18053	0.657594
-0.864103	0.217221	-0.924872	1.28423
-0.59336	-0.471263	-0.933785	1.20255
-0.59336	-0.471263	-0.933785	1.20255
-0.59336	-0.471263	-0.933785	1.20255
-0.59336	-0.471263	-0.933785	1.20255
0.169967	-0.611564	0.114133	0.644923
0.169967	-0.611564	0.114133	0.644923
0.169967	-0.611564	0.114133	0.644923
0.169967	-0.611564	0.114133	0.644923
0.169967	-0.611564	0.114133	0.644923
0.169967	-0.611564	0.114133	0.644923
0.169967	-0.611564	0.114133	0.644923
0.169967	-0.611564	0.114133	0.644923
0.169967	-0.611564	0.114133	0.644923
0.169967	-0.611564	0.114133	0.644923
0.169967	-0.611564	0.114133	0.644923
0.169967	-0.611564	0.114133	0.644923
0.32607	-0.135628	0.358105	0.502946
0.32607	-0.135628	0.358105	0.502946
0.32607	-0.135628	0.358105	0.502946
0.624367	0.178811	-0.576895	0.868686
1.37119	-0.0419092	0.490588	1.45691
1.37119	-0.0419092	0.490588	1.45691
0.625638	1.08473	-0.103955	1.25653
0.222142	1.94367	0.611952	2.0498
1.30295	2.22722	-0.228766	2.59047
1.39584	1.72085	-0.132397	2.21973
1.09717	2.11178	-0.936912	2.55758
0.335884	0.932359	-1.11457	1.49143
0.335884	0.932359	-1.11457	1.49143
-0.080853	0.226656	-1.08423	1.11061
-0.154349	0.275393	-0.836365	0.893964
-0.154349	0.275393	-0.836365	0.893964
-1.27169	-0.222472	-0.610285	1.42799
-1.92772	-1.01398	-1.62867	2.71971
-2.84479	-2.17364	-1.82508	4.01851
-3.73476	-1.78348	-2.19599	4.68526
-3.73476	-1.78348	-2.19599	4.68526
-3.60219	-1.83947	-1.59254	4.3469
-3.60219	-1.83947	-1.59254	4.3469
-3.68785	-2.55222	-0.824224	4.55998
-3.91185	-1.50911	-1.72305	4.53309
-2.85489	-0.488838	-1.46711	3.24681
-2.14445	-0.995775	-0.511722	2.41911
-2.14445	-0.995775	-0.511722	2.41911
-2.14445	-0.995775	-0.511722	2.41911
-1.51526	-0.953938	-0.360045	1.82638
-1.51526	-0.953938	-0.360045	1.82638
-2.40674	-0.481279	-0.38395	2.48424
-2.30982	-0.637853	0.00460246	2.39628
-2.29257	-0.119952	-0.263527	2.31078
-2.29257	-0.119952	-0.263527	2.31078
-2.29257	-0.119952	-0.263527	2.31078
-2.29257	-0.119952	-0.263527	2.31078
-1.24352	0.265265	0.395557	1.33161
-0.859572	-0.658263	-0.324257	1.13019
-0.61784	-0.925084	-0.161495	1.12409
-0.61784	-0.925084	-0.161495	1.12409
-0.61784	-0.925084	-0.161495	1.12409
-0.61784	-0.925084	-0.161495	1.12409
-0.61784	-0.925084	-0.161495	1.12409
-0.213404	0.269139	-1.20749	1.2554
0.466851	0.430296	-1.43799	1.57191
0.466851	0.430296	-1.43799	1.57191
0.466851	0.430296	-1.43799	1.57191
0.979099	1.34878	-0.894435	1.89152
1.39713	1.24359	-0.0471097	1.87102
1.39713	1.24359	-0.0471097	1.87102
1.17667	0.164016	0.855123	1.46379
1.17667	0.164016	0.855123	1.46379
1.17667	0.164016	0.855123	1.46379
1.5181	0.909137	0.217195	1.78278
0.956347	0.313032	1.19451	1.56187
1.18135	-0.644174	0.662129	1.49965
0.347012	-1.09906	1.36746	1.78838
0.347012	-1.09906	1.36746	1.78838
0.550143	-0.137333	0.750712	0.94079
0.550143	-0.137333	0.750712	0.94079
0.550143	-0.137333	0.750712	0.94079
0.550143	-0.137333	0.750712	0.94079
0.550143	-0.137333	0.750712	0.94079
0.550143	-0.137333	0.750712	0.94079
0.149779	0.322234	0.651213	0.741854
0.149779	0.322234	0.651213	0.741854
0.149779	0.322234	0.651213	0.741854
0.149779	0.322234	0.651213	0.741854
0.149779	0.322234	0.651213	0.741854
0.149779	0.322234	0.651213	0.741854
0.149779	0.322234	0.651213	0.741854
0.149779	0.322234	0.651213	0.741854
0.174035	0.0410138	-0.0191607	0.179826
0.174035	0.0410138	-0.0191607	0.179826
-0.19946	-0.258715	1.14273	1.18851
-0.19946	-0.258715	1.14273	1.18851
0.777327	-1.01844	0.402544	1.34294
-0.191929	0.0936947	0.739437	0.769664
0.621208	0.247227	-0.427306	0.79348
0.267711	0.694441	-0.559452	0.931077
0.682701	0.330283	-0.681604	1.01968
0.682701	0.330283	-0.681604	1.01968
0.682701	0.330283	-0.681604	1.01968
0.682701	0.330283	-0.681604	1.01968
0.129072	-0.593524	0.178221	0.633003
-0.87552	-1.46212	0.10991	1.70775
-0.87552	-1.46212	0.10991	1.70775
-0.87552	-1.46212	0.10991	1.70775
-1.20462	-0.845963	-0.444465	1.53763
-1.20462	-0.845963	-0.444465	1.53763
-0.873381	-1.45644	-1.49403	2.26188
-0.213962	-1.47183	-1.49733	2.11047
-0.99365	-0.66393	-0.518562	1.30271
-0.99365	-0.66393	-0.518562	1.30271
-0.668306	-0.924195	-0.489371	1.24107
-1.13266	0.219816	-0.00241309	1.1538
-1.09949	0.454712	-0.497277	1.28954
-1.91938	-0.463816	-0.0742859	1.97602
-1.91938	-0.463816	-0.0742859	1.97602
-0.919256	-0.476033	0.863874	1.3483
-0.919256	-0.476033	0.863874	1.3483
-0.919256	-0.476033	0.863874	1.3483
-0.606698	-0.465501	-0.178227	0.7852
0.189292	0.187801	-0.311352	0.409927
0.189292	0.187801	-0.311352	0.409927
0.189292	0.187801	-0.311352	0.409927
-0.617128	0.53415	-0.757731	1.1137
-0.515895	1.00494	0.267256	1.16081
-1.14817	0.341685	-0.186517	1.21237
-1.14817	0.341685	-0.186517	1.21237
-1.76441	-0.492365	0.300151	1.85625
-1.65708	-0.702684	0.270582	1.82013
-1.91589	0.067155	1.01229	2.16792
-0.997928	0.817287	1.25282	1.79816
-0.997928	0.817287	1.25282	1.79816
-1.62393	1.20925	1.59832	2.57954
-1.3717	1.11632	2.063	2.7173
-0.677231	0.0990065	2.75186	2.8357
-0.485707	0.44658	2.23933	2.33451
-0.991039	-0.410181	1.1797	1.59439
-0.991039	-0.410181	1.1797	1.59439
-0.0113473	-0.7737	0.221248	0.804793
-0.0113473	-0.7737	0.221248	0.804793
-0.0113473	-0.7737	0.221248	0.804793
-0.0113473	-0.7737	0.221248	0.804793
0.678607	-0.604502	-0.886279	1.26942
-0.366724	0.471993	-0.0660895	0.601358
-0.366724	0.471993	-0.0660895	0.601358
-0.366724	0.471993	-0.0660895	0.601358
-0.227604	0.133556	0.296291	0.396773
-0.227604	0.133556	0.296291	0.396773
-0.227604	0.133556	0.296291	0.396773
-0.227604	0.133556	0.296291	0.396773
-0.227604	0.133556	0.296291	0.396773
-0.227604	0.133556	0.296291	0.396773
-0.227604	0.133556	0.296291	0.396773
-0.227604	0.133556	0.296291	0.396773
-0.227604	0.133556	0.296291	0.396773
-0.0509719	0.190776	0.0369918	0.200903
0.471724	0.217816	0.071605	0.524494
0.471724	0.217816	0.071605	0.524494
0.471724	0.217816	0.071605	0.524494
0.471724	0.217816	0.071605	0.524494
0.471724	0.217816	0.071605	0.524494
0.893482	-0.327696	-0.883111	1.2983
0.893482	-0.327696	-0.883111	1.2983
0.893482	-0.327696	-0.883111	1.2983
0.516397	-0.556262	-0.1148	0.76764
0.516397	-0.556262	-0.1148	0.76764
0.516397	-0.556262	-0.1148	0.76764
0.516397	-0.556262	-0.1148	0.76764
0.516397	-0.556262	-0.1148	0.76764
0.516397	-0.556262	-0.1148	0.76764
0.516397	-0.556262	-0.1148	0.76764
0.516397	-0.556262	-0.1148	0.76764
0.516397	-0.556262	-0.1148	0.76764
0.516397	-0.556262	-0.1148	0.76764
0.298079	-0.427178	0.723375	0.891405
0.298079	-0.427178	0.723375	0.891405
0.826942	-0.257095	0.544725	1.02306
1.01942	0.605598	0.180623	1.19941
1.01942	0.605598	0.180623	1.19941
1.01942	0.605598	0.180623	1.19941
1.18241	0.155214	0.512266	1.29792
1.18241	0.155214	0.512266	1.29792
1.18241	0.155214	0.512266	1.29792
1.18241	0.155214	0.512266	1.29792
0.0186454	0.651484	0.196891	0.680841
0.0186454	0.651484	0.196891	0.680841
0.0186454	0.651484	0.196891	0.680841
0.0186454	0.651484	0.196891	0.680841
0.0186454	0.651484	0.196891	0.680841
0.0186454	0.651484	0.196891	0.680841
-0.80508	-0.253766	0.50159	0.981908
-0.80508	-0.253766	0.50159	0.981908
-0.673429	0.0189014	-0.663153	0.945323
0.0762417	-0.918932	-0.909735	1.29532
0.0762417	-0.918932	-0.909735	1.29532
0.0762417	-0.918932	-0.909735	1.29532
0.0762417	-0.918932	-0.909735	1.29532
-0.172718	-1.54341	-0.286436	1.57923
-0.172718	-1.54341	-0.286436	1.57923
-0.172718	-1.54341	-0.286436	1.57923
-0.875603	-1.52332	-1.35953	2.2216
-0.875603	-1.52332	-1.35953	2.2216
-0.364728	-1.04252	-0.386366	1.1701
-0.364728	-1.04252	-0.386366	1.1701
0.687122	-0.984243	-0.840286	1.46525
1.73793	-0.239898	-0.645394	1.86936
1.73793	-0.239898	-0.645394	1.86936
0.649747	-0.377931	0.521803	0.91503
0.240424	-0.524214	0.944917	1.10701
0.240424	-0.524214	0.944917	1.10701
0.844727	0.0379511	0.021957	0.845864
1.38299	0.396436	0.579103	1.55086
1.38299	0.396436	0.579103	1.55086
1.38299	0.396436	0.579103	1.55086
0.337841	-0.710854	1.04154	1.30547
0.105268	-1.2084	-0.0943539	1.21664
0.105268	-1.2084	-0.0943539	1.21664
0.105268	-1.2084	-0.0943539	1.21664
0.105268	-1.2084	-0.0943539	1.21664
-0.906208	-0.289501	0.289526	0.994409
-0.906208	-0.289501	0.289526	0.994409
-0.906208	-0.289501	0.289526	0.994409
-1.35223	-0.571396	1.25359	1.93042
-0.811497	-1.29614	0.866869	1.75783
0.1087	-0.817897	1.08876	1.36608
-0.900232	0.276069	1.50493	1.77523
-0.964762	0.915613	2.2772	2.63718
-0.964762	0.915613	2.2772	2.63718
-0.964762	0.915613	2.2772	2.63718
-0.964762	0.915613	2.2772	2.63718
-0.0161595	1.33915	1.98929	2.3981
0.866061	2.136	1.62276	2.81885
0.273172	1.67854	1.64965	2.36928
0.273172	1.67854	1.64965	2.36928
0.273172	1.67854	1.64965	2.36928
0.144448	2.15899	1.79942	2.81426
0.596318	2.09484	1.02845	2.40867
1.36546	2.36764	2.11887	3.4583
0.590083	3.2338	1.93538	3.81462
0.181133	3.19723	2.91582	4.33095
0.181133	3.19723	2.91582	4.33095
0.181133	3.19723	2.91582	4.33095
0.673569	2.61041	2.92129	3.97516
1.36882	1.83856	2.57093	3.44436
1.49237	2.91163	2.42876	4.07476
0.365937	2.88865	2.91711	4.12162
0.681512	3.18842	3.77211	4.9859
0.681512	3.18842	3.77211	4.9859
0.0973888	3.76056	2.74944	4.65947
0.0973888	3.76056	2.74944	4.65947
0.0973888	3.76056	2.74944	4.65947
0.0973888	3.76056	2.74944	4.65947
0.0973888	3.76056	2.74944	4.65947
0.931518	3.97707	1.86123	4.48876
1.20324	3.59033	1.64288	4.12763
0.162532	3.75388	0.962415	3.8787
-0.144319	3.2367	2.05335	3.83579
-1.19749	3.24915	1.25526	3.68329
-1.19749	3.24915	1.25526	3.68329
-1.19193	4.17778	0.732137	4.40574
-0.476516	3.54756	1.26383	3.79598
-1.21451	3.15749	0.413346	3.40817
-0.55161	2.33681	0.670994	2.49303
-0.486098	2.60697	0.436808	2.68763
0.195419	2.26117	1.31582	2.62344
0.195419	2.26117	1.31582	2.62344
1.15807	3.19867	2.1089	4.00251
1.15807	3.19867	2.1089	4.00251
1.15807	3.19867	2.1089	4.00251
0.210274	4.09059	2.31304	4.70397
0.210274	4.09059	2.31304	4.70397
0.210274	4.09059	2.31304	4.70397
0.210274	4.09059	2.31304	4.70397
0.391082	3.77908	2.09649	4.33932
0.449954	3.00061	1.95695	3.61051
0.449954	3.00061	1.95695	3.61051
1.02202	1.88268	2.57761	3.35158
1.02202	1.88268	2.57761	3.35158
0.0954181	1.64012	2.29757	2.82452
1.10195	0.662325	2.20812	2.55514
1.10195	0.662325	2.20812	2.55514
1.10195	0.662325	2.20812	2.55514
1.10195	0.662325	2.20812	2.55514
1.79506	1.02112	1.40201	2.49611
1.79506	1.02112	1.40201	2.49611
1.54003	-0.0333182	0.416565	1.59572
1.54003	-0.0333182	0.416565	1.59572
1.27037	-0.273238	-0.0267157	1.2997
1.27037	-0.273238	-0.0267157	1.2997
1.27037	-0.273238	-0.0267157	1.2997
0.54021	-1.05892	1.1441	1.64988
1.16631	-0.459068	1.3063	1.81037
1.16631	-0.459068	1.3063	1.81037
1.1286	-0.0756157	1.61159	1.96893
0.00744286	-1.20745	1.08382	1.62254
0.00744286	-1.20745	1.08382	1.62254
0.00744286	-1.20745	1.08382	1.62254
0.00744286	-1.20745	1.08382	1.62254
-0.447945	-0.848086	0.465007	1.0659
-0.447945	-0.848086	0.465007	1.0659
-0.447945	-0.848086	0.465007	1.0659
-0.447945	-0.848086	0.465007	1.0659
-0.447945	-0.848086	0.465007	1.0659
-0.447945	-0.848086	0.465007	1.0659
-0.447945	-0.848086	0.465007	1.0659
-0.447945	-0.848086	0.465007	1.0659
-0.447945	-0.848086	0.465007	1.0659
-0.447945	-0.848086	0.465007	1.0659
-0.447945	-0.848086	0.465007	1.0659
-0.447945	-0.848086	0.465007	1.0659
-0.447945	-0.848086	0.465007	1.0659
-0.447945	-0.848086	0.465007	1.0659
-0.447945	-0.848086	0.465007	1.0659
-0.447945	-0.848086	0.465007	1.0659
0.317645	-1.65431	-0.348042	1.72011
0.317645	-1.65431	-0.348042	1.72011
0.317645	-1.65431	-0.348042	1.72011
1.12808	-1.20175	-0.133704	1.65368
0.198957	-0.209193	-0.543414	0.615341
0.469021	-0.462712	-0.812451	1.04602
-0.275475	0.523452	-0.246784	0.64093
-0.633578	0.118352	-0.297441	0.709859
-0.633578	0.118352	-0.297441	0.709859
-1.45992	-0.68063	0.811759	1.80377
-1.45992	-0.68063	0.811759	1.80377
-1.45992	-0.68063	0.811759	1.80377
-1.45992	-0.68063	0.811759	1.80377
-0.437346	-0.969385	-0.0541669	1.06485
-0.437346	-0.969385	-0.0541669	1.06485
0.185681	-1.07233	-0.31319	1.13246
0.185681	-1.07233	-0.31319	1.13246
-1.00115	-1.28108	-0.164971	1.63422
-1.00115	-1.28108	-0.164971	1.63422
-1.00115	-1.28108	-0.164971	1.63422
-1.1986	-0.283796	-0.252732	1.2574
-0.263129	0.748754	0.218818	0.823256
-0.263129	0.748754	0.218818	0.823256
-0.263129	0.748754	0.218818	0.823256
-0.263129	0.748754	0.218818	0.823256
-0.263129	0.748754	0.218818	0.823256
-0.263129	0.748754	0.218818	0.823256
-0.362728	1.18423	0.343227	1.28521
-0.23913	2.22083	-0.553462	2.30121
0.817258	2.06177	-1.48476	2.66896
-0.113335	1.97675	-0.371305	2.01451
-1.18792	1.78835	-0.317798	2.17033
-1.18792	1.78835	-0.317798	2.17033
-0.75228	0.670708	-1.39694	1.72256
-0.540371	-0.439154	-1.2652	1.44416
0.378583	-1.35677	-1.80999	2.29351
1.55982	-0.288547	-1.83186	2.42322
2.13476	0.819768	-1.84062	2.93549
1.57595	1.50327	-0.723236	2.29489
0.474274	2.252	0.201016	2.31016
0.474274	2.252	0.201016	2.31016
0.474274	2.252	0.201016	2.31016
0.474274	2.252	0.201016	2.31016
0.474274	2.252	0.201016	2.31016
0.805116	2.94724	-0.77508	3.15202
0.132705	2.69174	-1.59001	3.12909
0.132705	2.69174	-1.59001	3.12909
0.132705	2.69174	-1.59001	3.12909
0.579341	1.84837	-2.00201	2.78571
0.891364	0.738755	-1.4186	1.83104
0.891364	0.738755	-1.4186	1.83104
0.891364	0.738755	-1.4186	1.83104
1.19897	0.546406	-0.909909	1.60125
1.33419	-0.188337	-0.216828	1.36475
1.33419	-0.188337	-0.216828	1.36475
1.33419	-0.188337	-0.216828	1.36475
1.33419	-0.188337	-0.216828	1.36475
1.33419	-0.188337	-0.216828	1.36475
1.33419	-0.188337	-0.216828	1.36475
1.33419	-0.188337	-0.216828	1.36475
1.33419	-0.188337	-0.216828	1.36475
1.33419	-0.188337	-0.216828	1.36475
1.07392	0.238936	0.123016	1.10703
1.07392	0.238936	0.123016	1.10703
1.07392	0.238936	0.123016	1.10703
1.07392	0.238936	0.123016	1.10703
1.07392	0.238936	0.123016	1.10703
0.0679643	0.564045	-1.0489	1.19288
0.0679643	0.564045	-1.0489	1.19288
0.0679643	0.564045	-1.0489	1.19288
0.0679643	0.564045	-1.0489	1.19288
-0.511775	0.629789	-0.490471	0.948214
-0.449096	1.25925	0.569371	1.45313
-0.449096	1.25925	0.569371	1.45313
-0.10579	0.144859	-0.46184	0.495451
-0.10579	0.144859	-0.46184	0.495451
-0.10579	0.144859	-0.46184	0.495451
-0.10579	0.144859	-0.46184	0.495451
-0.10579	0.144859	-0.46184	0.495451
-0.10579	0.144859	-0.46184	0.495451
-0.10579	0.144859	-0.46184	0.495451
-0.10579	0.144859	-0.46184	0.495451
-0.10579	0.144859	-0.46184	0.495451
-0.10579	0.144859	-0.46184	0.495451
0.286487	0.183654	0.111252	0.358023
0.286487	0.183654	0.111252	0.358023
0.286487	0.183654	0.111252	0.358023
0.319417	-0.444628	1.17931	1.30019
-5.7877e-05	-0.586111	0.0774275	0.591203
0.978333	-1.21426	-0.420312	1.615
1.10676	-0.711181	0.397231	1.37422
0.921729	-1.24208	-0.571322	1.64886
0.733946	-1.21881	-0.286735	1.45134
1.2378	-1.07407	-0.320903	1.66996
1.2378	-1.07407	-0.320903	1.66996
1.39216	-0.458065	-0.604956	1.58553
1.27662	-0.0925254	-0.781089	1.49947
1.27662	-0.0925254	-0.781089	1.49947
1.45892	-0.857417	-0.626478	1.80447
1.45892	-0.857417	-0.626478	1.80447
1.32721	0.227707	0.102943	1.35053
0.596053	-0.565603	-0.217893	0.850096
0.163152	-1.11155	0.499138	1.22935
0.163152	-1.11155	0.499138	1.22935
0.163152	-1.11155	0.499138	1.22935
0.279998	-0.460759	0.0407647	0.540703
0.279998	-0.460759	0.0407647	0.540703
0.530621	-0.171504	0.0730048	0.562407
0.530621	-0.171504	0.0730048	0.562407
0.530621	-0.171504	0.0730048	0.562407
0.543023	-0.663035	-0.928594	1.26364
0.543023	-0.663035	-0.928594	1.26364
0.51542	-0.368022	-0.557822	0.843957
0.51542	-0.368022	-0.557822	0.843957
-0.120554	-1.23902	-0.0552375	1.24609
-0.120554	-1.23902	-0.0552375	1.24609
-1.15599	-0.580016	-0.00025248	1.29334
-1.15599	-0.580016	-0.00025248	1.29334
-0.679559	-1.74166	-1.05838	2.14834
-0.679559	-1.74166	-1.05838	2.14834
-0.679559	-1.74166	-1.05838	2.14834
-0.924182	-2.60277	-0.608636	2.82825
-1.553	-1.43311	-0.998547	2.33724
-0.83421	-0.330748	-0.296717	0.945167
-0.0585377	0.062698	-0.497441	0.504783
-0.0585377	0.062698	-0.497441	0.504783
-0.0585377	0.062698	-0.497441	0.504783
0.128575	0.593585	-0.714803	0.937986
0.128575	0.593585	-0.714803	0.937986
-0.487797	0.248372	0.425274	0.693176
0.144043	-0.516432	-0.2409	0.587778
0.144043	-0.516432	-0.2409	0.587778
0.144043	-0.516432	-0.2409	0.587778
0.144043	-0.516432	-0.2409	0.587778
0.144043	-0.516432	-0.2409	0.587778
0.157856	-0.204793	-1.19066	1.21841
-0.452293	-0.245676	-1.42215	1.51243
0.693797	0.496697	-0.315235	0.909635
-0.182363	1.37551	-0.251102	1.41009
0.308592	0.994742	-0.885306	1.36693
0.308592	0.994742	-0.885306	1.36693
0.308592	0.994742	-0.885306	1.36693
0.000490425	1.18699	-0.39203	1.25005
0.000490425	1.18699	-0.39203	1.25005
0.894882	0.654521	-0.359697	1.16559
0.54098	1.15979	0.159584	1.28966
0.996485	0.592472	0.311098	1.20033
0.996485	0.592472	0.311098	1.20033
1.90563	0.0765002	0.752679	2.05031
1.90563	0.0765002	0.752679	2.05031
1.90563	0.0765002	0.752679	2.05031
0.966555	-1.0075	-0.188154	1.40879
1.73424	-0.918151	-0.935383	2.17383
1.73424	-0.918151	-0.935383	2.17383
1.73424	-0.918151	-0.935383	2.17383
1.78753	-1.68797	0.140853	2.46259
1.78753	-1.68797	0.140853	2.46259
1.76761	-1.06754	0.879739	2.24455
0.657007	0.126403	1.55369	1.69162
0.657007	0.126403	1.55369	1.69162
0.55515	-0.870673	2.44079	2.65023
0.839082	-0.793028	2.02715	2.33287
0.839082	-0.793028	2.02715	2.33287
0.839082	-0.793028	2.02715	2.33287
0.839082	-0.793028	2.02715	2.33287
0.839082	-0.793028	2.02715	2.33287
1.56165	-1.8858	1.555	2.90052
1.56165	-1.8858	1.555	2.90052
1.56165	-1.8858	1.555	2.90052
1.56165	-1.8858	1.555	2.90052
1.14458	-1.39737	1.01768	2.07325
1.33295	-1.4135	0.380748	1.97982
1.58434	-0.388336	1.35398	2.11996
1.58434	-0.388336	1.35398	2.11996
0.769727	0.784238	0.596673	1.25041
0.769727	0.784238	0.596673	1.25041
0.820658	-0.126578	0.786407	1.14365
-0.194838	-0.563002	1.55481	1.66504
-1.12468	-0.124875	0.868605	1.42653
-1.731	-0.176434	1.03309	2.02355
-2.48	-0.0455679	1.16266	2.73939
-2.4438	-0.970625	1.52156	3.03799
-2.4438	-0.970625	1.52156	3.03799
-2.4438	-0.970625	1.52156	3.03799
-2.4438	-0.970625	1.52156	3.03799
-2.4438	-0.970625	1.52156	3.03799
-2.4438	-0.970625	1.52156	3.03799
-2.48768	-1.34493	0.427305	2.86007
-2.48768	-1.34493	0.427305	2.86007
-1.35623	-0.641361	0.626844	1.62593
-1.37412	-1.60414	1.10014	2.38155
-0.88643	-1.52536	1.41128	2.25924
0.271616	-0.524674	1.02757	1.18531
-0.422163	-0.139927	0.91683	1.01901
-0.383098	-0.013303	0.656129	0.759899
0.205521	-0.0753677	-0.464987	0.513938
0.205521	-0.0753677	-0.464987	0.513938
0.205521	-0.0753677	-0.464987	0.513938
-0.681832	-0.261156	0.45576	0.860706
-1.31059	-0.86304	1.11777	1.92662
-1.31059	-0.86304	1.11777	1.92662
-0.381185	0.201984	2.1063	2.15002
-0.340123	0.864456	2.7288	2.88259
-0.934684	1.60411	2.03543	2.75495
-0.934684	1.60411	2.03543	2.75495
-0.942434	2.57307	1.09228	2.94991
-0.634252	3.21153	0.965097	3.41286
-0.392581	2.38075	1.22822	2.70751
-0.392581	2.38075	1.22822	2.70751
0.155692	2.07375	1.3837	2.49786
0.155692	2.07375	1.3837	2.49786
0.155692	2.07375	1.3837	2.49786
-0.0564932	1.9015	1.6994	2.55086
-0.0564932	1.9015	1.6994	2.55086
-0.0564932	1.9015	1.6994	2.55086
-0.0564932	1.9015	1.6994	2.55086
-0.0564932	1.9015	1.6994	2.55086
-0.875277	1.81385	1.30349	2.39901
-1.52403	0.956273	0.65339	1.91417
-1.52403	0.956273	0.65339	1.91417
-0.993884	-0.0322867	-0.00262908	0.994412
-0.993884	-0.0322867	-0.00262908	0.994412
-1.37137	-0.928978	-1.17494	2.0308
-0.221746	-0.381694	0.0107733	0.441563
0.0957985	-0.453904	-0.244574	0.524426
0.0957985	-0.453904	-0.244574	0.524426
0.0957985	-0.453904	-0.244574	0.524426
0.0957985	-0.453904	-0.244574	0.524426
-0.886538	0.413026	-0.997401	1.39691
-0.786254	0.244955	-0.282721	0.870706
-0.786254	0.244955	-0.282721	0.870706
0.214229	-0.750755	-0.126283	0.790869
0.214229	-0.750755	-0.126283	0.790869
0.214229	-0.750755	-0.126283	0.790869
0.214229	-0.750755	-0.126283	0.790869
0.214229	-0.750755	-0.126283	0.790869
1.22446	-1.23824	-0.0516535	1.74218
1.22446	-1.23824	-0.0516535	1.74218
1.22446	-1.23824	-0.0516535	1.74218
1.22446	-1.23824	-0.0516535	1.74218
1.22446	-1.23824	-0.0516535	1.74218
1.22446	-1.23824	-0.0516535	1.74218
1.22446	-1.23824	-0.0516535	1.74218
0.181913	-0.14457	1.12802	1.15171
0.181913	-0.14457	1.12802	1.15171
1.01767	0.0362785	0.801328	1.2958
0.698663	-0.54193	0.375286	0.96055
0.698663	-0.54193	0.375286	0.96055
0.698663	-0.54193	0.375286	0.96055
0.0790429	0.194803	0.871165	0.896172
0.0790429	0.194803	0.871165	0.896172
0.0790429	0.194803	0.871165	0.896172
-0.477822	-0.613079	0.262733	0.820493
-0.477822	-0.613079	0.262733	0.820493
-0.477822	-0.613079	0.262733	0.820493
-0.91006	0.106791	0.341397	0.977837
-0.91006	0.106791	0.341397	0.977837
-0.91006	0.106791	0.341397	0.977837
-0.91006	0.106791	0.341397	0.977837
-2.02009	0.504906	1.16522	2.38609
-2.02009	0.504906	1.16522	2.38609
-2.50747	-0.602506	0.788829	2.69679
-2.50747	-0.602506	0.788829	2.69679
-1.7791	-1.68448	1.19377	2.7254
-2.04139	-1.63479	1.87464	3.21777
-1.37461	-1.06671	2.76918	3.27044
-0.616853	-0.00646834	1.94175	2.03739
-0.0419555	0.824557	2.18094	2.33199
-0.663664	0.00676049	1.83145	1.948
-0.663664	0.00676049	1.83145	1.948
-0.663664	0.00676049	1.83145	1.948
-0.625532	-0.0113213	1.532	1.65483
-0.469829	-0.185747	1.23696	1.33615
-0.469829	-0.185747	1.23696	1.33615
0.276225	-0.0934006	0.833765	0.883282
-0.212975	0.0158379	0.564377	0.603432
-0.212975	0.0158379	0.564377	0.603432
-0.212975	0.0158379	0.564377	0.603432
0.063294	-1.06743	1.51724	1.85619
-0.998067	-0.407468	0.390615	1.14663
-0.998067	-0.407468	0.390615	1.14663
-1.8648	0.723785	1.58742	2.55367
-1.8648	0.723785	1.58742	2.55367
-1.8648	0.723785	1.58742	2.55367
-0.835585	0.653776	2.21371	2.45482
-0.835585	0.653776	2.21371	2.45482
-0.835585	0.653776	2.21371	2.45482
-0.884121	0.486251	1.49929	1.80721
-0.884121	0.486251	1.49929	1.80721
-0.755652	-0.460792	2.50578	2.65749
-1.35883	-0.771994	2.23143	2.72428
-2.11678	-0.606876	2.10873	3.0489
-2.11678	-0.606876	2.10873	3.0489
-2.11678	-0.606876	2.10873	3.0489
-2.11678	-0.606876	2.10873	3.0489
-0.92758	-0.703897	1.25511	1.71207
-0.171849	-0.66913	0.245838	0.733282
-0.171849	-0.66913	0.245838	0.733282
-0.131555	-0.575767	0.46804	0.753576
-0.584793	-0.485297	0.426735	0.87155
-0.584793	-0.485297	0.426735	0.87155
-0.584793	-0.485297	0.426735	0.87155
-0.584793	-0.485297	0.426735	0.87155
-0.584793	-0.485297	0.426735	0.87155
-0.465724	-0.708978	-0.56443	1.01889
0.564275	0.140269	-0.248785	0.632437
0.564275	0.140269	-0.248785	0.632437
0.564275	0.140269	-0.248785	0.632437
0.564275	0.140269	-0.248785	0.632437
0.564275	0.140269	-0.248785	0.632437
0.564275	0.140269	-0.248785	0.632437
0.564275	0.140269	-0.248785	0.632437
0.564275	0.140269	-0.248785	0.632437
0.144399	0.336594	-0.509743	0.627682
0.209927	0.517959	-0.758922	0.942503
-0.356315	0.421051	0.0480775	0.553675
0.369298	-0.35304	0.593375	0.783015
0.369298	-0.35304	0.593375	0.783015
-0.553316	0.737097	0.198039	0.942703
-0.553316	0.737097	0.198039	0.942703
-0.553316	0.737097	0.198039	0.942703
-0.553316	0.737097	0.198039	0.942703
-0.976157	-0.00926496	-0.492035	1.09319
-0.506137	-0.727789	0.269332	0.926494
-1.10971	-1.28847	-0.608476	1.80606
-0.159045	-2.09205	-0.0894479	2.1
-1.19587	-1.20137	-0.176755	1.7043
-1.19587	-1.20137	-0.176755	1.7043
-1.19587	-1.20137	-0.176755	1.7043
-0.843934	-1.65415	-0.525619	1.92995
-0.843934	-1.65415	-0.525619	1.92995
-1.02323	-0.601438	-1.66623	2.04574
-1.02323	-0.601438	-1.66623	2.04574
-1.02323	-0.601438	-1.66623	2.04574
-0.209623	-0.0491904	-1.14739	1.16741
-0.95936	0.639272	-0.619035	1.30853
-0.95936	0.639272	-0.619035	1.30853
0.0423195	0.270871	-0.850381	0.893482
0.0423195	0.270871	-0.850381	0.893482
0.0423195	0.270871	-0.850381	0.893482
-0.687435	-0.369647	-1.02434	1.28782
-0.687435	-0.369647	-1.02434	1.28782
-1.19541	-1.29448	-1.60264	2.38183
-0.826163	-1.11999	-0.469931	1.46893
-0.826163	-1.11999	-0.469931	1.46893
-0.178011	-1.30115	-0.540082	1.41999
-0.178011	-1.30115	-0.540082	1.41999
-0.178011	-1.30115	-0.540082	1.41999
-0.499936	-0.77036	-0.928294	1.3058
-0.0287683	-1.38121	-0.548591	1.48644
0.864165	-0.562648	-0.915231	1.37877
0.891927	-1.24903	-0.823153	1.74161
0.734254	-0.641968	-0.841205	1.28797
0.771422	-1.13153	-1.68104	2.16826
0.283913	-0.769767	-1.66798	1.85885
-0.510922	-0.406626	-2.3647	2.4532
0.228548	0.770168	-2.0391	2.19165
1.39117	1.6775	-2.74232	3.50281
2.14501	0.493455	-3.93325	4.50721
1.59035	1.49687	-4.44313	4.95088
1.59035	1.49687	-4.44313	4.95088
0.629435	1.11633	-4.69505	4.86681
0.817266	-0.0577788	-3.80692	3.89409
0.817266	-0.0577788	-3.80692	3.89409
0.817266	-0.0577788	-3.80692	3.89409
1.58078	-0.743734	-3.8167	4.19752
1.99656	-0.633842	-3.82947	4.36496
1.99656	-0.633842	-3.82947	4.36496
1.99656	-0.633842	-3.82947	4.36496
1.99656	-0.633842	-3.82947	4.36496
1.99656	-0.633842	-3.82947	4.36496
1.99656	-0.633842	-3.82947	4.36496
2.11631	-1.72204	-2.8704	3.96023
1.50944	-1.29361	-2.05275	2.85755
1.50944	-1.29361	-2.05275	2.85755
1.99188	-0.753078	-2.23426	3.08652
0.969779	0.237898	-2.22454	2.43837
1.10358	-0.935669	-1.27233	1.9267
1.10358	-0.935669	-1.27233	1.9267
-0.0790544	0.165842	-1.53341	1.54438
0.330116	0.641797	-1.48937	1.65502
-0.0139138	-0.417738	-1.69429	1.74508
-0.458159	-1.33161	-1.15684	1.82246
-1.12682	-1.15122	-0.786133	1.79249
-0.151791	-0.96704	-0.30705	1.02591
-0.42378	-0.635376	0.119009	0.772952
-0.42378	-0.635376	0.119009	0.772952
-0.958244	-0.716144	0.725141	1.3989
0.234129	0.458916	0.806585	0.957079
0.234129	0.458916	0.806585	0.957079
-0.823895	-0.0312138	0.946443	1.2552
-0.823895	-0.0312138	0.946443	1.2552
-0.228827	-1.06706	1.50532	1.8593
0.770551	-0.856694	1.17362	1.6447
-0.425394	-0.515281	0.141847	0.683077
-0.634496	0.00959377	-0.244804	0.680151
-0.634496	0.00959377	-0.244804	0.680151
-0.634496	0.00959377	-0.244804	0.680151
-0.634496	0.00959377	-0.244804	0.680151
-0.634496	0.00959377	-0.244804	0.680151
-0.634496	0.00959377	-0.244804	0.680151
-0.634496	0.00959377	-0.244804	0.680151
-0.634496	0.00959377	-0.244804	0.680151
-0.634496	0.00959377	-0.244804	0.680151
-0.782372	-0.822687	0.361939	1.1916
-1.49901	-0.370949	0.254677	1.56508
-0.684109	-0.952115	0.295136	1.20898
-0.684109	-0.952115	0.295136	1.20898
-0.684109	-0.952115	0.295136	1.20898
0.407184	-1.34166	0.516842	1.49432
-0.658198	-0.996932	-0.0944447	1.19834
-0.0129855	-1.17344	-0.252838	1.20044
-0.0129855	-1.17344	-0.252838	1.20044
-0.0129855	-1.17344	-0.252838	1.20044
0.840249	-0.389962	0.359322	0.99358
0.840249	-0.389962	0.359322	0.99358
0.840249	-0.389962	0.359322	0.99358
0.840249	-0.389962	0.359322	0.99358
0.590649	-1.39094	1.48779	2.12064
1.40114	-1.22098	1.09391	2.15653
1.40114	-1.22098	1.09391	2.15653
1.86721	-2.03936	0.000238036	2.76505
1.86721	-2.03936	0.000238036	2.76505
1.79732	-1.87323	-0.750509	2.70234
1.79732	-1.87323	-0.750509	2.70234
1.79732	-1.87323	-0.750509	2.70234
1.79732	-1.87323	-0.750509	2.70234
2.87862	-1.41581	-1.69507	3.62825
2.2918	-0.991192	-0.707355	2.59522
1.93631	-1.55537	-0.819977	2.6155
1.08233	-1.90476	-1.99667	2.96416
1.65866	-1.34657	-2.119	3.00908
1.14157	-0.18572	-2.53676	2.78798
-0.00838308	-1.33412	-2.35688	2.70829
0.143856	-1.2164	-2.28645	2.59387
0.143856	-1.2164	-2.28645	2.59387
-0.300829	-1.17695	-2.20907	2.52105
0.298965	-1.54806	-1.05858	1.89907
0.0840132	-0.845682	-1.34497	1.59097
0.514973	-0.135037	-0.237601	0.582997
0.299063	0.979235	0.171893	1.03821
0.299063	0.979235	0.171893	1.03821
1.07431	0.780334	0.442743	1.39967
2.05487	-0.406173	-0.697956	2.20785
1.72765	0.483888	-1.07825	2.09322
1.72765	0.483888	-1.07825	2.09322
1.72765	0.483888	-1.07825	2.09322
1.72765	0.483888	-1.07825	2.09322
0.575951	1.44013	-1.45964	2.12985
1.45117	0.925093	-1.54924	2.31556
1.81439	1.34007	-1.14191	2.52819
2.46585	0.623358	-0.00582943	2.54343
2.00465	0.501886	0.508564	2.12818
1.60631	1.4353	0.519318	2.21586
1.70292	0.793889	0.230369	1.89295
1.44213	0.827569	-0.112903	1.66654
0.404617	0.960543	0.764998	1.2929
-0.318237	0.574144	1.32511	1.4788
-1.10037	1.31835	0.484842	1.78436
-0.444866	0.670298	1.56513	1.75978
-0.444866	0.670298	1.56513	1.75978
-0.444866	0.670298	1.56513	1.75978
0.418593	0.0292229	1.52643	1.58305
0.418593	0.0292229	1.52643	1.58305
-0.485053	-0.849777	1.13955	1.50199
-0.485053	-0.849777	1.13955	1.50199
0.446787	0.0363296	0.803131	0.91976
0.446787	0.0363296	0.803131	0.91976
-0.529281	0.391856	0.482052	0.816128
-0.529281	0.391856	0.482052	0.816128
-0.529281	0.391856	0.482052	0.816128
-0.184879	-0.0140954	-0.221566	0.288912
-0.184879	-0.0140954	-0.221566	0.288912
-0.582486	0.0969668	0.0409749	0.591922
-0.582486	0.0969668	0.0409749	0.591922
-0.0203698	-0.902949	0.0419327	0.904152
0.491493	-0.0189328	0.780602	0.922639
0.491493	-0.0189328	0.780602	0.922639
-0.369444	0.259307	-0.294725	0.539066
-0.369444	0.259307	-0.294725	0.539066
-0.369444	0.259307	-0.294725	0.539066
0.391708	-0.180481	0.0936593	0.44134
0.391708	-0.180481	0.0936593	0.44134
0.391708	-0.180481	0.0936593	0.44134
0.391708	-0.180481	0.0936593	0.44134
-0.365162	0.0336198	-0.376933	0.525882
0.115576	0.515063	0.373048	0.646384
0.115576	0.515063	0.373048	0.646384
0.316139	0.223054	-0.300897	0.490139
0.345738	0.594402	0.177638	0.710214
0.345738	0.594402	0.177638	0.710214
-0.548844	-0.568641	0.334017	0.857992
-0.548844	-0.568641	0.334017	0.857992
-0.548844	-0.568641	0.334017	0.857992
-0.548844	-0.568641	0.334017	0.857992
-0.548844	-0.568641	0.334017	0.857992
-0.548844	-0.568641	0.334017	0.857992
0.358279	0.429598	0.453166	0.719915
0.358279	0.429598	0.453166	0.719915
0.358279	0.429598	0.453166	0.719915
0.358279	0.429598	0.453166	0.719915
0.358279	0.429598	0.453166	0.719915
0.358279	0.429598	0.453166	0.719915
1.05156	-0.127589	0.994779	1.45315
0.831296	-1.30187	0.856778	1.76634
1.96879	-1.50338	-0.0156806	2.47721
1.76584	-1.12473	1.11352	2.37132
1.76584	-1.12473	1.11352	2.37132
1.76584	-1.12473	1.11352	2.37132
1.20316	-0.22365	1.48381	1.92336
1.20316	-0.22365	1.48381	1.92336
1.30362	-1.37301	1.94935	2.71746
1.30362	-1.37301	1.94935	2.71746
1.49654	-0.870607	1.08151	2.04138
1.49654	-0.870607	1.08151	2.04138
0.382799	-1.61093	1.00685	1.93788
0.382799	-1.61093	1.00685	1.93788
-0.121908	-1.58902	0.518323	1.67586
-1.14157	-0.599791	1.46905	1.95475
-1.14157	-0.599791	1.46905	1.95475
-1.14157	-0.599791	1.46905	1.95475
-1.14157	-0.599791	1.46905	1.95475
-1.14157	-0.599791	1.46905	1.95475
-1.14157	-0.599791	1.46905	1.95475
-1.14157	-0.599791	1.46905	1.95475
-1.14157	-0.599791	1.46905	1.95475
-1.2453	0.32948	0.606634	1.42385
-0.848272	0.140086	0.0618754	0.861985
-0.848272	0.140086	0.0618754	0.861985
-1.56514	-0.48113	-0.939343	1.88772
-1.78759	-0.0900759	-0.458096	1.84755
-1.42762	0.483647	-0.843167	1.72712
-1.42762	0.483647	-0.843167	1.72712
-1.39548	-0.675253	0.334343	1.58591
-1.10225	-1.54047	1.12356	2.20236
-1.37456	-0.388431	2.28331	2.69329
-1.37456	-0.388431	2.28331	2.69329
-0.34632	0.542814	2.01783	2.11807
-0.28779	-0.402597	1.80329	1.86997
0.799864	-0.357996	0.63085	1.07978
0.799864	-0.357996	0.63085	1.07978
-0.265147	-0.552612	-0.0910136	0.61965
0.19713	-0.592564	-1.25503	1.40181
0.19713	-0.592564	-1.25503	1.40181
1.27286	-0.882517	-0.586257	1.65612
1.27286	-0.882517	-0.586257	1.65612
1.52887	-0.612402	0.37149	1.68834
1.52887	-0.612402	0.37149	1.68834
1.63168	-0.555933	0.690041	1.85677
2.47884	-0.266438	0.436708	2.53107
2.47884	-0.266438	0.436708	2.53107
2.09561	-1.01316	-0.563749	2.39497
1.85135	-1.71326	0.360898	2.54814
1.85135	-1.71326	0.360898	2.54814
2.59735	-1.30841	-0.127821	2.9111
2.59735	-1.30841	-0.127821	2.9111
3.38896	-1.05649	-0.0339049	3.54999
2.95541	-1.30273	0.498257	3.268
1.79008	-1.62636	-0.692496	2.51575
1.51623	-1.65741	-1.44296	2.66985
1.51623	-1.65741	-1.44296	2.66985
1.51623	-1.65741	-1.44296	2.66985
2.31696	-2.26546	-1.12113	3.42893
2.31696	-2.26546	-1.12113	3.42893
2.84035	-1.23034	-0.400268	3.12114
1.78728	-0.855642	0.642867	2.08321
2.60857	-0.546635	1.45999	3.03892
2.60857	-0.546635	1.45999	3.03892
2.60857	-0.546635	1.45999	3.03892
2.60857	-0.546635	1.45999	3.03892
2.60857	-0.546635	1.45999	3.03892
3.1393	-0.311278	1.22435	3.38396
2.20708	-1.40607	1.60037	3.06748
1.05591	-1.42297	1.76392	2.50024
1.1192	-1.09737	1.37359	2.08412
0.0480313	0.00108119	0.623768	0.625615
0.0480313	0.00108119	0.623768	0.625615
-0.122904	-0.00565627	0.471728	0.487509
-0.122904	-0.00565627	0.471728	0.487509
0.434296	-0.0836587	0.548691	0.70475
0.454638	-1.14805	0.197916	1.25055
0.454638	-1.14805	0.197916	1.25055
0.454638	-1.14805	0.197916	1.25055
0.974612	0.0356564	0.740722	1.22467
0.974612	0.0356564	0.740722	1.22467
0.435238	-0.0432812	1.10725	1.1905
-0.212899	0.454681	0.249003	0.560413
-0.212899	0.454681	0.249003	0.560413
-0.212899	0.454681	0.249003	0.560413
-0.212899	0.454681	0.249003	0.560413
0.161577	0.685614	0.224258	0.739233
-0.894143	-0.335884	-0.57236	1.11351
0.12865	0.55036	0.398989	0.691837
1.23774	0.0794188	0.368094	1.29375
1.23774	0.0794188	0.368094	1.29375
0.486159	0.769658	0.976577	1.33507
0.0524991	0.360297	0.565859	0.672879
0.749497	-0.0920034	1.73358	1.8909
0.749497	-0.0920034	1.73358	1.8909
1.18452	-0.239978	1.08686	1.6254
1.18452	-0.239978	1.08686	1.6254
0.640031	-0.516888	0.21899	0.851334
-0.337533	-0.224832	0.368808	0.548176
-0.337533	-0.224832	0.368808	0.548176
-0.337533	-0.224832	0.368808	0.548176
-0.337533	-0.224832	0.368808	0.548176
-0.337533	-0.224832	0.368808	0.548176
-0.337533	-0.224832	0.368808	0.548176
-0.807977	-0.165527	0.331563	0.888909
-0.807977	-0.165527	0.331563	0.888909
-0.807977	-0.165527	0.331563	0.888909
-0.491784	-0.396766	-0.302661	0.700628
-0.491784	-0.396766	-0.302661	0.700628
-0.863402	0.396345	0.534227	1.08993
-0.0727668	1.17388	0.0538087	1.17736
-0.0727668	1.17388	0.0538087	1.17736
-0.651008	0.123339	-0.502043	0.831306
-0.651008	0.123339	-0.502043	0.831306
-0.651008	0.123339	-0.502043	0.831306
-0.651008	0.123339	-0.502043	0.831306
-0.651008	0.123339	-0.502043	0.831306
-0.0071156	0.207654	-0.673523	0.704843
-0.0071156	0.207654	-0.673523	0.704843
0.661524	-0.555039	0.287594	0.910161
0.513445	-1.44038	0.93761	1.79372
0.513445	-1.44038	0.93761	1.79372
0.513445	-1.44038	0.93761	1.79372
0.513445	-1.44038	0.93761	1.79372
1.45687	-0.924572	0.193752	1.73633
1.29051	-1.27415	-0.301355	1.8384
0.498862	-0.0949141	-1.09172	1.20405
0.498862	-0.0949141	-1.09172	1.20405
0.498862	-0.0949141	-1.09172	1.20405
0.498862	-0.0949141	-1.09172	1.20405
0.498862	-0.0949141	-1.09172	1.20405
0.498862	-0.0949141	-1.09172	1.20405
0.498862	-0.0949141	-1.09172	1.20405
1.47196	0.382372	-0.959182	1.79802
1.60649	0.564971	-0.945647	1.94788
2.30744	-0.176091	0.242389	2.32681
2.30744	-0.176091	0.242389	2.32681
1.7401	-1.36094	0.272449	2.22583
1.7401	-1.36094	0.272449	2.22583
1.7401	-1.36094	0.272449	2.22583
0.74067	-1.78074	-0.251524	1.94496
0.74067	-1.78074	-0.251524	1.94496
0.945673	-1.51225	-0.788501	1.95011
0.945673	-1.51225	-0.788501	1.95011
0.945673	-1.51225	-0.788501	1.95011
0.945673	-1.51225	-0.788501	1.95011
0.945673	-1.51225	-0.788501	1.95011
0.945673	-1.51225	-0.788501	1.95011
0.945673	-1.51225	-0.788501	1.95011
1.43634	-0.716699	-0.625654	1.72284
1.43634	-0.716699	-0.625654	1.72284
1.43634	-0.716699	-0.625654	1.72284
1.68029	-0.0632066	-0.193723	1.6926
1.55782	-1.18233	-0.865699	2.13873
1.55782	-1.18233	-0.865699	2.13873
1.55782	-1.18233	-0.865699	2.13873
1.55782	-1.18233	-0.865699	2.13873
2.40804	-0.509517	-0.616661	2.53743
1.89827	-0.0387073	-1.06104	2.17503
1.89827	-0.0387073	-1.06104	2.17503
1.0882	0.577058	-0.120498	1.23761
1.0882	0.577058	-0.120498	1.23761
0.850263	1.11151	-0.0418683	1.40005
0.850263	1.11151	-0.0418683	1.40005
-0.197408	2.01342	-0.801969	2.17623
-0.197408	2.01342	-0.801969	2.17623
-0.594001	1.61045	0.0760848	1.71819
-0.519875	0.579554	-0.0808555	0.782746
-0.519875	0.579554	-0.0808555	0.782746
-0.519875	0.579554	-0.0808555	0.782746
-0.519875	0.579554	-0.0808555	0.782746
-1.23099	0.413882	-0.82081	1.53635
-1.23099	0.413882	-0.82081	1.53635
-1.28934	-0.314316	-0.648494	1.47707
-0.203781	0.50361	-0.62183	0.825725
-0.53507	-0.438855	0.235309	0.730934
-0.53507	-0.438855	0.235309	0.730934
-0.53507	-0.438855	0.235309	0.730934
-0.53507	-0.438855	0.235309	0.730934
-0.53507	-0.438855	0.235309	0.730934
-0.53507	-0.438855	0.235309	0.730934
-0.0356926	-0.654719	0.596776	0.886607
-0.406691	-1.34132	-0.357535	1.44651
0.263375	-1.17334	-0.692688	1.38777
-0.125605	-0.215391	-1.24452	1.26926
-0.504423	0.882704	-0.346977	1.07424
0.214993	0.242129	-0.584874	0.668525
-0.924236	-0.309166	0.371776	1.04308
-0.858052	0.823968	0.397967	1.25441
-0.858052	0.823968	0.397967	1.25441
-0.858052	0.823968	0.397967	1.25441
-0.858052	0.823968	0.397967	1.25441
-0.858052	0.823968	0.397967	1.25441
-0.0752738	-0.09669	0.807135	0.816383
-0.681904	0.191226	-0.212017	0.739264
-0.243027	1.24258	-0.140384	1.27388
-0.243027	1.24258	-0.140384	1.27388
-0.243027	1.24258	-0.140384	1.27388
-0.243027	1.24258	-0.140384	1.27388
-0.243027	1.24258	-0.140384	1.27388
-0.532723	0.804859	0.631003	1.15315
-0.532723	0.804859	0.631003	1.15315
-0.532723	0.804859	0.631003	1.15315
-0.532723	0.804859	0.631003	1.15315
-0.639367	0.819964	-0.545756	1.1743
-0.639367	0.819964	-0.545756	1.1743
-0.639367	0.819964	-0.545756	1.1743
-0.639367	0.819964	-0.545756	1.1743
-0.874637	0.318574	-0.634527	1.12654
-0.874637	0.318574	-0.634527	1.12654
-0.909023	0.629072	-0.197093	1.1229
-1.84381	0.287879	-0.840598	2.04673
-1.16101	1.38822	0.31402	1.83676
-0.0876268	1.97089	-0.106108	1.97569
-0.0876268	1.97089	-0.106108	1.97569
-1.25155	1.65484	-1.19105	2.39238
-0.141756	1.07782	-0.318086	1.13269
-0.149082	0.0384668	-0.958128	0.97042
0.28165	0.636108	-0.639872	0.945196
0.28165	0.636108	-0.639872	0.945196
0.28165	0.636108	-0.639872	0.945196
0.721318	-0.498815	-0.419775	0.972279
-0.435501	-0.50186	0.590433	0.888896
-0.435501	-0.50186	0.590433	0.888896
-0.435501	-0.50186	0.590433	0.888896
-0.435501	-0.50186	0.590433	0.888896
-0.435501	-0.50186	0.590433	0.888896
0.157941	0.0373225	0.258869	0.305534
0.943323	0.10942	0.816222	1.25222
0.271875	0.750014	0.430711	0.906614
0.271875	0.750014	0.430711	0.906614
0.271875	0.750014	0.430711	0.906614
-0.758799	1.22024	-0.552309	1.53942
-0.758799	1.22024	-0.552309	1.53942
-0.255428	0.67028	-0.337607	0.792778
-0.255428	0.67028	-0.337607	0.792778
0.749446	-0.306226	0.15737	0.824748
0.749446	-0.306226	0.15737	0.824748
0.749446	-0.306226	0.15737	0.824748
0.749446	-0.306226	0.15737	0.824748
0.749446	-0.306226	0.15737	0.824748
-0.261413	-0.699836	0.246475	0.786674
-1.25136	0.0405927	0.471451	1.33784
-1.25136	0.0405927	0.471451	1.33784
-1.25136	0.0405927	0.471451	1.33784
-1.25136	0.0405927	0.471451	1.33784
-1.25136	0.0405927	0.471451	1.33784
-1.10762	-1.02839	0.874551	1.74621
-2.22982	-0.604648	0.086536	2.31197
-2.22982	-0.604648	0.086536	2.31197
-1.3685	0.588324	0.174623	1.49981
-1.35406	-0.484483	0.148925	1.44581
-0.384153	-1.25108	-0.988824	1.64029
-0.384153	-1.25108	-0.988824	1.64029
0.262174	-2.05891	-0.865853	2.2489
0.55707	-1.19509	0.239356	1.34009
0.55707	-1.19509	0.239356	1.34009
0.55707	-1.19509	0.239356	1.34009
0.55707	-1.19509	0.239356	1.34009
0.55707	-1.19509	0.239356	1.34009
0.0861639	-0.197714	-0.00447266	0.21572
0.0861639	-0.197714	-0.00447266	0.21572
-1.03996	0.934106	-0.288431	1.42733
-0.628094	1.00786	0.342669	1.23601
-0.628094	1.00786	0.342669	1.23601
-0.628094	1.00786	0.342669	1.23601
-0.543927	0.804021	-0.556481	1.11892
-0.543927	0.804021	-0.556481	1.11892
-0.543927	0.804021	-0.556481	1.11892
-0.869314	0.533606	-1.54551	1.85177
-0.869314	0.533606	-1.54551	1.85177
-1.3628	-0.46814	-1.9278	2.40682
-0.58286	0.484623	-2.99139	3.08594
-0.195639	-0.322136	-1.91209	1.94888
-0.0280113	-0.228979	-1.08639	1.11061
0.865304	0.286985	-0.55598	1.06781
0.060064	-0.748773	-1.43965	1.62384
0.900152	0.262019	-2.28972	2.47422
0.900152	0.262019	-2.28972	2.47422
0.900152	0.262019	-2.28972	2.47422
0.338617	0.574333	-1.68043	1.80786
-0.127753	1.17333	-2.01977	2.33934
-0.127753	1.17333	-2.01977	2.33934
0.334127	0.602917	-2.50492	2.59803
-0.767265	-0.124878	-1.91728	2.06888
-0.767265	-0.124878	-1.91728	2.06888
-0.646958	0.299778	-1.32239	1.50237
-0.164356	-0.733248	-0.137573	0.763932
-0.164356	-0.733248	-0.137573	0.763932
0.635968	-0.506227	-0.402865	0.907205
0.635968	-0.506227	-0.402865	0.907205
0.635968	-0.506227	-0.402865	0.907205
0.635968	-0.506227	-0.402865	0.907205
0.635968	-0.506227	-0.402865	0.907205
0.635968	-0.506227	-0.402865	0.907205
0.510344	-0.0389413	-0.094986	0.520567
0.510344	-0.0389413	-0.094986	0.520567
-0.553879	-0.977149	-0.298378	1.16217
-0.553879	-0.977149	-0.298378	1.16217
-0.738331	-0.701473	0.583699	1.17384
0.445308	-0.630611	0.022452	0.772318
1.09917	-0.715453	-0.470574	1.39337
1.09917	-0.715453	-0.470574	1.39337
1.31094	-0.168929	-0.392447	1.37881
1.31094	-0.168929	-0.392447	1.37881
0.839762	-0.0144979	-0.00370399	0.839895
1.30728	0.568594	1.08495	1.79147
1.95583	0.24795	1.4905	2.4715
1.57033	0.354731	1.69055	2.33447
0.415277	0.897736	1.28741	1.62352
0.0644648	-0.0150625	1.67805	1.67936
0.0644648	-0.0150625	1.67805	1.67936
0.139311	1.15564	1.05112	1.56836
0.465927	0.231185	0.48082	0.708324
0.465927	0.231185	0.48082	0.708324
0.609408	0.680933	0.936407	1.3084
0.609408	0.680933	0.936407	1.3084
0.609408	0.680933	0.936407	1.3084
-0.228014	0.0195093	1.40822	1.4267
-1.24355	-0.326426	0.745399	1.48614
-0.43367	-0.368787	-0.317295	0.651728
-0.43367	-0.368787	-0.317295	0.651728
-0.43367	-0.368787	-0.317295	0.651728
-0.703647	-1.27045	-1.08896	1.81521
-0.703647	-1.27045	-1.08896	1.81521
-0.712709	-1.52556	-0.637488	1.80047
0.356246	-0.594114	-1.4046	1.56613
-0.607673	-1.57559	-0.319451	1.71866
-0.681498	-0.889491	-0.466144	1.21364
-0.681498	-0.889491	-0.466144	1.21364
-0.681498	-0.889491	-0.466144	1.21364
-0.487797	-0.509483	0.0536643	0.707389
-0.38831	-0.715975	0.0330446	0.815167
-0.38831	-0.715975	0.0330446	0.815167
0.291251	-0.356388	0.590201	0.74845
0.291251	-0.356388	0.590201	0.74845
0.291251	-0.356388	0.590201	0.74845
0.291251	-0.356388	0.590201	0.74845
0.291251	-0.356388	0.590201	0.74845
0.62626	-1.02016	1.51453	1.93047
0.62626	-1.02016	1.51453	1.93047
1.3443	-2.09154	0.421496	2.52177
1.65914	-2.22645	-0.101277	2.7785
0.686913	-2.82551	0.983354	3.06958
1.65911	-1.90545	0.503456	2.57621
1.65911	-1.90545	0.503456	2.57621
1.21214	-1.60759	1.01772	2.25597
1.21214	-1.60759	1.01772	2.25597
1.21214	-1.60759	1.01772	2.25597
0.392592	-1.67272	0.727852	1.86598
-0.677294	-0.479399	0.354778	0.902451
-0.677294	-0.479399	0.354778	0.902451
0.052579	0.431499	-0.548537	0.699892
0.052579	0.431499	-0.548537	0.699892
0.478036	0.277866	0.460731	0.719723
-0.26406	-0.225165	-0.0743723	0.354906
0.0476866	0.406413	-0.488837	0.637501
0.119529	0.0910405	0.287662	0.324538
0.119529	0.0910405	0.287662	0.324538
-0.333417	-0.783019	0.0312634	0.851624
-0.333417	-0.783019	0.0312634	0.851624
-0.333417	-0.783019	0.0312634	0.851624
-0.333417	-0.783019	0.0312634	0.851624
0.608742	0.203288	0.418392	0.766124
0.608742	0.203288	0.418392	0.766124
0.608742	0.203288	0.418392	0.766124
0.375286	0.174077	0.664454	0.782714
0.375286	0.174077	0.664454	0.782714
-0.587741	-0.0193931	0.297098	0.65885
0.59722	0.102944	0.0890771	0.612539
0.745224	-0.443197	-0.0468661	0.86832
0.745224	-0.443197	-0.0468661	0.86832
0.745224	-0.443197	-0.0468661	0.86832
0.745224	-0.443197	-0.0468661	0.86832
-0.0471661	0.0582981	0.68271	0.686816
-0.0471661	0.0582981	0.68271	0.686816
-0.0471661	0.0582981	0.68271	0.686816
0.953091	-0.646138	1.39519	1.80899
0.953091	-0.646138	1.39519	1.80899
0.953091	-0.646138	1.39519	1.80899
1.21456	0.304769	0.489314	1.34442
1.61975	0.366304	0.78007	1.83474
1.61975	0.366304	0.78007	1.83474
0.662626	-0.741791	0.559624	1.14127
0.662626	-0.741791	0.559624	1.14127
0.662626	-0.741791	0.559624	1.14127
0.662626	-0.741791	0.559624	1.14127
0.242318	-0.120087	1.12535	1.15739
0.242318	-0.120087	1.12535	1.15739
0.242318	-0.120087	1.12535	1.15739
0.242318	-0.120087	1.12535	1.15739
0.242318	-0.120087	1.12535	1.15739
0.606426	0.41935	0.928694	1.18578
0.281203	-0.710222	0.0797579	0.768018
0.281203	-0.710222	0.0797579	0.768018
0.281203	-0.710222	0.0797579	0.768018
0.281203	-0.710222	0.0797579	0.768018
0.0323362	-0.605074	-0.087313	0.612196
0.0323362	-0.605074	-0.087313	0.612196
0.0323362	-0.605074	-0.087313	0.612196
0.0323362	-0.605074	-0.087313	0.612196
-0.170986	-1.21869	-0.563139	1.35336
0.90605	-0.207813	-0.503629	1.05724
0.90605	-0.207813	-0.503629	1.05724
0.093417	-1.0417	-0.446785	1.13731
-0.710987	-0.264998	-1.48224	1.66516
-0.0353935	-0.610892	-1.13602	1.29034
-0.0353935	-0.610892	-1.13602	1.29034
-0.0353935	-0.610892	-1.13602	1.29034
-0.0353935	-0.610892	-1.13602	1.29034
0.0196172	-0.68414	-1.20865	1.38898
0.0196172	-0.68414	-1.20865	1.38898
0.134322	-1.08758	-0.108057	1.10116
0.134322	-1.08758	-0.108057	1.10116
0.917655	-2.25202	-1.29708	2.7561
1.77939	-1.13466	-1.75616	2.7455
1.27696	-1.4356	-1.17597	2.25266
1.65159	-0.920515	-0.843566	2.07043
1.65159	-0.920515	-0.843566	2.07043
1.08909	-0.0290765	-1.12035	1.56274
1.04512	-0.248845	-0.57363	1.21789
2.10424	-1.13033	0.44153	2.42908
1.92212	-1.81766	0.727323	2.74362
1.92212	-1.81766	0.727323	2.74362
2.02724	-1.75703	1.07545	2.89023
2.18008	-1.15355	1.19804	2.74203
2.18008	-1.15355	1.19804	2.74203
2.18008	-1.15355	1.19804	2.74203
2.18008	-1.15355	1.19804	2.74203
1.19249	-1.81269	0.41779	2.20962
0.483182	-1.73108	-0.60753	1.89716
0.483182	-1.73108	-0.60753	1.89716
0.483182	-1.73108	-0.60753	1.89716
0.00648598	-1.14567	-1.64136	2.00166
0.00648598	-1.14567	-1.64136	2.00166
-0.203239	-0.546721	-1.49891	1.60839
-0.7147	-0.404043	-1.4733	1.68661
0.280023	-0.151106	-0.427371	0.532815
0.280023	-0.151106	-0.427371	0.532815
0.333504	0.183657	-0.858192	0.938855
0.333504	0.183657	-0.858192	0.938855
-0.451219	-0.280042	-0.321892	0.620996
-0.451219	-0.280042	-0.321892	0.620996
-0.451219	-0.280042	-0.321892	0.620996
0.190685	-0.475349	0.0625925	0.51598
0.190685	-0.475349	0.0625925	0.51598
-0.93782	0.509526	0.740995	1.29931
-1.00783	-0.186285	0.912321	1.37213
-1.00783	-0.186285	0.912321	1.37213
-1.69627	-0.139057	0.532768	1.7834
-1.82904	-0.319314	0.53066	1.93105
-0.679436	0.798062	1.16009	1.56344
-0.534643	-0.278677	1.04522	1.20664
-0.534643	-0.278677	1.04522	1.20664
0.40364	-0.420234	0.0876421	0.589239
0.105532	0.509759	0.335064	0.61908
0.105532	0.509759	0.335064	0.61908
0.105532	0.509759	0.335064	0.61908
0.449689	-0.402802	1.14543	1.29479
-0.672172	-0.640864	1.03195	1.38833
-0.672172	-0.640864	1.03195	1.38833
-1.3299	0.302382	0.343126	1.40635
-1.3299	0.302382	0.343126	1.40635
-1.3299	0.302382	0.343126	1.40635
-0.41461	-0.420029	0.626368	0.860618
-0.390911	0.147954	1.34305	1.40658
-0.390911	0.147954	1.34305	1.40658
-0.876778	1.18738	0.428377	1.53692
-0.517573	2.06715	-0.241523	2.1446
-0.517573	2.06715	-0.241523	2.1446
0.377961	1.19366	-1.21686	1.74597
0.4742	0.237665	-2.06804	2.13498
0.683723	0.299378	-1.52392	1.69689
1.24794	-0.160711	-1.44444	1.91562
0.0585323	-1.06372	-1.14108	1.56108
0.624266	-2.1477	-1.15593	2.51764
0.624266	-2.1477	-1.15593	2.51764
0.883301	-1.19108	-0.258131	1.50516
0.399646	-0.831029	0.366953	0.992461
0.757011	-0.201628	0.666626	1.02864
0.348999	-1.1014	0.496288	1.25746
-0.451412	-0.417232	1.21287	1.35974
-0.451412	-0.417232	1.21287	1.35974
0.211979	0.711516	1.30724	1.50336
1.00922	1.4857	0.552795	1.8792
0.324608	2.38842	-0.0396637	2.4107
0.188552	1.35912	0.98902	1.69142
0.188552	1.35912	0.98902	1.69142
0.286178	1.34066	1.291	1.88307
0.286178	1.34066	1.291	1.88307
-0.772909	0.32354	0.731435	1.11223
-0.772909	0.32354	0.731435	1.11223
-0.0390974	-0.38054	0.0225045	0.383205
-0.0390974	-0.38054	0.0225045	0.383205
-0.0390974	-0.38054	0.0225045	0.383205
-0.0390974	-0.38054	0.0225045	0.383205
-0.0621897	0.651439	-0.24739	0.699601
-0.0621897	0.651439	-0.24739	0.699601
-0.0621897	0.651439	-0.24739	0.699601
-0.220791	1.06539	0.626627	1.25558
-0.220791	1.06539	0.626627	1.25558
0.359661	0.4093	0.51855	0.752181
0.516827	1.26186	0.541718	1.46727
0.804448	0.305329	0.692925	1.10477
-0.388962	0.691828	0.0299289	0.794237
-0.388962	0.691828	0.0299289	0.794237
-0.388962	0.691828	0.0299289	0.794237
-0.388962	0.691828	0.0299289	0.794237
-0.388962	0.691828	0.0299289	0.794237
-0.388962	0.691828	0.0299289	0.794237
-0.388962	0.691828	0.0299289	0.794237
-0.388962	0.691828	0.0299289	0.794237
0.263194	-0.132694	-0.807303	0.859428
-0.0139719	0.602543	-1.33081	1.46093
0.251926	1.7024	-1.03132	2.00631
-0.183439	2.31971	-0.660904	2.41899
-0.183439	2.31971	-0.660904	2.41899
0.928083	2.23382	-1.45165	2.82109
0.00472135	1.9922	-1.9281	2.77245
0.452025	1.5897	-2.03714	2.62324
0.452025	1.5897	-2.03714	2.62324
1.1645	2.26388	-2.78784	3.77535
1.1645	2.26388	-2.78784	3.77535
0.546117	2.32803	-3.20366	3.99767
1.37068	1.65677	-3.22898	3.87942
1.37068	1.65677	-3.22898	3.87942
1.37068	1.65677	-3.22898	3.87942
1.37068	1.65677	-3.22898	3.87942
1.37068	1.65677	-3.22898	3.87942
0.488969	2.64815	-2.78188	3.87178
0.982776	1.89811	-2.88962	3.59424
0.982776	1.89811	-2.88962	3.59424
-0.212922	2.11896	-2.90064	3.59848
-0.957644	0.969404	-2.99524	3.29064
-0.957644	0.969404	-2.99524	3.29064
-0.957644	0.969404	-2.99524	3.29064
-0.791448	1.32479	-3.047	3.4155
-0.791448	1.32479	-3.047	3.4155
0.298481	2.09893	-2.54439	3.31188
1.36223	1.34492	-2.25452	2.95759
1.36223	1.34492	-2.25452	2.95759
2.46141	0.690605	-1.49975	2.96391
2.57603	0.12488	-0.593191	2.6464
2.09595	1.04108	-0.241749	2.35272
3.13053	0.760836	-0.281416	3.23393
2.63672	0.931759	-1.34274	3.10216
2.63672	0.931759	-1.34274	3.10216
3.27965	0.33232	-2.15973	3.94094
2.38267	-0.229443	-2.22092	3.26531
1.84489	-0.645693	-2.53709	3.20271
1.84489	-0.645693	-2.53709	3.20271
0.993097	0.345405	-3.29954	3.46302
0.993097	0.345405	-3.29954	3.46302
0.993097	0.345405	-3.29954	3.46302
0.993097	0.345405	-3.29954	3.46302
0.993097	0.345405	-3.29954	3.46302
-0.20641	1.41827	-3.32293	3.61884
-0.58617	0.97313	-2.94775	3.15908
-0.572328	0.457654	-2.43093	2.53898
-0.572328	0.457654	-2.43093	2.53898
-0.0562058	0.558927	-1.67526	1.76694
0.19851	0.461332	-0.924241	1.05188
0.19851	0.461332	-0.924241	1.05188
0.19851	0.461332	-0.924241	1.05188
-0.271247	0.651274	-0.131417	0.717638
-0.271247	0.651274	-0.131417	0.717638
0.20699	-0.409482	0.028478	0.459707
0.20699	-0.409482	0.028478	0.459707
-0.0382916	-0.262554	0.00389366	0.26536
-0.0382916	-0.262554	0.00389366	0.26536
-0.0382916	-0.262554	0.00389366	0.26536
-0.0382916	-0.262554	0.00389366	0.26536
-0.0382916	-0.262554	0.00389366	0.26536
-0.0382916	-0.262554	0.00389366	0.26536
-0.0382916	-0.262554	0.00389366	0.26536
0.190678	-0.609883	-0.425439	0.767668
-0.153257	-1.15553	0.13891	1.1739
0.181833	-0.865862	0.301475	0.934701
-0.61947	-0.447683	-0.273044	0.811613
-0.61947	-0.447683	-0.273044	0.811613
0.154106	0.168077	0.0423132	0.231925
0.154106	0.168077	0.0423132	0.231925
0.154106	0.168077	0.0423132	0.231925
0.154106	0.168077	0.0423132	0.231925
-0.669289	0.371047	-0.0710757	0.768554
-0.669289	0.371047	-0.0710757	0.768554
-0.669289	0.371047	-0.0710757	0.768554
-0.975083	0.777077	0.377834	1.30284
-0.950605	1.19	-0.0804445	1.52519
-0.950605	1.19	-0.0804445	1.52519
-0.950605	1.19	-0.0804445	1.52519
-0.950605	1.19	-0.0804445	1.52519
0.141633	1.30459	0.706447	1.49033
0.141633	1.30459	0.706447	1.49033
0.141633	1.30459	0.706447	1.49033
0.141633	1.30459	0.706447	1.49033
0.631953	0.490003	0.74079	1.09006
-0.0281679	-0.495292	0.162362	0.521986
0.311931	0.656514	0.924814	1.17626
-0.31026	1.59311	0.393491	1.67006
0.445694	0.670728	0.14905	0.818984
0.445694	0.670728	0.14905	0.818984
0.445694	0.670728	0.14905	0.818984
1.33336	0.669177	-0.765785	1.67693
1.33336	0.669177	-0.765785	1.67693
1.33336	0.669177	-0.765785	1.67693
0.869521	0.0365755	0.0721894	0.873279
0.0875579	-0.0706131	0.867734	0.874995
0.0875579	-0.0706131	0.867734	0.874995
0.0875579	-0.0706131	0.867734	0.874995
0.0494229	-0.726027	0.61562	0.953176
0.0443361	-1.26551	-0.171277	1.27781
0.0443361	-1.26551	-0.171277	1.27781
0.176975	-0.192567	-0.307688	0.403825
0.176975	-0.192567	-0.307688	0.403825
0.372663	0.87907	-0.204719	0.9765
0.372663	0.87907	-0.204719	0.9765
-0.326275	0.286706	-0.347082	0.555987
-0.757677	0.505033	0.206088	0.933598
-0.757677	0.505033	0.206088	0.933598
-0.757677	0.505033	0.206088	0.933598
-0.757677	0.505033	0.206088	0.933598
0.280121	-0.503184	0.471798	0.744483
-0.302289	-1.10727	0.64604	1.31711
-0.302289	-1.10727	0.64604	1.31711
0.120598	-0.588428	0.257506	0.65353
0.120598	-0.588428	0.257506	0.65353
0.120598	-0.588428	0.257506	0.65353
-0.431285	0.527464	0.938506	1.15975
-0.431285	0.527464	0.938506	1.15975
-0.431285	0.527464	0.938506	1.15975
-0.941311	0.52896	0.0713961	1.08211
-0.941311	0.52896	0.0713961	1.08211
-0.941311	0.52896	0.0713961	1.08211
-0.313122	-0.401411	0.486766	0.704356
-0.996429	-0.565993	-0.497282	1.2492
-0.566985	-0.617431	0.565826	1.01136
-0.615272	-0.703772	0.90502	1.30112
-0.615272	-0.703772	0.90502	1.30112
-0.944562	-0.422694	0.546353	1.1702
-0.944562	-0.422694	0.546353	1.1702
-0.944562	-0.422694	0.546353	1.1702
-0.944562	-0.422694	0.546353	1.1702
-0.944562	-0.422694	0.546353	1.1702
-0.234838	-0.658739	0.302668	0.762033
-0.234838	-0.658739	0.302668	0.762033
-0.234838	-0.658739	0.302668	0.762033
0.0112032	-0.764711	-0.813413	1.11649
-1.03679	-0.819728	-0.338266	1.3643
-0.74113	-0.977357	-0.148652	1.23556
-0.74113	-0.977357	-0.148652	1.23556
0.260446	-1.12339	0.57233	1.2874
1.4195	-0.871727	0.16206	1.67366
1.4195	-0.871727	0.16206	1.67366
1.4195	-0.871727	0.16206	1.67366
1.4195	-0.871727	0.16206	1.67366
1.4195	-0.871727	0.16206	1.67366
1.578	-0.90761	-0.599328	1.91652
1.578	-0.90761	-0.599328	1.91652
1.578	-0.90761	-0.599328	1.91652
1.578	-0.90761	-0.599328	1.91652
1.92266	-0.299354	0.395377	1.98559
1.92266	-0.299354	0.395377	1.98559
1.92266	-0.299354	0.395377	1.98559
0.777947	0.062113	0.913804	1.20171
0.777947	0.062113	0.913804	1.20171
0.518852	-1.12621	0.485502	1.33164
0.286383	-0.172203	0.851763	0.91497
-0.0404498	-0.63126	-0.0954007	0.639708
-1.00178	-0.906267	0.269325	1.37747
-1.00178	-0.906267	0.269325	1.37747
-1.77982	-0.451937	0.685936	1.96024
-1.16995	0.0274266	1.55001	1.94218
-1.62192	0.601886	0.438626	1.78474
-1.62192	0.601886	0.438626	1.78474
-1.77705	0.349572	-0.250499	1.82835
-1.77705	0.349572	-0.250499	1.82835
-1.77705	0.349572	-0.250499	1.82835
-1.48526	0.472063	0.928725	1.81421
-0.547014	0.868346	0.631951	1.20524
-0.547014	0.868346	0.631951	1.20524
0.465453	-0.00253309	0.648475	0.798231
0.357899	-0.227068	0.272468	0.503875
0.372809	-0.514708	-0.29905	0.702383
0.372809	-0.514708	-0.29905	0.702383
0.372809	-0.514708	-0.29905	0.702383
-0.773967	-0.235779	-1.20769	1.45366
-1.68238	0.0300828	-1.53253	2.27595
-1.37091	1.22961	-0.90644	2.05255
-1.37091	1.22961	-0.90644	2.05255
-1.37091	1.22961	-0.90644	2.05255
-1.37091	1.22961	-0.90644	2.05255
-1.37091	1.22961	-0.90644	2.05255
-1.24803	0.378641	-0.660765	1.46204
-0.440191	1.38909	-1.78878	2.30718
0.282775	0.469258	-1.89314	1.97082
0.282775	0.469258	-1.89314	1.97082
0.796519	-0.0515829	-2.88054	2.98908
0.951709	0.71218	-3.65395	3.84243
1.74924	0.0493443	-4.00839	4.37372
2.81971	0.347817	-4.80549	5.58251
1.84707	1.22833	-4.59395	5.10146
1.76976	1.10726	-3.88366	4.40918
2.5113	0.272477	-3.98045	4.71432
1.61971	-0.314888	-4.43995	4.73665
1.61971	-0.314888	-4.43995	4.73665
1.53994	-1.20962	-3.84607	4.31589
1.53994	-1.20962	-3.84607	4.31589
1.53994	-1.20962	-3.84607	4.31589
1.53994	-1.20962	-3.84607	4.31589
0.716489	-0.219428	-2.91062	3.00553
0.716489	-0.219428	-2.91062	3.00553
0.716489	-0.219428	-2.91062	3.00553
1.08953	-0.964861	-2.10704	2.5608
0.477411	-0.607875	-1.40196	1.60092
0.477411	-0.607875	-1.40196	1.60092
0.300828	-0.19108	-1.78623	1.82143
0.300828	-0.19108	-1.78623	1.82143
0.300828	-0.19108	-1.78623	1.82143
0.300828	-0.19108	-1.78623	1.82143
0.300828	-0.19108	-1.78623	1.82143
1.29818	-0.882725	-0.838846	1.77993
1.3622	-0.958669	-0.174861	1.67488
0.270609	-0.518493	0.706056	0.916831
0.270609	-0.518493	0.706056	0.916831
0.270609	-0.518493	0.706056	0.916831
1.25375	-0.550681	0.980988	1.68448
1.25375	-0.550681	0.980988	1.68448
0.484093	-0.157839	1.27515	1.37305
0.484093	-0.157839	1.27515	1.37305
0.484093	-0.157839	1.27515	1.37305
0.484093	-0.157839	1.27515	1.37305
-0.677912	-0.0635218	1.61131	1.74926
-0.677912	-0.0635218	1.61131	1.74926
-0.677912	-0.0635218	1.61131	1.74926
-0.904152	-0.139183	1.1537	1.47237
-0.904152	-0.139183	1.1537	1.47237
-1.00819	-0.561086	1.82428	2.15853
-0.425917	-1.5132	0.665452	1.70705
-0.425917	-1.5132	0.665452	1.70705
-0.352266	-1.62288	1.70642	2.38112
0.628457	-2.81175	0.836824	3.00019
0.132441	-1.89633	-0.10462	1.90383
1.02098	-0.845669	0.929889	1.61934
-0.0479387	-1.6127	-0.114783	1.61749
-0.0479387	-1.6127	-0.114783	1.61749
0.0828196	-2.40807	0.0965735	2.41143
1.00577	-2.27894	0.501133	2.54092
1.51108	-1.72217	0.229599	2.3026
1.51108	-1.72217	0.229599	2.3026
1.51108	-1.72217	0.229599	2.3026
1.51108	-1.72217	0.229599	2.3026
1.4495	-1.84121	-0.672613	2.43793
0.709054	-2.51039	0.497558	2.65564
-0.26127	-2.84675	-0.35607	2.8808
-0.149475	-1.96203	0.193202	1.97718
-0.047322	-1.52078	1.09307	1.87345
0.0548979	-0.984841	-0.0345144	0.986974
-0.634336	-0.561503	0.348723	0.91612
-0.634336	-0.561503	0.348723	0.91612
-0.634336	-0.561503	0.348723	0.91612
-0.634336	-0.561503	0.348723	0.91612
-0.634336	-0.561503	0.348723	0.91612
-0.634336	-0.561503	0.348723	0.91612
-0.634336	-0.561503	0.348723	0.91612
-0.634336	-0.561503	0.348723	0.91612
-0.634336	-0.561503	0.348723	0.91612
-0.634336	-0.561503	0.348723	0.91612
-0.634336	-0.561503	0.348723	0.91612
-0.634336	-0.561503	0.348723	0.91612
-0.634336	-0.561503	0.348723	0.91612
0.0730683	0.588773	0.893904	1.07287
-0.0519157	0.264273	-0.244512	0.363761
-0.0519157	0.264273	-0.244512	0.363761
-0.0519157	0.264273	-0.244512	0.363761
-0.0519157	0.264273	-0.244512	0.363761
-0.0519157	0.264273	-0.244512	0.363761
-0.0519157	0.264273	-0.244512	0.363761
-0.0519157	0.264273	-0.244512	0.363761
-0.0519157	0.264273	-0.244512	0.363761
-0.0519157	0.264273	-0.244512	0.363761
-0.0519157	0.264273	-0.244512	0.363761
-0.518214	-0.752956	0.637755	1.11455
-0.518214	-0.752956	0.637755	1.11455
-1.45192	-0.440301	0.37238	1.56225
-0.496054	0.515764	0.102389	0.722887
-0.496054	0.515764	0.102389	0.722887
0.345276	-0.612441	0.888669	1.13315
0.684144	0.237843	-0.293118	0.781371
0.684144	0.237843	-0.293118	0.781371
0.684144	0.237843	-0.293118	0.781371
0.354464	-0.960753	0.144701	1.03423
0.354464	-0.960753	0.144701	1.03423
0.926991	-0.21525	0.604741	1.12754
0.936105	0.959368	1.21317	1.80789
-0.174573	0.668683	1.92671	2.04691
-0.174573	0.668683	1.92671	2.04691
-0.174573	0.668683	1.92671	2.04691
-1.3741	0.544305	0.967289	1.76637
-1.3741	0.544305	0.967289	1.76637
-0.986624	-0.624368	0.760081	1.39319
-0.97007	0.320614	0.999384	1.42919
-0.97007	0.320614	0.999384	1.42919
-1.32364	-0.751773	0.221554	1.53827
-0.88885	-0.321818	0.124287	0.95345
0.213334	0.783763	-0.464525	0.935724
-0.245712	0.100205	0.228651	0.35028
-0.245712	0.100205	0.228651	0.35028
-0.245712	0.100205	0.228651	0.35028
-0.245712	0.100205	0.228651	0.35028
-0.0330322	0.768273	-0.56895	0.956576
-0.0330322	0.768273	-0.56895	0.956576
-0.0330322	0.768273	-0.56895	0.956576
-0.0330322	0.768273	-0.56895	0.956576
-0.848322	1.58211	-0.114792	1.79886
-1.11358	1.09242	-0.930404	1.81634
-0.767412	0.0469926	-0.202565	0.795086
0.31966	0.712351	-0.697194	1.04676
-0.819033	0.863149	-1.10719	1.62534
-0.819033	0.863149	-1.10719	1.62534
-0.819033	0.863149	-1.10719	1.62534
-0.819033	0.863149	-1.10719	1.62534
0.0857332	0.567548	-0.33902	0.66663
0.0857332	0.567548	-0.33902	0.66663
-0.622853	0.355344	0.336851	0.792265
0.137067	0.289759	-0.851337	0.909683
-0.00743954	-0.166495	-0.53599	0.561303
-0.231588	1.01241	-1.54445	1.86116
-0.268761	0.914372	-1.27619	1.59279
-0.885201	-0.0980167	-1.24111	1.52759
-0.885201	-0.0980167	-1.24111	1.52759
-1.16975	1.0778	-1.47671	2.1704
-1.16975	1.0778	-1.47671	2.1704
-1.16975	1.0778	-1.47671	2.1704
-0.85028	0.108193	-1.62797	1.83982
-0.85028	0.108193	-1.62797	1.83982
0.294452	0.704923	-2.30162	2.42509
-0.423768	0.120083	-2.50034	2.53884
-0.423768	0.120083	-2.50034	2.53884
-0.423768	0.120083	-2.50034	2.53884
-0.423768	0.120083	-2.50034	2.53884
0.0284165	0.679995	-2.53217	2.62204
0.0284165	0.679995	-2.53217	2.62204
1.17837	-0.352229	-2.49484	2.78152
0.394002	-0.806912	-3.18734	3.31142
0.394002	-0.806912	-3.18734	3.31142
0.86446	-0.36232	-2.96439	3.10905
-0.0233349	0.164825	-3.52878	3.5327
-0.0233349	0.164825	-3.52878	3.5327
-0.0233349	0.164825	-3.52878	3.5327
1.02943	-0.655526	-3.39045	3.60342
1.06115	-1.26441	-2.7304	3.19059
0.985702	-1.44331	-2.21287	2.81985
0.985702	-1.44331	-2.21287	2.81985
0.985702	-1.44331	-2.21287	2.81985
1.8087	-0.334836	-2.17171	2.84602
1.8087	-0.334836	-2.17171	2.84602
1.8087	-0.334836	-2.17171	2.84602
0.807636	-0.544025	-1.52006	1.80522
0.807636	-0.544025	-1.52006	1.80522
0.807636	-0.544025	-1.52006	1.80522
0.807636	-0.544025	-1.52006	1.80522
0.973573	-1.37656	-0.910271	1.91608
0.64432	-0.859353	-0.0286804	1.07446
0.64432	-0.859353	-0.0286804	1.07446
-0.521029	-0.0307562	0.392702	0.653171
-0.521029	-0.0307562	0.392702	0.653171
-0.521029	-0.0307562	0.392702	0.653171
-0.32998	-0.691498	-0.19845	0.791479
-0.32998	-0.691498	-0.19845	0.791479
-0.346962	0.142363	-0.897601	0.972798
-0.355545	-0.456313	-0.00844019	0.578537
-0.621691	0.275202	-0.702394	0.977544
-0.621691	0.275202	-0.702394	0.977544
-0.737569	-0.345071	0.320554	0.875121
-0.425091	-0.710015	1.03407	1.32443
-0.425091	-0.710015	1.03407	1.32443
-0.425091	-0.710015	1.03407	1.32443
-0.425091	-0.710015	1.03407	1.32443
-0.425091	-0.710015	1.03407	1.32443
-0.425091	-0.710015	1.03407	1.32443
0.678684	-0.773612	0.00402061	1.02913
0.220096	-1.45268	0.444852	1.53513
0.220096	-1.45268	0.444852	1.53513
0.220096	-1.45268	0.444852	1.53513
0.552941	-0.444469	1.47829	1.63971
1.30421	0.219184	0.446366	1.39579
1.00843	-0.138496	1.34791	1.68908
0.238815	-0.557713	1.36313	1.49205
0.238815	-0.557713	1.36313	1.49205
0.238815	-0.557713	1.36313	1.49205
0.238815	-0.557713	1.36313	1.49205
0.238815	-0.557713	1.36313	1.49205
1.24503	-1.44436	2.20385	2.91431
0.895055	-1.11225	2.63493	2.99684
0.199766	-0.0961439	3.23797	3.24555
0.199766	-0.0961439	3.23797	3.24555
0.199766	-0.0961439	3.23797	3.24555
0.199766	-0.0961439	3.23797	3.24555
-0.759178	0.886312	3.09218	3.30506
-0.336461	1.35799	2.42235	2.79734
0.239615	1.30426	2.2514	2.61292
0.347928	1.2401	1.60632	2.05893
-0.0367903	0.391572	0.978162	1.05427
-0.0367903	0.391572	0.978162	1.05427
-0.236155	-0.552889	0.12598	0.614269
-0.236155	-0.552889	0.12598	0.614269
-0.236155	-0.552889	0.12598	0.614269
0.098958	0.192258	-0.493764	0.539034
-0.272003	-0.0256815	0.66949	0.723093
-0.272003	-0.0256815	0.66949	0.723093
0.24667	-0.864554	1.57289	1.81171
-0.618229	-1.03338	1.91245	2.25999
-1.38714	-0.969077	1.55573	2.2986
-0.866601	-0.0357104	0.857961	1.21999
-1.1498	0.443059	1.07283	1.6338
-1.48887	-0.107253	0.478844	1.56765
-1.48887	-0.107253	0.478844	1.56765
-1.48887	-0.107253	0.478844	1.56765
-1.48887	-0.107253	0.478844	1.56765
-1.99279	-0.781924	0.517017	2.20226
-1.99279	-0.781924	0.517017	2.20226
-0.997556	-1.91255	-0.196113	2.16597
-0.997556	-1.91255	-0.196113	2.16597
-2.03909	-1.85516	0.765197	2.86095
-1.15462	-1.35195	-0.424591	1.82789
-1.20172	-1.26468	0.603434	1.84599
-1.20172	-1.26468	0.603434	1.84599
-1.20172	-1.26468	0.603434	1.84599
-1.56016	-0.97355	0.223204	1.85249
-0.552318	-1.89735	-0.244249	1.99114
0.456334	-1.04551	-0.326752	1.18663
0.456334	-1.04551	-0.326752	1.18663
0.456334	-1.04551	-0.326752	1.18663
1.59384	-0.312845	-0.49487	1.69797
0.95246	-1.13847	0.247718	1.50488
0.95246	-1.13847	0.247718	1.50488
0.757569	-1.99241	1.08914	2.39371
0.757569	-1.99241	1.08914	2.39371
0.757569	-1.99241	1.08914	2.39371
0.757569	-1.99241	1.08914	2.39371
1.19116	-1.98612	0.612891	2.39566
1.35454	-2.57508	0.366412	2.93259
0.998086	-1.72977	-0.203285	2.00739
-0.15133	-0.670553	0.656718	0.950695
-0.15133	-0.670553	0.656718	0.950695
-0.15133	-0.670553	0.656718	0.950695
-0.15133	-0.670553	0.656718	0.950695
-0.15133	-0.670553	0.656718	0.950695
0.563906	-0.186628	-0.101096	0.602528
0.0334864	0.20189	0.0771475	0.218707
0.0334864	0.20189	0.0771475	0.218707
0.0334864	0.20189	0.0771475	0.218707
0.0334864	0.20189	0.0771475	0.218707
0.0334864	0.20189	0.0771475	0.218707
0.0334864	0.20189	0.0771475	0.218707
0.0334864	0.20189	0.0771475	0.218707
0.0334864	0.20189	0.0771475	0.218707
0.0334864	0.20189	0.0771475	0.218707
0.0334864	0.20189	0.0771475	0.218707
0.0334864	0.20189	0.0771475	0.218707
0.448614	-0.333029	0.0712203	0.563236
-0.133435	0.109215	0.666615	0.688555
-0.133435	0.109215	0.666615	0.688555
-0.133435	0.109215	0.666615	0.688555
0.0841051	0.464721	0.384818	0.6092
0.335174	-0.274506	0.0939673	0.443311
0.335174	-0.274506	0.0939673	0.443311
0.335174	-0.274506	0.0939673	0.443311
0.335174	-0.274506	0.0939673	0.443311
0.335174	-0.274506	0.0939673	0.443311
0.335174	-0.274506	0.0939673	0.443311
0.335174	-0.274506	0.0939673	0.443311
0.335174	-0.274506	0.0939673	0.443311
0.335174	-0.274506	0.0939673	0.443311
0.335174	-0.274506	0.0939673	0.443311
0.335174	-0.274506	0.0939673	0.443311
0.335174	-0.274506	0.0939673	0.443311
-0.199631	0.333138	-0.231631	0.452202
-0.199631	0.333138	-0.231631	0.452202
-0.199631	0.333138	-0.231631	0.452202
-0.199631	0.333138	-0.231631	0.452202
-0.199631	0.333138	-0.231631	0.452202
-0.199631	0.333138	-0.231631	0.452202
-0.199631	0.333138	-0.231631	0.452202
0.428469	0.774476	-0.145285	0.896943
0.428469	0.774476	-0.145285	0.896943
0.428469	0.774476	-0.145285	0.896943
0.995381	1.86117	0.810543	2.26091
1.77311	0.921969	1.15537	2.30842
2.01983	0.155161	0.809317	2.18146
1.17513	-0.374428	-0.296228	1.26842
0.868045	-0.78796	-0.256476	1.20007
1.6959	0.151471	0.477632	1.76837
1.05241	0.168184	-0.65784	1.25244
1.05241	0.168184	-0.65784	1.25244
1.05241	0.168184	-0.65784	1.25244
0.0687984	0.112013	-1.16956	1.17692
-0.518993	-0.820631	-0.0645096	0.973113
-0.518993	-0.820631	-0.0645096	0.973113
-0.518993	-0.820631	-0.0645096	0.973113
-0.518993	-0.820631	-0.0645096	0.973113
-0.565315	0.188356	-1.04957	1.20692
-0.565315	0.188356	-1.04957	1.20692
0.555425	0.428098	-0.419779	0.8173
-0.157004	0.160521	0.0960524	0.24422
-0.157004	0.160521	0.0960524	0.24422
-0.157004	0.160521	0.0960524	0.24422
-0.157004	0.160521	0.0960524	0.24422
-0.157004	0.160521	0.0960524	0.24422
-0.157004	0.160521	0.0960524	0.24422
-0.157004	0.160521	0.0960524	0.24422
-0.157004	0.160521	0.0960524	0.24422
-0.157004	0.160521	0.0960524	0.24422
-0.157004	0.160521	0.0960524	0.24422
-0.157004	0.160521	0.0960524	0.24422
-0.648539	0.248445	0.835222	1.08624
-0.648539	0.248445	0.835222	1.08624
-0.648539	0.248445	0.835222	1.08624
-0.648539	0.248445	0.835222	1.08624
-0.00311482	-0.276346	1.42023	1.44686
-0.00311482	-0.276346	1.42023	1.44686
-0.00311482	-0.276346	1.42023	1.44686
0.229526	0.512393	0.394174	0.686005
0.229526	0.512393	0.394174	0.686005
0.918826	0.624683	0.290724	1.14847
0.918826	0.624683	0.290724	1.14847
0.918826	0.624683	0.290724	1.14847
0.918826	0.624683	0.290724	1.14847
0.918826	0.624683	0.290724	1.14847
0.0567532	0.426721	-0.823092	0.928866
-0.213906	-0.382463	-0.82173	0.931275
0.536838	0.318912	0.150592	0.642323
0.536838	0.318912	0.150592	0.642323
0.536838	0.318912	0.150592	0.642323
0.503898	0.823468	0.641639	1.15919
0.844935	1.27439	-0.165381	1.53797
0.844935	1.27439	-0.165381	1.53797
1.53645	0.712414	-1.0799	2.00858
1.53645	0.712414	-1.0799	2.00858
0.675633	0.261024	-0.0844734	0.729211
0.675633	0.261024	-0.0844734	0.729211
0.587823	-0.0652434	-0.743565	0.950096
0.437802	-0.364031	-1.85219	1.93773
0.437802	-0.364031	-1.85219	1.93773
0.437802	-0.364031	-1.85219	1.93773
0.437802	-0.364031	-1.85219	1.93773
0.333855	-0.605907	-1.1861	1.3731
0.345513	-0.0285105	-0.314577	0.468135
-0.118616	-0.616394	-1.33138	1.47193
-0.118616	-0.616394	-1.33138	1.47193
0.420321	-0.593291	-1.45789	1.62914
0.733824	-0.403119	-1.28158	1.53083
0.733824	-0.403119	-1.28158	1.53083
0.80317	0.121622	-0.18859	0.83393
0.80317	0.121622	-0.18859	0.83393
0.166641	-0.6471	-0.652504	0.933954
0.166641	-0.6471	-0.652504	0.933954
1.13574	-0.0816261	-0.70128	1.33729
1.13574	-0.0816261	-0.70128	1.33729
1.13574	-0.0816261	-0.70128	1.33729
0.317911	0.471551	0.060545	0.571921
0.317911	0.471551	0.060545	0.571921
0.317911	0.471551	0.060545	0.571921
0.285081	-0.204615	0.122115	0.371551
0.285081	-0.204615	0.122115	0.371551
0.285081	-0.204615	0.122115	0.371551
0.285081	-0.204615	0.122115	0.371551
0.285081	-0.204615	0.122115	0.371551
0.285081	-0.204615	0.122115	0.371551
0.158587	0.0104231	0.402372	0.432622
0.158587	0.0104231	0.402372	0.432622
-0.911026	-0.140996	0.518849	1.05785
0.27865	0.375243	-0.172325	0.498146
0.369389	-0.356385	0.419238	0.662736
0.217643	-0.29609	-0.117378	0.385766
0.217643	-0.29609	-0.117378	0.385766
0.217643	-0.29609	-0.117378	0.385766
1.14655	-0.227466	0.178959	1.18252
0.570537	-0.51734	-0.680554	1.02777
-0.359548	-0.406861	-0.508675	0.744017
0.154439	0.275967	-0.798701	0.85903
0.154439	0.275967	-0.798701	0.85903
-0.554904	0.241256	-0.276011	0.66506
-0.554904	0.241256	-0.276011	0.66506
-0.554904	0.241256	-0.276011	0.66506
-0.554904	0.241256	-0.276011	0.66506
-0.554904	0.241256	-0.276011	0.66506
-0.554904	0.241256	-0.276011	0.66506
0.197367	1.04973	0.292273	1.10738
0.318451	0.388556	1.1411	1.2468
1.31127	0.113094	1.10858	1.7208
1.31127	0.113094	1.10858	1.7208
0.515699	0.0165617	1.38802	1.48082
0.515699	0.0165617	1.38802	1.48082
0.515699	0.0165617	1.38802	1.48082
0.515699	0.0165617	1.38802	1.48082
-0.0931131	0.522112	1.46193	1.55515
-0.894334	-0.355284	1.08315	1.44889
-0.894334	-0.355284	1.08315	1.44889
0.0286016	0.738453	0.473304	0.877581
0.0286016	0.738453	0.473304	0.877581
-0.504247	0.476923	0.135511	0.707166
-0.141988	-0.3181	-0.796451	0.869301
-0.141988	-0.3181	-0.796451	0.869301
0.809541	-0.531011	-0.65661	1.16981
0.809541	-0.531011	-0.65661	1.16981
0.809541	-0.531011	-0.65661	1.16981
1.64357	0.0785717	-0.0126521	1.6455
0.798366	1.0262	-1.1538	1.73831
0.551252	2.1678	-0.571923	2.30875
0.551252	2.1678	-0.571923	2.30875
1.381	1.13408	-1.61352	2.40764
0.570558	1.85917	-0.596304	2.03411
0.570558	1.85917	-0.596304	2.03411
0.570558	1.85917	-0.596304	2.03411
-0.30883	1.67149	0.384336	1.74269
0.864296	1.11382	1.32517	1.93486
1.06704	0.899392	2.10849	2.52848
1.06704	0.899392	2.10849	2.52848
1.06704	0.899392	2.10849	2.52848
1.66121	0.458918	1.22299	2.11328
1.66121	0.458918	1.22299	2.11328
1.99456	1.62589	1.43675	2.94721
0.807334	1.76215	1.60545	2.51683
0.807334	1.76215	1.60545	2.51683
-0.296345	2.76896	0.516369	2.83224
0.768177	2.20492	-0.21681	2.34494
1.74659	1.21554	-0.138602	2.13244
2.56464	1.42351	0.429437	2.96449
1.84732	1.25873	0.412822	2.2732
2.43234	0.4569	1.17009	2.73754
1.40144	0.520274	1.10483	1.85886
1.40144	0.520274	1.10483	1.85886
0.828662	1.64184	0.99656	2.09176
0.40854	1.52857	1.26723	2.02714
1.25309	0.50952	0.542157	1.45732
2.07303	0.239912	0.329512	2.11272
0.920042	0.44419	0.981026	1.4164
0.920042	0.44419	0.981026	1.4164
0.957726	-0.740503	0.263935	1.23905
0.541585	-1.56888	-0.0465157	1.66038
0.541585	-1.56888	-0.0465157	1.66038
0.541585	-1.56888	-0.0465157	1.66038
1.68842	-0.593851	-0.682828	1.91564
0.972715	-0.335227	0.0427864	1.02975
0.764194	0.696847	0.0615442	1.03604
0.764194	0.696847	0.0615442	1.03604
-0.0499097	0.111993	0.826965	0.836005
0.140841	-0.666128	0.639369	0.934
-0.346085	-0.468691	-0.418532	0.717366
-0.568436	0.09618	-1.22071	1.35
-0.568436	0.09618	-1.22071	1.35
-0.568436	0.09618	-1.22071	1.35
-0.568436	0.09618	-1.22071	1.35
-0.568436	0.09618	-1.22071	1.35
-0.568436	0.09618	-1.22071	1.35
-0.568436	0.09618	-1.22071	1.35
-0.405746	-0.447579	-0.848205	1.04135
0.791689	-0.00781903	-0.740451	1.08402
0.42128	-0.491992	-1.54919	1.67914
0.42128	-0.491992	-1.54919	1.67914
1.47374	-0.679675	-0.833416	1.82441
0.800369	-0.888077	-0.239054	1.21919
0.800369	-0.888077	-0.239054	1.21919
0.234335	-1.17907	-0.366821	1.25685
0.234335	-1.17907	-0.366821	1.25685
0.234335	-1.17907	-0.366821	1.25685
0.00470987	-1.04573	-0.0573922	1.04731
0.613212	0.100298	0.319658	0.698763
0.435318	0.496516	-0.879643	1.09991
0.435318	0.496516	-0.879643	1.09991
0.435318	0.496516	-0.879643	1.09991
0.435318	0.496516	-0.879643	1.09991
0.435318	0.496516	-0.879643	1.09991
0.435318	0.496516	-0.879643	1.09991
0.435318	0.496516	-0.879643	1.09991
0.435318	0.496516	-0.879643	1.09991
1.15685	0.0325136	-0.712938	1.35928
0.0178371	-0.280725	0.298627	0.410247
0.232087	-0.00628466	-0.258113	0.347169
0.232087	-0.00628466	-0.258113	0.347169
0.232087	-0.00628466	-0.258113	0.347169
0.232087	-0.00628466	-0.258113	0.347169
0.232087	-0.00628466	-0.258113	0.347169
0.232087	-0.00628466	-0.258113	0.347169
0.232087	-0.00628466	-0.258113	0.347169
0.232087	-0.00628466	-0.258113	0.347169
0.232087	-0.00628466	-0.258113	0.347169
0.232087	-0.00628466	-0.258113	0.347169
0.232087	-0.00628466	-0.258113	0.347169
0.232087	-0.00628466	-0.258113	0.347169
0.232087	-0.00628466	-0.258113	0.347169
0.0277717	-0.812783	-0.794458	1.1369
0.495632	0.241447	0.164184	0.575242
0.495632	0.241447	0.164184	0.575242
0.441132	-0.49608	0.3893	0.769576
0.441132	-0.49608	0.3893	0.769576
0.441132	-0.49608	0.3893	0.769576
-0.188608	0.674196	-0.199385	0.72792
-0.188608	0.674196	-0.199385	0.72792
-0.188608	0.674196	-0.199385	0.72792
-0.188608	0.674196	-0.199385	0.72792
-0.188608	0.674196	-0.199385	0.72792
0.314714	0.503873	-0.366448	0.698009
0.156964	0.0776667	-0.472948	0.504331
-0.457586	0.516574	0.257999	0.736748
-0.457586	0.516574	0.257999	0.736748
-0.457586	0.516574	0.257999	0.736748
-0.457586	0.516574	0.257999	0.736748
-0.457586	0.516574	0.257999	0.736748
-0.457586	0.516574	0.257999	0.736748
-0.171104	1.10446	-0.708394	1.32322
-0.126662	0.169768	-1.01199	1.03392
0.245848	-0.210013	-1.1831	1.22649
-0.207472	0.0995016	-0.447056	0.502796
-0.351546	-0.49102	-0.344856	0.695422
-0.351546	-0.49102	-0.344856	0.695422
0.0166267	0.0264578	-0.361144	0.362493
0.696666	-0.500161	-0.0576708	0.859553
0.696666	-0.500161	-0.0576708	0.859553
0.261653	0.483648	0.788853	0.961596
-0.69482	0.850831	0.484286	1.20051
-1.28017	0.0269161	0.37627	1.33459
-1.28017	0.0269161	0.37627	1.33459
-0.349752	1.03251	-0.419974	1.16824
-0.209189	0.00179738	-1.15462	1.17342
-0.894165	0.738338	-0.361795	1.21473
-0.461212	1.19062	-0.541845	1.38705
-0.621553	1.22403	-1.15373	1.79323
-0.621553	1.22403	-1.15373	1.79323
-0.621553	1.22403	-1.15373	1.79323
-0.621553	1.22403	-1.15373	1.79323
-0.621553	1.22403	-1.15373	1.79323
-0.621553	1.22403	-1.15373	1.79323
-0.731198	1.34753	-0.104537	1.53669
-0.731198	1.34753	-0.104537	1.53669
-0.731198	1.34753	-0.104537	1.53669
-0.731198	1.34753	-0.104537	1.53669
-1.1139	0.732002	0.837212	1.57402
-1.1139	0.732002	0.837212	1.57402
-1.1139	0.732002	0.837212	1.57402
-0.444995	0.277459	1.05812	1.18094
-0.444995	0.277459	1.05812	1.18094
-0.444995	0.277459	1.05812	1.18094
-0.444995	0.277459	1.05812	1.18094
-0.174478	0.0048229	0.20798	0.271517
0.198375	-0.21261	0.474139	0.556204
-0.398289	-1.02929	1.42401	1.80163
-0.398289	-1.02929	1.42401	1.80163
-0.26814	-0.234473	0.696294	0.782114
-1.24613	-0.286308	0.127203	1.28491
-1.52267	-0.613508	-0.407565	1.69146
-0.869374	0.269989	0.455382	1.01788
-0.57193	1.19526	-0.540808	1.43116
0.233286	1.48097	-0.962552	1.78163
1.38549	1.73668	0.0150008	2.22168
1.38549	1.73668	0.0150008	2.22168
1.38549	1.73668	0.0150008	2.22168
0.86075	1.41496	0.829668	1.85239
0.86075	1.41496	0.829668	1.85239
0.868004	1.19949	1.37136	2.01812
0.538889	1.06501	0.33039	1.23847
-0.0837782	0.717378	0.85349	1.11808
-0.0837782	0.717378	0.85349	1.11808
-0.0837782	0.717378	0.85349	1.11808
0.370208	-0.172305	-0.145147	0.433371
0.620199	-0.596748	-0.618987	1.06014
0.620199	-0.596748	-0.618987	1.06014
0.620199	-0.596748	-0.618987	1.06014
0.939091	-0.287821	0.509424	1.10646
0.893912	-0.317333	0.251725	0.981399
0.893912	-0.317333	0.251725	0.981399
1.69339	-0.788045	-0.572948	1.95367
1.90801	-0.216815	0.534022	1.99316
1.82678	0.467399	-0.355032	1.91875
1.82678	0.467399	-0.355032	1.91875
0.730435	-0.381556	-0.549127	0.990283
0.730435	-0.381556	-0.549127	0.990283
0.730435	-0.381556	-0.549127	0.990283
0.730435	-0.381556	-0.549127	0.990283
-0.394002	-0.0458056	0.436338	0.589683
-0.394002	-0.0458056	0.436338	0.589683
-0.394002	-0.0458056	0.436338	0.589683
-0.394002	-0.0458056	0.436338	0.589683
0.00715789	-0.379402	0.203672	0.430674
0.108367	-0.22332	-0.455993	0.519177
-0.767235	-0.135461	-1.12753	1.37052
-0.829082	0.037208	-1.43551	1.65815
-0.829082	0.037208	-1.43551	1.65815
-0.829082	0.037208	-1.43551	1.65815
-0.391001	-0.0873173	-0.980204	1.05892
-0.391001	-0.0873173	-0.980204	1.05892
-0.684644	0.173385	-0.297577	0.766389
-0.971128	0.599018	0.26919	1.17234
-0.971128	0.599018	0.26919	1.17234
-0.971128	0.599018	0.26919	1.17234
-0.971128	0.599018	0.26919	1.17234
-0.910754	1.49869	0.89048	1.96685
0.116647	0.37132	1.19472	1.25652
0.116647	0.37132	1.19472	1.25652
0.116647	0.37132	1.19472	1.25652
0.116647	0.37132	1.19472	1.25652
0.385874	-0.582706	0.876079	1.1207
-0.573753	-0.0721163	1.00221	1.15707
-0.655207	0.828553	0.217266	1.07843
-0.655207	0.828553	0.217266	1.07843
0.23427	-0.263353	-0.211356	0.410985
0.23427	-0.263353	-0.211356	0.410985
0.23427	-0.263353	-0.211356	0.410985
0.23427	-0.263353	-0.211356	0.410985
0.23427	-0.263353	-0.211356	0.410985
0.23427	-0.263353	-0.211356	0.410985
0.23427	-0.263353	-0.211356	0.410985
0.902588	0.836411	-0.475166	1.3191
0.902588	0.836411	-0.475166	1.3191
0.0971035	-0.107026	-1.07562	1.08528
0.0971035	-0.107026	-1.07562	1.08528
0.0971035	-0.107026	-1.07562	1.08528
0.0971035	-0.107026	-1.07562	1.08528
-0.766457	-0.40386	-0.39623	0.952658
-0.766457	-0.40386	-0.39623	0.952658
-1.71994	-1.5505	-0.655791	2.40672
-1.71994	-1.5505	-0.655791	2.40672
-1.21332	-1.28786	-1.38899	2.24945
-1.21332	-1.28786	-1.38899	2.24945
-2.24208	-0.852512	-0.397542	2.43141
-1.80698	-0.639339	-1.19609	2.25933
-2.29165	-1.5061	-0.644004	2.81687
-2.29165	-1.5061	-0.644004	2.81687
-1.64138	-1.39716	-0.607417	2.23945
-1.31995	-1.87602	-0.493266	2.34628
-1.31995	-1.87602	-0.493266	2.34628
-1.31995	-1.87602	-0.493266	2.34628
-1.31995	-1.87602	-0.493266	2.34628
-0.357444	-2.17115	0.0915035	2.20228
-0.12755	-2.11244	1.11958	2.39418
0.166189	-1.14557	0.525757	1.27136
-0.229153	-1.1177	1.50196	1.88617
-0.229153	-1.1177	1.50196	1.88617
-0.229153	-1.1177	1.50196	1.88617
0.966813	-0.0552023	1.43805	1.73371
0.0531413	0.993014	0.559837	1.14119
0.0531413	0.993014	0.559837	1.14119
0.151547	0.0131551	-0.181878	0.237106
0.151547	0.0131551	-0.181878	0.237106
0.151547	0.0131551	-0.181878	0.237106
0.636752	0.312451	-0.396132	0.812403
0.636752	0.312451	-0.396132	0.812403
0.636752	0.312451	-0.396132	0.812403
-0.342011	0.31871	0.411355	0.622705
-0.342011	0.31871	0.411355	0.622705
-0.342011	0.31871	0.411355	0.622705
-0.342011	0.31871	0.411355	0.622705
-0.342011	0.31871	0.411355	0.622705
-0.342011	0.31871	0.411355	0.622705
-0.115925	0.0314879	-0.543336	0.556457
-0.115925	0.0314879	-0.543336	0.556457
0.108887	-1.14961	0.360867	1.20983
0.108887	-1.14961	0.360867	1.20983
0.062744	-0.850072	-0.0141443	0.852502
0.543619	-0.394737	-0.302019	0.736583
0.543619	-0.394737	-0.302019	0.736583
-0.283939	0.131122	-0.809912	0.8682
0.527157	0.282747	0.381757	0.709633
0.527157	0.282747	0.381757	0.709633
0.527157	0.282747	0.381757	0.709633
0.527157	0.282747	0.381757	0.709633
0.527157	0.282747	0.381757	0.709633
0.527157	0.282747	0.381757	0.709633
0.501445	0.727991	0.688567	1.12051
0.501445	0.727991	0.688567	1.12051
0.501445	0.727991	0.688567	1.12051
-0.402316	1.7945	1.09497	2.14034
0.394724	0.872345	2.27421	2.46756
0.243673	1.59065	2.61155	3.06753
0.0501368	1.14217	2.90982	3.12636
-0.587368	1.73714	3.44598	3.90351
-0.587368	1.73714	3.44598	3.90351
-1.6495	1.19817	3.38595	3.95235
-1.6495	1.19817	3.38595	3.95235
-0.807732	2.1203	3.09839	3.84032
-1.02274	1.94818	2.96309	3.6907
-2.02589	1.28686	2.65274	3.57733
-2.48019	2.11213	1.512	3.59146
-2.46463	2.99378	0.426792	3.90119
-2.98131	1.9309	1.40578	3.82005
-1.95243	1.96791	2.24307	3.56595
-1.95243	1.96791	2.24307	3.56595
-1.95243	1.96791	2.24307	3.56595
-1.55862	0.810703	2.49401	3.05067
-1.55862	0.810703	2.49401	3.05067
-1.21409	0.425911	1.884	2.28142
-1.21409	0.425911	1.884	2.28142
-2.13306	0.343609	2.52216	3.32104
-2.13306	0.343609	2.52216	3.32104
-1.74613	-0.595586	1.67064	2.48892
-0.566874	0.0877706	2.43051	2.49728
0.0465636	-0.256329	1.72072	1.74033
-0.605391	-1.16255	0.554275	1.42311
-0.605391	-1.16255	0.554275	1.42311
-0.858419	-1.25521	0.699282	1.67375
-0.858419	-1.25521	0.699282	1.67375
-0.858419	-1.25521	0.699282	1.67375
-0.858419	-1.25521	0.699282	1.67375
-0.641957	-0.200044	-0.00283303	0.67241
-0.641957	-0.200044	-0.00283303	0.67241
0.081903	0.487397	-0.00493951	0.494256
0.081903	0.487397	-0.00493951	0.494256
0.081903	0.487397	-0.00493951	0.494256
0.201199	0.539689	0.371892	0.685601
0.201199	0.539689	0.371892	0.685601
0.201199	0.539689	0.371892	0.685601
0.201199	0.539689	0.371892	0.685601
0.201199	0.539689	0.371892	0.685601
0.201199	0.539689	0.371892	0.685601
0.201199	0.539689	0.371892	0.685601
0.201199	0.539689	0.371892	0.685601
0.201199	0.539689	0.371892	0.685601
0.201199	0.539689	0.371892	0.685601
0.201199	0.539689	0.371892	0.685601
0.201199	0.539689	0.371892	0.685601
0.201199	0.539689	0.371892	0.685601
0.0419324	-0.0735079	0.722108	0.72705
0.0419324	-0.0735079	0.722108	0.72705
0.440798	-0.275469	0.0524687	0.522436
0.440798	-0.275469	0.0524687	0.522436
0.440798	-0.275469	0.0524687	0.522436
0.03094	-0.754242	-0.258722	0.797982
-0.376999	-1.76632	-0.600946	1.90346
-1.05618	-1.93246	-0.484606	2.25494
-0.855553	-1.2633	0.120422	1.53049
-0.855553	-1.2633	0.120422	1.53049
0.0122404	-1.31187	1.05593	1.68409
0.0122404	-1.31187	1.05593	1.68409
-0.223015	-0.522623	1.19563	1.32379
-0.00915484	0.049539	2.15375	2.15434
-0.00915484	0.049539	2.15375	2.15434
-0.00915484	0.049539	2.15375	2.15434
0.0379392	0.420381	2.00338	2.04736
0.597311	-0.460077	1.13813	1.36521
0.597311	-0.460077	1.13813	1.36521
0.597311	-0.460077	1.13813	1.36521
0.00896875	-0.553931	0.473296	0.728648
0.00896875	-0.553931	0.473296	0.728648
0.777228	0.414619	0.218283	0.907546
-0.243177	1.1637	0.575726	1.32091
-0.243177	1.1637	0.575726	1.32091
-0.243177	1.1637	0.575726	1.32091
-0.243177	1.1637	0.575726	1.32091
-0.243177	1.1637	0.575726	1.32091
-0.243177	1.1637	0.575726	1.32091
-0.243177	1.1637	0.575726	1.32091
0.56532	0.269939	1.38921	1.52393
0.56532	0.269939	1.38921	1.52393
1.12479	0.822427	0.927563	1.67389
1.12479	0.822427	0.927563	1.67389
0.50314	1.36795	1.22906	1.90658
0.633149	0.621609	1.09311	1.40789
0.633149	0.621609	1.09311	1.40789
0.565622	1.24375	1.23478	1.84161
1.37906	1.08327	1.069	2.05379
1.37906	1.08327	1.069	2.05379
2.26428	2.0206	0.762515	3.12909
1.81098	1.4019	-0.174858	2.29686
1.81098	1.4019	-0.174858	2.29686
2.84131	0.804429	-0.39037	2.97868
2.84131	0.804429	-0.39037	2.97868
2.84131	0.804429	-0.39037	2.97868
2.84131	0.804429	-0.39037	2.97868
1.8466	0.843129	0.246596	2.04489
0.654759	1.50995	0.908493	1.8799
0.654759	1.50995	0.908493	1.8799
0.654759	1.50995	0.908493	1.8799
0.375613	1.51679	-0.196716	1.57494
0.375613	1.51679	-0.196716	1.57494
0.129108	1.63072	-0.840767	1.83924
-0.267666	0.522883	0.0399072	0.588765
-0.267666	0.522883	0.0399072	0.588765
-0.585068	0.283611	-0.71003	0.962747
0.181418	0.663446	-0.784521	1.04333
0.114423	0.563449	0.242927	0.624164
0.114423	0.563449	0.242927	0.624164
0.368694	-0.589928	0.321931	0.766544
0.368694	-0.589928	0.321931	0.766544
0.368694	-0.589928	0.321931	0.766544
-0.13896	-0.0580984	1.09457	1.10489
0.819571	-0.420429	0.346084	0.983987
1.5491	-0.233076	0.355716	1.60642
1.7133	-0.320036	0.962009	1.9908
0.927453	-0.932832	0.615602	1.45235
0.927453	-0.932832	0.615602	1.45235
1.75542	-0.247258	0.446514	1.82811
1.53476	0.4661	1.31226	2.07238
1.53476	0.4661	1.31226	2.07238
1.89248	0.771795	0.512979	2.1072
0.779967	-0.0326839	0.214042	0.809464
0.779967	-0.0326839	0.214042	0.809464
0.779967	-0.0326839	0.214042	0.809464
0.779967	-0.0326839	0.214042	0.809464
0.779967	-0.0326839	0.214042	0.809464
0.779967	-0.0326839	0.214042	0.809464
1.36971	-0.00989568	0.334914	1.41009
0.268533	0.658052	0.141778	0.724737
0.149582	-0.210548	0.393361	0.470572
0.149582	-0.210548	0.393361	0.470572
0.149582	-0.210548	0.393361	0.470572
-0.854128	-0.587098	0.0122976	1.03652
-0.854128	-0.587098	0.0122976	1.03652
-0.854128	-0.587098	0.0122976	1.03652
-0.268427	-1.28514	-1.06754	1.69212
-0.268427	-1.28514	-1.06754	1.69212
-0.872456	-1.34193	-0.697891	1.74614
-1.79708	-0.367311	-0.27405	1.85459
-2.91431	-1.23171	-0.480605	3.2002
-2.91431	-1.23171	-0.480605	3.2002
-3.87702	-1.06704	-0.254997	4.02926
-4.56881	-1.06995	-0.653824	4.73776
-4.56881	-1.06995	-0.653824	4.73776
-4.34306	-0.272492	0.306178	4.36236
-4.34306	-0.272492	0.306178	4.36236
-4.34306	-0.272492	0.306178	4.36236
-4.32052	-0.123417	1.36219	4.53186
-3.12601	0.167701	0.179577	3.13565
-3.12601	0.167701	0.179577	3.13565
-2.29212	0.677013	0.797094	2.51943
-2.37547	-0.0921739	1.74654	2.94987
-2.37547	-0.0921739	1.74654	2.94987
-2.55721	-0.665262	0.630987	2.71662
-2.48196	0.400236	-0.537769	2.57089
-1.71449	0.0373093	-0.327738	1.74594
-1.71449	0.0373093	-0.327738	1.74594
-1.62941	0.551242	0.720903	1.86508
-1.42244	-0.416472	0.53135	1.57453
-1.42244	-0.416472	0.53135	1.57453
-1.42244	-0.416472	0.53135	1.57453
-0.6496	0.126744	0.465022	0.808882
0.407764	-0.06081	1.16296	1.23388
0.407764	-0.06081	1.16296	1.23388
0.407764	-0.06081	1.16296	1.23388
0.874396	0.230933	0.0556568	0.906088
0.874396	0.230933	0.0556568	0.906088
0.49246	0.377278	0.247524	0.667925
0.49246	0.377278	0.247524	0.667925
0.49246	0.377278	0.247524	0.667925
0.49246	0.377278	0.247524	0.667925
-0.471902	-0.210032	-0.421768	0.666853
-0.471902	-0.210032	-0.421768	0.666853
-0.471902	-0.210032	-0.421768	0.666853
0.462292	-0.808715	0.0939846	0.936252
0.462292	-0.808715	0.0939846	0.936252
0.462292	-0.808715	0.0939846	0.936252
0.462292	-0.808715	0.0939846	0.936252
0.31055	0.0314577	-0.447748	0.545811
0.31055	0.0314577	-0.447748	0.545811
0.31055	0.0314577	-0.447748	0.545811
0.31055	0.0314577	-0.447748	0.545811
0.31055	0.0314577	-0.447748	0.545811
0.116356	0.282181	0.0464756	0.308747
0.116356	0.282181	0.0464756	0.308747
0.116356	0.282181	0.0464756	0.308747
0.116356	0.282181	0.0464756	0.308747
0.116356	0.282181	0.0464756	0.308747
0.116356	0.282181	0.0464756	0.308747
0.116356	0.282181	0.0464756	0.308747
0.116356	0.282181	0.0464756	0.308747
0.0744339	-0.447029	-1.11793	1.2063
0.553573	-0.935704	-0.259612	1.11776
0.553573	-0.935704	-0.259612	1.11776
0.553573	-0.935704	-0.259612	1.11776
0.553573	-0.935704	-0.259612	1.11776
0.553573	-0.935704	-0.259612	1.11776
0.553573	-0.935704	-0.259612	1.11776
0.553573	-0.935704	-0.259612	1.11776
-0.526524	0.187447	0.245501	0.610438
0.337039	-0.832751	0.241614	0.930294
-0.302587	-0.903721	1.40988	1.70177
-0.302587	-0.903721	1.40988	1.70177
-0.302587	-0.903721	1.40988	1.70177
-0.919121	-1.73012	1.15701	2.27525
-2.06368	-1.49913	0.513927	2.60198
-1.52924	-1.99776	-0.103892	2.51802
-1.52924	-1.99776	-0.103892	2.51802
-1.52924	-1.99776	-0.103892	2.51802
-1.52924	-1.99776	-0.103892	2.51802
-0.498141	-2.37575	0.845136	2.57033
-0.498141	-2.37575	0.845136	2.57033
-0.498141	-2.37575	0.845136	2.57033
-0.498141	-2.37575	0.845136	2.57033
-0.498141	-2.37575	0.845136	2.57033
-1.04164	-2.56732	0.0293197	2.77075
-1.44862	-2.51862	0.536786	2.95467
-1.58291	-2.61583	0.613068	3.11834
-1.0281	-2.83745	-0.114576	3.02013
-1.05663	-1.82086	0.384354	2.14003
-1.05663	-1.82086	0.384354	2.14003
0.0506022	-2.94894	0.28985	2.96358
0.0506022	-2.94894	0.28985	2.96358
0.0506022	-2.94894	0.28985	2.96358
0.0506022	-2.94894	0.28985	2.96358
-0.223198	-3.0055	-0.608939	3.07468
-0.223198	-3.0055	-0.608939	3.07468
-0.223198	-3.0055	-0.608939	3.07468
0.631433	-3.87033	0.0859245	3.92244
0.881184	-3.79676	0.260643	3.90638
0.881184	-3.79676	0.260643	3.90638
0.481273	-3.37398	-0.708132	3.48092
0.481273	-3.37398	-0.708132	3.48092
0.481273	-3.37398	-0.708132	3.48092
0.481273	-3.37398	-0.708132	3.48092
0.481273	-3.37398	-0.708132	3.48092
0.481273	-3.37398	-0.708132	3.48092
0.481273	-3.37398	-0.708132	3.48092
0.481273	-3.37398	-0.708132	3.48092
-0.0711977	-3.16878	-0.810707	3.27161
0.790786	-2.83844	-0.851105	3.06699
0.790786	-2.83844	-0.851105	3.06699
0.790786	-2.83844	-0.851105	3.06699
0.549366	-3.21111	0.315287	3.27298
0.13162	-2.67259	1.5103	3.07263
0.13162	-2.67259	1.5103	3.07263
0.13162	-2.67259	1.5103	3.07263
-0.0685453	-3.01432	2.63913	4.00697
-0.0685453	-3.01432	2.63913	4.00697
-0.071066	-3.1919	2.03454	3.78585
0.542257	-3.42497	0.914146	3.58611
1.44205	-2.50386	0.238965	2.8993
1.02427	-2.53912	-0.651639	2.8144
1.26725	-2.21932	-0.726132	2.6568
1.57776	-2.02787	-0.766333	2.6812
1.64426	-1.2634	-1.16845	2.38013
0.56354	-0.15411	-0.762686	0.960738
0.56354	-0.15411	-0.762686	0.960738
0.56354	-0.15411	-0.762686	0.960738
1.33305	0.345412	-0.0268018	1.37734
1.77863	-0.259555	-0.820739	1.97598
1.77863	-0.259555	-0.820739	1.97598
1.77863	-0.259555	-0.820739	1.97598
1.11226	-0.0926339	-1.52836	1.89251
0.734065	-0.377807	-2.02792	2.18953
1.85254	-0.217705	-1.79993	2.59211
1.85254	-0.217705	-1.79993	2.59211
2.74982	0.659044	-1.14098	3.04921
2.09937	1.01956	-0.38287	2.36505
1.06834	1.79917	-0.77929	2.23286
1.06834	1.79917	-0.77929	2.23286
1.06834	1.79917	-0.77929	2.23286
0.786238	2.28908	0.363682	2.44751
0.786238	2.28908	0.363682	2.44751
0.786238	2.28908	0.363682	2.44751
1.22428	1.45925	-0.146368	1.91042
1.22428	1.45925	-0.146368	1.91042
1.22428	1.45925	-0.146368	1.91042
1.58213	2.25205	-0.384967	2.77904
1.48588	1.25798	0.636148	2.04818
0.841437	1.12989	1.17193	1.83251
1.74465	0.114112	1.06045	2.04484
1.74465	0.114112	1.06045	2.04484
1.74465	0.114112	1.06045	2.04484
1.74465	0.114112	1.06045	2.04484
1.9957	0.312545	0.188069	2.02876
2.27924	0.196398	0.755427	2.40918
2.27924	0.196398	0.755427	2.40918
1.85848	0.832473	-0.430045	2.08132
1.85848	0.832473	-0.430045	2.08132
1.46162	1.01756	0.551328	1.86433
1.83267	0.593503	1.12374	2.23018
1.26299	0.724535	1.69611	2.23537
1.66807	-0.40909	1.78233	2.47517
1.18074	-1.24323	1.70694	2.41938
1.18074	-1.24323	1.70694	2.41938
0.73594	-1.66849	0.828946	2.00316
0.0369087	-2.12036	0.854389	2.28632
-0.128562	-1.03708	2.03925	2.29142
-0.128562	-1.03708	2.03925	2.29142
-0.125927	-1.237	1.79661	2.18491
-0.0972395	-0.434623	1.09754	1.18446
0.815128	-0.138571	0.204961	0.851848
0.092898	-0.551589	0.677434	0.87852
1.03322	-0.688526	0.362379	1.29341
1.03322	-0.688526	0.362379	1.29341
0.257583	-0.949716	0.207591	1.00569
0.257583	-0.949716	0.207591	1.00569
-0.129152	-1.38828	0.646462	1.53685
0.0519061	-0.881989	1.36211	1.62356
0.0519061	-0.881989	1.36211	1.62356
1.08032	-1.4038	0.61631	1.87552
1.08032	-1.4038	0.61631	1.87552
1.08032	-1.4038	0.61631	1.87552
1.08032	-1.4038	0.61631	1.87552
1.08032	-1.4038	0.61631	1.87552
1.08363	-1.66503	0.413496	2.02918
0.943957	-1.48282	-0.17899	1.76687
0.943957	-1.48282	-0.17899	1.76687
0.943957	-1.48282	-0.17899	1.76687
0.943957	-1.48282	-0.17899	1.76687
0.943957	-1.48282	-0.17899	1.76687
0.575404	-1.28379	-0.956108	1.70098
1.55871	-2.22784	-0.179436	2.7249
1.42909	-1.45243	0.150702	2.04317
0.864137	-2.47101	-0.802065	2.73787
-0.3273	-2.1133	-0.383019	2.17252
0.059289	-2.37531	0.0428342	2.37644
0.059289	-2.37531	0.0428342	2.37644
0.160541	-2.94989	0.141021	2.95762
-0.288858	-2.1147	0.3144	2.15737
-0.288858	-2.1147	0.3144	2.15737
-1.35028	-1.20241	1.26409	2.20612
-1.99519	-0.859162	1.12811	2.44777
-1.3648	0.239336	0.745817	1.57359
-1.3648	0.239336	0.745817	1.57359
-1.3643	0.5352	0.416466	1.52355
-0.334952	0.78961	-0.495785	0.990696
-0.334952	0.78961	-0.495785	0.990696
-0.334952	0.78961	-0.495785	0.990696
-0.986135	0.316512	0.124662	1.04316
-0.250634	0.478871	0.113558	0.552296
-0.250634	0.478871	0.113558	0.552296
0.849769	-0.322212	0.820496	1.22439
0.943954	-0.0648276	1.36	1.65676
0.943954	-0.0648276	1.36	1.65676
0.943954	-0.0648276	1.36	1.65676
0.461828	0.62065	1.43513	1.63037
0.833563	1.60668	1.18377	2.16277
0.245445	2.59404	0.351	2.62917
0.927509	2.29803	-0.775746	2.59673
0.538887	2.40802	-0.117775	2.47039
0.89567	1.29193	-0.442045	1.63301
0.00795816	1.6445	0.435152	1.70112
0.509576	0.733148	-0.332652	0.952802
0.509576	0.733148	-0.332652	0.952802
0.509576	0.733148	-0.332652	0.952802
0.529876	0.515331	0.366194	0.824884
0.529876	0.515331	0.366194	0.824884
0.529876	0.515331	0.366194	0.824884
0.529876	0.515331	0.366194	0.824884
0.529876	0.515331	0.366194	0.824884
0.529876	0.515331	0.366194	0.824884
-0.00269928	-0.340993	0.286888	0.445633
-0.00269928	-0.340993	0.286888	0.445633
0.756753	0.217363	0.967777	1.2476
0.700098	0.272041	0.969727	1.22659
0.700098	0.272041	0.969727	1.22659
0.700098	0.272041	0.969727	1.22659
1.3094	1.02032	1.0088	1.94249
1.03331	0.866745	1.36809	1.92111
1.03331	0.866745	1.36809	1.92111
1.22471	0.890239	1.02371	1.82768
1.22471	0.890239	1.02371	1.82768
0.358917	0.291052	1.76495	1.82444
-0.83545	0.262473	1.36309	1.62015
-0.83545	0.262473	1.36309	1.62015
-0.601175	-0.553567	1.54913	1.75147
0.0129943	0.143751	2.11213	2.11706
0.0129943	0.143751	2.11213	2.11706
0.0129943	0.143751	2.11213	2.11706
0.0129943	0.143751	2.11213	2.11706
0.0129943	0.143751	2.11213	2.11706
0.0129943	0.143751	2.11213	2.11706
0.0129943	0.143751	2.11213	2.11706
0.615382	-0.318283	1.96964	2.08794
0.615382	-0.318283	1.96964	2.08794
-0.545846	-1.40233	1.7365	2.2978
-0.545846	-1.40233	1.7365	2.2978
-0.545846	-1.40233	1.7365	2.2978
0.203907	-0.264382	1.10903	1.1582
-0.975916	0.859934	0.858166	1.55832
-0.975916	0.859934	0.858166	1.55832
-0.975916	0.859934	0.858166	1.55832
-0.975916	0.859934	0.858166	1.55832
-0.975916	0.859934	0.858166	1.55832
-0.975916	0.859934	0.858166	1.55832
-0.0863495	-0.308239	0.934449	0.987756
-0.0863495	-0.308239	0.934449	0.987756
-0.0863495	-0.308239	0.934449	0.987756
1.06534	0.49524	0.454388	1.25963
1.06534	0.49524	0.454388	1.25963
1.06534	0.49524	0.454388	1.25963
0.767543	-0.264983	1.3203	1.55001
0.767543	-0.264983	1.3203	1.55001
0.767543	-0.264983	1.3203	1.55001
0.767543	-0.264983	1.3203	1.55001
0.767543	-0.264983	1.3203	1.55001
1.31647	-1.11397	0.355297	1.76075
1.31647	-1.11397	0.355297	1.76075
1.4107	-0.35111	-0.660718	1.59684
0.553472	0.719624	-1.33041	1.61065
0.384132	-0.112731	-0.791196	0.886711
-0.785741	-0.460415	-0.862929	1.2546
0.249377	0.604328	-0.118887	0.664481
0.249377	0.604328	-0.118887	0.664481
-0.792674	-0.163656	-0.813125	1.1473
-0.792674	-0.163656	-0.813125	1.1473
-0.792674	-0.163656	-0.813125	1.1473
-0.792674	-0.163656	-0.813125	1.1473
-0.926587	-1.31015	-0.23342	1.62159
-0.926587	-1.31015	-0.23342	1.62159
-0.926587	-1.31015	-0.23342	1.62159
-0.926587	-1.31015	-0.23342	1.62159
-0.346147	-1.14238	-0.547602	1.31328
0.420675	-0.221448	-0.401643	0.622353
0.420675	-0.221448	-0.401643	0.622353
0.420675	-0.221448	-0.401643	0.622353
0.420675	-0.221448	-0.401643	0.622353
0.885939	-0.451318	0.678782	1.20388
1.55416	-0.711755	-0.20457	1.72159
0.720621	-0.436578	-1.24708	1.50503
1.19807	-0.164054	-0.212956	1.22786
1.19807	-0.164054	-0.212956	1.22786
1.19807	-0.164054	-0.212956	1.22786
0.589145	-0.218978	0.93709	1.12835
0.589145	-0.218978	0.93709	1.12835
0.589145	-0.218978	0.93709	1.12835
1.52094	0.744333	1.78212	2.4583
1.52094	0.744333	1.78212	2.4583
1.51207	1.35769	2.26629	3.04397
1.51207	1.35769	2.26629	3.04397
1.60852	0.258505	2.15963	2.70521
1.06329	1.27209	1.74808	2.40927
1.24699	0.532659	1.50612	2.0266
1.24699	0.532659	1.50612	2.0266
1.24699	0.532659	1.50612	2.0266
0.843841	-0.427218	1.72243	1.96503
0.843841	-0.427218	1.72243	1.96503
0.228662	0.0997369	2.16488	2.17921
-0.361667	-1.07783	2.73557	2.96241
-0.361667	-1.07783	2.73557	2.96241
-0.361667	-1.07783	2.73557	2.96241
0.222702	0.0945263	1.75237	1.76899
0.337002	0.40714	0.597719	0.797873
0.337002	0.40714	0.597719	0.797873
0.337002	0.40714	0.597719	0.797873
0.549728	1.16314	0.530103	1.39144
0.549728	1.16314	0.530103	1.39144
1.60477	1.38582	0.737249	2.24484
1.60477	1.38582	0.737249	2.24484
1.60477	1.38582	0.737249	2.24484
1.9972	0.186087	0.625926	2.10124
1.89063	0.328667	1.07883	2.20145
0.905508	-0.122384	0.569441	1.07666
0.202547	-0.0653218	0.841608	0.868099
0.202547	-0.0653218	0.841608	0.868099
0.140564	0.729665	0.455359	0.871505
0.140564	0.729665	0.455359	0.871505
0.140564	0.729665	0.455359	0.871505
0.140564	0.729665	0.455359	0.871505
0.140564	0.729665	0.455359	0.871505
0.140564	0.729665	0.455359	0.871505
0.140564	0.729665	0.455359	0.871505
0.140564	0.729665	0.455359	0.871505
0.436952	0.237998	1.06183	1.17263
-0.616315	-0.424111	0.0141183	0.748274
0.210835	0.522853	-0.0210403	0.564153
0.210835	0.522853	-0.0210403	0.564153
0.468116	0.0751016	-0.254767	0.538218
0.468116	0.0751016	-0.254767	0.538218
0.613542	1.17201	-0.458183	1.39999
0.613542	1.17201	-0.458183	1.39999
1.32411	0.372218	-0.188505	1.38829
0.639839	1.55201	0.595354	1.78117
0.863997	1.33028	0.137459	1.59217
0.863997	1.33028	0.137459	1.59217
0.352757	0.521913	0.202228	0.661609
0.352757	0.521913	0.202228	0.661609
0.352757	0.521913	0.202228	0.661609
-0.600833	0.480813	0.758125	1.08025
-1.32776	-0.473726	0.376917	1.45926
-0.397787	-0.345955	-0.0853156	0.534039
-0.397787	-0.345955	-0.0853156	0.534039
-0.397787	-0.345955	-0.0853156	0.534039
-0.397787	-0.345955	-0.0853156	0.534039
-0.357113	0.512794	0.16164	0.645457
-0.357113	0.512794	0.16164	0.645457
-0.357113	0.512794	0.16164	0.645457
-0.357113	0.512794	0.16164	0.645457
-0.357113	0.512794	0.16164	0.645457
-0.357113	0.512794	0.16164	0.645457
-0.357113	0.512794	0.16164	0.645457
-0.12486	-0.330875	-0.603566	0.699543
0.107574	0.0641472	-0.258119	0.286902
0.107574	0.0641472	-0.258119	0.286902
0.107574	0.0641472	-0.258119	0.286902
0.107574	0.0641472	-0.258119	0.286902
0.107574	0.0641472	-0.258119	0.286902
0.107574	0.0641472	-0.258119	0.286902
0.714122	0.987288	-0.101154	1.22268
0.714122	0.987288	-0.101154	1.22268
-0.276281	2.04434	0.264315	2.07979
-0.276281	2.04434	0.264315	2.07979
-0.276281	2.04434	0.264315	2.07979
0.0868233	2.40814	1.16956	2.67854
-0.638735	2.92068	1.22864	3.23232
0.111823	1.97279	0.664392	2.08466
0.217308	1.95997	0.224298	1.98469
-0.638651	1.76779	-0.721884	2.01348
-0.814302	0.579715	0.209106	1.02122
-0.814302	0.579715	0.209106	1.02122
-0.814302	0.579715	0.209106	1.02122
-0.814302	0.579715	0.209106	1.02122
-0.814302	0.579715	0.209106	1.02122
-0.814302	0.579715	0.209106	1.02122
0.266129	1.16225	-0.783444	1.42669
-0.53822	0.221752	-0.741996	0.943086
-0.0121337	0.940188	0.251136	0.973227
0.685982	0.647055	0.208878	0.965858
0.685982	0.647055	0.208878	0.965858
0.685982	0.647055	0.208878	0.965858
0.685982	0.647055	0.208878	0.965858
0.685982	0.647055	0.208878	0.965858
0.685982	0.647055	0.208878	0.965858
1.72179	-0.190176	0.56735	1.8228
2.17983	-1.22322	1.5705	2.95201
2.17983	-1.22322	1.5705	2.95201
2.03796	-0.375825	1.60841	2.62326
2.03796	-0.375825	1.60841	2.62326
0.911153	0.0274868	2.43943	2.60419
1.25238	0.0128102	1.7191	2.12695
2.1336	-0.153941	1.03668	2.37711
1.20749	-0.394557	2.00208	2.37108
1.20749	-0.394557	2.00208	2.37108
1.20749	-0.394557	2.00208	2.37108
0.782719	-1.3132	1.4118	2.08094
0.782719	-1.3132	1.4118	2.08094
0.174331	-1.4755	1.23955	1.93494
0.263278	-1.23466	1.62888	2.06081
-0.260633	-2.28219	1.58258	2.78942
0.028473	-2.50122	2.02795	3.22017
0.365542	-2.2414	1.35015	2.64205
0.951738	-2.16129	2.32194	3.31185
-0.237683	-1.66061	1.39594	2.18238
0.185888	-1.8706	0.740813	2.02052
0.356168	-1.64505	-0.00601279	1.68318
0.356168	-1.64505	-0.00601279	1.68318
0.356168	-1.64505	-0.00601279	1.68318
-0.0172022	-1.64438	-1.06405	1.9587
-0.13121	-1.61407	-0.791978	1.80268
-0.13121	-1.61407	-0.791978	1.80268
-0.309951	-1.79759	0.323188	1.85252
0.304805	-1.5166	-0.262226	1.56899
0.304805	-1.5166	-0.262226	1.56899
0.304805	-1.5166	-0.262226	1.56899
-0.485704	-0.623479	0.506495	0.938708
-0.485704	-0.623479	0.506495	0.938708
-0.485704	-0.623479	0.506495	0.938708
-0.485704	-0.623479	0.506495	0.938708
-0.485704	-0.623479	0.506495	0.938708
-0.0354117	-0.786273	-0.290788	0.839069
-0.690418	-0.137228	0.48005	0.852031
-0.690418	-0.137228	0.48005	0.852031
-0.973588	-1.03856	-0.29943	1.45469
-1.07545	-0.684512	0.650647	1.43125
-1.07545	-0.684512	0.650647	1.43125
-1.07545	-0.684512	0.650647	1.43125
-1.07545	-0.684512	0.650647	1.43125
-1.32562	0.377507	-0.113297	1.38298
-1.00112	0.508323	-0.601373	1.27369
-0.150652	0.00736619	-0.547208	0.567615
-0.150652	0.00736619	-0.547208	0.567615
-0.150652	0.00736619	-0.547208	0.567615
-0.150652	0.00736619	-0.547208	0.567615
-0.150652	0.00736619	-0.547208	0.567615
-0.150652	0.00736619	-0.547208	0.567615
-0.150652	0.00736619	-0.547208	0.567615
-0.150652	0.00736619	-0.547208	0.567615
-0.150652	0.00736619	-0.547208	0.567615
-0.109656	-0.548647	-1.63808	1.73099
-0.273442	-0.8963	-1.65603	1.90277
-0.273442	-0.8963	-1.65603	1.90277
-0.273442	-0.8963	-1.65603	1.90277
-0.841668	-0.979402	-1.94643	2.33585
0.183566	-1.388	-1.63483	2.15242
0.42289	-2.24659	-2.61291	3.47179
0.42289	-2.24659	-2.61291	3.47179
0.344602	-1.74116	-2.00781	2.67987
0.344602	-1.74116	-2.00781	2.67987
0.344602	-1.74116	-2.00781	2.67987
1.28863	-0.680444	-2.10018	2.55623
1.28863	-0.680444	-2.10018	2.55623
1.28863	-0.680444	-2.10018	2.55623
0.241265	-1.05017	-3.18894	3.36606
0.904763	0.0119178	-2.26645	2.44039
-0.0498565	1.02537	-2.23658	2.46092
-0.0498565	1.02537	-2.23658	2.46092
-0.0498565	1.02537	-2.23658	2.46092
-0.0498565	1.02537	-2.23658	2.46092
-0.0498565	1.02537	-2.23658	2.46092
-0.0498565	1.02537	-2.23658	2.46092
0.249665	1.77027	-1.27902	2.1982
-0.0125171	1.50194	-1.41124	2.06097
-0.0125171	1.50194	-1.41124	2.06097
-0.0125171	1.50194	-1.41124	2.06097
-0.0125171	1.50194	-1.41124	2.06097
-0.0125171	1.50194	-1.41124	2.06097
0.241206	1.97127	-0.40328	2.0265
0.615773	1.63359	-0.276461	1.76755
0.72939	0.719618	-0.336355	1.07842
0.30005	1.83206	0.507411	1.92456
0.807809	0.899498	0.667408	1.38097
0.552868	-0.030756	0.0372543	0.554974
0.552868	-0.030756	0.0372543	0.554974
0.552868	-0.030756	0.0372543	0.554974
0.552868	-0.030756	0.0372543	0.554974
0.552868	-0.030756	0.0372543	0.554974
0.552868	-0.030756	0.0372543	0.554974
-0.245349	1.04641	0.193092	1.09199
-1.3528	0.622789	0.0293282	1.48956
-1.05275	-0.478585	-0.0789744	1.15912
-1.05275	-0.478585	-0.0789744	1.15912
-1.05275	-0.478585	-0.0789744	1.15912
-1.07386	-0.151341	-0.642658	1.26059
-1.07386	-0.151341	-0.642658	1.26059
-1.07386	-0.151341	-0.642658	1.26059
-1.07386	-0.151341	-0.642658	1.26059
-1.07386	-0.151341	-0.642658	1.26059
-1.07386	-0.151341	-0.642658	1.26059
-0.900318	-0.303464	-1.05462	1.41947
-0.900318	-0.303464	-1.05462	1.41947
-0.900318	-0.303464	-1.05462	1.41947
-0.489529	0.596727	-1.25129	1.47019
-0.624382	-0.0671297	-1.09855	1.26538
0.195473	0.226071	-1.09934	1.13924
-0.238105	-0.732388	-0.645534	1.00489
0.623157	0.300879	-0.33011	0.766697
0.623157	0.300879	-0.33011	0.766697
0.623157	0.300879	-0.33011	0.766697
0.0772323	0.731299	-0.384473	0.829808
0.0772323	0.731299	-0.384473	0.829808
0.0772323	0.731299	-0.384473	0.829808
0.765348	0.702832	-0.0812455	1.04227
1.32747	0.626835	-0.243907	1.48815
2.21722	0.228931	-0.501931	2.28482
3.13862	0.243502	-1.06596	3.32363
2.58651	1.10533	-2.1968	3.569
2.27907	0.714798	-2.67768	3.58819
2.92994	1.83979	-2.37542	4.19666
3.75538	1.19492	-1.61558	4.2592
2.71565	1.58581	-0.572539	3.19646
2.71565	1.58581	-0.572539	3.19646
2.90221	1.94173	-0.171619	3.49608
2.90221	1.94173	-0.171619	3.49608
3.70242	1.56068	-1.20984	4.19611
4.55161	0.663354	-1.12663	4.73566
4.7568	0.678581	-1.66169	5.08418
4.01915	-0.502992	-0.60749	4.09581
3.19302	-1.23007	-1.21895	3.6324
2.71494	-1.22899	-1.50222	3.33736
1.53926	-1.16279	-0.819173	2.09582
1.03707	-1.0684	-1.60284	2.18771
1.03707	-1.0684	-1.60284	2.18771
1.50957	-0.474895	-0.986958	1.86505
0.394313	-1.38669	-0.204142	1.45604
0.195519	-0.578274	-0.352004	0.704652
0.0703798	-0.0353774	0.260994	0.272622
0.348421	0.549358	-0.6625	0.928492
-0.0404985	-0.286521	0.449176	0.534316
-0.0404985	-0.286521	0.449176	0.534316
-0.0404985	-0.286521	0.449176	0.534316
-0.0404985	-0.286521	0.449176	0.534316
-0.0404985	-0.286521	0.449176	0.534316
-0.224993	-0.0641391	0.82361	0.856195
-0.224993	-0.0641391	0.82361	0.856195
0.263431	0.689256	1.41125	1.59251
0.263431	0.689256	1.41125	1.59251
0.263431	0.689256	1.41125	1.59251
0.761316	0.0984701	0.489984	0.910705
0.0909341	1.01343	-0.475559	1.12315
0.0909341	1.01343	-0.475559	1.12315
0.0909341	1.01343	-0.475559	1.12315
0.0909341	1.01343	-0.475559	1.12315
0.499796	0.815645	-0.736953	1.20755
-0.122972	0.749755	-0.212287	0.788873
-0.122972	0.749755	-0.212287	0.788873
-0.122972	0.749755	-0.212287	0.788873
-0.122972	0.749755	-0.212287	0.788873
0.37495	-0.346147	0.076334	0.515977
0.238911	0.209326	0.696826	0.765808
0.238911	0.209326	0.696826	0.765808
0.892401	0.51707	1.1176	1.52078
-0.0511098	0.479104	1.21406	1.30618
0.3475	0.966876	0.821092	1.31522
0.3475	0.966876	0.821092	1.31522
0.3475	0.966876	0.821092	1.31522
-0.430948	0.637391	1.42138	1.61626
-1.04662	-0.0861286	1.32913	1.69393
-1.24399	0.370286	1.18108	1.75487
-2.14229	0.319047	1.34493	2.54951
-2.14229	0.319047	1.34493	2.54951
-2.14229	0.319047	1.34493	2.54951
-1.62035	0.0842529	1.48805	2.20157
-1.80565	0.603275	1.57048	2.46794
-1.77227	0.655667	0.893931	2.09044
-0.687217	0.0132342	-0.196045	0.714756
-0.687217	0.0132342	-0.196045	0.714756
-1.3164	-0.235139	0.192476	1.35102
-0.280564	0.309145	-0.0132471	0.417687
-0.280564	0.309145	-0.0132471	0.417687
-0.280564	0.309145	-0.0132471	0.417687
-0.280564	0.309145	-0.0132471	0.417687
-0.280564	0.309145	-0.0132471	0.417687
-0.280564	0.309145	-0.0132471	0.417687
-0.280564	0.309145	-0.0132471	0.417687
-0.280564	0.309145	-0.0132471	0.417687
-0.674748	0.236703	0.450804	0.845303
-1.4794	0.608496	-0.549004	1.69124
-0.36368	0.400956	-1.13705	1.25933
-0.36368	0.400956	-1.13705	1.25933
-0.36368	0.400956	-1.13705	1.25933
-0.804093	0.0750665	-1.45764	1.66641
-0.804093	0.0750665	-1.45764	1.66641
-1.73966	0.341548	-0.404913	1.81852
-0.785843	1.10015	-0.723514	1.53341
-0.0204652	0.355563	-1.35115	1.3973
0.743406	0.098637	-1.53298	1.70658
-0.111427	-0.312569	-2.09307	2.11921
-0.111427	-0.312569	-2.09307	2.11921
-0.111427	-0.312569	-2.09307	2.11921
-0.60617	0.381047	-1.55441	1.71138
-0.60617	0.381047	-1.55441	1.71138
0.272915	-0.709916	-1.06046	1.305
0.272915	-0.709916	-1.06046	1.305
0.272915	-0.709916	-1.06046	1.305
1.16906	-0.73313	-0.0957427	1.38324
1.16906	-0.73313	-0.0957427	1.38324
1.16906	-0.73313	-0.0957427	1.38324
1.16906	-0.73313	-0.0957427	1.38324
1.16906	-0.73313	-0.0957427	1.38324
1.16906	-0.73313	-0.0957427	1.38324
1.16906	-0.73313	-0.0957427	1.38324
1.16906	-0.73313	-0.0957427	1.38324
1.16906	-0.73313	-0.0957427	1.38324
1.16906	-0.73313	-0.0957427	1.38324
1.16906	-0.73313	-0.0957427	1.38324
1.33551	-1.20323	-0.570059	1.88582
0.384845	-0.0786968	0.0965411	0.404498
0.384845	-0.0786968	0.0965411	0.404498
0.384845	-0.0786968	0.0965411	0.404498
0.384845	-0.0786968	0.0965411	0.404498
0.384845	-0.0786968	0.0965411	0.404498
-0.428491	0.384469	-0.278195	0.639385
-0.428491	0.384469	-0.278195	0.639385
-0.346537	1.14289	-0.536892	1.30941
-0.282489	-0.0348674	-1.55649	1.5823
0.454992	0.286975	-1.15336	1.27264
0.454992	0.286975	-1.15336	1.27264
0.454992	0.286975	-1.15336	1.27264
0.454992	0.286975	-1.15336	1.27264
0.376487	-0.518982	-0.7428	0.981242
0.376487	-0.518982	-0.7428	0.981242
0.376487	-0.518982	-0.7428	0.981242
0.376487	-0.518982	-0.7428	0.981242
1.31168	0.529592	0.195758	1.42804
0.852705	0.249258	-0.702029	1.13229
0.852705	0.249258	-0.702029	1.13229
0.852705	0.249258	-0.702029	1.13229
0.9238	-0.320774	0.290118	1.02003
0.9238	-0.320774	0.290118	1.02003
0.0523197	0.0611175	-0.644024	0.64903
0.0523197	0.0611175	-0.644024	0.64903
-1.06524	0.812916	-1.14031	1.75951
-0.715961	0.834096	-0.797253	1.35791
-1.34534	1.71933	-0.0812917	2.18464
-0.469827	0.836415	-1.03179	1.40887
-0.759458	1.00993	-2.01266	2.37645
-0.759458	1.00993	-2.01266	2.37645
-0.759458	1.00993	-2.01266	2.37645
-0.759458	1.00993	-2.01266	2.37645
-0.826669	1.68206	-2.50335	3.12721
-0.603301	1.2002	-2.42559	2.77271
-0.718758	0.266952	-2.31496	2.43863
-0.026653	-0.231728	-2.10422	2.11711
-0.026653	-0.231728	-2.10422	2.11711
-0.599742	0.152093	-2.10677	2.19574
0.13843	-0.241613	-2.11752	2.13575
-0.873733	-0.758254	-2.04563	2.3501
-1.17819	-1.49038	-0.925767	2.11339
-1.17819	-1.49038	-0.925767	2.11339
-1.17819	-1.49038	-0.925767	2.11339
-1.30218	-2.17994	-0.385759	2.56838
-0.265545	-1.56161	-0.524593	1.66864
-0.480954	-2.24196	0.586673	2.36683
-0.659733	-2.24175	1.17163	2.61408
-0.659733	-2.24175	1.17163	2.61408
-0.659733	-2.24175	1.17163	2.61408
-0.659733	-2.24175	1.17163	2.61408
-0.659733	-2.24175	1.17163	2.61408
-0.301358	-2.16433	0.0884062	2.187
-0.301358	-2.16433	0.0884062	2.187
-0.444933	-1.62762	0.104782	1.69059
-0.473865	-0.653677	0.799467	1.13622
-0.403839	-0.446801	0.681098	0.909182
-0.189691	-1.5833	0.444224	1.65534
-0.189691	-1.5833	0.444224	1.65534
-0.189691	-1.5833	0.444224	1.65534
-0.189691	-1.5833	0.444224	1.65534
-0.189691	-1.5833	0.444224	1.65534
-0.189691	-1.5833	0.444224	1.65534
0.358965	-1.48703	1.21173	1.95151
0.358965	-1.48703	1.21173	1.95151
-0.492561	-1.74373	1.25701	2.20528
-0.492561	-1.74373	1.25701	2.20528
-0.492561	-1.74373	1.25701	2.20528
-1.50347	-2.09738	0.121322	2.58343
-0.960009	-1.21478	-0.905508	1.79367
-0.725377	-1.26382	-1.54395	2.12302
0.0289619	-0.740135	-0.816619	1.1025
0.15795	-1.16041	-0.589933	1.3113
-0.224003	-2.22603	-1.39828	2.63829
-0.156004	-1.29636	-1.1651	1.74996
0.176034	-1.06619	-0.286524	1.11797
0.176034	-1.06619	-0.286524	1.11797
0.176034	-1.06619	-0.286524	1.11797
-0.72376	-0.966322	-0.103881	1.21177
-0.72376	-0.966322	-0.103881	1.21177
-0.72376	-0.966322	-0.103881	1.21177
-0.72376	-0.966322	-0.103881	1.21177
-0.72376	-0.966322	-0.103881	1.21177
-0.72376	-0.966322	-0.103881	1.21177
-1.04599	-1.00473	0.203984	1.46465
-0.827658	-0.523785	-0.355564	1.04201
-0.827658	-0.523785	-0.355564	1.04201
-0.827658	-0.523785	-0.355564	1.04201
-0.827658	-0.523785	-0.355564	1.04201
-0.827658	-0.523785	-0.355564	1.04201
-0.827658	-0.523785	-0.355564	1.04201
-0.530343	0.213353	0.344833	0.667602
-0.844656	0.74428	0.629746	1.28995
0.234175	1.16158	-0.507976	1.28924
0.234175	1.16158	-0.507976	1.28924
0.234175	1.16158	-0.507976	1.28924
0.107321	1.4324	-0.920702	1.70616
-0.72642	0.548043	0.0386175	0.910785
-0.0841045	0.179229	-1.14169	1.15873
-0.911718	-0.500764	-0.475685	1.1438
-0.384181	-0.601604	0.702054	1.0012
-0.384181	-0.601604	0.702054	1.0012
-0.766685	-0.0139703	-0.255139	0.808144
-0.766685	-0.0139703	-0.255139	0.808144
0.309437	0.0757115	-0.592094	0.672353
0.309437	0.0757115	-0.592094	0.672353
0.309437	0.0757115	-0.592094	0.672353
-0.388266	-0.194613	0.126014	0.452221
-0.388266	-0.194613	0.126014	0.452221
-0.388266	-0.194613	0.126014	0.452221
0.539151	0.84435	0.46821	1.10582
0.227082	0.990991	-0.264738	1.05058
1.22654	0.751691	0.114423	1.4431
1.22654	0.751691	0.114423	1.4431
0.967441	0.295326	-0.590258	1.17114
0.967441	0.295326	-0.590258	1.17114
0.967441	0.295326	-0.590258	1.17114
1.17115	0.679745	0.507193	1.44599
1.17115	0.679745	0.507193	1.44599
1.17115	0.679745	0.507193	1.44599
1.17115	0.679745	0.507193	1.44599
1.17115	0.679745	0.507193	1.44599
1.39477	1.30774	0.42085	1.95772
1.39477	1.30774	0.42085	1.95772
1.39477	1.30774	0.42085	1.95772
0.992551	1.24341	-0.128007	1.59612
0.992551	1.24341	-0.128007	1.59612
0.992551	1.24341	-0.128007	1.59612
1.816	0.218993	-0.178428	1.83784
1.37445	-0.0287563	-1.19128	1.81909
1.28094	-1.04689	-0.766625	1.82333
0.81772	-0.0638207	-1.66638	1.8573
0.81772	-0.0638207	-1.66638	1.8573
0.81772	-0.0638207	-1.66638	1.8573
0.81772	-0.0638207	-1.66638	1.8573
0.552189	-0.445562	-1.7078	1.84933
0.609475	-0.409895	-2.14622	2.26842
1.57796	0.349162	-2.46151	2.94463
1.57796	0.349162	-2.46151	2.94463
1.98271	0.587565	-2.34303	3.12509
2.43167	-0.426701	-1.20962	2.74924
1.68795	-0.450591	-1.0861	2.05714
1.68795	-0.450591	-1.0861	2.05714
1.48466	0.431771	-0.893823	1.78593
1.78323	1.56151	-0.0492438	2.37079
1.78323	1.56151	-0.0492438	2.37079
0.989963	1.60986	-0.796536	2.05089
0.735129	0.974929	-0.876464	1.50303
0.142727	0.215732	0.179412	0.314802
0.142727	0.215732	0.179412	0.314802
0.142727	0.215732	0.179412	0.314802
0.142727	0.215732	0.179412	0.314802
0.142727	0.215732	0.179412	0.314802
0.142727	0.215732	0.179412	0.314802
0.142727	0.215732	0.179412	0.314802
0.286215	0.348365	0.0785214	0.457649
0.286215	0.348365	0.0785214	0.457649
0.286215	0.348365	0.0785214	0.457649
-0.165835	-0.849459	0.263555	0.904734
-0.165835	-0.849459	0.263555	0.904734
-0.165835	-0.849459	0.263555	0.904734
0.939235	-0.798884	1.10897	1.65837
0.573678	-0.950147	0.0759691	1.1125
0.573678	-0.950147	0.0759691	1.1125
-0.529432	-0.704225	-1.04387	1.36598
-1.11783	-0.151598	-0.0281254	1.12842
-1.3174	0.201049	-0.521497	1.43106
-1.3174	0.201049	-0.521497	1.43106
-1.4272	-0.350315	-0.256375	1.49176
-1.36225	0.0795582	-0.0781084	1.36681
-1.44385	-0.878661	-1.03556	1.9822
-0.775489	-0.384482	-1.33042	1.5872
-0.775489	-0.384482	-1.33042	1.5872
-1.33139	0.223816	-0.868869	1.6055
-1.33139	0.223816	-0.868869	1.6055
-1.33139	0.223816	-0.868869	1.6055
-1.33139	0.223816	-0.868869	1.6055
-1.33139	0.223816	-0.868869	1.6055
-1.33139	0.223816	-0.868869	1.6055
-1.33139	0.223816	-0.868869	1.6055
-1.33139	0.223816	-0.868869	1.6055
-1.33139	0.223816	-0.868869	1.6055
-1.33139	0.223816	-0.868869	1.6055
-1.33139	0.223816	-0.868869	1.6055
-0.767563	0.499269	-0.11125	0.922388
-0.767563	0.499269	-0.11125	0.922388
-0.767563	0.499269	-0.11125	0.922388
-0.887281	-0.000818623	-0.345043	0.952009
-0.811207	0.196118	0.442744	0.944744
-0.811207	0.196118	0.442744	0.944744
-0.811207	0.196118	0.442744	0.944744
-0.468835	0.893998	1.29477	1.64179
-1.39947	0.640231	0.903848	1.78475
-0.775179	-0.42261	0.627244	1.08302
-0.157051	-0.30062	0.986721	1.04339
-0.157051	-0.30062	0.986721	1.04339
-1.10103	0.756642	1.07427	1.7143
-1.0188	-0.181114	1.30793	1.66777
-1.30048	-0.104709	1.67617	2.12409
-1.30048	-0.104709	1.67617	2.12409
-1.30048	-0.104709	1.67617	2.12409
-1.03606	0.0281728	2.14671	2.38382
-0.628343	-0.53081	1.47311	1.6872
-0.628343	-0.53081	1.47311	1.6872
0.0772845	-0.773908	0.644158	1.00987
0.0772845	-0.773908	0.644158	1.00987
0.0772845	-0.773908	0.644158	1.00987
0.319514	0.263252	1.0034	1.08545
0.319514	0.263252	1.0034	1.08545
0.319514	0.263252	1.0034	1.08545
-0.824934	-0.603282	0.59441	1.18228
-0.0537961	0.36107	0.733456	0.819282
-0.624352	0.367896	1.78926	1.93044
-0.574306	0.26538	1.4322	1.56571
-1.51484	0.53044	0.415638	1.65797
-1.51484	0.53044	0.415638	1.65797
-1.09007	0.700357	-0.345437	1.34092
-1.09007	0.700357	-0.345437	1.34092
-0.888988	0.586831	0.492719	1.17365
-0.888988	0.586831	0.492719	1.17365
-0.615575	-0.492319	0.761174	1.09576
-0.615575	-0.492319	0.761174	1.09576
-0.170393	0.339597	-0.261297	0.461125
-0.170393	0.339597	-0.261297	0.461125
-0.170393	0.339597	-0.261297	0.461125
0.0511817	0.408278	-0.0177315	0.411855
0.0511817	0.408278	-0.0177315	0.411855
0.743255	0.219742	0.681266	1.03191
-0.0134987	0.311278	0.814747	0.87229
-0.0134987	0.311278	0.814747	0.87229
-0.0134987	0.311278	0.814747	0.87229
-0.625775	1.0262	0.401458	1.26722
-0.350088	1.43576	-0.636074	1.6089
-0.500324	0.738084	0.335068	0.952556
-0.500324	0.738084	0.335068	0.952556
-0.500324	0.738084	0.335068	0.952556
-0.500324	0.738084	0.335068	0.952556
-0.500324	0.738084	0.335068	0.952556
-0.500324	0.738084	0.335068	0.952556
-1.28555	-0.20727	0.899845	1.58282
-0.901638	-0.912046	0.0188417	1.28263
-0.221558	-0.826793	1.05315	1.35713
-0.296833	-0.849415	0.214946	0.925104
0.578163	0.0194639	-0.191197	0.609268
0.578163	0.0194639	-0.191197	0.609268
0.578163	0.0194639	-0.191197	0.609268
0.578163	0.0194639	-0.191197	0.609268
0.00806229	-0.0887607	-1.31118	1.3142
0.179174	0.215073	-1.4993	1.52521
-0.0661191	-0.731651	-1.0347	1.26897
-0.0661191	-0.731651	-1.0347	1.26897
-0.0661191	-0.731651	-1.0347	1.26897
-0.0661191	-0.731651	-1.0347	1.26897
-0.0661191	-0.731651	-1.0347	1.26897
-0.0661191	-0.731651	-1.0347	1.26897
-0.935182	0.193155	-0.852049	1.27979
-1.35555	-0.0877616	-0.658182	1.50944
-1.35555	-0.0877616	-0.658182	1.50944
-1.35555	-0.0877616	-0.658182	1.50944
-1.84166	-0.905237	0.136208	2.05662
-1.84166	-0.905237	0.136208	2.05662
-2.05298	-0.321509	-0.0286052	2.0782
-1.80212	-0.0312481	-0.943143	2.03424
-1.95095	-0.667389	-1.07735	2.32643
-1.95095	-0.667389	-1.07735	2.32643
-1.95095	-0.667389	-1.07735	2.32643
-1.7939	-0.00183603	-0.691481	1.92256
-1.7939	-0.00183603	-0.691481	1.92256
-1.7939	-0.00183603	-0.691481	1.92256
-1.7939	-0.00183603	-0.691481	1.92256
-2.19366	-0.193692	0.442849	2.24628
-2.19366	-0.193692	0.442849	2.24628
-1.66733	-0.103584	1.15044	2.02835
-2.32406	0.997608	0.616281	2.60313
-2.32406	0.997608	0.616281	2.60313
-1.20673	0.128254	-0.227668	1.2347
-0.963175	-0.0234876	-0.551657	1.11022
-0.963175	-0.0234876	-0.551657	1.11022
-0.687234	-0.837444	-1.53026	1.87492
-0.687234	-0.837444	-1.53026	1.87492
0.201847	0.137757	-2.25726	2.27045
0.84133	1.1758	-2.02649	2.48938
0.84133	1.1758	-2.02649	2.48938
1.23533	0.00266688	-1.63707	2.05087
0.680104	0.0654882	-1.07192	1.27116
0.705905	-0.346855	-1.52358	1.71462
0.705905	-0.346855	-1.52358	1.71462
0.705905	-0.346855	-1.52358	1.71462
0.0727811	0.424694	-1.75153	1.80375
-0.992156	1.51849	-2.04118	2.73068
-2.02117	0.525365	-2.25043	3.07011
-2.02117	0.525365	-2.25043	3.07011
-2.02117	0.525365	-2.25043	3.07011
-2.02117	0.525365	-2.25043	3.07011
-1.7499	1.33575	-1.51574	2.67279
-2.04465	1.08948	-0.573974	2.38684
-1.97389	0.158358	-1.19382	2.31225
-2.16595	0.955056	-0.271929	2.38273
-2.78316	0.898791	-0.60943	2.98751
-2.78316	0.898791	-0.60943	2.98751
-2.2798	1.65493	-0.140587	2.82065
-1.10519	0.772645	0.391132	1.40407
-0.296536	0.39836	0.872224	1.00369
-0.752989	-0.446762	-0.106257	0.881975
-0.752989	-0.446762	-0.106257	0.881975
-0.377821	-0.6879	0.414409	0.887519
-0.377821	-0.6879	0.414409	0.887519
-0.639852	-0.544188	0.670215	1.07459
-0.639852	-0.544188	0.670215	1.07459
-0.639852	-0.544188	0.670215	1.07459
-0.639852	-0.544188	0.670215	1.07459
-1.50508	-1.70292	0.508979	2.32901
-0.822074	-0.784295	-0.00203354	1.13619
0.340696	0.393718	-1.0086	1.13506
0.926847	-0.669207	-0.0361524	1.14376
-0.0755211	-0.248205	1.08312	1.11376
-0.0755211	-0.248205	1.08312	1.11376
-0.674722	0.29223	0.341147	0.810574
-0.674722	0.29223	0.341147	0.810574
-0.674722	0.29223	0.341147	0.810574
-0.674722	0.29223	0.341147	0.810574
-0.674722	0.29223	0.341147	0.810574
-0.674722	0.29223	0.341147	0.810574
-0.674722	0.29223	0.341147	0.810574
-0.674722	0.29223	0.341147	0.810574
-0.365683	0.295983	0.988854	1.09506
-0.365683	0.295983	0.988854	1.09506
-0.365683	0.295983	0.988854	1.09506
0.405518	1.44567	0.594708	1.61495
-0.631831	1.10652	-0.188515	1.28807
-0.631831	1.10652	-0.188515	1.28807
-0.631831	1.10652	-0.188515	1.28807
-0.631831	1.10652	-0.188515	1.28807
-1.52271	-0.0420968	0.110413	1.52729
-2.07252	0.635203	-0.0811089	2.16919
-1.55436	0.229831	0.482897	1.64379
-1.65668	0.249496	0.394787	1.72125
-1.65668	0.249496	0.394787	1.72125
-1.65668	0.249496	0.394787	1.72125
-0.611271	-0.936934	0.841814	1.40005
-0.611271	-0.936934	0.841814	1.40005
-0.611271	-0.936934	0.841814	1.40005
-0.611271	-0.936934	0.841814	1.40005
-0.611271	-0.936934	0.841814	1.40005
-0.611271	-0.936934	0.841814	1.40005
-0.611271	-0.936934	0.841814	1.40005
-0.611271	-0.936934	0.841814	1.40005
-0.611271	-0.936934	0.841814	1.40005
-1.43671	-1.23468	0.586544	1.98308
-1.43671	-1.23468	0.586544	1.98308
-0.719433	-0.189665	1.31689	1.51253
0.432748	-0.692864	1.63412	1.82693
0.930194	-0.75044	0.59701	1.33598
0.615402	0.364217	0.31585	0.781751
0.359989	0.540872	0.437502	0.783289
-0.490006	0.10873	0.219364	0.547767
-0.272493	0.339328	0.328457	0.545235
-0.272493	0.339328	0.328457	0.545235
0.312299	-0.327336	-0.8115	0.929092
0.312299	-0.327336	-0.8115	0.929092
0.726232	-0.196303	0.367803	0.837393
-0.417777	0.22249	0.76388	0.898639
-0.417777	0.22249	0.76388	0.898639
-0.417777	0.22249	0.76388	0.898639
-0.927141	0.480493	1.19182	1.58458
-0.995163	-0.679178	1.49182	1.91759
0.11711	-0.0743441	0.763887	0.77638
0.24932	-0.761464	0.45705	0.922434
0.24932	-0.761464	0.45705	0.922434
0.485949	0.25429	0.568544	0.78997
0.485949	0.25429	0.568544	0.78997
-0.46407	0.0675388	-0.0140129	0.469168
-0.697881	0.23349	0.351432	0.815512
-0.758172	-0.0208578	-0.150963	0.773337
-0.758172	-0.0208578	-0.150963	0.773337
-1.65122	-1.17283	0.349782	2.05533
-1.65122	-1.17283	0.349782	2.05533
-1.00938	-0.313488	1.2808	1.66059
-0.492038	0.36231	0.865974	1.05985
-0.49752	0.702059	1.8894	2.07611
0.224556	0.872008	1.9981	2.19163
-0.54011	-0.272107	1.64767	1.75516
-1.70848	-1.25834	1.20695	2.44112
-1.70848	-1.25834	1.20695	2.44112
-1.70848	-1.25834	1.20695	2.44112
-1.99333	-1.12349	0.651802	2.37917
-2.52071	-0.928604	-0.281622	2.70103
-2.52071	-0.928604	-0.281622	2.70103
-2.52071	-0.928604	-0.281622	2.70103
-2.53321	-1.53406	0.256772	2.97261
-2.53321	-1.53406	0.256772	2.97261
-1.55469	-2.45284	0.79727	3.0115
-1.55469	-2.45284	0.79727	3.0115
-1.55469	-2.45284	0.79727	3.0115
-1.96463	-1.94178	1.81137	3.30323
-1.40274	-3.11217	1.29609	3.65146
-0.914581	-2.60794	1.37529	3.08694
-0.465358	-2.87097	0.36426	2.93116
-0.465358	-2.87097	0.36426	2.93116
-0.465358	-2.87097	0.36426	2.93116
0.407054	-3.0623	-0.326314	3.10642
-0.00221008	-2.01727	0.0809069	2.0189
-0.913825	-2.69721	0.199842	2.85481
-0.0481113	-2.70154	1.01732	2.88714
0.402758	-2.47851	1.44856	2.89889
0.402758	-2.47851	1.44856	2.89889
-0.712696	-2.41664	1.45523	2.90961
-0.712696	-2.41664	1.45523	2.90961
-0.712696	-2.41664	1.45523	2.90961
-1.31043	-1.78993	1.65499	2.76768
-1.31043	-1.78993	1.65499	2.76768
-1.31043	-1.78993	1.65499	2.76768
-0.935191	-1.33062	2.43775	2.93049
0.0623709	-1.63603	2.4504	2.94702
0.0623709	-1.63603	2.4504	2.94702
0.901275	-1.41883	1.25671	2.09874
1.04587	-0.663824	1.42627	1.88911
1.04587	-0.663824	1.42627	1.88911
1.04587	-0.663824	1.42627	1.88911
1.04587	-0.663824	1.42627	1.88911
0.404102	-0.630548	1.85388	1.99944
0.0151058	-1.72648	0.843145	1.92142
0.0151058	-1.72648	0.843145	1.92142
-1.0036	-0.847681	0.793627	1.5348
-0.551724	-0.978228	1.14601	1.60457
0.496099	-0.936386	0.271609	1.09394
-0.542785	-0.587272	0.804019	1.134
-0.542785	-0.587272	0.804019	1.134
-0.542785	-0.587272	0.804019	1.134
-0.542785	-0.587272	0.804019	1.134
-0.542785	-0.587272	0.804019	1.134
0.357062	0.217951	0.400303	0.578998
0.357062	0.217951	0.400303	0.578998
0.443067	0.471132	0.991998	1.1842
0.443067	0.471132	0.991998	1.1842
0.443067	0.471132	0.991998	1.1842
0.443067	0.471132	0.991998	1.1842
0.443067	0.471132	0.991998	1.1842
0.187711	-0.176939	1.66828	1.6881
0.574076	-1.33917	1.34816	1.98506
0.226623	-2.0461	0.530197	2.1258
0.319818	-1.36457	-0.286792	1.43059
-0.86838	-0.710004	0.770439	1.3608
-0.121826	-1.48266	-0.336417	1.52523
-0.121826	-1.48266	-0.336417	1.52523
-1.21417	-1.11759	-0.465007	1.71448
-1.21417	-1.11759	-0.465007	1.71448
-1.21417	-1.11759	-0.465007	1.71448
-2.23295	-1.75584	0.411016	2.87018
-2.23295	-1.75584	0.411016	2.87018
-2.23295	-1.75584	0.411016	2.87018
-2.23295	-1.75584	0.411016	2.87018
-2.23295	-1.75584	0.411016	2.87018
-2.16471	-1.16679	0.354198	2.48452
-2.16471	-1.16679	0.354198	2.48452
-2.16471	-1.16679	0.354198	2.48452
-2.16471	-1.16679	0.354198	2.48452
-1.24946	-1.25371	0.466913	1.83056
-1.56149	-0.91491	-0.716491	1.94645
-1.56149	-0.91491	-0.716491	1.94645
-1.56149	-0.91491	-0.716491	1.94645
-1.65111	-1.32736	0.312675	2.14145
-1.24699	-0.605551	0.454656	1.4589
-0.289854	0.145421	0.474377	0.574627
-0.289854	0.145421	0.474377	0.574627
-0.289854	0.145421	0.474377	0.574627
-0.289854	0.145421	0.474377	0.574627
-0.289854	0.145421	0.474377	0.574627
-0.289854	0.145421	0.474377	0.574627
-0.289854	0.145421	0.474377	0.574627
-0.289854	0.145421	0.474377	0.574627
-0.289854	0.145421	0.474377	0.574627
-0.289854	0.145421	0.474377	0.574627
-1.00782	0.406723	-0.0518817	1.08804
-1.00782	0.406723	-0.0518817	1.08804
-1.00782	0.406723	-0.0518817	1.08804
-0.183243	-0.29958	0.199992	0.404133
-0.183243	-0.29958	0.199992	0.404133
-0.183243	-0.29958	0.199992	0.404133
-0.183243	-0.29958	0.199992	0.404133
-0.183243	-0.29958	0.199992	0.404133
-0.586564	-0.27965	-0.348458	0.73735
-0.586564	-0.27965	-0.348458	0.73735
-0.586564	-0.27965	-0.348458	0.73735
-0.586564	-0.27965	-0.348458	0.73735
-0.778733	-0.904765	0.296069	1.22991
0.264211	0.183853	0.492645	0.58848
0.264211	0.183853	0.492645	0.58848
0.264211	0.183853	0.492645	0.58848
0.264211	0.183853	0.492645	0.58848
-0.723025	-0.709468	0.786144	1.28224
-0.723025	-0.709468	0.786144	1.28224
-0.723025	-0.709468	0.786144	1.28224
0.0750678	-0.909797	0.259579	0.949077
0.0750678	-0.909797	0.259579	0.949077
0.0291971	0.288137	0.472631	0.554306
0.331427	0.0688199	1.03796	1.09176
0.331427	0.0688199	1.03796	1.09176
0.331427	0.0688199	1.03796	1.09176
0.331427	0.0688199	1.03796	1.09176
0.331427	0.0688199	1.03796	1.09176
0.331427	0.0688199	1.03796	1.09176
0.761074	-0.733844	0.146005	1.06728
-0.29231	-0.746279	0.954638	1.24648
0.510673	-0.148081	1.10225	1.2238
-0.667052	-0.410737	0.643575	1.01383
-0.667052	-0.410737	0.643575	1.01383
-0.667052	-0.410737	0.643575	1.01383
-0.190345	0.0190399	0.190837	0.270208
-0.190345	0.0190399	0.190837	0.270208
-0.197024	0.630718	0.313733	0.731472
-0.197024	0.630718	0.313733	0.731472
-0.197024	0.630718	0.313733	0.731472
-0.197024	0.630718	0.313733	0.731472
-0.197024	0.630718	0.313733	0.731472
0.405969	0.273508	0.122658	0.504641
0.660851	0.177729	-0.479956	0.835864
0.660851	0.177729	-0.479956	0.835864
0.660851	0.177729	-0.479956	0.835864
0.456956	-0.312743	-0.0795772	0.559419
-0.515579	-0.273967	0.289338	0.65161
-0.515579	-0.273967	0.289338	0.65161
-0.515579	-0.273967	0.289338	0.65161
-0.515579	-0.273967	0.289338	0.65161
-0.515579	-0.273967	0.289338	0.65161
-0.515579	-0.273967	0.289338	0.65161
-0.515579	-0.273967	0.289338	0.65161
-0.515579	-0.273967	0.289338	0.65161
-0.515579	-0.273967	0.289338	0.65161
-0.515579	-0.273967	0.289338	0.65161
0.0051052	0.062919	0.484893	0.488984
0.0051052	0.062919	0.484893	0.488984
0.0051052	0.062919	0.484893	0.488984
0.342899	0.269874	-0.0448294	0.438659
0.342899	0.269874	-0.0448294	0.438659
0.342899	0.269874	-0.0448294	0.438659
0.342899	0.269874	-0.0448294	0.438659
0.342899	0.269874	-0.0448294	0.438659
0.342899	0.269874	-0.0448294	0.438659
0.342899	0.269874	-0.0448294	0.438659
0.342899	0.269874	-0.0448294	0.438659
0.342899	0.269874	-0.0448294	0.438659
-0.43967	0.299774	0.57065	0.780266
0.10801	-0.207254	0.428817	0.488369
0.10801	-0.207254	0.428817	0.488369
0.10801	-0.207254	0.428817	0.488369
0.10801	-0.207254	0.428817	0.488369
-0.0431817	-0.0379078	1.39151	1.3927
-0.0431817	-0.0379078	1.39151	1.3927
-0.0431817	-0.0379078	1.39151	1.3927
-0.210999	-0.241795	0.386496	0.502359
-1.17547	0.32981	1.05133	1.61114
-1.17547	0.32981	1.05133	1.61114
-1.86958	-0.752387	0.676839	2.12592
-1.86958	-0.752387	0.676839	2.12592
-1.86958	-0.752387	0.676839	2.12592
-1.86958	-0.752387	0.676839	2.12592
-2.50048	-1.04762	1.87264	3.29495
-1.51071	-1.97573	2.6321	3.62128
-1.51071	-1.97573	2.6321	3.62128
-0.325683	-1.85271	3.67005	4.12406
-1.052	-1.58011	3.09022	3.62669
-1.052	-1.58011	3.09022	3.62669
-1.052	-1.58011	3.09022	3.62669
-0.459858	-0.680814	2.00091	2.16301
0.474566	-1.85433	1.03452	2.17577
0.614379	-2.12051	2.03734	3.00413
0.614379	-2.12051	2.03734	3.00413
0.614379	-2.12051	2.03734	3.00413
-0.123488	-2.00975	2.00738	2.84322
-0.123488	-2.00975	2.00738	2.84322
1.04891	-1.16502	2.4903	2.94263
0.362615	-0.867422	1.65501	1.90341
0.362615	-0.867422	1.65501	1.90341
0.368795	-0.675345	1.64712	1.81799
0.368795	-0.675345	1.64712	1.81799
0.368795	-0.675345	1.64712	1.81799
0.681954	0.00522402	1.54067	1.68486
-0.0241754	-0.159182	0.878328	0.892963
-0.0241754	-0.159182	0.878328	0.892963
-0.0241754	-0.159182	0.878328	0.892963
-0.0241754	-0.159182	0.878328	0.892963
0.995853	0.880013	1.04646	1.69152
0.995853	0.880013	1.04646	1.69152
0.995853	0.880013	1.04646	1.69152
0.995853	0.880013	1.04646	1.69152
0.182003	1.84053	1.22364	2.21765
1.37588	1.54494	0.77315	2.20854
0.920443	1.02905	-0.395231	1.43609
0.441404	0.64478	-1.49238	1.68457
0.395147	0.369775	-1.87271	1.94933
0.873494	1.21513	-1.64366	2.22287
0.873494	1.21513	-1.64366	2.22287
1.98701	2.30058	-0.97367	3.19201
1.58186	2.92125	-1.61346	3.69313
1.27445	3.37891	-0.517216	3.64812
1.27445	3.37891	-0.517216	3.64812
1.27445	3.37891	-0.517216	3.64812
1.07971	2.25461	-0.305744	2.51844
1.7623	1.22949	-0.703335	2.26097
1.7623	1.22949	-0.703335	2.26097
1.31814	0.488347	-1.05545	1.75783
0.941875	0.774244	-0.951434	1.54655
0.941875	0.774244	-0.951434	1.54655
0.941875	0.774244	-0.951434	1.54655
0.941875	0.774244	-0.951434	1.54655
0.941875	0.774244	-0.951434	1.54655
0.0553682	-0.162621	-0.216336	0.276247
0.354809	0.101931	-0.966974	1.03504
1.02639	-0.0588307	-0.84452	1.33047
1.02639	-0.0588307	-0.84452	1.33047
1.02639	-0.0588307	-0.84452	1.33047
0.395828	-0.619889	0.0214283	0.7358
-0.632781	0.361213	0.372935	0.818515
-0.8832	1.42101	-0.433333	1.72832
0.0732079	1.20653	-0.519464	1.31564
0.0732079	1.20653	-0.519464	1.31564
0.0732079	1.20653	-0.519464	1.31564
0.0732079	1.20653	-0.519464	1.31564
0.598952	0.660069	-0.166905	0.906803
-0.550961	-0.492259	0.13524	0.75111
-0.550961	-0.492259	0.13524	0.75111
-0.550961	-0.492259	0.13524	0.75111
0.260952	0.325493	0.470035	0.62847
0.260952	0.325493	0.470035	0.62847
0.260952	0.325493	0.470035	0.62847
-0.817989	-0.382365	-0.0713825	0.905762
-0.817989	-0.382365	-0.0713825	0.905762
-0.569292	-1.28904	1.04483	1.75424
-0.569292	-1.28904	1.04483	1.75424
-0.569292	-1.28904	1.04483	1.75424
-0.569292	-1.28904	1.04483	1.75424
0.310453	-0.98312	0.830166	1.32366
-0.192686	-0.823252	0.721536	1.11152
-0.545663	-0.118969	0.0383418	0.559796
-0.221647	-0.340714	-0.594796	0.720413
-0.221647	-0.340714	-0.594796	0.720413
-0.221647	-0.340714	-0.594796	0.720413
-1.02456	0.366765	-0.909682	1.41837
-1.34209	-0.469495	-1.63835	2.16929
-0.467505	0.640914	-0.928775	1.22146
-0.34586	0.703973	-1.07394	1.32986
-0.34586	0.703973	-1.07394	1.32986
0.231522	1.51544	-0.859957	1.75775
0.495863	1.00558	-0.79595	1.37499
-0.121639	1.05415	-0.533221	1.18758
-0.818746	0.826635	0.491095	1.26287
-0.818746	0.826635	0.491095	1.26287
-0.818746	0.826635	0.491095	1.26287
-0.305931	1.21511	1.13887	1.69325
-0.305931	1.21511	1.13887	1.69325
0.40897	0.489061	0.116451	0.648073
0.40897	0.489061	0.116451	0.648073
0.214766	0.45415	0.332354	0.602359
0.214766	0.45415	0.332354	0.602359
-0.13308	-0.298006	1.14321	1.18889
-0.379852	-0.208866	0.232706	0.492
-0.379852	-0.208866	0.232706	0.492
-0.379852	-0.208866	0.232706	0.492
-0.379852	-0.208866	0.232706	0.492
-0.379852	-0.208866	0.232706	0.492
-0.595388	-0.582869	-0.0804357	0.837074
-0.595388	-0.582869	-0.0804357	0.837074
-0.595388	-0.582869	-0.0804357	0.837074
-0.103818	-0.426965	-0.212304	0.488006
0.445114	-0.468263	0.601653	0.882827
0.924444	0.534346	-0.261302	1.09927
0.924444	0.534346	-0.261302	1.09927
0.924444	0.534346	-0.261302	1.09927
0.846731	0.243763	0.641238	1.08975
-0.156763	1.17056	0.69998	1.37287
-0.156763	1.17056	0.69998	1.37287
-0.156763	1.17056	0.69998	1.37287
0.297234	0.208762	-0.170306	0.401165
0.297234	0.208762	-0.170306	0.401165
0.297234	0.208762	-0.170306	0.401165
-0.584623	0.593858	-1.29038	1.53608
-0.584623	0.593858	-1.29038	1.53608
-0.584623	0.593858	-1.29038	1.53608
0.246483	0.145828	-1.98303	2.0036
0.246483	0.145828	-1.98303	2.0036
0.246483	0.145828	-1.98303	2.0036
0.246483	0.145828	-1.98303	2.0036
0.246483	0.145828	-1.98303	2.0036
0.246483	0.145828	-1.98303	2.0036
0.246483	0.145828	-1.98303	2.0036
-0.526264	0.0635865	-1.51843	1.6083
-0.979105	-1.07939	-1.45041	2.05607
-1.43164	-0.394679	-1.30838	1.9792
-1.53694	0.315604	-1.47856	2.15591
-1.53694	0.315604	-1.47856	2.15591
-0.859617	0.270507	-0.632966	1.10125
-1.12925	0.132577	-1.07669	1.5659
-0.325493	-0.766636	-1.14076	1.41245
0.846097	-1.47927	-0.722866	1.85112
0.455027	-1.81408	0.23915	1.8855
0.356761	-2.26584	-0.617944	2.37553
-0.658203	-1.2662	0.453657	1.49743
-0.658203	-1.2662	0.453657	1.49743
-0.249909	-0.0874624	0.544682	0.605626
-0.36234	0.724378	0.281944	0.857616
-0.36234	0.724378	0.281944	0.857616
-0.36234	0.724378	0.281944	0.857616
-0.984958	-0.185234	-0.533111	1.13519
-0.984958	-0.185234	-0.533111	1.13519
-0.0508259	0.361109	0.343622	0.501058
-0.0508259	0.361109	0.343622	0.501058
-0.0508259	0.361109	0.343622	0.501058
-0.0508259	0.361109	0.343622	0.501058
0.657884	-0.714314	0.285082	1.01209
0.322604	-0.574063	1.00672	1.20295
0.322604	-0.574063	1.00672	1.20295
-0.141694	-0.0281155	2.02262	2.02777
-0.870902	-0.500987	1.39945	1.72276
-0.700926	-0.478751	0.631503	1.05797
0.155311	0.328688	-0.425799	0.559877
0.155311	0.328688	-0.425799	0.559877
1.23471	-0.432716	-0.0656935	1.30999
0.863447	0.516132	-0.144728	1.01631
0.863447	0.516132	-0.144728	1.01631
0.863447	0.516132	-0.144728	1.01631
0.863447	0.516132	-0.144728	1.01631
0.863447	0.516132	-0.144728	1.01631
0.158896	1.0122	-0.268122	1.05909
0.158896	1.0122	-0.268122	1.05909
0.277237	0.236412	-0.70489	0.793487
0.277237	0.236412	-0.70489	0.793487
0.277237	0.236412	-0.70489	0.793487
1.20261	0.0750462	0.348169	1.25424
1.20261	0.0750462	0.348169	1.25424
1.14833	-0.455371	1.00355	1.59158
0.586259	-0.167325	1.4295	1.55408
0.586259	-0.167325	1.4295	1.55408
0.18549	0.658312	1.10567	1.30011
0.18549	0.658312	1.10567	1.30011
-0.897888	-0.152287	0.769126	1.19204
-0.897888	-0.152287	0.769126	1.19204
-0.246312	0.213413	0.945798	1.00037
-1.17102	0.846264	-0.0883547	1.4475
-0.458005	-0.0731979	0.726014	0.861524
0.0535905	-0.432443	-0.194163	0.477052
0.0535905	-0.432443	-0.194163	0.477052
0.0535905	-0.432443	-0.194163	0.477052
0.017688	-1.20459	0.995357	1.56272
-0.030009	-0.424046	1.1626	1.23788
0.789128	0.465569	0.453276	1.02222
0.921071	1.04951	0.545532	1.49915
0.983769	0.761021	-0.0187917	1.24391
0.983769	0.761021	-0.0187917	1.24391
0.983769	0.761021	-0.0187917	1.24391
1.18293	1.11129	0.642695	1.74567
0.587347	0.672919	1.51095	1.75521
0.587347	0.672919	1.51095	1.75521
0.587347	0.672919	1.51095	1.75521
0.587347	0.672919	1.51095	1.75521
0.587347	0.672919	1.51095	1.75521
-0.0415182	1.31234	1.30185	1.84899
-0.0415182	1.31234	1.30185	1.84899
1.1581	0.257297	0.390796	1.24904
0.118827	-0.878332	-0.579765	1.05911
0.118827	-0.878332	-0.579765	1.05911
0.801978	-1.09359	-0.472763	1.43618
0.801978	-1.09359	-0.472763	1.43618
0.801978	-1.09359	-0.472763	1.43618
-0.331309	-0.696605	-1.19715	1.42415
0.361378	0.459027	-0.886657	1.06182
0.210787	0.87805	0.110111	0.909686
1.11483	0.744846	0.220713	1.35881
-0.0799072	0.794891	-0.372532	0.881485
0.807892	0.473192	0.0181587	0.936445
0.468202	1.14385	-1.10967	1.66101
0.172587	0.797261	-0.870332	1.19285
1.16405	0.120329	-0.423764	1.24461
1.16405	0.120329	-0.423764	1.24461
1.16405	0.120329	-0.423764	1.24461
1.16405	0.120329	-0.423764	1.24461
1.16405	0.120329	-0.423764	1.24461
1.16405	0.120329	-0.423764	1.24461
1.08471	-0.528735	-1.58034	1.98837
1.27041	-0.569557	-1.59433	2.11665
1.27041	-0.569557	-1.59433	2.11665
1.19573	-0.356515	-1.23672	1.7568
1.19573	-0.356515	-1.23672	1.7568
1.19573	-0.356515	-1.23672	1.7568
1.10977	0.123414	-0.764563	1.35329
1.10977	0.123414	-0.764563	1.35329
1.10977	0.123414	-0.764563	1.35329
0.298186	-0.117403	-0.916714	0.971114
0.298186	-0.117403	-0.916714	0.971114
-0.288244	-0.74462	0.0572659	0.800514
-0.288244	-0.74462	0.0572659	0.800514
-0.819567	-0.283395	-0.161464	0.882085
-1.01617	0.449384	-1.17115	1.61435
-1.40972	-0.159945	-1.35343	1.96078
-1.40972	-0.159945	-1.35343	1.96078
-1.40972	-0.159945	-1.35343	1.96078
-0.282469	0.953778	-1.29215	1.63069
-1.25056	0.120806	-1.81654	2.20869
-1.25056	0.120806	-1.81654	2.20869
-2.22053	1.06395	-1.07439	2.68646
-2.52892	0.826253	-0.281676	2.67535
-2.22603	1.20976	0.676645	2.62232
-2.22603	1.20976	0.676645	2.62232
-1.47535	2.0875	0.312032	2.57521
-2.60952	1.33521	-0.724369	3.01945
-2.45729	0.706251	0.298213	2.5741
-2.64518	-0.122424	-0.857114	2.78327
-2.64518	-0.122424	-0.857114	2.78327
-1.56481	-0.0641032	-0.866181	1.7897
-1.11343	0.603092	-1.0017	1.61457
-1.45402	0.655393	-0.926556	1.84451
-1.45402	0.655393	-0.926556	1.84451
-1.05447	-0.363655	-0.66025	1.29618
-1.05447	-0.363655	-0.66025	1.29618
-1.05447	-0.363655	-0.66025	1.29618
-1.05447	-0.363655	-0.66025	1.29618
-1.05447	-0.363655	-0.66025	1.29618
-2.05409	0.0903977	-0.932801	2.25778
-1.9569	0.824634	-1.6113	2.66566
-1.9569	0.824634	-1.6113	2.66566
-1.70716	0.91351	-0.921808	2.14444
-1.94555	0.155117	-0.964288	2.17694
-0.989288	0.476715	-0.374109	1.16013
-1.06437	-0.0327618	0.357762	1.12337
-1.42393	-0.754603	0.395634	1.65938
-1.45487	0.237779	-0.694583	1.62961
-1.15696	-0.334754	-1.31476	1.78303
-1.33178	-1.37001	-0.237555	1.92536
-1.33178	-1.37001	-0.237555	1.92536
-1.33178	-1.37001	-0.237555	1.92536
-0.191577	-1.63761	-0.0560809	1.64973
0.462957	-0.496019	0.432191	0.804459
1.33731	0.0868643	-0.391005	1.39601
1.0783	-0.795326	-0.326782	1.37915
1.28997	0.13257	-1.07413	1.68385
1.28997	0.13257	-1.07413	1.68385
1.41553	0.132295	-0.952354	1.7112
0.491744	-0.373096	-1.15085	1.30593
0.491744	-0.373096	-1.15085	1.30593
-0.428832	0.261308	-0.768471	0.918002
0.52632	0.00714962	0.310367	0.611058
0.52632	0.00714962	0.310367	0.611058
0.232335	0.62566	0.710759	0.974992
0.417908	-0.0745515	0.609507	0.742767
1.10374	1.03461	-0.168971	1.52224
1.10374	1.03461	-0.168971	1.52224
0.420444	1.20666	-0.358439	1.32713
-0.585378	0.655829	0.370794	0.954079
-0.192626	1.05679	1.38263	1.75088
-0.192626	1.05679	1.38263	1.75088
-0.192626	1.05679	1.38263	1.75088
-0.192626	1.05679	1.38263	1.75088
-0.814983	0.464498	1.42993	1.71016
-0.814983	0.464498	1.42993	1.71016
-0.150542	0.203976	2.12906	2.1441
-0.150542	0.203976	2.12906	2.1441
-0.150542	0.203976	2.12906	2.1441
0.806887	0.201861	1.13037	1.40341
0.806887	0.201861	1.13037	1.40341
-0.364527	0.315679	0.0260421	0.48292
-0.364527	0.315679	0.0260421	0.48292
0.405995	-0.512814	0.215007	0.688505
0.271657	0.22643	0.0284674	0.354794
0.271657	0.22643	0.0284674	0.354794
0.271657	0.22643	0.0284674	0.354794
0.271657	0.22643	0.0284674	0.354794
0.271657	0.22643	0.0284674	0.354794
0.271657	0.22643	0.0284674	0.354794
0.271657	0.22643	0.0284674	0.354794
0.271657	0.22643	0.0284674	0.354794
0.271657	0.22643	0.0284674	0.354794
0.271657	0.22643	0.0284674	0.354794
0.271657	0.22643	0.0284674	0.354794
0.271657	0.22643	0.0284674	0.354794
0.271657	0.22643	0.0284674	0.354794
0.271657	0.22643	0.0284674	0.354794
0.271657	0.22643	0.0284674	0.354794
-0.726253	-0.26287	-0.127861	0.782874
-0.726253	-0.26287	-0.127861	0.782874
-0.726253	-0.26287	-0.127861	0.782874
-0.726253	-0.26287	-0.127861	0.782874
-0.563183	0.552842	-0.259171	0.83065
-0.130179	0.219416	0.325724	0.413747
-0.130179	0.219416	0.325724	0.413747
-0.130179	0.219416	0.325724	0.413747
0.602577	-0.856984	0.495692	1.15898
0.939665	-0.952075	-0.177103	1.34936
0.971721	-0.196547	0.102988	0.996735
0.168035	6.98435e-05	0.815088	0.832229
0.168035	6.98435e-05	0.815088	0.832229
0.168035	6.98435e-05	0.815088	0.832229
1.11004	0.131472	0.88435	1.42532
1.11004	0.131472	0.88435	1.42532
1.11004	0.131472	0.88435	1.42532
1.76847	0.39359	0.372049	1.84954
0.852579	0.248412	0.310802	0.94085
0.380893	-0.111074	0.347555	0.527457
0.380893	-0.111074	0.347555	0.527457
0.380893	-0.111074	0.347555	0.527457
-0.0422337	0.35003	-0.452119	0.573337
-0.0422337	0.35003	-0.452119	0.573337
-0.0422337	0.35003	-0.452119	0.573337
0.613945	0.554275	-0.339804	0.894213
0.613945	0.554275	-0.339804	0.894213
0.295322	1.43031	0.0828943	1.46283
0.295322	1.43031	0.0828943	1.46283
-0.320703	1.06369	1.1691	1.61279
-0.257145	0.825208	1.36474	1.61543
0.897647	0.194431	0.951993	1.32282
0.897647	0.194431	0.951993	1.32282
0.897647	0.194431	0.951993	1.32282
1.83552	1.34527	0.730963	2.39023
1.83552	1.34527	0.730963	2.39023
1.83552	1.34527	0.730963	2.39023
1.83552	1.34527	0.730963	2.39023
1.83552	1.34527	0.730963	2.39023
2.16746	0.277014	0.0144298	2.18514
2.16746	0.277014	0.0144298	2.18514
2.16746	0.277014	0.0144298	2.18514
2.16746	0.277014	0.0144298	2.18514
1.99019	-0.132677	0.594785	2.0814
1.99019	-0.132677	0.594785	2.0814
1.99019	-0.132677	0.594785	2.0814
2.38445	-0.522536	0.00897188	2.44105
2.38445	-0.522536	0.00897188	2.44105
1.55381	-0.942851	0.259596	1.83595
1.55381	-0.942851	0.259596	1.83595
1.55381	-0.942851	0.259596	1.83595
1.55381	-0.942851	0.259596	1.83595
0.787714	-1.43586	-0.578695	1.73698
-0.249855	-1.42409	-0.092749	1.44881
-0.437248	-0.674946	-1.0493	1.32203
-0.437248	-0.674946	-1.0493	1.32203
-0.437248	-0.674946	-1.0493	1.32203
0.274931	0.31218	-0.238093	0.479303
-0.273189	-0.404642	0.317169	0.582206
-0.273189	-0.404642	0.317169	0.582206
-0.952073	0.286	0.449062	1.09082
-0.0659323	0.490186	0.939406	1.06166
-0.0659323	0.490186	0.939406	1.06166
0.884939	0.894726	0.206686	1.27529
0.884939	0.894726	0.206686	1.27529
0.884939	0.894726	0.206686	1.27529
-0.202781	2.06921	1.17432	2.38784
-0.202781	2.06921	1.17432	2.38784
-1.11591	1.90555	0.0273279	2.20842
-0.255223	1.85626	0.41949	1.9201
0.331684	2.61543	1.0583	2.84086
0.331684	2.61543	1.0583	2.84086
-0.333877	2.86473	0.697799	2.96734
0.762276	3.08638	0.774567	3.27212
0.762276	3.08638	0.774567	3.27212
0.762276	3.08638	0.774567	3.27212
0.0253214	2.77984	1.33621	3.08441
-0.564551	2.12487	1.43338	2.62457
-1.38277	2.54276	1.3419	3.19036
-0.445157	3.02132	0.674929	3.12763
-1.44586	2.77652	-0.471469	3.16573
-1.33699	2.02815	0.0885655	2.4308
-1.23979	1.6364	0.200672	2.06281
-1.23979	1.6364	0.200672	2.06281
-1.91409	0.943215	-0.643383	2.22876
-1.39233	0.369493	0.469574	1.51512
-0.690249	-0.690029	-0.495149	1.09442
-1.47919	-0.086345	0.108964	1.48571
-0.830621	0.161648	0.866441	1.21111
-0.524784	-0.790272	0.279907	0.989079
0.366502	0.300109	1.2847	1.36925
0.366502	0.300109	1.2847	1.36925
0.366502	0.300109	1.2847	1.36925
0.366502	0.300109	1.2847	1.36925
0.330196	0.783648	0.673081	1.08451
0.972809	1.3824	-0.0837772	1.69246
0.0487681	1.29557	0.11283	1.30139
0.0487681	1.29557	0.11283	1.30139
1.07586	0.52673	0.598307	1.33899
1.07586	0.52673	0.598307	1.33899
1.07586	0.52673	0.598307	1.33899
1.07586	0.52673	0.598307	1.33899
1.07586	0.52673	0.598307	1.33899
0.639297	1.05375	-0.326508	1.27503
0.639297	1.05375	-0.326508	1.27503
0.639297	1.05375	-0.326508	1.27503
0.586818	0.0947759	-1.30262	1.43184
0.586818	0.0947759	-1.30262	1.43184
0.586818	0.0947759	-1.30262	1.43184
0.0436185	-0.709974	-1.48808	1.64934
0.0436185	-0.709974	-1.48808	1.64934
0.0436185	-0.709974	-1.48808	1.64934
-0.571164	0.032699	-0.885842	1.05452
0.132626	-0.940124	0.133376	0.958755
0.0317686	-0.906136	0.0720064	0.909548
-0.768113	-0.634099	0.0721575	0.998641
-0.768113	-0.634099	0.0721575	0.998641
-0.768113	-0.634099	0.0721575	0.998641
-0.768113	-0.634099	0.0721575	0.998641
0.0483186	-1.32575	-0.66394	1.4835
0.0483186	-1.32575	-0.66394	1.4835
1.1461	-1.42177	-1.73766	2.5208
0.0861864	-0.4443	-1.45442	1.52321
-0.660612	0.379626	-0.272837	0.809299
-0.660612	0.379626	-0.272837	0.809299
-0.660612	0.379626	-0.272837	0.809299
-0.660612	0.379626	-0.272837	0.809299
-0.660612	0.379626	-0.272837	0.809299
-0.692919	1.11419	-0.739072	1.50591
-0.692919	1.11419	-0.739072	1.50591
-1.16649	0.199606	-0.831713	1.44647
-1.38015	-0.189236	-0.0558029	1.39418
-0.985044	0.391242	0.367172	1.12169
-0.985044	0.391242	0.367172	1.12169
-0.726891	-0.448194	-0.774246	1.15269
-0.726891	-0.448194	-0.774246	1.15269
-0.512664	0.700642	-0.122683	0.876798
-0.512664	0.700642	-0.122683	0.876798
-0.752925	1.53837	1.07069	2.01987
-0.509798	1.29615	0.910207	1.66384
-0.509798	1.29615	0.910207	1.66384
-1.56639	0.168745	1.28954	2.03592
-2.07151	-0.373523	0.751461	2.23504
-2.07151	-0.373523	0.751461	2.23504
-2.07151	-0.373523	0.751461	2.23504
-2.07151	-0.373523	0.751461	2.23504
-2.43824	-0.737847	0.28756	2.56361
-2.3651	-0.452228	-0.762968	2.52593
-1.82444	0.672105	-0.750105	2.08398
-1.82444	0.672105	-0.750105	2.08398
-1.90205	0.744497	0.44137	2.08971
-1.62359	0.43555	1.33567	2.14704
-1.62359	0.43555	1.33567	2.14704
-2.15478	-0.377626	1.1133	2.45461
-2.15478	-0.377626	1.1133	2.45461
-2.15478	-0.377626	1.1133	2.45461
-1.03848	-0.0096961	1.55986	1.87396
-0.351438	0.880805	1.40593	1.69586
0.225871	0.738107	0.864927	1.15927
0.225871	0.738107	0.864927	1.15927
0.419563	1.72308	0.0605256	1.77446
0.419563	1.72308	0.0605256	1.77446
0.419563	1.72308	0.0605256	1.77446
0.419563	1.72308	0.0605256	1.77446
-0.391995	2.08461	0.701146	2.23402
-0.391995	2.08461	0.701146	2.23402
0.00203566	1.4649	1.36102	1.99958
0.32432	0.939837	0.376908	1.06327
0.32432	0.939837	0.376908	1.06327
0.766044	1.08454	0.141145	1.33528
0.766044	1.08454	0.141145	1.33528
0.766044	1.08454	0.141145	1.33528
0.766044	1.08454	0.141145	1.33528
0.453746	0.390347	0.800388	0.999439
0.0582878	0.123445	-0.0551077	0.147218
0.0582878	0.123445	-0.0551077	0.147218
0.0582878	0.123445	-0.0551077	0.147218
0.0582878	0.123445	-0.0551077	0.147218
0.655055	-0.460444	-0.689538	1.05668
0.655055	-0.460444	-0.689538	1.05668
0.655055	-0.460444	-0.689538	1.05668
0.630479	0.584773	0.0179189	0.860108
0.630479	0.584773	0.0179189	0.860108
0.630479	0.584773	0.0179189	0.860108
0.630479	0.584773	0.0179189	0.860108
0.630479	0.584773	0.0179189	0.860108
0.23688	0.23701	-0.838162	0.902664
-0.576011	0.842083	-0.712138	1.2442
0.0976075	-0.0129762	-0.259923	0.277949
0.0976075	-0.0129762	-0.259923	0.277949
-0.150702	-0.105925	-1.15743	1.17199
-0.150702	-0.105925	-1.15743	1.17199
-0.410678	0.476977	-2.19656	2.28496
-1.45089	-0.538528	-1.04546	1.86764
-0.388245	-0.720322	-1.50128	1.70981
-0.388245	-0.720322	-1.50128	1.70981
-1.14311	-1.43611	-0.771771	1.99116
-1.70081	-1.61	-1.0649	2.57272
-1.49453	-0.770969	0.00944219	1.6817
-1.87221	-0.644321	0.486662	2.03891
-1.01779	0.0198578	-0.5338	1.14945
-1.01779	0.0198578	-0.5338	1.14945
-0.506274	-0.352403	-0.0221153	0.617244
0.151068	0.366944	-0.625563	0.740809
0.151068	0.366944	-0.625563	0.740809
0.151068	0.366944	-0.625563	0.740809
0.151068	0.366944	-0.625563	0.740809
-0.319246	0.588337	-0.45003	0.806589
0.24744	-0.591049	-0.877063	1.08619
0.24744	-0.591049	-0.877063	1.08619
0.24744	-0.591049	-0.877063	1.08619
0.24744	-0.591049	-0.877063	1.08619
0.24744	-0.591049	-0.877063	1.08619
0.24744	-0.591049	-0.877063	1.08619
-0.120337	0.256141	-0.57653	0.642243
-0.120337	0.256141	-0.57653	0.642243
-1.15266	-0.721257	-1.0378	1.71052
-0.103056	0.0731533	-0.532462	0.547255
-0.103056	0.0731533	-0.532462	0.547255
-1.17883	0.976686	0.604415	1.64587
-1.01614	-0.0613999	0.936382	1.38316
0.160363	0.585304	0.465153	0.764634
-0.685687	0.757109	-0.401462	1.09752
-0.685687	0.757109	-0.401462	1.09752
-0.685687	0.757109	-0.401462	1.09752
-0.685687	0.757109	-0.401462	1.09752
-0.685687	0.757109	-0.401462	1.09752
-0.685687	0.757109	-0.401462	1.09752
-0.685687	0.757109	-0.401462	1.09752
0.318963	0.829237	-0.327791	0.947005
0.318963	0.829237	-0.327791	0.947005
0.0950035	0.702436	0.0970147	0.715439
0.0950035	0.702436	0.0970147	0.715439
0.448818	0.0417695	-0.303601	0.543466
0.439908	0.26293	0.378922	0.637365
1.40416	-0.253563	-0.329537	1.46443
1.24623	0.211227	-0.45214	1.34243
0.579487	-0.613258	-1.039	1.33844
0.579487	-0.613258	-1.039	1.33844
0.579487	-0.613258	-1.039	1.33844
1.27779	-0.77632	-0.795282	1.69349
1.27779	-0.77632	-0.795282	1.69349
1.03004	-0.811375	0.369294	1.36224
1.03004	-0.811375	0.369294	1.36224
1.03004	-0.811375	0.369294	1.36224
0.555682	0.172213	-0.57884	0.820668
0.555682	0.172213	-0.57884	0.820668
0.555682	0.172213	-0.57884	0.820668
0.555682	0.172213	-0.57884	0.820668
-0.00966453	-1.01716	0.325075	1.06789
1.13616	-0.735973	1.12479	1.76002
0.338314	-1.48621	1.01507	1.83129
0.338314	-1.48621	1.01507	1.83129
1.44562	-1.21174	1.32164	2.30323
2.00305	-0.14981	1.30481	2.39524
2.00305	-0.14981	1.30481	2.39524
2.11772	0.754925	1.51954	2.71361
2.11772	0.754925	1.51954	2.71361
1.35878	-0.344416	2.09982	2.52471
1.35878	-0.344416	2.09982	2.52471
1.35878	-0.344416	2.09982	2.52471
0.633945	-0.768312	2.24185	2.45318
0.633945	-0.768312	2.24185	2.45318
0.633945	-0.768312	2.24185	2.45318
-0.345571	-1.56131	1.33749	2.08471
-0.533106	-0.992168	0.461958	1.21738
-0.533106	-0.992168	0.461958	1.21738
-0.334783	-0.84029	0.0103366	0.904585
0.753471	-0.159646	0.115786	0.778853
1.35863	0.741337	0.0529224	1.54863
1.35863	0.741337	0.0529224	1.54863
1.35863	0.741337	0.0529224	1.54863
1.6189	0.375803	0.0686906	1.66337
1.20631	-0.528266	-0.509522	1.41204
1.20631	-0.528266	-0.509522	1.41204
0.227882	0.454944	-0.36617	0.626885
0.227882	0.454944	-0.36617	0.626885
-0.136717	0.303615	0.578554	0.667531
0.416429	0.0241674	-0.384934	0.567601
-0.423464	-0.637936	-0.317189	0.82879
-0.423464	-0.637936	-0.317189	0.82879
-0.423464	-0.637936	-0.317189	0.82879
-0.423464	-0.637936	-0.317189	0.82879
-0.423464	-0.637936	-0.317189	0.82879
-0.423464	-0.637936	-0.317189	0.82879
-0.423464	-0.637936	-0.317189	0.82879
-0.423464	-0.637936	-0.317189	0.82879
-0.423464	-0.637936	-0.317189	0.82879
-0.838002	0.459761	-0.324574	1.00944
-0.838002	0.459761	-0.324574	1.00944
-0.838002	0.459761	-0.324574	1.00944
0.154202	0.181171	-0.781885	0.817279
0.836652	-0.324645	0.367597	0.969798
0.125791	-0.880838	0.100037	0.895381
-0.830768	0.135122	-0.812553	1.1699
-0.830768	0.135122	-0.812553	1.1699
-0.830768	0.135122	-0.812553	1.1699
-0.830768	0.135122	-0.812553	1.1699
-0.0737378	-0.699064	-0.279531	0.756482
-0.0737378	-0.699064	-0.279531	0.756482
-0.0737378	-0.699064	-0.279531	0.756482
-0.0737378	-0.699064	-0.279531	0.756482
-0.0737378	-0.699064	-0.279531	0.756482
-0.0737378	-0.699064	-0.279531	0.756482
-0.56614	-0.40579	-1.07798	1.28344
-0.287164	-0.295936	0.120133	0.429503
-0.287164	-0.295936	0.120133	0.429503
-0.287164	-0.295936	0.120133	0.429503
-0.741433	0.137139	-0.248665	0.793955
-0.741433	0.137139	-0.248665	0.793955
-0.741433	0.137139	-0.248665	0.793955
-0.247732	0.199153	-0.424303	0.530157
-0.247732	0.199153	-0.424303	0.530157
0.0700395	-0.828611	-0.917935	1.23859
0.13094	-0.183332	0.209348	0.307542
0.13094	-0.183332	0.209348	0.307542
0.13094	-0.183332	0.209348	0.307542
-0.0100636	-0.620645	-0.340936	0.708194
-0.310844	-0.550666	0.29891	0.699431
-0.310844	-0.550666	0.29891	0.699431
-0.443173	-0.611395	-0.432223	0.87007
-0.443173	-0.611395	-0.432223	0.87007
0.27259	0.312086	0.584028	0.716095
0.200802	0.245173	0.199831	0.374652
0.200802	0.245173	0.199831	0.374652
-0.400787	-0.362628	0.191965	0.573568
-0.400787	-0.362628	0.191965	0.573568
-0.400787	-0.362628	0.191965	0.573568
-0.400787	-0.362628	0.191965	0.573568
-0.400787	-0.362628	0.191965	0.573568
-0.400787	-0.362628	0.191965	0.573568
0.214705	-0.249827	-0.373162	0.497756
0.214705	-0.249827	-0.373162	0.497756
0.214705	-0.249827	-0.373162	0.497756
0.214705	-0.249827	-0.373162	0.497756
0.214705	-0.249827	-0.373162	0.497756
-0.00282196	0.155839	-0.820179	0.834857
-0.00282196	0.155839	-0.820179	0.834857
-0.00282196	0.155839	-0.820179	0.834857
-0.00282196	0.155839	-0.820179	0.834857
-0.00282196	0.155839	-0.820179	0.834857
-0.00282196	0.155839	-0.820179	0.834857
-0.00282196	0.155839	-0.820179	0.834857
0.641381	-0.784856	-0.100927	1.0186
-0.0336833	-0.907355	0.423973	1.00209
-0.214456	-0.79559	0.78691	1.13938
0.258121	-0.57008	0.856175	1.0605
0.968782	-0.0218063	1.29364	1.61633
0.34793	0.85317	0.178395	0.938498
0.34793	0.85317	0.178395	0.938498
-0.400834	-0.208094	-0.66497	0.803839
-0.219332	0.409164	0.497492	0.680456
-0.219332	0.409164	0.497492	0.680456
-0.219332	0.409164	0.497492	0.680456
-0.130845	-0.412725	-0.68869	0.813484
-0.130845	-0.412725	-0.68869	0.813484
-0.130845	-0.412725	-0.68869	0.813484
-0.130845	-0.412725	-0.68869	0.813484
-0.130845	-0.412725	-0.68869	0.813484
-0.408217	0.196171	-0.913681	1.01977
-0.408217	0.196171	-0.913681	1.01977
-0.408217	0.196171	-0.913681	1.01977
-0.408217	0.196171	-0.913681	1.01977
-0.408217	0.196171	-0.913681	1.01977
0.758463	-0.708798	-0.112021	1.04413
0.584285	-1.09169	0.0665494	1.24
0.584285	-1.09169	0.0665494	1.24
0.544726	-0.329106	-0.0488238	0.638295
1.69963	0.441063	-0.341724	1.78887
1.09961	0.283119	-0.754149	1.3631
0.334904	0.96005	-0.342367	1.07288
0.671233	-0.113601	-0.993725	1.20455
0.671233	-0.113601	-0.993725	1.20455
0.671233	-0.113601	-0.993725	1.20455
0.671233	-0.113601	-0.993725	1.20455
0.671233	-0.113601	-0.993725	1.20455
0.671233	-0.113601	-0.993725	1.20455
1.18332	0.317123	-1.04691	1.61147
1.18332	0.317123	-1.04691	1.61147
0.0846109	0.124488	-1.78589	1.79222
0.0846109	0.124488	-1.78589	1.79222
0.0846109	0.124488	-1.78589	1.79222
0.329645	-0.363155	-1.38167	1.46614
0.327418	-0.943081	-0.649625	1.19106
-0.764173	-0.286157	0.475941	0.944651
-0.764173	-0.286157	0.475941	0.944651
-0.764173	-0.286157	0.475941	0.944651
-0.764173	-0.286157	0.475941	0.944651
-1.89144	-0.510207	0.432961	2.00632
-2.09489	-0.13065	1.33261	2.48626
-2.09489	-0.13065	1.33261	2.48626
-1.55718	-0.0214049	1.18682	1.95801
-1.65857	-0.20434	1.32777	2.13438
-0.896912	0.231127	0.841406	1.25133
-0.896912	0.231127	0.841406	1.25133
-0.389466	0.479556	0.14407	0.634361
-0.389466	0.479556	0.14407	0.634361
-0.212867	0.246268	0.788221	0.852791
-0.212867	0.246268	0.788221	0.852791
-0.212867	0.246268	0.788221	0.852791
0.769151	-0.261956	-0.0113195	0.812615
-0.148896	0.196051	0.558329	0.610195
-0.148896	0.196051	0.558329	0.610195
-0.148896	0.196051	0.558329	0.610195
-0.148896	0.196051	0.558329	0.610195
-0.148896	0.196051	0.558329	0.610195
-0.148896	0.196051	0.558329	0.610195
-0.148896	0.196051	0.558329	0.610195
-0.148896	0.196051	0.558329	0.610195
-0.148896	0.196051	0.558329	0.610195
-0.148896	0.196051	0.558329	0.610195
-0.148896	0.196051	0.558329	0.610195
-0.148896	0.196051	0.558329	0.610195
-0.148896	0.196051	0.558329	0.610195
-0.148896	0.196051	0.558329	0.610195
-0.148896	0.196051	0.558329	0.610195
-0.148896	0.196051	0.558329	0.610195
-0.148896	0.196051	0.558329	0.610195
-0.148896	0.196051	0.558329	0.610195
-0.245535	0.676703	1.15359	1.35977
-0.275942	1.1399	0.277776	1.20527
-0.275942	1.1399	0.277776	1.20527
-0.760401	1.09779	-0.529829	1.43669
-0.760401	1.09779	-0.529829	1.43669
-0.760401	1.09779	-0.529829	1.43669
-1.475	2.05219	-1.45164	2.91451
-1.475	2.05219	-1.45164	2.91451
-1.45086	1.0264	-1.65019	2.4252
-1.45086	1.0264	-1.65019	2.4252
-1.05456	2.03628	-1.43626	2.70581
-1.76457	2.6486	-0.728111	3.2648
-0.720946	2.89545	0.379289	3.00787
-0.134819	3.3839	-0.568411	3.43395
-0.134819	3.3839	-0.568411	3.43395
0.352853	3.29672	0.349594	3.33393
0.352853	3.29672	0.349594	3.33393
1.35884	2.68817	-0.260521	3.02333
1.4367	2.23011	-0.393805	2.6819
1.4367	2.23011	-0.393805	2.6819
2.15799	3.26384	0.0722455	3.91342
2.22866	4.1263	1.13134	4.82423
2.45044	5.12366	1.27921	5.82176
2.45044	5.12366	1.27921	5.82176
1.48074	4.49653	0.159455	4.73675
1.48074	4.49653	0.159455	4.73675
1.48074	4.49653	0.159455	4.73675
2.39006	4.57291	-0.581702	5.19252
1.91807	4.39274	0.424369	4.81199
1.91807	4.39274	0.424369	4.81199
1.7515	3.61162	0.35351	4.02945
1.10691	3.50103	0.226272	3.67881
0.0273216	3.66263	1.27152	3.87716
0.442348	3.32074	1.11457	3.53062
0.442348	3.32074	1.11457	3.53062
0.442348	3.32074	1.11457	3.53062
1.09821	3.05479	1.00618	3.39856
0.491619	2.93116	1.81343	3.48165
-0.297485	2.99022	2.78229	4.09524
-0.297485	2.99022	2.78229	4.09524
0.232287	3.24511	2.08272	3.86296
0.201104	2.79022	2.02725	3.45478
0.201104	2.79022	2.02725	3.45478
0.201104	2.79022	2.02725	3.45478
-0.395228	2.18416	1.15566	2.50246
0.456342	1.58799	0.0721006	1.65384
0.456342	1.58799	0.0721006	1.65384
0.18054	1.55594	-0.0980189	1.56945
-0.786021	1.06048	0.313936	1.35684
-0.786021	1.06048	0.313936	1.35684
0.0156158	0.484819	0.706399	0.856909
-0.599001	-0.344686	0.281954	0.746397
-0.599001	-0.344686	0.281954	0.746397
-0.599001	-0.344686	0.281954	0.746397
0.232581	0.474799	0.569049	0.776753
0.232581	0.474799	0.569049	0.776753
0.232581	0.474799	0.569049	0.776753
0.232581	0.474799	0.569049	0.776753
0.232581	0.474799	0.569049	0.776753
0.232581	0.474799	0.569049	0.776753
0.232581	0.474799	0.569049	0.776753
-0.781819	-0.68124	-0.175314	1.0517
-0.781819	-0.68124	-0.175314	1.0517
-0.781819	-0.68124	-0.175314	1.0517
-0.131612	-1.0423	0.198856	1.06923
0.415271	-1.07574	0.0186638	1.15326
0.415271	-1.07574	0.0186638	1.15326
-0.675392	-0.704205	0.652757	1.17395
-0.675392	-0.704205	0.652757	1.17395
-1.37856	0.308091	0.769136	1.60839
-1.37856	0.308091	0.769136	1.60839
-0.909042	-0.113055	-0.121312	0.924043
-0.909042	-0.113055	-0.121312	0.924043
-0.909042	-0.113055	-0.121312	0.924043
-0.909042	-0.113055	-0.121312	0.924043
-0.274777	0.275501	-0.835319	0.9215
-0.274777	0.275501	-0.835319	0.9215
0.86551	0.00180267	-0.433369	0.967946
0.86551	0.00180267	-0.433369	0.967946
0.86551	0.00180267	-0.433369	0.967946
-0.128661	-0.250692	-0.236877	0.368118
0.0828808	-1.09974	-0.655443	1.28293
-0.466317	-1.71194	-0.833388	1.96029
-0.466317	-1.71194	-0.833388	1.96029
-0.466317	-1.71194	-0.833388	1.96029
-0.466317	-1.71194	-0.833388	1.96029
-1.53846	-0.706181	-0.721104	1.83999
-2.08511	-0.613233	-0.233426	2.18592
-1.73918	0.415754	0.901966	2.00278
-1.73918	0.415754	0.901966	2.00278
-1.73918	0.415754	0.901966	2.00278
-1.8752	0.216582	-0.187478	1.89695
-1.8752	0.216582	-0.187478	1.89695
-1.8752	0.216582	-0.187478	1.89695
-1.8752	0.216582	-0.187478	1.89695
-0.803734	0.577808	-0.065031	0.992008
-0.803734	0.577808	-0.065031	0.992008
-1.23667	0.37961	0.23774	1.31529
-1.23667	0.37961	0.23774	1.31529
-0.317098	0.778128	0.161588	0.855655
0.682708	0.192668	0.20284	0.737805
0.682708	0.192668	0.20284	0.737805
0.682708	0.192668	0.20284	0.737805
0.682708	0.192668	0.20284	0.737805
0.682708	0.192668	0.20284	0.737805
0.682708	0.192668	0.20284	0.737805
0.682708	0.192668	0.20284	0.737805
-0.389954	0.135743	-0.382803	0.563053
-0.389954	0.135743	-0.382803	0.563053
-0.389954	0.135743	-0.382803	0.563053
-0.389954	0.135743	-0.382803	0.563053
-0.389954	0.135743	-0.382803	0.563053
0.128806	0.933202	-0.0717626	0.944779
-0.258457	0.831629	-0.92758	1.27232
0.414214	1.21577	-0.100239	1.2883
0.414214	1.21577	-0.100239	1.2883
0.688992	0.021103	-0.268193	0.739651
0.213281	-0.65259	0.087537	0.692116
-0.892657	0.38349	0.11203	0.977983
-0.110274	0.368594	-1.06947	1.13657
0.454057	0.662282	-0.0922558	0.808267
0.454057	0.662282	-0.0922558	0.808267
0.66997	0.327973	0.538213	0.919836
0.66997	0.327973	0.538213	0.919836
-0.0954909	-0.240105	0.340281	0.42727
-0.0954909	-0.240105	0.340281	0.42727
0.334237	-0.449585	-0.278543	0.625642
0.334237	-0.449585	-0.278543	0.625642
0.910473	-0.331312	0.00237699	0.968883
0.104271	0.638602	0.32338	0.723367
0.104271	0.638602	0.32338	0.723367
-0.393661	0.0951834	0.711722	0.818888
-0.405208	-1.09399	0.241814	1.19142
-0.405208	-1.09399	0.241814	1.19142
-0.405208	-1.09399	0.241814	1.19142
-0.405208	-1.09399	0.241814	1.19142
-0.405208	-1.09399	0.241814	1.19142
-0.718866	-0.112552	-0.310647	0.791163
-0.151958	-0.836798	-1.12785	1.41257
0.173163	-1.42868	-0.00773833	1.43916
0.58067	-0.368103	-0.13996	0.701617
0.58067	-0.368103	-0.13996	0.701617
0.58067	-0.368103	-0.13996	0.701617
0.58067	-0.368103	-0.13996	0.701617
0.58067	-0.368103	-0.13996	0.701617
0.58067	-0.368103	-0.13996	0.701617
-0.257712	0.560216	-1.01638	1.18882
0.0888184	0.403495	-1.4157	1.47475
0.388344	0.429764	-0.482693	0.75399
0.0342759	-0.629984	-0.477943	0.791507
0.367808	-0.744692	-1.52217	1.73403
0.367808	-0.744692	-1.52217	1.73403
-0.444265	-1.50463	-1.23909	1.99916
-0.444265	-1.50463	-1.23909	1.99916
-1.20922	-1.00198	-0.183756	1.58112
-1.45994	-1.68071	0.0801651	2.22769
-1.42989	-1.55559	-0.323665	2.13757
-1.11114	-1.21069	0.520636	1.7238
-0.123847	-1.26968	1.30272	1.82332
-0.123847	-1.26968	1.30272	1.82332
-0.123847	-1.26968	1.30272	1.82332
-0.123847	-1.26968	1.30272	1.82332
-0.123847	-1.26968	1.30272	1.82332
-0.593025	-1.14811	0.657154	1.44972
-0.842217	-1.41124	0.0906797	1.64595
-0.842217	-1.41124	0.0906797	1.64595
-0.842217	-1.41124	0.0906797	1.64595
0.102074	-1.16213	-0.0385018	1.16724
0.821775	-0.682481	0.924311	1.4126
0.896946	-0.403267	0.29556	1.02688
1.64804	-0.109421	0.629184	1.76745
1.64804	-0.109421	0.629184	1.76745
1.39228	0.928229	0.681598	1.80683
1.27381	0.49239	0.746158	1.55621
0.865	0.175399	1.59197	1.82026
0.881002	-0.0731709	1.54225	1.77765
-0.051366	0.457372	1.42167	1.49431
-0.918372	-0.111805	0.975303	1.34429
-1.09617	-1.08837	0.516851	1.62888
-0.737176	-0.79059	0.953929	1.44168
-0.737176	-0.79059	0.953929	1.44168
-0.737176	-0.79059	0.953929	1.44168
-0.737176	-0.79059	0.953929	1.44168
-1.22997	-0.0867088	0.704088	1.41989
-0.7276	0.0570844	0.705808	1.0153
-0.236095	0.0351423	1.24052	1.26327
-0.236095	0.0351423	1.24052	1.26327
-0.236095	0.0351423	1.24052	1.26327
-0.236095	0.0351423	1.24052	1.26327
0.202193	-0.412049	0.838625	0.956011
0.202193	-0.412049	0.838625	0.956011
0.202193	-0.412049	0.838625	0.956011
0.668776	-0.496046	0.286183	0.880468
0.435358	-0.946883	-0.217587	1.06464
0.435358	-0.946883	-0.217587	1.06464
-0.110079	0.191079	-1.3685	1.38615
-0.368543	-0.703258	-1.81294	1.97918
-1.24058	0.291866	-1.29878	1.81963
-1.24058	0.291866	-1.29878	1.81963
-0.118583	-0.373475	-0.745552	0.842255
-0.625163	0.226655	-0.23451	0.705122
-0.625163	0.226655	-0.23451	0.705122
-0.221343	-0.192857	0.315134	0.430693
-0.221343	-0.192857	0.315134	0.430693
-0.221343	-0.192857	0.315134	0.430693
-0.221343	-0.192857	0.315134	0.430693
-0.221343	-0.192857	0.315134	0.430693
-0.221343	-0.192857	0.315134	0.430693
-0.221343	-0.192857	0.315134	0.430693
-0.221343	-0.192857	0.315134	0.430693
-0.221343	-0.192857	0.315134	0.430693
-0.221343	-0.192857	0.315134	0.430693
-0.221343	-0.192857	0.315134	0.430693
-0.540403	-1.30203	0.498051	1.49512
-1.2309	-0.16749	0.837827	1.49837
-0.314686	0.524275	-0.238784	0.656436
-0.314686	0.524275	-0.238784	0.656436
-1.08697	-0.0447407	0.258885	1.11827
-1.08697	-0.0447407	0.258885	1.11827
-1.08697	-0.0447407	0.258885	1.11827
-1.17718	0.653998	-0.49315	1.4341
-1.0601	0.0507476	-0.451851	1.15349
-0.942687	-0.100556	-0.476477	1.06104
-1.11545	-0.2206	0.529563	1.25432
-1.35981	-0.877725	-0.284477	1.64329
-1.89587	-0.385181	0.0407005	1.93503
-1.89587	-0.385181	0.0407005	1.93503
-1.69098	0.31485	0.325142	1.7505
-1.69098	0.31485	0.325142	1.7505
-1.27837	0.55828	-0.27694	1.42218
-1.03434	1.03299	-0.278056	1.48803
-1.02347	0.527047	0.18729	1.16634
-1.02347	0.527047	0.18729	1.16634
-0.789777	0.0911443	0.789639	1.12053
-0.789777	0.0911443	0.789639	1.12053
-0.789777	0.0911443	0.789639	1.12053
-0.789777	0.0911443	0.789639	1.12053
-0.857016	0.863325	0.763269	1.4361
-0.401959	0.72384	0.669565	1.06482
-0.401959	0.72384	0.669565	1.06482
-0.401959	0.72384	0.669565	1.06482
-0.401959	0.72384	0.669565	1.06482
-0.401959	0.72384	0.669565	1.06482
-1.503	0.324013	0.0898022	1.54015
-1.0869	0.866611	0.709059	1.56049
-1.0869	0.866611	0.709059	1.56049
-1.04105	1.87129	0.414187	2.18107
-0.781776	1.07069	0.726958	1.51196
-0.781776	1.07069	0.726958	1.51196
-0.781776	1.07069	0.726958	1.51196
-0.781776	1.07069	0.726958	1.51196
-0.781776	1.07069	0.726958	1.51196
-0.781776	1.07069	0.726958	1.51196
-0.934104	0.694191	0.167668	1.17583
-0.934104	0.694191	0.167668	1.17583
-1.08098	0.322023	0.34343	1.17905
-0.788116	-0.358614	1.01392	1.33333
0.318196	-0.0107849	0.405718	0.515725
0.318196	-0.0107849	0.405718	0.515725
0.318196	-0.0107849	0.405718	0.515725
0.318196	-0.0107849	0.405718	0.515725
0.318196	-0.0107849	0.405718	0.515725
1.12435	-0.471904	-0.0189921	1.21952
1.12435	-0.471904	-0.0189921	1.21952
0.988638	-0.744123	0.540052	1.3501
0.0994021	0.176223	-0.218659	0.297904
0.0994021	0.176223	-0.218659	0.297904
0.0994021	0.176223	-0.218659	0.297904
0.0994021	0.176223	-0.218659	0.297904
0.0994021	0.176223	-0.218659	0.297904
0.07097	0.0432385	-0.224791	0.239661
0.07097	0.0432385	-0.224791	0.239661
0.07097	0.0432385	-0.224791	0.239661
0.07097	0.0432385	-0.224791	0.239661
0.07097	0.0432385	-0.224791	0.239661
0.07097	0.0432385	-0.224791	0.239661
0.0471449	0.515245	-0.982573	1.11047
0.0471449	0.515245	-0.982573	1.11047
0.0471449	0.515245	-0.982573	1.11047
1.03619	-0.45369	-2.09152	2.37781
1.55882	-0.383856	-1.15523	1.97783
1.45979	-0.97777	-0.729097	1.90227
1.45979	-0.97777	-0.729097	1.90227
0.740208	-0.629548	0.193995	0.990895
0.588636	0.414906	1.07514	1.29405
0.584609	-0.759759	0.69108	1.18177
-0.581812	-0.230513	0.0363843	0.626869
-0.581812	-0.230513	0.0363843	0.626869
-0.581812	-0.230513	0.0363843	0.626869
-0.581812	-0.230513	0.0363843	0.626869
-0.655676	0.573548	-0.556208	1.03356
-0.655676	0.573548	-0.556208	1.03356
-0.655676	0.573548	-0.556208	1.03356
-1.20432	0.47297	-1.50327	1.98341
-0.876653	1.48667	-1.49461	2.2831
-0.876653	1.48667	-1.49461	2.2831
-0.876653	1.48667	-1.49461	2.2831
-0.165417	0.584452	-1.82297	1.9215
-0.165417	0.584452	-1.82297	1.9215
-0.704028	0.69068	-2.1206	2.33873
-0.704028	0.69068	-2.1206	2.33873
-0.671495	0.831945	-2.09364	2.35083
-1.82766	0.0181729	-0.897962	2.03642
-1.35464	0.859035	0.0168072	1.60414
-0.77796	0.441748	-0.0940157	0.899557
0.258934	1.08267	0.261343	1.14347
0.948574	1.51419	-0.285248	1.8094
0.948574	1.51419	-0.285248	1.8094
0.948574	1.51419	-0.285248	1.8094
0.948574	1.51419	-0.285248	1.8094
1.98704	0.396692	-1.39862	2.46208
1.98704	0.396692	-1.39862	2.46208
1.98704	0.396692	-1.39862	2.46208
1.73208	-0.0400465	-1.87359	2.55187
1.73208	-0.0400465	-1.87359	2.55187
2.18945	-1.12151	-0.882946	2.61363
1.90309	-0.941891	-1.32388	2.50231
1.01057	0.0640222	-0.298229	1.0556
1.01057	0.0640222	-0.298229	1.0556
0.216264	-0.746219	-0.881283	1.17485
-0.0127436	-0.529842	0.0745277	0.535209
-0.0127436	-0.529842	0.0745277	0.535209
-0.0127436	-0.529842	0.0745277	0.535209
-0.0127436	-0.529842	0.0745277	0.535209
-0.0127436	-0.529842	0.0745277	0.535209
-0.0127436	-0.529842	0.0745277	0.535209
-0.0127436	-0.529842	0.0745277	0.535209
-0.431245	0.463213	-0.376793	0.736554
-0.431245	0.463213	-0.376793	0.736554
-0.855201	1.5766	-0.00484669	1.79361
-0.027796	1.11324	-0.0892494	1.11716
0.203958	1.7884	-1.07027	2.09415
0.121243	1.10301	-1.22741	1.65465
-0.839645	0.786357	-0.723409	1.35893
-0.144124	0.415313	-1.22614	1.30257
0.200359	0.380493	-0.976685	1.06716
-0.0514921	-0.210919	-1.7449	1.75836
-1.12163	0.821766	-0.851466	1.63045
-1.88099	0.142719	-0.630505	1.98898
-1.88099	0.142719	-0.630505	1.98898
-1.88099	0.142719	-0.630505	1.98898
-1.88099	0.142719	-0.630505	1.98898
-2.51661	-0.534078	-0.329646	2.59369
-2.51661	-0.534078	-0.329646	2.59369
-2.51661	-0.534078	-0.329646	2.59369
-1.70208	-0.606691	-0.914701	2.0253
-1.34937	0.424355	-1.34535	1.95213
-1.34937	0.424355	-1.34535	1.95213
-0.898516	0.843614	-1.62171	2.0369
-0.898516	0.843614	-1.62171	2.0369
-0.561826	1.10444	-1.26572	1.77129
-0.561826	1.10444	-1.26572	1.77129
-1.25414	1.07705	-0.108625	1.65671
-0.641851	-0.0281301	-0.106128	0.651174
-0.641851	-0.0281301	-0.106128	0.651174
-1.80556	1.07053	-0.00728022	2.09908
-0.714248	-0.0736453	0.126979	0.729176
-0.714248	-0.0736453	0.126979	0.729176
-0.714248	-0.0736453	0.126979	0.729176
-0.104419	0.825397	-0.655974	1.05947
-0.104419	0.825397	-0.655974	1.05947
-0.104419	0.825397	-0.655974	1.05947
-0.104419	0.825397	-0.655974	1.05947
-0.156079	0.599133	-0.274241	0.677148
-0.156079	0.599133	-0.274241	0.677148
-0.156079	0.599133	-0.274241	0.677148
-0.156079	0.599133	-0.274241	0.677148
0.417079	-0.311708	0.525738	0.739945
0.417079	-0.311708	0.525738	0.739945
0.417079	-0.311708	0.525738	0.739945
0.444873	-0.52155	0.472861	0.832781
-0.419	0.265224	0.624966	0.797801
0.271186	-0.170651	0.942956	0.995907
0.271186	-0.170651	0.942956	0.995907
0.271186	-0.170651	0.942956	0.995907
0.353531	0.0519215	1.35047	1.39695
0.353531	0.0519215	1.35047	1.39695
0.489698	-0.453684	0.466723	0.814533
-0.475889	-0.211375	0.325454	0.61406
-0.475889	-0.211375	0.325454	0.61406
-0.475889	-0.211375	0.325454	0.61406
0.292517	-0.397633	-0.197265	0.531593
0.292517	-0.397633	-0.197265	0.531593
0.292517	-0.397633	-0.197265	0.531593
0.292517	-0.397633	-0.197265	0.531593
0.508226	0.214923	0.836769	1.00233
-0.491105	-0.233955	0.0633089	0.547655
0.136344	0.57543	0.0852163	0.59747
0.136344	0.57543	0.0852163	0.59747
0.136344	0.57543	0.0852163	0.59747
-0.653377	0.542865	0.715017	1.11034
-1.75587	0.107417	1.47674	2.29682
-1.75587	0.107417	1.47674	2.29682
-0.561613	0.781303	2.24447	2.44203
-0.731793	0.283647	2.64263	2.75672
-0.731793	0.283647	2.64263	2.75672
-0.731793	0.283647	2.64263	2.75672
-0.731793	0.283647	2.64263	2.75672
-0.731793	0.283647	2.64263	2.75672
-0.306633	0.220052	1.6321	1.67517
-1.1871	-0.272967	0.874493	1.49949
-1.1871	-0.272967	0.874493	1.49949
-0.467317	-0.140267	0.290177	0.567681
-0.467317	-0.140267	0.290177	0.567681
-0.467317	-0.140267	0.290177	0.567681
-0.467317	-0.140267	0.290177	0.567681
-0.467317	-0.140267	0.290177	0.567681
-0.467317	-0.140267	0.290177	0.567681
-0.467317	-0.140267	0.290177	0.567681
-0.467317	-0.140267	0.290177	0.567681
-0.467317	-0.140267	0.290177	0.567681
-0.467317	-0.140267	0.290177	0.567681
-0.467317	-0.140267	0.290177	0.567681
0.457687	-0.254772	0.0609612	0.527354
0.910018	-0.487612	0.883966	1.35915
0.910018	-0.487612	0.883966	1.35915
0.910018	-0.487612	0.883966	1.35915
0.910018	-0.487612	0.883966	1.35915
0.910018	-0.487612	0.883966	1.35915
0.910018	-0.487612	0.883966	1.35915
1.64963	-0.393146	0.696047	1.83312
1.24127	-1.5405	-0.376472	2.01386
0.206894	-1.18409	-0.447453	1.28261
0.206894	-1.18409	-0.447453	1.28261
-0.929446	-1.38508	-1.22657	2.07046
-1.00339	-0.768284	-1.22393	1.75928
0.0372395	0.17647	-1.5557	1.56612
0.0372395	0.17647	-1.5557	1.56612
0.207454	0.0184035	-1.27068	1.28763
0.207454	0.0184035	-1.27068	1.28763
0.207454	0.0184035	-1.27068	1.28763
1.03133	-1.17446	-1.34783	2.06389
0.65348	-1.51111	-0.946002	1.89879
0.65348	-1.51111	-0.946002	1.89879
0.379063	-0.506237	-0.418091	0.758132
0.379063	-0.506237	-0.418091	0.758132
0.676416	-1.0037	0.0489392	1.21134
0.0730291	-0.780771	-0.879	1.17795
0.0730291	-0.780771	-0.879	1.17795
0.0730291	-0.780771	-0.879	1.17795
-0.285275	-1.49037	0.196161	1.53006
0.142382	-0.636838	0.0150753	0.652735
0.525183	0.0247758	0.81758	0.972043
-0.662247	0.937105	0.244609	1.17327
0.168241	0.905227	1.3217	1.61079
-0.328953	1.30571	0.877425	1.60716
0.785827	2.03831	0.0220839	2.18466
1.11347	1.73722	0.132584	2.06769
0.928226	1.65032	0.790755	2.05194
0.928226	1.65032	0.790755	2.05194
0.35412	1.52378	0.515487	1.64713
0.35412	1.52378	0.515487	1.64713
0.35412	1.52378	0.515487	1.64713
-0.448869	1.26804	0.609483	1.47678
-0.448869	1.26804	0.609483	1.47678
-0.687392	0.384893	0.390245	0.879171
0.159485	-0.628599	0.84395	1.06434
0.159485	-0.628599	0.84395	1.06434
0.00287628	-0.705706	0.512973	0.872451
-0.998705	-0.512384	0.904422	1.4415
-0.998705	-0.512384	0.904422	1.4415
-0.824944	-0.269928	1.26439	1.53365
-0.0327411	0.439575	1.95633	2.00537
-0.0327411	0.439575	1.95633	2.00537
-0.0327411	0.439575	1.95633	2.00537
-0.0327411	0.439575	1.95633	2.00537
-1.16894	0.458992	2.18725	2.52213
-1.42874	-0.481353	3.04632	3.39898
-0.474096	-0.563373	4.00521	4.07233
-1.60216	-0.875241	4.5072	4.8629
-2.27256	-0.940041	3.55643	4.32394
-1.66774	-0.957416	2.74004	3.34751
-1.66774	-0.957416	2.74004	3.34751
-2.38276	0.108124	1.80592	2.99175
-1.60541	0.875311	1.00748	2.08771
-0.695845	0.467887	0.316404	0.896231
0.200686	-0.4427	-0.612019	0.781553
0.200686	-0.4427	-0.612019	0.781553
0.200686	-0.4427	-0.612019	0.781553
0.200686	-0.4427	-0.612019	0.781553
0.200686	-0.4427	-0.612019	0.781553
1.18156	-0.117789	0.00907742	1.18745
-0.00545342	-0.0985374	-0.842907	0.848664
-0.00545342	-0.0985374	-0.842907	0.848664
-0.00545342	-0.0985374	-0.842907	0.848664
-0.00545342	-0.0985374	-0.842907	0.848664
-0.00545342	-0.0985374	-0.842907	0.848664
-0.00545342	-0.0985374	-0.842907	0.848664
0.577207	0.0766629	-0.962819	1.1252
-0.410993	0.218947	0.0240308	0.466294
0.485079	-0.473113	-0.701621	0.975403
0.485079	-0.473113	-0.701621	0.975403
0.485079	-0.473113	-0.701621	0.975403
0.467245	-1.19278	0.495121	1.37339
1.10866	-1.34852	0.636731	1.85824
1.19736	-0.451094	-0.241575	1.30212
1.55003	-0.58494	0.531522	1.7399
1.55003	-0.58494	0.531522	1.7399
1.6384	-0.127009	-0.416189	1.6952
1.6384	-0.127009	-0.416189	1.6952
1.17148	-1.16755	-0.748897	1.8156
1.64225	-0.151436	-0.0642347	1.65047
1.64225	-0.151436	-0.0642347	1.65047
1.64225	-0.151436	-0.0642347	1.65047
1.0261	0.432433	0.724186	1.32828
-0.128048	-0.135966	0.513771	0.546666
-0.128048	-0.135966	0.513771	0.546666
-1.27561	0.374447	-0.193262	1.34341
-1.27561	0.374447	-0.193262	1.34341
-1.67249	-0.658322	-1.27546	2.20396
-1.67249	-0.658322	-1.27546	2.20396
-1.67249	-0.658322	-1.27546	2.20396
-0.518498	-1.16703	-1.23189	1.77436
-0.180609	-0.855196	-0.891093	1.24821
0.0693908	0.311814	-0.193377	0.373414
0.511261	1.50957	0.45792	1.65827
0.511261	1.50957	0.45792	1.65827
0.421515	0.450604	0.169717	0.63994
-0.679936	0.112362	0.156316	0.706663
-0.679936	0.112362	0.156316	0.706663
-0.302913	-0.194233	0.729759	0.813652
0.306415	0.598062	0.284507	0.729734
-0.601762	1.55654	0.69054	1.80604
-0.601762	1.55654	0.69054	1.80604
-0.601762	1.55654	0.69054	1.80604
-1.42532	1.72403	-0.236347	2.24938
-1.42532	1.72403	-0.236347	2.24938
-1.42532	1.72403	-0.236347	2.24938
-1.42532	1.72403	-0.236347	2.24938
-0.239304	2.42618	0.931178	2.60974
-0.239304	2.42618	0.931178	2.60974
0.415385	2.12528	0.626238	2.25422
-0.292524	1.27778	0.575911	1.43177
-0.143289	0.290967	0.616357	0.696484
-1.09202	-0.434322	0.872497	1.46369
-1.09202	-0.434322	0.872497	1.46369
-1.09202	-0.434322	0.872497	1.46369
-0.29162	-1.12439	0.810099	1.41617
-1.20506	-0.722593	0.715965	1.577
-1.20506	-0.722593	0.715965	1.577
-0.427107	0.28925	1.63307	1.7126
-0.427107	0.28925	1.63307	1.7126
0.091906	-0.143204	1.6752	1.68382
0.091906	-0.143204	1.6752	1.68382
0.091906	-0.143204	1.6752	1.68382
1.23629	0.0443912	0.79501	1.47052
1.23629	0.0443912	0.79501	1.47052
0.132562	0.294335	0.0896624	0.33503
0.132562	0.294335	0.0896624	0.33503
-0.274221	0.68796	0.323222	0.808059
0.309831	-0.321147	0.061088	0.450402
0.309831	-0.321147	0.061088	0.450402
0.309831	-0.321147	0.061088	0.450402
0.07021	-0.758642	-0.112759	0.770183
-0.821742	-0.542888	0.841738	1.29557
-0.962331	0.255005	0.905392	1.34568
-0.962331	0.255005	0.905392	1.34568
-0.962331	0.255005	0.905392	1.34568
-0.289276	-0.227118	1.51073	1.55486
0.19416	-1.31837	1.453	1.97155
0.19416	-1.31837	1.453	1.97155
0.19416	-1.31837	1.453	1.97155
0.19416	-1.31837	1.453	1.97155
0.268647	-0.233469	0.919397	0.985885
0.579155	-1.38428	1.196	1.91887
0.579155	-1.38428	1.196	1.91887
-0.569786	-1.34961	0.799265	1.66881
-0.988439	-1.27689	1.15576	1.98576
-2.0143	-1.32445	1.8961	3.06704
-2.0143	-1.32445	1.8961	3.06704
-2.0143	-1.32445	1.8961	3.06704
-2.0143	-1.32445	1.8961	3.06704
-2.18191	-1.97814	0.809785	3.05443
-2.10161	-2.40761	-0.212252	3.20287
-2.19245	-2.52045	0.586714	3.39171
-2.51974	-1.99605	1.78165	3.67527
-2.51974	-1.99605	1.78165	3.67527
-2.51974	-1.99605	1.78165	3.67527
-2.01365	-2.01088	1.10982	3.05453
-2.01365	-2.01088	1.10982	3.05453
-0.96646	-1.40129	-0.0137492	1.70231
-1.35401	-1.03517	1.07977	2.01763
-2.21232	-0.258558	1.69046	2.79623
-1.68509	-0.830237	0.833689	2.0552
-1.78577	-0.965971	0.263188	2.04728
-1.03463	-1.69518	0.240021	2.00042
-0.222904	-0.577486	0.745577	0.969052
-0.222904	-0.577486	0.745577	0.969052
-0.305715	-0.574412	0.99604	1.18975
-1.12611	-0.533539	0.0409644	1.24679
-1.16233	-1.11874	-0.759305	1.78301
-1.16233	-1.11874	-0.759305	1.78301
-1.16233	-1.11874	-0.759305	1.78301
-1.16233	-1.11874	-0.759305	1.78301
-1.70046	-0.265607	-1.74793	2.45304
-0.856893	0.0387792	-1.14721	1.43243
-0.856893	0.0387792	-1.14721	1.43243
-0.440902	1.08047	-2.1159	2.41638
-1.01882	0.621787	-1.24517	1.72483
-1.80356	-0.218435	-0.507011	1.88616
-1.27238	0.0272293	-1.37305	1.87215
-0.352316	0.948464	-1.1123	1.50363
-0.352316	0.948464	-1.1123	1.50363
0.647486	1.24744	-1.0954	1.78192
0.647486	1.24744	-1.0954	1.78192
0.647486	1.24744	-1.0954	1.78192
0.647486	1.24744	-1.0954	1.78192
1.31144	1.33609	-0.862632	2.06134
1.31144	1.33609	-0.862632	2.06134
1.31144	1.33609	-0.862632	2.06134
1.31144	1.33609	-0.862632	2.06134
1.68801	0.588927	0.237148	1.80346
2.48819	1.57962	-0.72581	3.03531
2.48819	1.57962	-0.72581	3.03531
2.48819	1.57962	-0.72581	3.03531
2.21183	1.58798	0.185112	2.72912
2.21183	1.58798	0.185112	2.72912
1.41046	1.69571	0.137221	2.2099
2.33144	1.22737	-0.189304	2.64157
1.29659	0.0906738	0.96812	1.62069
0.542789	0.747293	0.145364	0.934985
0.542789	0.747293	0.145364	0.934985
0.542789	0.747293	0.145364	0.934985
0.542789	0.747293	0.145364	0.934985
-0.279365	1.14717	0.384552	1.24175
-1.07264	0.401385	0.703011	1.34383
-1.07264	0.401385	0.703011	1.34383
-0.79304	0.670289	-0.450663	1.13194
0.110526	0.130885	-1.53811	1.54762
0.110526	0.130885	-1.53811	1.54762
0.110526	0.130885	-1.53811	1.54762
0.110526	0.130885	-1.53811	1.54762
-0.851946	0.975938	-0.639818	1.44486
-0.187252	0.820531	-0.693097	1.09028
-0.187252	0.820531	-0.693097	1.09028
0.0870238	1.34557	-1.40031	1.94397
0.0870238	1.34557	-1.40031	1.94397
0.249305	1.47571	-1.23108	1.9379
0.20695	1.30922	-0.0353062	1.32594
-0.190441	0.557884	0.240661	0.636726
-0.190441	0.557884	0.240661	0.636726
-0.190441	0.557884	0.240661	0.636726
-0.585635	0.30189	-0.20082	0.688792
-0.585635	0.30189	-0.20082	0.688792
-0.585635	0.30189	-0.20082	0.688792
-0.340001	0.632051	0.344003	0.795881
-0.340001	0.632051	0.344003	0.795881
-0.587151	-0.0576727	-0.505416	0.776864
-0.587151	-0.0576727	-0.505416	0.776864
-0.587151	-0.0576727	-0.505416	0.776864
-0.587151	-0.0576727	-0.505416	0.776864
-0.0252818	0.70944	-0.394237	0.812014
-0.766307	1.08235	-0.561201	1.44002
-0.766307	1.08235	-0.561201	1.44002
0.206262	0.0745053	-0.297971	0.369975
0.206262	0.0745053	-0.297971	0.369975
0.206262	0.0745053	-0.297971	0.369975
0.206262	0.0745053	-0.297971	0.369975
0.412209	0.0690969	-0.59094	0.72381
0.412209	0.0690969	-0.59094	0.72381
0.412209	0.0690969	-0.59094	0.72381
0.412209	0.0690969	-0.59094	0.72381
0.412209	0.0690969	-0.59094	0.72381
0.412209	0.0690969	-0.59094	0.72381
-0.61572	0.466442	-0.11462	0.780908
-0.61572	0.466442	-0.11462	0.780908
-0.61572	0.466442	-0.11462	0.780908
0.579073	0.10145	0.594246	0.83591
-0.432745	0.00924259	0.426723	0.607821
-0.432745	0.00924259	0.426723	0.607821
-0.432745	0.00924259	0.426723	0.607821
-0.432745	0.00924259	0.426723	0.607821
0.624643	0.0998638	0.0907491	0.639052
0.624643	0.0998638	0.0907491	0.639052
-0.111225	1.2279	-0.762693	1.44976
-0.111225	1.2279	-0.762693	1.44976
-0.10166	1.2143	0.00577192	1.21856
-0.10166	1.2143	0.00577192	1.21856
-0.10166	1.2143	0.00577192	1.21856
-1.24201	0.357321	0.0876024	1.29535
-1.50216	1.54363	-0.588472	2.23284
-1.50216	1.54363	-0.588472	2.23284
-1.45452	0.883795	-1.68716	2.39651
-0.571546	0.291759	-2.03764	2.1363
-1.19057	-0.354779	-1.11278	1.66782
-1.6373	-0.801911	-0.840349	2.00748
-0.582324	-0.469303	0.0110329	0.747976
-0.582324	-0.469303	0.0110329	0.747976
-0.582324	-0.469303	0.0110329	0.747976
-0.582324	-0.469303	0.0110329	0.747976
-0.582324	-0.469303	0.0110329	0.747976
-0.582324	-0.469303	0.0110329	0.747976
-0.582324	-0.469303	0.0110329	0.747976
-0.582324	-0.469303	0.0110329	0.747976
-0.34696	0.308865	-0.17904	0.497829
-0.259341	1.1305	0.0652325	1.1617
0.439202	0.00308174	-0.988612	1.08179
0.439202	0.00308174	-0.988612	1.08179
0.726862	0.119847	-0.660557	0.989458
0.726862	0.119847	-0.660557	0.989458
0.960455	-0.473424	-1.41334	1.77317
0.960455	-0.473424	-1.41334	1.77317
0.821292	-0.0227317	-2.00335	2.16528
0.821292	-0.0227317	-2.00335	2.16528
0.990406	0.328928	-1.24723	1.62624
0.990406	0.328928	-1.24723	1.62624
0.990406	0.328928	-1.24723	1.62624
0.990406	0.328928	-1.24723	1.62624
0.990406	0.328928	-1.24723	1.62624
-0.170657	-0.12712	-1.77938	1.79206
-0.0734608	0.033446	-1.18155	1.1843
-0.0275178	-0.507334	-1.09285	1.20519
