x	y	z	r
-2.18863	-1.91448	1.33197	3.19835
-3.16787	-2.04721	1.74861	4.15742
-1.9787	-4.44837	2.65352	5.54476
0.373101	-5.19369	4.6056	6.95163
0.373101	-5.19369	4.6056	6.95163
0.373101	-5.19369	4.6056	6.95163
-2.42655	-4.71125	2.08053	5.69321
-2.42655	-4.71125	2.08053	5.69321
-2.46584	-3.22618	1.95953	4.5087
-2.46584	-3.22618	1.95953	4.5087
-2.62942	-2.73366	2.63703	4.61959
-2.62942	-2.73366	2.63703	4.61959
-0.124597	-1.26016	2.6478	2.93503
-0.124597	-1.26016	2.6478	2.93503
0.75674	-2.91982	3.6824	4.76005
0.75674	-2.91982	3.6824	4.76005
1.2049	-0.947794	1.08842	1.88009
0.935245	0.593637	3.81597	3.9735
0.935245	0.593637	3.81597	3.9735
3.48652	2.41069	1.02003	4.35979
1.36258	-0.179126	2.25788	2.64325
-0.889109	2.63663	1.67221	3.24632
-2.20715	1.19455	1.89348	3.14384
-2.20715	1.19455	1.89348	3.14384
-2.20715	1.19455	1.89348	3.14384
-2.20715	1.19455	1.89348	3.14384
-2.20715	1.19455	1.89348	3.14384
-0.283275	2.63742	2.70033	3.78524
-2.01621	0.660184	3.71494	4.27805
-4.54375	0.0796717	2.71072	5.2915
-1.72228	-0.8296	2.34466	3.02522
-4.45585	1.17585	2.49815	5.24194
-4.01492	3.22733	3.66782	6.32362
-1.99618	1.95101	6.19974	6.79911
-1.99618	1.95101	6.19974	6.79911
-3.21174	3.58617	3.36437	5.87324
-1.29643	5.68085	4.74832	7.5166
-3.35674	4.29136	6.81719	8.72683
-3.0795	1.90241	7.32703	8.17238
-2.36246	3.08902	9.90894	10.6447
-3.28097	4.59727	7.23755	9.18051
-2.62668	2.93344	7.21601	8.22042
-0.663367	5.78884	4.64411	7.45107
-3.11202	3.39292	7.11155	8.47176
-1.41229	1.12449	6.22028	6.47695
-1.41229	1.12449	6.22028	6.47695
1.00137	-1.49039	3.77222	4.17776
-0.335264	0.84339	4.7981	4.88319
1.54556	1.69096	2.98521	3.76292
0.146372	-0.86055	0.849867	1.2183
0.146372	-0.86055	0.849867	1.2183
0.146372	-0.86055	0.849867	1.2183
0.146372	-0.86055	0.849867	1.2183
1.43156	-0.289786	-0.609132	1.58252
1.43156	-0.289786	-0.609132	1.58252
3.67899	-1.10759	-2.64994	4.66732
3.67899	-1.10759	-2.64994	4.66732
4.05624	0.0425918	-2.06034	4.54971
4.05624	0.0425918	-2.06034	4.54971
4.05624	0.0425918	-2.06034	4.54971
4.05624	0.0425918	-2.06034	4.54971
4.05624	0.0425918	-2.06034	4.54971
4.05624	0.0425918	-2.06034	4.54971
2.25448	2.76531	-3.49716	4.99597
1.27937	4.84108	-1.76705	5.30993
1.27937	4.84108	-1.76705	5.30993
1.50385	3.61735	-1.53415	4.20719
0.782064	4.56212	-3.4784	5.78998
-1.05771	1.71184	-3.90774	4.3954
-3.74664	0.022535	-6.61861	7.60551
-4.75375	-1.68291	-6.54528	8.26263
-4.93137	-1.56513	-5.94628	7.88202
-4.93137	-1.56513	-5.94628	7.88202
-4.93137	-1.56513	-5.94628	7.88202
-4.93137	-1.56513	-5.94628	7.88202
-4.93137	-1.56513	-5.94628	7.88202
-4.93137	-1.56513	-5.94628	7.88202
-4.93137	-1.56513	-5.94628	7.88202
-4.61098	-1.70044	-4.48793	6.65538
-4.61098	-1.70044	-4.48793	6.65538
-4.818	-3.42291	-2.63118	6.46935
-5.35934	-0.90206	-4.80334	7.25316
-2.80502	1.56359	-4.18481	5.275
-1.08812	0.338494	-1.87596	2.19495
-1.08812	0.338494	-1.87596	2.19495
-1.08812	0.338494	-1.87596	2.19495
0.432418	0.4396	-1.50941	1.63051
0.432418	0.4396	-1.50941	1.63051
0.432418	0.4396	-1.50941	1.63051
0.432418	0.4396	-1.50941	1.63051
0.474108	1.69119	-2.15739	2.78195
0.474108	1.69119	-2.15739	2.78195
-1.1075	1.37521	-2.93886	3.42851
-1.1075	1.37521	-2.93886	3.42851
1.4277	2.30615	-1.34607	3.02797
2.35557	0.0742948	-3.08563	3.8827
2.35557	0.0742948	-3.08563	3.8827
0.169076	1.48994	-2.42119	2.84792
1.89701	1.76372	-5.26373	5.86654
0.963196	1.96463	-6.61854	6.97084
-0.173309	2.49307	-3.97299	4.69361
-0.173309	2.49307	-3.97299	4.69361
1.47064	2.88253	-4.53001	5.56711
0.822778	0.966044	-6.48289	6.60591
2.99812	-0.138044	-8.55221	9.06356
4.23606	2.08162	-7.23863	8.64148
5.2463	1.82741	-5.19093	7.60322
5.2463	1.82741	-5.19093	7.60322
4.71352	-0.781554	-3.01053	5.64725
5.67698	-2.87274	-5.70913	8.54838
3.02496	-0.171218	-3.67861	4.7657
3.85008	1.62949	-5.22027	6.68802
2.49252	0.188906	-2.85843	3.79723
2.49252	0.188906	-2.85843	3.79723
0.476215	-0.910408	-1.15388	1.54501
0.476215	-0.910408	-1.15388	1.54501
0.967114	1.41377	-2.64436	3.15066
0.967114	1.41377	-2.64436	3.15066
-1.05145	3.50087	-1.33662	3.89207
-1.05145	3.50087	-1.33662	3.89207
-2.32809	3.95522	1.35095	4.78423
0.282362	4.015	0.72235	4.08923
-0.685185	5.12562	0.481896	5.19362
-0.685185	5.12562	0.481896	5.19362
1.77584	5.50671	0.726741	5.83143
-0.452079	6.23323	1.73348	6.48556
-0.452079	6.23323	1.73348	6.48556
2.16422	4.44968	4.17944	6.47697
2.16422	4.44968	4.17944	6.47697
-0.173349	5.72365	3.69351	6.81412
-0.114728	5.04404	2.07343	5.45478
-0.114728	5.04404	2.07343	5.45478
-1.01734	4.31969	4.88134	6.59714
1.80097	2.81392	6.52735	7.33267
4.16154	0.977925	4.73857	6.38191
1.81917	3.66558	5.55272	6.89772
3.78425	4.03662	2.7331	6.17127
2.92997	5.11738	2.41374	6.37169
3.93286	4.23734	2.11854	6.15716
3.93286	4.23734	2.11854	6.15716
4.43121	7.11907	4.83542	9.67977
4.43121	7.11907	4.83542	9.67977
3.09327	4.88654	6.91333	9.01336
0.665505	2.78742	6.74825	7.33154
1.00102	0.683996	4.3294	4.49596
0.292198	-1.77327	6.56677	6.80825
-0.503117	-0.284217	5.22703	5.25887
-0.503117	-0.284217	5.22703	5.25887
0.297369	-1.75953	2.69059	3.22857
1.89096	-1.79674	2.68261	3.74171
0.00671914	0.155696	5.04796	5.05036
-1.77559	-1.10571	4.86996	5.30017
-0.98934	-1.73469	4.9405	5.32884
-0.98934	-1.73469	4.9405	5.32884
-0.909168	-1.16702	3.74458	4.02622
-0.909168	-1.16702	3.74458	4.02622
-0.909168	-1.16702	3.74458	4.02622
-0.909168	-1.16702	3.74458	4.02622
-0.909168	-1.16702	3.74458	4.02622
-2.25857	-0.42591	4.34213	4.9129
-1.50322	-0.400456	1.82372	2.39708
0.420425	1.17836	1.502	1.95481
0.585445	2.51774	1.01127	2.77568
0.908345	0.208666	0.991608	1.36085
0.908345	0.208666	0.991608	1.36085
1.15299	1.34641	3.46866	3.89536
-0.375011	-0.256458	2.37204	2.41516
-1.09953	1.41038	3.02981	3.51822
-2.58878	-0.605239	4.20592	4.97572
-2.32939	-1.11351	4.13446	4.87439
-2.95485	0.746935	5.92691	6.66463
-0.736444	2.55975	6.50819	7.03216
-0.736444	2.55975	6.50819	7.03216
-0.736444	2.55975	6.50819	7.03216
-0.736444	2.55975	6.50819	7.03216
-0.736444	2.55975	6.50819	7.03216
-0.273595	3.39972	5.26958	6.27706
-1.49481	1.32922	2.70879	3.36732
-1.49481	1.32922	2.70879	3.36732
-1.49481	1.32922	2.70879	3.36732
1.0175	-0.305526	1.0799	1.51487
1.0175	-0.305526	1.0799	1.51487
-1.72559	-0.780593	3.8174	4.2614
-0.0582062	-0.371697	1.14088	1.20131
-0.0582062	-0.371697	1.14088	1.20131
-0.0582062	-0.371697	1.14088	1.20131
-0.0582062	-0.371697	1.14088	1.20131
0.278	-1.18959	2.01663	2.35779
0.278	-1.18959	2.01663	2.35779
0.278	-1.18959	2.01663	2.35779
0.278	-1.18959	2.01663	2.35779
0.278	-1.18959	2.01663	2.35779
0.278	-1.18959	2.01663	2.35779
0.278	-1.18959	2.01663	2.35779
0.278	-1.18959	2.01663	2.35779
0.278	-1.18959	2.01663	2.35779
0.278	-1.18959	2.01663	2.35779
1.54118	-1.12424	2.10028	2.83731
1.54118	-1.12424	2.10028	2.83731
1.54118	-1.12424	2.10028	2.83731
1.54118	-1.12424	2.10028	2.83731
2.52854	-2.99987	2.40389	4.60123
2.52854	-2.99987	2.40389	4.60123
2.52854	-2.99987	2.40389	4.60123
2.52854	-2.99987	2.40389	4.60123
1.61725	-3.55223	4.26064	5.77814
2.25897	-3.28603	1.46547	4.24836
2.25897	-3.28603	1.46547	4.24836
2.25897	-3.28603	1.46547	4.24836
4.87884	-1.70477	2.98444	5.96794
4.87884	-1.70477	2.98444	5.96794
1.9926	-2.10317	3.52185	4.56039
1.9926	-2.10317	3.52185	4.56039
-0.17008	-4.67116	2.77961	5.43828
1.67384	-5.55698	3.7872	6.92998
1.14624	-5.24503	5.81279	7.91282
2.05188	-7.13545	6.81835	10.0804
3.32996	-6.72441	6.38661	9.85369
3.79511	-4.63957	5.5067	8.13955
3.79511	-4.63957	5.5067	8.13955
4.65934	-2.78839	3.09063	6.24792
4.65934	-2.78839	3.09063	6.24792
5.51157	-1.67041	3.9416	6.97881
5.51157	-1.67041	3.9416	6.97881
5.51157	-1.67041	3.9416	6.97881
2.69914	-0.471094	3.17944	4.19716
0.7665	-1.76293	5.93883	6.2422
-0.878002	-0.132399	6.56782	6.62757
0.780682	1.31524	4.09	4.36663
-1.70747	0.137289	4.39753	4.71938
-1.70747	0.137289	4.39753	4.71938
-1.70747	0.137289	4.39753	4.71938
-2.12047	-2.64185	4.13282	5.34377
-1.80231	-1.9829	1.31802	2.9862
-1.80231	-1.9829	1.31802	2.9862
0.142537	0.427147	0.501787	0.674212
-0.901612	-1.85085	-1.44147	2.51324
-1.09149	0.252399	-3.54643	3.71917
-1.69315	-1.25675	-2.04012	2.93398
-1.69315	-1.25675	-2.04012	2.93398
-1.69315	-1.25675	-2.04012	2.93398
-1.69315	-1.25675	-2.04012	2.93398
0.1398	-0.192883	-4.50201	4.5083
1.37441	0.969051	-2.1502	2.72973
1.37441	0.969051	-2.1502	2.72973
1.37441	0.969051	-2.1502	2.72973
1.37441	0.969051	-2.1502	2.72973
2.37797	-0.0606009	-3.63515	4.34428
-0.251815	-0.394182	-0.814428	0.939193
-0.251815	-0.394182	-0.814428	0.939193
-0.251815	-0.394182	-0.814428	0.939193
1.20858	0.964383	-3.04492	3.415
2.50938	1.83072	-1.69848	3.54025
2.50938	1.83072	-1.69848	3.54025
3.96855	0.191145	-3.66329	5.40423
1.44278	-2.48481	-2.54574	3.83884
1.44278	-2.48481	-2.54574	3.83884
1.44278	-2.48481	-2.54574	3.83884
1.44278	-2.48481	-2.54574	3.83884
1.44278	-2.48481	-2.54574	3.83884
-1.00162	-0.264133	-1.61803	1.92121
-1.00162	-0.264133	-1.61803	1.92121
-1.00162	-0.264133	-1.61803	1.92121
-1.00162	-0.264133	-1.61803	1.92121
0.305154	-2.01559	-2.55261	3.26673
2.52896	-0.859844	-2.01638	3.34676
0.0907114	1.78391	-1.01063	2.0523
0.0907114	1.78391	-1.01063	2.0523
0.0907114	1.78391	-1.01063	2.0523
2.75397	3.33008	1.51294	4.57851
3.50646	2.31819	3.51742	5.48101
3.50646	2.31819	3.51742	5.48101
3.50646	2.31819	3.51742	5.48101
2.07365	1.21266	3.58241	4.31326
2.07365	1.21266	3.58241	4.31326
0.554748	4.03712	6.26099	7.47035
0.554748	4.03712	6.26099	7.47035
1.64677	3.8821	4.3978	6.09288
1.64677	3.8821	4.3978	6.09288
1.64677	3.8821	4.3978	6.09288
1.64677	3.8821	4.3978	6.09288
1.64677	3.8821	4.3978	6.09288
1.64677	3.8821	4.3978	6.09288
2.83682	2.46396	4.41101	5.79445
4.517	0.598657	3.5643	5.78497
4.517	0.598657	3.5643	5.78497
1.79479	0.543127	4.74447	5.10159
1.79479	0.543127	4.74447	5.10159
2.59034	0.143185	5.46794	6.05217
1.17871	1.52586	2.9965	3.56323
-0.701212	1.51381	4.82693	5.10711
0.0888608	3.80449	3.77221	5.35832
0.0888608	3.80449	3.77221	5.35832
0.0888608	3.80449	3.77221	5.35832
0.0888608	3.80449	3.77221	5.35832
0.745516	2.86988	3.24453	4.39533
0.745516	2.86988	3.24453	4.39533
0.745516	2.86988	3.24453	4.39533
0.745516	2.86988	3.24453	4.39533
0.745516	2.86988	3.24453	4.39533
0.745516	2.86988	3.24453	4.39533
2.47443	1.34685	4.52945	5.33411
0.69095	0.404194	2.47411	2.60039
2.29296	-1.57912	3.09676	4.16428
2.45128	-0.926242	2.53082	3.64304
2.45128	-0.926242	2.53082	3.64304
0.170979	0.855487	3.56978	3.67483
0.170979	0.855487	3.56978	3.67483
0.170979	0.855487	3.56978	3.67483
0.170979	0.855487	3.56978	3.67483
0.170979	0.855487	3.56978	3.67483
0.170979	0.855487	3.56978	3.67483
0.486557	2.97729	2.15122	3.70523
0.486557	2.97729	2.15122	3.70523
0.92351	2.22448	1.62789	2.90709
1.06578	0.343159	1.29066	1.70865
2.89003	1.16963	4.04166	5.10444
2.89003	1.16963	4.04166	5.10444
2.89003	1.16963	4.04166	5.10444
0.65073	0.583442	3.36489	3.47654
0.65073	0.583442	3.36489	3.47654
0.65073	0.583442	3.36489	3.47654
0.65073	0.583442	3.36489	3.47654
0.65073	0.583442	3.36489	3.47654
2.32575	1.45054	1.41679	3.08553
2.51823	2.01582	4.08533	5.20528
1.90192	-0.53241	1.70383	2.60841
1.90192	-0.53241	1.70383	2.60841
1.90192	-0.53241	1.70383	2.60841
1.90192	-0.53241	1.70383	2.60841
1.90192	-0.53241	1.70383	2.60841
1.90192	-0.53241	1.70383	2.60841
1.90192	-0.53241	1.70383	2.60841
1.90192	-0.53241	1.70383	2.60841
1.81079	0.394267	2.44162	3.06528
1.81079	0.394267	2.44162	3.06528
1.81079	0.394267	2.44162	3.06528
-0.258977	-0.67705	4.29242	4.3532
-0.258977	-0.67705	4.29242	4.3532
-1.3595	0.191413	2.79696	3.11575
-2.95058	0.175655	3.40386	4.50811
-2.95058	0.175655	3.40386	4.50811
-2.95058	0.175655	3.40386	4.50811
-2.95058	0.175655	3.40386	4.50811
-1.15808	-2.53727	4.66589	5.43594
-1.15808	-2.53727	4.66589	5.43594
1.21263	-0.19556	6.67618	6.78823
1.21263	-0.19556	6.67618	6.78823
3.47903	-2.38448	5.14036	6.64927
1.05362	-0.398521	7.27221	7.35894
-1.16475	-0.209251	9.52439	9.59763
-0.651296	-0.309371	11.8555	11.8774
-0.651296	-0.309371	11.8555	11.8774
-0.651296	-0.309371	11.8555	11.8774
-3.26127	-2.44719	10.9949	11.7266
-1.4111	-4.39557	9.03003	10.1417
-4.30902	-3.24215	6.82081	8.69498
-4.57663	-4.96865	4.60319	8.1745
-2.61808	-3.87497	5.12118	6.93514
-4.86346	-1.47629	4.13105	6.54967
-4.21081	-2.08896	3.48087	5.84903
-6.01001	0.294272	4.8479	7.72716
-6.87542	-0.684719	4.72548	8.37081
-4.73046	-3.411	4.81695	7.56407
-4.73046	-3.411	4.81695	7.56407
-4.73046	-3.411	4.81695	7.56407
-5.44856	-1.19449	6.09817	8.26446
-5.44856	-1.19449	6.09817	8.26446
-2.97734	-1.89231	4.00552	5.33756
-2.97734	-1.89231	4.00552	5.33756
-1.47169	-2.1411	3.37955	4.26281
-1.47169	-2.1411	3.37955	4.26281
-1.47169	-2.1411	3.37955	4.26281
-1.47169	-2.1411	3.37955	4.26281
-1.47169	-2.1411	3.37955	4.26281
-1.94885	0.269009	3.16746	3.7287
-1.94885	0.269009	3.16746	3.7287
-1.27339	1.68674	2.51219	3.28294
-1.27339	1.68674	2.51219	3.28294
-1.27339	1.68674	2.51219	3.28294
-1.27339	1.68674	2.51219	3.28294
-0.359126	2.34891	1.6469	2.89113
-0.599823	3.40131	1.94756	3.96505
-0.599823	3.40131	1.94756	3.96505
-0.599823	3.40131	1.94756	3.96505
-2.84876	3.19585	4.63841	6.31219
-2.84876	3.19585	4.63841	6.31219
-2.22054	4.44233	3.8607	6.29048
-1.16774	1.74137	1.25278	2.44243
-0.655627	-0.940793	1.57115	1.94511
-0.655627	-0.940793	1.57115	1.94511
-0.655627	-0.940793	1.57115	1.94511
0.733811	1.73763	1.54997	2.44137
0.733811	1.73763	1.54997	2.44137
0.733811	1.73763	1.54997	2.44137
0.733811	1.73763	1.54997	2.44137
0.733811	1.73763	1.54997	2.44137
0.733811	1.73763	1.54997	2.44137
2.5443	1.23595	3.85307	4.77987
2.5443	1.23595	3.85307	4.77987
0.919303	0.618484	1.88366	2.18536
0.919303	0.618484	1.88366	2.18536
0.919303	0.618484	1.88366	2.18536
0.919303	0.618484	1.88366	2.18536
0.919303	0.618484	1.88366	2.18536
0.919303	0.618484	1.88366	2.18536
0.919303	0.618484	1.88366	2.18536
1.66267	0.153642	3.113	3.53255
1.66267	0.153642	3.113	3.53255
1.66267	0.153642	3.113	3.53255
1.66267	0.153642	3.113	3.53255
1.66267	0.153642	3.113	3.53255
1.66267	0.153642	3.113	3.53255
1.66267	0.153642	3.113	3.53255
1.66267	0.153642	3.113	3.53255
1.66267	0.153642	3.113	3.53255
1.85458	-1.79958	4.30978	5.02515
1.2256	-0.767003	5.13107	5.33088
0.683791	0.735755	7.08945	7.16025
1.31287	1.20234	4.20244	4.56396
1.31287	1.20234	4.20244	4.56396
0.545398	3.78428	6.39767	7.45308
-1.88566	4.56996	3.56553	6.09535
-1.88566	4.56996	3.56553	6.09535
-1.88566	4.56996	3.56553	6.09535
-1.88566	4.56996	3.56553	6.09535
-3.28669	4.72884	4.91508	7.57115
-3.28669	4.72884	4.91508	7.57115
-4.95164	4.44058	2.95029	7.27611
-4.95164	4.44058	2.95029	7.27611
-4.95164	4.44058	2.95029	7.27611
-4.95164	4.44058	2.95029	7.27611
-4.95164	4.44058	2.95029	7.27611
-3.63693	2.37676	3.43359	5.53767
-1.17138	0.666215	3.80099	4.0328
0.162506	0.53808	1.05871	1.19867
0.162506	0.53808	1.05871	1.19867
-0.977027	2.25806	1.95076	3.13988
-0.977027	2.25806	1.95076	3.13988
-0.0290251	2.35181	3.33573	4.08154
-0.0290251	2.35181	3.33573	4.08154
-0.0290251	2.35181	3.33573	4.08154
-0.0290251	2.35181	3.33573	4.08154
-0.0290251	2.35181	3.33573	4.08154
2.33542	0.833792	2.13286	3.27086
2.64579	2.04956	4.10859	5.29919
2.19863	0.766555	1.76792	2.92355
1.74482	0.822793	2.45568	3.12277
2.96247	1.17257	2.3731	3.97275
2.96247	1.17257	2.3731	3.97275
2.96247	1.17257	2.3731	3.97275
2.96247	1.17257	2.3731	3.97275
2.96247	1.17257	2.3731	3.97275
3.40304	-0.675921	2.74674	4.42517
3.40304	-0.675921	2.74674	4.42517
3.08474	1.94646	4.50951	5.8
1.31777	0.0292975	3.73416	3.95996
1.31777	0.0292975	3.73416	3.95996
1.31777	0.0292975	3.73416	3.95996
1.31777	0.0292975	3.73416	3.95996
1.31777	0.0292975	3.73416	3.95996
1.31777	0.0292975	3.73416	3.95996
1.31777	0.0292975	3.73416	3.95996
1.31777	0.0292975	3.73416	3.95996
-0.0853614	-0.899993	0.905336	1.27942
-0.0853614	-0.899993	0.905336	1.27942
2.04349	-2.14348	2.13836	3.6528
1.97679	-1.43053	3.03439	3.8938
1.97679	-1.43053	3.03439	3.8938
0.439851	-3.53544	4.24897	5.54496
-0.063618	-3.55027	2.69321	4.45667
-2.56592	-1.95769	2.82609	4.28991
-2.56592	-1.95769	2.82609	4.28991
-2.56592	-1.95769	2.82609	4.28991
-2.56592	-1.95769	2.82609	4.28991
-2.56592	-1.95769	2.82609	4.28991
-2.56592	-1.95769	2.82609	4.28991
-2.56592	-1.95769	2.82609	4.28991
-0.828844	0.70635	4.52218	4.65145
1.0457	1.65718	4.0371	4.48752
1.30698	-1.17707	2.86434	3.36127
1.30698	-1.17707	2.86434	3.36127
1.75917	0.105911	2.33905	2.92866
1.75917	0.105911	2.33905	2.92866
0.269605	-0.728353	5.09424	5.1531
0.269605	-0.728353	5.09424	5.1531
1.77298	-1.36398	4.95512	5.43664
3.21612	-1.78738	2.82301	4.63762
3.21612	-1.78738	2.82301	4.63762
1.66167	-3.99482	0.834967	4.40646
1.69505	-3.24169	-1.46029	3.93881
0.220525	-3.34049	-2.01973	3.90984
0.220525	-3.34049	-2.01973	3.90984
-1.89686	-1.21668	-1.86474	2.925
-0.710388	-2.13688	-3.3974	4.07593
-0.710388	-2.13688	-3.3974	4.07593
0.624747	0.67676	-5.71743	5.79114
-0.119831	1.14136	-4.52534	4.6686
-0.119831	1.14136	-4.52534	4.6686
-0.119831	1.14136	-4.52534	4.6686
-0.975093	2.36242	-3.27041	4.15059
0.12571	0.991405	-2.90426	3.07138
2.28107	0.647332	-0.806976	2.5047
2.28107	0.647332	-0.806976	2.5047
4.53753	2.16275	1.91018	5.37731
5.70678	4.00846	4.61363	8.36186
3.43736	1.3888	2.33995	4.38401
3.43736	1.3888	2.33995	4.38401
3.60177	1.53501	1.33604	4.1369
3.60177	1.53501	1.33604	4.1369
3.73056	-0.325371	3.93694	5.43346
6.11944	-0.855907	3.81401	7.26132
6.11944	-0.855907	3.81401	7.26132
3.43548	2.02945	5.44273	6.74867
3.43548	2.02945	5.44273	6.74867
3.43548	2.02945	5.44273	6.74867
4.12165	2.21709	4.4431	6.45326
5.81573	0.250232	2.59161	6.37195
5.81573	0.250232	2.59161	6.37195
5.81573	0.250232	2.59161	6.37195
5.81573	0.250232	2.59161	6.37195
5.81573	0.250232	2.59161	6.37195
5.89034	-0.486345	2.53655	6.43169
4.46381	-2.45054	4.54415	6.82496
4.46381	-2.45054	4.54415	6.82496
3.45591	-1.27018	3.24562	4.90822
3.45591	-1.27018	3.24562	4.90822
3.45591	-1.27018	3.24562	4.90822
3.45591	-1.27018	3.24562	4.90822
1.48725	1.56355	1.41546	2.58072
-0.138122	-0.790504	3.57049	3.65956
-0.015039	-2.99164	4.02902	5.01828
-0.015039	-2.99164	4.02902	5.01828
-2.26216	-1.93284	2.37069	3.80439
-2.26216	-1.93284	2.37069	3.80439
-2.26216	-1.93284	2.37069	3.80439
-2.17467	-4.16839	3.23803	5.70872
-2.37097	-3.8613	4.53689	6.41206
-4.09899	-4.20637	6.43343	8.71116
-2.61083	-2.19648	8.90194	9.53339
-2.61083	-2.19648	8.90194	9.53339
-5.43435	-4.03395	7.81609	10.3391
-5.5404	-4.93853	5.17165	9.04605
-5.5404	-4.93853	5.17165	9.04605
-2.80606	-3.23823	5.65387	7.09411
-2.80606	-3.23823	5.65387	7.09411
-1.62746	-3.04785	6.4058	7.2782
1.17115	-0.629522	5.4785	5.63754
-0.505486	0.300282	5.21088	5.24395
-0.411077	0.606291	4.58086	4.63905
1.01142	0.456302	1.87149	2.1757
1.01142	0.456302	1.87149	2.1757
-0.930441	-0.83406	1.92511	2.29509
-0.930441	-0.83406	1.92511	2.29509
-2.44993	-2.28861	3.52496	4.8647
-2.35247	-2.40547	4.69889	5.77927
-0.106413	0.168342	7.08785	7.09065
-0.106413	0.168342	7.08785	7.09065
-1.54327	1.95584	5.4122	5.95809
-1.54327	1.95584	5.4122	5.95809
-1.54327	1.95584	5.4122	5.95809
-0.798492	3.49878	5.10483	6.24006
-0.214455	1.49105	5.74071	5.93506
-0.482436	2.76387	4.68759	5.46308
0.842556	2.02196	5.06333	5.51684
0.842556	2.02196	5.06333	5.51684
0.842556	2.02196	5.06333	5.51684
0.842556	2.02196	5.06333	5.51684
0.842556	2.02196	5.06333	5.51684
-0.563018	3.0802	3.66746	4.82233
-0.563018	3.0802	3.66746	4.82233
-0.563018	3.0802	3.66746	4.82233
-2.54174	2.86837	2.71067	4.69423
-2.54174	2.86837	2.71067	4.69423
-3.39348	1.9922	4.03318	5.63481
-2.11229	-0.396823	2.44781	3.25745
-3.27638	0.00583361	2.88231	4.36376
-3.27638	0.00583361	2.88231	4.36376
-3.27638	0.00583361	2.88231	4.36376
-2.50898	-0.168674	2.26522	3.38447
-0.824435	-1.15118	2.25617	2.66368
-0.285417	-2.42817	3.15602	3.99223
0.127722	0.129906	1.21905	1.23258
0.127722	0.129906	1.21905	1.23258
0.370075	-0.276266	2.94619	2.98216
-2.49754	-1.4521	3.0511	4.20185
-2.49754	-1.4521	3.0511	4.20185
-2.49754	-1.4521	3.0511	4.20185
-2.49754	-1.4521	3.0511	4.20185
-2.49754	-1.4521	3.0511	4.20185
-2.49754	-1.4521	3.0511	4.20185
-0.0561482	-2.63018	3.23146	4.16693
-0.0561482	-2.63018	3.23146	4.16693
-0.0561482	-2.63018	3.23146	4.16693
-0.0561482	-2.63018	3.23146	4.16693
-0.0561482	-2.63018	3.23146	4.16693
-0.0561482	-2.63018	3.23146	4.16693
-0.0561482	-2.63018	3.23146	4.16693
-0.0561482	-2.63018	3.23146	4.16693
-1.5277	-5.33584	2.76292	6.1999
0.492047	-4.89879	1.97341	5.30421
0.492047	-4.89879	1.97341	5.30421
0.492047	-4.89879	1.97341	5.30421
0.903554	-3.01293	-0.563157	3.19551
-0.59386	-1.23249	0.635216	1.50838
-2.24142	0.923699	2.53279	3.50603
-4.92445	2.33492	4.79934	7.26194
-6.27021	0.382534	3.32896	7.10942
-3.68946	0.604672	6.22552	7.26188
-4.79845	-1.61309	4.22877	6.59618
-4.79845	-1.61309	4.22877	6.59618
-4.79845	-1.61309	4.22877	6.59618
-5.37471	-0.388703	4.46909	7.00081
-5.37471	-0.388703	4.46909	7.00081
-5.37471	-0.388703	4.46909	7.00081
-5.37471	-0.388703	4.46909	7.00081
-5.37471	-0.388703	4.46909	7.00081
-4.52852	-3.13941	6.56654	8.57221
-4.52852	-3.13941	6.56654	8.57221
-4.52852	-3.13941	6.56654	8.57221
-2.91714	-1.76656	8.72836	9.37095
-1.08589	0.795687	6.72873	6.86208
-1.08589	0.795687	6.72873	6.86208
-2.58836	-1.18065	5.88413	6.53579
-2.58836	-1.18065	5.88413	6.53579
-2.45761	0.968275	5.94907	6.50914
-2.36546	0.924577	5.2254	5.80991
-1.98918	0.503049	4.51237	4.95695
-1.98918	0.503049	4.51237	4.95695
-0.186216	0.726219	3.53799	3.61655
-1.36845	0.990212	2.88697	3.34481
-1.36845	0.990212	2.88697	3.34481
-1.36845	0.990212	2.88697	3.34481
-1.36845	0.990212	2.88697	3.34481
-1.36845	0.990212	2.88697	3.34481
-1.36845	0.990212	2.88697	3.34481
-1.36845	0.990212	2.88697	3.34481
-1.36845	0.990212	2.88697	3.34481
-1.36845	0.990212	2.88697	3.34481
1.11882	0.821024	4.40051	4.61414
-1.0279	0.832055	5.07908	5.24842
-1.0279	0.832055	5.07908	5.24842
-1.1452	0.427202	3.35256	3.56843
-1.1452	0.427202	3.35256	3.56843
-0.834731	-1.86149	5.78491	6.13409
-2.29241	-2.61356	5.1219	6.19029
-4.12412	-2.21452	4.82538	6.72285
-4.12412	-2.21452	4.82538	6.72285
-4.12412	-2.21452	4.82538	6.72285
-4.12412	-2.21452	4.82538	6.72285
-1.25022	-2.44899	2.76246	3.89766
-1.25022	-2.44899	2.76246	3.89766
-1.25022	-2.44899	2.76246	3.89766
-1.15284	-2.22336	3.29944	4.14231
-2.24817	-2.00473	3.19962	4.39441
-2.24817	-2.00473	3.19962	4.39441
-2.24817	-2.00473	3.19962	4.39441
-2.24817	-2.00473	3.19962	4.39441
-2.24817	-2.00473	3.19962	4.39441
-2.24817	-2.00473	3.19962	4.39441
0.240992	0.0476232	3.96243	3.97004
0.240992	0.0476232	3.96243	3.97004
0.240992	0.0476232	3.96243	3.97004
0.240992	0.0476232	3.96243	3.97004
0.240992	0.0476232	3.96243	3.97004
-1.99669	2.16371	1.38329	3.25298
-4.65591	0.0178731	1.99396	5.06495
-4.65591	0.0178731	1.99396	5.06495
-4.65591	0.0178731	1.99396	5.06495
-4.49755	0.456172	1.39178	4.73002
-5.86596	0.221978	3.34203	6.75485
-4.1124	-1.64874	4.65983	6.42994
-2.60258	0.0222734	4.13713	4.88772
-2.60258	0.0222734	4.13713	4.88772
-2.85804	0.807916	2.22359	3.71018
-2.85804	0.807916	2.22359	3.71018
-2.85804	0.807916	2.22359	3.71018
-2.85804	0.807916	2.22359	3.71018
-1.72215	-0.928516	4.06356	4.51004
-1.72215	-0.928516	4.06356	4.51004
-1.72215	-0.928516	4.06356	4.51004
-4.22782	1.22397	3.85257	5.84935
-4.22782	1.22397	3.85257	5.84935
-4.22782	1.22397	3.85257	5.84935
-3.3773	0.129757	3.00948	4.52548
-3.3773	0.129757	3.00948	4.52548
-3.3773	0.129757	3.00948	4.52548
-3.3773	0.129757	3.00948	4.52548
-3.3773	0.129757	3.00948	4.52548
-1.41108	1.46436	4.26336	4.72352
-1.41108	1.46436	4.26336	4.72352
-1.41108	1.46436	4.26336	4.72352
1.00964	0.574052	3.70427	3.88208
1.00964	0.574052	3.70427	3.88208
1.00964	0.574052	3.70427	3.88208
-0.753928	-0.973867	3.28388	3.50723
-0.753928	-0.973867	3.28388	3.50723
-0.753928	-0.973867	3.28388	3.50723
0.138423	-0.552201	6.02125	6.04811
0.138423	-0.552201	6.02125	6.04811
1.70479	-0.989999	5.85172	6.17487
1.70479	-0.989999	5.85172	6.17487
1.70479	-0.989999	5.85172	6.17487
0.926804	0.292746	4.91354	5.00875
0.926804	0.292746	4.91354	5.00875
0.926804	0.292746	4.91354	5.00875
0.993895	-1.36602	5.13607	5.40676
0.612854	0.101055	5.09244	5.13018
0.702676	-1.08205	3.06285	3.32349
-0.475472	-0.207791	3.09439	3.1376
-2.39632	0.6698	1.41065	2.86023
-0.609269	3.51372	2.19752	4.18886
-0.609269	3.51372	2.19752	4.18886
1.2125	0.652278	-0.680552	1.53583
-0.127936	3.07719	-1.91277	3.62549
-2.64887	2.10282	-4.75542	5.83544
-2.64887	2.10282	-4.75542	5.83544
-2.19495	-0.734617	-2.60912	3.48784
-2.19495	-0.734617	-2.60912	3.48784
-1.47719	0.0933923	-5.01822	5.23195
0.367972	-1.56433	-5.04183	5.29175
1.37277	-1.29876	-5.0727	5.41328
1.37277	-1.29876	-5.0727	5.41328
1.37277	-1.29876	-5.0727	5.41328
1.37277	-1.29876	-5.0727	5.41328
1.58169	0.0266966	-5.61557	5.83414
1.58169	0.0266966	-5.61557	5.83414
1.87108	-2.60312	-3.29783	4.59923
0.404479	-1.56775	-1.32182	2.09014
-1.62081	-1.25124	-3.61225	4.15223
-0.454922	0.0550553	-4.0509	4.07674
-2.92499	2.44992	-4.02741	5.54776
-2.60163	-0.386204	-1.72624	3.14603
-3.50225	-2.16804	-3.75168	5.57147
-3.50225	-2.16804	-3.75168	5.57147
-2.51342	-1.01781	-3.64523	4.54323
-2.51342	-1.01781	-3.64523	4.54323
-2.51342	-1.01781	-3.64523	4.54323
-2.51342	-1.01781	-3.64523	4.54323
-0.15711	-0.572713	-2.48745	2.55736
-0.814416	0.228809	-1.45781	1.68547
0.153303	0.112094	0.87761	0.897924
-1.13832	-0.0830942	2.34243	2.6057
1.74325	2.75663	2.53925	4.13349
1.74325	2.75663	2.53925	4.13349
-0.813643	1.57215	2.87724	3.3782
-0.813643	1.57215	2.87724	3.3782
0.62444	-0.931149	4.22787	4.374
0.62444	-0.931149	4.22787	4.374
-2.26576	-0.106068	1.73442	2.85537
-2.26576	-0.106068	1.73442	2.85537
-2.26576	-0.106068	1.73442	2.85537
-2.26576	-0.106068	1.73442	2.85537
-1.86261	-1.62542	4.2071	4.87965
-1.86261	-1.62542	4.2071	4.87965
-1.86261	-1.62542	4.2071	4.87965
-1.86261	-1.62542	4.2071	4.87965
-1.86261	-1.62542	4.2071	4.87965
-1.86261	-1.62542	4.2071	4.87965
-2.21997	-3.63676	5.67339	7.09519
-3.95184	-2.54506	5.41418	7.16991
-1.9825	-3.94955	5.51195	7.06476
-1.9825	-3.94955	5.51195	7.06476
-1.9825	-3.94955	5.51195	7.06476
0.654788	-4.89096	6.04774	7.80547
-1.91989	-4.05785	4.57046	6.40635
-0.360623	-4.48441	4.18768	6.14627
-0.468516	-4.34016	1.5854	4.64435
-0.468516	-4.34016	1.5854	4.64435
1.59347	-2.44677	3.06478	4.23305
1.59347	-2.44677	3.06478	4.23305
1.59347	-2.44677	3.06478	4.23305
1.59347	-2.44677	3.06478	4.23305
1.59347	-2.44677	3.06478	4.23305
1.59347	-2.44677	3.06478	4.23305
1.59347	-2.44677	3.06478	4.23305
1.59347	-2.44677	3.06478	4.23305
1.59347	-2.44677	3.06478	4.23305
1.59347	-2.44677	3.06478	4.23305
1.59347	-2.44677	3.06478	4.23305
1.59347	-2.44677	3.06478	4.23305
1.59347	-2.44677	3.06478	4.23305
1.59347	-2.44677	3.06478	4.23305
0.175325	-1.4206	5.45176	5.63654
-0.683769	-2.78403	5.17959	5.92001
-0.683769	-2.78403	5.17959	5.92001
0.709023	-1.43508	4.88396	5.13958
-0.540598	1.37031	3.87436	4.14495
-3.31966	-1.40498	4.30907	5.61803
-2.95175	-1.1205	4.47929	5.48018
-2.95175	-1.1205	4.47929	5.48018
-2.95175	-1.1205	4.47929	5.48018
-1.50225	-2.01735	7.25965	7.68303
-2.02171	-0.319939	6.56755	6.87912
-2.02171	-0.319939	6.56755	6.87912
-2.5435	2.37288	7.55716	8.31929
0.181007	4.34906	7.31468	8.51185
2.05452	3.86838	7.96924	9.09363
4.42421	1.00099	5.21255	6.90987
3.63343	3.15197	4.2935	6.44754
2.47329	4.90949	2.3273	5.96964
2.0619	2.47783	-0.526647	3.26626
2.0619	2.47783	-0.526647	3.26626
-0.72138	4.78876	-1.44834	5.05473
1.39372	3.54408	-1.66488	4.15629
1.39372	3.54408	-1.66488	4.15629
1.39372	3.54408	-1.66488	4.15629
1.39372	3.54408	-1.66488	4.15629
1.39372	3.54408	-1.66488	4.15629
1.62719	1.99399	-2.36317	3.49404
0.996942	2.07539	-3.19274	3.93634
-1.51038	2.39674	-1.07115	3.02869
-1.51038	2.39674	-1.07115	3.02869
-1.51038	2.39674	-1.07115	3.02869
0.0737558	0.830609	1.53954	1.75086
1.97555	0.477065	4.21142	4.67616
1.97555	0.477065	4.21142	4.67616
1.97555	0.477065	4.21142	4.67616
1.97555	0.477065	4.21142	4.67616
-0.208257	-1.64719	3.27646	3.67312
-0.208257	-1.64719	3.27646	3.67312
2.04369	0.49424	2.46345	3.23876
-0.548518	-0.416629	4.66988	4.72041
-2.90735	0.442559	3.89394	4.87968
-2.90735	0.442559	3.89394	4.87968
-0.65429	1.0875	4.6348	4.80542
0.178016	0.106449	2.93439	2.94171
0.809497	2.87558	2.60573	3.9641
-0.151388	3.14398	3.2402	4.51735
2.59506	0.879457	3.16737	4.18808
2.59506	0.879457	3.16737	4.18808
2.59506	0.879457	3.16737	4.18808
2.59506	0.879457	3.16737	4.18808
2.59506	0.879457	3.16737	4.18808
2.59506	0.879457	3.16737	4.18808
2.59506	0.879457	3.16737	4.18808
2.59506	0.879457	3.16737	4.18808
2.59506	0.879457	3.16737	4.18808
2.59506	0.879457	3.16737	4.18808
2.59506	0.879457	3.16737	4.18808
0.765958	1.39687	2.03011	2.58056
0.765958	1.39687	2.03011	2.58056
0.765958	1.39687	2.03011	2.58056
0.765958	1.39687	2.03011	2.58056
0.837487	2.29429	3.18657	4.01489
0.837487	2.29429	3.18657	4.01489
-1.32442	-0.516395	3.56449	3.83749
-1.0472	-1.846	2.77975	3.49734
-1.0472	-1.846	2.77975	3.49734
-1.0472	-1.846	2.77975	3.49734
-2.36265	-1.99974	2.34033	3.88049
-2.36265	-1.99974	2.34033	3.88049
-0.170435	0.41267	2.62827	2.66593
-0.170435	0.41267	2.62827	2.66593
-2.333	0.358164	4.40714	4.9994
-2.333	0.358164	4.40714	4.9994
-2.333	0.358164	4.40714	4.9994
-2.333	0.358164	4.40714	4.9994
-0.657562	-0.98837	5.71604	5.83801
-1.18988	-3.8262	5.38253	6.71024
1.55908	-4.3132	3.27409	5.63507
1.06861	-3.39813	6.003	6.98034
1.06861	-3.39813	6.003	6.98034
1.06861	-3.39813	6.003	6.98034
-0.291209	-1.22052	6.89786	7.01105
-0.291209	-1.22052	6.89786	7.01105
-0.0484233	-3.99815	8.02292	8.96408
1.62296	-5.50316	5.50602	7.95205
2.08917	-4.28902	3.40873	5.86343
2.08917	-4.28902	3.40873	5.86343
2.08917	-4.28902	3.40873	5.86343
2.08917	-4.28902	3.40873	5.86343
0.869463	-4.23607	2.22814	4.86465
-1.59472	-1.84543	4.52572	5.1411
-3.8751	0.951514	6.07134	7.26519
-3.3589	1.92491	8.71481	9.536
-3.3589	1.92491	8.71481	9.536
-2.40081	2.44577	10.5433	11.0863
-2.40081	2.44577	10.5433	11.0863
-1.01798	3.13029	13.0316	13.4409
1.46315	0.333826	14.4288	14.5067
1.21247	2.57957	12.3447	12.6695
2.17196	2.12186	11.0282	11.4385
2.39242	3.3043	9.61986	10.4491
0.659995	1.80303	7.20025	7.45185
0.659995	1.80303	7.20025	7.45185
1.52991	3.18952	6.26966	7.19878
1.52991	3.18952	6.26966	7.19878
1.60758	0.388849	9.11531	9.26415
1.60758	0.388849	9.11531	9.26415
0.949512	3.17295	11.918	12.3697
1.79281	1.36398	12.8452	13.0412
1.79281	1.36398	12.8452	13.0412
1.93426	-0.920765	12.3267	12.5115
4.56276	-0.812981	9.49329	10.5642
4.56276	-0.812981	9.49329	10.5642
1.98898	-1.2833	7.74878	8.10226
3.10615	-1.37985	4.93576	5.99282
1.44723	-3.61989	7.01886	8.02885
1.44723	-3.61989	7.01886	8.02885
1.44723	-3.61989	7.01886	8.02885
1.44723	-3.61989	7.01886	8.02885
1.44723	-3.61989	7.01886	8.02885
1.69568	-3.48342	7.78869	8.69904
3.74298	-2.78381	7.17647	8.55928
4.22106	-4.05765	6.50345	8.75081
3.29494	-5.86222	4.08568	7.86861
2.70464	-7.55413	6.32024	10.214
2.70464	-7.55413	6.32024	10.214
4.50748	-6.57575	5.13917	9.4852
4.50748	-6.57575	5.13917	9.4852
6.42054	-5.96694	5.36613	10.2773
5.37277	-6.56203	6.65219	10.7786
2.55657	-7.34412	3.77454	8.64403
1.89477	-7.41917	1.96092	7.90439
1.89477	-7.41917	1.96092	7.90439
1.89477	-7.41917	1.96092	7.90439
1.89477	-7.41917	1.96092	7.90439
1.89477	-7.41917	1.96092	7.90439
3.15963	-4.91761	3.70302	6.91942
0.614704	-4.0121	6.22392	7.43048
0.614704	-4.0121	6.22392	7.43048
3.39653	-4.91267	5.08713	7.84536
3.39653	-4.91267	5.08713	7.84536
4.76023	-4.25883	6.74042	9.28605
4.76023	-4.25883	6.74042	9.28605
4.76023	-4.25883	6.74042	9.28605
2.50736	-6.90458	7.64912	10.6051
-0.274642	-6.94543	8.04438	10.6314
-0.121697	-6.15855	7.10108	9.40042
-2.71034	-3.50396	5.28901	6.89908
-2.71034	-3.50396	5.28901	6.89908
-3.12344	-3.52025	4.92158	6.80955
-3.12344	-3.52025	4.92158	6.80955
-1.77687	-3.70875	5.10757	6.55739
-1.77687	-3.70875	5.10757	6.55739
-1.77687	-3.70875	5.10757	6.55739
-1.77687	-3.70875	5.10757	6.55739
-0.520267	-0.848137	6.41935	6.49601
1.64961	-0.956325	5.00366	5.35466
0.346125	-1.14709	5.88942	6.01007
-1.22021	0.0563171	3.81533	4.0061
1.51015	1.3863	6.3095	6.63416
-0.96275	1.81489	4.24684	4.71767
-0.96275	1.81489	4.24684	4.71767
-0.0577665	2.37298	4.18704	4.81308
-2.60909	-0.0956384	2.26188	3.45436
-0.13734	2.04612	4.60931	5.04492
-0.13734	2.04612	4.60931	5.04492
-0.13734	2.04612	4.60931	5.04492
-0.13734	2.04612	4.60931	5.04492
-1.18535	1.05683	3.61674	3.95004
0.499061	-0.0362305	6.43874	6.45816
2.26735	-1.68628	7.20087	7.73544
3.31865	-2.04389	5.63796	6.85401
1.69389	-2.92524	7.22273	7.97459
0.378048	-3.59444	5.12537	6.27155
-1.9844	-2.88864	5.48743	6.51107
0.475549	-0.78351	5.26758	5.34672
0.475549	-0.78351	5.26758	5.34672
0.475549	-0.78351	5.26758	5.34672
-0.474029	-0.744304	5.69422	5.76219
-0.474029	-0.744304	5.69422	5.76219
-1.61094	-0.600983	5.60421	5.86204
-4.37719	-1.38568	3.86969	6.00453
-4.37719	-1.38568	3.86969	6.00453
-3.61305	-1.9445	2.33699	4.72194
-1.12465	-4.63733	3.97695	6.21175
-2.02273	-2.72065	5.99943	6.89105
-0.112029	-0.841604	4.83842	4.91235
-1.22758	1.27725	4.66143	4.98671
-2.625	-1.26156	3.31812	4.41498
-2.625	-1.26156	3.31812	4.41498
-4.36027	-1.02597	4.75129	6.52988
-3.70488	-3.23653	2.70695	5.61505
-2.52811	-0.924195	4.87859	5.5719
-0.972037	-0.720435	4.46418	4.62523
-1.74563	0.468097	2.44516	3.04059
-0.129753	-1.37508	4.76786	4.96389
-0.129753	-1.37508	4.76786	4.96389
-0.129753	-1.37508	4.76786	4.96389
-0.129753	-1.37508	4.76786	4.96389
0.442257	-2.97882	3.34497	4.50087
2.7222	-1.7323	1.54732	3.57846
2.7222	-1.7323	1.54732	3.57846
0.80904	1.11754	-0.362732	1.42654
2.23488	0.327028	0.902669	2.43237
4.41926	2.18586	1.61594	5.18837
1.91608	0.845215	1.71298	2.70556
4.77963	0.390847	2.34346	5.33755
4.77963	0.390847	2.34346	5.33755
7.26066	-1.26132	5.03195	8.92349
7.26066	-1.26132	5.03195	8.92349
7.58578	-0.820041	5.06466	9.15791
7.58578	-0.820041	5.06466	9.15791
7.58578	-0.820041	5.06466	9.15791
6.2147	-3.68343	5.13731	8.86465
6.83903	-6.25366	6.03526	11.0592
6.83903	-6.25366	6.03526	11.0592
4.42374	-7.26816	4.76899	9.75392
4.42374	-7.26816	4.76899	9.75392
4.91917	-6.61932	3.47129	8.94782
4.91917	-6.61932	3.47129	8.94782
4.91917	-6.61932	3.47129	8.94782
4.91917	-6.61932	3.47129	8.94782
4.91917	-6.61932	3.47129	8.94782
4.91917	-6.61932	3.47129	8.94782
4.91917	-6.61932	3.47129	8.94782
6.10494	-4.69674	3.86484	8.61781
7.54821	-5.47069	6.16635	11.1771
7.54821	-5.47069	6.16635	11.1771
8.13777	-3.89142	7.21018	11.5479
7.84179	-6.59598	5.58624	11.6708
7.84179	-6.59598	5.58624	11.6708
7.84179	-6.59598	5.58624	11.6708
7.28382	-6.72337	4.44924	10.8652
9.33853	-5.0974	5.05108	11.7773
8.10658	-3.95961	3.97717	9.85967
7.60584	-5.63926	2.03869	9.68536
5.64815	-4.15116	4.31166	8.22947
3.09523	-1.69547	4.99429	6.11539
2.52022	-0.40388	5.18431	5.77855
1.77881	2.23393	4.87668	5.65125
-0.75306	4.41354	3.03977	5.41171
1.58267	5.77496	2.48333	6.48243
0.624232	4.80113	4.6053	6.68201
0.80337	2.30979	4.22602	4.8826
2.52142	3.02969	2.07478	4.45436
0.649466	0.152985	1.33725	1.49447
0.649466	0.152985	1.33725	1.49447
0.649466	0.152985	1.33725	1.49447
-0.992347	0.442792	-0.550737	1.21825
-0.992347	0.442792	-0.550737	1.21825
-0.992347	0.442792	-0.550737	1.21825
-1.79296	-1.83483	1.52068	2.98225
-1.79296	-1.83483	1.52068	2.98225
0.50253	-3.96004	1.35672	4.21606
0.50253	-3.96004	1.35672	4.21606
0.50253	-3.96004	1.35672	4.21606
0.50253	-3.96004	1.35672	4.21606
1.70936	-4.48171	2.23027	5.28978
1.70936	-4.48171	2.23027	5.28978
3.32869	-4.07575	1.42031	5.45062
3.32869	-4.07575	1.42031	5.45062
2.41321	-1.42202	3.58939	4.55296
2.41321	-1.42202	3.58939	4.55296
-0.339927	-2.75432	5.90129	6.52128
-0.179984	-0.0159124	5.96459	5.96732
-0.179984	-0.0159124	5.96459	5.96732
-2.77714	0.470273	3.10486	4.19211
-2.77714	0.470273	3.10486	4.19211
-2.77714	0.470273	3.10486	4.19211
-0.885423	-1.75465	4.09368	4.54104
-2.35145	-1.05885	1.63073	3.05119
-1.29083	1.48191	1.80384	2.66761
-1.29083	1.48191	1.80384	2.66761
0.556542	0.4703	-0.761679	1.05408
1.93837	0.669917	1.7222	2.67807
2.83481	1.32156	2.94822	4.29822
2.13471	0.263749	4.81241	5.27123
2.13471	0.263749	4.81241	5.27123
2.13471	0.263749	4.81241	5.27123
0.376601	2.62559	4.1389	4.9159
0.118877	2.66209	1.29507	2.96278
-1.73192	1.02382	3.27668	3.84505
-1.73192	1.02382	3.27668	3.84505
-1.73192	1.02382	3.27668	3.84505
-2.30048	-0.187876	3.06215	3.83462
-2.30048	-0.187876	3.06215	3.83462
-2.30048	-0.187876	3.06215	3.83462
-4.55956	-1.01243	1.50702	4.90772
-2.90946	1.64672	4.29735	5.44461
-0.315444	3.05485	3.28204	4.49482
2.40807	4.24286	5.78966	7.57105
-0.404735	3.47908	3.16772	4.72253
2.27726	2.08462	5.27738	6.1141
2.25956	-0.427165	3.73061	4.38241
3.30049	1.01713	4.49973	5.67233
3.30049	1.01713	4.49973	5.67233
0.637436	2.81224	2.47508	3.80014
1.69997	0.0695061	3.00698	3.45495
1.69997	0.0695061	3.00698	3.45495
1.30562	0.946343	4.68671	4.95636
1.30562	0.946343	4.68671	4.95636
1.30562	0.946343	4.68671	4.95636
1.30562	0.946343	4.68671	4.95636
1.30562	0.946343	4.68671	4.95636
1.30562	0.946343	4.68671	4.95636
-0.317043	2.49444	3.75506	4.51921
-0.317043	2.49444	3.75506	4.51921
-0.317043	2.49444	3.75506	4.51921
-0.317043	2.49444	3.75506	4.51921
-0.317043	2.49444	3.75506	4.51921
0.899438	1.16536	4.27392	4.52034
-0.976667	2.31448	6.28467	6.76815
-0.976667	2.31448	6.28467	6.76815
-0.120484	4.47716	6.80178	8.14393
2.13731	3.92037	6.41222	7.81371
3.5586	3.25514	8.3746	9.66403
3.29992	5.67232	8.52396	10.7574
0.857011	4.7211	8.7393	9.96988
0.857011	4.7211	8.7393	9.96988
0.857011	4.7211	8.7393	9.96988
0.857011	4.7211	8.7393	9.96988
-0.225828	3.47586	8.99433	9.64523
-0.225828	3.47586	8.99433	9.64523
0.121543	0.892484	9.96848	10.0091
-2.59043	1.91652	8.06411	8.68409
-2.59043	1.91652	8.06411	8.68409
-2.59043	1.91652	8.06411	8.68409
-2.55552	-0.676093	8.00201	8.42733
-0.21159	-2.52871	5.25245	5.8333
-0.21159	-2.52871	5.25245	5.8333
-0.21159	-2.52871	5.25245	5.8333
-0.21159	-2.52871	5.25245	5.8333
-0.21159	-2.52871	5.25245	5.8333
1.44991	-4.19393	3.96627	5.95169
2.79682	-4.05159	6.05751	7.80583
2.79682	-4.05159	6.05751	7.80583
1.6588	-1.64127	5.46826	5.94535
1.6588	-1.64127	5.46826	5.94535
-1.06268	1.09396	4.78202	5.01934
-1.06268	1.09396	4.78202	5.01934
0.0575149	2.86355	5.26698	5.99536
-2.50381	5.37667	3.29061	6.78275
-2.50381	5.37667	3.29061	6.78275
-1.19084	3.24101	0.536315	3.49426
-1.19084	3.24101	0.536315	3.49426
-1.97719	2.58751	-1.85384	3.74716
-1.97719	2.58751	-1.85384	3.74716
-3.16977	0.16662	-2.77772	4.21793
-1.28493	2.46913	-5.34806	6.02904
-0.349143	0.519463	-2.73974	2.81032
-0.349143	0.519463	-2.73974	2.81032
-0.349143	0.519463	-2.73974	2.81032
-0.349143	0.519463	-2.73974	2.81032
1.68107	2.96221	-4.79409	5.88081
1.68107	2.96221	-4.79409	5.88081
0.804591	0.874695	-6.08628	6.20123
-0.552451	1.62945	-4.61383	4.9242
-0.552451	1.62945	-4.61383	4.9242
-0.552451	1.62945	-4.61383	4.9242
0.563759	0.250945	-5.78627	5.81908
-2.09794	-1.50789	-4.36614	5.07329
-0.541658	-2.28416	-5.14599	5.65615
-0.250917	-1.2579	-3.70833	3.9239
-0.250917	-1.2579	-3.70833	3.9239
1.11771	-2.88952	-5.82693	6.59937
3.05182	-2.34088	-6.46805	7.52523
0.528911	-0.285111	-8.48603	8.50727
-1.08213	-2.72058	-7.87849	8.40495
-0.25487	-3.06445	-8.85344	9.37226
1.64382	-3.76888	-9.08203	9.96945
1.64382	-3.76888	-9.08203	9.96945
1.34023	-2.6396	-8.33799	8.84793
0.0597099	-3.32175	-6.16192	7.00048
0.0597099	-3.32175	-6.16192	7.00048
-1.3499	-3.39337	-7.06186	7.95028
-1.79565	-2.72715	-4.93017	5.9134
1.06481	-2.5559	-6.28652	6.86926
1.06481	-2.5559	-6.28652	6.86926
1.87944	-1.96645	-5.92018	6.5152
2.39123	-0.645683	-5.73138	6.24368
2.39123	-0.645683	-5.73138	6.24368
1.25255	-0.272474	-4.79191	4.9604
1.25255	-0.272474	-4.79191	4.9604
1.25255	-0.272474	-4.79191	4.9604
0.32092	-0.0144202	-4.30845	4.32041
-2.47046	1.29784	-5.28271	5.97449
-3.31825	-0.908088	-4.33865	5.53709
-1.26492	0.393089	-4.92714	5.10208
-1.26492	0.393089	-4.92714	5.10208
-1.26492	0.393089	-4.92714	5.10208
-0.320011	-0.0540469	-4.12685	4.13959
0.0267324	1.03284	-3.02585	3.19738
0.0267324	1.03284	-3.02585	3.19738
0.0267324	1.03284	-3.02585	3.19738
-1.99704	-0.565595	-1.88563	2.80422
-4.45126	-1.40161	-3.48745	5.82585
-2.49404	-1.50398	-6.05563	6.71959
-2.49404	-1.50398	-6.05563	6.71959
-2.49404	-1.50398	-6.05563	6.71959
-3.14648	-3.683	-7.92049	9.28434
-3.14648	-3.683	-7.92049	9.28434
-3.16838	-4.29952	-6.82943	8.66981
-0.585074	-2.04852	-8.68327	8.9408
-2.91455	-4.42042	-6.06084	8.04789
-3.09296	-2.76235	-6.41535	7.63896
-1.90279	-0.651995	-9.05509	9.2758
-1.90279	-0.651995	-9.05509	9.2758
-1.43468	0.266357	-7.79889	7.93423
-1.19426	-0.232665	-7.84872	7.94247
-1.18767	-1.25598	-8.7482	8.91734
0.454607	-0.386978	-7.40173	7.42577
2.02758	2.46562	-6.2661	7.03238
0.856609	-0.1767	-4.06729	4.16027
0.856609	-0.1767	-4.06729	4.16027
-0.0358995	-2.57482	-1.94167	3.22507
-0.0358995	-2.57482	-1.94167	3.22507
-0.0358995	-2.57482	-1.94167	3.22507
-0.0358995	-2.57482	-1.94167	3.22507
0.724958	-2.90086	-3.20504	4.38324
-1.62458	-4.34859	-0.583849	4.67871
0.724892	-2.12512	-1.7436	2.84284
0.724892	-2.12512	-1.7436	2.84284
0.724892	-2.12512	-1.7436	2.84284
0.724892	-2.12512	-1.7436	2.84284
0.724892	-2.12512	-1.7436	2.84284
-1.25569	-2.2825	-2.44412	3.57216
-3.84125	0.601345	-3.34571	5.12939
-1.19347	-0.373441	-5.27097	5.41728
-1.19347	-0.373441	-5.27097	5.41728
0.127453	2.32036	-2.76549	3.61224
0.127453	2.32036	-2.76549	3.61224
-1.66595	1.1047	-4.05866	4.52421
-1.66595	1.1047	-4.05866	4.52421
-1.49233	0.342548	-2.18212	2.66572
-1.49233	0.342548	-2.18212	2.66572
-2.58695	-1.76976	-2.80175	4.20407
-2.58695	-1.76976	-2.80175	4.20407
-2.29763	-4.15567	-1.9306	5.126
-2.03363	-4.54765	-1.6062	5.23419
0.243253	-2.16408	-0.670643	2.27863
1.85293	-2.00285	0.91371	2.87743
1.85293	-2.00285	0.91371	2.87743
1.28874	-2.07345	1.50836	2.8697
1.28874	-2.07345	1.50836	2.8697
1.28874	-2.07345	1.50836	2.8697
1.28874	-2.07345	1.50836	2.8697
1.28874	-2.07345	1.50836	2.8697
1.28874	-2.07345	1.50836	2.8697
1.28874	-2.07345	1.50836	2.8697
1.28874	-2.07345	1.50836	2.8697
-0.626199	-0.8615	3.2715	3.4405
-2.52377	-2.93358	1.94638	4.33171
-0.761444	-1.5171	1.31571	2.14767
-0.761444	-1.5171	1.31571	2.14767
-0.761444	-1.5171	1.31571	2.14767
-0.761444	-1.5171	1.31571	2.14767
-0.129566	0.780924	-0.873489	1.17882
-0.129566	0.780924	-0.873489	1.17882
1.81768	-0.237587	-2.20042	2.86396
1.81768	-0.237587	-2.20042	2.86396
1.81768	-0.237587	-2.20042	2.86396
1.81768	-0.237587	-2.20042	2.86396
1.81768	-0.237587	-2.20042	2.86396
1.81768	-0.237587	-2.20042	2.86396
1.81768	-0.237587	-2.20042	2.86396
1.81768	-0.237587	-2.20042	2.86396
1.81768	-0.237587	-2.20042	2.86396
-1.04489	-2.04115	-2.18659	3.16848
-0.16496	-0.73751	-2.66184	2.76705
-0.16496	-0.73751	-2.66184	2.76705
-0.16496	-0.73751	-2.66184	2.76705
-0.16496	-0.73751	-2.66184	2.76705
-0.16496	-0.73751	-2.66184	2.76705
-0.766389	-0.483403	-3.0656	3.19671
-0.766389	-0.483403	-3.0656	3.19671
0.231962	-1.00807	-1.48715	1.81153
0.231962	-1.00807	-1.48715	1.81153
0.231962	-1.00807	-1.48715	1.81153
0.231962	-1.00807	-1.48715	1.81153
0.231962	-1.00807	-1.48715	1.81153
0.231962	-1.00807	-1.48715	1.81153
0.231962	-1.00807	-1.48715	1.81153
0.231962	-1.00807	-1.48715	1.81153
0.231962	-1.00807	-1.48715	1.81153
-1.60911	-1.19888	-3.00402	3.61257
-1.60911	-1.19888	-3.00402	3.61257
-1.47616	-1.3759	-3.17955	3.76586
-1.47616	-1.3759	-3.17955	3.76586
-1.47616	-1.3759	-3.17955	3.76586
-1.47616	-1.3759	-3.17955	3.76586
-1.47616	-1.3759	-3.17955	3.76586
0.606367	1.32439	-4.28901	4.5296
-0.607855	0.597099	-2.88688	3.01
0.297503	1.8419	-2.08357	2.79685
0.297503	1.8419	-2.08357	2.79685
0.297503	1.8419	-2.08357	2.79685
0.297503	1.8419	-2.08357	2.79685
0.297503	1.8419	-2.08357	2.79685
-0.14263	0.180852	-1.3929	1.41182
-0.14263	0.180852	-1.3929	1.41182
-0.14263	0.180852	-1.3929	1.41182
-0.14263	0.180852	-1.3929	1.41182
-0.14263	0.180852	-1.3929	1.41182
-0.14263	0.180852	-1.3929	1.41182
-0.14263	0.180852	-1.3929	1.41182
-0.14263	0.180852	-1.3929	1.41182
-0.14263	0.180852	-1.3929	1.41182
-0.14263	0.180852	-1.3929	1.41182
-0.14263	0.180852	-1.3929	1.41182
-0.14263	0.180852	-1.3929	1.41182
-0.14263	0.180852	-1.3929	1.41182
-0.14263	0.180852	-1.3929	1.41182
-0.14263	0.180852	-1.3929	1.41182
-0.14263	0.180852	-1.3929	1.41182
-0.14263	0.180852	-1.3929	1.41182
-0.0133847	0.989863	-2.43405	2.62767
1.75927	2.39453	-4.80962	5.65343
-0.137147	1.27392	-3.51356	3.73989
-2.10631	-0.932185	-4.34334	4.91631
-2.10631	-0.932185	-4.34334	4.91631
-0.555039	-1.40418	-3.41417	3.73314
-0.555039	-1.40418	-3.41417	3.73314
-3.28226	0.975938	-1.7747	3.85684
-3.28226	0.975938	-1.7747	3.85684
-3.28226	0.975938	-1.7747	3.85684
-3.28226	0.975938	-1.7747	3.85684
-3.60312	0.540319	-1.77979	4.05488
-3.60312	0.540319	-1.77979	4.05488
-3.60312	0.540319	-1.77979	4.05488
-3.60312	0.540319	-1.77979	4.05488
-1.3356	0.198222	-4.09393	4.31084
-1.3356	0.198222	-4.09393	4.31084
-0.58312	-2.23512	-3.99081	4.61111
-0.58312	-2.23512	-3.99081	4.61111
-0.58312	-2.23512	-3.99081	4.61111
-0.58312	-2.23512	-3.99081	4.61111
0.914586	-2.06765	-2.40313	3.2995
-0.674932	0.211859	-4.0678	4.12885
-0.674932	0.211859	-4.0678	4.12885
-0.674932	0.211859	-4.0678	4.12885
1.53703	-1.53397	-3.38329	4.02022
1.5943	-0.161343	-1.65132	2.30102
1.5943	-0.161343	-1.65132	2.30102
0.42012	2.3506	-3.86177	4.54039
0.42012	2.3506	-3.86177	4.54039
0.42012	2.3506	-3.86177	4.54039
0.42012	2.3506	-3.86177	4.54039
0.652697	0.040293	-5.91879	5.95481
1.15905	0.189434	-4.60384	4.75127
2.52257	-0.92245	-4.41177	5.16507
-0.351833	-3.10471	-3.67864	4.82654
-0.351833	-3.10471	-3.67864	4.82654
-0.351833	-3.10471	-3.67864	4.82654
0.27417	-0.792864	-1.50896	1.72649
0.27417	-0.792864	-1.50896	1.72649
0.27417	-0.792864	-1.50896	1.72649
0.27417	-0.792864	-1.50896	1.72649
0.27417	-0.792864	-1.50896	1.72649
0.27417	-0.792864	-1.50896	1.72649
0.27417	-0.792864	-1.50896	1.72649
0.27417	-0.792864	-1.50896	1.72649
-1.3803	1.38871	-2.94074	3.53295
-1.3803	1.38871	-2.94074	3.53295
-3.30294	3.83668	-2.78548	5.77828
-3.06702	3.79208	-2.0557	5.29267
-3.06702	3.79208	-2.0557	5.29267
-3.06702	3.79208	-2.0557	5.29267
-3.06702	3.79208	-2.0557	5.29267
-1.29364	2.09055	-3.76895	4.49987
-1.29364	2.09055	-3.76895	4.49987
-3.96016	2.55447	-4.13812	6.27154
-3.0952	3.09557	-6.29852	7.67034
-3.0952	3.09557	-6.29852	7.67034
-2.3894	3.75435	-5.07701	6.75133
-2.3894	3.75435	-5.07701	6.75133
-2.77268	4.75475	-2.9648	6.25183
-0.845531	6.51997	-3.65983	7.52457
0.557227	4.93441	-3.92101	6.32718
0.557227	4.93441	-3.92101	6.32718
1.25231	2.62278	-3.5556	4.59233
1.25231	2.62278	-3.5556	4.59233
1.25231	2.62278	-3.5556	4.59233
1.25231	2.62278	-3.5556	4.59233
1.25231	2.62278	-3.5556	4.59233
1.25231	2.62278	-3.5556	4.59233
1.25231	2.62278	-3.5556	4.59233
2.8057	3.46327	-2.61628	5.16828
2.39837	5.94449	-0.580845	6.43634
3.97441	3.9519	-2.60416	6.18021
3.97441	3.9519	-2.60416	6.18021
3.97441	3.9519	-2.60416	6.18021
2.92227	5.44373	-1.70898	6.4105
2.92227	5.44373	-1.70898	6.4105
2.92227	5.44373	-1.70898	6.4105
0.690817	4.85982	-2.8604	5.68129
1.7718	3.88711	-3.12392	5.29224
1.7718	3.88711	-3.12392	5.29224
1.7718	3.88711	-3.12392	5.29224
1.7718	3.88711	-3.12392	5.29224
0.27737	4.04215	-4.12881	5.78471
2.27005	2.41992	-4.19	5.34465
2.27005	2.41992	-4.19	5.34465
2.27005	2.41992	-4.19	5.34465
2.27005	2.41992	-4.19	5.34465
2.27005	2.41992	-4.19	5.34465
2.27005	2.41992	-4.19	5.34465
3.46342	0.607329	-4.45037	5.67185
1.97851	1.96509	-5.22202	5.91993
-0.911091	2.4988	-5.24866	5.88409
-2.71084	-0.279285	-5.47727	6.11777
-2.71084	-0.279285	-5.47727	6.11777
-2.11108	-0.632166	-6.97552	7.31534
-1.70944	0.226695	-7.1006	7.30699
-1.70944	0.226695	-7.1006	7.30699
0.924552	2.09753	-5.88596	6.31656
3.49527	0.275343	-5.18544	6.25951
5.808	0.0340076	-5.71698	8.14972
5.808	0.0340076	-5.71698	8.14972
6.085	-1.33316	-3.52612	7.15808
4.92479	0.880991	-2.6768	5.67406
4.92479	0.880991	-2.6768	5.67406
3.73142	1.29406	-5.24167	6.56301
3.73142	1.29406	-5.24167	6.56301
3.73142	1.29406	-5.24167	6.56301
1.56372	-0.0635391	-5.38953	5.61216
1.56372	-0.0635391	-5.38953	5.61216
2.08332	-1.2372	-6.20533	6.66161
2.08332	-1.2372	-6.20533	6.66161
2.98002	0.742735	-6.54773	7.23222
4.41964	2.91852	-6.97195	8.75552
5.86577	0.41698	-6.39314	8.68639
6.83148	0.798959	-9.19601	11.4836
3.93267	3.39172	-9.25254	10.6103
3.01491	2.31596	-8.34585	9.17096
3.04837	1.07023	-7.09687	7.79766
3.04837	1.07023	-7.09687	7.79766
4.29566	1.31497	-5.27067	6.92545
4.91123	1.07912	-3.4557	6.10135
3.75152	-1.67935	-4.87894	6.37951
3.75152	-1.67935	-4.87894	6.37951
2.61627	-1.22032	-2.96295	4.1368
2.61627	-1.22032	-2.96295	4.1368
2.61627	-1.22032	-2.96295	4.1368
2.61627	-1.22032	-2.96295	4.1368
2.02351	-0.865243	-3.02236	3.7387
2.02351	-0.865243	-3.02236	3.7387
2.02351	-0.865243	-3.02236	3.7387
2.02351	-0.865243	-3.02236	3.7387
2.02351	-0.865243	-3.02236	3.7387
2.02351	-0.865243	-3.02236	3.7387
2.02351	-0.865243	-3.02236	3.7387
2.57685	-1.70462	-4.05991	5.10184
1.74568	-3.02328	-2.69607	4.41094
2.55548	-2.32324	-2.3032	4.15122
0.618994	-1.31264	-3.69162	3.96664
0.618994	-1.31264	-3.69162	3.96664
2.48847	0.175447	-2.92951	3.84777
2.48847	0.175447	-2.92951	3.84777
2.48847	0.175447	-2.92951	3.84777
-0.352954	-1.74793	-1.11463	2.10291
-2.34283	-1.25742	-1.38865	2.99972
0.405112	0.520246	1.50455	1.6427
0.405112	0.520246	1.50455	1.6427
-0.333889	1.50149	2.58942	3.01181
-0.274734	2.49937	1.48191	2.91863
-0.274734	2.49937	1.48191	2.91863
-1.24664	1.9726	3.2162	3.97356
-1.24664	1.9726	3.2162	3.97356
-1.24664	1.9726	3.2162	3.97356
-1.24664	1.9726	3.2162	3.97356
-1.24664	1.9726	3.2162	3.97356
-1.24664	1.9726	3.2162	3.97356
-0.0616993	0.00402185	3.2992	3.29978
-1.65699	-2.37711	1.90133	3.46574
-0.835085	0.406423	3.74392	3.85739
-2.33872	2.66986	2.45989	4.31842
-0.511826	0.440772	1.86916	1.98746
-0.511826	0.440772	1.86916	1.98746
0.603629	1.87202	4.56411	4.9699
0.603629	1.87202	4.56411	4.9699
-1.25416	0.131324	1.6867	2.10597
-1.25416	0.131324	1.6867	2.10597
-2.37511	-1.39746	3.7118	4.62294
-4.26486	-1.6565	5.63437	7.25804
-2.43649	-0.683196	7.13349	7.56901
-1.27273	-2.97091	5.01385	5.9653
-1.27273	-2.97091	5.01385	5.9653
-1.28503	-4.27466	3.11218	5.44148
1.54881	-3.73856	2.92639	4.99394
1.86936	-1.14562	2.59673	3.39852
1.86936	-1.14562	2.59673	3.39852
1.86936	-1.14562	2.59673	3.39852
2.314	-0.106821	3.39705	4.11168
0.624898	-1.53837	3.053	3.47533
-0.417657	-1.01075	4.38983	4.52401
-3.11872	0.332807	3.70253	4.85242
-3.11872	0.332807	3.70253	4.85242
-3.11872	0.332807	3.70253	4.85242
-0.610713	-2.10372	4.34467	4.86567
-2.0182	-3.56359	4.76575	6.28368
-2.0182	-3.56359	4.76575	6.28368
-0.996226	-2.30972	3.82679	4.57948
-0.996226	-2.30972	3.82679	4.57948
-0.996226	-2.30972	3.82679	4.57948
-0.996226	-2.30972	3.82679	4.57948
-0.996226	-2.30972	3.82679	4.57948
-0.996226	-2.30972	3.82679	4.57948
-2.22879	-2.30611	1.73128	3.64458
-2.22879	-2.30611	1.73128	3.64458
-2.22879	-2.30611	1.73128	3.64458
-2.22879	-2.30611	1.73128	3.64458
-3.88012	-2.70385	-0.646835	4.77331
-2.84229	-2.82816	1.92234	4.44663
-2.95899	-3.03682	2.74206	5.04943
-4.6229	-1.61501	4.65765	6.75819
-5.41868	-0.935736	3.79087	6.67895
-5.41868	-0.935736	3.79087	6.67895
-2.67225	-3.61451	2.00354	4.92136
-3.80986	-2.26627	1.4461	4.66286
-6.36234	-2.18757	3.88903	7.77106
-4.64717	-2.75801	3.30013	6.33196
-4.64717	-2.75801	3.30013	6.33196
-4.64717	-2.75801	3.30013	6.33196
-4.64717	-2.75801	3.30013	6.33196
-4.64717	-2.75801	3.30013	6.33196
-3.93267	-3.13895	3.75836	6.28046
-4.33965	-3.13061	3.78225	6.55276
-1.91917	-3.48353	5.52463	6.80733
0.881869	-2.87534	4.53314	5.44009
0.881869	-2.87534	4.53314	5.44009
0.881869	-2.87534	4.53314	5.44009
0.881869	-2.87534	4.53314	5.44009
0.881869	-2.87534	4.53314	5.44009
1.26492	-2.96205	2.69312	4.19841
1.26492	-2.96205	2.69312	4.19841
1.62117	-5.01272	2.46732	5.81749
1.62117	-5.01272	2.46732	5.81749
2.4541	-3.54277	4.87119	6.50402
2.4541	-3.54277	4.87119	6.50402
2.4541	-3.54277	4.87119	6.50402
-0.312292	-2.66922	6.12406	6.68777
2.22888	-3.48432	4.71758	6.27407
2.22888	-3.48432	4.71758	6.27407
1.66708	-1.17881	5.60271	5.96314
0.87723	-2.2882	3.31373	4.12143
-1.44597	-2.9528	4.19515	5.33002
-1.44597	-2.9528	4.19515	5.33002
-1.44597	-2.9528	4.19515	5.33002
0.0278959	-1.79434	6.28332	6.53457
-1.06437	-0.406063	3.59748	3.77355
-1.06437	-0.406063	3.59748	3.77355
-1.43928	-1.01582	1.9321	2.61465
-3.8009	-0.848281	2.61679	4.69191
-3.8009	-0.848281	2.61679	4.69191
-3.09572	-0.552261	5.46659	6.30651
-0.828305	0.405423	4.74938	4.83809
-1.36841	3.15577	7.37009	8.13324
1.07838	1.05114	7.41002	7.5615
0.818464	0.508515	6.50134	6.57236
0.854497	-0.186614	5.12017	5.19434
-1.95702	-0.388559	2.24668	3.00474
-2.18754	-0.877232	4.8644	5.4053
-2.18754	-0.877232	4.8644	5.4053
-4.38288	-0.234733	4.07936	5.99216
-3.63014	2.66412	5.59241	7.17987
-3.63014	2.66412	5.59241	7.17987
-3.63014	2.66412	5.59241	7.17987
-3.63014	2.66412	5.59241	7.17987
-3.63014	2.66412	5.59241	7.17987
-3.33319	0.607616	6.18612	7.05319
-1.38092	3.04954	3.46009	4.81444
0.36625	0.826607	3.20789	3.33286
0.36625	0.826607	3.20789	3.33286
1.6078	-0.432091	0.821675	1.85657
1.98284	1.41367	-1.04741	2.65088
3.91022	-0.188184	-1.90396	4.35319
3.91022	-0.188184	-1.90396	4.35319
1.55967	1.93973	-1.39275	2.85217
1.55967	1.93973	-1.39275	2.85217
3.35172	-0.0776499	-1.62666	3.7264
1.19706	-1.49712	-2.73714	3.34159
1.35818	-1.6064	-5.01594	5.4392
1.1654	-3.76866	-3.58073	5.32754
1.1654	-3.76866	-3.58073	5.32754
1.1654	-3.76866	-3.58073	5.32754
1.1654	-3.76866	-3.58073	5.32754
-0.824612	-1.3757	-1.32004	2.07727
-0.824612	-1.3757	-1.32004	2.07727
-2.09699	-1.25594	-1.88143	3.08456
-2.09699	-1.25594	-1.88143	3.08456
-2.09699	-1.25594	-1.88143	3.08456
-4.82462	-3.19825	-4.0618	7.07135
-5.25136	-2.191	-4.99043	7.56847
-2.92313	-3.00611	-5.7826	7.14281
-2.92313	-3.00611	-5.7826	7.14281
-1.07781	-2.82766	-5.44121	6.22608
-1.07781	-2.82766	-5.44121	6.22608
1.33246	-4.49913	-3.1517	5.65251
1.33246	-4.49913	-3.1517	5.65251
1.33246	-4.49913	-3.1517	5.65251
1.33246	-4.49913	-3.1517	5.65251
-1.0102	-1.61176	-3.59631	4.06838
1.36574	-1.68955	-2.9319	3.64908
1.36574	-1.68955	-2.9319	3.64908
-0.494276	-0.740176	-2.221	2.3927
-0.494276	-0.740176	-2.221	2.3927
-0.494276	-0.740176	-2.221	2.3927
-0.494276	-0.740176	-2.221	2.3927
-0.494276	-0.740176	-2.221	2.3927
-0.494276	-0.740176	-2.221	2.3927
-0.494276	-0.740176	-2.221	2.3927
-1.04102	-0.923024	-3.32688	3.60609
-1.57724	1.03483	-1.33128	2.30887
-1.57724	1.03483	-1.33128	2.30887
-0.170077	-1.26611	-4.13177	4.32475
1.32919	-3.41699	-5.12854	6.30432
1.50718	-3.68206	-2.61286	4.75985
1.50718	-3.68206	-2.61286	4.75985
0.308476	-1.4698	-4.88801	5.11352
2.45579	1.0693	-2.38795	3.5884
-0.127442	-0.784357	-4.91258	4.97643
-0.127442	-0.784357	-4.91258	4.97643
0.188558	-2.7065	-4.4018	5.17073
2.41902	-2.39444	-3.42411	4.82799
2.41902	-2.39444	-3.42411	4.82799
2.41902	-2.39444	-3.42411	4.82799
2.41902	-2.39444	-3.42411	4.82799
2.41902	-2.39444	-3.42411	4.82799
2.2702	-2.68212	-5.60446	6.61495
0.480788	-4.29931	-2.77654	5.14047
0.480788	-4.29931	-2.77654	5.14047
0.75096	-2.16125	-1.44914	2.70831
0.997829	-1.0949	0.725534	1.6495
1.24486	0.200294	-1.99945	2.36381
1.24486	0.200294	-1.99945	2.36381
1.24486	0.200294	-1.99945	2.36381
0.52318	2.68797	-3.08087	4.12198
-1.10348	3.2041	-2.44503	4.17877
0.0532653	1.4309	-0.54224	1.53112
0.282734	-1.44521	-2.61772	3.0035
0.282734	-1.44521	-2.61772	3.0035
0.282734	-1.44521	-2.61772	3.0035
0.282734	-1.44521	-2.61772	3.0035
-2.0533	-1.05591	-1.5851	2.80063
-2.0533	-1.05591	-1.5851	2.80063
-2.0533	-1.05591	-1.5851	2.80063
0.198202	-0.433665	1.05446	1.15725
0.198202	-0.433665	1.05446	1.15725
-0.103842	-1.21787	-1.69671	2.09113
-0.103842	-1.21787	-1.69671	2.09113
-0.103842	-1.21787	-1.69671	2.09113
0.3883	-0.0764717	-3.02637	3.05214
-1.47233	1.30956	-2.7921	3.41739
-3.20451	3.09774	-4.88296	6.61122
-4.70949	2.30071	-5.22285	7.39938
-2.05523	2.82443	-5.54532	6.55377
-2.05523	2.82443	-5.54532	6.55377
0.348558	1.45659	-6.64927	6.81587
-0.77833	-1.00171	-4.51713	4.69187
-0.77833	-1.00171	-4.51713	4.69187
-0.77833	-1.00171	-4.51713	4.69187
-0.77833	-1.00171	-4.51713	4.69187
-0.77833	-1.00171	-4.51713	4.69187
-0.77833	-1.00171	-4.51713	4.69187
-0.77833	-1.00171	-4.51713	4.69187
1.31625	0.920464	-4.93228	5.18721
3.22993	1.67732	-2.78108	4.58042
2.4332	-1.21929	-1.72302	3.22117
1.46141	-4.10527	-2.28254	4.91924
2.84501	-2.30363	-1.17078	3.84338
2.84501	-2.30363	-1.17078	3.84338
0.160876	-3.00612	0.553618	3.0609
-0.880652	-1.78519	2.99661	3.59752
-1.34012	-0.298126	4.81623	5.00808
-4.23899	-0.598707	2.49763	4.95637
-4.23899	-0.598707	2.49763	4.95637
-3.30258	-3.423	1.99688	5.15863
-3.26257	-1.13929	2.57519	4.30975
-4.89139	0.659892	2.9452	5.74764
-4.89139	0.659892	2.9452	5.74764
-3.84065	1.69895	2.71014	4.99819
-3.84065	1.69895	2.71014	4.99819
-4.95001	0.0470205	4.38532	6.61331
-4.95001	0.0470205	4.38532	6.61331
-7.04405	-0.76734	6.50671	9.62002
-9.38767	0.508507	3.66877	10.0919
-9.38767	0.508507	3.66877	10.0919
-7.37723	1.93483	1.19376	7.71959
-7.37723	1.93483	1.19376	7.71959
-5.52341	4.09762	3.97082	7.9414
-7.49369	6.0644	5.06837	10.8913
-8.13474	4.88098	3.09731	9.97954
-7.29816	2.35452	4.85625	9.07689
-4.67107	3.96247	3.6609	7.13598
-7.42291	4.3269	2.67006	8.99727
-9.6903	2.41567	3.2425	10.5001
-9.35961	4.92013	4.12908	11.3516
-9.35961	4.92013	4.12908	11.3516
-7.17309	4.20576	5.9855	10.2454
-6.80911	4.79827	6.48798	10.5585
-6.80911	4.79827	6.48798	10.5585
-4.97264	4.63978	3.61653	7.70285
-5.32186	3.53716	4.37862	7.74636
-5.32186	3.53716	4.37862	7.74636
-5.4117	3.30025	5.02692	8.08999
-6.90143	0.853639	5.11169	8.63063
-6.76477	3.32843	2.59448	7.9732
-7.45244	6.16998	2.02512	9.88476
-7.67137	6.88705	2.31669	10.5664
-7.67137	6.88705	2.31669	10.5664
-6.89931	4.54384	1.95115	8.48846
-6.89931	4.54384	1.95115	8.48846
-4.13288	5.98594	0.323156	7.28125
-4.13288	5.98594	0.323156	7.28125
-6.5215	5.54049	-1.8651	8.75817
-5.18489	3.16306	-2.40971	6.53412
-2.41878	5.41267	-1.79593	6.19458
-2.41878	5.41267	-1.79593	6.19458
-0.832991	6.25595	-4.02451	7.48515
1.94607	3.76141	-3.93429	5.78049
0.0505079	2.66259	-5.60783	6.20804
0.0505079	2.66259	-5.60783	6.20804
0.0505079	2.66259	-5.60783	6.20804
0.0505079	2.66259	-5.60783	6.20804
-2.35775	1.50987	-6.77125	7.32725
0.294325	-0.155117	-9.2099	9.2159
0.294325	-0.155117	-9.2099	9.2159
0.371	-1.62658	-7.61477	7.79539
0.188657	-2.05894	-6.36408	6.69151
-1.53275	-2.78499	-6.91808	7.6135
1.30165	-0.362919	-8.85549	8.958
3.29056	2.3159	-8.75603	9.63635
3.29056	2.3159	-8.75603	9.63635
3.29056	2.3159	-8.75603	9.63635
0.871328	1.81036	-7.18119	7.45695
0.871328	1.81036	-7.18119	7.45695
3.12723	0.636363	-6.8114	7.52195
4.67296	-0.650231	-4.79659	6.72805
5.07397	-2.6622	-3.32295	6.62378
4.27828	-1.41227	-1.19244	4.66048
4.07938	-3.34527	-0.517797	5.30097
1.26312	-1.34283	0.500545	1.91029
0.976568	-3.87775	3.21143	5.12874
0.976568	-3.87775	3.21143	5.12874
0.976568	-3.87775	3.21143	5.12874
0.976568	-3.87775	3.21143	5.12874
0.935529	-1.86259	1.52182	2.58077
0.914785	-3.30939	3.67062	5.02617
0.2716	-1.54156	1.99357	2.53466
0.2716	-1.54156	1.99357	2.53466
0.2716	-1.54156	1.99357	2.53466
1.02675	-2.42351	3.7179	4.55526
1.02675	-2.42351	3.7179	4.55526
1.02675	-2.42351	3.7179	4.55526
1.02675	-2.42351	3.7179	4.55526
1.02675	-2.42351	3.7179	4.55526
1.02675	-2.42351	3.7179	4.55526
1.02675	-2.42351	3.7179	4.55526
1.02675	-2.42351	3.7179	4.55526
1.02675	-2.42351	3.7179	4.55526
1.02675	-2.42351	3.7179	4.55526
1.02675	-2.42351	3.7179	4.55526
2.84232	-0.819679	1.22408	3.20141
2.12753	-1.68407	3.40281	4.3522
0.267619	-2.69718	3.4396	4.37918
0.348172	-0.163245	4.63337	4.6493
-0.23421	2.2329	5.13394	5.6034
-0.23421	2.2329	5.13394	5.6034
0.0862583	0.038041	4.63945	4.64041
0.0862583	0.038041	4.63945	4.64041
-0.759505	0.840635	5.68121	5.79307
-0.759505	0.840635	5.68121	5.79307
-0.759505	0.840635	5.68121	5.79307
-0.759505	0.840635	5.68121	5.79307
-2.85255	1.48445	6.40603	7.16783
-5.17	3.85872	6.0537	8.8468
-4.14843	4.99862	4.43496	7.8654
-2.75625	4.86877	4.02183	6.89035
-2.49449	4.71371	2.4629	5.8743
-2.49449	4.71371	2.4629	5.8743
-2.49449	4.71371	2.4629	5.8743
-2.97629	2.43126	0.403456	3.86421
-3.04358	0.0864397	1.03123	3.2147
-1.08232	-1.25659	-0.719446	1.80777
-0.272467	0.544184	-2.21716	2.29917
-0.272467	0.544184	-2.21716	2.29917
-3.06015	-1.6871	-2.71339	4.42417
-3.06015	-1.6871	-2.71339	4.42417
-5.15032	-2.0951	-1.89279	5.87349
-7.00852	-1.9397	-2.75486	7.77632
-5.75055	0.315937	-4.44114	7.27272
-5.75055	0.315937	-4.44114	7.27272
-6.56998	-1.01398	-5.87661	8.87284
-6.56998	-1.01398	-5.87661	8.87284
-6.56998	-1.01398	-5.87661	8.87284
-6.07353	1.52943	-3.46452	7.1575
-7.29134	-0.101029	-3.37227	8.03406
-7.29134	-0.101029	-3.37227	8.03406
-4.88618	-2.83338	-5.09566	7.60714
-4.88618	-2.83338	-5.09566	7.60714
-4.88618	-2.83338	-5.09566	7.60714
-2.74871	-1.6173	-7.97098	8.58532
-2.86253	-1.40641	-5.48659	6.34623
-4.81436	0.202125	-4.06938	6.30704
-4.81436	0.202125	-4.06938	6.30704
-5.6806	0.905699	-4.98827	7.61396
-3.24498	-1.32682	-6.11795	7.05122
-0.807405	0.731794	-6.31733	6.41063
0.856547	-1.5751	-4.18693	4.55467
0.856547	-1.5751	-4.18693	4.55467
0.856547	-1.5751	-4.18693	4.55467
0.856547	-1.5751	-4.18693	4.55467
0.856547	-1.5751	-4.18693	4.55467
0.856547	-1.5751	-4.18693	4.55467
0.856547	-1.5751	-4.18693	4.55467
-0.772552	-1.01408	-1.86544	2.25944
-0.772552	-1.01408	-1.86544	2.25944
0.275292	-0.998864	-3.01639	3.18937
0.275292	-0.998864	-3.01639	3.18937
-0.586134	1.04397	-4.39315	4.55338
-0.586134	1.04397	-4.39315	4.55338
0.510942	1.17582	-3.87567	4.08221
0.510942	1.17582	-3.87567	4.08221
0.510942	1.17582	-3.87567	4.08221
-0.162958	0.800187	-3.76599	3.85351
-0.162958	0.800187	-3.76599	3.85351
-1.4448	1.73911	-3.33523	4.02936
-3.79748	0.695149	-4.45107	5.89204
-3.79748	0.695149	-4.45107	5.89204
-3.79748	0.695149	-4.45107	5.89204
-3.73145	-1.25915	-2.15728	4.49032
-3.73145	-1.25915	-2.15728	4.49032
-1.14674	-0.509067	-3.66947	3.87803
-1.14674	-0.509067	-3.66947	3.87803
1.62084	-0.0913675	-6.31932	6.52452
1.62084	-0.0913675	-6.31932	6.52452
1.62084	-0.0913675	-6.31932	6.52452
1.62084	-0.0913675	-6.31932	6.52452
0.21422	0.97739	-4.88045	4.98197
2.23271	0.451308	-3.07156	3.82403
2.23271	0.451308	-3.07156	3.82403
2.75843	1.31045	-3.75257	4.83818
3.36518	-0.47602	-4.45546	5.60376
3.36518	-0.47602	-4.45546	5.60376
4.99248	-1.05824	-3.37059	6.11601
4.99248	-1.05824	-3.37059	6.11601
4.99248	-1.05824	-3.37059	6.11601
6.03549	-1.88799	-5.70229	8.51515
4.68105	-3.3746	-4.6344	7.4012
4.98078	-1.19711	-7.00872	8.68121
4.98078	-1.19711	-7.00872	8.68121
4.98078	-1.19711	-7.00872	8.68121
4.87871	-1.74198	-5.02887	7.21983
2.32814	0.988944	-2.78271	3.76055
1.0357	2.45742	-3.56957	4.45572
1.0357	2.45742	-3.56957	4.45572
1.0357	2.45742	-3.56957	4.45572
-0.416774	3.38576	-1.00649	3.5567
-0.416774	3.38576	-1.00649	3.5567
-0.416774	3.38576	-1.00649	3.5567
-0.509295	4.59066	-3.28336	5.66692
-0.509295	4.59066	-3.28336	5.66692
-0.509295	4.59066	-3.28336	5.66692
-0.509295	4.59066	-3.28336	5.66692
-0.509295	4.59066	-3.28336	5.66692
1.37021	2.32091	-2.45003	3.64235
1.96646	0.467793	-3.28632	3.8582
1.96646	0.467793	-3.28632	3.8582
1.22432	-0.531576	-3.19026	3.45822
1.22432	-0.531576	-3.19026	3.45822
1.22432	-0.531576	-3.19026	3.45822
1.22432	-0.531576	-3.19026	3.45822
1.22432	-0.531576	-3.19026	3.45822
1.22432	-0.531576	-3.19026	3.45822
1.22432	-0.531576	-3.19026	3.45822
1.22432	-0.531576	-3.19026	3.45822
1.22432	-0.531576	-3.19026	3.45822
-1.49778	-1.13252	-2.01077	2.7512
-1.49778	-1.13252	-2.01077	2.7512
-1.49778	-1.13252	-2.01077	2.7512
1.21068	-0.553138	-0.488784	1.41796
-0.511029	-1.19978	0.757808	1.50828
1.84356	-0.436746	2.1372	2.85606
2.66939	0.0857957	4.34904	5.10364
2.66939	0.0857957	4.34904	5.10364
2.66939	0.0857957	4.34904	5.10364
0.931478	-1.67839	4.07216	4.50191
0.931478	-1.67839	4.07216	4.50191
-1.40573	0.689939	4.52546	4.78873
-2.95628	-0.159518	3.37183	4.48713
-2.95628	-0.159518	3.37183	4.48713
-2.95628	-0.159518	3.37183	4.48713
-4.14416	0.0529665	5.15816	6.61691
-4.14416	0.0529665	5.15816	6.61691
-4.11568	2.15367	6.19411	7.74236
-5.45426	2.94742	8.5564	10.5664
-3.89448	1.67917	9.97016	10.8347
-3.89448	1.67917	9.97016	10.8347
-3.89448	1.67917	9.97016	10.8347
-3.33227	3.58529	7.49054	8.94799
-3.33227	3.58529	7.49054	8.94799
-1.66646	3.85666	7.24053	8.37116
0.0391062	2.5922	4.96601	5.60199
1.91392	0.707962	2.28729	3.0653
1.91392	0.707962	2.28729	3.0653
1.91392	0.707962	2.28729	3.0653
-0.169417	0.229553	-0.404426	0.494931
-0.169417	0.229553	-0.404426	0.494931
1.64488	1.92454	1.94535	3.19279
1.64488	1.92454	1.94535	3.19279
2.2504	-0.870675	1.09367	2.64924
2.1708	0.348668	2.28036	3.16765
2.1708	0.348668	2.28036	3.16765
2.1708	0.348668	2.28036	3.16765
2.1708	0.348668	2.28036	3.16765
2.1708	0.348668	2.28036	3.16765
0.090496	-0.742192	4.68598	4.74525
1.62987	2.11316	4.78541	5.47924
1.41767	1.32469	3.19261	3.73595
1.05511	0.602616	0.513419	1.31909
0.369214	-1.68997	-1.74173	2.45478
1.11346	1.171	-3.0019	3.40916
-0.80114	0.819417	-4.65889	4.79777
-1.05235	0.234883	-3.04916	3.23419
-1.05235	0.234883	-3.04916	3.23419
-1.05235	0.234883	-3.04916	3.23419
-1.05235	0.234883	-3.04916	3.23419
0.250086	0.290716	-3.3549	3.37675
0.250086	0.290716	-3.3549	3.37675
0.250086	0.290716	-3.3549	3.37675
0.250086	0.290716	-3.3549	3.37675
0.250086	0.290716	-3.3549	3.37675
0.250086	0.290716	-3.3549	3.37675
-0.194084	-1.25374	-4.12574	4.31639
-0.194084	-1.25374	-4.12574	4.31639
1.49874	-0.532224	-2.83833	3.25355
1.49874	-0.532224	-2.83833	3.25355
-0.477672	0.804621	-0.997255	1.36752
-0.477672	0.804621	-0.997255	1.36752
-0.477672	0.804621	-0.997255	1.36752
-0.477672	0.804621	-0.997255	1.36752
-0.477672	0.804621	-0.997255	1.36752
-2.01616	0.1603	-2.85825	3.50146
-2.01616	0.1603	-2.85825	3.50146
-2.01616	0.1603	-2.85825	3.50146
-2.01616	0.1603	-2.85825	3.50146
-2.32185	0.679974	-2.18097	3.25729
-2.32185	0.679974	-2.18097	3.25729
-2.32185	0.679974	-2.18097	3.25729
0.553198	1.92755	-3.8513	4.34212
0.772484	0.159451	-2.42169	2.54691
0.405765	0.305165	-3.71851	3.75301
0.405765	0.305165	-3.71851	3.75301
0.405765	0.305165	-3.71851	3.75301
2.65063	0.471006	-3.00237	4.0326
1.25859	-0.229522	-5.07952	5.23816
-0.989112	0.0374676	-4.66415	4.76802
-0.989112	0.0374676	-4.66415	4.76802
-0.989112	0.0374676	-4.66415	4.76802
-2.70336	-0.0464165	-3.40098	4.34476
-2.70336	-0.0464165	-3.40098	4.34476
-0.10606	0.312399	-4.65973	4.6714
-1.21333	-0.995027	-7.1426	7.31294
-1.21333	-0.995027	-7.1426	7.31294
-1.21333	-0.995027	-7.1426	7.31294
0.604662	0.958775	-5.76925	5.87955
0.897283	-0.639052	-3.71791	3.87767
0.897283	-0.639052	-3.71791	3.87767
2.6676	-0.00125101	-5.92488	6.49772
0.744974	-0.234538	-5.24955	5.30733
0.44908	0.876932	-2.98416	3.14259
0.44908	0.876932	-2.98416	3.14259
0.44908	0.876932	-2.98416	3.14259
-1.02222	2.09868	-2.80556	3.64973
-2.9585	-0.0216952	-3.72094	4.7538
-2.9585	-0.0216952	-3.72094	4.7538
-0.728071	2.6215	-5.19473	5.8641
-0.728071	2.6215	-5.19473	5.8641
-0.728071	2.6215	-5.19473	5.8641
-0.728071	2.6215	-5.19473	5.8641
-0.728071	2.6215	-5.19473	5.8641
1.57146	2.10697	-4.85678	5.52242
1.30251	0.0946008	-3.46592	3.70379
1.30251	0.0946008	-3.46592	3.70379
1.30251	0.0946008	-3.46592	3.70379
1.30251	0.0946008	-3.46592	3.70379
1.30251	0.0946008	-3.46592	3.70379
2.1327	1.98391	-5.2137	5.97218
2.1327	1.98391	-5.2137	5.97218
0.174132	3.73621	-2.75543	4.64564
0.174132	3.73621	-2.75543	4.64564
-1.65059	3.84763	-4.71205	6.30334
-1.65059	3.84763	-4.71205	6.30334
1.18447	2.49992	-2.43837	3.68758
1.18447	2.49992	-2.43837	3.68758
1.18447	2.49992	-2.43837	3.68758
0.285215	0.0081523	-0.643128	0.703582
1.72114	-1.05633	-2.78308	3.43856
1.72114	-1.05633	-2.78308	3.43856
2.52673	1.76386	-2.26651	3.82527
-0.342399	2.09314	-1.8588	2.82022
-0.342399	2.09314	-1.8588	2.82022
-0.342399	2.09314	-1.8588	2.82022
2.2302	0.730038	-3.63065	4.32301
2.2302	0.730038	-3.63065	4.32301
2.2302	0.730038	-3.63065	4.32301
0.496666	0.331835	-3.67081	3.71909
0.496666	0.331835	-3.67081	3.71909
-1.99468	0.484989	-3.82852	4.34413
-0.917352	1.01883	-3.2302	3.50909
-0.917352	1.01883	-3.2302	3.50909
-1.93265	0.745087	-2.57607	3.30551
0.10836	-1.71761	-4.32834	4.65794
0.10836	-1.71761	-4.32834	4.65794
-2.67802	-1.22394	-2.75384	4.03156
-2.67802	-1.22394	-2.75384	4.03156
-2.58695	-4.08694	-4.48681	6.59749
-2.58695	-4.08694	-4.48681	6.59749
-4.37799	-4.13285	-6.44814	8.82189
-2.39829	-4.53032	-4.8931	7.08647
0.373223	-2.17401	-6.43085	6.79864
-1.3564	-1.549	-4.67729	5.1104
-1.86032	0.94518	-4.63195	5.08027
-1.86032	0.94518	-4.63195	5.08027
-1.86032	0.94518	-4.63195	5.08027
-1.39934	-0.93528	-5.08531	5.35661
-1.39934	-0.93528	-5.08531	5.35661
-1.39934	-0.93528	-5.08531	5.35661
-1.39934	-0.93528	-5.08531	5.35661
-1.39934	-0.93528	-5.08531	5.35661
-1.39934	-0.93528	-5.08531	5.35661
-1.39934	-0.93528	-5.08531	5.35661
-1.36456	0.365597	-7.68416	7.81293
-1.36456	0.365597	-7.68416	7.81293
-0.97139	-0.948486	-6.78394	6.91846
1.92241	0.114266	-6.52353	6.80185
1.92241	0.114266	-6.52353	6.80185
2.30695	-2.26814	-6.45261	7.21822
2.30695	-2.26814	-6.45261	7.21822
0.679625	-2.77178	-5.01624	5.77125
2.55428	-3.8645	-3.7004	5.92889
1.18636	-4.56773	-4.00917	6.19234
1.18636	-4.56773	-4.00917	6.19234
1.18636	-4.56773	-4.00917	6.19234
0.631437	-4.24549	-3.26138	5.39069
2.10198	-1.47593	-2.35018	3.48139
1.67207	-0.518404	-5.24849	5.53274
1.67207	-0.518404	-5.24849	5.53274
1.67207	-0.518404	-5.24849	5.53274
1.67207	-0.518404	-5.24849	5.53274
2.11094	2.25863	-5.21071	6.05879
2.11094	2.25863	-5.21071	6.05879
0.458065	4.40888	-5.77449	7.27961
0.486095	2.21786	-6.92089	7.28381
2.22981	1.09652	-6.51802	6.9756
-0.522817	0.339528	-4.0734	4.12083
-0.00504514	1.00276	-5.41886	5.51086
-0.98164	2.86857	-2.96402	4.24001
-1.91846	1.24048	-1.558	2.76526
-1.91846	1.24048	-1.558	2.76526
-1.91846	1.24048	-1.558	2.76526
0.128556	1.70369	-3.13831	3.57324
0.128556	1.70369	-3.13831	3.57324
0.128556	1.70369	-3.13831	3.57324
0.128556	1.70369	-3.13831	3.57324
2.46764	-0.716358	-4.55195	5.22711
0.0135944	1.1286	-2.50507	2.7476
0.0135944	1.1286	-2.50507	2.7476
0.0135944	1.1286	-2.50507	2.7476
0.0135944	1.1286	-2.50507	2.7476
0.0135944	1.1286	-2.50507	2.7476
0.0135944	1.1286	-2.50507	2.7476
-0.118112	-0.653756	-1.96104	2.07052
-0.118112	-0.653756	-1.96104	2.07052
-0.118112	-0.653756	-1.96104	2.07052
-0.118112	-0.653756	-1.96104	2.07052
-0.118112	-0.653756	-1.96104	2.07052
-0.26612	-0.158858	-3.55087	3.56437
-0.26612	-0.158858	-3.55087	3.56437
-0.26612	-0.158858	-3.55087	3.56437
0.950242	-0.570472	-3.9546	4.10698
0.569013	-1.60047	-4.21198	4.54159
-0.916151	-0.539778	-2.44552	2.66669
-0.916151	-0.539778	-2.44552	2.66669
-0.916151	-0.539778	-2.44552	2.66669
-0.916151	-0.539778	-2.44552	2.66669
-0.916151	-0.539778	-2.44552	2.66669
-0.916151	-0.539778	-2.44552	2.66669
-0.223819	0.880937	-4.78097	4.8666
-0.116417	-1.37789	-5.51466	5.68539
0.783816	-2.2957	-5.92819	6.40531
-0.311707	-1.5477	-4.1494	4.43961
-0.659886	-2.9748	-3.90242	4.95114
-0.659886	-2.9748	-3.90242	4.95114
0.229864	-1.72422	-3.94178	4.30853
1.87329	-2.99689	-3.20839	4.77329
1.95838	-0.473307	-5.55988	5.91368
0.907094	1.90423	-3.51412	4.09853
-1.40438	2.79159	-4.25015	5.27533
-2.81897	0.800463	-4.51119	5.37942
-2.81897	0.800463	-4.51119	5.37942
-2.81897	0.800463	-4.51119	5.37942
-2.81897	0.800463	-4.51119	5.37942
-4.47433	2.58044	-2.5952	5.78043
-3.42803	3.67346	-3.03032	5.86758
-3.81552	3.7542	-4.50904	6.99883
-3.81552	3.7542	-4.50904	6.99883
-2.56675	3.13201	-6.1826	7.39069
-4.96026	3.45437	-3.85253	7.16791
-4.96026	3.45437	-3.85253	7.16791
-3.6593	2.60472	-5.91047	7.42353
-3.92428	2.90316	-3.37493	5.93452
-3.92428	2.90316	-3.37493	5.93452
-3.92428	2.90316	-3.37493	5.93452
-1.85211	4.731	-5.97587	7.84371
-2.77698	3.24349	-3.69998	5.64993
-2.77698	3.24349	-3.69998	5.64993
-2.77698	3.24349	-3.69998	5.64993
-1.16046	2.14501	-3.16613	3.99651
-1.16046	2.14501	-3.16613	3.99651
-1.16046	2.14501	-3.16613	3.99651
-1.16046	2.14501	-3.16613	3.99651
-0.506705	1.48614	-5.22062	5.45163
0.394356	0.960673	-4.57741	4.69373
-1.04758	-1.01297	-2.28187	2.70749
-2.27863	-1.49108	-2.1241	3.45359
-1.9641	0.429727	-3.88276	4.37243
-4.32758	0.304459	-5.25806	6.81673
-4.32758	0.304459	-5.25806	6.81673
-2.74878	2.43958	-3.17261	4.85518
-2.74878	2.43958	-3.17261	4.85518
-0.802838	3.13005	-4.19182	5.29274
-0.802838	3.13005	-4.19182	5.29274
-0.802838	3.13005	-4.19182	5.29274
-0.361478	3.44108	-4.57038	5.73237
-1.62959	2.66359	-2.6016	4.0643
-1.62959	2.66359	-2.6016	4.0643
-1.61206	2.14285	-1.29251	2.97677
-2.40742	1.81788	-3.80819	4.85826
-3.9122	0.97776	-2.54403	4.76795
-4.24663	2.2442	-2.58134	5.45285
-4.24663	2.2442	-2.58134	5.45285
-3.1495	0.0941302	-4.99471	5.90553
-3.1495	0.0941302	-4.99471	5.90553
-3.1495	0.0941302	-4.99471	5.90553
-3.1495	0.0941302	-4.99471	5.90553
-2.37884	0.840704	-2.26772	3.39238
-2.48802	0.769384	-2.89049	3.89065
-1.20993	1.31124	-4.71555	5.04179
0.722129	0.173684	-6.70851	6.7495
1.24081	1.55416	-4.03333	4.49697
1.24081	1.55416	-4.03333	4.49697
1.24081	1.55416	-4.03333	4.49697
-1.40868	-0.497484	-4.50239	4.74377
-0.732702	-1.98085	-3.13347	3.77879
-0.732702	-1.98085	-3.13347	3.77879
-0.732702	-1.98085	-3.13347	3.77879
-0.732702	-1.98085	-3.13347	3.77879
-0.732702	-1.98085	-3.13347	3.77879
1.44145	-1.07727	-3.06226	3.55186
1.44145	-1.07727	-3.06226	3.55186
1.44145	-1.07727	-3.06226	3.55186
1.44145	-1.07727	-3.06226	3.55186
-0.674588	-0.864946	-4.68513	4.81183
-0.674588	-0.864946	-4.68513	4.81183
-0.674588	-0.864946	-4.68513	4.81183
-0.674588	-0.864946	-4.68513	4.81183
0.384108	-1.16588	-3.58481	3.78916
-1.04843	-1.71945	-3.74948	4.25609
-1.75807	-1.08942	-2.0998	2.94734
-1.75807	-1.08942	-2.0998	2.94734
-1.75807	-1.08942	-2.0998	2.94734
-1.75807	-1.08942	-2.0998	2.94734
-1.75807	-1.08942	-2.0998	2.94734
-1.75807	-1.08942	-2.0998	2.94734
-1.75807	-1.08942	-2.0998	2.94734
-1.75807	-1.08942	-2.0998	2.94734
-1.75807	-1.08942	-2.0998	2.94734
-1.75807	-1.08942	-2.0998	2.94734
-1.10743	-3.39498	-2.86985	4.5813
-3.42653	-2.16106	-2.56503	4.79486
-3.62338	0.0155588	-4.46198	5.7479
-3.62338	0.0155588	-4.46198	5.7479
-1.47381	-2.62322	-5.49782	6.26732
0.698598	-4.29235	-5.94574	7.36642
0.698598	-4.29235	-5.94574	7.36642
0.698598	-4.29235	-5.94574	7.36642
0.698598	-4.29235	-5.94574	7.36642
2.64569	-3.16164	-7.58239	8.63066
4.10534	-1.08301	-5.50437	6.9516
4.10534	-1.08301	-5.50437	6.9516
4.10534	-1.08301	-5.50437	6.9516
2.15875	-3.36298	-6.95546	8.02173
2.15875	-3.36298	-6.95546	8.02173
2.15875	-3.36298	-6.95546	8.02173
0.621295	-3.04057	-7.90374	8.49118
-1.46564	-3.75792	-6.26189	7.44858
-4.32063	-1.99967	-5.74926	7.46462
-4.32063	-1.99967	-5.74926	7.46462
-4.19797	-3.92832	-4.09296	7.05741
-2.97363	-3.2936	-5.86487	7.35438
-3.86598	-1.85537	-8.6721	9.67437
-6.35217	-0.803273	-6.27609	8.96575
-6.35217	-0.803273	-6.27609	8.96575
-6.35217	-0.803273	-6.27609	8.96575
-6.35217	-0.803273	-6.27609	8.96575
-4.78067	-0.539999	-6.18768	7.83797
-4.00388	-1.69724	-5.91181	7.33902
-4.00388	-1.69724	-5.91181	7.33902
-4.00388	-1.69724	-5.91181	7.33902
-1.66459	-3.31173	-7.22907	8.1239
0.661459	-4.02496	-5.81587	7.10367
1.21704	-3.88308	-3.33136	5.25903
1.9269	-1.54647	-4.76643	5.36874
0.971495	-1.47912	-2.40728	2.98774
0.971495	-1.47912	-2.40728	2.98774
0.971495	-1.47912	-2.40728	2.98774
0.971495	-1.47912	-2.40728	2.98774
0.971495	-1.47912	-2.40728	2.98774
0.971495	-1.47912	-2.40728	2.98774
0.971495	-1.47912	-2.40728	2.98774
0.971495	-1.47912	-2.40728	2.98774
0.971495	-1.47912	-2.40728	2.98774
0.971495	-1.47912	-2.40728	2.98774
0.971495	-1.47912	-2.40728	2.98774
0.971495	-1.47912	-2.40728	2.98774
0.971495	-1.47912	-2.40728	2.98774
0.971495	-1.47912	-2.40728	2.98774
0.971495	-1.47912	-2.40728	2.98774
0.971495	-1.47912	-2.40728	2.98774
0.971495	-1.47912	-2.40728	2.98774
0.971495	-1.47912	-2.40728	2.98774
1.51787	-2.17324	-4.71445	5.4086
1.51787	-2.17324	-4.71445	5.4086
1.51787	-2.17324	-4.71445	5.4086
1.51787	-2.17324	-4.71445	5.4086
1.40636	-1.44936	-5.62073	5.97253
1.40636	-1.44936	-5.62073	5.97253
-1.47743	0.777373	-4.04199	4.37319
-1.47743	0.777373	-4.04199	4.37319
0.482724	1.1438	-1.16213	1.70054
0.482724	1.1438	-1.16213	1.70054
0.482724	1.1438	-1.16213	1.70054
0.482724	1.1438	-1.16213	1.70054
0.482724	1.1438	-1.16213	1.70054
0.482724	1.1438	-1.16213	1.70054
0.482724	1.1438	-1.16213	1.70054
0.482724	1.1438	-1.16213	1.70054
0.482724	1.1438	-1.16213	1.70054
0.482724	1.1438	-1.16213	1.70054
2.4089	-1.08474	1.68771	3.13494
2.04386	0.651168	2.50295	3.29638
1.57615	-0.432668	3.22376	3.61443
0.0355149	1.00518	4.51948	4.63005
0.0355149	1.00518	4.51948	4.63005
-2.53131	-0.297339	4.3744	5.06274
-2.53131	-0.297339	4.3744	5.06274
-0.497032	1.93114	3.67946	4.18507
-1.01664	1.5152	3.35249	3.81688
-1.01664	1.5152	3.35249	3.81688
-1.01664	1.5152	3.35249	3.81688
-1.01664	1.5152	3.35249	3.81688
-2.26529	-1.05344	5.71838	6.24028
-2.26529	-1.05344	5.71838	6.24028
-2.26529	-1.05344	5.71838	6.24028
-3.22783	0.18111	8.07851	8.70138
-3.22783	0.18111	8.07851	8.70138
-4.41767	1.13657	10.9543	11.8661
-3.58506	0.206653	9.48014	10.1375
-3.58506	0.206653	9.48014	10.1375
-3.58506	0.206653	9.48014	10.1375
-4.38641	-0.39754	9.30164	10.2917
-3.45133	-2.66726	7.24382	8.4557
-3.45133	-2.66726	7.24382	8.4557
-1.96885	-3.49884	5.52849	6.83246
-1.96885	-3.49884	5.52849	6.83246
-1.96885	-3.49884	5.52849	6.83246
-2.58033	-3.72276	5.87893	7.42151
-2.58033	-3.72276	5.87893	7.42151
-2.58033	-3.72276	5.87893	7.42151
-2.58033	-3.72276	5.87893	7.42151
-2.05722	-1.17277	4.18215	4.80603
-2.05722	-1.17277	4.18215	4.80603
-0.307891	0.488547	4.17706	4.21678
-0.307891	0.488547	4.17706	4.21678
-0.366056	3.31011	5.40945	6.3524
-0.366056	3.31011	5.40945	6.3524
0.668004	0.453684	4.56604	4.63689
-1.48851	-2.04043	6.78776	7.24243
-1.48851	-2.04043	6.78776	7.24243
1.33154	-0.702035	4.36925	4.62127
0.650737	0.783758	2.48185	2.68278
0.650737	0.783758	2.48185	2.68278
-0.304877	1.27245	3.54381	3.77765
-2.44219	0.356269	0.759784	2.58234
-0.786062	1.93277	3.13302	3.76422
-0.786062	1.93277	3.13302	3.76422
1.21884	0.559374	3.81645	4.04521
1.21884	0.559374	3.81645	4.04521
0.833946	-0.922519	4.6628	4.82579
0.833946	-0.922519	4.6628	4.82579
1.79787	-1.41059	3.04451	3.80672
1.79787	-1.41059	3.04451	3.80672
1.33208	0.266656	0.890511	1.62436
1.33208	0.266656	0.890511	1.62436
1.33208	0.266656	0.890511	1.62436
-0.309273	-0.134845	1.17166	1.21928
0.175576	1.48227	2.63382	3.02737
-2.17974	-0.79312	2.64922	3.52117
-0.0825668	-0.910495	4.91002	4.99441
-0.0825668	-0.910495	4.91002	4.99441
-0.0825668	-0.910495	4.91002	4.99441
-0.0825668	-0.910495	4.91002	4.99441
-0.0825668	-0.910495	4.91002	4.99441
-0.0825668	-0.910495	4.91002	4.99441
0.0312439	-0.0142935	4.54661	4.54674
1.38306	-2.14207	2.45559	3.53995
1.38306	-2.14207	2.45559	3.53995
3.11456	0.0410281	2.5108	4.00078
1.69273	-0.185784	0.904117	1.92803
2.56144	-0.980062	3.20282	4.21658
2.56144	-0.980062	3.20282	4.21658
0.0954575	0.830226	4.06664	4.15162
0.0954575	0.830226	4.06664	4.15162
0.0954575	0.830226	4.06664	4.15162
0.0954575	0.830226	4.06664	4.15162
0.0954575	0.830226	4.06664	4.15162
0.0954575	0.830226	4.06664	4.15162
0.0954575	0.830226	4.06664	4.15162
0.0954575	0.830226	4.06664	4.15162
0.0954575	0.830226	4.06664	4.15162
1.44752	2.1654	2.951	3.93607
1.83001	1.58581	4.74692	5.32889
0.327685	2.90416	5.47555	6.20671
0.641873	1.1005	5.14699	5.30233
0.641873	1.1005	5.14699	5.30233
0.641873	1.1005	5.14699	5.30233
2.60768	0.71266	4.74636	5.46222
2.60768	0.71266	4.74636	5.46222
2.60768	0.71266	4.74636	5.46222
1.51219	-0.782522	2.48104	3.00909
1.51219	-0.782522	2.48104	3.00909
1.51219	-0.782522	2.48104	3.00909
1.51219	-0.782522	2.48104	3.00909
1.51219	-0.782522	2.48104	3.00909
2.56487	0.71001	3.47969	4.38074
0.160968	0.803535	5.01902	5.08548
-2.7193	2.41502	6.6186	7.55201
-1.43072	1.11236	9.19524	9.37212
-0.873839	2.30791	10.712	10.9926
-1.54844	2.32446	8.0411	8.51235
1.15104	0.335392	6.08672	6.20368
0.555319	0.61072	4.53027	4.60486
-0.403553	-2.06656	6.65856	6.98355
-1.48432	-0.325415	6.06873	6.25608
-2.25138	-0.903656	4.25638	4.89919
-0.399037	0.0142783	4.07636	4.09587
-0.399037	0.0142783	4.07636	4.09587
-0.399037	0.0142783	4.07636	4.09587
-0.399037	0.0142783	4.07636	4.09587
0.563242	0.617171	5.95326	6.01161
1.80754	-1.3409	7.28618	7.62585
0.580711	-0.0556502	9.1534	9.17197
2.89716	-0.931283	7.34455	7.95004
2.89716	-0.931283	7.34455	7.95004
2.89716	-0.931283	7.34455	7.95004
0.998022	-2.41221	6.5074	7.01149
0.998022	-2.41221	6.5074	7.01149
2.99893	-0.755404	6.09877	6.83807
2.99893	-0.755404	6.09877	6.83807
2.99893	-0.755404	6.09877	6.83807
3.86343	-0.0166401	4.16718	5.68258
1.17486	-1.9608	3.44475	4.13416
-0.605553	-0.835513	6.21495	6.30003
2.21349	-0.074534	7.01438	7.35572
3.37353	0.440798	5.71066	6.64731
0.649945	-1.58491	4.74289	5.04275
0.649945	-1.58491	4.74289	5.04275
2.07515	-1.52984	5.03499	5.65666
-0.586021	0.0843634	4.56825	4.60646
-0.873487	-2.01475	5.17624	5.62278
2.01104	0.474302	3.66289	4.20547
2.01104	0.474302	3.66289	4.20547
-0.414588	-0.435693	2.74198	2.80717
-0.414588	-0.435693	2.74198	2.80717
-0.414588	-0.435693	2.74198	2.80717
1.00085	-2.12262	0.132385	2.35048
3.42104	-3.55004	0.275333	4.93782
1.96131	-3.68728	1.16864	4.33687
-0.27319	-1.33196	2.19293	2.58025
-0.27319	-1.33196	2.19293	2.58025
-0.27319	-1.33196	2.19293	2.58025
-0.27319	-1.33196	2.19293	2.58025
-0.27319	-1.33196	2.19293	2.58025
-0.27319	-1.33196	2.19293	2.58025
-0.27319	-1.33196	2.19293	2.58025
-0.27319	-1.33196	2.19293	2.58025
-0.0977489	-3.23822	4.73963	5.74106
-0.0977489	-3.23822	4.73963	5.74106
-0.0977489	-3.23822	4.73963	5.74106
-0.0977489	-3.23822	4.73963	5.74106
-0.0977489	-3.23822	4.73963	5.74106
-0.0977489	-3.23822	4.73963	5.74106
-0.628353	-5.78071	5.84198	8.24258
-0.628353	-5.78071	5.84198	8.24258
-0.446503	-3.20575	3.01749	4.4251
1.4082	-4.08283	3.52507	5.57482
1.4082	-4.08283	3.52507	5.57482
1.61383	-2.84082	6.05928	6.88401
1.61383	-2.84082	6.05928	6.88401
1.61383	-2.84082	6.05928	6.88401
1.61383	-2.84082	6.05928	6.88401
3.48154	-1.52805	5.89899	7.01813
6.03684	-1.9813	7.58568	9.89503
5.29836	-0.469027	8.90999	10.3769
5.29836	-0.469027	8.90999	10.3769
6.42606	0.236017	6.234	8.95615
3.74197	2.58256	5.81203	7.37914
2.81896	2.93623	6.27571	7.48014
5.09156	5.20897	5.07456	8.87742
5.09156	5.20897	5.07456	8.87742
2.86842	7.54967	6.37591	10.2897
0.537876	6.13033	4.75846	7.77903
1.35511	6.35858	3.23856	7.26334
1.35511	6.35858	3.23856	7.26334
3.61275	4.91176	4.48496	7.56916
3.61275	4.91176	4.48496	7.56916
3.61275	4.91176	4.48496	7.56916
3.61275	4.91176	4.48496	7.56916
3.24604	6.94218	3.17578	8.29555
4.39521	4.3388	3.89042	7.2992
4.39521	4.3388	3.89042	7.2992
6.73544	4.26941	1.79854	8.17489
6.73544	4.26941	1.79854	8.17489
6.26614	4.87533	2.99292	8.48474
5.98885	4.7037	5.62509	9.46746
4.22842	5.12022	5.78996	8.81021
2.09734	5.55654	3.86228	7.08457
2.09734	5.55654	3.86228	7.08457
1.84212	4.11189	2.70944	5.25757
1.84212	4.11189	2.70944	5.25757
1.84212	4.11189	2.70944	5.25757
1.84212	4.11189	2.70944	5.25757
3.00004	2.93092	4.78372	6.36196
3.14981	0.67369	6.96495	7.6737
3.14981	0.67369	6.96495	7.6737
3.14981	0.67369	6.96495	7.6737
3.14981	0.67369	6.96495	7.6737
3.14981	0.67369	6.96495	7.6737
3.14981	0.67369	6.96495	7.6737
0.539575	3.38797	8.18564	8.87548
2.62652	0.922494	8.17625	8.63716
2.62652	0.922494	8.17625	8.63716
0.766773	-1.16226	8.98148	9.08877
1.12994	-3.1933	7.18576	7.94412
-0.360013	-5.19043	6.57468	8.3843
-3.12604	-4.6322	5.02055	7.51234
-3.12604	-4.6322	5.02055	7.51234
-3.12604	-4.6322	5.02055	7.51234
-0.509491	-6.68403	6.44644	9.30013
-0.509491	-6.68403	6.44644	9.30013
-0.509491	-6.68403	6.44644	9.30013
-0.509491	-6.68403	6.44644	9.30013
-0.509491	-6.68403	6.44644	9.30013
0.884899	-8.7927	8.63544	12.3558
0.884899	-8.7927	8.63544	12.3558
-0.428567	-9.25567	6.66388	11.4131
-1.41209	-9.13796	7.89026	12.1553
-1.73663	-9.3729	8.07461	12.4927
-0.395835	-9.90846	6.31613	11.757
-0.46479	-7.45172	7.52188	10.5982
-0.46479	-7.45172	7.52188	10.5982
-0.46479	-7.45172	7.52188	10.5982
-0.46479	-7.45172	7.52188	10.5982
-0.46479	-7.45172	7.52188	10.5982
-0.0821975	-10.3474	6.64276	12.2964
-0.743881	-10.4841	4.47068	11.4218
-0.743881	-10.4841	4.47068	11.4218
-0.743881	-10.4841	4.47068	11.4218
-0.743881	-10.4841	4.47068	11.4218
-0.140314	-10.3063	4.89292	11.4097
-0.140314	-10.3063	4.89292	11.4097
-1.10677	-9.28459	2.55171	9.69226
-1.10677	-9.28459	2.55171	9.69226
-0.459932	-10.9264	4.62188	11.8726
-2.21261	-11.6598	4.88912	12.8355
-3.18191	-14.1916	3.29595	14.9127
-3.18191	-14.1916	3.29595	14.9127
-1.16531	-14.1708	1.05032	14.2574
-1.16531	-14.1708	1.05032	14.2574
-1.16531	-14.1708	1.05032	14.2574
0.917815	-13.3725	0.952696	13.4378
3.73798	-12.5552	-1.62785	13.2005
5.74168	-13.0341	-2.74709	14.5052
5.74168	-13.0341	-2.74709	14.5052
5.74168	-13.0341	-2.74709	14.5052
5.74168	-13.0341	-2.74709	14.5052
5.74168	-13.0341	-2.74709	14.5052
5.74168	-13.0341	-2.74709	14.5052
5.74168	-13.0341	-2.74709	14.5052
5.73559	-13.4633	-4.20819	15.2271
5.73559	-13.4633	-4.20819	15.2271
7.91009	-11.2372	-5.83988	14.9315
6.90046	-11.3225	-7.99217	15.4819
7.48767	-10.5496	-8.1722	15.3018
8.23806	-10.0869	-8.26935	15.4271
8.39876	-8.23946	-9.24112	14.9608
5.78702	-5.55869	-8.26053	11.5163
3.07408	-8.05536	-8.14107	11.8582
0.551166	-8.26451	-9.17587	12.3613
2.41082	-7.05733	-7.39748	10.5043
2.41082	-7.05733	-7.39748	10.5043
2.41082	-7.05733	-7.39748	10.5043
4.96084	-5.48637	-5.32378	9.11333
3.35045	-5.08298	-7.03385	9.30254
3.35045	-5.08298	-7.03385	9.30254
6.05343	-4.69607	-6.48287	10.0362
7.15	-2.88519	-7.57637	10.8096
7.15	-2.88519	-7.57637	10.8096
5.57808	-2.01394	-5.74426	8.25636
3.08643	-0.129895	-6.70227	7.37993
5.7572	1.07876	-6.73936	8.92906
5.7572	1.07876	-6.73936	8.92906
5.07544	2.26272	-3.97718	6.83359
5.07544	2.26272	-3.97718	6.83359
2.41125	2.54685	-2.68071	4.41438
3.46986	0.541431	-3.91333	5.25806
3.46986	0.541431	-3.91333	5.25806
3.46986	0.541431	-3.91333	5.25806
3.46986	0.541431	-3.91333	5.25806
3.46986	0.541431	-3.91333	5.25806
1.91246	0.231874	-2.61853	3.25084
4.09523	-2.22292	-2.88793	5.48201
4.09523	-2.22292	-2.88793	5.48201
6.73005	0.652301	-4.22195	7.97145
6.73005	0.652301	-4.22195	7.97145
6.73005	0.652301	-4.22195	7.97145
6.73005	0.652301	-4.22195	7.97145
6.73005	0.652301	-4.22195	7.97145
6.73005	0.652301	-4.22195	7.97145
6.73005	0.652301	-4.22195	7.97145
5.77097	1.0996	-1.8503	6.15929
5.77097	1.0996	-1.8503	6.15929
5.77097	1.0996	-1.8503	6.15929
5.77097	1.0996	-1.8503	6.15929
4.59328	-0.916233	-2.03248	5.10575
4.59328	-0.916233	-2.03248	5.10575
3.51834	-1.94396	-4.15431	5.78065
1.82901	-3.03598	-4.09282	5.41421
1.42912	-0.418046	-1.2294	1.93095
1.42912	-0.418046	-1.2294	1.93095
1.43549	-0.901189	-1.81578	2.48392
1.43549	-0.901189	-1.81578	2.48392
1.43549	-0.901189	-1.81578	2.48392
1.43549	-0.901189	-1.81578	2.48392
1.43549	-0.901189	-1.81578	2.48392
1.43549	-0.901189	-1.81578	2.48392
-0.438952	-1.5324	-2.18985	2.70858
-0.438952	-1.5324	-2.18985	2.70858
-0.438952	-1.5324	-2.18985	2.70858
-0.00139548	-0.308873	-0.46037	0.554387
-1.33449	-1.45172	1.68186	2.59172
-1.33449	-1.45172	1.68186	2.59172
0.0157851	-0.712991	4.20797	4.26798
-1.21925	-2.2556	3.0641	3.99538
-1.21925	-2.2556	3.0641	3.99538
-1.21925	-2.2556	3.0641	3.99538
-1.21925	-2.2556	3.0641	3.99538
-1.55681	-1.81526	1.63226	2.89536
0.482173	-2.59468	-0.852915	2.7735
1.91264	-1.40697	-1.07593	2.60679
1.91264	-1.40697	-1.07593	2.60679
1.9086	-3.12795	-3.89098	5.34477
1.01793	-2.64696	-5.76901	6.42838
1.01793	-2.64696	-5.76901	6.42838
0.704669	-0.773044	-4.97118	5.08004
0.704669	-0.773044	-4.97118	5.08004
-2.17464	0.0914191	-3.95848	4.51741
-1.24038	-0.541783	-2.92934	3.22693
1.2869	-1.33622	-1.46024	2.36091
1.2869	-1.33622	-1.46024	2.36091
0.200852	0.682156	-1.04124	1.2609
0.431574	-1.16823	0.949058	1.5658
-2.13353	1.03647	3.24414	4.01879
-2.13353	1.03647	3.24414	4.01879
-2.13353	1.03647	3.24414	4.01879
-2.13353	1.03647	3.24414	4.01879
-2.13232	1.75147	2.44821	3.68892
-2.13232	1.75147	2.44821	3.68892
-2.13232	1.75147	2.44821	3.68892
-2.11912	2.97585	0.715297	3.72263
-3.69281	1.83253	2.21471	4.67974
-1.91535	2.2249	2.18788	3.66136
-1.91535	2.2249	2.18788	3.66136
0.743957	0.28895	3.89631	3.97721
0.743957	0.28895	3.89631	3.97721
0.743957	0.28895	3.89631	3.97721
0.071739	2.57255	4.32466	5.03248
0.071739	2.57255	4.32466	5.03248
0.071739	2.57255	4.32466	5.03248
0.071739	2.57255	4.32466	5.03248
1.72006	1.85718	1.60169	2.99552
0.78089	2.123	3.19178	3.91208
1.64311	-0.574226	2.40813	2.9713
-0.502188	0.277826	4.52802	4.56425
0.710054	-1.92461	2.67249	3.36906
-1.7836	0.915655	2.71909	3.37833
-1.7836	0.915655	2.71909	3.37833
-1.73454	0.389263	4.40797	4.75293
-0.679902	2.76855	6.24096	6.86124
0.516086	1.42915	7.40566	7.55993
0.516086	1.42915	7.40566	7.55993
3.1419	2.58608	7.7964	8.7945
3.1419	2.58608	7.7964	8.7945
1.85485	0.516626	7.60474	7.84471
2.23799	-1.38102	5.71004	6.28652
2.23799	-1.38102	5.71004	6.28652
2.10108	-1.24888	5.71475	6.21551
2.10108	-1.24888	5.71475	6.21551
2.10108	-1.24888	5.71475	6.21551
2.10108	-1.24888	5.71475	6.21551
1.43387	-1.62002	6.58303	6.92941
1.10899	0.926827	9.02885	9.1438
1.57153	0.983605	8.19659	8.40364
3.37822	1.98109	9.15365	9.95622
3.37822	1.98109	9.15365	9.95622
0.491838	1.91202	8.18249	8.41729
0.491838	1.91202	8.18249	8.41729
1.058	-0.0600767	8.63209	8.69689
1.058	-0.0600767	8.63209	8.69689
1.058	-0.0600767	8.63209	8.69689
1.058	-0.0600767	8.63209	8.69689
1.058	-0.0600767	8.63209	8.69689
1.058	-0.0600767	8.63209	8.69689
1.058	-0.0600767	8.63209	8.69689
2.52542	-2.89754	8.40249	9.23987
3.98119	-4.01412	8.05813	9.8436
3.64359	-3.73338	10.2835	11.531
0.837286	-6.35315	9.72007	11.6423
0.837286	-6.35315	9.72007	11.6423
0.837286	-6.35315	9.72007	11.6423
2.64919	-3.60312	8.2037	9.34352
-0.202049	-0.886019	7.59744	7.6516
-0.202049	-0.886019	7.59744	7.6516
-0.202049	-0.886019	7.59744	7.6516
-2.04098	0.465664	5.96851	6.325
-2.04098	0.465664	5.96851	6.325
-2.04098	0.465664	5.96851	6.325
-2.04098	0.465664	5.96851	6.325
-1.26712	-2.22519	3.71309	4.51044
0.995912	-0.0687285	0.979822	1.39879
0.995912	-0.0687285	0.979822	1.39879
2.06979	-1.3204	-0.952222	2.63329
1.08328	0.708585	0.423094	1.36184
0.363613	-1.12862	2.51571	2.78115
0.363613	-1.12862	2.51571	2.78115
2.30685	-2.46206	3.41663	4.80173
1.17305	0.332425	4.61585	4.77416
1.17305	0.332425	4.61585	4.77416
2.49962	-1.7193	2.28376	3.79732
2.49962	-1.7193	2.28376	3.79732
2.49962	-1.7193	2.28376	3.79732
0.427972	0.868311	0.665326	1.17464
0.0187342	-1.14322	1.96844	2.27641
0.0187342	-1.14322	1.96844	2.27641
0.0187342	-1.14322	1.96844	2.27641
1.02101	-0.150145	2.15147	2.38617
1.02101	-0.150145	2.15147	2.38617
-0.179979	-0.776165	1.667	1.84763
-0.179979	-0.776165	1.667	1.84763
-0.367969	2.10162	1.84711	2.82207
-0.691594	-0.669075	3.24807	3.38761
-1.04318	-3.30703	3.78015	5.12974
-1.06982	-4.45781	4.78856	6.62925
-1.06982	-4.45781	4.78856	6.62925
0.332915	-4.05235	4.02929	5.7243
2.18607	-1.82678	4.38203	5.22668
-0.0883101	-2.54899	2.7922	3.78173
-0.0883101	-2.54899	2.7922	3.78173
1.04914	-0.268552	2.46393	2.69143
1.04914	-0.268552	2.46393	2.69143
1.04914	-0.268552	2.46393	2.69143
1.04914	-0.268552	2.46393	2.69143
1.04914	-0.268552	2.46393	2.69143
1.04914	-0.268552	2.46393	2.69143
1.04914	-0.268552	2.46393	2.69143
1.04914	-0.268552	2.46393	2.69143
-0.678805	1.10308	4.8968	5.0652
1.19928	-1.56599	3.30151	3.84585
1.19928	-1.56599	3.30151	3.84585
2.9994	-2.72768	5.42247	6.77051
2.97797	-1.2454	6.59253	7.34036
2.97797	-1.2454	6.59253	7.34036
2.97797	-1.2454	6.59253	7.34036
1.66034	1.20409	5.59794	5.96184
2.10427	-0.582864	5.01322	5.46809
2.10427	-0.582864	5.01322	5.46809
2.10427	-0.582864	5.01322	5.46809
1.13	-2.90257	5.53596	6.35206
1.13	-2.90257	5.53596	6.35206
1.13	-2.90257	5.53596	6.35206
1.13	-2.90257	5.53596	6.35206
0.0194962	-1.36939	6.37508	6.52052
0.0194962	-1.36939	6.37508	6.52052
1.43172	1.4638	3.999	4.49272
1.70794	2.21929	1.20859	3.05008
1.70794	2.21929	1.20859	3.05008
0.792227	3.35223	3.3246	4.78728
1.30632	5.17922	3.16119	6.20677
1.30632	5.17922	3.16119	6.20677
3.856	5.71736	3.6618	7.80806
3.02644	7.84196	5.50407	10.0474
3.02644	7.84196	5.50407	10.0474
3.97483	4.94261	5.23503	8.224
3.71728	5.28718	6.32955	9.0463
1.33656	4.19714	5.09853	6.73776
-0.362259	4.33504	5.75627	7.21515
-0.362259	4.33504	5.75627	7.21515
-0.362259	4.33504	5.75627	7.21515
-0.362259	4.33504	5.75627	7.21515
-0.362259	4.33504	5.75627	7.21515
-0.38569	4.06886	8.2515	9.20824
-0.38569	4.06886	8.2515	9.20824
-0.38569	4.06886	8.2515	9.20824
1.12813	1.26446	9.25565	9.40949
1.12813	1.26446	9.25565	9.40949
1.8444	0.0762648	10.7213	10.879
-0.700997	-1.52383	8.18932	8.35933
1.29795	0.764664	8.10435	8.24317
-1.2896	-0.606771	8.03061	8.1561
-0.667833	-1.68884	7.46577	7.68349
-0.300263	-0.255039	6.97132	6.98244
0.0511836	2.39583	6.47973	6.90865
-1.71217	4.63595	7.19331	8.72738
0.00504124	2.70312	7.84503	8.29767
0.00504124	2.70312	7.84503	8.29767
0.546756	2.16726	6.73845	7.09948
0.546756	2.16726	6.73845	7.09948
-0.68874	0.213718	6.89497	6.93258
-0.68874	0.213718	6.89497	6.93258
-0.68874	0.213718	6.89497	6.93258
-0.68874	0.213718	6.89497	6.93258
-0.68874	0.213718	6.89497	6.93258
1.55869	0.5225	5.77791	6.00723
3.21918	-0.108441	4.34377	5.4077
3.21918	-0.108441	4.34377	5.4077
0.57674	1.29499	6.92971	7.07323
0.675035	3.3703	7.52652	8.27424
0.342695	5.10665	7.91084	9.42214
0.342695	5.10665	7.91084	9.42214
3.09364	2.59205	7.34155	8.37781
3.19934	0.474885	5.09658	6.03626
4.25242	1.70047	2.4963	5.21595
4.25242	1.70047	2.4963	5.21595
4.25242	1.70047	2.4963	5.21595
4.81413	2.65511	3.33113	6.42821
5.12525	1.48042	1.70111	5.59943
5.12525	1.48042	1.70111	5.59943
2.29575	3.27166	1.40427	4.2363
2.29575	3.27166	1.40427	4.2363
2.65612	1.62402	2.04973	3.72744
2.65612	1.62402	2.04973	3.72744
2.65612	1.62402	2.04973	3.72744
0.262644	4.17855	2.93295	5.1119
0.262644	4.17855	2.93295	5.1119
0.262644	4.17855	2.93295	5.1119
0.262644	4.17855	2.93295	5.1119
0.262644	4.17855	2.93295	5.1119
2.07649	1.88781	1.56936	3.21536
2.07649	1.88781	1.56936	3.21536
0.00792737	1.42339	-0.717251	1.59391
-0.416563	-1.4478	1.53264	2.1491
-0.817382	1.0325	2.33108	2.67733
-0.817382	1.0325	2.33108	2.67733
-0.266372	0.753468	4.20918	4.28437
-2.12935	2.1909	2.12675	3.72253
-4.99306	1.78265	1.87803	5.62455
-4.99306	1.78265	1.87803	5.62455
-4.99306	1.78265	1.87803	5.62455
-3.72169	3.51887	4.27809	6.67349
-2.03458	2.81047	4.17597	5.42927
-2.03458	2.81047	4.17597	5.42927
-1.66039	1.26318	6.47363	6.8015
-1.66039	1.26318	6.47363	6.8015
-1.66039	1.26318	6.47363	6.8015
-1.66039	1.26318	6.47363	6.8015
0.842807	-0.760125	7.33994	7.42717
0.842807	-0.760125	7.33994	7.42717
0.842807	-0.760125	7.33994	7.42717
0.499962	1.28774	7.43154	7.55884
0.499962	1.28774	7.43154	7.55884
0.499962	1.28774	7.43154	7.55884
1.3246	1.25227	5.69073	5.97555
3.45422	0.849292	4.04156	5.38397
1.2161	0.267803	6.37461	6.49509
1.2161	0.267803	6.37461	6.49509
-0.580475	1.87777	8.06456	8.30061
-1.607	-0.342289	6.63804	6.83836
-1.607	-0.342289	6.63804	6.83836
-3.07727	-0.734522	6.22177	6.97994
-2.86231	-0.152479	7.16266	7.71491
-2.86231	-0.152479	7.16266	7.71491
-2.16364	-0.681794	8.23898	8.54558
-1.34906	-0.0539015	6.60097	6.73763
0.0675845	0.139703	8.94944	8.95079
-2.80685	1.34969	6.71163	7.39906
-1.78322	0.842194	5.1284	5.49451
-1.37171	1.38728	3.32357	3.85386
-1.37171	1.38728	3.32357	3.85386
-0.966509	0.427091	1.35439	1.71782
-1.86882	0.428699	-1.20254	2.26326
-1.86882	0.428699	-1.20254	2.26326
-1.86882	0.428699	-1.20254	2.26326
-2.30078	-0.0148173	1.49245	2.74248
-2.30078	-0.0148173	1.49245	2.74248
-2.30078	-0.0148173	1.49245	2.74248
0.579383	0.458915	2.65889	2.75971
-1.33101	2.61728	4.51663	5.38718
-1.33101	2.61728	4.51663	5.38718
-1.33101	2.61728	4.51663	5.38718
-2.95915	1.78652	5.39708	6.4091
-2.95915	1.78652	5.39708	6.4091
-1.87094	1.3931	3.47031	4.18141
-3.45387	2.96163	5.33317	7.01022
-3.45387	2.96163	5.33317	7.01022
-4.1382	0.783409	3.44942	5.44398
-4.38435	1.63902	5.74544	7.41074
-4.38435	1.63902	5.74544	7.41074
-4.38435	1.63902	5.74544	7.41074
-5.67893	-1.00141	4.71021	7.44575
-5.67893	-1.00141	4.71021	7.44575
-4.8947	-0.685275	3.5307	6.074
-2.83941	-1.89592	3.6616	5.0064
-2.83941	-1.89592	3.6616	5.0064
-2.83941	-1.89592	3.6616	5.0064
-3.71469	-0.500604	3.16746	4.90738
-3.71469	-0.500604	3.16746	4.90738
-1.38242	-1.45208	1.72088	2.64216
-0.48296	-0.571018	0.835736	1.1215
-0.48296	-0.571018	0.835736	1.1215
-0.546466	2.16012	2.44455	3.30765
-0.447392	0.81642	-0.19171	0.950502
-0.843207	-0.0237427	-0.235091	0.875688
1.53533	-2.69052	-1.18609	3.31707
0.539753	-3.96145	-3.37733	5.23362
-0.83346	-4.16228	-4.07914	5.88715
1.64419	-5.14973	-3.3261	6.34713
2.22255	-7.22466	-5.6898	9.46093
-0.631542	-8.21	-5.48659	9.89473
-0.820738	-6.98853	-4.02427	8.10604
-2.26378	-6.59019	-6.75495	9.70488
-1.6726	-5.14725	-9.24786	10.7152
0.608789	-2.58386	-9.47109	9.83608
0.608789	-2.58386	-9.47109	9.83608
0.608789	-2.58386	-9.47109	9.83608
0.608789	-2.58386	-9.47109	9.83608
2.21224	-0.0171557	-7.24174	7.57213
-0.0947557	2.43202	-7.16955	7.57141
-0.0947557	2.43202	-7.16955	7.57141
-0.0947557	2.43202	-7.16955	7.57141
-2.39395	3.78182	-7.4103	8.65712
-2.39395	3.78182	-7.4103	8.65712
-2.39395	3.78182	-7.4103	8.65712
-1.67011	5.58199	-5.0962	7.74075
-2.30372	4.93354	-5.41574	7.67966
-0.110051	4.37673	-7.12112	8.35932
-0.110051	4.37673	-7.12112	8.35932
-0.110051	4.37673	-7.12112	8.35932
-0.110051	4.37673	-7.12112	8.35932
0.503114	5.51092	-4.68521	7.25083
1.40832	4.69487	-4.37873	6.57255
1.68289	2.48611	-4.52348	5.42906
0.645319	5.1745	-2.48438	5.77616
1.8724	2.92082	-2.09772	4.05432
1.2563	0.672702	-3.62059	3.89095
1.2563	0.672702	-3.62059	3.89095
1.2563	0.672702	-3.62059	3.89095
1.2563	0.672702	-3.62059	3.89095
1.2563	0.672702	-3.62059	3.89095
1.2563	0.672702	-3.62059	3.89095
1.2563	0.672702	-3.62059	3.89095
-1.42004	-0.351046	-4.01635	4.27444
-1.42004	-0.351046	-4.01635	4.27444
-1.42004	-0.351046	-4.01635	4.27444
-1.42004	-0.351046	-4.01635	4.27444
-1.47105	0.439792	-5.37859	5.59344
-1.47105	0.439792	-5.37859	5.59344
-1.47105	0.439792	-5.37859	5.59344
-3.0896	2.13531	-6.52272	7.52669
-3.0896	2.13531	-6.52272	7.52669
-3.0896	2.13531	-6.52272	7.52669
-2.67021	1.76768	-7.51831	8.17188
-2.67021	1.76768	-7.51831	8.17188
-2.67021	1.76768	-7.51831	8.17188
-2.67021	1.76768	-7.51831	8.17188
-2.9961	0.163354	-7.1492	7.75334
-1.01479	0.871923	-7.15111	7.27519
-2.0626	-1.44435	-6.0544	6.55715
0.0187817	1.05271	-5.29212	5.39584
0.0187817	1.05271	-5.29212	5.39584
0.0187817	1.05271	-5.29212	5.39584
-1.30054	2.09289	-5.4235	5.95701
-1.30054	2.09289	-5.4235	5.95701
-0.558418	3.20854	-5.07384	6.02913
1.10453	3.13975	-4.34104	5.47016
2.46299	2.95609	-4.73414	6.10056
2.46299	2.95609	-4.73414	6.10056
4.6897	2.9913	-6.09722	8.25332
4.6897	2.9913	-6.09722	8.25332
3.94672	2.04751	-7.25936	8.51277
3.94672	2.04751	-7.25936	8.51277
5.94155	0.48906	-5.42308	8.05922
3.42885	1.43373	-2.90241	4.71557
3.42885	1.43373	-2.90241	4.71557
3.42885	1.43373	-2.90241	4.71557
3.42885	1.43373	-2.90241	4.71557
3.42885	1.43373	-2.90241	4.71557
3.42885	1.43373	-2.90241	4.71557
3.92474	1.47053	-4.19549	5.93028
2.14209	-1.38494	-1.64783	3.03676
0.145613	-3.14205	-3.12553	4.43425
-1.00976	-3.13944	-3.81009	5.0391
-1.00976	-3.13944	-3.81009	5.0391
-1.00976	-3.13944	-3.81009	5.0391
-1.00976	-3.13944	-3.81009	5.0391
0.132113	-1.70513	-2.32171	2.88362
0.132113	-1.70513	-2.32171	2.88362
-0.348305	0.248531	-2.67904	2.71299
-0.348305	0.248531	-2.67904	2.71299
0.323628	1.66164	-4.91082	5.19441
-0.616261	-0.358399	-2.22427	2.33572
-0.616261	-0.358399	-2.22427	2.33572
-3.10155	-0.232822	-4.54678	5.50881
-3.10155	-0.232822	-4.54678	5.50881
-3.10155	-0.232822	-4.54678	5.50881
-3.54741	0.3046	-3.64189	5.09316
-2.21806	-1.04743	-3.54233	4.30871
-1.0377	0.773277	-2.1222	2.48566
-1.0377	0.773277	-2.1222	2.48566
-0.631312	-0.535825	-1.38738	1.6157
-0.631312	-0.535825	-1.38738	1.6157
-0.631312	-0.535825	-1.38738	1.6157
-0.914785	1.05407	-3.2607	3.54684
-0.914785	1.05407	-3.2607	3.54684
-3.09844	0.576105	-4.86092	5.79317
-2.11036	0.0981145	-5.49262	5.88491
-3.61538	-0.0611199	-4.22468	5.56081
-3.61538	-0.0611199	-4.22468	5.56081
-3.45881	0.379485	-4.96299	6.06124
-3.45881	0.379485	-4.96299	6.06124
-2.2555	-2.26895	-4.26549	5.33196
-2.58426	-0.926552	-2.76597	3.89711
-2.75069	1.94539	-4.25606	5.42816
-1.17143	2.68911	-3.2392	4.36989
-3.45158	2.59736	-3.00607	5.26271
-3.45158	2.59736	-3.00607	5.26271
-1.68393	2.90859	-1.73369	3.7817
-1.68393	2.90859	-1.73369	3.7817
-1.68393	2.90859	-1.73369	3.7817
-3.1718	1.16008	-1.95663	3.90314
-3.64878	2.26309	-2.31442	4.87767
-3.64878	2.26309	-2.31442	4.87767
-1.18497	1.60192	0.217998	2.00445
-2.48994	0.223389	-0.761579	2.61337
-1.22859	-0.344031	-0.415693	1.34186
-1.22859	-0.344031	-0.415693	1.34186
-1.14792	-0.217416	-2.05069	2.36015
-1.14792	-0.217416	-2.05069	2.36015
-1.14792	-0.217416	-2.05069	2.36015
-1.14792	-0.217416	-2.05069	2.36015
1.35535	1.09794	-2.54785	3.08771
1.35535	1.09794	-2.54785	3.08771
1.35535	1.09794	-2.54785	3.08771
1.35535	1.09794	-2.54785	3.08771
-0.672542	3.71054	-1.91716	4.23036
-0.672542	3.71054	-1.91716	4.23036
-0.672542	3.71054	-1.91716	4.23036
-0.715053	4.70387	-2.95796	5.60243
-1.66766	4.5288	-1.83651	5.16371
-3.61224	5.4273	-4.25271	7.78392
-0.915916	4.92575	-5.67383	7.56929
-0.0367943	2.38742	-6.37425	6.80677
-0.0367943	2.38742	-6.37425	6.80677
-0.0367943	2.38742	-6.37425	6.80677
-0.0367943	2.38742	-6.37425	6.80677
-2.29775	3.03142	-3.83016	5.39808
-2.29775	3.03142	-3.83016	5.39808
-0.448085	1.23199	-5.34695	5.50531
1.39794	0.611082	-5.78637	5.98413
1.39794	0.611082	-5.78637	5.98413
1.39794	0.611082	-5.78637	5.98413
0.938027	1.21043	-8.43062	8.56857
-0.257601	2.88667	-7.12886	7.69545
-0.257601	2.88667	-7.12886	7.69545
1.86685	0.250175	-5.93514	6.22684
4.30533	0.885005	-4.63546	6.388
3.34592	-0.105178	-4.9639	5.9872
3.34592	-0.105178	-4.9639	5.9872
3.34592	-0.105178	-4.9639	5.9872
3.34592	-0.105178	-4.9639	5.9872
1.29844	-1.52369	-7.05467	7.33321
1.29844	-1.52369	-7.05467	7.33321
2.84612	-0.574121	-5.77403	6.46293
3.5563	0.405142	-5.09913	6.22997
3.5563	0.405142	-5.09913	6.22997
3.5563	0.405142	-5.09913	6.22997
3.99645	-1.81503	-3.76608	5.78354
3.53516	-2.66568	-2.58997	5.12944
3.93742	-3.80175	-3.73624	6.62691
1.63998	-1.08413	-2.12529	2.89512
1.63998	-1.08413	-2.12529	2.89512
1.63998	-1.08413	-2.12529	2.89512
0.40134	0.223744	-4.64569	4.66836
0.40134	0.223744	-4.64569	4.66836
-1.56422	1.34306	-5.5513	5.92179
-1.56422	1.34306	-5.5513	5.92179
-1.36617	3.17592	-6.17649	7.07827
-1.21138	0.329665	-8.64051	8.73124
0.570861	1.10745	-7.66628	7.76686
-0.888264	-0.827801	-9.20454	9.28427
-0.888264	-0.827801	-9.20454	9.28427
-0.888264	-0.827801	-9.20454	9.28427
-1.07798	-2.77553	-8.21236	8.73547
-1.07798	-2.77553	-8.21236	8.73547
-1.07798	-2.77553	-8.21236	8.73547
-1.07798	-2.77553	-8.21236	8.73547
1.18207	-0.241475	-5.94417	6.06538
0.0728756	-0.918949	-8.11383	8.16602
0.0728756	-0.918949	-8.11383	8.16602
0.750924	1.44879	-6.77228	6.9661
0.922738	0.0712076	-4.37459	4.47141
2.67767	2.44714	-2.89922	4.6437
2.67767	2.44714	-2.89922	4.6437
1.80992	-0.195463	-4.57329	4.92229
-0.890847	1.62138	-5.77264	6.06184
-0.0467599	1.67257	-4.94359	5.21907
-0.0467599	1.67257	-4.94359	5.21907
-0.0467599	1.67257	-4.94359	5.21907
-0.746702	2.0919	-7.31401	7.64384
-0.746702	2.0919	-7.31401	7.64384
-3.2229	0.315925	-8.73682	9.31766
-3.2229	0.315925	-8.73682	9.31766
-3.2229	0.315925	-8.73682	9.31766
-2.68309	-0.84856	-8.5489	9.00015
-2.68309	-0.84856	-8.5489	9.00015
-1.0105	-2.0537	-8.03961	8.35907
1.65832	-3.08259	-9.3864	10.0178
0.273356	-2.15503	-9.39255	9.64048
0.273356	-2.15503	-9.39255	9.64048
0.273356	-2.15503	-9.39255	9.64048
-0.462423	-3.92433	-6.6862	7.76657
-0.462423	-3.92433	-6.6862	7.76657
-0.462423	-3.92433	-6.6862	7.76657
-0.76205	-5.59076	-5.38118	7.79708
1.74315	-4.09648	-5.7167	7.24571
1.74315	-4.09648	-5.7167	7.24571
1.31109	-4.09597	-4.30306	6.08377
1.31109	-4.09597	-4.30306	6.08377
1.31109	-4.09597	-4.30306	6.08377
1.31109	-4.09597	-4.30306	6.08377
1.31109	-4.09597	-4.30306	6.08377
2.17717	-3.90888	-6.92084	8.24121
0.764651	-5.15299	-4.08573	6.62051
0.417678	-3.85592	-4.04615	5.60481
0.34776	-1.50223	-2.36733	2.82523
0.51699	-1.00228	-2.65339	2.88311
0.51699	-1.00228	-2.65339	2.88311
0.51699	-1.00228	-2.65339	2.88311
0.51699	-1.00228	-2.65339	2.88311
0.51699	-1.00228	-2.65339	2.88311
0.51699	-1.00228	-2.65339	2.88311
-2.00031	-1.19955	-3.1176	3.89353
-0.674388	-0.966905	-1.26279	1.72752
-0.674388	-0.966905	-1.26279	1.72752
-0.674388	-0.966905	-1.26279	1.72752
-0.674388	-0.966905	-1.26279	1.72752
-0.674388	-0.966905	-1.26279	1.72752
-0.674388	-0.966905	-1.26279	1.72752
0.638977	1.16604	-3.74429	3.97337
0.638977	1.16604	-3.74429	3.97337
0.638977	1.16604	-3.74429	3.97337
0.950698	0.150384	-3.19647	3.33824
0.950698	0.150384	-3.19647	3.33824
0.950698	0.150384	-3.19647	3.33824
1.75312	0.706611	-1.07324	2.17361
2.03594	0.229957	-2.73578	3.41796
2.03594	0.229957	-2.73578	3.41796
-0.138563	0.471317	-2.29439	2.3464
-0.138563	0.471317	-2.29439	2.3464
-0.138563	0.471317	-2.29439	2.3464
-2.3669	1.17041	-3.90063	4.71031
-2.3669	1.17041	-3.90063	4.71031
-2.3669	1.17041	-3.90063	4.71031
-2.3669	1.17041	-3.90063	4.71031
-1.83926	2.33269	-5.25287	6.03465
-1.83926	2.33269	-5.25287	6.03465
-2.20614	-0.158961	-6.20621	6.58858
-2.20614	-0.158961	-6.20621	6.58858
-3.92352	2.30049	-3.75882	5.90042
-3.92352	2.30049	-3.75882	5.90042
-3.92352	2.30049	-3.75882	5.90042
-3.92352	2.30049	-3.75882	5.90042
-3.92352	2.30049	-3.75882	5.90042
-3.92352	2.30049	-3.75882	5.90042
-3.92352	2.30049	-3.75882	5.90042
-3.92352	2.30049	-3.75882	5.90042
-3.92352	2.30049	-3.75882	5.90042
-2.37126	1.40919	-6.61122	7.16358
-4.37132	-0.234127	-5.00172	6.64684
-3.09644	-0.477823	-2.15552	3.80296
-3.09644	-0.477823	-2.15552	3.80296
-3.09644	-0.477823	-2.15552	3.80296
-3.09644	-0.477823	-2.15552	3.80296
-0.495812	-0.261092	-2.96983	3.02223
-0.495812	-0.261092	-2.96983	3.02223
-0.495812	-0.261092	-2.96983	3.02223
-0.495812	-0.261092	-2.96983	3.02223
-0.495812	-0.261092	-2.96983	3.02223
-0.495812	-0.261092	-2.96983	3.02223
1.74544	2.24974	-2.14285	3.56366
0.991278	2.60412	-3.91414	4.80464
0.991278	2.60412	-3.91414	4.80464
0.991278	2.60412	-3.91414	4.80464
0.365113	1.50123	-5.61712	5.82573
0.246284	4.21253	-2.99336	5.17361
3.12485	3.00512	-3.75741	5.73703
3.12485	3.00512	-3.75741	5.73703
3.12485	3.00512	-3.75741	5.73703
3.12485	3.00512	-3.75741	5.73703
2.10959	1.60832	-0.922798	2.80867
1.69083	4.4644	-3.03448	5.65667
2.23126	5.98205	-3.24314	7.1611
2.23126	5.98205	-3.24314	7.1611
2.23126	5.98205	-3.24314	7.1611
1.25923	5.8266	-4.56954	7.51103
1.25923	5.8266	-4.56954	7.51103
1.77098	3.37375	-7.2012	8.14713
1.77098	3.37375	-7.2012	8.14713
0.703894	2.77502	-9.64891	10.0647
0.477912	0.314518	-8.62267	8.64163
0.477912	0.314518	-8.62267	8.64163
2.668	-0.545974	-8.52053	8.94516
2.668	-0.545974	-8.52053	8.94516
2.668	-0.545974	-8.52053	8.94516
2.0263	-1.46852	-8.62064	8.97652
2.16474	-1.38232	-9.68016	10.0151
2.16474	-1.38232	-9.68016	10.0151
2.16474	-1.38232	-9.68016	10.0151
3.14288	-0.806179	-9.39385	9.93841
4.22789	-3.25732	-6.65477	8.5306
2.43056	-3.31505	-6.35626	7.56963
3.99837	-2.84379	-8.96454	10.2194
3.50708	-0.711413	-8.49986	9.22244
4.22863	2.01879	-6.4588	7.97953
4.22863	2.01879	-6.4588	7.97953
2.31157	2.13564	-8.26475	8.84367
1.69572	0.601219	-8.45791	8.64715
0.264079	-1.23351	-5.90621	6.03942
-0.594912	-3.6899	-3.21751	4.9317
0.589409	-5.44527	-3.05556	6.27175
0.589409	-5.44527	-3.05556	6.27175
0.589409	-5.44527	-3.05556	6.27175
0.589409	-5.44527	-3.05556	6.27175
-2.30401	-6.49151	-2.37841	7.28732
-1.95725	-6.17098	-2.62224	6.98484
-2.00439	-5.05974	-2.48732	5.98375
-2.00439	-5.05974	-2.48732	5.98375
-2.00439	-5.05974	-2.48732	5.98375
-1.51726	-2.36419	-0.637977	2.88071
-1.51726	-2.36419	-0.637977	2.88071
1.15333	-2.24197	1.4051	2.88633
0.269897	-2.60752	-1.09131	2.83953
-1.71759	-3.52968	1.72523	4.28779
-1.71759	-3.52968	1.72523	4.28779
-3.13956	-2.19417	4.17995	5.6695
-3.62184	-1.34194	2.98763	4.88308
-3.62184	-1.34194	2.98763	4.88308
-3.8872	-2.6744	3.62835	5.95211
-3.73024	-1.63554	4.05916	5.75034
-3.73024	-1.63554	4.05916	5.75034
-2.11504	-0.441274	3.34659	3.98343
-2.11504	-0.441274	3.34659	3.98343
-2.11504	-0.441274	3.34659	3.98343
-2.11504	-0.441274	3.34659	3.98343
-2.11504	-0.441274	3.34659	3.98343
0.479414	2.01954	2.41177	3.18199
0.479414	2.01954	2.41177	3.18199
0.479414	2.01954	2.41177	3.18199
0.407354	-0.313551	1.6718	1.74905
0.407354	-0.313551	1.6718	1.74905
0.407354	-0.313551	1.6718	1.74905
0.407354	-0.313551	1.6718	1.74905
0.407354	-0.313551	1.6718	1.74905
1.76995	0.352127	3.50271	3.94026
0.312952	0.174467	1.66406	1.7022
0.312952	0.174467	1.66406	1.7022
0.312952	0.174467	1.66406	1.7022
0.496797	0.650396	3.56788	3.66055
1.145	1.23388	5.05488	5.32779
1.80365	3.84565	5.63756	7.05863
1.80365	3.84565	5.63756	7.05863
-0.445372	3.23238	4.69284	5.71571
1.06332	0.66385	4.02438	4.21509
1.06332	0.66385	4.02438	4.21509
-0.446268	-2.00105	2.0583	2.90516
-2.72755	0.553996	2.26987	3.59148
-2.52884	-1.71225	2.83456	4.16672
-2.52884	-1.71225	2.83456	4.16672
-3.59451	-1.18398	4.62432	5.9755
-3.59451	-1.18398	4.62432	5.9755
-2.9555	-0.862849	5.76147	6.53254
-1.97018	-2.21372	4.13361	5.08615
0.358799	-2.87591	5.47735	6.19685
2.06407	-3.46339	3.47404	5.32207
2.97033	-4.69255	2.73501	6.19057
0.239923	-4.4601	3.15793	5.47016
0.825312	-1.95363	4.02609	4.55052
0.825312	-1.95363	4.02609	4.55052
0.825312	-1.95363	4.02609	4.55052
0.825312	-1.95363	4.02609	4.55052
2.68889	0.376883	4.36211	5.13812
1.31005	0.39338	6.91364	7.04765
1.431	0.145633	6.05074	6.21936
-0.841952	0.786195	3.59406	3.77415
-0.841952	0.786195	3.59406	3.77415
0.184572	1.19683	1.75479	2.13208
0.184572	1.19683	1.75479	2.13208
0.670514	0.922474	3.78033	3.9486
0.670514	0.922474	3.78033	3.9486
0.670514	0.922474	3.78033	3.9486
0.670514	0.922474	3.78033	3.9486
0.670514	0.922474	3.78033	3.9486
1.66779	-0.29871	3.13549	3.56399
1.66779	-0.29871	3.13549	3.56399
2.20326	-0.132731	3.7241	4.32908
2.15175	-1.82301	1.909	3.40554
2.15175	-1.82301	1.909	3.40554
0.32293	-1.6018	2.23158	2.76587
2.40992	-1.47828	2.16857	3.56311
2.18292	-0.641119	4.02841	4.62648
0.703252	1.08661	3.02963	3.29453
0.703252	1.08661	3.02963	3.29453
0.703252	1.08661	3.02963	3.29453
1.76259	2.28016	4.3245	5.19684
-0.910216	0.155988	3.97873	4.0845
-2.03814	1.56011	3.15038	4.06361
-2.03814	1.56011	3.15038	4.06361
-2.03814	1.56011	3.15038	4.06361
-2.03814	1.56011	3.15038	4.06361
-1.11036	-0.143097	1.02129	1.51539
0.533168	0.0629312	3.52088	3.56158
0.351252	0.00826157	1.49521	1.53594
0.351252	0.00826157	1.49521	1.53594
0.351252	0.00826157	1.49521	1.53594
-1.09254	-2.47227	-0.555788	2.75947
0.601824	-2.60307	1.08089	2.8821
-0.775919	-2.86462	-1.62573	3.38394
-0.362398	-2.13035	-2.08036	2.99961
-0.362398	-2.13035	-2.08036	2.99961
-0.362398	-2.13035	-2.08036	2.99961
2.2965	-2.40304	-3.22664	4.63246
2.2965	-2.40304	-3.22664	4.63246
2.2965	-2.40304	-3.22664	4.63246
2.2965	-2.40304	-3.22664	4.63246
0.196268	-0.168092	-2.78523	2.79719
0.196268	-0.168092	-2.78523	2.79719
-0.389453	0.651694	-1.11582	1.34961
-0.389453	0.651694	-1.11582	1.34961
-0.389453	0.651694	-1.11582	1.34961
-2.69567	-0.877857	1.09605	3.03951
-2.69567	-0.877857	1.09605	3.03951
-2.08943	-0.176393	-1.11408	2.37445
-2.44911	-1.71373	-1.43842	3.31724
-0.874045	-1.46215	-3.76041	4.12826
-0.849239	-3.99175	-3.06234	5.10228
-0.469702	-2.38333	-2.12982	3.23064
-0.469702	-2.38333	-2.12982	3.23064
-1.28371	0.510709	-1.91052	2.35772
-1.28371	0.510709	-1.91052	2.35772
-2.2498	0.0470566	0.830779	2.39876
-4.78665	-1.50402	2.14217	5.45554
-3.51467	-1.28626	3.85218	5.37091
-3.51467	-1.28626	3.85218	5.37091
-3.51467	-1.28626	3.85218	5.37091
-0.814461	-3.38719	1.81264	3.9271
-0.225858	-3.7539	1.02967	3.89911
-1.88282	-3.21844	-1.70791	4.10126
-1.88282	-3.21844	-1.70791	4.10126
-1.88282	-3.21844	-1.70791	4.10126
0.265797	-0.861705	-3.46482	3.58024
1.81121	1.64689	-2.90712	3.80054
1.81121	1.64689	-2.90712	3.80054
2.76339	-1.18817	-1.96603	3.59352
2.76339	-1.18817	-1.96603	3.59352
2.82574	-2.18467	-3.05755	4.70173
0.996011	-1.73409	-4.65613	5.06741
0.996011	-1.73409	-4.65613	5.06741
-0.534038	0.13049	-5.20699	5.23593
-0.534038	0.13049	-5.20699	5.23593
-0.534038	0.13049	-5.20699	5.23593
-0.534038	0.13049	-5.20699	5.23593
-0.534038	0.13049	-5.20699	5.23593
-0.534038	0.13049	-5.20699	5.23593
0.121534	2.08891	-3.4315	4.01914
-0.590777	1.49378	-1.15556	1.97882
-0.419768	-0.756445	-2.65352	2.79098
-0.419768	-0.756445	-2.65352	2.79098
-1.91136	-0.892419	-3.46915	4.06014
-1.91136	-0.892419	-3.46915	4.06014
-0.6949	0.934926	-2.33611	2.61044
-0.6949	0.934926	-2.33611	2.61044
-0.6949	0.934926	-2.33611	2.61044
-0.6949	0.934926	-2.33611	2.61044
-0.6949	0.934926	-2.33611	2.61044
0.211756	0.352176	-1.07783	1.15351
0.211756	0.352176	-1.07783	1.15351
0.211756	0.352176	-1.07783	1.15351
-0.34979	-1.05876	-3.19324	3.38232
-3.04569	-2.80917	-4.1481	5.86296
-1.33993	-3.39231	-2.19562	4.25722
-3.43091	-6.19258	-2.58528	7.53676
-1.7803	-3.97256	-3.82023	5.79179
1.02972	-1.1257	-6.25277	6.4362
2.44626	-3.69444	-3.90268	5.90457
0.0238661	-2.67701	-1.19777	2.93285
-2.2852	-2.13686	1.5873	3.50826
-2.2852	-2.13686	1.5873	3.50826
-1.4593	0.740151	3.94553	4.27137
-1.4593	0.740151	3.94553	4.27137
-1.4593	0.740151	3.94553	4.27137
-2.90015	-2.04355	6.54264	7.44266
-2.90015	-2.04355	6.54264	7.44266
-2.90015	-2.04355	6.54264	7.44266
-2.90015	-2.04355	6.54264	7.44266
-2.90015	-2.04355	6.54264	7.44266
-1.4655	-0.128151	5.05475	5.26446
-0.362574	2.71441	6.53357	7.08428
1.50116	5.49281	5.58105	7.97324
-1.00576	4.67319	3.68826	6.03768
-1.00576	4.67319	3.68826	6.03768
-1.00576	4.67319	3.68826	6.03768
-1.00576	4.67319	3.68826	6.03768
-3.15873	1.89738	4.41067	5.74732
-3.15873	1.89738	4.41067	5.74732
-1.90651	0.917732	5.77369	6.14919
-2.15379	0.965254	5.56076	6.04091
-2.15379	0.965254	5.56076	6.04091
-2.15379	0.965254	5.56076	6.04091
0.372626	-1.90195	6.64107	6.9181
0.372626	-1.90195	6.64107	6.9181
0.372626	-1.90195	6.64107	6.9181
0.372626	-1.90195	6.64107	6.9181
0.372626	-1.90195	6.64107	6.9181
-0.932477	-4.08213	3.87612	5.70593
0.61997	-5.60459	6.59032	8.67342
0.61997	-5.60459	6.59032	8.67342
-1.25337	-7.44611	6.02711	9.66135
-3.24819	-8.16565	5.41021	10.3198
-3.24819	-8.16565	5.41021	10.3198
-1.51476	-5.64021	7.1752	9.25149
-1.51476	-5.64021	7.1752	9.25149
-0.3126	-5.77935	4.66885	7.43619
-1.07335	-3.0856	3.98939	5.15637
-1.6906	-2.65868	4.28338	5.31733
-1.6906	-2.65868	4.28338	5.31733
-1.16494	-2.10141	4.54702	5.1428
-0.438651	-0.265036	5.04159	5.06757
0.974596	-1.87614	2.28669	3.11427
0.974596	-1.87614	2.28669	3.11427
0.974596	-1.87614	2.28669	3.11427
-1.79009	-0.86406	3.24387	3.80444
-1.79009	-0.86406	3.24387	3.80444
-1.79009	-0.86406	3.24387	3.80444
-1.79009	-0.86406	3.24387	3.80444
-1.79009	-0.86406	3.24387	3.80444
0.897903	0.597622	1.48471	1.83514
0.897903	0.597622	1.48471	1.83514
0.897903	0.597622	1.48471	1.83514
0.897903	0.597622	1.48471	1.83514
0.897903	0.597622	1.48471	1.83514
0.897903	0.597622	1.48471	1.83514
0.332858	0.998671	2.36787	2.59132
0.187154	0.383997	1.15375	1.23029
0.187154	0.383997	1.15375	1.23029
-1.97104	-2.39993	2.36388	3.90289
-1.97104	-2.39993	2.36388	3.90289
-0.419922	-0.323191	4.61384	4.64416
0.830313	1.30999	3.61134	3.9303
0.830313	1.30999	3.61134	3.9303
0.830313	1.30999	3.61134	3.9303
-1.01763	-1.45496	2.76448	3.28555
-1.01763	-1.45496	2.76448	3.28555
-1.01763	-1.45496	2.76448	3.28555
-1.01763	-1.45496	2.76448	3.28555
-1.70602	-1.12906	1.42287	2.49196
-1.70602	-1.12906	1.42287	2.49196
-1.70602	-1.12906	1.42287	2.49196
-1.70602	-1.12906	1.42287	2.49196
-1.73622	-2.59223	2.72399	4.14177
-1.73622	-2.59223	2.72399	4.14177
0.628532	-4.81264	4.03019	6.30865
0.628532	-4.81264	4.03019	6.30865
0.628532	-4.81264	4.03019	6.30865
-0.36217	-3.57756	6.48094	7.41166
0.995736	-6.40602	5.23568	8.33312
2.17545	-5.18745	5.42708	7.81636
2.17545	-5.18745	5.42708	7.81636
2.17545	-5.18745	5.42708	7.81636
2.17545	-5.18745	5.42708	7.81636
4.28378	-5.64983	3.75819	8.02468
3.29473	-3.12435	4.74231	6.56554
3.29473	-3.12435	4.74231	6.56554
3.29473	-3.12435	4.74231	6.56554
3.29473	-3.12435	4.74231	6.56554
2.14595	-4.96425	7.187	8.99454
-0.549729	-4.81474	7.20312	8.68152
-0.549729	-4.81474	7.20312	8.68152
-0.549729	-4.81474	7.20312	8.68152
-1.99426	-3.30018	7.68587	8.59889
-1.99426	-3.30018	7.68587	8.59889
-2.84019	-4.97232	6.90652	8.97166
-1.93336	-3.86232	8.79818	9.80119
0.477415	-4.60041	8.82874	9.96686
0.663059	-2.98049	11.2509	11.6579
2.69041	-2.45559	8.3662	9.12478
3.03985	-0.630988	8.77596	9.30894
3.03985	-0.630988	8.77596	9.30894
2.53321	-3.27433	10.6669	11.4421
2.53321	-3.27433	10.6669	11.4421
0.982278	-3.19392	11.7003	12.1681
0.042203	-5.84241	9.25767	10.9471
0.042203	-5.84241	9.25767	10.9471
-2.41966	-3.71866	9.138	10.1581
-1.32764	-4.03414	9.98958	10.8549
1.2046	-3.93303	7.87645	8.88585
-1.30603	-3.08933	9.16311	9.75768
-1.30603	-3.08933	9.16311	9.75768
-4.19352	-3.84268	7.25537	9.21912
-2.73259	-2.80239	8.83612	9.66424
-2.73259	-2.80239	8.83612	9.66424
-0.557959	-0.856434	7.86048	7.92666
-0.557959	-0.856434	7.86048	7.92666
-0.350112	-0.244579	9.29041	9.30022
-0.350112	-0.244579	9.29041	9.30022
-0.350112	-0.244579	9.29041	9.30022
-0.350112	-0.244579	9.29041	9.30022
-0.149625	2.43376	6.91225	7.32972
-0.766735	0.867589	8.54659	8.62467
0.16698	-1.94113	7.77298	8.01344
-0.672698	-3.64956	5.79624	6.88245
-0.447477	-2.00251	3.82185	4.33783
-0.447477	-2.00251	3.82185	4.33783
-0.447477	-2.00251	3.82185	4.33783
-1.69552	-4.83353	3.6544	6.29225
-4.33536	-3.95127	3.34364	6.75187
-4.33536	-3.95127	3.34364	6.75187
-6.48414	-1.55709	2.13133	7.0008
-6.48414	-1.55709	2.13133	7.0008
-6.48414	-1.55709	2.13133	7.0008
-6.48414	-1.55709	2.13133	7.0008
-6.48414	-1.55709	2.13133	7.0008
-6.48414	-1.55709	2.13133	7.0008
-6.31923	-0.133575	1.99402	6.62771
-4.37021	-2.7193	1.9294	5.4969
-4.37021	-2.7193	1.9294	5.4969
-4.37021	-2.7193	1.9294	5.4969
-2.15835	-2.92935	2.20179	4.25293
-2.15835	-2.92935	2.20179	4.25293
-2.15835	-2.92935	2.20179	4.25293
-2.15835	-2.92935	2.20179	4.25293
-2.15835	-2.92935	2.20179	4.25293
-1.18172	-1.18498	2.54491	3.04585
1.13135	0.629875	2.59257	2.89795
1.13135	0.629875	2.59257	2.89795
2.51815	1.92622	4.88276	5.82174
2.51815	1.92622	4.88276	5.82174
2.51815	1.92622	4.88276	5.82174
2.02094	-0.967268	4.86934	5.36006
2.02094	-0.967268	4.86934	5.36006
2.02094	-0.967268	4.86934	5.36006
-0.0127565	1.14573	3.64071	3.81675
-0.741328	-0.728873	4.42288	4.54342
-2.47642	-0.0973927	3.15109	4.00893
-2.47642	-0.0973927	3.15109	4.00893
-2.45596	-0.524257	5.33924	5.90035
-0.463223	-2.23116	5.94794	6.36951
-0.463223	-2.23116	5.94794	6.36951
1.12533	-4.57059	6.36709	7.91812
1.12533	-4.57059	6.36709	7.91812
1.12533	-4.57059	6.36709	7.91812
0.150636	-4.52243	5.04167	6.77448
0.150636	-4.52243	5.04167	6.77448
-1.13365	-5.31239	4.50328	7.05593
-1.13365	-5.31239	4.50328	7.05593
-1.13365	-5.31239	4.50328	7.05593
1.3868	-2.68156	4.97833	5.82218
2.40175	-1.67043	3.62778	4.66043
2.40175	-1.67043	3.62778	4.66043
2.40175	-1.67043	3.62778	4.66043
0.0159333	-3.82929	4.33707	5.78566
0.0159333	-3.82929	4.33707	5.78566
0.0159333	-3.82929	4.33707	5.78566
1.94466	-4.31342	3.06454	5.63726
1.94466	-4.31342	3.06454	5.63726
1.8338	-1.41841	3.57942	4.26461
1.8338	-1.41841	3.57942	4.26461
2.11886	1.34776	1.9628	3.18726
-0.676569	-1.48742	3.71728	4.06058
-0.676569	-1.48742	3.71728	4.06058
-0.676569	-1.48742	3.71728	4.06058
0.840234	-3.2275	4.04551	5.24299
0.840234	-3.2275	4.04551	5.24299
0.840234	-3.2275	4.04551	5.24299
2.78078	-1.78186	4.40225	5.50341
-0.0653931	-2.41661	3.29377	4.08573
-0.0653931	-2.41661	3.29377	4.08573
-0.0653931	-2.41661	3.29377	4.08573
1.08665	-1.37798	2.19966	2.81392
1.08665	-1.37798	2.19966	2.81392
1.07051	0.10024	2.49666	2.71833
0.635468	-1.10713	5.23692	5.39026
-0.308585	-3.37435	7.63868	8.35648
-2.43714	-1.37052	9.47902	9.8828
-2.43714	-1.37052	9.47902	9.8828
-0.979906	-2.23378	9.01726	9.34136
-0.363943	-2.46524	7.56094	7.96101
-0.363943	-2.46524	7.56094	7.96101
-2.85388	-1.21807	6.24437	6.97283
-3.34662	-2.40338	7.21195	8.30592
-3.34662	-2.40338	7.21195	8.30592
-1.16985	-4.57738	8.16782	9.4358
-1.16985	-4.57738	8.16782	9.4358
-1.16985	-4.57738	8.16782	9.4358
-1.16985	-4.57738	8.16782	9.4358
-1.92765	-4.73122	6.52571	8.28765
-1.92765	-4.73122	6.52571	8.28765
-1.92765	-4.73122	6.52571	8.28765
-1.92765	-4.73122	6.52571	8.28765
-1.92765	-4.73122	6.52571	8.28765
-0.669333	-3.91708	6.9983	8.04784
-0.669333	-3.91708	6.9983	8.04784
-0.669333	-3.91708	6.9983	8.04784
0.147002	-3.41693	5.71814	6.66289
0.848198	-3.70412	3.37821	5.08451
0.848198	-3.70412	3.37821	5.08451
0.848198	-3.70412	3.37821	5.08451
0.848198	-3.70412	3.37821	5.08451
0.848198	-3.70412	3.37821	5.08451
1.54767	-1.08526	1.26083	2.27217
4.44389	-0.50371	2.57096	5.15865
2.18302	2.07583	5.09949	5.92279
2.18302	2.07583	5.09949	5.92279
2.18302	2.07583	5.09949	5.92279
-0.601848	0.769498	6.06615	6.1443
-1.56807	0.29008	3.23378	3.6056
-2.11932	-2.47279	2.17611	3.91684
-2.4847	-2.06353	4.50262	5.54126
-1.73305	0.3075	4.79077	5.10387
-1.73305	0.3075	4.79077	5.10387
-2.13861	-0.185227	2.36198	3.19169
-2.13861	-0.185227	2.36198	3.19169
-2.13861	-0.185227	2.36198	3.19169
-2.13861	-0.185227	2.36198	3.19169
-2.13861	-0.185227	2.36198	3.19169
-2.13861	-0.185227	2.36198	3.19169
-2.13861	-0.185227	2.36198	3.19169
-2.13861	-0.185227	2.36198	3.19169
0.253337	-2.42817	4.19735	4.85571
-0.0432816	-1.42086	6.22654	6.38674
2.82053	-1.12355	8.73491	9.24751
1.06527	-0.464781	7.33366	7.42519
2.55167	-3.11875	9.98377	10.7663
2.55167	-3.11875	9.98377	10.7663
3.98268	-0.945448	7.35128	8.41409
3.98268	-0.945448	7.35128	8.41409
3.98268	-0.945448	7.35128	8.41409
5.26587	-0.350528	8.88923	10.3378
5.26587	-0.350528	8.88923	10.3378
3.48269	-0.0828568	8.81681	9.4801
2.3464	-0.791728	9.58488	9.89961
2.3464	-0.791728	9.58488	9.89961
0.68786	-0.0725267	7.56625	7.5978
0.68786	-0.0725267	7.56625	7.5978
0.702796	0.391659	7.54719	7.58995
0.702796	0.391659	7.54719	7.58995
-0.722586	2.73375	8.43471	8.89605
-0.722586	2.73375	8.43471	8.89605
-2.42906	2.33643	6.83405	7.61995
-2.42906	2.33643	6.83405	7.61995
0.0324015	1.43939	6.09252	6.26033
0.0324015	1.43939	6.09252	6.26033
2.49747	3.95077	6.49885	8.00506
2.49747	3.95077	6.49885	8.00506
2.49747	3.95077	6.49885	8.00506
2.49747	3.95077	6.49885	8.00506
2.49747	3.95077	6.49885	8.00506
5.38267	3.23643	5.41016	8.2896
4.28203	1.98971	2.58657	5.38378
4.28203	1.98971	2.58657	5.38378
4.28203	1.98971	2.58657	5.38378
4.28203	1.98971	2.58657	5.38378
4.28203	1.98971	2.58657	5.38378
4.28203	1.98971	2.58657	5.38378
4.28203	1.98971	2.58657	5.38378
4.28203	1.98971	2.58657	5.38378
4.28203	1.98971	2.58657	5.38378
4.28203	1.98971	2.58657	5.38378
3.81141	-0.727352	3.09763	4.965
3.81141	-0.727352	3.09763	4.965
3.81141	-0.727352	3.09763	4.965
2.73803	-2.51844	2.24668	4.34591
1.82873	-1.82752	2.49806	3.59505
1.82873	-1.82752	2.49806	3.59505
1.82873	-1.82752	2.49806	3.59505
1.82873	-1.82752	2.49806	3.59505
1.82873	-1.82752	2.49806	3.59505
-0.313665	-4.09161	4.27455	5.92549
0.409982	-3.45227	2.4605	4.25915
2.03296	-3.84078	2.75644	5.14611
2.03296	-3.84078	2.75644	5.14611
2.03296	-3.84078	2.75644	5.14611
0.509112	-5.19667	4.84914	7.12592
-1.97669	-2.82568	5.69862	6.66078
-2.58187	-0.264495	3.75014	4.56065
-0.270552	-0.782834	3.54199	3.63754
0.665954	-0.80565	0.670346	1.24175
0.665954	-0.80565	0.670346	1.24175
0.665954	-0.80565	0.670346	1.24175
1.9365	-2.12626	1.52236	3.25401
1.9365	-2.12626	1.52236	3.25401
1.9365	-2.12626	1.52236	3.25401
0.514763	-3.03175	2.27258	3.82376
2.47689	-1.05552	3.08166	4.09215
2.47689	-1.05552	3.08166	4.09215
1.545	-0.181964	5.03048	5.26554
-1.06244	-1.89262	3.72206	4.30866
-1.06244	-1.89262	3.72206	4.30866
-1.06244	-1.89262	3.72206	4.30866
-1.06244	-1.89262	3.72206	4.30866
-1.06244	-1.89262	3.72206	4.30866
0.600921	-2.72792	5.48132	6.15204
2.72697	-1.98862	4.96256	6.0015
1.51105	-1.60227	4.70004	5.19047
0.658024	0.099744	3.04899	3.12078
1.44106	-0.43614	1.51891	2.13868
3.14265	-1.92147	4.14642	5.54627
2.08416	-0.195688	3.51072	4.08744
0.143789	1.51405	2.74974	3.14231
-0.623586	-0.506908	0.988805	1.27419
1.49	2.17658	2.7036	3.77718
1.78398	2.32897	2.35279	3.76063
-0.1986	-0.33195	1.00092	1.07307
1.19674	1.62908	1.51804	2.52796
1.83556	0.396938	1.67273	2.51493
0.343267	0.514308	2.30766	2.38906
-1.34141	-0.035517	4.78308	4.96775
0.269561	1.15165	6.60344	6.70853
0.269561	1.15165	6.60344	6.70853
0.269561	1.15165	6.60344	6.70853
0.269561	1.15165	6.60344	6.70853
1.99724	-0.602972	4.13261	4.62936
1.99724	-0.602972	4.13261	4.62936
1.52791	-0.687342	4.65437	4.94673
1.52791	-0.687342	4.65437	4.94673
1.52791	-0.687342	4.65437	4.94673
0.931547	-0.471919	2.45398	2.66693
-1.51935	1.9448	1.56121	2.92028
-1.51935	1.9448	1.56121	2.92028
0.391789	-0.819649	0.234664	0.938291
2.32317	-2.77868	-0.616293	3.67397
1.8023	-3.68252	-1.37305	4.32372
-0.395516	-1.71875	1.1196	2.08903
-1.82659	-0.513219	-1.56729	2.46094
-0.638629	-0.13645	-1.88598	1.99584
-0.638629	-0.13645	-1.88598	1.99584
0.519751	2.28652	-3.97145	4.61202
0.255889	3.92584	-4.19211	5.74904
0.255889	3.92584	-4.19211	5.74904
0.0680825	3.2236	-2.01097	3.80003
0.0680825	3.2236	-2.01097	3.80003
2.87828	4.89914	-2.67471	6.28014
1.8518	3.35185	-1.08848	3.98106
2.94896	1.0275	-3.19167	4.4653
2.94896	1.0275	-3.19167	4.4653
1.20248	-1.15049	-1.44746	2.20562
-0.928671	-0.21984	-4.15431	4.26252
-3.23746	0.335422	-4.64566	5.67237
-3.23746	0.335422	-4.64566	5.67237
-3.23746	0.335422	-4.64566	5.67237
-1.28499	2.70436	-5.6891	6.42889
-1.28499	2.70436	-5.6891	6.42889
-1.28499	2.70436	-5.6891	6.42889
-1.28499	2.70436	-5.6891	6.42889
-1.28499	2.70436	-5.6891	6.42889
-1.28499	2.70436	-5.6891	6.42889
-3.15246	2.50561	-4.56632	6.0883
-4.24682	-0.256579	-4.40194	6.12197
-4.24682	-0.256579	-4.40194	6.12197
-4.5013	1.45994	-4.81322	6.74983
-4.5013	1.45994	-4.81322	6.74983
-2.86443	1.35096	-2.76969	4.20729
-3.51603	1.01762	-3.84203	5.30653
-1.57363	-1.15547	-3.99686	4.44818
1.25771	-2.87768	-2.98695	4.33413
0.312622	-3.68679	-0.662079	3.75879
0.0751477	-4.77854	-2.73339	5.50559
0.0751477	-4.77854	-2.73339	5.50559
0.0751477	-4.77854	-2.73339	5.50559
1.06186	-1.92993	-2.51341	3.34207
0.79015	0.0320167	-3.14836	3.24616
-1.61875	0.967681	-5.08716	5.42549
0.975649	-0.455195	-4.16915	4.30592
0.975649	-0.455195	-4.16915	4.30592
-0.35012	-0.648888	-3.35822	3.43821
1.90737	0.671441	-1.23945	2.37173
1.80419	-0.137355	0.32061	1.8376
1.45542	-1.7969	3.10313	3.86995
0.904461	-0.452463	4.59011	4.7002
0.904461	-0.452463	4.59011	4.7002
0.904461	-0.452463	4.59011	4.7002
0.904461	-0.452463	4.59011	4.7002
0.904461	-0.452463	4.59011	4.7002
-0.857793	-1.59523	3.08411	3.57664
-0.857793	-1.59523	3.08411	3.57664
1.21145	0.356075	0.528968	1.36901
-0.265395	0.992901	-0.231781	1.05357
2.34315	-0.847158	0.638474	2.57209
1.44593	1.44589	0.447474	2.09322
1.15829	3.70741	2.63856	4.69559
1.15829	3.70741	2.63856	4.69559
1.8952	1.91711	3.8559	4.70479
0.626678	4.01221	2.91742	5.00018
0.626678	4.01221	2.91742	5.00018
0.626678	4.01221	2.91742	5.00018
0.912667	2.1374	1.86189	2.97793
0.912667	2.1374	1.86189	2.97793
0.912667	2.1374	1.86189	2.97793
0.912667	2.1374	1.86189	2.97793
0.912667	2.1374	1.86189	2.97793
0.781498	0.855555	3.44573	3.63535
-0.576851	1.55167	4.47512	4.77149
2.28997	1.78452	3.81639	4.79513
1.32145	3.77981	3.03379	5.02365
1.32145	3.77981	3.03379	5.02365
-1.29672	1.82086	2.22048	3.1508
-1.29672	1.82086	2.22048	3.1508
0.277923	2.70464	2.64744	3.7949
0.277923	2.70464	2.64744	3.7949
2.00104	0.482606	4.61549	5.0537
3.2374	-0.38557	2.39173	4.04349
3.2374	-0.38557	2.39173	4.04349
0.587639	-1.95219	3.47484	4.02875
0.587639	-1.95219	3.47484	4.02875
0.472371	-0.0658819	3.87901	3.90822
0.472371	-0.0658819	3.87901	3.90822
0.791235	1.34531	4.10196	4.38885
0.942755	0.648129	2.73818	2.96757
0.942755	0.648129	2.73818	2.96757
2.72233	-1.1722	3.74132	4.77312
2.72233	-1.1722	3.74132	4.77312
1.28301	-2.23161	5.83961	6.38179
1.28301	-2.23161	5.83961	6.38179
1.12859	-0.23655	4.77405	4.91134
2.18453	-1.90524	5.42619	6.15188
2.18453	-1.90524	5.42619	6.15188
0.664769	-0.359977	4.92087	4.9786
0.567494	0.914265	5.38888	5.49527
0.567494	0.914265	5.38888	5.49527
-1.94408	-1.83017	3.04336	4.04858
-1.94408	-1.83017	3.04336	4.04858
-0.293126	-2.35037	3.30195	4.06362
-1.76143	-4.95323	4.65268	7.0203
-1.76143	-4.95323	4.65268	7.0203
-1.76143	-4.95323	4.65268	7.0203
-0.0874367	-2.16046	5.40305	5.81963
-0.451366	-1.14782	7.8119	7.90867
-0.451366	-1.14782	7.8119	7.90867
-3.33866	-1.02687	6.37823	7.27206
-1.19314	-1.80431	7.32239	7.63522
-2.01406	-0.183566	4.59681	5.02203
-2.01406	-0.183566	4.59681	5.02203
0.381969	-1.81949	5.67601	5.97273
0.381969	-1.81949	5.67601	5.97273
0.381969	-1.81949	5.67601	5.97273
2.28102	0.167023	4.09811	4.69313
2.28102	0.167023	4.09811	4.69313
2.28102	0.167023	4.09811	4.69313
2.28102	0.167023	4.09811	4.69313
2.72979	0.0683711	4.0643	4.89643
2.72979	0.0683711	4.0643	4.89643
2.5493	0.583223	4.92853	5.57938
4.94209	-1.73697	2.08489	5.63809
4.94209	-1.73697	2.08489	5.63809
4.73438	-0.577141	3.22592	5.75795
4.73438	-0.577141	3.22592	5.75795
4.73438	-0.577141	3.22592	5.75795
2.77304	-1.15912	2.85823	4.14762
2.77304	-1.15912	2.85823	4.14762
2.77304	-1.15912	2.85823	4.14762
1.70274	-0.280976	1.20621	2.10552
0.418713	0.833652	0.677616	1.15302
-0.0564021	2.60453	-1.76245	3.14531
-1.00749	1.13199	-2.20296	2.67385
-1.00749	1.13199	-2.20296	2.67385
-1.00749	1.13199	-2.20296	2.67385
-1.00749	1.13199	-2.20296	2.67385
-1.00749	1.13199	-2.20296	2.67385
-1.00749	1.13199	-2.20296	2.67385
-1.00749	1.13199	-2.20296	2.67385
-1.00749	1.13199	-2.20296	2.67385
-1.00749	1.13199	-2.20296	2.67385
-1.00749	1.13199	-2.20296	2.67385
-1.00749	1.13199	-2.20296	2.67385
-1.00749	1.13199	-2.20296	2.67385
-1.00749	1.13199	-2.20296	2.67385
-1.00749	1.13199	-2.20296	2.67385
-2.81572	-0.667433	-4.79309	5.59888
-0.204837	-0.52649	-4.815	4.84803
0.886008	1.0859	-5.14251	5.33006
0.0629084	1.21229	-4.96091	5.10727
-2.00229	-1.26674	-3.57649	4.29011
-2.00229	-1.26674	-3.57649	4.29011
-2.00229	-1.26674	-3.57649	4.29011
-2.00229	-1.26674	-3.57649	4.29011
-2.00229	-1.26674	-3.57649	4.29011
-2.85697	1.36416	-4.02401	5.12014
-2.85697	1.36416	-4.02401	5.12014
-2.85697	1.36416	-4.02401	5.12014
-2.85697	1.36416	-4.02401	5.12014
-2.25344	1.57894	-2.35774	3.62354
-2.82954	-0.253839	-2.46041	3.75824
-0.518575	0.523357	-1.03414	1.26975
-0.518575	0.523357	-1.03414	1.26975
-1.38751	-1.22109	-0.942617	2.0748
-1.46229	1.17716	-3.57731	4.03994
-0.742335	-0.206457	-5.07606	5.1342
-1.16481	-2.70833	-2.47282	3.84795
-1.5517	-2.71308	-5.31979	6.16999
-1.5517	-2.71308	-5.31979	6.16999
1.20379	-3.35978	-4.88123	6.04679
2.78558	-0.600931	-3.70124	4.67116
2.78558	-0.600931	-3.70124	4.67116
2.15962	-2.73289	-3.54604	4.97062
2.67116	-0.490475	-5.35213	6.00174
0.299455	-3.11509	-7.34824	7.98687
0.602897	-3.11576	-7.05395	7.73496
0.602897	-3.11576	-7.05395	7.73496
0.602897	-3.11576	-7.05395	7.73496
-1.62183	-1.58261	-6.12987	6.53532
0.686456	-2.19683	-3.52268	4.20792
3.11758	-4.64716	-4.36032	7.09421
2.40712	-3.15243	-3.39271	5.21943
2.40712	-3.15243	-3.39271	5.21943
2.40712	-3.15243	-3.39271	5.21943
2.40712	-3.15243	-3.39271	5.21943
0.755814	-2.73664	-3.85059	4.78409
-1.67492	-4.06782	-2.08828	4.86965
-1.67492	-4.06782	-2.08828	4.86965
-3.99424	-2.11476	-3.04006	5.44684
-4.11674	-1.00583	-1.6223	4.53774
-4.11674	-1.00583	-1.6223	4.53774
-4.11674	-1.00583	-1.6223	4.53774
-2.80499	-0.94527	0.93367	3.10375
-1.19925	-1.57486	2.62323	3.2863
-1.19925	-1.57486	2.62323	3.2863
-1.19925	-1.57486	2.62323	3.2863
-1.19925	-1.57486	2.62323	3.2863
-2.84684	-1.76722	4.60036	5.6913
-2.84684	-1.76722	4.60036	5.6913
-2.84684	-1.76722	4.60036	5.6913
-0.984743	-3.76941	5.05703	6.38371
-1.30939	-1.9829	4.60622	5.18302
-1.30939	-1.9829	4.60622	5.18302
-1.30939	-1.9829	4.60622	5.18302
-1.66124	-3.96261	5.02594	6.61227
-1.66124	-3.96261	5.02594	6.61227
-1.97659	-1.26776	7.65988	8.01173
-2.11845	1.52184	7.85038	8.27238
-2.11845	1.52184	7.85038	8.27238
-2.11845	1.52184	7.85038	8.27238
-0.86576	3.41301	8.12431	8.85452
-1.79702	0.938334	6.23928	6.56037
-1.79702	0.938334	6.23928	6.56037
0.828317	0.58747	4.02917	4.15517
0.828317	0.58747	4.02917	4.15517
0.828317	0.58747	4.02917	4.15517
-1.5833	-0.595006	3.65138	4.02411
-1.5833	-0.595006	3.65138	4.02411
-1.5833	-0.595006	3.65138	4.02411
-1.5833	-0.595006	3.65138	4.02411
-1.18921	1.3763	3.33405	3.79793
-0.142787	0.57052	4.74754	4.78383
-1.88331	2.02584	4.22585	5.05061
-2.91641	0.308782	3.26191	4.38644
-1.14558	-2.29252	3.67267	4.47845
-0.330952	-2.52232	2.04675	3.26509
-0.253481	-0.696463	2.72364	2.82268
-2.19572	-0.221305	4.44454	4.96227
0.620653	0.0326027	3.46345	3.51877
-2.07393	-2.58991	2.29853	4.03634
0.202585	-2.27236	2.46592	3.35937
-0.198344	-1.19598	3.61389	3.81181
-0.198344	-1.19598	3.61389	3.81181
1.39285	-0.562528	2.37583	2.81088
-0.820543	-0.913375	2.22782	2.54376
-0.820543	-0.913375	2.22782	2.54376
-0.820543	-0.913375	2.22782	2.54376
-0.820543	-0.913375	2.22782	2.54376
-0.820543	-0.913375	2.22782	2.54376
-0.820543	-0.913375	2.22782	2.54376
-0.820543	-0.913375	2.22782	2.54376
0.765223	-0.419783	2.49924	2.64726
-0.847618	0.790232	4.2391	4.39465
-0.847618	0.790232	4.2391	4.39465
-1.61479	2.31312	1.70704	3.29727
-1.61479	2.31312	1.70704	3.29727
-1.46119	1.73677	2.17985	3.14693
1.32956	0.212395	1.18237	1.79188
1.32956	0.212395	1.18237	1.79188
1.32956	0.212395	1.18237	1.79188
1.32956	0.212395	1.18237	1.79188
1.32956	0.212395	1.18237	1.79188
1.32956	0.212395	1.18237	1.79188
0.331007	3.01412	2.82971	4.1475
0.331007	3.01412	2.82971	4.1475
1.13319	0.432498	1.09809	1.63615
1.71872	1.7659	3.18447	4.02657
1.71872	1.7659	3.18447	4.02657
1.71872	1.7659	3.18447	4.02657
1.29033	0.775815	4.58699	4.82777
2.5619	3.16507	2.42189	4.73778
3.81394	2.00328	1.42912	4.5389
3.81394	2.00328	1.42912	4.5389
4.62129	1.10596	4.0371	6.2352
2.61392	0.0901934	4.64278	5.3288
2.61392	0.0901934	4.64278	5.3288
4.16938	0.917609	2.16234	4.78555
4.16938	0.917609	2.16234	4.78555
4.16938	0.917609	2.16234	4.78555
1.66192	0.946065	3.33671	3.84587
1.66192	0.946065	3.33671	3.84587
-1.17618	0.224524	1.14484	1.65664
-1.17618	0.224524	1.14484	1.65664
-1.17618	0.224524	1.14484	1.65664
-2.5008	-1.50779	2.48672	3.83552
-2.5008	-1.50779	2.48672	3.83552
-2.5008	-1.50779	2.48672	3.83552
-0.359296	-1.01435	3.67172	3.82616
-0.737518	1.6225	3.08188	3.56011
-0.737518	1.6225	3.08188	3.56011
-0.737518	1.6225	3.08188	3.56011
-0.737518	1.6225	3.08188	3.56011
-0.737518	1.6225	3.08188	3.56011
-0.737518	1.6225	3.08188	3.56011
-2.94425	1.22698	0.309971	3.20471
-0.864254	1.10786	1.2577	1.88576
0.554106	2.94252	2.8015	4.10047
-1.24337	1.30353	5.52005	5.80655
-1.24337	1.30353	5.52005	5.80655
1.40567	1.83918	5.70557	6.15727
1.40567	1.83918	5.70557	6.15727
1.40567	1.83918	5.70557	6.15727
1.40567	1.83918	5.70557	6.15727
-0.0198571	0.256334	5.94041	5.94597
-1.99721	1.26625	5.71932	6.18893
0.268679	2.42277	4.10748	4.77634
0.268679	2.42277	4.10748	4.77634
0.531786	0.614221	5.4609	5.521
0.766679	-0.332513	5.73182	5.79242
0.766679	-0.332513	5.73182	5.79242
-0.862876	-2.00771	3.69202	4.29028
-0.862876	-2.00771	3.69202	4.29028
-0.862876	-2.00771	3.69202	4.29028
-0.862876	-2.00771	3.69202	4.29028
0.704499	-1.4084	5.52259	5.74273
0.704499	-1.4084	5.52259	5.74273
0.704499	-1.4084	5.52259	5.74273
0.704499	-1.4084	5.52259	5.74273
0.704499	-1.4084	5.52259	5.74273
3.08718	0.101161	4.47444	5.43705
2.99944	1.26971	2.99636	4.42572
2.99944	1.26971	2.99636	4.42572
0.766338	1.05988	3.47149	3.7097
0.766338	1.05988	3.47149	3.7097
3.24847	-0.798159	4.64473	5.72391
2.15229	1.39914	7.04331	7.49654
2.74227	4.27507	7.17668	8.7921
2.03495	1.49627	9.48858	9.81901
2.03495	1.49627	9.48858	9.81901
0.979929	2.76991	7.25361	7.82608
0.979929	2.76991	7.25361	7.82608
1.50726	4.17555	4.59705	6.39061
1.38043	1.85802	2.23811	3.21978
1.38043	1.85802	2.23811	3.21978
1.38043	1.85802	2.23811	3.21978
0.0677019	-0.0867969	1.78993	1.79331
0.0677019	-0.0867969	1.78993	1.79331
0.0677019	-0.0867969	1.78993	1.79331
-1.41802	1.708	3.24533	3.93194
0.282803	-0.642991	5.70844	5.75149
0.0390647	-0.560855	5.56013	5.58848
-1.89398	0.0965695	5.56049	5.87499
-3.04457	-0.134344	5.40895	6.20839
-3.04457	-0.134344	5.40895	6.20839
-3.04457	-0.134344	5.40895	6.20839
-1.07152	-1.80584	3.63005	4.19362
-1.07152	-1.80584	3.63005	4.19362
-1.07152	-1.80584	3.63005	4.19362
-1.07152	-1.80584	3.63005	4.19362
-1.07152	-1.80584	3.63005	4.19362
-1.07152	-1.80584	3.63005	4.19362
-1.07152	-1.80584	3.63005	4.19362
-1.07152	-1.80584	3.63005	4.19362
-1.07152	-1.80584	3.63005	4.19362
-1.1496	-0.0306533	2.50331	2.75483
-0.260804	1.43114	1.3616	1.99252
-1.40526	-0.779097	1.13772	1.96879
-1.40526	-0.779097	1.13772	1.96879
-0.450421	0.623725	2.15991	2.29284
-0.450421	0.623725	2.15991	2.29284
-0.450421	0.623725	2.15991	2.29284
-0.450421	0.623725	2.15991	2.29284
-0.450421	0.623725	2.15991	2.29284
-0.450421	0.623725	2.15991	2.29284
-0.450421	0.623725	2.15991	2.29284
0.137136	0.0383544	1.77206	1.77777
0.137136	0.0383544	1.77206	1.77777
0.137136	0.0383544	1.77206	1.77777
0.137136	0.0383544	1.77206	1.77777
0.137136	0.0383544	1.77206	1.77777
-0.833318	1.61453	1.74837	2.52149
-0.147133	3.79078	4.4472	5.84545
-1.03338	2.91033	3.3261	4.53882
-1.03338	2.91033	3.3261	4.53882
-1.03338	2.91033	3.3261	4.53882
-1.03338	2.91033	3.3261	4.53882
-1.03338	2.91033	3.3261	4.53882
-0.360441	2.16371	5.48734	5.90952
-0.360441	2.16371	5.48734	5.90952
-1.64414	0.198535	4.94993	5.21961
-1.64414	0.198535	4.94993	5.21961
-2.56375	-2.16943	2.33173	4.08855
0.133972	-1.28027	3.41094	3.64575
1.79432	0.871777	3.03892	3.63519
3.18949	0.526923	1.7315	3.66723
3.18949	0.526923	1.7315	3.66723
3.18949	0.526923	1.7315	3.66723
2.03843	0.960939	3.80677	4.42381
3.22806	0.913608	6.36032	7.19088
3.22806	0.913608	6.36032	7.19088
3.22806	0.913608	6.36032	7.19088
3.22806	0.913608	6.36032	7.19088
3.22806	0.913608	6.36032	7.19088
4.00691	-0.355296	3.98205	5.66024
4.00691	-0.355296	3.98205	5.66024
4.00691	-0.355296	3.98205	5.66024
4.00691	-0.355296	3.98205	5.66024
2.12132	1.09808	4.83375	5.39174
2.12132	1.09808	4.83375	5.39174
1.3666	-0.579549	6.42692	6.59611
0.410908	-1.22456	4.35947	4.5468
-1.19369	1.37321	2.07581	2.76036
-1.19369	1.37321	2.07581	2.76036
-1.19369	1.37321	2.07581	2.76036
0.248493	-0.037851	0.542601	0.597994
0.248493	-0.037851	0.542601	0.597994
0.248493	-0.037851	0.542601	0.597994
0.189102	2.48809	2.25229	3.36142
0.189102	2.48809	2.25229	3.36142
0.189102	2.48809	2.25229	3.36142
0.189102	2.48809	2.25229	3.36142
1.13188	1.72325	3.37398	3.95405
0.180683	0.88282	1.30512	1.58599
0.180683	0.88282	1.30512	1.58599
1.80859	-1.18357	2.39797	3.22833
1.80859	-1.18357	2.39797	3.22833
1.80859	-1.18357	2.39797	3.22833
1.80859	-1.18357	2.39797	3.22833
1.80859	-1.18357	2.39797	3.22833
1.80859	-1.18357	2.39797	3.22833
1.80859	-1.18357	2.39797	3.22833
1.80859	-1.18357	2.39797	3.22833
-0.0156521	-2.9134	4.16096	5.07954
-0.0156521	-2.9134	4.16096	5.07954
-0.0156521	-2.9134	4.16096	5.07954
-0.928385	-2.60733	5.31424	5.99176
1.13646	-1.00223	2.84812	3.22611
-0.483627	-2.45534	3.26649	4.11492
-0.483627	-2.45534	3.26649	4.11492
1.10495	-0.716916	1.80816	2.23704
1.10495	-0.716916	1.80816	2.23704
1.10495	-0.716916	1.80816	2.23704
1.10495	-0.716916	1.80816	2.23704
-0.031643	-0.181882	2.23237	2.23999
-0.031643	-0.181882	2.23237	2.23999
-0.031643	-0.181882	2.23237	2.23999
-0.031643	-0.181882	2.23237	2.23999
0.646383	-0.140585	1.94042	2.05007
0.646383	-0.140585	1.94042	2.05007
0.646383	-0.140585	1.94042	2.05007
-0.242411	1.90679	2.66671	3.28724
-0.242411	1.90679	2.66671	3.28724
-0.242411	1.90679	2.66671	3.28724
-0.242411	1.90679	2.66671	3.28724
-1.12924	1.11055	5.4109	5.63794
-1.12924	1.11055	5.4109	5.63794
-0.73608	-1.39816	6.21316	6.41093
2.10715	0.164711	5.07436	5.49693
0.0625255	0.579906	2.98004	3.03658
0.49714	2.99493	3.52285	4.65051
-0.172017	0.467831	1.87209	1.93731
-0.172017	0.467831	1.87209	1.93731
-0.172017	0.467831	1.87209	1.93731
-0.172017	0.467831	1.87209	1.93731
-0.172017	0.467831	1.87209	1.93731
-0.172017	0.467831	1.87209	1.93731
-0.172017	0.467831	1.87209	1.93731
-0.713253	0.161395	2.89871	2.98953
-0.713253	0.161395	2.89871	2.98953
0.141798	-1.43522	1.93055	2.40977
0.120266	-0.900743	3.57998	3.69352
2.45055	-2.14894	1.86787	3.7566
2.06887	-1.02569	1.57158	2.79323
2.06887	-1.02569	1.57158	2.79323
2.06887	-1.02569	1.57158	2.79323
2.06887	-1.02569	1.57158	2.79323
3.75644	-1.41976	2.16058	4.56011
3.75644	-1.41976	2.16058	4.56011
3.15771	-1.50448	4.97497	6.08152
3.15771	-1.50448	4.97497	6.08152
3.15771	-1.50448	4.97497	6.08152
2.01134	0.872529	2.68364	3.46537
2.01134	0.872529	2.68364	3.46537
2.01134	0.872529	2.68364	3.46537
2.01134	0.872529	2.68364	3.46537
0.645089	-2.00179	4.86811	5.303
0.645089	-2.00179	4.86811	5.303
0.645089	-2.00179	4.86811	5.303
-0.434251	-3.22355	6.2904	7.08159
-0.434251	-3.22355	6.2904	7.08159
0.912855	-0.657218	6.24974	6.35015
0.912855	-0.657218	6.24974	6.35015
0.912855	-0.657218	6.24974	6.35015
0.912855	-0.657218	6.24974	6.35015
0.912855	-0.657218	6.24974	6.35015
0.912855	-0.657218	6.24974	6.35015
0.912855	-0.657218	6.24974	6.35015
-0.838839	-1.68163	6.59297	6.85557
-0.612912	-2.1499	7.71939	8.03659
-2.21866	-0.842214	8.41242	8.74074
-4.58582	-2.75862	6.22689	8.2106
-5.03903	-1.3832	4.11101	6.64872
-5.03903	-1.3832	4.11101	6.64872
-4.55975	-1.01616	3.01959	5.56254
-1.9298	0.628729	3.27443	3.85244
-0.467341	2.8061	3.12251	4.22406
-0.467341	2.8061	3.12251	4.22406
1.94239	0.338671	2.0019	2.80984
2.5714	-0.544704	2.04001	3.32722
2.5714	-0.544704	2.04001	3.32722
2.5714	-0.544704	2.04001	3.32722
0.206858	1.83139	2.38644	3.01527
0.206858	1.83139	2.38644	3.01527
-0.674255	1.46567	4.66952	4.94037
0.662515	0.790344	2.3411	2.55818
0.662515	0.790344	2.3411	2.55818
0.662515	0.790344	2.3411	2.55818
-1.58265	1.78134	1.64622	2.8962
-0.519022	3.26394	-1.23961	3.52978
-0.519022	3.26394	-1.23961	3.52978
-0.519022	3.26394	-1.23961	3.52978
-0.519022	3.26394	-1.23961	3.52978
2.1691	0.989683	-0.382522	2.4147
2.1691	0.989683	-0.382522	2.4147
2.1691	0.989683	-0.382522	2.4147
2.1691	0.989683	-0.382522	2.4147
2.1691	0.989683	-0.382522	2.4147
4.56692	0.316423	-1.48769	4.81354
4.56692	0.316423	-1.48769	4.81354
2.84901	-1.02771	-2.13429	3.70516
0.537325	1.42753	-4.33972	4.59997
0.537325	1.42753	-4.33972	4.59997
-0.89195	0.608748	-6.82727	6.91215
-0.89195	0.608748	-6.82727	6.91215
0.937539	-1.4072	-5.53914	5.79148
1.45458	-3.22305	-5.56059	6.58969
1.45458	-3.22305	-5.56059	6.58969
3.28013	-6.01539	-3.02637	7.4902
4.95529	-8.56067	-5.60569	11.3694
4.95529	-8.56067	-5.60569	11.3694
3.76532	-7.85192	-7.53528	11.5157
4.43951	-7.58644	-4.63984	9.93939
4.43951	-7.58644	-4.63984	9.93939
2.11716	-7.41497	-3.70356	8.55456
1.01934	-6.36837	-4.59482	7.91881
-0.124117	-5.7018	-4.66571	7.3685
-2.20741	-4.42033	-6.87555	8.4667
-1.0143	-4.27046	-7.3	8.51796
-1.0143	-4.27046	-7.3	8.51796
-1.0143	-4.27046	-7.3	8.51796
-0.86712	-2.71104	-4.57574	5.38879
1.43432	-1.7151	-5.83857	6.25202
1.11993	1.00996	-3.37913	3.70038
0.779174	-0.0468768	-4.70898	4.77324
0.0522886	0.122239	-3.16269	3.16548
0.0522886	0.122239	-3.16269	3.16548
-0.267508	-0.0245222	-4.92959	4.93691
-0.177271	-1.09164	-6.48825	6.58183
1.55249	1.1401	-4.03231	4.46873
1.379	0.978397	-4.96078	5.24102
1.379	0.978397	-4.96078	5.24102
-0.0748384	-0.490456	-4.97979	5.00445
-0.0748384	-0.490456	-4.97979	5.00445
-0.0748384	-0.490456	-4.97979	5.00445
-0.0748384	-0.490456	-4.97979	5.00445
-0.0748384	-0.490456	-4.97979	5.00445
-0.0748384	-0.490456	-4.97979	5.00445
-0.0748384	-0.490456	-4.97979	5.00445
1.82183	0.81386	-3.55516	4.07684
1.82183	0.81386	-3.55516	4.07684
1.82183	0.81386	-3.55516	4.07684
0.848591	-0.901672	-1.39182	1.86287
0.322902	0.0786867	-2.47211	2.49435
0.322902	0.0786867	-2.47211	2.49435
0.322902	0.0786867	-2.47211	2.49435
0.0570116	2.18471	-5.13112	5.57715
0.0570116	2.18471	-5.13112	5.57715
-2.26115	1.24658	-6.80924	7.28234
-2.26115	1.24658	-6.80924	7.28234
-0.704325	-1.02677	-5.07105	5.22167
-2.33573	-1.32281	-3.80254	4.65454
-2.7726	-1.05271	-2.92544	4.16578
-1.63054	-0.507729	-2.75805	3.24396
0.0868935	0.817266	-1.70083	1.889
0.0868935	0.817266	-1.70083	1.889
2.18841	0.748441	-3.99222	4.6138
0.378898	-1.81628	-6.03036	6.30933
0.817527	-0.324573	-3.22107	3.33901
1.38825	0.808804	-2.73061	3.16822
1.38825	0.808804	-2.73061	3.16822
1.38825	0.808804	-2.73061	3.16822
0.854725	-1.06421	-4.34691	4.55617
1.86267	-1.26055	-7.22854	7.57035
1.86267	-1.26055	-7.22854	7.57035
1.86267	-1.26055	-7.22854	7.57035
1.19235	0.210951	-7.77226	7.86602
1.19235	0.210951	-7.77226	7.86602
1.72096	-1.45405	-8.52124	8.81405
1.72096	-1.45405	-8.52124	8.81405
1.03673	-0.932101	-9.68121	9.78108
3.8562	-3.11911	-7.74387	9.19601
3.43527	-4.04443	-7.31232	9.03485
3.43527	-4.04443	-7.31232	9.03485
3.33967	-2.20152	-7.59114	8.58053
3.33967	-2.20152	-7.59114	8.58053
1.88963	-2.58322	-8.58783	9.16485
0.0415783	-0.9473	-7.59269	7.65167
0.0415783	-0.9473	-7.59269	7.65167
-0.0346403	0.137052	-10.2958	10.2968
-0.0346403	0.137052	-10.2958	10.2968
-0.0346403	0.137052	-10.2958	10.2968
-0.0346403	0.137052	-10.2958	10.2968
-0.0346403	0.137052	-10.2958	10.2968
1.20291	1.17797	-10.4244	10.5595
1.20291	1.17797	-10.4244	10.5595
1.20291	1.17797	-10.4244	10.5595
3.12599	1.97618	-11.0185	11.6226
4.05804	4.76356	-13.4459	14.8307
4.65021	3.58509	-12.469	13.7824
4.64483	2.1836	-10.6999	11.8672
2.00682	3.77117	-7.97979	9.0513
3.87652	1.75334	-8.57661	9.57392
2.33143	2.74559	-7.8528	8.63947
2.40191	1.82818	-5.11098	5.93578
-0.322319	1.28672	-5.21484	5.3809
-0.813993	2.20399	-3.0407	3.84265
-0.813993	2.20399	-3.0407	3.84265
-0.813993	2.20399	-3.0407	3.84265
-1.05902	1.76189	-2.70008	3.39356
0.78165	2.81427	-3.87545	4.85286
0.78165	2.81427	-3.87545	4.85286
2.00798	3.41464	-5.56068	6.82736
-0.213265	0.873148	-5.82319	5.89215
0.213514	0.309367	-4.26649	4.28302
1.71593	2.79324	-3.89995	5.09472
1.27504	5.40046	-2.32398	6.01594
3.64825	4.17225	-4.2562	6.98804
1.42964	5.2791	-2.87955	6.18099
-0.896405	2.91144	-4.50855	5.44124
-0.998214	0.193123	-2.77974	2.95984
-0.998214	0.193123	-2.77974	2.95984
-0.998214	0.193123	-2.77974	2.95984
-0.998214	0.193123	-2.77974	2.95984
-3.16607	-2.33158	-4.53506	6.00226
-4.38191	-0.268608	-2.65252	5.12924
-1.99033	2.36472	-0.956942	3.23559
-1.99033	2.36472	-0.956942	3.23559
-1.99033	2.36472	-0.956942	3.23559
-0.902439	5.17163	1.28461	5.40466
0.438322	5.1603	2.27066	5.6548
0.438322	5.1603	2.27066	5.6548
0.438322	5.1603	2.27066	5.6548
-2.06727	5.90249	4.53609	7.72587
-3.65272	4.39195	6.97359	9.01457
-3.65272	4.39195	6.97359	9.01457
-3.65272	4.39195	6.97359	9.01457
-3.7262	5.51133	4.85704	8.23713
-2.21762	7.71314	4.21427	9.06479
-2.21762	7.71314	4.21427	9.06479
-2.21762	7.71314	4.21427	9.06479
-2.21762	7.71314	4.21427	9.06479
-2.21762	7.71314	4.21427	9.06479
-2.21762	7.71314	4.21427	9.06479
-2.1593	5.23413	3.73443	6.78267
-2.1593	5.23413	3.73443	6.78267
-2.1593	5.23413	3.73443	6.78267
-2.1593	5.23413	3.73443	6.78267
-2.1593	5.23413	3.73443	6.78267
-2.1593	5.23413	3.73443	6.78267
-2.1593	5.23413	3.73443	6.78267
-0.980757	5.02344	5.95295	7.85076
-0.980757	5.02344	5.95295	7.85076
1.45037	3.55278	4.4785	5.8977
1.63853	2.44582	4.1564	5.09337
1.63853	2.44582	4.1564	5.09337
1.63853	2.44582	4.1564	5.09337
1.63853	2.44582	4.1564	5.09337
2.17448	4.85611	4.51374	6.97739
2.17448	4.85611	4.51374	6.97739
-0.168956	3.34054	1.80767	3.80203
-0.727301	3.13554	4.66376	5.66668
-0.727301	3.13554	4.66376	5.66668
1.47023	3.32012	2.87263	4.62999
0.329572	2.88473	5.30397	6.04668
-0.690039	5.22195	2.58946	5.86943
-1.09258	3.33424	2.41822	4.26129
-2.65032	3.06698	2.11072	4.57009
-5.25934	3.45752	4.63673	7.81757
-4.25636	2.63128	4.25744	6.57008
-4.25636	2.63128	4.25744	6.57008
-1.76074	4.67	1.90347	5.34156
-0.175749	4.02728	1.64153	4.35253
-1.64167	3.72851	3.59239	5.43159
-1.64167	3.72851	3.59239	5.43159
0.570516	4.84697	5.29494	7.20104
1.8508	5.46297	3.60432	6.80152
1.77544	4.36364	3.47025	5.85117
1.77544	4.36364	3.47025	5.85117
1.77544	4.36364	3.47025	5.85117
0.334302	2.899	1.36392	3.22122
2.39226	1.45827	-1.25468	3.0698
2.39226	1.45827	-1.25468	3.0698
1.72574	1.38081	-1.6658	2.76762
-0.610115	0.183451	-0.670245	0.924728
-2.79601	2.56547	-0.528613	3.83128
-0.858717	1.17427	0.41984	1.51413
-0.858717	1.17427	0.41984	1.51413
-1.47647	3.19869	2.69601	4.43622
-0.724222	2.57746	4.8612	5.54969
1.28544	4.55788	5.55502	7.29964
-0.198574	1.86149	6.80159	7.05451
2.64831	0.443163	7.51781	7.98294
2.64831	0.443163	7.51781	7.98294
2.64831	0.443163	7.51781	7.98294
2.64831	0.443163	7.51781	7.98294
2.99863	1.76828	6.12866	7.04834
0.547166	-1.02548	4.32978	4.48308
-0.233345	-3.16056	2.7077	4.16836
-0.233345	-3.16056	2.7077	4.16836
1.33799	-4.03312	3.61194	5.57695
2.65962	-4.11394	3.17648	5.8385
2.65962	-4.11394	3.17648	5.8385
0.0238531	-3.21606	4.70887	5.70237
0.0238531	-3.21606	4.70887	5.70237
-1.67546	-0.769682	4.99012	5.31986
-1.67546	-0.769682	4.99012	5.31986
-0.540801	-1.78745	2.8382	3.39748
-0.540801	-1.78745	2.8382	3.39748
-0.540801	-1.78745	2.8382	3.39748
-0.540801	-1.78745	2.8382	3.39748
0.992006	-0.848439	1.11269	1.71522
0.992006	-0.848439	1.11269	1.71522
0.992006	-0.848439	1.11269	1.71522
0.992006	-0.848439	1.11269	1.71522
0.992006	-0.848439	1.11269	1.71522
-1.41057	-1.45863	1.58754	2.57636
-1.41057	-1.45863	1.58754	2.57636
-1.41057	-1.45863	1.58754	2.57636
-3.14476	-2.57071	3.78993	5.55532
-4.11858	-1.06005	1.62117	4.55134
-4.82195	-2.42061	2.36844	5.89237
-4.82195	-2.42061	2.36844	5.89237
-6.14301	-2.19598	3.547	7.42564
-5.307	0.290736	6.29086	8.23552
-5.307	0.290736	6.29086	8.23552
-5.307	0.290736	6.29086	8.23552
-5.63572	-0.190598	3.65804	6.72153
-5.63572	-0.190598	3.65804	6.72153
-5.63572	-0.190598	3.65804	6.72153
-5.63572	-0.190598	3.65804	6.72153
-3.04635	0.682366	3.95395	5.03782
-3.04635	0.682366	3.95395	5.03782
-4.09262	0.203387	4.68565	6.22464
-4.09262	0.203387	4.68565	6.22464
-1.87031	1.16647	4.50162	5.01231
0.545886	-0.24839	4.60131	4.64023
0.545886	-0.24839	4.60131	4.64023
0.545886	-0.24839	4.60131	4.64023
0.173607	1.10303	2.15882	2.4305
0.173607	1.10303	2.15882	2.4305
-0.373943	3.12428	3.05726	4.38723
-0.373943	3.12428	3.05726	4.38723
-2.96621	2.98671	1.64196	4.51828
-1.05137	0.436799	-0.806343	1.39512
-1.05137	0.436799	-0.806343	1.39512
-1.05137	0.436799	-0.806343	1.39512
1.17182	0.443393	-2.99258	3.24427
1.17182	0.443393	-2.99258	3.24427
1.17182	0.443393	-2.99258	3.24427
1.17182	0.443393	-2.99258	3.24427
0.307981	3.1927	-2.68043	4.18006
0.972029	0.305599	-3.08632	3.25017
-0.177606	-1.32249	-2.22664	2.59585
-0.177606	-1.32249	-2.22664	2.59585
-0.177606	-1.32249	-2.22664	2.59585
-0.177606	-1.32249	-2.22664	2.59585
-0.177606	-1.32249	-2.22664	2.59585
0.344184	-2.13041	-0.703003	2.26965
0.514217	-4.76606	-1.94139	5.17192
0.514217	-4.76606	-1.94139	5.17192
0.514217	-4.76606	-1.94139	5.17192
1.55273	-5.2723	-3.43688	6.4823
1.55273	-5.2723	-3.43688	6.4823
2.9453	-4.98647	-2.75799	6.41453
0.996974	-2.64252	-1.98224	3.45052
0.996974	-2.64252	-1.98224	3.45052
0.996974	-2.64252	-1.98224	3.45052
0.996974	-2.64252	-1.98224	3.45052
0.996974	-2.64252	-1.98224	3.45052
0.996974	-2.64252	-1.98224	3.45052
-1.85927	-0.546747	-2.46842	3.1383
-1.85927	-0.546747	-2.46842	3.1383
-2.61728	1.82505	-3.80353	4.96466
-1.24725	0.0747929	-5.77843	5.91198
-0.461541	-1.35559	-3.0715	3.38892
0.523268	1.20747	-3.39104	3.63744
0.523268	1.20747	-3.39104	3.63744
0.523268	1.20747	-3.39104	3.63744
0.523268	1.20747	-3.39104	3.63744
-2.14317	-0.383092	-3.54186	4.15749
-0.192429	-1.01257	-5.45464	5.55117
-0.192429	-1.01257	-5.45464	5.55117
0.64502	-1.39131	-6.41965	6.60028
1.36887	-1.32783	-4.16489	4.58075
1.36887	-1.32783	-4.16489	4.58075
1.36887	-1.32783	-4.16489	4.58075
1.36887	-1.32783	-4.16489	4.58075
1.36887	-1.32783	-4.16489	4.58075
1.36887	-1.32783	-4.16489	4.58075
-0.47976	-0.113081	-1.61451	1.68808
-0.47976	-0.113081	-1.61451	1.68808
-0.407143	0.189277	-2.59044	2.62906
-0.407143	0.189277	-2.59044	2.62906
1.97882	0.0467309	-0.700405	2.09964
2.3603	0.461067	1.5402	2.85584
0.617365	-0.598351	3.40281	3.50974
-1.96193	-2.14161	2.89938	4.1039
-1.96193	-2.14161	2.89938	4.1039
-3.09577	-1.84783	1.33926	3.84602
-3.09577	-1.84783	1.33926	3.84602
-2.96136	-1.5965	-1.26351	3.59373
-3.7695	-1.00416	1.15572	4.06856
-1.48746	-0.402153	0.843532	1.75665
0.251812	0.756999	3.17033	3.26917
0.433475	1.43177	1.65085	2.22781
2.24861	2.14189	2.45711	3.95997
2.24861	2.14189	2.45711	3.95997
2.24861	2.14189	2.45711	3.95997
1.9623	1.08862	2.61313	3.44444
0.974351	0.322555	4.65717	4.76892
1.01302	-0.278155	4.53702	4.65705
-1.2402	1.00399	4.24561	4.53556
-1.2402	1.00399	4.24561	4.53556
-1.66987	-1.35604	3.13769	3.80426
-0.80231	-0.636408	4.19396	4.31717
-0.80231	-0.636408	4.19396	4.31717
-0.80231	-0.636408	4.19396	4.31717
-0.80231	-0.636408	4.19396	4.31717
-0.80231	-0.636408	4.19396	4.31717
0.411759	-0.288908	4.19811	4.22814
1.59957	-0.341935	5.49033	5.72881
2.94385	2.51107	4.42784	5.88027
0.295648	1.81112	6.68672	6.93396
-1.56284	0.427871	7.17787	7.35849
-0.503649	-0.652842	6.20663	6.26116
-0.503649	-0.652842	6.20663	6.26116
-0.503649	-0.652842	6.20663	6.26116
0.623926	-0.855835	4.87156	4.98536
0.0598318	-1.94536	3.65412	4.14012
0.0598318	-1.94536	3.65412	4.14012
-1.25831	0.804718	0.872742	1.72991
-1.25831	0.804718	0.872742	1.72991
-1.25831	0.804718	0.872742	1.72991
-1.25831	0.804718	0.872742	1.72991
1.45318	-0.80319	2.20971	2.764
0.228946	0.647125	3.44473	3.51246
0.228946	0.647125	3.44473	3.51246
0.228946	0.647125	3.44473	3.51246
0.228946	0.647125	3.44473	3.51246
-2.02414	-0.232275	2.62318	3.32147
0.222983	0.26879	0.940644	1.00338
0.222983	0.26879	0.940644	1.00338
1.91374	2.37211	-1.49629	3.39532
0.100647	-0.139563	-1.59449	1.60374
0.100647	-0.139563	-1.59449	1.60374
0.100647	-0.139563	-1.59449	1.60374
0.100647	-0.139563	-1.59449	1.60374
-1.8622	2.22338	-2.39628	3.76209
-2.63326	-0.457127	-1.95423	3.3109
-2.63326	-0.457127	-1.95423	3.3109
-0.419074	1.21464	-4.55604	4.73375
-1.53801	4.05499	-3.75459	5.73632
-3.40435	2.67987	-2.5519	5.02827
-3.40435	2.67987	-2.5519	5.02827
-3.40435	2.67987	-2.5519	5.02827
-3.40435	2.67987	-2.5519	5.02827
-3.1214	1.22201	-2.45209	4.15322
-2.83767	0.856363	-2.5116	3.88508
-2.83767	0.856363	-2.5116	3.88508
-3.4282	-0.73169	-4.47887	5.68755
-3.4282	-0.73169	-4.47887	5.68755
-3.4282	-0.73169	-4.47887	5.68755
-2.93305	0.960052	-3.79146	4.88873
-2.93305	0.960052	-3.79146	4.88873
-1.9359	1.54834	-5.2465	5.80266
-1.9359	1.54834	-5.2465	5.80266
-1.90963	0.325641	-4.12191	4.55444
-1.90963	0.325641	-4.12191	4.55444
-1.34488	-0.727792	-2.66623	3.07363
-2.99251	-1.48385	-3.84933	5.0965
-0.285174	-2.368	-2.3111	3.32114
-2.27483	-5.00002	-1.99223	5.84329
-2.43733	-3.13392	-2.05596	4.4709
-1.33761	-3.471	-2.28241	4.36422
0.417469	-1.4521	-4.0035	4.27912
0.417469	-1.4521	-4.0035	4.27912
-0.321432	-1.38379	-3.22308	3.52227
-0.321432	-1.38379	-3.22308	3.52227
-0.321432	-1.38379	-3.22308	3.52227
0.684131	-0.0725103	-1.72654	1.85855
0.428811	2.55019	-2.56409	3.64168
0.53962	4.97816	-3.27669	5.98415
1.1662	3.04338	-2.52083	4.12029
1.1662	3.04338	-2.52083	4.12029
1.1662	3.04338	-2.52083	4.12029
1.1662	3.04338	-2.52083	4.12029
1.1662	3.04338	-2.52083	4.12029
1.1662	3.04338	-2.52083	4.12029
0.798077	2.1335	-3.87245	4.49273
-0.761232	0.296436	-3.70698	3.79592
-1.11619	-0.602971	-3.28222	3.51886
-0.408427	-2.24784	-1.66186	2.82514
2.26516	-1.40726	-3.13169	4.11325
-0.199056	0.354789	-1.01582	1.09425
-0.199056	0.354789	-1.01582	1.09425
-0.199056	0.354789	-1.01582	1.09425
-0.0551107	2.30148	-2.01752	3.06108
1.8931	1.18711	-3.0439	3.77603
1.22728	-0.864543	-5.28467	5.49375
0.899299	-1.52241	-3.93364	4.31277
0.899299	-1.52241	-3.93364	4.31277
0.899299	-1.52241	-3.93364	4.31277
0.899299	-1.52241	-3.93364	4.31277
0.899299	-1.52241	-3.93364	4.31277
-1.52968	1.04923	-1.52099	2.39879
-1.59839	0.727855	-1.53581	2.33309
-0.819673	0.330948	-3.75624	3.85885
-0.989045	-2.42596	-5.6741	6.24971
-0.989045	-2.42596	-5.6741	6.24971
-0.989045	-2.42596	-5.6741	6.24971
0.299383	-4.00474	-3.58956	5.38632
0.241806	-2.86405	-5.42086	6.13572
1.59739	-0.49621	-7.01319	7.20991
-1.20776	-2.20058	-7.24438	7.66696
-1.20776	-2.20058	-7.24438	7.66696
0.0552697	-2.03182	-4.98167	5.38037
0.0552697	-2.03182	-4.98167	5.38037
0.962768	-0.44624	-6.46191	6.54846
-0.776229	0.395297	-4.2311	4.31984
-0.776229	0.395297	-4.2311	4.31984
-0.776229	0.395297	-4.2311	4.31984
-0.776229	0.395297	-4.2311	4.31984
-0.776229	0.395297	-4.2311	4.31984
0.571938	1.47038	-2.57664	3.02129
0.571938	1.47038	-2.57664	3.02129
0.393431	3.41353	-4.00873	5.27986
-1.16231	1.64308	-2.0905	2.90187
-1.16231	1.64308	-2.0905	2.90187
-1.16231	1.64308	-2.0905	2.90187
-1.16231	1.64308	-2.0905	2.90187
-1.16231	1.64308	-2.0905	2.90187
-2.45133	2.77464	-2.39379	4.40884
-0.732513	0.594288	-3.18733	3.32398
-0.732513	0.594288	-3.18733	3.32398
-2.03416	0.851005	-3.90661	4.48593
-1.55918	2.47414	-5.27184	6.02866
-1.48056	2.81554	-5.20668	6.10154
-4.27462	0.848919	-2.31712	4.9358
-4.27462	0.848919	-2.31712	4.9358
-2.88098	-0.159523	-2.58494	3.87394
-0.375148	1.38937	-1.72616	2.24738
-0.375148	1.38937	-1.72616	2.24738
-0.375148	1.38937	-1.72616	2.24738
-0.375148	1.38937	-1.72616	2.24738
-0.375148	1.38937	-1.72616	2.24738
2.13448	-1.31125	-4.41681	5.07776
2.13448	-1.31125	-4.41681	5.07776
2.13448	-1.31125	-4.41681	5.07776
2.13448	-1.31125	-4.41681	5.07776
2.13448	-1.31125	-4.41681	5.07776
2.13448	-1.31125	-4.41681	5.07776
1.44245	-0.877176	-5.4824	5.73645
-0.714477	1.55378	-3.00375	3.45647
-0.714477	1.55378	-3.00375	3.45647
-0.714477	1.55378	-3.00375	3.45647
-0.714477	1.55378	-3.00375	3.45647
1.24867	-0.355666	-1.63159	2.08513
1.24867	-0.355666	-1.63159	2.08513
1.24867	-0.355666	-1.63159	2.08513
1.24867	-0.355666	-1.63159	2.08513
1.24867	-0.355666	-1.63159	2.08513
-1.30813	1.33259	-1.44404	2.36056
-1.30813	1.33259	-1.44404	2.36056
-1.30813	1.33259	-1.44404	2.36056
-1.30813	1.33259	-1.44404	2.36056
0.691435	0.212818	-1.64802	1.79982
1.25151	1.84445	-4.01881	4.59555
1.05161	0.188093	-4.39858	4.52645
-1.27053	-0.577159	-3.18057	3.47324
-1.27053	-0.577159	-3.18057	3.47324
-0.438034	-0.661308	-2.57771	2.697
-0.438034	-0.661308	-2.57771	2.697
-0.438034	-0.661308	-2.57771	2.697
-0.438034	-0.661308	-2.57771	2.697
-0.438034	-0.661308	-2.57771	2.697
2.02017	-3.46658	-5.27877	6.63051
2.02017	-3.46658	-5.27877	6.63051
0.484072	-5.10218	-4.55169	6.85452
-1.48505	-4.42327	-4.22754	6.29625
-1.48505	-4.42327	-4.22754	6.29625
0.483413	-4.59875	-5.64143	7.29438
1.3358	-2.10706	-6.68216	7.13269
0.483019	0.110456	-8.40385	8.41845
1.57257	1.12367	-9.07174	9.27534
1.57257	1.12367	-9.07174	9.27534
2.38624	1.75399	-8.21141	8.72913
0.692629	0.607274	-8.7993	8.84738
-0.980469	0.541083	-6.003	6.10656
0.499235	-2.12976	-5.99696	6.38347
-1.90199	-3.43839	-8.2052	9.09755
-4.71429	-0.783295	-7.96632	9.28979
-2.07695	-3.54839	-7.64186	8.67771
-4.62299	-2.28601	-6.80863	8.54138
-4.85328	-5.02622	-6.1914	9.33545
-3.37952	-2.85353	-8.08354	9.21452
-3.37952	-2.85353	-8.08354	9.21452
-2.42228	-0.712097	-6.58806	7.05529
-2.42228	-0.712097	-6.58806	7.05529
-2.54713	-1.2589	-5.66554	6.33807
-4.64251	0.266941	-8.09613	9.33657
-3.50755	-1.74614	-5.8997	7.08226
-3.50755	-1.74614	-5.8997	7.08226
-2.12241	-3.94734	-3.96642	5.98486
-4.966	-1.41732	-4.45445	6.81998
-3.81282	0.652551	-5.76567	6.94308
-3.74566	0.145432	-5.89346	6.98455
-3.74566	0.145432	-5.89346	6.98455
-2.07771	-0.907931	-5.12498	5.60416
-2.07771	-0.907931	-5.12498	5.60416
0.698658	1.61894	-4.24969	4.60097
0.897659	2.15682	-3.26486	4.01459
0.897659	2.15682	-3.26486	4.01459
1.22673	0.934939	-5.40058	5.61652
1.22673	0.934939	-5.40058	5.61652
-1.54882	-0.919488	-4.32638	4.68635
-1.54882	-0.919488	-4.32638	4.68635
0.308164	-1.36961	-5.58962	5.76321
-0.472816	-3.44464	-6.83885	7.67196
-0.472816	-3.44464	-6.83885	7.67196
-0.472816	-3.44464	-6.83885	7.67196
0.0484817	-1.9643	-4.33993	4.76402
0.0484817	-1.9643	-4.33993	4.76402
1.56482	-0.00828551	-4.28699	4.56366
1.56482	-0.00828551	-4.28699	4.56366
1.56482	-0.00828551	-4.28699	4.56366
-0.343676	-0.0869834	-2.76497	2.78761
-3.00803	-1.13932	-0.924153	3.34669
-2.09343	-0.683555	1.65775	2.75641
0.792692	0.945002	3.51311	3.72335
0.381424	-0.257668	4.47534	4.49895
-2.44035	-1.24713	6.77	7.30366
-2.44035	-1.24713	6.77	7.30366
-4.99301	-2.09955	6.19961	8.23246
-4.99301	-2.09955	6.19961	8.23246
-3.96554	-2.25324	3.75747	5.90941
-3.96554	-2.25324	3.75747	5.90941
-3.96554	-2.25324	3.75747	5.90941
-2.22606	-1.93254	2.34537	3.76707
-2.22606	-1.93254	2.34537	3.76707
-0.814076	-3.30206	4.7126	5.81162
-0.814076	-3.30206	4.7126	5.81162
-0.814076	-3.30206	4.7126	5.81162
-0.424369	-1.82449	7.09751	7.34053
-0.424369	-1.82449	7.09751	7.34053
-1.16962	-3.25636	6.05694	6.97556
1.6421	-4.31985	4.24563	6.27558
1.6421	-4.31985	4.24563	6.27558
1.6421	-4.31985	4.24563	6.27558
1.6421	-4.31985	4.24563	6.27558
1.6421	-4.31985	4.24563	6.27558
1.6421	-4.31985	4.24563	6.27558
1.6421	-4.31985	4.24563	6.27558
1.6421	-4.31985	4.24563	6.27558
-0.390994	-2.13743	6.54476	6.89604
-0.390994	-2.13743	6.54476	6.89604
1.3964	-1.90914	6.09062	6.53379
0.409532	-4.68191	3.4987	5.85909
-2.09021	-3.82058	3.32716	5.48049
-2.09021	-3.82058	3.32716	5.48049
-2.09021	-3.82058	3.32716	5.48049
-2.26891	-2.32998	3.33353	4.65716
0.245947	-0.0468198	2.53175	2.5441
0.245947	-0.0468198	2.53175	2.5441
0.657298	-0.428814	3.22056	3.31481
1.30354	-2.01094	2.28215	3.30928
1.30354	-2.01094	2.28215	3.30928
1.30354	-2.01094	2.28215	3.30928
0.390412	-2.82453	3.25325	4.32597
0.390412	-2.82453	3.25325	4.32597
-0.272762	-0.396073	4.52903	4.55449
-0.272762	-0.396073	4.52903	4.55449
-0.272762	-0.396073	4.52903	4.55449
-1.73095	0.142674	2.28651	2.87135
-1.73095	0.142674	2.28651	2.87135
-1.73095	0.142674	2.28651	2.87135
-2.59685	-1.5722	4.88482	5.75125
-1.56334	0.490512	4.44719	4.73943
-1.56334	0.490512	4.44719	4.73943
-1.56334	0.490512	4.44719	4.73943
0.443668	0.413475	7.05016	7.0762
-0.757883	1.3813	5.9765	6.18069
1.93617	3.15176	3.90943	5.382
2.72797	2.42413	4.17647	5.54627
2.72797	2.42413	4.17647	5.54627
2.72797	2.42413	4.17647	5.54627
1.34054	2.11834	3.51124	4.3143
1.34054	2.11834	3.51124	4.3143
1.34054	2.11834	3.51124	4.3143
-0.600014	1.5003	3.73839	4.07265
-0.600014	1.5003	3.73839	4.07265
-1.17644	-0.63398	3.20857	3.47576
-1.17644	-0.63398	3.20857	3.47576
-1.17644	-0.63398	3.20857	3.47576
-1.55492	-0.820323	2.40871	2.98204
-1.55492	-0.820323	2.40871	2.98204
-1.55492	-0.820323	2.40871	2.98204
-1.13499	-0.234388	3.27863	3.47743
0.779496	1.48024	4.95082	5.22583
0.779496	1.48024	4.95082	5.22583
0.779496	1.48024	4.95082	5.22583
0.779496	1.48024	4.95082	5.22583
-1.96631	1.52717	5.50887	6.04535
-1.96631	1.52717	5.50887	6.04535
-1.96631	1.52717	5.50887	6.04535
-1.96631	1.52717	5.50887	6.04535
-3.58644	1.37057	3.21119	5.00528
-2.12479	1.32858	1.23824	2.79519
-3.35777	-0.539681	4.00779	5.25626
-3.35777	-0.539681	4.00779	5.25626
-1.47918	1.31436	2.07823	2.86959
0.718928	0.329746	0.408127	0.890032
2.88554	-1.87084	-1.83556	3.89816
2.88554	-1.87084	-1.83556	3.89816
0.532	-1.53008	-2.81164	3.24492
0.532	-1.53008	-2.81164	3.24492
0.532	-1.53008	-2.81164	3.24492
0.532	-1.53008	-2.81164	3.24492
0.532	-1.53008	-2.81164	3.24492
0.532	-1.53008	-2.81164	3.24492
0.532	-1.53008	-2.81164	3.24492
0.532	-1.53008	-2.81164	3.24492
-0.0759425	-1.52323	-3.49525	3.8135
-0.0759425	-1.52323	-3.49525	3.8135
1.33215	-1.09983	-3.78504	4.16062
-1.056	-0.755978	-1.40015	1.90973
1.10951	-2.42846	-3.15381	4.13219
1.10951	-2.42846	-3.15381	4.13219
1.10951	-2.42846	-3.15381	4.13219
1.10951	-2.42846	-3.15381	4.13219
1.10951	-2.42846	-3.15381	4.13219
1.32387	-0.259678	-5.27639	5.44613
2.17616	-0.583139	-3.40807	4.08542
2.17616	-0.583139	-3.40807	4.08542
2.3897	0.523529	-5.69837	6.2013
2.3897	0.523529	-5.69837	6.2013
1.26132	-1.99112	-6.50241	6.91642
2.39901	0.464497	-4.84781	5.42884
2.39901	0.464497	-4.84781	5.42884
4.12022	0.648288	-4.43266	6.08646
2.6312	2.0593	-2.52731	4.18942
-0.157996	0.685671	-3.03582	3.11629
-0.157996	0.685671	-3.03582	3.11629
-0.157996	0.685671	-3.03582	3.11629
-0.157996	0.685671	-3.03582	3.11629
-0.157996	0.685671	-3.03582	3.11629
-0.157996	0.685671	-3.03582	3.11629
-0.157996	0.685671	-3.03582	3.11629
-0.157996	0.685671	-3.03582	3.11629
0.658568	1.43928	-2.21222	2.72014
0.658568	1.43928	-2.21222	2.72014
0.658568	1.43928	-2.21222	2.72014
0.658568	1.43928	-2.21222	2.72014
0.441681	-1.11988	-2.90871	3.14798
0.441681	-1.11988	-2.90871	3.14798
0.441681	-1.11988	-2.90871	3.14798
1.35282	-1.86081	-1.52289	2.75897
2.82536	0.0538979	-2.59891	3.83926
0.630602	2.37022	-1.61766	2.9381
0.630602	2.37022	-1.61766	2.9381
0.630602	2.37022	-1.61766	2.9381
-1.35967	2.775	-3.85764	4.94274
-3.06393	2.01687	-5.78436	6.8494
-0.889879	4.40696	-5.71406	7.27074
-2.46264	4.02975	-8.16	9.4281
0.403576	5.72661	-5.33848	7.83941
2.99025	6.94005	-4.75622	8.92902
2.99025	6.94005	-4.75622	8.92902
1.27947	4.89192	-4.87784	7.02576
1.64012	2.50713	-4.78009	5.64136
-0.652648	0.754347	-4.16109	4.27898
-0.652648	0.754347	-4.16109	4.27898
-0.652648	0.754347	-4.16109	4.27898
1.28165	-0.913312	-4.31189	4.59011
-0.925835	0.0576901	-4.53938	4.63319
-0.365796	-1.95976	-4.07146	4.53335
1.51426	0.485528	-1.85513	2.44341
1.51426	0.485528	-1.85513	2.44341
1.51426	0.485528	-1.85513	2.44341
1.51426	0.485528	-1.85513	2.44341
1.51426	0.485528	-1.85513	2.44341
1.51426	0.485528	-1.85513	2.44341
1.51426	0.485528	-1.85513	2.44341
-1.15308	1.08956	-3.55972	3.89722
-1.15308	1.08956	-3.55972	3.89722
-2.13614	2.04082	-2.99528	4.2071
-0.724677	-0.397856	-3.62877	3.72175
-0.724677	-0.397856	-3.62877	3.72175
1.85103	-0.645651	-3.21724	3.76746
1.27194	-1.70293	-3.63737	4.21287
-0.883606	-1.18152	-1.33066	1.98681
-1.22336	0.746715	-1.17683	1.85449
-1.22336	0.746715	-1.17683	1.85449
-1.22336	0.746715	-1.17683	1.85449
0.403188	-0.418415	0.286077	0.647666
0.403188	-0.418415	0.286077	0.647666
2.31973	2.22486	2.70642	4.20189
2.31973	2.22486	2.70642	4.20189
0.473759	-0.231215	1.53248	1.62062
0.473759	-0.231215	1.53248	1.62062
0.473759	-0.231215	1.53248	1.62062
0.473759	-0.231215	1.53248	1.62062
0.473759	-0.231215	1.53248	1.62062
-0.537985	-0.0554918	2.39401	2.45434
-3.01714	-0.170431	4.18317	5.16053
-3.01714	-0.170431	4.18317	5.16053
-1.45875	-1.79123	5.78096	6.22543
-3.94206	-4.15701	3.41774	6.67095
-3.94206	-4.15701	3.41774	6.67095
-3.94206	-4.15701	3.41774	6.67095
-3.94206	-4.15701	3.41774	6.67095
-3.94206	-4.15701	3.41774	6.67095
-3.94206	-4.15701	3.41774	6.67095
-3.94206	-4.15701	3.41774	6.67095
-2.71901	-4.19286	1.79417	5.30962
-1.40081	-5.47172	3.11089	6.44823
-1.40081	-5.47172	3.11089	6.44823
-2.3374	-4.58693	5.75357	7.72055
-4.41164	-2.71012	7.2294	8.89222
-3.13749	-4.09168	5.15886	7.2938
-3.38081	-4.4197	3.78015	6.72705
-1.56555	-6.18195	3.72416	7.38491
0.396117	-3.48086	4.94593	6.06098
-0.203667	-2.57659	6.92622	7.39275
-0.403794	-2.56917	7.5315	7.96789
-2.38642	-2.47039	5.2234	6.25154
-2.47395	-3.88462	3.28942	5.65959
-2.47395	-3.88462	3.28942	5.65959
-3.97651	-3.37215	5.25523	7.4028
-3.97651	-3.37215	5.25523	7.4028
-5.277	-1.31041	2.86605	6.14639
-3.23837	-0.574809	4.3178	5.42778
-3.23837	-0.574809	4.3178	5.42778
-2.23306	1.94262	1.97678	3.55921
-2.23306	1.94262	1.97678	3.55921
-2.23306	1.94262	1.97678	3.55921
-2.23306	1.94262	1.97678	3.55921
-2.23306	1.94262	1.97678	3.55921
-2.23306	1.94262	1.97678	3.55921
0.183132	2.66515	2.01762	3.34774
0.183132	2.66515	2.01762	3.34774
0.183132	2.66515	2.01762	3.34774
-2.22722	4.71418	2.80974	5.92272
-0.622654	4.92841	3.37226	6.00409
-0.622654	4.92841	3.37226	6.00409
-0.602682	5.45697	2.22542	5.92404
-0.602682	5.45697	2.22542	5.92404
0.307356	3.65133	4.88322	6.10512
0.307356	3.65133	4.88322	6.10512
0.307356	3.65133	4.88322	6.10512
0.307356	3.65133	4.88322	6.10512
-0.360531	3.67152	7.08462	7.98761
1.16959	5.24846	5.02503	7.3597
-0.767042	5.50882	4.90929	7.41867
1.45865	4.37699	4.12019	6.1856
-1.04224	1.62998	6.9173	7.18276
-2.86392	3.21681	4.92897	6.54558
-2.86392	3.21681	4.92897	6.54558
-1.66463	3.60998	3.77276	5.48057
0.177078	1.69175	2.53086	3.04937
0.177078	1.69175	2.53086	3.04937
-1.74	-0.110575	3.30047	3.73269
-1.74	-0.110575	3.30047	3.73269
-1.74	-0.110575	3.30047	3.73269
0.443616	-1.41413	0.672471	1.62751
-0.420187	-1.70274	-1.58004	2.3606
2.3233	-1.41483	-3.62598	4.5329
2.3233	-1.41483	-3.62598	4.5329
-0.00267713	0.627376	-1.45511	1.58459
1.60367	0.251808	-1.58386	2.26799
1.60367	0.251808	-1.58386	2.26799
2.2665	1.52066	-3.29297	4.27704
1.68362	1.57008	-5.45032	5.91656
2.0758	1.88459	-5.04133	5.7685
1.97344	1.48222	-2.15155	3.27424
1.01308	-0.333502	-1.48463	1.82802
1.01308	-0.333502	-1.48463	1.82802
1.01308	-0.333502	-1.48463	1.82802
0.0580285	-0.952154	-2.55154	2.72403
0.0580285	-0.952154	-2.55154	2.72403
1.35479	1.43933	-2.0104	2.81937
1.35479	1.43933	-2.0104	2.81937
1.35479	1.43933	-2.0104	2.81937
0.757515	-0.227501	-4.06317	4.13943
0.335504	2.51011	-4.47084	5.13825
0.335504	2.51011	-4.47084	5.13825
-2.26749	0.107863	-3.89017	4.50406
-0.909637	1.96172	-3.62149	4.21793
-0.909637	1.96172	-3.62149	4.21793
-2.86672	-0.675422	-2.32079	3.74972
-0.516347	-3.11104	-1.68465	3.57537
-3.34436	-3.36648	-3.83251	6.09967
-5.71854	-1.40823	-2.63332	6.45129
-5.71854	-1.40823	-2.63332	6.45129
-5.22083	-1.4213	-3.34132	6.35937
-5.22083	-1.4213	-3.34132	6.35937
-4.60899	-2.86667	-4.24479	6.89049
-4.60899	-2.86667	-4.24479	6.89049
-4.60899	-2.86667	-4.24479	6.89049
-7.18129	-2.82082	-6.77871	10.2703
-7.18129	-2.82082	-6.77871	10.2703
-7.18129	-2.82082	-6.77871	10.2703
-5.26002	-1.94461	-4.80292	7.38359
-2.3726	-2.82667	-3.08983	4.81314
-2.3726	-2.82667	-3.08983	4.81314
-2.3726	-2.82667	-3.08983	4.81314
-1.5159	-0.59754	-4.77572	5.04604
-1.13587	-1.70467	-1.99681	2.86066
1.41948	-1.48567	-2.80875	3.48012
1.41948	-1.48567	-2.80875	3.48012
-0.358866	1.24041	-4.87124	5.03948
-0.287899	1.61059	-4.74496	5.01912
-0.264783	1.57773	-2.88784	3.30136
-0.264783	1.57773	-2.88784	3.30136
-0.264783	1.57773	-2.88784	3.30136
-3.02062	-0.493295	-2.69008	4.0748
-3.64933	2.37362	-4.32393	6.1358
-3.64933	2.37362	-4.32393	6.1358
-3.64933	2.37362	-4.32393	6.1358
-1.51547	0.942863	-5.17092	5.47028
-3.01144	-0.619604	-2.93584	4.2511
-4.09103	-1.70017	-2.27746	4.98136
-4.09103	-1.70017	-2.27746	4.98136
-4.09103	-1.70017	-2.27746	4.98136
-4.09103	-1.70017	-2.27746	4.98136
-4.09103	-1.70017	-2.27746	4.98136
-4.09103	-1.70017	-2.27746	4.98136
-4.09103	-1.70017	-2.27746	4.98136
-4.09103	-1.70017	-2.27746	4.98136
-6.92554	-2.49627	-4.83292	8.80634
-6.35674	-0.615697	-5.29227	8.29429
-6.14499	1.36991	-4.70194	7.85785
-4.45685	-1.35467	-7.24873	8.61642
-3.76727	0.206982	-6.7904	7.76818
-3.07209	0.489165	-5.9976	6.75635
-0.725326	0.573956	-4.65583	4.74682
-0.725326	0.573956	-4.65583	4.74682
-0.725326	0.573956	-4.65583	4.74682
-0.725326	0.573956	-4.65583	4.74682
-0.725326	0.573956	-4.65583	4.74682
-0.316631	1.4238	-2.82854	3.18246
1.50171	3.6004	-4.58891	6.02297
2.84212	1.47542	-5.55876	6.41516
2.84212	1.47542	-5.55876	6.41516
2.84212	1.47542	-5.55876	6.41516
0.0362141	0.373306	-6.84479	6.85506
0.271104	0.761342	-5.40004	5.46018
0.382133	-0.545542	-5.18569	5.22829
