step_length	acceptance
0.7	0.68313
0.8	0.64337
0.9	0.60586
1	0.57436
1.1	0.53888
1.2	0.5068
1.3	0.47656
1.4	0.44968
1.5	0.42189
1.6	0.39613
