step_length	acceptance
2.3	0.59189
2.4	0.57662
2.5	0.56256
2.6	0.55112
2.7	0.53637
2.8	0.52477
2.9	0.51089
3	0.49751
3.1	0.48605
3.2	0.47397
