TEMPERATURE:	X_AVE:	ERROR:
2	1.35816	0.00192494
1.82	1.65146	0.0026799
1.64	2.07024	0.00249918
1.46	2.68816	0.00611645
1.28	3.7204	0.0110722
1.1	5.61376	0.0164188
0.92	9.59747	0.0379318
0.74	20.0708	0.0774753
0.56	56.3666	0.302064
0.38	128.753	0.13704
0.2	250	8.52992e-07
