LENGTH	ERROR
1	0.00157694
1	0.00157778
