LENGTH	ERROR
1	0.000973913
1	0.000974333
