LENGTH	ERROR
10	0.000840127
10	0.000554993
