step	x
1	0.0841933
2	0.0841933
3	1.24405
4	1.24405
5	1.24405
6	-0.18192
7	-0.18192
8	-0.18192
9	0.928864
10	0.928864
11	0.928864
12	1.24795
13	0.269618
14	0.0378417
15	-0.48164
16	-0.48164
17	-1.66703
18	-1.66703
19	-1.06907
20	0.585305
21	-0.438598
22	-0.677069
23	1.36063
24	1.36063
25	0.943378
26	0.0626973
27	0.0626973
28	-1.15948
29	-1.31146
30	-1.31146
31	-1.31146
32	0.411287
33	0.411287
34	0.773653
35	0.773653
36	0.773653
37	0.773653
38	1.23879
39	1.92537
40	2.10852
41	1.25351
42	-1.08883
43	-1.08883
44	-0.227431
45	-0.716616
46	-0.721096
47	-0.721096
48	-0.721096
49	-0.721096
50	-0.721096
51	-0.88463
52	-0.88463
53	-0.88463
54	-0.88463
55	-0.88463
56	-0.88463
57	-0.88463
58	-0.0755988
59	-0.0755988
60	-0.856551
61	-0.211999
62	-0.211999
63	-0.211999
64	-0.211999
65	-0.211999
66	0.1086
67	0.293091
68	0.0554136
69	-1.23246
70	1.11085
71	1.11085
72	-0.130207
73	0.460772
74	0.460772
75	0.460772
76	0.460772
77	-0.67936
78	1.08308
79	-0.979122
80	-0.0665053
81	-0.0665053
82	-0.0665053
83	-0.0665053
84	0.487841
85	0.487841
86	0.487841
87	-0.98907
88	-0.98907
89	-0.98907
90	0.25991
91	-0.878305
92	-0.878305
93	-0.878305
94	-0.878305
95	-1.32855
96	-1.32855
97	-0.759028
98	-0.759028
99	-0.759028
100	-0.759028
101	-0.124433
102	-0.124433
103	-0.124433
104	0.318287
105	1.25728
106	1.25728
107	1.25728
108	1.25728
109	1.25728
110	0.271019
111	0.271019
112	-0.134279
113	-0.134279
114	-0.779943
115	-1.25203
116	-1.25203
117	0.187002
118	0.187002
119	0.931794
120	0.931794
121	-1.06953
122	1.40272
123	1.81245
124	1.81245
125	1.81245
126	1.81245
127	1.32786
128	-0.171807
129	-0.171807
130	-0.171807
131	0.398934
132	0.398934
133	0.454763
134	0.454763
135	-0.918248
136	-0.300879
137	-0.300879
138	-0.300879
139	-0.300879
140	-0.300879
141	-1.20382
142	0.832041
143	0.365638
144	0.365638
145	0.365638
146	0.365638
147	0.365638
148	0.365638
149	0.365638
150	-1.20381
151	-1.20381
152	-1.20381
153	-1.20381
154	1.44238
155	0.0560401
156	0.0560401
157	0.0675619
158	0.0675619
159	0.0675619
160	-0.977342
161	-0.977342
162	-0.417075
163	0.842599
164	0.547621
165	0.547621
166	0.547621
167	0.0888472
168	0.376294
169	0.680638
170	0.680638
171	0.680638
172	0.680638
173	0.680638
174	0.680638
175	-0.0179077
176	0.607786
177	0.607786
178	0.607786
179	-0.770143
180	-0.770143
181	-0.770143
182	0.538367
183	-1.1718
184	-1.1718
185	-1.1718
186	-0.147187
187	-0.147187
188	0.058603
189	0.058603
190	0.058603
191	0.058603
192	0.058603
193	0.827315
194	-1.28392
195	-1.50554
196	0.922485
197	-0.0327552
198	-0.0327552
199	-0.0327552
200	-0.517081
201	-0.517081
202	-0.517081
203	-0.517081
204	-0.0176686
205	-0.0176686
206	-0.0176686
207	-0.0176686
208	-0.337398
209	0.186381
210	-0.326138
211	-0.326138
212	-0.449615
213	-0.449615
214	-0.449615
215	-0.449615
216	-0.446348
217	-0.446348
218	-0.296465
219	-0.296465
220	-0.296465
221	-0.296465
222	-0.296465
223	-0.296465
224	0.745651
225	0.745651
226	0.19184
227	0.19184
228	-0.119681
229	1.49019
230	1.49019
231	-0.816846
232	-0.816846
233	-0.816846
234	-0.59472
235	-0.59472
236	-0.59472
237	-0.59472
238	0.398241
239	0.800543
240	-0.666811
241	0.0484749
242	0.0484749
243	0.93302
244	0.93302
245	0.93302
246	0.93302
247	0.93302
248	0.130417
249	0.130417
250	-0.0644918
251	-0.0644918
252	0.407219
253	0.407219
254	0.407219
255	0.407219
256	-0.470845
257	-0.470845
258	-0.470845
259	0.668949
260	0.668949
261	0.668949
262	0.668949
263	0.12198
264	-0.320563
265	0.67875
266	-0.820211
267	-1.81001
268	0.594913
269	0.594913
270	0.594913
271	-0.669885
272	-0.669885
273	-0.669885
274	0.489191
275	1.06628
276	-0.12389
277	-0.12389
278	-0.12389
279	-1.60242
280	0.0353525
281	-0.57792
282	-0.57792
283	-0.57792
284	-0.57792
285	-0.57792
286	-0.694476
287	-0.694476
288	-0.694476
289	-0.983155
290	-0.983155
291	0.547185
292	-0.0270274
293	-0.563353
294	-0.540803
295	-0.540803
296	-0.540803
297	-0.540803
298	-0.540803
299	-0.540803
300	-1.69288
301	-0.507935
302	-0.507935
303	-0.507935
304	-0.507935
305	0.719265
306	-0.211171
307	0.531452
308	0.531452
309	0.531452
310	-0.797181
311	-0.797181
312	-0.784479
313	0.577345
314	0.577345
315	0.577345
316	0.577345
317	0.133099
318	1.16852
319	1.16852
320	0.000635661
321	-0.710548
322	-0.710548
323	-0.710548
324	-0.710548
325	-0.710548
326	-1.27685
327	-1.27685
328	-1.53106
329	-0.125703
330	-0.125703
331	-0.125703
332	-0.84485
333	-1.18867
334	-1.18867
335	0.67115
336	-1.02793
337	-0.276827
338	-0.276827
339	-0.276827
340	-0.276827
341	0.682827
342	0.682827
343	0.707891
344	0.707891
345	0.707891
346	0.707891
347	-0.270148
348	-0.270148
349	-0.270148
350	-0.270148
351	-1.33695
352	-1.7688
353	-1.60943
354	-0.0797992
355	-1.05492
356	-0.878163
357	-0.878163
358	-0.878163
359	-1.28818
360	-0.989992
361	-0.989992
362	-0.28392
363	-0.28392
364	0.206955
365	-0.45541
366	-0.45541
367	-0.45541
368	-0.45541
369	1.58021
370	1.58021
371	1.58021
372	0.0117289
373	0.0117289
374	-0.0667458
375	-0.0667458
376	0.145657
377	0.342068
378	-1.02491
379	-0.0132618
380	0.33853
381	0.33853
382	0.33853
383	1.40678
384	1.40678
385	0.356861
386	0.356861
387	0.356861
388	-0.510537
389	-0.510537
390	-0.510537
391	0.038224
392	0.038224
393	-1.04199
394	0.501286
395	-0.460967
396	-0.852604
397	0.522736
398	0.962311
399	0.962311
400	-0.810454
401	-0.810454
402	-0.810454
403	-0.810454
404	-0.89091
405	-0.89091
406	0.834286
407	0.834286
408	0.834286
409	-0.944123
410	-0.683918
411	-0.683918
412	-0.683918
413	-0.683918
414	-0.683918
415	-0.65691
416	0.183892
417	0.183892
418	0.183892
419	0.183892
420	0.183892
421	0.183892
422	1.22772
423	-0.0546436
424	-0.0546436
425	-0.0546436
426	0.411414
427	0.87107
428	0.87107
429	1.12871
430	-0.298575
431	0.241038
432	-0.436921
433	-1.60291
434	-1.60291
435	-1.02726
436	0.388549
437	0.388549
438	0.0932785
439	0.0932785
440	1.57924
441	1.57924
442	1.57924
443	1.57924
444	-0.811305
445	-0.811305
446	-0.811305
447	-0.811305
448	-0.811305
449	-0.811305
450	-0.811305
451	-0.811305
452	-0.811305
453	-0.811305
454	-0.811305
455	-0.811305
456	-0.811305
457	-0.811305
458	-0.811305
459	0.878869
460	1.73876
461	-0.1267
462	-0.1267
463	-0.1267
464	-0.1267
465	-0.1267
466	-1.04151
467	-0.12709
468	0.685403
469	-1.32299
470	-1.32299
471	-1.44404
472	-1.44404
473	-1.44404
474	-1.44404
475	-1.40064
476	-1.40064
477	-1.40064
478	-1.40816
479	-0.0534795
480	1.14342
481	1.14342
482	-0.761741
483	-0.761741
484	-1.23004
485	-1.23004
486	-1.23004
487	-1.23004
488	-1.23004
489	-1.46727
490	-1.46727
491	-1.46727
492	-1.46727
493	-1.58023
494	-1.58023
495	-1.58023
496	-1.58023
497	-1.58023
498	0.557637
499	0.557637
500	0.149434
501	0.149434
502	-0.537822
503	-0.537822
504	-0.537822
505	-0.537822
506	-0.537822
507	-0.537822
508	-0.479379
509	-0.479379
510	-0.479379
511	-0.895668
512	-0.895668
513	-0.895668
514	-0.895668
515	-0.332883
516	-0.332883
517	-0.978694
518	1.34406
519	1.34406
520	-1.09928
521	0.326693
522	0.326693
523	-0.634526
524	-1.16664
525	-1.22018
526	-0.158042
527	-0.158042
528	0.801053
529	0.801053
530	0.336114
531	-0.799747
532	-0.799747
533	-0.799747
534	-0.799747
535	-0.845858
536	0.699278
537	0.699278
538	0.699278
539	0.699278
540	-1.32335
541	-0.0774612
542	-0.0774612
543	-0.550898
544	-0.550898
545	-0.550898
546	-0.378842
547	-0.378842
548	-0.378842
549	1.10423
550	1.10423
551	0.327704
552	0.327704
553	0.327704
554	0.253654
555	1.03201
556	-0.133404
557	-0.769624
558	1.64958
559	1.64958
560	1.64958
561	0.278032
562	0.278032
563	0.278032
564	1.38692
565	0.133797
566	0.77471
567	0.77471
568	-1.1764
569	-1.1764
570	0.679494
571	0.232722
572	1.53218
573	1.53218
574	1.53218
575	1.53218
576	1.41145
577	1.41145
578	1.41145
579	-0.555381
580	-0.555381
581	-0.638584
582	-1.34582
583	-0.7182
584	-0.7182
585	-0.0579778
586	-0.0579778
587	-0.131026
588	0.662558
589	-1.20845
590	-0.571927
591	1.17592
592	-0.188847
593	0.422462
594	0.422462
595	0.652017
596	0.652017
597	0.652017
598	0.652017
599	0.652017
600	0.949274
601	-1.22645
602	-1.00323
603	-1.08279
604	-0.216796
605	-1.18808
606	-1.18808
607	-0.660516
608	0.744021
609	0.744021
610	-0.222835
611	-0.222835
612	-0.222835
613	-0.222835
614	1.18772
615	0.739495
616	-0.37086
617	-0.37086
618	-0.673885
619	-0.121264
620	-0.121264
621	1.11915
622	1.11915
623	1.11915
624	1.11915
625	1.11915
626	-0.84513
627	-0.84513
628	-0.84513
629	-0.84513
630	-0.84513
631	-0.919895
632	-0.919895
633	-0.919895
634	1.70645
635	1.70645
636	-0.705
637	-0.705
638	-0.77743
639	-0.77743
640	-0.77743
641	-0.77743
642	-0.77743
643	-0.0507239
644	-0.0507239
645	-0.160819
646	0.801052
647	0.801052
648	-1.18004
649	-1.25469
650	-1.25469
651	-1.25469
652	0.341042
653	0.365079
654	0.770786
655	0.770786
656	0.247393
657	-0.906288
658	-0.906288
659	-0.906288
660	-0.906288
661	-1.67738
662	-0.649051
663	-0.649051
664	-0.649051
665	-0.649051
666	-0.649051
667	0.305693
668	1.3474
669	-1.19338
670	-1.19338
671	-1.19338
672	-1.19338
673	-1.19338
674	0.387313
675	0.387313
676	0.387313
677	0.387313
678	0.387313
679	-0.0978182
680	-0.0978182
681	0.850101
682	0.850101
683	-1.09071
684	-0.416953
685	-0.214093
686	-1.33111
687	-1.33111
688	-0.255352
689	-0.218977
690	-0.218977
691	-0.8952
692	-0.8952
693	-0.8952
694	0.974257
695	0.886059
696	0.886059
697	0.157633
698	0.157633
699	-1.59012
700	-1.59012
701	-1.59012
702	-0.0876012
703	-1.26711
704	-1.44505
705	-1.29905
706	-1.29905
707	0.91007
708	0.91007
709	0.91007
710	-0.0113507
711	-1.09881
712	-1.09881
713	-1.09881
714	1.43828
715	1.43828
716	1.43764
717	-0.846137
718	-0.808009
719	-0.267561
720	-0.267561
721	-1.66045
722	-1.66045
723	-1.66045
724	0.997982
725	0.997982
726	1.53613
727	1.50892
728	0.980144
729	0.980144
730	0.980144
731	-0.602691
732	-1.04272
733	-1.04272
734	-1.04272
735	-1.04272
736	0.328603
737	0.328603
738	0.328603
739	0.328603
740	0.271239
741	0.271239
742	1.11114
743	-0.0462462
744	-0.0462462
745	-1.40129
746	-1.40129
747	-1.40129
748	-1.40129
749	-0.112138
750	1.13305
751	-0.396183
752	-1.07852
753	-1.07852
754	-1.07852
755	1.25539
756	1.25539
757	0.904424
758	0.201574
759	0.344865
760	0.344865
761	0.344865
762	0.377666
763	0.800816
764	1.22517
765	1.06845
766	1.06845
767	-1.14389
768	-1.16064
769	-1.16064
770	-1.40044
771	-1.40044
772	-1.80159
773	-1.80159
774	-1.80159
775	-1.75972
776	0.117964
777	0.117964
778	0.117964
779	-1.18236
780	-1.21786
781	-1.21786
782	-1.21786
783	-1.21786
784	-1.21786
785	-1.21786
786	0.374203
787	-0.527335
788	-0.527335
789	1.1892
790	1.17425
791	1.17425
792	0.448802
793	0.448802
794	0.448802
795	1.0277
796	1.0277
797	1.0277
798	1.0277
799	-0.405504
800	-0.405504
801	-0.405504
802	0.069202
803	0.069202
804	-0.396867
805	-0.396867
806	0.985927
807	-0.753545
808	0.159803
809	-0.430003
810	-0.430003
811	-0.430003
812	0.318608
813	-0.0732216
814	-1.35544
815	0.0813508
816	0.782218
817	0.118379
818	0.118379
819	-0.953119
820	-0.709345
821	-0.709345
822	-0.709345
823	-0.709345
824	-0.709345
825	0.606581
826	1.43089
827	0.88777
828	-1.13365
829	0.0538813
830	0.0538813
831	0.974245
832	0.974245
833	0.00361962
834	0.340489
835	-1.02418
836	-0.224124
837	0.235804
838	1.73845
839	1.73845
840	1.21191
841	1.21191
842	1.21191
843	0.672403
844	-0.0726092
845	-0.0726092
846	-0.0726092
847	0.0218738
848	0.0218738
849	0.914771
850	0.914771
851	-0.137298
852	-0.137298
853	-0.137298
854	0.0189734
855	0.0189734
856	0.0189734
857	0.0189734
858	0.237835
859	0.80988
860	0.80988
861	0.16626
862	-1.39524
863	-1.39524
864	1.08639
865	-0.846547
866	0.315264
867	-0.0418071
868	1.43949
869	1.43949
870	0.483869
871	0.483869
872	-0.586903
873	-0.586903
874	-0.586903
875	-0.586903
876	-0.586903
877	-0.586903
878	-0.586903
879	-0.586903
880	-0.586903
881	-0.586903
882	-0.291032
883	-0.291032
884	-0.35375
885	-0.35375
886	0.380121
887	0.380121
888	-0.2689
889	0.242892
890	0.159343
891	0.969865
892	-0.996695
893	-0.85848
894	-0.219812
895	-0.936181
896	-0.936181
897	-0.319488
898	0.130958
899	0.130958
900	0.229906
901	0.413364
902	0.413364
903	0.413364
904	1.47692
905	-1.16432
906	-0.286661
907	-0.286661
908	-0.879517
909	0.777217
910	-0.826991
911	-0.826991
912	-0.826991
913	-0.826991
914	-0.826991
915	-0.826991
916	-0.826991
917	-0.826991
918	-1.30627
919	-1.30627
920	-1.30627
921	1.02202
922	0.473735
923	0.582084
924	0.582084
925	0.582084
926	1.23974
927	1.23974
928	0.939857
929	-0.180126
930	0.974012
931	0.391772
932	0.391772
933	-0.778422
934	-0.778422
935	-0.778422
936	-0.778422
937	0.0371721
938	0.0371721
939	1.40486
940	1.4808
941	1.4808
942	1.4808
943	-0.545406
944	-0.545406
945	0.113334
946	0.113334
947	0.113334
948	0.113334
949	0.113334
950	0.161258
951	0.161258
952	0.161258
953	-0.0718903
954	-0.0718903
955	-0.0718903
956	0.0810035
957	-0.968023
958	-0.968023
959	-0.968023
960	0.463481
961	0.463481
962	0.463481
963	0.463481
964	0.463481
965	0.463481
966	-0.50571
967	-0.336063
968	-0.336063
969	-0.336063
970	-0.336063
971	0.188321
972	-0.613093
973	-0.613093
974	0.295836
975	0.625274
976	0.625274
977	0.781754
978	-0.042335
979	-0.042335
980	0.567314
981	1.71889
982	0.416667
983	0.416667
984	-0.769661
985	-0.769661
986	-0.769661
987	-0.571697
988	0.642042
989	0.598631
990	-0.75637
991	-0.75637
992	0.0675506
993	0.0675506
994	0.0675506
995	-1.82332
996	-1.82332
997	-1.36639
998	-0.149756
999	0.189536
1000	0.189536
1001	0.189536
1002	0.189536
1003	0.189536
1004	0.189536
1005	0.189536
1006	0.189536
1007	-0.7871
1008	-0.487311
1009	-0.487311
1010	-0.487311
1011	-0.0418812
1012	0.853951
1013	-1.00352
1014	-1.00352
1015	0.973902
1016	0.973902
1017	0.973902
1018	-1.06333
1019	-1.06333
1020	-0.69458
1021	-1.03134
1022	-1.03134
1023	-1.03134
1024	-1.03134
1025	1.60615
1026	-0.310431
1027	-0.310431
1028	-0.310431
1029	-1.20122
1030	-1.20122
1031	-1.20122
1032	-1.20122
1033	-1.20122
1034	-1.30141
1035	-1.30141
1036	-1.30141
1037	-1.30141
1038	0.485192
1039	0.485192
1040	0.485192
1041	0.828429
1042	-0.571126
1043	0.738889
1044	0.738889
1045	1.11031
1046	0.536317
1047	-1.15476
1048	-1.15476
1049	0.481272
1050	-1.0315
1051	-1.0315
1052	0.353691
1053	0.431087
1054	0.431087
1055	0.431087
1056	0.431087
1057	-0.659674
1058	0.0728182
1059	0.0728182
1060	0.0728182
1061	0.171166
1062	0.171166
1063	-0.38612
1064	-0.38612
1065	-0.38612
1066	-0.38612
1067	-0.437009
1068	-0.437009
1069	0.682575
1070	0.796635
1071	0.796635
1072	0.389791
1073	-0.12263
1074	-0.12263
1075	-0.12263
1076	-0.0555674
1077	-0.0555674
1078	-0.0555674
1079	-1.03254
1080	0.891993
1081	0.891993
1082	0.777415
1083	0.536983
1084	0.536983
1085	0.849976
1086	0.433934
1087	-0.931044
1088	-0.931044
1089	0.798309
1090	0.798309
1091	-0.338249
1092	-0.338249
1093	0.427169
1094	1.08829
1095	0.262327
1096	0.262327
1097	-0.566352
1098	-0.0785133
1099	1.38496
1100	1.71359
1101	-0.227981
1102	-0.227981
1103	1.05498
1104	-0.600978
1105	-0.912767
1106	-0.912767
1107	0.580543
1108	0.580543
1109	0.580543
1110	0.580543
1111	-0.630073
1112	1.5787
1113	0.00371476
1114	0.85589
1115	0.85589
1116	0.115482
1117	0.115482
1118	0.115482
1119	0.115482
1120	0.115482
1121	-0.375476
1122	-0.375476
1123	0.480397
1124	0.480397
1125	0.480397
1126	-0.688083
1127	-0.332908
1128	0.56181
1129	0.56181
1130	-0.681734
1131	-0.681734
1132	-0.29798
1133	-0.29798
1134	0.316967
1135	0.316967
1136	0.316967
1137	0.316967
1138	0.316967
1139	0.316967
1140	-0.593076
1141	-0.306038
1142	0.978343
1143	0.348932
1144	0.348932
1145	-1.49613
1146	-1.49613
1147	-1.49613
1148	-2.12755
1149	0.0299691
1150	1.34569
1151	0.751681
1152	0.751681
1153	0.751681
1154	-0.77185
1155	-0.77185
1156	-0.77185
1157	-0.77185
1158	-0.77185
1159	-0.405691
1160	1.19119
1161	0.971835
1162	0.971835
1163	0.688421
1164	0.688421
1165	0.688421
1166	0.688421
1167	-0.546908
1168	-0.546908
1169	-0.546908
1170	-0.14517
1171	-0.14517
1172	-0.221326
1173	-0.221326
1174	0.677457
1175	-0.302835
1176	-0.302835
1177	0.779226
1178	0.779226
1179	0.779226
1180	0.779226
1181	0.779226
1182	0.779226
1183	0.779226
1184	0.779226
1185	0.779226
1186	0.915983
1187	-0.707438
1188	0.351234
1189	-0.646108
1190	-0.51793
1191	1.35202
1192	0.17793
1193	0.199153
1194	0.199153
1195	0.199153
1196	0.199153
1197	0.260365
1198	-0.457996
1199	-0.457996
1200	-0.457996
1201	-1.29931
1202	-1.29931
1203	-1.17109
1204	0.129
1205	0.721514
1206	0.721514
1207	0.721514
1208	-0.152016
1209	-0.152016
1210	-0.152016
1211	0.204913
1212	0.204913
1213	0.597068
1214	0.597068
1215	-1.37982
1216	-1.37982
1217	-1.37982
1218	1.08146
1219	0.963996
1220	0.963996
1221	-0.102402
1222	-1.17853
1223	-1.17853
1224	-0.688162
1225	-0.688162
1226	-0.688162
1227	-0.688162
1228	-0.688162
1229	-0.228613
1230	-1.02916
1231	-1.02916
1232	0.770819
1233	0.770819
1234	0.770819
1235	-0.49855
1236	-0.49855
1237	-0.49855
1238	0.93669
1239	-0.942341
1240	-0.942341
1241	-0.818857
1242	-0.491657
1243	-1.50511
1244	-1.77073
1245	-1.77073
1246	-1.77073
1247	-1.77073
1248	0.308124
1249	0.308124
1250	0.769629
1251	0.769629
1252	0.769629
1253	0.870815
1254	0.870815
1255	0.178037
1256	0.178037
1257	0.178037
1258	-0.776054
1259	0.884898
1260	-0.0611702
1261	-0.0611702
1262	0.615476
1263	0.615476
1264	0.615476
1265	0.615476
1266	0.347321
1267	0.347321
1268	1.47709
1269	-0.251836
1270	-1.56677
1271	0.541873
1272	0.541873
1273	0.541873
1274	0.541873
1275	-1.33149
1276	0.625081
1277	0.625081
1278	0.625081
1279	0.625081
1280	1.02071
1281	1.02071
1282	-1.46884
1283	0.873587
1284	-0.317087
1285	-0.0314223
1286	-0.0314223
1287	-0.0314223
1288	-0.0314223
1289	1.10307
1290	0.643194
1291	-0.664264
1292	0.248726
1293	0.215905
1294	0.215905
1295	1.2551
1296	1.2551
1297	1.2551
1298	0.10132
1299	0.10132
1300	0.981333
1301	-1.02919
1302	0.0149936
1303	1.29522
1304	1.58945
1305	0.563796
1306	1.04811
1307	1.04811
1308	1.30636
1309	0.187967
1310	0.187967
1311	-0.512021
1312	-1.31311
1313	-1.14218
1314	-1.14218
1315	0.504989
1316	0.504989
1317	0.504989
1318	0.504989
1319	0.504989
1320	-0.742467
1321	-0.850688
1322	-0.850688
1323	-0.850688
1324	-1.95483
1325	0.285288
1326	0.285288
1327	0.285288
1328	-0.589515
1329	-0.728922
1330	-0.728922
1331	-0.728922
1332	-1.15213
1333	-1.15213
1334	-1.15213
1335	0.400812
1336	0.400812
1337	-0.523211
1338	0.00759994
1339	0.966132
1340	0.966132
1341	0.966132
1342	0.967844
1343	-0.846313
1344	0.0885083
1345	-1.052
1346	-0.159554
1347	-0.159554
1348	-0.159554
1349	-0.159554
1350	-0.159554
1351	-0.159554
1352	-0.159554
1353	1.20952
1354	-1.18017
1355	0.214895
1356	0.214895
1357	-0.191331
1358	-0.191331
1359	0.395811
1360	0.395811
1361	0.126025
1362	0.126025
1363	0.759961
1364	0.336461
1365	-1.06407
1366	-1.06407
1367	-1.06407
1368	-0.80128
1369	-0.80128
1370	0.815402
1371	0.815402
1372	0.815402
1373	1.06319
1374	1.06319
1375	1.06319
1376	-0.747865
1377	0.67903
1378	0.67903
1379	0.67903
1380	0.733727
1381	-1.40046
1382	-1.40046
1383	-1.22335
1384	-1.22335
1385	1.25359
1386	0.676997
1387	0.676997
1388	0.676997
1389	0.676997
1390	0.897306
1391	0.618419
1392	-1.13156
1393	-1.13156
1394	-1.13156
1395	-1.13156
1396	-1.13156
1397	1.10796
1398	1.06397
1399	1.06397
1400	1.02125
1401	0.727667
1402	0.727667
1403	0.727667
1404	0.727667
1405	0.727667
1406	0.146961
1407	0.146961
1408	0.146961
1409	0.146961
1410	0.146961
1411	1.20698
1412	0.350705
1413	0.350705
1414	0.350705
1415	1.02729
1416	1.02729
1417	-0.580489
1418	1.34449
1419	1.34449
1420	1.34449
1421	-1.12394
1422	-1.12394
1423	-1.12394
1424	-1.12394
1425	-1.12394
1426	-0.0580962
1427	-0.0580962
1428	-0.0580962
1429	-0.0580962
1430	-0.0580962
1431	-0.0580962
1432	-0.599655
1433	-0.599655
1434	-0.599655
1435	-0.702447
1436	-0.702447
1437	-0.844372
1438	-0.844372
1439	0.630242
1440	0.415878
1441	0.695148
1442	0.695148
1443	-0.274728
1444	-0.274728
1445	-0.274728
1446	0.681819
1447	0.681819
1448	0.160264
1449	0.160264
1450	-1.47286
1451	-0.110584
1452	-0.110584
1453	-0.110584
1454	-0.110584
1455	-0.795063
1456	0.55156
1457	-0.814044
1458	-0.814044
1459	-0.814044
1460	0.140018
1461	0.140018
1462	0.145148
1463	-0.625622
1464	-1.22534
1465	-1.22534
1466	-0.760468
1467	-0.385398
1468	-0.385398
1469	-0.385398
1470	-0.385398
1471	0.232381
1472	0.232381
1473	-0.508793
1474	-0.541465
1475	-0.303284
1476	-0.303284
1477	0.486703
1478	0.486703
1479	0.486703
1480	0.486703
1481	0.486703
1482	0.22988
1483	0.22988
1484	0.22988
1485	0.22988
1486	1.01129
1487	0.615202
1488	0.694318
1489	0.0282011
1490	0.843165
1491	-0.640294
1492	-0.640294
1493	-0.640294
1494	1.45118
1495	1.01111
1496	1.01111
1497	0.870406
1498	-0.407338
1499	0.866961
1500	0.866961
1501	-0.54698
1502	0.985376
1503	0.985376
1504	0.911291
1505	0.618864
1506	0.369742
1507	0.196631
1508	0.196631
1509	0.196631
1510	0.196631
1511	0.0738229
1512	0.0738229
1513	0.0738229
1514	0.0738229
1515	0.0738229
1516	0.959675
1517	0.959675
1518	0.959675
1519	0.959675
1520	0.959675
1521	0.959675
1522	-0.623712
1523	-0.623712
1524	-0.623712
1525	-0.623712
1526	0.260016
1527	0.260016
1528	-0.130826
1529	-0.130826
1530	0.262408
1531	0.262408
1532	-0.219219
1533	1.26027
1534	1.26027
1535	-1.00196
1536	-1.00196
1537	-1.00196
1538	1.34002
1539	0.683114
1540	0.697634
1541	0.697634
1542	0.697634
1543	0.697634
1544	-0.920899
1545	-0.804337
1546	-0.804337
1547	-0.804337
1548	0.801711
1549	-0.531153
1550	-0.772224
1551	-1.05628
1552	-1.07673
1553	-1.07673
1554	-0.945701
1555	-0.945701
1556	-0.945701
1557	-0.945701
1558	-0.945701
1559	-0.945701
1560	0.350201
1561	-1.11992
1562	-0.439435
1563	-0.121596
1564	-0.897723
1565	-0.897723
1566	-0.897723
1567	-0.897723
1568	-1.182
1569	-1.182
1570	-1.182
1571	0.797013
1572	-1.77482
1573	-1.77482
1574	-0.48835
1575	-0.48835
1576	0.220493
1577	0.220493
1578	0.892527
1579	0.892527
1580	1.20421
1581	1.20421
1582	1.20421
1583	1.20421
1584	-0.251005
1585	-0.251005
1586	-0.251005
1587	1.19706
1588	1.19706
1589	1.19706
1590	1.19706
1591	0.589841
1592	-0.77437
1593	-0.77437
1594	-0.77437
1595	-0.77437
1596	-0.77437
1597	0.975629
1598	-0.338336
1599	-0.281691
1600	-0.281691
1601	1.34664
1602	1.34664
1603	0.910063
1604	1.04128
1605	1.45399
1606	-0.252978
1607	1.08431
1608	-0.297171
1609	-0.297171
1610	0.973363
1611	0.973363
1612	0.768378
1613	-0.268562
1614	-0.0406895
1615	0.630813
1616	0.630813
1617	0.630813
1618	0.630813
1619	0.630813
1620	-1.19941
1621	-0.20712
1622	-0.20712
1623	-0.20712
1624	-0.20712
1625	-0.20712
1626	-0.20712
1627	-0.20712
1628	0.516081
1629	0.516081
1630	-1.62893
1631	0.710255
1632	0.710255
1633	-1.55549
1634	0.823979
1635	0.823979
1636	0.379952
1637	0.379952
1638	0.379952
1639	0.630422
1640	0.630422
1641	0.630422
1642	0.630422
1643	1.11268
1644	1.11268
1645	-0.814033
1646	-0.814033
1647	-0.814033
1648	-0.501125
1649	-0.501125
1650	-0.501125
1651	-0.501125
1652	-0.359003
1653	0.706541
1654	0.706541
1655	0.706541
1656	-1.01036
1657	-1.01036
1658	-0.0662739
1659	0.994289
1660	0.994289
1661	0.912609
1662	-0.661818
1663	-0.661818
1664	0.160151
1665	0.160151
1666	-0.121274
1667	-0.121274
1668	-0.121274
1669	-0.121274
1670	-2.1821
1671	-2.1821
1672	-2.1821
1673	-2.14677
1674	-2.14677
1675	-0.128285
1676	-0.128285
1677	0.575707
1678	0.575707
1679	0.464495
1680	0.464495
1681	0.464495
1682	0.464495
1683	-0.520149
1684	0.529078
1685	0.529078
1686	0.529078
1687	-1.10382
1688	-1.10382
1689	-0.0945342
1690	-0.0945342
1691	0.616013
1692	-1.2219
1693	0.420251
1694	0.420251
1695	0.420251
1696	0.745439
1697	-0.782414
1698	-0.782414
1699	-0.782414
1700	-0.782414
1701	0.739623
1702	-0.634389
1703	0.17465
1704	0.46522
1705	0.46522
1706	-1.49067
1707	-1.49067
1708	-1.49067
1709	-1.49067
1710	0.916053
1711	0.916053
1712	0.916053
1713	0.916053
1714	0.916053
1715	0.916053
1716	0.916053
1717	-0.815534
1718	-0.963078
1719	-0.963078
1720	-0.963078
1721	0.923708
1722	0.923708
1723	-1.05851
1724	1.10268
1725	0.161865
1726	-0.671394
1727	0.311931
1728	0.0256187
1729	0.213542
1730	0.983385
1731	0.983385
1732	-0.39476
1733	-0.39476
1734	-0.39476
1735	0.963565
1736	-1.12044
1737	1.11817
1738	-0.178175
1739	1.96176
1740	0.408445
1741	0.408445
1742	0.408445
1743	-0.673185
1744	-0.673185
1745	0.0359078
1746	1.56759
1747	1.56759
1748	1.09997
1749	1.09997
1750	1.123
1751	1.77262
1752	1.77262
1753	1.4734
1754	1.4734
1755	0.416632
1756	0.416632
1757	0.598146
1758	0.598146
1759	0.598146
1760	0.598146
1761	0.598146
1762	0.598146
1763	0.598146
1764	0.598146
1765	-0.990009
1766	0.931787
1767	0.931787
1768	-0.786051
1769	-0.786051
1770	-0.786051
1771	-0.786051
1772	-0.786051
1773	-0.786051
1774	-0.0720122
1775	-0.0720122
1776	-0.0720122
1777	-0.0425434
1778	1.02304
1779	1.02304
1780	1.02304
1781	-0.90764
1782	-0.765974
1783	-1.11721
1784	1.6019
1785	1.6019
1786	1.6019
1787	0.424888
1788	0.424888
1789	1.079
1790	1.079
1791	0.616767
1792	-1.00277
1793	0.760927
1794	0.760927
1795	0.760927
1796	0.760927
1797	-0.589525
1798	-0.589525
1799	-0.589525
1800	0.338162
1801	-0.620514
1802	-0.620514
1803	-1.17718
1804	-0.462023
1805	-0.462023
1806	0.887291
1807	0.549251
1808	0.549251
1809	1.19082
1810	1.19082
1811	0.157843
1812	0.144957
1813	0.966302
1814	0.966302
1815	1.07812
1816	1.07812
1817	-0.85456
1818	-0.85456
1819	-0.85456
1820	0.244397
1821	0.244397
1822	-1.095
1823	-0.8592
1824	-0.8592
1825	0.438587
1826	0.438587
1827	0.438587
1828	-0.392333
1829	0.338723
1830	0.338723
1831	0.338723
1832	0.0507821
1833	0.0507821
1834	-0.985355
1835	-0.985355
1836	-0.985355
1837	-0.985355
1838	1.22613
1839	-0.120808
1840	0.244535
1841	0.330613
1842	1.41306
1843	0.148032
1844	-0.876105
1845	0.0153316
1846	0.0153316
1847	-0.829867
1848	-0.829867
1849	-0.829867
1850	-0.829867
1851	0.157536
1852	0.157536
1853	0.967717
1854	0.967717
1855	0.967717
1856	-0.230227
1857	-0.230227
1858	-0.213249
1859	-0.268422
1860	-1.19711
1861	-0.966416
1862	-1.42627
1863	-1.42627
1864	-1.42627
1865	0.131158
1866	-1.31404
1867	-1.31404
1868	-1.31404
1869	0.993167
1870	0.993167
1871	0.993167
1872	0.993167
1873	0.182432
1874	0.182432
1875	0.182432
1876	0.182432
1877	0.182432
1878	0.182432
1879	0.182432
1880	0.182432
1881	0.738925
1882	-0.669584
1883	-0.669584
1884	-1.29064
1885	-1.29064
1886	-1.29064
1887	-0.76585
1888	-0.757455
1889	-0.757455
1890	-0.757455
1891	0.536667
1892	-1.87112
1893	-1.87112
1894	-1.87112
1895	0.170859
1896	0.779616
1897	-0.30928
1898	-0.164424
1899	-0.164424
1900	-0.164424
1901	-0.164424
1902	1.09073
1903	1.09073
1904	1.09073
1905	1.09073
1906	1.09073
1907	-0.731392
1908	-0.731392
1909	-0.881508
1910	-1.05046
1911	-1.05046
1912	-1.05046
1913	-1.05046
1914	0.325618
1915	-0.931859
1916	0.589244
1917	0.589244
1918	0.589244
1919	0.589244
1920	0.589244
1921	-0.696947
1922	0.870263
1923	0.870263
1924	0.870263
1925	-0.448715
1926	-0.448715
1927	-0.448715
1928	-0.448715
1929	-0.756278
1930	-0.036927
1931	-0.036927
1932	0.940039
1933	0.940039
1934	1.31338
1935	-0.220443
1936	-0.220443
1937	0.737531
1938	0.737531
1939	0.737531
1940	0.737531
1941	0.737531
1942	0.737531
1943	0.737531
1944	0.737531
1945	0.737531
1946	-1.47388
1947	-1.47388
1948	-1.47388
1949	-0.343659
1950	0.658303
1951	-1.08301
1952	-1.08301
1953	-1.08301
1954	-1.08301
1955	-1.08301
1956	-1.04767
1957	-1.04767
1958	-1.04767
1959	-1.04767
1960	-1.04767
1961	-0.365669
1962	-0.365669
1963	-1.01461
1964	-1.01461
1965	0.440016
1966	0.440016
1967	0.440016
1968	1.37251
1969	-1.01842
1970	-1.01842
1971	-1.01842
1972	0.762834
1973	-0.266672
1974	-0.266672
1975	-0.266672
1976	-0.266672
1977	-0.266672
1978	-0.266672
1979	0.992194
1980	0.992194
1981	0.992194
1982	0.992194
1983	0.992194
1984	-0.72475
1985	-0.72475
1986	-0.277926
1987	-0.277926
1988	-0.277926
1989	1.26029
1990	-0.20145
1991	0.725848
1992	0.725848
1993	0.725848
1994	1.56304
1995	1.56304
1996	0.567996
1997	-0.957784
1998	0.426698
1999	0.426698
2000	0.205139
2001	-0.953726
2002	-0.953726
2003	-1.05547
2004	-1.05547
2005	1.14785
2006	1.14785
2007	1.14785
2008	-1.5286
2009	-0.635487
2010	-0.635487
2011	1.6305
2012	1.05472
2013	1.05472
2014	-1.49684
2015	1.00991
2016	1.00991
2017	0.643443
2018	0.643443
2019	0.643443
2020	0.526351
2021	0.526351
2022	-1.78751
2023	-1.78751
2024	-1.78751
2025	-1.58223
2026	-1.58223
2027	0.988515
2028	-0.758996
2029	1.02841
2030	-0.809925
2031	-0.716123
2032	-0.716123
2033	-0.716123
2034	-0.716123
2035	-0.716123
2036	-0.892921
2037	-0.892921
2038	1.0026
2039	1.23006
2040	-0.349493
2041	-0.349493
2042	0.668304
2043	0.668304
2044	0.668304
2045	0.668304
2046	1.03614
2047	1.03614
2048	1.03614
2049	1.03614
2050	-0.464687
2051	-0.464687
2052	-0.464687
2053	0.0594124
2054	0.0594124
2055	-0.605356
2056	-0.605356
2057	0.106213
2058	0.106213
2059	0.106213
2060	1.13119
2061	-1.08853
2062	-0.0420834
2063	1.30824
2064	1.30824
2065	-0.953168
2066	-0.953168
2067	-0.953168
2068	-0.234369
2069	0.755482
2070	0.755482
2071	0.755482
2072	-0.940892
2073	-0.948893
2074	-0.948893
2075	-0.948893
2076	0.0171169
2077	-0.775748
2078	0.741563
2079	0.485641
2080	1.13735
2081	1.13735
2082	1.13735
2083	-0.440209
2084	1.02745
2085	-0.0853057
2086	-0.0853057
2087	-1.84673
2088	-1.61067
2089	0.0867336
2090	-0.788954
2091	-1.22061
2092	0.055803
2093	1.34254
2094	0.741635
2095	0.741635
2096	0.107547
2097	0.107547
2098	0.107547
2099	0.107547
2100	0.107547
2101	0.107547
2102	1.07924
2103	-0.578906
2104	-0.578906
2105	-0.578906
2106	1.04378
2107	0.308709
2108	0.308709
2109	-0.859673
2110	0.461975
2111	0.608565
2112	0.608565
2113	-0.771976
2114	-0.771976
2115	-0.771976
2116	0.733378
2117	0.733378
2118	0.733378
2119	-0.868556
2120	0.100303
2121	0.100303
2122	-0.834662
2123	-0.834662
2124	-1.02088
2125	-1.02088
2126	0.371398
2127	0.371398
2128	-1.41643
2129	-1.41643
2130	-1.41643
2131	-1.74735
2132	-1.74735
2133	-1.74735
2134	-1.30871
2135	-1.36342
2136	-1.36342
2137	-1.36342
2138	0.503547
2139	-0.506894
2140	-1.24622
2141	-0.74734
2142	-0.74734
2143	-0.74734
2144	-0.74734
2145	-0.872209
2146	-1.13375
2147	-1.13375
2148	-1.13375
2149	-1.80425
2150	0.500321
2151	0.500321
2152	0.500321
2153	0.500321
2154	-1.1082
2155	-1.1082
2156	0.406574
2157	0.406574
2158	0.406574
2159	0.928972
2160	0.928972
2161	0.928972
2162	0.928972
2163	-0.862405
2164	0.522894
2165	0.522894
2166	0.522894
2167	0.522894
2168	1.27172
2169	0.928869
2170	0.928869
2171	-0.311567
2172	-1.2606
2173	-1.2606
2174	-1.2606
2175	-1.2606
2176	-1.2606
2177	-1.2606
2178	-0.745293
2179	0.506638
2180	0.506638
2181	1.00912
2182	1.00912
2183	-1.64506
2184	-1.01164
2185	1.47503
2186	1.41948
2187	1.41948
2188	0.215128
2189	0.614363
2190	0.614363
2191	0.614363
2192	0.145677
2193	0.666039
2194	0.666039
2195	0.892316
2196	-0.0413802
2197	-0.0413802
2198	0.701251
2199	0.701251
2200	-0.639608
2201	-0.639608
2202	-0.639608
2203	-1.08966
2204	-0.856438
2205	1.10384
2206	1.10384
2207	-0.967678
2208	-0.967678
2209	1.19877
2210	1.48794
2211	1.40956
2212	0.143284
2213	-0.41053
2214	-0.41053
2215	-1.62581
2216	-1.10236
2217	-1.14362
2218	0.937784
2219	0.937784
2220	0.937784
2221	0.937784
2222	1.34146
2223	-0.427085
2224	-0.427085
2225	-1.41955
2226	-1.41955
2227	0.897057
2228	-0.558638
2229	-0.342781
2230	-0.342781
2231	-0.342781
2232	-0.342781
2233	-0.342781
2234	-1.50397
2235	-1.50397
2236	-1.50397
2237	-1.50397
2238	-1.50397
2239	-2.30728
2240	-2.55779
2241	-2.55779
2242	-1.96591
2243	-0.455994
2244	-0.455994
2245	-0.455994
2246	0.606994
2247	0.606994
2248	0.606994
2249	-2.07676
2250	0.176754
2251	0.176754
2252	0.187879
2253	0.187879
2254	0.187879
2255	0.187879
2256	0.187879
2257	0.187879
2258	0.187879
2259	-1.43782
2260	-1.43782
2261	0.555265
2262	-0.728231
2263	-0.728231
2264	-0.728231
2265	-0.728231
2266	0.229807
2267	0.229807
2268	0.229807
2269	-0.673705
2270	-0.673705
2271	0.149898
2272	0.149898
2273	-1.73422
2274	-1.73422
2275	0.199054
2276	-0.760146
2277	-0.760146
2278	0.579506
2279	0.579506
2280	-1.04312
2281	-1.04312
2282	-1.04312
2283	-1.04312
2284	-1.04312
2285	-1.04312
2286	-1.00905
2287	-1.72545
2288	-1.72545
2289	0.829586
2290	0.925032
2291	0.925032
2292	0.925032
2293	0.925032
2294	0.925032
2295	0.867834
2296	0.867834
2297	0.867834
2298	0.867834
2299	0.867834
2300	-0.294545
2301	-0.294545
2302	-0.696546
2303	-0.696546
2304	-0.487339
2305	0.531731
2306	1.53601
2307	0.837408
2308	0.837408
2309	1.22359
2310	0.186847
2311	-0.440621
2312	0.392505
2313	0.392505
2314	0.392505
2315	-0.950914
2316	-0.950914
2317	-0.950914
2318	-0.950914
2319	0.693809
2320	0.693809
2321	0.693809
2322	0.693809
2323	0.112393
2324	-0.620463
2325	0.41045
2326	0.330809
2327	0.330809
2328	0.945648
2329	0.945648
2330	0.695986
2331	0.695986
2332	0.695986
2333	-1.62514
2334	-0.668617
2335	-0.668617
2336	-0.668617
2337	-0.668617
2338	-0.668617
2339	-0.510232
2340	-0.510232
2341	-1.28288
2342	-1.28288
2343	-1.28288
2344	-1.28288
2345	-1.28288
2346	-1.7639
2347	-1.7639
2348	-1.7639
2349	-1.68672
2350	-1.68672
2351	0.648014
2352	0.648014
2353	0.696215
2354	0.696215
2355	-1.5626
2356	-0.8248
2357	0.0951562
2358	-0.0661035
2359	-0.0661035
2360	-0.0661035
2361	0.980783
2362	0.980783
2363	0.980783
2364	0.980783
2365	0.980783
2366	-0.973591
2367	-0.973591
2368	0.559852
2369	0.521821
2370	1.35624
2371	1.35624
2372	1.35624
2373	1.45672
2374	1.45672
2375	1.45672
2376	1.45672
2377	-0.221752
2378	-0.221752
2379	-0.459169
2380	-0.459169
2381	-0.459169
2382	-0.459169
2383	-0.349295
2384	0.249769
2385	0.249769
2386	0.249769
2387	0.435385
2388	0.435385
2389	0.435385
2390	0.812639
2391	0.812639
2392	-1.50629
2393	-1.50629
2394	-1.50629
2395	-0.660062
2396	-0.660062
2397	-1.69636
2398	-0.610949
2399	-0.243124
2400	-0.243124
2401	-0.243124
2402	-0.172714
2403	-0.287955
2404	-0.287955
2405	1.00615
2406	1.00615
2407	-0.394381
2408	-1.46772
2409	-1.44756
2410	0.768585
2411	-1.68087
2412	0.980337
2413	0.980337
2414	0.980337
2415	0.980337
2416	0.980337
2417	-0.0623769
2418	-0.320848
2419	-0.680395
2420	-0.680395
2421	-0.680395
2422	-0.828309
2423	-0.828309
2424	-0.935196
2425	-0.0438323
2426	1.31105
2427	1.31105
2428	1.31105
2429	1.31105
2430	0.667964
2431	0.667964
2432	0.667964
2433	-0.163435
2434	-0.24522
2435	-0.0598552
2436	-0.0598552
2437	-0.0598552
2438	-0.83344
2439	-0.83344
2440	1.23827
2441	1.23827
2442	1.23827
2443	1.23827
2444	1.23827
2445	1.23827
2446	-0.107419
2447	-1.36385
2448	-1.36385
2449	-1.36385
2450	-1.10584
2451	0.635851
2452	0.228652
2453	-0.365716
2454	-0.365716
2455	0.388949
2456	-0.519401
2457	-0.519401
2458	-0.519401
2459	-0.519401
2460	-0.519401
2461	0.891527
2462	0.891527
2463	0.891527
2464	0.891527
2465	-0.089913
2466	0.0871211
2467	0.15682
2468	0.15682
2469	0.434167
2470	-0.426915
2471	-0.426915
2472	-0.426915
2473	-0.426915
2474	-0.426915
2475	-0.426915
2476	0.00883858
2477	0.00883858
2478	-0.304495
2479	0.368067
2480	0.368067
2481	0.048896
2482	0.048896
2483	0.048896
2484	0.048896
2485	0.048896
2486	0.048896
2487	0.048896
2488	0.048896
2489	0.497149
2490	-0.137302
2491	-0.252774
2492	0.156916
2493	0.156916
2494	-0.668928
2495	-0.668928
2496	-0.668928
2497	-0.668928
2498	-0.668928
2499	-0.668928
2500	-0.668928
2501	0.226015
2502	0.226015
2503	0.226015
2504	0.226015
2505	0.226015
2506	-0.196009
2507	-0.196009
2508	0.143686
2509	1.19189
2510	0.696116
2511	0.696116
2512	0.696116
2513	0.613059
2514	0.878229
2515	0.989889
2516	0.423452
2517	0.423452
2518	1.19311
2519	-0.342068
2520	1.38784
2521	1.38784
2522	0.602046
2523	0.0186716
2524	0.0186716
2525	0.0186716
2526	-0.0441996
2527	-0.746793
2528	-0.746793
2529	1.35856
2530	1.35856
2531	1.35856
2532	-0.282308
2533	-0.282308
2534	-0.282308
2535	1.68286
2536	-0.65893
2537	0.928686
2538	0.928686
2539	0.928686
2540	0.928686
2541	1.0121
2542	1.0121
2543	1.0121
2544	-0.863148
2545	-0.863148
2546	-0.863148
2547	-0.863148
2548	-0.885483
2549	-0.885483
2550	-0.885483
2551	1.47077
2552	0.842451
2553	-0.9466
2554	-0.9466
2555	-0.300819
2556	-0.387387
2557	-0.120337
2558	-0.120337
2559	-0.120337
2560	-0.120337
2561	-0.761399
2562	-0.761399
2563	-0.0429035
2564	0.766528
2565	0.766528
2566	0.766528
2567	0.766528
2568	0.766528
2569	0.766528
2570	0.169633
2571	0.169633
2572	-0.116857
2573	-0.116857
2574	-0.116857
2575	-0.817361
2576	-0.817361
2577	1.46258
2578	1.46258
2579	0.460267
2580	0.460267
2581	0.460267
2582	0.460267
2583	-0.835042
2584	-0.835042
2585	-1.00752
2586	-1.00752
2587	1.35898
2588	1.35898
2589	1.32223
2590	-0.479189
2591	-0.479189
2592	-0.479189
2593	-0.711622
2594	-0.709962
2595	-0.709962
2596	-0.709962
2597	1.12911
2598	1.12911
2599	1.47444
2600	1.47444
2601	1.47444
2602	0.503518
2603	-0.289354
2604	-0.506873
2605	-1.21028
2606	-0.805112
2607	-0.29035
2608	0.561043
2609	0.561043
2610	0.561043
2611	0.725983
2612	-0.326814
2613	-0.956672
2614	-0.0747832
2615	-0.119169
2616	-0.858932
2617	-1.29296
2618	-0.97242
2619	-0.97242
2620	0.976283
2621	-1.2213
2622	-0.639743
2623	-0.639743
2624	-0.639743
2625	-1.45611
2626	1.24772
2627	1.24772
2628	1.24772
2629	1.24772
2630	1.24772
2631	1.24772
2632	1.24772
2633	1.24772
2634	1.24772
2635	-0.355795
2636	-0.355795
2637	-0.355795
2638	-0.355795
2639	-0.355795
2640	-0.613332
2641	-0.613332
2642	-0.613332
2643	-0.115356
2644	-0.115356
2645	-0.115356
2646	-0.115356
2647	-0.115356
2648	1.56578
2649	1.56578
2650	-0.160065
2651	-1.16277
2652	1.46307
2653	1.43843
2654	0.413025
2655	0.61295
2656	0.61295
2657	1.16614
2658	-0.676397
2659	-0.59131
2660	-0.0927517
2661	-0.174781
2662	1.15246
2663	1.4045
2664	1.4045
2665	1.40428
2666	1.40428
2667	1.40428
2668	1.665
2669	0.671491
2670	0.671491
2671	0.00101543
2672	1.11886
2673	1.11886
2674	0.670761
2675	0.789322
2676	0.061875
2677	0.061875
2678	0.061875
2679	-1.72563
2680	-1.72563
2681	0.286094
2682	0.819371
2683	-1.36151
2684	-1.61925
2685	-1.61925
2686	-1.61925
2687	-1.61925
2688	-0.58471
2689	-0.193169
2690	-0.193169
2691	-0.193169
2692	-0.193169
2693	-0.329791
2694	-0.329791
2695	-0.329791
2696	0.312872
2697	0.994855
2698	0.994855
2699	0.110327
2700	0.110327
2701	0.110327
2702	-1.34198
2703	-1.34198
2704	-0.508333
2705	0.478068
2706	0.478068
2707	0.478068
2708	-0.328171
2709	-0.328171
2710	0.40531
2711	0.40531
2712	-0.969364
2713	0.437865
2714	0.406553
2715	-0.0299796
2716	0.745147
2717	0.745147
2718	0.745147
2719	1.89215
2720	0.727857
2721	0.736678
2722	0.963873
2723	0.963873
2724	-0.49685
2725	-0.145143
2726	-0.145143
2727	0.854419
2728	1.79493
2729	1.74373
2730	1.74373
2731	1.4022
2732	1.4022
2733	1.4022
2734	0.570145
2735	1.56947
2736	1.06963
2737	-0.500111
2738	0.902768
2739	0.902768
2740	0.902768
2741	0.902768
2742	0.902768
2743	0.902768
2744	0.902768
2745	0.902768
2746	0.902768
2747	-0.427388
2748	-1.28246
2749	-1.28246
2750	-1.28246
2751	-1.28246
2752	-0.866949
2753	-0.866949
2754	-0.628067
2755	-0.0129562
2756	-0.0129562
2757	0.526345
2758	-0.0525115
2759	-0.0525115
2760	-0.0525115
2761	-0.0525115
2762	0.899057
2763	0.899057
2764	0.899057
2765	0.899057
2766	0.899057
2767	-1.34292
2768	-1.34292
2769	-1.34292
2770	1.06192
2771	1.08894
2772	0.991691
2773	0.991691
2774	0.991691
2775	-0.255939
2776	-0.758772
2777	0.377543
2778	0.377543
2779	0.377543
2780	0.685759
2781	-1.31324
2782	-1.31324
2783	0.342877
2784	1.12226
2785	0.0206532
2786	0.0206532
2787	0.0206532
2788	0.648577
2789	0.648577
2790	0.648577
2791	1.82766
2792	1.82766
2793	1.82766
2794	1.82766
2795	1.82766
2796	1.08082
2797	0.66339
2798	0.726798
2799	0.726798
2800	0.726798
2801	0.726798
2802	-0.616864
2803	-0.616864
2804	-0.616864
2805	-0.616864
2806	1.11647
2807	1.11647
2808	-0.460694
2809	-0.460694
2810	-0.582625
2811	-1.60147
2812	-0.501082
2813	-0.501082
2814	1.11848
2815	-1.32547
2816	-1.32547
2817	-1.32547
2818	1.3578
2819	2.65824
2820	2.65824
2821	2.15227
2822	0.680782
2823	-1.40026
2824	0.792374
2825	-0.375166
2826	-0.375166
2827	-0.375166
2828	-0.375166
2829	1.16318
2830	1.16318
2831	1.16318
2832	1.16318
2833	-0.920071
2834	-0.920071
2835	-0.920071
2836	-0.418782
2837	-0.418782
2838	-0.418782
2839	-0.890501
2840	-0.0334458
2841	-0.0334458
2842	2.39146
2843	2.39146
2844	1.71994
2845	1.71994
2846	1.71994
2847	1.35468
2848	1.35468
2849	0.776632
2850	0.776632
2851	1.17601
2852	1.17601
2853	1.17601
2854	1.17601
2855	1.17601
2856	1.17601
2857	0.611471
2858	0.611471
2859	0.900587
2860	0.271649
2861	0.271649
2862	0.271649
2863	0.271649
2864	0.271649
2865	0.271649
2866	0.271649
2867	0.271649
2868	-0.81894
2869	-0.81894
2870	-0.605378
2871	0.735799
2872	-1.55994
2873	0.589285
2874	-0.241186
2875	1.29749
2876	1.29749
2877	0.922911
2878	0.922911
2879	0.922911
2880	0.922911
2881	0.922911
2882	-0.858352
2883	1.82854
2884	-0.613274
2885	-0.613274
2886	-0.613274
2887	-0.00877512
2888	-0.00877512
2889	-0.00877512
2890	-0.00877512
2891	-0.00877512
2892	-0.501153
2893	-0.828406
2894	1.66388
2895	1.66388
2896	1.66388
2897	1.09128
2898	1.09128
2899	0.309441
2900	0.514434
2901	1.48537
2902	1.48537
2903	0.810895
2904	0.217944
2905	0.217944
2906	0.217944
2907	0.217944
2908	0.703195
2909	0.703195
2910	0.703195
2911	-1.05691
2912	-0.0500124
2913	-0.0500124
2914	-1.04076
2915	0.732997
2916	-0.176395
2917	-0.461813
2918	-0.461813
2919	0.434112
2920	0.434112
2921	-0.730111
2922	0.425668
2923	0.425668
2924	0.425668
2925	-0.0968956
2926	-0.0968956
2927	0.358004
2928	0.358004
2929	0.358004
2930	0.358004
2931	-0.463225
2932	-1.67058
2933	-1.67058
2934	0.591654
2935	-1.10927
2936	-1.10927
2937	0.726391
2938	0.511148
2939	0.859466
2940	0.859466
2941	0.859466
2942	0.617392
2943	0.617392
2944	-0.950947
2945	-0.950947
2946	-0.950947
2947	-0.950947
2948	-0.950947
2949	0.623353
2950	0.623353
2951	-0.310844
2952	-0.310844
2953	-0.310844
2954	0.124907
2955	0.124907
2956	0.124907
2957	-0.197061
2958	-0.197061
2959	-0.197061
2960	-0.197061
2961	0.0261064
2962	-1.26463
2963	-1.82709
2964	-1.32901
2965	-0.693777
2966	-0.693777
2967	-0.865924
2968	1.0937
2969	1.0937
2970	-0.979514
2971	-0.295212
2972	-1.35265
2973	-1.35265
2974	-1.54257
2975	0.554379
2976	0.554379
2977	-0.781484
2978	-0.781484
2979	0.335421
2980	-1.05525
2981	-1.05525
2982	-1.05525
2983	-1.05525
2984	-0.576297
2985	-0.576297
2986	1.36922
2987	0.0610805
2988	0.128464
2989	0.128464
2990	0.128464
2991	0.128464
2992	0.128464
2993	-1.17376
2994	-0.0802664
2995	-1.21357
2996	-1.21357
2997	-1.21357
2998	-1.15923
2999	-1.28562
3000	-0.846566
3001	-0.846566
3002	-0.846566
3003	-0.846566
3004	-0.846566
3005	-0.730539
3006	-0.730539
3007	-0.730539
3008	1.5696
3009	-0.11983
3010	-0.113655
3011	-0.113655
3012	-0.113655
3013	-1.41126
3014	1.25761
3015	0.0310346
3016	0.0310346
3017	1.13432
3018	-0.334781
3019	-0.334781
3020	-0.544602
3021	0.0202537
3022	0.196977
3023	-0.304714
3024	0.257631
3025	1.30765
3026	1.30765
3027	1.30765
3028	-0.0902038
3029	0.474162
3030	1.35826
3031	1.35826
3032	1.35826
3033	-1.14548
3034	1.30074
3035	1.30074
3036	-0.851341
3037	-0.365627
3038	-0.365627
3039	-0.365627
3040	-0.365627
3041	-0.365627
3042	-0.550474
3043	0.704865
3044	0.704865
3045	0.704865
3046	-0.600103
3047	-0.117205
3048	-1.4092
3049	0.876795
3050	0.876795
3051	0.876795
3052	-1.73858
3053	0.752118
3054	0.752118
3055	0.0438474
3056	0.0438474
3057	0.0438474
3058	0.0438474
3059	-0.418797
3060	-0.888732
3061	0.68462
3062	0.68462
3063	0.68462
3064	0.352508
3065	-0.924145
3066	1.03029
3067	1.03029
3068	0.853101
3069	0.268095
3070	0.287692
3071	-0.852251
3072	0.0163436
3073	0.0163436
3074	-0.353321
3075	0.949461
3076	-0.807327
3077	1.24459
3078	-1.01987
3079	0.189333
3080	0.189333
3081	0.51435
3082	0.51435
3083	-0.782587
3084	-0.782587
3085	-0.602229
3086	-0.602229
3087	1.55835
3088	-0.526345
3089	-0.526345
3090	-0.526345
3091	-0.526345
3092	-0.526345
3093	-0.526345
3094	-0.526345
3095	-0.526345
3096	-0.526345
3097	-0.434796
3098	-0.134115
3099	-0.134115
3100	-0.134115
3101	-0.134115
3102	-1.08345
3103	0.138831
3104	0.417325
3105	-0.212591
3106	-0.814132
3107	-0.814132
3108	0.412624
3109	-0.656098
3110	0.134693
3111	0.32945
3112	1.64367
3113	0.904125
3114	-0.0973133
3115	-0.988412
3116	-0.988412
3117	-0.988412
3118	0.0257919
3119	0.0257919
3120	-0.928117
3121	-0.928117
3122	1.17116
3123	0.465714
3124	0.94755
3125	-1.09951
3126	-1.13771
3127	-1.06825
3128	-1.06825
3129	-0.973699
3130	-0.973699
3131	-0.726734
3132	-1.46771
3133	0.689255
3134	-1.50423
3135	-0.690606
3136	-0.690606
3137	0.861143
3138	-0.111411
3139	-0.0985567
3140	-2.0154
3141	-2.0154
3142	-2.0154
3143	-1.93038
3144	-0.325641
3145	0.8797
3146	0.8797
3147	0.8797
3148	0.8797
3149	0.8797
3150	1.58113
3151	-0.427629
3152	0.0732615
3153	1.60497
3154	-0.654964
3155	-0.654964
3156	-1.52609
3157	-0.85804
3158	1.06119
3159	1.36011
3160	1.36011
3161	1.36011
3162	0.738908
3163	-0.628573
3164	-0.628573
3165	-0.628573
3166	-0.241331
3167	0.810312
3168	-0.953636
3169	-0.953636
3170	-0.953636
3171	-0.953636
3172	-0.953636
3173	-0.953636
3174	-0.682579
3175	-0.231607
3176	-0.291022
3177	-0.291022
3178	-0.291022
3179	-0.597782
3180	-0.597782
3181	-0.597782
3182	0.0929962
3183	-0.816316
3184	0.280175
3185	0.280175
3186	0.280175
3187	-1.4723
3188	-1.4723
3189	0.984714
3190	-0.288992
3191	0.0948853
3192	0.170976
3193	0.170976
3194	0.385152
3195	1.5711
3196	1.5711
3197	1.5711
3198	1.5711
3199	1.5711
3200	-1.01186
3201	-1.01186
3202	-1.01186
3203	0.456727
3204	0.456727
3205	0.456727
3206	0.615183
3207	0.176737
3208	-0.393613
3209	-0.393613
3210	-0.393613
3211	-0.393613
3212	0.874581
3213	0.874581
3214	0.874581
3215	0.874581
3216	0.874581
3217	-1.03987
3218	0.451616
3219	-1.12049
3220	-1.12049
3221	-1.12049
3222	-1.12049
3223	0.0645606
3224	0.624186
3225	0.624186
3226	0.624186
3227	0.712636
3228	0.712636
3229	0.712636
3230	0.712636
3231	0.712636
3232	1.25639
3233	-0.0915706
3234	-0.207358
3235	-1.33257
3236	-1.33257
3237	-1.33257
3238	0.994602
3239	-0.0992526
3240	0.108452
3241	0.108452
3242	-0.43948
3243	0.992394
3244	0.220279
3245	0.220279
3246	0.220279
3247	-0.772908
3248	0.401187
3249	0.401187
3250	0.401187
3251	0.630867
3252	0.630867
3253	-0.606106
3254	0.363909
3255	0.363909
3256	0.994808
3257	0.994808
3258	-0.268061
3259	1.09893
3260	1.09893
3261	1.10638
3262	-0.726497
3263	-1.11148
3264	0.34045
3265	0.34045
3266	0.34045
3267	0.34045
3268	0.34045
3269	0.34045
3270	0.105035
3271	-0.427949
3272	-0.427949
3273	-0.427949
3274	-0.427949
3275	0.790857
3276	0.790857
3277	0.302273
3278	0.302273
3279	-0.275833
3280	-0.275833
3281	-0.275833
3282	-0.275833
3283	-0.264258
3284	-0.264258
3285	-0.264258
3286	-0.264258
3287	1.88925
3288	1.87839
3289	1.42067
3290	1.42067
3291	1.42067
3292	1.42067
3293	1.42067
3294	1.42067
3295	-0.186088
3296	-0.127895
3297	-0.127895
3298	-1.63659
3299	-1.63659
3300	-1.63659
3301	0.511427
3302	0.511427
3303	1.25322
3304	-0.0642616
3305	-0.0642616
3306	-0.83336
3307	-0.83336
3308	1.18045
3309	-1.0798
3310	-1.60102
3311	0.670482
3312	-0.992572
3313	0.645861
3314	0.645861
3315	0.645861
3316	0.744888
3317	0.744888
3318	0.224494
3319	0.224494
3320	0.146023
3321	-0.817253
3322	-0.817253
3323	-0.605858
3324	-0.605858
3325	-0.40729
3326	-0.296368
3327	-0.296368
3328	-0.296368
3329	0.370985
3330	0.370985
3331	0.370985
3332	-0.487495
3333	-0.487495
3334	-0.487495
3335	-0.487495
3336	-0.487495
3337	-0.301123
3338	-0.301123
3339	-0.301123
3340	-0.159536
3341	-0.159536
3342	-0.159536
3343	-0.159536
3344	-0.159536
3345	0.299012
3346	0.634239
3347	0.634239
3348	0.634239
3349	0.634239
3350	0.666193
3351	-0.331137
3352	0.533598
3353	0.533598
3354	0.883337
3355	-0.698051
3356	-0.698051
3357	1.09288
3358	1.09288
3359	1.09288
3360	0.022876
3361	0.122682
3362	0.0392301
3363	1.0832
3364	-0.0378245
3365	0.252466
3366	-0.38322
3367	-1.99812
3368	-1.99812
3369	-1.99812
3370	-1.99812
3371	-0.796308
3372	-0.796308
3373	-0.796308
3374	-0.796308
3375	1.36251
3376	-0.708211
3377	-0.708211
3378	0.968468
3379	0.968468
3380	0.968468
3381	0.968468
3382	0.968468
3383	0.968468
3384	0.968468
3385	0.968468
3386	0.340826
3387	0.732829
3388	-1.25178
3389	-0.316344
3390	0.0768931
3391	-1.13941
3392	-1.13941
3393	-1.13941
3394	-0.345516
3395	-0.345516
3396	-0.857729
3397	-1.15025
3398	-0.509883
3399	-0.982086
3400	-0.982086
3401	-0.982086
3402	-0.982086
3403	-1.19899
3404	-1.18402
3405	-0.729403
3406	-0.729403
3407	-0.729403
3408	-0.848363
3409	0.460548
3410	0.460548
3411	1.74363
3412	1.74363
3413	1.63167
3414	0.948586
3415	0.948586
3416	0.948586
3417	0.18018
3418	1.01484
3419	1.01484
3420	0.00465536
3421	-0.753648
3422	-0.753648
3423	-0.163969
3424	1.90857
3425	-0.523495
3426	-0.523495
3427	1.09136
3428	-0.71666
3429	-0.633575
3430	-0.633575
3431	0.0940871
3432	0.0940871
3433	0.0940871
3434	0.826328
3435	-0.252315
3436	0.789927
3437	1.5336
3438	2.04527
3439	-0.332658
3440	-0.782394
3441	-0.33488
3442	-0.33488
3443	0.307014
3444	0.307014
3445	0.307014
3446	0.307014
3447	0.307014
3448	-0.0329423
3449	-0.465777
3450	-0.465777
3451	-0.465777
3452	-0.465777
3453	-0.465777
3454	-0.465777
3455	1.38133
3456	-0.187811
3457	-0.187811
3458	-0.95628
3459	-0.896123
3460	0.178561
3461	0.178561
3462	-0.4932
3463	-0.4932
3464	-0.4932
3465	0.673543
3466	0.673543
3467	0.673543
3468	0.673543
3469	0.311482
3470	-0.863741
3471	-0.750724
3472	-0.750724
3473	-0.909056
3474	-0.909056
3475	-0.909056
3476	1.15147
3477	1.15147
3478	1.15147
3479	-0.169456
3480	-0.0134201
3481	-0.160093
3482	-0.102629
3483	-0.102629
3484	-1.39309
3485	-1.47932
3486	-1.47932
3487	-1.47932
3488	-1.47932
3489	-1.47932
3490	-1.47932
3491	-1.47932
3492	0.254036
3493	0.254036
3494	0.254036
3495	0.254036
3496	0.815608
3497	0.815608
3498	-0.903038
3499	-0.293865
3500	-0.293865
3501	1.02269
3502	0.662286
3503	1.17488
3504	1.17488
3505	1.17488
3506	-0.313421
3507	0.401414
3508	0.401414
3509	0.401414
3510	-1.38747
3511	-0.123205
3512	-0.881543
3513	-0.881543
3514	-0.881543
3515	-0.881543
3516	-0.881543
3517	-0.881543
3518	1.11596
3519	1.11596
3520	0.243401
3521	0.920706
3522	0.920706
3523	0.920706
3524	0.920706
3525	0.920706
3526	0.920706
3527	0.477124
3528	0.477124
3529	-0.221312
3530	-0.221312
3531	-0.221312
3532	-0.221312
3533	0.555258
3534	0.743289
3535	0.743289
3536	-0.363816
3537	-0.363816
3538	-0.363816
3539	-0.99656
3540	-0.99656
3541	0.0519133
3542	0.0519133
3543	0.453633
3544	0.453633
3545	0.453633
3546	-0.0298811
3547	-0.0298811
3548	0.681963
3549	0.681963
3550	-0.260163
3551	-1.57948
3552	-1.57948
3553	-1.57948
3554	0.0701754
3555	0.614209
3556	0.614209
3557	0.347525
3558	0.0250051
3559	-0.763442
3560	-0.763442
3561	-0.618843
3562	0.216974
3563	0.834072
3564	0.882508
3565	0.882508
3566	0.882508
3567	0.882508
3568	0.744655
3569	0.744655
3570	0.744655
3571	0.744655
3572	-0.88438
3573	-0.88438
3574	-0.88438
3575	-0.492311
3576	-0.492311
3577	-0.492311
3578	0.201813
3579	-0.252112
3580	1.14727
3581	1.14727
3582	-0.615814
3583	-1.08683
3584	-0.0141543
3585	-0.0141543
3586	-0.0141543
3587	-0.970197
3588	-0.654486
3589	-0.654486
3590	0.891347
3591	0.891347
3592	1.1179
3593	1.1179
3594	1.1179
3595	0.788281
3596	0.788281
3597	0.0728225
3598	0.29615
3599	-0.423185
3600	-0.887666
3601	0.512109
3602	-1.32208
3603	-1.26073
3604	1.11108
3605	-0.630611
3606	-0.630611
3607	-0.630611
3608	-0.630611
3609	-0.541406
3610	-0.839087
3611	-0.839087
3612	-0.249979
3613	-0.249979
3614	-0.249979
3615	-0.249979
3616	-0.249979
3617	0.989611
3618	1.2023
3619	1.2023
3620	-0.523326
3621	0.65464
3622	0.65464
3623	0.65464
3624	-0.523303
3625	-0.523303
3626	-0.128283
3627	-0.128283
3628	-0.128283
3629	-0.338134
3630	-0.778983
3631	-0.778983
3632	-0.778983
3633	-0.778983
3634	-0.778983
3635	-0.778983
3636	-0.778983
3637	-0.778983
3638	0.0193061
3639	0.0193061
3640	0.0193061
3641	0.0193061
3642	0.0193061
3643	0.0193061
3644	0.299283
3645	0.299283
3646	0.299283
3647	-0.193915
3648	-0.193915
3649	1.01079
3650	0.708418
3651	0.708418
3652	0.708418
3653	1.04152
3654	1.04152
3655	1.04152
3656	1.04152
3657	-1.04197
3658	0.506084
3659	0.506084
3660	0.506084
3661	-0.112788
3662	-0.819474
3663	-0.819474
3664	-0.819474
3665	-1.56188
3666	0.875587
3667	1.18053
3668	-0.169822
3669	1.13763
3670	1.13763
3671	-1.2787
3672	-1.2787
3673	0.58246
3674	-0.350987
3675	-0.350987
3676	-0.350987
3677	-0.350987
3678	-0.0906861
3679	1.60847
3680	1.60847
3681	1.60847
3682	0.59229
3683	0.59229
3684	0.59229
3685	0.477352
3686	0.477352
3687	0.404451
3688	0.404451
3689	1.14486
3690	0.181411
3691	0.181411
3692	0.181411
3693	-0.134492
3694	-0.691229
3695	-0.366358
3696	-0.366358
3697	-0.366358
3698	1.65661
3699	1.65661
3700	1.65661
3701	-1.01836
3702	0.516924
3703	-1.32972
3704	-1.32972
3705	0.483008
3706	1.08736
3707	-0.855866
3708	-0.683473
3709	-0.942396
3710	-1.17025
3711	-1.17025
3712	-1.17025
3713	-1.17025
3714	-1.17025
3715	-0.375272
3716	-0.375272
3717	-0.564219
3718	-0.511457
3719	1.12013
3720	1.12013
3721	0.863877
3722	-0.614305
3723	-0.614305
3724	1.54879
3725	0.858385
3726	-0.132866
3727	-0.132866
3728	0.406989
3729	-0.692743
3730	-0.692743
3731	0.705215
3732	0.705215
3733	0.705215
3734	0.705215
3735	0.705215
3736	-0.549601
3737	-0.819019
3738	-0.819019
3739	-0.819019
3740	1.34258
3741	-0.0888482
3742	1.76866
3743	0.688716
3744	0.688716
3745	0.688716
3746	0.688716
3747	-1.37563
3748	-0.0316807
3749	0.131575
3750	0.131575
3751	0.131575
3752	-0.12744
3753	-0.966279
3754	-0.966279
3755	0.878739
3756	0.448506
3757	0.369911
3758	0.369911
3759	0.369911
3760	0.369911
3761	0.369911
3762	-0.783642
3763	1.09387
3764	-0.725687
3765	0.680888
3766	1.37565
3767	0.418199
3768	0.418199
3769	-0.272998
3770	1.5813
3771	0.613466
3772	0.613466
3773	-0.890378
3774	-0.890378
3775	-0.890378
3776	-1.04147
3777	-1.15531
3778	-0.651753
3779	-0.651753
3780	0.69795
3781	0.69795
3782	0.69795
3783	0.69795
3784	0.69795
3785	0.69795
3786	0.69795
3787	-0.93314
3788	-0.93314
3789	-0.93314
3790	0.264109
3791	0.264109
3792	0.264109
3793	0.352276
3794	0.352276
3795	0.352276
3796	-0.878669
3797	1.3616
3798	1.3616
3799	-0.549241
3800	-0.549241
3801	-0.549241
3802	-0.295166
3803	-0.295166
3804	0.97623
3805	0.97623
3806	0.97623
3807	-0.852643
3808	0.141678
3809	-1.40143
3810	0.95308
3811	-0.0474383
3812	0.257846
3813	0.257846
3814	0.257846
3815	0.796442
3816	1.83329
3817	1.83329
3818	1.83329
3819	0.7031
3820	0.7031
3821	-0.10543
3822	-0.398562
3823	-0.804856
3824	-0.804856
3825	-0.804856
3826	-1.84406
3827	0.553249
3828	0.553249
3829	-0.109219
3830	-0.0922443
3831	-0.0922443
3832	0.949219
3833	0.949219
3834	0.949219
3835	0.949219
3836	-0.120505
3837	-0.120505
3838	-0.120505
3839	-0.120505
3840	0.602534
3841	0.602534
3842	0.471516
3843	0.471516
3844	0.471516
3845	0.471516
3846	0.886473
3847	0.886473
3848	0.886473
3849	0.886473
3850	0.104201
3851	-0.0294781
3852	-0.523163
3853	-0.955545
3854	0.41649
3855	-1.35947
3856	-1.35947
3857	0.853623
3858	1.30681
3859	1.52538
3860	1.52538
3861	1.52538
3862	1.52538
3863	1.52538
3864	1.52538
3865	-1.08839
3866	0.415895
3867	0.119687
3868	0.119687
3869	0.119687
3870	0.119687
3871	0.119687
3872	0.235134
3873	0.235134
3874	0.235134
3875	0.235134
3876	0.235134
3877	0.235134
3878	0.235134
3879	-0.575593
3880	-0.575593
3881	-0.575593
3882	-0.575593
3883	-0.575593
3884	1.06923
3885	1.06923
3886	1.06923
3887	1.06923
3888	1.06923
3889	1.06923
3890	-0.190345
3891	0.0451139
3892	0.0451139
3893	-0.271242
3894	-0.271242
3895	-0.271242
3896	-0.271242
3897	-0.271242
3898	-0.271242
3899	-0.336823
3900	-0.336823
3901	-0.336823
3902	-0.336823
3903	-0.336823
3904	-1.14757
3905	-1.14757
3906	-1.14757
3907	-1.14757
3908	-0.949895
3909	-0.949895
3910	-0.949895
3911	-0.949895
3912	-0.949895
3913	-0.949895
3914	0.356445
3915	0.356445
3916	0.356445
3917	-1.17117
3918	-1.17117
3919	-1.17117
3920	-1.17117
3921	-0.654183
3922	1.02923
3923	1.02923
3924	2.01014
3925	2.01014
3926	1.76703
3927	1.76703
3928	0.294169
3929	1.14445
3930	-0.131316
3931	0.102913
3932	0.153354
3933	0.176562
3934	0.176562
3935	0.292395
3936	0.292395
3937	-1.32137
3938	-1.51792
3939	0.793877
3940	0.793877
3941	0.113836
3942	0.113836
3943	0.113836
3944	0.113836
3945	0.113836
3946	0.113836
3947	0.113836
3948	1.24261
3949	1.24261
3950	1.24261
3951	1.24261
3952	-0.924671
3953	-0.924671
3954	-0.924671
3955	-1.29579
3956	0.991824
3957	-0.805563
3958	-0.805563
3959	-0.805563
3960	-0.0628508
3961	0.375012
3962	0.22795
3963	0.22795
3964	0.517008
3965	1.53899
3966	1.53899
3967	1.53899
3968	1.53899
3969	1.59265
3970	1.59265
3971	1.59265
3972	0.51742
3973	-0.131498
3974	-0.131498
3975	-0.910143
3976	-0.163278
3977	-0.163278
3978	1.13653
3979	1.04972
3980	1.04972
3981	1.04972
3982	1.04972
3983	1.57401
3984	1.57401
3985	0.384729
3986	0.384729
3987	0.384729
3988	0.384729
3989	0.384729
3990	0.384729
3991	0.57531
3992	0.57531
3993	0.780262
3994	0.780262
3995	0.780262
3996	0.784028
3997	0.752828
3998	-1.0641
3999	-1.0641
4000	0.0263372
4001	0.0263372
4002	-1.29031
4003	0.650836
4004	0.650836
4005	0.396506
4006	0.396506
4007	1.20541
4008	0.417408
4009	0.417408
4010	0.147312
4011	0.147312
4012	0.147312
4013	-0.885089
4014	-0.885089
4015	-1.61453
4016	-1.61453
4017	-1.61453
4018	-1.61453
4019	0.0491424
4020	0.0491424
4021	0.0491424
4022	1.40282
4023	1.40282
4024	1.00653
4025	1.00653
4026	1.00026
4027	0.992632
4028	-1.08602
4029	0.146693
4030	0.146693
4031	0.146693
4032	0.550843
4033	0.841959
4034	-0.798954
4035	-0.559747
4036	-0.559747
4037	-0.559747
4038	0.620195
4039	1.57383
4040	1.57383
4041	1.14689
4042	0.231518
4043	0.231518
4044	1.25403
4045	1.25403
4046	0.328262
4047	0.328262
4048	-1.07525
4049	-0.882442
4050	-0.847589
4051	-0.847589
4052	-1.44273
4053	1.09229
4054	1.09229
4055	1.352
4056	-0.0705911
4057	-0.0705911
4058	-0.0705911
4059	-1.06247
4060	-1.06247
4061	-0.949015
4062	-0.949015
4063	-0.949015
4064	-0.31059
4065	-0.31059
4066	-0.624757
4067	-0.624757
4068	-0.624757
4069	-0.624757
4070	-0.624757
4071	-0.364795
4072	-0.364795
4073	0.892806
4074	-1.1717
4075	-0.727233
4076	0.0657243
4077	1.02687
4078	0.416754
4079	0.416754
4080	-0.205344
4081	1.24991
4082	1.24991
4083	1.74378
4084	0.884716
4085	0.884716
4086	-0.283165
4087	-0.625792
4088	0.239469
4089	0.239469
4090	0.222602
4091	0.222602
4092	0.072717
4093	-1.39149
4094	-1.39149
4095	0.248494
4096	0.248494
4097	0.248494
4098	0.248494
4099	1.04739
4100	-1.40231
4101	-1.40231
4102	0.227705
4103	0.227705
4104	0.70818
4105	1.35991
4106	2.03229
4107	0.317041
4108	1.36163
4109	1.36163
4110	-0.19356
4111	-0.936688
4112	0.796916
4113	-1.43491
4114	-1.43491
4115	0.246394
4116	0.545964
4117	0.545964
4118	0.633501
4119	0.19502
4120	0.19502
4121	0.19502
4122	-1.38785
4123	-1.38785
4124	1.28317
4125	1.28317
4126	-1.39905
4127	-0.419424
4128	0.489229
4129	-0.544415
4130	0.383284
4131	-0.809694
4132	-0.0736671
4133	0.269569
4134	1.10766
4135	1.10766
4136	1.10766
4137	1.10766
4138	1.10766
4139	1.10766
4140	1.10766
4141	1.10766
4142	1.10766
4143	1.33119
4144	1.32377
4145	1.32377
4146	1.32377
4147	1.32377
4148	1.32377
4149	0.170548
4150	0.170548
4151	-1.44047
4152	1.30526
4153	1.18178
4154	0.103426
4155	0.103426
4156	0.103426
4157	-0.150982
4158	-0.386349
4159	-0.386349
4160	-0.909018
4161	0.964372
4162	-0.822282
4163	-0.822282
4164	-0.822282
4165	-0.277662
4166	-0.277662
4167	0.202848
4168	0.202848
4169	0.618702
4170	0.618702
4171	1.88471
4172	0.467953
4173	0.467953
4174	0.467953
4175	0.467953
4176	0.162044
4177	-1.47105
4178	-1.47105
4179	-1.47105
4180	0.98733
4181	0.98733
4182	0.780862
4183	-1.06075
4184	-1.06075
4185	-1.06075
4186	-1.06075
4187	-1.06075
4188	-0.0847248
4189	-0.82794
4190	-0.377783
4191	-1.41166
4192	-1.41166
4193	-1.41166
4194	-1.41166
4195	-1.41166
4196	-1.41166
4197	-1.41166
4198	-1.41166
4199	-1.41166
4200	-1.41166
4201	-0.435012
4202	-0.435012
4203	0.542935
4204	0.653065
4205	0.25012
4206	0.242672
4207	1.04373
4208	0.380406
4209	-1.13616
4210	1.41025
4211	1.41025
4212	1.41025
4213	0.539817
4214	0.539817
4215	0.539817
4216	-0.495625
4217	0.467515
4218	-0.67737
4219	-0.67737
4220	-0.67737
4221	-0.67737
4222	-0.606738
4223	-0.606738
4224	0.422343
4225	0.723858
4226	0.723858
4227	0.299769
4228	0.224266
4229	0.224266
4230	0.224266
4231	0.733257
4232	0.421446
4233	0.421446
4234	0.421446
4235	-0.95423
4236	-0.95423
4237	0.587457
4238	0.587457
4239	0.587457
4240	0.587457
4241	0.587457
4242	-0.626848
4243	0.223593
4244	0.223593
4245	0.223593
4246	0.223593
4247	-1.03527
4248	0.179873
4249	-0.693053
4250	-0.693053
4251	-0.693053
4252	0.633309
4253	1.51076
4254	-0.802265
4255	-0.802265
4256	-1.31413
4257	-1.11201
4258	-1.11201
4259	-1.11201
4260	-1.11201
4261	-0.639524
4262	-0.639524
4263	-0.784693
4264	-0.784693
4265	-0.784693
4266	0.0144074
4267	-1.55504
4268	-0.407916
4269	-0.407916
4270	0.861212
4271	1.55276
4272	0.532652
4273	1.15122
4274	1.15122
4275	1.06116
4276	1.06116
4277	-0.529523
4278	-0.529523
4279	-0.529523
4280	-0.818574
4281	-0.0142025
4282	-0.0142025
4283	-0.0142025
4284	-0.0142025
4285	-0.0142025
4286	-0.0142025
4287	-0.0142025
4288	0.832428
4289	0.832428
4290	0.832428
4291	0.832428
4292	0.832428
4293	0.832428
4294	0.832428
4295	-1.66408
4296	-1.66408
4297	-1.66408
4298	-1.66408
4299	-1.66408
4300	-1.66408
4301	-1.52126
4302	-1.52126
4303	-1.82926
4304	-1.81397
4305	-1.81397
4306	0.0516371
4307	0.0516371
4308	-0.091579
4309	-0.091579
4310	1.50512
4311	-1.14702
4312	0.334385
4313	1.30935
4314	1.30935
4315	1.30935
4316	0.785558
4317	1.16422
4318	1.16422
4319	1.04017
4320	1.04017
4321	-0.108914
4322	-0.108914
4323	-0.108914
4324	0.30211
4325	0.731224
4326	0.731224
4327	0.731224
4328	0.731224
4329	1.22289
4330	1.22289
4331	-1.43586
4332	-1.43586
4333	1.26988
4334	0.694252
4335	1.02097
4336	1.02097
4337	1.02097
4338	1.02097
4339	-1.50207
4340	-1.50207
4341	-0.312864
4342	0.46318
4343	-0.546025
4344	-0.546025
4345	-0.546025
4346	-0.546025
4347	-0.775731
4348	0.6356
4349	0.196318
4350	0.196318
4351	0.196318
4352	0.196318
4353	-1.05704
4354	1.25408
4355	1.25408
4356	0.0581374
4357	0.837788
4358	0.837788
4359	-0.0530203
4360	-0.0530203
4361	0.30688
4362	0.30688
4363	-2.21846
4364	-2.21846
4365	-2.21846
4366	-1.85433
4367	-1.85433
4368	-1.21186
4369	-1.21186
4370	-1.21186
4371	0.345767
4372	0.345767
4373	-1.38227
4374	0.0665207
4375	0.0665207
4376	-0.624427
4377	-0.624427
4378	-0.50646
4379	0.104556
4380	-0.388483
4381	-0.388483
4382	-0.388483
4383	-0.825588
4384	1.62547
4385	1.62547
4386	-0.844633
4387	-0.844633
4388	-0.657588
4389	-0.657588
4390	1.32556
4391	1.32556
4392	1.32556
4393	1.33705
4394	1.33705
4395	0.52032
4396	0.52032
4397	0.52032
4398	0.52032
4399	-0.880911
4400	-0.880911
4401	-0.156177
4402	-1.60059
4403	-0.315796
4404	-0.315796
4405	-0.120174
4406	-0.0933542
4407	-0.61016
4408	-0.905443
4409	0.117201
4410	0.117201
4411	0.117201
4412	1.19429
4413	-0.0976261
4414	1.17299
4415	0.314806
4416	0.314806
4417	-0.0341702
4418	-0.0341702
4419	-0.0341702
4420	0.833301
4421	0.752503
4422	0.752503
4423	0.752503
4424	0.56132
4425	0.56132
4426	0.56132
4427	0.56132
4428	0.421236
4429	0.421236
4430	-0.411648
4431	1.23735
4432	1.23735
4433	1.23735
4434	1.23735
4435	-1.16882
4436	-0.0555497
4437	-0.418187
4438	-0.418187
4439	-1.08409
4440	-1.08409
4441	0.225632
4442	0.225632
4443	-0.512643
4444	1.28334
4445	1.28334
4446	1.28334
4447	-0.949629
4448	-0.52152
4449	-0.635727
4450	0.0522343
4451	0.0522343
4452	0.0522343
4453	0.0522343
4454	0.0522343
4455	0.0522343
4456	-0.918814
4457	-0.918814
4458	-0.918814
4459	-0.918814
4460	-0.340618
4461	-0.340618
4462	-0.264324
4463	-0.185135
4464	-0.185135
4465	-0.185135
4466	0.991865
4467	0.980659
4468	-1.22545
4469	-1.12853
4470	-1.62022
4471	-0.414568
4472	-0.414568
4473	-0.414568
4474	0.87929
4475	1.24845
4476	-0.710548
4477	-0.710548
4478	0.193343
4479	0.193343
4480	0.193343
4481	-1.16059
4482	0.150753
4483	0.690123
4484	0.558663
4485	0.558663
4486	0.558663
4487	0.537467
4488	1.47026
4489	1.47026
4490	-0.438495
4491	0.339437
4492	0.352337
4493	0.352337
4494	-1.2256
4495	-0.00951618
4496	-0.687198
4497	-0.599424
4498	0.590544
4499	1.74921
4500	-0.469122
4501	-1.19071
4502	-1.19071
4503	-1.19071
4504	-0.273978
4505	-0.273978
4506	-0.273978
4507	0.412362
4508	0.412362
4509	0.412362
4510	0.369093
4511	0.347562
4512	-0.528754
4513	-0.528754
4514	0.700267
4515	0.700267
4516	0.700267
4517	0.700267
4518	-0.457828
4519	-0.457828
4520	-0.457828
4521	-0.563356
4522	-0.472445
4523	-0.472445
4524	-0.472445
4525	0.389325
4526	0.130587
4527	0.368052
4528	0.368052
4529	0.368052
4530	0.19241
4531	-1.46407
4532	-1.46407
4533	1.25809
4534	0.264447
4535	0.336145
4536	0.785133
4537	0.785133
4538	0.785133
4539	-0.0997065
4540	-0.0997065
4541	-1.75663
4542	-1.53401
4543	-1.53401
4544	-1.53401
4545	0.0363886
4546	0.0363886
4547	0.744745
4548	0.744745
4549	1.24612
4550	-0.876559
4551	-0.443289
4552	1.07713
4553	1.69846
4554	-0.735361
4555	-0.735361
4556	-0.735361
4557	-0.735361
4558	-0.735361
4559	-0.22823
4560	-0.557109
4561	-0.557109
4562	0.986571
4563	0.986571
4564	0.986571
4565	0.986571
4566	-1.45487
4567	-1.45487
4568	-0.254176
4569	-0.65648
4570	-0.441928
4571	-0.441928
4572	0.508625
4573	0.562414
4574	0.562414
4575	0.562414
4576	0.562414
4577	0.562414
4578	0.188199
4579	1.20092
4580	1.20092
4581	1.20092
4582	1.20092
4583	-1.31213
4584	-1.31213
4585	-1.31213
4586	-1.37195
4587	-1.42098
4588	-1.42098
4589	-1.36067
4590	-1.36067
4591	-1.36067
4592	-1.76749
4593	0.148724
4594	-0.943387
4595	-0.943387
4596	0.78714
4597	0.78714
4598	0.728779
4599	-0.694761
4600	-0.694761
4601	0.959322
4602	0.959322
4603	0.959322
4604	-0.408696
4605	0.276598
4606	0.276598
4607	-0.62856
4608	0.286593
4609	0.286593
4610	0.286593
4611	-0.0389421
4612	-0.31857
4613	0.616384
4614	0.417874
4615	0.7354
4616	-0.112489
4617	-0.0366793
4618	-0.0366793
4619	-0.0366793
4620	-0.0366793
4621	0.682674
4622	0.750761
4623	0.750761
4624	0.789558
4625	-1.42494
4626	-1.21191
4627	-1.21191
4628	-1.32755
4629	-1.32755
4630	-1.32755
4631	0.614259
4632	0.614259
4633	-0.129882
4634	0.169659
4635	0.176487
4636	-1.55415
4637	-1.7828
4638	-1.7828
4639	-1.7828
4640	-0.746427
4641	-0.855773
4642	-0.855773
4643	0.0626088
4644	-0.28666
4645	1.65452
4646	0.266722
4647	0.266722
4648	0.266722
4649	0.266722
4650	-0.565458
4651	1.27822
4652	1.27822
4653	1.60541
4654	-0.856024
4655	-0.856024
4656	-0.856024
4657	-0.856024
4658	-0.856024
4659	-0.856024
4660	0.858865
4661	0.858865
4662	-0.30274
4663	-0.30274
4664	-1.12042
4665	-1.12042
4666	-1.12042
4667	-1.12042
4668	0.0362807
4669	0.0362807
4670	-1.03441
4671	0.24329
4672	0.24329
4673	-0.718002
4674	1.10555
4675	1.10555
4676	1.10555
4677	1.10555
4678	0.0261133
4679	0.0261133
4680	0.0261133
4681	-1.50447
4682	-0.81445
4683	-0.81445
4684	-0.81445
4685	-0.81445
4686	1.53011
4687	1.14275
4688	0.642588
4689	0.642588
4690	-1.25886
4691	-0.641821
4692	-0.641821
4693	-0.641821
4694	0.711451
4695	0.711451
4696	0.981273
4697	0.0641727
4698	0.0483358
4699	0.0483358
4700	0.0483358
4701	0.800228
4702	0.863419
4703	0.863419
4704	0.863419
4705	0.181109
4706	1.15636
4707	-1.08638
4708	-0.3387
4709	-0.3387
4710	-0.35639
4711	-0.710149
4712	-0.710149
4713	-0.710149
4714	-0.710149
4715	0.307579
4716	0.307579
4717	1.55771
4718	1.55771
4719	1.55771
4720	1.55815
4721	-0.587658
4722	-0.587658
4723	-0.587658
4724	-0.587658
4725	-0.587658
4726	-0.587658
4727	-0.587658
4728	-0.587658
4729	-0.587658
4730	-0.21989
4731	-0.21989
4732	-0.21989
4733	-0.21989
4734	-0.21989
4735	-0.21989
4736	-0.21989
4737	-0.326355
4738	-1.45049
4739	-1.45049
4740	0.934329
4741	0.817409
4742	0.817409
4743	0.323132
4744	0.533532
4745	1.13257
4746	1.13257
4747	-0.858475
4748	-0.326891
4749	-0.326891
4750	-0.326891
4751	-0.326891
4752	-0.326891
4753	-0.326891
4754	-0.326891
4755	0.823135
4756	0.823135
4757	0.823135
4758	0.823135
4759	0.823135
4760	0.823135
4761	0.823135
4762	0.823135
4763	0.823135
4764	0.823135
4765	1.29827
4766	0.893763
4767	0.893763
4768	-1.18265
4769	-1.18265
4770	-1.30505
4771	-1.5291
4772	-1.52904
4773	-0.459566
4774	-0.459566
4775	-0.907479
4776	-0.907479
4777	-0.0547769
4778	-0.0547769
4779	-0.0547769
4780	0.573074
4781	0.62326
4782	0.62326
4783	-0.157473
4784	-0.581001
4785	-0.581001
4786	0.754781
4787	0.754781
4788	1.18953
4789	1.18953
4790	1.18953
4791	-1.11829
4792	-1.11829
4793	1.12915
4794	0.966551
4795	-1.10496
4796	-1.10496
4797	-1.10496
4798	-1.10496
4799	-0.200231
4800	1.23503
4801	-0.0281473
4802	-0.972579
4803	-0.972579
4804	-0.972579
4805	-0.510384
4806	-0.510384
4807	-0.510384
4808	-0.510384
4809	0.886466
4810	0.886466
4811	0.886466
4812	0.886466
4813	0.886466
4814	-0.687957
4815	-0.687957
4816	-0.687957
4817	-0.00336092
4818	-0.683452
4819	-0.683452
4820	1.44736
4821	0.468799
4822	0.468799
4823	0.468799
4824	0.468799
4825	1.0182
4826	0.0982647
4827	1.05624
4828	1.05624
4829	1.05624
4830	1.05624
4831	0.700129
4832	1.31185
4833	1.31185
4834	-1.21572
4835	-0.231383
4836	-0.231383
4837	-0.231383
4838	0.37827
4839	0.37827
4840	0.37827
4841	0.37827
4842	-1.01178
4843	-1.01178
4844	-1.01178
4845	-1.01178
4846	-0.953792
4847	0.598224
4848	-0.287904
4849	-0.287904
4850	-0.129742
4851	-0.129742
4852	0.643354
4853	1.6794
4854	1.6794
4855	1.6794
4856	0.89452
4857	-0.131714
4858	-0.250593
4859	-0.383212
4860	0.412541
4861	1.16904
4862	0.667879
4863	0.667879
4864	1.17905
4865	1.17905
4866	-0.62788
4867	-0.62788
4868	-0.62788
4869	0.229248
4870	0.878015
4871	0.878015
4872	0.878015
4873	-0.472866
4874	-0.472866
4875	0.84524
4876	0.84524
4877	-0.941854
4878	1.06857
4879	1.06857
4880	1.06857
4881	-0.241189
4882	-0.178561
4883	-0.242043
4884	-0.242043
4885	-0.242043
4886	-0.242043
4887	-0.242043
4888	-0.242043
4889	0.668472
4890	-0.66131
4891	-0.871187
4892	-0.871187
4893	-0.596672
4894	0.496983
4895	0.476869
4896	0.476869
4897	0.906564
4898	0.455753
4899	-0.170015
4900	-0.170015
4901	-0.170015
4902	1.07291
4903	1.07291
4904	1.07291
4905	-0.686627
4906	-0.686627
4907	-0.686627
4908	-1.00201
4909	-0.35672
4910	-0.35672
4911	1.13105
4912	0.58158
4913	0.58158
4914	0.58158
4915	0.58158
4916	-0.539489
4917	-0.0624965
4918	-0.162148
4919	-0.162148
4920	-1.00876
4921	-0.603705
4922	-0.722307
4923	-0.223932
4924	-1.0102
4925	1.14966
4926	1.19078
4927	1.19078
4928	1.19078
4929	1.19078
4930	1.19078
4931	1.19078
4932	1.11759
4933	-0.400017
4934	0.765321
4935	0.765321
4936	0.765321
4937	0.980232
4938	-0.638349
4939	1.11979
4940	1.11979
4941	1.11979
4942	1.11979
4943	1.11979
4944	1.11979
4945	1.11979
4946	-0.607405
4947	-0.607405
4948	-0.607405
4949	-0.607405
4950	-0.607405
4951	-0.607405
4952	-0.607405
4953	-0.607405
4954	1.04785
4955	1.62964
4956	1.23492
4957	-0.592861
4958	-0.592861
4959	-0.592861
4960	-0.988227
4961	-0.1751
4962	-0.1751
4963	-0.1751
4964	0.822751
4965	0.822751
4966	0.822751
4967	0.470582
4968	0.470582
4969	0.0180078
4970	-0.264439
4971	0.832135
4972	0.832135
4973	1.35017
4974	1.24446
4975	1.24446
4976	-0.326266
4977	-1.13416
4978	-1.13416
4979	-1.13416
4980	0.69262
4981	0.69262
4982	0.69262
4983	-1.15482
4984	-0.885781
4985	0.369015
4986	0.369015
4987	-0.754775
4988	0.626098
4989	0.626098
4990	0.626098
4991	1.01517
4992	0.244818
4993	0.244818
4994	-1.44722
4995	-1.8619
4996	-1.8619
4997	-1.8619
4998	-1.8619
4999	-1.8619
5000	0.154468
5001	0.154468
5002	-0.761073
5003	-0.418108
5004	-0.418108
5005	-0.418108
5006	-0.418108
5007	-0.418108
5008	-0.418108
5009	-0.418108
5010	0.351166
5011	0.260347
5012	0.260347
5013	-0.657777
5014	-0.657777
5015	-0.657777
5016	-0.657777
5017	1.03796
5018	1.03796
5019	-0.319665
5020	0.744685
5021	0.137961
5022	0.137961
5023	-0.820289
5024	-0.820289
5025	-0.820289
5026	0.802571
5027	-0.308963
5028	-0.308963
5029	-0.308963
5030	-0.308963
5031	-0.308963
5032	0.321166
5033	0.321166
5034	0.321166
5035	-0.188191
5036	0.608372
5037	0.608372
5038	-0.27389
5039	0.564657
5040	1.4313
5041	-0.639699
5042	-0.813588
5043	0.321108
5044	0.321108
5045	1.37587
5046	1.3194
5047	0.103653
5048	0.103653
5049	0.103653
5050	0.103653
5051	0.103653
5052	0.906193
5053	0.906193
5054	0.906193
5055	0.906193
5056	0.906193
5057	0.906193
5058	-0.596546
5059	-0.70294
5060	0.219414
5061	0.219414
5062	0.548232
5063	0.548232
5064	0.548232
5065	-1.05184
5066	-0.0305067
5067	-0.0858458
5068	-0.0858458
5069	-0.0858458
5070	-0.220277
5071	0.428111
5072	-0.207121
5073	0.472036
5074	0.472036
5075	0.472036
5076	0.472036
5077	0.472036
5078	0.472036
5079	0.472036
5080	0.472036
5081	0.734792
5082	0.734792
5083	0.314485
5084	0.314485
5085	0.314485
5086	0.314485
5087	-0.00745138
5088	0.418734
5089	0.418734
5090	-0.659672
5091	-0.659672
5092	-0.659672
5093	-1.12307
5094	-0.262757
5095	-1.76142
5096	0.238388
5097	0.238388
5098	-0.830747
5099	0.994749
5100	0.994749
5101	-0.662466
5102	-0.662466
5103	-0.662466
5104	0.359117
5105	1.52552
5106	-1.20607
5107	-1.20607
5108	-1.20607
5109	-1.20607
5110	0.681445
5111	0.884911
5112	0.884911
5113	0.884911
5114	0.699249
5115	0.699249
5116	-0.848799
5117	-0.848799
5118	-0.848799
5119	-0.848799
5120	-0.848799
5121	-0.848799
5122	-1.34312
5123	1.18442
5124	1.18442
5125	1.58197
5126	1.58197
5127	1.7627
5128	1.7627
5129	1.33282
5130	1.33282
5131	-0.14442
5132	-0.14442
5133	-0.14442
5134	0.016063
5135	0.93213
5136	-0.837536
5137	-0.837536
5138	1.47714
5139	1.47714
5140	1.47714
5141	1.47714
5142	0.740638
5143	1.05969
5144	1.05969
5145	0.844777
5146	0.844777
5147	-0.13653
5148	-0.13653
5149	-0.13653
5150	-0.13653
5151	-0.13653
5152	-0.13653
5153	-0.13653
5154	-1.39316
5155	-0.687334
5156	-0.879851
5157	-0.879851
5158	-0.879851
5159	-0.879851
5160	0.832241
5161	0.832241
5162	0.832241
5163	0.832241
5164	0.832241
5165	-0.0888451
5166	-0.0888451
5167	-0.0888451
5168	-0.0888451
5169	-0.766831
5170	-0.766831
5171	-0.766831
5172	-0.766831
5173	0.257545
5174	-1.27673
5175	-1.27673
5176	-0.418337
5177	0.928185
5178	-0.667584
5179	1.26842
5180	1.26842
5181	-1.17755
5182	0.244526
5183	0.244526
5184	0.244526
5185	0.244526
5186	0.244526
5187	0.244526
5188	0.244526
5189	0.244526
5190	0.792559
5191	0.792559
5192	0.792559
5193	0.792559
5194	0.792559
5195	0.792559
5196	0.792559
5197	-0.65659
5198	1.09447
5199	-0.83638
5200	0.439277
5201	0.629916
5202	0.629916
5203	0.629916
5204	-0.930689
5205	-0.930689
5206	1.45068
5207	-1.21754
5208	-1.21754
5209	-1.21754
5210	1.51783
5211	1.51783
5212	1.51783
5213	1.23247
5214	1.23247
5215	1.23247
5216	1.23247
5217	-1.51304
5218	-1.51304
5219	-1.44969
5220	-1.06035
5221	0.430942
5222	-0.355428
5223	-0.373518
5224	-0.373518
5225	0.34084
5226	0.597359
5227	1.17169
5228	0.432671
5229	0.432671
5230	0.432671
5231	-0.761975
5232	-0.217169
5233	-0.0691037
5234	0.961951
5235	0.646776
5236	0.646776
5237	0.646776
5238	0.875117
5239	0.875117
5240	0.875117
5241	-1.22614
5242	1.06748
5243	-0.522191
5244	0.956343
5245	0.105923
5246	0.105923
5247	0.105923
5248	0.105923
5249	-1.36893
5250	-1.36893
5251	-0.440033
5252	-0.440033
5253	-0.353124
5254	-0.353124
5255	-0.353124
5256	-0.353124
5257	-1.37937
5258	-0.581116
5259	-0.581116
5260	-0.581116
5261	-0.581116
5262	1.24652
5263	1.24652
5264	-0.774382
5265	-0.774382
5266	-0.774382
5267	-0.774382
5268	-0.774382
5269	-0.774382
5270	0.951723
5271	0.951723
5272	-0.157452
5273	-0.429687
5274	-0.429687
5275	-0.429687
5276	-0.429687
5277	-0.429687
5278	-0.958987
5279	-0.958987
5280	0.0916059
5281	-0.369555
5282	-0.369555
5283	-0.94417
5284	-0.136774
5285	1.14406
5286	1.14406
5287	0.395447
5288	0.742343
5289	-0.128425
5290	0.392031
5291	0.891463
5292	0.891463
5293	0.891463
5294	0.891463
5295	0.0789859
5296	0.0789859
5297	0.0789859
5298	0.0294731
5299	0.0294731
5300	0.29338
5301	0.29338
5302	0.29338
5303	0.29338
5304	0.29338
5305	1.68964
5306	1.0081
5307	-0.126334
5308	-0.126334
5309	0.152756
5310	0.152756
5311	0.152756
5312	0.152756
5313	0.152756
5314	0.152756
5315	0.152756
5316	0.152756
5317	0.152756
5318	1.03728
5319	-1.03166
5320	1.15903
5321	-0.239655
5322	-1.16185
5323	0.454718
5324	0.454718
5325	0.454718
5326	1.00215
5327	-1.25687
5328	0.895207
5329	0.895207
5330	-0.856442
5331	-0.419576
5332	-0.419576
5333	0.539971
5334	0.539971
5335	0.539971
5336	1.3707
5337	1.18175
5338	1.60795
5339	1.60795
5340	1.60795
5341	1.60795
5342	-0.736678
5343	1.12443
5344	1.12443
5345	1.12443
5346	1.25576
5347	1.25576
5348	0.576139
5349	0.576139
5350	0.576139
5351	0.997945
5352	0.521301
5353	0.521301
5354	-1.02657
5355	-1.02657
5356	-1.02657
5357	1.71736
5358	2.00178
5359	-0.397129
5360	-0.397129
5361	-0.0915181
5362	-0.943835
5363	-0.943835
5364	-0.943835
5365	0.61238
5366	1.54407
5367	1.11491
5368	1.11491
5369	-0.817502
5370	-0.619918
5371	-0.619918
5372	-0.619918
5373	-0.790072
5374	-0.0756189
5375	-1.2377
5376	-1.2377
5377	-0.883586
5378	-0.276047
5379	-0.276047
5380	-0.276047
5381	-0.276047
5382	-0.276047
5383	-1.12808
5384	-1.37793
5385	-1.40822
5386	-0.378673
5387	-0.378673
5388	-0.378673
5389	-0.62179
5390	-0.618542
5391	-0.618542
5392	0.789311
5393	-1.25792
5394	0.247244
5395	-0.720326
5396	-0.720326
5397	-1.14816
5398	-1.14816
5399	-1.14816
5400	-1.14816
5401	-1.14816
5402	1.24231
5403	-0.116735
5404	-0.116735
5405	0.16888
5406	0.672407
5407	0.693787
5408	0.693787
5409	0.693787
5410	0.693787
5411	-0.948063
5412	0.0622357
5413	-0.0954299
5414	-0.0954299
5415	0.186258
5416	1.17407
5417	1.17407
5418	0.601713
5419	0.0255273
5420	-0.875421
5421	1.34475
5422	1.34475
5423	-0.0988189
5424	-0.0988189
5425	1.68418
5426	0.338938
5427	0.331127
5428	0.331127
5429	0.331127
5430	0.331127
5431	0.331127
5432	0.331127
5433	0.331127
5434	-0.667424
5435	-0.816577
5436	-0.816577
5437	-0.816577
5438	-0.412736
5439	-0.412736
5440	0.605943
5441	0.605943
5442	0.605943
5443	0.605943
5444	-0.838761
5445	-1.36531
5446	-0.933271
5447	-0.933271
5448	1.06786
5449	0.46339
5450	0.46339
5451	0.46339
5452	0.46339
5453	1.55333
5454	-0.75441
5455	-0.75441
5456	-0.624177
5457	-0.624177
5458	-0.624177
5459	-0.624177
5460	-0.624177
5461	1.06627
5462	1.06627
5463	1.06627
5464	0.34726
5465	0.34726
5466	0.315316
5467	0.315316
5468	0.315316
5469	1.12542
5470	1.12542
5471	0.614663
5472	-0.263957
5473	-0.263957
5474	-0.263957
5475	-0.263957
5476	-0.0127319
5477	0.681569
5478	0.681569
5479	0.681569
5480	-0.929055
5481	-0.308036
5482	0.718243
5483	0.718243
5484	0.718243
5485	0.718243
5486	0.718243
5487	0.718243
5488	0.718243
5489	0.718243
5490	-1.14114
5491	-0.167506
5492	1.04684
5493	1.04684
5494	1.04684
5495	-1.00361
5496	-1.00361
5497	-0.848601
5498	-0.848601
5499	-0.848601
5500	-0.848601
5501	-0.507856
5502	-0.507856
5503	-0.507856
5504	-0.465136
5505	0.759691
5506	0.759691
5507	0.759691
5508	0.759691
5509	0.759691
5510	-0.636002
5511	0.901803
5512	-1.07527
5513	1.16167
5514	-1.27477
5515	-1.27477
5516	-1.27477
5517	-0.844964
5518	1.13979
5519	0.469406
5520	0.469406
5521	0.469406
5522	0.469406
5523	-0.00801303
5524	0.997729
5525	-0.395243
5526	0.455608
5527	0.455608
5528	0.0944976
5529	0.16462
5530	1.05037
5531	1.02204
5532	1.02204
5533	1.02204
5534	1.02204
5535	0.019986
5536	1.07883
5537	1.07883
5538	0.114538
5539	0.114538
5540	0.114538
5541	-0.207512
5542	-1.08034
5543	0.184371
5544	0.914103
5545	0.914103
5546	-1.58662
5547	0.766533
5548	-0.614405
5549	-0.53789
5550	-0.53789
5551	0.711146
5552	0.711146
5553	0.711146
5554	2.09083
5555	2.09083
5556	2.09083
5557	1.67342
5558	0.86295
5559	-0.320494
5560	-0.320494
5561	1.17327
5562	-0.590891
5563	1.39291
5564	1.39291
5565	-0.278884
5566	-1.20329
5567	-0.610562
5568	0.221859
5569	0.221859
5570	0.221859
5571	0.221859
5572	-0.0432644
5573	-0.0432644
5574	-0.0432644
5575	-0.0432644
5576	-0.0432644
5577	-0.0432644
5578	-1.77779
5579	0.161912
5580	0.989345
5581	-0.639048
5582	-0.639048
5583	-0.639048
5584	-0.639048
5585	-0.639048
5586	-0.639048
5587	-0.639048
5588	-0.492148
5589	-0.492148
5590	0.816785
5591	0.816785
5592	0.816785
5593	0.225001
5594	0.225001
5595	-0.475576
5596	-0.746189
5597	-0.746189
5598	-0.746189
5599	-0.746189
5600	-0.746189
5601	-0.541522
5602	-0.541522
5603	-0.541522
5604	-0.541522
5605	-0.541522
5606	-1.04914
5607	-1.04914
5608	-1.04914
5609	-1.04914
5610	-0.3106
5611	0.196368
5612	0.196368
5613	-1.10206
5614	-1.10206
5615	-1.10206
5616	0.324665
5617	-0.0901813
5618	-0.0901813
5619	-0.0901813
5620	-1.90932
5621	-1.90932
5622	-1.18398
5623	-1.18398
5624	-1.18398
5625	1.10511
5626	-0.110742
5627	-1.40328
5628	-1.40328
5629	-1.40328
5630	-0.0489402
5631	-0.0489402
5632	-0.0489402
5633	-0.0489402
5634	-0.0489402
5635	-0.0489402
5636	0.161486
5637	-0.896803
5638	-0.486802
5639	-1.48856
5640	-0.638703
5641	0.980741
5642	0.980741
5643	0.980741
5644	0.980741
5645	0.980741
5646	0.980741
5647	0.980741
5648	0.980741
5649	-0.422454
5650	-0.422454
5651	-0.422454
5652	-0.422454
5653	-0.422454
5654	-0.422454
5655	-0.422454
5656	0.332213
5657	0.332213
5658	-0.932887
5659	0.563067
5660	0.218798
5661	1.44458
5662	1.44458
5663	1.44458
5664	1.44458
5665	0.887509
5666	0.887509
5667	-0.44565
5668	-0.44565
5669	-0.44565
5670	-0.44565
5671	0.788736
5672	1.09786
5673	-0.151239
5674	0.594186
5675	0.594186
5676	0.683875
5677	-0.0143525
5678	-0.0143525
5679	0.856747
5680	1.08471
5681	1.08471
5682	0.139995
5683	1.00678
5684	0.327805
5685	0.327805
5686	-0.475162
5687	-0.475162
5688	-0.475162
5689	0.0724731
5690	1.00272
5691	0.383492
5692	0.383492
5693	0.383492
5694	0.717185
5695	0.582139
5696	-0.188694
5697	0.344122
5698	0.344122
5699	0.344122
5700	0.344122
5701	0.344122
5702	-0.459489
5703	-1.42624
5704	-0.55278
5705	-0.55278
5706	-0.55278
5707	-1.23972
5708	0.338683
5709	0.338683
5710	-0.535075
5711	1.37086
5712	1.37086
5713	1.37086
5714	1.37086
5715	1.37086
5716	1.37086
5717	-1.19238
5718	-0.712064
5719	-0.712064
5720	-0.712064
5721	-0.151172
5722	-0.151172
5723	0.533149
5724	0.533149
5725	0.533149
5726	0.533149
5727	0.533149
5728	0.973939
5729	0.973939
5730	1.22239
5731	-0.170433
5732	-0.492192
5733	-0.992598
5734	-0.992598
5735	-0.992598
5736	-0.459294
5737	-0.459294
5738	-0.459294
5739	1.18987
5740	1.18987
5741	0.538502
5742	-1.64828
5743	-1.52685
5744	-0.730976
5745	-0.730976
5746	0.556101
5747	0.0759125
5748	0.0759125
5749	0.144915
5750	0.144915
5751	0.939984
5752	0.939984
5753	0.939984
5754	-0.0260441
5755	-1.26177
5756	-0.743729
5757	1.30665
5758	1.30665
5759	0.721747
5760	1.17035
5761	1.17035
5762	1.17035
5763	1.17035
5764	0.697951
5765	0.697951
5766	0.697951
5767	0.697951
5768	0.697951
5769	0.697951
5770	0.697951
5771	0.697951
5772	1.46814
5773	1.46814
5774	-0.628024
5775	-0.472273
5776	0.204826
5777	0.204826
5778	0.204826
5779	0.204826
5780	1.22792
5781	0.383795
5782	0.383795
5783	0.383795
5784	0.383795
5785	0.383795
5786	0.383795
5787	0.383795
5788	0.383795
5789	0.383795
5790	0.383795
5791	0.383795
5792	0.383795
5793	0.611663
5794	0.611663
5795	0.611663
5796	0.431263
5797	0.431263
5798	0.431263
5799	-0.913438
5800	-0.913438
5801	0.613401
5802	1.04051
5803	-0.661409
5804	-1.44033
5805	-1.44033
5806	1.07191
5807	0.468464
5808	0.662276
5809	0.662276
5810	-0.53764
5811	-1.41967
5812	-1.41967
5813	0.872129
5814	0.872129
5815	0.872129
5816	0.741457
5817	-0.499476
5818	-0.499476
5819	-0.816943
5820	-0.816943
5821	-1.31438
5822	-0.41852
5823	-0.41852
5824	-0.41852
5825	-0.41852
5826	-0.41852
5827	-0.41852
5828	-0.41852
5829	-1.23186
5830	1.03001
5831	-1.10173
5832	-1.10173
5833	-1.10173
5834	0.811093
5835	0.0202568
5836	0.806721
5837	0.806721
5838	0.806721
5839	-1.87734
5840	-0.903738
5841	-0.471895
5842	-0.501681
5843	-1.73205
5844	-1.73205
5845	-1.73205
5846	-1.73205
5847	-1.73205
5848	-1.02554
5849	-1.02554
5850	-0.616887
5851	-0.616887
5852	0.412786
5853	0.412786
5854	0.412786
5855	0.412786
5856	0.412786
5857	-1.13689
5858	-1.09392
5859	-1.09392
5860	-0.954428
5861	-0.954428
5862	-0.693683
5863	-0.693683
5864	-0.693683
5865	-0.327886
5866	-0.327886
5867	0.387311
5868	0.248178
5869	-0.197949
5870	1.33241
5871	1.33241
5872	1.38498
5873	1.38498
5874	1.81261
5875	1.81261
5876	1.29693
5877	1.29693
5878	-0.763588
5879	-0.605478
5880	-0.605478
5881	0.0541401
5882	-0.602921
5883	-0.602921
5884	0.749662
5885	-1.38127
5886	-0.058859
5887	-0.058859
5888	-0.058859
5889	-0.058859
5890	-0.058859
5891	-1.88236
5892	-1.88236
5893	-1.88236
5894	0.854905
5895	-0.0307962
5896	-0.0307962
5897	-0.0993174
5898	-0.0993174
5899	-0.820923
5900	1.31811
5901	1.31811
5902	1.31811
5903	1.31811
5904	1.31811
5905	1.32599
5906	0.249592
5907	0.0221414
5908	0.21132
5909	-0.436989
5910	-1.13788
5911	-1.13788
5912	-1.13788
5913	-1.13788
5914	-1.13788
5915	0.175476
5916	-0.395766
5917	-0.395766
5918	-0.395766
5919	-0.79097
5920	-0.79097
5921	-1.03336
5922	0.0213487
5923	-1.12051
5924	0.0608675
5925	-0.0898409
5926	-0.0898409
5927	-0.0898409
5928	-0.0898409
5929	0.0415731
5930	0.597924
5931	0.32081
5932	0.154526
5933	0.851595
5934	0.851595
5935	0.851595
5936	0.890731
5937	0.890731
5938	0.890731
5939	0.890731
5940	0.890731
5941	0.890731
5942	0.837916
5943	1.24739
5944	1.24739
5945	1.24739
5946	-0.289162
5947	-0.289162
5948	1.22559
5949	1.22559
5950	0.80013
5951	1.01535
5952	1.01535
5953	1.01535
5954	1.01535
5955	1.01535
5956	1.01535
5957	1.01535
5958	1.01535
5959	1.01535
5960	1.01535
5961	0.154614
5962	0.154614
5963	-1.05696
5964	-1.05696
5965	-1.05696
5966	-1.05696
5967	-1.12218
5968	-0.819476
5969	0.0696672
5970	0.0696672
5971	-0.791643
5972	-0.791643
5973	-0.791643
5974	-0.791643
5975	-0.819325
5976	-0.819325
5977	-0.819325
5978	-0.876028
5979	-0.302044
5980	0.378485
5981	0.378485
5982	-1.50157
5983	1.20602
5984	1.20602
5985	-0.106768
5986	-0.106768
5987	-0.106768
5988	0.923959
5989	0.923959
5990	0.923959
5991	1.21096
5992	1.21096
5993	0.0521942
5994	0.0521942
5995	-1.01372
5996	-0.0433485
5997	-0.0433485
5998	-0.0433485
5999	0.188144
6000	0.188144
6001	-0.504129
6002	0.914416
6003	0.914416
6004	0.914416
6005	0.914416
6006	0.922452
6007	0.922452
6008	0.922452
6009	1.02483
6010	1.02483
6011	-0.0293988
6012	0.122863
6013	-0.618851
6014	1.65759
6015	1.65759
6016	1.55166
6017	-0.212868
6018	-0.722171
6019	-0.710416
6020	-0.710416
6021	1.29592
6022	0.25009
6023	0.25009
6024	0.25009
6025	-0.875705
6026	-0.313037
6027	-0.313037
6028	0.57482
6029	0.57482
6030	0.57482
6031	0.57482
6032	0.57482
6033	1.16638
6034	-0.423975
6035	-0.423975
6036	-0.423975
6037	-0.423975
6038	0.948059
6039	0.682877
6040	0.782492
6041	0.386486
6042	-1.10964
6043	-1.2231
6044	-0.318022
6045	-0.318022
6046	-0.318022
6047	-0.318022
6048	-0.318022
6049	-0.167775
6050	0.720637
6051	0.720637
6052	0.50449
6053	0.787099
6054	0.787099
6055	-0.350373
6056	-0.789405
6057	-0.789405
6058	0.606718
6059	0.577815
6060	0.577815
6061	-1.05159
6062	-1.17738
6063	-1.17738
6064	-1.62026
6065	0.520605
6066	-1.06568
6067	-1.06568
6068	-1.06568
6069	-1.06568
6070	-1.04696
6071	-1.04696
6072	-1.04696
6073	-1.04696
6074	-0.797613
6075	-0.797613
6076	-0.797613
6077	0.519493
6078	0.519493
6079	0.519493
6080	-1.42203
6081	0.412968
6082	0.412968
6083	-1.12213
6084	-0.929478
6085	-0.929478
6086	-0.0566618
6087	-0.0566618
6088	-0.0566618
6089	-0.0566618
6090	-0.0566618
6091	-0.945987
6092	-0.945987
6093	-0.351674
6094	-0.351674
6095	-0.351674
6096	-0.351674
6097	1.06707
6098	0.113882
6099	-1.23495
6100	0.385843
6101	-1.10786
6102	-1.10786
6103	-0.920655
6104	0.323689
6105	1.13163
6106	1.13163
6107	1.13163
6108	-0.162409
6109	-1.15942
6110	1.41788
6111	1.41788
6112	-0.532739
6113	-1.3826
6114	-1.3826
6115	-1.3826
6116	-1.3826
6117	0.877632
6118	0.877632
6119	0.877632
6120	0.0147732
6121	0.0147732
6122	0.0147732
6123	0.0147732
6124	0.0147732
6125	0.0147732
6126	-1.62289
6127	-1.62289
6128	-0.300657
6129	0.00113758
6130	0.00113758
6131	-0.308453
6132	-0.235728
6133	0.477581
6134	1.23832
6135	0.286106
6136	0.286106
6137	0.790523
6138	1.44902
6139	1.14868
6140	1.14868
6141	1.44865
6142	1.44865
6143	0.239228
6144	0.239228
6145	0.627832
6146	-0.638909
6147	0.204798
6148	-0.968034
6149	-0.777103
6150	-0.777103
6151	-0.00759809
6152	-1.20598
6153	-0.747376
6154	-0.747376
6155	-0.747376
6156	0.876646
6157	1.06879
6158	1.06879
6159	-0.0161943
6160	-0.0161943
6161	1.16449
6162	0.96618
6163	1.3491
6164	0.241879
6165	0.942266
6166	0.809163
6167	0.809163
6168	1.47554
6169	0.736443
6170	0.736443
6171	-0.0501054
6172	-0.411162
6173	-1.05051
6174	-0.592909
6175	-0.592909
6176	-0.592909
6177	-0.592909
6178	-0.592909
6179	-0.592909
6180	-0.592909
6181	-0.592909
6182	-0.592909
6183	0.638437
6184	0.638437
6185	0.638437
6186	0.0988246
6187	0.0988246
6188	0.935323
6189	0.355348
6190	0.355348
6191	0.355348
6192	0.47539
6193	0.786143
6194	0.748102
6195	0.013834
6196	0.013834
6197	1.17485
6198	1.17485
6199	1.21099
6200	0.335077
6201	0.335077
6202	0.335077
6203	0.625546
6204	0.625546
6205	0.625546
6206	0.625546
6207	0.0166195
6208	1.21541
6209	-0.211195
6210	-0.211195
6211	0.57926
6212	0.57926
6213	0.57926
6214	1.03956
6215	-0.0809423
6216	-0.0132676
6217	-1.64729
6218	-1.45703
6219	-1.45703
6220	-0.583682
6221	0.610033
6222	0.610033
6223	0.610033
6224	0.339509
6225	0.75207
6226	-0.890394
6227	0.695809
6228	-0.732747
6229	0.129449
6230	0.129449
6231	0.129449
6232	0.501169
6233	0.501169
6234	-0.747803
6235	-0.747803
6236	-0.747803
6237	-0.747803
6238	-0.492587
6239	-0.492587
6240	-0.492587
6241	-0.492587
6242	-0.492587
6243	-0.0751246
6244	-1.14047
6245	-1.14047
6246	-1.14047
6247	-1.14047
6248	0.388138
6249	0.388138
6250	0.388138
6251	0.388138
6252	0.388138
6253	0.388138
6254	-0.420172
6255	-0.420172
6256	-0.420172
6257	-0.420172
6258	0.578589
6259	0.578589
6260	0.153435
6261	0.153435
6262	1.45491
6263	-0.240456
6264	-0.754822
6265	0.689157
6266	-0.570709
6267	1.28507
6268	1.28507
6269	1.28507
6270	1.28507
6271	1.28507
6272	1.28507
6273	-0.509206
6274	-0.527854
6275	-0.645329
6276	-0.645329
6277	-0.645329
6278	0.579262
6279	0.660635
6280	1.06339
6281	-1.08275
6282	-0.0902532
6283	-0.293946
6284	-0.293946
6285	0.382816
6286	-0.477492
6287	-0.477492
6288	0.201298
6289	-1.20527
6290	-1.20527
6291	-1.20527
6292	1.34125
6293	-1.19592
6294	-1.19592
6295	-1.19592
6296	-1.19592
6297	-1.19592
6298	-1.19592
6299	-1.19592
6300	0.00187973
6301	0.417281
6302	0.417281
6303	0.417281
6304	-0.555221
6305	-0.170849
6306	0.321229
6307	-1.69599
6308	-1.69599
6309	-1.09293
6310	-0.564821
6311	-0.348413
6312	1.10869
6313	-0.907859
6314	-0.907859
6315	-0.907859
6316	-0.988473
6317	-0.556904
6318	0.663339
6319	0.663339
6320	-0.15737
6321	-0.812227
6322	0.625994
6323	0.625994
6324	0.625994
6325	-0.67358
6326	-0.67358
6327	-0.67358
6328	0.303824
6329	0.303824
6330	-1.27381
6331	0.333555
6332	0.333555
6333	0.760957
6334	-0.883891
6335	-0.883891
6336	0.0144966
6337	-0.0256175
6338	-0.496434
6339	-0.496434
6340	0.201733
6341	-1.07959
6342	-1.76208
6343	0.733242
6344	0.733242
6345	0.733242
6346	0.711869
6347	-1.06755
6348	-1.06755
6349	-1.06755
6350	-1.20567
6351	-1.20567
6352	-1.20567
6353	0.159371
6354	0.159371
6355	0.159371
6356	-1.02053
6357	-1.65203
6358	-0.286074
6359	-0.286074
6360	-1.23384
6361	-1.23384
6362	-1.23384
6363	0.316073
6364	0.231062
6365	-0.123202
6366	1.11957
6367	1.11957
6368	1.11957
6369	0.688885
6370	-0.526689
6371	-0.526689
6372	1.76855
6373	1.76855
6374	-0.194758
6375	-0.194758
6376	0.519565
6377	0.519565
6378	0.519565
6379	0.519565
6380	0.519565
6381	-0.482054
6382	-0.482054
6383	-0.482054
6384	-0.76808
6385	-0.309353
6386	-0.309353
6387	-0.0353229
6388	-0.0353229
6389	-0.0353229
6390	-0.0353229
6391	0.397072
6392	0.397072
6393	0.397072
6394	0.397072
6395	0.397072
6396	-1.164
6397	-1.164
6398	-0.906789
6399	0.201044
6400	0.201044
6401	-0.212037
6402	-0.212037
6403	2.08825
6404	-0.354696
6405	-0.354696
6406	-0.354696
6407	-0.354696
6408	-0.354696
6409	-0.354696
6410	-0.354696
6411	-0.354696
6412	-0.354696
6413	-0.774047
6414	0.273727
6415	-1.10685
6416	-0.0878176
6417	0.162712
6418	0.162712
6419	0.496772
6420	-0.5278
6421	-0.468588
6422	-0.468588
6423	-0.468588
6424	-0.127083
6425	0.422236
6426	-0.0750709
6427	-0.0750709
6428	1.30936
6429	-0.359316
6430	-0.552524
6431	0.845029
6432	0.845029
6433	-0.805201
6434	-0.805201
6435	-0.805201
6436	0.35555
6437	-1.08742
6438	-1.08742
6439	1.3482
6440	0.805312
6441	0.805312
6442	-0.621563
6443	-0.621563
6444	-0.621563
6445	-1.99632
6446	-0.466758
6447	-0.466758
6448	0.798594
6449	0.832737
6450	0.832737
6451	0.0460238
6452	0.0460238
6453	1.32761
6454	1.12181
6455	-0.476088
6456	-1.07337
6457	-0.256927
6458	-0.256927
6459	-0.857817
6460	-0.857817
6461	-0.857817
6462	-0.857817
6463	-0.0596182
6464	-0.0596182
6465	0.573706
6466	0.573706
6467	0.573706
6468	0.573706
6469	0.573706
6470	0.573706
6471	-1.83579
6472	-1.83579
6473	-0.248643
6474	0.0278263
6475	0.0278263
6476	0.0278263
6477	0.0278263
6478	0.942113
6479	0.942113
6480	0.942113
6481	0.942113
6482	0.942113
6483	0.967163
6484	-0.387261
6485	0.960316
6486	-0.78248
6487	-0.680546
6488	-0.680546
6489	-0.680546
6490	-0.680546
6491	0.677752
6492	0.677752
6493	0.941362
6494	-0.584878
6495	-0.584878
6496	-0.386141
6497	0.99087
6498	0.806752
6499	0.806752
6500	0.806752
6501	0.806752
6502	0.806752
6503	0.860027
6504	0.860027
6505	0.860027
6506	0.860027
6507	-0.491703
6508	0.496217
6509	0.496217
6510	0.607537
6511	0.373494
6512	0.2934
6513	-1.2548
6514	-1.2548
6515	0.134096
6516	0.134096
6517	-0.247408
6518	-0.798617
6519	1.01172
6520	0.860493
6521	0.0593858
6522	0.0593858
6523	0.961093
6524	0.961093
6525	0.752261
6526	-0.060726
6527	-0.060726
6528	1.5569
6529	1.21673
6530	-0.546036
6531	-0.546036
6532	-0.546036
6533	-0.546036
6534	-0.546036
6535	-0.546036
6536	-0.546036
6537	-0.967075
6538	0.398825
6539	0.398825
6540	-0.365737
6541	-0.365737
6542	-0.365737
6543	-0.365737
6544	-0.365737
6545	1.80949
6546	1.80949
6547	1.35626
6548	-0.161493
6549	-0.161493
6550	0.127294
6551	0.159035
6552	0.246665
6553	0.246665
6554	0.841944
6555	0.841944
6556	0.841944
6557	0.841944
6558	0.841944
6559	0.841944
6560	0.074487
6561	-0.999612
6562	-0.147811
6563	0.411129
6564	0.411129
6565	0.411129
6566	1.12251
6567	1.12251
6568	1.0373
6569	1.0373
6570	1.0373
6571	0.539429
6572	1.09709
6573	-1.54808
6574	0.497012
6575	-0.0538257
6576	-0.0538257
6577	-0.0334242
6578	-1.42656
6579	-1.42656
6580	-1.42656
6581	-0.364985
6582	-0.364985
6583	-0.364985
6584	0.522613
6585	-1.56151
6586	-0.111322
6587	-0.158367
6588	-0.209514
6589	-0.209514
6590	-0.209514
6591	-0.209514
6592	-0.209514
6593	-1.2494
6594	-1.2494
6595	0.00278425
6596	0.0406044
6597	0.0406044
6598	0.0406044
6599	0.0406044
6600	0.360083
6601	0.763266
6602	-1.10456
6603	-0.598705
6604	-0.598705
6605	0.677655
6606	-0.431314
6607	-0.431314
6608	-0.431314
6609	-0.431314
6610	-0.431314
6611	-0.431314
6612	-0.431314
6613	-0.431314
6614	-0.874968
6615	1.11056
6616	-0.274627
6617	-0.288835
6618	-0.648999
6619	-0.648999
6620	-0.648999
6621	-0.377904
6622	0.348787
6623	0.348787
6624	-0.55619
6625	1.05746
6626	-1.2275
6627	-1.2275
6628	1.52232
6629	1.52232
6630	1.52232
6631	0.129523
6632	0.129523
6633	-0.435671
6634	-0.0568246
6635	-0.0568246
6636	1.01488
6637	-1.01504
6638	0.219424
6639	0.219424
6640	-1.30888
6641	-1.30888
6642	-1.30888
6643	-0.328258
6644	-0.328258
6645	-0.328258
6646	-0.328258
6647	-0.704876
6648	0.916911
6649	0.916911
6650	-1.30688
6651	0.809129
6652	0.809129
6653	0.809129
6654	-0.920801
6655	-0.920801
6656	-0.233613
6657	-0.233613
6658	-0.233613
6659	-0.233613
6660	-0.233613
6661	-0.714934
6662	0.663759
6663	0.663759
6664	0.663759
6665	-0.763855
6666	0.200441
6667	1.04635
6668	1.04635
6669	0.232761
6670	-0.0916399
6671	-0.0916399
6672	-0.426267
6673	-0.432927
6674	-0.54483
6675	-0.54483
6676	-0.54483
6677	0.462248
6678	0.462248
6679	0.462248
6680	0.771216
6681	0.338947
6682	0.338947
6683	0.338947
6684	0.338947
6685	-0.838518
6686	-0.838518
6687	-0.838518
6688	-0.838518
6689	-0.838518
6690	-0.838518
6691	-0.838518
6692	-0.838518
6693	-0.838518
6694	-0.838518
6695	0.862976
6696	0.562419
6697	0.826592
6698	0.352374
6699	-0.369785
6700	-0.401884
6701	0.206044
6702	0.206044
6703	0.700188
6704	0.700188
6705	-0.000711257
6706	-1.01424
6707	-1.01424
6708	1.3938
6709	1.16256
6710	1.73159
6711	1.27306
6712	1.70929
6713	1.70929
6714	-0.638695
6715	0.441872
6716	0.611414
6717	-0.96107
6718	0.0654457
6719	-1.20164
6720	0.497395
6721	0.497395
6722	0.935965
6723	0.470248
6724	0.470248
6725	1.07223
6726	1.07223
6727	1.07223
6728	1.07223
6729	1.07223
6730	1.07223
6731	1.07223
6732	-0.867803
6733	0.8009
6734	0.8009
6735	0.8009
6736	0.8009
6737	0.8009
6738	-0.273508
6739	-0.84691
6740	-0.84691
6741	1.27304
6742	-1.17633
6743	-1.17633
6744	-1.17633
6745	-1.17633
6746	-1.17633
6747	-1.17633
6748	-0.370362
6749	-0.859725
6750	-1.23491
6751	-1.23491
6752	-1.23491
6753	-0.336104
6754	-0.336104
6755	-1.56314
6756	-0.334326
6757	-0.961707
6758	-0.961707
6759	-0.262493
6760	-0.262493
6761	-0.262493
6762	-0.262493
6763	-0.262493
6764	-0.262493
6765	0.361158
6766	-0.450889
6767	1.27547
6768	1.27547
6769	1.27547
6770	1.21398
6771	0.317978
6772	0.317978
6773	0.317978
6774	-1.25634
6775	-1.25634
6776	-1.25634
6777	0.0375918
6778	1.351
6779	1.351
6780	1.351
6781	1.12986
6782	1.43941
6783	0.182673
6784	-1.40063
6785	-0.871652
6786	0.00766186
6787	0.484421
6788	0.606838
6789	1.45819
6790	0.688619
6791	0.363529
6792	0.363529
6793	-0.43262
6794	-0.362659
6795	-0.362659
6796	-0.765488
6797	-0.765488
6798	-0.850466
6799	-0.866267
6800	0.209638
6801	0.142832
6802	0.133303
6803	0.133303
6804	0.133303
6805	0.171752
6806	0.171752
6807	0.171752
6808	1.66265
6809	-0.175059
6810	0.802991
6811	0.802991
6812	0.802991
6813	0.802991
6814	0.802991
6815	0.284548
6816	0.861039
6817	-0.727841
6818	-0.727841
6819	-0.727841
6820	-0.113243
6821	1.00386
6822	1.00386
6823	-0.858851
6824	-0.858851
6825	-0.858851
6826	-0.858851
6827	-0.858851
6828	0.833853
6829	0.833853
6830	-0.807015
6831	-0.807015
6832	0.368776
6833	0.586741
6834	-1.74471
6835	-1.74471
6836	-1.62355
6837	-1.62355
6838	-1.55219
6839	-1.55219
6840	-1.55219
6841	-1.55219
6842	1.10814
6843	-1.27384
6844	-1.27384
6845	-0.913169
6846	-0.913169
6847	-0.913169
6848	-0.913169
6849	-0.913169
6850	-0.913169
6851	0.0220129
6852	0.0220129
6853	0.0220129
6854	0.0220129
6855	0.0220129
6856	-0.542348
6857	-0.542348
6858	-0.542348
6859	0.281749
6860	-1.61791
6861	-1.44667
6862	0.179938
6863	-1.54898
6864	-0.561151
6865	-0.561151
6866	-0.561151
6867	-1.10772
6868	1.23101
6869	1.23101
6870	1.23101
6871	-1.18417
6872	0.99812
6873	0.99812
6874	0.3234
6875	-0.524391
6876	-0.524391
6877	-0.524391
6878	-0.524391
6879	-0.524391
6880	0.215042
6881	1.04464
6882	1.04464
6883	1.04464
6884	0.965012
6885	0.965012
6886	0.965012
6887	0.965012
6888	0.965012
6889	-0.925331
6890	-0.915252
6891	-0.915252
6892	-0.915252
6893	-0.915252
6894	-0.915252
6895	-1.15949
6896	-1.15949
6897	-1.15949
6898	-1.15949
6899	-0.758786
6900	-0.758786
6901	-0.758786
6902	-0.290796
6903	-0.290796
6904	-0.290796
6905	-0.290796
6906	-1.06525
6907	-1.06525
6908	-0.308716
6909	-0.308716
6910	-1.10535
6911	-1.50742
6912	-0.829362
6913	-1.61117
6914	-1.61117
6915	-1.24178
6916	-1.53138
6917	1.00631
6918	0.194081
6919	0.194081
6920	0.194081
6921	0.194081
6922	0.302801
6923	0.302801
6924	0.302801
6925	0.302801
6926	0.302801
6927	0.302801
6928	-1.20107
6929	1.12461
6930	0.464913
6931	0.464913
6932	0.464913
6933	1.22843
6934	0.70046
6935	0.336701
6936	1.22211
6937	0.115454
6938	0.718984
6939	-0.308799
6940	-0.308799
6941	-0.734972
6942	0.615481
6943	0.432552
6944	0.432552
6945	0.432552
6946	0.432552
6947	-1.42109
6948	0.191337
6949	0.295973
6950	-1.07537
6951	1.01015
6952	1.01015
6953	1.01015
6954	-0.0246492
6955	-1.37026
6956	-1.37026
6957	-0.0663255
6958	1.47281
6959	0.69052
6960	-0.553489
6961	-0.553489
6962	-1.5856
6963	-1.5856
6964	-1.5856
6965	-1.5856
6966	0.470488
6967	-1.15053
6968	-1.15053
6969	-0.0397673
6970	-0.0397673
6971	-0.0397673
6972	0.484407
6973	0.484407
6974	0.484407
6975	0.866576
6976	0.866576
6977	0.866576
6978	-1.55716
6979	-1.55716
6980	-0.655151
6981	-0.655151
6982	-1.07252
6983	-0.0978704
6984	-0.0978704
6985	0.532365
6986	-0.922693
6987	-0.349177
6988	-0.349177
6989	0.817153
6990	0.817153
6991	0.0613566
6992	0.0613566
6993	0.0613566
6994	0.683472
6995	0.683472
6996	0.683472
6997	0.867475
6998	-0.822815
6999	0.160528
7000	0.160528
7001	-0.473241
7002	-0.799426
7003	-0.799426
7004	-0.799426
7005	-0.799426
7006	-0.726193
7007	1.37592
7008	-0.478132
7009	-0.478132
7010	1.09013
7011	1.16639
7012	1.36551
7013	1.36551
7014	1.36551
7015	1.36551
7016	1.36551
7017	1.46377
7018	1.46377
7019	1.46377
7020	0.640425
7021	0.472995
7022	1.54167
7023	0.532244
7024	0.532244
7025	1.69142
7026	1.69142
7027	-0.709256
7028	1.32651
7029	1.88979
7030	1.88979
7031	1.4972
7032	0.00335365
7033	0.00335365
7034	0.00335365
7035	0.00335365
7036	0.00335365
7037	-0.406439
7038	-0.406439
7039	-1.0064
7040	-1.20909
7041	-1.20909
7042	-1.20909
7043	-1.20909
7044	0.664346
7045	-0.47526
7046	-0.47526
7047	-0.434439
7048	-0.434439
7049	-0.434439
7050	-0.434439
7051	-0.237853
7052	-0.237853
7053	-0.237853
7054	-0.237853
7055	-0.237853
7056	-0.237853
7057	1.36634
7058	1.36634
7059	-0.946743
7060	-0.946743
7061	-0.946743
7062	-0.586906
7063	0.445631
7064	0.445631
7065	-0.18372
7066	0.518177
7067	1.5906
7068	-0.102686
7069	-0.102686
7070	-0.102686
7071	-0.82942
7072	-0.82942
7073	-0.212483
7074	0.634229
7075	0.634229
7076	0.634229
7077	0.401594
7078	-1.41021
7079	-0.592785
7080	1.23937
7081	1.16969
7082	0.743547
7083	0.597445
7084	0.597445
7085	-0.511591
7086	-0.511591
7087	-0.172329
7088	-0.172329
7089	0.457455
7090	0.457455
7091	0.457455
7092	1.10965
7093	1.10965
7094	1.10965
7095	1.10965
7096	1.10965
7097	1.10965
7098	1.10965
7099	1.10965
7100	1.10965
7101	1.10965
7102	1.10965
7103	0.112905
7104	-0.935531
7105	-0.342856
7106	-0.746668
7107	-0.746668
7108	-0.984174
7109	-1.02905
7110	-1.02905
7111	0.42575
7112	0.42575
7113	0.0643499
7114	0.0643499
7115	1.48788
7116	1.48788
7117	1.48788
7118	-0.728064
7119	-0.728064
7120	-0.728064
7121	0.593171
7122	-1.55964
7123	-1.8973
7124	-1.8973
7125	-1.8973
7126	-1.8973
7127	0.265165
7128	-0.964282
7129	-0.248644
7130	-0.621609
7131	-0.621609
7132	-0.621609
7133	-0.621609
7134	-0.621609
7135	-0.621609
7136	0.432806
7137	0.432806
7138	0.432806
7139	-0.258598
7140	-0.258598
7141	-0.258598
7142	-0.258598
7143	-0.258598
7144	-1.05298
7145	-1.05298
7146	0.57048
7147	0.57048
7148	0.57048
7149	0.486308
7150	0.486308
7151	0.381743
7152	-0.729527
7153	1.16657
7154	1.16657
7155	0.181958
7156	-0.175367
7157	-0.175367
7158	-0.175367
7159	-0.175367
7160	0.382964
7161	-0.563867
7162	-0.563867
7163	0.776894
7164	0.776894
7165	-0.866675
7166	0.252546
7167	0.342514
7168	0.342514
7169	-0.362672
7170	-0.719631
7171	0.382738
7172	0.382738
7173	0.931166
7174	-1.13094
7175	-1.13094
7176	1.21916
7177	1.21916
7178	-0.587133
7179	-0.587133
7180	-0.587133
7181	-0.587133
7182	-0.587133
7183	0.943441
7184	0.943441
7185	0.943441
7186	0.36392
7187	-1.21369
7188	-0.083358
7189	-0.083358
7190	-0.083358
7191	0.359403
7192	0.512494
7193	0.756482
7194	0.387222
7195	0.105745
7196	-1.09585
7197	-1.09585
7198	0.936606
7199	0.75665
7200	0.75665
7201	0.75665
7202	0.75665
7203	1.07299
7204	1.07299
7205	1.07299
7206	-1.2782
7207	-1.2782
7208	0.671444
7209	1.1762
7210	0.730049
7211	0.730049
7212	1.06936
7213	1.06936
7214	1.06936
7215	1.06936
7216	1.06936
7217	1.15024
7218	-1.22978
7219	0.0608289
7220	0.0608289
7221	0.0608289
7222	0.0608289
7223	0.0608289
7224	-0.00623392
7225	-0.00623392
7226	-0.00623392
7227	0.910299
7228	-0.25454
7229	0.901968
7230	0.901968
7231	-0.774507
7232	-0.774507
7233	-0.774507
7234	-0.774507
7235	1.64266
7236	-0.224072
7237	-0.224072
7238	-0.224072
7239	0.150146
7240	0.150146
7241	0.150146
7242	0.150146
7243	1.17884
7244	0.43813
7245	0.43813
7246	0.43813
7247	0.43813
7248	0.43813
7249	0.43813
7250	-0.607732
7251	-0.607732
7252	-0.607732
7253	-0.607732
7254	-0.630777
7255	-0.630777
7256	-0.630777
7257	-0.630777
7258	-0.630777
7259	-0.630777
7260	-0.630777
7261	-0.630777
7262	-0.630777
7263	-0.630777
7264	-0.630777
7265	1.49919
7266	1.49919
7267	1.49919
7268	1.49919
7269	1.49919
7270	1.49919
7271	1.49919
7272	1.27282
7273	-1.33954
7274	-1.33954
7275	-1.33954
7276	-1.33954
7277	-1.27967
7278	-1.36347
7279	-1.0603
7280	-0.259871
7281	1.88159
7282	1.88159
7283	1.88159
7284	2.12842
7285	-0.270547
7286	0.57857
7287	0.57857
7288	0.57857
7289	0.57857
7290	-1.01632
7291	-1.01632
7292	-1.01632
7293	-0.108167
7294	-0.108167
7295	-0.108167
7296	0.0758652
7297	-0.983718
7298	-0.983718
7299	0.808053
7300	0.808053
7301	0.808053
7302	-0.621394
7303	-0.621394
7304	-0.621394
7305	0.85214
7306	0.448619
7307	0.448619
7308	0.448619
7309	0.737761
7310	0.737761
7311	-0.721721
7312	-0.721721
7313	-0.721721
7314	-0.905654
7315	-0.905654
7316	-0.905654
7317	0.233346
7318	0.233346
7319	1.23367
7320	1.23367
7321	0.936859
7322	0.936859
7323	-0.881237
7324	-0.881237
7325	-0.881237
7326	-0.240111
7327	-0.819643
7328	-0.819643
7329	0.141242
7330	0.141242
7331	-0.99053
7332	-0.99053
7333	-0.99053
7334	-0.99053
7335	-0.620021
7336	1.24456
7337	1.24456
7338	1.42249
7339	1.42249
7340	-0.118572
7341	-0.961795
7342	-0.961795
7343	-0.961795
7344	-0.961795
7345	0.126633
7346	0.126633
7347	0.126633
7348	1.10452
7349	-0.699649
7350	-0.699649
7351	-0.699649
7352	-0.699649
7353	-0.699649
7354	-0.699649
7355	-0.757162
7356	1.0642
7357	0.423628
7358	0.423628
7359	0.423628
7360	0.423628
7361	-0.746765
7362	-0.746765
7363	-0.746765
7364	1.58628
7365	0.2947
7366	0.2947
7367	0.2947
7368	0.2947
7369	0.2947
7370	0.608759
7371	0.608759
7372	0.608759
7373	-1.20386
7374	-1.20386
7375	-1.20386
7376	0.972656
7377	0.141804
7378	-0.519122
7379	-0.519122
7380	-0.519122
7381	-0.519122
7382	-0.519122
7383	0.821374
7384	0.821374
7385	0.821374
7386	-0.772811
7387	-0.576488
7388	-0.576488
7389	-0.576488
7390	0.161185
7391	-0.642678
7392	-0.642678
7393	1.02252
7394	1.02252
7395	-0.749082
7396	0.14855
7397	0.14855
7398	0.251866
7399	0.251866
7400	0.251866
7401	-0.810683
7402	0.582495
7403	0.582495
7404	0.582495
7405	0.582495
7406	0.582495
7407	0.582495
7408	0.582495
7409	0.286914
7410	0.895938
7411	0.0923945
7412	0.0923945
7413	0.775851
7414	-1.12423
7415	-1.12423
7416	-1.12703
7417	-1.12703
7418	0.0133846
7419	0.411217
7420	0.411217
7421	-0.173576
7422	-0.173576
7423	-0.063066
7424	0.810984
7425	0.810984
7426	0.00584172
7427	-2.12849
7428	-2.12849
7429	0.0393792
7430	-0.472056
7431	-0.427604
7432	-0.427604
7433	-0.415748
7434	-0.415748
7435	-0.415748
7436	-0.415748
7437	-0.415748
7438	2.12053
7439	1.50605
7440	1.50605
7441	1.50605
7442	0.295668
7443	0.295668
7444	0.485665
7445	0.485665
7446	0.485665
7447	0.485665
7448	-0.0544232
7449	-1.07631
7450	-0.786223
7451	-0.786223
7452	-0.307281
7453	-0.307281
7454	0.365031
7455	0.365031
7456	0.365031
7457	0.365031
7458	-2.02958
7459	-2.02958
7460	-1.57916
7461	-1.19794
7462	-1.19794
7463	-0.810476
7464	-0.810476
7465	0.246287
7466	-0.783887
7467	-0.783887
7468	-0.770703
7469	-0.488287
7470	-0.488287
7471	-0.488287
7472	-0.488287
7473	0.774559
7474	0.774559
7475	0.265125
7476	0.265125
7477	2.01928
7478	1.71397
7479	1.71397
7480	1.71397
7481	1.71397
7482	0.315653
7483	1.24056
7484	-0.775596
7485	0.580304
7486	0.580304
7487	0.580304
7488	0.580304
7489	1.18266
7490	1.32343
7491	0.111337
7492	-1.28525
7493	1.27542
7494	1.27542
7495	1.27542
7496	-1.45852
7497	-1.45852
7498	0.0530745
7499	1.17289
7500	1.17289
7501	0.824978
7502	0.446739
7503	0.0413939
7504	-1.10628
7505	-1.10628
7506	1.23029
7507	0.210778
7508	0.210778
7509	-0.380173
7510	-0.380173
7511	-1.41262
7512	-1.41262
7513	-1.41262
7514	-1.41262
7515	-1.2538
7516	-1.2538
7517	-1.2538
7518	-1.2538
7519	-1.2538
7520	-1.04724
7521	1.44747
7522	1.44747
7523	1.51658
7524	0.745095
7525	0.745095
7526	0.745095
7527	-0.54406
7528	-0.427098
7529	-0.427098
7530	-0.93798
7531	-0.93798
7532	-0.93798
7533	-0.93798
7534	0.470886
7535	0.270209
7536	0.927351
7537	1.17401
7538	-1.37038
7539	-1.37038
7540	-1.37038
7541	-1.37038
7542	-1.37038
7543	-1.37038
7544	-0.528922
7545	0.468379
7546	0.510642
7547	0.510642
7548	-0.0338328
7549	-0.97761
7550	-0.432796
7551	-0.432796
7552	-0.432796
7553	-0.432796
7554	-1.36608
7555	-1.36608
7556	0.441676
7557	1.73036
7558	1.73036
7559	1.73036
7560	1.73036
7561	1.73036
7562	1.50158
7563	1.50158
7564	0.304772
7565	-1.63572
7566	-0.975091
7567	-0.975091
7568	-0.975091
7569	0.860828
7570	0.380779
7571	0.380779
7572	-0.658511
7573	-0.658511
7574	0.935402
7575	0.935402
7576	0.935402
7577	0.935402
7578	0.935402
7579	0.935402
7580	-1.29024
7581	-1.23431
7582	-1.23431
7583	-0.633966
7584	-0.633966
7585	-1.13284
7586	-1.08886
7587	-0.674968
7588	-0.462457
7589	-0.462457
7590	-0.235594
7591	-1.15593
7592	1.44809
7593	1.44809
7594	1.44809
7595	1.44809
7596	0.205197
7597	0.205197
7598	-0.220392
7599	-0.220392
7600	-0.220392
7601	0.346704
7602	0.346704
7603	0.346704
7604	0.700796
7605	-0.964837
7606	-0.964837
7607	-0.613879
7608	-1.21472
7609	0.686604
7610	0.686604
7611	0.686604
7612	1.08275
7613	-0.713306
7614	-0.713306
7615	-0.713306
7616	-0.713306
7617	-0.562226
7618	-0.562226
7619	-0.562226
7620	-0.562226
7621	0.906984
7622	0.906984
7623	0.906984
7624	-0.357036
7625	-0.234933
7626	0.954284
7627	0.866249
7628	0.327246
7629	-0.39476
7630	-0.39476
7631	0.33585
7632	0.33585
7633	-1.45256
7634	1.26713
7635	1.61114
7636	1.61114
7637	1.61114
7638	2.23176
7639	1.36329
7640	-0.235746
7641	-1.7144
7642	-1.7144
7643	-1.7144
7644	-1.7144
7645	0.0816203
7646	0.0816203
7647	0.0816203
7648	0.13998
7649	1.22084
7650	1.22084
7651	1.22084
7652	0.333368
7653	0.333368
7654	0.333368
7655	0.333368
7656	-1.80334
7657	-0.22065
7658	1.28839
7659	-0.881285
7660	0.112387
7661	-0.877711
7662	-1.0573
7663	-1.0573
7664	-0.720349
7665	-0.720349
7666	-0.720349
7667	-1.01408
7668	-1.01408
7669	-1.01408
7670	-1.01408
7671	0.838048
7672	-0.726957
7673	-0.726957
7674	-0.726957
7675	0.281155
7676	-0.351533
7677	1.16708
7678	1.16708
7679	1.16708
7680	1.16708
7681	-0.699053
7682	-0.699053
7683	-0.699053
7684	-0.699053
7685	-0.699053
7686	0.0158369
7687	0.566144
7688	0.566144
7689	0.379195
7690	0.379195
7691	-0.237551
7692	-0.237551
7693	1.0192
7694	1.0192
7695	-0.762206
7696	-0.762206
7697	-0.762206
7698	1.36215
7699	1.36215
7700	1.29941
7701	1.29941
7702	-0.599424
7703	0.126765
7704	0.126765
7705	0.721552
7706	0.721552
7707	0.527332
7708	0.527332
7709	0.420472
7710	0.420472
7711	0.492212
7712	0.492212
7713	0.131971
7714	0.131971
7715	0.131971
7716	-0.0310238
7717	-0.0310238
7718	-0.0310238
7719	-0.0310238
7720	-0.0310238
7721	-0.0310238
7722	0.875818
7723	0.875818
7724	0.875818
7725	0.875818
7726	0.440962
7727	-1.01996
7728	-1.01996
7729	0.296714
7730	0.400348
7731	-0.047494
7732	-0.047494
7733	0.187642
7734	0.187642
7735	0.187642
7736	-1.21189
7737	0.0648607
7738	0.0648607
7739	0.0648607
7740	-1.31796
7741	-1.31796
7742	-0.584108
7743	0.761837
7744	-1.98607
7745	-0.0960521
7746	-0.0960521
7747	0.731189
7748	-0.332324
7749	-1.286
7750	0.355974
7751	-1.30994
7752	0.914757
7753	0.914757
7754	-0.681131
7755	-1.10947
7756	-1.10947
7757	-1.35928
7758	-1.35928
7759	1.01374
7760	0.0866723
7761	0.256128
7762	0.256128
7763	0.256128
7764	0.682757
7765	0.682757
7766	0.682757
7767	0.682757
7768	0.682757
7769	0.682757
7770	-0.974464
7771	0.617568
7772	0.617568
7773	0.617568
7774	0.617568
7775	0.617568
7776	0.0179295
7777	0.381452
7778	0.381452
7779	-0.133958
7780	-0.133958
7781	-0.133958
7782	-0.133958
7783	-0.133958
7784	0.408787
7785	0.408787
7786	0.408787
7787	0.408787
7788	0.408787
7789	1.12802
7790	1.12802
7791	0.132869
7792	0.132869
7793	0.811316
7794	0.811316
7795	0.295525
7796	0.788899
7797	-0.0112878
7798	-0.0112878
7799	-0.0112878
7800	-1.21319
7801	-1.17972
7802	-0.263185
7803	-0.990288
7804	-0.990288
7805	-0.990288
7806	0.207374
7807	0.207374
7808	0.207374
7809	0.207374
7810	0.207374
7811	-0.795694
7812	-0.939418
7813	-1.71623
7814	-1.71623
7815	-1.75506
7816	0.560556
7817	-1.22923
7818	1.25194
7819	1.25194
7820	0.482735
7821	0.482735
7822	0.482735
7823	0.803776
7824	0.803776
7825	-0.122719
7826	-0.122719
7827	1.03635
7828	1.03635
7829	-1.19288
7830	-0.068457
7831	-1.74791
7832	-1.74791
7833	-1.74791
7834	-1.18185
7835	-1.18185
7836	-1.18185
7837	-1.18185
7838	-1.18185
7839	-1.30116
7840	0.867134
7841	0.867134
7842	0.832389
7843	0.197596
7844	0.197596
7845	0.681695
7846	-0.897257
7847	0.221396
7848	-0.277683
7849	-0.277683
7850	-0.277683
7851	0.821611
7852	-1.29239
7853	-0.671456
7854	-0.671456
7855	-0.671456
7856	-0.671456
7857	2.00815
7858	0.878537
7859	0.878537
7860	0.878537
7861	0.878537
7862	0.878537
7863	0.878537
7864	0.878537
7865	0.643457
7866	1.0645
7867	1.0645
7868	1.0645
7869	1.0645
7870	0.133297
7871	0.133297
7872	0.133297
7873	0.133297
7874	0.133297
7875	0.133297
7876	0.133297
7877	-1.01612
7878	-1.14038
7879	-1.14038
7880	-1.14038
7881	-0.00465295
7882	-0.00465295
7883	0.74589
7884	0.74589
7885	0.74589
7886	0.922354
7887	0.74458
7888	0.311464
7889	-1.17107
7890	-1.17107
7891	-1.17107
7892	-0.987163
7893	-0.360351
7894	-0.360351
7895	1.07846
7896	1.07846
7897	-0.53371
7898	1.38169
7899	0.932536
7900	0.932536
7901	0.645472
7902	0.645472
7903	0.347757
7904	0.190281
7905	-1.04958
7906	-0.0409504
7907	-0.0409504
7908	-0.681175
7909	-0.350217
7910	-0.350217
7911	1.54914
7912	1.29396
7913	1.29396
7914	0.470449
7915	0.470449
7916	0.470449
7917	0.470449
7918	-1.03646
7919	-1.03646
7920	-1.03646
7921	0.617608
7922	0.617608
7923	0.617608
7924	-1.23686
7925	-1.23686
7926	-1.26909
7927	1.14963
7928	1.14963
7929	1.14963
7930	-0.110963
7931	-0.110963
7932	-0.947611
7933	-0.947611
7934	0.170175
7935	0.842547
7936	0.842547
7937	0.842547
7938	0.842547
7939	0.842547
7940	-0.768602
7941	-0.768602
7942	-0.768602
7943	-0.768602
7944	-0.768602
7945	-0.632254
7946	1.29936
7947	0.568762
7948	-0.57184
7949	0.463453
7950	0.860028
7951	-1.1527
7952	-0.338167
7953	1.46512
7954	-0.417939
7955	-0.417939
7956	-0.417939
7957	0.769688
7958	-0.785739
7959	-0.721452
7960	-0.721452
7961	-0.721452
7962	0.320355
7963	0.320355
7964	0.383334
7965	0.383334
7966	0.355838
7967	0.311907
7968	-0.0709769
7969	-1.89863
7970	-1.89863
7971	-0.679785
7972	-0.679785
7973	-0.679785
7974	0.0312874
7975	-0.862173
7976	-0.843489
7977	-0.843489
7978	-0.843489
7979	1.90458
7980	0.737432
7981	0.737432
7982	0.737432
7983	0.737432
7984	0.737432
7985	1.41392
7986	1.41392
7987	-0.110028
7988	-0.403083
7989	1.14645
7990	0.56832
7991	0.56832
7992	0.56832
7993	0.56832
7994	0.56832
7995	0.56832
7996	-0.283905
7997	-0.283905
7998	-0.283905
7999	0.751364
8000	0.751364
8001	-0.515398
8002	-0.253637
8003	-0.253637
8004	-1.23152
8005	-1.23152
8006	1.23187
8007	-1.30357
8008	0.938007
8009	0.754258
8010	-0.566458
8011	-0.566458
8012	0.801879
8013	-1.30532
8014	-1.7451
8015	-1.7451
8016	-1.74722
8017	0.835856
8018	0.826284
8019	-0.957276
8020	-0.957276
8021	0.91548
8022	0.91548
8023	-0.42893
8024	-0.568812
8025	-0.24685
8026	1.18541
8027	1.47261
8028	1.47261
8029	1.47261
8030	1.47261
8031	-1.0125
8032	-1.0125
8033	0.153155
8034	0.153155
8035	0.153155
8036	0.153155
8037	1.07138
8038	-0.422575
8039	0.0222141
8040	0.0222141
8041	0.0222141
8042	1.1515
8043	1.1515
8044	1.1515
8045	-1.27083
8046	-1.27083
8047	0.0653541
8048	0.0653541
8049	0.0653541
8050	0.925744
8051	0.925744
8052	0.925744
8053	0.925744
8054	0.422779
8055	0.565893
8056	0.565893
8057	0.565893
8058	1.49556
8059	-0.939678
8060	1.41713
8061	1.41713
8062	0.153188
8063	0.486021
8064	0.0967601
8065	0.0967601
8066	1.30685
8067	0.00208271
8068	0.00208271
8069	0.00208271
8070	0.506549
8071	0.506549
8072	1.29355
8073	1.36474
8074	-0.943723
8075	0.449172
8076	-1.7229
8077	-1.7229
8078	0.614096
8079	0.614096
8080	-0.198108
8081	-0.198108
8082	-0.198108
8083	-0.198108
8084	-0.198108
8085	1.20496
8086	1.20496
8087	-1.37025
8088	-0.823414
8089	-0.823414
8090	-0.823414
8091	-0.823414
8092	-0.823414
8093	-0.823414
8094	-0.823414
8095	0.896519
8096	1.17274
8097	-0.721029
8098	-0.356571
8099	0.412175
8100	0.892974
8101	0.892974
8102	-0.263095
8103	-0.263095
8104	-0.263095
8105	-0.263095
8106	1.08218
8107	1.08218
8108	-0.824649
8109	-0.824649
8110	0.399084
8111	1.47478
8112	-0.865174
8113	-0.865174
8114	-0.865174
8115	0.651639
8116	-0.738784
8117	1.17819
8118	0.582606
8119	0.582606
8120	0.582606
8121	0.582606
8122	-0.915158
8123	-0.98683
8124	-0.484944
8125	-0.484944
8126	-0.484944
8127	-0.484944
8128	1.63218
8129	0.935902
8130	1.97624
8131	-0.745677
8132	-0.745677
8133	-0.745677
8134	-0.745677
8135	-0.81829
8136	1.92196
8137	-0.270794
8138	-0.270794
8139	-0.270794
8140	-0.482555
8141	0.869787
8142	-0.641856
8143	-0.641856
8144	0.77139
8145	0.77139
8146	0.77139
8147	0.859039
8148	-0.326833
8149	-0.326833
8150	-0.674044
8151	-1.11783
8152	1.32761
8153	1.32761
8154	0.773372
8155	0.773372
8156	0.773372
8157	1.2216
8158	-0.872574
8159	-0.872574
8160	-0.384918
8161	-0.384918
8162	-0.384918
8163	-0.384918
8164	1.12261
8165	1.12261
8166	1.12261
8167	-0.159971
8168	-0.3771
8169	0.244166
8170	0.244166
8171	-0.875788
8172	-0.875788
8173	-0.875788
8174	-0.875788
8175	-0.875788
8176	-0.875788
8177	-0.875788
8178	-1.17151
8179	-0.456688
8180	0.657988
8181	0.657988
8182	0.657988
8183	0.657988
8184	-1.38522
8185	-1.38522
8186	0.842273
8187	0.842273
8188	-0.895451
8189	-0.257592
8190	-0.257592
8191	-1.5997
8192	0.9488
8193	0.195211
8194	0.195211
8195	0.195211
8196	0.762882
8197	0.762882
8198	0.762882
8199	-0.106036
8200	-0.106036
8201	-0.4465
8202	-0.4465
8203	0.59059
8204	-0.900043
8205	-0.749973
8206	-0.413612
8207	0.125985
8208	-1.24401
8209	-1.24401
8210	-1.24401
8211	-1.24401
8212	-0.749481
8213	-0.547624
8214	-0.412338
8215	-0.412338
8216	-0.833844
8217	-0.833844
8218	-0.833844
8219	-0.101204
8220	-0.101204
8221	-0.101204
8222	-0.101204
8223	-0.101204
8224	-0.710391
8225	-0.710391
8226	-0.710391
8227	-0.222369
8228	-0.222369
8229	-0.29618
8230	-0.29618
8231	-0.29618
8232	-0.29618
8233	-0.29618
8234	-0.29618
8235	-0.29618
8236	-0.29618
8237	-0.29618
8238	0.469717
8239	0.469717
8240	0.089102
8241	-0.993836
8242	1.43474
8243	1.43474
8244	1.43474
8245	-0.0526634
8246	-0.0994274
8247	0.648745
8248	0.823833
8249	0.823833
8250	0.823833
8251	0.823833
8252	0.823833
8253	0.823833
8254	0.823833
8255	0.823833
8256	0.823833
8257	0.823833
8258	0.823833
8259	0.726448
8260	0.726448
8261	0.726448
8262	0.726448
8263	0.726448
8264	0.726448
8265	0.726448
8266	0.726448
8267	0.726448
8268	0.726448
8269	1.4629
8270	-0.804668
8271	-0.804668
8272	-0.804668
8273	-0.804668
8274	-0.804668
8275	-0.804668
8276	-0.804668
8277	-1.41719
8278	-0.792846
8279	1.52374
8280	0.00896239
8281	0.326342
8282	-0.789364
8283	-0.202105
8284	-1.0812
8285	-1.0812
8286	-1.0812
8287	1.16153
8288	0.592578
8289	-0.936431
8290	-0.936431
8291	1.21178
8292	0.502144
8293	0.502144
8294	0.502144
8295	0.502144
8296	0.502144
8297	-1.1678
8298	0.500681
8299	0.500681
8300	1.24604
8301	0.553287
8302	-1.17127
8303	-0.0708799
8304	-0.0708799
8305	-2.53132
8306	-2.53132
8307	-2.53132
8308	-0.163627
8309	1.49679
8310	1.49679
8311	1.49679
8312	0.929936
8313	0.929936
8314	0.929936
8315	-0.288211
8316	-0.288211
8317	-0.288211
8318	-0.288211
8319	-0.288211
8320	-0.208298
8321	0.118097
8322	0.202668
8323	1.21428
8324	1.21428
8325	0.0899743
8326	0.0899743
8327	-0.882228
8328	-0.984012
8329	-0.984012
8330	-0.984012
8331	-0.857444
8332	-0.857444
8333	0.599362
8334	1.62545
8335	1.11083
8336	0.917978
8337	0.917978
8338	-1.02592
8339	-1.02592
8340	0.65009
8341	0.65009
8342	0.65009
8343	0.65009
8344	0.65009
8345	-0.390159
8346	0.582125
8347	1.01591
8348	1.01591
8349	-0.257635
8350	-0.257635
8351	1.2095
8352	-0.880297
8353	-0.880297
8354	-0.880297
8355	-0.318606
8356	1.18749
8357	1.18749
8358	1.18749
8359	1.18749
8360	1.18749
8361	1.18749
8362	1.09744
8363	0.33697
8364	-0.27124
8365	1.11389
8366	-0.820494
8367	-0.259087
8368	-0.259087
8369	-0.259087
8370	-0.259087
8371	-0.606698
8372	0.721986
8373	0.721986
8374	-1.38655
8375	-1.38655
8376	-1.38655
8377	-1.38655
8378	-1.38655
8379	-1.38655
8380	-1.49728
8381	-1.49728
8382	-0.901152
8383	0.729391
8384	0.505247
8385	0.505247
8386	0.135787
8387	0.135787
8388	-0.300488
8389	-0.300488
8390	0.915647
8391	-1.06801
8392	-1.06801
8393	-1.06801
8394	-1.06801
8395	-1.06801
8396	0.764658
8397	-0.0861675
8398	1.44756
8399	1.44756
8400	1.44756
8401	0.345798
8402	0.345798
8403	0.345798
8404	-0.893863
8405	-0.893863
8406	-0.893863
8407	-0.893863
8408	0.778503
8409	0.778503
8410	0.778503
8411	1.11286
8412	0.84246
8413	0.84246
8414	0.833608
8415	-0.441665
8416	-0.441665
8417	-0.441665
8418	-0.601394
8419	-0.996395
8420	-0.996395
8421	-1.09315
8422	0.998388
8423	-0.676482
8424	-0.676482
8425	-0.676482
8426	-0.110471
8427	1.59425
8428	0.131362
8429	1.36356
8430	1.36356
8431	0.121302
8432	0.121302
8433	0.121302
8434	1.02655
8435	1.02655
8436	-0.970003
8437	-0.970003
8438	-0.970003
8439	0.762442
8440	-0.20801
8441	-0.20801
8442	-0.20801
8443	-0.20801
8444	-0.20801
8445	-0.563485
8446	-0.563485
8447	-0.563485
8448	-0.037373
8449	0.279869
8450	0.249028
8451	-0.433709
8452	-0.433709
8453	-0.43912
8454	0.494201
8455	-0.612433
8456	0.122235
8457	0.122235
8458	0.122235
8459	-0.892438
8460	-0.892438
8461	0.970655
8462	-1.02201
8463	-1.02201
8464	1.1923
8465	-0.562024
8466	1.86077
8467	1.94849
8468	1.94849
8469	1.94849
8470	1.51352
8471	1.51352
8472	1.51352
8473	0.353826
8474	0.353826
8475	0.353826
8476	-1.09451
8477	0.0826963
8478	-1.21614
8479	-1.21614
8480	1.27167
8481	-1.38219
8482	-1.38219
8483	-1.38219
8484	-1.38219
8485	-1.45448
8486	-1.45448
8487	-1.45448
8488	-1.45448
8489	0.950116
8490	0.950116
8491	-1.23753
8492	-0.362731
8493	-0.276987
8494	-0.276987
8495	0.277294
8496	1.04035
8497	1.29412
8498	1.35999
8499	1.35999
8500	1.33474
8501	0.914927
8502	0.614401
8503	0.614401
8504	1.2779
8505	1.23353
8506	1.23353
8507	-1.0145
8508	-1.0145
8509	-1.0145
8510	0.084825
8511	0.084825
8512	0.221917
8513	0.221917
8514	1.28514
8515	1.28514
8516	-0.877127
8517	-0.877127
8518	-0.877127
8519	-0.245406
8520	-1.00144
8521	0.489837
8522	-0.709272
8523	-0.0104665
8524	1.38409
8525	-1.03757
8526	0.0656888
8527	-0.980489
8528	-0.980489
8529	0.179167
8530	-0.105372
8531	0.713751
8532	0.713751
8533	0.713751
8534	0.730472
8535	0.730472
8536	1.19685
8537	-0.686478
8538	-1.55657
8539	-1.55657
8540	-1.55657
8541	-1.55657
8542	-1.55657
8543	-1.55657
8544	-0.365317
8545	1.12471
8546	0.512476
8547	1.47852
8548	0.632476
8549	0.632476
8550	0.632476
8551	0.632476
8552	0.632476
8553	0.882912
8554	0.724124
8555	0.724124
8556	0.724124
8557	-0.0531779
8558	0.391355
8559	0.386506
8560	0.386506
8561	0.465852
8562	0.465852
8563	0.465852
8564	0.465852
8565	-0.231361
8566	0.000759265
8567	0.000759265
8568	-0.133325
8569	1.23283
8570	1.23283
8571	1.23283
8572	1.23283
8573	1.23283
8574	-1.25229
8575	-0.127458
8576	-1.46512
8577	-1.46512
8578	-1.46512
8579	-1.36506
8580	-1.36506
8581	-1.41237
8582	-1.41237
8583	-1.41237
8584	-1.049
8585	-1.049
8586	-1.049
8587	0.787773
8588	0.254054
8589	0.177709
8590	-0.471324
8591	-0.471324
8592	-0.471324
8593	-0.471324
8594	0.290631
8595	1.53647
8596	1.53647
8597	-0.198198
8598	-0.862142
8599	0.468646
8600	-0.30593
8601	-0.30593
8602	-1.52359
8603	-1.52359
8604	0.770196
8605	0.552075
8606	0.552075
8607	0.552075
8608	-1.46679
8609	0.243248
8610	0.243248
8611	0.243248
8612	-1.27579
8613	1.18129
8614	0.987234
8615	-0.701178
8616	-0.701178
8617	-0.701178
8618	0.0955495
8619	0.0955495
8620	-0.343785
8621	1.33456
8622	0.241315
8623	-1.23619
8624	-0.61748
8625	-0.61748
8626	-0.323843
8627	-0.323843
8628	-0.545883
8629	-0.545883
8630	-1.03104
8631	-1.03104
8632	-1.07198
8633	-0.0559491
8634	-0.0559491
8635	-0.0559491
8636	-0.875975
8637	-0.875975
8638	-0.875975
8639	-0.875975
8640	-0.875975
8641	-0.875975
8642	-0.875975
8643	1.21749
8644	1.60233
8645	1.60233
8646	1.60233
8647	-0.976048
8648	-0.976048
8649	1.42153
8650	1.42153
8651	1.42153
8652	0.296615
8653	0.692166
8654	0.692166
8655	0.860431
8656	0.860431
8657	1.1745
8658	1.1745
8659	-1.41131
8660	-1.41131
8661	-1.41131
8662	0.410291
8663	0.410291
8664	0.410291
8665	-1.88392
8666	0.289723
8667	0.829006
8668	0.829006
8669	0.829006
8670	0.829006
8671	0.829006
8672	-0.69789
8673	-1.11944
8674	-1.11944
8675	-1.11944
8676	-1.11944
8677	-1.11944
8678	0.632571
8679	0.632571
8680	-1.58088
8681	-1.56904
8682	-0.291957
8683	-1.17183
8684	-1.17183
8685	-1.17183
8686	-1.17183
8687	0.0234062
8688	0.1548
8689	-0.465121
8690	-1.35035
8691	1.10226
8692	-1.07613
8693	-1.07613
8694	-1.07613
8695	-1.07613
8696	-1.07613
8697	-1.07613
8698	-1.07613
8699	1.38136
8700	-0.974505
8701	-0.974505
8702	-0.278571
8703	-0.278571
8704	-0.278571
8705	-0.446476
8706	-0.446476
8707	-0.0999128
8708	-0.0999128
8709	-0.0999128
8710	-0.0999128
8711	1.31295
8712	1.31295
8713	-0.967191
8714	-0.967191
8715	-0.663453
8716	-0.227206
8717	-0.227206
8718	-0.129611
8719	-0.129611
8720	-0.129611
8721	0.0511784
8722	0.0511784
8723	0.0511784
8724	0.50952
8725	0.50952
8726	-0.34935
8727	0.385037
8728	0.385037
8729	0.675517
8730	0.675517
8731	0.675517
8732	0.675517
8733	1.44466
8734	1.37986
8735	-0.960415
8736	-0.960415
8737	1.26824
8738	-1.33361
8739	-1.33361
8740	-1.33361
8741	-1.33361
8742	-1.33361
8743	1.03186
8744	1.03186
8745	0.449257
8746	-0.26419
8747	-0.26419
8748	-0.26419
8749	-0.26419
8750	-0.26419
8751	-0.26419
8752	-0.26419
8753	-0.26419
8754	-0.26419
8755	-0.26419
8756	-0.741443
8757	0.607349
8758	0.607349
8759	0.607349
8760	0.750417
8761	0.750417
8762	0.750417
8763	0.854712
8764	1.08803
8765	0.668949
8766	-0.149285
8767	0.0191082
8768	0.328852
8769	1.27629
8770	1.27629
8771	1.27629
8772	1.27629
8773	1.27629
8774	1.10267
8775	1.185
8776	0.47549
8777	0.47549
8778	0.623532
8779	1.77745
8780	-0.828745
8781	-0.828745
8782	-0.828745
8783	-0.228227
8784	-0.278843
8785	-0.278843
8786	-0.278843
8787	0.987643
8788	0.987643
8789	0.987643
8790	0.987643
8791	-0.0907326
8792	-0.544709
8793	1.89686
8794	2.0126
8795	1.83959
8796	1.55804
8797	1.46198
8798	1.46198
8799	0.861943
8800	0.861943
8801	0.861943
8802	-1.21242
8803	0.759623
8804	1.19768
8805	1.19768
8806	1.19768
8807	1.19768
8808	0.245403
8809	0.245403
8810	0.245403
8811	0.245403
8812	1.38605
8813	1.38605
8814	-1.22913
8815	0.379643
8816	0.379643
8817	1.04627
8818	1.04627
8819	-0.500808
8820	-0.500808
8821	-0.500808
8822	1.34502
8823	-0.000791452
8824	-0.000791452
8825	0.421624
8826	0.421624
8827	0.421624
8828	0.421624
8829	-0.662246
8830	0.404803
8831	0.176966
8832	0.176966
8833	-0.747805
8834	-0.156982
8835	-0.156982
8836	-0.240794
8837	-2.07025
8838	0.035594
8839	0.035594
8840	0.697787
8841	0.697787
8842	0.409326
8843	1.31778
8844	1.31778
8845	1.46323
8846	0.220772
8847	0.220772
8848	-0.0759114
8849	-0.0759114
8850	-0.279321
8851	-0.279321
8852	-0.593539
8853	0.809595
8854	0.809595
8855	0.809595
8856	-0.22921
8857	-0.22921
8858	-0.22921
8859	1.12016
8860	1.12016
8861	-0.253367
8862	-0.253367
8863	-0.253367
8864	0.912152
8865	0.912152
8866	-0.163367
8867	-0.645693
8868	-0.645693
8869	0.751244
8870	-0.899557
8871	-0.899557
8872	-1.43096
8873	-0.451968
8874	1.31767
8875	1.31767
8876	0.961887
8877	0.148014
8878	-1.46945
8879	-1.46945
8880	-1.46945
8881	1.19703
8882	-0.968193
8883	-0.968193
8884	-0.968193
8885	-0.630175
8886	0.873953
8887	-0.422338
8888	-0.422338
8889	0.96865
8890	-0.669489
8891	-1.34119
8892	-1.37489
8893	-1.37489
8894	-0.72627
8895	-0.72627
8896	-0.72627
8897	-0.642651
8898	-0.642651
8899	-0.113705
8900	-0.113705
8901	-0.113705
8902	0.65694
8903	0.65694
8904	0.65694
8905	0.65694
8906	-0.410757
8907	-0.536027
8908	-0.605389
8909	-0.605389
8910	-0.605389
8911	-0.605389
8912	-0.605389
8913	-0.430213
8914	-0.5876
8915	-0.357269
8916	-0.357269
8917	-0.107068
8918	1.05604
8919	-0.876597
8920	-0.876597
8921	-0.487267
8922	-0.487267
8923	-0.487267
8924	-0.487267
8925	-0.487267
8926	0.243544
8927	0.243544
8928	0.243544
8929	-1.04236
8930	-1.04236
8931	-1.04236
8932	-0.0226357
8933	1.20873
8934	1.20873
8935	0.781975
8936	0.927203
8937	0.927203
8938	0.927203
8939	0.927203
8940	0.9398
8941	-0.940577
8942	-0.629958
8943	-0.629958
8944	-0.629958
8945	-0.629958
8946	-1.16931
8947	-1.16931
8948	0.675223
8949	0.675223
8950	-1.44113
8951	-0.56225
8952	0.200586
8953	0.0864107
8954	0.0864107
8955	-1.42968
8956	0.799132
8957	-1.36716
8958	-1.36716
8959	0.933953
8960	-0.291015
8961	-0.291015
8962	-0.291015
8963	0.195313
8964	0.830795
8965	0.768871
8966	0.972982
8967	0.972982
8968	0.972982
8969	1.28867
8970	-0.322283
8971	-0.322283
8972	-0.461678
8973	-0.626607
8974	-0.626607
8975	-0.387908
8976	0.175546
8977	0.275937
8978	0.275937
8979	0.275937
8980	-0.389195
8981	-0.389195
8982	-0.389195
8983	1.27977
8984	0.353216
8985	0.353216
8986	0.353216
8987	0.344973
8988	0.344973
8989	0.344973
8990	-0.596604
8991	-1.23546
8992	0.356645
8993	-0.439839
8994	-0.439839
8995	0.615751
8996	0.615751
8997	-0.158434
8998	0.404522
8999	0.404522
9000	1.11798
9001	1.11798
9002	0.399399
9003	0.399399
9004	-0.231177
9005	-0.231177
9006	-0.80666
9007	-0.80666
9008	0.703335
9009	0.703335
9010	0.323865
9011	0.303618
9012	0.303618
9013	-0.140856
9014	1.59851
9015	-0.31475
9016	-0.976114
9017	-0.976114
9018	-1.33667
9019	-0.425771
9020	-0.134459
9021	0.993254
9022	1.6421
9023	1.6421
9024	1.6421
9025	-0.790715
9026	-0.790715
9027	-0.790715
9028	-0.790715
9029	-0.790715
9030	-0.790715
9031	-0.790715
9032	-0.790715
9033	-0.790715
9034	-0.790715
9035	-0.837659
9036	-0.837659
9037	-0.837659
9038	0.88679
9039	0.88679
9040	0.88679
9041	0.88679
9042	0.280235
9043	0.777211
9044	-1.59744
9045	-1.59744
9046	-2.07029
9047	0.226872
9048	-1.54093
9049	-1.54093
9050	-1.23685
9051	-0.831171
9052	0.00517651
9053	1.74828
9054	0.0536824
9055	0.0536824
9056	0.0536824
9057	0.0536824
9058	-0.799308
9059	-1.37168
9060	-0.68117
9061	-0.68117
9062	-0.68117
9063	0.0234532
9064	0.0234532
9065	0.0390899
9066	0.0390899
9067	0.0390899
9068	-0.834415
9069	0.23897
9070	0.23897
9071	0.659162
9072	0.659162
9073	0.867369
9074	-0.864642
9075	-0.864642
9076	-0.864642
9077	1.45523
9078	-1.27122
9079	-1.14275
9080	-0.552642
9081	-0.552642
9082	-0.552642
9083	-1.29099
9084	-0.689497
9085	-0.689497
9086	-0.0612219
9087	-0.558255
9088	-0.552507
9089	-0.552507
9090	-0.552507
9091	-0.552507
9092	-0.552507
9093	-0.552507
9094	-0.552507
9095	-0.552507
9096	-0.552507
9097	-0.552507
9098	0.83559
9099	-0.0472333
9100	-0.0472333
9101	-0.0472333
9102	1.16013
9103	-0.564593
9104	-0.564593
9105	0.607623
9106	0.607623
9107	0.607623
9108	-0.727014
9109	-0.708719
9110	-0.708719
9111	0.260984
9112	0.733
9113	-0.524183
9114	-0.524183
9115	-0.524183
9116	-0.524183
9117	-0.524183
9118	-0.465344
9119	-0.465344
9120	-0.0598612
9121	-0.0598612
9122	-0.0598612
9123	-0.0516497
9124	-0.0516497
9125	-0.0516497
9126	0.577777
9127	-0.735796
9128	0.470339
9129	1.15805
9130	1.15805
9131	1.15805
9132	-0.389447
9133	-1.3498
9134	1.29413
9135	1.29413
9136	1.0844
9137	-0.838153
9138	1.37397
9139	-0.0172286
9140	-0.0486736
9141	1.03551
9142	1.03551
9143	1.03551
9144	-0.991678
9145	0.0570259
9146	-0.9142
9147	0.213408
9148	0.213408
9149	0.213408
9150	0.213408
9151	0.444822
9152	0.421355
9153	0.736676
9154	0.473228
9155	0.473228
9156	-0.477953
9157	-0.109778
9158	1.83901
9159	1.83901
9160	1.83901
9161	0.685662
9162	-0.757449
9163	-0.757449
9164	0.022623
9165	0.022623
9166	0.022623
9167	-1.22584
9168	0.731074
9169	0.484673
9170	0.484673
9171	-0.420749
9172	-0.420749
9173	0.621816
9174	0.53886
9175	0.53886
9176	0.53886
9177	-1.07889
9178	1.2159
9179	0.388929
9180	0.388929
9181	-0.465472
9182	-0.100602
9183	-0.100602
9184	-0.100602
9185	-0.100602
9186	-0.251182
9187	-0.251182
9188	-0.251182
9189	0.373494
9190	-0.140646
9191	-0.118529
9192	-0.118529
9193	0.230055
9194	-0.698418
9195	0.541066
9196	-0.717139
9197	-0.854969
9198	-0.854969
9199	-0.194507
9200	-0.194507
9201	-0.194507
9202	-0.194507
9203	-0.194507
9204	-0.194507
9205	-0.441747
9206	-0.441747
9207	-0.441747
9208	-0.441747
9209	0.537025
9210	0.537025
9211	0.537025
9212	-1.24311
9213	-1.24311
9214	-0.813491
9215	-0.104789
9216	0.509407
9217	0.349971
9218	0.349971
9219	0.349971
9220	0.349971
9221	0.349971
9222	0.349971
9223	0.745072
9224	-0.0189111
9225	-0.790091
9226	-0.790091
9227	0.972637
9228	0.972637
9229	-0.70618
9230	-0.70618
9231	-0.70618
9232	-0.70618
9233	-0.70618
9234	-0.70618
9235	0.759889
9236	0.994771
9237	0.994771
9238	0.934698
9239	0.934698
9240	0.934698
9241	0.934698
9242	0.934698
9243	0.934698
9244	-1.19318
9245	-0.517902
9246	-0.820473
9247	-0.489611
9248	-0.505943
9249	-0.505943
9250	1.19848
9251	1.19848
9252	0.153861
9253	-0.976466
9254	-0.976466
9255	-0.92377
9256	-0.92377
9257	-0.92377
9258	0.863992
9259	1.19307
9260	1.19307
9261	-1.11582
9262	-0.819331
9263	-0.819331
9264	-1.0386
9265	-1.0386
9266	-1.0386
9267	-1.0386
9268	-1.0386
9269	-0.960472
9270	-0.960472
9271	-0.960472
9272	1.2802
9273	1.2802
9274	1.246
9275	0.0243891
9276	0.0243891
9277	0.141144
9278	-0.292263
9279	-0.707751
9280	-0.707751
9281	-0.707751
9282	-1.31132
9283	0.0404435
9284	0.51025
9285	0.51025
9286	0.51025
9287	0.692367
9288	-0.438673
9289	-0.438673
9290	-0.438673
9291	1.22608
9292	0.0803535
9293	0.0803535
9294	-2.26395
9295	-2.26395
9296	-2.26395
9297	0.300223
9298	0.300223
9299	0.688433
9300	0.688433
9301	0.688433
9302	0.688433
9303	0.688433
9304	0.688433
9305	1.44667
9306	0.119478
9307	0.486786
9308	-0.819531
9309	1.15521
9310	1.15521
9311	1.15521
9312	0.724651
9313	0.724651
9314	-0.323199
9315	0.161625
9316	0.8864
9317	0.8864
9318	0.8864
9319	-0.905016
9320	-0.602028
9321	-0.602028
9322	-0.26204
9323	-0.46076
9324	-0.46076
9325	1.38048
9326	1.38048
9327	-0.320546
9328	-0.320546
9329	-0.320546
9330	-0.320546
9331	0.866314
9332	0.428239
9333	0.428239
9334	0.428239
9335	0.129148
9336	0.129148
9337	-0.9742
9338	-0.9742
9339	-0.0642631
9340	0.0204568
9341	0.565333
9342	-0.791173
9343	-0.791173
9344	-0.791173
9345	-0.791173
9346	-0.791173
9347	-0.791173
9348	0.335683
9349	0.335683
9350	0.335683
9351	0.903474
9352	0.911347
9353	0.911347
9354	0.911347
9355	1.04048
9356	1.04048
9357	-0.510725
9358	-0.510725
9359	-0.510725
9360	-0.510725
9361	-0.510725
9362	0.407367
9363	0.796334
9364	-0.304772
9365	-0.638477
9366	-0.638477
9367	-0.638477
9368	-0.638477
9369	0.678299
9370	0.272133
9371	0.596656
9372	-0.0257692
9373	-0.0257692
9374	-0.0257692
9375	-0.0257692
9376	-0.0257692
9377	-0.330246
9378	-1.04551
9379	0.497649
9380	0.497649
9381	0.497649
9382	-0.814597
9383	-1.08623
9384	0.79561
9385	-1.2183
9386	-1.2183
9387	-1.01682
9388	-1.01682
9389	-1.00614
9390	0.851438
9391	1.17231
9392	-0.496465
9393	-0.738133
9394	-0.738133
9395	-0.932373
9396	-0.932373
9397	0.33044
9398	-1.59254
9399	-1.59254
9400	0.902484
9401	0.902484
9402	-1.08507
9403	-0.397461
9404	0.825551
9405	0.825551
9406	0.825551
9407	-0.405545
9408	0.047153
9409	0.047153
9410	0.047153
9411	-0.582911
9412	1.2443
9413	1.2443
9414	1.2443
9415	-0.791375
9416	-1.19133
9417	-1.19739
9418	-1.19739
9419	-0.40947
9420	-0.40947
9421	-0.793298
9422	1.17498
9423	1.17498
9424	1.17498
9425	0.636969
9426	0.636969
9427	0.21683
9428	-0.812589
9429	-0.812589
9430	1.09614
9431	1.09614
9432	1.09614
9433	1.09614
9434	1.09614
9435	0.50888
9436	-0.386376
9437	-0.378831
9438	-0.378831
9439	1.23434
9440	-0.182743
9441	-0.182743
9442	-0.206321
9443	-1.14891
9444	-0.415887
9445	-0.415887
9446	-0.415887
9447	0.461652
9448	0.762723
9449	-1.25209
9450	0.485558
9451	0.485558
9452	0.485558
9453	-1.01479
9454	-1.01479
9455	0.412534
9456	0.412534
9457	0.412534
9458	0.412534
9459	0.412534
9460	0.34689
9461	-0.316173
9462	-0.316173
9463	-0.316173
9464	-0.316173
9465	-0.316173
9466	-1.28705
9467	0.392148
9468	-0.925642
9469	-0.925642
9470	-0.925642
9471	1.24594
9472	-0.836281
9473	0.172811
9474	0.392296
9475	1.40236
9476	1.40236
9477	0.385309
9478	0.393707
9479	0.393707
9480	0.393707
9481	0.393707
9482	0.393707
9483	0.393707
9484	-0.36434
9485	-0.36434
9486	-0.36434
9487	-1.28174
9488	-1.28174
9489	-1.28174
9490	-1.28174
9491	1.09298
9492	-0.596303
9493	-0.596303
9494	-0.596303
9495	-0.103102
9496	-0.103102
9497	-0.0262727
9498	-1.29407
9499	1.31661
9500	1.19995
9501	-0.159583
9502	0.334836
9503	-0.739409
9504	0.227645
9505	0.227645
9506	0.227645
9507	-1.1743
9508	0.0211193
9509	0.0211193
9510	0.0211193
9511	1.6884
9512	0.0807224
9513	0.0807224
9514	0.0807224
9515	0.0807224
9516	1.37786
9517	1.37786
9518	1.37786
9519	1.37786
9520	0.748517
9521	0.748517
9522	1.08662
9523	0.970216
9524	-1.30828
9525	1.12668
9526	-0.36994
9527	1.52075
9528	1.12603
9529	1.12603
9530	1.12603
9531	0.830061
9532	-0.922582
9533	-0.922582
9534	0.594082
9535	0.594082
9536	0.594082
9537	0.826131
9538	-1.22049
9539	-1.22049
9540	-1.22049
9541	-1.22049
9542	-1.22049
9543	0.868473
9544	-0.0758591
9545	0.384785
9546	0.384785
9547	0.384785
9548	0.384785
9549	0.178199
9550	0.178199
9551	-0.525411
9552	0.892991
9553	0.892991
9554	0.549146
9555	-0.242422
9556	-0.546475
9557	-1.10028
9558	-1.10028
9559	0.602447
9560	-0.613079
9561	-0.613079
9562	-0.613079
9563	-0.613079
9564	-0.595584
9565	-0.595584
9566	-0.595584
9567	-0.48186
9568	-0.782672
9569	-1.44754
9570	-1.44754
9571	-1.44754
9572	-1.44754
9573	-0.739594
9574	-0.527634
9575	-0.527634
9576	-0.527634
9577	-0.527634
9578	0.276719
9579	1.05943
9580	-0.59459
9581	-0.59459
9582	-0.59459
9583	-0.59459
9584	-0.388623
9585	0.595903
9586	0.595903
9587	-0.262108
9588	-0.262108
9589	-0.430425
9590	0.683989
9591	0.683989
9592	0.683989
9593	0.683989
9594	-0.926276
9595	0.125434
9596	0.125434
9597	-1.01817
9598	-1.01817
9599	-1.01817
9600	-0.0432656
9601	-0.96933
9602	0.197927
9603	0.197927
9604	0.197927
9605	0.197927
9606	0.197927
9607	1.14586
9608	1.14586
9609	-1.48041
9610	0.502159
9611	-0.996711
9612	-0.996711
9613	0.682681
9614	-1.15632
9615	-0.230767
9616	-0.906604
9617	0.28295
9618	0.28295
9619	0.28295
9620	0.204476
9621	-0.252293
9622	-1.16725
9623	0.806553
9624	0.751303
9625	1.43759
9626	-0.131627
9627	-0.131627
9628	-0.131627
9629	-0.131627
9630	-0.131627
9631	-1.24862
9632	-1.24862
9633	-1.24862
9634	1.27482
9635	-0.212362
9636	-0.212362
9637	0.781593
9638	0.781593
9639	-0.964456
9640	-0.964456
9641	0.190982
9642	0.190982
9643	0.190982
9644	-1.49742
9645	-1.48579
9646	-1.48579
9647	0.713626
9648	0.713626
9649	0.520947
9650	0.520947
9651	0.520947
9652	-1.43838
9653	-1.47578
9654	-0.777821
9655	-0.777821
9656	-1.32036
9657	-1.32036
9658	-1.32036
9659	0.880493
9660	0.0865777
9661	1.08383
9662	1.08383
9663	-0.785853
9664	-0.785853
9665	-0.785853
9666	-0.785853
9667	-0.785853
9668	-0.785853
9669	-1.35837
9670	-1.35837
9671	-0.341399
9672	-0.97529
9673	1.38273
9674	1.34888
9675	0.637844
9676	0.637844
9677	0.637844
9678	0.637844
9679	0.886771
9680	0.886771
9681	0.886771
9682	0.528275
9683	-1.32199
9684	-1.32199
9685	0.961348
9686	0.961348
9687	0.961348
9688	0.668494
9689	0.898531
9690	0.898531
9691	0.0245235
9692	-0.114282
9693	-0.114282
9694	-1.13635
9695	-0.759751
9696	1.12589
9697	-0.795507
9698	-0.795507
9699	-0.795507
9700	-0.795507
9701	-0.795507
9702	-0.0843819
9703	0.685923
9704	0.770961
9705	0.246639
9706	0.246639
9707	-0.0763562
9708	-0.307845
9709	-0.32822
9710	-0.271646
9711	-0.910833
9712	1.05307
9713	1.05307
9714	1.05307
9715	1.05307
9716	1.05307
9717	0.195727
9718	0.406549
9719	0.292245
9720	0.292245
9721	-0.750955
9722	0.815005
9723	0.815005
9724	0.815005
9725	0.815005
9726	0.973224
9727	0.973224
9728	0.606983
9729	0.606983
9730	1.84527
9731	1.17228
9732	-0.562916
9733	-0.562916
9734	-0.562916
9735	-0.562916
9736	-0.562916
9737	0.608309
9738	0.868293
9739	0.868293
9740	0.308434
9741	-0.775333
9742	0.185126
9743	0.185126
9744	0.185126
9745	0.185126
9746	1.10044
9747	-0.698426
9748	-0.698426
9749	-0.698426
9750	-0.698426
9751	-0.698426
9752	1.67069
9753	0.266421
9754	-0.666891
9755	-0.117646
9756	-0.117646
9757	-0.117646
9758	0.489571
9759	0.489571
9760	0.63803
9761	-0.75453
9762	-0.526347
9763	-0.526347
9764	-0.526347
9765	-0.526347
9766	-1.65202
9767	-1.65202
9768	0.237164
9769	1.30134
9770	1.36421
9771	1.36421
9772	1.09984
9773	1.09984
9774	-0.857945
9775	0.144105
9776	-0.32831
9777	-0.32831
9778	-0.32831
9779	-0.653647
9780	-0.653647
9781	-0.868629
9782	-0.868629
9783	-0.868629
9784	1.08555
9785	0.766389
9786	0.0855688
9787	0.661255
9788	0.661255
9789	-0.123018
9790	1.47333
9791	0.137944
9792	0.137944
9793	0.137944
9794	0.137944
9795	0.389731
9796	-1.40605
9797	-1.40605
9798	1.0889
9799	1.0889
9800	-0.857857
9801	-0.857857
9802	-0.857857
9803	-0.857857
9804	-1.67526
9805	-0.169384
9806	-0.169384
9807	-0.169384
9808	0.222311
9809	-1.50679
9810	-0.765473
9811	-0.765473
9812	-0.765473
9813	-0.765473
9814	-0.765473
9815	-0.765473
9816	-0.77068
9817	-0.77068
9818	-1.32951
9819	-0.815195
9820	-0.815195
9821	-0.335281
9822	1.28768
9823	1.28768
9824	0.101433
9825	0.101433
9826	0.101433
9827	0.101433
9828	0.101433
9829	0.70968
9830	-0.742862
9831	0.131607
9832	0.78799
9833	-0.0296248
9834	1.8295
9835	1.8295
9836	-0.025482
9837	-0.025482
9838	0.508625
9839	0.508625
9840	-0.612204
9841	-0.876228
9842	-0.876228
9843	-1.57362
9844	-0.0356534
9845	1.08415
9846	1.08415
9847	1.08415
9848	0.260303
9849	0.260303
9850	0.195955
9851	0.195955
9852	-1.79186
9853	-0.55383
9854	-0.55383
9855	-0.55383
9856	1.15676
9857	1.15676
9858	1.15676
9859	1.15676
9860	1.15676
9861	0.337981
9862	0.0305982
9863	1.44566
9864	1.44566
9865	1.44566
9866	-0.0203195
9867	-0.0203195
9868	-0.0203195
9869	0.442675
9870	-0.391296
9871	-0.391296
9872	-0.391296
9873	-0.391296
9874	1.31733
9875	1.31733
9876	0.351367
9877	0.351367
9878	1.3497
9879	1.30657
9880	0.190269
9881	0.190269
9882	0.190269
9883	-0.363159
9884	-1.41801
9885	0.785275
9886	0.785275
9887	0.568298
9888	0.568298
9889	0.568298
9890	-1.22182
9891	-1.22182
9892	0.250609
9893	0.250609
9894	0.250609
9895	0.250609
9896	-0.196762
9897	0.92092
9898	0.92092
9899	0.92092
9900	0.92092
9901	0.92092
9902	-1.19288
9903	-1.19288
9904	-1.19288
9905	-0.729639
9906	0.261296
9907	0.261296
9908	-0.52575
9909	0.387078
9910	0.387078
9911	-0.637544
9912	0.377104
9913	0.377104
9914	-1.17967
9915	-0.429127
9916	-0.429127
9917	-0.429127
9918	-0.429127
9919	-0.684346
9920	1.22566
9921	1.11786
9922	0.453005
9923	0.453005
9924	0.453005
9925	0.453005
9926	0.853651
9927	0.853651
9928	-0.115783
9929	-0.115783
9930	-0.115783
9931	-1.03289
9932	-1.03289
9933	-1.03289
9934	-0.915177
9935	-0.915177
9936	-0.915177
9937	1.2072
9938	-1.17156
9939	-1.17156
9940	-1.17156
9941	-1.17156
9942	-0.686866
9943	1.59173
9944	1.59173
9945	-0.254905
9946	-0.254905
9947	0.939886
9948	0.939886
9949	0.713181
9950	0.713181
9951	1.2147
9952	1.2147
9953	1.2147
9954	1.2147
9955	1.03612
9956	1.03612
9957	1.03612
9958	1.03612
9959	1.03612
9960	1.03612
9961	1.03612
9962	1.03612
9963	1.03612
9964	-0.566815
9965	-0.566815
9966	-1.16314
9967	-0.106093
9968	-1.07355
9969	-1.07355
9970	-1.07355
9971	-1.07355
9972	0.714926
9973	0.714926
9974	0.714926
9975	0.714926
9976	-0.471359
9977	-0.471359
9978	-0.471359
9979	-0.456546
9980	-0.456546
9981	-0.456546
9982	-1.00523
9983	-1.30672
9984	0.169046
9985	-1.66425
9986	-1.66425
9987	-1.66425
9988	0.473051
9989	0.473051
9990	1.25765
9991	-1.24338
9992	0.343606
9993	0.343606
9994	0.343606
9995	1.77279
9996	1.77279
9997	-0.131132
9998	0.384449
9999	0.00254285
