step	x
1	1.25168
2	-0.817707
3	0.478766
4	0.444729
5	-0.640828
6	-0.640828
7	1.41663
8	1.41663
9	1.41663
10	1.41663
11	-0.645358
12	-0.645358
13	0.996799
14	-0.743959
15	0.776313
16	0.992597
17	0.992597
18	-0.576299
19	-0.576299
20	-0.576299
21	-0.576299
22	-0.429075
23	-0.471376
24	-0.471376
25	-1.42125
26	-1.42125
27	-1.42125
28	-0.160754
29	-0.160754
30	-0.160754
31	-1.74656
32	-1.30664
33	-0.486417
34	-0.486417
35	-0.486417
36	0.182876
37	1.34121
38	1.37765
39	1.01419
40	1.01419
41	1.01419
42	1.01419
43	0.766513
44	0.766513
45	1.42564
46	1.77216
47	1.77216
48	-0.141553
49	-0.141553
50	-0.141553
51	0.913723
52	0.913723
53	-1.25162
54	-1.25162
55	1.18813
56	1.18813
57	0.801863
58	0.801863
59	-1.08766
60	-1.08766
61	-1.08766
62	-1.08766
63	-1.08766
64	-0.238788
65	-0.238788
66	-0.238788
67	-0.238788
68	-0.792492
69	0.232578
70	-0.017313
71	0.964689
72	0.964689
73	-0.755665
74	0.523435
75	-0.893698
76	-0.893698
77	-0.893698
78	0.243395
79	0.243395
80	-2.05822
81	-2.05822
82	-2.05822
83	-2.06325
84	-2.06325
85	-1.03866
86	-1.03866
87	-1.03866
88	-1.7704
89	-1.2643
90	-1.2643
91	-1.48109
92	-0.815012
93	-0.246282
94	-0.246282
95	0.568155
96	-1.27676
97	-1.27676
98	0.497309
99	0.497309
100	0.497309
101	0.268456
102	0.268456
103	0.268456
104	-1.028
105	-1.028
106	-1.028
107	-1.028
108	-1.028
109	-1.028
110	1.47359
111	1.47359
112	-0.398682
113	-0.398682
114	-0.398682
115	-1.12323
116	-1.12323
117	-1.12323
118	-1.12323
119	0.754295
120	0.754295
121	0.352016
122	0.352016
123	1.26777
124	-1.39011
125	1.06854
126	0.198253
127	1.05805
128	-0.123253
129	-0.123253
130	-1.2334
131	-1.00131
132	-0.41759
133	1.3035
134	-1.31228
135	0.590389
136	0.590389
137	1.02567
138	1.02567
139	1.02567
140	1.02567
141	1.02567
142	-0.78601
143	-0.4493
144	1.24646
145	1.24646
146	0.989995
147	0.989995
148	0.989995
149	0.989995
150	0.989995
151	-0.11707
152	-1.58887
153	-1.06414
154	-1.06414
155	-1.06414
156	-0.296231
157	0.0763142
158	1.03464
159	-1.2262
160	0.303827
161	0.303827
162	0.303827
163	-0.290257
164	-0.290257
165	-0.290257
166	1.43075
167	1.43075
168	1.43075
169	1.43075
170	1.43075
171	0.729973
172	0.729973
173	0.729973
174	0.729973
175	0.729973
176	0.729973
177	0.729973
178	0.729973
179	0.992578
180	0.992578
181	0.992578
182	0.676745
183	0.676745
184	0.676745
185	-1.19001
186	-1.19001
187	-1.19001
188	-1.19001
189	-1.19001
190	-1.19001
191	-1.19001
192	-1.19001
193	-1.19001
194	0.167204
195	0.167204
196	0.167204
197	-1.48345
198	0.0822015
199	0.0822015
200	0.0822015
201	0.0822015
202	0.0822015
203	1.00516
204	1.00516
205	-1.00484
206	-1.00484
207	-1.01649
208	-1.01649
209	-0.508126
210	-0.508126
211	-0.820734
212	1.36379
213	1.36379
214	1.36379
215	1.36379
216	-0.23794
217	-0.564188
218	-0.063855
219	-0.063855
220	-0.715602
221	0.948406
222	0.948406
223	0.948406
224	0.948406
225	-0.386283
226	0.0130209
227	0.7175
228	0.7175
229	-0.172889
230	-0.980141
231	-0.980141
232	-0.632816
233	-0.632816
234	-0.632816
235	-0.632816
236	-0.632816
237	-0.632816
238	-0.632816
239	1.46961
240	1.49595
241	1.49595
242	-0.636152
243	-0.636152
244	-0.636152
245	-0.754032
246	-0.86469
247	-0.0873702
248	1.2609
249	0.506272
250	-0.315672
251	-0.315672
252	-0.315672
253	-0.315672
254	0.962831
255	0.962831
256	0.962831
257	0.421895
258	0.421895
259	-0.0391703
260	-0.0391703
261	0.524675
262	0.524675
263	0.398592
264	1.07614
265	1.07614
266	1.08405
267	1.08405
268	1.08405
269	1.08405
270	1.08405
271	-0.818172
272	1.28054
273	0.179447
274	0.179447
275	1.22094
276	1.22094
277	-0.523909
278	0.693922
279	1.03175
280	0.817624
281	-0.192118
282	0.597734
283	0.597734
284	-1.5908
285	1.10762
286	1.10762
287	1.10762
288	1.10762
289	-0.22611
290	-0.22611
291	-0.758851
292	0.0804971
293	-0.971507
294	-0.971507
295	-0.135678
296	-0.135678
297	-0.135678
298	0.819056
299	0.819056
300	-0.216717
301	-0.216717
302	-0.216717
303	-0.572229
304	-0.572229
305	-0.413354
306	-0.413354
307	-0.413354
308	-0.413354
309	-0.413354
310	-1.09346
311	-1.09346
312	1.22677
313	1.26464
314	0.750082
315	0.784252
316	-0.525475
317	-0.716975
318	-0.935574
319	1.54674
320	1.54674
321	-0.535042
322	-0.535042
323	-0.535042
324	-0.535042
325	-0.535042
326	0.673986
327	0.673986
328	0.673986
329	0.673986
330	0.955583
331	0.955583
332	0.955583
333	0.955583
334	0.716427
335	0.716427
336	0.716427
337	0.716427
338	0.716427
339	0.716427
340	0.716427
341	1.40043
342	-0.828541
343	-0.343776
344	-0.621247
345	1.07811
346	0.856301
347	-0.489744
348	-0.336957
349	-0.336957
350	-0.336957
351	1.17058
352	-0.242345
353	-0.242345
354	0.206365
355	-1.54802
356	0.721164
357	0.721164
358	1.39889
359	1.51247
360	1.51247
361	1.51247
362	1.51247
363	-1.07408
364	-1.07408
365	-0.118924
366	-0.118924
367	-0.870113
368	-0.870113
369	0.879763
370	1.20349
371	-0.68596
372	1.59964
373	1.59964
374	1.4256
375	-1.07597
376	0.942796
377	0.942796
378	0.942796
379	0.521179
380	0.447413
381	1.40601
382	1.40601
383	1.40601
384	-1.19152
385	-1.19413
386	-1.19413
387	-1.19413
388	0.710657
389	0.926801
390	-0.496887
391	1.2258
392	1.2258
393	0.707338
394	-0.341346
395	-0.341346
396	-0.579771
397	0.956966
398	-1.22496
399	0.19676
400	-0.748447
401	-0.748447
402	1.49904
403	-0.493785
404	1.60405
405	1.60405
406	1.60405
407	-0.153732
408	1.17883
409	-0.388198
410	-0.388198
411	-0.388198
412	0.538917
413	0.538917
414	1.47493
415	1.47493
416	1.47493
417	1.47493
418	1.47493
419	1.20212
420	-0.494736
421	-0.494736
422	-1.26554
423	-1.00935
424	0.249401
425	0.249401
426	0.483655
427	0.483655
428	0.483655
429	0.483655
430	0.483655
431	0.483655
432	-1.05886
433	-0.455905
434	-0.455905
435	-0.238306
436	-0.238306
437	-0.238306
438	-0.238306
439	1.3123
440	-0.70981
441	-0.70981
442	-0.70981
443	-0.310002
444	-0.424769
445	0.641033
446	0.641033
447	0.641033
448	0.641033
449	-0.102612
450	1.36994
451	-0.231049
452	-0.816247
453	-0.34956
454	-1.61044
455	-0.296101
456	-0.296101
457	-0.296101
458	-1.05191
459	-1.05191
460	-1.35769
461	-1.35769
462	0.921765
463	-0.125092
464	-0.125092
465	-0.125092
466	-1.13838
467	-0.421882
468	-0.421882
469	-1.04061
470	1.55318
471	1.55318
472	1.55318
473	1.55318
474	1.55318
475	1.1595
476	1.1595
477	0.403985
478	1.40732
479	-1.32938
480	-0.0173433
481	1.03691
482	1.03691
483	1.03691
484	1.03691
485	1.03691
486	0.601212
487	2.32672
488	2.04168
489	1.02821
490	1.02821
491	1.02821
492	1.06615
493	1.61455
494	1.61455
495	0.804286
496	-0.978242
497	0.00707199
498	0.00707199
499	-1.34229
500	-1.34229
501	-1.34229
502	-0.0720295
503	-0.844268
504	-0.844268
505	-0.844268
506	0.68672
507	0.68672
508	0.68672
509	0.68672
510	0.68672
511	0.68672
512	0.68672
513	0.0788322
514	0.0788322
515	0.0788322
516	0.0788322
517	-1.05469
518	-0.709117
519	-0.709117
520	-0.166287
521	-0.166287
522	-0.890209
523	0.924151
524	0.924151
525	1.26931
526	1.7458
527	1.2595
528	1.2595
529	-1.46343
530	-1.46343
531	-1.46343
532	-1.46343
533	-1.46343
534	-1.46343
535	-1.38305
536	0.963731
537	0.963731
538	0.423823
539	1.10381
540	0.708766
541	0.708766
542	0.708766
543	0.455316
544	0.455316
545	0.455316
546	-1.1906
547	-1.646
548	-2.06841
549	-0.800934
550	-0.800934
551	-0.800934
552	0.235323
553	0.162366
554	0.962027
555	0.962027
556	1.04758
557	0.00559985
558	0.00559985
559	0.00559985
560	1.02446
561	-1.01007
562	-1.01007
563	-1.01007
564	1.50482
565	-0.807684
566	-0.807684
567	-0.734975
568	0.777641
569	0.367646
570	-1.26472
571	-1.26472
572	1.03208
573	1.03208
574	1.1264
575	-0.528494
576	-0.528494
577	-1.07079
578	-1.07079
579	-1.07079
580	-1.07079
581	-1.07079
582	0.394983
583	0.394983
584	0.394983
585	-0.359556
586	-0.359556
587	-0.359556
588	-0.359556
589	0.606112
590	0.606112
591	-0.446588
592	0.801082
593	-0.713118
594	-0.713118
595	-0.713118
596	1.19781
597	1.17814
598	1.17814
599	1.17814
600	1.17814
601	-1.02606
602	-1.02606
603	-0.309962
604	-0.309962
605	-0.309962
606	-1.45085
607	-0.560732
608	-0.560732
609	-0.284256
610	-0.284256
611	-0.284256
612	-0.284256
613	-0.284256
614	-0.284256
615	-0.284256
616	-0.284256
617	-0.674262
618	-0.674262
619	-0.674262
620	0.846609
621	0.168793
622	0.168793
623	-0.791914
624	-0.715527
625	0.4165
626	0.4165
627	-1.12765
628	0.751928
629	-1.3294
630	0.976494
631	0.976494
632	0.976494
633	-0.616877
634	0.765088
635	0.765088
636	0.765088
637	0.765088
638	0.765088
639	0.765088
640	0.430986
641	1.51192
642	1.51192
643	1.12017
644	0.973128
645	0.0914828
646	-1.34806
647	0.457769
648	0.000892371
649	0.000892371
650	0.000892371
651	0.000892371
652	0.000892371
653	0.000892371
654	-0.849228
655	1.81656
656	-0.299312
657	0.889315
658	0.889315
659	0.502417
660	-1.25967
661	-1.25967
662	0.879296
663	0.230293
664	0.722709
665	-0.538423
666	-0.538423
667	-0.538423
668	-0.538423
669	-0.538423
670	-0.538423
671	-0.538423
672	-0.359585
673	-0.359585
674	-0.359585
675	0.0994396
676	-0.954756
677	-0.823224
678	-0.823224
679	-0.823224
680	-0.623237
681	-0.623237
682	0.720664
683	-1.02071
684	-1.02071
685	-1.02071
686	-1.02071
687	-1.02071
688	-1.02071
689	-1.02071
690	1.23247
691	0.690394
692	0.690394
693	-0.779437
694	0.922329
695	-0.929735
696	-1.37636
697	0.551904
698	0.551904
699	-0.992931
700	1.20848
701	-1.5048
702	-0.511153
703	-0.511153
704	-0.511153
705	-0.511153
706	-1.81671
707	0.610675
708	0.610675
709	0.610675
710	0.610675
711	-1.09755
712	-1.09755
713	-1.09755
714	0.541533
715	-1.19512
716	-0.304769
717	-0.304769
718	-1.36289
719	-1.49519
720	-1.49519
721	0.669236
722	0.669236
723	0.669236
724	0.669236
725	1.38052
726	-1.05744
727	-1.05744
728	-0.661341
729	-1.03707
730	-1.03707
731	0.109701
732	1.06103
733	1.04745
734	1.04745
735	1.04745
736	1.04745
737	1.04745
738	1.04745
739	0.401667
740	-1.2924
741	1.25688
742	0.165463
743	-0.386643
744	0.362555
745	0.362555
746	0.362555
747	1.35162
748	-0.859479
749	-0.859479
750	-0.575245
751	-0.575245
752	-0.575245
753	-0.575245
754	-0.575245
755	-1.09193
756	-1.09193
757	1.03805
758	1.03805
759	1.03805
760	1.03805
761	1.03805
762	-0.339291
763	-0.339291
764	0.883714
765	-0.705183
766	0.870249
767	0.870249
768	0.870249
769	0.870249
770	0.870249
771	0.870249
772	0.870249
773	0.870249
774	0.870249
775	0.870249
776	-0.887018
777	-0.887018
778	-0.887018
779	-0.887018
780	1.01015
781	1.01015
782	1.04845
783	-0.694571
784	-0.694571
785	-0.694571
786	-0.694571
787	-0.694571
788	-0.694571
789	-0.694571
790	0.228485
791	0.228485
792	0.228485
793	1.34696
794	1.34696
795	-1.24441
796	-0.866369
797	-0.316959
798	-0.316959
799	0.865154
800	0.865154
801	0.865154
802	0.865154
803	0.865154
804	0.865154
805	0.865154
806	-0.807784
807	1.57471
808	1.57471
809	1.57471
810	0.104355
811	-0.989604
812	-1.04317
813	1.32076
814	1.32076
815	1.32076
816	-1.34163
817	0.189499
818	0.189499
819	-1.07984
820	1.16026
821	-0.0423836
822	0.600411
823	0.600411
824	0.600411
825	0.600411
826	-1.75096
827	-1.71998
828	-0.140339
829	-0.377412
830	-1.57647
831	0.201379
832	0.201379
833	0.201379
834	0.201379
835	-1.2054
836	-1.65906
837	-1.65906
838	-1.65594
839	-0.0486213
840	-0.0486213
841	-1.32823
842	-1.32823
843	-1.40372
844	-0.2784
845	0.754973
846	0.754973
847	-0.983241
848	-0.983241
849	1.12078
850	1.12078
851	1.12078
852	1.12078
853	1.21508
854	0.467379
855	0.12358
856	0.12358
857	0.12358
858	0.829326
859	-0.365659
860	-0.699053
861	-0.937264
862	0.589204
863	0.589204
864	-0.474424
865	-0.474424
866	-0.474424
867	0.760641
868	0.470714
869	0.906525
870	0.906525
871	-0.373459
872	0.829072
873	0.829072
874	0.829072
875	-0.932583
876	-1.35378
877	-1.35378
878	-0.0579006
879	-0.0579006
880	1.16292
881	1.16292
882	-0.711265
883	1.03458
884	1.03458
885	1.03458
886	1.03458
887	-0.514963
888	0.108874
889	0.488954
890	-0.12204
891	-0.12204
892	-0.12204
893	-0.12204
894	0.575302
895	0.575302
896	1.0681
897	1.0681
898	1.0681
899	0.721094
900	0.721094
901	-0.862847
902	-0.862847
903	-1.2106
904	-1.2106
905	-1.2106
906	0.869192
907	0.869192
908	1.02645
909	-0.293576
910	-0.293576
911	-0.0403956
912	1.13749
913	0.472847
914	-1.23794
915	-1.23794
916	-0.0401061
917	-0.0401061
918	-0.0401061
919	-1.23375
920	-1.23375
921	0.774384
922	-1.30698
923	-1.67127
924	0.0526797
925	1.355
926	-0.160184
927	-0.160184
928	-0.234721
929	0.370091
930	0.370091
931	1.01049
932	1.01049
933	1.01049
934	1.01049
935	0.576247
936	-0.818947
937	-0.649591
938	-0.649591
939	-0.649591
940	-0.649591
941	-0.649591
942	-0.649591
943	-0.452724
944	-1.05206
945	-0.221888
946	-0.221888
947	-0.221888
948	-0.221888
949	0.0985827
950	0.0985827
951	0.0985827
952	0.0985827
953	0.0985827
954	0.0985827
955	0.0985827
956	0.0985827
957	0.885833
958	-0.771542
959	-0.771542
960	-0.771542
961	-0.771542
962	-0.771542
963	-0.771542
964	-0.771542
965	-0.771542
966	-0.771542
967	-0.771542
968	-0.771542
969	-0.771542
970	-0.651814
971	-0.651814
972	0.709839
973	0.709839
974	0.709839
975	0.709839
976	1.19969
977	1.19969
978	1.19969
979	0.167959
980	0.167959
981	0.167959
982	0.167959
983	0.167959
984	0.167959
985	1.46972
986	1.09211
987	1.09211
988	1.09211
989	1.23734
990	1.23734
991	1.23734
992	1.23734
993	0.274562
994	0.894854
995	-1.44046
996	0.438549
997	-0.0487623
998	0.419374
999	0.419374
1000	0.419374
1001	0.419374
1002	-0.534281
1003	-1.24573
1004	-1.28926
1005	0.588042
1006	0.588042
1007	0.588042
1008	-1.05211
1009	0.610753
1010	0.610753
1011	0.610753
1012	0.0259632
1013	0.0259632
1014	0.4631
1015	0.0331932
1016	0.485654
1017	-0.0238991
1018	-0.0238991
1019	-0.0238991
1020	1.63495
1021	-0.652145
1022	-0.652145
1023	-0.652145
1024	-0.345948
1025	0.887643
1026	0.887643
1027	0.887643
1028	-0.35847
1029	-0.35847
1030	-0.111534
1031	-1.2211
1032	-0.85645
1033	-0.789198
1034	-0.789198
1035	-0.789198
1036	0.572882
1037	-0.463318
1038	-0.463318
1039	-0.756119
1040	-0.756119
1041	-0.420256
1042	-0.420256
1043	-0.114676
1044	-0.114676
1045	0.749396
1046	1.6574
1047	0.267927
1048	0.267927
1049	-0.79405
1050	-0.79405
1051	-0.79405
1052	-0.79405
1053	-0.79405
1054	-1.12405
1055	0.914985
1056	0.941565
1057	0.941565
1058	-0.121773
1059	-0.121773
1060	-0.121773
1061	0.507152
1062	-0.41893
1063	-0.41893
1064	-0.41893
1065	-0.663261
1066	-0.663261
1067	-0.663261
1068	1.27788
1069	-0.220688
1070	-0.220688
1071	-0.220688
1072	-0.220688
1073	-0.481237
1074	1.73686
1075	0.39633
1076	0.39633
1077	0.39633
1078	0.39633
1079	0.39633
1080	-0.0718936
1081	-1.30102
1082	1.11493
1083	1.11493
1084	1.11493
1085	-0.575238
1086	-0.575238
1087	-0.575238
1088	-0.93473
1089	-0.93473
1090	-0.93473
1091	1.24242
1092	1.10207
1093	-0.405518
1094	-0.405518
1095	-0.405518
1096	-0.405518
1097	-0.795842
1098	-1.15735
1099	-1.40141
1100	-0.395586
1101	-0.24998
1102	-0.24998
1103	-0.24998
1104	-0.24998
1105	-0.24998
1106	-0.24998
1107	1.05773
1108	1.05773
1109	1.05773
1110	1.15957
1111	0.463832
1112	-0.406501
1113	-0.406501
1114	1.28028
1115	-0.073004
1116	-0.073004
1117	-0.073004
1118	1.11288
1119	1.11288
1120	1.11288
1121	1.11288
1122	1.11288
1123	1.11288
1124	1.11288
1125	-0.228536
1126	-0.476073
1127	-0.476073
1128	-0.476073
1129	-0.476073
1130	-0.476073
1131	-0.476073
1132	-0.476073
1133	0.560414
1134	0.192967
1135	-1.20926
1136	-1.20926
1137	-0.025085
1138	-1.61209
1139	-1.3064
1140	-1.3064
1141	-1.3064
1142	-1.3064
1143	-1.3064
1144	1.09799
1145	1.09799
1146	0.864049
1147	0.864049
1148	0.864049
1149	-0.0129819
1150	-0.0129819
1151	-0.0129819
1152	-0.0129819
1153	-0.0129819
1154	-1.05464
1155	-1.05464
1156	-0.966014
1157	-0.966014
1158	-0.966014
1159	-0.813251
1160	-1.43804
1161	-0.583588
1162	0.0263592
1163	0.0263592
1164	-1.14101
1165	-0.9914
1166	0.830056
1167	0.830056
1168	-0.474111
1169	-1.22394
1170	0.273194
1171	0.273194
1172	0.273194
1173	0.273194
1174	-0.693302
1175	-0.693302
1176	-0.693302
1177	-0.693302
1178	-0.398357
1179	-0.398357
1180	-0.398357
1181	0.358122
1182	0.374747
1183	0.374747
1184	0.0665836
1185	-1.36036
1186	-0.161588
1187	1.03934
1188	1.03934
1189	1.20631
1190	-0.832551
1191	-0.259654
1192	-0.259654
1193	0.96488
1194	0.573434
1195	0.573434
1196	0.573434
1197	0.469899
1198	-0.120662
1199	0.393166
1200	0.393166
1201	0.393166
1202	0.393166
1203	0.206994
1204	0.206994
1205	0.206994
1206	0.206994
1207	-0.237806
1208	-0.237806
1209	-0.237806
1210	-0.237806
1211	-0.237806
1212	-0.237806
1213	-0.237806
1214	-0.237806
1215	-0.237806
1216	-0.170275
1217	-0.170275
1218	0.749049
1219	0.215856
1220	0.573545
1221	0.573545
1222	-0.965392
1223	-0.569693
1224	1.34057
1225	-0.551935
1226	-0.551935
1227	0.452001
1228	1.49541
1229	0.970468
1230	0.297537
1231	0.297537
1232	1.27294
1233	-0.805351
1234	-0.0661335
1235	-0.447615
1236	-0.876783
1237	0.830872
1238	0.830872
1239	0.830872
1240	0.830872
1241	-0.946605
1242	-0.946605
1243	-0.946605
1244	-0.946605
1245	-0.329626
1246	-1.05984
1247	0.110257
1248	-0.0764085
1249	-0.0764085
1250	-0.702766
1251	1.33562
1252	0.353362
1253	-1.22944
1254	1.2717
1255	1.2717
1256	1.32152
1257	0.210845
1258	0.210845
1259	1.28307
1260	1.28307
1261	1.28307
1262	1.28307
1263	1.28307
1264	0.92227
1265	-1.23978
1266	0.863655
1267	-1.22943
1268	-0.801921
1269	-0.801921
1270	-1.70116
1271	-1.70116
1272	-1.70116
1273	-1.21504
1274	-1.21504
1275	-1.09872
1276	0.471907
1277	1.07379
1278	0.227595
1279	0.227595
1280	0.227595
1281	1.2247
1282	-0.605301
1283	-0.605301
1284	-0.605301
1285	0.47176
1286	0.721416
1287	1.45803
1288	1.71963
1289	-0.191042
1290	-0.0981978
1291	0.768051
1292	-0.762923
1293	1.44281
1294	1.44281
1295	1.44281
1296	1.44281
1297	0.0819689
1298	0.145839
1299	1.69874
1300	1.69874
1301	-0.40563
1302	-0.40563
1303	-0.552082
1304	-0.552082
1305	-0.552082
1306	-0.552082
1307	-0.552082
1308	0.587225
1309	0.587225
1310	-0.730872
1311	0.381055
1312	-0.109943
1313	-0.109943
1314	-0.109943
1315	-0.109943
1316	-0.0955994
1317	-0.0955994
1318	1.39061
1319	0.494936
1320	0.494936
1321	0.494936
1322	0.494936
1323	0.494936
1324	0.494936
1325	-0.163281
1326	1.51886
1327	1.20161
1328	1.20161
1329	1.20161
1330	0.501527
1331	1.18796
1332	1.18796
1333	0.52825
1334	0.52825
1335	0.52825
1336	-0.635671
1337	-0.635671
1338	1.13704
1339	1.97751
1340	1.97751
1341	1.97751
1342	-0.682407
1343	-0.682407
1344	-0.682407
1345	-0.682407
1346	0.337945
1347	1.05835
1348	1.05835
1349	-0.107488
1350	-0.107488
1351	0.82385
1352	0.82385
1353	0.477691
1354	1.25076
1355	0.222981
1356	-1.23797
1357	-0.00927358
1358	-0.00927358
1359	-0.00927358
1360	-0.146843
1361	-0.45213
1362	-0.45213
1363	-1.11113
1364	-1.11113
1365	-1.11113
1366	-1.11113
1367	0.780122
1368	0.815788
1369	0.815788
1370	0.815788
1371	0.815788
1372	0.815788
1373	0.815788
1374	0.815788
1375	0.815788
1376	0.815788
1377	-0.312506
1378	-0.312506
1379	-1.19432
1380	-1.19432
1381	-0.197039
1382	-0.385648
1383	-1.14555
1384	-1.31482
1385	-1.31482
1386	1.38765
1387	1.38765
1388	0.599083
1389	-0.894979
1390	-0.894979
1391	-0.836477
1392	-0.836477
1393	-0.504168
1394	-0.504168
1395	-1.15307
1396	-1.15307
1397	-1.15307
1398	-0.657013
1399	-0.657013
1400	-0.657013
1401	1.00183
1402	0.997006
1403	0.997006
1404	0.94185
1405	0.94185
1406	1.06169
1407	2.04226
1408	1.24247
1409	-1.12264
1410	1.3004
1411	1.3004
1412	1.3004
1413	0.654809
1414	-1.13496
1415	-1.13496
1416	-1.13496
1417	-0.127935
1418	-0.996725
1419	0.573742
1420	0.573742
1421	0.573742
1422	0.573742
1423	0.573742
1424	0.573742
1425	0.208755
1426	1.01133
1427	-0.988994
1428	-0.0749264
1429	-0.0749264
1430	-1.0179
1431	-1.0179
1432	-1.0179
1433	-1.0179
1434	-1.0179
1435	-1.0179
1436	-1.0179
1437	-0.55813
1438	0.828393
1439	-1.32931
1440	0.659387
1441	0.659387
1442	0.659387
1443	0.659387
1444	0.97955
1445	0.97955
1446	0.97955
1447	0.97955
1448	0.97955
1449	1.08747
1450	0.742865
1451	-1.27485
1452	-0.426115
1453	-0.335971
1454	-0.335971
1455	-0.335971
1456	-0.335971
1457	-1.08917
1458	0.671429
1459	0.0870257
1460	0.0870257
1461	0.0870257
1462	-0.315336
1463	-0.315336
1464	-0.514322
1465	-0.167952
1466	0.888356
1467	-1.11373
1468	-1.11373
1469	1.41791
1470	1.41791
1471	1.41791
1472	1.41791
1473	1.41791
1474	0.359974
1475	-0.189642
1476	-0.189642
1477	0.501298
1478	-1.20907
1479	-1.20907
1480	1.30134
1481	1.30134
1482	1.30134
1483	0.921425
1484	-1.44204
1485	0.586598
1486	-0.115769
1487	-1.53361
1488	-0.822111
1489	-0.822111
1490	-0.822111
1491	0.399014
1492	0.748105
1493	0.748105
1494	0.748105
1495	1.6951
1496	1.6951
1497	-1.0362
1498	0.480648
1499	-0.754629
1500	-0.226555
1501	1.21178
1502	1.22746
1503	1.22746
1504	-0.625824
1505	-0.364737
1506	-1.27401
1507	0.744199
1508	0.744199
1509	0.0168204
1510	0.0168204
1511	0.887276
1512	0.733747
1513	0.733747
1514	0.733747
1515	1.31645
1516	1.31645
1517	1.31645
1518	1.31645
1519	1.31645
1520	1.31645
1521	1.31645
1522	-0.398841
1523	0.0305114
1524	0.406801
1525	0.406801
1526	-0.997524
1527	1.34712
1528	1.34712
1529	1.34712
1530	0.841437
1531	0.841437
1532	0.841437
1533	0.841437
1534	-0.990242
1535	-0.990242
1536	-0.990242
1537	-0.990242
1538	-0.268625
1539	0.831417
1540	-0.404872
1541	-0.404872
1542	0.911323
1543	0.911323
1544	0.963546
1545	0.963546
1546	0.520942
1547	0.520942
1548	0.520942
1549	-0.914134
1550	-0.914134
1551	-0.914134
1552	-0.914134
1553	1.02707
1554	-0.665538
1555	-0.665538
1556	-0.665538
1557	-0.665538
1558	-0.529984
1559	-0.660127
1560	-0.660127
1561	0.311174
1562	0.311174
1563	1.36147
1564	0.791183
1565	1.16854
1566	-0.41681
1567	-1.33079
1568	-0.766405
1569	-0.766405
1570	1.4336
1571	-0.72905
1572	-0.562684
1573	-0.562684
1574	-0.562684
1575	-0.562684
1576	-0.562684
1577	-0.562684
1578	-0.562684
1579	0.852459
1580	-0.910261
1581	-1.41342
1582	-0.368085
1583	-1.68141
1584	-1.50897
1585	-1.50897
1586	-1.50897
1587	-1.50897
1588	-1.50897
1589	-0.331206
1590	0.14308
1591	-0.291312
1592	-0.291312
1593	-0.843519
1594	0.994191
1595	0.994191
1596	0.994191
1597	0.994191
1598	0.994191
1599	0.994191
1600	0.994191
1601	1.66277
1602	-0.882488
1603	-1.28263
1604	-0.947257
1605	-0.947257
1606	-0.947257
1607	0.36954
1608	0.36954
1609	1.60359
1610	0.257668
1611	1.03263
1612	-0.408648
1613	0.440933
1614	0.440933
1615	0.440933
1616	-0.077213
1617	1.56419
1618	1.56419
1619	1.56419
1620	1.21645
1621	-0.0250227
1622	-0.0250227
1623	-0.446548
1624	-0.446548
1625	-0.512348
1626	0.883963
1627	0.883963
1628	0.883963
1629	0.621017
1630	0.621017
1631	1.016
1632	-1.00485
1633	-1.00485
1634	-0.480645
1635	-0.722662
1636	-0.722662
1637	-0.722662
1638	-0.722662
1639	-0.722662
1640	-0.722662
1641	0.375364
1642	0.375364
1643	0.375364
1644	0.375364
1645	0.375364
1646	1.02078
1647	1.02078
1648	1.12081
1649	-0.597584
1650	1.38235
1651	1.87082
1652	1.87082
1653	1.87082
1654	1.86191
1655	1.69927
1656	-0.0642785
1657	0.699308
1658	-1.22667
1659	-1.22667
1660	-1.80615
1661	-1.27679
1662	-0.0520131
1663	-0.0520131
1664	-0.0520131
1665	-0.0520131
1666	1.30013
1667	0.00544777
1668	0.00544777
1669	0.00544777
1670	0.00544777
1671	-0.362169
1672	-0.362169
1673	-0.362169
1674	-0.362169
1675	1.45758
1676	1.01856
1677	0.0859034
1678	1.24885
1679	1.02606
1680	1.02606
1681	-0.641459
1682	-0.641459
1683	-0.641459
1684	-0.641459
1685	-0.641459
1686	-1.3859
1687	-1.3859
1688	-1.3859
1689	-1.0231
1690	-1.0231
1691	-1.15271
1692	-1.00505
1693	0.174283
1694	0.174283
1695	0.174283
1696	0.174283
1697	0.342889
1698	1.67651
1699	1.80759
1700	1.80759
1701	1.80759
1702	0.427917
1703	-1.12893
1704	-1.12893
1705	-0.875515
1706	-0.875515
1707	-0.853617
1708	-0.853617
1709	-0.833912
1710	0.683963
1711	0.683963
1712	1.15422
1713	1.15422
1714	1.06164
1715	1.83671
1716	1.83671
1717	0.775364
1718	0.775364
1719	-0.18197
1720	-0.18197
1721	-0.985149
1722	-0.985149
1723	0.737959
1724	0.737959
1725	0.737959
1726	0.737959
1727	0.330991
1728	0.330991
1729	0.330991
1730	0.330991
1731	-0.626417
1732	-0.626417
1733	0.106446
1734	0.818022
1735	0.725896
1736	0.725896
1737	0.725896
1738	1.65576
1739	-0.711764
1740	-0.711764
1741	-0.711764
1742	0.432976
1743	1.45409
1744	-0.365347
1745	0.749254
1746	0.749254
1747	0.749254
1748	1.13178
1749	0.265076
1750	-0.87976
1751	-0.512861
1752	0.526987
1753	-0.509947
1754	-0.509947
1755	-0.509947
1756	1.2274
1757	1.2274
1758	1.2274
1759	1.19223
1760	1.23038
1761	0.58389
1762	0.58389
1763	0.621579
1764	0.621579
1765	0.621579
1766	-1.28011
1767	0.742695
1768	-0.387078
1769	-0.387078
1770	0.432992
1771	-0.113798
1772	-0.113798
1773	-0.113798
1774	1.11403
1775	-1.21379
1776	-1.28709
1777	-0.0278779
1778	-0.0278779
1779	-0.0278779
1780	-0.0278779
1781	0.426865
1782	1.07663
1783	1.07663
1784	1.07663
1785	0.112386
1786	0.112386
1787	0.112386
1788	-0.797084
1789	-0.797084
1790	-0.797084
1791	-0.797084
1792	0.514585
1793	0.514585
1794	-0.602195
1795	-0.77495
1796	-0.77495
1797	-0.77495
1798	-0.77495
1799	-0.77495
1800	-0.77495
1801	-0.77495
1802	-0.77495
1803	-0.768911
1804	-1.32497
1805	0.513818
1806	0.513818
1807	-1.53167
1808	-1.53167
1809	0.623226
1810	-0.0987745
1811	-0.0987745
1812	-0.0987745
1813	-0.453497
1814	-0.453497
1815	-1.33977
1816	-0.334018
1817	0.826223
1818	-0.437919
1819	-0.437919
1820	-1.63374
1821	-0.353311
1822	-0.353311
1823	-0.353311
1824	-0.353311
1825	-0.353311
1826	-0.353311
1827	-0.345711
1828	-0.810492
1829	-0.392928
1830	-0.392928
1831	-0.392928
1832	0.733349
1833	0.733349
1834	0.873723
1835	-0.758244
1836	-0.758244
1837	-0.758244
1838	-0.758244
1839	-1.0553
1840	-0.298732
1841	-0.298732
1842	-0.298732
1843	0.661581
1844	0.0611305
1845	0.0611305
1846	0.0611305
1847	-1.2556
1848	-1.2556
1849	-0.858272
1850	-0.858272
1851	-0.858272
1852	1.31809
1853	1.31809
1854	1.31809
1855	0.442
1856	0.186307
1857	0.187455
1858	-0.567307
1859	0.0157164
1860	-0.163757
1861	-0.163757
1862	0.997294
1863	-0.494999
1864	0.92686
1865	1.29893
1866	1.29893
1867	0.555309
1868	0.555309
1869	0.771152
1870	0.771152
1871	-0.886383
1872	-0.886383
1873	-0.480194
1874	1.09069
1875	1.09069
1876	0.514657
1877	0.514657
1878	0.514657
1879	0.514657
1880	0.76673
1881	1.58436
1882	0.841237
1883	0.841237
1884	0.841237
1885	-0.918315
1886	-0.918315
1887	-0.465597
1888	-0.465597
1889	-0.964762
1890	-0.964762
1891	0.773417
1892	-0.496702
1893	-1.51308
1894	0.633409
1895	0.633409
1896	0.633409
1897	0.633409
1898	-1.329
1899	-0.965673
1900	-0.965673
1901	0.313893
1902	0.18406
1903	0.188528
1904	0.188528
1905	0.188528
1906	0.188528
1907	0.188528
1908	-0.44417
1909	0.379202
1910	0.379202
1911	0.817816
1912	0.817816
1913	0.817816
1914	-1.16629
1915	0.532398
1916	0.466905
1917	0.466905
1918	0.466905
1919	0.466905
1920	0.466905
1921	0.466905
1922	0.466905
1923	0.466905
1924	0.466905
1925	0.466905
1926	0.409842
1927	0.409842
1928	0.409842
1929	1.80136
1930	1.58364
1931	0.524809
1932	0.204667
1933	0.204667
1934	0.204667
1935	-0.902379
1936	1.27437
1937	-0.899853
1938	0.818331
1939	-0.619611
1940	-0.619611
1941	-0.619611
1942	-0.619611
1943	-0.61233
1944	-0.61233
1945	-0.61233
1946	-0.61233
1947	1.01964
1948	1.01964
1949	1.01964
1950	1.75347
1951	-0.385293
1952	1.65963
1953	1.65963
1954	0.559491
1955	-0.627437
1956	-0.627437
1957	0.676742
1958	0.676742
1959	0.676742
1960	0.676742
1961	-0.587728
1962	-0.587728
1963	0.549463
1964	0.549463
1965	0.549463
1966	0.549463
1967	0.549463
1968	0.765419
1969	-1.56295
1970	0.890818
1971	0.502747
1972	1.73846
1973	0.941679
1974	0.941679
1975	0.941679
1976	0.941679
1977	-1.44635
1978	-1.44635
1979	-1.44635
1980	-1.44635
1981	-1.44635
1982	1.28258
1983	0.975699
1984	0.975699
1985	0.975699
1986	0.950442
1987	1.90669
1988	1.90669
1989	1.90669
1990	1.18669
1991	1.18669
1992	-0.970044
1993	-0.970044
1994	-0.970044
1995	-0.970044
1996	-0.970044
1997	-0.970044
1998	0.561304
1999	-1.46304
2000	-0.832431
2001	0.261716
2002	0.261716
2003	0.261716
2004	-1.06105
2005	-1.06105
2006	-1.06105
2007	-1.06105
2008	-1.06105
2009	-1.06105
2010	1.0743
2011	1.0743
2012	1.0743
2013	1.05398
2014	1.05398
2015	1.05398
2016	1.27502
2017	1.03061
2018	1.03061
2019	1.45157
2020	0.897095
2021	0.897095
2022	0.897095
2023	0.897095
2024	0.897095
2025	0.281973
2026	0.281973
2027	0.281973
2028	-1.07086
2029	0.236972
2030	0.236972
2031	0.236972
2032	0.236972
2033	0.236972
2034	0.498908
2035	0.498908
2036	0.498908
2037	-0.369445
2038	-0.369445
2039	1.36305
2040	-0.166034
2041	-0.855007
2042	-0.344699
2043	-1.13135
2044	0.615634
2045	0.615634
2046	1.51496
2047	1.25984
2048	1.25984
2049	-0.997729
2050	-0.997729
2051	-0.866962
2052	-0.866962
2053	-0.866962
2054	0.954882
2055	0.926378
2056	0.926378
2057	0.926378
2058	0.904159
2059	0.904159
2060	0.904159
2061	0.904159
2062	0.904159
2063	0.904159
2064	0.904159
2065	0.904159
2066	-0.222579
2067	-0.222579
2068	-0.222579
2069	-0.222579
2070	-0.222579
2071	-0.292502
2072	-1.3186
2073	-0.97004
2074	-0.97004
2075	-0.97004
2076	-0.97004
2077	-0.293374
2078	-0.293374
2079	-0.293374
2080	-0.293374
2081	-0.801519
2082	-0.801519
2083	-0.72717
2084	-0.72717
2085	0.820775
2086	0.820775
2087	0.820775
2088	0.820775
2089	0.820775
2090	-1.36671
2091	0.764474
2092	0.764474
2093	0.166168
2094	0.765734
2095	0.8632
2096	0.8632
2097	0.95641
2098	0.95641
2099	0.95641
2100	-0.753184
2101	-0.753184
2102	-0.753184
2103	-0.652953
2104	-0.652953
2105	0.509241
2106	-1.34519
2107	-1.34519
2108	-1.34519
2109	-0.812528
2110	-0.0208792
2111	-1.13481
2112	-1.13481
2113	-1.13481
2114	0.563781
2115	0.563781
2116	0.563781
2117	-0.998636
2118	0.39137
2119	0.751083
2120	0.819148
2121	0.819148
2122	0.819148
2123	0.819148
2124	0.819148
2125	0.494824
2126	0.494824
2127	-1.16791
2128	-1.03254
2129	-1.03254
2130	-0.790802
2131	-0.790802
2132	-1.2312
2133	-1.63373
2134	0.499787
2135	0.499787
2136	0.499787
2137	-0.103173
2138	-0.367769
2139	-0.367769
2140	-0.367769
2141	-0.7549
2142	-0.7549
2143	-0.7549
2144	-0.7549
2145	0.450713
2146	0.450713
2147	-0.22105
2148	-0.22105
2149	-0.22105
2150	-0.22105
2151	-0.22105
2152	-0.22105
2153	0.909581
2154	0.445549
2155	0.445549
2156	0.445549
2157	1.49522
2158	1.49522
2159	1.49522
2160	1.17011
2161	1.17011
2162	1.17011
2163	1.17011
2164	1.17011
2165	1.13648
2166	1.13648
2167	-0.427391
2168	-0.978803
2169	-0.978803
2170	-0.978803
2171	0.547887
2172	-0.425539
2173	-1.77827
2174	-1.77827
2175	-1.77827
2176	-1.77827
2177	-1.22634
2178	-1.22634
2179	-1.33245
2180	-1.33245
2181	-0.559997
2182	-0.559997
2183	-0.559997
2184	-0.559997
2185	-0.559997
2186	-1.04124
2187	-0.651017
2188	-0.651017
2189	-0.651017
2190	-0.266775
2191	-0.266775
2192	-0.265251
2193	-0.526519
2194	0.0969803
2195	-1.19338
2196	-1.19338
2197	-1.19338
2198	-0.549434
2199	0.124334
2200	-0.728665
2201	-0.279437
2202	-0.279437
2203	1.48222
2204	1.48222
2205	0.421191
2206	0.421191
2207	-0.366601
2208	-1.21271
2209	0.975796
2210	0.602725
2211	-0.898331
2212	0.868173
2213	-0.0764638
2214	-0.725395
2215	-0.725395
2216	-0.725395
2217	-0.725395
2218	-0.725395
2219	-0.725395
2220	-1.95301
2221	-1.95301
2222	0.480785
2223	1.22445
2224	0.105941
2225	-1.04208
2226	-0.922616
2227	-0.922616
2228	-0.71051
2229	-0.71051
2230	-1.17909
2231	0.956089
2232	0.956089
2233	-0.41567
2234	0.41982
2235	-0.0350187
2236	-0.790441
2237	-0.790441
2238	-0.696492
2239	-0.696492
2240	-0.696492
2241	1.55901
2242	0.657203
2243	-0.547987
2244	-0.547987
2245	-0.547987
2246	-0.547987
2247	0.000463949
2248	-2.24097
2249	-2.24097
2250	-2.24097
2251	-0.854291
2252	-0.476559
2253	0.0840432
2254	0.0840432
2255	0.0840432
2256	0.0840432
2257	0.411576
2258	0.681922
2259	0.681922
2260	0.681922
2261	0.681922
2262	0.681922
2263	0.750375
2264	1.16259
2265	1.16259
2266	0.905126
2267	0.905126
2268	0.905126
2269	-0.118727
2270	1.43225
2271	1.43225
2272	1.43225
2273	0.817342
2274	0.817342
2275	-0.799833
2276	0.992797
2277	0.992797
2278	-0.429253
2279	-0.415483
2280	0.165967
2281	0.165967
2282	-0.607877
2283	-0.347506
2284	-0.484762
2285	-0.484762
2286	0.678852
2287	1.04551
2288	-1.08632
2289	1.19417
2290	-0.566074
2291	-0.566074
2292	1.34037
2293	1.29473
2294	1.21993
2295	1.29817
2296	-1.36217
2297	1.10633
2298	-1.43157
2299	-1.43157
2300	-1.43157
2301	-1.43157
2302	-1.43157
2303	-1.43157
2304	-1.47995
2305	-1.47995
2306	0.283438
2307	-0.879853
2308	-0.879853
2309	0.727962
2310	0.727962
2311	0.727962
2312	-1.81505
2313	-1.41735
2314	-1.41735
2315	1.07332
2316	0.221352
2317	0.221352
2318	0.221352
2319	-0.087687
2320	0.262331
2321	0.93425
2322	-0.0593651
2323	0.980617
2324	0.980617
2325	0.214478
2326	0.214478
2327	1.2689
2328	0.0178188
2329	-0.106764
2330	1.0243
2331	1.0243
2332	1.0243
2333	0.959065
2334	0.959065
2335	0.586299
2336	-0.325563
2337	-0.325563
2338	-0.325563
2339	1.64947
2340	0.944918
2341	0.944918
2342	0.944918
2343	0.944918
2344	0.944918
2345	0.944918
2346	0.944918
2347	0.944918
2348	0.944918
2349	0.944918
2350	0.944918
2351	0.0716773
2352	0.0716773
2353	0.262375
2354	0.297271
2355	-1.39318
2356	1.0227
2357	-0.643519
2358	-0.643519
2359	-1.29267
2360	-1.14095
2361	-1.14095
2362	-1.14095
2363	-1.14095
2364	-0.0581389
2365	1.35326
2366	-0.73626
2367	-0.73626
2368	-1.07511
2369	0.169026
2370	0.806204
2371	-1.31014
2372	-1.31014
2373	0.292319
2374	0.292319
2375	0.4114
2376	0.0987933
2377	-1.28936
2378	-1.28936
2379	-1.28936
2380	-0.431286
2381	-0.431286
2382	0.688019
2383	0.688019
2384	0.884825
2385	1.27019
2386	1.27019
2387	-0.0836944
2388	-0.0836944
2389	-0.0836944
2390	1.42396
2391	1.42396
2392	0.583293
2393	0.130051
2394	1.06703
2395	0.468
2396	0.317001
2397	-1.54982
2398	-1.54982
2399	-1.13201
2400	-1.13201
2401	-0.357559
2402	-0.357559
2403	-0.669316
2404	0.752645
2405	0.752645
2406	0.752645
2407	1.71691
2408	1.6299
2409	1.6299
2410	0.729346
2411	1.02448
2412	1.70184
2413	1.70184
2414	0.946771
2415	-0.464134
2416	-0.675537
2417	0.370413
2418	0.370413
2419	0.745906
2420	0.745906
2421	-0.491569
2422	-0.491569
2423	-1.02964
2424	-1.02964
2425	-0.840747
2426	-0.720681
2427	-0.720681
2428	-0.720681
2429	1.01103
2430	-0.430846
2431	0.459514
2432	0.459514
2433	0.856568
2434	0.561007
2435	-0.862341
2436	-0.862341
2437	-0.862341
2438	-0.862341
2439	-0.862341
2440	-0.862341
2441	-0.862341
2442	-0.902654
2443	-0.902654
2444	-1.06867
2445	-1.06867
2446	-1.06867
2447	-1.54428
2448	-0.71063
2449	-0.71063
2450	0.506004
2451	-0.503276
2452	-0.503276
2453	-0.503276
2454	-0.503276
2455	-0.503276
2456	1.2352
2457	1.2352
2458	-0.203145
2459	-0.791933
2460	-0.791933
2461	-0.791933
2462	0.577525
2463	0.141403
2464	0.141403
2465	0.141403
2466	0.141403
2467	0.141403
2468	0.141403
2469	0.141403
2470	1.37386
2471	0.434893
2472	0.434893
2473	0.434893
2474	0.434893
2475	0.687633
2476	0.687633
2477	-0.657505
2478	-0.636614
2479	-0.636614
2480	0.263837
2481	0.93728
2482	0.93728
2483	-0.513217
2484	-0.513217
2485	-1.15955
2486	-1.15955
2487	-1.15955
2488	-0.0442717
2489	-1.12158
2490	-1.12158
2491	0.40605
2492	0.40605
2493	0.606366
2494	1.43572
2495	1.43572
2496	1.43572
2497	1.43572
2498	1.43572
2499	0.488064
2500	-0.308124
2501	1.42993
2502	1.57671
2503	-0.759869
2504	-0.0223138
2505	-1.40597
2506	-1.40597
2507	-1.40597
2508	-1.40597
2509	-1.40597
2510	-1.40597
2511	0.356255
2512	0.150251
2513	-0.485374
2514	-0.485374
2515	-0.485374
2516	-0.485374
2517	-0.485374
2518	-0.485374
2519	1.03109
2520	1.03109
2521	1.03109
2522	1.03109
2523	1.03109
2524	1.03109
2525	1.03109
2526	0.208225
2527	-1.37925
2528	0.343623
2529	1.14405
2530	1.14405
2531	1.14405
2532	1.14405
2533	-1.03418
2534	-0.636544
2535	-1.69396
2536	-1.69396
2537	-1.69396
2538	-1.65916
2539	-1.65916
2540	-0.118863
2541	0.393022
2542	0.571225
2543	0.571225
2544	0.571225
2545	0.571225
2546	-0.404447
2547	-0.404447
2548	-0.410276
2549	-1.31252
2550	-1.31252
2551	-1.14777
2552	-1.14777
2553	1.07263
2554	0.0136493
2555	-1.40169
2556	-1.68582
2557	-0.448296
2558	0.968696
2559	0.475051
2560	0.475051
2561	0.475533
2562	-1.13995
2563	-0.978149
2564	-0.978149
2565	-0.978149
2566	-0.978149
2567	-0.978149
2568	-0.156873
2569	-0.156873
2570	-0.156873
2571	-0.485899
2572	-0.44837
2573	-0.44837
2574	-0.287893
2575	-0.559154
2576	-0.559154
2577	-0.0549849
2578	-0.0549849
2579	-1.27402
2580	-1.64102
2581	-0.2996
2582	-0.2996
2583	-0.2996
2584	-0.7398
2585	-0.51919
2586	-1.24168
2587	0.956793
2588	0.368532
2589	-0.067413
2590	0.265279
2591	-0.363742
2592	-0.363742
2593	-0.363742
2594	1.65888
2595	1.65888
2596	0.195796
2597	0.195796
2598	0.491394
2599	1.01088
2600	-1.43117
2601	-1.27534
2602	-0.740975
2603	-0.740975
2604	-0.472789
2605	-0.472789
2606	-0.178304
2607	-0.178304
2608	0.240254
2609	0.240254
2610	0.240254
2611	0.240254
2612	0.903187
2613	0.484794
2614	-0.476639
2615	-0.476639
2616	-1.21509
2617	-0.509567
2618	0.59259
2619	0.59259
2620	0.59259
2621	0.59259
2622	0.59259
2623	0.59259
2624	0.59259
2625	0.59259
2626	0.59259
2627	0.59259
2628	-0.127711
2629	0.525216
2630	1.48153
2631	-0.0957651
2632	-0.0957651
2633	-0.0957651
2634	-0.386473
2635	-1.3323
2636	-1.3323
2637	0.139671
2638	0.139671
2639	0.139671
2640	1.34861
2641	1.34861
2642	1.34245
2643	0.465877
2644	-1.72769
2645	-1.72769
2646	0.738424
2647	-0.0337648
2648	-0.358778
2649	-1.57705
2650	-0.0947321
2651	-0.714226
2652	-0.714226
2653	-0.714226
2654	-0.714226
2655	-0.714226
2656	0.0699726
2657	0.406024
2658	0.406024
2659	0.406024
2660	-0.320131
2661	-0.913907
2662	-0.913907
2663	-0.913907
2664	-0.913907
2665	-0.913907
2666	-0.913907
2667	0.419446
2668	0.419446
2669	-0.504582
2670	-1.46732
2671	1.22068
2672	1.22068
2673	1.22068
2674	1.02281
2675	1.02281
2676	1.02281
2677	1.02281
2678	0.875395
2679	0.914035
2680	-1.1038
2681	-1.1038
2682	0.783274
2683	0.667725
2684	0.0999676
2685	-0.114326
2686	0.858832
2687	0.858832
2688	0.858832
2689	0.955687
2690	0.955687
2691	-0.473401
2692	-0.473401
2693	-1.34823
2694	-1.21695
2695	-1.21695
2696	0.522559
2697	1.15261
2698	-0.399914
2699	0.146427
2700	1.17531
2701	1.17531
2702	1.12057
2703	1.12057
2704	-1.3528
2705	0.669281
2706	0.669281
2707	0.669281
2708	0.669281
2709	-1.14862
2710	-1.14862
2711	-1.14862
2712	-1.14862
2713	1.2711
2714	-1.05824
2715	0.0648243
2716	0.218397
2717	-0.296554
2718	-0.296554
2719	-0.437266
2720	-1.03757
2721	-1.03757
2722	-0.39545
2723	-0.0915007
2724	-0.136201
2725	-0.00826399
2726	-0.00826399
2727	-1.04421
2728	-0.620177
2729	-0.620177
2730	-0.620177
2731	-0.620177
2732	-0.504276
2733	-1.34201
2734	-1.34201
2735	-1.34201
2736	-1.34201
2737	-1.34201
2738	-0.0755732
2739	-0.532907
2740	-0.532907
2741	-1.12334
2742	-1.37498
2743	-0.767403
2744	0.217723
2745	0.0307358
2746	0.0307358
2747	1.16323
2748	-1.41844
2749	-1.41844
2750	-0.0244242
2751	-0.99404
2752	-0.99404
2753	-0.99404
2754	-0.99404
2755	-0.99404
2756	-0.99404
2757	-0.99404
2758	-0.99404
2759	-0.99404
2760	-0.99404
2761	0.164514
2762	0.733307
2763	0.733307
2764	0.632035
2765	0.643296
2766	0.643296
2767	0.643296
2768	0.474826
2769	0.474826
2770	0.10757
2771	-1.03846
2772	-0.864128
2773	0.941217
2774	0.941217
2775	0.941217
2776	0.941217
2777	0.941217
2778	-1.19148
2779	-1.19148
2780	-1.19148
2781	0.225063
2782	1.04886
2783	-1.4782
2784	-1.4782
2785	-1.27757
2786	-1.27757
2787	-1.27757
2788	-0.433701
2789	-0.433701
2790	-0.433701
2791	-0.433701
2792	-0.129181
2793	0.805172
2794	-0.738494
2795	-0.738494
2796	0.878569
2797	-1.02112
2798	-1.02112
2799	-1.02112
2800	-0.620079
2801	-0.620079
2802	-0.624422
2803	0.809733
2804	0.809733
2805	0.809733
2806	0.809733
2807	0.809733
2808	-0.497791
2809	-0.497791
2810	-0.732724
2811	-0.732724
2812	-0.732724
2813	0.915467
2814	0.915467
2815	-0.828665
2816	1.90913
2817	1.90913
2818	1.90913
2819	1.12253
2820	1.7491
2821	1.7491
2822	-0.149781
2823	0.870428
2824	0.870428
2825	-0.287591
2826	-0.287591
2827	0.301544
2828	0.458937
2829	0.410096
2830	0.410096
2831	-0.0219642
2832	-0.0219642
2833	0.283931
2834	0.40106
2835	0.185798
2836	0.185798
2837	0.185798
2838	0.817582
2839	0.817582
2840	-0.78126
2841	0.223289
2842	1.45118
2843	-0.563124
2844	-0.563124
2845	-1.34863
2846	-0.458272
2847	-0.458272
2848	-1.65468
2849	-1.65468
2850	-0.774883
2851	-0.774883
2852	-0.579512
2853	-0.752018
2854	-0.752018
2855	1.23916
2856	1.23916
2857	-0.140135
2858	-0.140135
2859	1.46659
2860	1.46659
2861	1.21858
2862	1.21858
2863	0.78746
2864	0.78746
2865	0.78746
2866	0.78746
2867	0.528877
2868	0.528877
2869	0.528877
2870	0.528877
2871	0.528877
2872	0.528877
2873	0.528877
2874	-0.434466
2875	0.00981211
2876	0.787195
2877	-0.147614
2878	-0.147614
2879	-0.147614
2880	-0.147614
2881	-0.147614
2882	1.1901
2883	1.1901
2884	-0.90572
2885	-0.90572
2886	0.587875
2887	0.587875
2888	0.587875
2889	0.94778
2890	0.94778
2891	0.94778
2892	0.94778
2893	1.15574
2894	1.15574
2895	0.23962
2896	0.23962
2897	-1.23123
2898	-0.025045
2899	1.59652
2900	1.59652
2901	0.129657
2902	0.129657
2903	0.129657
2904	0.687815
2905	-0.0546592
2906	0.453109
2907	1.08547
2908	-1.15717
2909	-1.15717
2910	0.88031
2911	-0.785722
2912	-0.785722
2913	0.374044
2914	0.223686
2915	0.223686
2916	-1.04872
2917	0.246429
2918	-0.698523
2919	-0.698523
2920	-0.698523
2921	-0.698523
2922	-0.698523
2923	-1.22089
2924	1.28572
2925	-1.07243
2926	-1.55195
2927	-0.343638
2928	0.363959
2929	0.363959
2930	1.09693
2931	1.09693
2932	1.09693
2933	0.532577
2934	0.69474
2935	-0.725735
2936	-0.725735
2937	-0.725735
2938	-1.49917
2939	0.417825
2940	0.417825
2941	0.417825
2942	0.417825
2943	0.417825
2944	1.52033
2945	-0.416412
2946	-1.20437
2947	0.224967
2948	-0.327641
2949	-0.327641
2950	-0.327641
2951	0.00169987
2952	-0.530801
2953	-0.530801
2954	-0.530801
2955	1.08672
2956	1.08672
2957	1.08672
2958	1.08672
2959	1.08672
2960	1.08672
2961	1.08672
2962	1.08672
2963	1.08672
2964	-1.10291
2965	1.53811
2966	1.53811
2967	1.53811
2968	1.53811
2969	1.53811
2970	-0.931207
2971	-0.931207
2972	-0.931207
2973	-0.931207
2974	-1.04509
2975	-1.04509
2976	-1.04509
2977	0.198015
2978	0.206616
2979	0.206616
2980	-1.20432
2981	-1.20432
2982	0.563019
2983	-0.340231
2984	-1.11745
2985	-1.11745
2986	-0.324318
2987	-0.324318
2988	-0.324318
2989	-1.64848
2990	-1.64848
2991	-1.64848
2992	-1.64848
2993	-1.64848
2994	-1.64848
2995	-1.8504
2996	-1.8504
2997	-1.8504
2998	0.544234
2999	0.544234
3000	0.544234
3001	0.544234
3002	-0.71224
3003	0.816891
3004	0.816891
3005	0.62204
3006	-0.615557
3007	-0.615557
3008	-0.615557
3009	0.418112
3010	0.82425
3011	-0.92202
3012	-0.92202
3013	-0.92202
3014	-0.92202
3015	0.721749
3016	0.721749
3017	-0.431415
3018	0.708564
3019	0.708564
3020	0.708564
3021	0.123241
3022	0.402027
3023	-0.588297
3024	-0.0898301
3025	0.160175
3026	0.160175
3027	1.50032
3028	-1.11208
3029	1.0194
3030	1.0194
3031	1.0194
3032	1.0194
3033	0.817199
3034	0.817199
3035	0.817199
3036	-0.350093
3037	0.630605
3038	0.630605
3039	0.630605
3040	-1.03757
3041	-1.03757
3042	-1.03757
3043	1.20942
3044	1.20942
3045	-0.6475
3046	-0.6475
3047	-1.07547
3048	-1.07547
3049	-0.237993
3050	-0.820873
3051	-0.820873
3052	0.475053
3053	0.475053
3054	-1.54026
3055	0.555701
3056	0.555701
3057	0.555701
3058	-0.394937
3059	0.383655
3060	0.383655
3061	0.632773
3062	0.632773
3063	0.632773
3064	-0.377221
3065	-0.377221
3066	0.390624
3067	1.43722
3068	1.74626
3069	0.537686
3070	-1.60141
3071	-1.60141
3072	-1.60141
3073	-1.60141
3074	-1.60141
3075	-1.60141
3076	-1.60141
3077	-1.60141
3078	0.864886
3079	0.176753
3080	-1.14718
3081	-1.14718
3082	1.17681
3083	-1.50535
3084	-0.386653
3085	-0.205148
3086	-0.807926
3087	-0.807926
3088	-0.807926
3089	-0.807926
3090	1.19135
3091	-0.391214
3092	-0.391214
3093	-0.391214
3094	-0.391214
3095	-0.401149
3096	0.632094
3097	0.632094
3098	0.632094
3099	0.632094
3100	0.647376
3101	-1.67595
3102	-1.67595
3103	-1.67595
3104	-0.239722
3105	-1.69482
3106	-0.861088
3107	-0.861088
3108	-0.00116157
3109	-0.00116157
3110	-0.701074
3111	-0.525032
3112	-0.525032
3113	-0.0272829
3114	0.304077
3115	0.692643
3116	0.692643
3117	0.212216
3118	0.212216
3119	0.212216
3120	-1.2585
3121	-0.278555
3122	-0.278555
3123	-0.203966
3124	0.693746
3125	0.693746
3126	0.693746
3127	0.693746
3128	0.789633
3129	0.789633
3130	0.789633
3131	0.789633
3132	0.789633
3133	-1.01943
3134	-0.0329506
3135	-0.0329506
3136	-0.0329506
3137	-0.0329506
3138	-0.0329506
3139	0.228188
3140	0.808395
3141	0.808395
3142	0.808395
3143	0.808395
3144	0.808395
3145	0.808395
3146	0.808395
3147	0.223205
3148	0.223205
3149	0.223205
3150	-0.573042
3151	-0.573042
3152	0.988815
3153	0.988815
3154	0.988815
3155	-0.781865
3156	-1.96536
3157	-2.12414
3158	-1.28752
3159	-0.228656
3160	1.28184
3161	1.28184
3162	-1.05286
3163	0.954697
3164	0.919232
3165	0.898665
3166	0.839908
3167	-1.73972
3168	-1.73972
3169	-1.73972
3170	-0.389835
3171	1.45838
3172	1.3971
3173	1.46115
3174	-1.15608
3175	-1.15608
3176	-1.35526
3177	-1.35526
3178	-1.35526
3179	-0.0956239
3180	-1.45001
3181	0.567006
3182	0.567006
3183	0.567006
3184	0.892379
3185	0.892379
3186	-0.220266
3187	-0.300565
3188	0.928724
3189	0.928724
3190	0.928724
3191	0.928724
3192	0.457238
3193	0.444511
3194	-0.825548
3195	-0.825548
3196	1.44278
3197	1.44278
3198	0.751894
3199	1.49361
3200	1.49361
3201	-1.15757
3202	-1.15757
3203	-1.15757
3204	0.732088
3205	1.3093
3206	-1.42029
3207	0.0860984
3208	0.483571
3209	0.483571
3210	-1.5051
3211	-0.760518
3212	-0.714846
3213	-0.996466
3214	-0.996466
3215	-0.996466
3216	-1.75912
3217	-0.773437
3218	-0.773437
3219	-0.773437
3220	-0.322951
3221	0.635884
3222	1.66079
3223	1.66079
3224	1.66079
3225	-0.601626
3226	0.0709749
3227	0.0709749
3228	0.0709749
3229	0.088176
3230	-0.370912
3231	-0.370912
3232	0.732276
3233	0.732276
3234	0.732276
3235	0.732276
3236	0.732276
3237	-1.91856
3238	-0.254828
3239	-0.254828
3240	-0.739036
3241	0.908171
3242	-0.741905
3243	0.242701
3244	-1.80137
3245	-1.82987
3246	0.0102995
3247	0.348588
3248	-0.253333
3249	-0.253333
3250	-0.333776
3251	-1.34524
3252	-0.252789
3253	-0.252789
3254	-0.252789
3255	-0.268094
3256	0.0135422
3257	-1.13138
3258	-1.13138
3259	1.14615
3260	1.14615
3261	-1.063
3262	0.361628
3263	-0.456978
3264	0.127125
3265	-1.25386
3266	-1.25386
3267	-1.25386
3268	-1.25386
3269	-1.25386
3270	-1.25386
3271	-0.408434
3272	-0.408434
3273	-0.932022
3274	0.5754
3275	-1.45154
3276	-0.986109
3277	0.545181
3278	0.399297
3279	0.399297
3280	-1.72973
3281	-1.72973
3282	-1.72973
3283	-1.72973
3284	-1.72973
3285	-0.536495
3286	-0.0883497
3287	-0.0883497
3288	0.360683
3289	0.360683
3290	0.834955
3291	0.834955
3292	0.834955
3293	-0.0763662
3294	-0.0763662
3295	-0.0763662
3296	-0.0763662
3297	0.878496
3298	-0.845203
3299	1.6382
3300	1.6382
3301	1.6382
3302	1.6382
3303	-0.155185
3304	1.25529
3305	0.0933504
3306	0.0933504
3307	1.01001
3308	0.555385
3309	0.0326489
3310	-0.970316
3311	-0.582232
3312	-0.582232
3313	-0.308987
3314	-0.212295
3315	-0.596877
3316	-0.596877
3317	0.713051
3318	0.713051
3319	1.21455
3320	-1.26549
3321	-1.26549
3322	-1.26549
3323	1.45775
3324	-0.675317
3325	-0.675317
3326	-0.675317
3327	1.59291
3328	1.59291
3329	1.59291
3330	1.59291
3331	1.59291
3332	1.59291
3333	1.59291
3334	1.59291
3335	1.59291
3336	1.59291
3337	-0.903416
3338	-0.903416
3339	-0.58301
3340	-0.58301
3341	-0.58301
3342	0.927768
3343	0.987281
3344	1.24111
3345	0.16359
3346	0.891927
3347	0.891927
3348	-0.680826
3349	-0.680826
3350	-0.680826
3351	-0.666663
3352	-0.684739
3353	-0.684739
3354	-0.684739
3355	0.156873
3356	0.156873
3357	-1.46134
3358	-1.46134
3359	0.267924
3360	0.267924
3361	-0.435255
3362	-0.435255
3363	-0.435255
3364	-0.0499468
3365	-0.0499468
3366	-0.0499468
3367	-0.0499468
3368	-0.0499468
3369	-0.0499468
3370	0.356086
3371	-0.321306
3372	-1.36502
3373	-1.36502
3374	-1.36502
3375	-1.47102
3376	-1.47102
3377	0.466261
3378	0.466261
3379	-1.02057
3380	-1.02057
3381	-1.02057
3382	-1.02057
3383	-1.02057
3384	-1.02057
3385	-1.02057
3386	-0.139919
3387	-0.586195
3388	-0.586195
3389	-0.586195
3390	-0.226903
3391	-0.226903
3392	-0.226903
3393	-1.08917
3394	-0.850798
3395	-0.850798
3396	-0.155099
3397	-0.155099
3398	-0.155099
3399	-0.155099
3400	-0.155099
3401	-0.155099
3402	0.531118
3403	0.531118
3404	0.162706
3405	0.0718005
3406	0.0718005
3407	0.0718005
3408	-1.37323
3409	0.611232
3410	0.611232
3411	0.611232
3412	0.611232
3413	0.119703
3414	1.00777
3415	1.00777
3416	1.00705
3417	1.00705
3418	-0.370434
3419	-0.370434
3420	-0.370434
3421	0.321982
3422	0.321982
3423	-1.02622
3424	-0.314812
3425	-0.314812
3426	-0.314812
3427	1.38658
3428	1.38658
3429	-1.086
3430	-1.086
3431	-0.413689
3432	0.156241
3433	0.156241
3434	0.156241
3435	-1.24209
3436	1.07196
3437	0.279871
3438	0.279871
3439	-0.21206
3440	0.154305
3441	-0.654601
3442	-0.654601
3443	-1.16277
3444	0.450809
3445	0.450809
3446	0.450809
3447	0.450809
3448	-0.270805
3449	-0.270805
3450	-0.270805
3451	1.35529
3452	1.49981
3453	-0.380225
3454	-0.380225
3455	-0.380225
3456	0.225554
3457	0.372237
3458	0.483536
3459	-1.114
3460	1.23339
3461	1.23339
3462	-1.24062
3463	1.19222
3464	1.19222
3465	1.19025
3466	1.19025
3467	-0.473616
3468	-0.473616
3469	-0.473616
3470	-0.553621
3471	0.789524
3472	0.789524
3473	-0.934166
3474	-0.934166
3475	-0.934166
3476	1.35755
3477	-0.759775
3478	-0.759775
3479	-0.759775
3480	1.07171
3481	0.26477
3482	-0.592322
3483	-0.592322
3484	-0.592322
3485	0.550858
3486	0.550858
3487	0.24866
3488	0.154017
3489	0.154017
3490	0.154017
3491	0.154017
3492	0.154017
3493	0.154017
3494	-0.511904
3495	-0.511904
3496	-0.511904
3497	1.07697
3498	0.103591
3499	0.103591
3500	0.103591
3501	-0.430582
3502	-0.430582
3503	-0.430582
3504	-0.430582
3505	-0.430582
3506	0.0959595
3507	-1.22661
3508	-1.22661
3509	-1.22661
3510	0.624872
3511	0.624872
3512	1.32632
3513	1.32632
3514	-0.798129
3515	-1.46983
3516	-1.46983
3517	-1.46983
3518	0.416579
3519	-1.3543
3520	-0.289595
3521	-0.289595
3522	-0.289595
3523	0.0358968
3524	0.0358968
3525	0.147353
3526	-1.14414
3527	-1.14414
3528	-1.14414
3529	-1.14414
3530	-1.14414
3531	1.54076
3532	1.54076
3533	0.773491
3534	0.5483
3535	-1.41588
3536	0.874963
3537	0.874963
3538	0.874963
3539	0.874963
3540	0.617309
3541	0.0152003
3542	0.902468
3543	0.902468
3544	0.902468
3545	-1.18206
3546	-1.18206
3547	-0.413073
3548	0.838962
3549	0.741125
3550	0.741125
3551	-0.832583
3552	-0.832583
3553	0.577488
3554	0.577488
3555	-0.190862
3556	1.46288
3557	-1.10349
3558	-1.10349
3559	1.22462
3560	0.140957
3561	0.530486
3562	0.530486
3563	0.530486
3564	-0.869967
3565	-0.869967
3566	-0.869967
3567	-0.869967
3568	-1.05109
3569	1.09346
3570	1.09346
3571	1.09346
3572	-0.604246
3573	-0.604246
3574	-1.49418
3575	-0.35737
3576	0.995781
3577	-0.665954
3578	-0.665954
3579	-0.665954
3580	-0.665954
3581	-0.665954
3582	-0.665954
3583	-0.665954
3584	-0.0339643
3585	-0.158349
3586	1.34356
3587	1.34356
3588	1.34356
3589	0.718903
3590	0.718903
3591	0.718903
3592	1.66215
3593	-0.19547
3594	-0.19547
3595	-0.244709
3596	0.593354
3597	0.593354
3598	0.593354
3599	0.593354
3600	0.593354
3601	0.593354
3602	0.593354
3603	0.593354
3604	0.593354
3605	0.593354
3606	0.484049
3607	0.867316
3608	0.867316
3609	0.867316
3610	1.07873
3611	0.417615
3612	0.640026
3613	-0.958306
3614	-0.958306
3615	-0.5019
3616	1.01401
3617	1.01401
3618	1.01401
3619	1.01401
3620	1.01401
3621	1.01401
3622	1.01401
3623	0.129657
3624	0.129657
3625	-0.349527
3626	0.858806
3627	0.858806
3628	-1.22904
3629	-1.22904
3630	-1.22904
3631	-1.22904
3632	-1.22904
3633	-1.22904
3634	0.0518311
3635	0.0518311
3636	0.0518311
3637	0.0518311
3638	0.0518311
3639	-0.293275
3640	-0.293275
3641	-0.598535
3642	-0.598535
3643	-0.598535
3644	-0.598535
3645	-0.598535
3646	-0.598535
3647	-0.598535
3648	-0.598535
3649	0.424849
3650	0.424849
3651	0.424849
3652	0.829067
3653	0.829067
3654	0.829067
3655	0.829067
3656	0.829067
3657	0.647255
3658	0.647255
3659	0.553705
3660	0.553705
3661	0.553705
3662	1.04193
3663	1.04193
3664	1.04193
3665	-0.624238
3666	-0.821207
3667	-0.821207
3668	-0.821207
3669	-0.558704
3670	-0.558704
3671	-1.11058
3672	1.14683
3673	1.44177
3674	0.00439625
3675	-1.01054
3676	-1.01054
3677	0.0464348
3678	-0.404105
3679	-0.404105
3680	-0.404105
3681	-0.397747
3682	-0.397747
3683	-0.397747
3684	-0.397747
3685	-0.257323
3686	-0.257323
3687	-1.26566
3688	-1.26566
3689	0.895709
3690	0.188971
3691	0.188971
3692	1.06785
3693	1.06785
3694	1.06785
3695	1.06785
3696	-1.53127
3697	-1.53127
3698	-1.53127
3699	-1.53127
3700	-1.53127
3701	-1.53127
3702	0.944564
3703	0.923784
3704	0.923784
3705	0.143259
3706	0.315468
3707	0.315468
3708	1.2311
3709	1.84138
3710	1.84138
3711	0.879924
3712	-0.191029
3713	-0.191029
3714	-1.0015
3715	-1.42588
3716	-0.385339
3717	-0.162607
3718	-1.7175
3719	-1.7175
3720	-1.14519
3721	0.434891
3722	-1.30309
3723	0.888341
3724	0.888341
3725	0.888341
3726	0.0643513
3727	0.15114
3728	0.15114
3729	0.833855
3730	-0.587373
3731	-0.587373
3732	-0.954251
3733	-0.954251
3734	-0.954251
3735	-0.954251
3736	-0.538373
3737	-0.538373
3738	-0.538373
3739	-0.538373
3740	-0.538373
3741	-0.538373
3742	-0.538373
3743	-0.538373
3744	-0.250627
3745	0.0284445
3746	-1.12974
3747	-1.15653
3748	-1.15653
3749	0.297315
3750	0.297315
3751	0.297315
3752	0.297315
3753	-0.3764
3754	0.541165
3755	-1.06349
3756	0.508215
3757	0.508215
3758	0.0398944
3759	0.0398944
3760	-0.394303
3761	-0.394303
3762	0.505752
3763	0.505752
3764	0.505752
3765	0.389589
3766	0.389589
3767	0.389589
3768	-1.03665
3769	-0.928263
3770	-0.870833
3771	0.651845
3772	0.651845
3773	-0.93633
3774	-0.93633
3775	-0.93633
3776	-0.941177
3777	-0.941177
3778	0.933687
3779	1.19452
3780	0.717876
3781	1.03461
3782	-0.864017
3783	-0.864017
3784	-0.864017
3785	-0.864017
3786	-0.864017
3787	-0.864017
3788	-0.864017
3789	0.167256
3790	0.480451
3791	0.480451
3792	0.480451
3793	0.661102
3794	0.661102
3795	-0.5226
3796	0.826552
3797	0.826552
3798	-0.0565396
3799	-0.0565396
3800	-0.0565396
3801	-0.0565396
3802	-0.0565396
3803	0.838835
3804	0.838835
3805	0.838835
3806	-0.282478
3807	-0.282478
3808	-0.282478
3809	-0.282478
3810	-0.282478
3811	-1.23223
3812	0.63711
3813	0.63711
3814	0.63711
3815	0.63711
3816	-0.34255
3817	-0.34255
3818	-0.34255
3819	0.429943
3820	-1.11188
3821	0.619537
3822	-1.22224
3823	0.409652
3824	0.650427
3825	-1.90478
3826	-1.90478
3827	-1.60365
3828	-1.60365
3829	-0.515056
3830	-0.515056
3831	0.993835
3832	-0.180187
3833	-0.512887
3834	-0.512887
3835	-0.512887
3836	-0.512887
3837	-0.512887
3838	-0.512887
3839	0.54381
3840	0.54381
3841	0.54381
3842	0.54381
3843	0.54381
3844	0.801197
3845	0.801197
3846	0.801197
3847	0.801197
3848	0.801197
3849	-0.610525
3850	-0.610525
3851	-1.15706
3852	1.48934
3853	0.543461
3854	0.543461
3855	1.4332
3856	1.45044
3857	1.45044
3858	1.45044
3859	1.45044
3860	1.45044
3861	0.503541
3862	0.503541
3863	0.680196
3864	1.44089
3865	-0.201169
3866	1.06327
3867	1.06327
3868	1.06327
3869	0.51204
3870	0.10581
3871	0.10581
3872	0.10581
3873	1.29309
3874	0.351677
3875	-0.54175
3876	0.223842
3877	0.223842
3878	-0.739382
3879	-0.739382
3880	-0.739382
3881	0.0452363
3882	1.13566
3883	1.53465
3884	0.404826
3885	0.404826
3886	0.404826
3887	0.404826
3888	0.404826
3889	0.404826
3890	-0.903801
3891	0.728277
3892	0.728277
3893	-0.914439
3894	-0.914439
3895	-0.914439
3896	0.668282
3897	0.668282
3898	0.668282
3899	0.668282
3900	0.668282
3901	-1.01087
3902	-1.01087
3903	-1.01087
3904	1.46726
3905	1.46726
3906	0.447974
3907	0.447974
3908	0.0729185
3909	0.0729185
3910	0.971624
3911	0.971624
3912	-0.732877
3913	-0.732877
3914	-0.161554
3915	-0.161554
3916	0.0143711
3917	1.30876
3918	0.501226
3919	1.52974
3920	0.827239
3921	-0.524552
3922	-0.30186
3923	0.655824
3924	0.655824
3925	-0.872646
3926	-1.43365
3927	-1.18416
3928	0.0992555
3929	-0.798509
3930	-0.798509
3931	0.944016
3932	-0.644536
3933	0.551181
3934	0.551181
3935	0.551181
3936	0.551181
3937	0.551181
3938	1.1195
3939	1.82037
3940	0.476233
3941	0.476233
3942	0.476233
3943	0.476233
3944	0.476233
3945	0.476233
3946	-0.517701
3947	0.590409
3948	0.590409
3949	-1.14406
3950	-1.34304
3951	-1.34304
3952	0.921799
3953	-0.84013
3954	-0.84013
3955	-0.84013
3956	-0.84013
3957	-1.51087
3958	0.681457
3959	0.681457
3960	-0.318992
3961	-0.318992
3962	1.05308
3963	1.05308
3964	1.05308
3965	-1.14458
3966	1.21053
3967	0.211413
3968	0.211413
3969	-1.03342
3970	-1.45842
3971	-0.228559
3972	1.22613
3973	-0.229903
3974	-0.229903
3975	1.38295
3976	1.38295
3977	1.46084
3978	-0.372223
3979	-0.371876
3980	-0.590846
3981	-0.590846
3982	-0.590846
3983	-0.590846
3984	1.28014
3985	-0.406748
3986	0.858334
3987	0.858334
3988	-1.60227
3989	0.637768
3990	-1.07365
3991	1.63415
3992	1.4903
3993	-0.249608
3994	-0.249608
3995	-0.249608
3996	-0.249608
3997	-0.249608
3998	1.43376
3999	1.43376
4000	0.351103
4001	0.351103
4002	-0.138541
4003	-0.138541
4004	1.19172
4005	-1.03219
4006	0.622113
4007	-1.30159
4008	-1.30159
4009	0.257346
4010	0.257346
4011	-0.908358
4012	-0.175992
4013	-0.175992
4014	0.381174
4015	0.0133883
4016	0.698977
4017	-1.72238
4018	-0.853063
4019	-0.853063
4020	-0.548359
4021	-0.548359
4022	0.946286
4023	0.946286
4024	0.946286
4025	0.111376
4026	0.27899
4027	0.27899
4028	0.27899
4029	0.27899
4030	0.27899
4031	0.444888
4032	1.08302
4033	1.08302
4034	1.08302
4035	-0.134272
4036	-0.643885
4037	0.683946
4038	-0.188101
4039	-0.188101
4040	0.655072
4041	0.655072
4042	0.302296
4043	-0.0247197
4044	0.292947
4045	0.292947
4046	0.292947
4047	-0.798575
4048	1.16935
4049	1.12447
4050	0.424182
4051	0.424182
4052	0.424182
4053	0.424182
4054	0.424182
4055	-0.995978
4056	-0.257409
4057	-0.257409
4058	-0.842278
4059	0.170006
4060	-0.370283
4061	-0.374825
4062	-0.374825
4063	0.432818
4064	1.27244
4065	0.556755
4066	0.556755
4067	-0.0548952
4068	-0.0548952
4069	-0.0548952
4070	-0.0548952
4071	-0.0548952
4072	0.971778
4073	-0.366301
4074	-0.366301
4075	-0.53445
4076	-0.53445
4077	-0.59077
4078	1.03048
4079	1.03048
4080	1.03048
4081	-1.00959
4082	0.53768
4083	1.4317
4084	1.4317
4085	0.634739
4086	0.634739
4087	0.923546
4088	-1.03596
4089	1.28118
4090	-1.43345
4091	-1.64646
4092	-1.64646
4093	-1.64646
4094	-0.310645
4095	-0.310645
4096	-0.310645
4097	-0.727255
4098	0.0607627
4099	-1.46921
4100	-1.46921
4101	-1.46921
4102	-1.46921
4103	0.453568
4104	-0.411954
4105	0.681673
4106	0.681673
4107	-0.854614
4108	-0.457881
4109	-0.457881
4110	1.04853
4111	-0.334373
4112	-0.981594
4113	-0.981594
4114	-0.981594
4115	-1.24939
4116	-1.24939
4117	-0.847132
4118	-0.847132
4119	-0.482903
4120	-0.482903
4121	-0.482903
4122	0.160053
4123	-0.116792
4124	-0.116792
4125	-0.116792
4126	-0.506967
4127	-0.506967
4128	-0.373721
4129	-0.373721
4130	-0.373721
4131	-0.373721
4132	0.784355
4133	0.784355
4134	0.784355
4135	0.784355
4136	0.784355
4137	0.784355
4138	-0.295545
4139	0.0981748
4140	0.510309
4141	1.02505
4142	-1.37133
4143	1.3133
4144	0.257824
4145	0.707766
4146	-0.73664
4147	-0.234923
4148	-0.234923
4149	-0.234923
4150	-0.0660932
4151	-0.701577
4152	-1.21482
4153	-0.241306
4154	1.49932
4155	1.49932
4156	0.581242
4157	1.08807
4158	1.08807
4159	-0.535482
4160	0.529663
4161	-0.998285
4162	-0.998285
4163	-0.401224
4164	1.14146
4165	1.14146
4166	0.767778
4167	1.3265
4168	-1.1404
4169	-1.1404
4170	-1.1404
4171	-0.436074
4172	-0.436074
4173	-0.436074
4174	-0.436074
4175	1.5665
4176	-0.140498
4177	-0.140498
4178	-0.140498
4179	-1.43608
4180	0.635388
4181	0.635388
4182	-1.193
4183	-1.44443
4184	-1.44443
4185	1.09315
4186	1.09315
4187	1.09315
4188	1.09315
4189	1.09315
4190	1.09315
4191	1.09315
4192	1.09315
4193	1.09315
4194	1.09315
4195	1.33863
4196	1.33863
4197	-0.322455
4198	0.00302898
4199	-0.441014
4200	-0.441014
4201	0.216169
4202	-1.60112
4203	-1.60112
4204	-1.60112
4205	-1.60112
4206	-1.14663
4207	-1.14663
4208	0.413184
4209	0.413184
4210	0.413184
4211	1.03288
4212	1.03288
4213	-0.0297612
4214	-0.867444
4215	-0.867444
4216	-0.867444
4217	-0.867444
4218	-0.867444
4219	-0.538928
4220	-0.538928
4221	-1.37447
4222	0.790524
4223	0.150124
4224	0.150124
4225	0.305371
4226	1.13375
4227	-0.995291
4228	-0.995291
4229	0.410627
4230	0.410627
4231	0.410627
4232	0.410627
4233	0.410627
4234	0.410627
4235	0.410627
4236	0.410627
4237	0.729561
4238	0.729561
4239	0.729561
4240	0.729561
4241	0.729561
4242	0.729561
4243	-0.318442
4244	-0.318442
4245	-0.318442
4246	-0.931598
4247	1.39664
4248	1.39664
4249	-1.08462
4250	-1.86105
4251	-1.86105
4252	-1.86105
4253	-1.86105
4254	-1.37075
4255	-1.39109
4256	-0.164347
4257	1.56678
4258	1.56678
4259	-0.846845
4260	-0.846845
4261	-0.846845
4262	-0.174759
4263	0.464562
4264	0.464562
4265	0.464562
4266	0.464562
4267	1.35242
4268	1.35242
4269	0.2681
4270	0.20087
4271	1.41606
4272	1.41606
4273	1.01355
4274	1.79271
4275	1.79271
4276	0.661473
4277	0.661473
4278	0.661473
4279	-0.536041
4280	-0.536041
4281	-0.859174
4282	-0.859174
4283	-0.698805
4284	-1.51245
4285	1.07103
4286	0.931857
4287	1.01743
4288	-0.460605
4289	-0.460605
4290	-0.625119
4291	-0.625119
4292	0.221327
4293	-1.15731
4294	-1.17534
4295	-1.17534
4296	-1.17534
4297	-1.17534
4298	-1.13759
4299	-1.13759
4300	-1.13759
4301	-1.13759
4302	0.272913
4303	-1.02217
4304	0.214682
4305	0.214682
4306	0.214682
4307	0.214682
4308	-0.708214
4309	1.34323
4310	1.34323
4311	1.34323
4312	-0.443342
4313	-0.443342
4314	-0.69548
4315	-0.69548
4316	1.51414
4317	-0.684112
4318	-0.684112
4319	1.16942
4320	1.16942
4321	1.16942
4322	0.888694
4323	0.474423
4324	0.474423
4325	0.991217
4326	0.991217
4327	0.991217
4328	0.991217
4329	0.991217
4330	-1.18165
4331	-1.18165
4332	-0.765711
4333	-0.765711
4334	0.309043
4335	0.309043
4336	0.309043
4337	-1.57445
4338	-1.57445
4339	-1.57445
4340	-1.76063
4341	-1.96096
4342	-1.96096
4343	-1.96096
4344	-1.96096
4345	-2.47656
4346	-0.24373
4347	0.257531
4348	-0.4527
4349	-0.4527
4350	-1.10154
4351	-1.10154
4352	-1.10154
4353	-1.5007
4354	-1.09147
4355	-1.09147
4356	-1.18213
4357	-1.18213
4358	0.582844
4359	-0.7922
4360	-0.7922
4361	0.759101
4362	1.52985
4363	0.0371569
4364	1.06542
4365	-1.07168
4366	-1.07168
4367	-1.07168
4368	-1.07168
4369	-1.07168
4370	0.102874
4371	1.27641
4372	1.15452
4373	1.15452
4374	-1.36336
4375	-1.36336
4376	-0.606432
4377	-0.606432
4378	-0.606432
4379	-0.606432
4380	-0.611536
4381	1.06607
4382	1.06607
4383	1.06607
4384	0.500116
4385	0.500116
4386	0.566952
4387	0.566952
4388	0.0535031
4389	-0.41274
4390	-0.41274
4391	-0.41274
4392	0.819524
4393	0.485427
4394	0.0662006
4395	0.0662006
4396	-1.04837
4397	1.1854
4398	1.1854
4399	-0.412661
4400	-0.412661
4401	-0.00795616
4402	-0.00795616
4403	-0.00795616
4404	-0.426037
4405	1.06841
4406	-0.096265
4407	-0.096265
4408	1.20918
4409	-1.03601
4410	-1.13256
4411	0.506835
4412	0.506835
4413	-0.0149051
4414	-0.0149051
4415	0.178218
4416	-1.87751
4417	-1.87751
4418	0.0787626
4419	0.0787626
4420	0.0787626
4421	0.0787626
4422	-0.387156
4423	-0.0694564
4424	-0.0694564
4425	1.20196
4426	1.20196
4427	1.20196
4428	1.20196
4429	0.78889
4430	0.78889
4431	-0.714552
4432	1.59687
4433	1.59687
4434	1.37541
4435	1.37541
4436	1.37541
4437	1.37541
4438	0.76588
4439	0.669395
4440	0.630672
4441	0.630672
4442	0.630672
4443	-1.00695
4444	-1.00695
4445	-1.00695
4446	-0.951641
4447	-0.951641
4448	1.23614
4449	1.23614
4450	1.72638
4451	1.72638
4452	1.72638
4453	1.72638
4454	1.72638
4455	0.976832
4456	0.976832
4457	0.777042
4458	-0.137423
4459	-0.137423
4460	-1.53201
4461	-1.35358
4462	-1.35358
4463	0.629323
4464	0.629323
4465	0.629323
4466	0.629323
4467	0.629323
4468	0.968181
4469	0.968181
4470	-1.25404
4471	-1.25404
4472	-1.25404
4473	-1.25404
4474	-1.25404
4475	-1.07901
4476	-1.07901
4477	1.22657
4478	1.22657
4479	0.844846
4480	0.682461
4481	0.429028
4482	0.429028
4483	0.429028
4484	-0.354474
4485	-0.354474
4486	-0.354474
4487	1.57879
4488	1.57879
4489	1.3304
4490	1.04709
4491	-0.761275
4492	-0.761275
4493	-0.761275
4494	0.452785
4495	-1.15039
4496	-1.15039
4497	0.231436
4498	0.231436
4499	0.231436
4500	-1.13516
4501	-1.13516
4502	-1.13516
4503	-1.13516
4504	-1.13516
4505	-1.20861
4506	-1.20861
4507	-0.264546
4508	-0.264546
4509	1.57254
4510	1.57254
4511	-0.328409
4512	-0.914206
4513	1.24423
4514	0.655136
4515	0.655136
4516	1.31306
4517	-1.24386
4518	1.45577
4519	1.45577
4520	-0.748636
4521	-0.748636
4522	1.80522
4523	0.818694
4524	1.1509
4525	-0.166393
4526	-0.166393
4527	-0.906532
4528	-0.906532
4529	-0.906532
4530	0.583524
4531	0.583524
4532	0.506881
4533	0.506881
4534	-1.18957
4535	-0.338135
4536	-0.338135
4537	-0.338135
4538	-0.338135
4539	-0.338135
4540	-0.338135
4541	-1.30326
4542	-1.30326
4543	1.00763
4544	-1.05179
4545	1.62727
4546	1.62727
4547	1.62727
4548	1.62727
4549	-0.558173
4550	-1.1854
4551	1.16525
4552	0.45257
4553	1.3727
4554	-0.905611
4555	-0.455318
4556	-0.455318
4557	-0.455318
4558	-0.863109
4559	-0.863109
4560	-0.863109
4561	-0.863109
4562	-0.863109
4563	-0.863109
4564	-0.605791
4565	-0.392785
4566	0.399981
4567	0.399981
4568	0.399981
4569	-0.944837
4570	0.445472
4571	-0.0109651
4572	-0.0109651
4573	0.855516
4574	-0.230391
4575	-0.524257
4576	-0.524257
4577	0.303554
4578	0.303554
4579	1.17634
4580	0.722136
4581	-0.541238
4582	-0.541238
4583	0.372032
4584	0.372032
4585	0.466567
4586	0.466567
4587	0.377424
4588	0.377424
4589	1.65895
4590	1.65895
4591	0.454075
4592	0.454075
4593	0.454075
4594	-0.320822
4595	-0.451275
4596	1.36452
4597	-0.957142
4598	-0.957142
4599	-0.957142
4600	-0.957142
4601	-0.950889
4602	-0.950889
4603	-0.238088
4604	-0.470861
4605	1.07068
4606	1.07068
4607	1.07068
4608	1.70038
4609	1.31548
4610	-0.228397
4611	-0.228397
4612	-0.172267
4613	-0.206403
4614	1.08685
4615	1.08685
4616	-0.401738
4617	0.0930619
4618	0.0930619
4619	0.0930619
4620	0.0930619
4621	-0.360533
4622	-0.360533
4623	0.624261
4624	-0.793878
4625	-0.793878
4626	0.526661
4627	1.17044
4628	1.17044
4629	0.948597
4630	0.948597
4631	-0.296736
4632	-0.323197
4633	-1.40007
4634	-1.40007
4635	-1.40007
4636	1.13305
4637	1.13305
4638	-0.887211
4639	1.31007
4640	1.31007
4641	1.31007
4642	-0.562681
4643	-0.562681
4644	-0.562681
4645	-0.865688
4646	-0.865688
4647	-0.865688
4648	-0.865688
4649	0.879231
4650	0.879231
4651	0.73621
4652	0.139295
4653	0.139295
4654	0.139295
4655	-0.219858
4656	0.466555
4657	0.466555
4658	0.466555
4659	1.2309
4660	-1.16213
4661	-1.16213
4662	-1.16213
4663	-0.513389
4664	-1.39991
4665	-1.39991
4666	1.01856
4667	-0.536858
4668	-0.467996
4669	-0.467996
4670	0.322401
4671	0.322401
4672	0.322401
4673	0.715306
4674	-0.937477
4675	0.828793
4676	-0.63464
4677	-0.63464
4678	-0.63464
4679	-0.356054
4680	-0.927119
4681	-0.927119
4682	-0.688788
4683	-0.688788
4684	-0.688788
4685	-0.117917
4686	-0.117917
4687	-0.117917
4688	0.521949
4689	0.521949
4690	0.521949
4691	0.521949
4692	0.521949
4693	0.642064
4694	-0.356733
4695	-1.29358
4696	0.644738
4697	0.0750982
4698	0.0750982
4699	-0.201237
4700	-1.5056
4701	-1.91304
4702	-1.91304
4703	-1.23063
4704	-0.356202
4705	1.06454
4706	-1.06587
4707	-0.216022
4708	-0.216022
4709	1.39704
4710	1.39704
4711	1.40098
4712	1.3507
4713	1.3507
4714	0.343164
4715	-0.32058
4716	-0.32058
4717	0.145169
4718	-0.879645
4719	-2.32194
4720	-1.14484
4721	0.274387
4722	1.34364
4723	0.0776283
4724	-0.955539
4725	0.474272
4726	0.474272
4727	0.474272
4728	-0.118043
4729	-1.13655
4730	1.14394
4731	0.614636
4732	0.614636
4733	-0.910104
4734	-0.910104
4735	0.261034
4736	0.261034
4737	1.18646
4738	1.18646
4739	1.18646
4740	-0.950091
4741	-0.950091
4742	-0.474943
4743	-0.0998675
4744	-1.08067
4745	0.913864
4746	-0.805451
4747	-0.898565
4748	-0.898565
4749	0.908606
4750	0.908606
4751	-0.221492
4752	-0.221492
4753	-0.98181
4754	-0.98181
4755	-0.98181
4756	-0.98181
4757	0.603483
4758	0.603483
4759	1.36347
4760	0.0594775
4761	-1.28187
4762	-1.28187
4763	1.27421
4764	1.06747
4765	-0.655938
4766	-0.655938
4767	-0.386878
4768	-0.443312
4769	-0.718412
4770	-1.2784
4771	-1.2784
4772	-0.149653
4773	-1.14688
4774	-0.436934
4775	1.1673
4776	-1.01932
4777	0.313619
4778	0.871478
4779	0.871478
4780	0.86892
4781	-0.290535
4782	-0.290535
4783	-0.290535
4784	-0.290535
4785	-0.290535
4786	-0.290535
4787	-1.12896
4788	-1.12896
4789	-0.826579
4790	0.943003
4791	0.943003
4792	0.728265
4793	0.728265
4794	0.728265
4795	0.728265
4796	0.793048
4797	-0.810875
4798	-0.810875
4799	-0.810875
4800	-0.810875
4801	0.608256
4802	0.608256
4803	0.713333
4804	0.0375852
4805	0.0375852
4806	0.0375852
4807	0.0375852
4808	0.993489
4809	0.993489
4810	0.993489
4811	0.993489
4812	0.993489
4813	0.993489
4814	0.130675
4815	-1.34798
4816	-1.19107
4817	-1.19107
4818	-0.519917
4819	-0.519917
4820	0.277192
4821	0.277192
4822	0.277192
4823	0.277192
4824	0.277192
4825	0.277192
4826	0.277192
4827	0.277192
4828	-0.696102
4829	-0.696102
4830	-1.00711
4831	0.274028
4832	0.274028
4833	0.274028
4834	0.274028
4835	1.14457
4836	0.647238
4837	-1.52086
4838	0.91776
4839	0.852603
4840	0.83855
4841	0.462172
4842	0.301561
4843	0.301561
4844	-0.469279
4845	-0.469279
4846	-0.469279
4847	-0.469279
4848	-0.523878
4849	-0.523878
4850	-0.523878
4851	-0.523878
4852	-0.743109
4853	-0.743109
4854	0.454587
4855	0.454587
4856	-0.906465
4857	-0.906465
4858	-0.906465
4859	-0.906465
4860	-0.906465
4861	1.11282
4862	1.11282
4863	1.11282
4864	-0.387525
4865	-0.387525
4866	0.890909
4867	0.890909
4868	0.890909
4869	0.721635
4870	-0.636388
4871	-0.636388
4872	-0.636388
4873	-0.636388
4874	-0.866881
4875	-0.866881
4876	-0.84703
4877	1.3353
4878	0.112955
4879	-0.174653
4880	-0.174653
4881	-0.174653
4882	-0.178888
4883	0.0645505
4884	0.514955
4885	-0.779655
4886	-0.45592
4887	-0.45592
4888	-0.45592
4889	-0.45592
4890	0.865642
4891	0.611673
4892	0.611673
4893	0.611673
4894	-0.640932
4895	0.336752
4896	0.336752
4897	-0.919525
4898	0.186024
4899	0.186024
4900	0.186024
4901	0.918777
4902	1.49826
4903	-1.00922
4904	-1.00922
4905	0.615695
4906	-0.877406
4907	-0.877406
4908	-0.877406
4909	-0.877406
4910	-0.877406
4911	-0.877406
4912	1.56349
4913	-0.29331
4914	-0.818118
4915	-0.818118
4916	-0.818118
4917	0.782524
4918	0.782524
4919	0.845446
4920	0.0966366
4921	0.0966366
4922	0.204179
4923	0.204179
4924	0.382024
4925	0.382024
4926	0.382024
4927	0.903955
4928	0.903955
4929	0.903955
4930	0.710532
4931	0.710532
4932	0.520977
4933	0.160849
4934	-0.564821
4935	1.02908
4936	-0.123019
4937	-0.202816
4938	-0.779974
4939	-0.779974
4940	-0.779974
4941	-0.779974
4942	-0.273605
4943	-1.05477
4944	1.27628
4945	-1.28506
4946	-1.28506
4947	-1.28506
4948	-0.595594
4949	0.0481943
4950	-1.02674
4951	-1.02674
4952	-1.19315
4953	-0.38485
4954	-1.37175
4955	0.731065
4956	0.731065
4957	0.0977274
4958	0.0977274
4959	0.869309
4960	0.869309
4961	-0.218091
4962	-0.218091
4963	-0.218091
4964	-0.218091
4965	-0.218091
4966	-0.218091
4967	-0.218091
4968	-0.218091
4969	0.0895865
4970	1.28667
4971	1.06829
4972	1.06829
4973	1.06829
4974	1.33427
4975	-0.96587
4976	1.0648
4977	1.0648
4978	-0.0380589
4979	-0.556581
4980	-0.556581
4981	-0.556581
4982	-0.556581
4983	0.0579438
4984	0.0579438
4985	0.0579438
4986	0.0579438
4987	-0.404851
4988	1.55795
4989	1.62165
4990	1.50047
4991	1.50047
4992	1.50047
4993	1.50047
4994	1.50047
4995	1.50047
4996	1.50047
4997	1.50047
4998	1.50047
4999	0.708455
5000	-0.450223
5001	-0.450223
5002	-0.773964
5003	-0.773964
5004	-0.773964
5005	-0.773964
5006	-1.2008
5007	-1.2008
5008	-1.2008
5009	-1.2008
5010	-0.928143
5011	-0.780148
5012	0.623626
5013	0.623626
5014	-1.14889
5015	0.705953
5016	0.705953
5017	0.705953
5018	1.63977
5019	-0.170008
5020	1.27329
5021	0.275386
5022	1.14268
5023	1.14268
5024	1.14268
5025	0.752688
5026	1.66514
5027	0.72686
5028	-1.2824
5029	-0.358117
5030	-1.16645
5031	-1.16645
5032	-1.16645
5033	-1.31218
5034	-1.31218
5035	-1.31218
5036	-1.31218
5037	0.337325
5038	-1.00173
5039	-0.506946
5040	0.832004
5041	0.832004
5042	1.167
5043	1.167
5044	1.167
5045	1.167
5046	-1.32538
5047	-0.312773
5048	-0.312773
5049	-0.312773
5050	-0.312773
5051	-0.312773
5052	-0.312773
5053	0.154656
5054	-0.10775
5055	0.928842
5056	0.928842
5057	0.928842
5058	0.928842
5059	1.09262
5060	1.09262
5061	-0.835314
5062	-0.835314
5063	-0.835314
5064	0.85963
5065	0.428981
5066	0.428981
5067	0.428981
5068	0.266317
5069	1.51954
5070	-1.08458
5071	-1.08458
5072	0.328924
5073	0.328924
5074	-0.43139
5075	-1.23701
5076	-0.846932
5077	-0.193745
5078	-0.193745
5079	1.12322
5080	0.172527
5081	0.172527
5082	-0.693374
5083	-0.693374
5084	-0.693374
5085	-0.693374
5086	0.516421
5087	-0.59869
5088	0.0827436
5089	1.15302
5090	1.6639
5091	0.754563
5092	0.754563
5093	0.754563
5094	-0.0665514
5095	-0.0665514
5096	-0.0665514
5097	0.8107
5098	0.8107
5099	0.8107
5100	0.8107
5101	0.8107
5102	0.8107
5103	0.8107
5104	-1.14946
5105	-1.14946
5106	-1.14946
5107	0.358852
5108	1.0444
5109	-0.271266
5110	-0.902087
5111	-0.902087
5112	-0.902087
5113	-0.902087
5114	-0.902087
5115	-0.902087
5116	0.138419
5117	0.138419
5118	0.138419
5119	1.17816
5120	0.230732
5121	-0.128164
5122	-0.886654
5123	-0.443623
5124	-0.443623
5125	-0.443623
5126	0.112005
5127	0.112005
5128	1.6977
5129	1.6977
5130	-0.31666
5131	-0.31666
5132	0.769774
5133	0.769774
5134	1.29896
5135	-0.855995
5136	1.33172
5137	1.33172
5138	0.617023
5139	-0.919311
5140	-0.919311
5141	-0.959129
5142	-0.959129
5143	-0.959129
5144	1.48273
5145	1.48273
5146	-0.347025
5147	-1.28071
5148	0.773842
5149	0.773842
5150	0.773842
5151	0.773842
5152	-0.151747
5153	-0.151747
5154	-0.151747
5155	-0.108782
5156	0.635806
5157	0.635806
5158	0.635806
5159	-1.8111
5160	0.69428
5161	0.69428
5162	-1.18841
5163	-1.18841
5164	-1.18841
5165	-1.18841
5166	0.146852
5167	-0.127947
5168	0.198121
5169	0.198121
5170	-1.46483
5171	-1.46483
5172	-0.592662
5173	-0.592662
5174	-0.592662
5175	0.87725
5176	1.20177
5177	1.20177
5178	1.20177
5179	1.20177
5180	-1.47509
5181	-1.27259
5182	-1.27259
5183	-1.27259
5184	-1.27259
5185	-1.27259
5186	1.05602
5187	1.51243
5188	1.18925
5189	1.36353
5190	-0.0484715
5191	1.75832
5192	0.455743
5193	1.23218
5194	-0.659494
5195	0.510203
5196	0.510203
5197	-0.300357
5198	-0.300357
5199	-0.789396
5200	-0.789396
5201	1.0563
5202	1.0563
5203	1.15613
5204	1.15613
5205	1.15613
5206	1.15613
5207	1.15613
5208	1.15613
5209	1.15613
5210	-1.27065
5211	-1.27065
5212	-1.30136
5213	-1.30136
5214	-0.43735
5215	0.87679
5216	0.87679
5217	0.87679
5218	0.87679
5219	0.87679
5220	0.87679
5221	-1.45678
5222	-1.07294
5223	-1.07294
5224	-1.07294
5225	1.19352
5226	-0.297893
5227	-0.297893
5228	-0.297893
5229	-0.297893
5230	0.254257
5231	-0.435316
5232	-0.435316
5233	-0.550648
5234	-0.550648
5235	-0.550648
5236	0.0363394
5237	1.33121
5238	1.33121
5239	1.33121
5240	-0.250187
5241	-0.250187
5242	-0.46591
5243	-0.46591
5244	-0.46591
5245	-0.46591
5246	-0.46591
5247	0.723494
5248	0.820048
5249	0.820048
5250	0.820048
5251	0.820048
5252	1.24995
5253	1.24995
5254	0.492435
5255	1.06522
5256	-0.7452
5257	1.26947
5258	1.26947
5259	1.26947
5260	0.66875
5261	-1.15476
5262	1.28772
5263	1.28772
5264	0.285131
5265	0.285131
5266	0.285131
5267	0.285131
5268	0.186713
5269	0.186713
5270	0.626918
5271	0.626918
5272	0.626918
5273	0.626918
5274	0.626918
5275	0.626918
5276	0.626918
5277	-1.12357
5278	-1.12357
5279	1.36266
5280	2.07424
5281	2.07424
5282	-0.659919
5283	-0.659919
5284	-0.659919
5285	-0.493285
5286	-0.493285
5287	1.20333
5288	1.20333
5289	1.20333
5290	1.20333
5291	-1.04008
5292	-1.4242
5293	-1.4242
5294	-1.4242
5295	-1.63236
5296	0.198598
5297	0.198598
5298	0.198598
5299	0.0122164
5300	0.0122164
5301	1.172
5302	-0.367593
5303	-0.367593
5304	-0.367593
5305	-0.367593
5306	0.471439
5307	0.471439
5308	0.471439
5309	-0.838659
5310	-1.0694
5311	-1.0694
5312	-1.0694
5313	0.7908
5314	0.7908
5315	0.7908
5316	0.601025
5317	1.175
5318	1.26867
5319	1.18567
5320	-0.648276
5321	-0.648276
5322	-0.648276
5323	-0.648276
5324	-0.648276
5325	-0.648276
5326	-0.648276
5327	-0.648276
5328	-0.648276
5329	-0.648276
5330	1.73894
5331	0.414555
5332	0.414555
5333	0.414555
5334	0.414555
5335	0.414555
5336	0.414555
5337	0.589375
5338	0.589375
5339	1.27453
5340	0.507097
5341	0.507097
5342	-0.524329
5343	-0.524329
5344	0.22682
5345	0.429969
5346	0.429969
5347	0.429969
5348	0.931186
5349	0.931186
5350	1.07952
5351	-0.632721
5352	-0.632721
5353	-0.632721
5354	-0.632721
5355	0.608349
5356	0.608349
5357	0.627497
5358	0.627497
5359	-1.32556
5360	-1.07866
5361	1.0319
5362	0.283617
5363	0.283617
5364	0.283617
5365	0.283617
5366	1.71465
5367	1.71465
5368	0.618245
5369	-1.20077
5370	-1.20077
5371	-0.65263
5372	-0.65263
5373	-0.65263
5374	-0.989531
5375	-0.373293
5376	-0.373293
5377	-0.373293
5378	-0.646969
5379	-0.646969
5380	-0.646969
5381	0.692506
5382	0.692506
5383	0.692506
5384	0.336364
5385	0.336364
5386	-0.813963
5387	0.389256
5388	-0.163473
5389	-0.163473
5390	0.13477
5391	0.0377087
5392	0.0377087
5393	0.0377087
5394	0.0377087
5395	1.22393
5396	1.22393
5397	0.318279
5398	-0.693449
5399	-0.693449
5400	0.536241
5401	1.04939
5402	1.04939
5403	1.04939
5404	1.04939
5405	-0.531229
5406	-0.931411
5407	-1.318
5408	1.25685
5409	-1.21151
5410	-0.66087
5411	1.0971
5412	-0.601089
5413	-0.983716
5414	-0.983716
5415	1.24509
5416	1.84833
5417	1.6061
5418	-0.645271
5419	0.491892
5420	0.491892
5421	0.963855
5422	0.292469
5423	0.292469
5424	0.872663
5425	0.0159236
5426	0.0159236
5427	-0.0897358
5428	-0.0897358
5429	-0.0462633
5430	-0.0462633
5431	1.0453
5432	-0.249645
5433	-0.249645
5434	-0.249645
5435	-1.08608
5436	-1.08608
5437	-1.46999
5438	-0.611024
5439	-0.611024
5440	-0.611024
5441	-0.611024
5442	-0.611024
5443	-1.38097
5444	-0.232356
5445	-0.232356
5446	-0.232356
5447	0.118678
5448	0.140598
5449	1.90166
5450	1.90166
5451	1.90166
5452	-0.620736
5453	-0.620736
5454	-0.620736
5455	-0.620736
5456	-0.620736
5457	-0.511565
5458	-0.511565
5459	-0.511565
5460	-0.511565
5461	-0.511565
5462	-0.511565
5463	-0.511565
5464	-0.511565
5465	-0.511565
5466	-0.511565
5467	1.19781
5468	0.536433
5469	0.907532
5470	0.907532
5471	0.907532
5472	0.907532
5473	0.907532
5474	0.152615
5475	0.691991
5476	0.256407
5477	0.256407
5478	1.85723
5479	-0.557826
5480	0.923053
5481	0.923053
5482	0.923053
5483	1.00346
5484	1.53877
5485	-0.186355
5486	-0.186355
5487	-0.505271
5488	-0.505271
5489	1.47179
5490	1.47179
5491	1.47179
5492	1.47179
5493	1.47179
5494	0.552112
5495	0.784497
5496	0.784497
5497	0.0775027
5498	-0.967609
5499	-0.744869
5500	0.625156
5501	-0.614131
5502	-0.944471
5503	-0.944471
5504	0.560363
5505	0.560363
5506	0.560363
5507	0.486277
5508	0.486277
5509	0.486277
5510	0.486277
5511	0.486277
5512	0.486277
5513	0.486277
5514	-0.0413673
5515	-0.0413673
5516	-1.30048
5517	-1.30048
5518	-1.53031
5519	-1.53031
5520	-1.57018
5521	1.00745
5522	1.00745
5523	0.293662
5524	-0.775821
5525	-0.624516
5526	-0.624516
5527	-0.624516
5528	-0.624516
5529	1.0365
5530	1.0365
5531	-0.753349
5532	-0.753349
5533	-0.358001
5534	0.571794
5535	0.694401
5536	0.694401
5537	0.694401
5538	-0.352182
5539	-0.352182
5540	-1.31065
5541	-1.31065
5542	0.291405
5543	0.92522
5544	0.92522
5545	0.92522
5546	0.92522
5547	0.92522
5548	0.92522
5549	-1.10961
5550	0.228668
5551	-1.00715
5552	-0.908974
5553	1.24405
5554	-0.655586
5555	-0.00784074
5556	-1.581
5557	-0.800503
5558	0.785795
5559	0.785795
5560	0.785795
5561	0.841396
5562	0.841396
5563	0.841396
5564	0.841396
5565	0.841396
5566	1.05023
5567	1.05023
5568	1.05023
5569	1.05023
5570	1.05023
5571	-0.581978
5572	-0.581978
5573	-0.581978
5574	-0.581978
5575	1.20467
5576	1.20467
5577	-1.47393
5578	-0.421889
5579	-0.421889
5580	-0.421889
5581	-0.421889
5582	-0.421889
5583	-0.888329
5584	-0.888329
5585	-0.399739
5586	1.70143
5587	0.731401
5588	0.731401
5589	0.690838
5590	0.310354
5591	1.07575
5592	1.07575
5593	-0.476414
5594	0.385845
5595	0.385845
5596	0.975396
5597	1.59069
5598	1.5637
5599	0.920727
5600	-0.308859
5601	-0.308859
5602	0.91619
5603	0.91619
5604	0.91619
5605	0.91619
5606	0.91619
5607	0.91619
5608	0.91619
5609	0.86614
5610	0.86614
5611	-1.00896
5612	0.744673
5613	0.744673
5614	0.744673
5615	0.744673
5616	0.744673
5617	0.744673
5618	0.744673
5619	0.155987
5620	0.705799
5621	-0.861789
5622	-0.516258
5623	-0.516258
5624	-0.516258
5625	-0.516258
5626	-0.516258
5627	-1.09728
5628	-1.06772
5629	-1.06772
5630	1.29199
5631	1.29199
5632	0.893789
5633	0.893789
5634	0.523265
5635	0.523265
5636	-1.07271
5637	-1.55018
5638	-1.55018
5639	-0.272948
5640	-0.272948
5641	-0.054017
5642	0.0796891
5643	0.0796891
5644	0.0796891
5645	-0.657126
5646	0.0633022
5647	1.3602
5648	1.10861
5649	-1.05239
5650	-1.42665
5651	-1.42665
5652	-1.42665
5653	0.373666
5654	0.373666
5655	0.174502
5656	-0.805416
5657	-0.805416
5658	-0.795408
5659	0.158389
5660	0.158389
5661	-0.923292
5662	-0.923292
5663	-0.923292
5664	0.146696
5665	0.443205
5666	0.443205
5667	0.443205
5668	0.443205
5669	1.10876
5670	1.10876
5671	1.10876
5672	1.10876
5673	1.10876
5674	0.471154
5675	0.599052
5676	0.599052
5677	0.599052
5678	1.64688
5679	1.64688
5680	1.64688
5681	1.64688
5682	-0.241888
5683	-0.241888
5684	-0.701558
5685	-0.701558
5686	-0.85551
5687	-0.85551
5688	-1.32553
5689	-1.32553
5690	-0.153057
5691	-0.153057
5692	-0.458751
5693	0.459686
5694	0.459686
5695	-0.869347
5696	-0.869347
5697	-0.869347
5698	1.74646
5699	1.74646
5700	1.25085
5701	-0.191178
5702	1.2314
5703	-0.217592
5704	-0.217592
5705	-0.217592
5706	0.321715
5707	-1.24062
5708	-1.24062
5709	-1.24062
5710	0.466989
5711	-0.736587
5712	1.35614
5713	-0.107346
5714	1.46589
5715	1.13454
5716	1.13454
5717	1.13454
5718	1.1569
5719	1.1569
5720	1.1569
5721	1.1569
5722	0.267372
5723	-0.171964
5724	0.569574
5725	0.569574
5726	-0.176721
5727	-0.176721
5728	0.356926
5729	0.356926
5730	-0.945906
5731	-0.945906
5732	-0.945906
5733	-0.945906
5734	-0.35735
5735	0.636758
5736	0.636758
5737	-0.228557
5738	1.53859
5739	0.957632
5740	0.813544
5741	0.813544
5742	0.443202
5743	0.443202
5744	0.443202
5745	0.443202
5746	-0.402975
5747	-1.34425
5748	-0.259306
5749	-0.259306
5750	-0.259306
5751	-0.386108
5752	-1.73709
5753	-0.195476
5754	0.867525
5755	0.867525
5756	0.850492
5757	0.703294
5758	0.893327
5759	-0.226028
5760	-0.226028
5761	-0.226028
5762	0.714328
5763	0.714328
5764	0.714328
5765	0.714328
5766	-1.41632
5767	-0.00190797
5768	0.67154
5769	0.67154
5770	-0.411408
5771	-0.411408
5772	-0.411408
5773	-0.411408
5774	-0.411408
5775	0.717132
5776	0.717132
5777	0.717132
5778	-0.515712
5779	0.72311
5780	-0.362248
5781	0.990793
5782	-0.0297722
5783	0.0299781
5784	-0.831464
5785	-0.831464
5786	-1.27104
5787	-1.27104
5788	-0.501226
5789	-0.501226
5790	-1.2355
5791	1.25253
5792	0.806693
5793	0.806693
5794	1.25074
5795	0.534121
5796	0.534121
5797	0.534121
5798	1.12023
5799	1.11621
5800	1.11621
5801	-1.53864
5802	-0.301666
5803	0.775365
5804	0.775365
5805	0.775365
5806	0.775365
5807	0.775365
5808	-0.197327
5809	-0.113568
5810	0.656822
5811	0.656822
5812	0.656822
5813	0.656822
5814	0.656822
5815	0.96748
5816	-1.13214
5817	0.430688
5818	0.430688
5819	0.430688
5820	0.430688
5821	0.430688
5822	0.430688
5823	0.430688
5824	1.36771
5825	1.36771
5826	1.36771
5827	1.36771
5828	0.275534
5829	-0.501636
5830	-0.501636
5831	-0.501636
5832	-0.501636
5833	-0.501636
5834	-0.29151
5835	-0.29151
5836	-0.29151
5837	-0.29151
5838	-1.59823
5839	-0.421879
5840	-0.421879
5841	-0.421879
5842	1.4627
5843	1.4627
5844	1.4627
5845	0.443631
5846	0.625941
5847	0.625941
5848	-0.0122247
5849	0.845939
5850	-0.735298
5851	-0.810593
5852	-0.305708
5853	-0.548935
5854	0.197468
5855	0.197468
5856	0.15446
5857	0.15446
5858	-0.561039
5859	0.49996
5860	0.49996
5861	0.49996
5862	-0.114444
5863	-1.19238
5864	1.47722
5865	1.04371
5866	1.04371
5867	1.04371
5868	-0.542394
5869	-0.248217
5870	-0.0740122
5871	-0.0740122
5872	-0.0595774
5873	0.073413
5874	0.073413
5875	0.073413
5876	0.073413
5877	1.21442
5878	1.21442
5879	1.21442
5880	0.876571
5881	0.457437
5882	0.457437
5883	0.457437
5884	0.457437
5885	-0.107061
5886	0.323804
5887	-0.379576
5888	-0.379576
5889	-0.379576
5890	-0.379576
5891	-0.60013
5892	-0.52225
5893	0.896274
5894	-0.238188
5895	-0.238188
5896	1.90724
5897	1.90724
5898	2.03268
5899	-0.334051
5900	-0.334051
5901	1.03641
5902	0.483397
5903	0.483397
5904	0.483397
5905	1.52616
5906	1.52616
5907	-0.355308
5908	0.0209961
5909	1.93216
5910	1.93216
5911	1.93216
5912	0.927317
5913	-0.654504
5914	-0.654504
5915	0.826307
5916	0.549981
5917	0.256604
5918	0.256604
5919	0.256604
5920	0.256604
5921	0.256604
5922	-0.215381
5923	1.08101
5924	-1.47221
5925	-1.47221
5926	-1.47221
5927	-0.0536933
5928	-0.0536933
5929	0.856937
5930	0.792708
5931	0.792708
5932	0.999369
5933	1.0129
5934	1.0129
5935	-0.458685
5936	-0.482146
5937	-0.482146
5938	-0.0814088
5939	-0.0814088
5940	-0.141235
5941	0.79932
5942	0.737046
5943	1.05646
5944	1.25859
5945	-0.493604
5946	-0.493604
5947	1.01503
5948	0.585095
5949	0.585095
5950	0.585095
5951	0.585095
5952	-1.5697
5953	-1.5697
5954	-1.12208
5955	-1.12208
5956	-1.12208
5957	-1.12208
5958	0.896341
5959	0.518088
5960	0.619787
5961	0.619787
5962	0.619787
5963	0.619787
5964	0.619787
5965	0.619787
5966	0.619787
5967	0.31713
5968	0.31713
5969	0.31713
5970	0.31713
5971	-0.121173
5972	0.414876
5973	0.414876
5974	0.414876
5975	-0.10143
5976	-0.986962
5977	-0.986962
5978	-0.986962
5979	-1.30937
5980	-1.30937
5981	-1.01333
5982	-1.01333
5983	-1.47542
5984	-1.47542
5985	-1.47542
5986	-1.47542
5987	-1.47542
5988	-1.86086
5989	-1.86086
5990	0.533398
5991	0.908652
5992	0.908652
5993	1.39087
5994	1.39087
5995	1.39087
5996	1.21931
5997	1.21931
5998	1.21931
5999	1.21931
6000	1.21931
6001	0.100506
6002	0.100506
6003	0.100506
6004	-0.343219
6005	-0.343219
6006	-0.899436
6007	-1.49336
6008	-1.49336
6009	-1.49336
6010	0.378552
6011	0.378552
6012	0.524356
6013	0.524356
6014	0.524356
6015	1.01392
6016	1.01392
6017	1.01392
6018	1.01392
6019	1.52257
6020	1.52257
6021	1.52257
6022	0.496342
6023	0.496342
6024	0.496342
6025	0.496342
6026	0.496342
6027	0.989157
6028	0.33858
6029	0.33858
6030	1.22857
6031	1.22857
6032	-0.614109
6033	-0.614109
6034	0.0819815
6035	0.0819815
6036	0.0819815
6037	1.44839
6038	1.44839
6039	1.24645
6040	-0.115021
6041	1.04064
6042	1.04064
6043	1.04064
6044	0.433911
6045	-0.474611
6046	-0.474611
6047	-0.474611
6048	-0.474611
6049	-0.474611
6050	-0.474611
6051	-0.474611
6052	0.79853
6053	-0.182946
6054	0.969441
6055	0.969441
6056	0.969441
6057	0.969441
6058	0.969441
6059	-0.91407
6060	-0.509866
6061	-0.985227
6062	-1.50194
6063	-1.50194
6064	-1.50194
6065	-1.38219
6066	-1.38219
6067	1.34518
6068	-0.401864
6069	-0.281794
6070	-1.01278
6071	-1.01278
6072	-0.0638329
6073	-0.0638329
6074	-0.374947
6075	-0.374947
6076	-0.92937
6077	0.853762
6078	0.853762
6079	-0.676108
6080	-0.676108
6081	-0.676108
6082	-0.676108
6083	-0.658544
6084	0.534371
6085	0.534371
6086	0.534371
6087	-1.1361
6088	-1.1361
6089	1.08942
6090	-1.43675
6091	-1.43675
6092	1.03556
6093	-0.744809
6094	-0.744809
6095	-0.744809
6096	-0.035103
6097	-0.035103
6098	0.221019
6099	0.221019
6100	-1.31651
6101	-1.31651
6102	-1.31651
6103	-1.31651
6104	-1.31651
6105	-1.31651
6106	-0.275963
6107	-0.0802319
6108	-0.102885
6109	1.35199
6110	-0.320319
6111	-0.934638
6112	0.85964
6113	0.85964
6114	0.85964
6115	0.85964
6116	0.254953
6117	0.254953
6118	0.254953
6119	-1.48484
6120	0.235635
6121	-0.761853
6122	-0.721176
6123	-0.721176
6124	-0.89169
6125	-0.89169
6126	0.0367357
6127	0.0367357
6128	0.0335135
6129	0.569626
6130	0.569626
6131	0.569626
6132	0.569626
6133	0.569626
6134	0.569626
6135	0.569626
6136	0.569626
6137	-1.24354
6138	-1.23891
6139	0.607782
6140	0.607782
6141	0.607782
6142	0.607782
6143	-1.29703
6144	-0.0744085
6145	1.03295
6146	-0.111738
6147	-0.832644
6148	0.492205
6149	0.492205
6150	0.492205
6151	-1.00664
6152	-1.00664
6153	-1.55374
6154	-1.55374
6155	-1.55374
6156	0.242945
6157	0.242945
6158	0.387711
6159	-0.922852
6160	-0.830852
6161	0.862174
6162	0.862174
6163	0.862174
6164	-0.405933
6165	-0.405933
6166	-0.405933
6167	-0.405933
6168	-0.405933
6169	-0.405933
6170	-0.405933
6171	1.28167
6172	-0.46917
6173	-0.46917
6174	-0.46917
6175	-0.46917
6176	-0.46917
6177	0.957282
6178	0.957282
6179	0.957282
6180	0.957282
6181	0.233963
6182	0.233963
6183	-0.110506
6184	-0.110506
6185	-1.51755
6186	0.944001
6187	1.19877
6188	1.19877
6189	1.19877
6190	-0.00896766
6191	-0.00896766
6192	0.414462
6193	0.414462
6194	0.414462
6195	1.0001
6196	1.2697
6197	-0.612623
6198	-1.69583
6199	0.126616
6200	1.51656
6201	1.51656
6202	1.04047
6203	-1.28398
6204	0.997932
6205	0.997932
6206	-1.29365
6207	0.519613
6208	0.519613
6209	-0.725822
6210	-0.725822
6211	-0.725822
6212	0.084407
6213	0.084407
6214	-0.772961
6215	-0.772961
6216	0.000992883
6217	0.000992883
6218	0.000992883
6219	0.000992883
6220	0.000992883
6221	0.000992883
6222	-0.447916
6223	-0.447916
6224	1.21944
6225	1.21944
6226	-0.705667
6227	-0.705667
6228	-0.705667
6229	-0.705667
6230	-0.705667
6231	-0.705667
6232	-0.392463
6233	-0.392463
6234	-1.38909
6235	0.209583
6236	-0.412857
6237	-0.789739
6238	-0.789739
6239	-1.06683
6240	-0.796356
6241	-0.796356
6242	-0.796356
6243	-0.796356
6244	0.935147
6245	-0.389848
6246	1.19094
6247	1.19094
6248	-0.453102
6249	0.678701
6250	0.732927
6251	0.732927
6252	-0.790988
6253	-1.05026
6254	-1.05026
6255	0.0795092
6256	0.0795092
6257	0.0795092
6258	0.934544
6259	0.934544
6260	0.934544
6261	0.922837
6262	0.78771
6263	0.610107
6264	0.900391
6265	0.900391
6266	-1.43906
6267	-1.43906
6268	0.709266
6269	1.49685
6270	1.49685
6271	1.49685
6272	-0.27839
6273	-0.27839
6274	-0.242924
6275	-0.242924
6276	-0.242924
6277	-0.242924
6278	-0.242924
6279	-0.242924
6280	-0.19795
6281	-0.19795
6282	0.429414
6283	-0.688913
6284	-0.975409
6285	0.850315
6286	0.850315
6287	0.850315
6288	-1.37901
6289	-1.37901
6290	-1.62597
6291	0.826733
6292	-1.40041
6293	-0.414999
6294	-0.414999
6295	-0.4688
6296	0.438117
6297	1.3237
6298	1.25388
6299	1.25388
6300	-1.03013
6301	-0.93219
6302	-0.460122
6303	-0.460122
6304	-0.460122
6305	0.481185
6306	0.269224
6307	-0.0977154
6308	-0.0977154
6309	0.349426
6310	-0.282921
6311	-0.282921
6312	-0.282921
6313	-0.282921
6314	-0.282921
6315	-0.415255
6316	1.64481
6317	-0.939476
6318	0.453965
6319	0.453965
6320	-0.299752
6321	0.727646
6322	0.727646
6323	0.727646
6324	0.897453
6325	0.897453
6326	0.897453
6327	1.03526
6328	-0.455208
6329	-1.02374
6330	-0.0175951
6331	0.717307
6332	0.717307
6333	0.717307
6334	0.733926
6335	-0.283602
6336	-0.466682
6337	-0.466682
6338	-0.466682
6339	0.00661792
6340	0.00661792
6341	1.2439
6342	-0.751794
6343	-0.751794
6344	-0.851514
6345	-0.851514
6346	-0.568309
6347	0.404221
6348	0.404221
6349	0.404221
6350	1.15922
6351	-0.190238
6352	-0.512885
6353	-0.512885
6354	1.2372
6355	1.2372
6356	-0.240683
6357	-1.41239
6358	-1.41239
6359	0.932647
6360	-0.519352
6361	-0.519352
6362	-0.519352
6363	-0.519352
6364	-0.519352
6365	-0.519352
6366	0.752081
6367	0.151988
6368	-0.316727
6369	0.54052
6370	-0.0843679
6371	-0.0843679
6372	0.623145
6373	-1.44545
6374	0.582835
6375	0.582835
6376	0.947365
6377	0.705677
6378	0.705677
6379	0.705677
6380	0.862069
6381	0.862069
6382	0.541956
6383	0.0612951
6384	0.0612951
6385	0.0612951
6386	0.0612951
6387	0.268149
6388	-0.143723
6389	-1.19835
6390	-1.19835
6391	0.548877
6392	0.548877
6393	-0.00572874
6394	0.293128
6395	-0.253642
6396	-0.253642
6397	1.40421
6398	1.40421
6399	-0.948938
6400	-0.712811
6401	-0.712811
6402	-0.663499
6403	-0.639685
6404	-0.639685
6405	-0.66513
6406	-0.66513
6407	-0.66513
6408	0.552117
6409	0.552117
6410	0.552117
6411	0.552117
6412	0.552117
6413	-1.07504
6414	0.421224
6415	0.883997
6416	-1.04399
6417	-1.04399
6418	-1.04399
6419	-1.04399
6420	-1.04399
6421	-1.04399
6422	-1.04399
6423	-1.04399
6424	0.511989
6425	0.679881
6426	0.679881
6427	0.679881
6428	0.679881
6429	-0.115827
6430	-1.60889
6431	-1.00339
6432	0.94016
6433	0.94016
6434	0.94016
6435	-0.252799
6436	-0.252799
6437	0.129895
6438	1.06119
6439	0.0148837
6440	0.0148837
6441	0.0148837
6442	-0.536956
6443	-0.262395
6444	-0.262395
6445	-1.0657
6446	0.355027
6447	0.355027
6448	0.703649
6449	0.703649
6450	-1.45162
6451	-1.45162
6452	-1.55171
6453	-1.3922
6454	-1.3922
6455	-1.55838
6456	-0.0308817
6457	0.376337
6458	0.376337
6459	0.376337
6460	-0.0548209
6461	-0.0548209
6462	-0.0548209
6463	-0.0548209
6464	-0.570136
6465	0.524407
6466	0.524407
6467	0.524407
6468	0.169945
6469	0.200801
6470	0.200801
6471	-0.110505
6472	1.14464
6473	-1.13934
6474	0.195758
6475	0.195758
6476	-0.536366
6477	0.504869
6478	0.952799
6479	-0.833015
6480	-0.315733
6481	0.669632
6482	0.223695
6483	0.223695
6484	-1.17412
6485	-1.033
6486	0.570065
6487	0.570065
6488	0.570065
6489	0.570065
6490	-0.613311
6491	0.639717
6492	0.279177
6493	0.279177
6494	1.35941
6495	-0.911709
6496	1.50327
6497	0.234901
6498	-0.752742
6499	0.102684
6500	0.102684
6501	0.102684
6502	-1.17068
6503	0.891306
6504	1.56272
6505	1.56272
6506	0.147687
6507	0.147687
6508	0.147687
6509	0.147687
6510	0.137959
6511	0.137959
6512	0.137959
6513	0.137959
6514	0.137959
6515	0.137959
6516	0.137959
6517	0.137959
6518	0.767567
6519	-0.728253
6520	-0.728253
6521	0.0425925
6522	0.0425925
6523	-1.59883
6524	-1.59883
6525	-1.59883
6526	-1.59883
6527	-0.17497
6528	-0.17497
6529	-1.22669
6530	-1.22669
6531	1.13807
6532	1.13807
6533	1.13807
6534	-1.02324
6535	-1.02324
6536	-1.02324
6537	-1.02806
6538	0.502845
6539	0.110094
6540	1.4017
6541	1.4017
6542	0.669225
6543	0.669225
6544	0.669225
6545	0.669225
6546	1.52823
6547	1.52823
6548	-1.14858
6549	-1.0039
6550	-1.0039
6551	-0.818882
6552	-0.818882
6553	1.28412
6554	0.439907
6555	0.439907
6556	0.439907
6557	0.439907
6558	0.439907
6559	0.563356
6560	0.531336
6561	-1.08596
6562	-0.928705
6563	0.766122
6564	0.766122
6565	-0.632709
6566	-0.632709
6567	0.567762
6568	1.29841
6569	-1.13689
6570	0.347566
6571	-0.239424
6572	-0.53961
6573	-0.53961
6574	0.406879
6575	0.406879
6576	1.04455
6577	1.04455
6578	1.04455
6579	0.150903
6580	0.150903
6581	0.150903
6582	-1.31391
6583	0.19314
6584	-0.907861
6585	0.0984956
6586	1.38163
6587	1.38163
6588	1.02723
6589	0.874051
6590	0.874051
6591	-0.95299
6592	-0.95299
6593	-0.115037
6594	-0.431336
6595	0.946824
6596	0.946824
6597	0.170359
6598	1.27106
6599	1.27106
6600	1.27106
6601	-1.14796
6602	-1.05402
6603	-1.05402
6604	-0.140079
6605	0.855338
6606	0.855338
6607	1.19799
6608	0.710572
6609	0.710572
6610	1.12697
6611	1.12697
6612	-0.498396
6613	-0.498396
6614	-1.17043
6615	0.103878
6616	1.2542
6617	-0.995824
6618	-0.995824
6619	-0.995824
6620	0.421032
6621	1.9168
6622	1.9168
6623	1.90076
6624	1.90076
6625	1.90076
6626	0.580702
6627	0.580702
6628	0.580702
6629	-1.4896
6630	0.823501
6631	-0.94908
6632	-0.94908
6633	-0.94908
6634	-0.94908
6635	1.07028
6636	1.07028
6637	0.704939
6638	0.704939
6639	1.53601
6640	-0.758542
6641	-0.758542
6642	-0.758542
6643	-0.758542
6644	0.26094
6645	0.26094
6646	0.26094
6647	0.26094
6648	0.26094
6649	0.0796989
6650	0.662687
6651	0.662687
6652	0.662687
6653	0.947425
6654	0.575946
6655	0.351448
6656	0.461736
6657	-0.399945
6658	-0.399945
6659	-0.399945
6660	0.439917
6661	0.439917
6662	1.00172
6663	0.615351
6664	0.97467
6665	-0.566519
6666	-0.566519
6667	0.451794
6668	-0.229658
6669	-0.163771
6670	-0.163771
6671	-0.163771
6672	-0.163771
6673	-0.91355
6674	-0.91355
6675	-0.91355
6676	-0.91355
6677	-0.800655
6678	0.526193
6679	0.121699
6680	-0.544212
6681	-1.43641
6682	-1.43641
6683	-0.0793881
6684	-0.0793881
6685	-0.287696
6686	-0.287696
6687	1.2776
6688	0.443119
6689	0.443119
6690	0.443119
6691	0.443119
6692	-1.16732
6693	0.61811
6694	0.647515
6695	0.647515
6696	0.647515
6697	0.647515
6698	1.06714
6699	1.06714
6700	-1.57152
6701	-1.37039
6702	-1.37039
6703	0.523561
6704	0.842075
6705	0.567599
6706	0.567599
6707	0.567599
6708	0.567599
6709	0.567599
6710	0.672517
6711	0.701017
6712	0.701017
6713	0.701017
6714	0.826172
6715	0.826172
6716	-1.73833
6717	-1.73833
6718	-0.0957586
6719	-0.0957586
6720	-1.27416
6721	-1.27416
6722	0.149666
6723	0.827854
6724	-1.03684
6725	-1.03684
6726	-1.03684
6727	-1.03684
6728	-1.03684
6729	-1.03684
6730	0.37918
6731	-0.70052
6732	-0.70052
6733	-0.160814
6734	1.43151
6735	-0.487055
6736	-0.487055
6737	-0.487055
6738	0.436842
6739	0.436842
6740	0.436842
6741	0.436842
6742	0.436842
6743	0.436842
6744	-0.844506
6745	-0.844506
6746	-0.844506
6747	1.11591
6748	1.11591
6749	-0.233284
6750	-0.233284
6751	0.667916
6752	0.667916
6753	0.667916
6754	0.667916
6755	0.981513
6756	-1.3262
6757	-1.3262
6758	-0.900296
6759	-0.900296
6760	-0.717469
6761	-0.717469
6762	-0.717469
6763	-0.717469
6764	-0.499873
6765	-0.231016
6766	-0.231016
6767	-0.231016
6768	-0.752286
6769	-0.752286
6770	0.379881
6771	-0.768375
6772	-0.768375
6773	-0.768375
6774	-0.997801
6775	-0.773742
6776	0.0100021
6777	0.491388
6778	0.862197
6779	0.862197
6780	0.862197
6781	1.07728
6782	1.07728
6783	-0.0256806
6784	-0.0256806
6785	-1.0567
6786	-1.0567
6787	1.07383
6788	1.07383
6789	0.0068279
6790	-1.21751
6791	0.817513
6792	-1.05418
6793	-0.761324
6794	-0.176632
6795	-0.0203407
6796	-0.0203407
6797	-0.0203407
6798	-0.0203407
6799	-0.865158
6800	-0.865158
6801	-1.62138
6802	-1.62138
6803	-1.62138
6804	-1.62138
6805	-1.62138
6806	-1.62138
6807	0.464599
6808	0.464599
6809	0.464599
6810	0.464599
6811	-1.38037
6812	0.198977
6813	-0.678299
6814	-0.204761
6815	-0.204761
6816	0.101788
6817	-0.561496
6818	-0.700259
6819	-0.700259
6820	-1.11302
6821	0.670378
6822	0.670378
6823	0.670378
6824	0.670378
6825	-1.19769
6826	0.795805
6827	0.795805
6828	-0.509907
6829	-0.0690824
6830	-0.0690824
6831	0.906753
6832	-1.69917
6833	0.0272853
6834	1.17404
6835	1.17404
6836	1.17404
6837	1.17404
6838	1.17404
6839	1.17404
6840	1.17404
6841	1.17404
6842	1.17404
6843	1.17404
6844	0.185901
6845	0.185901
6846	0.185901
6847	0.185901
6848	-0.0565127
6849	-0.0565127
6850	-0.723126
6851	-0.723126
6852	-0.723126
6853	-0.73037
6854	-0.73037
6855	-0.73037
6856	1.15481
6857	1.15481
6858	1.03215
6859	1.03215
6860	-0.487505
6861	1.11538
6862	1.02606
6863	1.08901
6864	-0.900689
6865	0.422695
6866	0.422695
6867	0.422695
6868	-1.0043
6869	-1.0043
6870	0.100702
6871	0.100702
6872	0.100702
6873	-0.649663
6874	-0.649663
6875	-0.649663
6876	-0.940089
6877	-0.940089
6878	-0.940089
6879	-0.940089
6880	1.08856
6881	0.60313
6882	0.60313
6883	0.60313
6884	0.60313
6885	0.60313
6886	0.60313
6887	-0.168942
6888	0.870627
6889	0.870627
6890	0.164269
6891	0.164269
6892	0.164269
6893	-1.29057
6894	0.684223
6895	0.548775
6896	0.548775
6897	-1.09742
6898	-0.521637
6899	0.643889
6900	0.643889
6901	0.643889
6902	0.643889
6903	0.643889
6904	-1.42978
6905	-1.02001
6906	-1.02001
6907	-0.514486
6908	1.0264
6909	1.0264
6910	-0.960679
6911	-0.960679
6912	-0.960679
6913	1.03546
6914	1.03546
6915	1.03546
6916	1.03546
6917	0.699703
6918	0.699703
6919	0.48252
6920	0.48252
6921	-1.53209
6922	-1.53209
6923	-1.53209
6924	-0.17646
6925	-0.523269
6926	-0.523269
6927	-0.523269
6928	0.228684
6929	1.696
6930	-0.363601
6931	-0.363601
6932	-0.363601
6933	-0.363601
6934	-1.1811
6935	-1.1811
6936	-0.499478
6937	1.53862
6938	1.53862
6939	-1.0569
6940	1.30732
6941	0.231857
6942	-0.396074
6943	1.15452
6944	1.15452
6945	0.0704473
6946	0.0704473
6947	0.422322
6948	0.422322
6949	0.422322
6950	0.422322
6951	0.422322
6952	-1.36601
6953	-1.36601
6954	-1.36601
6955	-1.36601
6956	-1.36601
6957	0.987901
6958	0.987901
6959	0.987901
6960	-0.346968
6961	-0.321236
6962	1.2166
6963	-0.740955
6964	-0.86423
6965	0.953711
6966	0.953711
6967	-0.0741849
6968	-0.0741849
6969	-0.0741849
6970	-0.0741849
6971	-0.0741849
6972	-0.422058
6973	0.249894
6974	-1.32697
6975	0.976654
6976	0.147903
6977	0.147903
6978	0.147903
6979	-0.876988
6980	-0.876988
6981	1.32318
6982	-0.647899
6983	-0.647899
6984	-0.647899
6985	0.405732
6986	0.405732
6987	0.405732
6988	0.405732
6989	0.405732
6990	0.405732
6991	0.405732
6992	0.405732
6993	0.140596
6994	0.140596
6995	0.140596
6996	-1.28084
6997	-0.827262
6998	-0.827262
6999	-1.20368
7000	0.828115
7001	0.828115
7002	0.358445
7003	0.358445
7004	-1.27634
7005	-0.445328
7006	-0.445328
7007	-0.445328
7008	-0.445328
7009	-0.445328
7010	-0.933008
7011	-0.933008
7012	-0.933008
7013	-0.686353
7014	-0.686353
7015	-0.686353
7016	-0.686353
7017	-0.884253
7018	0.551314
7019	-0.0835295
7020	-0.897572
7021	-0.897572
7022	-0.931607
7023	-0.0118736
7024	-0.0118736
7025	0.514531
7026	-0.808539
7027	0.481597
7028	0.481597
7029	1.08891
7030	1.08891
7031	1.08891
7032	1.77024
7033	1.77024
7034	1.77024
7035	1.77024
7036	1.34647
7037	-1.07814
7038	-1.07814
7039	0.712361
7040	1.13877
7041	-0.889251
7042	-0.502434
7043	0.225676
7044	-1.27902
7045	-1.27902
7046	0.580341
7047	0.580341
7048	-1.28184
7049	-0.123568
7050	-0.123568
7051	-0.217394
7052	-0.217394
7053	0.797752
7054	0.285422
7055	0.669901
7056	0.669901
7057	-0.140353
7058	-0.140353
7059	-1.25149
7060	-1.25149
7061	-1.25149
7062	-1.25149
7063	-1.25149
7064	-1.13896
7065	-1.13896
7066	-0.702346
7067	-0.702346
7068	-0.702346
7069	1.23862
7070	-0.899415
7071	-1.23563
7072	-1.23563
7073	0.872217
7074	0.872217
7075	0.872217
7076	0.872217
7077	0.872217
7078	-1.31838
7079	1.1875
7080	1.04295
7081	1.10031
7082	-0.534434
7083	0.634699
7084	0.634699
7085	0.634699
7086	0.463107
7087	-0.73589
7088	-0.73589
7089	-0.73589
7090	-0.604583
7091	-0.604583
7092	-0.604583
7093	-0.604583
7094	-0.604583
7095	-0.604583
7096	-0.604583
7097	-0.604583
7098	-0.616365
7099	-0.616365
7100	-0.616365
7101	-1.06493
7102	-1.06493
7103	0.88156
7104	0.88156
7105	0.88156
7106	0.88156
7107	0.88156
7108	0.88156
7109	0.88156
7110	-1.58738
7111	0.703452
7112	0.703452
7113	0.703452
7114	0.703452
7115	0.703452
7116	-0.71506
7117	-0.451362
7118	-0.451362
7119	-0.451362
7120	1.27969
7121	1.27969
7122	1.27969
7123	1.27969
7124	-1.2845
7125	-1.2845
7126	-0.127783
7127	0.537942
7128	0.537942
7129	0.537942
7130	-0.101495
7131	-0.101495
7132	1.10926
7133	-1.29687
7134	-1.29687
7135	-1.29687
7136	1.31829
7137	1.31829
7138	1.31829
7139	1.31829
7140	1.31829
7141	1.31829
7142	0.637581
7143	0.637581
7144	0.425893
7145	1.48264
7146	0.103436
7147	0.103436
7148	0.103436
7149	0.103436
7150	1.31087
7151	1.31087
7152	1.31087
7153	1.31087
7154	0.313012
7155	0.313012
7156	-0.558322
7157	-0.558322
7158	-0.464261
7159	-0.0312567
7160	1.65668
7161	1.65668
7162	-0.934787
7163	-0.934787
7164	-0.934787
7165	-0.934787
7166	-0.934787
7167	0.0777427
7168	0.787805
7169	0.787805
7170	-0.200459
7171	0.64836
7172	-0.642872
7173	-0.888221
7174	-0.888221
7175	-0.888221
7176	-0.888221
7177	-0.888221
7178	-0.888221
7179	-0.888221
7180	-0.888221
7181	-0.888221
7182	-0.888221
7183	-0.888221
7184	-0.888221
7185	-0.136981
7186	1.44516
7187	-0.645717
7188	0.648801
7189	0.648801
7190	0.648801
7191	0.648801
7192	0.648801
7193	0.648801
7194	0.196717
7195	0.196717
7196	0.196717
7197	0.196717
7198	0.217069
7199	-0.942568
7200	-0.942568
7201	-0.942568
7202	-0.942568
7203	-0.942568
7204	-0.942568
7205	-0.942568
7206	-0.94271
7207	0.606168
7208	0.933786
7209	-1.7368
7210	-1.74538
7211	-1.581
7212	0.2272
7213	0.2272
7214	0.2272
7215	0.614913
7216	0.614913
7217	-1.02262
7218	-1.20029
7219	1.15835
7220	-0.0476516
7221	-1.0212
7222	-1.0212
7223	-0.400338
7224	1.06344
7225	0.298788
7226	-0.712381
7227	-0.712381
7228	1.54224
7229	1.54224
7230	2.25944
7231	2.25944
7232	0.12608
7233	0.12608
7234	0.12608
7235	0.353897
7236	0.124463
7237	1.07504
7238	1.07504
7239	1.07504
7240	0.181012
7241	-0.334581
7242	0.318065
7243	0.0535068
7244	-0.253878
7245	-0.253878
7246	-0.253878
7247	-0.662267
7248	0.397318
7249	0.397318
7250	0.0419212
7251	-1.07397
7252	-1.07397
7253	-1.07397
7254	0.498399
7255	0.950454
7256	0.215997
7257	0.215997
7258	-0.564902
7259	-0.564902
7260	-0.564902
7261	-0.564902
7262	-0.177116
7263	0.902468
7264	0.902468
7265	0.902468
7266	-0.79403
7267	-0.79403
7268	1.48478
7269	1.48478
7270	1.48478
7271	1.48478
7272	-0.020581
7273	-0.248335
7274	-1.14013
7275	-1.14013
7276	-1.5617
7277	-1.5617
7278	-1.00352
7279	-1.00352
7280	-1.00352
7281	1.07407
7282	1.07407
7283	1.07407
7284	-0.436339
7285	-0.436339
7286	-0.436339
7287	-0.436339
7288	-0.115596
7289	-0.433973
7290	0.303688
7291	1.06909
7292	1.06909
7293	1.06909
7294	1.06909
7295	1.06909
7296	1.59095
7297	1.59095
7298	1.59095
7299	0.441746
7300	-1.2278
7301	-1.2278
7302	-2.26072
7303	-2.26072
7304	-2.26072
7305	-2.26072
7306	-0.669984
7307	-0.545092
7308	-0.545092
7309	-0.545092
7310	1.36977
7311	1.38643
7312	1.38643
7313	1.38643
7314	1.38643
7315	-0.855872
7316	-0.855872
7317	-0.855872
7318	1.10712
7319	0.220431
7320	0.293088
7321	0.177453
7322	1.71541
7323	-0.956064
7324	-0.199769
7325	-0.199769
7326	-0.211926
7327	-0.191941
7328	-0.191941
7329	-1.55072
7330	0.926334
7331	-1.19353
7332	0.555343
7333	0.555343
7334	0.555343
7335	0.23666
7336	1.50733
7337	0.375945
7338	0.375945
7339	-0.626116
7340	-0.567207
7341	-0.276311
7342	-0.276311
7343	-0.276311
7344	-0.276311
7345	-0.276311
7346	-0.863025
7347	-0.863025
7348	-0.638207
7349	-0.638207
7350	-0.638207
7351	-0.638207
7352	0.0557936
7353	0.0557936
7354	0.397146
7355	0.397146
7356	0.397146
7357	0.397146
7358	-0.133251
7359	-0.69809
7360	-0.69809
7361	0.840821
7362	0.716031
7363	0.716031
7364	0.716031
7365	0.716031
7366	-0.172128
7367	-0.97187
7368	-0.97187
7369	1.05527
7370	-1.61926
7371	0.272724
7372	0.272724
7373	-0.768396
7374	-0.366893
7375	-0.366893
7376	-0.366893
7377	-0.366893
7378	-1.18394
7379	0.983248
7380	0.983248
7381	0.983248
7382	-0.963952
7383	-0.963952
7384	0.465748
7385	0.465748
7386	0.465748
7387	0.465748
7388	0.465748
7389	0.465748
7390	0.465748
7391	-1.01899
7392	0.734724
7393	0.734724
7394	-0.162644
7395	-0.803419
7396	-0.400168
7397	-0.400168
7398	-0.108785
7399	-0.108785
7400	-0.108785
7401	-0.701646
7402	-0.701646
7403	1.55867
7404	0.552722
7405	0.926257
7406	0.926257
7407	0.73661
7408	0.73661
7409	0.73661
7410	0.863695
7411	0.574431
7412	-0.149849
7413	-0.666672
7414	-0.666672
7415	-0.666672
7416	-0.666672
7417	-0.666672
7418	0.966115
7419	0.271998
7420	0.271998
7421	0.26064
7422	0.26064
7423	0.26064
7424	0.745129
7425	0.745129
7426	0.745129
7427	0.745129
7428	0.745129
7429	0.745129
7430	0.745129
7431	0.745129
7432	0.745129
7433	0.745129
7434	0.745129
7435	-1.02534
7436	-0.237847
7437	-0.237847
7438	-0.601761
7439	-0.601761
7440	0.526942
7441	0.526942
7442	-1.16605
7443	1.10291
7444	1.0841
7445	1.0841
7446	1.0841
7447	0.500614
7448	0.500614
7449	0.500614
7450	0.500614
7451	-0.932764
7452	0.824916
7453	-1.04559
7454	-1.04559
7455	-1.04559
7456	-1.04559
7457	-1.04559
7458	1.11746
7459	-0.639698
7460	1.24526
7461	0.953404
7462	0.953404
7463	0.953404
7464	-0.359125
7465	-0.359125
7466	-0.359125
7467	-0.359125
7468	-0.359125
7469	-0.291489
7470	-0.291489
7471	-0.746679
7472	-0.601923
7473	0.0330164
7474	-0.8532
7475	-0.8532
7476	-1.19946
7477	0.584014
7478	-0.789317
7479	-0.789317
7480	-0.789317
7481	-0.789317
7482	-0.789317
7483	-0.904492
7484	-0.904492
7485	-0.904492
7486	-0.1318
7487	0.40885
7488	0.40885
7489	-0.20968
7490	-0.20968
7491	-0.20968
7492	-0.20968
7493	-0.20968
7494	-0.544996
7495	0.0469128
7496	0.0469128
7497	0.0469128
7498	0.0469128
7499	0.0469128
7500	0.0469128
7501	0.0469128
7502	-0.687734
7503	-0.687734
7504	-0.687734
7505	-0.216557
7506	-1.02749
7507	-1.07026
7508	-1.07026
7509	-1.07026
7510	-1.07026
7511	1.3331
7512	1.3331
7513	-0.672712
7514	-0.672712
7515	-0.21501
7516	-0.21501
7517	-0.937168
7518	-1.25551
7519	-1.02595
7520	-1.02595
7521	-0.529502
7522	0.0198857
7523	-1.38313
7524	-1.38313
7525	1.20794
7526	1.20794
7527	1.20794
7528	-0.482379
7529	0.821366
7530	0.694979
7531	1.58738
7532	0.8337
7533	-1.18213
7534	0.533781
7535	-0.0488275
7536	-0.0488275
7537	-0.0488275
7538	-1.4528
7539	-1.4528
7540	0.621692
7541	-0.293227
7542	-0.293227
7543	0.404786
7544	0.404786
7545	0.404786
7546	0.060418
7547	0.060418
7548	0.060418
7549	-0.0713549
7550	-0.66311
7551	-0.66311
7552	-0.269641
7553	-0.269641
7554	-0.269641
7555	-1.18714
7556	-0.111679
7557	-0.111679
7558	-1.11989
7559	1.26295
7560	1.26295
7561	1.26295
7562	1.26295
7563	-0.265976
7564	-0.265976
7565	-0.0817502
7566	-0.0817502
7567	-0.689527
7568	0.779685
7569	0.779685
7570	0.0199455
7571	-0.397177
7572	-1.44562
7573	-1.44562
7574	-0.0387548
7575	1.29698
7576	1.29698
7577	0.256012
7578	0.256012
7579	0.569441
7580	-0.838453
7581	-0.344835
7582	-0.344835
7583	-0.344835
7584	-2.4579
7585	-0.435327
7586	0.594424
7587	0.594424
7588	0.594424
7589	0.594424
7590	0.594424
7591	1.1098
7592	0.55105
7593	0.785034
7594	1.25
7595	1.25
7596	1.25
7597	-0.884491
7598	-0.884491
7599	-0.904382
7600	-0.904382
7601	-0.904382
7602	-0.363722
7603	-0.363722
7604	-0.363722
7605	1.58752
7606	-0.426807
7607	0.292402
7608	0.292402
7609	0.292402
7610	0.292402
7611	0.292402
7612	0.292402
7613	0.292402
7614	-0.953945
7615	-0.953945
7616	-0.953945
7617	-0.953945
7618	1.08316
7619	1.08316
7620	-1.5858
7621	-0.149548
7622	1.81072
7623	1.81072
7624	0.310295
7625	0.403199
7626	-1.58585
7627	-0.585107
7628	-0.585107
7629	-0.585107
7630	-0.585107
7631	1.3301
7632	1.3301
7633	1.3301
7634	-0.819573
7635	-0.819573
7636	-0.819573
7637	0.690349
7638	0.690349
7639	0.690349
7640	0.690349
7641	0.690349
7642	0.874151
7643	0.874151
7644	-0.714138
7645	-0.35907
7646	-0.35907
7647	-0.35907
7648	-0.337628
7649	0.969912
7650	0.687913
7651	0.687913
7652	0.404384
7653	0.404384
7654	-0.32629
7655	-1.59742
7656	-1.59742
7657	-1.59742
7658	-0.57944
7659	0.0416632
7660	-1.44393
7661	-1.44393
7662	-1.44393
7663	0.112103
7664	0.112103
7665	0.112103
7666	0.239579
7667	-0.824388
7668	-0.824388
7669	-1.00166
7670	0.484004
7671	0.484004
7672	0.236308
7673	0.236308
7674	-0.55105
7675	-0.55105
7676	-0.291598
7677	-0.291598
7678	0.52751
7679	-0.262465
7680	-1.04528
7681	-1.04528
7682	0.117636
7683	0.117636
7684	-0.441091
7685	-0.441091
7686	-0.216018
7687	-0.216018
7688	0.609579
7689	0.609579
7690	0.4421
7691	-0.768156
7692	-0.566862
7693	-1.07768
7694	-1.07768
7695	0.174002
7696	-0.975173
7697	-0.975173
7698	-0.118854
7699	0.526293
7700	0.526293
7701	0.526293
7702	0.526293
7703	0.238699
7704	1.31002
7705	1.31002
7706	1.31002
7707	1.91991
7708	-0.400747
7709	-0.400747
7710	-0.400747
7711	-1.49835
7712	-1.49835
7713	-1.67529
7714	-1.67529
7715	-0.675699
7716	-0.467185
7717	0.467853
7718	0.467853
7719	0.467853
7720	-0.276571
7721	0.985795
7722	0.667557
7723	-0.0661147
7724	-0.769664
7725	-1.30797
7726	-1.30797
7727	-0.849931
7728	-1.07999
7729	-0.196984
7730	1.02099
7731	1.02099
7732	1.02099
7733	1.02099
7734	1.02099
7735	-0.167138
7736	0.580699
7737	-0.821977
7738	-0.444399
7739	-0.590041
7740	-0.590041
7741	-0.590041
7742	-0.590041
7743	-0.590041
7744	0.864732
7745	0.864732
7746	0.864732
7747	0.800989
7748	1.05796
7749	1.05796
7750	1.05796
7751	1.05796
7752	1.05796
7753	1.05796
7754	1.05796
7755	1.05796
7756	-0.0547734
7757	-1.93025
7758	0.302377
7759	0.906349
7760	0.906349
7761	-1.44187
7762	-1.44187
7763	-1.40663
7764	0.0182557
7765	0.924718
7766	0.924718
7767	-0.0614877
7768	-0.0614877
7769	-0.0614877
7770	0.786963
7771	0.174238
7772	0.174238
7773	-1.45795
7774	-1.45795
7775	-1.45795
7776	0.807376
7777	-1.1864
7778	-1.1864
7779	-1.1864
7780	1.11124
7781	1.11124
7782	0.297503
7783	0.297503
7784	0.297503
7785	0.297503
7786	1.99475
7787	1.99475
7788	1.30132
7789	1.30132
7790	1.30132
7791	1.30132
7792	1.30132
7793	1.30132
7794	0.125428
7795	0.125428
7796	0.0181232
7797	0.0181232
7798	0.0181232
7799	1.12726
7800	1.12726
7801	1.50961
7802	0.064604
7803	0.733892
7804	0.733892
7805	1.26815
7806	0.579531
7807	0.579531
7808	0.579531
7809	-0.817108
7810	0.846105
7811	0.846105
7812	-0.453602
7813	-0.453602
7814	-0.453602
7815	-0.453602
7816	0.0234452
7817	0.488261
7818	0.488261
7819	0.482217
7820	0.482217
7821	-0.501741
7822	-0.501741
7823	1.24057
7824	1.24057
7825	0.782063
7826	-1.26452
7827	-0.557422
7828	0.661122
7829	-1.23845
7830	-1.19629
7831	-1.19629
7832	0.437682
7833	-0.134358
7834	0.510644
7835	0.510644
7836	0.510644
7837	0.510644
7838	0.510644
7839	-0.2603
7840	-0.2603
7841	-0.2603
7842	0.938613
7843	0.938613
7844	-1.13142
7845	-1.13142
7846	-1.13142
7847	-1.13142
7848	-1.13142
7849	-1.13142
7850	0.734574
7851	0.734574
7852	0.734574
7853	-0.0295421
7854	1.02322
7855	-0.223434
7856	-0.223434
7857	1.19255
7858	1.26957
7859	-1.05957
7860	-0.340126
7861	0.292687
7862	0.292687
7863	-1.76699
7864	0.197523
7865	0.197523
7866	0.926099
7867	0.604607
7868	0.604607
7869	0.391448
7870	0.391448
7871	0.391448
7872	0.391448
7873	0.024144
7874	-0.143648
7875	0.88192
7876	-0.38456
7877	-0.38456
7878	-0.38456
7879	-1.10113
7880	-1.10113
7881	-1.14034
7882	-1.14034
7883	-0.42141
7884	-0.896972
7885	-0.817473
7886	-0.817473
7887	0.406154
7888	-0.272572
7889	-0.272572
7890	-1.09855
7891	-0.022702
7892	-0.022702
7893	1.20066
7894	1.20066
7895	0.0412566
7896	0.392932
7897	0.392932
7898	0.392932
7899	0.392932
7900	0.455089
7901	0.455089
7902	-0.475539
7903	-0.475539
7904	0.78557
7905	1.04895
7906	1.04895
7907	-0.916266
7908	-0.840156
7909	-0.615842
7910	-0.615842
7911	1.12284
7912	1.18695
7913	1.18695
7914	1.20585
7915	0.932844
7916	0.932844
7917	0.932844
7918	-0.857778
7919	-0.857778
7920	-0.857778
7921	-0.857778
7922	0.33804
7923	-0.59346
7924	1.32654
7925	1.46588
7926	0.420233
7927	0.420233
7928	0.88251
7929	0.88251
7930	0.88251
7931	0.88251
7932	0.88251
7933	-0.0273676
7934	-0.0273676
7935	-0.0273676
7936	-0.0273676
7937	0.241707
7938	0.241707
7939	0.241707
7940	0.241707
7941	-0.437002
7942	1.02167
7943	1.02167
7944	-1.50751
7945	0.143131
7946	0.861691
7947	1.12196
7948	1.12196
7949	1.12196
7950	-0.856619
7951	-0.856619
7952	-0.856619
7953	-0.856619
7954	-0.369601
7955	0.956121
7956	0.54995
7957	0.54995
7958	-1.74949
7959	-1.74949
7960	0.705764
7961	0.199048
7962	-0.923761
7963	-0.923761
7964	-0.923761
7965	-0.923761
7966	-0.923761
7967	1.262
7968	1.22003
7969	0.22731
7970	-0.243948
7971	-0.243948
7972	-0.243948
7973	-0.243948
7974	-0.79668
7975	0.505618
7976	0.767523
7977	0.162025
7978	0.14703
7979	1.28774
7980	-1.17632
7981	0.99401
7982	0.99401
7983	0.971687
7984	0.971687
7985	-1.24116
7986	-1.24116
7987	-0.288779
7988	-0.288779
7989	-1.61506
7990	-1.61506
7991	0.104649
7992	0.104649
7993	0.104649
7994	0.555184
7995	0.862131
7996	0.582548
7997	0.582548
7998	-0.679727
7999	-0.679727
8000	0.161913
8001	0.161913
8002	-1.13354
8003	-1.13354
8004	-1.20178
8005	-1.10194
8006	-1.10194
8007	-1.10194
8008	1.48461
8009	1.48461
8010	1.48461
8011	1.48461
8012	1.48461
8013	1.48461
8014	-1.07346
8015	-1.07346
8016	1.11667
8017	1.11667
8018	1.11667
8019	0.745448
8020	0.745448
8021	0.745448
8022	0.745448
8023	0.745448
8024	0.745448
8025	0.405487
8026	-0.423418
8027	-0.0953846
8028	-0.177129
8029	-0.177129
8030	-1.05114
8031	-1.05114
8032	-0.129884
8033	1.06629
8034	1.06629
8035	1.06629
8036	-0.206626
8037	-0.206626
8038	-0.206626
8039	-0.206626
8040	-1.41984
8041	-0.633469
8042	-0.633469
8043	-0.633469
8044	-0.633469
8045	-1.06567
8046	-1.06567
8047	-1.06567
8048	0.00910999
8049	0.463542
8050	-0.876717
8051	1.63133
8052	-0.392989
8053	-0.857526
8054	-0.857526
8055	-0.857526
8056	1.54041
8057	0.286254
8058	0.286254
8059	0.286254
8060	0.286254
8061	0.556324
8062	1.05346
8063	1.05346
8064	0.506848
8065	-0.525894
8066	-0.186411
8067	-0.186411
8068	-0.186411
8069	-0.186411
8070	-0.186411
8071	-0.186411
8072	-0.186411
8073	-0.186411
8074	-0.186411
8075	0.447011
8076	0.447011
8077	1.23648
8078	0.281874
8079	0.281874
8080	0.813706
8081	0.813706
8082	0.813706
8083	0.813706
8084	0.813706
8085	0.817033
8086	0.817033
8087	-0.81505
8088	0.534359
8089	0.328727
8090	1.11931
8091	-0.526579
8092	0.940529
8093	0.940529
8094	0.940529
8095	1.42418
8096	1.42418
8097	1.42418
8098	1.42418
8099	1.42418
8100	1.42418
8101	0.483004
8102	0.483004
8103	-1.0835
8104	-1.0835
8105	0.419711
8106	0.419711
8107	-0.381673
8108	1.17911
8109	1.17911
8110	1.17911
8111	1.25871
8112	1.22606
8113	1.22606
8114	1.22606
8115	-0.78695
8116	-0.78695
8117	-0.78695
8118	-0.408118
8119	-0.408118
8120	-0.408118
8121	-0.408118
8122	-0.12667
8123	-0.12667
8124	-0.0295539
8125	-0.0295539
8126	0.941961
8127	-0.112383
8128	-1.36606
8129	-1.36606
8130	-0.681607
8131	-0.681607
8132	-0.681607
8133	-0.681607
8134	-0.0560602
8135	0.581143
8136	1.3578
8137	-0.0443061
8138	0.929433
8139	0.929433
8140	0.929433
8141	0.929433
8142	1.49452
8143	-0.504424
8144	0.347625
8145	0.347625
8146	0.645314
8147	0.479804
8148	0.180041
8149	0.180041
8150	1.9186
8151	2.34342
8152	0.0739421
8153	-1.0814
8154	-1.0814
8155	-1.37967
8156	-1.05727
8157	0.0779981
8158	0.0779981
8159	0.0779981
8160	1.65911
8161	1.02715
8162	-0.249211
8163	-0.249211
8164	-0.931841
8165	0.00575831
8166	-0.0781683
8167	-0.593509
8168	0.534275
8169	-0.906732
8170	-0.906732
8171	-0.906732
8172	0.940056
8173	-0.274739
8174	1.03425
8175	1.14028
8176	-1.10817
8177	-0.790611
8178	-0.25038
8179	0.175073
8180	0.155267
8181	-0.143103
8182	0.614687
8183	0.614687
8184	-0.213687
8185	-0.213687
8186	0.763019
8187	0.870312
8188	0.870312
8189	0.772971
8190	0.772971
8191	0.794704
8192	0.871627
8193	-1.41169
8194	-1.41169
8195	-1.38887
8196	-1.38887
8197	-1.38887
8198	0.521064
8199	0.521064
8200	0.521064
8201	0.184318
8202	0.184318
8203	-0.289381
8204	-0.289381
8205	1.405
8206	0.776098
8207	0.776098
8208	0.776098
8209	-0.426503
8210	-0.454819
8211	-0.454819
8212	-0.805643
8213	-1.11328
8214	-0.524145
8215	-0.524145
8216	-0.408069
8217	-0.054479
8218	-0.054479
8219	-0.054479
8220	0.790815
8221	0.790815
8222	0.347206
8223	-1.35701
8224	-1.35701
8225	-0.362917
8226	1.62611
8227	1.41765
8228	1.41765
8229	1.41765
8230	-0.0971316
8231	1.27224
8232	-1.02571
8233	-1.02571
8234	-0.280232
8235	-0.280232
8236	-0.487408
8237	-0.487408
8238	0.111683
8239	0.111683
8240	-1.12466
8241	-0.956211
8242	0.709596
8243	0.0727558
8244	0.283268
8245	0.307114
8246	-1.14995
8247	-1.14995
8248	-1.14995
8249	-1.14995
8250	-0.845925
8251	-0.845925
8252	1.19172
8253	-0.0183631
8254	0.202867
8255	0.202867
8256	-1.23464
8257	-1.24026
8258	-1.24026
8259	-0.359177
8260	-0.359177
8261	-0.359177
8262	-1.23663
8263	-1.23663
8264	-1.1999
8265	-1.1999
8266	-1.1999
8267	-0.560379
8268	-1.58129
8269	-1.01473
8270	1.42429
8271	-0.826879
8272	-0.826879
8273	-0.826879
8274	-0.278347
8275	0.860811
8276	-0.76456
8277	-0.76456
8278	1.27483
8279	-0.414729
8280	-0.414729
8281	-0.414729
8282	-0.414729
8283	1.02875
8284	-1.35842
8285	-1.35842
8286	0.245874
8287	0.245874
8288	0.244703
8289	-0.966544
8290	-0.966544
8291	-0.966544
8292	-0.966544
8293	-0.966544
8294	0.515702
8295	0.515702
8296	-1.42705
8297	-0.720219
8298	-0.720219
8299	-0.720219
8300	-0.720219
8301	-1.21563
8302	-1.64067
8303	-1.28043
8304	-0.953127
8305	0.920115
8306	0.920115
8307	0.920115
8308	1.04068
8309	1.04068
8310	-1.14859
8311	1.18115
8312	1.22189
8313	1.22189
8314	1.22189
8315	0.0861126
8316	0.0861126
8317	0.380098
8318	1.3943
8319	1.14445
8320	-0.305667
8321	-0.305667
8322	-0.305667
8323	0.324622
8324	0.324622
8325	0.353179
8326	0.353179
8327	-0.253927
8328	-0.113163
8329	0.162602
8330	-1.13167
8331	-1.13167
8332	-0.970417
8333	-0.832542
8334	-0.832542
8335	-0.832542
8336	-1.10629
8337	-1.10629
8338	-1.10629
8339	0.0703153
8340	-0.922165
8341	-0.922165
8342	-0.922165
8343	-0.304682
8344	-1.26446
8345	-1.26446
8346	-1.26446
8347	-1.47287
8348	0.413787
8349	0.413787
8350	0.413787
8351	0.670913
8352	0.670913
8353	1.39231
8354	-0.767467
8355	-0.767467
8356	-0.767467
8357	-0.767467
8358	-0.646103
8359	-0.646103
8360	0.138877
8361	0.138877
8362	0.138877
8363	0.138877
8364	0.138877
8365	0.138877
8366	0.138877
8367	1.03398
8368	1.03398
8369	-0.421991
8370	-0.712808
8371	-0.712808
8372	0.523528
8373	-0.376055
8374	1.25382
8375	1.25382
8376	1.25382
8377	1.25382
8378	1.19955
8379	1.19955
8380	-1.23589
8381	-1.23589
8382	1.25902
8383	-0.210327
8384	1.37391
8385	1.37391
8386	1.37391
8387	1.37391
8388	-0.935039
8389	0.274566
8390	0.274566
8391	0.274566
8392	0.100478
8393	0.100478
8394	-1.53398
8395	-1.00964
8396	-1.00964
8397	-1.00964
8398	-1.00964
8399	0.0978838
8400	0.0978838
8401	-0.480888
8402	-1.60025
8403	-1.60025
8404	-1.60025
8405	-1.60025
8406	-1.60025
8407	-1.60025
8408	1.06178
8409	1.06178
8410	-0.155965
8411	0.650689
8412	0.650689
8413	-1.24661
8414	-0.173772
8415	-0.173772
8416	0.181683
8417	0.181683
8418	0.181683
8419	0.181683
8420	0.181683
8421	0.181683
8422	-0.857722
8423	-0.857722
8424	-0.857722
8425	-0.857722
8426	-0.857722
8427	-1.19759
8428	-1.19759
8429	-0.00549921
8430	-1.09289
8431	-1.09289
8432	-1.09289
8433	-1.09289
8434	0.29157
8435	0.00640117
8436	-1.64315
8437	0.775683
8438	0.805801
8439	0.805801
8440	-0.196181
8441	0.307666
8442	0.776429
8443	0.776429
8444	0.776429
8445	0.00411747
8446	0.00411747
8447	-0.924685
8448	-1.04692
8449	-1.04692
8450	0.195324
8451	0.195324
8452	0.178565
8453	0.178565
8454	-1.29494
8455	0.134335
8456	-0.175418
8457	-0.136213
8458	-0.136213
8459	0.727427
8460	0.727427
8461	0.727427
8462	-0.875676
8463	-0.875676
8464	-0.840783
8465	0.486814
8466	0.486814
8467	0.486814
8468	0.486814
8469	0.486814
8470	0.486814
8471	0.263416
8472	0.263416
8473	0.263416
8474	-1.49215
8475	-0.629129
8476	0.606439
8477	0.898609
8478	0.62487
8479	1.08944
8480	0.702182
8481	0.0636151
8482	-0.630079
8483	-0.630079
8484	-0.630079
8485	0.342048
8486	-1.28744
8487	-1.28744
8488	0.54982
8489	0.639058
8490	-0.764358
8491	-0.764358
8492	-1.09984
8493	-1.09984
8494	-1.09984
8495	-1.09984
8496	-1.09984
8497	-1.09984
8498	-0.400707
8499	-0.400707
8500	-0.400707
8501	-1.04442
8502	0.926481
8503	0.926481
8504	0.926481
8505	0.3852
8506	0.3852
8507	0.3852
8508	0.3852
8509	-0.00156198
8510	1.11251
8511	1.11251
8512	1.11251
8513	0.536226
8514	0.536226
8515	0.536226
8516	0.854754
8517	0.854754
8518	0.854754
8519	0.676663
8520	0.676663
8521	0.676663
8522	0.676663
8523	0.676663
8524	-0.445936
8525	-0.587789
8526	-0.587789
8527	-0.587789
8528	-0.587789
8529	-0.587789
8530	-0.0058011
8531	-0.0058011
8532	-0.798922
8533	-0.798922
8534	-0.798922
8535	-0.798922
8536	-1.15394
8537	-1.15394
8538	1.00074
8539	1.00074
8540	0.476629
8541	-0.0262162
8542	-0.861552
8543	-1.5522
8544	-1.5522
8545	-0.905137
8546	-0.905137
8547	0.104531
8548	0.104531
8549	-0.184524
8550	-1.1815
8551	-1.19279
8552	-1.19279
8553	-0.565446
8554	-0.565446
8555	-0.565446
8556	0.92975
8557	-1.65389
8558	0.411789
8559	0.202269
8560	0.202269
8561	0.202269
8562	-1.26468
8563	-0.528243
8564	-0.528243
8565	1.07908
8566	1.07908
8567	-0.1583
8568	-0.1583
8569	0.722185
8570	0.722185
8571	0.722185
8572	0.722185
8573	1.68713
8574	1.11403
8575	0.760985
8576	0.760985
8577	-0.334484
8578	-0.425725
8579	1.02402
8580	1.02402
8581	1.02402
8582	-0.310062
8583	-0.590487
8584	-0.863474
8585	-1.18257
8586	-1.18257
8587	-1.18257
8588	1.23643
8589	1.23643
8590	0.539196
8591	-0.150398
8592	0.0743203
8593	0.0341245
8594	0.0341245
8595	0.0341245
8596	-2.01011
8597	-2.01011
8598	-0.20872
8599	-0.20872
8600	-0.20872
8601	0.726951
8602	0.726951
8603	0.726951
8604	-0.782538
8605	0.445423
8606	-0.0714649
8607	-1.09455
8608	-1.09455
8609	1.07012
8610	0.648338
8611	0.648338
8612	0.648338
8613	0.462301
8614	1.22236
8615	1.22236
8616	1.22236
8617	0.246038
8618	0.246038
8619	0.246038
8620	0.765971
8621	0.765971
8622	0.765971
8623	0.792649
8624	1.21676
8625	1.21676
8626	1.21676
8627	1.21676
8628	1.16971
8629	-0.805058
8630	-0.805058
8631	-0.805058
8632	0.732466
8633	-1.01073
8634	-1.01073
8635	-0.737249
8636	-0.737249
8637	-0.737249
8638	-0.737249
8639	-0.737249
8640	1.0477
8641	1.0477
8642	0.881999
8643	-1.13766
8644	1.5093
8645	1.50163
8646	0.515787
8647	-0.385285
8648	0.494794
8649	-1.75398
8650	-1.75398
8651	-1.75398
8652	0.634206
8653	0.634206
8654	0.0360844
8655	-0.67022
8656	-1.07202
8657	-1.07202
8658	-1.07202
8659	0.62141
8660	-0.0025627
8661	0.44325
8662	-1.32499
8663	-1.32499
8664	-1.32499
8665	0.883898
8666	0.369439
8667	0.495894
8668	0.991394
8669	0.531762
8670	0.343642
8671	0.343642
8672	0.567433
8673	0.403029
8674	-0.000411618
8675	-0.000411618
8676	-0.000411618
8677	0.427926
8678	0.427926
8679	0.427926
8680	0.427926
8681	-1.463
8682	0.681456
8683	0.138433
8684	1.47045
8685	-0.680918
8686	-0.680918
8687	-0.680918
8688	-0.680918
8689	0.411222
8690	0.411222
8691	1.44642
8692	1.44642
8693	1.44642
8694	1.44642
8695	1.44642
8696	1.44642
8697	1.25668
8698	1.25668
8699	1.43491
8700	0.2547
8701	-0.000836877
8702	-0.000836877
8703	0.850566
8704	0.335078
8705	-0.192449
8706	0.0951912
8707	-0.733833
8708	-0.733833
8709	-0.733833
8710	-0.962224
8711	-0.962224
8712	1.14888
8713	1.14888
8714	1.14888
8715	0.587606
8716	0.587606
8717	1.15534
8718	-0.422736
8719	-0.422736
8720	0.112983
8721	0.112983
8722	1.28433
8723	1.28433
8724	-0.892113
8725	0.980859
8726	0.756013
8727	0.756013
8728	0.756013
8729	-0.317006
8730	-1.64107
8731	-1.64107
8732	0.062993
8733	0.817369
8734	0.817369
8735	0.817369
8736	-1.25402
8737	-1.25402
8738	-1.25402
8739	-1.25402
8740	-1.25402
8741	0.23877
8742	0.23877
8743	-0.185116
8744	-0.185116
8745	-0.185116
8746	-0.185116
8747	-0.185116
8748	-0.671059
8749	0.896996
8750	0.595198
8751	0.595198
8752	0.595198
8753	0.595198
8754	-0.980249
8755	-0.980249
8756	-0.980249
8757	-0.0991886
8758	-1.47927
8759	-1.47927
8760	-1.47927
8761	1.23784
8762	-1.23134
8763	-1.23134
8764	-0.280682
8765	0.336286
8766	0.336286
8767	-0.858107
8768	-0.858107
8769	-0.858107
8770	1.32933
8771	1.32933
8772	1.32933
8773	-0.518718
8774	-0.518718
8775	-1.63771
8776	-1.63771
8777	-1.76317
8778	-0.71221
8779	-0.71221
8780	-1.26179
8781	-1.26179
8782	-1.26179
8783	0.144716
8784	0.144716
8785	-1.05291
8786	-0.0224502
8787	1.44632
8788	1.44632
8789	1.44632
8790	0.571989
8791	0.571989
8792	0.571989
8793	-1.60292
8794	-0.811498
8795	-0.811498
8796	-0.811498
8797	-0.811498
8798	-0.811498
8799	0.810047
8800	0.810047
8801	0.0848623
8802	0.504634
8803	0.504634
8804	-0.386807
8805	-0.430452
8806	0.462135
8807	0.462135
8808	-0.362767
8809	-0.978631
8810	1.45118
8811	0.266156
8812	0.266156
8813	1.0288
8814	0.0142993
8815	0.833816
8816	0.833816
8817	1.25481
8818	1.25481
8819	1.25481
8820	-0.132586
8821	-0.132586
8822	0.376473
8823	0.353647
8824	0.353647
8825	0.679695
8826	0.146313
8827	1.25768
8828	-1.21115
8829	0.571359
8830	0.886546
8831	0.656986
8832	0.656986
8833	1.28686
8834	1.28686
8835	1.28686
8836	1.28686
8837	-0.924454
8838	-1.20805
8839	-1.14306
8840	-0.830141
8841	-0.830141
8842	-0.830141
8843	0.679262
8844	0.679262
8845	-0.524612
8846	-0.524612
8847	0.657793
8848	0.657793
8849	0.657793
8850	-0.621891
8851	-0.621891
8852	-0.621891
8853	-0.621891
8854	-1.1366
8855	-1.1366
8856	-1.1366
8857	-1.21646
8858	-1.45352
8859	-1.45352
8860	-1.5706
8861	-1.5706
8862	-1.5357
8863	-1.5357
8864	-1.5357
8865	0.958325
8866	0.958325
8867	0.570127
8868	0.570127
8869	0.570127
8870	0.570127
8871	0.162724
8872	0.235005
8873	0.235005
8874	0.128037
8875	0.128037
8876	0.128037
8877	0.868484
8878	0.868484
8879	-0.93973
8880	1.20746
8881	1.20746
8882	-1.16154
8883	-1.16154
8884	1.0846
8885	1.32223
8886	-0.707533
8887	1.4921
8888	1.46715
8889	1.46715
8890	0.285086
8891	0.848102
8892	0.478758
8893	0.782417
8894	-0.755803
8895	-0.911367
8896	-0.911367
8897	-0.911367
8898	-0.911367
8899	-1.5477
8900	-1.5477
8901	-1.5477
8902	-0.847369
8903	-0.616706
8904	-0.616706
8905	-0.616706
8906	0.756658
8907	1.5526
8908	-0.651621
8909	-0.644681
8910	-0.598471
8911	-0.897607
8912	-0.897607
8913	-0.897607
8914	-0.897607
8915	-0.238782
8916	1.38432
8917	0.664265
8918	0.664265
8919	-0.900312
8920	-0.900312
8921	-0.900312
8922	0.783278
8923	1.33447
8924	0.818494
8925	0.818494
8926	0.818494
8927	0.818494
8928	0.818494
8929	0.818494
8930	-0.201872
8931	-0.201872
8932	0.965337
8933	0.70639
8934	0.754801
8935	0.754801
8936	-0.0337181
8937	-1.01718
8938	-0.889497
8939	-0.889497
8940	-0.889497
8941	-0.889497
8942	-0.889497
8943	-0.553849
8944	-0.553849
8945	-0.553849
8946	0.49165
8947	-0.13261
8948	0.936366
8949	0.936366
8950	0.0325341
8951	0.078694
8952	0.078694
8953	-0.701797
8954	-0.701797
8955	-0.701797
8956	-0.701797
8957	-0.701797
8958	-0.701797
8959	-0.701797
8960	-0.303669
8961	-0.730436
8962	-0.901401
8963	-0.901401
8964	-0.901401
8965	-0.901401
8966	-0.901401
8967	0.593734
8968	0.593734
8969	-1.25053
8970	0.532354
8971	0.532354
8972	-0.931813
8973	-0.790731
8974	-0.790731
8975	-0.790731
8976	-1.07027
8977	0.816315
8978	0.825928
8979	1.34996
8980	-0.484312
8981	-0.484312
8982	-0.484312
8983	-0.484312
8984	-0.484312
8985	-0.994042
8986	0.783356
8987	0.783356
8988	0.783356
8989	0.783356
8990	0.783356
8991	0.783356
8992	0.783356
8993	0.0358859
8994	0.0358859
8995	0.39792
8996	0.39792
8997	1.3785
8998	0.938089
8999	-0.029366
9000	-0.463562
9001	-0.463562
9002	1.71895
9003	-0.927445
9004	-1.45736
9005	-0.334893
9006	-0.334893
9007	-0.334893
9008	1.16432
9009	1.16005
9010	0.386026
9011	0.386026
9012	0.386026
9013	0.386026
9014	1.04531
9015	-1.19372
9016	-1.19372
9017	-1.16144
9018	-1.16144
9019	-1.16144
9020	-1.16144
9021	0.869695
9022	0.869695
9023	0.869695
9024	0.869695
9025	-1.05448
9026	-0.469391
9027	0.853962
9028	0.853962
9029	1.10438
9030	1.10438
9031	0.964216
9032	0.968347
9033	0.968347
9034	1.21357
9035	1.40407
9036	1.40407
9037	1.50873
9038	1.50873
9039	-0.204548
9040	-0.393534
9041	0.426598
9042	1.2689
9043	-0.687373
9044	-0.687373
9045	-0.687373
9046	-0.687373
9047	-0.119782
9048	-0.119782
9049	-0.119782
9050	-0.251724
9051	-0.919319
9052	-0.294816
9053	-1.18838
9054	-0.329221
9055	0.457508
9056	-0.884724
9057	-0.884724
9058	-0.884724
9059	-0.884724
9060	-0.884724
9061	-0.884724
9062	1.00096
9063	-0.492314
9064	-0.492314
9065	-0.492314
9066	-0.492314
9067	-0.492314
9068	-0.492314
9069	-0.848736
9070	-0.294698
9071	-0.294698
9072	-0.294698
9073	-0.829125
9074	-0.198196
9075	-0.198196
9076	-0.198196
9077	-0.198196
9078	-0.198196
9079	0.0634868
9080	0.890633
9081	-1.06827
9082	0.341606
9083	-1.64452
9084	-1.64452
9085	-0.257659
9086	-0.257659
9087	0.397787
9088	0.397787
9089	0.397787
9090	0.418172
9091	-0.901595
9092	-0.337236
9093	-0.337236
9094	1.53237
9095	-0.538332
9096	-0.538332
9097	0.221256
9098	0.221256
9099	0.221256
9100	0.221256
9101	-0.202934
9102	-0.202934
9103	0.841031
9104	0.841031
9105	0.841031
9106	0.841031
9107	0.993274
9108	0.993274
9109	0.993274
9110	1.07346
9111	1.07346
9112	1.07346
9113	1.07346
9114	0.421145
9115	0.421145
9116	0.421145
9117	0.421145
9118	-1.27515
9119	-1.27515
9120	0.412519
9121	-0.948502
9122	1.22223
9123	-1.51046
9124	0.36777
9125	0.36777
9126	0.36777
9127	-1.06853
9128	1.29383
9129	1.29383
9130	1.04456
9131	1.04456
9132	1.04456
9133	-0.336238
9134	-0.336238
9135	-0.336238
9136	-0.336238
9137	-0.835795
9138	-0.835795
9139	0.347341
9140	0.347341
9141	0.755872
9142	1.65403
9143	0.0121067
9144	0.0318217
9145	-1.23015
9146	0.439498
9147	1.83608
9148	-0.144111
9149	-0.809605
9150	-0.721017
9151	-0.721017
9152	-0.721017
9153	-0.721017
9154	-0.721017
9155	-1.0998
9156	-0.592371
9157	0.339087
9158	0.202421
9159	0.202421
9160	0.492662
9161	0.594841
9162	0.292462
9163	-1.14582
9164	-1.14582
9165	-1.14582
9166	-1.50925
9167	-1.14831
9168	-1.2011
9169	-0.846359
9170	-0.846359
9171	-0.846359
9172	-0.846359
9173	-0.846359
9174	-0.846359
9175	-0.846359
9176	-0.846359
9177	-0.846359
9178	-0.200799
9179	1.16077
9180	1.16077
9181	-0.912977
9182	-0.0943692
9183	-0.0943692
9184	-0.0943692
9185	-0.0943692
9186	0.962069
9187	-1.11643
9188	-0.0170083
9189	-0.0170083
9190	-0.0170083
9191	1.16827
9192	0.875426
9193	0.403726
9194	-1.02538
9195	1.03947
9196	1.03947
9197	1.03947
9198	1.03947
9199	1.03947
9200	1.08788
9201	1.08788
9202	-1.0242
9203	-1.0242
9204	-1.41898
9205	-0.717391
9206	-0.717391
9207	-0.717391
9208	-0.717391
9209	-0.717391
9210	-0.717391
9211	-0.717391
9212	-0.717391
9213	-0.944008
9214	-0.944008
9215	0.908774
9216	0.908774
9217	-0.505888
9218	-0.505888
9219	-0.505888
9220	0.161537
9221	0.180759
9222	0.180759
9223	0.180759
9224	-1.13528
9225	-1.25008
9226	-1.25008
9227	-0.829078
9228	0.310553
9229	0.236616
9230	1.07687
9231	0.923027
9232	0.389089
9233	1.14588
9234	-0.405716
9235	-0.687078
9236	-0.687078
9237	-0.0114541
9238	1.25119
9239	1.25119
9240	0.0313936
9241	0.0313936
9242	0.228286
9243	-1.90802
9244	-1.90802
9245	-1.14089
9246	0.803971
9247	0.803971
9248	-0.175272
9249	-0.0399884
9250	-0.0762852
9251	0.395369
9252	-1.07762
9253	1.2466
9254	0.0872461
9255	0.0872461
9256	0.0872461
9257	0.810929
9258	-0.92678
9259	-0.92678
9260	-0.92678
9261	-1.18847
9262	-1.18847
9263	-1.18847
9264	-1.18847
9265	0.620702
9266	0.620702
9267	-1.22202
9268	-1.22202
9269	-0.171242
9270	-0.171242
9271	-0.321021
9272	-1.06128
9273	-1.06128
9274	-1.06128
9275	-1.06128
9276	-0.133889
9277	-0.133889
9278	0.453304
9279	0.453304
9280	0.453304
9281	0.453304
9282	1.03179
9283	1.03179
9284	-0.985657
9285	-1.76542
9286	-1.76542
9287	-1.76542
9288	-1.76542
9289	0.0464758
9290	0.0464758
9291	0.873364
9292	0.873364
9293	-0.636274
9294	-0.868791
9295	-0.868791
9296	-0.868791
9297	0.202558
9298	-0.315941
9299	-0.315941
9300	-0.315941
9301	1.04291
9302	0.983446
9303	0.983446
9304	0.983446
9305	-1.75453
9306	-1.34298
9307	-1.34298
9308	-1.34298
9309	1.03035
9310	1.47651
9311	1.47651
9312	-0.377076
9313	1.67956
9314	1.20707
9315	1.20707
9316	0.970876
9317	0.970876
9318	0.970876
9319	0.970876
9320	0.970876
9321	0.970876
9322	0.970876
9323	0.627366
9324	0.627366
9325	0.427312
9326	0.427312
9327	0.427312
9328	1.40148
9329	-0.396441
9330	-0.396441
9331	-0.0226789
9332	-0.0226789
9333	0.970474
9334	0.970474
9335	0.970474
9336	0.970474
9337	-1.06512
9338	-1.66643
9339	-2.24454
9340	0.490008
9341	0.490008
9342	0.490008
9343	-0.282552
9344	0.088284
9345	1.11683
9346	1.05002
9347	1.05002
9348	-0.737594
9349	-0.459334
9350	0.668497
9351	-1.12819
9352	-1.0605
9353	-0.997875
9354	-0.997875
9355	-0.997875
9356	-0.997875
9357	-0.127744
9358	-0.127744
9359	-0.127744
9360	1.02984
9361	1.02984
9362	-0.659597
9363	-0.659597
9364	0.991594
9365	1.11314
9366	0.390004
9367	0.922454
9368	-1.11217
9369	-1.11217
9370	-1.11217
9371	-1.11217
9372	0.6663
9373	0.6663
9374	-0.0560271
9375	-0.608276
9376	-0.608276
9377	-0.608276
9378	-0.223424
9379	0.0763514
9380	0.0763514
9381	-1.10688
9382	0.595514
9383	-1.33678
9384	-1.33678
9385	-1.33678
9386	0.0147804
9387	-0.561721
9388	-1.40561
9389	-1.40561
9390	0.430498
9391	-1.12393
9392	-1.12393
9393	-1.12393
9394	0.289782
9395	0.289782
9396	0.289782
9397	0.289782
9398	0.539472
9399	0.539472
9400	0.539472
9401	0.353537
9402	1.27387
9403	-0.516969
9404	0.932455
9405	-0.870529
9406	-0.870529
9407	-0.621612
9408	0.865957
9409	-0.57655
9410	-0.341888
9411	0.952034
9412	-0.641359
9413	-0.641359
9414	-0.641359
9415	-0.641359
9416	-0.937522
9417	-1.42389
9418	-0.356912
9419	-0.356912
9420	-0.946846
9421	-0.946846
9422	-0.946846
9423	0.249622
9424	-0.522728
9425	-0.522728
9426	-0.984759
9427	0.269149
9428	1.42275
9429	0.0561676
9430	1.19442
9431	1.19442
9432	0.845156
9433	-1.20213
9434	-1.20213
9435	-1.20213
9436	-1.20213
9437	-1.20213
9438	-1.20213
9439	-1.20213
9440	-1.20213
9441	-1.20213
9442	0.941365
9443	0.941365
9444	0.514972
9445	1.15899
9446	1.15899
9447	0.705336
9448	0.0578981
9449	0.0578981
9450	-1.15102
9451	-1.15102
9452	-1.12734
9453	-1.12734
9454	-1.12734
9455	-1.12734
9456	-1.12734
9457	0.973346
9458	-1.24525
9459	-1.24525
9460	-1.24525
9461	-1.24525
9462	-0.207064
9463	1.42316
9464	0.547427
9465	-0.991598
9466	-0.33374
9467	-1.12243
9468	-1.11628
9469	-0.769118
9470	-0.769118
9471	-0.344225
9472	0.633749
9473	0.633749
9474	1.51058
9475	1.51058
9476	1.51058
9477	-0.388194
9478	-0.388194
9479	-0.774665
9480	-0.774665
9481	0.181077
9482	0.806501
9483	0.806501
9484	0.806501
9485	-0.254658
9486	1.20324
9487	1.40777
9488	0.822866
9489	-1.361
9490	0.477402
9491	0.477402
9492	-1.11258
9493	0.563493
9494	0.563493
9495	0.563493
9496	0.563493
9497	0.563493
9498	0.563493
9499	-0.302307
9500	0.975272
9501	0.764747
9502	0.764747
9503	-0.193723
9504	0.0935233
9505	0.0935233
9506	0.0935233
9507	0.350556
9508	0.350556
9509	0.350556
9510	0.774163
9511	0.774163
9512	0.774163
9513	0.774163
9514	0.774163
9515	0.774163
9516	0.81853
9517	-0.794649
9518	-0.794649
9519	-0.794649
9520	1.02354
9521	1.02354
9522	1.02354
9523	-1.2971
9524	-0.620373
9525	-0.620373
9526	0.0440626
9527	-1.12712
9528	-1.12712
9529	-1.12712
9530	-0.378231
9531	-0.378231
9532	-0.378231
9533	-0.378231
9534	-0.378231
9535	0.57687
9536	-0.310223
9537	1.02384
9538	1.02384
9539	-1.44949
9540	-1.44949
9541	-1.44949
9542	-0.210972
9543	-0.571046
9544	-0.571046
9545	-0.571046
9546	-0.926317
9547	0.622752
9548	0.0371761
9549	0.0371761
9550	-0.52591
9551	1.26016
9552	1.26016
9553	-0.267019
9554	-0.267019
9555	0.565895
9556	0.565895
9557	0.565895
9558	0.565895
9559	-0.610243
9560	-0.306591
9561	0.48555
9562	-1.04994
9563	-0.342405
9564	0.0118576
9565	-0.298155
9566	-0.298155
9567	-0.298155
9568	-0.301058
9569	-0.301058
9570	0.660956
9571	-0.499974
9572	-0.0967344
9573	-0.917487
9574	-0.917487
9575	-0.206644
9576	-0.206644
9577	-0.206644
9578	-0.206644
9579	1.04585
9580	-0.635986
9581	-0.0228394
9582	0.570917
9583	0.570917
9584	0.570917
9585	0.570917
9586	-0.310724
9587	-0.310724
9588	-0.310724
9589	0.650237
9590	0.650237
9591	0.650237
9592	0.650237
9593	0.650237
9594	0.650237
9595	0.650237
9596	1.5332
9597	-0.246949
9598	-0.379546
9599	-0.577028
9600	0.690754
9601	0.690754
9602	0.690754
9603	-0.472169
9604	-0.472169
9605	-0.472169
9606	-0.963146
9607	1.20532
9608	1.20532
9609	-1.4325
9610	-1.4325
9611	0.837523
9612	-0.949032
9613	-0.949032
9614	0.750016
9615	0.675931
9616	-1.01052
9617	-1.01052
9618	0.520809
9619	0.520809
9620	-0.00324744
9621	0.348793
9622	-0.869458
9623	-1.21708
9624	-1.55371
9625	-1.31426
9626	-1.31426
9627	-1.31426
9628	-1.31426
9629	-1.31426
9630	-1.31426
9631	-1.31426
9632	-0.870219
9633	-0.573449
9634	-1.26346
9635	-0.734008
9636	1.10073
9637	1.10073
9638	1.1402
9639	0.075053
9640	0.075053
9641	-0.722125
9642	-0.722125
9643	-0.604592
9644	-0.604592
9645	0.839612
9646	0.839612
9647	1.26191
9648	1.26191
9649	1.26191
9650	-1.33208
9651	1.24114
9652	-0.241539
9653	-0.241539
9654	0.991652
9655	-1.10246
9656	-1.10246
9657	-1.10246
9658	-1.10246
9659	-1.10246
9660	-1.10246
9661	-1.10246
9662	-1.10246
9663	-1.10246
9664	-0.711144
9665	0.962432
9666	0.962432
9667	-1.2242
9668	-0.500012
9669	-0.500012
9670	-0.500012
9671	-0.500012
9672	-0.500012
9673	-0.550019
9674	-0.550019
9675	-0.550019
9676	-0.550019
9677	-0.312043
9678	-0.312043
9679	-0.312043
9680	1.13385
9681	-0.0691009
9682	1.28449
9683	0.376932
9684	0.376932
9685	-1.54638
9686	-0.198364
9687	-0.587287
9688	-0.587287
9689	-0.587287
9690	-0.571262
9691	-0.856161
9692	-0.766549
9693	0.632283
9694	0.632283
9695	0.632283
9696	0.632283
9697	0.632283
9698	-0.29478
9699	-1.04793
9700	-1.04793
9701	-1.04793
9702	-1.04793
9703	1.30373
9704	-0.90063
9705	0.855921
9706	0.855921
9707	-0.590241
9708	-0.837282
9709	-1.15968
9710	-1.15968
9711	-1.15968
9712	-1.15968
9713	0.15195
9714	1.17976
9715	-0.0505329
9716	0.943234
9717	0.943234
9718	0.943234
9719	0.943234
9720	1.54101
9721	0.493003
9722	0.493003
9723	0.493003
9724	1.39857
9725	0.134516
9726	-0.433058
9727	-0.433058
9728	-0.433058
9729	-0.433058
9730	0.727751
9731	0.29901
9732	0.29901
9733	0.278011
9734	0.278011
9735	0.278011
9736	0.278011
9737	1.49139
9738	1.37462
9739	1.37462
9740	1.37462
9741	1.37462
9742	0.898099
9743	0.898099
9744	0.898099
9745	0.898099
9746	0.444057
9747	0.444057
9748	-1.42692
9749	1.02539
9750	-0.896696
9751	0.811126
9752	-0.750357
9753	-0.909492
9754	-0.749144
9755	-0.749144
9756	-1.16338
9757	-1.12536
9758	-1.12536
9759	-1.12536
9760	-0.155158
9761	-0.155158
9762	1.08853
9763	-0.927739
9764	1.1141
9765	1.1141
9766	0.200281
9767	0.200281
9768	0.200281
9769	0.200281
9770	0.175322
9771	0.554574
9772	0.554574
9773	0.554574
9774	0.554574
9775	0.554574
9776	0.554574
9777	-1.2684
9778	-1.1087
9779	-1.1087
9780	-1.1087
9781	-0.583097
9782	-0.583097
9783	0.476151
9784	0.476151
9785	-0.466201
9786	-0.466201
9787	-0.466201
9788	-0.6488
9789	-0.6488
9790	-0.6488
9791	-0.6488
9792	-0.6488
9793	-1.47539
9794	-1.47539
9795	1.18424
9796	0.967304
9797	-1.68037
9798	-0.525393
9799	-0.525393
9800	-1.31276
9801	0.484717
9802	1.12104
9803	1.12104
9804	1.12104
9805	2.03932
9806	0.536189
9807	0.536189
9808	-0.40503
9809	-0.40503
9810	-1.22902
9811	-1.22902
9812	-1.22902
9813	-1.22902
9814	-1.22902
9815	0.660478
9816	-1.31766
9817	-1.31766
9818	0.267483
9819	-1.05277
9820	0.637088
9821	-0.449499
9822	-0.449499
9823	-0.449499
9824	-0.449499
9825	1.02694
9826	0.625288
9827	0.150369
9828	-1.77195
9829	-1.77195
9830	-1.77195
9831	-1.31363
9832	-1.31363
9833	-0.392978
9834	-0.392978
9835	-0.392978
9836	-1.29102
9837	-0.685813
9838	-0.603556
9839	-0.603556
9840	-0.603556
9841	-0.474517
9842	-0.474517
9843	-0.35291
9844	1.5438
9845	0.0794338
9846	-0.92332
9847	-1.14643
9848	0.209485
9849	-0.396492
9850	1.06028
9851	0.61726
9852	0.61726
9853	0.0492505
9854	0.819258
9855	0.819258
9856	0.819258
9857	0.819258
9858	0.819258
9859	1.59857
9860	-0.976804
9861	-0.976804
9862	-1.43006
9863	0.566731
9864	0.566731
9865	0.566731
9866	0.566731
9867	-1.57878
9868	-1.21736
9869	-1.21736
9870	-0.204279
9871	0.563667
9872	0.563667
9873	0.563667
9874	0.563667
9875	-0.439134
9876	-0.439134
9877	-0.439134
9878	0.377732
9879	2.1385
9880	0.286732
9881	1.57784
9882	-0.85609
9883	1.1972
9884	-0.0830793
9885	-0.0830793
9886	-1.21123
9887	-1.21123
9888	-1.21123
9889	-0.339509
9890	1.3255
9891	1.3255
9892	1.3255
9893	0.162974
9894	0.763847
9895	-0.850124
9896	-0.850124
9897	-1.5199
9898	-0.906704
9899	-0.906704
9900	-0.906704
9901	-0.906704
9902	-0.906704
9903	0.301939
9904	-1.1655
9905	-1.1655
9906	-1.78696
9907	-1.78696
9908	-1.78696
9909	-1.78696
9910	-1.78696
9911	-1.78696
9912	-0.774703
9913	-0.774703
9914	0.803362
9915	-0.732183
9916	-0.732183
9917	-0.732183
9918	1.23845
9919	-1.26996
9920	-1.26996
9921	0.357276
9922	-0.499957
9923	0.50179
9924	0.50179
9925	-0.88715
9926	-0.88715
9927	1.38298
9928	1.38298
9929	-0.754295
9930	-0.754295
9931	-0.754295
9932	-0.601044
9933	1.06883
9934	1.06883
9935	1.06883
9936	0.653168
9937	-1.02129
9938	-1.02129
9939	0.393951
9940	1.18278
9941	1.18278
9942	1.18278
9943	0.485605
9944	1.04115
9945	1.04115
9946	0.0821039
9947	-0.145118
9948	1.25144
9949	-1.02636
9950	0.254831
9951	0.254831
9952	0.254831
9953	0.334777
9954	0.527327
9955	-1.03623
9956	-1.03623
9957	-1.03623
9958	-1.03623
9959	-0.616471
9960	-0.616471
9961	-0.845962
9962	0.562603
9963	0.562603
9964	0.562603
9965	-1.34484
9966	-1.64751
9967	-1.64751
9968	-1.64751
9969	-0.520895
9970	-0.520895
9971	-0.125546
9972	1.00226
9973	1.00226
9974	1.00226
9975	1.00226
9976	1.00226
9977	1.00226
9978	1.00226
9979	0.609264
9980	0.609264
9981	-0.56863
9982	0.613015
9983	0.613015
9984	0.613015
9985	0.613015
9986	0.108942
9987	0.108942
9988	0.237084
9989	0.120156
9990	0.852963
9991	0.852963
9992	0.51937
9993	0.51937
9994	0.51937
9995	0.51937
9996	-0.515824
9997	-0.515824
9998	0.422399
9999	0.497682
