step	x
1	-0.296667
2	-0.296667
3	-0.296667
4	-0.296667
5	-0.296667
6	0.39106
7	0.39106
8	0.39106
9	0.676199
10	0.676199
11	0.0607523
12	0.0165188
13	-0.930657
14	-0.898681
15	-0.898681
16	1.06242
17	-1.40854
18	-1.40854
19	0.599247
20	0.599247
21	0.599247
22	0.599247
23	0.599247
24	0.599247
25	1.31969
26	1.31969
27	0.214721
28	0.214721
29	1.39501
30	-0.578498
31	-0.578498
32	1.93402
33	-0.534781
34	-0.534781
35	-0.534781
36	-0.534781
37	0.987981
38	0.987981
39	0.987981
40	0.61571
41	0.61571
42	0.61571
43	-0.254247
44	-0.254247
45	-0.254247
46	1.18624
47	1.18624
48	-0.813636
49	0.502421
50	0.502421
51	-0.755361
52	-0.755361
53	-0.755361
54	-0.755361
55	-0.755361
56	-0.755361
57	-0.755361
58	0.412991
59	-1.18667
60	-1.18667
61	-1.18667
62	0.450173
63	0.450173
64	1.00744
65	1.00744
66	1.00744
67	-1.18888
68	0.807513
69	-0.33406
70	-0.33406
71	-0.33406
72	1.0302
73	1.0302
74	0.474179
75	-0.90376
76	-0.90376
77	-0.90376
78	-0.90376
79	-0.90376
80	-0.90376
81	-0.90376
82	-0.90376
83	1.18154
84	1.18154
85	1.53494
86	0.501003
87	0.571397
88	-0.0296075
89	0.828217
90	0.828217
91	0.828217
92	0.828217
93	-0.534742
94	-0.534742
95	0.516481
96	0.516481
97	0.516481
98	0.516481
99	0.663264
100	0.663264
101	1.61733
102	-0.0435588
103	-0.49266
104	-0.585368
105	-0.585368
106	-0.585368
107	-0.585368
108	-0.585368
109	-0.585368
110	-0.0158036
111	0.113948
112	0.113948
113	0.113948
114	-0.23517
115	0.411799
116	0.970267
117	0.970267
118	0.970267
119	0.970267
120	0.249713
121	0.249713
122	0.964156
123	0.777074
124	-0.573186
125	-0.573186
126	-0.952621
127	0.350486
128	-0.826518
129	-0.826518
130	-0.826518
131	-0.688037
132	0.471835
133	0.471835
134	1.32784
135	-1.22588
136	-1.22588
137	1.10719
138	-0.105996
139	-1.38717
140	-0.206019
141	-0.206019
142	-0.849766
143	-0.849766
144	-0.507817
145	-0.507817
146	-1.11386
147	1.35391
148	1.1713
149	-0.979524
150	0.799792
151	-0.123614
152	-0.123614
153	0.948159
154	0.948159
155	0.948159
156	0.948159
157	0.948159
158	0.948159
159	1.04546
160	1.04546
161	0.565267
162	0.00346347
163	0.00346347
164	1.2914
165	-1.17908
166	-1.17908
167	0.861846
168	0.861846
169	0.861846
170	0.861846
171	0.861846
172	0.5677
173	0.690202
174	0.690202
175	0.690202
176	0.690202
177	0.690202
178	1.1598
179	1.1598
180	-0.258407
181	-0.258407
182	-0.258407
183	-0.258407
184	-1.33967
185	-1.18538
186	-1.18538
187	-1.15016
188	-1.15016
189	0.758842
190	0.758842
191	-1.38579
192	1.25211
193	0.538603
194	0.538603
195	0.538603
196	0.627571
197	0.475893
198	0.475893
199	0.475893
200	-0.714934
201	-0.714934
202	-0.612754
203	-0.612754
204	-0.612754
205	-0.612754
206	-0.612754
207	-0.612754
208	-0.612754
209	0.274599
210	1.01064
211	1.01064
212	0.352933
213	-0.923919
214	-0.923919
215	1.10995
216	1.10995
217	0.282191
218	1.02382
219	0.3696
220	-0.474292
221	-0.979536
222	-0.979536
223	-0.819686
224	-0.819686
225	-1.13431
226	0.899702
227	0.899702
228	0.899702
229	0.899702
230	0.899702
231	-0.750949
232	-0.750949
233	-0.750949
234	-1.11439
235	-1.11439
236	-1.11439
237	0.0219506
238	0.0219506
239	-1.12471
240	-1.12471
241	0.523637
242	0.523637
243	-0.476612
244	0.491789
245	0.491789
246	0.491789
247	1.37278
248	1.37278
249	1.37278
250	1.37278
251	1.37278
252	0.764288
253	0.262235
254	0.262235
255	1.16203
256	1.16203
257	1.27655
258	1.27655
259	1.27655
260	1.27655
261	-1.338
262	-1.46536
263	-1.46536
264	0.218555
265	0.218555
266	0.543587
267	0.543587
268	0.543587
269	0.543587
270	-0.47357
271	-0.47357
272	-0.638815
273	-0.638815
274	-0.569079
275	-0.569079
276	0.620931
277	0.620931
278	0.620931
279	0.620931
280	0.620931
281	0.620931
282	0.666813
283	-1.2675
284	-1.2675
285	-1.09547
286	-1.09547
287	0.0707944
288	-2.23291
289	-0.489788
290	-0.489788
291	-0.489788
292	-0.489788
293	-0.503317
294	0.859483
295	1.02181
296	1.30434
297	-0.897516
298	0.127557
299	0.127557
300	0.8947
301	-0.0570015
302	-1.29289
303	0.298409
304	-0.196612
305	-0.196612
306	0.380975
307	-1.19876
308	0.630049
309	-0.300574
310	-0.300574
311	-0.300574
312	-0.12073
313	-0.12073
314	0.180195
315	0.180195
316	0.180195
317	-1.51023
318	-1.06175
319	-1.06175
320	-1.06175
321	-1.06175
322	-1.06175
323	-1.06175
324	-1.06175
325	1.11333
326	1.11333
327	1.11333
328	1.11333
329	0.340888
330	-0.824292
331	-0.824292
332	0.0108651
333	0.0108651
334	-0.66816
335	-0.349706
336	-0.401791
337	-0.401791
338	-0.875199
339	-0.875199
340	-0.595446
341	-0.595446
342	0.312426
343	-0.645236
344	-1.14744
345	0.720302
346	0.720302
347	0.720302
348	0.120006
349	0.120006
350	0.120006
351	0.120006
352	0.644415
353	-0.319917
354	-0.319917
355	0.0170236
356	0.0170236
357	0.880089
358	0.880089
359	0.880089
360	0.880089
361	0.880089
362	0.880089
363	-1.34229
364	-1.34229
365	-0.347521
366	-0.347521
367	-0.347521
368	0.296733
369	0.296733
370	0.903269
371	-0.997482
372	-0.755003
373	-0.374438
374	-0.374438
375	0.153826
376	-1.55996
377	-1.55996
378	-1.58416
379	0.842758
380	0.842758
381	0.842758
382	-0.326303
383	-0.326303
384	1.02433
385	-1.60039
386	-1.60039
387	0.326005
388	-1.03482
389	-1.03482
390	-1.03482
391	0.0576769
392	-0.434127
393	-0.434127
394	-0.572352
395	-0.477923
396	-0.477923
397	-1.27308
398	-1.27308
399	-0.646996
400	-0.646996
401	0.146258
402	0.146258
403	0.982209
404	0.982209
405	0.982209
406	0.982209
407	0.665072
408	0.665072
409	1.31165
410	0.754192
411	1.53927
412	0.854714
413	0.854714
414	-0.154276
415	-1.61711
416	0.0275029
417	0.0275029
418	0.0275029
419	-0.395536
420	-0.395536
421	-1.20901
422	1.29384
423	0.442398
424	0.442398
425	0.442398
426	0.769657
427	0.769657
428	-0.87678
429	-0.771779
430	1.08188
431	-0.466845
432	-0.49702
433	-0.49702
434	-0.49702
435	-0.49702
436	2.16702
437	2.16702
438	2.16702
439	2.16702
440	1.23205
441	-1.40632
442	-1.40632
443	0.506861
444	-0.935801
445	-0.935801
446	0.97131
447	-0.970809
448	-0.785097
449	1.23687
450	1.23687
451	1.34018
452	1.34018
453	0.396358
454	0.396358
455	0.396358
456	0.396358
457	0.466992
458	-1.13986
459	-0.150054
460	1.30219
461	1.07718
462	-0.386581
463	-1.12383
464	-0.650379
465	-0.650379
466	-0.650379
467	-0.39249
468	-0.39249
469	-0.39249
470	-1.44091
471	-1.17531
472	-1.17531
473	0.316767
474	0.316767
475	1.32856
476	1.32856
477	-1.3176
478	0.679164
479	0.679164
480	0.679164
481	-0.494823
482	-0.494823
483	0.611899
484	0.611899
485	0.611899
486	0.611899
487	0.876757
488	0.876757
489	0.0757666
490	0.0757666
491	-1.87929
492	-1.87929
493	0.778079
494	0.778079
495	0.778079
496	0.778079
497	-0.6291
498	-0.6291
499	-0.6291
500	-0.6291
501	1.49785
502	1.49785
503	1.49785
504	-0.585901
505	-0.585901
506	-0.585901
507	-0.585901
508	1.39366
509	-0.0728258
510	0.131611
511	0.200588
512	-0.795316
513	-0.028671
514	-0.028671
515	-0.028671
516	-0.609043
517	-0.154349
518	1.32564
519	0.391803
520	0.391803
521	0.391803
522	-0.528755
523	-0.444098
524	-0.444098
525	1.3371
526	-1.27531
527	-1.27531
528	-1.27531
529	-1.27531
530	-1.67534
531	-1.67534
532	-1.67534
533	-1.67534
534	-1.67534
535	-1.67534
536	-0.959618
537	-0.959618
538	0.359758
539	-0.937077
540	-0.937077
541	-0.937077
542	0.905247
543	0.905247
544	0.910816
545	0.910816
546	-1.4049
547	-0.336504
548	-0.336504
549	-0.336504
550	-0.336504
551	-0.336504
552	-0.336504
553	-0.336504
554	-0.0801736
555	-0.0801736
556	-0.733275
557	-0.497667
558	-0.497667
559	-0.497667
560	-0.497667
561	-0.630802
562	-0.630802
563	-0.630802
564	-0.630802
565	-0.630802
566	-0.0817494
567	-0.0817494
568	-0.0817494
569	-0.617935
570	-0.617935
571	-1.2352
572	-0.402047
573	-0.678588
574	-0.678588
575	-0.678588
576	-1.20066
577	0.416712
578	-0.0770252
579	1.23851
580	1.23851
581	0.770832
582	0.843723
583	0.843723
584	0.843723
585	0.843723
586	0.843723
587	-1.52181
588	-1.52181
589	0.871666
590	0.914068
591	0.914068
592	0.914068
593	0.317577
594	0.317577
595	0.317577
596	0.317577
597	0.317577
598	0.317577
599	0.592391
600	-0.617821
601	-0.617821
602	1.38039
603	-0.559664
604	0.217407
605	0.217407
606	-0.991362
607	0.822395
608	0.822395
609	-0.171387
610	0.309037
611	0.309037
612	1.48436
613	1.48436
614	-0.348632
615	-0.348632
616	0.461978
617	0.989361
618	-0.52071
619	-0.52071
620	-0.52071
621	-0.52071
622	-0.22179
623	-0.22179
624	-0.22179
625	-0.22179
626	-1.11034
627	1.21328
628	1.21328
629	0.929677
630	-0.672389
631	-0.42916
632	0.384497
633	-1.55237
634	-0.387953
635	-0.206376
636	-1.24122
637	-0.529848
638	1.10294
639	1.10294
640	-1.54137
641	-1.54137
642	0.014769
643	0.014769
644	0.437701
645	0.437701
646	0.788071
647	0.788071
648	0.788071
649	0.788071
650	0.788071
651	0.788071
652	-0.942071
653	-0.942071
654	-0.942071
655	-0.942071
656	-0.942071
657	0.699504
658	0.699504
659	0.699504
660	0.699504
661	1.34155
662	-1.19268
663	0.548612
664	0.473617
665	0.517123
666	0.517123
667	0.116084
668	0.116084
669	1.28746
670	0.684717
671	0.684717
672	0.684717
673	0.684717
674	0.684717
675	0.684717
676	-0.256807
677	-0.256807
678	-0.256807
679	-0.176122
680	-0.176122
681	-0.962525
682	-0.962525
683	-1.47953
684	-1.47953
685	-1.47953
686	0.463516
687	0.463516
688	0.463516
689	0.837595
690	0.837595
691	0.721111
692	0.721111
693	-0.705692
694	-1.18342
695	-1.18342
696	-1.18342
697	-1.18342
698	-1.18342
699	-1.18342
700	-0.159822
701	-0.159822
702	0.438085
703	-1.53212
704	-0.163614
705	-0.163614
706	-0.163614
707	-0.163614
708	0.587716
709	0.587716
710	1.84551
711	1.77853
712	1.77853
713	1.77853
714	-0.668106
715	-0.668106
716	-0.570199
717	-0.570199
718	-0.00284139
719	0.562748
720	0.562748
721	0.562748
722	-0.0580487
723	-0.234482
724	-0.234482
725	-0.297466
726	0.722878
727	0.722878
728	0.722878
729	-0.0363363
730	-0.0363363
731	-0.226921
732	-0.226921
733	-0.226921
734	-0.226921
735	0.934173
736	0.934173
737	0.934173
738	0.934173
739	1.46646
740	1.46646
741	-0.17675
742	-0.17675
743	1.03708
744	1.03708
745	0.620709
746	0.620709
747	0.620709
748	0.620709
749	0.620709
750	-0.864981
751	0.884905
752	0.884905
753	-0.450601
754	-0.750442
755	-0.921531
756	-0.921531
757	-0.921531
758	-0.921531
759	-1.05375
760	-0.676666
761	-0.676666
762	-0.560075
763	-0.560075
764	-0.560075
765	-0.560075
766	1.70482
767	1.57576
768	1.57576
769	0.525136
770	0.654643
771	1.0133
772	0.469043
773	0.469043
774	0.469043
775	-1.16271
776	1.20616
777	-0.234209
778	0.614463
779	-0.348713
780	-0.348713
781	-0.348713
782	-0.427723
783	-0.276036
784	-0.276036
785	-0.276036
786	0.273494
787	1.32065
788	1.32065
789	1.32065
790	-1.07082
791	-1.07082
792	-1.07082
793	-0.256486
794	-0.256486
795	-0.256486
796	-0.256486
797	0.235397
798	1.41977
799	1.41977
800	-0.759671
801	-0.759671
802	-0.759671
803	-0.759671
804	-0.759671
805	-0.759671
806	-0.759671
807	0.0154295
808	0.0154295
809	0.0867527
810	0.0867527
811	1.4929
812	1.52652
813	-0.554246
814	0.916213
815	1.3222
816	1.4928
817	1.4928
818	-0.488947
819	-0.032993
820	-0.032993
821	1.20478
822	1.4749
823	-1.0507
824	0.0591612
825	0.283734
826	-1.41108
827	0.345258
828	-0.700544
829	1.3427
830	0.220626
831	-0.628534
832	-0.628534
833	-0.628534
834	-0.628534
835	-0.653251
836	0.855303
837	0.90414
838	0.90414
839	0.984071
840	0.984071
841	-0.492846
842	-0.273568
843	-0.273568
844	0.0954951
845	0.0954951
846	-0.046937
847	0.880476
848	1.71055
849	1.71055
850	1.71055
851	-0.562155
852	0.919794
853	-0.309487
854	-0.309487
855	0.633054
856	0.892248
857	-1.1246
858	-0.747468
859	-0.747468
860	-0.747468
861	-0.747468
862	-0.747468
863	-0.747468
864	-1.23257
865	0.187808
866	0.225784
867	0.225784
868	1.26984
869	1.26984
870	1.26984
871	1.26984
872	0.221032
873	-1.93535
874	-1.93535
875	0.585398
876	-0.467008
877	-1.45929
878	0.545491
879	0.545491
880	0.545491
881	0.545491
882	0.545491
883	0.545491
884	0.545491
885	2.01518
886	0.820402
887	0.280975
888	0.69535
889	0.69535
890	0.69535
891	1.36956
892	1.36956
893	1.11377
894	1.25703
895	1.25514
896	-0.946368
897	0.465953
898	-1.25684
899	-0.469239
900	0.483403
901	0.483403
902	-0.547518
903	-0.547518
904	-0.547518
905	-0.547518
906	-0.547518
907	1.99584
908	-0.637129
909	-0.637129
910	-1.10914
911	0.592331
912	0.720688
913	0.720688
914	-0.686827
915	-0.686827
916	-0.686827
917	0.191978
918	0.874732
919	-0.0931977
920	-0.68656
921	-0.370012
922	-0.749504
923	-1.02169
924	-1.02169
925	-1.23944
926	0.636344
927	0.636344
928	-0.482288
929	-0.482288
930	-0.482288
931	-0.447638
932	-0.447638
933	0.891825
934	0.891825
935	0.723196
936	0.723196
937	0.179977
938	0.586658
939	0.586658
940	0.586658
941	0.586658
942	0.586658
943	-0.547172
944	0.760999
945	-0.313702
946	-0.142008
947	-0.142008
948	0.295621
949	1.12958
950	-1.11901
951	1.38009
952	1.38009
953	-0.649533
954	-0.786001
955	-0.786001
956	-0.786001
957	-0.786001
958	-0.786001
959	-0.786001
960	0.247305
961	-1.41191
962	-1.41191
963	-1.04644
964	-1.23881
965	-1.23881
966	-1.23881
967	-1.06597
968	-1.06597
969	-1.16853
970	-1.16853
971	0.471674
972	0.471674
973	0.471674
974	1.14972
975	1.56285
976	1.56285
977	1.56285
978	1.56285
979	-0.859941
980	-0.780823
981	-0.780823
982	-0.780823
983	-0.530617
984	1.34629
985	1.34629
986	1.34629
987	0.277983
988	0.277983
989	0.277983
990	0.277983
991	-0.290546
992	-0.290546
993	-1.15164
994	-0.931199
995	-1.92517
996	-1.92517
997	-0.473878
998	-0.0582153
999	-0.0582153
1000	-0.0582153
1001	-0.0582153
1002	-1.08443
1003	0.191889
1004	-1.38238
1005	-0.529189
1006	-0.332963
1007	-0.332963
1008	-0.450631
1009	-1.25543
1010	1.33479
1011	-0.125119
1012	-1.73724
1013	-1.33551
1014	-0.367716
1015	-0.367716
1016	-1.72516
1017	-1.72516
1018	-1.72516
1019	0.817103
1020	-1.03483
1021	-1.03483
1022	-1.03483
1023	-1.03483
1024	-1.03483
1025	-1.03483
1026	-1.03483
1027	-0.748551
1028	-0.748551
1029	0.151449
1030	0.884847
1031	0.884847
1032	0.958211
1033	-0.990634
1034	-0.990634
1035	0.996987
1036	0.996987
1037	0.996987
1038	0.0516948
1039	-0.65985
1040	-0.65985
1041	-1.41285
1042	-1.52985
1043	0.346642
1044	1.02274
1045	1.02274
1046	1.02274
1047	1.02274
1048	1.24368
1049	1.24368
1050	1.24368
1051	1.24368
1052	1.24368
1053	-0.237028
1054	-0.237028
1055	-0.237028
1056	-0.237028
1057	-0.37398
1058	-0.37398
1059	-0.37398
1060	0.0173207
1061	-0.770495
1062	0.278075
1063	0.278075
1064	1.10954
1065	1.10954
1066	0.866186
1067	1.39958
1068	1.39958
1069	1.39958
1070	0.973422
1071	0.973422
1072	0.973422
1073	0.973422
1074	0.973422
1075	-0.708751
1076	-0.708751
1077	-0.708751
1078	-0.708751
1079	-0.708751
1080	-0.939096
1081	0.336345
1082	0.336345
1083	0.336345
1084	0.336345
1085	-1.43766
1086	-0.0591774
1087	-0.0591774
1088	-0.0591774
1089	-0.0591774
1090	-0.0591774
1091	0.231995
1092	0.231995
1093	0.231995
1094	0.231995
1095	0.231995
1096	0.231995
1097	-1.2278
1098	-2.00274
1099	-2.00274
1100	-2.00274
1101	-2.00274
1102	-2.00274
1103	-2.00274
1104	-2.00274
1105	-2.00274
1106	-2.00274
1107	-2.00274
1108	-0.349139
1109	0.435791
1110	0.435791
1111	1.57791
1112	-0.984973
1113	-0.984973
1114	-0.984973
1115	0.973245
1116	0.973245
1117	1.39339
1118	-0.416805
1119	-0.416805
1120	-0.416805
1121	-1.20038
1122	0.954843
1123	0.0538083
1124	0.0538083
1125	0.324467
1126	0.324467
1127	0.324467
1128	0.324467
1129	0.324467
1130	-1.14448
1131	-1.25473
1132	1.06817
1133	0.732783
1134	0.0158934
1135	0.639291
1136	0.911277
1137	0.911277
1138	1.3433
1139	1.3433
1140	1.3433
1141	1.3433
1142	1.3433
1143	0.672932
1144	0.672932
1145	-1.49858
1146	-1.49858
1147	-1.49858
1148	1.19802
1149	-1.02085
1150	0.755566
1151	-1.00298
1152	-1.00298
1153	1.25979
1154	1.25979
1155	-0.798931
1156	0.917756
1157	0.228351
1158	0.228351
1159	-0.111381
1160	-0.111381
1161	-0.111381
1162	-1.4844
1163	-0.0109544
1164	-1.18654
1165	-0.0417276
1166	-1.12272
1167	-1.12272
1168	-1.12272
1169	-1.12272
1170	-0.0190809
1171	-0.0190809
1172	-0.0190809
1173	-0.0190809
1174	0.640863
1175	-0.101874
1176	-1.72436
1177	0.967218
1178	-0.960247
1179	0.0958186
1180	0.0958186
1181	-0.963628
1182	-0.963628
1183	-0.963628
1184	-0.963628
1185	-0.963628
1186	0.462487
1187	1.21936
1188	1.00051
1189	1.00051
1190	0.69141
1191	0.69141
1192	0.69141
1193	0.69141
1194	0.69141
1195	1.73277
1196	1.73277
1197	0.736844
1198	0.736844
1199	0.736844
1200	0.736844
1201	-0.637822
1202	-0.637822
1203	-0.637822
1204	0.313609
1205	0.662384
1206	-0.182854
1207	1.28037
1208	0.358727
1209	-0.0716666
1210	-0.0716666
1211	-0.0716666
1212	-0.8982
1213	0.93261
1214	0.940807
1215	0.0914371
1216	1.16545
1217	1.16545
1218	-0.236447
1219	-0.96243
1220	-0.96243
1221	-0.571627
1222	-0.245122
1223	-0.360087
1224	0.165546
1225	0.165546
1226	0.165546
1227	0.165546
1228	0.345875
1229	1.09872
1230	1.09872
1231	0.339072
1232	-1.14831
1233	-1.14831
1234	-1.80686
1235	-1.80686
1236	-1.80686
1237	-1.31688
1238	1.10296
1239	1.10296
1240	1.10296
1241	1.10296
1242	-0.441441
1243	-0.441441
1244	-0.441441
1245	-0.441441
1246	-0.441441
1247	-0.251927
1248	0.975219
1249	0.975219
1250	-0.75781
1251	-0.75781
1252	1.09062
1253	0.862959
1254	0.862959
1255	0.862959
1256	0.862959
1257	0.862959
1258	-0.178633
1259	-1.35804
1260	-1.35804
1261	-1.35804
1262	-1.1296
1263	1.39897
1264	1.39897
1265	-0.912399
1266	-0.912399
1267	-0.231399
1268	1.19952
1269	1.19952
1270	1.19952
1271	-0.926788
1272	-0.926788
1273	0.610821
1274	-0.900011
1275	0.753448
1276	0.753448
1277	0.753448
1278	0.753448
1279	0.753448
1280	0.753448
1281	0.753448
1282	0.753448
1283	0.753448
1284	-0.253905
1285	0.189225
1286	0.189225
1287	0.189225
1288	1.3189
1289	1.3189
1290	0.868563
1291	0.868563
1292	0.868563
1293	0.868563
1294	0.868563
1295	0.868563
1296	0.868563
1297	0.868563
1298	-0.26962
1299	-0.26962
1300	-0.26962
1301	0.641333
1302	-0.700907
1303	-0.700907
1304	-1.15563
1305	-1.15563
1306	0.596878
1307	0.596878
1308	1.31611
1309	1.86045
1310	1.86045
1311	1.86045
1312	1.86045
1313	1.86045
1314	1.86045
1315	1.79539
1316	-0.406432
1317	0.472788
1318	0.10004
1319	0.10004
1320	1.02955
1321	1.02955
1322	-1.28805
1323	-1.28805
1324	-0.561642
1325	0.92098
1326	-1.25975
1327	-0.327443
1328	-1.1196
1329	-1.1196
1330	-0.0592716
1331	1.38906
1332	1.38906
1333	1.38906
1334	1.38906
1335	1.38906
1336	1.38906
1337	0.526267
1338	0.526267
1339	-0.761715
1340	-0.133329
1341	-0.133329
1342	-0.133329
1343	-0.133329
1344	-0.133329
1345	0.0235162
1346	0.0235162
1347	0.479263
1348	0.589674
1349	-1.01649
1350	-1.01649
1351	1.02299
1352	1.50362
1353	0.666947
1354	-0.723625
1355	-0.723625
1356	-0.723625
1357	-0.723625
1358	-0.723625
1359	0.0724426
1360	0.0724426
1361	0.927106
1362	-0.101795
1363	-0.101795
1364	1.3735
1365	1.3735
1366	1.38022
1367	-0.227767
1368	-0.227767
1369	-0.902213
1370	-0.902213
1371	-0.902213
1372	-0.902213
1373	-0.902213
1374	-0.902213
1375	-0.902213
1376	0.525219
1377	0.525219
1378	0.525219
1379	0.525219
1380	0.301417
1381	-0.77503
1382	-0.306083
1383	-1.31958
1384	-1.31958
1385	0.150896
1386	-0.996562
1387	-0.996562
1388	-0.996562
1389	-0.996562
1390	-0.996562
1391	-0.996562
1392	-0.996562
1393	0.67218
1394	1.24356
1395	1.24356
1396	1.24356
1397	1.43528
1398	1.43528
1399	-0.143122
1400	0.137239
1401	-1.06749
1402	0.781303
1403	0.653413
1404	-0.967606
1405	-0.967606
1406	0.77555
1407	-0.960342
1408	-0.960342
1409	0.409023
1410	0.409023
1411	0.409023
1412	0.659346
1413	0.659346
1414	0.659346
1415	0.659346
1416	-0.528041
1417	0.23589
1418	1.81049
1419	0.458751
1420	0.458751
1421	0.458751
1422	0.383215
1423	0.383215
1424	-0.898443
1425	-0.898443
1426	-0.208732
1427	-0.208732
1428	-0.208732
1429	-0.208732
1430	-0.208732
1431	-0.208732
1432	0.34361
1433	0.34361
1434	0.34361
1435	1.23364
1436	0.293863
1437	0.383545
1438	0.0346936
1439	0.0346936
1440	-1.39452
1441	-1.39452
1442	-1.39452
1443	-1.39452
1444	0.557414
1445	0.415408
1446	-0.665024
1447	0.708993
1448	0.269238
1449	0.269238
1450	0.269238
1451	0.269238
1452	0.269238
1453	-1.29392
1454	1.36239
1455	1.36239
1456	1.36239
1457	-0.155823
1458	-0.340377
1459	-0.502135
1460	-0.502135
1461	0.653151
1462	0.653151
1463	0.653151
1464	0.653151
1465	0.653151
1466	-1.13692
1467	0.961008
1468	-0.356525
1469	-0.356525
1470	-0.355444
1471	-0.355444
1472	-0.92405
1473	-0.92405
1474	-0.92405
1475	-1.32583
1476	-1.32583
1477	-0.998112
1478	0.820442
1479	-0.969385
1480	-0.969385
1481	0.639208
1482	0.639208
1483	0.639208
1484	0.639208
1485	0.639208
1486	-0.648544
1487	-0.244442
1488	-0.826498
1489	-0.826498
1490	-0.826498
1491	-0.599352
1492	0.625857
1493	-1.40498
1494	-1.40498
1495	-1.40498
1496	0.307
1497	1.94621
1498	0.747906
1499	0.747906
1500	0.747906
1501	0.747906
1502	-0.633043
1503	-0.633043
1504	0.811019
1505	0.811019
1506	0.811019
1507	0.811019
1508	0.235692
1509	-0.999527
1510	-0.999527
1511	-0.633372
1512	-0.584035
1513	0.835324
1514	1.0078
1515	1.0078
1516	1.0078
1517	1.22691
1518	1.22691
1519	1.22691
1520	1.22691
1521	-1.45272
1522	-1.45272
1523	-1.45272
1524	-0.327447
1525	-0.327447
1526	-0.327447
1527	0.408211
1528	1.03413
1529	1.03413
1530	1.03413
1531	0.563293
1532	-0.368559
1533	-0.368559
1534	-0.104223
1535	-0.104223
1536	-0.914165
1537	-0.510431
1538	-0.510431
1539	-0.510431
1540	-0.510431
1541	0.753987
1542	0.753987
1543	0.753987
1544	0.753987
1545	0.753987
1546	1.03663
1547	1.03663
1548	1.03663
1549	1.03663
1550	1.03663
1551	-1.2573
1552	-1.2573
1553	-1.2573
1554	-1.2573
1555	-0.762446
1556	-0.762446
1557	1.11895
1558	1.11895
1559	-1.41312
1560	-1.02713
1561	-0.317081
1562	-0.626055
1563	-0.626055
1564	-0.626055
1565	-0.626055
1566	-0.655848
1567	0.604942
1568	-1.58983
1569	-0.443986
1570	-0.443986
1571	-0.328582
1572	1.30128
1573	1.30128
1574	1.30128
1575	1.30128
1576	1.30128
1577	1.21216
1578	1.21216
1579	1.21216
1580	1.21216
1581	-0.892172
1582	-0.332928
1583	-0.748975
1584	-0.748975
1585	-0.748975
1586	-0.748975
1587	-0.748975
1588	-0.748975
1589	-0.748975
1590	-0.857824
1591	-0.757588
1592	-1.23069
1593	0.271848
1594	0.271848
1595	-0.0909598
1596	-1.53716
1597	-1.53716
1598	-1.40241
1599	-1.58573
1600	-1.59305
1601	-1.40279
1602	-0.629432
1603	0.953993
1604	-1.08593
1605	-1.08593
1606	-1.54949
1607	-1.54949
1608	-1.32537
1609	0.92672
1610	0.92672
1611	-0.0990587
1612	-0.0990587
1613	0.117799
1614	0.42644
1615	0.42644
1616	0.42644
1617	1.36097
1618	-1.19138
1619	0.977717
1620	0.977717
1621	0.977717
1622	-1.12437
1623	-1.12437
1624	-1.12437
1625	0.889368
1626	0.889368
1627	0.889368
1628	1.00163
1629	1.00163
1630	-1.63665
1631	-0.145178
1632	1.14032
1633	-1.29306
1634	1.36452
1635	1.36452
1636	1.36452
1637	1.36452
1638	0.0814269
1639	0.186343
1640	0.489052
1641	0.489052
1642	0.489052
1643	-0.158526
1644	-1.11723
1645	-1.11723
1646	-0.743723
1647	-0.743723
1648	-0.743723
1649	1.33921
1650	-0.253423
1651	-0.550351
1652	-0.550351
1653	-0.728697
1654	0.288129
1655	-1.48231
1656	-0.597127
1657	0.9779
1658	0.9779
1659	0.9779
1660	1.0298
1661	1.0298
1662	0.581074
1663	-1.20598
1664	-1.20598
1665	-1.20598
1666	-1.20598
1667	0.353907
1668	0.353907
1669	0.310384
1670	1.27964
1671	1.27964
1672	1.27964
1673	0.172743
1674	0.172743
1675	0.172743
1676	0.172743
1677	0.172743
1678	0.430954
1679	0.430954
1680	-0.871296
1681	1.28651
1682	1.28651
1683	-0.878608
1684	-0.878608
1685	-1.28128
1686	0.428022
1687	-0.643452
1688	-0.450765
1689	-0.450765
1690	0.378995
1691	-0.163098
1692	0.178544
1693	-0.476547
1694	-0.476547
1695	0.536664
1696	-0.667752
1697	-0.667752
1698	1.29266
1699	1.29266
1700	1.29266
1701	1.29266
1702	-0.607172
1703	-0.607172
1704	-0.607172
1705	-0.26504
1706	0.663429
1707	0.266279
1708	0.122082
1709	-1.60415
1710	-1.60415
1711	-1.60415
1712	-1.528
1713	-1.528
1714	-0.959473
1715	0.713049
1716	0.713049
1717	0.713049
1718	0.713049
1719	0.810482
1720	0.810482
1721	0.810482
1722	0.851787
1723	0.851787
1724	0.851787
1725	0.860549
1726	-1.44327
1727	-0.269042
1728	0.824061
1729	0.824061
1730	0.824061
1731	-0.762493
1732	-0.762493
1733	-0.762493
1734	0.396832
1735	0.396832
1736	0.396832
1737	-0.828151
1738	-0.828151
1739	-0.828151
1740	0.338361
1741	0.338361
1742	0.338361
1743	-0.478539
1744	-0.478539
1745	0.474283
1746	0.474283
1747	0.474283
1748	0.0312093
1749	-0.801282
1750	-0.801282
1751	1.34165
1752	1.34165
1753	1.34165
1754	1.1042
1755	1.1042
1756	1.1042
1757	1.1042
1758	0.855783
1759	0.979127
1760	0.979127
1761	0.979127
1762	0.979127
1763	0.0231837
1764	0.590578
1765	-0.864058
1766	-0.396346
1767	-0.396346
1768	-1.35207
1769	-1.35207
1770	-1.35207
1771	0.948745
1772	0.948745
1773	-0.703949
1774	1.04986
1775	1.04986
1776	1.04986
1777	1.04986
1778	1.70034
1779	1.70034
1780	-0.0385734
1781	-0.0385734
1782	0.125105
1783	0.0934656
1784	0.823709
1785	0.823709
1786	0.823709
1787	0.823709
1788	0.470173
1789	1.31891
1790	1.31891
1791	-0.60233
1792	-0.60233
1793	-0.311529
1794	-1.66935
1795	-1.66935
1796	0.626266
1797	0.00335037
1798	-0.100698
1799	-0.100698
1800	-0.690218
1801	-0.187004
1802	0.445884
1803	0.445884
1804	0.445884
1805	0.563626
1806	-1.20893
1807	-1.3755
1808	-0.597354
1809	0.666559
1810	0.952272
1811	0.952272
1812	-0.837458
1813	-0.837458
1814	0.928773
1815	0.928773
1816	0.928773
1817	-1.08384
1818	0.146599
1819	0.146599
1820	1.21593
1821	1.21593
1822	1.35618
1823	1.35618
1824	1.35618
1825	1.35618
1826	1.35618
1827	1.35618
1828	-1.14604
1829	-1.14604
1830	-1.14604
1831	-0.991857
1832	0.444932
1833	0.444932
1834	0.198315
1835	0.198315
1836	-0.99054
1837	-1.61896
1838	-1.61896
1839	-1.61896
1840	-0.249507
1841	-1.6759
1842	-1.6759
1843	0.988389
1844	-1.69897
1845	-1.69897
1846	-1.69897
1847	-1.69897
1848	-1.69897
1849	-1.69897
1850	-1.69897
1851	0.426806
1852	1.12453
1853	-1.27462
1854	-1.27462
1855	-1.27462
1856	0.948199
1857	0.948199
1858	0.948199
1859	0.948199
1860	-0.735482
1861	1.36163
1862	0.624193
1863	0.624193
1864	0.624193
1865	-0.537764
1866	0.766152
1867	0.766152
1868	0.766152
1869	0.766152
1870	0.766152
1871	0.0453648
1872	1.05133
1873	1.05133
1874	-0.814773
1875	-0.814773
1876	-0.814773
1877	0.512654
1878	1.35085
1879	1.07686
1880	-0.186938
1881	0.733701
1882	0.733701
1883	0.533653
1884	0.533653
1885	0.533653
1886	-1.80393
1887	-0.720195
1888	-0.720195
1889	0.636488
1890	0.636488
1891	-0.556554
1892	-1.45827
1893	-1.5264
1894	-1.5264
1895	-1.5264
1896	0.691852
1897	-0.213798
1898	-0.00205831
1899	-0.398416
1900	-1.03044
1901	-0.0938309
1902	-0.0938309
1903	-1.33457
1904	1.03162
1905	-0.559822
1906	-0.559822
1907	-0.559822
1908	-0.559822
1909	1.13165
1910	1.13165
1911	-1.19987
1912	-1.19987
1913	-1.19987
1914	-1.04582
1915	-1.04582
1916	-1.04582
1917	-0.0508734
1918	-1.04543
1919	-1.04543
1920	-1.04543
1921	-1.04543
1922	1.29741
1923	-0.566138
1924	-1.06437
1925	-0.978374
1926	-0.435404
1927	-0.435404
1928	-0.851576
1929	-0.000502415
1930	-0.000502415
1931	-0.914309
1932	0.701396
1933	0.701396
1934	0.701396
1935	0.701396
1936	0.701396
1937	0.701396
1938	-0.588093
1939	0.217586
1940	0.217586
1941	0.217586
1942	0.217586
1943	1.10569
1944	-0.287316
1945	-1.52196
1946	-1.84554
1947	-1.93579
1948	0.5531
1949	-0.953518
1950	-0.953518
1951	-1.17052
1952	-1.29083
1953	-1.29083
1954	0.741294
1955	0.741294
1956	0.741294
1957	0.886058
1958	0.886058
1959	1.0525
1960	1.0525
1961	1.0525
1962	1.0525
1963	1.0525
1964	1.0525
1965	1.0525
1966	-1.16178
1967	-1.16178
1968	-1.39318
1969	-0.339405
1970	-0.339405
1971	-0.943457
1972	-1.02342
1973	0.62989
1974	0.62989
1975	-0.483624
1976	-0.828197
1977	-0.828197
1978	-0.828197
1979	-0.759039
1980	-0.275393
1981	0.517365
1982	0.517365
1983	0.517365
1984	0.517365
1985	-0.583379
1986	-1.052
1987	0.164918
1988	0.914421
1989	0.667712
1990	0.667712
1991	0.667712
1992	-0.730946
1993	-0.730946
1994	-0.730946
1995	-0.730946
1996	0.511714
1997	0.982628
1998	-0.261513
1999	-0.983565
2000	-0.855885
2001	-0.855885
2002	-0.612204
2003	-0.612204
2004	-0.958531
2005	0.654361
2006	0.382247
2007	0.382247
2008	0.382247
2009	1.33412
2010	-0.959338
2011	-1.16581
2012	-1.16581
2013	-0.764083
2014	-0.764083
2015	1.31711
2016	1.23564
2017	1.23564
2018	0.445143
2019	0.445143
2020	-0.631678
2021	-1.22898
2022	-1.22898
2023	-1.22898
2024	-1.17599
2025	-0.20786
2026	0.363212
2027	0.363212
2028	0.741827
2029	0.741827
2030	0.741827
2031	0.741827
2032	0.741827
2033	0.741827
2034	0.741827
2035	0.741827
2036	0.741827
2037	0.741827
2038	-0.816403
2039	-0.816403
2040	-0.404336
2041	-0.404336
2042	-0.404336
2043	-0.612827
2044	-0.612827
2045	-0.612827
2046	-0.612827
2047	-0.612827
2048	-0.612827
2049	-0.612827
2050	-0.758345
2051	-0.758345
2052	-0.758345
2053	1.20788
2054	1.20788
2055	-1.06998
2056	-1.06998
2057	-1.06998
2058	-1.57678
2059	1.0336
2060	1.0336
2061	1.42632
2062	1.34281
2063	1.01678
2064	-0.274086
2065	-0.274086
2066	-1.03602
2067	-1.03602
2068	-1.03602
2069	1.01842
2070	1.01842
2071	1.01842
2072	0.321865
2073	-0.104873
2074	-0.416524
2075	-0.416524
2076	0.741009
2077	0.741009
2078	0.741009
2079	0.741009
2080	0.741009
2081	0.797454
2082	0.797454
2083	0.797454
2084	0.857675
2085	0.857675
2086	0.857675
2087	0.857675
2088	0.857675
2089	0.705987
2090	0.542544
2091	0.542544
2092	0.542544
2093	-0.600754
2094	-0.600754
2095	0.373087
2096	0.373087
2097	0.449163
2098	0.449163
2099	0.449163
2100	0.449163
2101	0.449163
2102	-0.639453
2103	-0.639453
2104	0.505906
2105	0.505906
2106	0.505906
2107	0.65991
2108	0.65991
2109	0.65991
2110	0.65991
2111	0.677917
2112	0.677917
2113	-0.822918
2114	0.82728
2115	-0.87758
2116	-0.87758
2117	0.828415
2118	0.828415
2119	0.355833
2120	-0.493737
2121	-0.493737
2122	-0.493737
2123	-0.525548
2124	-0.525548
2125	-0.229826
2126	-0.229826
2127	-0.229826
2128	-0.229826
2129	-0.229826
2130	-0.229826
2131	-0.989851
2132	-0.989851
2133	1.15814
2134	1.43147
2135	1.43147
2136	1.42824
2137	1.42824
2138	0.753791
2139	0.0559741
2140	0.333246
2141	-1.2042
2142	-1.2042
2143	0.83392
2144	0.83392
2145	0.83392
2146	0.967703
2147	1.08251
2148	1.08773
2149	-1.54774
2150	-1.54774
2151	0.202741
2152	0.263789
2153	0.263789
2154	0.263789
2155	0.440064
2156	-0.486422
2157	-1.30064
2158	-1.30064
2159	-1.30064
2160	-1.30064
2161	1.20024
2162	1.20024
2163	-0.172577
2164	-0.172577
2165	-0.172577
2166	-0.972988
2167	-0.972988
2168	1.16594
2169	1.16594
2170	2.11101
2171	-0.244166
2172	0.244705
2173	0.230808
2174	0.230808
2175	-0.183062
2176	-0.183062
2177	-0.183062
2178	-1.31399
2179	1.02143
2180	1.02143
2181	-0.254573
2182	-0.254573
2183	1.16916
2184	-0.506476
2185	-1.24726
2186	-1.24726
2187	0.333822
2188	-0.66002
2189	-0.66002
2190	-0.40971
2191	-0.40971
2192	-0.40971
2193	1.36537
2194	-0.685232
2195	-0.685232
2196	-0.685232
2197	-0.685232
2198	-0.685232
2199	-0.876136
2200	-0.876136
2201	-0.876136
2202	-0.876136
2203	-0.876136
2204	-0.876136
2205	-1.38201
2206	-0.348562
2207	-0.348562
2208	-0.348562
2209	-0.614699
2210	-0.614699
2211	-0.614699
2212	-0.614699
2213	-0.614699
2214	-0.614699
2215	-1.42831
2216	-0.435353
2217	-0.435353
2218	-0.435353
2219	-0.435353
2220	-0.435353
2221	-0.435353
2222	-0.435353
2223	-0.435353
2224	-0.435353
2225	-0.435353
2226	-0.435353
2227	-0.435353
2228	0.200931
2229	-0.519599
2230	0.773366
2231	0.773366
2232	0.773366
2233	0.773366
2234	0.773366
2235	-0.580252
2236	-0.580252
2237	1.04323
2238	0.0486529
2239	1.35561
2240	-0.629924
2241	0.341287
2242	0.321677
2243	0.249413
2244	-0.500017
2245	-0.500017
2246	-0.500017
2247	-0.500017
2248	-0.814077
2249	-0.814077
2250	1.57673
2251	1.57673
2252	1.57673
2253	-0.778583
2254	-1.162
2255	0.649123
2256	0.265487
2257	0.265487
2258	0.265487
2259	0.443771
2260	0.443771
2261	0.443771
2262	0.443771
2263	0.724042
2264	0.724042
2265	0.724042
2266	-0.477021
2267	-0.477021
2268	-0.477021
2269	-0.477021
2270	0.934849
2271	0.934849
2272	0.934849
2273	0.934849
2274	-1.13996
2275	-0.012621
2276	0.672864
2277	0.672864
2278	-0.916851
2279	0.298217
2280	0.298217
2281	0.767588
2282	0.156449
2283	1.76089
2284	-0.958843
2285	-0.94789
2286	-0.94789
2287	-0.94789
2288	0.35307
2289	-0.767643
2290	-0.767643
2291	-0.767643
2292	0.484372
2293	0.484372
2294	0.0737759
2295	0.0737759
2296	0.0737759
2297	0.0737759
2298	0.0737759
2299	0.0737759
2300	0.0737759
2301	1.49468
2302	-0.850879
2303	-0.185215
2304	-0.185215
2305	-0.0317667
2306	-0.0317667
2307	0.580366
2308	0.580366
2309	0.469178
2310	-0.600026
2311	0.33678
2312	0.33678
2313	-1.39541
2314	-1.34216
2315	-1.34216
2316	0.431102
2317	-0.907347
2318	-0.907347
2319	-0.907347
2320	-0.907347
2321	-0.907347
2322	0.942986
2323	0.0911742
2324	-0.747562
2325	-0.747562
2326	-0.747562
2327	1.10404
2328	-1.30512
2329	-1.30512
2330	-1.30512
2331	0.22425
2332	-0.477759
2333	-1.19197
2334	-1.19197
2335	-1.19197
2336	-0.162478
2337	-0.288382
2338	-0.33241
2339	1.14403
2340	-0.833589
2341	-1.17256
2342	-1.17256
2343	-1.17256
2344	-1.17256
2345	-1.25895
2346	-1.25895
2347	-1.25895
2348	-1.25895
2349	-0.789727
2350	-0.0649452
2351	1.03662
2352	1.03662
2353	1.03662
2354	1.03662
2355	1.03662
2356	0.0115227
2357	0.432721
2358	0.237091
2359	0.820868
2360	-0.871669
2361	-1.24696
2362	-1.24696
2363	0.373026
2364	0.373026
2365	-0.514072
2366	1.09967
2367	-0.348914
2368	1.24758
2369	1.24758
2370	1.24758
2371	0.964968
2372	-0.28296
2373	-0.28296
2374	-0.28296
2375	-1.08755
2376	-1.08755
2377	-1.08755
2378	0.763832
2379	-1.40938
2380	-1.10041
2381	-0.486516
2382	1.08088
2383	-0.437472
2384	-1.28852
2385	1.06569
2386	0.903226
2387	-0.916105
2388	-0.916105
2389	1.28856
2390	-1.26545
2391	-1.26545
2392	-1.26545
2393	-0.721351
2394	-0.721351
2395	-0.721351
2396	-0.721351
2397	-0.721351
2398	-0.721351
2399	-0.131929
2400	0.928958
2401	0.928958
2402	0.385587
2403	0.385587
2404	0.385587
2405	0.385587
2406	-0.117265
2407	-0.117265
2408	-0.117265
2409	-0.117265
2410	1.35804
2411	0.561818
2412	0.578705
2413	-0.865023
2414	-0.865023
2415	0.470085
2416	-0.149686
2417	-1.26265
2418	-1.14292
2419	-1.14292
2420	-1.14292
2421	-1.14292
2422	-1.14292
2423	-0.934562
2424	0.474098
2425	-0.549386
2426	-1.10227
2427	1.13196
2428	1.13196
2429	-0.308372
2430	0.74656
2431	0.74656
2432	1.07748
2433	1.3331
2434	1.50719
2435	1.50719
2436	0.433696
2437	0.433696
2438	0.547916
2439	0.547916
2440	-0.092165
2441	-0.092165
2442	-0.092165
2443	0.692058
2444	0.429363
2445	0.690872
2446	1.0116
2447	1.0116
2448	1.0116
2449	-0.490418
2450	0.881083
2451	0.881083
2452	0.184953
2453	1.3914
2454	1.3914
2455	1.3914
2456	0.617096
2457	0.617096
2458	0.50312
2459	1.17806
2460	-0.610574
2461	-0.610574
2462	-0.610574
2463	-0.897672
2464	-0.897672
2465	-0.897672
2466	-1.17392
2467	1.31396
2468	1.31396
2469	0.666381
2470	0.666381
2471	0.666381
2472	-1.64432
2473	-1.64432
2474	-1.64432
2475	0.314073
2476	-0.778702
2477	0.394126
2478	0.394126
2479	0.394126
2480	-0.0847031
2481	-0.0847031
2482	-0.0847031
2483	1.79336
2484	0.251931
2485	-0.181451
2486	0.695607
2487	-0.684409
2488	0.481226
2489	0.420868
2490	-1.29502
2491	-1.29502
2492	-1.29502
2493	0.608302
2494	-1.62374
2495	0.294442
2496	0.278231
2497	0.278231
2498	0.278231
2499	0.665121
2500	1.42163
2501	0.809738
2502	0.809738
2503	0.809738
2504	0.724625
2505	0.724625
2506	0.724625
2507	-1.12196
2508	0.462546
2509	-0.1023
2510	-0.1023
2511	-0.27533
2512	-0.27533
2513	-0.0878735
2514	-0.0878735
2515	-0.313866
2516	-0.313866
2517	0.901757
2518	-0.890163
2519	0.406531
2520	-0.675536
2521	-0.675536
2522	1.82633
2523	-0.724705
2524	-0.724705
2525	-0.724705
2526	-0.724705
2527	-0.724705
2528	-0.724705
2529	-0.724705
2530	-1.57393
2531	-0.759555
2532	-0.759555
2533	0.101889
2534	0.169133
2535	0.979129
2536	0.979129
2537	-0.562715
2538	-1.86011
2539	-1.10009
2540	-1.10009
2541	-0.231347
2542	-1.45639
2543	-1.45639
2544	0.340957
2545	0.0984526
2546	-1.12109
2547	-1.12109
2548	-1.19931
2549	-1.67611
2550	-1.67611
2551	-1.67611
2552	-1.67611
2553	-1.6176
2554	-1.21202
2555	-1.21202
2556	-1.21202
2557	-1.21202
2558	0.855343
2559	0.959082
2560	0.959082
2561	0.959082
2562	0.959082
2563	0.959082
2564	-1.32932
2565	-0.655625
2566	-0.655625
2567	-0.655625
2568	-0.655625
2569	-0.655625
2570	-0.655625
2571	-1.34632
2572	-1.34632
2573	-1.34632
2574	-1.34632
2575	-1.34632
2576	1.34397
2577	1.11743
2578	-1.01423
2579	-1.01423
2580	-1.01423
2581	-1.01423
2582	-1.01423
2583	-1.01423
2584	-1.01423
2585	0.825495
2586	-0.560058
2587	-0.560058
2588	-0.560058
2589	-0.560058
2590	-0.822406
2591	-0.822406
2592	-0.822406
2593	0.122355
2594	-0.743374
2595	1.09266
2596	-0.771039
2597	-0.771039
2598	0.766358
2599	0.766358
2600	0.766358
2601	-0.463408
2602	0.456282
2603	-1.64424
2604	0.580697
2605	0.580697
2606	0.580697
2607	0.894624
2608	0.894624
2609	0.894624
2610	0.379412
2611	-0.986679
2612	-0.986679
2613	0.815296
2614	0.338833
2615	0.338833
2616	0.338833
2617	0.338833
2618	0.338833
2619	1.18254
2620	1.18254
2621	1.18254
2622	1.18254
2623	-0.779538
2624	0.717042
2625	-1.68087
2626	-0.77573
2627	-0.77573
2628	-0.77573
2629	-0.77573
2630	-0.77573
2631	-0.77573
2632	1.76737
2633	1.7398
2634	1.7398
2635	1.11244
2636	1.11244
2637	0.58846
2638	0.536722
2639	-1.07598
2640	-1.07598
2641	0.455336
2642	0.455336
2643	0.455336
2644	0.455336
2645	-0.0896657
2646	-0.0896657
2647	-0.0896657
2648	-0.0896657
2649	-0.0896657
2650	-0.668515
2651	-0.83214
2652	-0.83214
2653	-0.83214
2654	-0.244841
2655	1.14944
2656	1.14944
2657	0.361063
2658	0.361063
2659	-0.961779
2660	-0.961779
2661	-1.14285
2662	-0.752813
2663	0.45069
2664	0.45069
2665	0.45069
2666	0.45069
2667	0.45069
2668	0.554646
2669	0.554646
2670	0.554646
2671	0.554646
2672	0.554646
2673	0.32068
2674	-0.428052
2675	-0.428052
2676	-0.582794
2677	-0.582794
2678	-0.96743
2679	-1.71883
2680	-0.286541
2681	-1.23459
2682	0.0107947
2683	1.56621
2684	1.28156
2685	1.28156
2686	1.02552
2687	1.02552
2688	1.02552
2689	1.02552
2690	1.31537
2691	1.31537
2692	-0.70708
2693	-0.70708
2694	-0.70708
2695	-0.70708
2696	-0.414193
2697	-0.414193
2698	-0.414193
2699	0.451991
2700	0.297854
2701	-0.936198
2702	-0.936198
2703	0.594855
2704	0.594855
2705	-0.0880444
2706	-0.0880444
2707	-0.0880444
2708	-0.0880444
2709	-1.51465
2710	-1.50115
2711	-1.50115
2712	-0.719791
2713	-0.719791
2714	-1.14811
2715	-1.14811
2716	-1.14811
2717	-1.14811
2718	-1.14811
2719	-0.672726
2720	0.729925
2721	0.098473
2722	0.098473
2723	0.098473
2724	-1.0754
2725	-0.942907
2726	-0.942907
2727	-0.942907
2728	-0.942907
2729	-0.942907
2730	-0.942907
2731	-0.942907
2732	-0.942907
2733	-0.942907
2734	-1.5569
2735	-0.520154
2736	-0.953796
2737	-0.953796
2738	-0.953796
2739	0.671565
2740	0.671565
2741	0.671565
2742	0.671565
2743	0.386217
2744	0.386217
2745	0.386217
2746	0.386217
2747	0.386217
2748	0.386217
2749	0.386217
2750	1.41571
2751	0.920875
2752	0.920875
2753	-0.699571
2754	-0.699571
2755	-0.34234
2756	-0.34234
2757	-0.111248
2758	-0.111248
2759	0.368813
2760	0.396107
2761	0.396107
2762	0.396107
2763	0.396107
2764	0.396107
2765	-0.364088
2766	0.545227
2767	0.836944
2768	0.836944
2769	-0.939162
2770	-0.939162
2771	0.627466
2772	0.627466
2773	0.415553
2774	-0.68055
2775	-0.68055
2776	-0.68055
2777	0.218868
2778	0.218868
2779	0.218868
2780	1.17406
2781	1.17406
2782	-0.156647
2783	0.313525
2784	0.313525
2785	0.313525
2786	0.313525
2787	0.313525
2788	0.313525
2789	0.313525
2790	0.313525
2791	0.313525
2792	-1.15322
2793	-0.126651
2794	0.694462
2795	-1.00636
2796	0.436226
2797	-1.1519
2798	-1.1519
2799	-1.35275
2800	-1.35275
2801	-1.35275
2802	-1.35275
2803	-1.35275
2804	-1.35275
2805	-1.19241
2806	-1.19241
2807	-0.239876
2808	-0.239876
2809	-0.797042
2810	-1.41412
2811	-1.41412
2812	1.01838
2813	0.489589
2814	0.489589
2815	0.489589
2816	-0.911724
2817	-0.446954
2818	-0.446954
2819	-0.764408
2820	-0.764408
2821	0.257181
2822	0.755584
2823	0.602436
2824	0.602436
2825	0.602436
2826	0.602436
2827	-1.21484
2828	-1.21484
2829	-0.287809
2830	-0.287809
2831	-0.924433
2832	-0.924433
2833	-0.924433
2834	-0.924433
2835	-0.924433
2836	0.210748
2837	-0.00416145
2838	-0.00416145
2839	-0.00416145
2840	1.19699
2841	1.19699
2842	1.19699
2843	1.19699
2844	0.044392
2845	0.044392
2846	0.123471
2847	0.123471
2848	1.76569
2849	0.507553
2850	0.507553
2851	-1.22283
2852	-1.22283
2853	-1.22283
2854	-1.22283
2855	-1.22283
2856	-1.22283
2857	-1.22283
2858	0.416015
2859	-1.06388
2860	0.205131
2861	0.113813
2862	1.41056
2863	1.41056
2864	-0.26268
2865	1.46123
2866	0.766096
2867	0.766096
2868	0.766096
2869	0.766096
2870	1.25927
2871	0.334365
2872	0.334365
2873	-0.508419
2874	-0.712944
2875	-0.712944
2876	-0.712944
2877	-0.712944
2878	0.565458
2879	0.565458
2880	0.565458
2881	0.565458
2882	0.694762
2883	0.694762
2884	1.98822
2885	0.364782
2886	0.364782
2887	0.255235
2888	0.17554
2889	-0.0245335
2890	-0.0245335
2891	-0.0568183
2892	-0.280111
2893	1.08543
2894	1.1878
2895	-1.05403
2896	-1.05403
2897	-1.05403
2898	0.400855
2899	-1.0539
2900	-1.0539
2901	-1.0539
2902	-0.595063
2903	-0.595063
2904	-0.595063
2905	-0.595063
2906	-0.595063
2907	-0.595063
2908	-0.595063
2909	-0.595063
2910	-0.595063
2911	0.436172
2912	-0.385902
2913	1.00402
2914	1.00402
2915	1.44185
2916	1.44185
2917	1.44185
2918	2.09371
2919	1.63197
2920	0.390969
2921	0.390969
2922	0.390969
2923	0.157604
2924	-1.05494
2925	0.610303
2926	0.610303
2927	0.610303
2928	0.610303
2929	1.61907
2930	1.61907
2931	-0.00361494
2932	-0.00361494
2933	-0.00361494
2934	0.659155
2935	1.45752
2936	1.45752
2937	1.02917
2938	0.751096
2939	-0.168199
2940	-1.36728
2941	-1.36728
2942	-1.36728
2943	-1.36728
2944	-0.0628278
2945	-0.0628278
2946	-0.0628278
2947	-0.181631
2948	1.31247
2949	1.31247
2950	1.31247
2951	1.31247
2952	1.58501
2953	1.58501
2954	1.58501
2955	-0.495583
2956	-0.495583
2957	0.262407
2958	0.262407
2959	-0.275062
2960	-1.15051
2961	-1.15051
2962	-1.15051
2963	-0.698779
2964	1.37661
2965	0.793015
2966	0.793015
2967	0.793015
2968	0.606547
2969	0.606547
2970	0.606547
2971	-0.569825
2972	0.787502
2973	0.787502
2974	0.787502
2975	0.787502
2976	0.787502
2977	0.787502
2978	0.787502
2979	0.787502
2980	0.0928371
2981	0.0928371
2982	0.84929
2983	0.659752
2984	0.659752
2985	-0.494077
2986	-0.494077
2987	0.122724
2988	0.122724
2989	0.122724
2990	0.474078
2991	-0.175351
2992	0.283627
2993	0.271257
2994	0.953379
2995	-0.807618
2996	-0.807618
2997	-0.423826
2998	1.3228
2999	1.3228
3000	1.3228
3001	1.3228
3002	-0.739879
3003	-0.739879
3004	-0.543769
3005	-0.543769
3006	-0.543769
3007	0.13588
3008	0.951345
3009	0.782109
3010	0.782109
3011	0.782109
3012	-0.762594
3013	-0.762594
3014	-0.762594
3015	-0.762594
3016	-0.762594
3017	-0.762594
3018	-0.762594
3019	-0.762594
3020	0.661304
3021	0.661304
3022	0.661304
3023	0.661304
3024	-1.63095
3025	0.836662
3026	0.627588
3027	-1.19892
3028	0.755733
3029	0.755733
3030	-0.626577
3031	0.292393
3032	0.328887
3033	0.328887
3034	-1.09888
3035	-1.09888
3036	-1.09888
3037	-0.725658
3038	-0.725658
3039	-0.725658
3040	-0.174245
3041	-0.174245
3042	-1.42262
3043	-1.42262
3044	0.126631
3045	0.126631
3046	0.536737
3047	0.536737
3048	-0.760286
3049	-0.760286
3050	0.589797
3051	0.249862
3052	0.249862
3053	0.249862
3054	1.29528
3055	-0.52707
3056	-0.884047
3057	-0.884047
3058	-0.184875
3059	-0.184875
3060	-1.18679
3061	-1.24961
3062	0.0163299
3063	-0.618848
3064	-0.618848
3065	-0.618848
3066	-0.618848
3067	-0.618848
3068	-0.827699
3069	-0.827699
3070	0.856887
3071	0.352655
3072	0.352655
3073	0.352655
3074	0.352655
3075	0.352655
3076	1.68819
3077	-0.506715
3078	-0.506715
3079	-0.506715
3080	-0.506715
3081	-1.53216
3082	-1.53216
3083	-1.53216
3084	0.825181
3085	-1.69833
3086	-1.69833
3087	0.356431
3088	-1.41772
3089	0.190337
3090	0.279592
3091	0.279592
3092	0.0233673
3093	-0.648388
3094	-0.648388
3095	-0.648388
3096	-1.13243
3097	-1.13243
3098	0.315221
3099	0.315221
3100	0.744633
3101	0.744633
3102	0.744633
3103	0.744633
3104	0.097856
3105	0.00856372
3106	0.00856372
3107	-0.558806
3108	0.503212
3109	-0.433296
3110	-0.433296
3111	-0.302614
3112	-1.02222
3113	-1.02222
3114	-1.02222
3115	-0.368675
3116	0.00490148
3117	1.33629
3118	1.36817
3119	1.36817
3120	-0.388014
3121	-0.388014
3122	-0.985951
3123	0.32499
3124	0.32499
3125	0.32499
3126	-1.24055
3127	-1.24055
3128	-0.96672
3129	0.748187
3130	1.17307
3131	1.17307
3132	1.17307
3133	-1.0051
3134	0.0630654
3135	0.0630654
3136	1.02924
3137	0.300048
3138	-1.81233
3139	0.825996
3140	0.825996
3141	-0.646988
3142	-0.520349
3143	0.740744
3144	0.555773
3145	0.916167
3146	0.916167
3147	0.916167
3148	0.916167
3149	0.853924
3150	0.853924
3151	0.547211
3152	0.745941
3153	0.745941
3154	-0.357508
3155	1.34632
3156	1.34632
3157	1.34632
3158	-1.38498
3159	-1.38498
3160	-1.31632
3161	-0.725646
3162	-0.725646
3163	-0.804608
3164	-0.897752
3165	-1.00605
3166	-1.00605
3167	-1.00605
3168	0.136269
3169	0.136269
3170	0.136269
3171	-0.971654
3172	-0.971654
3173	-1.2648
3174	-1.2648
3175	0.120375
3176	1.27157
3177	1.27157
3178	1.27157
3179	1.27157
3180	1.27157
3181	-0.642989
3182	-0.642989
3183	-0.642989
3184	-0.642989
3185	-0.642989
3186	-0.68368
3187	-0.68368
3188	-0.68368
3189	1.58095
3190	1.58095
3191	1.58095
3192	1.58095
3193	1.25843
3194	-0.685895
3195	-0.685895
3196	1.00325
3197	-0.0497096
3198	-0.0497096
3199	-0.0497096
3200	-0.0497096
3201	-0.0497096
3202	0.0161003
3203	-0.590272
3204	0.74925
3205	0.74925
3206	0.74925
3207	0.730547
3208	0.725561
3209	0.725561
3210	0.725561
3211	0.725561
3212	0.725561
3213	0.661477
3214	0.697681
3215	-0.347129
3216	0.227002
3217	-0.0376557
3218	-0.873522
3219	-0.873522
3220	-0.873522
3221	-0.873522
3222	-0.873522
3223	-0.873522
3224	-1.00848
3225	-1.00848
3226	-1.00848
3227	-1.00848
3228	-0.29875
3229	0.917093
3230	-0.739472
3231	-0.974081
3232	0.937822
3233	0.937822
3234	-1.70691
3235	0.748593
3236	-0.479896
3237	-0.0190767
3238	0.470399
3239	0.470399
3240	0.470399
3241	0.470399
3242	0.470399
3243	0.470399
3244	0.470399
3245	0.470399
3246	-0.940661
3247	-0.940661
3248	-0.38191
3249	-0.38191
3250	1.19969
3251	1.19969
3252	1.19969
3253	1.42316
3254	1.3976
3255	1.3976
3256	1.3976
3257	-0.543174
3258	-0.543174
3259	-0.543174
3260	-0.978845
3261	0.560618
3262	-1.32743
3263	-1.32743
3264	-1.32743
3265	0.648909
3266	-0.657833
3267	-1.66556
3268	0.685901
3269	0.685901
3270	0.685901
3271	0.233393
3272	-0.173288
3273	-0.069111
3274	-1.81365
3275	-1.81365
3276	0.734101
3277	1.07514
3278	1.07514
3279	1.07514
3280	1.07514
3281	1.07514
3282	-0.58624
3283	1.04759
3284	1.04759
3285	1.04759
3286	1.04759
3287	1.04759
3288	1.04759
3289	1.04759
3290	1.39591
3291	0.215561
3292	1.16801
3293	-0.860789
3294	0.30352
3295	-1.30684
3296	-1.30684
3297	0.60191
3298	0.60191
3299	0.60191
3300	0.411639
3301	0.411639
3302	0.411639
3303	1.6794
3304	0.353218
3305	0.353218
3306	0.545294
3307	0.545294
3308	0.558591
3309	0.558591
3310	-0.105213
3311	-0.105213
3312	-0.105213
3313	-0.648079
3314	1.27997
3315	-0.688245
3316	0.812295
3317	2.19976
3318	2.09225
3319	2.09225
3320	-0.16933
3321	-0.16933
3322	-0.874952
3323	-0.44672
3324	-0.44672
3325	-0.44672
3326	-0.44672
3327	-0.44672
3328	-0.44672
3329	-0.44672
3330	0.767316
3331	1.61173
3332	1.48304
3333	0.551726
3334	0.551726
3335	1.42818
3336	-1.00742
3337	0.605216
3338	0.605216
3339	1.84962
3340	1.84962
3341	0.975039
3342	0.975039
3343	0.975039
3344	0.975039
3345	-0.428713
3346	-0.428713
3347	-0.428713
3348	1.25879
3349	1.25879
3350	1.25879
3351	1.25879
3352	1.25879
3353	1.25879
3354	1.25879
3355	-1.10994
3356	-0.700166
3357	-0.700166
3358	-0.700166
3359	0.492272
3360	0.442603
3361	0.711072
3362	0.711072
3363	1.11345
3364	1.11345
3365	1.11345
3366	1.11345
3367	1.11345
3368	-0.550448
3369	-0.550448
3370	-0.550448
3371	-0.550448
3372	-0.227039
3373	0.846019
3374	0.887706
3375	0.887706
3376	0.765661
3377	0.765661
3378	0.278105
3379	0.278105
3380	0.278105
3381	0.278105
3382	-0.856472
3383	0.334684
3384	0.883146
3385	0.883146
3386	0.295542
3387	-0.115194
3388	-0.197847
3389	-0.197847
3390	-0.197847
3391	-0.197847
3392	-0.197847
3393	0.800143
3394	0.800143
3395	0.800143
3396	0.800143
3397	-1.22308
3398	-0.0519893
3399	-0.805998
3400	0.527577
3401	-0.255812
3402	0.694045
3403	0.556887
3404	0.441072
3405	0.460933
3406	1.17164
3407	0.385207
3408	0.385207
3409	0.385207
3410	0.385207
3411	0.385207
3412	0.385207
3413	0.906907
3414	0.906907
3415	0.906907
3416	0.664289
3417	-0.606764
3418	0.882364
3419	0.882364
3420	-1.69458
3421	-1.90733
3422	-1.90733
3423	-1.90733
3424	-0.898077
3425	-0.898077
3426	-0.898077
3427	-0.898077
3428	0.182799
3429	0.182799
3430	0.869338
3431	0.869338
3432	0.869338
3433	-1.31626
3434	-1.31626
3435	-0.518865
3436	-0.518865
3437	-0.518865
3438	-1.07378
3439	-1.1304
3440	-1.1304
3441	-1.20203
3442	0.407471
3443	0.988368
3444	-0.0997424
3445	-0.0442502
3446	-0.0442502
3447	-0.0442502
3448	-0.0442502
3449	-0.0442502
3450	-0.0442502
3451	0.698038
3452	0.698038
3453	-0.920112
3454	-0.920112
3455	-0.920112
3456	0.664131
3457	0.622506
3458	-1.10319
3459	-1.10319
3460	0.820895
3461	0.379492
3462	0.0750025
3463	0.52617
3464	0.52617
3465	0.358067
3466	0.358067
3467	0.358067
3468	0.358067
3469	0.358067
3470	0.358067
3471	0.243475
3472	0.243475
3473	0.243475
3474	0.243475
3475	0.243475
3476	0.243475
3477	-0.176931
3478	-1.44787
3479	0.0535439
3480	0.579134
3481	-0.418423
3482	-0.295717
3483	-0.295717
3484	-0.295717
3485	-0.295717
3486	-0.295717
3487	-1.36917
3488	1.07215
3489	1.07215
3490	-0.865925
3491	-0.532729
3492	0.608044
3493	0.608044
3494	0.833585
3495	0.833585
3496	0.833585
3497	0.833585
3498	0.833585
3499	0.833585
3500	0.871003
3501	0.871003
3502	0.871003
3503	0.871003
3504	0.643271
3505	1.73947
3506	0.90059
3507	-0.416245
3508	-0.0866777
3509	1.25674
3510	-0.555964
3511	-0.555964
3512	-0.555964
3513	-0.555964
3514	-0.555964
3515	-0.555964
3516	0.65458
3517	0.65458
3518	0.65458
3519	0.50197
3520	0.50197
3521	0.555353
3522	-0.96151
3523	-0.96151
3524	1.69764
3525	1.69764
3526	1.69764
3527	0.158219
3528	0.158219
3529	0.158219
3530	0.158219
3531	0.158219
3532	0.158219
3533	0.450208
3534	0.450208
3535	0.450208
3536	0.752519
3537	1.18017
3538	1.18017
3539	0.588899
3540	0.839526
3541	0.839526
3542	-0.637534
3543	0.370045
3544	-0.716054
3545	-0.716054
3546	0.836176
3547	0.953818
3548	0.953818
3549	0.953818
3550	0.953818
3551	-0.764739
3552	-0.764739
3553	-0.931716
3554	-0.931716
3555	1.09409
3556	1.09409
3557	0.0711074
3558	-0.796988
3559	-0.796988
3560	-0.796988
3561	-0.0885221
3562	1.45801
3563	1.45801
3564	1.45801
3565	1.45801
3566	0.127457
3567	0.127457
3568	0.818154
3569	0.959173
3570	0.959173
3571	-0.190704
3572	0.597211
3573	0.597211
3574	-0.0294452
3575	1.17975
3576	-0.0259284
3577	1.49032
3578	0.170419
3579	1.18794
3580	-1.39124
3581	-0.265775
3582	-0.265775
3583	-0.265775
3584	0.629156
3585	0.629156
3586	0.629156
3587	-0.992351
3588	-0.992351
3589	1.03636
3590	1.03636
3591	1.03636
3592	1.03636
3593	1.03636
3594	1.03636
3595	-0.658591
3596	-0.0104564
3597	-0.180532
3598	-0.180532
3599	0.309234
3600	0.309234
3601	0.309234
3602	-0.885838
3603	-0.885838
3604	-0.885838
3605	-0.698409
3606	-1.51659
3607	-0.189405
3608	-0.443211
3609	-0.443211
3610	-1.02691
3611	-0.873261
3612	-0.873261
3613	0.849459
3614	-0.632344
3615	-0.632344
3616	-0.632344
3617	0.671857
3618	1.37634
3619	0.554376
3620	0.845666
3621	0.845666
3622	0.845666
3623	0.845666
3624	0.845666
3625	0.845666
3626	0.401831
3627	-0.355475
3628	-0.355475
3629	-0.355475
3630	1.1982
3631	-0.975425
3632	-0.975425
3633	-1.07707
3634	-1.07707
3635	-1.02508
3636	-0.555603
3637	-0.555603
3638	0.0453905
3639	0.769371
3640	0.582143
3641	0.582143
3642	1.16362
3643	1.16362
3644	0.372509
3645	0.334993
3646	0.456057
3647	-1.185
3648	-1.185
3649	1.34214
3650	1.53919
3651	0.764683
3652	-1.0452
3653	-1.0452
3654	-1.0452
3655	-1.0452
3656	-1.0452
3657	-1.44196
3658	-0.903287
3659	-0.903287
3660	-1.0946
3661	0.0163152
3662	0.0163152
3663	-0.221878
3664	-0.221878
3665	-0.666196
3666	-0.666196
3667	-0.666196
3668	0.713448
3669	0.713448
3670	0.713448
3671	0.713448
3672	-0.242752
3673	-0.0796291
3674	-0.0796291
3675	-1.1042
3676	0.339128
3677	-0.025981
3678	-0.025981
3679	-0.025981
3680	-0.964677
3681	-0.964677
3682	-0.964677
3683	-0.964677
3684	0.0421759
3685	0.754358
3686	0.754358
3687	0.754358
3688	-1.09309
3689	-1.25626
3690	-1.25626
3691	-0.889456
3692	-0.889456
3693	-0.889456
3694	-0.889456
3695	-0.889456
3696	-0.355275
3697	0.85111
3698	-0.647827
3699	-0.647827
3700	-0.647827
3701	-1.13017
3702	-1.13017
3703	-1.2727
3704	1.048
3705	1.048
3706	1.048
3707	-0.0193865
3708	-0.0193865
3709	-0.0193865
3710	-0.0193865
3711	-0.0274712
3712	1.10095
3713	0.0666059
3714	0.0666059
3715	0.0666059
3716	0.0666059
3717	0.0666059
3718	0.117291
3719	0.117291
3720	0.117291
3721	0.117291
3722	0.117291
3723	0.117291
3724	0.117291
3725	-1.38079
3726	-1.00428
3727	-1.00428
3728	-1.00428
3729	-1.273
3730	-1.10285
3731	1.06704
3732	0.285955
3733	1.8899
3734	-0.451961
3735	-0.451961
3736	-0.451961
3737	0.680594
3738	-0.680288
3739	-0.680288
3740	-0.680288
3741	-0.922578
3742	0.281681
3743	0.281681
3744	0.281681
3745	0.281681
3746	0.281681
3747	0.518779
3748	1.39489
3749	1.39489
3750	1.39489
3751	0.105655
3752	-0.0938964
3753	-0.667373
3754	-0.667373
3755	1.44147
3756	-0.354412
3757	-0.994717
3758	-1.00071
3759	-1.00071
3760	-1.00071
3761	-1.00071
3762	-1.00071
3763	-1.00071
3764	1.10761
3765	-0.564218
3766	-0.564218
3767	1.322
3768	1.322
3769	1.322
3770	1.322
3771	0.412359
3772	0.412359
3773	0.412359
3774	-1.24127
3775	-1.24127
3776	-1.24127
3777	-0.770407
3778	0.83932
3779	0.83932
3780	-0.313475
3781	0.489967
3782	-0.272625
3783	-0.272625
3784	1.96179
3785	-0.434148
3786	0.728981
3787	-0.713133
3788	-0.713133
3789	-0.713133
3790	-0.72685
3791	-0.72685
3792	-0.72685
3793	-0.72685
3794	-1.55007
3795	-1.55007
3796	0.362315
3797	0.362315
3798	0.530769
3799	0.530769
3800	0.530769
3801	0.549922
3802	0.549922
3803	-0.742706
3804	-0.742706
3805	-0.921429
3806	-1.63409
3807	-1.63409
3808	-1.63409
3809	-1.63409
3810	0.0110867
3811	-1.50554
3812	-1.50554
3813	0.884716
3814	-0.73947
3815	-0.73947
3816	-0.881342
3817	-0.881342
3818	-0.881342
3819	-0.881342
3820	1.48294
3821	1.81596
3822	1.81596
3823	1.841
3824	1.841
3825	1.61876
3826	0.712181
3827	0.712181
3828	-0.262466
3829	-0.262466
3830	-1.26641
3831	-1.26641
3832	1.06851
3833	0.74836
3834	0.74836
3835	0.74836
3836	0.632769
3837	0.632769
3838	-0.216195
3839	0.993457
3840	0.829348
3841	0.724946
3842	-0.450272
3843	0.531547
3844	0.531547
3845	-0.895069
3846	-0.895069
3847	-0.895069
3848	-0.895069
3849	-0.895069
3850	-0.75895
3851	0.911337
3852	0.577636
3853	-0.204398
3854	-0.992286
3855	0.837604
3856	0.837604
3857	-0.525163
3858	-0.525163
3859	0.595151
3860	1.71885
3861	0.598366
3862	0.598366
3863	-0.710332
3864	-0.710332
3865	-0.710332
3866	0.923761
3867	-1.50601
3868	0.421295
3869	0.421295
3870	-1.20432
3871	-1.20432
3872	-1.27118
3873	-1.27118
3874	-1.27118
3875	0.909502
3876	0.909502
3877	0.909502
3878	0.947462
3879	0.947462
3880	1.17926
3881	1.17926
3882	0.623349
3883	0.623349
3884	0.623349
3885	-0.281174
3886	-0.281174
3887	0.359644
3888	0.359644
3889	0.359644
3890	-1.43898
3891	-1.43898
3892	-0.541385
3893	-0.541385
3894	0.711575
3895	0.711575
3896	0.711575
3897	0.711575
3898	0.711575
3899	0.711575
3900	0.711575
3901	0.711575
3902	0.711575
3903	0.711575
3904	0.190717
3905	0.190717
3906	-0.723764
3907	1.55553
3908	0.00185874
3909	0.485228
3910	0.485228
3911	0.485228
3912	0.485228
3913	-0.0879713
3914	0.260175
3915	0.260175
3916	0.260175
3917	0.260175
3918	0.260175
3919	0.260175
3920	0.260175
3921	0.260175
3922	0.260175
3923	0.260175
3924	0.792507
3925	0.792507
3926	0.25707
3927	-0.880296
3928	-0.880296
3929	0.211425
3930	0.292895
3931	0.292895
3932	0.292895
3933	0.292895
3934	0.292895
3935	0.0290727
3936	0.0290727
3937	0.598474
3938	0.598474
3939	0.598474
3940	1.08788
3941	1.08788
3942	1.08788
3943	0.769522
3944	-0.478813
3945	-0.936134
3946	-0.936134
3947	-0.936134
3948	-0.255007
3949	-0.255007
3950	-0.255007
3951	-0.255007
3952	-0.255007
3953	-1.20457
3954	-1.20457
3955	0.00409988
3956	0.443867
3957	-1.44159
3958	0.863502
3959	0.770882
3960	0.236036
3961	0.236036
3962	0.67866
3963	0.613768
3964	0.613768
3965	0.628688
3966	0.628688
3967	0.628688
3968	-0.58109
3969	1.04244
3970	-1.02792
3971	-1.02792
3972	-1.02792
3973	-0.73995
3974	-0.73995
3975	1.2946
3976	1.2946
3977	-0.695067
3978	-0.695067
3979	-0.695067
3980	-0.695067
3981	-0.695067
3982	0.577122
3983	-1.24945
3984	-1.24945
3985	0.792599
3986	0.792599
3987	0.943657
3988	0.943657
3989	0.943657
3990	0.943657
3991	0.943657
3992	0.943657
3993	0.943657
3994	0.943657
3995	1.01712
3996	0.705652
3997	1.22011
3998	1.22011
3999	-1.00064
4000	0.89558
4001	-0.705312
4002	0.483255
4003	-0.467536
4004	-0.980142
4005	-0.980142
4006	0.302736
4007	0.302736
4008	0.302736
4009	0.507445
4010	-0.709455
4011	-0.709455
4012	-0.95137
4013	-0.95137
4014	0.25891
4015	-0.742522
4016	-0.742522
4017	-0.742522
4018	-0.742522
4019	-1.07757
4020	-0.585818
4021	-0.585818
4022	-0.585818
4023	-0.585818
4024	-0.121827
4025	0.494357
4026	-1.34115
4027	0.619008
4028	0.619008
4029	0.619008
4030	0.619008
4031	1.37178
4032	0.279967
4033	-0.910404
4034	0.378173
4035	-1.51388
4036	-1.51388
4037	-1.51388
4038	-1.51388
4039	-0.281292
4040	0.710155
4041	0.710155
4042	0.710155
4043	0.710155
4044	1.35551
4045	1.35551
4046	1.35551
4047	-0.446429
4048	0.552972
4049	0.552972
4050	0.552972
4051	0.552972
4052	0.552972
4053	0.552972
4054	-1.20697
4055	-1.20697
4056	0.342019
4057	0.696389
4058	0.696389
4059	0.540765
4060	-0.305305
4061	-0.993571
4062	-0.993571
4063	-0.993571
4064	-0.910332
4065	1.0806
4066	1.0806
4067	-0.924456
4068	1.07406
4069	-0.0492968
4070	-0.0492968
4071	-1.8102
4072	-1.8102
4073	-1.99318
4074	-1.41821
4075	-0.0687052
4076	1.52247
4077	0.125658
4078	0.125658
4079	-0.0580145
4080	-0.0580145
4081	-0.0580145
4082	0.029967
4083	0.029967
4084	-0.0451684
4085	-0.350793
4086	-0.350793
4087	0.386165
4088	-0.365101
4089	0.227102
4090	0.227102
4091	0.227102
4092	-0.11921
4093	-0.621782
4094	-0.621782
4095	-0.431181
4096	-0.431181
4097	-0.937626
4098	-0.543864
4099	-0.543864
4100	-0.825029
4101	-0.825029
4102	0.758702
4103	0.758702
4104	0.700425
4105	-1.13151
4106	-0.288778
4107	-0.288778
4108	0.187949
4109	0.187949
4110	-0.410711
4111	-0.410711
4112	1.12295
4113	0.0977193
4114	0.767191
4115	0.767191
4116	-1.22776
4117	-0.777339
4118	-0.777339
4119	-0.891497
4120	1.20771
4121	-0.91423
4122	-0.91423
4123	0.452786
4124	-0.0347022
4125	-0.0899801
4126	-0.0899801
4127	-0.0899801
4128	-0.0899801
4129	1.13517
4130	1.13517
4131	1.13517
4132	1.13517
4133	0.802936
4134	1.33624
4135	-1.31648
4136	-0.934444
4137	-0.934444
4138	-0.934444
4139	-0.934444
4140	-0.934444
4141	1.41256
4142	-0.108804
4143	-0.24422
4144	-0.24422
4145	-0.24422
4146	0.992196
4147	-1.50885
4148	0.0392757
4149	-0.324547
4150	-0.324547
4151	-0.324547
4152	-0.553748
4153	-0.553748
4154	-0.553748
4155	-0.553748
4156	-0.553748
4157	-0.553748
4158	-0.553748
4159	-0.553748
4160	1.04281
4161	-0.814342
4162	0.868515
4163	0.868515
4164	0.868515
4165	-0.557036
4166	0.371303
4167	0.371303
4168	0.371303
4169	0.371303
4170	0.371303
4171	0.371303
4172	-1.18259
4173	-1.18259
4174	-1.08973
4175	-1.08973
4176	-0.302788
4177	-0.461511
4178	0.717481
4179	0.823178
4180	0.823178
4181	0.823178
4182	0.823178
4183	-1.63547
4184	0.00804682
4185	0.00804682
4186	0.184638
4187	-0.646577
4188	-1.55438
4189	-0.719326
4190	-0.719326
4191	-0.24217
4192	-1.65675
4193	-1.65675
4194	0.796429
4195	0.796429
4196	-1.13
4197	-1.13
4198	0.944838
4199	0.944838
4200	0.932652
4201	0.932652
4202	-0.557328
4203	-0.557328
4204	-0.778875
4205	-0.778875
4206	-1.06189
4207	-1.06189
4208	-1.20121
4209	-0.0104317
4210	-0.0104317
4211	0.457733
4212	0.457733
4213	-0.560838
4214	-0.560838
4215	-0.253633
4216	0.878541
4217	0.878541
4218	1.31057
4219	1.14204
4220	0.602071
4221	0.602071
4222	0.602071
4223	0.602071
4224	-1.25859
4225	-1.25859
4226	0.447424
4227	0.447424
4228	-1.13434
4229	-1.25833
4230	-1.25833
4231	-1.25833
4232	-1.25833
4233	-1.25833
4234	-1.25833
4235	-1.23694
4236	-1.23694
4237	1.25075
4238	1.25075
4239	0.144108
4240	0.144108
4241	-1.0995
4242	-1.0995
4243	0.462483
4244	0.462483
4245	0.462483
4246	0.408034
4247	-0.337205
4248	-0.337205
4249	-0.337205
4250	-0.59647
4251	-0.59647
4252	-0.59647
4253	-0.59647
4254	-0.59647
4255	-0.59647
4256	0.704416
4257	0.704416
4258	0.841733
4259	0.841733
4260	0.87309
4261	1.0195
4262	1.0195
4263	1.0195
4264	-0.0107186
4265	-1.28642
4266	-1.22892
4267	0.0661073
4268	0.0661073
4269	0.0661073
4270	1.36246
4271	-0.444159
4272	-0.444159
4273	-0.495099
4274	-0.217071
4275	0.8156
4276	0.8156
4277	0.8156
4278	0.8156
4279	0.8156
4280	0.807268
4281	0.807268
4282	0.807268
4283	-0.804447
4284	0.327196
4285	0.327196
4286	0.327196
4287	0.327196
4288	-0.426505
4289	1.3959
4290	1.3959
4291	1.3959
4292	1.3959
4293	-0.112263
4294	-0.112263
4295	-0.112263
4296	-0.112263
4297	-0.112263
4298	-0.112263
4299	-0.112263
4300	-0.112263
4301	-1.33045
4302	-1.33045
4303	-1.33045
4304	-1.368
4305	1.00818
4306	1.00818
4307	-0.931901
4308	0.112306
4309	-0.973002
4310	-0.973002
4311	-0.973002
4312	-0.973002
4313	-0.973002
4314	0.707392
4315	1.41345
4316	-0.714533
4317	-0.714533
4318	-0.714533
4319	-0.714533
4320	0.833664
4321	0.833664
4322	0.833664
4323	-0.821477
4324	-1.21897
4325	0.0526977
4326	0.0526977
4327	-1.38745
4328	-1.38745
4329	1.0344
4330	1.0344
4331	1.0344
4332	-0.34817
4333	-0.34817
4334	-0.34817
4335	1.87098
4336	1.19763
4337	0.356617
4338	0.747238
4339	0.747238
4340	-1.50742
4341	-1.50742
4342	-0.705661
4343	1.00486
4344	-0.523975
4345	0.894651
4346	-0.604017
4347	-0.604017
4348	-0.604017
4349	0.889932
4350	-0.590006
4351	-0.604231
4352	0.584034
4353	0.584034
4354	-0.760914
4355	-1.03205
4356	0.140836
4357	0.140836
4358	0.153999
4359	-0.179338
4360	0.98045
4361	1.4155
4362	1.4155
4363	1.4155
4364	1.4155
4365	0.331414
4366	0.331414
4367	0.331414
4368	0.331414
4369	0.331414
4370	0.331414
4371	0.440604
4372	0.440604
4373	0.440604
4374	-1.13805
4375	1.24825
4376	0.491516
4377	0.491516
4378	0.491516
4379	-1.05661
4380	-1.05661
4381	-1.05661
4382	-0.159157
4383	-0.159157
4384	-0.159157
4385	-0.159157
4386	1.40052
4387	1.40052
4388	1.09979
4389	-0.123643
4390	-1.23633
4391	0.542376
4392	-0.505465
4393	-0.505465
4394	-0.505465
4395	-0.505465
4396	0.905871
4397	0.905871
4398	0.905871
4399	0.684225
4400	0.573373
4401	-0.426518
4402	-0.426518
4403	1.01319
4404	1.01319
4405	1.16876
4406	1.16876
4407	1.16876
4408	1.16876
4409	1.16876
4410	0.0346663
4411	0.0346663
4412	0.0346663
4413	0.0346663
4414	0.0346663
4415	0.0346663
4416	-1.18416
4417	-0.949291
4418	-1.54936
4419	-1.54936
4420	-0.489966
4421	-0.489966
4422	-0.489966
4423	-0.489966
4424	-1.07736
4425	-1.07736
4426	-1.07736
4427	-1.07736
4428	-0.758959
4429	-0.758959
4430	-1.14351
4431	-1.14351
4432	-1.14351
4433	1.583
4434	0.350841
4435	-1.22687
4436	0.179551
4437	0.179551
4438	-2.35556
4439	-2.35556
4440	-2.35556
4441	-2.35556
4442	-2.35556
4443	-0.545631
4444	0.340395
4445	0.340395
4446	-1.08315
4447	1.29762
4448	-1.34538
4449	-1.34538
4450	-1.34538
4451	-1.34538
4452	-1.34538
4453	0.264807
4454	0.264807
4455	-0.910597
4456	-0.437433
4457	-0.437433
4458	-0.437433
4459	-0.904076
4460	-1.73107
4461	-0.284411
4462	-0.284411
4463	0.137145
4464	1.18037
4465	0.209933
4466	0.209933
4467	-0.668773
4468	-0.668773
4469	-0.743275
4470	-0.743275
4471	0.947382
4472	1.47797
4473	-0.526094
4474	-0.526094
4475	-0.526094
4476	1.01416
4477	1.01416
4478	1.38546
4479	1.38546
4480	0.177786
4481	1.07972
4482	1.40907
4483	0.246337
4484	0.245722
4485	-0.10806
4486	-1.00263
4487	0.608352
4488	0.608352
4489	0.608352
4490	0.608352
4491	0.576913
4492	0.576913
4493	0.576913
4494	-0.495508
4495	-0.495508
4496	1.12545
4497	1.12545
4498	0.125071
4499	0.125071
4500	0.125071
4501	0.125071
4502	1.01583
4503	0.984163
4504	1.1769
4505	1.1769
4506	1.1769
4507	1.1769
4508	1.1769
4509	0.846597
4510	0.846597
4511	-0.561535
4512	0.993095
4513	0.993095
4514	0.993095
4515	0.993095
4516	0.993095
4517	0.993095
4518	0.993095
4519	0.993095
4520	0.993095
4521	0.993095
4522	0.588766
4523	-0.514491
4524	0.355492
4525	0.355492
4526	-0.625709
4527	-0.625709
4528	0.910569
4529	-1.25103
4530	0.109163
4531	0.497951
4532	0.497951
4533	1.39234
4534	-0.998375
4535	-0.241584
4536	-0.241584
4537	-0.633216
4538	-0.633216
4539	-1.52441
4540	-0.585723
4541	-0.585723
4542	-0.585723
4543	-0.585723
4544	-0.239112
4545	-0.305318
4546	0.844337
4547	0.480829
4548	0.480829
4549	-0.758964
4550	-0.758964
4551	-0.758964
4552	-1.27868
4553	-1.27868
4554	-1.27868
4555	0.480755
4556	-0.341801
4557	0.911444
4558	0.911444
4559	1.2822
4560	-0.181663
4561	-0.181663
4562	-0.472882
4563	-0.831324
4564	-0.264119
4565	-0.264119
4566	0.571138
4567	0.571138
4568	0.761745
4569	0.695685
4570	0.725144
4571	0.725144
4572	0.725144
4573	0.725144
4574	1.73062
4575	1.73062
4576	-0.40047
4577	1.11911
4578	1.46871
4579	1.46871
4580	0.93224
4581	1.51493
4582	0.335877
4583	0.335877
4584	-1.04525
4585	1.01811
4586	1.01811
4587	1.01811
4588	1.21859
4589	-0.0899324
4590	-0.0899324
4591	-0.0899324
4592	-0.311912
4593	-0.311912
4594	-0.789356
4595	-0.831529
4596	-0.831529
4597	-0.831529
4598	0.212747
4599	0.212747
4600	-0.302753
4601	-0.806435
4602	1.73956
4603	1.73956
4604	1.73956
4605	0.806895
4606	1.20382
4607	1.20382
4608	1.20382
4609	1.20382
4610	1.20382
4611	-0.952567
4612	-0.952567
4613	-0.952567
4614	-0.952567
4615	0.0361048
4616	-0.739032
4617	-0.739032
4618	0.592382
4619	0.592382
4620	0.979266
4621	0.320389
4622	0.320389
4623	-0.400403
4624	-1.18274
4625	-0.897903
4626	-0.897903
4627	-0.897903
4628	0.77008
4629	-1.3585
4630	-0.434334
4631	0.655739
4632	0.655739
4633	0.655739
4634	0.655739
4635	0.655739
4636	-1.03674
4637	0.0755071
4638	-0.739117
4639	-1.17569
4640	-1.17569
4641	-1.17569
4642	0.223025
4643	0.223025
4644	0.449203
4645	-0.439474
4646	-0.605606
4647	-0.605606
4648	-0.605606
4649	-0.605606
4650	-0.857557
4651	-0.857557
4652	-0.857941
4653	-0.857941
4654	0.706458
4655	0.706458
4656	0.706458
4657	0.706458
4658	1.01193
4659	0.0556765
4660	0.201364
4661	-0.234584
4662	-1.45628
4663	0.957508
4664	0.957508
4665	1.3616
4666	1.3616
4667	-0.109476
4668	-0.640952
4669	-0.223724
4670	-0.223724
4671	0.206898
4672	0.206898
4673	0.206898
4674	-0.848629
4675	0.896554
4676	1.53175
4677	1.53175
4678	1.53175
4679	1.53175
4680	1.81714
4681	0.979725
4682	1.23476
4683	-0.753761
4684	-0.753761
4685	-0.192293
4686	0.399498
4687	0.399498
4688	0.979896
4689	-0.150655
4690	-0.150655
4691	-0.150655
4692	1.07697
4693	1.07697
4694	1.07697
4695	1.01325
4696	1.01325
4697	-0.579337
4698	-0.579337
4699	-0.658968
4700	-0.658968
4701	-0.658968
4702	-1.16107
4703	-0.682374
4704	-0.769658
4705	-0.769658
4706	-0.769658
4707	-0.820185
4708	-0.359031
4709	-0.359031
4710	-0.359031
4711	-0.594845
4712	-0.228097
4713	0.766049
4714	1.11945
4715	-1.11071
4716	-1.11071
4717	-1.11071
4718	0.712924
4719	0.712924
4720	0.712924
4721	1.35372
4722	-0.131617
4723	-0.613786
4724	-0.613786
4725	-1.688
4726	-1.31748
4727	0.795839
4728	-1.28804
4729	-1.28804
4730	-0.802032
4731	-0.0600281
4732	0.362729
4733	1.67395
4734	1.67395
4735	1.84268
4736	1.84268
4737	-0.449722
4738	-0.243117
4739	-0.243117
4740	-0.243117
4741	-0.243117
4742	-0.243117
4743	-0.243117
4744	1.07644
4745	-0.730172
4746	1.65034
4747	1.65034
4748	1.65034
4749	1.65034
4750	1.65034
4751	1.65034
4752	1.36747
4753	0.379632
4754	0.379632
4755	0.647104
4756	-0.753047
4757	0.969632
4758	0.892629
4759	1.13473
4760	1.13473
4761	0.333631
4762	-0.307641
4763	0.128814
4764	0.128814
4765	-0.119328
4766	-0.119328
4767	1.4156
4768	-0.0701585
4769	-1.21575
4770	-1.21575
4771	0.367132
4772	-0.254207
4773	-0.94524
4774	-0.94524
4775	0.269301
4776	0.269301
4777	0.269301
4778	-1.09847
4779	0.979507
4780	0.979507
4781	0.0500967
4782	0.0500967
4783	0.0500967
4784	-0.391858
4785	-0.391858
4786	-0.391858
4787	-0.391858
4788	1.08431
4789	1.08431
4790	1.08431
4791	1.50356
4792	1.36269
4793	-0.488903
4794	-0.488903
4795	0.788727
4796	0.571259
4797	-0.325647
4798	-0.930284
4799	-0.930284
4800	-0.930284
4801	-0.69002
4802	-0.69002
4803	1.09412
4804	1.09412
4805	0.225189
4806	1.32372
4807	-1.20362
4808	0.689823
4809	0.689823
4810	0.689823
4811	0.689823
4812	0.689823
4813	0.689823
4814	0.689823
4815	1.02561
4816	1.02561
4817	1.02561
4818	0.607889
4819	-0.720736
4820	-0.379061
4821	-1.04479
4822	-1.04479
4823	-1.04479
4824	-1.04479
4825	-1.04479
4826	1.46286
4827	0.885333
4828	-0.87345
4829	-0.789149
4830	0.940095
4831	-0.638827
4832	1.15005
4833	0.701865
4834	-1.37353
4835	0.432908
4836	0.432908
4837	-0.578145
4838	-0.578145
4839	1.52053
4840	1.52053
4841	1.52053
4842	0.287959
4843	-1.11912
4844	-1.11912
4845	-0.193445
4846	1.42599
4847	1.09559
4848	1.09559
4849	1.09559
4850	1.09559
4851	1.09559
4852	1.09559
4853	0.872115
4854	-1.58018
4855	-1.58018
4856	-1.58018
4857	-1.58018
4858	-1.58018
4859	-0.867449
4860	0.79735
4861	-0.492827
4862	1.26853
4863	1.20301
4864	1.05941
4865	0.0670137
4866	1.15254
4867	0.622188
4868	0.622188
4869	0.622188
4870	0.199369
4871	0.199369
4872	-0.412852
4873	-0.412852
4874	0.720603
4875	-0.45647
4876	-0.646416
4877	-0.646416
4878	0.115981
4879	-0.562662
4880	-0.0518977
4881	-0.478524
4882	0.824724
4883	0.455261
4884	1.07495
4885	-0.952482
4886	0.667246
4887	0.667246
4888	0.667246
4889	1.24069
4890	1.24069
4891	1.24069
4892	0.587307
4893	0.587307
4894	-1.51298
4895	-0.861038
4896	0.729046
4897	-0.970491
4898	1.30519
4899	1.30519
4900	1.30519
4901	1.44942
4902	1.44942
4903	0.0458221
4904	0.0458221
4905	0.0458221
4906	0.729113
4907	0.729113
4908	0.729113
4909	0.729113
4910	0.119781
4911	0.527767
4912	0.13241
4913	0.13241
4914	-0.790363
4915	-0.790363
4916	-0.5158
4917	-0.5158
4918	1.6355
4919	-0.192769
4920	-0.192769
4921	-0.192769
4922	0.560149
4923	1.14111
4924	0.441086
4925	0.441086
4926	0.441086
4927	0.0968629
4928	-0.397379
4929	0.892516
4930	1.21362
4931	0.971997
4932	0.753272
4933	-1.23299
4934	1.35234
4935	1.35234
4936	1.35234
4937	1.35234
4938	0.938399
4939	-0.405056
4940	-0.405056
4941	-0.706242
4942	-0.185363
4943	-0.185363
4944	-0.185363
4945	-0.185363
4946	1.0833
4947	0.188314
4948	0.304586
4949	-1.69731
4950	-1.31215
4951	-0.732095
4952	-0.514577
4953	0.721872
4954	0.721872
4955	-1.29591
4956	-1.29591
4957	-1.29591
4958	-0.777308
4959	-0.777308
4960	-0.777308
4961	-0.777308
4962	-1.51445
4963	-1.51445
4964	-1.51445
4965	-1.12896
4966	-1.12896
4967	-0.802286
4968	0.57219
4969	0.57219
4970	0.57219
4971	-0.428865
4972	-0.428865
4973	-0.428865
4974	-0.906596
4975	-0.906596
4976	-0.906596
4977	-0.906596
4978	1.07939
4979	1.07939
4980	1.08956
4981	0.722767
4982	1.18561
4983	1.18561
4984	1.18561
4985	1.18561
4986	1.18561
4987	-1.28544
4988	-1.28544
4989	-1.28544
4990	-0.306366
4991	-0.828316
4992	-1.61783
4993	-1.61783
4994	-0.576216
4995	-0.576216
4996	0.257582
4997	0.257582
4998	0.257582
4999	0.257582
5000	0.428931
5001	-1.35058
5002	-1.35058
5003	-1.35058
5004	0.717838
5005	0.353284
5006	0.353284
5007	1.24235
5008	1.24235
5009	1.24235
5010	0.103109
5011	0.103109
5012	0.103109
5013	1.80874
5014	1.80874
5015	1.80874
5016	1.80874
5017	1.80874
5018	0.192634
5019	0.192634
5020	0.192634
5021	0.192634
5022	0.629926
5023	0.403802
5024	0.987173
5025	0.0598577
5026	0.992085
5027	0.992085
5028	0.992085
5029	1.53882
5030	-1.06524
5031	1.43861
5032	1.43861
5033	1.43861
5034	1.43861
5035	1.43861
5036	1.43861
5037	1.45824
5038	-0.118227
5039	0.416709
5040	1.5342
5041	-0.247074
5042	0.610183
5043	0.610183
5044	0.610183
5045	0.610183
5046	0.610183
5047	-1.16866
5048	-1.16866
5049	-0.99091
5050	-0.0368256
5051	-0.564262
5052	-0.564262
5053	-0.564262
5054	0.19585
5055	-0.452284
5056	1.12903
5057	0.139196
5058	0.139196
5059	-0.567762
5060	-0.567762
5061	-0.00869888
5062	-0.00869888
5063	-1.12301
5064	-1.12301
5065	0.414886
5066	0.414886
5067	0.414886
5068	0.414886
5069	-1.2996
5070	-1.2996
5071	-1.2996
5072	-1.39997
5073	-1.39997
5074	-1.06792
5075	-0.926199
5076	-0.926199
5077	1.05427
5078	1.05427
5079	-0.896668
5080	-0.059079
5081	-0.059079
5082	1.98677
5083	1.98677
5084	1.27872
5085	0.123417
5086	1.45204
5087	0.682191
5088	0.780682
5089	0.455822
5090	1.13256
5091	-0.271274
5092	0.381068
5093	-0.777375
5094	1.19014
5095	1.19014
5096	1.19014
5097	1.19014
5098	-1.29995
5099	-1.29995
5100	1.00109
5101	-1.14847
5102	-1.14847
5103	-1.14847
5104	-0.0128041
5105	0.0585304
5106	0.0585304
5107	0.387915
5108	-0.587533
5109	-0.587533
5110	-0.503532
5111	-1.1323
5112	0.415036
5113	0.0286967
5114	-0.973211
5115	-0.973211
5116	-0.212856
5117	1.37265
5118	1.00162
5119	1.00162
5120	1.00162
5121	0.968777
5122	0.131151
5123	-0.721674
5124	-0.721674
5125	-0.721674
5126	-0.721674
5127	0.846496
5128	0.846496
5129	0.846496
5130	0.846496
5131	0.608357
5132	0.608357
5133	0.608357
5134	0.608357
5135	0.608357
5136	0.608357
5137	0.608357
5138	-0.180015
5139	-1.3856
5140	-0.875852
5141	-0.875852
5142	0.316233
5143	0.316233
5144	0.316233
5145	0.780105
5146	0.948306
5147	0.790082
5148	-0.765489
5149	0.881995
5150	0.975178
5151	0.975178
5152	0.975178
5153	0.975178
5154	-1.38235
5155	-1.38235
5156	-1.38235
5157	0.13701
5158	0.56143
5159	0.56143
5160	0.56143
5161	0.56143
5162	-0.100625
5163	0.0343796
5164	0.0343796
5165	1.50287
5166	1.50287
5167	1.50287
5168	-0.572858
5169	-0.572858
5170	0.254236
5171	0.254236
5172	-0.256245
5173	-0.256245
5174	1.69653
5175	1.69653
5176	1.69653
5177	1.14304
5178	1.57219
5179	1.3659
5180	1.56528
5181	1.56528
5182	-0.244774
5183	1.08158
5184	-0.678654
5185	-0.678654
5186	-0.678654
5187	1.45474
5188	-0.320975
5189	-0.320975
5190	-0.331677
5191	0.688269
5192	-0.108358
5193	0.250247
5194	0.941818
5195	1.03483
5196	1.03483
5197	1.03483
5198	1.03483
5199	1.03483
5200	1.22442
5201	1.22442
5202	1.22442
5203	1.68025
5204	-0.0802978
5205	-0.0802978
5206	2.01154
5207	0.187747
5208	0.187747
5209	0.187747
5210	0.187747
5211	0.187747
5212	0.808643
5213	0.808643
5214	1.07415
5215	1.07415
5216	1.07415
5217	-0.720444
5218	-0.720444
5219	-0.698562
5220	-0.731289
5221	-0.209639
5222	-0.209639
5223	-1.13711
5224	0.11202
5225	-1.49017
5226	-0.582415
5227	-0.087678
5228	-0.404709
5229	-0.404709
5230	-0.404709
5231	-0.524892
5232	-0.524892
5233	-0.524892
5234	-0.524892
5235	1.52469
5236	-0.955794
5237	-0.585236
5238	-0.585236
5239	0.822715
5240	1.72848
5241	1.59847
5242	1.59847
5243	1.59847
5244	-0.437413
5245	-1.29084
5246	0.843562
5247	-0.0895686
5248	0.353573
5249	1.50732
5250	1.50732
5251	-0.199364
5252	1.31758
5253	-1.37541
5254	0.77542
5255	-0.767349
5256	-0.767349
5257	1.29316
5258	-0.899379
5259	-0.899379
5260	-0.899379
5261	0.164157
5262	0.164157
5263	1.02253
5264	0.293417
5265	0.243472
5266	0.243472
5267	-1.06263
5268	-1.06263
5269	-1.06263
5270	0.625313
5271	0.138165
5272	-0.780962
5273	1.27674
5274	-1.06433
5275	-1.06433
5276	-1.06433
5277	-1.06433
5278	-1.06433
5279	-1.06433
5280	0.148237
5281	0.148237
5282	1.17314
5283	1.17314
5284	0.482579
5285	1.12081
5286	-0.146456
5287	-0.146456
5288	0.708415
5289	0.708415
5290	0.331647
5291	0.331647
5292	0.331647
5293	-0.109421
5294	-0.109421
5295	-0.757048
5296	-0.307711
5297	-0.307711
5298	-0.307711
5299	-1.50839
5300	-1.73778
5301	0.548344
5302	0.548344
5303	0.715642
5304	0.715642
5305	0.715642
5306	-1.06238
5307	1.13089
5308	1.1279
5309	-1.621
5310	1.02607
5311	-0.522818
5312	-0.522818
5313	-0.522818
5314	-0.522818
5315	-0.522818
5316	-0.897659
5317	-0.897659
5318	0.580458
5319	0.580458
5320	0.580458
5321	0.386272
5322	0.386272
5323	0.46788
5324	-1.85598
5325	-1.85598
5326	-1.85598
5327	-1.85598
5328	-0.857257
5329	-0.857257
5330	-0.857257
5331	0.109557
5332	-0.123925
5333	0.25271
5334	0.25271
5335	0.25271
5336	0.25271
5337	1.08015
5338	1.08015
5339	-1.20649
5340	0.0581441
5341	0.0581441
5342	0.63714
5343	0.63714
5344	0.63714
5345	1.05091
5346	1.05091
5347	1.13124
5348	1.13124
5349	1.13124
5350	-0.0628224
5351	-0.101859
5352	0.294482
5353	0.294482
5354	0.267915
5355	0.267915
5356	0.267915
5357	1.37141
5358	1.37141
5359	1.37141
5360	1.37141
5361	-0.90692
5362	-0.847481
5363	-0.847481
5364	-0.847481
5365	-1.34759
5366	-0.625606
5367	-1.15948
5368	-1.15948
5369	-1.15948
5370	-0.646081
5371	0.567184
5372	0.567184
5373	0.567184
5374	0.567184
5375	-0.826947
5376	0.195783
5377	-0.196323
5378	-0.196323
5379	-0.358061
5380	-0.358061
5381	-0.358061
5382	-0.358061
5383	-0.306008
5384	-0.306008
5385	0.697107
5386	-0.173458
5387	-0.173458
5388	-1.17072
5389	0.55224
5390	0.55224
5391	0.55224
5392	-0.358965
5393	-0.358965
5394	-0.358965
5395	0.420421
5396	-1.03915
5397	0.833715
5398	-0.0441112
5399	0.178958
5400	0.0105297
5401	0.0105297
5402	0.0105297
5403	0.0105297
5404	-0.606669
5405	-0.606669
5406	-0.606669
5407	-0.635156
5408	-0.635156
5409	1.07641
5410	1.07641
5411	1.07641
5412	1.07641
5413	-1.3709
5414	-1.3709
5415	-1.02014
5416	0.560879
5417	-0.254018
5418	-0.815222
5419	-0.734345
5420	-0.734345
5421	-0.842186
5422	-0.842186
5423	0.870451
5424	0.870451
5425	0.870451
5426	0.870451
5427	0.870451
5428	0.870451
5429	1.43339
5430	1.00918
5431	1.00918
5432	1.00918
5433	-0.630693
5434	-0.630693
5435	-0.00292348
5436	1.3265
5437	-0.172419
5438	-1.15229
5439	-1.15229
5440	-1.15229
5441	-1.15229
5442	1.42119
5443	0.233983
5444	0.233983
5445	0.295548
5446	0.295548
5447	0.295548
5448	0.295548
5449	0.295548
5450	0.568519
5451	-0.0298843
5452	-0.0298843
5453	-0.0298843
5454	-0.0298843
5455	0.140084
5456	0.140084
5457	0.140084
5458	-1.06239
5459	-1.06239
5460	-1.06239
5461	-1.06239
5462	-1.06239
5463	-1.06239
5464	1.05342
5465	1.05342
5466	1.05342
5467	1.05342
5468	0.192667
5469	0.58702
5470	0.58702
5471	0.58702
5472	0.58702
5473	-0.317258
5474	0.489832
5475	0.489832
5476	-1.13478
5477	-1.13478
5478	-0.716755
5479	-0.716755
5480	-1.42638
5481	-1.42638
5482	0.471032
5483	0.471032
5484	0.471032
5485	0.471032
5486	0.471032
5487	-0.545948
5488	-0.831166
5489	0.596275
5490	-1.5588
5491	-0.0650955
5492	-0.370189
5493	-0.737686
5494	-0.737686
5495	-0.737224
5496	-0.737224
5497	-0.737224
5498	-0.737224
5499	-0.737224
5500	-0.737224
5501	-0.931518
5502	-0.931518
5503	1.47869
5504	1.47869
5505	-0.510694
5506	-0.510694
5507	-1.05814
5508	-0.649369
5509	0.77307
5510	-1.79068
5511	-1.79068
5512	-1.79068
5513	-1.79068
5514	-1.79068
5515	-1.79068
5516	-0.917577
5517	-0.72117
5518	0.78907
5519	0.78907
5520	0.78907
5521	0.78907
5522	-1.29916
5523	-1.29916
5524	-1.29916
5525	1.04968
5526	-1.0678
5527	-0.731962
5528	-1.2641
5529	-1.2641
5530	0.495159
5531	0.495159
5532	0.495159
5533	-0.276941
5534	0.241331
5535	0.241331
5536	1.14058
5537	1.14058
5538	1.16993
5539	-1.28777
5540	-1.28777
5541	-1.80242
5542	-1.80242
5543	0.161034
5544	0.647207
5545	-0.690595
5546	-0.690595
5547	-1.15559
5548	0.97443
5549	-0.570456
5550	-0.570456
5551	-0.570456
5552	-1.73528
5553	-1.38227
5554	-1.38227
5555	-0.752083
5556	-0.752083
5557	-0.752083
5558	-0.454266
5559	-0.454266
5560	-0.454266
5561	0.161399
5562	0.534198
5563	-0.604491
5564	-0.911454
5565	0.457129
5566	-0.951513
5567	-0.951513
5568	-0.37553
5569	-0.502494
5570	-0.0660668
5571	-0.0660668
5572	-0.524972
5573	-0.260672
5574	-0.260672
5575	0.37976
5576	-0.739885
5577	-0.739885
5578	0.400263
5579	0.400263
5580	0.400263
5581	0.400263
5582	0.400263
5583	0.400263
5584	-1.27272
5585	-1.27272
5586	-1.27272
5587	-0.289969
5588	-0.289969
5589	-0.33307
5590	1.84174
5591	1.84174
5592	1.84174
5593	1.67692
5594	1.67692
5595	1.67692
5596	1.67692
5597	1.67692
5598	0.729519
5599	0.729519
5600	0.729519
5601	1.19329
5602	1.19329
5603	1.19329
5604	0.618423
5605	0.618423
5606	0.618423
5607	0.618423
5608	-0.264924
5609	-0.264924
5610	0.467517
5611	0.464861
5612	-0.145409
5613	0.349039
5614	0.0779222
5615	1.39773
5616	1.39773
5617	0.592253
5618	-0.749513
5619	-0.749513
5620	1.25499
5621	0.143332
5622	1.47069
5623	-0.912282
5624	-0.912282
5625	-1.33298
5626	-0.378073
5627	0.867084
5628	0.867084
5629	0.867084
5630	0.787617
5631	0.787617
5632	1.06117
5633	-0.228931
5634	0.30611
5635	0.30611
5636	0.044135
5637	0.044135
5638	0.044135
5639	0.044135
5640	0.219152
5641	0.158689
5642	1.28329
5643	-0.0708105
5644	-0.0708105
5645	1.34556
5646	-0.553321
5647	-0.553321
5648	-0.553321
5649	-0.553321
5650	0.394145
5651	0.394145
5652	-0.645019
5653	-0.690703
5654	-0.690703
5655	-0.690703
5656	-0.619917
5657	-0.619917
5658	0.342015
5659	0.342015
5660	0.342015
5661	1.06462
5662	0.177344
5663	-0.814587
5664	0.6686
5665	0.570521
5666	0.707902
5667	0.707902
5668	0.707902
5669	-0.0600603
5670	-0.446692
5671	-0.446692
5672	0.0761437
5673	0.0761437
5674	0.0761437
5675	-1.495
5676	-1.495
5677	-1.495
5678	-0.996154
5679	0.0560581
5680	-0.415881
5681	-0.415881
5682	-0.413604
5683	-0.169158
5684	-0.112183
5685	0.213851
5686	0.924112
5687	0.924112
5688	0.924112
5689	0.659066
5690	0.659066
5691	0.659066
5692	-1.44125
5693	-1.44125
5694	-0.904707
5695	-0.904707
5696	-0.904707
5697	-0.904707
5698	-0.904707
5699	-0.904707
5700	-1.26259
5701	-1.26259
5702	0.586371
5703	0.42576
5704	0.42576
5705	0.42576
5706	-0.245712
5707	1.83919
5708	1.83919
5709	0.606822
5710	1.07459
5711	0.581744
5712	0.581744
5713	0.581744
5714	0.581744
5715	0.581744
5716	0.581744
5717	0.581744
5718	1.10575
5719	0.327168
5720	0.327168
5721	0.327168
5722	-0.399121
5723	-0.399121
5724	0.673506
5725	0.760211
5726	0.760211
5727	0.760211
5728	0.760211
5729	0.760211
5730	1.28467
5731	1.28467
5732	1.28467
5733	0.120298
5734	0.441925
5735	0.407464
5736	0.407464
5737	1.32446
5738	0.718057
5739	0.718057
5740	0.718057
5741	0.275322
5742	0.275322
5743	0.275322
5744	0.275322
5745	0.275322
5746	0.275322
5747	0.275322
5748	0.275322
5749	0.275322
5750	-0.387961
5751	-0.387961
5752	-1.30366
5753	-1.22508
5754	-1.55474
5755	-1.55474
5756	-1.55474
5757	0.305505
5758	0.305505
5759	-0.289535
5760	0.686351
5761	-1.09292
5762	-1.80826
5763	-1.80826
5764	-1.80826
5765	-1.80826
5766	-1.80826
5767	0.271494
5768	-0.485938
5769	0.288308
5770	0.288308
5771	0.133054
5772	0.0703474
5773	0.0703474
5774	0.0703474
5775	0.0703474
5776	0.0703474
5777	0.0703474
5778	-0.52341
5779	-0.524629
5780	-0.524629
5781	-0.524629
5782	0.563242
5783	-0.565739
5784	-0.185184
5785	-0.185184
5786	-0.185184
5787	-0.185184
5788	-0.185184
5789	-0.185184
5790	-0.159269
5791	-0.475196
5792	1.2125
5793	-0.873086
5794	-0.873086
5795	-0.873086
5796	-0.873086
5797	-0.873086
5798	0.724899
5799	0.724899
5800	0.652581
5801	0.652581
5802	0.497359
5803	0.497359
5804	0.497359
5805	0.497359
5806	0.497359
5807	1.23186
5808	0.335333
5809	0.335333
5810	0.335333
5811	-1.34526
5812	-1.34526
5813	0.853423
5814	0.853423
5815	0.97431
5816	-1.05444
5817	-1.05444
5818	-0.0509838
5819	-0.0509838
5820	0.525664
5821	0.525664
5822	0.525664
5823	1.15146
5824	0.328499
5825	1.19058
5826	-0.355318
5827	0.557447
5828	0.557447
5829	0.557447
5830	0.521542
5831	0.521542
5832	0.521542
5833	-0.197162
5834	1.10899
5835	1.10899
5836	1.10899
5837	0.910172
5838	-0.457455
5839	-0.509451
5840	-0.509451
5841	-0.509451
5842	0.436321
5843	0.436321
5844	0.436321
5845	1.26357
5846	-0.744368
5847	0.74832
5848	0.74832
5849	0.115616
5850	-1.10187
5851	0.0836044
5852	0.0836044
5853	0.0836044
5854	0.702144
5855	-1.22094
5856	-0.248806
5857	-0.248806
5858	-0.248806
5859	-0.248806
5860	-0.248806
5861	-0.0820759
5862	-0.0820759
5863	-1.57666
5864	-1.57666
5865	-1.57666
5866	-1.57666
5867	-1.10536
5868	-1.10536
5869	-1.10536
5870	-1.10536
5871	-0.659146
5872	-0.659146
5873	-1.07182
5874	-1.07182
5875	1.13068
5876	1.13068
5877	1.13068
5878	1.13068
5879	1.13068
5880	1.70623
5881	1.19313
5882	1.19313
5883	1.19313
5884	1.19313
5885	1.02397
5886	1.02397
5887	1.02397
5888	1.02397
5889	-0.750929
5890	0.768846
5891	0.768846
5892	-1.08839
5893	-0.804783
5894	0.933292
5895	0.933292
5896	-0.391593
5897	-0.391593
5898	-0.244776
5899	-0.244776
5900	-0.244776
5901	-0.244776
5902	-1.64541
5903	-1.21926
5904	-0.896987
5905	0.761272
5906	-1.05027
5907	0.850493
5908	0.850493
5909	0.850493
5910	-0.685856
5911	-0.685856
5912	0.61071
5913	0.61071
5914	0.295479
5915	0.295479
5916	0.295479
5917	0.295479
5918	0.295479
5919	-0.335258
5920	-0.387732
5921	-0.387732
5922	-1.23408
5923	-1.23408
5924	-1.31004
5925	-0.0929313
5926	-0.0929313
5927	-0.0929313
5928	-0.0929313
5929	0.00547512
5930	0.00547512
5931	0.493662
5932	-0.0307388
5933	-0.0307388
5934	-0.0307388
5935	0.0944922
5936	0.0944922
5937	-0.707871
5938	0.832469
5939	0.832469
5940	0.298783
5941	-0.214499
5942	-1.37153
5943	-1.37153
5944	-1.37153
5945	-1.37153
5946	0.226946
5947	1.33861
5948	-0.994778
5949	-0.994778
5950	1.72485
5951	1.54029
5952	1.54029
5953	1.54737
5954	0.178845
5955	-0.856901
5956	-0.856901
5957	-0.856901
5958	-0.856901
5959	-0.856901
5960	-0.856901
5961	-0.856901
5962	-0.856901
5963	-0.789489
5964	-0.789489
5965	-0.789489
5966	1.34587
5967	-1.31238
5968	-0.670569
5969	-0.670569
5970	-0.943297
5971	-0.943297
5972	0.946901
5973	0.281047
5974	0.531476
5975	1.50452
5976	-0.798355
5977	-0.798355
5978	-0.798355
5979	-0.64726
5980	-0.64726
5981	0.344002
5982	-1.0702
5983	-1.0702
5984	1.61703
5985	-0.318595
5986	-0.318595
5987	-0.98873
5988	-0.98873
5989	-0.98873
5990	-1.47883
5991	-1.47883
5992	-1.17317
5993	1.20076
5994	1.20076
5995	1.20076
5996	-0.507809
5997	-0.507809
5998	-0.507809
5999	-0.507809
6000	0.371757
6001	0.371757
6002	0.371757
6003	1.29656
6004	-1.04596
6005	-1.04596
6006	-1.04596
6007	-1.04596
6008	-0.664219
6009	-1.51168
6010	-1.51168
6011	-1.51168
6012	0.571582
6013	0.571582
6014	0.571582
6015	-0.0585342
6016	-0.0338268
6017	0.0381476
6018	-1.03532
6019	-1.03532
6020	0.658534
6021	0.658534
6022	-0.678124
6023	2.05125
6024	2.05125
6025	2.05125
6026	-0.649994
6027	-1.82359
6028	-1.82359
6029	-0.907093
6030	-0.907093
6031	-1.20925
6032	-1.20925
6033	-1.20925
6034	0.910006
6035	0.910006
6036	0.910006
6037	-0.561156
6038	-1.03404
6039	-1.03404
6040	-0.656649
6041	1.20762
6042	-0.570545
6043	1.42647
6044	1.42647
6045	0.776698
6046	-1.18823
6047	-1.55423
6048	0.11485
6049	-0.461237
6050	-1.11451
6051	0.185409
6052	1.74948
6053	1.16287
6054	1.16287
6055	-1.54466
6056	-1.54466
6057	-1.07985
6058	-0.797061
6059	-0.797061
6060	-0.797061
6061	-0.797061
6062	0.255075
6063	0.255075
6064	0.384645
6065	0.384645
6066	1.59851
6067	1.59851
6068	0.930152
6069	0.55907
6070	0.55907
6071	0.55907
6072	0.085622
6073	0.085622
6074	0.085622
6075	0.085622
6076	0.085622
6077	0.459906
6078	0.459906
6079	0.459906
6080	-1.49579
6081	-1.49579
6082	-1.55982
6083	-1.55982
6084	-0.840133
6085	-0.840133
6086	-0.702827
6087	-0.702827
6088	-0.702827
6089	-0.702827
6090	0.860035
6091	0.860035
6092	0.860035
6093	0.860035
6094	0.860035
6095	-0.0119491
6096	0.793455
6097	0.177416
6098	0.177416
6099	0.177416
6100	0.332021
6101	0.332021
6102	-0.866365
6103	1.62607
6104	1.62607
6105	1.45932
6106	1.45932
6107	1.45932
6108	1.45932
6109	1.45932
6110	1.45932
6111	-0.441353
6112	-0.441353
6113	-0.799705
6114	0.100839
6115	0.84693
6116	0.84693
6117	0.600292
6118	0.600292
6119	0.600292
6120	-1.00118
6121	-1.00118
6122	1.41787
6123	1.41787
6124	1.41787
6125	-1.29426
6126	-1.29426
6127	-1.29426
6128	-1.29426
6129	-1.62484
6130	-1.30102
6131	-1.30102
6132	-1.30102
6133	0.180169
6134	0.180169
6135	0.180169
6136	0.26725
6137	1.04556
6138	-0.856545
6139	-0.856545
6140	0.917201
6141	0.917201
6142	0.917201
6143	-0.706356
6144	-0.706356
6145	-0.706356
6146	-0.706356
6147	-0.706356
6148	-0.531964
6149	-0.531964
6150	-0.531964
6151	0.466021
6152	-0.303642
6153	-0.303642
6154	-0.303642
6155	-0.675208
6156	-0.880844
6157	-0.880844
6158	-1.40603
6159	1.14665
6160	1.14665
6161	1.14665
6162	0.595281
6163	0.531215
6164	-0.767066
6165	-0.767066
6166	-0.767066
6167	0.724282
6168	0.724282
6169	0.724282
6170	0.507048
6171	0.507048
6172	0.507048
6173	0.766839
6174	0.766839
6175	-1.47063
6176	1.25982
6177	0.191684
6178	-1.37231
6179	1.34889
6180	0.727028
6181	-0.933482
6182	-0.933482
6183	-0.933482
6184	-1.45271
6185	0.339075
6186	0.478568
6187	0.478568
6188	0.478568
6189	-1.26064
6190	-1.26064
6191	0.40486
6192	0.40486
6193	1.16523
6194	-1.05277
6195	1.3814
6196	0.95681
6197	0.719123
6198	0.719123
6199	-1.08992
6200	-1.08992
6201	-1.08992
6202	-1.08992
6203	1.20216
6204	0.135693
6205	1.07943
6206	-0.0738544
6207	-0.89195
6208	1.21333
6209	1.21333
6210	1.21333
6211	1.21333
6212	1.21333
6213	0.946647
6214	0.946647
6215	-0.0189702
6216	-0.985409
6217	-0.985409
6218	-0.985409
6219	-0.985409
6220	-0.985409
6221	-0.985409
6222	-1.28158
6223	-1.28158
6224	-1.28158
6225	-1.28158
6226	-1.28158
6227	-1.28158
6228	0.778325
6229	-0.632323
6230	-0.632323
6231	1.14986
6232	-1.08511
6233	-1.05234
6234	-1.05234
6235	-1.05234
6236	0.728206
6237	0.728206
6238	0.172474
6239	-0.752174
6240	-0.752174
6241	-1.02979
6242	-0.471436
6243	-0.471436
6244	-0.471436
6245	-0.471436
6246	-1.14924
6247	-1.28481
6248	-1.28481
6249	1.00352
6250	-1.21503
6251	0.677172
6252	0.932819
6253	0.932819
6254	0.932819
6255	0.932819
6256	-0.353802
6257	-0.353802
6258	-0.353802
6259	-1.10185
6260	-1.10185
6261	-1.10185
6262	-1.10185
6263	0.639501
6264	1.32446
6265	1.32446
6266	0.113068
6267	0.113068
6268	1.47706
6269	1.47706
6270	1.47706
6271	-0.477318
6272	-0.477318
6273	-0.477318
6274	1.52114
6275	1.30145
6276	1.30145
6277	0.23769
6278	0.23769
6279	0.23769
6280	-1.27628
6281	-1.27628
6282	-1.27628
6283	-0.404525
6284	0.715321
6285	0.715321
6286	1.69709
6287	1.69709
6288	-0.180135
6289	-1.25199
6290	-0.90066
6291	-0.90066
6292	-1.31338
6293	-1.31338
6294	0.906868
6295	0.906868
6296	0.470576
6297	0.470576
6298	-0.31014
6299	-0.31014
6300	-0.31014
6301	-0.31014
6302	0.124239
6303	0.124239
6304	0.60567
6305	1.41655
6306	0.354973
6307	0.354973
6308	0.0920911
6309	1.24957
6310	1.24957
6311	-1.24986
6312	-1.24986
6313	-1.24986
6314	-1.24986
6315	0.246868
6316	0.246868
6317	0.246868
6318	0.877818
6319	0.606774
6320	0.606774
6321	0.606774
6322	0.606774
6323	0.559969
6324	-0.0352397
6325	-0.0352397
6326	-0.0352397
6327	-0.0352397
6328	-0.415415
6329	-1.51581
6330	-1.51581
6331	-0.922848
6332	-0.922848
6333	-0.922848
6334	-0.850124
6335	-0.289634
6336	-0.289634
6337	-0.555024
6338	-0.555024
6339	0.823306
6340	0.823306
6341	0.823306
6342	0.823306
6343	0.823306
6344	-0.84659
6345	-0.840269
6346	-0.939547
6347	-0.939547
6348	-0.939547
6349	-0.939547
6350	1.39982
6351	-0.51923
6352	-0.37945
6353	0.574583
6354	0.118513
6355	-0.0167233
6356	1.57854
6357	1.57854
6358	1.57854
6359	1.57854
6360	-0.526731
6361	1.28763
6362	-0.713088
6363	0.98248
6364	-1.59961
6365	-1.59961
6366	-1.1113
6367	-0.181297
6368	-1.24547
6369	1.27558
6370	-0.505482
6371	-0.505482
6372	-0.505482
6373	-0.505482
6374	-0.505482
6375	0.835246
6376	0.835246
6377	-0.192905
6378	-0.192905
6379	0.606128
6380	0.606128
6381	0.606128
6382	0.259417
6383	-1.03986
6384	-1.59572
6385	-1.21372
6386	-1.21372
6387	0.593783
6388	0.593783
6389	0.593783
6390	0.593783
6391	0.593783
6392	0.593783
6393	0.593783
6394	0.376018
6395	0.376018
6396	-1.09827
6397	0.638334
6398	0.638334
6399	0.638334
6400	0.638334
6401	0.638334
6402	0.638334
6403	-1.11632
6404	-1.11632
6405	-0.140925
6406	1.2171
6407	0.494355
6408	0.367119
6409	-1.04799
6410	-0.907494
6411	-0.509982
6412	-0.509982
6413	-0.273464
6414	0.660027
6415	0.660027
6416	0.660027
6417	0.3577
6418	-1.21535
6419	-1.21535
6420	-1.21535
6421	-1.21535
6422	-1.21535
6423	-2.03308
6424	-1.95083
6425	-1.95083
6426	-0.33043
6427	0.834781
6428	0.834781
6429	0.326575
6430	0.326575
6431	-0.35625
6432	-1.11279
6433	-0.253869
6434	-0.253869
6435	-1.28954
6436	0.60025
6437	0.60025
6438	-0.860618
6439	-0.860618
6440	-0.860618
6441	-0.860618
6442	-0.860618
6443	-0.860618
6444	-0.860618
6445	-0.860618
6446	-0.860618
6447	-0.531929
6448	-0.531929
6449	1.13693
6450	1.13693
6451	0.0960843
6452	0.625959
6453	0.625959
6454	-1.33936
6455	1.31775
6456	1.31775
6457	0.449206
6458	0.449206
6459	0.449206
6460	0.449206
6461	0.449206
6462	0.449206
6463	0.449206
6464	0.449206
6465	0.449206
6466	0.668732
6467	0.859335
6468	0.859335
6469	0.859335
6470	0.859335
6471	1.07129
6472	1.07129
6473	-1.40683
6474	0.369103
6475	0.369103
6476	1.53334
6477	0.0149409
6478	-0.0316388
6479	1.03956
6480	0.203238
6481	0.203238
6482	-1.11598
6483	0.351263
6484	-1.64601
6485	-0.119418
6486	-0.916553
6487	-0.916553
6488	-0.916553
6489	-0.916553
6490	-0.916553
6491	-1.43037
6492	-0.96004
6493	-0.96004
6494	0.656673
6495	0.513849
6496	0.513849
6497	0.513849
6498	-1.13721
6499	0.423711
6500	-1.04159
6501	-1.04159
6502	-1.1469
6503	-1.1469
6504	1.10818
6505	1.10818
6506	1.10818
6507	1.20656
6508	1.20656
6509	1.20656
6510	1.20656
6511	-1.4523
6512	0.356719
6513	1.71553
6514	-0.978074
6515	-0.978074
6516	0.615906
6517	0.615906
6518	-0.364023
6519	-0.931817
6520	-0.854029
6521	-0.854029
6522	0.272991
6523	0.272991
6524	0.272991
6525	0.272991
6526	-1.95869
6527	-1.95869
6528	-1.95869
6529	0.750045
6530	0.750045
6531	0.750045
6532	0.158636
6533	0.158636
6534	-0.561096
6535	-0.102304
6536	-0.102304
6537	-0.102304
6538	-0.102304
6539	-1.12283
6540	0.548195
6541	0.742638
6542	0.769742
6543	0.769742
6544	0.911327
6545	0.936455
6546	-0.863691
6547	-0.804533
6548	-0.804533
6549	-0.804533
6550	-0.320394
6551	0.21565
6552	-0.192658
6553	-0.192658
6554	0.119787
6555	0.119787
6556	0.751433
6557	0.751433
6558	0.751433
6559	-1.36747
6560	-1.36747
6561	-1.36747
6562	0.131948
6563	-0.566445
6564	-0.566445
6565	-0.566445
6566	-0.566445
6567	-0.566445
6568	-0.91734
6569	-0.91734
6570	-1.5248
6571	-1.5248
6572	-1.5248
6573	-1.5248
6574	-1.5248
6575	-0.50598
6576	-0.50598
6577	-0.379127
6578	-0.379127
6579	-1.8365
6580	-0.172813
6581	-0.172813
6582	-0.172813
6583	-0.172813
6584	1.29881
6585	1.29881
6586	0.995414
6587	0.995414
6588	-0.118402
6589	-0.127176
6590	-1.09197
6591	-0.150196
6592	-0.150196
6593	-0.150196
6594	-0.150196
6595	-0.150196
6596	-0.150196
6597	1.79181
6598	1.79181
6599	1.79181
6600	0.554783
6601	-0.339519
6602	-0.339519
6603	-0.339519
6604	-0.307686
6605	1.4411
6606	1.4411
6607	-0.457749
6608	0.114173
6609	0.114173
6610	-0.886916
6611	-0.886916
6612	0.39042
6613	-1.29265
6614	-1.29265
6615	-1.29265
6616	-0.743524
6617	-0.743524
6618	-0.17238
6619	-0.17238
6620	0.270383
6621	-0.0046104
6622	0.510147
6623	-0.725211
6624	-0.725211
6625	-0.725211
6626	-0.725211
6627	-0.725211
6628	0.188093
6629	0.337186
6630	0.337186
6631	0.74057
6632	-1.44399
6633	-1.44399
6634	-0.341256
6635	-0.341256
6636	-0.341256
6637	-0.341256
6638	-0.341256
6639	-0.341256
6640	-0.341256
6641	-0.341256
6642	1.60629
6643	-0.350954
6644	-1.35831
6645	-1.35831
6646	-1.35831
6647	0.830813
6648	-1.26377
6649	0.581994
6650	-0.0594959
6651	-1.16329
6652	0.664234
6653	-1.7532
6654	-0.0717911
6655	-0.0717911
6656	-0.0717911
6657	0.275678
6658	-0.188848
6659	-0.188848
6660	0.773635
6661	0.773635
6662	0.773635
6663	0.773635
6664	0.954989
6665	-0.775259
6666	-0.775259
6667	-0.45124
6668	-0.45124
6669	-0.45124
6670	1.52707
6671	1.52707
6672	1.31831
6673	0.0976914
6674	0.0976914
6675	0.0976914
6676	-1.23943
6677	-1.23943
6678	-1.23943
6679	1.2036
6680	1.2036
6681	0.525474
6682	-0.61549
6683	0.691012
6684	0.691012
6685	0.122236
6686	1.29601
6687	1.29601
6688	1.29601
6689	1.29601
6690	1.29601
6691	0.205847
6692	0.666885
6693	0.666885
6694	0.666885
6695	-0.277413
6696	-0.148153
6697	-0.148153
6698	-0.148153
6699	-0.793337
6700	-0.793337
6701	0.354208
6702	0.354208
6703	-0.453435
6704	-0.453435
6705	1.25073
6706	1.25073
6707	1.25073
6708	-0.227083
6709	0.159816
6710	0.159816
6711	-0.255277
6712	-1.52673
6713	1.18854
6714	1.43654
6715	0.706959
6716	0.706959
6717	0.706959
6718	1.23351
6719	1.23351
6720	0.826619
6721	0.826619
6722	0.826619
6723	0.826619
6724	0.543831
6725	0.543831
6726	-0.453077
6727	0.901176
6728	-1.07725
6729	0.0619093
6730	1.21021
6731	1.21021
6732	1.21021
6733	1.21021
6734	-1.32853
6735	-1.32853
6736	-0.920755
6737	-0.608309
6738	-0.608309
6739	-0.701827
6740	-1.53482
6741	-1.53482
6742	-1.53482
6743	0.283926
6744	0.816702
6745	-1.42026
6746	-1.42026
6747	-1.7763
6748	0.629304
6749	-1.37262
6750	0.63869
6751	0.63869
6752	0.63869
6753	0.63869
6754	0.771493
6755	-0.483503
6756	-0.483503
6757	-0.475305
6758	-0.475305
6759	-0.475305
6760	-0.475305
6761	-0.475305
6762	0.316543
6763	-0.10831
6764	-0.10831
6765	-0.10831
6766	-0.10831
6767	1.30975
6768	1.30975
6769	-0.751165
6770	-0.751165
6771	-0.751165
6772	-0.751165
6773	-1.59541
6774	-1.59541
6775	-1.59541
6776	-1.40446
6777	0.316835
6778	-1.1836
6779	-1.1836
6780	0.204572
6781	0.204572
6782	0.204572
6783	0.30603
6784	0.30603
6785	1.23542
6786	-0.59489
6787	1.22002
6788	-0.516713
6789	-0.208329
6790	1.45793
6791	1.45793
6792	-0.5324
6793	-0.906811
6794	0.650243
6795	0.720385
6796	0.782525
6797	0.782525
6798	0.782525
6799	-1.35542
6800	-1.64778
6801	-1.64778
6802	-1.64778
6803	-1.64778
6804	0.00151512
6805	-1.63905
6806	-0.706511
6807	-0.706511
6808	-0.706511
6809	-0.0865365
6810	-0.025431
6811	-0.025431
6812	-1.13728
6813	-1.13728
6814	-1.13728
6815	0.143349
6816	1.02892
6817	1.02892
6818	-0.809788
6819	-0.837773
6820	-0.837773
6821	-0.685021
6822	1.25517
6823	1.25517
6824	-1.14336
6825	-0.875946
6826	-0.875946
6827	-0.875946
6828	-0.0842562
6829	0.0686958
6830	0.0686958
6831	0.0686958
6832	0.0686958
6833	0.0686958
6834	0.0686958
6835	-1.1512
6836	-0.826947
6837	-0.826947
6838	0.826937
6839	0.826937
6840	-0.323691
6841	-1.05596
6842	-1.40283
6843	-0.706078
6844	0.0816342
6845	0.0989225
6846	0.0989225
6847	0.0989225
6848	0.0989225
6849	0.109537
6850	0.109537
6851	0.691389
6852	0.691389
6853	0.691389
6854	0.691389
6855	0.691389
6856	0.691389
6857	-0.32546
6858	-1.55936
6859	-1.55936
6860	-1.55936
6861	-1.55936
6862	1.01421
6863	-1.08095
6864	-1.08095
6865	-1.08095
6866	-1.08095
6867	-0.361109
6868	0.811508
6869	0.811508
6870	0.422182
6871	-1.60004
6872	-1.60004
6873	0.906792
6874	0.43851
6875	-0.211107
6876	-0.716445
6877	-0.716445
6878	0.862321
6879	-1.41683
6880	-1.41683
6881	-0.638116
6882	-0.638116
6883	-0.989979
6884	-0.989979
6885	1.40482
6886	0.276294
6887	-1.39809
6888	-0.267777
6889	-0.99344
6890	0.852951
6891	0.91232
6892	0.91232
6893	0.91232
6894	0.91232
6895	-0.519421
6896	-1.68283
6897	-1.68283
6898	-0.200521
6899	-0.200521
6900	1.37358
6901	1.37358
6902	1.37358
6903	1.24138
6904	0.715043
6905	-0.0668932
6906	-1.00656
6907	1.32617
6908	1.32617
6909	-0.0508956
6910	-0.605257
6911	-0.605257
6912	-0.605257
6913	-0.605257
6914	-0.605257
6915	-0.605257
6916	-0.605257
6917	-0.470834
6918	-0.470834
6919	-0.47085
6920	0.811089
6921	1.77578
6922	-0.408852
6923	-0.408852
6924	-0.069699
6925	-0.689607
6926	-0.280558
6927	-0.280558
6928	-0.280558
6929	0.223146
6930	0.223146
6931	0.414405
6932	0.414405
6933	0.414405
6934	0.414405
6935	-0.117759
6936	-0.117759
6937	-0.117759
6938	0.339132
6939	0.339132
6940	-0.306981
6941	-0.590189
6942	0.544375
6943	0.544375
6944	-0.115688
6945	-0.32068
6946	-0.32068
6947	-0.27941
6948	0.361405
6949	-0.214184
6950	-0.214184
6951	0.294119
6952	0.294119
6953	-0.375871
6954	-0.855693
6955	0.433772
6956	0.433772
6957	1.13722
6958	1.13722
6959	-0.106848
6960	0.0731792
6961	0.892379
6962	0.591002
6963	0.591002
6964	0.591002
6965	0.120915
6966	0.120915
6967	0.342259
6968	1.29523
6969	-1.15305
6970	-0.362254
6971	-0.362254
6972	1.10828
6973	-0.493148
6974	-0.493148
6975	-0.493148
6976	-0.493148
6977	0.935877
6978	0.747924
6979	0.467609
6980	0.490383
6981	0.490383
6982	0.490383
6983	0.490383
6984	0.490383
6985	0.490383
6986	0.490383
6987	0.490383
6988	0.490383
6989	0.490383
6990	0.490383
6991	0.490383
6992	-0.240917
6993	-0.305546
6994	-0.305546
6995	-0.305546
6996	-0.25759
6997	-0.808335
6998	0.781801
6999	0.781801
7000	0.185986
7001	0.858101
7002	-1.41185
7003	-1.41185
7004	-1.00067
7005	1.63008
7006	1.63008
7007	0.284527
7008	0.284527
7009	0.263033
7010	1.9022
7011	-0.811604
7012	-1.30865
7013	-1.30865
7014	-1.30865
7015	-1.30865
7016	-1.08524
7017	-1.08524
7018	1.21925
7019	1.21925
7020	1.21925
7021	1.59536
7022	-0.570374
7023	-0.570374
7024	-0.570374
7025	1.12193
7026	1.12193
7027	1.12193
7028	1.07246
7029	1.07246
7030	1.07246
7031	0.252873
7032	-1.0451
7033	-1.0451
7034	-1.0451
7035	-1.0451
7036	-1.0451
7037	0.832664
7038	0.602094
7039	-0.825692
7040	-0.825692
7041	0.335742
7042	0.465531
7043	0.465531
7044	0.465531
7045	0.465531
7046	0.326595
7047	0.326595
7048	0.326595
7049	0.568776
7050	1.04183
7051	1.04183
7052	1.04183
7053	1.04183
7054	1.04183
7055	1.04183
7056	-0.01775
7057	-1.84627
7058	-1.84627
7059	-1.84627
7060	-1.84627
7061	-0.330247
7062	-0.330247
7063	0.284458
7064	0.300303
7065	-1.20695
7066	0.114982
7067	-1.00628
7068	-1.00628
7069	-1.00628
7070	-1.00628
7071	-1.00628
7072	-1.00628
7073	0.245831
7074	1.09831
7075	1.09831
7076	-0.180311
7077	-1.08196
7078	-0.830853
7079	-0.830853
7080	-0.847411
7081	-0.847411
7082	-0.847411
7083	-0.69879
7084	-0.69879
7085	-0.69879
7086	0.958349
7087	0.584647
7088	0.0441404
7089	0.0441404
7090	0.0441404
7091	-0.16311
7092	-0.16311
7093	-0.0722859
7094	-1.18455
7095	-1.18455
7096	-1.18455
7097	-1.18455
7098	-1.18455
7099	0.341673
7100	-0.913334
7101	0.712629
7102	0.712629
7103	0.712629
7104	0.219261
7105	-0.507214
7106	-0.300189
7107	0.455969
7108	0.455969
7109	0.455969
7110	0.883219
7111	0.883219
7112	0.800706
7113	0.800706
7114	1.05962
7115	-0.318878
7116	-0.318878
7117	0.68147
7118	0.68147
7119	-0.188399
7120	-1.07471
7121	0.908874
7122	1.09697
7123	1.09697
7124	0.396719
7125	0.396719
7126	-0.302904
7127	-0.302904
7128	-0.302904
7129	-0.302904
7130	-0.116018
7131	-0.116018
7132	1.80583
7133	1.80583
7134	1.80583
7135	1.80583
7136	1.80583
7137	1.80583
7138	-0.835114
7139	-0.69263
7140	-1.0936
7141	-1.0936
7142	-1.0936
7143	0.73834
7144	-0.622011
7145	0.709362
7146	0.709362
7147	0.709362
7148	0.709362
7149	0.709362
7150	0.709362
7151	0.709362
7152	1.2454
7153	1.2454
7154	1.63206
7155	-0.0606375
7156	-0.0606375
7157	-0.0606375
7158	1.09961
7159	1.09961
7160	1.09961
7161	-0.233664
7162	-0.315451
7163	-1.20297
7164	0.153486
7165	0.153486
7166	0.153486
7167	0.822696
7168	-1.26329
7169	-1.26329
7170	-1.26329
7171	-1.26329
7172	-1.00395
7173	0.306929
7174	0.306929
7175	-1.11699
7176	-0.769762
7177	-0.877107
7178	-0.877107
7179	-0.877107
7180	-0.877107
7181	-0.877107
7182	-0.877107
7183	-1.07868
7184	-1.07868
7185	-0.917223
7186	-1.30383
7187	-1.30383
7188	-0.779026
7189	0.465033
7190	0.356481
7191	0.356481
7192	0.356481
7193	0.356481
7194	0.356481
7195	0.356481
7196	0.356481
7197	0.515565
7198	0.515565
7199	0.515565
7200	0.996312
7201	-0.0809349
7202	-0.0809349
7203	-0.0809349
7204	-0.0809349
7205	0.268397
7206	0.268397
7207	1.18545
7208	1.18545
7209	1.18545
7210	1.18545
7211	1.49525
7212	1.57688
7213	-0.634273
7214	1.28798
7215	1.28798
7216	1.28798
7217	0.426736
7218	0.426736
7219	-1.1214
7220	-0.996746
7221	-0.996746
7222	-0.197507
7223	2.03778
7224	1.16766
7225	1.16766
7226	1.16766
7227	1.16766
7228	1.16766
7229	1.16766
7230	0.399763
7231	1.06507
7232	1.06507
7233	-0.330419
7234	0.539153
7235	0.539153
7236	0.539153
7237	0.539153
7238	0.797281
7239	0.797281
7240	0.489339
7241	-0.331286
7242	-0.331286
7243	0.524571
7244	0.524571
7245	0.524571
7246	1.06917
7247	0.464494
7248	-0.509399
7249	1.16001
7250	1.16001
7251	-0.798051
7252	-0.798051
7253	1.06738
7254	0.790765
7255	-1.16785
7256	-0.874712
7257	-0.874712
7258	-0.874712
7259	-0.874712
7260	-1.01596
7261	-0.491324
7262	0.592712
7263	-1.15845
7264	0.870573
7265	0.870573
7266	0.870573
7267	0.870573
7268	1.25105
7269	1.25105
7270	1.25105
7271	1.36572
7272	1.36572
7273	1.36572
7274	0.76101
7275	-0.0678323
7276	-0.596249
7277	-0.596249
7278	1.02621
7279	0.890642
7280	0.890642
7281	0.890642
7282	0.890642
7283	0.351168
7284	1.23197
7285	1.53254
7286	0.974019
7287	-1.16144
7288	-0.825952
7289	-0.825952
7290	-0.653795
7291	-0.653795
7292	-0.653795
7293	-0.254539
7294	-0.254539
7295	-0.254539
7296	-0.254539
7297	-0.254539
7298	0.986987
7299	-0.290621
7300	-0.49088
7301	-0.49088
7302	0.062748
7303	0.607851
7304	0.607851
7305	0.607851
7306	0.795679
7307	-0.712346
7308	-0.712346
7309	0.334853
7310	0.281228
7311	0.281228
7312	0.281228
7313	0.281228
7314	0.281228
7315	0.790765
7316	0.790765
7317	0.790765
7318	0.790765
7319	0.790765
7320	0.790765
7321	0.790765
7322	1.03923
7323	1.03923
7324	-1.35596
7325	-1.35596
7326	-1.35596
7327	-1.35596
7328	-1.35596
7329	-1.33213
7330	-1.33213
7331	-1.33213
7332	-1.33213
7333	-0.406793
7334	-0.406793
7335	0.229172
7336	0.229172
7337	-1.12126
7338	-1.33589
7339	-0.0540221
7340	-0.651966
7341	1.06072
7342	-0.0590723
7343	-0.0590723
7344	-0.0590723
7345	0.82012
7346	0.82012
7347	0.82012
7348	-0.23145
7349	0.0748372
7350	-0.196334
7351	-0.196334
7352	1.29052
7353	1.29052
7354	1.29052
7355	-0.143128
7356	0.629159
7357	0.629159
7358	-1.26901
7359	0.51631
7360	1.12977
7361	-0.220853
7362	0.0379071
7363	-2.14842
7364	-2.14842
7365	-1.07515
7366	-1.07515
7367	-1.07515
7368	-1.07515
7369	0.388894
7370	0.388894
7371	-0.702693
7372	-0.702693
7373	-0.732498
7374	0.594467
7375	1.43145
7376	-0.285947
7377	0.55673
7378	-1.44339
7379	-0.679362
7380	0.0449132
7381	0.278143
7382	0.278143
7383	0.177071
7384	-1.30229
7385	-1.30229
7386	-0.162884
7387	-0.162884
7388	-0.0434548
7389	-0.691426
7390	-0.691426
7391	-1.11374
7392	0.421397
7393	0.421397
7394	0.421397
7395	-0.285102
7396	1.02047
7397	1.02047
7398	1.02047
7399	-0.410755
7400	0.833905
7401	-0.650008
7402	-0.650008
7403	-0.650008
7404	-1.74258
7405	-1.74258
7406	-1.74258
7407	-1.74258
7408	-1.74258
7409	-0.365795
7410	1.08166
7411	0.555292
7412	1.20116
7413	0.591897
7414	0.591897
7415	0.591897
7416	0.775311
7417	0.775311
7418	0.775311
7419	0.615901
7420	-0.295434
7421	-1.1803
7422	-1.07224
7423	-0.801708
7424	-1.23303
7425	0.725555
7426	0.29012
7427	0.29012
7428	0.29012
7429	-0.155915
7430	-0.155915
7431	-0.0690148
7432	1.52778
7433	0.976225
7434	1.10255
7435	1.0751
7436	1.00839
7437	-0.84509
7438	1.26671
7439	1.26671
7440	1.0308
7441	-0.253872
7442	1.13742
7443	1.13742
7444	1.13742
7445	-1.09848
7446	-1.09848
7447	-1.09848
7448	0.137519
7449	-0.240048
7450	-0.240048
7451	-0.974093
7452	-0.974093
7453	-0.974093
7454	1.07159
7455	1.07302
7456	1.07302
7457	-1.23774
7458	-0.238984
7459	-0.833441
7460	-0.833441
7461	-0.185851
7462	0.724578
7463	0.724578
7464	-0.685393
7465	-0.685393
7466	-0.685393
7467	-0.685393
7468	-0.685393
7469	-0.72594
7470	-1.08202
7471	-0.992131
7472	-0.992131
7473	1.46737
7474	-1.14796
7475	-1.26576
7476	-1.26576
7477	0.735734
7478	0.735734
7479	0.735734
7480	0.735734
7481	0.735734
7482	0.735734
7483	-1.6047
7484	-1.9393
7485	-1.9393
7486	-1.9393
7487	-1.9393
7488	-1.9393
7489	-1.9393
7490	-1.9393
7491	-1.9393
7492	0.236315
7493	0.236315
7494	0.236315
7495	1.02375
7496	1.02375
7497	0.579744
7498	0.579744
7499	0.579744
7500	0.855799
7501	0.855799
7502	1.11451
7503	1.11451
7504	0.121013
7505	-0.233777
7506	-0.833262
7507	-1.01665
7508	-1.01665
7509	-1.01665
7510	-1.01665
7511	-1.01665
7512	1.38596
7513	1.38596
7514	1.74596
7515	0.374883
7516	0.374883
7517	0.374883
7518	-1.06221
7519	-0.832745
7520	-0.832745
7521	0.478561
7522	0.478561
7523	0.883972
7524	1.09448
7525	-0.955922
7526	-0.955922
7527	-0.955922
7528	-0.955922
7529	0.981249
7530	0.596524
7531	0.106971
7532	0.106971
7533	0.70485
7534	-1.00302
7535	-1.00302
7536	-1.00302
7537	-1.00302
7538	-1.00302
7539	-1.00302
7540	-0.579796
7541	-0.579796
7542	-0.579796
7543	-0.579796
7544	-0.21713
7545	-0.341242
7546	-0.341242
7547	0.472722
7548	-0.861081
7549	-1.07592
7550	0.479995
7551	0.520085
7552	0.520085
7553	-0.559302
7554	-0.381813
7555	-0.924343
7556	-0.924343
7557	0.501109
7558	-1.26913
7559	-1.26913
7560	0.33346
7561	-0.546098
7562	0.680899
7563	0.680899
7564	-0.473667
7565	1.29525
7566	1.29525
7567	1.38669
7568	1.38669
7569	-0.300449
7570	-0.300449
7571	0.569024
7572	-0.328467
7573	-0.621832
7574	-0.621832
7575	-0.621832
7576	1.18311
7577	1.18311
7578	1.18311
7579	1.12195
7580	1.12195
7581	1.12195
7582	1.12195
7583	0.678708
7584	0.678708
7585	-0.851437
7586	-0.830492
7587	-0.830492
7588	-0.724495
7589	0.686084
7590	0.997759
7591	0.997759
7592	0.997759
7593	-0.303893
7594	-0.110201
7595	-1.00297
7596	-1.00297
7597	-1.00297
7598	-0.408106
7599	-0.408106
7600	-0.282593
7601	-0.635847
7602	-0.635847
7603	-0.635847
7604	-0.635847
7605	1.14336
7606	-0.762985
7607	0.530485
7608	0.530485
7609	0.530485
7610	0.530485
7611	-0.355839
7612	-0.425111
7613	-1.99006
7614	-1.99006
7615	0.588365
7616	0.588365
7617	0.588365
7618	0.588365
7619	0.588365
7620	0.588365
7621	-0.522105
7622	-0.522105
7623	-0.522105
7624	1.90924
7625	1.10229
7626	1.10229
7627	0.576612
7628	0.576612
7629	0.576612
7630	0.576612
7631	0.0838751
7632	0.751708
7633	0.751708
7634	0.751708
7635	-1.21703
7636	-0.158445
7637	-0.118871
7638	0.935914
7639	0.935914
7640	0.935914
7641	0.935914
7642	0.724835
7643	0.611148
7644	-0.35944
7645	-0.35944
7646	-0.343939
7647	1.47894
7648	-0.996355
7649	-0.996355
7650	-0.996355
7651	-1.12645
7652	-1.12645
7653	0.92576
7654	0.92576
7655	0.92576
7656	0.319206
7657	0.505385
7658	0.505385
7659	0.0882933
7660	1.40183
7661	0.860157
7662	0.860157
7663	0.860157
7664	0.860157
7665	0.860157
7666	0.860157
7667	-0.34936
7668	-0.34936
7669	0.14765
7670	0.14765
7671	1.06383
7672	1.93144
7673	1.93144
7674	-0.360103
7675	1.18398
7676	1.18398
7677	-0.155217
7678	-0.155217
7679	0.416972
7680	-0.581312
7681	0.876777
7682	0.876777
7683	0.876777
7684	-0.151212
7685	0.178817
7686	0.178817
7687	-0.917744
7688	-1.12065
7689	-1.12065
7690	-0.159331
7691	-0.596732
7692	-0.596732
7693	-0.0779629
7694	0.389778
7695	0.688244
7696	1.77605
7697	-0.924082
7698	-0.0888652
7699	-0.0888652
7700	-0.0888652
7701	0.362725
7702	0.362725
7703	0.260065
7704	0.545611
7705	0.545611
7706	-1.01318
7707	-1.01318
7708	-0.153642
7709	1.46191
7710	1.46191
7711	0.030178
7712	-0.527437
7713	-0.193902
7714	-0.193902
7715	1.52097
7716	1.52097
7717	1.52097
7718	-1.20771
7719	-1.20771
7720	-1.20771
7721	-1.20771
7722	1.09005
7723	1.09005
7724	1.09005
7725	-0.467114
7726	-0.467114
7727	0.501378
7728	-0.988296
7729	-0.738314
7730	0.770061
7731	1.08373
7732	0.443894
7733	0.0992344
7734	0.0992344
7735	-0.720285
7736	-0.720285
7737	0.455303
7738	-0.430706
7739	-0.430706
7740	-0.00371958
7741	0.937126
7742	0.937126
7743	0.937126
7744	-0.878036
7745	0.468018
7746	0.841998
7747	0.813915
7748	0.680752
7749	0.680752
7750	0.680752
7751	0.680752
7752	0.680752
7753	0.273282
7754	0.273282
7755	-1.15441
7756	-1.15441
7757	-0.447873
7758	1.56045
7759	0.897258
7760	0.980539
7761	0.145847
7762	0.145847
7763	0.630506
7764	0.630506
7765	0.630506
7766	0.630506
7767	0.630506
7768	0.630506
7769	0.630506
7770	-1.4876
7771	-1.35699
7772	-1.35699
7773	-1.35699
7774	-1.35699
7775	0.3335
7776	2.16817
7777	0.599926
7778	-0.661462
7779	-1.1406
7780	-1.1406
7781	0.408991
7782	1.11803
7783	-0.823551
7784	-0.823551
7785	-0.691998
7786	-0.691998
7787	0.868419
7788	-0.506089
7789	-0.506089
7790	-0.506089
7791	-0.506089
7792	0.872792
7793	0.872792
7794	0.0901615
7795	1.0277
7796	0.997191
7797	0.792166
7798	0.792166
7799	0.792166
7800	0.792166
7801	-1.47595
7802	0.949391
7803	1.00275
7804	1.00275
7805	-1.49297
7806	-1.49297
7807	-1.49297
7808	-1.21535
7809	-0.457469
7810	-0.550332
7811	-0.550332
7812	-0.550332
7813	-0.550332
7814	-0.550332
7815	-0.550332
7816	-0.550332
7817	0.465155
7818	0.465155
7819	0.404471
7820	0.404471
7821	-1.45934
7822	-1.05425
7823	-1.21091
7824	-0.67382
7825	0.499342
7826	0.499342
7827	1.40294
7828	0.608434
7829	0.608434
7830	-0.154769
7831	-0.154769
7832	-0.154769
7833	1.23107
7834	1.23107
7835	0.682725
7836	0.682725
7837	0.682725
7838	-0.123119
7839	-1.02265
7840	-0.580317
7841	-0.580317
7842	-0.580317
7843	-1.16945
7844	-1.16945
7845	0.833414
7846	-0.01253
7847	-0.01253
7848	-0.01253
7849	0.897926
7850	-1.03028
7851	-1.03028
7852	-1.03028
7853	-0.37598
7854	0.551056
7855	0.551056
7856	0.954405
7857	0.954405
7858	-0.797896
7859	-0.797896
7860	1.14429
7861	1.14429
7862	-1.16014
7863	-0.901655
7864	-1.29242
7865	-1.29242
7866	0.127346
7867	0.127346
7868	0.127346
7869	-0.385552
7870	1.03479
7871	1.27297
7872	1.27297
7873	1.27297
7874	1.02953
7875	1.02953
7876	1.02953
7877	1.02953
7878	1.02953
7879	1.02953
7880	1.02953
7881	1.02953
7882	0.033424
7883	0.033424
7884	0.033424
7885	1.94707
7886	-0.211361
7887	-0.16668
7888	-0.16668
7889	-0.16668
7890	-0.688272
7891	-0.688272
7892	-0.688272
7893	-0.688272
7894	-0.688272
7895	-1.80209
7896	-1.80209
7897	-1.07132
7898	-1.07132
7899	-0.800123
7900	-0.800123
7901	-0.800123
7902	-0.800123
7903	-0.800123
7904	-1.10825
7905	-1.75034
7906	-1.75034
7907	0.311943
7908	-0.352852
7909	-0.352852
7910	-0.352852
7911	-0.352852
7912	1.22813
7913	0.599357
7914	0.599357
7915	-0.502026
7916	-0.113461
7917	-0.113461
7918	-0.113461
7919	1.13566
7920	-1.1192
7921	-1.1192
7922	-1.1192
7923	1.01186
7924	1.01186
7925	1.01186
7926	-0.886242
7927	-0.886242
7928	-1.00832
7929	1.6001
7930	1.6001
7931	0.271942
7932	0.271942
7933	0.271942
7934	0.271942
7935	0.271942
7936	0.484435
7937	-0.84173
7938	-0.84173
7939	-0.84173
7940	-0.84173
7941	-0.84173
7942	-0.84173
7943	-0.84173
7944	-0.84173
7945	-0.84173
7946	-0.563469
7947	-0.563469
7948	-1.13877
7949	1.35827
7950	-1.26425
7951	-1.26425
7952	-1.58618
7953	1.13535
7954	1.13535
7955	-1.10239
7956	-1.10239
7957	-1.10239
7958	-1.10239
7959	-0.743935
7960	-0.954682
7961	-0.127944
7962	0.367805
7963	0.367805
7964	0.367805
7965	0.367805
7966	-0.0410397
7967	-1.10931
7968	-1.10931
7969	-0.842755
7970	-0.842755
7971	1.52036
7972	1.52036
7973	1.00768
7974	-1.21171
7975	0.296562
7976	-1.37156
7977	-1.37156
7978	-0.22537
7979	-0.22537
7980	0.416438
7981	0.416438
7982	0.330423
7983	1.09389
7984	1.09389
7985	-0.255493
7986	-0.255493
7987	-0.255493
7988	-0.255493
7989	-0.255493
7990	0.469986
7991	-0.971177
7992	-0.971177
7993	-0.490595
7994	0.540949
7995	1.15649
7996	1.15649
7997	1.15649
7998	1.15649
7999	1.08752
8000	1.08752
8001	-1.18242
8002	-1.18242
8003	0.664997
8004	0.664997
8005	0.664997
8006	-0.783163
8007	-0.783163
8008	-0.783163
8009	-0.837637
8010	-0.837637
8011	-0.837637
8012	-0.837637
8013	-0.837637
8014	-0.98269
8015	-0.98269
8016	-0.98269
8017	-0.778587
8018	-0.778587
8019	-0.638588
8020	-0.855193
8021	-1.22808
8022	0.205998
8023	0.720268
8024	-0.950307
8025	-0.950307
8026	1.11906
8027	1.11906
8028	1.11906
8029	0.00639192
8030	-0.609538
8031	-0.609538
8032	-0.609538
8033	-0.609538
8034	-0.609538
8035	-0.541257
8036	-0.541257
8037	0.0709853
8038	0.0709853
8039	0.0709853
8040	0.376975
8041	0.376975
8042	1.00812
8043	1.00812
8044	-0.992196
8045	-0.992196
8046	0.787499
8047	-0.967397
8048	0.932917
8049	0.932917
8050	0.932917
8051	0.713439
8052	0.713439
8053	0.535498
8054	0.535498
8055	0.535498
8056	1.45343
8057	1.45343
8058	-1.15966
8059	-1.15966
8060	-1.32043
8061	0.876826
8062	-0.620583
8063	-0.620583
8064	-0.620583
8065	-0.620583
8066	1.57622
8067	1.16596
8068	-0.757907
8069	-0.610403
8070	-0.149994
8071	-1.37997
8072	-1.37997
8073	-1.37997
8074	-1.37997
8075	0.638924
8076	0.638924
8077	-1.24815
8078	-0.443417
8079	-0.443417
8080	0.625704
8081	-0.848553
8082	-0.75219
8083	-0.75219
8084	0.900588
8085	-0.898533
8086	0.806033
8087	0.806033
8088	0.806033
8089	0.806033
8090	-1.18312
8091	0.329318
8092	-0.277678
8093	-0.277678
8094	-0.277678
8095	-0.277678
8096	0.596378
8097	0.596378
8098	-0.53374
8099	-0.53374
8100	0.599401
8101	-0.577769
8102	-0.577769
8103	-0.726039
8104	0.574457
8105	0.574457
8106	0.574457
8107	0.574457
8108	0.574457
8109	0.574457
8110	0.574457
8111	0.574457
8112	-0.79631
8113	-0.0202195
8114	0.484495
8115	0.484495
8116	-0.0250075
8117	-0.0250075
8118	1.0198
8119	-0.715924
8120	0.55297
8121	0.55297
8122	0.55297
8123	0.0784591
8124	0.0784591
8125	0.0784591
8126	-0.238694
8127	-0.924851
8128	-0.247077
8129	-0.0620979
8130	-0.0620979
8131	0.61759
8132	0.61759
8133	0.862117
8134	-0.0211111
8135	0.148203
8136	0.678163
8137	-0.590698
8138	-0.590698
8139	-1.37153
8140	1.06377
8141	-0.20711
8142	-0.20711
8143	-0.932268
8144	0.289201
8145	0.28918
8146	0.28918
8147	0.28918
8148	-0.0702564
8149	-1.28847
8150	-1.63763
8151	-1.63763
8152	-1.63763
8153	-1.60461
8154	-0.342776
8155	0.324077
8156	-0.687007
8157	0.0976832
8158	-1.17712
8159	-1.17712
8160	1.2124
8161	1.2124
8162	1.2124
8163	-0.804499
8164	-0.149916
8165	1.15248
8166	1.15248
8167	1.60688
8168	1.60688
8169	1.87957
8170	1.87957
8171	0.272346
8172	0.272346
8173	0.765438
8174	0.765438
8175	0.765438
8176	1.08449
8177	1.08449
8178	0.974503
8179	0.974503
8180	0.974503
8181	0.974503
8182	0.974503
8183	0.392674
8184	0.392674
8185	-0.747867
8186	-0.747867
8187	-0.747867
8188	-0.747867
8189	-0.122972
8190	-0.122972
8191	-0.993259
8192	-0.993259
8193	0.61138
8194	-0.8796
8195	0.905862
8196	0.905862
8197	0.111717
8198	0.111717
8199	0.111717
8200	1.46184
8201	0.370936
8202	0.370936
8203	0.370936
8204	1.08875
8205	1.08875
8206	1.08875
8207	-0.9299
8208	-0.9299
8209	-0.971304
8210	-0.971304
8211	0.513902
8212	0.513902
8213	0.513902
8214	0.696268
8215	0.696268
8216	0.696268
8217	0.696268
8218	1.35005
8219	1.35005
8220	1.35005
8221	1.35005
8222	-0.941792
8223	-0.941792
8224	-0.941792
8225	1.1293
8226	1.1293
8227	1.1293
8228	-0.709384
8229	0.560695
8230	0.560695
8231	0.560695
8232	-1.31102
8233	0.691735
8234	0.691735
8235	0.691735
8236	0.691735
8237	0.309338
8238	-0.382632
8239	-0.382632
8240	-0.382632
8241	-0.382632
8242	-0.382632
8243	-0.365991
8244	-0.909906
8245	-0.909906
8246	1.82258
8247	1.82258
8248	0.580619
8249	0.580619
8250	0.799252
8251	0.639812
8252	0.639812
8253	0.639812
8254	-1.26552
8255	-1.33809
8256	-1.33809
8257	-1.33809
8258	-1.33809
8259	-1.33809
8260	-0.647756
8261	-0.647756
8262	-0.997185
8263	1.30923
8264	0.291318
8265	0.291318
8266	0.291318
8267	0.0320003
8268	-0.0898155
8269	-0.0898155
8270	-0.0898155
8271	-0.980821
8272	-0.726902
8273	-0.726902
8274	-0.726902
8275	1.07151
8276	-0.611924
8277	-0.611924
8278	-0.611924
8279	-0.611924
8280	-0.611924
8281	-0.611924
8282	1.20233
8283	0.731106
8284	0.731106
8285	0.731106
8286	0.53945
8287	1.07919
8288	0.409098
8289	1.38434
8290	1.38434
8291	1.38434
8292	1.04702
8293	0.684114
8294	-0.842308
8295	0.350551
8296	0.714056
8297	0.991871
8298	0.505293
8299	-0.121595
8300	0.684283
8301	-1.03175
8302	1.05994
8303	1.5026
8304	1.5026
8305	-0.182597
8306	-0.406822
8307	-1.34626
8308	0.0284846
8309	-1.31269
8310	-1.31269
8311	-1.31269
8312	-1.58963
8313	-1.58963
8314	-0.461539
8315	0.135583
8316	1.13714
8317	1.13714
8318	1.13714
8319	-0.726716
8320	0.518707
8321	-1.81913
8322	0.290567
8323	-2.0171
8324	-2.0171
8325	-1.34289
8326	-1.34289
8327	0.899697
8328	-1.52214
8329	-1.52214
8330	-1.52214
8331	-1.55792
8332	-1.04783
8333	-1.04783
8334	-1.04783
8335	-0.749558
8336	1.31886
8337	1.31886
8338	-0.756742
8339	-0.0429709
8340	-0.0429709
8341	0.963566
8342	0.963566
8343	0.577274
8344	0.577274
8345	0.246689
8346	0.246689
8347	0.0648085
8348	-0.706706
8349	-0.706706
8350	-0.706706
8351	0.504886
8352	0.504886
8353	0.504886
8354	-1.47018
8355	0.479574
8356	0.546195
8357	-0.29081
8358	-0.119416
8359	-0.119416
8360	-0.119416
8361	1.01105
8362	-0.0788467
8363	0.999683
8364	-0.470775
8365	-0.797344
8366	-0.797344
8367	-0.797344
8368	1.30304
8369	0.565512
8370	0.565512
8371	0.565512
8372	0.565512
8373	-0.48733
8374	-0.48733
8375	-0.48733
8376	-0.48733
8377	1.06643
8378	-1.1486
8379	-0.0561558
8380	-0.0487606
8381	0.75562
8382	0.75562
8383	0.75562
8384	-0.765473
8385	-0.765473
8386	0.290222
8387	0.290222
8388	0.290222
8389	-0.720385
8390	-0.482985
8391	-0.283535
8392	-0.834474
8393	-0.834474
8394	-0.98589
8395	0.854922
8396	-0.0353334
8397	1.7528
8398	1.36219
8399	1.36219
8400	1.36219
8401	1.36219
8402	1.36219
8403	0.0370408
8404	0.0370408
8405	1.23231
8406	1.73819
8407	1.57548
8408	-0.90703
8409	-0.218394
8410	-0.218394
8411	0.782299
8412	1.9391
8413	-0.785681
8414	0.542902
8415	0.542902
8416	0.542902
8417	0.542902
8418	0.542902
8419	-0.290406
8420	-0.290406
8421	-0.290406
8422	0.202882
8423	-1.28239
8424	-1.28239
8425	0.481517
8426	1.0267
8427	-0.110392
8428	-0.863435
8429	-1.37206
8430	-1.37206
8431	-1.37206
8432	-1.37206
8433	-0.929222
8434	-0.929222
8435	-0.929222
8436	-0.929222
8437	-0.929222
8438	-0.332957
8439	-0.370189
8440	1.60771
8441	1.60771
8442	1.60771
8443	0.712834
8444	0.712834
8445	-0.618769
8446	-0.618769
8447	-0.618769
8448	-0.618769
8449	-0.618769
8450	1.26249
8451	1.50608
8452	1.50608
8453	-0.396234
8454	0.807425
8455	0.533041
8456	0.533041
8457	-0.605105
8458	-0.879028
8459	-0.879028
8460	0.603102
8461	-0.253992
8462	-0.253992
8463	-0.253992
8464	-1.22714
8465	0.434127
8466	-1.61634
8467	-1.61634
8468	-1.61634
8469	-0.498629
8470	-0.0180511
8471	-0.0180511
8472	-0.984496
8473	-0.984496
8474	-0.329711
8475	-0.328292
8476	0.951656
8477	0.951656
8478	0.951656
8479	1.2518
8480	-1.27242
8481	-1.27242
8482	-1.27242
8483	-0.802457
8484	-0.802457
8485	-0.802457
8486	-0.700759
8487	-0.700759
8488	1.62587
8489	1.62587
8490	-0.138102
8491	0.741497
8492	0.741497
8493	0.741497
8494	0.741497
8495	0.7011
8496	0.7011
8497	1.4045
8498	0.755044
8499	0.0161621
8500	0.0564847
8501	0.0564847
8502	0.0564847
8503	0.0564847
8504	-0.289265
8505	-0.289265
8506	-0.649916
8507	0.970547
8508	0.970547
8509	0.538213
8510	0.219779
8511	0.219779
8512	0.219779
8513	0.219779
8514	0.219779
8515	0.219779
8516	-1.83242
8517	-1.39438
8518	-1.39438
8519	-1.39438
8520	-1.40675
8521	-1.82036
8522	-1.82036
8523	-0.946465
8524	-0.946465
8525	0.61224
8526	0.61224
8527	0.523861
8528	0.523861
8529	0.523861
8530	0.523861
8531	0.92143
8532	0.92143
8533	-1.00033
8534	-0.102149
8535	-0.495761
8536	0.250201
8537	0.250201
8538	0.250201
8539	0.250201
8540	0.250201
8541	0.568307
8542	0.568307
8543	0.568307
8544	0.999526
8545	0.999526
8546	0.0921744
8547	-0.733299
8548	-0.733299
8549	-0.733299
8550	-0.733299
8551	-0.733299
8552	0.106477
8553	0.0828298
8554	0.0828298
8555	0.0828298
8556	0.0828298
8557	0.0828298
8558	-1.14382
8559	-0.842907
8560	-0.842907
8561	-0.842907
8562	-1.13648
8563	-0.180925
8564	-0.180925
8565	-0.180925
8566	-0.180925
8567	-0.180925
8568	-1.2049
8569	-1.2049
8570	1.35727
8571	1.35727
8572	1.35727
8573	1.35727
8574	1.09155
8575	1.09155
8576	1.09155
8577	-0.837886
8578	-0.837886
8579	-0.837886
8580	-0.632983
8581	0.211642
8582	-0.91133
8583	-0.769649
8584	-0.769649
8585	-0.769649
8586	-0.769649
8587	-1.62066
8588	1.12578
8589	-1.26445
8590	-1.26445
8591	-1.26445
8592	-1.26445
8593	-1.62785
8594	-0.29236
8595	-0.388147
8596	-0.388147
8597	-0.822684
8598	-1.18662
8599	-1.18662
8600	0.661727
8601	0.661727
8602	0.661727
8603	0.661727
8604	-0.0807031
8605	-0.0807031
8606	1.58479
8607	1.58479
8608	1.25056
8609	1.25056
8610	1.26489
8611	1.26489
8612	-0.665875
8613	-0.665875
8614	-0.665875
8615	-0.538766
8616	0.851503
8617	0.572469
8618	0.572469
8619	0.572469
8620	0.572469
8621	0.572469
8622	-0.0861376
8623	-0.112965
8624	-0.112965
8625	1.28654
8626	0.802573
8627	0.802573
8628	-0.521583
8629	-0.521583
8630	0.488952
8631	-0.421778
8632	-0.421778
8633	-0.421778
8634	1.07377
8635	-0.354685
8636	-1.61542
8637	0.837077
8638	0.837077
8639	0.837077
8640	-0.693312
8641	-0.693312
8642	-0.693312
8643	-0.331412
8644	0.819512
8645	0.819512
8646	-0.7434
8647	-0.18448
8648	-0.18448
8649	-0.18448
8650	-0.21277
8651	0.414091
8652	-0.637453
8653	-0.637453
8654	0.278377
8655	1.50354
8656	1.01526
8657	1.01526
8658	-0.983322
8659	-0.724244
8660	1.15818
8661	1.15818
8662	-0.687052
8663	-0.687052
8664	-0.687052
8665	-0.687052
8666	-0.687052
8667	-0.687052
8668	-0.687052
8669	-0.393265
8670	-0.393265
8671	-0.603773
8672	-0.581601
8673	-0.581601
8674	0.778089
8675	-1.15263
8676	-1.15263
8677	-1.15263
8678	1.01406
8679	0.379756
8680	0.379756
8681	0.379756
8682	0.0985765
8683	-1.37302
8684	-1.37472
8685	-0.125609
8686	0.0341055
8687	0.677617
8688	0.184124
8689	0.727286
8690	0.727286
8691	0.727286
8692	0.727286
8693	0.714276
8694	0.611682
8695	0.611682
8696	0.611682
8697	0.611682
8698	0.611682
8699	1.02947
8700	0.276915
8701	1.56629
8702	1.56629
8703	1.56629
8704	1.56629
8705	1.56629
8706	1.56629
8707	1.56629
8708	1.56629
8709	1.56629
8710	1.56629
8711	1.56629
8712	1.14176
8713	1.14176
8714	1.14176
8715	0.419908
8716	0.419908
8717	-0.154285
8718	1.10117
8719	1.10117
8720	1.10117
8721	1.10117
8722	1.10117
8723	1.10117
8724	-0.328891
8725	1.10446
8726	-0.49125
8727	-0.49125
8728	-1.1627
8729	-0.693745
8730	0.341371
8731	0.341371
8732	0.341371
8733	0.994397
8734	0.994397
8735	0.994397
8736	0.994397
8737	-1.52026
8738	-0.196163
8739	-0.196163
8740	1.6955
8741	1.6955
8742	1.6955
8743	1.6955
8744	1.39474
8745	1.39474
8746	1.39474
8747	-0.775255
8748	-0.775255
8749	-0.20397
8750	-1.24911
8751	-1.40512
8752	-1.40512
8753	-0.409353
8754	-0.409353
8755	-0.409353
8756	0.480411
8757	0.480411
8758	0.480411
8759	0.839312
8760	0.853117
8761	-1.20039
8762	-0.145736
8763	-1.2455
8764	0.602811
8765	0.602811
8766	-0.0833903
8767	-0.0833903
8768	-1.06084
8769	-1.06084
8770	-1.16325
8771	-1.16325
8772	-1.16325
8773	-1.16325
8774	-1.16325
8775	-0.544163
8776	-0.366732
8777	0.679969
8778	-0.23671
8779	-0.23671
8780	1.17476
8781	1.17476
8782	1.17476
8783	1.17476
8784	0.137394
8785	-1.60777
8786	-1.60777
8787	-1.60777
8788	-1.60777
8789	-1.60777
8790	-1.60777
8791	-1.60777
8792	0.0356034
8793	1.51409
8794	-0.458008
8795	-0.118836
8796	-0.0726343
8797	-0.0726343
8798	-0.0726343
8799	-0.0726343
8800	0.140164
8801	-1.23981
8802	-1.23981
8803	-1.23981
8804	1.09345
8805	1.02445
8806	0.70896
8807	-0.601842
8808	-0.601842
8809	-0.601842
8810	1.6173
8811	0.606738
8812	0.606738
8813	0.41717
8814	0.41717
8815	0.41717
8816	0.41717
8817	0.972606
8818	-0.662114
8819	-1.09684
8820	-1.09684
8821	-0.434893
8822	-1.48773
8823	1.26118
8824	1.26118
8825	0.452063
8826	0.851406
8827	0.851406
8828	0.851406
8829	-0.54444
8830	0.0316431
8831	-0.989554
8832	-0.0545234
8833	-0.0545234
8834	-0.0545234
8835	0.343457
8836	0.343457
8837	0.343457
8838	-0.00762483
8839	-0.00762483
8840	0.281398
8841	0.493406
8842	-0.540193
8843	1.82858
8844	1.13255
8845	-1.45038
8846	-1.45038
8847	-0.539593
8848	-0.539593
8849	0.999412
8850	-0.901684
8851	-0.901684
8852	-0.901684
8853	-0.901684
8854	0.378733
8855	-0.740537
8856	-0.740537
8857	-0.740537
8858	0.551562
8859	0.551562
8860	0.551562
8861	0.171968
8862	0.171968
8863	0.171968
8864	-0.63559
8865	-0.63559
8866	-0.63559
8867	-0.0260093
8868	-1.48454
8869	0.448837
8870	-0.344283
8871	-0.344283
8872	-0.344283
8873	1.2957
8874	0.410274
8875	0.410274
8876	0.410274
8877	-0.87404
8878	-0.87404
8879	-0.87404
8880	0.327706
8881	0.506879
8882	0.718092
8883	0.718092
8884	0.718092
8885	0.718092
8886	0.718092
8887	0.718092
8888	0.718092
8889	0.718092
8890	-1.27687
8891	-1.27687
8892	-1.27687
8893	-0.808225
8894	-1.42511
8895	-0.568503
8896	-1.11847
8897	-0.0333311
8898	1.40976
8899	1.40976
8900	1.40976
8901	-0.171993
8902	-0.171993
8903	-0.171993
8904	-0.171993
8905	-0.171993
8906	-0.263321
8907	-1.15996
8908	-1.15996
8909	-1.4488
8910	-1.07638
8911	0.129526
8912	0.129526
8913	0.129526
8914	-1.2571
8915	-0.463054
8916	1.1293
8917	1.21939
8918	0.129848
8919	-0.470126
8920	-0.470126
8921	-0.470126
8922	-0.470126
8923	-1.16821
8924	-1.16821
8925	-1.35708
8926	-1.35708
8927	-0.280573
8928	-0.280573
8929	-1.30055
8930	-1.30055
8931	-0.231597
8932	-0.938505
8933	0.448023
8934	-0.726055
8935	1.95888
8936	1.71753
8937	-0.914236
8938	-0.914236
8939	-0.914236
8940	-0.914236
8941	-0.914236
8942	-1.35203
8943	-1.35203
8944	-1.35203
8945	-1.35203
8946	1.21479
8947	1.21479
8948	1.39287
8949	0.0544092
8950	0.0544092
8951	0.0544092
8952	0.0544092
8953	-1.20707
8954	-1.20707
8955	-1.20707
8956	-1.20707
8957	0.0229908
8958	0.0229908
8959	0.773138
8960	0.773138
8961	1.52685
8962	1.84453
8963	1.84453
8964	1.84453
8965	-0.0970623
8966	-0.0970623
8967	-1.50849
8968	0.658452
8969	0.658452
8970	0.658452
8971	0.658452
8972	1.18281
8973	0.728163
8974	0.728163
8975	0.728163
8976	0.728163
8977	-0.848299
8978	-0.848299
8979	-0.848299
8980	-0.848299
8981	-0.848299
8982	-0.848299
8983	1.85353
8984	1.85353
8985	1.85353
8986	1.85353
8987	1.85353
8988	1.02354
8989	1.02354
8990	0.795444
8991	0.795444
8992	0.795444
8993	0.795444
8994	-0.565684
8995	-0.565684
8996	-1.73964
8997	-1.11261
8998	-0.0555155
8999	-1.19177
9000	1.37353
9001	-0.962534
9002	-0.962534
9003	-0.962534
9004	0.946215
9005	-1.00595
9006	-1.17141
9007	-1.17141
9008	0.557285
9009	0.557285
9010	-1.41038
9011	-1.41038
9012	-0.291615
9013	-0.291615
9014	-0.291615
9015	-0.610657
9016	0.641919
9017	-1.05542
9018	-1.05542
9019	-1.05542
9020	-1.05542
9021	1.01233
9022	0.0466429
9023	-0.764634
9024	-1.60835
9025	-1.60835
9026	-0.642941
9027	-0.972727
9028	-1.40399
9029	-1.40399
9030	0.932628
9031	0.932628
9032	0.621662
9033	0.621662
9034	0.621662
9035	-1.31448
9036	-1.19681
9037	-1.19681
9038	-0.864683
9039	-0.864683
9040	0.398119
9041	0.398119
9042	0.398119
9043	-0.32378
9044	0.466583
9045	0.466583
9046	0.466583
9047	1.49335
9048	-0.0430897
9049	-0.0430897
9050	-0.778396
9051	-1.34022
9052	-1.34022
9053	1.04822
9054	1.04822
9055	0.576513
9056	-0.981899
9057	-1.09528
9058	0.580472
9059	0.580472
9060	0.580472
9061	0.639001
9062	-1.19787
9063	1.11816
9064	0.849758
9065	0.849758
9066	0.849758
9067	-1.39928
9068	-1.39928
9069	-0.930746
9070	-0.930746
9071	-0.777319
9072	-0.973711
9073	-1.30459
9074	0.414289
9075	0.414289
9076	1.16357
9077	1.12183
9078	-1.03452
9079	0.604199
9080	0.604199
9081	0.354582
9082	0.354582
9083	0.233418
9084	0.233418
9085	0.270156
9086	0.895946
9087	0.895946
9088	0.895946
9089	-0.911639
9090	-0.911639
9091	-1.67395
9092	0.937092
9093	-1.31532
9094	-1.31532
9095	-0.0962224
9096	-0.0962224
9097	-0.0962224
9098	1.01855
9099	-0.140444
9100	-0.140444
9101	1.26775
9102	1.36376
9103	-0.56953
9104	-0.56953
9105	-0.847606
9106	-0.847606
9107	-0.847606
9108	-0.433496
9109	-0.433496
9110	-0.941125
9111	1.60564
9112	-0.731534
9113	-0.731534
9114	-0.731534
9115	-0.731534
9116	-0.731534
9117	-0.557384
9118	-0.557384
9119	-0.557384
9120	-0.557384
9121	-0.520718
9122	-0.520718
9123	-0.52815
9124	0.402544
9125	0.402544
9126	0.402544
9127	-0.235836
9128	-0.646926
9129	-0.646926
9130	-0.646926
9131	0.483512
9132	0.23357
9133	0.589015
9134	0.629478
9135	0.629478
9136	0.629478
9137	0.394815
9138	-0.95041
9139	-0.95041
9140	-0.95041
9141	-0.95041
9142	-0.95041
9143	-0.95041
9144	-0.203621
9145	-0.73297
9146	-0.73297
9147	-0.421261
9148	-0.956043
9149	-0.956043
9150	-0.386899
9151	-0.861242
9152	0.905961
9153	-0.578668
9154	-0.578668
9155	-0.578668
9156	-0.578668
9157	0.26095
9158	0.26095
9159	-0.0516495
9160	1.58138
9161	1.58138
9162	1.58138
9163	-0.200406
9164	0.658895
9165	0.658895
9166	1.0355
9167	0.936025
9168	0.936025
9169	-1.769
9170	-0.046672
9171	-0.046672
9172	0.824212
9173	0.824212
9174	0.824212
9175	-1.1544
9176	-0.586969
9177	-0.669802
9178	-0.669802
9179	-0.669802
9180	-0.669802
9181	-0.669802
9182	-1.02936
9183	-1.02936
9184	-1.02936
9185	-1.02936
9186	-1.02936
9187	-1.02936
9188	0.410719
9189	0.792727
9190	0.792727
9191	0.864708
9192	1.06983
9193	1.06983
9194	1.06983
9195	-1.49768
9196	-1.49768
9197	-1.49768
9198	-0.00859233
9199	0.0989767
9200	-0.381102
9201	1.18137
9202	1.18137
9203	0.964805
9204	-0.505832
9205	-0.283013
9206	-0.283013
9207	-0.283013
9208	-0.972618
9209	0.464469
9210	0.991512
9211	0.991512
9212	0.991512
9213	0.991512
9214	-1.14646
9215	0.512365
9216	1.20392
9217	1.17434
9218	1.17434
9219	0.154418
9220	0.154418
9221	1.10504
9222	1.52084
9223	0.676497
9224	0.676497
9225	0.676497
9226	0.676497
9227	-0.816061
9228	-0.816061
9229	-0.816061
9230	-0.816061
9231	-0.626223
9232	-0.626223
9233	-0.626223
9234	-0.626223
9235	-0.626223
9236	-0.626223
9237	0.839781
9238	-0.1864
9239	-1.23242
9240	-0.73065
9241	0.929075
9242	0.929075
9243	0.717053
9244	-0.370714
9245	-1.04232
9246	-1.04232
9247	-1.04232
9248	-1.04232
9249	-1.04232
9250	1.50624
9251	1.50624
9252	1.50624
9253	1.50624
9254	-0.396195
9255	-0.969716
9256	-0.969716
9257	0.886571
9258	0.886571
9259	0.886571
9260	0.886571
9261	0.886571
9262	0.71772
9263	-0.724713
9264	0.194673
9265	0.194673
9266	0.194673
9267	0.958414
9268	0.958414
9269	-0.794117
9270	-0.794117
9271	-0.794117
9272	-0.794117
9273	-0.429898
9274	-0.532643
9275	-1.18397
9276	-1.18397
9277	-1.18397
9278	-1.50105
9279	0.618122
9280	-0.75152
9281	-0.75152
9282	0.614131
9283	0.614131
9284	0.614131
9285	0.614131
9286	-0.214458
9287	-0.214458
9288	-0.00759156
9289	-0.00759156
9290	-0.00759156
9291	-0.00759156
9292	0.752035
9293	0.449533
9294	0.449533
9295	-1.23578
9296	-1.23578
9297	-0.421862
9298	-0.421862
9299	-0.421862
9300	0.718589
9301	0.718589
9302	0.120235
9303	-1.13175
9304	0.105892
9305	0.105892
9306	0.200822
9307	-0.568132
9308	-0.568132
9309	-0.34306
9310	0.897669
9311	0.897669
9312	0.897669
9313	-0.292575
9314	0.191527
9315	0.811216
9316	0.811216
9317	0.811216
9318	0.811216
9319	-0.220147
9320	-0.220147
9321	-1.55723
9322	-1.55723
9323	-1.55723
9324	0.676398
9325	0.676398
9326	0.676398
9327	0.705757
9328	0.705757
9329	0.705757
9330	-1.26362
9331	-1.3263
9332	-0.656965
9333	0.667212
9334	-0.0862838
9335	-0.0862838
9336	-1.37287
9337	-1.37287
9338	0.235201
9339	0.235201
9340	0.299621
9341	-0.475748
9342	1.32169
9343	-0.128622
9344	-0.128622
9345	-1.35012
9346	0.798268
9347	0.0611431
9348	-0.70017
9349	-0.70017
9350	0.455025
9351	1.15697
9352	-0.029706
9353	1.26057
9354	1.26057
9355	1.26057
9356	1.52447
9357	1.52447
9358	1.52447
9359	-1.22108
9360	-1.22108
9361	-1.22108
9362	-1.22108
9363	-1.22108
9364	-1.22108
9365	-1.22108
9366	-1.36666
9367	-1.50337
9368	-1.50337
9369	-0.993294
9370	-0.473358
9371	-0.473358
9372	-0.473358
9373	-0.473358
9374	-0.473358
9375	-0.473358
9376	-0.473358
9377	-0.473358
9378	-0.473358
9379	-0.473358
9380	-0.473358
9381	0.118298
9382	0.118298
9383	1.08066
9384	0.445587
9385	0.445587
9386	-1.30493
9387	-1.30493
9388	-0.501321
9389	-0.0246352
9390	-0.676801
9391	-0.676801
9392	-1.65413
9393	-1.65413
9394	-1.65413
9395	-1.65413
9396	0.385328
9397	-0.561194
9398	-0.561194
9399	0.464835
9400	0.870266
9401	0.870266
9402	0.870266
9403	0.870266
9404	0.870266
9405	0.870266
9406	0.870266
9407	1.05515
9408	1.05515
9409	1.05515
9410	1.05515
9411	0.636038
9412	0.636038
9413	0.636038
9414	0.636038
9415	-0.392093
9416	1.31445
9417	1.53784
9418	-0.916861
9419	0.924353
9420	0.924353
9421	-0.525422
9422	-0.525422
9423	-0.525422
9424	0.135982
9425	-0.735537
9426	-0.735537
9427	-1.12805
9428	-0.469522
9429	0.421859
9430	0.421859
9431	0.421859
9432	-0.702129
9433	0.784985
9434	0.0493231
9435	0.0493231
9436	0.0493231
9437	0.0493231
9438	0.0493231
9439	0.0493231
9440	0.516444
9441	0.516444
9442	0.516444
9443	-0.502261
9444	-0.560579
9445	0.529045
9446	0.529045
9447	0.529045
9448	0.673598
9449	0.673598
9450	-0.194066
9451	-0.194066
9452	-0.194066
9453	-0.815814
9454	-0.815814
9455	-0.0933755
9456	-0.0933755
9457	-0.0933755
9458	-0.0933755
9459	0.635372
9460	0.958506
9461	1.28805
9462	1.28805
9463	-0.316604
9464	-0.316604
9465	-0.366701
9466	-0.366701
9467	-0.366701
9468	0.203172
9469	0.203172
9470	0.203172
9471	0.210183
9472	0.210183
9473	0.210183
9474	0.210183
9475	0.210183
9476	-1.23281
9477	-1.28006
9478	0.452421
9479	0.452421
9480	0.452421
9481	0.452421
9482	0.0313397
9483	0.0313397
9484	-0.748516
9485	0.667105
9486	-1.17315
9487	-1.17315
9488	-0.570836
9489	-0.570836
9490	-0.570836
9491	-0.570836
9492	-0.194997
9493	0.42657
9494	0.42657
9495	-0.957582
9496	-0.741937
9497	-0.741937
9498	-0.741937
9499	0.733672
9500	0.733672
9501	-0.249436
9502	-0.249436
9503	-1.76023
9504	0.846205
9505	0.846205
9506	0.846205
9507	0.846205
9508	0.846205
9509	-0.546488
9510	-0.546488
9511	0.353198
9512	-0.357879
9513	-0.357879
9514	-0.379647
9515	0.368964
9516	-0.381876
9517	-0.381876
9518	-1.38157
9519	-1.38157
9520	-1.38157
9521	-1.38157
9522	0.149782
9523	0.149782
9524	0.149782
9525	0.146218
9526	-0.170197
9527	-0.131714
9528	-0.131714
9529	0.520247
9530	0.851102
9531	0.851102
9532	0.851102
9533	0.851102
9534	0.851102
9535	0.851102
9536	0.963199
9537	0.963199
9538	0.963199
9539	0.963199
9540	-0.106172
9541	-0.106172
9542	-0.106172
9543	-0.569738
9544	-1.10751
9545	-1.10751
9546	-1.10751
9547	0.400272
9548	1.27823
9549	1.8261
9550	0.14818
9551	-1.32425
9552	0.703685
9553	0.703685
9554	0.703685
9555	-1.07594
9556	-1.07594
9557	-1.00629
9558	1.54803
9559	0.908687
9560	0.452261
9561	0.594251
9562	0.489063
9563	0.489063
9564	0.489063
9565	0.489063
9566	0.914173
9567	-0.714219
9568	-0.714219
9569	-1.21464
9570	-1.07931
9571	-1.07931
9572	-1.07931
9573	-1.07931
9574	1.29651
9575	-0.324138
9576	-0.00790538
9577	-0.00284048
9578	-0.00284048
9579	-1.20164
9580	-1.30447
9581	0.278958
9582	-1.28662
9583	-1.28662
9584	0.560854
9585	0.782893
9586	0.782893
9587	-0.208541
9588	-1.5609
9589	-1.05654
9590	-0.933561
9591	-0.933561
9592	0.350035
9593	0.350035
9594	0.350035
9595	0.350035
9596	0.350035
9597	0.689781
9598	-0.0082734
9599	-0.0082734
9600	0.227313
9601	0.810216
9602	1.32642
9603	1.32642
9604	1.34051
9605	0.177678
9606	0.492018
9607	0.492018
9608	0.492018
9609	1.1221
9610	-0.617236
9611	-0.617236
9612	1.10688
9613	1.10688
9614	-0.349853
9615	-0.349853
9616	-0.609561
9617	-1.00138
9618	-0.352529
9619	0.0711013
9620	1.43224
9621	1.43224
9622	1.43224
9623	1.43224
9624	1.43224
9625	-0.183261
9626	-0.183261
9627	1.26092
9628	1.26092
9629	1.26092
9630	1.26092
9631	-0.389524
9632	-1.10914
9633	0.295706
9634	0.695706
9635	-0.732744
9636	-0.248806
9637	-0.248806
9638	0.819592
9639	0.819592
9640	0.819592
9641	0.819592
9642	0.819592
9643	0.819592
9644	-0.733604
9645	-0.733604
9646	-0.733604
9647	-0.733604
9648	-0.914538
9649	-0.914538
9650	-0.980112
9651	-0.980112
9652	-0.980112
9653	-0.4142
9654	0.398895
9655	0.398895
9656	0.398895
9657	0.398895
9658	-1.2271
9659	-0.67123
9660	-0.67123
9661	0.624778
9662	0.479131
9663	0.479131
9664	0.479131
9665	0.479131
9666	0.479131
9667	0.223073
9668	0.223073
9669	0.223073
9670	-0.909167
9671	-0.909167
9672	0.429135
9673	1.02933
9674	0.677086
9675	0.941116
9676	-0.941036
9677	1.08277
9678	1.18461
9679	-0.722153
9680	-0.722153
9681	0.969108
9682	-0.553806
9683	-0.417528
9684	-0.417528
9685	-0.417528
9686	-0.417528
9687	-0.417528
9688	-0.417528
9689	-0.14729
9690	-0.14565
9691	0.0874423
9692	0.0874423
9693	0.728804
9694	0.728804
9695	-0.0808265
9696	-0.0808265
9697	-0.777568
9698	-0.939538
9699	-0.939538
9700	0.911191
9701	-1.13457
9702	-1.13457
9703	0.922382
9704	0.922382
9705	0.922382
9706	0.922382
9707	0.922382
9708	0.922382
9709	1.25477
9710	1.25477
9711	1.25477
9712	1.25477
9713	0.832978
9714	0.649373
9715	0.649373
9716	-0.0479816
9717	0.26434
9718	0.941305
9719	1.005
9720	1.005
9721	1.005
9722	0.559042
9723	0.559042
9724	0.559042
9725	0.559042
9726	0.559042
9727	0.559042
9728	-0.685767
9729	-0.685767
9730	-0.685767
9731	-0.289611
9732	-0.289611
9733	-0.289611
9734	-0.289611
9735	-0.607902
9736	-0.538212
9737	-0.538212
9738	-0.645309
9739	-0.645309
9740	-0.793123
9741	-0.793123
9742	0.234351
9743	0.234351
9744	0.234351
9745	-1.31926
9746	-0.487794
9747	0.604567
9748	-1.23278
9749	-0.283994
9750	-0.283994
9751	-0.261688
9752	-0.945432
9753	-0.945432
9754	-0.945432
9755	-0.475615
9756	-0.825346
9757	0.095743
9758	-0.509746
9759	-0.147529
9760	-1.26476
9761	-0.771183
9762	-0.771183
9763	-0.771183
9764	-0.771183
9765	-0.771183
9766	-0.771183
9767	-0.771183
9768	-0.771183
9769	-0.771183
9770	0.263036
9771	-1.27472
9772	-1.27472
9773	0.32313
9774	0.32313
9775	0.605376
9776	0.605376
9777	1.53371
9778	1.08423
9779	-0.0740936
9780	-0.0740936
9781	0.875622
9782	0.875622
9783	0.875622
9784	-1.01836
9785	0.340193
9786	0.340193
9787	0.340193
9788	0.340193
9789	0.704019
9790	0.704019
9791	0.704019
9792	0.704019
9793	-0.178815
9794	0.174964
9795	0.415297
9796	0.415297
9797	1.06505
9798	-0.410504
9799	-0.410504
9800	-0.410504
9801	-0.410504
9802	-0.410504
9803	0.379958
9804	-0.0598627
9805	-0.0598627
9806	-1.55261
9807	0.405181
9808	0.405181
9809	0.405181
9810	0.615667
9811	0.615667
9812	0.615667
9813	0.615667
9814	0.737724
9815	-1.45725
9816	-0.451023
9817	0.596531
9818	0.596531
9819	0.596531
9820	0.596531
9821	0.596531
9822	-0.517415
9823	-0.827022
9824	-0.827022
9825	-0.088914
9826	-0.464638
9827	-0.464638
9828	-0.24289
9829	-0.24289
9830	0.0613098
9831	0.0613098
9832	0.520612
9833	-1.35436
9834	-0.577846
9835	-0.577846
9836	-0.978082
9837	-0.978082
9838	1.01233
9839	1.01233
9840	1.01233
9841	1.01233
9842	0.078877
9843	0.491236
9844	0.491236
9845	-0.593409
9846	1.14382
9847	1.24031
9848	1.24031
9849	1.24031
9850	-0.88647
9851	-0.599505
9852	-1.43399
9853	0.79188
9854	0.79188
9855	0.79188
9856	1.5013
9857	0.472931
9858	0.472931
9859	0.472931
9860	-1.00767
9861	-1.00767
9862	-1.00767
9863	-1.00767
9864	-1.00767
9865	-1.00767
9866	0.348607
9867	-0.376382
9868	-0.376382
9869	0.700368
9870	0.700368
9871	-0.646843
9872	-0.547588
9873	-0.547588
9874	-0.0958829
9875	-0.0958829
9876	-0.0958829
9877	0.722279
9878	0.722279
9879	-0.412335
9880	-0.412335
9881	-1.10628
9882	-1.10628
9883	-1.10628
9884	-1.10628
9885	1.09146
9886	0.788726
9887	-0.697716
9888	0.772667
9889	1.19164
9890	1.19164
9891	1.19164
9892	-0.0312946
9893	-0.865813
9894	-0.865813
9895	0.454053
9896	-0.843717
9897	-0.843717
9898	-0.843717
9899	0.401594
9900	0.401594
9901	-0.19636
9902	1.20228
9903	-1.34714
9904	-1.34714
9905	-1.34714
9906	1.23924
9907	-0.516918
9908	0.643152
9909	0.643152
9910	0.26068
9911	0.26068
9912	0.497745
9913	0.497745
9914	0.497745
9915	0.497745
9916	0.497745
9917	0.497745
9918	0.818419
9919	0.536104
9920	-0.0513771
9921	-0.0513771
9922	-0.0513771
9923	1.00801
9924	1.00801
9925	0.973173
9926	0.973173
9927	-0.842859
9928	-0.842859
9929	-0.842859
9930	-1.47325
9931	-1.47325
9932	0.593719
9933	-0.983477
9934	-0.983477
9935	0.743405
9936	-1.69162
9937	-1.69162
9938	0.946351
9939	-0.437202
9940	-0.437202
9941	-0.437202
9942	1.214
9943	1.41545
9944	1.41545
9945	0.669575
9946	0.669575
9947	0.669575
9948	0.669575
9949	-0.0316983
9950	-0.0316983
9951	-0.0316983
9952	-0.0316983
9953	-0.0316983
9954	-0.0316983
9955	-0.0316983
9956	-0.764769
9957	-0.764769
9958	-0.764769
9959	-0.764769
9960	-0.423224
9961	-0.423224
9962	1.41313
9963	1.41313
9964	0.967705
9965	-0.0476536
9966	0.66701
9967	0.307789
9968	1.56657
9969	1.56657
9970	0.596966
9971	0.810587
9972	0.810587
9973	0.810587
9974	1.1625
9975	1.1625
9976	0.330314
9977	-0.980748
9978	0.0665946
9979	-0.880077
9980	0.304764
9981	0.354758
9982	-0.0360902
9983	0.651462
9984	0.651462
9985	-0.212201
9986	1.68787
9987	1.68787
9988	0.162737
9989	0.162737
9990	-0.492245
9991	-0.937673
9992	0.613896
9993	0.613896
9994	0.75763
9995	0.75763
9996	-1.75412
9997	-1.75412
9998	0.280628
9999	-1.47315
