step	x
1	0.276898
2	0.276898
3	0.276898
4	0.276898
5	0.276898
6	0.276898
7	0.276898
8	0.276898
9	0.276898
10	0.276898
11	0.276898
12	0.276898
13	0.276898
14	0.276898
15	0.276898
16	0.276898
17	0.276898
18	0.276898
19	0.276898
20	0.276898
21	0.276898
22	0.276898
23	0.276898
24	0.276898
25	0.276898
26	0.276898
27	0.276898
28	0.276898
29	0.276898
30	0.276898
31	0.276898
32	0.276898
33	0.276898
34	0.276898
35	0.276898
36	0.276898
37	0.276898
38	0.276898
39	0.276898
40	0.276898
41	0.276898
42	0.276898
43	0.276898
44	0.276898
45	0.276898
46	0.276898
47	0.276898
48	0.276898
49	0.276898
50	0.276898
51	0.276898
52	0.276898
53	0.276898
54	0.276898
55	0.276898
56	0.276898
57	0.276898
58	0.276898
59	0.276898
60	0.276898
61	0.276898
62	0.276898
63	0.276898
64	0.276898
65	0.276898
66	0.276898
67	0.276898
68	-0.276806
69	-0.276806
70	-0.276806
71	-0.276806
72	-0.276806
73	-0.276806
74	-0.276806
75	-0.276806
76	-0.276806
77	-0.276806
78	-0.276806
79	-0.276806
80	-0.276806
81	-0.276806
82	-0.276806
83	-0.281833
84	-0.281833
85	-0.281833
86	-0.281833
87	-0.281833
88	-0.281833
89	-0.281833
90	-0.281833
91	-0.281833
92	-0.281833
93	-0.281833
94	-0.281833
95	-0.281833
96	-0.281833
97	-0.281833
98	-0.281833
99	-0.281833
100	-0.281833
101	-0.281833
102	-0.281833
103	-0.281833
104	-0.281833
105	-0.281833
106	-0.281833
107	-0.281833
108	-0.281833
109	-0.281833
110	-0.281833
111	-0.281833
112	-0.281833
113	-0.281833
114	-0.281833
115	-0.281833
116	-0.281833
117	-0.281833
118	-0.281833
119	-0.281833
120	-0.281833
121	-0.281833
122	-0.281833
123	-0.281833
124	-0.281833
125	-0.281833
126	-0.281833
127	-0.281833
128	-0.281833
129	-0.281833
130	-0.281833
131	-0.281833
132	-0.281833
133	-0.281833
134	-0.281833
135	-0.281833
136	-0.281833
137	-0.281833
138	-0.281833
139	-0.281833
140	-0.281833
141	-0.281833
142	-0.281833
143	-0.281833
144	-0.281833
145	-0.281833
146	-0.281833
147	-0.281833
148	-0.281833
149	-0.281833
150	-0.281833
151	-0.281833
152	-0.281833
153	-0.281833
154	-0.281833
155	-0.281833
156	-0.281833
157	-0.281833
158	-0.281833
159	-0.281833
160	-0.281833
161	-0.281833
162	-0.281833
163	-0.281833
164	-0.281833
165	-0.281833
166	-0.281833
167	-0.281833
168	-0.281833
169	-0.281833
170	-0.281833
171	-0.281833
172	-0.281833
173	-0.281833
174	-0.281833
175	-0.281833
176	-0.281833
177	-0.281833
178	-0.281833
179	-0.281833
180	-0.281833
181	-0.281833
182	-0.281833
183	-0.281833
184	-0.281833
185	-0.281833
186	-0.281833
187	-0.281833
188	-0.281833
189	-0.281833
190	-0.281833
191	-0.281833
192	-0.281833
193	-0.281833
194	-0.281833
195	-0.281833
196	-0.281833
197	-0.281833
198	-0.281833
199	-0.281833
200	-0.281833
201	-0.281833
202	-0.281833
203	-0.281833
204	-0.281833
205	-0.281833
206	-0.281833
207	-0.281833
208	-0.281833
209	-0.281833
210	-0.281833
211	-0.281833
212	-0.281833
213	-0.281833
214	-0.281833
215	-0.281833
216	-0.281833
217	-0.281833
218	-0.281833
219	-0.281833
220	-0.281833
221	-0.281833
222	-0.281833
223	-0.281833
224	-0.281833
225	-0.281833
226	-0.281833
227	-0.281833
228	-0.281833
229	-0.281833
230	-0.281833
231	-0.281833
232	-0.281833
233	-0.281833
234	-0.281833
235	-0.281833
236	-0.281833
237	-0.281833
238	-0.281833
239	-0.281833
240	-0.281833
241	-0.281833
242	-0.281833
243	-0.281833
244	-0.281833
245	-0.281833
246	-0.281833
247	-0.281833
248	-0.281833
249	-0.281833
250	-0.281833
251	-0.281833
252	-0.281833
253	-0.281833
254	-0.281833
255	-0.281833
256	-0.281833
257	-0.281833
258	-0.281833
259	-0.281833
260	-0.281833
261	0.282012
262	0.282012
263	0.282012
264	0.282012
265	0.282012
266	0.282012
267	0.282012
268	0.282012
269	0.282012
270	0.282012
271	0.282012
272	0.282012
273	0.282012
274	0.282012
275	0.282012
276	0.282012
277	0.282012
278	0.282012
279	0.282012
280	0.282012
281	0.282012
282	0.282012
283	0.282012
284	0.282012
285	0.282012
286	0.282012
287	0.282012
288	0.282012
289	0.282012
290	0.282012
291	0.282012
292	0.282012
293	0.282012
294	0.282012
295	0.282012
296	0.282012
297	0.282012
298	0.282012
299	0.282012
300	0.282012
301	0.282012
302	0.282012
303	0.282012
304	0.282012
305	0.282012
306	0.282012
307	0.282012
308	0.282012
309	0.282012
310	0.282012
311	0.282012
312	0.282012
313	0.282012
314	0.282012
315	0.282012
316	0.282012
317	0.282012
318	0.282012
319	0.282012
320	0.282012
321	0.282012
322	0.282012
323	0.282012
324	0.282012
325	0.282012
326	0.282012
327	0.282012
328	0.282012
329	0.282012
330	0.282012
331	0.282012
332	0.282012
333	0.282012
334	0.282012
335	0.282012
336	0.282012
337	0.282012
338	0.282012
339	0.282012
340	0.282012
341	0.282012
342	0.282012
343	0.282012
344	0.282012
345	0.282012
346	0.282012
347	0.282012
348	0.282012
349	0.282012
350	0.282012
351	0.282012
352	0.282012
353	0.282012
354	0.282012
355	0.282012
356	0.282012
357	0.282012
358	0.282012
359	0.282012
360	0.282012
361	0.282012
362	0.282012
363	0.282012
364	0.282012
365	0.282012
366	0.282012
367	0.282012
368	0.282012
369	0.282012
370	0.282012
371	0.282012
372	0.282012
373	0.282012
374	0.282012
375	0.282012
376	0.282012
377	0.282012
378	0.282012
379	0.282012
380	0.282012
381	0.282012
382	0.282012
383	0.282012
384	0.282012
385	0.279407
386	0.279407
387	0.279407
388	0.279407
389	0.279407
390	0.279407
391	0.279407
392	0.279407
393	0.279407
394	0.279407
395	0.279407
396	0.279407
397	0.279407
398	0.279407
399	0.279407
400	0.279407
401	0.279407
402	0.279407
403	0.279407
404	0.279407
405	0.279407
406	0.279407
407	0.279407
408	0.279407
409	0.279407
410	0.279407
411	0.279407
412	0.279407
413	0.279407
414	0.279407
415	0.279407
416	0.279407
417	0.279407
418	0.279407
419	0.279407
420	0.279407
421	0.279407
422	0.279407
423	0.279407
424	0.279407
425	0.279407
426	0.279407
427	0.279407
428	0.279407
429	0.279407
430	0.279407
431	0.279407
432	0.279407
433	0.279407
434	0.279407
435	0.279407
436	0.279407
437	0.279407
438	0.279407
439	0.279407
440	0.279407
441	0.279407
442	0.279407
443	0.279407
444	0.279407
445	0.279407
446	0.279407
447	0.279407
448	0.279407
449	0.279407
450	0.279407
451	0.279407
452	0.279407
453	0.279407
454	0.279407
455	0.279407
456	0.279407
457	0.279407
458	0.279407
459	0.279407
460	0.279407
461	0.279407
462	0.279407
463	0.279407
464	0.279407
465	0.279407
466	0.279407
467	0.279407
468	0.279407
469	0.279407
470	0.279407
471	0.279407
472	0.279407
473	0.279407
474	0.279407
475	0.279407
476	0.279407
477	0.279407
478	0.279407
479	0.279407
480	0.279407
481	0.279407
482	0.279407
483	0.279407
484	0.279407
485	0.279407
486	0.279407
487	0.279407
488	0.279407
489	0.279407
490	0.279407
491	0.279407
492	0.279407
493	0.279407
494	0.279407
495	0.279407
496	0.279407
497	0.279407
498	0.279407
499	0.279407
500	0.279407
501	0.279407
502	0.279407
503	0.279407
504	0.279407
505	0.279407
506	0.279407
507	0.279407
508	0.279407
509	0.279407
510	0.279407
511	0.279407
512	0.279407
513	0.279407
514	0.279407
515	0.279407
516	0.279407
517	0.279407
518	0.279407
519	0.279407
520	0.279407
521	0.279407
522	0.279407
523	0.279407
524	0.279407
525	0.279407
526	0.279407
527	0.279407
528	0.279407
529	0.279407
530	0.279407
531	0.279407
532	0.279407
533	0.279407
534	0.279407
535	0.279407
536	0.279407
537	0.279407
538	0.279407
539	0.279407
540	0.279407
541	0.279407
542	0.279407
543	0.279407
544	0.279407
545	0.279407
546	0.279407
547	0.279407
548	0.279407
549	0.279407
550	0.279407
551	0.279407
552	0.279407
553	0.279407
554	0.279407
555	0.279407
556	0.279407
557	0.279407
558	0.279407
559	0.279407
560	0.279407
561	0.279407
562	0.279407
563	0.279407
564	0.279407
565	0.279407
566	0.279407
567	0.279407
568	0.279407
569	0.279407
570	0.279407
571	0.279407
572	0.279407
573	0.279407
574	0.279407
575	0.279407
576	0.279407
577	-0.262889
578	-0.262889
579	-0.262889
580	-0.262889
581	-0.262889
582	-0.262889
583	-0.262889
584	-0.262889
585	-0.262889
586	-0.262889
587	-0.262889
588	-0.262889
589	-0.262889
590	-0.262889
591	-0.262889
592	-0.262889
593	-0.262889
594	-0.262889
595	-0.262889
596	-0.262889
597	-0.282559
598	-0.282559
599	-0.282559
600	-0.282559
601	-0.282559
602	-0.282559
603	-0.282559
604	-0.282559
605	-0.282559
606	-0.282559
607	-0.282559
608	-0.282559
609	-0.282559
610	-0.282559
611	-0.282559
612	-0.282559
613	-0.282559
614	-0.282559
615	-0.282559
616	-0.282559
617	-0.282559
618	-0.282559
619	-0.282559
620	-0.282559
621	-0.282559
622	-0.282559
623	-0.282559
624	-0.282559
625	-0.282559
626	-0.282559
627	-0.282559
628	-0.282559
629	-0.282559
630	-0.282559
631	-0.282559
632	-0.282559
633	-0.282559
634	-0.282559
635	-0.282559
636	-0.282559
637	-0.282559
638	-0.282559
639	-0.282559
640	-0.282559
641	-0.282559
642	-0.282559
643	-0.282559
644	-0.282559
645	-0.282559
646	-0.282559
647	-0.282559
648	-0.282559
649	-0.282559
650	-0.282559
651	-0.282559
652	-0.282559
653	-0.282559
654	-0.282559
655	-0.282559
656	-0.282559
657	-0.282559
658	-0.282559
659	-0.282559
660	-0.282559
661	-0.282559
662	-0.282559
663	-0.282559
664	-0.282559
665	-0.282559
666	-0.282559
667	-0.282559
668	-0.282559
669	-0.282559
670	-0.282559
671	-0.282559
672	-0.282559
673	-0.282559
674	-0.282559
675	-0.282559
676	-0.282559
677	-0.282559
678	-0.282559
679	-0.282559
680	-0.282559
681	-0.282559
682	-0.282559
683	-0.282559
684	-0.282559
685	-0.282559
686	-0.282559
687	-0.282559
688	-0.282559
689	-0.282559
690	-0.282559
691	-0.282559
692	-0.282559
693	-0.282559
694	-0.282559
695	-0.282559
696	-0.282559
697	-0.282559
698	-0.282559
699	-0.282559
700	-0.282559
701	-0.282559
702	-0.282559
703	-0.282559
704	-0.282559
705	-0.282559
706	-0.282559
707	-0.282559
708	-0.282559
709	-0.282559
710	-0.282559
711	-0.282559
712	-0.282559
713	-0.282559
714	-0.282559
715	-0.282559
716	-0.282559
717	-0.282559
718	-0.282559
719	-0.282559
720	-0.282559
721	-0.282559
722	-0.282559
723	-0.282559
724	-0.282559
725	-0.282559
726	-0.282559
727	-0.282559
728	-0.282559
729	-0.282559
730	-0.282559
731	-0.282559
732	-0.282559
733	-0.282559
734	-0.282559
735	-0.282559
736	-0.282559
737	-0.282559
738	-0.282559
739	-0.282559
740	-0.282559
741	-0.282559
742	-0.282559
743	-0.282559
744	-0.282559
745	-0.282559
746	-0.282559
747	-0.282559
748	-0.282559
749	-0.282559
750	-0.282559
751	-0.282559
752	-0.282559
753	-0.282559
754	-0.282559
755	-0.282559
756	-0.282559
757	-0.282559
758	-0.282559
759	-0.282559
760	-0.282559
761	-0.282559
762	-0.282559
763	-0.282559
764	-0.282559
765	-0.282559
766	-0.282559
767	-0.282559
768	-0.282559
769	-0.282559
770	-0.282559
771	-0.282559
772	-0.282559
773	-0.282559
774	-0.282559
775	-0.282559
776	-0.282559
777	-0.282559
778	-0.282559
779	-0.282559
780	-0.282559
781	-0.282559
782	-0.282559
783	-0.282559
784	-0.282559
785	-0.282559
786	-0.282559
787	-0.282559
788	-0.282559
789	-0.282559
790	-0.282559
791	-0.282559
792	-0.282559
793	-0.282559
794	-0.282559
795	-0.282559
796	-0.282559
797	0.266851
798	0.266851
799	0.266851
800	0.266851
801	0.266851
802	0.266851
803	0.266851
804	0.266851
805	0.266851
806	0.266851
807	0.266851
808	0.266851
809	0.266851
810	0.266851
811	0.266851
812	0.266851
813	0.266851
814	0.266851
815	0.266851
816	0.266851
817	0.266851
818	0.266851
819	0.266851
820	0.266851
821	0.266851
822	0.266851
823	0.266851
824	0.266851
825	0.266851
826	0.266851
827	0.266851
828	0.266851
829	0.266851
830	0.266851
831	0.266851
832	0.266851
833	0.266851
834	0.266851
835	0.266851
836	0.266851
837	0.266851
838	0.269972
839	0.269972
840	0.269972
841	0.269972
842	0.269972
843	0.269972
844	0.269972
845	0.269972
846	0.269972
847	0.269972
848	0.269972
849	0.269972
850	0.269972
851	0.269972
852	0.269972
853	0.269972
854	0.269972
855	0.269972
856	0.269972
857	0.269972
858	0.269972
859	0.269972
860	0.269972
861	0.269972
862	0.269972
863	0.269972
864	0.269972
865	0.269972
866	0.269972
867	0.269972
868	0.269972
869	0.269972
870	0.269972
871	0.269972
872	0.269972
873	0.269972
874	0.269972
875	0.269972
876	0.269972
877	0.269972
878	0.269972
879	0.269972
880	0.269972
881	0.269972
882	0.269972
883	0.269972
884	0.269972
885	0.269972
886	0.269972
887	0.269972
888	0.269972
889	0.269972
890	0.269972
891	0.269972
892	0.269972
893	0.269972
894	0.269972
895	0.269972
896	0.269972
897	0.269972
898	0.269972
899	0.269972
900	0.269972
901	0.269972
902	0.269972
903	0.269972
904	0.269972
905	0.269972
906	0.269972
907	0.269972
908	0.269972
909	0.269972
910	0.269972
911	0.269972
912	0.269972
913	0.269972
914	0.269972
915	0.269972
916	0.269972
917	0.269972
918	0.269972
919	0.269972
920	0.269972
921	0.269972
922	0.269972
923	0.269972
924	0.269972
925	0.269972
926	0.269972
927	0.269972
928	0.269972
929	0.269972
930	0.269972
931	0.269972
932	0.269972
933	0.269972
934	0.269972
935	0.269972
936	0.269972
937	0.269972
938	0.269972
939	0.269972
940	0.269972
941	0.269972
942	0.269972
943	0.269972
944	0.269972
945	0.269972
946	0.269972
947	0.269972
948	0.269972
949	0.269972
950	0.269972
951	0.269972
952	0.269972
953	0.269972
954	0.269972
955	0.269972
956	0.269972
957	0.269972
958	0.269972
959	0.269972
960	0.269972
961	0.269972
962	0.269972
963	0.269972
964	0.269972
965	0.269972
966	0.269972
967	0.269972
968	0.269972
969	0.269972
970	0.269972
971	0.269972
972	0.269972
973	0.269972
974	0.269972
975	0.269972
976	0.269972
977	0.269972
978	0.269972
979	0.269972
980	0.269972
981	0.269972
982	0.269972
983	0.269972
984	0.269972
985	0.269972
986	0.269972
987	0.269972
988	0.269972
989	0.269972
990	0.269972
991	0.269972
992	0.269972
993	0.269972
994	0.269972
995	0.269972
996	0.269972
997	0.269972
998	0.269972
999	0.269972
1000	0.269972
1001	0.269972
1002	0.269972
1003	0.269972
1004	0.269972
1005	0.269972
1006	0.269972
1007	0.269972
1008	0.269972
1009	0.269972
1010	0.269972
1011	0.269972
1012	0.269972
1013	0.269972
1014	0.269972
1015	0.269972
1016	0.269972
1017	0.269972
1018	0.269972
1019	0.269972
1020	0.269972
1021	0.269972
1022	0.269972
1023	0.269972
1024	0.269972
1025	0.269972
1026	0.269972
1027	0.269972
1028	0.269972
1029	0.269972
1030	0.269972
1031	0.269972
1032	0.269972
1033	0.269972
1034	0.269972
1035	0.269972
1036	0.269972
1037	0.269972
1038	0.269972
1039	0.269972
1040	0.269972
1041	0.269972
1042	0.269972
1043	0.269972
1044	0.269972
1045	0.269972
1046	0.269972
1047	0.269972
1048	0.269972
1049	0.269972
1050	0.269972
1051	0.269972
1052	0.269972
1053	0.269972
1054	0.269972
1055	0.269972
1056	0.269972
1057	0.269972
1058	0.269972
1059	0.269972
1060	0.269972
1061	0.269972
1062	0.269972
1063	0.269972
1064	0.269972
1065	0.269972
1066	0.269972
1067	0.269972
1068	0.269972
1069	0.269972
1070	0.269972
1071	0.269972
1072	0.269972
1073	0.269972
1074	0.269972
1075	0.269972
1076	0.269972
1077	0.269972
1078	0.269972
1079	0.269972
1080	0.269972
1081	0.269972
1082	0.269972
1083	0.269972
1084	0.269972
1085	0.269972
1086	0.269972
1087	0.269972
1088	0.269972
1089	0.269972
1090	0.269972
1091	0.269972
1092	0.269972
1093	0.269972
1094	0.269972
1095	0.269972
1096	0.269972
1097	0.269972
1098	0.269972
1099	0.269972
1100	0.269972
1101	0.269972
1102	0.269972
1103	0.269972
1104	0.269972
1105	0.269972
1106	0.269972
1107	0.269972
1108	0.269972
1109	0.269972
1110	0.269972
1111	0.269972
1112	0.269972
1113	0.269972
1114	0.269972
1115	0.269972
1116	0.269972
1117	0.269972
1118	0.269972
1119	0.269972
1120	0.269972
1121	0.269972
1122	0.269972
1123	0.269972
1124	0.269972
1125	0.269972
1126	0.269972
1127	0.269972
1128	0.269972
1129	0.269972
1130	0.269972
1131	0.269972
1132	0.269972
1133	0.269972
1134	0.269972
1135	0.269972
1136	0.269972
1137	0.269972
1138	0.269972
1139	0.269972
1140	0.269972
1141	0.269972
1142	0.269972
1143	0.269972
1144	0.269972
1145	0.269972
1146	0.269972
1147	0.269972
1148	0.269972
1149	0.269972
1150	0.269972
1151	0.269972
1152	0.269972
1153	0.269972
1154	0.269972
1155	0.269972
1156	0.269972
1157	0.269972
1158	0.269972
1159	0.269972
1160	0.269972
1161	0.269972
1162	0.269972
1163	0.269972
1164	0.269972
1165	0.269972
1166	0.269972
1167	0.269972
1168	0.269972
1169	0.269972
1170	0.269972
1171	0.269972
1172	0.269972
1173	0.269972
1174	0.269972
1175	0.269972
1176	0.269972
1177	0.269972
1178	0.269972
1179	0.269972
1180	0.269972
1181	0.269972
1182	0.269972
1183	0.269972
1184	0.269972
1185	0.269972
1186	0.269972
1187	0.269972
1188	0.269972
1189	0.269972
1190	0.269972
1191	0.269972
1192	0.269972
1193	0.269972
1194	0.269972
1195	0.269972
1196	0.269972
1197	0.269972
1198	0.269972
1199	0.269972
1200	0.269972
1201	0.269972
1202	0.269972
1203	0.269972
1204	0.269972
1205	0.269972
1206	0.269972
1207	0.269972
1208	0.269972
1209	0.269972
1210	0.269972
1211	0.269972
1212	0.269972
1213	0.269972
1214	0.269972
1215	0.269972
1216	0.269972
1217	0.269972
1218	0.269972
1219	0.269972
1220	0.269972
1221	0.269972
1222	0.269972
1223	0.269972
1224	0.269972
1225	0.269972
1226	0.269972
1227	0.269972
1228	0.269972
1229	0.269972
1230	0.269972
1231	0.269972
1232	0.269972
1233	0.269972
1234	0.269972
1235	0.269972
1236	0.269972
1237	0.269972
1238	0.269972
1239	0.269972
1240	0.269972
1241	0.269972
1242	0.269972
1243	0.269972
1244	0.269972
1245	0.269972
1246	0.269972
1247	0.269972
1248	0.269972
1249	0.269972
1250	0.269972
1251	0.269972
1252	0.269972
1253	0.269972
1254	0.269972
1255	0.269972
1256	0.269972
1257	0.269972
1258	0.269972
1259	0.269972
1260	0.269972
1261	0.269972
1262	0.269972
1263	0.269972
1264	0.269972
1265	0.269972
1266	0.269972
1267	0.269972
1268	0.269972
1269	0.269972
1270	0.269972
1271	0.269972
1272	0.269972
1273	0.269972
1274	0.269972
1275	0.269972
1276	0.269972
1277	0.269972
1278	0.269972
1279	0.269972
1280	0.269972
1281	0.269972
1282	0.269972
1283	0.269972
1284	0.269972
1285	0.269972
1286	0.269972
1287	0.269972
1288	0.269972
1289	0.269972
1290	0.269972
1291	0.269972
1292	0.269972
1293	0.269972
1294	0.269972
1295	0.269972
1296	0.269972
1297	0.269972
1298	0.269972
1299	0.269972
1300	0.269972
1301	0.269972
1302	0.269972
1303	0.269972
1304	0.269972
1305	0.269972
1306	0.269972
1307	0.269972
1308	0.269972
1309	0.269972
1310	0.269972
1311	0.269972
1312	0.269972
1313	0.269972
1314	0.269972
1315	0.269972
1316	0.269972
1317	0.269972
1318	0.269972
1319	0.269972
1320	0.269972
1321	0.269972
1322	0.269972
1323	0.269972
1324	0.269972
1325	0.269972
1326	0.269972
1327	0.269972
1328	0.269972
1329	0.269972
1330	0.269972
1331	0.269972
1332	0.269972
1333	0.269972
1334	0.269972
1335	0.269972
1336	0.269972
1337	0.269972
1338	0.269972
1339	0.269972
1340	0.269972
1341	0.269972
1342	0.269972
1343	0.269972
1344	0.269972
1345	0.269972
1346	0.269972
1347	0.269972
1348	0.269972
1349	0.269972
1350	0.269972
1351	0.269972
1352	0.269972
1353	0.269972
1354	0.269972
1355	0.269972
1356	0.269972
1357	0.269972
1358	0.269972
1359	0.269972
1360	0.269972
1361	0.269972
1362	0.269972
1363	0.269972
1364	0.269972
1365	0.269972
1366	0.269972
1367	0.269972
1368	0.269972
1369	0.269972
1370	0.269972
1371	0.269972
1372	0.269972
1373	0.269972
1374	0.269972
1375	0.269972
1376	0.269972
1377	0.269972
1378	0.269972
1379	0.269972
1380	0.269972
1381	0.269972
1382	0.269972
1383	0.269972
1384	0.269972
1385	0.269972
1386	0.269972
1387	0.269972
1388	0.269972
1389	0.269972
1390	0.269972
1391	0.269972
1392	0.269972
1393	0.269972
1394	0.269972
1395	0.269972
1396	0.269972
1397	0.269972
1398	0.269972
1399	0.269972
1400	0.269972
1401	0.269972
1402	0.269972
1403	0.269972
1404	0.269972
1405	0.269972
1406	0.269972
1407	0.269972
1408	0.269972
1409	0.269972
1410	0.269972
1411	0.269972
1412	0.269972
1413	0.269972
1414	0.269972
1415	0.269972
1416	0.269972
1417	0.269972
1418	0.269972
1419	0.269972
1420	0.269972
1421	0.269972
1422	0.269972
1423	0.269972
1424	0.269972
1425	0.269972
1426	0.269972
1427	0.269972
1428	0.269972
1429	0.269972
1430	0.269972
1431	0.269972
1432	0.269972
1433	0.269972
1434	0.269972
1435	0.269972
1436	0.269972
1437	0.269972
1438	0.269972
1439	0.269972
1440	0.269972
1441	0.269972
1442	0.269972
1443	-0.269156
1444	-0.269156
1445	-0.269156
1446	-0.269156
1447	-0.269156
1448	-0.269156
1449	-0.269156
1450	-0.269156
1451	-0.269156
1452	-0.269156
1453	-0.269156
1454	-0.269156
1455	-0.269156
1456	-0.269156
1457	-0.269156
1458	-0.269156
1459	-0.269156
1460	-0.269156
1461	-0.269156
1462	-0.269156
1463	-0.269156
1464	-0.269156
1465	-0.269156
1466	-0.269156
1467	-0.269156
1468	-0.269156
1469	-0.269156
1470	-0.269156
1471	-0.269156
1472	-0.269156
1473	-0.269156
1474	-0.269156
1475	-0.269156
1476	-0.269156
1477	-0.269156
1478	-0.269156
1479	-0.269156
1480	-0.269156
1481	-0.269156
1482	-0.269156
1483	-0.269156
1484	-0.269156
1485	-0.269156
1486	-0.269156
1487	-0.269156
1488	-0.269156
1489	-0.269156
1490	-0.269156
1491	-0.269156
1492	-0.269156
1493	-0.269156
1494	-0.269156
1495	-0.269156
1496	-0.269156
1497	-0.269156
1498	-0.269156
1499	-0.269156
1500	-0.269156
1501	-0.269156
1502	-0.269156
1503	-0.269156
1504	-0.269156
1505	-0.269156
1506	-0.269156
1507	-0.269156
1508	-0.269156
1509	-0.269156
1510	-0.269156
1511	-0.269156
1512	-0.269156
1513	-0.269156
1514	-0.269156
1515	-0.269156
1516	-0.269156
1517	-0.269156
1518	-0.269156
1519	-0.269156
1520	-0.269156
1521	-0.269156
1522	-0.269156
1523	-0.269156
1524	-0.269156
1525	-0.269156
1526	-0.269156
1527	-0.269156
1528	-0.269156
1529	-0.269156
1530	-0.269156
1531	-0.269156
1532	-0.269156
1533	-0.269156
1534	-0.269156
1535	-0.269156
1536	-0.269156
1537	-0.269156
1538	-0.269156
1539	-0.269156
1540	-0.269156
1541	-0.269156
1542	-0.269156
1543	-0.269156
1544	-0.269156
1545	-0.269156
1546	-0.269156
1547	-0.269156
1548	-0.269156
1549	-0.269156
1550	-0.269156
1551	-0.269156
1552	-0.269156
1553	-0.269156
1554	-0.269156
1555	-0.269156
1556	-0.269156
1557	-0.269156
1558	-0.269156
1559	-0.269156
1560	-0.269156
1561	-0.269156
1562	-0.269156
1563	-0.269156
1564	-0.269156
1565	-0.269156
1566	-0.269156
1567	-0.269156
1568	-0.269156
1569	-0.269156
1570	-0.269156
1571	-0.269156
1572	-0.269156
1573	-0.269156
1574	-0.269156
1575	-0.269156
1576	-0.269156
1577	-0.269156
1578	-0.269156
1579	-0.269156
1580	-0.269156
1581	-0.269156
1582	-0.269156
1583	-0.269156
1584	-0.269156
1585	-0.269156
1586	-0.269156
1587	-0.269156
1588	-0.269156
1589	-0.269156
1590	-0.269156
1591	-0.269156
1592	-0.269156
1593	-0.269156
1594	-0.269156
1595	-0.269156
1596	-0.269156
1597	-0.269156
1598	-0.269156
1599	-0.269156
1600	-0.269156
1601	-0.269156
1602	-0.269156
1603	-0.269156
1604	-0.269156
1605	-0.269156
1606	-0.269156
1607	-0.269156
1608	-0.269156
1609	-0.269156
1610	-0.269156
1611	-0.269156
1612	-0.269156
1613	-0.269156
1614	-0.269156
1615	-0.269156
1616	-0.269156
1617	-0.269156
1618	-0.269156
1619	-0.269156
1620	-0.269156
1621	-0.269156
1622	-0.269156
1623	-0.269156
1624	-0.269156
1625	-0.269156
1626	-0.269156
1627	-0.269156
1628	-0.269156
1629	-0.269156
1630	-0.269156
1631	-0.269156
1632	-0.269156
1633	-0.269156
1634	-0.269156
1635	-0.269156
1636	-0.269156
1637	-0.269156
1638	-0.269156
1639	-0.269156
1640	-0.269156
1641	-0.269156
1642	-0.269156
1643	-0.269156
1644	-0.269156
1645	-0.269156
1646	-0.269156
1647	-0.269156
1648	-0.269156
1649	-0.269156
1650	-0.269156
1651	-0.269156
1652	-0.269156
1653	-0.269156
1654	-0.278063
1655	-0.278063
1656	-0.278063
1657	-0.278063
1658	-0.278063
1659	-0.278063
1660	-0.278063
1661	-0.278063
1662	-0.278063
1663	-0.278063
1664	-0.278063
1665	-0.278063
1666	-0.278063
1667	-0.278063
1668	-0.278063
1669	-0.278063
1670	-0.278063
1671	-0.278063
1672	-0.278063
1673	-0.278063
1674	-0.278063
1675	-0.278063
1676	-0.278063
1677	-0.278063
1678	-0.278063
1679	-0.278063
1680	-0.278063
1681	-0.278063
1682	-0.278063
1683	-0.278063
1684	-0.278063
1685	-0.278063
1686	-0.278063
1687	-0.278063
1688	-0.278063
1689	-0.278063
1690	-0.278063
1691	-0.278063
1692	-0.278063
1693	-0.278063
1694	-0.278063
1695	-0.278063
1696	-0.278063
1697	-0.278063
1698	-0.278063
1699	-0.278063
1700	-0.278063
1701	-0.278063
1702	-0.278063
1703	-0.278063
1704	-0.278063
1705	-0.278063
1706	-0.278063
1707	-0.278063
1708	-0.278063
1709	-0.278063
1710	-0.278063
1711	-0.278063
1712	-0.278063
1713	-0.278063
1714	-0.278063
1715	-0.278063
1716	-0.278063
1717	-0.278063
1718	-0.278063
1719	-0.278063
1720	-0.278063
1721	-0.278063
1722	-0.278063
1723	-0.278063
1724	-0.278063
1725	-0.278063
1726	-0.278063
1727	-0.278063
1728	-0.278063
1729	-0.278063
1730	-0.278063
1731	-0.278063
1732	-0.278063
1733	-0.278063
1734	-0.278063
1735	-0.278063
1736	-0.278063
1737	-0.278063
1738	-0.278063
1739	-0.278063
1740	-0.278063
1741	-0.278063
1742	-0.278063
1743	-0.278063
1744	-0.278063
1745	-0.278063
1746	-0.278063
1747	-0.278063
1748	-0.278063
1749	-0.278063
1750	-0.278063
1751	-0.278063
1752	-0.278063
1753	-0.278063
1754	-0.278063
1755	-0.278063
1756	-0.278063
1757	-0.278063
1758	-0.278063
1759	-0.278063
1760	-0.278063
1761	-0.278063
1762	-0.278063
1763	-0.278063
1764	-0.278063
1765	-0.278063
1766	-0.278063
1767	-0.278063
1768	-0.278063
1769	-0.278063
1770	-0.278063
1771	-0.278063
1772	-0.278063
1773	-0.278063
1774	-0.278063
1775	-0.278063
1776	-0.278063
1777	-0.278063
1778	-0.278063
1779	-0.278063
1780	-0.278063
1781	-0.278063
1782	-0.278063
1783	-0.278063
1784	-0.278063
1785	-0.278063
1786	-0.278063
1787	-0.278063
1788	-0.278063
1789	-0.278063
1790	-0.278063
1791	-0.278063
1792	-0.278063
1793	-0.278063
1794	-0.278063
1795	-0.278063
1796	-0.278063
1797	-0.278063
1798	-0.278063
1799	-0.278063
1800	-0.278063
1801	-0.278063
1802	-0.278063
1803	-0.272025
1804	-0.272025
1805	-0.272025
1806	-0.272025
1807	-0.272025
1808	-0.272025
1809	-0.272025
1810	-0.272025
1811	-0.272025
1812	-0.272025
1813	-0.272025
1814	-0.272025
1815	-0.272025
1816	-0.272025
1817	-0.272025
1818	-0.272025
1819	-0.272025
1820	-0.272025
1821	-0.272025
1822	-0.272025
1823	-0.272025
1824	-0.272025
1825	-0.272025
1826	-0.272025
1827	-0.272025
1828	-0.272025
1829	-0.272025
1830	-0.272025
1831	-0.272025
1832	-0.272025
1833	-0.272025
1834	-0.272025
1835	-0.272025
1836	-0.272025
1837	-0.272025
1838	-0.272025
1839	-0.272025
1840	-0.272025
1841	-0.272025
1842	-0.272025
1843	-0.272025
1844	-0.272025
1845	-0.272025
1846	-0.272025
1847	-0.272025
1848	-0.272025
1849	-0.272025
1850	-0.272025
1851	-0.272025
1852	-0.272025
1853	-0.272025
1854	-0.272025
1855	-0.272025
1856	-0.272025
1857	-0.270877
1858	-0.270877
1859	-0.270877
1860	-0.270877
1861	-0.270877
1862	-0.270877
1863	-0.270877
1864	-0.270877
1865	-0.270877
1866	-0.270877
1867	-0.270877
1868	-0.270877
1869	-0.270877
1870	-0.270877
1871	-0.270877
1872	-0.270877
1873	-0.270877
1874	-0.270877
1875	-0.270877
1876	-0.270877
1877	-0.270877
1878	-0.270877
1879	-0.270877
1880	-0.270877
1881	-0.270877
1882	-0.270877
1883	-0.270877
1884	-0.270877
1885	-0.270877
1886	-0.270877
1887	-0.270877
1888	-0.270877
1889	-0.270877
1890	-0.270877
1891	-0.270877
1892	-0.270877
1893	-0.270877
1894	-0.270877
1895	-0.270877
1896	-0.270877
1897	-0.270877
1898	-0.270877
1899	-0.270877
1900	-0.270877
1901	-0.270877
1902	-0.270877
1903	-0.270877
1904	-0.270877
1905	-0.270877
1906	-0.270877
1907	-0.270877
1908	-0.270877
1909	-0.270877
1910	-0.270877
1911	-0.270877
1912	-0.270877
1913	-0.270877
1914	-0.270877
1915	-0.270877
1916	-0.270877
1917	-0.270877
1918	-0.270877
1919	-0.270877
1920	-0.270877
1921	-0.270877
1922	-0.270877
1923	-0.270877
1924	-0.270877
1925	-0.270877
1926	-0.270877
1927	-0.270877
1928	-0.270877
1929	-0.270877
1930	-0.270877
1931	-0.270877
1932	-0.270877
1933	-0.270877
1934	-0.270877
1935	-0.270877
1936	-0.270877
1937	-0.270877
1938	-0.270877
1939	-0.270877
1940	-0.270877
1941	-0.270877
1942	-0.270877
1943	-0.270877
1944	-0.270877
1945	-0.270877
1946	-0.270877
1947	-0.270877
1948	-0.270877
1949	-0.270877
1950	-0.270877
1951	-0.270877
1952	-0.270877
1953	-0.270877
1954	-0.270877
1955	-0.270877
1956	-0.270877
1957	-0.270877
1958	-0.270877
1959	-0.270877
1960	-0.270877
1961	-0.270877
1962	-0.270877
1963	-0.270877
1964	-0.270877
1965	-0.270877
1966	-0.270877
1967	-0.270877
1968	-0.270877
1969	-0.270877
1970	-0.270877
1971	-0.270877
1972	-0.270877
1973	-0.270877
1974	-0.270877
1975	-0.270877
1976	-0.270877
1977	-0.270877
1978	-0.270877
1979	-0.270877
1980	-0.270877
1981	-0.270877
1982	-0.270877
1983	-0.270877
1984	-0.270877
1985	-0.270877
1986	-0.270877
1987	-0.270877
1988	-0.270877
1989	-0.270877
1990	-0.270877
1991	-0.270877
1992	-0.270877
1993	-0.270877
1994	-0.270877
1995	-0.270877
1996	-0.270877
1997	-0.270877
1998	-0.270877
1999	-0.270877
2000	-0.270877
2001	-0.270877
2002	-0.270877
2003	-0.270877
2004	-0.270877
2005	-0.270877
2006	-0.270877
2007	-0.270877
2008	-0.270877
2009	-0.270877
2010	-0.270877
2011	-0.270877
2012	-0.270877
2013	-0.270877
2014	-0.270877
2015	-0.270877
2016	-0.270877
2017	-0.270877
2018	-0.270877
2019	-0.270877
2020	-0.270877
2021	-0.270877
2022	-0.270877
2023	-0.270877
2024	-0.270877
2025	-0.270877
2026	-0.270877
2027	-0.270877
2028	-0.270877
2029	-0.270877
2030	-0.270877
2031	-0.270877
2032	-0.270877
2033	-0.270877
2034	-0.270877
2035	-0.270877
2036	-0.270877
2037	-0.270877
2038	-0.270877
2039	-0.270877
2040	-0.270877
2041	-0.270877
2042	-0.270877
2043	-0.270877
2044	-0.270877
2045	-0.270877
2046	-0.270877
2047	-0.270877
2048	-0.270877
2049	-0.270877
2050	-0.270877
2051	-0.270877
2052	-0.270877
2053	-0.270877
2054	-0.270877
2055	-0.270877
2056	-0.270877
2057	-0.270877
2058	-0.270877
2059	-0.270877
2060	-0.270877
2061	-0.270877
2062	-0.270877
2063	-0.270877
2064	-0.270877
2065	-0.270877
2066	-0.270877
2067	-0.270877
2068	-0.270877
2069	-0.270877
2070	-0.270877
2071	-0.270877
2072	-0.270877
2073	-0.270877
2074	-0.270877
2075	-0.270877
2076	-0.270877
2077	-0.270877
2078	-0.270877
2079	-0.270877
2080	-0.270877
2081	-0.270877
2082	-0.270877
2083	-0.270877
2084	-0.270877
2085	-0.270877
2086	-0.270877
2087	-0.270877
2088	-0.270877
2089	-0.270877
2090	-0.270877
2091	-0.270877
2092	-0.270877
2093	-0.270877
2094	-0.270877
2095	-0.270877
2096	-0.270877
2097	-0.270877
2098	-0.270877
2099	-0.270877
2100	-0.270877
2101	-0.270877
2102	-0.270877
2103	-0.270877
2104	-0.270877
2105	-0.270877
2106	-0.270877
2107	-0.270877
2108	-0.270877
2109	-0.270877
2110	-0.270877
2111	-0.270877
2112	-0.270877
2113	-0.270877
2114	-0.270877
2115	-0.270877
2116	-0.270877
2117	-0.270877
2118	-0.270877
2119	-0.270877
2120	-0.270877
2121	-0.270877
2122	-0.270877
2123	-0.270877
2124	-0.270877
2125	-0.270877
2126	-0.270877
2127	-0.270877
2128	-0.270877
2129	-0.270877
2130	-0.270877
2131	-0.270877
2132	-0.270877
2133	-0.270877
2134	-0.270877
2135	-0.270877
2136	-0.270877
2137	-0.270877
2138	-0.270877
2139	-0.270877
2140	-0.270877
2141	-0.270877
2142	-0.270877
2143	-0.270877
2144	-0.270877
2145	-0.270877
2146	-0.270877
2147	-0.270877
2148	-0.270877
2149	-0.270877
2150	-0.270877
2151	-0.270877
2152	-0.270877
2153	-0.270877
2154	-0.270877
2155	-0.270877
2156	-0.270877
2157	-0.270877
2158	-0.270877
2159	-0.270877
2160	-0.270877
2161	-0.270877
2162	-0.270877
2163	-0.270877
2164	-0.270877
2165	-0.270877
2166	-0.270877
2167	-0.270877
2168	-0.270877
2169	-0.270877
2170	-0.270877
2171	-0.270877
2172	-0.270877
2173	-0.270877
2174	-0.270877
2175	-0.270877
2176	-0.270877
2177	-0.270877
2178	-0.270877
2179	-0.270877
2180	-0.270877
2181	-0.270877
2182	-0.270877
2183	-0.270877
2184	-0.270877
2185	-0.270877
2186	-0.270877
2187	-0.270877
2188	-0.270877
2189	-0.270877
2190	-0.270877
2191	-0.270877
2192	-0.269353
2193	-0.269353
2194	-0.269353
2195	-0.269353
2196	-0.269353
2197	-0.269353
2198	-0.269353
2199	-0.269353
2200	-0.269353
2201	-0.269353
2202	-0.269353
2203	-0.269353
2204	-0.269353
2205	-0.269353
2206	-0.269353
2207	-0.269353
2208	-0.269353
2209	-0.269353
2210	-0.269353
2211	-0.269353
2212	-0.269353
2213	-0.269353
2214	-0.269353
2215	-0.269353
2216	-0.269353
2217	-0.269353
2218	-0.269353
2219	-0.269353
2220	-0.269353
2221	-0.269353
2222	-0.269353
2223	-0.269353
2224	-0.269353
2225	-0.269353
2226	-0.269353
2227	-0.269353
2228	-0.269353
2229	-0.269353
2230	-0.269353
2231	-0.269353
2232	-0.269353
2233	-0.269353
2234	-0.269353
2235	-0.269353
2236	-0.269353
2237	-0.269353
2238	-0.269353
2239	-0.269353
2240	-0.269353
2241	-0.269353
2242	-0.269353
2243	-0.269353
2244	-0.269353
2245	-0.269353
2246	-0.269353
2247	0.279098
2248	0.279098
2249	0.279098
2250	0.279098
2251	0.279098
2252	0.279098
2253	0.279098
2254	0.279098
2255	0.279098
2256	0.279098
2257	0.279098
2258	0.279098
2259	0.279098
2260	0.279098
2261	0.279098
2262	0.279098
2263	0.279098
2264	0.279098
2265	0.279098
2266	0.279098
2267	0.279098
2268	0.279098
2269	0.279098
2270	0.279098
2271	0.279098
2272	0.279098
2273	0.279098
2274	0.279098
2275	0.279098
2276	0.279098
2277	0.279098
2278	0.279098
2279	0.279098
2280	0.279098
2281	0.279098
2282	0.279098
2283	0.279098
2284	0.279098
2285	0.279098
2286	0.279098
2287	0.279098
2288	0.279098
2289	0.279098
2290	0.279098
2291	0.279098
2292	0.279098
2293	0.279098
2294	0.279098
2295	0.279098
2296	0.279098
2297	0.279098
2298	0.279098
2299	0.279098
2300	0.279098
2301	0.279098
2302	0.279098
2303	0.279098
2304	0.279098
2305	0.279098
2306	0.279098
2307	0.279098
2308	0.279098
2309	0.279098
2310	0.279098
2311	0.279098
2312	0.279098
2313	0.279098
2314	0.279098
2315	0.279098
2316	0.279098
2317	0.279098
2318	0.279098
2319	0.279098
2320	0.279098
2321	0.279098
2322	0.279098
2323	0.279098
2324	0.279098
2325	0.279098
2326	0.279098
2327	0.279098
2328	0.279098
2329	0.279098
2330	0.279098
2331	0.279098
2332	0.279098
2333	0.279098
2334	0.279098
2335	0.279098
2336	0.279098
2337	0.279098
2338	0.279098
2339	0.279098
2340	0.279098
2341	0.279098
2342	0.279098
2343	0.279098
2344	0.279098
2345	0.279098
2346	0.279098
2347	0.279098
2348	0.279098
2349	0.279098
2350	0.279098
2351	0.279098
2352	0.279098
2353	0.279098
2354	0.279098
2355	0.279098
2356	0.279098
2357	0.279098
2358	0.279098
2359	0.279098
2360	0.279098
2361	0.279098
2362	0.279098
2363	0.279098
2364	0.279098
2365	0.279098
2366	0.279098
2367	0.279098
2368	0.279098
2369	0.279098
2370	0.279098
2371	0.279098
2372	0.279098
2373	0.279098
2374	0.279098
2375	0.279098
2376	0.279098
2377	0.279098
2378	0.279098
2379	0.279098
2380	0.279098
2381	0.279098
2382	0.279098
2383	0.279098
2384	0.279098
2385	0.279098
2386	0.279098
2387	0.279098
2388	0.279098
2389	0.279098
2390	0.279098
2391	0.279098
2392	0.279098
2393	0.279098
2394	0.279098
2395	0.279098
2396	0.279098
2397	0.279098
2398	0.279098
2399	0.279098
2400	0.279098
2401	0.279098
2402	0.279098
2403	0.279098
2404	0.279098
2405	0.279098
2406	0.279098
2407	0.279098
2408	0.279098
2409	0.279098
2410	0.279098
2411	0.279098
2412	0.279098
2413	0.279098
2414	0.279098
2415	0.279098
2416	0.279098
2417	0.279098
2418	0.279098
2419	0.279098
2420	0.279098
2421	0.279098
2422	0.279098
2423	0.279098
2424	0.279098
2425	0.279098
2426	0.279098
2427	0.279098
2428	0.279098
2429	0.279098
2430	0.279098
2431	0.279098
2432	0.279098
2433	0.279098
2434	0.279098
2435	0.279098
2436	0.279098
2437	0.279098
2438	0.279098
2439	0.279098
2440	0.279098
2441	0.279098
2442	0.279098
2443	0.279098
2444	0.279098
2445	0.279098
2446	0.279098
2447	0.279098
2448	0.279098
2449	0.279098
2450	0.279098
2451	0.279098
2452	0.279098
2453	0.279098
2454	0.279098
2455	0.279098
2456	0.279098
2457	0.279098
2458	0.279098
2459	0.279098
2460	0.279098
2461	0.279098
2462	0.279098
2463	0.279098
2464	0.279098
2465	0.279098
2466	0.279098
2467	0.279098
2468	0.279098
2469	0.279098
2470	0.279098
2471	0.279098
2472	0.279098
2473	0.279098
2474	0.279098
2475	0.279098
2476	0.279098
2477	0.279098
2478	0.279098
2479	0.279098
2480	0.279098
2481	0.279098
2482	0.279098
2483	0.279098
2484	0.279098
2485	0.279098
2486	0.279098
2487	0.279098
2488	0.279098
2489	0.279098
2490	0.279098
2491	0.279098
2492	0.279098
2493	0.279098
2494	0.279098
2495	0.279098
2496	0.279098
2497	0.279098
2498	0.279098
2499	0.279098
2500	0.279098
2501	0.279098
2502	0.279098
2503	0.279098
2504	0.279098
2505	0.279098
2506	0.279098
2507	0.279098
2508	0.279098
2509	0.279098
2510	0.279098
2511	0.279098
2512	0.279098
2513	0.279098
2514	0.279098
2515	0.279098
2516	0.279098
2517	0.279098
2518	0.279098
2519	0.279098
2520	0.279098
2521	0.279098
2522	0.279098
2523	0.279098
2524	0.279098
2525	0.279098
2526	0.279098
2527	0.279098
2528	0.279098
2529	0.279098
2530	0.279098
2531	0.279098
2532	0.279098
2533	0.279098
2534	0.279098
2535	0.279098
2536	0.279098
2537	0.279098
2538	0.279098
2539	0.279098
2540	0.279098
2541	0.279098
2542	0.279098
2543	0.279098
2544	0.279098
2545	0.279098
2546	0.279098
2547	0.279098
2548	0.273269
2549	0.273269
2550	0.273269
2551	0.273269
2552	0.273269
2553	0.273269
2554	0.273269
2555	0.273269
2556	0.273269
2557	0.273269
2558	0.273269
2559	0.273269
2560	0.273269
2561	0.273751
2562	0.273751
2563	0.273751
2564	0.273751
2565	0.273751
2566	0.273751
2567	0.273751
2568	0.273751
2569	0.273751
2570	0.273751
2571	0.273751
2572	0.273751
2573	0.273751
2574	0.273751
2575	0.273751
2576	0.273751
2577	0.273751
2578	0.273751
2579	0.273751
2580	0.273751
2581	0.273751
2582	0.273751
2583	0.273751
2584	0.273751
2585	0.273751
2586	0.273751
2587	0.273751
2588	0.273751
2589	0.273751
2590	0.273751
2591	0.273751
2592	0.273751
2593	0.273751
2594	0.273751
2595	0.273751
2596	0.273751
2597	0.273751
2598	0.273751
2599	0.273751
2600	0.273751
2601	0.273751
2602	0.273751
2603	0.273751
2604	0.273751
2605	0.273751
2606	0.273751
2607	0.273751
2608	0.273751
2609	0.273751
2610	0.273751
2611	0.273751
2612	0.273751
2613	0.273751
2614	0.273751
2615	0.273751
2616	0.273751
2617	0.273751
2618	0.273751
2619	0.273751
2620	0.273751
2621	0.273751
2622	0.273751
2623	0.273751
2624	0.273751
2625	0.273751
2626	0.273751
2627	0.273751
2628	0.273751
2629	0.273751
2630	0.273751
2631	0.273751
2632	0.273751
2633	0.273751
2634	0.273751
2635	0.273751
2636	0.273751
2637	0.273751
2638	0.273751
2639	0.273751
2640	0.273751
2641	0.273751
2642	0.273751
2643	0.273751
2644	0.273751
2645	0.273751
2646	0.273751
2647	0.273751
2648	0.273751
2649	0.273751
2650	0.273751
2651	0.273751
2652	0.273751
2653	0.273751
2654	0.273751
2655	0.273751
2656	0.273751
2657	0.273751
2658	0.273751
2659	0.273751
2660	0.273751
2661	0.273751
2662	0.273751
2663	0.273751
2664	0.273751
2665	0.273751
2666	0.273751
2667	0.273751
2668	0.273751
2669	0.273751
2670	0.273751
2671	0.273751
2672	0.273751
2673	0.273751
2674	0.273751
2675	0.273751
2676	0.273751
2677	0.273751
2678	0.273751
2679	0.273751
2680	0.273751
2681	0.273751
2682	0.273751
2683	0.273751
2684	0.273751
2685	0.273751
2686	0.273751
2687	0.273751
2688	0.273751
2689	0.273751
2690	0.273751
2691	0.273751
2692	0.273751
2693	0.273751
2694	0.273751
2695	0.273751
2696	0.273751
2697	0.273751
2698	0.273751
2699	0.273751
2700	0.273751
2701	0.273751
2702	0.273751
2703	0.273751
2704	0.273751
2705	0.273751
2706	0.273751
2707	0.273751
2708	0.273751
2709	0.273751
2710	0.273751
2711	0.273751
2712	0.273751
2713	0.273751
2714	0.273751
2715	0.273751
2716	0.273751
2717	0.273751
2718	0.273751
2719	0.273751
2720	0.273751
2721	0.273751
2722	0.273751
2723	0.273751
2724	0.273751
2725	0.273751
2726	0.273751
2727	0.273751
2728	0.273751
2729	0.273751
2730	0.273751
2731	0.273751
2732	0.273751
2733	0.273751
2734	0.273751
2735	0.273751
2736	0.273751
2737	0.273751
2738	0.273751
2739	0.273751
2740	0.273751
2741	0.273751
2742	0.273751
2743	0.273751
2744	0.273751
2745	0.273751
2746	0.273751
2747	0.273751
2748	0.273751
2749	0.273751
2750	0.273751
2751	0.273751
2752	0.273751
2753	0.273751
2754	0.273751
2755	0.273751
2756	0.273751
2757	0.273751
2758	0.273751
2759	0.273751
2760	0.273751
2761	0.273751
2762	0.273751
2763	0.273751
2764	0.273751
2765	0.273751
2766	0.273751
2767	0.273751
2768	0.273751
2769	0.273751
2770	0.273751
2771	0.273751
2772	0.273751
2773	0.273751
2774	0.273751
2775	0.273751
2776	0.273751
2777	0.273751
2778	0.273751
2779	0.273751
2780	0.273751
2781	0.273751
2782	0.273751
2783	0.273751
2784	0.273751
2785	0.273751
2786	0.273751
2787	0.273751
2788	0.273751
2789	0.273751
2790	0.273751
2791	0.273751
2792	0.273751
2793	0.273751
2794	0.273751
2795	0.273751
2796	0.273751
2797	0.273751
2798	0.273751
2799	0.273751
2800	0.273751
2801	0.273751
2802	0.273751
2803	0.273751
2804	0.273751
2805	0.273751
2806	0.273751
2807	0.273751
2808	0.273751
2809	0.273751
2810	0.273751
2811	0.273751
2812	0.273751
2813	0.273751
2814	0.273751
2815	0.273751
2816	0.273751
2817	0.273751
2818	0.273751
2819	0.273751
2820	0.273751
2821	0.273751
2822	0.273751
2823	0.273751
2824	0.273751
2825	0.273751
2826	0.273751
2827	0.273751
2828	0.273751
2829	0.273751
2830	0.273751
2831	0.273751
2832	0.273751
2833	0.273751
2834	0.273751
2835	0.273751
2836	0.273751
2837	0.273751
2838	0.273751
2839	0.273751
2840	0.273751
2841	0.273751
2842	0.273751
2843	0.273751
2844	0.273751
2845	0.273751
2846	0.273751
2847	0.273751
2848	0.273751
2849	0.273751
2850	0.273751
2851	0.273751
2852	0.273751
2853	0.273751
2854	0.273751
2855	0.273751
2856	0.273751
2857	0.273751
2858	0.273751
2859	0.273751
2860	0.273751
2861	0.273751
2862	0.273751
2863	0.273751
2864	0.273751
2865	0.273751
2866	0.273751
2867	0.273751
2868	0.273751
2869	0.273751
2870	0.273751
2871	0.273751
2872	0.273751
2873	0.273751
2874	0.273751
2875	0.273751
2876	0.273751
2877	0.273751
2878	0.273751
2879	0.273751
2880	0.273751
2881	0.273751
2882	0.273751
2883	0.273751
2884	0.273751
2885	0.273751
2886	0.273751
2887	0.273751
2888	0.273751
2889	0.273751
2890	0.273751
2891	0.273751
2892	0.273751
2893	0.273751
2894	0.273751
2895	0.273751
2896	0.273751
2897	0.273751
2898	0.273751
2899	0.273751
2900	0.273751
2901	0.273751
2902	0.273751
2903	0.273751
2904	0.273751
2905	0.273751
2906	0.273751
2907	0.273751
2908	0.273751
2909	0.273751
2910	0.273751
2911	0.273751
2912	0.273751
2913	0.273751
2914	0.273751
2915	0.273751
2916	0.273751
2917	0.273751
2918	0.273751
2919	0.273751
2920	0.273751
2921	0.273751
2922	0.273751
2923	0.273751
2924	0.273751
2925	0.273751
2926	0.273751
2927	0.273751
2928	0.273751
2929	0.273751
2930	0.273751
2931	0.273751
2932	0.273751
2933	0.273751
2934	0.273751
2935	0.273751
2936	0.273751
2937	0.273751
2938	0.273751
2939	0.273751
2940	0.273751
2941	0.273751
2942	0.273751
2943	0.273751
2944	0.273751
2945	0.273751
2946	0.273751
2947	0.273751
2948	0.273751
2949	0.273751
2950	0.273751
2951	0.273751
2952	0.273751
2953	0.273751
2954	0.273751
2955	0.273751
2956	0.273751
2957	0.273751
2958	0.273751
2959	0.273751
2960	0.273751
2961	0.273751
2962	0.273751
2963	0.273751
2964	0.273751
2965	0.273751
2966	0.273751
2967	0.273751
2968	0.273751
2969	0.273751
2970	0.273751
2971	0.273751
2972	0.273751
2973	0.273751
2974	0.273751
2975	0.273751
2976	0.273751
2977	0.273751
2978	0.273751
2979	0.273751
2980	0.273751
2981	0.273751
2982	0.273751
2983	0.273751
2984	0.273751
2985	0.273751
2986	0.273751
2987	0.273751
2988	0.273751
2989	0.273751
2990	0.273751
2991	0.273751
2992	0.273751
2993	0.273751
2994	0.273751
2995	0.273751
2996	0.273751
2997	0.273751
2998	0.273751
2999	0.273751
3000	0.273751
3001	0.273751
3002	0.273751
3003	0.273751
3004	0.273751
3005	0.273751
3006	0.273751
3007	0.273751
3008	0.273751
3009	0.273751
3010	0.273751
3011	0.273751
3012	0.273751
3013	0.273751
3014	0.273751
3015	0.273751
3016	0.273751
3017	0.273751
3018	0.273751
3019	0.273751
3020	0.273751
3021	0.273751
3022	0.273751
3023	0.273751
3024	0.273751
3025	0.273751
3026	0.273751
3027	0.273751
3028	0.273751
3029	0.273751
3030	0.273751
3031	0.273751
3032	0.273751
3033	0.273751
3034	0.273751
3035	0.273751
3036	0.273751
3037	0.273751
3038	0.273751
3039	0.273751
3040	0.273751
3041	0.273751
3042	0.273751
3043	0.273751
3044	0.273751
3045	0.273751
3046	0.273751
3047	0.273751
3048	0.273751
3049	0.273751
3050	0.273751
3051	0.273751
3052	0.273751
3053	0.273751
3054	0.273751
3055	0.273751
3056	0.273751
3057	0.273751
3058	0.273751
3059	0.273751
3060	0.273751
3061	0.273751
3062	0.273751
3063	0.273751
3064	0.273751
3065	0.273751
3066	0.273751
3067	0.273751
3068	0.273751
3069	0.273751
3070	0.273751
3071	0.273751
3072	0.273751
3073	0.273751
3074	0.273751
3075	0.273751
3076	0.273751
3077	0.273751
3078	0.273751
3079	0.273751
3080	0.273751
3081	0.273751
3082	0.273751
3083	0.273751
3084	0.273751
3085	0.273751
3086	0.273751
3087	0.273751
3088	0.273751
3089	0.273751
3090	0.273751
3091	0.273751
3092	0.273751
3093	0.273751
3094	0.273751
3095	0.273751
3096	0.273751
3097	0.273751
3098	0.273751
3099	0.273751
3100	0.273751
3101	0.273751
3102	0.273751
3103	0.273751
3104	0.273751
3105	0.273751
3106	0.273751
3107	0.273751
3108	0.273751
3109	0.273751
3110	0.273751
3111	0.273751
3112	0.273751
3113	0.273751
3114	0.273751
3115	0.273751
3116	0.273751
3117	0.273751
3118	0.273751
3119	0.273751
3120	0.273751
3121	0.273751
3122	0.273751
3123	0.273751
3124	0.273751
3125	0.273751
3126	0.273751
3127	0.273751
3128	0.273751
3129	0.273751
3130	0.273751
3131	0.273751
3132	0.273751
3133	0.273751
3134	0.273751
3135	0.273751
3136	0.273751
3137	0.273751
3138	0.273751
3139	0.273751
3140	0.273751
3141	0.273751
3142	0.273751
3143	0.273751
3144	0.273751
3145	0.273751
3146	0.273751
3147	0.273751
3148	0.273751
3149	0.273751
3150	0.273751
3151	0.273751
3152	0.273751
3153	0.273751
3154	0.273751
3155	0.273751
3156	0.273751
3157	0.273751
3158	0.273751
3159	0.273751
3160	0.273751
3161	0.273751
3162	0.273751
3163	0.273751
3164	0.273751
3165	0.273751
3166	0.273751
3167	0.273751
3168	0.273751
3169	0.273751
3170	0.273751
3171	0.273751
3172	0.273751
3173	0.273751
3174	0.273751
3175	0.273751
3176	0.273751
3177	0.273751
3178	0.273751
3179	0.273751
3180	0.273751
3181	0.273751
3182	0.273751
3183	0.273751
3184	0.273751
3185	0.273751
3186	0.273751
3187	0.273751
3188	0.273751
3189	0.273751
3190	0.273751
3191	0.273751
3192	0.273751
3193	0.273751
3194	0.273751
3195	0.273751
3196	0.273751
3197	0.273751
3198	0.273751
3199	0.273751
3200	0.273751
3201	0.273751
3202	0.273751
3203	0.273751
3204	0.273751
3205	0.273751
3206	0.273751
3207	0.273751
3208	0.273751
3209	0.273751
3210	0.273751
3211	0.273751
3212	0.273751
3213	0.273751
3214	0.273751
3215	0.273751
3216	0.273751
3217	0.273751
3218	0.273751
3219	0.273751
3220	0.273751
3221	0.273751
3222	0.273751
3223	0.273751
3224	0.273751
3225	0.273751
3226	0.273751
3227	0.273751
3228	0.273751
3229	0.273751
3230	0.273751
3231	0.273751
3232	0.273751
3233	0.273751
3234	0.273751
3235	0.273751
3236	0.273751
3237	0.273751
3238	0.273751
3239	0.273751
3240	0.273751
3241	0.273751
3242	0.273751
3243	0.273751
3244	0.273751
3245	0.273751
3246	0.273751
3247	0.273751
3248	0.273751
3249	0.273751
3250	0.273751
3251	0.273751
3252	0.273751
3253	0.273751
3254	0.273751
3255	0.273751
3256	0.273751
3257	0.273751
3258	0.273751
3259	0.273751
3260	0.273751
3261	0.273751
3262	0.273751
3263	0.273751
3264	0.273751
3265	0.273751
3266	0.273751
3267	0.273751
3268	0.273751
3269	0.273751
3270	0.273751
3271	0.273751
3272	0.273751
3273	0.273751
3274	0.273751
3275	0.273751
3276	0.273751
3277	0.273751
3278	0.273751
3279	0.273751
3280	0.273751
3281	0.273751
3282	0.273751
3283	0.273751
3284	0.273751
3285	0.273751
3286	0.273751
3287	0.273751
3288	0.273751
3289	0.273751
3290	0.273751
3291	0.273751
3292	0.273751
3293	0.273751
3294	0.273751
3295	0.273751
3296	0.273751
3297	0.273751
3298	0.273751
3299	0.273751
3300	0.273751
3301	0.273751
3302	0.273751
3303	0.273751
3304	0.273751
3305	0.273751
3306	0.273751
3307	0.273751
3308	0.273751
3309	0.273751
3310	0.273751
3311	0.273751
3312	0.273751
3313	0.273751
3314	0.273751
3315	0.273751
3316	0.273751
3317	0.273751
3318	0.273751
3319	0.273751
3320	0.273751
3321	0.273751
3322	0.273751
3323	0.273751
3324	0.273751
3325	0.273751
3326	0.273751
3327	0.273751
3328	0.273751
3329	0.273751
3330	0.273751
3331	0.273751
3332	0.273751
3333	0.273751
3334	0.273751
3335	0.273751
3336	0.273751
3337	0.273751
3338	0.273751
3339	0.273751
3340	0.273751
3341	0.273751
3342	0.273751
3343	0.273751
3344	0.273751
3345	0.273751
3346	0.273751
3347	0.273751
3348	0.273751
3349	0.273751
3350	0.273751
3351	0.273751
3352	0.273751
3353	0.273751
3354	0.273751
3355	0.273751
3356	0.273751
3357	0.273751
3358	0.273751
3359	0.273751
3360	0.273751
3361	0.273751
3362	0.273751
3363	0.273751
3364	0.273751
3365	0.273751
3366	0.273751
3367	0.273751
3368	0.273751
3369	0.273751
3370	0.273751
3371	0.273751
3372	0.273751
3373	0.273751
3374	0.273751
3375	0.273751
3376	0.273751
3377	0.273751
3378	0.273751
3379	0.273751
3380	0.273751
3381	0.273751
3382	0.273751
3383	0.273751
3384	0.273751
3385	0.273751
3386	0.273751
3387	0.273751
3388	0.273751
3389	0.273751
3390	0.273751
3391	0.273751
3392	0.273751
3393	0.273751
3394	0.273751
3395	0.273751
3396	0.273751
3397	0.273751
3398	0.273751
3399	0.273751
3400	0.273751
3401	0.273751
3402	0.273751
3403	0.273751
3404	0.273751
3405	0.273751
3406	0.273751
3407	0.273751
3408	0.273751
3409	0.273751
3410	0.273751
3411	0.273751
3412	0.273751
3413	0.273751
3414	0.273751
3415	0.273751
3416	0.27303
3417	0.27303
3418	0.27303
3419	0.27303
3420	0.27303
3421	0.27303
3422	0.27303
3423	0.27303
3424	0.27303
3425	0.27303
3426	0.27303
3427	0.27303
3428	0.27303
3429	0.27303
3430	0.27303
3431	0.27303
3432	0.27303
3433	0.27303
3434	0.27303
3435	0.27303
3436	0.27303
3437	0.27303
3438	0.27303
3439	0.27303
3440	0.27303
3441	0.27303
3442	0.27303
3443	0.27303
3444	0.27303
3445	0.27303
3446	0.27303
3447	0.27303
3448	0.27303
3449	0.27303
3450	0.27303
3451	0.27303
3452	0.27303
3453	0.27303
3454	0.27303
3455	0.27303
3456	0.27303
3457	0.27303
3458	0.27303
3459	0.27303
3460	0.27303
3461	0.27303
3462	0.27303
3463	0.27303
3464	0.27303
3465	0.271052
3466	0.271052
3467	0.271052
3468	0.271052
3469	0.271052
3470	0.271052
3471	0.271052
3472	0.271052
3473	0.271052
3474	0.271052
3475	0.271052
3476	0.271052
3477	0.271052
3478	0.271052
3479	0.271052
3480	0.271052
3481	0.271052
3482	0.271052
3483	0.271052
3484	0.271052
3485	0.271052
3486	0.271052
3487	0.271052
3488	0.271052
3489	0.271052
3490	0.271052
3491	0.271052
3492	0.271052
3493	0.271052
3494	0.271052
3495	0.271052
3496	0.271052
3497	0.271052
3498	0.271052
3499	0.271052
3500	0.271052
3501	0.271052
3502	0.271052
3503	0.271052
3504	0.271052
3505	0.271052
3506	0.271052
3507	0.271052
3508	0.271052
3509	0.271052
3510	0.271052
3511	0.271052
3512	0.271052
3513	0.271052
3514	0.271052
3515	0.271052
3516	0.271052
3517	0.271052
3518	0.271052
3519	0.271052
3520	0.271052
3521	0.271052
3522	0.271052
3523	0.271052
3524	0.271052
3525	0.271052
3526	0.271052
3527	0.271052
3528	0.271052
3529	0.271052
3530	0.271052
3531	0.271052
3532	0.271052
3533	0.271052
3534	0.271052
3535	0.271052
3536	0.271052
3537	0.271052
3538	0.271052
3539	0.271052
3540	0.271052
3541	0.271052
3542	0.271052
3543	0.271052
3544	0.271052
3545	0.271052
3546	0.271052
3547	0.271052
3548	0.271052
3549	0.271052
3550	0.271052
3551	0.271052
3552	0.271052
3553	0.271052
3554	0.271052
3555	0.271052
3556	0.271052
3557	0.271052
3558	0.271052
3559	0.271052
3560	0.271052
3561	0.271052
3562	0.271052
3563	0.271052
3564	0.271052
3565	0.271052
3566	0.271052
3567	0.271052
3568	0.271052
3569	0.271052
3570	0.271052
3571	0.271052
3572	0.271052
3573	0.271052
3574	0.271052
3575	0.271052
3576	0.271052
3577	0.271052
3578	0.271052
3579	0.271052
3580	0.271052
3581	0.271052
3582	0.271052
3583	0.271052
3584	0.271052
3585	0.271052
3586	0.271052
3587	0.271052
3588	0.271052
3589	0.271052
3590	0.271052
3591	0.271052
3592	0.271052
3593	0.271052
3594	0.271052
3595	0.271052
3596	0.271052
3597	0.271052
3598	0.271052
3599	0.271052
3600	0.271052
3601	0.271052
3602	0.271052
3603	0.271052
3604	0.271052
3605	0.271052
3606	0.271052
3607	0.271052
3608	0.271052
3609	0.271052
3610	0.271052
3611	0.271052
3612	0.271052
3613	0.271052
3614	0.271052
3615	0.271052
3616	0.271052
3617	0.271052
3618	0.271052
3619	0.271052
3620	0.271052
3621	0.271052
3622	0.271052
3623	0.271052
3624	0.271052
3625	0.271052
3626	0.271052
3627	0.271052
3628	0.271052
3629	0.271052
3630	0.271052
3631	0.271052
3632	0.271052
3633	0.271052
3634	0.271052
3635	0.271052
3636	0.271052
3637	0.271052
3638	0.271052
3639	0.271052
3640	0.271052
3641	0.271052
3642	0.271052
3643	0.271052
3644	0.271052
3645	0.271052
3646	0.271052
3647	0.271052
3648	0.271052
3649	0.271052
3650	0.271052
3651	0.271052
3652	0.271052
3653	0.271052
3654	0.271052
3655	0.271052
3656	0.271052
3657	0.271052
3658	0.271052
3659	0.271052
3660	0.271052
3661	0.271052
3662	0.271052
3663	0.271052
3664	0.271052
3665	0.271052
3666	0.271052
3667	0.271052
3668	0.271052
3669	0.271052
3670	0.271052
3671	-0.280821
3672	-0.280821
3673	-0.280821
3674	-0.280821
3675	-0.280821
3676	-0.280821
3677	-0.280821
3678	-0.280821
3679	-0.280821
3680	-0.280821
3681	-0.274462
3682	-0.274462
3683	-0.274462
3684	-0.274462
3685	-0.274462
3686	-0.274462
3687	-0.274462
3688	-0.274462
3689	-0.274462
3690	-0.274462
3691	-0.274462
3692	-0.274462
3693	-0.274462
3694	-0.274462
3695	-0.274462
3696	-0.274462
3697	-0.274462
3698	-0.274462
3699	-0.274462
3700	-0.274462
3701	-0.274462
3702	-0.274462
3703	-0.274462
3704	-0.274462
3705	-0.274462
3706	-0.274462
3707	-0.274462
3708	-0.274462
3709	-0.274462
3710	-0.274462
3711	-0.274462
3712	-0.274462
3713	-0.274462
3714	-0.274462
3715	-0.274462
3716	-0.274462
3717	-0.274462
3718	-0.274462
3719	-0.274462
3720	-0.274462
3721	-0.274462
3722	-0.274462
3723	-0.274462
3724	-0.274462
3725	-0.274462
3726	-0.274462
3727	-0.274462
3728	-0.274462
3729	-0.274462
3730	-0.274462
3731	-0.274462
3732	-0.274462
3733	-0.274462
3734	-0.274462
3735	-0.274462
3736	-0.274462
3737	-0.274462
3738	-0.274462
3739	-0.274462
3740	-0.274462
3741	-0.274462
3742	-0.274462
3743	-0.274462
3744	-0.274462
3745	-0.274462
3746	-0.274462
3747	-0.274462
3748	-0.274462
3749	-0.274462
3750	-0.274462
3751	-0.274462
3752	-0.274462
3753	-0.274462
3754	-0.274462
3755	-0.274462
3756	-0.274462
3757	-0.274462
3758	-0.274462
3759	-0.274462
3760	-0.274462
3761	-0.274462
3762	-0.274462
3763	-0.274462
3764	-0.274462
3765	-0.274462
3766	-0.274462
3767	-0.274462
3768	-0.274462
3769	-0.274462
3770	-0.274462
3771	-0.274462
3772	-0.274462
3773	-0.274462
3774	-0.274462
3775	-0.274462
3776	-0.27931
3777	-0.27931
3778	-0.27931
3779	-0.27931
3780	-0.27931
3781	-0.27931
3782	-0.27931
3783	-0.27931
3784	-0.27931
3785	-0.27931
3786	-0.27931
3787	-0.27931
3788	-0.27931
3789	-0.27931
3790	-0.27931
3791	-0.27931
3792	-0.27931
3793	-0.27931
3794	-0.27931
3795	-0.27931
3796	-0.27931
3797	-0.27931
3798	-0.27931
3799	-0.27931
3800	-0.27931
3801	-0.27931
3802	-0.27931
3803	-0.27931
3804	-0.27931
3805	-0.27931
3806	-0.27931
3807	-0.27931
3808	-0.27931
3809	-0.27931
3810	-0.27931
3811	-0.27931
3812	-0.27931
3813	-0.27931
3814	-0.27931
3815	-0.27931
3816	-0.27931
3817	-0.27931
3818	-0.27931
3819	-0.27931
3820	-0.27931
3821	-0.27931
3822	-0.27931
3823	-0.27931
3824	-0.27931
3825	-0.27931
3826	-0.27931
3827	-0.27931
3828	-0.27931
3829	-0.27931
3830	-0.27931
3831	-0.27931
3832	-0.27931
3833	-0.27931
3834	-0.27931
3835	-0.27931
3836	-0.27931
3837	-0.27931
3838	-0.27931
3839	-0.27931
3840	-0.27931
3841	-0.27931
3842	-0.27931
3843	-0.27931
3844	-0.27931
3845	-0.27931
3846	-0.27931
3847	-0.27931
3848	-0.27931
3849	-0.27931
3850	-0.27931
3851	-0.27931
3852	-0.27931
3853	-0.27931
3854	-0.27931
3855	-0.27931
3856	-0.27931
3857	-0.27931
3858	-0.27931
3859	-0.27931
3860	-0.27931
3861	-0.27931
3862	-0.27931
3863	-0.27931
3864	-0.27931
3865	-0.27931
3866	-0.27931
3867	-0.27931
3868	-0.27931
3869	-0.27931
3870	-0.27931
3871	-0.27931
3872	-0.27931
3873	-0.27931
3874	-0.27931
3875	-0.27931
3876	-0.27931
3877	-0.27931
3878	-0.27931
3879	-0.27931
3880	-0.27931
3881	-0.27931
3882	-0.27931
3883	-0.27931
3884	-0.27931
3885	-0.27931
3886	-0.27931
3887	-0.27931
3888	-0.27931
3889	-0.27931
3890	-0.27931
3891	-0.27931
3892	-0.27931
3893	-0.27931
3894	-0.27931
3895	-0.27931
3896	-0.27931
3897	-0.27931
3898	-0.27931
3899	-0.27931
3900	-0.27931
3901	-0.27931
3902	-0.27931
3903	-0.27931
3904	-0.27931
3905	-0.27931
3906	-0.27931
3907	-0.27931
3908	-0.27931
3909	-0.27931
3910	-0.27931
3911	-0.27931
3912	-0.27931
3913	-0.27931
3914	-0.27931
3915	-0.27931
3916	-0.27931
3917	-0.27931
3918	-0.27931
3919	-0.27931
3920	-0.27931
3921	-0.27931
3922	-0.27931
3923	-0.27931
3924	-0.27931
3925	-0.27931
3926	-0.27931
3927	-0.27931
3928	-0.27931
3929	-0.27931
3930	-0.27931
3931	-0.27931
3932	-0.27931
3933	-0.27931
3934	-0.27931
3935	-0.27931
3936	-0.27931
3937	-0.27931
3938	-0.27931
3939	-0.27931
3940	-0.27931
3941	-0.27931
3942	-0.27931
3943	-0.27931
3944	-0.27931
3945	-0.27931
3946	-0.27931
3947	-0.27931
3948	-0.27931
3949	-0.27931
3950	-0.27931
3951	-0.27931
3952	-0.27931
3953	-0.27931
3954	-0.27931
3955	-0.27931
3956	-0.27931
3957	-0.27931
3958	-0.27931
3959	-0.27931
3960	-0.27931
3961	-0.27931
3962	-0.27931
3963	-0.27931
3964	-0.27931
3965	-0.27931
3966	-0.27931
3967	-0.27931
3968	-0.27931
3969	-0.27931
3970	-0.27931
3971	-0.27931
3972	-0.27931
3973	-0.27931
3974	-0.27931
3975	-0.27931
3976	-0.27931
3977	-0.27931
3978	-0.27931
3979	-0.278963
3980	-0.278963
3981	-0.278963
3982	-0.278963
3983	-0.278963
3984	-0.278963
3985	-0.278963
3986	-0.278963
3987	-0.278963
3988	-0.278963
3989	-0.278963
3990	-0.278963
3991	-0.278963
3992	-0.278963
3993	-0.278963
3994	-0.278963
3995	-0.278963
3996	-0.278963
3997	-0.278963
3998	-0.278963
3999	-0.278963
4000	-0.278963
4001	-0.278963
4002	-0.278963
4003	-0.278963
4004	-0.278963
4005	-0.278963
4006	-0.278963
4007	-0.278963
4008	-0.278963
4009	-0.278963
4010	-0.278963
4011	-0.278963
4012	-0.278963
4013	-0.278963
4014	0.278203
4015	0.278203
4016	0.278203
4017	0.278203
4018	0.278203
4019	0.278203
4020	0.278203
4021	0.278203
4022	0.278203
4023	0.278203
4024	0.278203
4025	0.278203
4026	0.278203
4027	0.278203
4028	0.278203
4029	0.278203
4030	0.278203
4031	0.278203
4032	0.278203
4033	0.278203
4034	0.278203
4035	0.278203
4036	0.278203
4037	0.278203
4038	0.278203
4039	0.278203
4040	0.278203
4041	0.278203
4042	0.278203
4043	0.278203
4044	0.278203
4045	0.278203
4046	0.278203
4047	0.278203
4048	0.278203
4049	0.278203
4050	0.278203
4051	0.278203
4052	0.278203
4053	0.278203
4054	0.278203
4055	0.278203
4056	0.278203
4057	0.278203
4058	0.278203
4059	0.278203
4060	0.278203
4061	0.273661
4062	0.273661
4063	0.273661
4064	0.273661
4065	0.273661
4066	0.273661
4067	0.273661
4068	0.273661
4069	0.273661
4070	0.273661
4071	0.273661
4072	0.273661
4073	0.273661
4074	0.273661
4075	0.273661
4076	0.273661
4077	0.273661
4078	0.273661
4079	0.273661
4080	0.273661
4081	0.273661
4082	0.273661
4083	0.273661
4084	0.273661
4085	0.273661
4086	0.273661
4087	0.273661
4088	0.273661
4089	0.273661
4090	0.273661
4091	0.273661
4092	0.273661
4093	0.273661
4094	0.273661
4095	0.273661
4096	0.273661
4097	0.273661
4098	0.273661
4099	0.273661
4100	0.273661
4101	0.273661
4102	0.273661
4103	0.273661
4104	0.273661
4105	0.273661
4106	0.273661
4107	0.273661
4108	0.273661
4109	0.273661
4110	0.273661
4111	0.273661
4112	0.273661
4113	0.273661
4114	0.273661
4115	0.273661
4116	0.273661
4117	0.273661
4118	0.273661
4119	0.273661
4120	0.273661
4121	0.273661
4122	0.273661
4123	0.273661
4124	0.273661
4125	0.273661
4126	0.273661
4127	0.273661
4128	0.273661
4129	0.273661
4130	0.273661
4131	0.273661
4132	0.273661
4133	0.273661
4134	0.273661
4135	0.273661
4136	0.273661
4137	0.273661
4138	0.273661
4139	0.273661
4140	0.273661
4141	0.273661
4142	0.273661
4143	0.273661
4144	0.273661
4145	0.273661
4146	0.273661
4147	0.273661
4148	0.273661
4149	0.273661
4150	0.273661
4151	0.273661
4152	0.273661
4153	0.273661
4154	0.273661
4155	0.273661
4156	0.273661
4157	0.273661
4158	0.273661
4159	0.273661
4160	0.273661
4161	0.273661
4162	0.273661
4163	0.273661
4164	0.273661
4165	0.273661
4166	0.273661
4167	0.273661
4168	0.273661
4169	0.273661
4170	0.273661
4171	0.273661
4172	0.273661
4173	0.273661
4174	0.273661
4175	0.273661
4176	0.273661
4177	0.273661
4178	0.273661
4179	0.273661
4180	0.273661
4181	0.273661
4182	0.273661
4183	0.273661
4184	0.273661
4185	0.273661
4186	0.273661
4187	0.273661
4188	0.273661
4189	0.273661
4190	0.273661
4191	0.273661
4192	0.273661
4193	0.273661
4194	0.273661
4195	0.273661
4196	0.273661
4197	0.273661
4198	0.273661
4199	0.273661
4200	0.273661
4201	0.273661
4202	0.273661
4203	0.273661
4204	0.273661
4205	0.273661
4206	0.273661
4207	0.273661
4208	0.273661
4209	0.273661
4210	0.273661
4211	0.273661
4212	0.273661
4213	0.273661
4214	0.273661
4215	0.273661
4216	0.273661
4217	0.273661
4218	0.273661
4219	0.273661
4220	0.273661
4221	0.273661
4222	0.273661
4223	0.273661
4224	0.273661
4225	0.273661
4226	0.273661
4227	0.273661
4228	0.273661
4229	0.273661
4230	0.273661
4231	0.273661
4232	0.273661
4233	0.273661
4234	0.273661
4235	0.273661
4236	0.273661
4237	0.273661
4238	0.273661
4239	0.273661
4240	0.273661
4241	0.273661
4242	0.273661
4243	0.273661
4244	0.273661
4245	0.273661
4246	0.273661
4247	0.273661
4248	0.273661
4249	0.273661
4250	0.273661
4251	0.273661
4252	0.273661
4253	0.273661
4254	0.273661
4255	0.273661
4256	0.273661
4257	0.273661
4258	0.273661
4259	0.273661
4260	0.273661
4261	0.273661
4262	0.273661
4263	0.273661
4264	0.273661
4265	0.273661
4266	0.273661
4267	0.273661
4268	0.273661
4269	0.273661
4270	0.273661
4271	0.273661
4272	0.273661
4273	0.273661
4274	0.273661
4275	0.273661
4276	0.273661
4277	0.273661
4278	0.273661
4279	0.273661
4280	0.273661
4281	0.273661
4282	0.273661
4283	0.273661
4284	0.273661
4285	0.273661
4286	0.273661
4287	0.273661
4288	0.273661
4289	0.273661
4290	0.273661
4291	0.273661
4292	0.273661
4293	0.273661
4294	0.273661
4295	0.273661
4296	0.273661
4297	0.273661
4298	0.273661
4299	0.273661
4300	0.273661
4301	0.273661
4302	0.273661
4303	0.273661
4304	0.273661
4305	0.273661
4306	0.273661
4307	0.273661
4308	0.273661
4309	0.273661
4310	0.273661
4311	0.273661
4312	0.273661
4313	0.273661
4314	0.273661
4315	0.273661
4316	0.273661
4317	0.273661
4318	0.273661
4319	0.273661
4320	0.273661
4321	0.273661
4322	0.273661
4323	0.273661
4324	0.273661
4325	0.273661
4326	0.273661
4327	0.273661
4328	0.273661
4329	0.273661
4330	0.273661
4331	0.273661
4332	0.273661
4333	0.273661
4334	0.273661
4335	0.273661
4336	0.273661
4337	0.273661
4338	0.273661
4339	0.273661
4340	0.273661
4341	0.273661
4342	0.273661
4343	0.273661
4344	0.273661
4345	0.273661
4346	0.273661
4347	0.273661
4348	0.273661
4349	0.273661
4350	0.273661
4351	0.273661
4352	0.273661
4353	0.273661
4354	0.273661
4355	0.273661
4356	0.273661
4357	0.273661
4358	0.273661
4359	0.273661
4360	0.273661
4361	0.273661
4362	0.273661
4363	0.273661
4364	0.273661
4365	0.273661
4366	0.273661
4367	0.273661
4368	0.273661
4369	0.273661
4370	0.273661
4371	0.273661
4372	0.273661
4373	0.273661
4374	0.273661
4375	0.273661
4376	0.273661
4377	0.273661
4378	0.273661
4379	0.273661
4380	0.268557
4381	0.268557
4382	0.268557
4383	0.268557
4384	0.268557
4385	0.268557
4386	0.268557
4387	0.268557
4388	0.268557
4389	0.268557
4390	0.268557
4391	0.268557
4392	0.268557
4393	0.268557
4394	0.268557
4395	0.268557
4396	0.268557
4397	0.268557
4398	0.268557
4399	0.268557
4400	0.268557
4401	0.268557
4402	0.268557
4403	0.268557
4404	0.268557
4405	0.268557
4406	0.268557
4407	0.268557
4408	0.268557
4409	0.268557
4410	0.268557
4411	0.268557
4412	0.268557
4413	0.268557
4414	0.268557
4415	0.268557
4416	0.268557
4417	0.268557
4418	0.268557
4419	0.268557
4420	0.268557
4421	0.268557
4422	0.268557
4423	0.268557
4424	0.268557
4425	0.268557
4426	0.268557
4427	0.268557
4428	0.268557
4429	0.268557
4430	0.268557
4431	0.268557
4432	0.268557
4433	0.268557
4434	0.268557
4435	0.268557
4436	0.268557
4437	0.268557
4438	0.268557
4439	0.268557
4440	0.268557
4441	0.268557
4442	0.268557
4443	0.268557
4444	0.268557
4445	0.268557
4446	0.268557
4447	0.268557
4448	0.268557
4449	0.268557
4450	0.268557
4451	0.268557
4452	0.268557
4453	0.268557
4454	0.268557
4455	0.268557
4456	0.268557
4457	0.268557
4458	0.268557
4459	0.268557
4460	0.268557
4461	0.268557
4462	0.268557
4463	0.268557
4464	0.268557
4465	0.268557
4466	0.268557
4467	0.268557
4468	0.268557
4469	0.268557
4470	0.268557
4471	0.268557
4472	0.268557
4473	0.268557
4474	0.268557
4475	0.268557
4476	0.268557
4477	0.268557
4478	0.268557
4479	0.268557
4480	0.268557
4481	0.268557
4482	0.268557
4483	0.268557
4484	0.268557
4485	0.268557
4486	0.268557
4487	0.268557
4488	0.268557
4489	0.268557
4490	0.268557
4491	0.268557
4492	0.268557
4493	0.268557
4494	0.268557
4495	0.268557
4496	0.268557
4497	0.268557
4498	0.268557
4499	0.268557
4500	0.268557
4501	0.268557
4502	0.268557
4503	0.268557
4504	0.268557
4505	0.268557
4506	0.268557
4507	0.268557
4508	0.268557
4509	0.268557
4510	0.268557
4511	0.268557
4512	0.268557
4513	0.268557
4514	0.268557
4515	0.268557
4516	0.268557
4517	0.268557
4518	0.268557
4519	0.268557
4520	0.268557
4521	0.268557
4522	0.268557
4523	0.268557
4524	0.268557
4525	0.268557
4526	0.268557
4527	0.268557
4528	0.268557
4529	0.268557
4530	0.268557
4531	0.268557
4532	0.268557
4533	0.268557
4534	0.268557
4535	0.268557
4536	0.268557
4537	0.268557
4538	0.268557
4539	0.268557
4540	0.268557
4541	0.268557
4542	0.268557
4543	0.268557
4544	0.268557
4545	0.268557
4546	0.268557
4547	0.268557
4548	0.268557
4549	0.268557
4550	0.268557
4551	0.268557
4552	0.268557
4553	0.268557
4554	0.268557
4555	0.268557
4556	0.268557
4557	0.268557
4558	0.268557
4559	0.268557
4560	0.268557
4561	0.268557
4562	0.268557
4563	0.268557
4564	0.268557
4565	0.268557
4566	0.268557
4567	0.268557
4568	0.268557
4569	0.268557
4570	0.268557
4571	0.268557
4572	0.268557
4573	0.268557
4574	0.268557
4575	0.268557
4576	0.268557
4577	0.268557
4578	0.268557
4579	0.268557
4580	0.268557
4581	0.268557
4582	0.268557
4583	0.268557
4584	0.268557
4585	0.268557
4586	0.268557
4587	0.268557
4588	0.268557
4589	0.268557
4590	0.268557
4591	0.268557
4592	0.268557
4593	0.268557
4594	0.268557
4595	0.268557
4596	0.268557
4597	0.268557
4598	0.268557
4599	0.268557
4600	0.268557
4601	0.27481
4602	0.27481
4603	0.27481
4604	0.27481
4605	0.27481
4606	0.27481
4607	0.27481
4608	0.27481
4609	0.27481
4610	0.27481
4611	0.27481
4612	0.27481
4613	0.27481
4614	0.27481
4615	0.27481
4616	0.27481
4617	0.27481
4618	0.27481
4619	0.27481
4620	0.27481
4621	0.27481
4622	0.27481
4623	0.27481
4624	0.27481
4625	0.27481
4626	0.27481
4627	0.27481
4628	0.27481
4629	0.27481
4630	0.27481
4631	0.27481
4632	0.27481
4633	0.27481
4634	0.27481
4635	0.27481
4636	0.27481
4637	0.27481
4638	0.27481
4639	0.27481
4640	0.27481
4641	0.27481
4642	0.27481
4643	0.27481
4644	0.27481
4645	0.27481
4646	0.27481
4647	0.27481
4648	0.27481
4649	0.27481
4650	0.27481
4651	0.27481
4652	0.27481
4653	0.27481
4654	0.27481
4655	0.27481
4656	0.27481
4657	0.27481
4658	0.27481
4659	0.27481
4660	0.27481
4661	0.27481
4662	0.27481
4663	0.27481
4664	0.27481
4665	0.27481
4666	0.27481
4667	0.27481
4668	0.27481
4669	0.27481
4670	0.27481
4671	0.27481
4672	0.27481
4673	0.27481
4674	0.27481
4675	0.27481
4676	0.27481
4677	0.27481
4678	0.27481
4679	0.27481
4680	0.27481
4681	0.27481
4682	0.27481
4683	0.27481
4684	0.27481
4685	0.27481
4686	0.27481
4687	0.27481
4688	0.27481
4689	0.27481
4690	0.27481
4691	0.27481
4692	0.27481
4693	0.27481
4694	0.27481
4695	0.27481
4696	0.27481
4697	0.27481
4698	0.27481
4699	0.27481
4700	0.27481
4701	0.27481
4702	0.27481
4703	0.27481
4704	0.27481
4705	0.27481
4706	0.27481
4707	0.27481
4708	0.27481
4709	0.27481
4710	0.27481
4711	0.27481
4712	0.27481
4713	0.27481
4714	0.27481
4715	0.27481
4716	0.27481
4717	0.27481
4718	0.27481
4719	0.27481
4720	0.27481
4721	0.27481
4722	0.27481
4723	0.27481
4724	0.27481
4725	0.27481
4726	0.27481
4727	0.27481
4728	0.27481
4729	0.27481
4730	0.27481
4731	0.27481
4732	0.27481
4733	0.27481
4734	0.27481
4735	0.27481
4736	0.27481
4737	0.27481
4738	0.27481
4739	0.27481
4740	0.27481
4741	0.27481
4742	0.27481
4743	0.27481
4744	0.27481
4745	0.27481
4746	0.27481
4747	0.27481
4748	0.27481
4749	0.27481
4750	0.27481
4751	0.27481
4752	0.27481
4753	0.27481
4754	0.27481
4755	0.27481
4756	0.27481
4757	0.27481
4758	0.27481
4759	0.27481
4760	0.27481
4761	0.27481
4762	0.27481
4763	0.27481
4764	0.27481
4765	0.27481
4766	0.27481
4767	0.27481
4768	0.27481
4769	0.27481
4770	0.27481
4771	0.27481
4772	0.27481
4773	0.27481
4774	0.27481
4775	0.27481
4776	0.27481
4777	0.27481
4778	0.27481
4779	0.27481
4780	0.272252
4781	0.272252
4782	0.272252
4783	0.272252
4784	0.272252
4785	0.272252
4786	0.272252
4787	0.272252
4788	0.272252
4789	0.272252
4790	0.272252
4791	0.272252
4792	0.272252
4793	0.272252
4794	0.272252
4795	0.272252
4796	0.272252
4797	0.272252
4798	0.272252
4799	0.272252
4800	0.272252
4801	0.272252
4802	0.272252
4803	0.272252
4804	0.272252
4805	0.272252
4806	0.272252
4807	0.272252
4808	0.272252
4809	0.272252
4810	0.272252
4811	0.272252
4812	0.272252
4813	0.272252
4814	0.272252
4815	0.272252
4816	0.272252
4817	0.272252
4818	0.272252
4819	0.272252
4820	0.272252
4821	0.272252
4822	0.272252
4823	0.272252
4824	0.272252
4825	0.272252
4826	0.272252
4827	0.272252
4828	0.272252
4829	0.272252
4830	0.272252
4831	0.272252
4832	0.272252
4833	0.272252
4834	0.272252
4835	0.272252
4836	0.272252
4837	0.272252
4838	0.272252
4839	0.272252
4840	0.272252
4841	0.272252
4842	0.272252
4843	0.272252
4844	0.272252
4845	0.272252
4846	0.272252
4847	0.272252
4848	0.272252
4849	0.272252
4850	0.272252
4851	0.272252
4852	0.272252
4853	0.272252
4854	0.272252
4855	0.272252
4856	0.272252
4857	0.272252
4858	0.272252
4859	0.272252
4860	0.272252
4861	0.272252
4862	0.272252
4863	0.272252
4864	0.272252
4865	0.272252
4866	0.272252
4867	0.272252
4868	0.272252
4869	0.272252
4870	0.272252
4871	0.272252
4872	0.272252
4873	0.272252
4874	0.272252
4875	0.272252
4876	0.272252
4877	0.272252
4878	0.272252
4879	0.272252
4880	0.272252
4881	0.272252
4882	0.268017
4883	0.268017
4884	0.268017
4885	0.268017
4886	0.268017
4887	0.268017
4888	0.268017
4889	0.268017
4890	0.268017
4891	0.268017
4892	0.268017
4893	0.268017
4894	0.268017
4895	0.268017
4896	0.268017
4897	0.268017
4898	0.268017
4899	0.268017
4900	0.268017
4901	0.268017
4902	0.268017
4903	0.268017
4904	0.268017
4905	0.268017
4906	0.268017
4907	0.268017
4908	0.268017
4909	0.268017
4910	0.268017
4911	0.268017
4912	0.268017
4913	0.268017
4914	0.268017
4915	0.268017
4916	0.268017
4917	0.268017
4918	0.268017
4919	0.268017
4920	0.268017
4921	0.268017
4922	0.268017
4923	0.268017
4924	0.268017
4925	0.268017
4926	0.268017
4927	0.268017
4928	0.268017
4929	0.268017
4930	0.268017
4931	0.268017
4932	0.268017
4933	0.268017
4934	0.268017
4935	0.268017
4936	0.268017
4937	0.268017
4938	0.268017
4939	0.268017
4940	0.268017
4941	0.268017
4942	0.268017
4943	0.268017
4944	0.268017
4945	0.268017
4946	0.268017
4947	0.268017
4948	0.268017
4949	0.268017
4950	0.268017
4951	0.268017
4952	0.268017
4953	0.268017
4954	0.268017
4955	0.268017
4956	0.268017
4957	0.268017
4958	0.268017
4959	0.268017
4960	0.268017
4961	0.268017
4962	0.268017
4963	0.268017
4964	0.268017
4965	0.268017
4966	0.268017
4967	0.268017
4968	0.268017
4969	0.268017
4970	0.268017
4971	0.268017
4972	0.268017
4973	0.268017
4974	0.268017
4975	0.268017
4976	0.268017
4977	0.268017
4978	0.268017
4979	0.268017
4980	0.268017
4981	0.268017
4982	0.268017
4983	0.268017
4984	0.268017
4985	0.268017
4986	0.268017
4987	0.268017
4988	0.268017
4989	0.268017
4990	0.268017
4991	0.268017
4992	0.268017
4993	0.268017
4994	0.268017
4995	0.268017
4996	0.268017
4997	0.268017
4998	0.268017
4999	0.268017
5000	0.268017
5001	0.268017
5002	0.268017
5003	0.268017
5004	0.268017
5005	0.268017
5006	0.268017
5007	0.268017
5008	0.268017
5009	0.268017
5010	0.268017
5011	0.268017
5012	0.268017
5013	0.268017
5014	0.268017
5015	0.268017
5016	0.268017
5017	0.268017
5018	0.268017
5019	0.268017
5020	0.268017
5021	0.268017
5022	0.268017
5023	0.268017
5024	0.268017
5025	0.268017
5026	0.268017
5027	0.268017
5028	0.268017
5029	0.268017
5030	0.268017
5031	0.268017
5032	0.268017
5033	0.268017
5034	0.268017
5035	0.268017
5036	0.268017
5037	0.268017
5038	0.268017
5039	0.268017
5040	0.268017
5041	0.268017
5042	0.268017
5043	0.268017
5044	0.268017
5045	0.268017
5046	0.268017
5047	0.268017
5048	0.268017
5049	0.268017
5050	0.268017
5051	0.268017
5052	0.268017
5053	0.268017
5054	0.268017
5055	0.268017
5056	0.268017
5057	0.268017
5058	0.268017
5059	0.268017
5060	0.268017
5061	0.268017
5062	0.268017
5063	0.268017
5064	0.268017
5065	0.268017
5066	0.268017
5067	0.268017
5068	0.268017
5069	0.268017
5070	0.268017
5071	0.268017
5072	0.268017
5073	0.268017
5074	0.268017
5075	0.268017
5076	0.268017
5077	0.268017
5078	0.268017
5079	0.268017
5080	0.268017
5081	0.268017
5082	0.268017
5083	0.268017
5084	0.268017
5085	0.268017
5086	0.268017
5087	0.268017
5088	0.268017
5089	0.268017
5090	0.268017
5091	0.268017
5092	0.268017
5093	0.268017
5094	0.268017
5095	0.268017
5096	0.268017
5097	0.268017
5098	0.268017
5099	0.268017
5100	0.268017
5101	0.268017
5102	0.268017
5103	0.268017
5104	0.268017
5105	0.268017
5106	0.268017
5107	0.268017
5108	0.268017
5109	0.268017
5110	0.268017
5111	0.268017
5112	0.268017
5113	0.268017
5114	0.268017
5115	0.268017
5116	0.268017
5117	0.268017
5118	0.268017
5119	0.268017
5120	0.268017
5121	0.268017
5122	0.268017
5123	0.268017
5124	0.268017
5125	0.268017
5126	0.268017
5127	0.268017
5128	0.268017
5129	0.268017
5130	0.268017
5131	0.268017
5132	0.268017
5133	0.268017
5134	0.268017
5135	0.268017
5136	0.268017
5137	0.268017
5138	0.268017
5139	0.268017
5140	0.268017
5141	0.268017
5142	0.268017
5143	0.268017
5144	0.268017
5145	0.268017
5146	0.268017
5147	0.268017
5148	0.268017
5149	0.268017
5150	0.268017
5151	0.268017
5152	0.268017
5153	0.268017
5154	0.268017
5155	0.268017
5156	0.268017
5157	0.268017
5158	0.268017
5159	0.268017
5160	0.268017
5161	0.268017
5162	0.268017
5163	0.268017
5164	0.268017
5165	0.268017
5166	0.268017
5167	0.268017
5168	0.268017
5169	0.268017
5170	0.268017
5171	0.268017
5172	0.268017
5173	0.268017
5174	0.268017
5175	0.268017
5176	0.268017
5177	0.268017
5178	0.268017
5179	0.268017
5180	0.268017
5181	0.268017
5182	0.268017
5183	0.268017
5184	0.268017
5185	0.268017
5186	0.268017
5187	0.268017
5188	0.268017
5189	0.268017
5190	0.268017
5191	0.268017
5192	0.268017
5193	0.268017
5194	0.268017
5195	0.268017
5196	0.268017
5197	0.268017
5198	0.268017
5199	0.268017
5200	0.268017
5201	0.268017
5202	0.268017
5203	0.268017
5204	0.268017
5205	0.268017
5206	0.268017
5207	0.268017
5208	0.268017
5209	0.268017
5210	0.268017
5211	0.268017
5212	0.268017
5213	0.268017
5214	0.268017
5215	0.268017
5216	0.268017
5217	0.268017
5218	0.268017
5219	0.268017
5220	0.268017
5221	0.268017
5222	0.268017
5223	0.268017
5224	0.268017
5225	0.268017
5226	0.268017
5227	0.268017
5228	0.268017
5229	0.268017
5230	0.268017
5231	0.268017
5232	0.268017
5233	0.268017
5234	0.268017
5235	0.268017
5236	0.268017
5237	0.268017
5238	0.268017
5239	0.268017
5240	0.268017
5241	0.268017
5242	0.268017
5243	0.268017
5244	0.268017
5245	0.268017
5246	0.268017
5247	0.268017
5248	0.268017
5249	0.268017
5250	0.268017
5251	0.268017
5252	0.268017
5253	0.268017
5254	0.268017
5255	0.268017
5256	0.268017
5257	0.268017
5258	0.268017
5259	0.268017
5260	0.268017
5261	0.268017
5262	0.268017
5263	0.268017
5264	0.268017
5265	0.268017
5266	0.268017
5267	0.268017
5268	0.268017
5269	0.268017
5270	0.268017
5271	0.268017
5272	0.268017
5273	0.268017
5274	0.268017
5275	0.268017
5276	0.268017
5277	0.268017
5278	0.268017
5279	0.268017
5280	0.268017
5281	0.268017
5282	0.268017
5283	0.268017
5284	0.268017
5285	0.268017
5286	0.268017
5287	0.268017
5288	0.268017
5289	0.268017
5290	0.268017
5291	0.268017
5292	0.268017
5293	0.268017
5294	0.268017
5295	0.268017
5296	0.268017
5297	0.268017
5298	0.268017
5299	0.268017
5300	0.268017
5301	0.268017
5302	0.268017
5303	0.268017
5304	0.268017
5305	0.268017
5306	0.268017
5307	0.268017
5308	0.268017
5309	0.268017
5310	0.268017
5311	0.268017
5312	0.268017
5313	0.268017
5314	0.268017
5315	0.268017
5316	0.268017
5317	0.268017
5318	0.268017
5319	0.268017
5320	0.268017
5321	0.268017
5322	0.268017
5323	0.268017
5324	0.268017
5325	0.268017
5326	0.268017
5327	0.268017
5328	0.268017
5329	0.268017
5330	0.268017
5331	0.268017
5332	0.268017
5333	0.268017
5334	0.268017
5335	0.268017
5336	0.268017
5337	0.268017
5338	0.268017
5339	0.268017
5340	0.268017
5341	0.268017
5342	0.268017
5343	0.268017
5344	0.268017
5345	0.268017
5346	0.268017
5347	0.268017
5348	0.268017
5349	0.268017
5350	0.268017
5351	0.268017
5352	0.268017
5353	0.268017
5354	0.268017
5355	0.268017
5356	0.268017
5357	0.268017
5358	0.268017
5359	0.268017
5360	0.268017
5361	0.268017
5362	0.268017
5363	0.268017
5364	0.268017
5365	0.268017
5366	0.268017
5367	0.268017
5368	0.268017
5369	0.268017
5370	0.268017
5371	0.268017
5372	0.268017
5373	0.268017
5374	0.268017
5375	0.268017
5376	0.268017
5377	0.268017
5378	0.268017
5379	0.268017
5380	0.268017
5381	0.268017
5382	0.268017
5383	0.268017
5384	0.268017
5385	0.268017
5386	0.268017
5387	0.268017
5388	0.268017
5389	0.268017
5390	0.268017
5391	0.268017
5392	0.268017
5393	0.268017
5394	0.268017
5395	0.268017
5396	0.268017
5397	0.268017
5398	0.268017
5399	0.268017
5400	0.268017
5401	0.268017
5402	0.268017
5403	0.268017
5404	0.268017
5405	0.268017
5406	0.268017
5407	0.268017
5408	0.268017
5409	0.268017
5410	0.268017
5411	0.268017
5412	0.268017
5413	0.268017
5414	0.268017
5415	0.268017
5416	0.268017
5417	0.268017
5418	0.268017
5419	0.268017
5420	0.268017
5421	0.268017
5422	0.268017
5423	0.268017
5424	0.268017
5425	0.268017
5426	0.268017
5427	0.268017
5428	0.268017
5429	0.268017
5430	0.268017
5431	0.268017
5432	0.268017
5433	0.268017
5434	0.268017
5435	0.268017
5436	0.268017
5437	0.268017
5438	0.268017
5439	0.268017
5440	0.268017
5441	0.268017
5442	0.268017
5443	0.268017
5444	0.268017
5445	0.268017
5446	0.268017
5447	0.268017
5448	0.268017
5449	0.268017
5450	0.268017
5451	0.268017
5452	0.268017
5453	0.268017
5454	0.268017
5455	0.268017
5456	0.268017
5457	0.268017
5458	0.268017
5459	0.268017
5460	0.268017
5461	0.268017
5462	0.268017
5463	0.268017
5464	0.268017
5465	0.268017
5466	0.268017
5467	0.268017
5468	0.268017
5469	0.268017
5470	0.268017
5471	0.268017
5472	0.268017
5473	0.268017
5474	0.268017
5475	0.268017
5476	0.268017
5477	0.268017
5478	0.268017
5479	0.268017
5480	0.268017
5481	0.268017
5482	0.268017
5483	0.268017
5484	0.268017
5485	0.268017
5486	0.268017
5487	0.268017
5488	0.268017
5489	0.268017
5490	0.268017
5491	0.268017
5492	0.268017
5493	0.268017
5494	0.268017
5495	0.268017
5496	0.268017
5497	0.268017
5498	0.268017
5499	0.268017
5500	0.268017
5501	0.268017
5502	0.268017
5503	0.268017
5504	0.268017
5505	0.268017
5506	0.268017
5507	0.268017
5508	0.268017
5509	0.268017
5510	0.268017
5511	0.268017
5512	0.268017
5513	0.268017
5514	0.268017
5515	0.268017
5516	0.268017
5517	0.268017
5518	0.268017
5519	0.268017
5520	0.268017
5521	0.268017
5522	0.268017
5523	0.268017
5524	0.268017
5525	0.268017
5526	0.268017
5527	0.268017
5528	0.268017
5529	0.268017
5530	0.268017
5531	0.268017
5532	0.268017
5533	0.268017
5534	0.268017
5535	0.268017
5536	0.268017
5537	0.268017
5538	0.268017
5539	0.268017
5540	0.268017
5541	0.268017
5542	0.268017
5543	0.268017
5544	0.268017
5545	0.268017
5546	0.268017
5547	0.268017
5548	0.268017
5549	0.268017
5550	0.268017
5551	0.268017
5552	0.268017
5553	0.268017
5554	0.268017
5555	0.268017
5556	0.268017
5557	0.268017
5558	0.268017
5559	0.268017
5560	0.268017
5561	0.268017
5562	0.268017
5563	0.268017
5564	0.268017
5565	0.268017
5566	0.268017
5567	0.268017
5568	0.268017
5569	0.268017
5570	0.268017
5571	0.268017
5572	0.268017
5573	0.268017
5574	0.268017
5575	0.268017
5576	0.268017
5577	0.268017
5578	0.268017
5579	0.268017
5580	0.268017
5581	0.268017
5582	0.268017
5583	0.268017
5584	0.268017
5585	0.268017
5586	0.268017
5587	0.268017
5588	0.268017
5589	0.268017
5590	0.268017
5591	0.268017
5592	0.268017
5593	0.268017
5594	0.268017
5595	0.268017
5596	0.268017
5597	0.268017
5598	0.268017
5599	0.268017
5600	0.268017
5601	0.268017
5602	0.268017
5603	0.268017
5604	0.268017
5605	0.268017
5606	0.268017
5607	0.268017
5608	0.268017
5609	0.268017
5610	0.268017
5611	0.268017
5612	0.268017
5613	0.268017
5614	0.268017
5615	0.268017
5616	0.268017
5617	0.268017
5618	0.268017
5619	0.268017
5620	0.268017
5621	0.268017
5622	0.268017
5623	0.268017
5624	0.268017
5625	0.268017
5626	0.268017
5627	0.268017
5628	0.268017
5629	0.268017
5630	0.268017
5631	0.268017
5632	0.268017
5633	0.268017
5634	0.268017
5635	0.268017
5636	0.268017
5637	0.268017
5638	0.268017
5639	0.268017
5640	0.268017
5641	0.268017
5642	0.268017
5643	0.268017
5644	0.268017
5645	0.268017
5646	0.268017
5647	0.268017
5648	0.268017
5649	0.268017
5650	0.268017
5651	0.268017
5652	0.268017
5653	0.268017
5654	0.268017
5655	0.268017
5656	0.268017
5657	0.268017
5658	0.278025
5659	0.278025
5660	0.278025
5661	0.278025
5662	0.278025
5663	0.278025
5664	0.278025
5665	0.278025
5666	0.278025
5667	0.278025
5668	0.278025
5669	0.278025
5670	0.278025
5671	0.278025
5672	0.278025
5673	0.278025
5674	0.278025
5675	0.278025
5676	0.278025
5677	0.278025
5678	0.278025
5679	0.278025
5680	0.278025
5681	0.278025
5682	0.278025
5683	0.278025
5684	0.278025
5685	0.278025
5686	0.278025
5687	0.278025
5688	0.278025
5689	0.278025
5690	0.278025
5691	0.278025
5692	0.278025
5693	0.278025
5694	0.278025
5695	0.278025
5696	0.278025
5697	0.278025
5698	0.278025
5699	0.278025
5700	0.278025
5701	0.278025
5702	0.278025
5703	0.278025
5704	0.278025
5705	0.278025
5706	0.278025
5707	0.278025
5708	0.278025
5709	0.278025
5710	0.278025
5711	0.278025
5712	0.278025
5713	0.278025
5714	0.278025
5715	0.278025
5716	0.278025
5717	0.278025
5718	0.278025
5719	0.278025
5720	0.278025
5721	0.278025
5722	0.278025
5723	0.278025
5724	0.278025
5725	0.278025
5726	0.278025
5727	0.278025
5728	0.278025
5729	0.278025
5730	0.278025
5731	0.278025
5732	0.278025
5733	0.278025
5734	0.278025
5735	0.278025
5736	0.278025
5737	0.278025
5738	0.278025
5739	0.278025
5740	0.278025
5741	0.278025
5742	0.278025
5743	0.278025
5744	0.278025
5745	0.278025
5746	0.278025
5747	0.278025
5748	0.278025
5749	0.278025
5750	0.278025
5751	0.278025
5752	0.278025
5753	0.278025
5754	0.278025
5755	0.278025
5756	0.278025
5757	0.278025
5758	0.278025
5759	0.278025
5760	0.278025
5761	0.278025
5762	0.278025
5763	0.278025
5764	0.278025
5765	0.278025
5766	0.278025
5767	0.278025
5768	0.278025
5769	0.278025
5770	0.278025
5771	0.278025
5772	0.278025
5773	0.278025
5774	0.278025
5775	0.278025
5776	0.278025
5777	0.278025
5778	0.278025
5779	0.278025
5780	0.278025
5781	0.278025
5782	0.278025
5783	0.278025
5784	0.278025
5785	0.278025
5786	0.278025
5787	0.278025
5788	0.278025
5789	0.278025
5790	0.278025
5791	0.278025
5792	0.278025
5793	0.278025
5794	0.278025
5795	0.278025
5796	0.278025
5797	0.278025
5798	0.278025
5799	0.274009
5800	0.274009
5801	0.274009
5802	0.274009
5803	0.274009
5804	0.274009
5805	0.274009
5806	0.274009
5807	0.274009
5808	0.274009
5809	0.274009
5810	0.274009
5811	0.274009
5812	0.274009
5813	0.274009
5814	0.274009
5815	0.274009
5816	0.274009
5817	0.274009
5818	0.274009
5819	0.274009
5820	0.274009
5821	0.274009
5822	0.274009
5823	0.274009
5824	0.274009
5825	0.274009
5826	0.274009
5827	0.274009
5828	0.274009
5829	0.274009
5830	0.274009
5831	0.274009
5832	0.274009
5833	0.274009
5834	0.274009
5835	0.274009
5836	0.274009
5837	0.274009
5838	0.274009
5839	0.274009
5840	0.274009
5841	0.274009
5842	0.274009
5843	0.274009
5844	0.274009
5845	0.274009
5846	0.274009
5847	0.274009
5848	0.274009
5849	0.274009
5850	0.274009
5851	0.274009
5852	0.274009
5853	0.274009
5854	0.274009
5855	0.274009
5856	0.274009
5857	0.274009
5858	0.274009
5859	0.274009
5860	0.274009
5861	0.274009
5862	0.274009
5863	0.274009
5864	0.274009
5865	0.274009
5866	0.274009
5867	0.274009
5868	0.274009
5869	0.274009
5870	0.274009
5871	0.274009
5872	0.274009
5873	0.274009
5874	0.274009
5875	0.274009
5876	0.274009
5877	0.274009
5878	0.274009
5879	0.274009
5880	0.274009
5881	0.274009
5882	0.274009
5883	0.274009
5884	0.274009
5885	0.274009
5886	0.274009
5887	0.274009
5888	0.274009
5889	0.274009
5890	0.274009
5891	0.274009
5892	0.274009
5893	0.274009
5894	0.274009
5895	0.274009
5896	0.274009
5897	0.274009
5898	0.274009
5899	0.274009
5900	0.274009
5901	0.274009
5902	-0.27901
5903	-0.27901
5904	-0.27901
5905	-0.27901
5906	-0.27901
5907	-0.27901
5908	-0.27901
5909	-0.27901
5910	-0.27901
5911	-0.27901
5912	-0.27901
5913	-0.27901
5914	-0.27901
5915	-0.27901
5916	-0.27901
5917	-0.27901
5918	-0.27901
5919	-0.27901
5920	-0.27901
5921	-0.27901
5922	-0.27901
5923	-0.27901
5924	-0.27901
5925	-0.27901
5926	-0.27901
5927	-0.27901
5928	-0.27901
5929	-0.27901
5930	-0.27901
5931	-0.27901
5932	-0.27901
5933	-0.27901
5934	-0.27901
5935	-0.27901
5936	-0.27901
5937	-0.27901
5938	-0.27901
5939	-0.27901
5940	-0.27901
5941	-0.27901
5942	-0.27901
5943	-0.27901
5944	-0.27901
5945	-0.27901
5946	-0.27901
5947	-0.27901
5948	-0.27901
5949	-0.27901
5950	-0.27901
5951	-0.27901
5952	-0.27901
5953	-0.27901
5954	-0.27901
5955	-0.27901
5956	-0.27901
5957	-0.27901
5958	-0.27901
5959	-0.27901
5960	-0.27901
5961	-0.27901
5962	-0.27901
5963	-0.27901
5964	-0.27901
5965	-0.27901
5966	-0.27901
5967	-0.27901
5968	-0.27901
5969	-0.27901
5970	-0.27901
5971	-0.27901
5972	-0.27901
5973	-0.27901
5974	-0.27901
5975	-0.27901
5976	-0.27901
5977	-0.27901
5978	-0.27901
5979	-0.27901
5980	-0.27901
5981	-0.27901
5982	-0.27901
5983	-0.27901
5984	-0.27901
5985	-0.27901
5986	-0.27901
5987	-0.27901
5988	-0.27901
5989	-0.27901
5990	-0.27901
5991	-0.27901
5992	-0.27901
5993	-0.27901
5994	-0.27901
5995	-0.27901
5996	-0.27901
5997	-0.27901
5998	-0.27901
5999	-0.27901
6000	-0.27901
6001	-0.27901
6002	-0.27901
6003	-0.27901
6004	-0.27901
6005	-0.27901
6006	-0.27901
6007	-0.27901
6008	-0.27901
6009	-0.27901
6010	-0.27901
6011	-0.27901
6012	-0.27901
6013	-0.27901
6014	-0.27901
6015	-0.27901
6016	-0.27901
6017	-0.27901
6018	-0.27901
6019	-0.27901
6020	-0.27901
6021	-0.27901
6022	-0.27901
6023	-0.27901
6024	-0.27901
6025	-0.27901
6026	-0.27901
6027	-0.27901
6028	-0.27901
6029	-0.27901
6030	-0.27901
6031	-0.27901
6032	-0.27901
6033	-0.27901
6034	-0.27901
6035	-0.27901
6036	-0.27901
6037	-0.27901
6038	-0.27901
6039	-0.27901
6040	-0.27901
6041	-0.27901
6042	-0.27901
6043	-0.27901
6044	-0.27901
6045	-0.27901
6046	-0.27901
6047	-0.27901
6048	-0.27901
6049	-0.27901
6050	-0.27901
6051	-0.27901
6052	-0.27901
6053	-0.27901
6054	-0.27901
6055	-0.27901
6056	-0.27901
6057	-0.27901
6058	-0.27901
6059	-0.27901
6060	-0.27901
6061	-0.27901
6062	-0.27901
6063	-0.27901
6064	-0.27901
6065	-0.27901
6066	-0.27901
6067	-0.27901
6068	-0.27901
6069	-0.27901
6070	-0.27901
6071	-0.27901
6072	-0.27901
6073	-0.27901
6074	-0.27901
6075	-0.27901
6076	-0.27901
6077	-0.27901
6078	-0.27901
6079	-0.27901
6080	-0.27901
6081	-0.27901
6082	-0.27901
6083	-0.27901
6084	-0.27901
6085	-0.27901
6086	-0.27901
6087	-0.27901
6088	-0.27901
6089	-0.27901
6090	-0.27901
6091	-0.27901
6092	-0.27901
6093	-0.27901
6094	-0.27901
6095	-0.27901
6096	-0.27901
6097	-0.27901
6098	-0.27901
6099	-0.27901
6100	-0.27901
6101	-0.27901
6102	-0.27901
6103	-0.27901
6104	-0.27901
6105	-0.27901
6106	-0.27901
6107	-0.27901
6108	-0.27901
6109	-0.27901
6110	-0.27901
6111	-0.27901
6112	-0.27901
6113	-0.27901
6114	-0.27901
6115	-0.27901
6116	-0.27901
6117	-0.27901
6118	-0.27901
6119	-0.27901
6120	-0.27901
6121	-0.27901
6122	-0.27901
6123	-0.27901
6124	-0.27901
6125	-0.27901
6126	-0.27901
6127	-0.27901
6128	-0.27901
6129	-0.27901
6130	-0.27901
6131	-0.27901
6132	-0.27901
6133	-0.27901
6134	-0.27901
6135	-0.27901
6136	-0.27901
6137	-0.27901
6138	-0.274379
6139	-0.274379
6140	-0.274379
6141	-0.274379
6142	-0.274379
6143	-0.274379
6144	-0.274379
6145	-0.274379
6146	-0.274379
6147	-0.274379
6148	-0.274379
6149	-0.274379
6150	-0.274379
6151	-0.274379
6152	-0.274379
6153	-0.274379
6154	-0.274379
6155	-0.274379
6156	-0.274379
6157	-0.274379
6158	-0.274379
6159	-0.274379
6160	-0.274379
6161	-0.274379
6162	-0.274379
6163	-0.274379
6164	-0.274379
6165	-0.274379
6166	-0.274379
6167	-0.274379
6168	-0.274379
6169	-0.274379
6170	-0.274379
6171	-0.274379
6172	-0.274379
6173	-0.274379
6174	-0.274379
6175	-0.274379
6176	-0.274379
6177	-0.274379
6178	-0.274379
6179	-0.274379
6180	-0.274379
6181	-0.274379
6182	-0.274379
6183	-0.274379
6184	-0.274379
6185	-0.274379
6186	-0.274379
6187	-0.274379
6188	-0.274379
6189	-0.274379
6190	-0.274379
6191	-0.274379
6192	-0.274379
6193	-0.274379
6194	-0.274379
6195	-0.274379
6196	-0.274379
6197	-0.274379
6198	-0.274379
6199	-0.274379
6200	-0.274379
6201	-0.274379
6202	-0.274379
6203	-0.274379
6204	-0.274379
6205	-0.274379
6206	-0.274379
6207	-0.274379
6208	-0.274379
6209	-0.274379
6210	-0.274379
6211	-0.274379
6212	-0.274379
6213	-0.274379
6214	-0.274379
6215	-0.274379
6216	-0.274379
6217	-0.274379
6218	-0.274379
6219	-0.274379
6220	-0.274379
6221	-0.274379
6222	-0.274379
6223	-0.274379
6224	-0.274379
6225	-0.274379
6226	-0.274379
6227	-0.274379
6228	-0.274379
6229	-0.274379
6230	-0.274379
6231	-0.274379
6232	-0.274379
6233	-0.274379
6234	-0.274379
6235	-0.274379
6236	-0.274379
6237	-0.274379
6238	-0.274379
6239	-0.274379
6240	-0.274379
6241	-0.274379
6242	-0.274379
6243	-0.274379
6244	-0.274379
6245	-0.274379
6246	-0.274379
6247	-0.274379
6248	-0.274379
6249	-0.274379
6250	-0.274379
6251	-0.274379
6252	-0.274379
6253	-0.274379
6254	-0.274379
6255	-0.274379
6256	-0.274379
6257	-0.274379
6258	-0.274379
6259	-0.274379
6260	-0.274379
6261	-0.274379
6262	-0.274379
6263	-0.274379
6264	-0.274379
6265	-0.274379
6266	-0.274379
6267	-0.274379
6268	-0.274379
6269	-0.274379
6270	-0.274379
6271	-0.274379
6272	-0.274379
6273	-0.274379
6274	-0.274379
6275	-0.274379
6276	-0.274379
6277	-0.274379
6278	-0.274379
6279	-0.274379
6280	-0.274379
6281	-0.274379
6282	-0.274379
6283	-0.274379
6284	-0.274379
6285	-0.274379
6286	-0.274379
6287	-0.274379
6288	-0.274379
6289	-0.274379
6290	-0.274379
6291	-0.274379
6292	-0.274379
6293	-0.274379
6294	-0.274379
6295	-0.274379
6296	-0.274379
6297	-0.274379
6298	-0.274379
6299	-0.274379
6300	-0.274379
6301	-0.274379
6302	-0.274379
6303	-0.274379
6304	-0.274379
6305	-0.274379
6306	-0.274379
6307	-0.274379
6308	-0.274379
6309	-0.274379
6310	-0.274379
6311	-0.274379
6312	-0.274379
6313	-0.274379
6314	-0.274379
6315	-0.274379
6316	-0.274379
6317	-0.274379
6318	-0.274379
6319	-0.274379
6320	-0.274379
6321	-0.274379
6322	-0.274379
6323	-0.274379
6324	-0.274379
6325	-0.274379
6326	-0.274379
6327	-0.274379
6328	-0.274379
6329	-0.274379
6330	-0.274379
6331	-0.274379
6332	-0.274379
6333	-0.274379
6334	-0.274379
6335	-0.274379
6336	-0.274379
6337	-0.274379
6338	-0.274379
6339	-0.274379
6340	-0.274379
6341	-0.274379
6342	-0.274379
6343	-0.274379
6344	-0.274379
6345	-0.274379
6346	-0.274379
6347	-0.274379
6348	-0.274379
6349	-0.274379
6350	-0.274379
6351	-0.274379
6352	-0.274379
6353	-0.274379
6354	-0.274379
6355	-0.274379
6356	-0.274379
6357	-0.274379
6358	-0.274379
6359	-0.274379
6360	-0.274379
6361	-0.274379
6362	-0.274379
6363	-0.274379
6364	-0.274379
6365	-0.274379
6366	-0.274379
6367	-0.274379
6368	-0.274379
6369	-0.274379
6370	-0.274379
6371	-0.274379
6372	-0.274379
6373	-0.274379
6374	-0.274379
6375	-0.274379
6376	-0.274379
6377	-0.274379
6378	-0.274379
6379	-0.274379
6380	-0.274379
6381	-0.274379
6382	-0.274379
6383	-0.274379
6384	-0.274379
6385	-0.274379
6386	-0.274379
6387	-0.274379
6388	-0.274379
6389	-0.274379
6390	-0.274379
6391	-0.274379
6392	-0.274379
6393	-0.274379
6394	-0.274379
6395	-0.274379
6396	-0.274379
6397	-0.274379
6398	-0.274379
6399	-0.274379
6400	-0.274379
6401	-0.274379
6402	-0.274379
6403	-0.274379
6404	-0.274379
6405	-0.274379
6406	-0.274379
6407	-0.274379
6408	-0.274379
6409	-0.274379
6410	-0.274379
6411	-0.274379
6412	-0.274379
6413	-0.274379
6414	-0.274379
6415	-0.274379
6416	-0.274379
6417	-0.274379
6418	-0.274379
6419	-0.274379
6420	-0.274379
6421	-0.274379
6422	-0.274379
6423	-0.274379
6424	-0.274379
6425	-0.274379
6426	-0.274379
6427	-0.274379
6428	-0.274379
6429	-0.274379
6430	-0.274379
6431	-0.274379
6432	-0.274379
6433	-0.274379
6434	-0.274379
6435	-0.274379
6436	-0.274379
6437	-0.274379
6438	-0.274379
6439	-0.274379
6440	-0.274379
6441	-0.274379
6442	-0.274379
6443	-0.274379
6444	-0.274379
6445	-0.274379
6446	-0.274379
6447	-0.274379
6448	-0.274379
6449	-0.274379
6450	-0.274379
6451	-0.274379
6452	-0.274379
6453	-0.274379
6454	-0.274379
6455	-0.274379
6456	-0.274379
6457	-0.274379
6458	-0.274379
6459	-0.274379
6460	-0.274379
6461	-0.274379
6462	-0.274379
6463	-0.274379
6464	-0.274379
6465	-0.274379
6466	-0.274379
6467	-0.274379
6468	-0.274379
6469	-0.274379
6470	-0.274379
6471	-0.274379
6472	-0.274379
6473	-0.274379
6474	-0.274379
6475	-0.274379
6476	-0.274379
6477	-0.274379
6478	-0.274379
6479	-0.274379
6480	-0.274379
6481	-0.274379
6482	-0.274379
6483	-0.274379
6484	-0.274379
6485	-0.274379
6486	-0.274379
6487	-0.274379
6488	-0.274379
6489	-0.274379
6490	-0.274379
6491	-0.274379
6492	-0.274379
6493	-0.274379
6494	-0.274379
6495	-0.274379
6496	-0.274379
6497	-0.274379
6498	-0.274379
6499	-0.274379
6500	-0.274379
6501	-0.274379
6502	-0.274379
6503	-0.274379
6504	-0.274379
6505	-0.274379
6506	-0.274379
6507	-0.274379
6508	-0.274379
6509	-0.274379
6510	-0.274379
6511	-0.274379
6512	-0.274379
6513	-0.274379
6514	-0.274379
6515	-0.274379
6516	-0.274379
6517	-0.274379
6518	-0.274379
6519	-0.274379
6520	-0.274379
6521	-0.274379
6522	-0.274379
6523	-0.274379
6524	-0.274379
6525	-0.274379
6526	-0.274379
6527	-0.274379
6528	-0.274379
6529	-0.274379
6530	-0.274379
6531	-0.274379
6532	-0.274379
6533	-0.274379
6534	-0.274379
6535	-0.274379
6536	-0.274379
6537	-0.274379
6538	-0.274379
6539	-0.274379
6540	-0.274379
6541	-0.274379
6542	-0.274379
6543	-0.274379
6544	-0.274379
6545	-0.274379
6546	-0.274379
6547	-0.274379
6548	-0.274379
6549	-0.274379
6550	-0.274379
6551	-0.274379
6552	-0.274379
6553	-0.274379
6554	-0.274379
6555	-0.274379
6556	-0.274379
6557	-0.274379
6558	-0.274379
6559	-0.274379
6560	-0.274379
6561	-0.274379
6562	-0.274379
6563	-0.274379
6564	-0.274379
6565	-0.274379
6566	-0.274379
6567	-0.274379
6568	-0.274379
6569	-0.274379
6570	-0.274379
6571	-0.274379
6572	-0.274379
6573	-0.274379
6574	-0.274379
6575	-0.274379
6576	-0.274379
6577	-0.274379
6578	-0.274379
6579	-0.274379
6580	-0.274379
6581	-0.274379
6582	-0.274379
6583	-0.274379
6584	-0.274379
6585	-0.274379
6586	-0.274379
6587	-0.274379
6588	-0.274379
6589	-0.274379
6590	-0.274379
6591	-0.274379
6592	-0.274379
6593	-0.274379
6594	-0.274379
6595	-0.274379
6596	-0.274379
6597	-0.274379
6598	-0.274379
6599	-0.274379
6600	-0.274379
6601	-0.274379
6602	-0.274379
6603	-0.274379
6604	-0.274379
6605	-0.274379
6606	-0.274379
6607	-0.274379
6608	-0.274379
6609	-0.274379
6610	-0.274379
6611	-0.274379
6612	-0.274379
6613	-0.274379
6614	-0.274379
6615	-0.274379
6616	-0.274379
6617	-0.274379
6618	-0.274379
6619	-0.274379
6620	-0.274379
6621	-0.274379
6622	-0.274379
6623	-0.274379
6624	-0.274379
6625	-0.274379
6626	-0.274379
6627	-0.274379
6628	-0.274379
6629	-0.274379
6630	-0.274379
6631	-0.274379
6632	-0.274379
6633	-0.274379
6634	-0.274379
6635	-0.274379
6636	-0.274379
6637	-0.274379
6638	-0.274379
6639	-0.274379
6640	-0.274379
6641	-0.274379
6642	-0.274379
6643	-0.274379
6644	-0.274379
6645	-0.274379
6646	-0.274379
6647	-0.274379
6648	-0.274379
6649	-0.274379
6650	-0.274379
6651	-0.274379
6652	-0.274379
6653	-0.274379
6654	-0.274379
6655	-0.274379
6656	-0.274379
6657	-0.274379
6658	-0.274379
6659	-0.274379
6660	-0.274379
6661	-0.274379
6662	-0.274379
6663	-0.274379
6664	-0.274379
6665	-0.274379
6666	-0.274379
6667	-0.274379
6668	-0.274379
6669	-0.274379
6670	-0.274379
6671	-0.274379
6672	-0.274379
6673	-0.274379
6674	-0.274379
6675	-0.274379
6676	-0.274379
6677	-0.274379
6678	-0.274379
6679	-0.274379
6680	-0.274379
6681	-0.274379
6682	-0.274379
6683	-0.274379
6684	-0.274379
6685	-0.274379
6686	-0.274379
6687	-0.274379
6688	-0.274379
6689	-0.274379
6690	-0.274379
6691	-0.274379
6692	-0.274379
6693	-0.274379
6694	-0.274379
6695	-0.274379
6696	-0.274379
6697	-0.274379
6698	-0.274379
6699	-0.274379
6700	-0.274379
6701	-0.274379
6702	-0.274379
6703	-0.274379
6704	-0.274379
6705	-0.274379
6706	-0.274379
6707	-0.274379
6708	-0.274379
6709	-0.274379
6710	-0.274379
6711	-0.274379
6712	-0.274379
6713	-0.274379
6714	-0.274379
6715	-0.274379
6716	-0.274379
6717	-0.274379
6718	-0.274379
6719	-0.274379
6720	-0.274379
6721	-0.274379
6722	-0.274379
6723	-0.274379
6724	-0.274379
6725	-0.274379
6726	-0.274379
6727	-0.274379
6728	-0.274379
6729	-0.274379
6730	-0.274379
6731	-0.274379
6732	-0.274379
6733	0.265326
6734	0.265326
6735	0.265326
6736	0.265326
6737	0.265326
6738	0.265326
6739	0.265326
6740	0.265326
6741	0.265326
6742	0.265326
6743	0.265326
6744	0.265326
6745	0.265326
6746	0.265326
6747	0.265326
6748	0.265326
6749	0.265326
6750	0.265326
6751	0.265326
6752	0.265326
6753	0.265326
6754	0.265326
6755	0.265326
6756	0.265326
6757	0.265326
6758	0.265326
6759	0.265326
6760	0.265326
6761	0.265326
6762	0.265326
6763	0.265326
6764	0.265326
6765	0.265326
6766	0.265326
6767	0.265326
6768	0.265326
6769	0.265326
6770	0.265326
6771	0.265326
6772	0.265326
6773	0.265326
6774	0.265326
6775	0.265326
6776	0.265326
6777	0.265326
6778	0.265326
6779	0.265326
6780	0.265326
6781	0.265326
6782	0.265326
6783	0.265326
6784	0.265326
6785	0.265326
6786	0.265326
6787	0.265326
6788	0.265326
6789	0.265326
6790	0.265326
6791	0.265326
6792	0.265326
6793	0.265326
6794	0.265326
6795	0.265326
6796	0.265326
6797	0.265326
6798	0.265326
6799	0.265326
6800	0.265326
6801	0.265326
6802	0.265326
6803	0.265326
6804	0.265326
6805	0.265326
6806	0.265326
6807	0.265326
6808	0.265326
6809	0.265326
6810	0.265326
6811	0.265326
6812	0.265326
6813	0.265326
6814	0.265326
6815	0.265326
6816	0.265326
6817	0.265326
6818	0.265326
6819	0.265326
6820	0.265326
6821	0.265326
6822	0.265326
6823	0.265326
6824	0.265326
6825	0.265326
6826	0.265326
6827	0.265326
6828	0.265326
6829	0.265326
6830	0.265326
6831	0.265326
6832	0.265326
6833	0.265326
6834	0.265326
6835	0.265326
6836	0.265326
6837	0.265326
6838	0.265326
6839	0.265326
6840	0.265326
6841	0.265326
6842	0.265326
6843	0.265326
6844	0.265326
6845	0.265326
6846	0.265326
6847	0.265326
6848	0.265326
6849	0.265326
6850	0.265326
6851	0.265326
6852	0.265326
6853	0.265326
6854	0.265326
6855	0.265326
6856	0.265326
6857	0.265326
6858	0.265326
6859	0.265326
6860	0.265326
6861	0.265326
6862	0.265326
6863	0.265326
6864	0.265326
6865	0.265326
6866	0.265326
6867	0.265326
6868	0.265326
6869	0.265326
6870	0.265326
6871	0.265326
6872	0.265326
6873	0.265326
6874	0.265326
6875	0.265326
6876	0.265326
6877	0.265326
6878	0.265326
6879	0.265326
6880	0.265326
6881	0.265326
6882	0.265326
6883	0.265326
6884	0.265326
6885	0.265326
6886	0.265326
6887	0.265326
6888	0.265326
6889	0.265326
6890	0.265326
6891	0.265326
6892	0.265326
6893	0.265326
6894	0.265326
6895	0.265326
6896	0.265326
6897	0.265326
6898	0.265326
6899	0.265326
6900	0.265326
6901	0.265326
6902	0.265326
6903	0.265326
6904	0.265326
6905	0.265326
6906	0.265326
6907	0.265326
6908	0.265326
6909	0.265326
6910	0.265326
6911	0.265326
6912	0.265326
6913	0.265326
6914	0.265326
6915	0.265326
6916	0.265326
6917	0.265326
6918	0.265326
6919	0.265326
6920	0.265326
6921	0.265326
6922	0.265326
6923	0.265326
6924	0.265326
6925	0.265326
6926	0.265326
6927	0.265326
6928	0.265326
6929	0.265326
6930	0.265326
6931	0.265326
6932	0.265326
6933	0.265326
6934	0.265326
6935	0.265326
6936	0.265326
6937	0.265326
6938	0.265326
6939	0.265326
6940	0.265326
6941	0.265326
6942	0.265326
6943	0.265326
6944	0.265326
6945	0.265326
6946	0.265326
6947	0.265326
6948	0.265326
6949	0.265326
6950	0.265326
6951	0.265326
6952	0.265326
6953	0.265326
6954	0.265326
6955	0.265326
6956	0.265326
6957	0.265326
6958	0.265326
6959	0.265326
6960	0.265326
6961	0.265326
6962	0.265326
6963	0.265326
6964	0.265326
6965	0.265326
6966	0.265326
6967	0.265326
6968	0.265326
6969	0.265326
6970	0.265326
6971	0.265326
6972	0.265326
6973	0.265326
6974	0.265326
6975	0.265326
6976	0.265326
6977	0.265326
6978	0.265326
6979	0.265326
6980	0.265326
6981	0.265326
6982	0.265326
6983	0.265326
6984	0.265326
6985	0.265326
6986	0.265326
6987	0.265326
6988	0.265326
6989	0.265326
6990	0.265326
6991	0.265326
6992	0.265326
6993	0.265326
6994	0.265326
6995	0.265326
6996	0.265326
6997	0.265326
6998	0.265326
6999	0.265326
7000	0.265326
7001	0.265326
7002	0.265326
7003	0.265326
7004	0.265326
7005	0.265326
7006	0.265326
7007	0.265326
7008	0.265326
7009	0.265326
7010	0.265326
7011	0.265326
7012	0.265326
7013	0.265326
7014	0.265326
7015	0.265326
7016	0.265326
7017	0.265326
7018	0.265326
7019	0.265326
7020	0.265326
7021	0.265326
7022	0.265326
7023	0.265326
7024	0.265326
7025	0.265326
7026	0.265326
7027	0.265326
7028	0.265326
7029	0.265326
7030	0.265326
7031	0.265326
7032	0.265326
7033	0.265326
7034	0.265326
7035	0.265326
7036	0.265326
7037	0.265326
7038	0.265326
7039	0.265326
7040	0.265326
7041	0.265326
7042	0.265326
7043	0.265326
7044	0.265326
7045	0.265326
7046	0.265326
7047	0.265326
7048	0.265326
7049	0.265326
7050	0.265326
7051	0.265326
7052	0.265326
7053	0.265326
7054	0.265326
7055	0.265326
7056	0.265326
7057	0.265326
7058	0.265326
7059	0.265326
7060	0.265326
7061	0.265326
7062	0.265326
7063	0.265326
7064	0.265326
7065	0.265326
7066	0.265326
7067	0.265326
7068	0.265326
7069	0.265326
7070	0.265326
7071	0.265326
7072	0.265326
7073	0.265326
7074	0.265326
7075	0.265326
7076	0.265326
7077	0.265326
7078	0.265326
7079	0.265326
7080	0.265326
7081	0.265326
7082	0.265326
7083	0.265326
7084	0.265326
7085	0.265326
7086	0.265326
7087	0.265326
7088	0.265326
7089	0.265326
7090	0.265326
7091	0.265326
7092	0.265326
7093	0.265326
7094	0.265326
7095	0.265326
7096	0.265326
7097	0.265326
7098	0.265326
7099	0.265326
7100	0.265326
7101	0.265326
7102	0.265326
7103	0.265326
7104	0.265326
7105	0.265326
7106	0.265326
7107	0.265326
7108	0.265326
7109	0.265326
7110	0.265326
7111	0.265326
7112	0.265326
7113	0.265326
7114	0.265326
7115	0.265326
7116	0.265326
7117	0.265326
7118	0.265326
7119	0.265326
7120	0.265326
7121	0.265326
7122	0.265326
7123	0.265326
7124	0.265326
7125	0.265326
7126	0.265326
7127	0.265326
7128	0.265326
7129	0.265326
7130	0.265326
7131	0.265326
7132	0.265326
7133	0.265326
7134	0.265326
7135	0.265326
7136	0.265326
7137	0.265326
7138	0.265326
7139	0.265326
7140	0.265326
7141	0.265326
7142	0.265326
7143	0.265326
7144	0.265326
7145	0.265326
7146	0.265326
7147	0.265326
7148	0.265326
7149	0.265326
7150	0.265326
7151	0.265326
7152	0.265326
7153	0.265326
7154	0.265326
7155	0.265326
7156	0.265326
7157	0.265326
7158	0.265326
7159	0.265326
7160	0.265326
7161	0.265326
7162	0.265326
7163	0.265326
7164	0.265326
7165	0.265326
7166	0.265326
7167	0.265326
7168	0.265326
7169	0.265326
7170	0.265326
7171	0.265326
7172	0.265326
7173	0.265326
7174	0.265326
7175	0.265326
7176	0.265326
7177	0.265326
7178	0.265326
7179	0.265326
7180	0.265326
7181	0.265326
7182	0.265326
7183	0.265326
7184	0.265326
7185	0.265326
7186	0.265326
7187	0.265326
7188	0.265326
7189	0.265326
7190	0.265326
7191	0.265326
7192	0.265326
7193	0.265326
7194	0.265326
7195	0.265326
7196	0.265326
7197	0.265326
7198	0.285678
7199	0.285678
7200	0.285678
7201	0.285678
7202	0.285678
7203	0.285678
7204	0.285678
7205	0.285678
7206	0.285536
7207	0.285536
7208	0.285536
7209	0.285536
7210	0.276956
7211	0.276956
7212	0.276956
7213	0.276956
7214	0.276956
7215	0.276956
7216	0.276956
7217	0.276956
7218	0.276956
7219	0.276956
7220	0.276956
7221	0.276956
7222	0.276956
7223	0.276956
7224	0.276956
7225	0.276956
7226	0.276956
7227	0.276956
7228	0.276956
7229	0.276956
7230	0.276956
7231	0.276956
7232	0.276956
7233	0.276956
7234	0.276956
7235	0.276956
7236	0.276956
7237	0.276956
7238	0.276956
7239	0.276956
7240	0.276956
7241	0.276956
7242	0.276956
7243	0.276956
7244	0.276956
7245	0.276956
7246	0.276956
7247	0.276956
7248	0.276956
7249	0.276956
7250	0.276956
7251	0.276956
7252	0.276956
7253	0.276956
7254	0.276956
7255	0.276956
7256	0.276956
7257	0.276956
7258	0.276956
7259	0.276956
7260	0.276956
7261	0.276956
7262	0.276956
7263	0.276956
7264	0.276956
7265	0.276956
7266	0.276956
7267	0.276956
7268	0.276956
7269	0.276956
7270	0.276956
7271	0.276956
7272	0.276956
7273	0.276956
7274	0.276956
7275	0.276956
7276	0.276956
7277	0.276956
7278	0.276956
7279	0.276956
7280	0.276956
7281	0.276956
7282	0.276956
7283	0.276956
7284	0.276956
7285	0.276956
7286	0.276956
7287	0.276956
7288	0.276956
7289	0.276956
7290	0.276956
7291	0.276956
7292	0.276956
7293	0.276956
7294	0.276956
7295	0.276956
7296	0.276956
7297	0.276956
7298	0.276956
7299	0.276956
7300	0.276956
7301	0.276956
7302	0.276956
7303	0.276956
7304	0.276956
7305	0.276956
7306	0.276956
7307	0.276956
7308	0.276956
7309	0.276956
7310	0.276956
7311	0.276956
7312	0.276956
7313	0.276956
7314	0.276956
7315	0.276956
7316	0.276956
7317	0.276956
7318	0.276956
7319	0.276956
7320	0.276956
7321	0.276956
7322	0.276956
7323	0.276956
7324	0.276956
7325	0.276956
7326	0.276956
7327	0.276956
7328	0.276956
7329	0.276956
7330	0.276956
7331	0.276956
7332	0.276956
7333	0.276956
7334	0.276956
7335	0.276956
7336	0.276956
7337	0.276956
7338	0.276956
7339	0.276956
7340	0.276956
7341	0.276956
7342	0.276956
7343	0.276956
7344	0.276956
7345	0.276956
7346	0.276956
7347	0.276956
7348	0.276956
7349	0.276956
7350	0.276956
7351	0.276956
7352	0.276956
7353	0.276956
7354	0.276956
7355	0.276956
7356	0.276956
7357	0.276956
7358	0.276956
7359	0.276956
7360	0.276956
7361	0.276956
7362	0.276956
7363	0.276956
7364	0.276956
7365	0.276956
7366	0.276956
7367	0.276956
7368	0.276956
7369	0.276956
7370	0.276956
7371	0.276956
7372	0.276956
7373	0.276956
7374	0.276956
7375	0.276956
7376	0.276956
7377	0.276956
7378	0.276956
7379	0.276956
7380	0.276956
7381	0.276956
7382	0.276956
7383	0.276956
7384	0.276956
7385	0.276956
7386	0.276956
7387	0.276956
7388	0.276956
7389	0.276956
7390	0.276956
7391	0.276956
7392	0.276956
7393	0.276956
7394	0.276956
7395	0.276956
7396	0.276956
7397	0.276956
7398	0.276956
7399	0.276956
7400	0.276956
7401	0.276956
7402	0.276956
7403	0.276956
7404	0.276956
7405	0.276956
7406	0.276956
7407	0.276956
7408	0.276956
7409	0.276956
7410	0.276956
7411	0.276956
7412	0.276956
7413	0.276956
7414	0.276956
7415	0.276956
7416	0.276956
7417	0.276956
7418	0.276956
7419	0.276956
7420	0.276956
7421	0.276956
7422	0.276956
7423	0.276956
7424	0.276956
7425	0.276956
7426	0.276956
7427	0.276956
7428	0.276956
7429	0.276956
7430	0.276956
7431	0.276956
7432	0.276956
7433	0.276956
7434	0.276956
7435	0.276956
7436	0.276956
7437	0.276956
7438	0.276956
7439	0.276956
7440	0.276956
7441	0.276956
7442	0.276956
7443	0.276956
7444	0.276956
7445	0.276956
7446	0.276956
7447	0.276956
7448	0.276956
7449	0.276956
7450	0.276956
7451	0.276956
7452	0.276956
7453	0.276956
7454	0.276956
7455	0.276956
7456	0.276956
7457	0.276956
7458	0.276956
7459	0.276956
7460	0.276956
7461	0.276956
7462	0.276956
7463	0.276956
7464	0.276956
7465	0.276956
7466	0.276956
7467	0.276956
7468	0.276956
7469	0.276956
7470	0.276956
7471	0.276956
7472	0.276956
7473	0.276956
7474	0.276956
7475	0.276956
7476	0.276956
7477	0.276956
7478	0.276956
7479	0.276956
7480	0.276956
7481	0.276956
7482	0.276956
7483	0.276956
7484	0.276956
7485	0.276956
7486	0.276956
7487	0.276956
7488	0.276956
7489	0.276956
7490	0.276956
7491	0.276956
7492	0.276956
7493	0.276956
7494	0.276956
7495	0.276956
7496	0.276956
7497	0.276956
7498	0.276956
7499	0.276956
7500	0.276956
7501	0.276956
7502	0.276956
7503	0.276956
7504	0.276956
7505	0.276956
7506	0.276956
7507	0.276956
7508	0.276956
7509	0.276956
7510	0.276956
7511	0.276956
7512	0.276956
7513	0.276956
7514	0.276956
7515	0.276956
7516	0.276956
7517	0.276956
7518	0.276956
7519	0.276956
7520	0.276956
7521	0.276956
7522	0.276956
7523	0.276956
7524	0.276956
7525	0.276956
7526	0.276956
7527	0.276956
7528	0.276956
7529	0.276956
7530	0.276956
7531	0.276956
7532	0.276956
7533	0.276956
7534	0.276956
7535	0.276956
7536	0.276956
7537	0.276956
7538	0.276956
7539	0.276956
7540	0.276956
7541	0.276956
7542	0.276956
7543	0.276956
7544	0.276956
7545	0.276956
7546	0.276956
7547	0.276956
7548	0.276956
7549	0.276956
7550	0.276956
7551	0.276956
7552	0.276956
7553	0.276956
7554	0.276956
7555	0.276956
7556	0.276956
7557	0.276956
7558	0.276956
7559	0.276956
7560	0.276956
7561	0.276956
7562	0.276956
7563	0.276956
7564	0.276956
7565	0.276956
7566	0.276956
7567	0.276956
7568	0.276956
7569	0.276956
7570	0.276956
7571	0.276956
7572	0.276956
7573	0.276956
7574	0.276956
7575	0.276956
7576	0.276956
7577	0.276956
7578	0.276956
7579	0.276956
7580	0.276956
7581	0.276956
7582	0.276956
7583	0.276956
7584	0.276956
7585	0.276956
7586	0.276956
7587	0.276956
7588	0.276956
7589	0.276956
7590	0.276956
7591	0.276956
7592	-0.281794
7593	-0.281794
7594	-0.281794
7595	-0.281794
7596	-0.281794
7597	-0.281794
7598	-0.281794
7599	-0.281794
7600	-0.281794
7601	-0.281794
7602	-0.281794
7603	-0.281794
7604	-0.281794
7605	-0.281794
7606	-0.281794
7607	-0.281794
7608	-0.281794
7609	-0.281794
7610	-0.281794
7611	-0.281794
7612	-0.281794
7613	-0.281794
7614	-0.281794
7615	-0.281794
7616	-0.281794
7617	-0.281794
7618	-0.281794
7619	-0.281794
7620	-0.281794
7621	-0.281794
7622	-0.281794
7623	-0.281794
7624	-0.281794
7625	-0.281794
7626	-0.281794
7627	-0.281794
7628	-0.281794
7629	-0.281794
7630	-0.281794
7631	-0.281794
7632	-0.281794
7633	-0.281794
7634	-0.281794
7635	-0.281794
7636	-0.281794
7637	-0.281794
7638	-0.281794
7639	-0.281794
7640	-0.281794
7641	-0.281794
7642	-0.281794
7643	-0.281794
7644	-0.281794
7645	-0.281794
7646	-0.281794
7647	-0.281794
7648	-0.281794
7649	-0.281794
7650	-0.281794
7651	-0.281794
7652	-0.281794
7653	-0.281794
7654	-0.281794
7655	-0.281794
7656	-0.281794
7657	-0.281794
7658	-0.281794
7659	-0.281794
7660	-0.281794
7661	-0.281794
7662	-0.281794
7663	-0.281794
7664	-0.281794
7665	-0.281794
7666	-0.281794
7667	-0.281794
7668	-0.281794
7669	-0.281794
7670	-0.281794
7671	-0.281794
7672	-0.281794
7673	-0.281794
7674	-0.281794
7675	-0.281794
7676	-0.281794
7677	-0.281794
7678	-0.281794
7679	-0.281794
7680	-0.281794
7681	-0.281794
7682	-0.281794
7683	-0.281794
7684	-0.281794
7685	-0.281794
7686	-0.281794
7687	-0.281794
7688	-0.281794
7689	-0.281794
7690	-0.281794
7691	-0.281794
7692	-0.281794
7693	-0.281794
7694	-0.281794
7695	-0.281794
7696	-0.281794
7697	-0.281794
7698	-0.281794
7699	-0.281794
7700	-0.281794
7701	-0.281794
7702	-0.281794
7703	-0.281794
7704	-0.281794
7705	-0.281794
7706	-0.281794
7707	-0.281794
7708	-0.281794
7709	-0.281794
7710	-0.281794
7711	-0.281794
7712	-0.281794
7713	-0.281794
7714	-0.281794
7715	-0.281794
7716	-0.281794
7717	-0.281794
7718	-0.281794
7719	-0.281794
7720	-0.281794
7721	-0.281794
7722	-0.281794
7723	-0.281794
7724	-0.281794
7725	-0.281794
7726	-0.281794
7727	-0.281794
7728	-0.281794
7729	-0.281794
7730	-0.281794
7731	-0.281794
7732	-0.281794
7733	-0.281794
7734	-0.281794
7735	-0.281794
7736	-0.281794
7737	-0.281794
7738	-0.281794
7739	-0.281794
7740	-0.281794
7741	-0.281794
7742	-0.281794
7743	-0.281794
7744	-0.281794
7745	-0.281794
7746	-0.281794
7747	-0.281794
7748	-0.281794
7749	-0.281794
7750	-0.281794
7751	-0.281794
7752	-0.281794
7753	-0.281794
7754	-0.281794
7755	-0.281794
7756	-0.281794
7757	-0.281794
7758	-0.281794
7759	-0.281794
7760	-0.281794
7761	-0.281794
7762	-0.281794
7763	-0.281794
7764	-0.281794
7765	-0.281794
7766	-0.281794
7767	-0.281794
7768	-0.281794
7769	-0.281794
7770	-0.281794
7771	-0.281794
7772	-0.281794
7773	-0.281794
7774	-0.281794
7775	-0.281794
7776	-0.281794
7777	-0.281794
7778	-0.281794
7779	-0.281794
7780	-0.281794
7781	-0.281794
7782	-0.281794
7783	-0.281794
7784	-0.281794
7785	-0.281794
7786	-0.281794
7787	-0.281794
7788	-0.281794
7789	-0.281794
7790	-0.281794
7791	-0.281794
7792	-0.281794
7793	-0.281794
7794	-0.281794
7795	-0.281794
7796	-0.281794
7797	-0.281794
7798	-0.281794
7799	-0.281794
7800	-0.281794
7801	-0.281794
7802	-0.281794
7803	-0.281794
7804	-0.281794
7805	-0.281794
7806	-0.281794
7807	-0.281794
7808	-0.281794
7809	-0.281794
7810	-0.281794
7811	-0.281794
7812	-0.281794
7813	-0.281794
7814	-0.281794
7815	-0.281794
7816	-0.281794
7817	-0.281794
7818	-0.281794
7819	-0.281794
7820	-0.281794
7821	-0.281794
7822	-0.281794
7823	-0.281794
7824	-0.281794
7825	-0.281794
7826	-0.281794
7827	-0.281794
7828	-0.281794
7829	-0.281794
7830	-0.281794
7831	-0.281794
7832	-0.281794
7833	-0.281794
7834	-0.281794
7835	-0.281794
7836	-0.281794
7837	-0.281794
7838	-0.281794
7839	-0.281794
7840	-0.281794
7841	-0.281794
7842	-0.281794
7843	-0.281794
7844	-0.281794
7845	-0.281794
7846	-0.281794
7847	-0.281794
7848	-0.281794
7849	-0.281794
7850	-0.281794
7851	-0.281794
7852	-0.281794
7853	-0.281794
7854	-0.281794
7855	-0.281794
7856	-0.281794
7857	-0.281794
7858	-0.281794
7859	-0.281794
7860	-0.281794
7861	-0.281794
7862	-0.281794
7863	-0.281794
7864	-0.281794
7865	-0.281794
7866	-0.281794
7867	-0.281794
7868	-0.281794
7869	-0.281794
7870	-0.281794
7871	-0.281794
7872	-0.281794
7873	-0.281794
7874	-0.281794
7875	-0.281794
7876	-0.281794
7877	-0.281794
7878	-0.281794
7879	-0.281794
7880	-0.281794
7881	-0.281794
7882	-0.281794
7883	-0.281794
7884	-0.281794
7885	-0.281794
7886	-0.281794
7887	-0.281794
7888	-0.281794
7889	-0.281794
7890	-0.281794
7891	-0.281794
7892	-0.281794
7893	-0.281794
7894	-0.281794
7895	-0.281794
7896	-0.281794
7897	-0.281794
7898	-0.281794
7899	-0.281794
7900	-0.281794
7901	-0.281794
7902	-0.281794
7903	-0.281794
7904	-0.281794
7905	-0.281794
7906	-0.281794
7907	-0.281794
7908	-0.281794
7909	-0.281794
7910	-0.281794
7911	-0.281794
7912	-0.281794
7913	-0.281794
7914	-0.281794
7915	-0.281794
7916	-0.281794
7917	-0.281794
7918	-0.281794
7919	-0.281794
7920	-0.281794
7921	-0.281794
7922	-0.281794
7923	-0.281794
7924	-0.281794
7925	-0.281794
7926	-0.281794
7927	-0.281794
7928	-0.281794
7929	-0.281794
7930	-0.281794
7931	-0.281794
7932	-0.281794
7933	-0.281794
7934	-0.281794
7935	-0.281794
7936	-0.281794
7937	-0.281794
7938	-0.281794
7939	-0.281794
7940	-0.281794
7941	-0.281794
7942	-0.281794
7943	-0.281794
7944	-0.281794
7945	-0.281794
7946	-0.281794
7947	-0.281794
7948	-0.281794
7949	-0.281794
7950	-0.281794
7951	-0.281794
7952	-0.281794
7953	-0.281794
7954	-0.281794
7955	-0.281794
7956	-0.281794
7957	-0.281794
7958	-0.281794
7959	-0.281794
7960	-0.281794
7961	-0.281794
7962	-0.281794
7963	-0.281794
7964	-0.281794
7965	-0.281794
7966	-0.281794
7967	-0.281794
7968	-0.281794
7969	-0.281794
7970	-0.281794
7971	-0.281794
7972	-0.281794
7973	-0.281794
7974	-0.281794
7975	-0.281794
7976	-0.281794
7977	-0.281794
7978	-0.281794
7979	-0.281794
7980	-0.281794
7981	-0.281794
7982	-0.281794
7983	-0.281794
7984	-0.281794
7985	-0.281794
7986	-0.281794
7987	-0.281794
7988	-0.281794
7989	-0.281794
7990	-0.281794
7991	-0.281794
7992	-0.281794
7993	-0.281794
7994	-0.281794
7995	-0.281794
7996	-0.281794
7997	-0.281794
7998	-0.281794
7999	-0.281794
8000	-0.281794
8001	-0.281794
8002	-0.281794
8003	-0.281794
8004	-0.281794
8005	-0.281794
8006	-0.281794
8007	-0.281794
8008	-0.281794
8009	-0.281794
8010	-0.281794
8011	-0.281794
8012	-0.281794
8013	-0.281794
8014	-0.281794
8015	-0.281794
8016	-0.281794
8017	-0.281794
8018	-0.281794
8019	-0.281794
8020	-0.281794
8021	-0.281794
8022	-0.281794
8023	-0.281794
8024	-0.281794
8025	-0.281794
8026	-0.281794
8027	-0.281794
8028	-0.281794
8029	-0.281794
8030	-0.281794
8031	-0.281794
8032	-0.281794
8033	-0.281794
8034	-0.281794
8035	-0.281794
8036	-0.281794
8037	-0.281794
8038	-0.281794
8039	-0.281794
8040	-0.281794
8041	-0.281794
8042	-0.281794
8043	-0.281794
8044	-0.281794
8045	-0.281794
8046	-0.281794
8047	-0.281794
8048	-0.281794
8049	-0.281794
8050	-0.281794
8051	-0.281794
8052	-0.281794
8053	-0.281794
8054	-0.281794
8055	-0.281794
8056	-0.281794
8057	-0.281794
8058	-0.281794
8059	-0.281794
8060	-0.281794
8061	-0.281794
8062	-0.281794
8063	-0.281794
8064	-0.281794
8065	-0.281794
8066	-0.281794
8067	-0.281794
8068	-0.281794
8069	-0.281794
8070	-0.281794
8071	-0.281794
8072	-0.281794
8073	-0.281794
8074	-0.281794
8075	-0.281794
8076	-0.281794
8077	-0.281794
8078	-0.281794
8079	-0.281794
8080	-0.281794
8081	-0.281794
8082	-0.281794
8083	-0.281794
8084	-0.281794
8085	-0.278466
8086	-0.278466
8087	-0.278466
8088	-0.278466
8089	-0.278466
8090	-0.278466
8091	-0.278466
8092	-0.278466
8093	-0.278466
8094	-0.278466
8095	-0.278466
8096	-0.278466
8097	-0.278466
8098	-0.278466
8099	-0.278466
8100	-0.278466
8101	-0.278466
8102	-0.278466
8103	-0.278466
8104	-0.278466
8105	-0.278466
8106	-0.278466
8107	-0.278466
8108	-0.278466
8109	-0.278466
8110	-0.278466
8111	-0.278466
8112	-0.278466
8113	-0.278466
8114	-0.278466
8115	-0.278466
8116	-0.278466
8117	-0.278466
8118	-0.278466
8119	-0.278466
8120	-0.278466
8121	-0.278466
8122	-0.278466
8123	-0.278466
8124	-0.278466
8125	-0.278466
8126	-0.278466
8127	-0.278466
8128	-0.278466
8129	-0.278466
8130	-0.278466
8131	-0.278466
8132	-0.278466
8133	-0.278466
8134	-0.278466
8135	-0.278466
8136	-0.278466
8137	-0.278466
8138	-0.278466
8139	-0.278466
8140	-0.278466
8141	-0.278466
8142	-0.278466
8143	-0.278466
8144	-0.278466
8145	-0.278466
8146	-0.278466
8147	-0.278466
8148	-0.278466
8149	-0.278466
8150	-0.278466
8151	-0.278466
8152	-0.278466
8153	-0.278466
8154	-0.278466
8155	-0.278466
8156	-0.278466
8157	-0.278466
8158	-0.278466
8159	-0.278466
8160	-0.278466
8161	-0.278466
8162	-0.278466
8163	-0.278466
8164	-0.278466
8165	-0.278466
8166	-0.278466
8167	-0.278466
8168	-0.278466
8169	-0.278466
8170	-0.278466
8171	-0.278466
8172	-0.278466
8173	-0.278466
8174	-0.278466
8175	-0.278466
8176	-0.278466
8177	-0.278466
8178	-0.278466
8179	-0.278466
8180	-0.278466
8181	-0.278466
8182	-0.278466
8183	-0.278466
8184	-0.278466
8185	-0.278466
8186	-0.278466
8187	-0.278466
8188	-0.278466
8189	-0.278466
8190	-0.278466
8191	-0.278466
8192	-0.278466
8193	-0.278466
8194	-0.278466
8195	-0.278466
8196	-0.278466
8197	-0.278466
8198	-0.278466
8199	-0.278466
8200	-0.278466
8201	-0.278466
8202	-0.278466
8203	-0.278466
8204	-0.278466
8205	-0.278466
8206	-0.278466
8207	-0.278466
8208	-0.278466
8209	-0.278466
8210	-0.278466
8211	-0.278466
8212	-0.278466
8213	-0.278466
8214	-0.278466
8215	-0.278466
8216	-0.278466
8217	-0.278466
8218	-0.278466
8219	-0.278466
8220	-0.278466
8221	-0.278466
8222	-0.278466
8223	-0.278466
8224	-0.278466
8225	-0.278466
8226	-0.278466
8227	-0.278466
8228	-0.278466
8229	-0.278466
8230	-0.278466
8231	-0.278466
8232	-0.278466
8233	-0.278466
8234	-0.278466
8235	-0.278466
8236	-0.278466
8237	-0.278466
8238	-0.278466
8239	-0.278466
8240	-0.278466
8241	-0.278466
8242	-0.278466
8243	-0.278466
8244	-0.278466
8245	-0.278466
8246	-0.278466
8247	-0.278466
8248	-0.278466
8249	-0.278466
8250	-0.278466
8251	-0.278466
8252	-0.278466
8253	-0.278466
8254	-0.278466
8255	-0.278466
8256	-0.278466
8257	-0.278466
8258	-0.278466
8259	-0.278466
8260	-0.278466
8261	-0.278466
8262	-0.278466
8263	-0.278466
8264	-0.278466
8265	-0.278466
8266	-0.278466
8267	-0.278466
8268	-0.278466
8269	-0.278466
8270	-0.278466
8271	-0.278466
8272	-0.278466
8273	-0.278466
8274	0.270065
8275	0.270065
8276	0.270065
8277	0.270065
8278	0.270065
8279	0.270065
8280	0.270065
8281	0.270065
8282	0.270065
8283	0.270065
8284	0.270065
8285	0.270065
8286	0.270065
8287	0.270065
8288	0.268895
8289	0.268895
8290	0.268895
8291	0.268895
8292	0.268895
8293	0.268895
8294	0.268895
8295	0.268895
8296	0.268895
8297	0.268895
8298	0.268895
8299	0.268895
8300	0.268895
8301	0.268895
8302	0.268895
8303	0.268895
8304	0.268895
8305	0.268895
8306	0.268895
8307	0.268895
8308	0.268895
8309	0.268895
8310	0.268895
8311	0.268895
8312	0.268895
8313	0.268895
8314	0.268895
8315	0.268895
8316	0.268895
8317	0.268895
8318	0.268895
8319	0.268895
8320	0.268895
8321	0.268895
8322	0.268895
8323	0.268895
8324	0.268895
8325	0.268895
8326	0.268895
8327	0.268895
8328	0.268895
8329	0.268895
8330	0.268895
8331	0.268895
8332	0.268895
8333	0.268895
8334	0.268895
8335	0.268895
8336	0.268895
8337	0.268895
8338	0.268895
8339	0.268895
8340	0.268895
8341	0.268895
8342	0.268895
8343	0.268895
8344	0.268895
8345	0.268895
8346	0.268895
8347	0.268895
8348	0.268895
8349	0.268895
8350	0.268895
8351	0.268895
8352	0.268895
8353	0.268895
8354	0.268895
8355	0.268895
8356	0.268895
8357	0.268895
8358	0.268895
8359	0.268895
8360	0.268895
8361	0.268895
8362	0.268895
8363	0.268895
8364	0.268895
8365	0.268895
8366	0.268895
8367	0.268895
8368	0.268895
8369	0.268895
8370	0.268895
8371	0.268895
8372	0.268895
8373	0.268895
8374	0.268895
8375	0.268895
8376	0.268895
8377	0.268895
8378	0.268895
8379	0.268895
8380	0.268895
8381	0.268895
8382	0.268895
8383	0.268895
8384	0.268895
8385	0.268895
8386	0.268895
8387	0.268895
8388	0.268895
8389	0.268895
8390	0.268895
8391	0.268895
8392	0.268895
8393	0.268895
8394	0.268895
8395	0.268895
8396	0.268895
8397	0.268895
8398	0.268895
8399	0.268895
8400	0.268895
8401	0.268895
8402	0.268895
8403	0.268895
8404	0.268895
8405	0.268895
8406	0.268895
8407	0.268895
8408	0.268895
8409	0.268895
8410	0.268895
8411	0.268895
8412	0.268895
8413	0.268895
8414	0.268895
8415	0.268895
8416	0.268895
8417	0.268895
8418	0.268895
8419	0.268895
8420	0.268895
8421	0.268895
8422	0.268895
8423	0.268895
8424	0.268895
8425	0.268895
8426	0.268895
8427	0.268895
8428	0.268895
8429	0.268895
8430	0.268895
8431	0.268895
8432	0.268895
8433	0.268895
8434	0.268895
8435	0.268895
8436	0.268895
8437	0.268895
8438	0.268895
8439	0.268895
8440	0.268895
8441	0.268895
8442	0.268895
8443	0.268895
8444	0.268895
8445	0.268895
8446	0.268895
8447	0.268895
8448	0.268895
8449	0.268895
8450	0.268895
8451	0.268895
8452	0.268895
8453	0.268895
8454	0.268895
8455	0.268895
8456	0.268895
8457	0.268895
8458	0.268895
8459	0.268895
8460	0.268895
8461	0.268895
8462	0.268895
8463	0.268895
8464	0.268895
8465	0.268895
8466	0.268895
8467	0.268895
8468	0.268895
8469	0.268895
8470	0.268895
8471	0.268895
8472	0.268895
8473	0.268895
8474	0.268895
8475	0.268895
8476	0.268895
8477	0.268895
8478	0.268895
8479	0.268895
8480	0.268895
8481	0.268895
8482	0.268895
8483	0.268895
8484	0.268895
8485	0.268895
8486	0.268895
8487	0.268895
8488	0.268895
8489	0.268895
8490	0.268895
8491	0.268895
8492	0.268895
8493	0.268895
8494	0.268895
8495	0.268895
8496	0.268895
8497	0.268895
8498	0.268895
8499	0.268895
8500	0.268895
8501	0.268895
8502	0.268895
8503	0.268895
8504	0.268895
8505	-0.272385
8506	-0.272385
8507	-0.272385
8508	-0.272385
8509	-0.272385
8510	-0.272385
8511	-0.272385
8512	-0.272385
8513	-0.272385
8514	-0.272385
8515	-0.272385
8516	-0.272385
8517	-0.272385
8518	-0.272385
8519	-0.272385
8520	-0.272385
8521	-0.272385
8522	-0.272385
8523	-0.272385
8524	-0.272385
8525	-0.272385
8526	-0.272385
8527	-0.272385
8528	-0.272385
8529	-0.272385
8530	-0.272385
8531	-0.272385
8532	-0.272385
8533	-0.272385
8534	-0.272385
8535	-0.272385
8536	-0.272385
8537	-0.272385
8538	-0.272385
8539	-0.272385
8540	-0.272385
8541	-0.272385
8542	-0.272385
8543	-0.272385
8544	-0.272385
8545	-0.272385
8546	-0.272385
8547	-0.272385
8548	-0.272385
8549	-0.272385
8550	-0.272385
8551	-0.272385
8552	-0.272385
8553	-0.272385
8554	-0.272385
8555	-0.272385
8556	-0.272385
8557	-0.272385
8558	-0.272385
8559	-0.272385
8560	-0.272385
8561	-0.272385
8562	-0.272385
8563	-0.272385
8564	-0.272385
8565	-0.272385
8566	-0.272385
8567	-0.272385
8568	-0.272385
8569	-0.272385
8570	-0.272385
8571	-0.272385
8572	-0.272385
8573	-0.272385
8574	-0.272385
8575	-0.272385
8576	-0.272385
8577	-0.272385
8578	-0.272385
8579	-0.272385
8580	-0.272385
8581	-0.272385
8582	-0.272385
8583	-0.272385
8584	-0.272385
8585	-0.272385
8586	-0.272385
8587	-0.272385
8588	-0.272385
8589	-0.272385
8590	-0.272385
8591	-0.272385
8592	-0.272385
8593	-0.272385
8594	-0.272385
8595	-0.272385
8596	-0.272385
8597	-0.272385
8598	-0.272385
8599	-0.272385
8600	-0.272385
8601	-0.272385
8602	-0.272385
8603	-0.272385
8604	-0.272385
8605	-0.272385
8606	-0.272385
8607	-0.272385
8608	-0.272385
8609	-0.272385
8610	-0.272385
8611	-0.272385
8612	-0.272385
8613	-0.272385
8614	-0.272385
8615	-0.272385
8616	-0.272385
8617	-0.272385
8618	-0.272385
8619	-0.272385
8620	-0.272385
8621	-0.272385
8622	-0.272385
8623	-0.272385
8624	-0.272385
8625	-0.272385
8626	-0.272385
8627	-0.272385
8628	-0.272385
8629	-0.272385
8630	-0.272385
8631	-0.272385
8632	-0.272385
8633	-0.272385
8634	-0.272385
8635	-0.272385
8636	-0.272385
8637	-0.272385
8638	-0.272385
8639	-0.272385
8640	-0.272385
8641	-0.272385
8642	-0.272385
8643	-0.272385
8644	-0.272385
8645	-0.280053
8646	-0.280053
8647	-0.280053
8648	-0.280053
8649	-0.280053
8650	-0.280053
8651	-0.280053
8652	-0.280053
8653	-0.280053
8654	-0.280053
8655	-0.280053
8656	-0.280053
8657	-0.280053
8658	-0.280053
8659	-0.280053
8660	-0.280053
8661	-0.280053
8662	-0.280053
8663	-0.280053
8664	-0.280053
8665	-0.280053
8666	-0.280053
8667	-0.280053
8668	-0.280053
8669	-0.280053
8670	-0.280053
8671	-0.280053
8672	-0.280053
8673	-0.280053
8674	-0.280053
8675	-0.280053
8676	-0.280053
8677	-0.280053
8678	-0.280053
8679	-0.280053
8680	-0.280053
8681	-0.280053
8682	-0.280053
8683	-0.280053
8684	-0.280053
8685	-0.280053
8686	-0.280053
8687	-0.280053
8688	-0.280053
8689	-0.280053
8690	-0.280053
8691	-0.280053
8692	-0.280053
8693	-0.280053
8694	-0.280053
8695	-0.280053
8696	-0.280053
8697	-0.280053
8698	-0.280053
8699	-0.280053
8700	-0.280053
8701	-0.280053
8702	-0.280053
8703	-0.280053
8704	-0.280053
8705	-0.280053
8706	-0.280053
8707	-0.280053
8708	-0.280053
8709	-0.280053
8710	-0.280053
8711	-0.280053
8712	-0.280053
8713	-0.280053
8714	-0.280053
8715	-0.280053
8716	-0.280053
8717	-0.280053
8718	-0.280053
8719	-0.280053
8720	-0.280053
8721	-0.280053
8722	-0.280053
8723	-0.280053
8724	-0.280053
8725	-0.280053
8726	-0.280053
8727	-0.280053
8728	-0.280053
8729	-0.280053
8730	-0.280053
8731	-0.280053
8732	-0.280053
8733	-0.280053
8734	-0.280053
8735	-0.280053
8736	-0.280053
8737	-0.280053
8738	-0.280053
8739	-0.280053
8740	-0.280053
8741	-0.280053
8742	-0.280053
8743	-0.280053
8744	-0.280053
8745	-0.280053
8746	-0.280053
8747	-0.280053
8748	-0.280053
8749	-0.280053
8750	-0.280053
8751	-0.280053
8752	-0.280053
8753	-0.280053
8754	-0.280053
8755	-0.280053
8756	-0.280053
8757	-0.280053
8758	-0.280053
8759	-0.280053
8760	-0.280053
8761	-0.280053
8762	-0.280053
8763	-0.280053
8764	-0.280053
8765	-0.280053
8766	-0.280053
8767	-0.280053
8768	-0.280053
8769	-0.280053
8770	-0.280053
8771	-0.280053
8772	-0.280053
8773	-0.280053
8774	-0.280053
8775	-0.280053
8776	-0.280053
8777	-0.280053
8778	-0.280053
8779	-0.280053
8780	-0.280053
8781	-0.280053
8782	-0.280053
8783	-0.280053
8784	-0.280053
8785	-0.280053
8786	-0.280053
8787	-0.280053
8788	-0.280053
8789	-0.280053
8790	-0.280053
8791	-0.280053
8792	-0.280053
8793	-0.280053
8794	-0.280053
8795	-0.280053
8796	-0.280053
8797	-0.280053
8798	-0.280053
8799	-0.280053
8800	-0.280053
8801	-0.280053
8802	-0.280053
8803	-0.280053
8804	-0.280053
8805	-0.280053
8806	-0.280053
8807	-0.280053
8808	-0.280053
8809	-0.280053
8810	-0.280053
8811	-0.280053
8812	-0.280053
8813	-0.280053
8814	-0.280053
8815	-0.280053
8816	-0.280053
8817	-0.280053
8818	0.269413
8819	0.269413
8820	0.269413
8821	0.269413
8822	0.269413
8823	0.269413
8824	0.269413
8825	0.269413
8826	0.269413
8827	0.269413
8828	0.269413
8829	0.269413
8830	0.269413
8831	0.269413
8832	0.269413
8833	0.269413
8834	0.269413
8835	0.269413
8836	0.269413
8837	0.269413
8838	0.269413
8839	0.269413
8840	0.269413
8841	0.269413
8842	0.269413
8843	0.269413
8844	0.269413
8845	0.269413
8846	0.269413
8847	0.269413
8848	0.269413
8849	0.269413
8850	0.269413
8851	0.269413
8852	0.269413
8853	0.269413
8854	0.269413
8855	0.269413
8856	0.269413
8857	0.269413
8858	0.269413
8859	0.269413
8860	0.269413
8861	0.269413
8862	0.269413
8863	0.269413
8864	0.269413
8865	0.269413
8866	0.269413
8867	0.269413
8868	0.269413
8869	0.269413
8870	0.269413
8871	0.269413
8872	0.269413
8873	0.269413
8874	0.269413
8875	0.269413
8876	0.269413
8877	0.269413
8878	0.269413
8879	0.269413
8880	0.269413
8881	0.269413
8882	0.269413
8883	0.269413
8884	0.269413
8885	0.269413
8886	0.269413
8887	0.269413
8888	0.269413
8889	0.269413
8890	0.269413
8891	0.269413
8892	0.269413
8893	0.269413
8894	0.269413
8895	0.269413
8896	0.269413
8897	0.269413
8898	0.269413
8899	0.269413
8900	0.269413
8901	0.269413
8902	0.269413
8903	0.269413
8904	0.269413
8905	0.269413
8906	0.269413
8907	0.269413
8908	0.269413
8909	0.276352
8910	0.276352
8911	0.276352
8912	0.276352
8913	0.276352
8914	0.276352
8915	0.276352
8916	0.276352
8917	0.276352
8918	0.276352
8919	0.276352
8920	0.276352
8921	0.276352
8922	0.276352
8923	0.276352
8924	0.276352
8925	0.276352
8926	0.276352
8927	0.276352
8928	0.276352
8929	0.276352
8930	0.276352
8931	0.276352
8932	0.276352
8933	0.276352
8934	0.276352
8935	0.276352
8936	0.276352
8937	0.276352
8938	0.276352
8939	0.276352
8940	0.276352
8941	0.276352
8942	0.276352
8943	0.276352
8944	0.276352
8945	0.276352
8946	0.276352
8947	0.276352
8948	0.276352
8949	0.276352
8950	0.276352
8951	0.276352
8952	0.276352
8953	0.276352
8954	0.276352
8955	0.276352
8956	0.276352
8957	0.276352
8958	0.276352
8959	0.276352
8960	0.276352
8961	0.276352
8962	0.276352
8963	0.276352
8964	0.276352
8965	0.276352
8966	0.276352
8967	0.276352
8968	0.276352
8969	0.276352
8970	0.276352
8971	0.276352
8972	0.276352
8973	0.276352
8974	0.276352
8975	0.276352
8976	0.276352
8977	0.276352
8978	0.276352
8979	0.276352
8980	0.276352
8981	0.276352
8982	0.276352
8983	0.276352
8984	0.276352
8985	0.276352
8986	0.276352
8987	0.276352
8988	0.276352
8989	0.276352
8990	0.276352
8991	0.276352
8992	0.276352
8993	0.276352
8994	0.276352
8995	0.276352
8996	0.276352
8997	0.276352
8998	0.276352
8999	0.276352
9000	0.276352
9001	0.276352
9002	0.276352
9003	0.276352
9004	0.276352
9005	0.276352
9006	0.276352
9007	0.276352
9008	0.276352
9009	0.272076
9010	0.272076
9011	0.272076
9012	0.272076
9013	0.272076
9014	0.272076
9015	0.272076
9016	0.272076
9017	0.272076
9018	0.272076
9019	0.272076
9020	0.272076
9021	0.272076
9022	0.272076
9023	0.272076
9024	0.272076
9025	0.272076
9026	0.272076
9027	0.272076
9028	0.272076
9029	0.272076
9030	0.272076
9031	0.272076
9032	0.276207
9033	0.276207
9034	0.276207
9035	0.276207
9036	0.276207
9037	0.276207
9038	0.276207
9039	0.276207
9040	0.276207
9041	0.276207
9042	0.276207
9043	0.276207
9044	0.276207
9045	0.276207
9046	0.276207
9047	0.276207
9048	0.276207
9049	0.276207
9050	0.276207
9051	0.276207
9052	0.276207
9053	0.276207
9054	0.276207
9055	0.276207
9056	0.276207
9057	0.276207
9058	0.276207
9059	0.276207
9060	0.276207
9061	0.276207
9062	0.276207
9063	0.276207
9064	0.276207
9065	0.276207
9066	0.276207
9067	0.276207
9068	0.276207
9069	0.276207
9070	0.276207
9071	0.276207
9072	0.276207
9073	0.276207
9074	0.276207
9075	0.276207
9076	0.276207
9077	0.276207
9078	0.276207
9079	0.276207
9080	0.276207
9081	0.276207
9082	0.276207
9083	0.276207
9084	0.276207
9085	0.276207
9086	0.276207
9087	0.276207
9088	0.276207
9089	0.276207
9090	0.276207
9091	0.276207
9092	0.276207
9093	0.276207
9094	0.276207
9095	0.276207
9096	0.276207
9097	0.276207
9098	0.276207
9099	0.276207
9100	0.276207
9101	0.276207
9102	0.276207
9103	0.276207
9104	0.276207
9105	0.276207
9106	0.276207
9107	0.276207
9108	0.276207
9109	0.276207
9110	0.276207
9111	0.276207
9112	0.276207
9113	0.276207
9114	0.276207
9115	0.276207
9116	0.276207
9117	0.276207
9118	0.276207
9119	0.276207
9120	0.276207
9121	0.276207
9122	0.276207
9123	0.276207
9124	0.276207
9125	0.276207
9126	0.276207
9127	0.276207
9128	0.276207
9129	0.276207
9130	0.276207
9131	0.276207
9132	0.276207
9133	0.276207
9134	0.276207
9135	0.276207
9136	0.276207
9137	0.276207
9138	0.276207
9139	0.276207
9140	0.276207
9141	0.276207
9142	0.276207
9143	0.276207
9144	0.276207
9145	0.276207
9146	0.276207
9147	0.276207
9148	0.276207
9149	0.276207
9150	0.276207
9151	0.276207
9152	0.276207
9153	0.276207
9154	0.276207
9155	0.276207
9156	0.276207
9157	0.276207
9158	0.276207
9159	0.276207
9160	0.276207
9161	0.276207
9162	0.276207
9163	0.276207
9164	0.276207
9165	0.276207
9166	0.276207
9167	0.276207
9168	0.276207
9169	0.276207
9170	0.276207
9171	0.276207
9172	0.276207
9173	0.276207
9174	0.276207
9175	0.276207
9176	0.276207
9177	0.276207
9178	0.276207
9179	0.276207
9180	0.276207
9181	0.276207
9182	0.276207
9183	0.276207
9184	0.276207
9185	0.276207
9186	0.276207
9187	0.276207
9188	0.276207
9189	0.276207
9190	0.276207
9191	0.276207
9192	0.276207
9193	0.276207
9194	0.276207
9195	0.276207
9196	0.276207
9197	0.276207
9198	0.276207
9199	0.276207
9200	0.276207
9201	0.276207
9202	0.276207
9203	0.276207
9204	0.276207
9205	0.276207
9206	0.276207
9207	0.276207
9208	0.276207
9209	0.276207
9210	0.276207
9211	0.276207
9212	0.276207
9213	0.276207
9214	0.276207
9215	0.276207
9216	0.276207
9217	0.276207
9218	0.276207
9219	0.276207
9220	0.276207
9221	0.276207
9222	0.276207
9223	0.276207
9224	0.276207
9225	0.276207
9226	0.276207
9227	0.276207
9228	0.276207
9229	0.276207
9230	0.276207
9231	0.276207
9232	0.276207
9233	0.276207
9234	0.276207
9235	0.276207
9236	0.276207
9237	0.276207
9238	0.276207
9239	0.276207
9240	0.276207
9241	0.276207
9242	0.276207
9243	0.276207
9244	0.276207
9245	0.276207
9246	0.276207
9247	0.276207
9248	0.276207
9249	0.276207
9250	0.276207
9251	0.276207
9252	0.276207
9253	0.276207
9254	0.276207
9255	0.276207
9256	0.276207
9257	0.276207
9258	0.276207
9259	0.276207
9260	0.276207
9261	0.276207
9262	0.276207
9263	0.276207
9264	0.276207
9265	0.276207
9266	0.276207
9267	0.276207
9268	0.276207
9269	0.276207
9270	0.276207
9271	0.276207
9272	0.276207
9273	0.276207
9274	0.276207
9275	0.276207
9276	0.276207
9277	0.276207
9278	0.276207
9279	0.276207
9280	0.276207
9281	0.276207
9282	0.276207
9283	0.276207
9284	0.276207
9285	0.276207
9286	0.276207
9287	0.276207
9288	0.276207
9289	0.276207
9290	0.276207
9291	0.276207
9292	0.276207
9293	0.276207
9294	0.276207
9295	0.276207
9296	0.276207
9297	0.276207
9298	0.276207
9299	0.276207
9300	0.276207
9301	0.276207
9302	0.276207
9303	0.276207
9304	0.276207
9305	0.276207
9306	0.276207
9307	0.276207
9308	0.276207
9309	0.276207
9310	0.276207
9311	0.276207
9312	0.276207
9313	0.276207
9314	0.276207
9315	0.276207
9316	0.276207
9317	0.276207
9318	0.276207
9319	0.276207
9320	0.276207
9321	0.276207
9322	0.276207
9323	0.276207
9324	0.276207
9325	0.276207
9326	0.276207
9327	0.276207
9328	0.276207
9329	0.276207
9330	0.276207
9331	0.276207
9332	0.276207
9333	0.276207
9334	0.276207
9335	0.276207
9336	0.276207
9337	0.276207
9338	0.276207
9339	0.276207
9340	0.276207
9341	0.276207
9342	0.276207
9343	0.276207
9344	0.276207
9345	0.276207
9346	0.276207
9347	0.276207
9348	0.276207
9349	0.276207
9350	0.276207
9351	0.276207
9352	0.276207
9353	0.276207
9354	0.276207
9355	0.276207
9356	0.276207
9357	0.276207
9358	0.276207
9359	0.276207
9360	0.276207
9361	0.276207
9362	0.276207
9363	0.276207
9364	0.276207
9365	0.276207
9366	0.276207
9367	0.276207
9368	0.276207
9369	0.276207
9370	0.276207
9371	0.276207
9372	0.276207
9373	0.276207
9374	0.276207
9375	-0.276042
9376	-0.276042
9377	-0.276042
9378	-0.276042
9379	-0.276042
9380	-0.276042
9381	-0.276042
9382	-0.276042
9383	-0.276042
9384	-0.276042
9385	-0.276042
9386	-0.276042
9387	-0.276042
9388	-0.276042
9389	-0.276042
9390	-0.276042
9391	-0.276042
9392	-0.276042
9393	-0.276042
9394	-0.276042
9395	-0.276042
9396	-0.276042
9397	-0.276042
9398	-0.276042
9399	-0.276042
9400	-0.276042
9401	-0.276042
9402	-0.276042
9403	-0.276042
9404	-0.276042
9405	-0.276042
9406	-0.276042
9407	-0.276042
9408	-0.276042
9409	-0.276042
9410	-0.276042
9411	-0.276042
9412	-0.276042
9413	-0.276042
9414	-0.276042
9415	-0.276042
9416	-0.276042
9417	-0.276042
9418	-0.276042
9419	-0.276042
9420	-0.276042
9421	-0.276042
9422	-0.276042
9423	-0.276042
9424	-0.276042
9425	-0.276042
9426	-0.276042
9427	-0.276042
9428	-0.276042
9429	-0.276042
9430	-0.276042
9431	-0.276042
9432	-0.276042
9433	-0.276042
9434	-0.276042
9435	-0.276042
9436	-0.276042
9437	-0.276042
9438	-0.276042
9439	-0.276042
9440	-0.276042
9441	-0.276042
9442	-0.276042
9443	-0.276042
9444	-0.276042
9445	-0.276042
9446	-0.276042
9447	-0.276042
9448	-0.276042
9449	-0.276042
9450	-0.276042
9451	-0.276042
9452	-0.276042
9453	-0.276042
9454	-0.276042
9455	-0.276042
9456	-0.276042
9457	-0.276042
9458	-0.276042
9459	-0.276042
9460	-0.276042
9461	-0.276042
9462	-0.276042
9463	-0.276042
9464	-0.276042
9465	-0.276042
9466	-0.276042
9467	-0.276042
9468	-0.269885
9469	-0.269885
9470	-0.269885
9471	-0.269885
9472	-0.269885
9473	-0.269885
9474	-0.269885
9475	-0.269885
9476	-0.269885
9477	-0.269885
9478	-0.269885
9479	-0.269885
9480	-0.269885
9481	-0.269885
9482	-0.269885
9483	-0.269885
9484	-0.269885
9485	-0.269885
9486	-0.269885
9487	-0.269885
9488	-0.269885
9489	-0.269885
9490	-0.269885
9491	-0.269885
9492	-0.269885
9493	-0.269885
9494	-0.269885
9495	-0.269885
9496	-0.269885
9497	-0.269885
9498	-0.269885
9499	-0.269885
9500	-0.269885
9501	-0.269885
9502	-0.269885
9503	-0.269885
9504	-0.269885
9505	-0.269885
9506	-0.269885
9507	-0.269885
9508	-0.269885
9509	-0.269885
9510	-0.269885
9511	-0.269885
9512	-0.269885
9513	-0.269885
9514	-0.269885
9515	-0.269885
9516	-0.269885
9517	-0.269885
9518	-0.269885
9519	-0.269885
9520	-0.269885
9521	-0.269885
9522	-0.269885
9523	-0.269885
9524	-0.269885
9525	-0.269885
9526	-0.269885
9527	-0.269885
9528	-0.269885
9529	-0.269885
9530	-0.269885
9531	-0.269885
9532	-0.269885
9533	-0.269885
9534	-0.269885
9535	-0.269885
9536	-0.269885
9537	-0.269885
9538	-0.269885
9539	-0.269885
9540	-0.269885
9541	-0.269885
9542	-0.269885
9543	-0.269885
9544	-0.269885
9545	-0.269885
9546	-0.269885
9547	-0.269885
9548	-0.269885
9549	-0.269885
9550	-0.269885
9551	-0.269885
9552	-0.269885
9553	-0.269885
9554	-0.269885
9555	-0.269885
9556	-0.269885
9557	-0.269885
9558	-0.269885
9559	-0.269885
9560	-0.269885
9561	-0.269885
9562	-0.269885
9563	-0.269885
9564	-0.269885
9565	-0.269885
9566	-0.269885
9567	-0.269885
9568	-0.272788
9569	-0.272788
9570	-0.272788
9571	-0.272788
9572	-0.272788
9573	-0.272788
9574	-0.272788
9575	-0.272788
9576	-0.272788
9577	-0.272788
9578	-0.272788
9579	-0.272788
9580	-0.272788
9581	-0.272788
9582	-0.272788
9583	-0.272788
9584	-0.272788
9585	-0.272788
9586	-0.272788
9587	-0.272788
9588	-0.272788
9589	-0.272788
9590	-0.272788
9591	-0.272788
9592	-0.272788
9593	-0.272788
9594	-0.272788
9595	-0.272788
9596	-0.272788
9597	-0.272788
9598	-0.272788
9599	-0.272788
9600	-0.272788
9601	-0.272788
9602	-0.272788
9603	-0.272788
9604	-0.272788
9605	-0.272788
9606	-0.272788
9607	-0.272788
9608	-0.272788
9609	-0.272788
9610	-0.272788
9611	-0.272788
9612	-0.272788
9613	-0.272788
9614	-0.272788
9615	-0.272788
9616	-0.272788
9617	-0.272788
9618	-0.272788
9619	-0.272788
9620	-0.272788
9621	-0.272788
9622	-0.272788
9623	-0.272788
9624	-0.272788
9625	-0.272788
9626	-0.272788
9627	-0.272788
9628	-0.272788
9629	-0.272788
9630	-0.272788
9631	-0.272788
9632	-0.272788
9633	-0.272788
9634	-0.272788
9635	-0.272788
9636	-0.272788
9637	-0.272788
9638	-0.272788
9639	-0.272788
9640	-0.272788
9641	-0.272788
9642	-0.272788
9643	-0.272788
9644	-0.272788
9645	-0.272788
9646	-0.272788
9647	-0.272788
9648	-0.272788
9649	-0.272788
9650	-0.272788
9651	-0.272788
9652	-0.272788
9653	-0.272788
9654	-0.272788
9655	-0.272788
9656	-0.272788
9657	-0.272788
9658	-0.272788
9659	-0.272788
9660	-0.272788
9661	-0.272788
9662	-0.272788
9663	-0.272788
9664	-0.272788
9665	-0.272788
9666	-0.272788
9667	-0.272788
9668	-0.272788
9669	-0.272788
9670	-0.272788
9671	-0.272788
9672	-0.272788
9673	-0.272788
9674	-0.272788
9675	-0.272788
9676	-0.272788
9677	-0.272788
9678	-0.272788
9679	-0.272788
9680	-0.272788
9681	-0.272788
9682	-0.272788
9683	-0.272788
9684	-0.272788
9685	-0.272788
9686	-0.272788
9687	-0.272788
9688	-0.272788
9689	-0.272788
9690	-0.272788
9691	-0.272788
9692	-0.272788
9693	-0.272788
9694	-0.272788
9695	-0.272788
9696	-0.272788
9697	-0.272788
9698	-0.272788
9699	-0.272788
9700	-0.272788
9701	-0.272788
9702	-0.272788
9703	-0.272788
9704	-0.272788
9705	-0.272788
9706	-0.272788
9707	-0.272788
9708	-0.272788
9709	-0.272788
9710	-0.272788
9711	-0.272788
9712	-0.272788
9713	-0.272788
9714	-0.272788
9715	-0.272788
9716	-0.272788
9717	-0.272788
9718	-0.272788
9719	-0.272788
9720	-0.272788
9721	-0.272788
9722	-0.272788
9723	-0.272788
9724	-0.272788
9725	-0.272788
9726	-0.272788
9727	-0.272788
9728	-0.272788
9729	-0.272788
9730	-0.272788
9731	-0.272788
9732	-0.272788
9733	-0.272788
9734	-0.272788
9735	-0.272788
9736	-0.272788
9737	-0.272788
9738	-0.272788
9739	-0.272788
9740	-0.272788
9741	-0.272788
9742	-0.272788
9743	-0.272788
9744	-0.272788
9745	-0.272788
9746	-0.272788
9747	-0.272788
9748	-0.272788
9749	-0.272788
9750	-0.272788
9751	-0.272788
9752	-0.272788
9753	-0.272788
9754	-0.272788
9755	-0.272788
9756	-0.272788
9757	-0.272788
9758	-0.272788
9759	-0.272788
9760	-0.272788
9761	-0.272788
9762	-0.272788
9763	-0.272788
9764	-0.272788
9765	-0.272788
9766	-0.272788
9767	-0.272788
9768	-0.272788
9769	-0.272788
9770	-0.272788
9771	-0.272788
9772	-0.272788
9773	-0.272788
9774	-0.272788
9775	-0.272788
9776	-0.272788
9777	-0.272788
9778	-0.272788
9779	-0.272788
9780	-0.272788
9781	-0.272788
9782	-0.272788
9783	-0.272788
9784	-0.272788
9785	-0.272788
9786	-0.272788
9787	-0.272788
9788	-0.272788
9789	-0.272788
9790	-0.272788
9791	-0.272788
9792	-0.272788
9793	-0.272788
9794	-0.272788
9795	-0.272788
9796	-0.272788
9797	-0.272788
9798	-0.272788
9799	-0.272788
9800	-0.272788
9801	-0.272788
9802	-0.272788
9803	-0.272788
9804	-0.272788
9805	-0.272788
9806	-0.272788
9807	-0.272788
9808	-0.272788
9809	-0.272788
9810	-0.272788
9811	-0.272788
9812	-0.272788
9813	-0.272788
9814	-0.272788
9815	-0.272788
9816	-0.272788
9817	-0.272788
9818	-0.272788
9819	-0.272788
9820	-0.272788
9821	-0.272788
9822	-0.272788
9823	-0.272788
9824	-0.272788
9825	-0.272788
9826	-0.272788
9827	-0.272788
9828	-0.272788
9829	-0.272788
9830	-0.272788
9831	-0.272788
9832	-0.272788
9833	-0.272788
9834	-0.272788
9835	-0.272788
9836	-0.272788
9837	-0.272788
9838	-0.272788
9839	-0.272788
9840	-0.272788
9841	-0.272788
9842	-0.272788
9843	-0.272788
9844	-0.272788
9845	-0.272788
9846	-0.272788
9847	-0.272788
9848	-0.272788
9849	-0.272788
9850	-0.272788
9851	-0.272788
9852	-0.272788
9853	-0.272788
9854	-0.272788
9855	-0.272788
9856	-0.272788
9857	-0.272788
9858	-0.272788
9859	-0.272788
9860	-0.272788
9861	-0.272788
9862	-0.272788
9863	-0.272788
9864	-0.272788
9865	-0.272788
9866	-0.272788
9867	-0.272788
9868	-0.272788
9869	-0.272788
9870	-0.272788
9871	-0.272788
9872	-0.272788
9873	-0.272788
9874	-0.272788
9875	-0.272788
9876	-0.272788
9877	-0.272788
9878	-0.272788
9879	-0.272788
9880	-0.272788
9881	-0.272788
9882	-0.272788
9883	-0.272788
9884	-0.272788
9885	-0.272788
9886	-0.272788
9887	-0.272788
9888	-0.272788
9889	-0.272788
9890	-0.272788
9891	-0.272788
9892	-0.272788
9893	-0.272788
9894	-0.272788
9895	-0.272788
9896	-0.272788
9897	-0.272788
9898	-0.272788
9899	-0.272788
9900	-0.272788
9901	-0.272788
9902	-0.272788
9903	-0.272788
9904	-0.272788
9905	-0.272788
9906	-0.272788
9907	-0.272788
9908	-0.272788
9909	-0.272788
9910	-0.272788
9911	-0.272788
9912	-0.272788
9913	-0.272788
9914	-0.272788
9915	-0.272788
9916	-0.272788
9917	-0.272788
9918	-0.272788
9919	-0.272788
9920	-0.272788
9921	-0.272788
9922	-0.272788
9923	-0.272788
9924	-0.272788
9925	-0.272788
9926	-0.272788
9927	-0.272788
9928	-0.272788
9929	-0.272788
9930	-0.272788
9931	-0.272788
9932	-0.272788
9933	-0.272788
9934	-0.272788
9935	-0.272788
9936	-0.272788
9937	-0.272788
9938	-0.272788
9939	-0.272788
9940	-0.272788
9941	-0.272788
9942	-0.272788
9943	-0.272788
9944	-0.272788
9945	-0.272788
9946	-0.272788
9947	-0.272788
9948	-0.272788
9949	-0.272788
9950	-0.272788
9951	-0.272788
9952	-0.272788
9953	-0.272788
9954	-0.272788
9955	-0.272788
9956	-0.272788
9957	-0.272788
9958	-0.272788
9959	-0.272788
9960	-0.272788
9961	-0.272788
9962	-0.272788
9963	-0.272788
9964	-0.272788
9965	-0.272788
9966	-0.272788
9967	-0.272788
9968	-0.272788
9969	-0.272788
9970	-0.272788
9971	-0.272788
9972	-0.272788
9973	-0.272788
9974	-0.272788
9975	-0.272788
9976	-0.272788
9977	-0.272788
9978	-0.272788
9979	-0.272788
9980	-0.272788
9981	-0.272788
9982	-0.272788
9983	-0.272788
9984	-0.272788
9985	-0.272788
9986	-0.272788
9987	-0.272788
9988	-0.272788
9989	-0.272788
9990	-0.272788
9991	-0.272788
9992	-0.272788
9993	-0.272788
9994	-0.272788
9995	-0.272788
9996	-0.272788
9997	-0.272788
9998	-0.272788
9999	-0.272788
