step	x
1	1.21172
2	-0.857666
3	0.438807
4	0.404771
5	-0.680787
6	-0.0871634
7	-0.0871634
8	0.737948
9	0.737948
10	1.4247
11	-0.637289
12	-0.637289
13	1.00487
14	-0.735889
15	0.784383
16	1.00067
17	1.00067
18	-0.56823
19	-0.56823
20	-0.56823
21	-0.56823
22	-0.421006
23	-0.463306
24	-0.463306
25	-1.41318
26	-1.41318
27	-1.41318
28	-0.152684
29	-1.7662
30	0.567194
31	-1.01861
32	-0.578688
33	0.241531
34	0.241531
35	0.241531
36	0.910824
37	2.06916
38	2.1056
39	1.74214
40	1.74214
41	1.74214
42	1.74214
43	1.49446
44	1.49446
45	2.15359
46	2.50011
47	2.50011
48	0.586395
49	0.586395
50	0.586395
51	1.64167
52	1.64167
53	-0.523672
54	-0.523672
55	-0.523672
56	0.273341
57	-0.112926
58	-0.112926
59	-2.00245
60	-2.00245
61	-2.00245
62	0.518058
63	-0.479654
64	0.369222
65	0.369222
66	0.369222
67	-1.4429
68	-1.9966
69	-0.971531
70	-0.971531
71	0.0104708
72	0.0104708
73	-1.70988
74	-0.430784
75	-0.430784
76	-0.430784
77	-0.430784
78	0.706309
79	0.706309
80	-1.59531
81	-1.59531
82	-1.59531
83	-1.60034
84	-1.60034
85	-0.57575
86	-0.57575
87	-0.57575
88	-1.30749
89	-0.801385
90	-2.50804
91	-2.50804
92	-1.84197
93	-1.27324
94	-1.27324
95	-0.458799
96	-0.458799
97	-0.458799
98	1.31527
99	1.31527
100	1.31527
101	1.08641
102	1.08641
103	1.08641
104	-0.210038
105	-0.210038
106	0.595351
107	-0.0468768
108	-1.17853
109	-1.17853
110	1.32306
111	1.32306
112	-0.549214
113	-0.549214
114	-1.78163
115	-1.78163
116	-1.78163
117	-1.78163
118	-1.78163
119	0.0958931
120	0.0958931
121	-0.306386
122	-0.306386
123	0.609373
124	-2.04851
125	0.410137
126	-0.460148
127	0.399645
128	-0.781654
129	-0.781654
130	-0.781654
131	-0.549572
132	0.0341519
133	1.75524
134	-0.860539
135	1.04213
136	-1.35076
137	-0.915471
138	-0.0441441
139	0.763237
140	0.763237
141	1.3753
142	-0.436384
143	-0.0996738
144	1.59608
145	1.59608
146	1.33962
147	0.100421
148	0.100421
149	0.100421
150	0.100421
151	-1.00664
152	-2.47844
153	-1.95372
154	-1.95372
155	-1.95372
156	-1.1858
157	-0.81326
158	0.145067
159	0.145067
160	0.145067
161	0.145067
162	0.145067
163	-0.449018
164	-0.449018
165	-0.449018
166	1.27199
167	1.73713
168	1.73713
169	1.73713
170	1.73713
171	1.03635
172	1.03635
173	1.98263
174	1.98263
175	-0.28607
176	-0.785597
177	-0.785597
178	-0.785597
179	-0.522992
180	1.05576
181	1.05576
182	0.739923
183	0.739923
184	0.739923
185	-1.12683
186	-1.12683
187	-1.12683
188	-1.12683
189	-1.12683
190	-1.12683
191	-1.12683
192	-1.12683
193	-1.12683
194	0.230382
195	0.230382
196	-1.86611
197	-1.86611
198	-0.300459
199	-0.300459
200	-0.300459
201	-0.300459
202	-0.300459
203	0.622503
204	1.72607
205	-0.283932
206	-0.283932
207	-0.295589
208	-0.295589
209	0.212778
210	0.516743
211	0.204135
212	2.38866
213	2.38866
214	2.38866
215	2.38866
216	0.786929
217	0.460681
218	0.961014
219	0.961014
220	0.309267
221	1.97328
222	-0.261974
223	-0.261974
224	-0.261974
225	-1.59666
226	-1.19736
227	-0.49288
228	0.476236
229	-0.414153
230	-0.414153
231	-0.414153
232	-0.0668276
233	-0.0668276
234	-0.0668276
235	-0.0668276
236	-0.0668276
237	-1.23564
238	-1.23564
239	0.866783
240	0.893126
241	0.893126
242	-1.23898
243	-1.23898
244	-1.23898
245	-1.23898
246	-1.34963
247	-0.572313
248	0.775952
249	0.0213292
250	-0.800615
251	1.30811
252	1.30811
253	-0.386779
254	0.891724
255	-1.52873
256	0.787848
257	0.246912
258	0.246912
259	-0.214153
260	-0.214153
261	0.349692
262	-2.20799
263	-2.33408
264	-1.65653
265	-1.222
266	-1.21409
267	1.08119
268	1.08119
269	1.65793
270	1.65793
271	-0.244295
272	1.85442
273	0.753325
274	0.753325
275	1.79482
276	1.79482
277	0.0499688
278	1.2678
279	1.60563
280	1.3915
281	0.38176
282	1.17161
283	1.17161
284	-1.01693
285	-1.01693
286	0.404647
287	1.23301
288	1.23301
289	-0.10072
290	-0.10072
291	-0.633461
292	0.205888
293	-0.846116
294	-0.846116
295	-0.0102873
296	-0.0102873
297	-0.0102873
298	0.944447
299	0.944447
300	-0.0913267
301	-0.0913267
302	-0.0913267
303	-0.446838
304	-2.02608
305	-1.86721
306	-1.86721
307	-1.86721
308	-1.5865
309	0.563638
310	-0.11647
311	-0.11647
312	2.20377
313	2.24163
314	1.72707
315	1.76124
316	0.451517
317	0.260017
318	0.0414185
319	2.52374
320	2.52374
321	0.44195
322	-0.302478
323	-0.302478
324	-0.302478
325	-1.25792
326	-0.0488881
327	-0.0488881
328	-0.0488881
329	-0.0488881
330	0.232709
331	0.795715
332	0.795715
333	0.795715
334	0.556559
335	0.556559
336	1.73389
337	-0.528899
338	1.22139
339	1.22139
340	0.409141
341	1.09314
342	-1.13583
343	-0.651062
344	-0.928534
345	0.770826
346	0.549015
347	-0.797031
348	-0.644244
349	-0.644244
350	-0.644244
351	0.863291
352	-0.549632
353	-0.549632
354	-0.100921
355	-1.85531
356	0.413878
357	0.413878
358	1.09161
359	1.20518
360	2.06007
361	2.06007
362	2.06007
363	-0.52647
364	-0.52647
365	0.428685
366	0.428685
367	-0.322505
368	-1.56101
369	0.188871
370	0.512602
371	-1.37685
372	0.908747
373	0.908747
374	0.73471
375	0.73471
376	0.73471
377	0.73471
378	0.73471
379	0.313094
380	0.239328
381	1.19793
382	1.19793
383	1.19793
384	1.19793
385	1.19532
386	-0.91992
387	-0.91992
388	0.984867
389	1.20101
390	-0.222678
391	1.50001
392	1.50001
393	0.981547
394	-0.0671363
395	-0.0671363
396	-0.305561
397	1.23118
398	-0.95075
399	0.47097
400	-0.474237
401	-0.725593
402	1.5219
403	-0.470932
404	1.6269
405	1.6269
406	1.6269
407	-0.130879
408	1.20168
409	-0.365344
410	-0.365344
411	-0.365344
412	0.561771
413	0.561771
414	1.49778
415	1.49778
416	1.49778
417	1.49778
418	1.49778
419	1.22498
420	-0.471882
421	2.20976
422	1.43895
423	1.43895
424	1.43895
425	1.43895
426	1.67321
427	-0.910833
428	0.0593177
429	2.17132
430	2.17132
431	2.17132
432	0.628805
433	1.23176
434	-0.449722
435	-0.232123
436	-0.232123
437	-0.232123
438	-2.10717
439	-0.556567
440	-0.556567
441	-0.556567
442	0.422637
443	0.822445
444	0.707678
445	0.707678
446	0.707678
447	0.707678
448	0.707678
449	-0.0359672
450	1.43658
451	-0.164404
452	-0.749602
453	-0.282915
454	-1.5438
455	-0.229456
456	-0.229456
457	-0.229456
458	-0.985265
459	1.5317
460	1.22592
461	-0.510183
462	1.76928
463	0.722419
464	0.722419
465	-0.645823
466	-1.65911
467	-0.942613
468	-0.942613
469	-1.56134
470	1.03245
471	1.03245
472	1.03245
473	2.98101
474	2.98101
475	2.58734
476	2.58734
477	1.83182
478	1.83182
479	-0.904884
480	0.407157
481	1.46141
482	1.46141
483	-1.08389
484	0.551316
485	0.551316
486	0.115614
487	1.84112
488	1.55608
489	0.542614
490	1.23372
491	-1.44449
492	-1.40655
493	-0.858147
494	0.847977
495	0.0377129
496	0.0377129
497	1.02303
498	1.02303
499	-0.326335
500	-0.326335
501	-0.326335
502	0.943926
503	0.171687
504	0.171687
505	0.171687
506	1.70268
507	1.70268
508	-0.644319
509	-0.644319
510	-0.644319
511	1.9891
512	1.9891
513	1.38121
514	-0.487897
515	-0.487897
516	-0.487897
517	-1.62142
518	-1.27585
519	-1.27585
520	-0.733016
521	-0.733016
522	-0.733016
523	-0.733016
524	-0.733016
525	-0.387861
526	0.0886303
527	-0.397671
528	1.34381
529	-1.37912
530	-1.37912
531	-1.37912
532	-1.37912
533	-1.60378
534	-1.60378
535	-1.5234
536	0.823383
537	0.171286
538	-0.368621
539	0.311363
540	-0.0836782
541	1.16074
542	-1.06128
543	-1.31473
544	-1.31473
545	0.0527803
546	-1.59314
547	-2.04854
548	-2.47095
549	-1.20347
550	-1.20347
551	0.929779
552	0.929779
553	0.856822
554	1.65648
555	1.65648
556	1.74204
557	0.700056
558	-0.84311
559	-0.84311
560	0.175746
561	0.175746
562	-1.11764
563	-1.11764
564	1.39726
565	-0.915248
566	-0.915248
567	-0.842539
568	0.670077
569	0.260082
570	-1.37228
571	-1.37228
572	0.924511
573	0.924511
574	1.01884
575	-0.636058
576	1.30935
577	0.767054
578	0.287663
579	-2.22998
580	-2.22998
581	-2.22998
582	-0.764211
583	1.14638
584	-0.761514
585	-0.761514
586	1.2588
587	-0.57422
588	-0.57422
589	0.391448
590	0.391448
591	-0.661252
592	0.586417
593	-0.927782
594	-0.927782
595	1.53237
596	1.53237
597	1.5127
598	1.5127
599	1.5127
600	1.5127
601	-0.691497
602	-0.691497
603	0.0245982
604	0.0245982
605	0.0245982
606	-1.11629
607	-0.226171
608	-0.226171
609	0.0503046
610	0.0503046
611	0.0503046
612	0.0503046
613	0.0503046
614	0.0503046
615	0.0503046
616	0.0503046
617	-0.339702
618	0.423067
619	0.423067
620	1.94394
621	1.26612
622	1.26612
623	0.305416
624	0.381803
625	1.51383
626	1.51383
627	-0.0303248
628	-0.0303248
629	-0.0303248
630	2.27557
631	2.27557
632	2.27557
633	0.682203
634	2.06417
635	2.06417
636	0.898261
637	0.898261
638	1.50878
639	-0.688802
640	-1.0229
641	0.0580332
642	1.37821
643	0.986451
644	0.839413
645	-0.0422324
646	-1.48177
647	0.324054
648	-0.132823
649	-0.132823
650	-0.132823
651	1.72699
652	0.0668649
653	1.77449
654	0.924374
655	0.924374
656	-1.1915
657	-0.00287428
658	2.06742
659	1.68052
660	-0.0815639
661	-0.899048
662	1.23992
663	0.590915
664	1.08333
665	-0.177802
666	-1.6631
667	-1.6631
668	-1.6631
669	-1.19233
670	1.095
671	-0.451122
672	-0.272283
673	-0.272283
674	-0.272283
675	0.186741
676	-0.867455
677	-0.735922
678	1.29099
679	-1.43561
680	-1.23562
681	-1.23562
682	0.10828
683	-1.6331
684	-1.6331
685	-1.6331
686	-1.6331
687	0.678397
688	0.489329
689	0.489329
690	0.489329
691	-0.0527459
692	1.62628
693	0.156449
694	0.156449
695	-1.69562
696	-2.14224
697	-0.213976
698	-0.213976
699	-0.213976
700	1.98743
701	-0.725843
702	0.267802
703	-0.823611
704	-0.823611
705	-0.823611
706	-2.12917
707	0.298216
708	1.33855
709	1.33855
710	1.33855
711	-0.369677
712	-0.369677
713	-0.725879
714	0.913204
715	-0.823453
716	0.0669021
717	0.0669021
718	-0.991222
719	-1.12352
720	-1.12352
721	1.04091
722	-0.81231
723	-0.81231
724	-0.81231
725	-0.101023
726	-0.101023
727	-0.101023
728	0.295072
729	-0.0806542
730	-0.47678
731	0.669988
732	1.62132
733	1.60774
734	1.60774
735	1.60774
736	1.60774
737	1.60774
738	1.60774
739	0.961954
740	-0.732109
741	1.81717
742	0.72575
743	0.173645
744	0.922842
745	0.922842
746	-1.74127
747	-0.752209
748	-0.752209
749	-0.752209
750	-0.467975
751	-0.467975
752	-0.467975
753	-1.6763
754	-1.6763
755	-1.6763
756	-1.6763
757	0.453685
758	0.453685
759	1.78451
760	1.78451
761	1.78451
762	0.407171
763	0.407171
764	1.63018
765	0.041279
766	1.61671
767	1.61671
768	1.61671
769	1.61671
770	1.61671
771	-0.908605
772	-0.908605
773	-0.908605
774	0.87368
775	0.87368
776	-0.883588
777	-0.883588
778	-0.883588
779	-0.883588
780	1.01358
781	1.01358
782	1.05188
783	-0.69114
784	-0.69114
785	-0.69114
786	-0.69114
787	-1.86383
788	-1.86383
789	-1.86383
790	-0.940775
791	-0.940775
792	-0.940775
793	0.177703
794	0.177703
795	-2.41367
796	-2.03563
797	-1.48622
798	-1.48622
799	-0.304106
800	0.419464
801	1.20258
802	1.20258
803	1.20258
804	1.20258
805	2.06745
806	0.394516
807	0.394516
808	0.394516
809	0.394516
810	-1.07584
811	-2.16979
812	-2.22336
813	0.140566
814	0.140566
815	0.34206
816	0.34206
817	0.34206
818	0.34206
819	-0.927281
820	1.31282
821	0.110177
822	0.110177
823	1.13441
824	1.13441
825	1.13441
826	-1.21696
827	-1.18599
828	0.393658
829	0.156585
830	-1.04247
831	0.735376
832	-1.80478
833	-0.0149983
834	-0.0149983
835	-1.42177
836	-1.87544
837	-2.4957
838	-2.49258
839	-0.885259
840	-0.885259
841	-0.885259
842	-0.885259
843	-0.960747
844	0.16457
845	1.19794
846	1.19794
847	-0.540272
848	-1.82814
849	0.275881
850	0.275881
851	-0.758555
852	0.701198
853	0.79549
854	0.0477941
855	-0.296006
856	-0.296006
857	-0.296006
858	0.409741
859	-0.785244
860	-1.11864
861	-1.35685
862	0.169618
863	0.169618
864	-0.894009
865	-0.894009
866	-0.894009
867	0.341055
868	0.0511285
869	0.48694
870	2.03887
871	0.758884
872	0.758884
873	1.94097
874	1.94097
875	0.179312
876	-0.241884
877	-0.241884
878	1.05399
879	1.05399
880	1.05399
881	-1.5588
882	-1.5588
883	0.187053
884	0.450032
885	0.450032
886	0.450032
887	-1.09951
888	-0.475677
889	-0.0955976
890	-0.706592
891	-0.706592
892	-0.706592
893	-0.706592
894	-0.0092489
895	-0.0092489
896	0.483546
897	0.556779
898	0.556779
899	0.209776
900	0.209776
901	-1.37417
902	-1.37417
903	-1.72192
904	-1.72192
905	-1.72192
906	0.357873
907	-0.822695
908	-0.665432
909	-0.665432
910	-0.665432
911	-0.412252
912	0.765634
913	0.100991
914	-1.60979
915	-1.60979
916	-0.411962
917	1.87973
918	1.87973
919	0.686091
920	-0.553709
921	1.45442
922	-0.626942
923	-0.991234
924	0.73272
925	0.73272
926	-0.78246
927	1.49275
928	1.41821
929	2.02302
930	0.199839
931	0.840236
932	0.840236
933	0.840236
934	0.840236
935	0.405996
936	-0.989198
937	-0.819842
938	-0.819842
939	-0.819842
940	-0.819842
941	1.68664
942	1.20193
943	1.39879
944	0.799452
945	1.62963
946	-0.506118
947	2.13462
948	2.13462
949	2.13462
950	0.226341
951	0.226341
952	0.226341
953	0.226341
954	0.226341
955	0.226341
956	0.226341
957	1.01359
958	-0.643783
959	-0.643783
960	-0.643783
961	1.68733
962	1.68733
963	-0.043006
964	-1.89842
965	-1.89842
966	0.789995
967	0.789995
968	0.298593
969	0.298593
970	0.418321
971	0.418321
972	1.77997
973	-0.249295
974	-0.663576
975	0.100346
976	0.5902
977	0.90245
978	0.90245
979	-0.129285
980	2.178
981	2.178
982	0.497793
983	0.497793
984	0.497793
985	1.79955
986	1.42194
987	1.42194
988	1.42194
989	1.56718
990	1.56718
991	2.13455
992	2.13455
993	1.17177
994	1.17177
995	-1.16355
996	0.715463
997	0.228151
998	0.696288
999	-1.59749
1000	0.469221
1001	0.469221
1002	-0.484435
1003	-1.19588
1004	-1.23941
1005	0.637888
1006	0.637888
1007	0.637888
1008	-1.00227
1009	0.660599
1010	0.660599
1011	0.660599
1012	0.0758095
1013	0.0758095
1014	0.512946
1015	0.0830395
1016	0.535501
1017	0.0259472
1018	-1.81238
1019	-1.81238
1020	-0.153532
1021	-0.153532
1022	-0.153532
1023	-0.153532
1024	0.152665
1025	1.38626
1026	1.38626
1027	-1.09044
1028	-1.09044
1029	-1.09044
1030	-0.843506
1031	-1.95307
1032	-1.58842
1033	-1.52117
1034	-1.52117
1035	-1.52117
1036	-0.159091
1037	-1.19529
1038	-1.19529
1039	-1.48809
1040	-1.48809
1041	-1.15223
1042	-1.15223
1043	-0.846649
1044	0.547835
1045	1.41191
1046	2.31991
1047	0.930439
1048	-1.4327
1049	-1.4327
1050	0.561723
1051	0.561723
1052	0.561723
1053	0.561723
1054	0.231723
1055	0.231723
1056	0.258303
1057	-0.828804
1058	-0.828804
1059	-0.828804
1060	1.48937
1061	2.11829
1062	1.19221
1063	1.19221
1064	-0.351665
1065	-0.595997
1066	-0.595997
1067	-0.595997
1068	1.34514
1069	-0.153423
1070	-0.153423
1071	-0.153423
1072	-0.153423
1073	-0.413973
1074	1.80412
1075	0.463594
1076	0.463594
1077	0.463594
1078	0.463594
1079	0.463594
1080	-0.0046293
1081	-1.23375
1082	1.18219
1083	1.18219
1084	1.18219
1085	-0.507974
1086	-0.507974
1087	-0.507974
1088	-0.867466
1089	-0.867466
1090	-0.867466
1091	1.30969
1092	1.16934
1093	-0.338254
1094	-0.338254
1095	-0.338254
1096	-0.338254
1097	-0.728578
1098	-1.09009
1099	-1.33415
1100	-0.328322
1101	-0.182715
1102	-0.182715
1103	-0.182715
1104	-0.182715
1105	-0.182715
1106	-0.182715
1107	1.12499
1108	1.12499
1109	1.12499
1110	1.22684
1111	0.531096
1112	-0.339237
1113	-1.37809
1114	0.308681
1115	-1.0446
1116	-1.0446
1117	1.38043
1118	1.38043
1119	1.38043
1120	1.38043
1121	1.38043
1122	0.383521
1123	2.32347
1124	2.32347
1125	0.982052
1126	0.734515
1127	0.734515
1128	0.734515
1129	-1.09021
1130	-1.09021
1131	-1.09021
1132	0.726678
1133	0.726678
1134	0.35923
1135	-1.043
1136	-1.93416
1137	-0.749979
1138	-2.33698
1139	-2.0313
1140	-2.0313
1141	-2.0313
1142	-2.0313
1143	-2.28257
1144	0.121825
1145	0.121825
1146	-0.112116
1147	-0.112116
1148	1.62118
1149	0.744151
1150	0.744151
1151	0.744151
1152	-1.22329
1153	0.178534
1154	-0.863127
1155	-0.863127
1156	-0.774497
1157	-0.774497
1158	-0.774497
1159	-0.621735
1160	-1.24653
1161	-0.392072
1162	0.217875
1163	0.217875
1164	-0.949495
1165	-0.799883
1166	1.02157
1167	-1.21966
1168	-1.21966
1169	-1.96949
1170	-0.472351
1171	-0.472351
1172	1.64805
1173	1.64805
1174	0.681556
1175	0.681556
1176	0.681556
1177	0.681556
1178	0.976502
1179	-0.226017
1180	-0.226017
1181	0.530462
1182	0.547086
1183	1.78846
1184	1.4803
1185	0.0533547
1186	1.25213
1187	1.25213
1188	-0.0232865
1189	0.143676
1190	-1.89518
1191	-1.32228
1192	-1.32228
1193	-0.0977494
1194	-0.489195
1195	-0.489195
1196	0.218763
1197	0.115228
1198	-0.475333
1199	0.0384953
1200	1.87062
1201	-0.0192513
1202	-0.0192513
1203	-0.205423
1204	-0.205423
1205	-0.205423
1206	-0.205423
1207	-0.650224
1208	-0.650224
1209	-0.650224
1210	-0.650224
1211	-0.650224
1212	-0.650224
1213	-0.650224
1214	-0.650224
1215	1.41147
1216	1.479
1217	1.479
1218	1.479
1219	0.94581
1220	1.3035
1221	-0.703089
1222	-0.703089
1223	-0.307389
1224	1.60287
1225	-0.289631
1226	-0.289631
1227	0.714304
1228	1.75771
1229	1.23277
1230	0.559841
1231	0.559841
1232	0.559841
1233	-1.51845
1234	-0.779237
1235	-0.779237
1236	-1.2084
1237	0.499251
1238	0.499251
1239	0.499251
1240	1.19647
1241	-0.581012
1242	-0.581012
1243	0.778325
1244	0.778325
1245	1.3953
1246	0.665087
1247	0.665087
1248	0.478421
1249	-1.32041
1250	-1.32041
1251	0.717974
1252	-0.264283
1253	-0.264283
1254	2.23686
1255	2.23686
1256	2.28668
1257	1.176
1258	1.176
1259	1.176
1260	1.176
1261	1.176
1262	1.176
1263	1.176
1264	0.815202
1265	-1.34684
1266	0.756587
1267	-1.33649
1268	-0.908989
1269	-0.908989
1270	-1.80822
1271	-1.80822
1272	-1.80822
1273	-1.32211
1274	-1.32211
1275	-1.20579
1276	0.36484
1277	0.966725
1278	0.120527
1279	0.120527
1280	0.120527
1281	1.11764
1282	-0.712369
1283	-0.712369
1284	-0.712369
1285	0.364692
1286	0.614349
1287	1.35096
1288	1.61256
1289	-0.29811
1290	-0.205266
1291	0.660983
1292	-0.869991
1293	1.33574
1294	1.33574
1295	1.33574
1296	1.33574
1297	-0.0250989
1298	0.0387714
1299	1.59168
1300	1.59168
1301	-0.512698
1302	-0.512698
1303	-0.65915
1304	1.74301
1305	-0.673788
1306	-0.673788
1307	-0.673788
1308	0.465519
1309	0.465519
1310	-0.852578
1311	0.259349
1312	-0.231649
1313	-0.231649
1314	1.58552
1315	1.58552
1316	1.59986
1317	1.59986
1318	1.59986
1319	0.704187
1320	0.704187
1321	0.704187
1322	-1.91423
1323	-0.138223
1324	-0.138223
1325	-0.79644
1326	0.885701
1327	0.568452
1328	0.568452
1329	0.568452
1330	-0.131632
1331	0.554804
1332	0.554804
1333	-0.104909
1334	-0.104909
1335	-0.104909
1336	-0.104909
1337	0.242565
1338	0.242565
1339	1.08303
1340	1.08303
1341	1.08303
1342	-1.57689
1343	0.978157
1344	0.978157
1345	0.0200537
1346	1.04041
1347	1.04041
1348	-0.0131194
1349	-1.17896
1350	-1.17896
1351	-0.247618
1352	-0.247618
1353	-0.593776
1354	0.179289
1355	-0.848486
1356	-0.848486
1357	0.380208
1358	0.380208
1359	0.380208
1360	0.242638
1361	-0.0626487
1362	-0.0626487
1363	-0.721645
1364	-1.11608
1365	-1.11608
1366	-1.82728
1367	0.063968
1368	0.0996345
1369	0.0996345
1370	0.0996345
1371	0.0996345
1372	0.0996345
1373	0.0996345
1374	-0.813124
1375	1.42493
1376	-1.227
1377	-1.227
1378	1.50007
1379	0.618252
1380	0.33803
1381	1.33531
1382	1.1467
1383	0.386796
1384	0.217533
1385	-1.93479
1386	0.767672
1387	0.767672
1388	-0.0208899
1389	-1.51495
1390	-1.51495
1391	-1.45645
1392	-1.45645
1393	-1.12414
1394	-1.12414
1395	-1.77304
1396	-1.77304
1397	-1.77304
1398	-1.27699
1399	-1.27699
1400	-1.27699
1401	0.381861
1402	0.377033
1403	1.04416
1404	0.989007
1405	0.989007
1406	1.10884
1407	2.08942
1408	1.28963
1409	-1.07548
1410	1.34755
1411	1.34755
1412	1.34755
1413	0.701966
1414	-1.08781
1415	-1.08781
1416	-1.08781
1417	-0.0807779
1418	-0.949567
1419	0.620899
1420	0.620899
1421	0.620899
1422	0.620899
1423	1.26897
1424	1.23232
1425	0.867335
1426	1.66991
1427	-0.330415
1428	0.583653
1429	0.583653
1430	-0.359321
1431	-0.801017
1432	-0.801017
1433	-0.801017
1434	-1.73588
1435	-1.73588
1436	-1.73588
1437	-1.27611
1438	0.110417
1439	0.110417
1440	0.110417
1441	2.25428
1442	-0.0676347
1443	-0.606763
1444	-0.2866
1445	-0.2866
1446	-0.2866
1447	0.838468
1448	0.838468
1449	0.946391
1450	0.601782
1451	-1.41593
1452	-0.567198
1453	-0.477053
1454	1.59312
1455	0.244839
1456	-1.27874
1457	-1.27874
1458	0.481856
1459	-0.102548
1460	-0.102548
1461	-0.102548
1462	-0.50491
1463	-0.50491
1464	-0.50491
1465	-0.158539
1466	0.897768
1467	-1.10432
1468	-1.10432
1469	1.42732
1470	1.42732
1471	1.42732
1472	1.42732
1473	1.42732
1474	0.369387
1475	-0.180229
1476	-0.180229
1477	0.51071
1478	-1.19966
1479	-1.19966
1480	1.31075
1481	1.31075
1482	1.31075
1483	0.930837
1484	-1.43263
1485	0.596011
1486	-0.106357
1487	-1.5242
1488	-0.812698
1489	-0.812698
1490	-0.812698
1491	0.408427
1492	0.757518
1493	0.757518
1494	0.757518
1495	1.70451
1496	1.7932
1497	-0.938097
1498	0.578748
1499	-0.656528
1500	-0.128455
1501	1.30988
1502	1.32556
1503	1.32556
1504	-0.527724
1505	-0.266637
1506	-1.17591
1507	0.842299
1508	0.842299
1509	0.11492
1510	0.11492
1511	0.985376
1512	0.831847
1513	0.831847
1514	0.831847
1515	1.41455
1516	1.5956
1517	1.5956
1518	1.5956
1519	1.5956
1520	1.5956
1521	1.5956
1522	-0.119689
1523	0.309664
1524	0.685954
1525	2.07537
1526	0.671048
1527	0.671048
1528	0.671048
1529	0.671048
1530	0.165369
1531	0.165369
1532	0.165369
1533	0.985152
1534	-0.846528
1535	-0.846528
1536	-0.846528
1537	-0.846528
1538	-0.12491
1539	0.975131
1540	-0.261157
1541	-0.261157
1542	1.05504
1543	1.36054
1544	1.41276
1545	-1.11076
1546	-1.55336
1547	-1.55336
1548	1.18197
1549	-0.253109
1550	-0.253109
1551	-0.253109
1552	-1.12638
1553	0.814824
1554	-0.877782
1555	1.2139
1556	-0.385775
1557	1.90923
1558	2.04479
1559	1.91464
1560	-0.204277
1561	0.767025
1562	-1.21388
1563	-0.16359
1564	-0.733873
1565	-0.356513
1566	-0.356513
1567	-1.27049
1568	-0.706108
1569	-0.188756
1570	2.01125
1571	-0.151402
1572	0.0149643
1573	0.0149643
1574	0.356595
1575	0.356595
1576	-2.35356
1577	-2.35356
1578	-0.442569
1579	0.972574
1580	-0.790146
1581	-1.2933
1582	-0.247971
1583	-1.5613
1584	-1.38885
1585	-1.38885
1586	-1.38885
1587	-1.38885
1588	-1.38885
1589	-0.211091
1590	0.263195
1591	-0.171197
1592	-0.171197
1593	-0.723405
1594	1.11431
1595	1.11431
1596	1.11431
1597	1.11431
1598	1.11431
1599	1.11431
1600	1.11431
1601	1.78288
1602	-0.762373
1603	-1.16252
1604	-0.827142
1605	-0.827142
1606	-1.96617
1607	-0.649368
1608	-0.649368
1609	0.584678
1610	-0.76124
1611	0.0137258
1612	0.0137258
1613	0.863307
1614	0.863307
1615	0.863307
1616	0.345161
1617	1.98657
1618	1.98657
1619	1.98657
1620	1.63882
1621	0.397351
1622	0.397351
1623	-0.0241735
1624	-0.0241735
1625	-0.0899743
1626	1.30634
1627	-1.24803
1628	-0.673454
1629	-0.9364
1630	1.55963
1631	1.55963
1632	-0.461219
1633	-0.461219
1634	0.0629834
1635	-0.179034
1636	-0.179034
1637	-1.39699
1638	-1.39699
1639	-1.39699
1640	-1.39699
1641	-0.298964
1642	-0.298964
1643	-0.298964
1644	-0.298964
1645	-0.298964
1646	0.346448
1647	1.76621
1648	1.86624
1649	0.147846
1650	0.147846
1651	0.636319
1652	0.636319
1653	0.636319
1654	0.627412
1655	0.464772
1656	-1.29878
1657	-0.535195
1658	-0.535195
1659	-1.94809
1660	-2.52756
1661	-1.9982
1662	-0.773425
1663	-0.773425
1664	-0.773425
1665	1.70779
1666	1.70779
1667	0.413106
1668	0.413106
1669	0.413106
1670	-2.20118
1671	-2.5688
1672	-2.5688
1673	-2.5688
1674	-2.5688
1675	-0.749045
1676	-1.18807
1677	-1.18807
1678	-0.0251262
1679	-0.247913
1680	1.02353
1681	-0.643987
1682	-0.643987
1683	-0.643987
1684	0.108902
1685	0.108902
1686	-0.635538
1687	-0.635538
1688	-1.91569
1689	-1.55289
1690	-1.55289
1691	-1.6825
1692	-1.53485
1693	-0.355512
1694	-0.355512
1695	1.60302
1696	1.60302
1697	1.77162
1698	1.77162
1699	1.90271
1700	1.90271
1701	1.90271
1702	0.523033
1703	-1.03382
1704	-1.03382
1705	-0.7804
1706	-0.7804
1707	-0.758502
1708	-0.758502
1709	-0.738797
1710	0.779078
1711	-1.83043
1712	-1.36018
1713	0.615199
1714	0.52262
1715	1.2977
1716	1.2977
1717	0.236347
1718	0.236347
1719	-0.720987
1720	-0.720987
1721	-0.720987
1722	-0.720987
1723	1.00212
1724	0.218993
1725	1.79831
1726	1.79831
1727	1.39134
1728	1.39134
1729	-1.17623
1730	0.934662
1731	-0.0227471
1732	-0.0227471
1733	0.710116
1734	1.42169
1735	1.32957
1736	1.32957
1737	-1.14708
1738	-0.217213
1739	-0.217213
1740	-0.217213
1741	-0.217213
1742	0.927527
1743	1.94864
1744	0.129203
1745	1.2438
1746	1.2438
1747	1.2438
1748	1.62633
1749	0.759627
1750	-0.385209
1751	-0.0183103
1752	1.02154
1753	-0.015396
1754	-0.015396
1755	-0.015396
1756	1.72195
1757	1.72195
1758	1.72195
1759	1.68678
1760	1.72493
1761	1.07844
1762	1.07844
1763	1.11613
1764	-1.41026
1765	-0.180847
1766	-0.180847
1767	-0.180847
1768	-0.180847
1769	-0.180847
1770	0.639224
1771	0.0924334
1772	0.0924334
1773	-1.38441
1774	-0.156584
1775	-0.156584
1776	-0.229886
1777	-0.229886
1778	-0.229886
1779	-0.229886
1780	-0.229886
1781	0.224857
1782	0.87462
1783	0.87462
1784	0.87462
1785	-0.0896225
1786	-0.0896225
1787	-0.0896225
1788	-0.999093
1789	1.24989
1790	0.278088
1791	-1.02743
1792	0.284244
1793	0.284244
1794	-0.832536
1795	-1.00529
1796	-0.260096
1797	-1.27944
1798	-1.27944
1799	-1.27944
1800	-1.27944
1801	1.43588
1802	0.437139
1803	0.443178
1804	-0.112878
1805	1.72591
1806	1.72591
1807	-0.319578
1808	-1.26608
1809	0.888815
1810	0.166814
1811	-1.99827
1812	-1.99827
1813	-1.99827
1814	-1.99827
1815	-1.99827
1816	-0.992522
1817	0.167719
1818	-1.09642
1819	0.935007
1820	-0.260818
1821	1.01962
1822	1.01962
1823	-0.443209
1824	1.90869
1825	0.103462
1826	0.103462
1827	0.111062
1828	-0.35372
1829	0.0638447
1830	0.0638447
1831	0.0638447
1832	1.19012
1833	2.05424
1834	2.19462
1835	0.562649
1836	-0.281951
1837	-0.281951
1838	-0.281951
1839	-0.579006
1840	0.177561
1841	-2.15669
1842	-2.15669
1843	-1.19637
1844	-1.19637
1845	1.20018
1846	1.20018
1847	-0.116545
1848	-0.116545
1849	0.280782
1850	0.280782
1851	0.280782
1852	0.280782
1853	1.06739
1854	1.06739
1855	0.191293
1856	-0.0644
1857	-0.0632524
1858	-0.818014
1859	-0.234991
1860	-0.414464
1861	-0.414464
1862	0.746587
1863	-0.745706
1864	0.676153
1865	1.04823
1866	1.04823
1867	0.304602
1868	0.304602
1869	0.520445
1870	0.520445
1871	0.520445
1872	-0.117003
1873	0.289187
1874	0.289187
1875	0.289187
1876	-0.286848
1877	1.97585
1878	1.97585
1879	-0.606274
1880	-0.354202
1881	0.463425
1882	-0.279694
1883	0.528285
1884	1.67783
1885	-0.0817266
1886	-0.0817266
1887	0.370991
1888	-1.18971
1889	-1.18971
1890	-0.189626
1891	-0.189626
1892	-0.189626
1893	-1.206
1894	0.940484
1895	0.940484
1896	0.363532
1897	0.363532
1898	-1.59888
1899	-1.23555
1900	-1.23555
1901	0.0440164
1902	-0.0858172
1903	-0.0813486
1904	-0.0813486
1905	-0.0813486
1906	-0.0813486
1907	-0.0813486
1908	-0.714047
1909	0.109326
1910	0.109326
1911	0.547939
1912	-0.241278
1913	0.704608
1914	-1.27949
1915	0.419191
1916	0.353697
1917	0.353697
1918	0.353697
1919	0.353697
1920	0.353697
1921	1.64391
1922	1.64391
1923	-0.995506
1924	-0.995506
1925	1.25488
1926	1.19781
1927	1.19781
1928	-1.15875
1929	0.232767
1930	0.0150447
1931	-1.04378
1932	-1.36392
1933	0.746344
1934	-1.73792
1935	-1.73792
1936	0.438826
1937	0.438826
1938	0.438826
1939	-0.999115
1940	1.57744
1941	-0.825684
1942	1.54109
1943	1.54837
1944	-0.195449
1945	-0.195449
1946	0.355864
1947	0.355864
1948	0.355864
1949	0.355864
1950	1.0897
1951	-1.04907
1952	0.99585
1953	0.99585
1954	-0.104288
1955	-1.29122
1956	-1.29122
1957	0.012963
1958	0.012963
1959	0.012963
1960	0.012963
1961	-1.25151
1962	-1.25151
1963	-0.114316
1964	-0.114316
1965	1.14364
1966	-1.06783
1967	0.332907
1968	0.548863
1969	-1.7795
1970	0.674262
1971	0.286191
1972	1.5219
1973	0.725123
1974	0.725123
1975	0.725123
1976	0.725123
1977	-1.66291
1978	-1.66291
1979	-1.66291
1980	-1.66291
1981	-1.66291
1982	1.06603
1983	0.759143
1984	0.759143
1985	0.759143
1986	0.733886
1987	1.69014
1988	1.69014
1989	1.69014
1990	0.970138
1991	0.970138
1992	-1.1866
1993	-1.1866
1994	-1.1866
1995	-0.107981
1996	-0.419268
1997	-0.419268
1998	1.11208
1999	-0.912269
2000	-0.281655
2001	0.812492
2002	0.812492
2003	0.812492
2004	-0.510272
2005	-0.510272
2006	-0.636138
2007	-0.636138
2008	-0.636138
2009	-0.636138
2010	-0.636138
2011	-0.636138
2012	-0.636138
2013	-0.65646
2014	0.453082
2015	1.95695
2016	2.17799
2017	1.93357
2018	1.93357
2019	2.35454
2020	1.80006
2021	1.80006
2022	1.80006
2023	1.80006
2024	-0.39966
2025	-1.01478
2026	1.60484
2027	1.60484
2028	0.252005
2029	1.55984
2030	1.55984
2031	-0.203378
2032	1.15333
2033	1.15333
2034	1.41526
2035	-1.23081
2036	0.212841
2037	-0.655512
2038	1.35104
2039	1.35104
2040	-0.178041
2041	-0.178041
2042	0.332267
2043	-0.454379
2044	1.2926
2045	1.2926
2046	2.19193
2047	1.93681
2048	1.93681
2049	-0.320763
2050	-1.48811
2051	-1.35735
2052	-1.35735
2053	1.29564
2054	1.29564
2055	1.26713
2056	1.26713
2057	1.26713
2058	1.24491
2059	1.24491
2060	0.388357
2061	0.388357
2062	0.388357
2063	0.388357
2064	-0.718738
2065	0.615013
2066	-0.511725
2067	-0.511725
2068	-0.511725
2069	-0.511725
2070	-0.511725
2071	-0.581648
2072	-1.60774
2073	-1.25919
2074	-1.72807
2075	0.785685
2076	-0.886457
2077	-0.209791
2078	-0.209791
2079	-0.209791
2080	-0.209791
2081	-0.717935
2082	-0.717935
2083	-0.643586
2084	-0.643586
2085	0.904359
2086	0.904359
2087	0.904359
2088	-1.28095
2089	-0.00702089
2090	-0.00702089
2091	-0.00702089
2092	-1.0663
2093	-1.66461
2094	-1.06504
2095	-0.967578
2096	0.363263
2097	0.456474
2098	1.02241
2099	1.02241
2100	-0.68718
2101	-0.68718
2102	-0.68718
2103	-0.586949
2104	-0.586949
2105	0.575245
2106	-1.27918
2107	-1.27918
2108	-1.27918
2109	-0.746524
2110	0.0451251
2111	-1.0688
2112	-1.0688
2113	-2.82431
2114	-1.12572
2115	0.70232
2116	0.70232
2117	-0.860096
2118	0.529909
2119	0.889622
2120	0.957687
2121	0.957687
2122	0.957687
2123	0.957687
2124	0.957687
2125	0.633363
2126	0.633363
2127	-1.02937
2128	-0.893997
2129	-0.893997
2130	-0.652262
2131	-1.66081
2132	-2.10121
2133	-2.50374
2134	-0.370221
2135	-0.370221
2136	-0.370221
2137	-0.973182
2138	-1.23778
2139	-1.23778
2140	-3.2125
2141	-3.2125
2142	-0.73651
2143	-0.73651
2144	-0.73651
2145	0.469104
2146	0.469104
2147	-0.20266
2148	-0.20266
2149	-0.20266
2150	-0.20266
2151	-0.20266
2152	2.47255
2153	2.47255
2154	2.00851
2155	2.00851
2156	0.0898609
2157	1.13953
2158	1.13953
2159	1.13953
2160	0.814421
2161	0.901285
2162	0.901285
2163	0.901285
2164	0.901285
2165	0.867651
2166	0.867651
2167	-0.696216
2168	-0.696216
2169	-0.696216
2170	-1.84649
2171	-0.319795
2172	-1.29322
2173	-2.64596
2174	-2.64596
2175	-2.64596
2176	-2.64596
2177	-2.09402
2178	-2.09402
2179	-2.20013
2180	-2.20013
2181	-1.42768
2182	-1.42768
2183	-1.24409
2184	-1.24409
2185	-1.24409
2186	-1.72533
2187	-1.33511
2188	-1.33511
2189	-1.33511
2190	-0.950867
2191	-0.950867
2192	-0.949343
2193	-1.21061
2194	-0.587111
2195	-0.587111
2196	-0.996725
2197	-0.996725
2198	-0.352783
2199	0.320985
2200	0.320985
2201	0.770214
2202	-1.04137
2203	0.720283
2204	0.720283
2205	-0.340742
2206	0.956178
2207	0.168386
2208	-0.677726
2209	-0.677726
2210	-1.0508
2211	-1.0508
2212	0.715708
2213	-0.228929
2214	-0.87786
2215	-0.87786
2216	-0.0665006
2217	-0.0665006
2218	-1.43346
2219	-0.663468
2220	-1.89108
2221	-1.89108
2222	0.542712
2223	1.28637
2224	0.167867
2225	-0.980158
2226	-0.860689
2227	-1.82425
2228	-1.61215
2229	-1.61215
2230	-2.08072
2231	0.0544514
2232	0.0544514
2233	-1.31731
2234	-0.481817
2235	-0.936656
2236	-1.69208
2237	0.897793
2238	0.991742
2239	-1.50816
2240	-1.50816
2241	0.747344
2242	-0.154467
2243	-1.35966
2244	-1.35966
2245	-1.35966
2246	-1.35966
2247	-0.811206
2248	-3.05264
2249	-3.05264
2250	-3.05264
2251	-1.66596
2252	-1.28823
2253	-0.727627
2254	-0.727627
2255	-0.727627
2256	1.3477
2257	1.67524
2258	1.94558
2259	-0.454621
2260	-0.454621
2261	-0.454621
2262	-0.454621
2263	-0.386168
2264	0.0260472
2265	0.0260472
2266	-0.231416
2267	1.04856
2268	0.0741927
2269	-0.949661
2270	0.601321
2271	0.601321
2272	0.601321
2273	-0.0135918
2274	-0.0135918
2275	-0.0135918
2276	1.77904
2277	1.77904
2278	0.356988
2279	0.370758
2280	0.952207
2281	0.952207
2282	0.178364
2283	0.438735
2284	0.301479
2285	0.301479
2286	1.46509
2287	1.83175
2288	-0.300079
2289	-0.300079
2290	-0.300079
2291	-0.300079
2292	1.60636
2293	1.56073
2294	1.48593
2295	1.56416
2296	-1.09618
2297	1.37233
2298	-1.16558
2299	-1.54087
2300	-1.54087
2301	-1.54087
2302	-1.54087
2303	-1.54087
2304	-1.58924
2305	-1.58924
2306	0.17414
2307	-0.98915
2308	1.63916
2309	1.63916
2310	-0.970265
2311	-0.970265
2312	-0.970265
2313	-0.572568
2314	-1.51666
2315	0.974018
2316	0.122047
2317	0.122047
2318	0.122047
2319	-0.186992
2320	0.163026
2321	0.834945
2322	-0.15867
2323	0.881311
2324	0.881311
2325	0.115173
2326	0.115173
2327	1.16959
2328	-0.0814865
2329	-0.206069
2330	0.924997
2331	0.924997
2332	1.25657
2333	1.19133
2334	1.19133
2335	0.818564
2336	-0.0932977
2337	-0.0932977
2338	-1.38587
2339	0.589157
2340	-0.115392
2341	-0.115392
2342	-0.115392
2343	1.77625
2344	1.77625
2345	1.77625
2346	1.77625
2347	1.77625
2348	1.77625
2349	1.77625
2350	1.77625
2351	0.903012
2352	0.903012
2353	1.09371
2354	1.12861
2355	-0.561842
2356	1.85404
2357	0.187816
2358	-0.9078
2359	-1.55695
2360	-1.40523
2361	-1.40523
2362	-1.40523
2363	-1.40523
2364	-0.32242
2365	1.08898
2366	-1.00054
2367	-1.00054
2368	-1.33939
2369	-0.0952546
2370	0.541923
2371	-1.57442
2372	-1.57442
2373	0.0280378
2374	2.15241
2375	2.27149
2376	1.95889
2377	0.570729
2378	-1.40919
2379	-1.40919
2380	-0.551112
2381	-0.551112
2382	0.568193
2383	0.568193
2384	0.765
2385	1.15037
2386	1.15037
2387	-0.20352
2388	-0.20352
2389	-0.20352
2390	1.30414
2391	1.30414
2392	0.463467
2393	0.0102259
2394	0.947202
2395	0.348174
2396	0.197176
2397	-1.66965
2398	-2.01336
2399	-1.59555
2400	-1.59555
2401	-0.8211
2402	-0.8211
2403	-1.13286
2404	0.289104
2405	0.289104
2406	0.289104
2407	1.25337
2408	1.16636
2409	1.16636
2410	0.265804
2411	0.56094
2412	1.2383
2413	1.2383
2414	0.48323
2415	-0.927675
2416	-1.13908
2417	-0.0931284
2418	-0.0931284
2419	0.282364
2420	-0.344607
2421	-1.58208
2422	-1.58208
2423	-1.58208
2424	-1.58208
2425	-1.39319
2426	-1.27312
2427	1.21346
2428	-1.2844
2429	0.447315
2430	-0.994564
2431	-0.104204
2432	1.14311
2433	1.54017
2434	1.24461
2435	-0.178742
2436	-1.62125
2437	-1.62125
2438	0.856222
2439	0.344654
2440	0.344654
2441	1.1425
2442	1.10218
2443	0.115215
2444	-0.0507977
2445	-0.0507977
2446	-0.0507977
2447	-0.526411
2448	0.307239
2449	-0.356956
2450	0.859678
2451	-0.149602
2452	-0.884285
2453	-2.4087
2454	-2.4087
2455	0.00379615
2456	1.74227
2457	1.74227
2458	0.303927
2459	-0.284861
2460	-0.284861
2461	-0.284861
2462	1.0846
2463	0.648475
2464	-1.859
2465	-0.269463
2466	-0.269463
2467	-0.269463
2468	-0.269463
2469	-0.269463
2470	0.962993
2471	0.0240267
2472	0.0240267
2473	0.0240267
2474	0.0240267
2475	0.276766
2476	0.276766
2477	-1.06837
2478	-1.04748
2479	-1.04748
2480	-0.147029
2481	0.526413
2482	0.526413
2483	-0.924083
2484	1.65932
2485	1.01298
2486	-1.09235
2487	-1.52978
2488	-0.414502
2489	-1.49181
2490	-1.49181
2491	0.0358194
2492	0.0358194
2493	0.236136
2494	1.06549
2495	2.30572
2496	2.30572
2497	2.30572
2498	2.30572
2499	1.35806
2500	0.561873
2501	0.561873
2502	0.708649
2503	0.708649
2504	0.708649
2505	-0.675004
2506	-2.1337
2507	-2.1337
2508	-2.1337
2509	-2.1337
2510	-2.1337
2511	-0.371476
2512	-0.577479
2513	-1.2131
2514	-1.2131
2515	-1.2131
2516	1.18988
2517	0.138054
2518	0.138054
2519	1.65452
2520	1.65452
2521	1.65452
2522	0.348197
2523	0.348197
2524	1.74725
2525	2.62242
2526	1.79955
2527	0.212077
2528	1.93495
2529	1.93495
2530	1.93495
2531	1.93495
2532	1.93495
2533	-0.243285
2534	0.154355
2535	-0.903065
2536	-0.903065
2537	-0.903065
2538	-0.868258
2539	-0.868258
2540	0.672036
2541	1.18392
2542	1.36212
2543	-0.776577
2544	0.809498
2545	0.809498
2546	-0.166174
2547	-0.166174
2548	-0.172003
2549	-1.07424
2550	-1.07424
2551	-0.909497
2552	-0.909497
2553	1.3109
2554	0.251922
2555	-1.16341
2556	-1.44754
2557	-0.210024
2558	1.20697
2559	0.713324
2560	0.713324
2561	0.713806
2562	-0.901678
2563	-0.739876
2564	-0.739876
2565	-2.24233
2566	-2.24233
2567	-2.24233
2568	-1.42105
2569	-1.42105
2570	-1.42105
2571	-1.42105
2572	-1.38352
2573	0.848421
2574	1.0089
2575	0.737638
2576	0.737638
2577	1.24181
2578	1.24181
2579	0.0227745
2580	-0.34423
2581	0.997191
2582	0.997191
2583	-1.3899
2584	-1.3899
2585	-1.16929
2586	-1.89178
2587	0.306691
2588	-0.28157
2589	-0.717515
2590	-0.384823
2591	-1.01384
2592	-1.01384
2593	-1.01384
2594	1.00878
2595	1.54648
2596	0.0833914
2597	0.0833914
2598	0.378989
2599	0.898477
2600	-1.54357
2601	-1.38774
2602	-0.85338
2603	-0.325923
2604	-0.0577368
2605	-0.0577368
2606	0.236748
2607	0.236748
2608	0.236748
2609	0.236748
2610	0.236748
2611	0.236748
2612	0.899682
2613	0.481288
2614	-0.480144
2615	-0.480144
2616	-1.2186
2617	-0.513073
2618	0.589085
2619	0.589085
2620	-1.43126
2621	-1.43126
2622	-1.43126
2623	0.589295
2624	0.589295
2625	-1.9245
2626	-1.9245
2627	-0.235226
2628	-0.955527
2629	-0.302601
2630	0.653709
2631	-0.923582
2632	-0.923582
2633	1.03669
2634	0.745985
2635	-0.199845
2636	-0.199845
2637	1.27213
2638	-1.43273
2639	-1.43273
2640	-0.223793
2641	-0.223793
2642	-0.229955
2643	-1.10653
2644	-1.10653
2645	-1.10653
2646	1.35959
2647	0.587396
2648	0.262383
2649	-0.955887
2650	0.526429
2651	-0.0930648
2652	-0.0930648
2653	-1.8722
2654	-1.8722
2655	0.253128
2656	1.03733
2657	1.37338
2658	1.37338
2659	1.37338
2660	0.647223
2661	0.053446
2662	-1.56145
2663	1.00961
2664	1.00961
2665	0.285077
2666	0.285077
2667	1.61843
2668	1.61843
2669	0.694402
2670	-0.268335
2671	-0.268335
2672	-0.268335
2673	0.24414
2674	0.0462714
2675	0.0462714
2676	0.0462714
2677	1.25329
2678	1.10588
2679	1.14452
2680	-0.873317
2681	-0.873317
2682	1.01376
2683	0.898211
2684	0.330453
2685	0.116159
2686	1.08932
2687	1.08932
2688	1.08932
2689	1.18617
2690	2.03399
2691	0.604902
2692	-1.32886
2693	-1.32886
2694	-1.19758
2695	-1.19758
2696	0.541926
2697	1.17198
2698	-0.380547
2699	0.165794
2700	1.19468
2701	1.19468
2702	1.13993
2703	1.13993
2704	-1.33343
2705	0.688648
2706	0.688648
2707	0.688648
2708	2.02656
2709	0.20866
2710	-1.50388
2711	-1.50388
2712	-1.50388
2713	0.915832
2714	0.915832
2715	2.03889
2716	2.19247
2717	1.67752
2718	-0.289136
2719	-0.429848
2720	-1.03015
2721	-1.03015
2722	-0.388032
2723	-0.0840826
2724	-0.128783
2725	-0.000845896
2726	-0.000845896
2727	-1.03679
2728	-0.612759
2729	-0.612759
2730	-0.612759
2731	-0.612759
2732	-0.496858
2733	-1.33459
2734	-1.33459
2735	-1.33459
2736	-1.33459
2737	-1.33459
2738	-0.0681551
2739	-0.525489
2740	-1.65613
2741	-2.24657
2742	-2.4982
2743	-1.89063
2744	-0.905503
2745	-1.09249
2746	-1.09249
2747	0.0400039
2748	-2.54167
2749	-2.54167
2750	-1.14765
2751	-1.14765
2752	-1.14765
2753	1.49868
2754	1.49868
2755	0.612223
2756	-0.210283
2757	-0.210283
2758	-0.210283
2759	-0.210283
2760	-0.210283
2761	0.948271
2762	1.51706
2763	1.51706
2764	1.41579
2765	1.42705
2766	1.42705
2767	1.42705
2768	1.25858
2769	-0.846507
2770	-1.21376
2771	-1.21376
2772	-1.03943
2773	0.765918
2774	0.765918
2775	0.765918
2776	1.31845
2777	1.31845
2778	-0.814243
2779	-0.814243
2780	-0.814243
2781	0.602301
2782	1.4261
2783	-1.10096
2784	-1.10096
2785	-0.900333
2786	-0.900333
2787	-1.54584
2788	-0.701966
2789	-0.201021
2790	-2.63309
2791	-0.261645
2792	0.0428756
2793	0.977228
2794	-0.566438
2795	-1.19437
2796	0.422692
2797	0.422692
2798	-0.742883
2799	-0.742883
2800	-0.341838
2801	-0.341838
2802	-0.346182
2803	1.08797
2804	1.08797
2805	-1.53472
2806	-1.53472
2807	0.675254
2808	-0.632271
2809	-0.632271
2810	-0.867203
2811	-0.867203
2812	-0.867203
2813	0.780988
2814	0.780988
2815	-0.963145
2816	1.77465
2817	1.77465
2818	1.77465
2819	0.988048
2820	1.61462
2821	1.61462
2822	-0.284261
2823	0.735948
2824	0.735948
2825	-0.422071
2826	-0.422071
2827	0.167065
2828	0.324458
2829	0.275616
2830	0.275616
2831	-0.156444
2832	-0.156444
2833	0.149451
2834	0.266581
2835	0.0513185
2836	1.81496
2837	1.81496
2838	1.81496
2839	-0.562715
2840	-0.562715
2841	0.441834
2842	1.66973
2843	-0.344579
2844	-0.344579
2845	-1.13008
2846	-0.239727
2847	-0.239727
2848	-1.43613
2849	-1.43613
2850	-0.556338
2851	-0.556338
2852	-0.360967
2853	-0.533473
2854	-0.533473
2855	1.45771
2856	1.45771
2857	0.0784099
2858	0.0784099
2859	0.0784099
2860	1.63043
2861	1.38242
2862	1.38242
2863	0.951298
2864	-1.21828
2865	-1.21828
2866	-1.21828
2867	-1.47686
2868	0.207281
2869	0.207281
2870	0.207281
2871	-0.34914
2872	-0.34914
2873	-0.34914
2874	-1.31248
2875	-0.868205
2876	-0.0908222
2877	-1.02563
2878	-1.02563
2879	-1.02563
2880	-1.02563
2881	1.07183
2882	1.07183
2883	1.07183
2884	-1.02398
2885	-1.02398
2886	0.469613
2887	0.469613
2888	0.469613
2889	0.829518
2890	1.7138
2891	1.7138
2892	0.941896
2893	1.14986
2894	1.14986
2895	0.233736
2896	0.233736
2897	-1.23711
2898	-0.0309292
2899	1.59063
2900	1.59063
2901	0.123773
2902	0.123773
2903	-1.8685
2904	-1.31034
2905	-2.05281
2906	-1.54504
2907	-0.91268
2908	-0.91268
2909	-0.91268
2910	-0.91268
2911	-0.91268
2912	1.46616
2913	1.46616
2914	1.3158
2915	-1.37262
2916	-1.37262
2917	-0.0774745
2918	-1.02243
2919	-1.02243
2920	-1.02243
2921	-1.02243
2922	-1.02243
2923	-1.5448
2924	0.961819
2925	-1.39634
2926	-1.87586
2927	-0.667542
2928	0.0400548
2929	0.0400548
2930	0.773024
2931	0.773024
2932	0.773024
2933	0.208673
2934	0.370836
2935	-1.04964
2936	0.776128
2937	-0.638316
2938	-1.41176
2939	0.505244
2940	0.505244
2941	0.505244
2942	0.505244
2943	0.505244
2944	1.60775
2945	-0.328993
2946	-1.11695
2947	0.312385
2948	-0.240222
2949	-0.240222
2950	1.7796
2951	1.7796
2952	1.2471
2953	-0.75889
2954	-0.75889
2955	0.858636
2956	0.858636
2957	0.858636
2958	0.858636
2959	-0.312434
2960	2.38718
2961	2.38718
2962	2.38718
2963	2.38718
2964	0.197544
2965	0.197544
2966	1.43604
2967	1.43604
2968	1.43604
2969	1.43604
2970	-1.03327
2971	-1.03327
2972	-1.03327
2973	-1.03327
2974	-1.14716
2975	-1.14716
2976	-1.14716
2977	0.0959508
2978	0.104551
2979	0.104551
2980	-1.30638
2981	1.38915
2982	1.38915
2983	0.485895
2984	-0.291328
2985	-0.291328
2986	0.501808
2987	0.501808
2988	0.501808
2989	-0.822358
2990	-0.822358
2991	-0.822358
2992	-1.26126
2993	-1.26126
2994	-1.49575
2995	-1.69767
2996	-1.69767
2997	-1.69767
2998	0.696967
2999	0.696967
3000	0.696967
3001	0.696967
3002	-0.559507
3003	0.969624
3004	0.969624
3005	0.774773
3006	-0.462824
3007	-0.462824
3008	-0.462824
3009	0.570845
3010	0.976983
3011	-0.769288
3012	-0.769288
3013	-0.769288
3014	-0.769288
3015	0.874482
3016	0.874482
3017	-0.278682
3018	0.861297
3019	-1.51541
3020	1.03901
3021	0.453686
3022	0.732472
3023	-0.257851
3024	0.240616
3025	0.49062
3026	0.49062
3027	1.83077
3028	-0.781635
3029	1.34984
3030	1.34984
3031	1.34984
3032	1.34984
3033	1.14764
3034	1.14764
3035	1.14764
3036	-0.0196474
3037	0.96105
3038	0.96105
3039	0.96105
3040	-0.707122
3041	-0.707122
3042	-0.707122
3043	-0.707122
3044	-0.707122
3045	-0.707122
3046	-0.707122
3047	-1.13509
3048	-1.67091
3049	-0.833434
3050	-1.41631
3051	-1.41631
3052	-0.120388
3053	-0.120388
3054	-2.1357
3055	-0.0397399
3056	-0.0397399
3057	1.14583
3058	0.19519
3059	0.19519
3060	0.19519
3061	0.444308
3062	0.444308
3063	-2.2332
3064	-2.2332
3065	-1.67379
3066	-0.905944
3067	0.14065
3068	0.449693
3069	-0.758882
3070	-0.758882
3071	-0.758882
3072	-0.758882
3073	-0.758882
3074	-0.758882
3075	-0.758882
3076	-0.758882
3077	-0.758882
3078	1.70741
3079	1.01928
3080	-0.30465
3081	-1.24411
3082	1.07987
3083	-1.60228
3084	-0.483584
3085	-0.302079
3086	-0.904857
3087	-0.904857
3088	-0.904857
3089	-0.904857
3090	1.09442
3091	-0.488145
3092	-0.488145
3093	-0.488145
3094	-0.215586
3095	-0.225521
3096	0.807722
3097	1.796
3098	0.0512701
3099	0.0512701
3100	0.0665524
3101	-2.25677
3102	-2.25677
3103	-2.25677
3104	-0.820546
3105	-2.27565
3106	-1.44191
3107	-1.44191
3108	-0.581985
3109	-0.581985
3110	-1.2819
3111	-1.10586
3112	1.19106
3113	1.6888
3114	1.6888
3115	1.6888
3116	1.6888
3117	1.20838
3118	1.20838
3119	-0.843742
3120	-0.843742
3121	0.136202
3122	-2.3753
3123	-2.30071
3124	-1.403
3125	0.610906
3126	1.64645
3127	1.64645
3128	1.74234
3129	-0.638437
3130	0.581669
3131	1.5353
3132	-1.20283
3133	-1.20283
3134	-0.216349
3135	-0.216349
3136	-0.216349
3137	1.62895
3138	-1.04851
3139	-0.78737
3140	-0.207163
3141	-0.207163
3142	-0.207163
3143	-0.207163
3144	-0.207163
3145	-0.207163
3146	2.33264
3147	1.74745
3148	1.74745
3149	-0.915989
3150	-1.71224
3151	-1.71224
3152	-0.150379
3153	-0.150379
3154	-0.150379
3155	-1.92106
3156	-3.10455
3157	-3.26334
3158	-2.42671
3159	-1.36785
3160	0.142646
3161	0.142646
3162	0.142646
3163	0.142646
3164	0.107182
3165	0.0866143
3166	0.0278578
3167	0.0278578
3168	-0.932343
3169	-0.932343
3170	0.417545
3171	2.26576
3172	2.20448
3173	2.26853
3174	-0.348704
3175	-0.348704
3176	-0.547882
3177	-1.26296
3178	-1.26296
3179	-0.00332389
3180	-1.35771
3181	0.659307
3182	-0.28589
3183	0.640225
3184	0.965598
3185	0.965598
3186	-0.147048
3187	-0.227347
3188	-0.227347
3189	0.997482
3190	0.997482
3191	0.997482
3192	0.525996
3193	0.513269
3194	-0.75679
3195	-0.75679
3196	1.51154
3197	1.51154
3198	0.820652
3199	1.56237
3200	2.16119
3201	-0.49
3202	-0.49
3203	-0.894785
3204	0.994878
3205	1.57209
3206	-1.1575
3207	0.348888
3208	0.746361
3209	0.746361
3210	-1.24231
3211	-0.497728
3212	-0.452056
3213	-0.733676
3214	-0.733676
3215	-1.48277
3216	-2.24543
3217	-1.25974
3218	-1.25974
3219	1.13034
3220	1.13034
3221	1.13034
3222	2.15524
3223	2.15524
3224	2.15524
3225	-0.107174
3226	0.565427
3227	0.565427
3228	-1.51294
3229	-1.49574
3230	-1.95483
3231	0.55181
3232	1.655
3233	1.655
3234	1.655
3235	1.655
3236	1.655
3237	-0.99584
3238	0.667894
3239	0.667894
3240	0.183686
3241	0.183686
3242	-1.46639
3243	-0.481784
3244	-2.52586
3245	-2.55435
3246	-0.714185
3247	-0.375897
3248	-0.977818
3249	-0.977818
3250	-1.05826
3251	-2.06973
3252	-0.977274
3253	-0.977274
3254	-0.977274
3255	-0.992579
3256	-0.710943
3257	-0.710943
3258	-1.60616
3259	0.671362
3260	0.671362
3261	-1.53778
3262	-0.113158
3263	-0.931764
3264	-0.347661
3265	-0.347661
3266	-0.347661
3267	-0.347661
3268	-1.59614
3269	-1.59614
3270	-1.59614
3271	-0.750707
3272	-0.750707
3273	-1.2743
3274	0.233127
3275	-1.79381
3276	-1.32838
3277	0.202908
3278	0.0570235
3279	0.0570235
3280	-2.072
3281	-2.072
3282	-2.072
3283	-2.072
3284	-2.072
3285	-0.878768
3286	-0.430623
3287	-0.430623
3288	0.0184092
3289	0.0184092
3290	0.492681
3291	1.15761
3292	-1.06129
3293	-1.06129
3294	1.03876
3295	-0.748685
3296	-0.748685
3297	0.206176
3298	0.206176
3299	0.206176
3300	0.206176
3301	1.44855
3302	1.44855
3303	-0.344841
3304	1.06563
3305	-0.0963058
3306	-0.0963058
3307	0.820349
3308	0.365729
3309	-0.157007
3310	-1.15997
3311	-0.771888
3312	-0.059121
3313	0.214124
3314	0.310816
3315	-0.0737657
3316	-2.37693
3317	-1.067
3318	-1.067
3319	-0.565509
3320	-0.565509
3321	-1.79143
3322	-1.79143
3323	0.931808
3324	-1.20125
3325	1.19209
3326	0.515527
3327	0.515527
3328	0.515527
3329	0.515527
3330	0.515527
3331	0.515527
3332	1.14022
3333	2.54975
3334	2.54975
3335	2.54975
3336	2.54975
3337	0.0534195
3338	0.0534195
3339	0.373826
3340	0.373826
3341	0.937974
3342	2.44875
3343	2.50827
3344	2.50827
3345	1.43075
3346	1.43075
3347	1.43075
3348	-0.142005
3349	-0.142005
3350	-0.142005
3351	-0.127842
3352	-0.145918
3353	-0.145918
3354	-0.145918
3355	0.695694
3356	0.695694
3357	-0.922519
3358	-0.922519
3359	0.806745
3360	0.806745
3361	0.103566
3362	0.103566
3363	0.103566
3364	0.488874
3365	0.488874
3366	0.488874
3367	0.488874
3368	0.488874
3369	0.488874
3370	0.488874
3371	-0.188518
3372	-1.23223
3373	-1.23223
3374	-2.11285
3375	-2.21885
3376	-2.21885
3377	-0.281572
3378	0.455471
3379	0.455471
3380	0.455471
3381	-0.473004
3382	-0.473004
3383	0.575807
3384	0.12373
3385	0.12373
3386	1.00438
3387	0.558102
3388	1.04272
3389	-1.30653
3390	-0.947233
3391	-0.947233
3392	-0.947233
3393	-0.947233
3394	-0.708857
3395	-0.708857
3396	-0.0131581
3397	-0.0131581
3398	-0.0131581
3399	-0.0131581
3400	-0.0131581
3401	-0.0131581
3402	0.673059
3403	-1.04715
3404	-1.41557
3405	-1.50647
3406	-1.50647
3407	-1.50647
3408	-1.50647
3409	0.477993
3410	0.477993
3411	-0.0958839
3412	-0.0958839
3413	-0.587413
3414	0.300654
3415	0.300654
3416	0.299932
3417	0.299932
3418	-1.07755
3419	-1.07755
3420	-1.07755
3421	-0.385134
3422	-0.385134
3423	-1.73334
3424	-1.02193
3425	0.852089
3426	0.852089
3427	0.852089
3428	0.852089
3429	-1.62048
3430	-2.86123
3431	-2.18893
3432	-1.619
3433	0.938982
3434	-1.76341
3435	-1.76341
3436	0.550644
3437	-0.241449
3438	-0.241449
3439	-0.73338
3440	-0.367015
3441	-0.367015
3442	-0.367015
3443	-0.875181
3444	0.738394
3445	0.738394
3446	0.738394
3447	-1.10161
3448	-1.82323
3449	-1.82323
3450	0.181038
3451	0.181038
3452	0.325549
3453	-1.55448
3454	-1.55448
3455	0.305118
3456	0.910898
3457	1.05758
3458	1.16888
3459	-0.428657
3460	-0.428657
3461	0.697103
3462	0.697103
3463	0.697103
3464	0.697103
3465	0.695126
3466	0.695126
3467	-0.968738
3468	1.15222
3469	-0.167472
3470	-0.247477
3471	1.09567
3472	1.88587
3473	0.162184
3474	-0.403336
3475	-0.403336
3476	-0.403336
3477	-0.403336
3478	-0.403336
3479	-0.403336
3480	1.42815
3481	0.621208
3482	-0.235884
3483	-0.235884
3484	-0.235884
3485	0.907296
3486	0.907296
3487	0.605098
3488	0.510455
3489	0.510455
3490	-1.46715
3491	0.087372
3492	0.087372
3493	0.087372
3494	-0.578549
3495	-0.578549
3496	-0.443932
3497	1.14495
3498	0.171563
3499	0.171563
3500	-2.03256
3501	-2.03256
3502	-2.03256
3503	-2.03256
3504	-2.03256
3505	-2.03256
3506	-1.50602
3507	-1.50602
3508	-1.50602
3509	-1.50602
3510	0.345469
3511	-0.644005
3512	0.057441
3513	0.902755
3514	-1.22169
3515	-1.8934
3516	-1.8934
3517	-1.8934
3518	-0.00698403
3519	-0.00698403
3520	1.05772
3521	-1.5616
3522	-1.5616
3523	-1.23611
3524	0.391626
3525	0.503083
3526	-0.788409
3527	-0.891755
3528	-1.50965
3529	-1.50965
3530	-1.50965
3531	1.17524
3532	1.17524
3533	0.407976
3534	0.182785
3535	-1.78139
3536	0.509448
3537	0.509448
3538	0.509448
3539	0.509448
3540	0.251794
3541	-0.350315
3542	0.536953
3543	0.536953
3544	1.40748
3545	-0.677051
3546	-0.677051
3547	0.0919355
3548	0.0919355
3549	-0.00590203
3550	1.47347
3551	-0.100242
3552	-0.622708
3553	0.787363
3554	-1.67715
3555	-1.67715
3556	-0.0234023
3557	-0.0234023
3558	-1.08742
3559	1.24069
3560	0.157027
3561	0.546556
3562	0.546556
3563	2.39694
3564	0.996483
3565	0.275082
3566	0.275082
3567	-0.575727
3568	-0.756847
3569	-0.756847
3570	1.30767
3571	1.30767
3572	-0.390035
3573	-0.390035
3574	-1.27997
3575	-0.14316
3576	1.20999
3577	-0.451743
3578	-0.451743
3579	-0.451743
3580	-0.106949
3581	-0.786233
3582	1.33442
3583	1.33442
3584	1.96641
3585	1.84202
3586	1.84202
3587	1.84202
3588	1.84202
3589	1.21736
3590	1.21736
3591	-1.29358
3592	-0.350332
3593	-0.350332
3594	-0.350332
3595	-0.39957
3596	0.438493
3597	0.438493
3598	0.438493
3599	0.438493
3600	1.6109
3601	-0.49784
3602	0.297791
3603	0.297791
3604	1.32487
3605	-0.444629
3606	-0.553935
3607	-0.170668
3608	1.86803
3609	1.86803
3610	2.07945
3611	1.41833
3612	1.64074
3613	0.0424104
3614	0.0424104
3615	0.498816
3616	2.01472
3617	1.01011
3618	2.33938
3619	2.33938
3620	2.33938
3621	2.33938
3622	2.33938
3623	1.45503
3624	0.013877
3625	-0.465307
3626	0.743026
3627	0.743026
3628	-1.34482
3629	-1.34482
3630	-1.34482
3631	-1.34482
3632	-1.34482
3633	-1.34482
3634	-0.0639493
3635	-0.0639493
3636	-0.0639493
3637	-0.0639493
3638	-0.0639493
3639	-0.409055
3640	-0.409055
3641	-0.714315
3642	-0.714315
3643	-0.714315
3644	-0.714315
3645	-0.714315
3646	-0.714315
3647	-1.50857
3648	0.763527
3649	0.763527
3650	0.763527
3651	0.763527
3652	1.16775
3653	1.16775
3654	1.16775
3655	1.16775
3656	1.16775
3657	0.985933
3658	0.985933
3659	0.892383
3660	0.892383
3661	-1.4901
3662	-1.00188
3663	1.26714
3664	1.26714
3665	-0.39902
3666	-0.59599
3667	0.48603
3668	-0.75037
3669	-0.487866
3670	1.81474
3671	1.26286
3672	1.26286
3673	1.5578
3674	0.12043
3675	-0.894506
3676	-0.894506
3677	0.162468
3678	-0.288072
3679	-0.288072
3680	-1.68445
3681	-1.67809
3682	-1.67809
3683	0.806239
3684	0.806239
3685	0.946663
3686	-0.962232
3687	-0.962232
3688	-0.962232
3689	1.19913
3690	0.492394
3691	0.492394
3692	0.492394
3693	0.492394
3694	0.492394
3695	0.492394
3696	-2.10673
3697	-2.10673
3698	-2.10673
3699	-2.53729
3700	-2.53729
3701	-2.53729
3702	-0.0614544
3703	-0.0822347
3704	1.44675
3705	0.666228
3706	0.838437
3707	0.838437
3708	1.75407
3709	2.36435
3710	2.36435
3711	1.40289
3712	0.331941
3713	0.331941
3714	-0.478529
3715	-0.902906
3716	0.13763
3717	0.360363
3718	-1.19453
3719	-1.78875
3720	-1.21644
3721	0.363639
3722	-1.37434
3723	0.817089
3724	0.817089
3725	-0.350463
3726	-1.17445
3727	-1.08766
3728	1.18654
3729	1.86926
3730	0.448031
3731	0.448031
3732	0.0811535
3733	-2.61856
3734	-2.61856
3735	-0.00559873
3736	0.410279
3737	0.410279
3738	0.410279
3739	-1.47621
3740	-1.47621
3741	-0.991135
3742	-0.991135
3743	-0.991135
3744	-0.703388
3745	-0.424317
3746	-1.58251
3747	-1.60929
3748	-1.60929
3749	-0.155446
3750	-0.155446
3751	-0.155446
3752	-0.155446
3753	-0.829162
3754	0.0884035
3755	-1.51625
3756	0.0554537
3757	0.0554537
3758	-0.412867
3759	-0.412867
3760	-0.847065
3761	-0.847065
3762	0.0529905
3763	2.37179
3764	2.37179
3765	2.25562
3766	2.25562
3767	-0.202989
3768	-1.62922
3769	-1.52084
3770	-1.46341
3771	0.0592676
3772	0.0592676
3773	0.0592676
3774	0.0592676
3775	0.0592676
3776	0.0544203
3777	-1.50794
3778	0.366921
3779	0.627754
3780	0.151109
3781	0.467845
3782	-1.43078
3783	-1.43078
3784	-1.43078
3785	-1.43078
3786	-1.43078
3787	-1.43078
3788	-1.43078
3789	-0.399511
3790	-0.0863153
3791	-0.0863153
3792	-0.220839
3793	-0.0401885
3794	-0.554709
3795	-1.73841
3796	-0.389259
3797	1.4041
3798	0.521005
3799	-1.26652
3800	0.573405
3801	0.573405
3802	0.573405
3803	0.573405
3804	0.573405
3805	1.79685
3806	0.675539
3807	0.675539
3808	-0.276423
3809	-0.276423
3810	-0.276423
3811	-1.22617
3812	0.643166
3813	1.63547
3814	1.63547
3815	1.63547
3816	0.655807
3817	-0.258269
3818	-0.258269
3819	0.514224
3820	-1.0276
3821	0.703818
3822	-1.13796
3823	0.493933
3824	0.734708
3825	-1.8205
3826	-1.8205
3827	-1.51937
3828	-1.51937
3829	-0.430775
3830	-0.430775
3831	1.07812
3832	-0.0959058
3833	-0.428606
3834	-1.50955
3835	-1.42533
3836	-1.42533
3837	-1.42533
3838	-1.42533
3839	-0.368632
3840	-0.368632
3841	0.868135
3842	0.126539
3843	0.126539
3844	0.383926
3845	0.383926
3846	-0.346254
3847	0.62243
3848	2.06654
3849	0.654822
3850	0.654822
3851	0.10829
3852	0.10829
3853	-0.837592
3854	-0.837592
3855	0.0521468
3856	0.0693896
3857	0.0693896
3858	0.0693896
3859	0.0693896
3860	0.0693896
3861	0.0693896
3862	0.0693896
3863	0.246045
3864	1.00673
3865	-0.63532
3866	0.629115
3867	0.629115
3868	0.629115
3869	0.0778888
3870	-0.328341
3871	1.00164
3872	1.00164
3873	1.00164
3874	0.0602235
3875	-0.833203
3876	-0.0676119
3877	-0.0676119
3878	-1.03084
3879	-1.03084
3880	-1.03084
3881	-0.246217
3882	-0.246217
3883	0.152767
3884	-0.977053
3885	-0.977053
3886	0.136572
3887	1.85336
3888	-0.837945
3889	-0.837945
3890	-0.837945
3891	0.794133
3892	0.794133
3893	-0.848584
3894	-0.848584
3895	-0.848584
3896	0.734137
3897	0.734137
3898	0.734137
3899	0.734137
3900	0.734137
3901	-0.945013
3902	-0.945013
3903	-3.67905
3904	-1.20092
3905	-1.20092
3906	-1.20092
3907	0.488506
3908	0.11345
3909	0.11345
3910	1.01216
3911	1.01216
3912	-0.692345
3913	1.88559
3914	1.88559
3915	1.88559
3916	1.88559
3917	1.88559
3918	1.07805
3919	2.10656
3920	1.40407
3921	0.052275
3922	0.274967
3923	1.23265
3924	1.23265
3925	-0.29582
3926	-0.856828
3927	-0.607329
3928	0.676082
3929	-0.221682
3930	-0.221682
3931	1.52084
3932	-0.0677094
3933	1.12801
3934	1.12801
3935	-1.30006
3936	-1.30006
3937	0.0843599
3938	0.652678
3939	1.35355
3940	0.00941149
3941	0.00941149
3942	1.80998
3943	1.80998
3944	-0.336041
3945	-0.336041
3946	-1.32998
3947	-0.221866
3948	-0.221866
3949	-1.95633
3950	-2.15532
3951	-2.15532
3952	0.109524
3953	0.109524
3954	-0.92996
3955	1.34456
3956	1.34456
3957	0.673821
3958	0.673821
3959	0.673821
3960	-0.326628
3961	-0.326628
3962	1.04544
3963	1.04544
3964	-1.47371
3965	-1.47371
3966	0.881394
3967	-0.11772
3968	-0.11772
3969	-1.36255
3970	-1.78755
3971	-0.557691
3972	0.896999
3973	-0.559035
3974	1.14292
3975	1.14292
3976	1.14292
3977	1.22081
3978	-0.612249
3979	-0.611903
3980	-0.830873
3981	-0.830873
3982	-0.830873
3983	-0.830873
3984	1.04012
3985	-0.646774
3986	0.618308
3987	0.618308
3988	-1.8423
3989	0.397741
3990	0.397741
3991	0.397741
3992	0.253896
3993	-1.48601
3994	0.846818
3995	-1.70831
3996	-1.70831
3997	0.367355
3998	0.367355
3999	1.21018
4000	0.127519
4001	0.127519
4002	-0.362125
4003	-0.362125
4004	0.968137
4005	0.968137
4006	0.968137
4007	-0.955571
4008	-0.955571
4009	0.603369
4010	0.603369
4011	-0.562335
4012	0.170031
4013	0.170031
4014	0.727197
4015	0.359412
4016	0.359412
4017	-2.06194
4018	-1.19263
4019	-1.19263
4020	-0.887925
4021	1.66472
4022	1.66472
4023	1.66472
4024	1.66472
4025	0.82981
4026	0.997424
4027	-1.41004
4028	1.16656
4029	-1.45128
4030	0.35844
4031	0.35844
4032	0.996577
4033	0.996577
4034	1.43243
4035	0.215138
4036	-0.294474
4037	1.03336
4038	0.161309
4039	0.161309
4040	1.00448
4041	1.00448
4042	0.651707
4043	0.324691
4044	0.642358
4045	-1.27785
4046	0.97938
4047	-0.112143
4048	-0.112143
4049	-0.157026
4050	-0.857311
4051	1.50811
4052	1.50811
4053	1.50811
4054	-0.488253
4055	-0.488253
4056	0.250316
4057	0.250316
4058	-0.334553
4059	0.677731
4060	0.137441
4061	0.1329
4062	0.1329
4063	0.940542
4064	1.78016
4065	1.06448
4066	1.06448
4067	0.452829
4068	0.452829
4069	-1.71271
4070	0.876653
4071	-1.42675
4072	-0.400079
4073	-1.73816
4074	0.489255
4075	0.321106
4076	0.321106
4077	0.264786
4078	0.264786
4079	0.264786
4080	0.961981
4081	-1.0781
4082	0.469176
4083	1.36319
4084	1.36319
4085	0.566235
4086	0.566235
4087	0.855042
4088	-1.10447
4089	1.21268
4090	-1.50196
4091	-1.71496
4092	-1.71496
4093	-1.71496
4094	-0.379149
4095	-0.379149
4096	-0.379149
4097	-0.795759
4098	-0.00774144
4099	-1.53772
4100	-1.53772
4101	-1.53772
4102	-1.53772
4103	0.385064
4104	-0.480459
4105	0.613169
4106	2.13525
4107	0.598959
4108	0.995692
4109	0.142595
4110	0.142595
4111	-1.24031
4112	-1.88753
4113	-1.88753
4114	-1.88753
4115	-2.15533
4116	-2.15533
4117	-1.75306
4118	-1.75306
4119	-1.38884
4120	-1.38884
4121	-1.38884
4122	-0.745879
4123	-1.02272
4124	-1.02272
4125	1.35346
4126	0.963284
4127	0.963284
4128	1.09653
4129	-1.34365
4130	-1.34365
4131	1.0617
4132	1.0617
4133	0.306645
4134	0.306645
4135	0.306645
4136	0.306645
4137	0.306645
4138	-0.773254
4139	-0.379535
4140	0.0325999
4141	0.547342
4142	-1.84904
4143	0.83559
4144	-0.219886
4145	0.230056
4146	-1.21435
4147	-0.712633
4148	1.62395
4149	1.62395
4150	1.79278
4151	1.1573
4152	0.64406
4153	1.61757
4154	1.61757
4155	1.61757
4156	0.699495
4157	1.20632
4158	1.20632
4159	-0.41723
4160	0.647915
4161	-0.880033
4162	-0.880033
4163	-0.282971
4164	1.25971
4165	-1.46518
4166	-1.46518
4167	-0.906457
4168	-0.906457
4169	-0.906457
4170	-0.906457
4171	-0.202133
4172	-0.202133
4173	-0.202133
4174	-0.202133
4175	1.80044
4176	0.093443
4177	0.093443
4178	0.093443
4179	-1.20214
4180	0.869328
4181	0.869328
4182	-0.95906
4183	-1.21049
4184	-1.21049
4185	1.3271
4186	1.3271
4187	1.3271
4188	1.3271
4189	1.69898
4190	1.69898
4191	-0.552736
4192	-0.552736
4193	-0.552736
4194	1.92957
4195	2.17504
4196	2.17504
4197	0.513956
4198	0.839441
4199	0.395398
4200	-1.12729
4201	-0.470108
4202	-2.28739
4203	-2.28739
4204	-2.28739
4205	-2.28739
4206	-1.8329
4207	-1.8329
4208	-0.273093
4209	-0.273093
4210	-0.417156
4211	0.202541
4212	2.48763
4213	1.42499
4214	0.58731
4215	-0.358215
4216	-0.358215
4217	-0.358215
4218	-0.358215
4219	-0.0296996
4220	-0.0296996
4221	-0.865238
4222	1.29975
4223	0.659353
4224	-1.2654
4225	-1.11015
4226	-0.281779
4227	-0.281779
4228	-0.940714
4229	0.465204
4230	0.465204
4231	0.465204
4232	1.80337
4233	-0.882631
4234	-0.882631
4235	-0.882631
4236	-0.882631
4237	-0.563697
4238	-0.563697
4239	-0.563697
4240	0.464103
4241	0.464103
4242	0.464103
4243	-0.5839
4244	-0.5839
4245	-0.5839
4246	-1.19706
4247	1.13118
4248	1.13118
4249	-1.35008
4250	-2.12651
4251	-2.12651
4252	-2.12651
4253	-2.12651
4254	-1.63621
4255	-1.65655
4256	-0.429805
4257	1.30132
4258	1.30132
4259	-1.1123
4260	-1.1123
4261	-1.1123
4262	-0.440218
4263	0.199104
4264	0.199104
4265	0.199104
4266	0.199104
4267	1.08696
4268	1.08696
4269	0.00264225
4270	-0.0645879
4271	1.1506
4272	1.1506
4273	0.748094
4274	1.52725
4275	2.25548
4276	1.12424
4277	1.12424
4278	1.12424
4279	-0.0732736
4280	-0.0732736
4281	-0.396407
4282	-1.65747
4283	-1.4971
4284	-2.31075
4285	0.272728
4286	0.133558
4287	0.219127
4288	0.219127
4289	0.219127
4290	0.0546129
4291	-0.825838
4292	0.0206086
4293	-1.35803
4294	-1.37606
4295	-1.37606
4296	-1.37606
4297	-1.37606
4298	-1.33831
4299	-1.33831
4300	1.32708
4301	1.32708
4302	1.32708
4303	0.0319945
4304	0.0319945
4305	0.0319945
4306	0.0319945
4307	0.0319945
4308	-0.890902
4309	1.16054
4310	1.16054
4311	2.9857
4312	1.19913
4313	-1.19079
4314	-1.19079
4315	-1.19079
4316	1.01883
4317	-1.17942
4318	-1.17942
4319	0.674113
4320	2.15041
4321	2.15041
4322	1.86968
4323	1.45541
4324	1.45541
4325	1.45541
4326	1.45541
4327	1.45541
4328	1.45541
4329	1.45541
4330	-0.717459
4331	-0.717459
4332	-0.301517
4333	-0.301517
4334	0.773237
4335	0.773237
4336	-1.55426
4337	-1.55426
4338	-2.06019
4339	-2.06019
4340	-2.24636
4341	-2.44669
4342	-2.44669
4343	-2.44669
4344	-2.44669
4345	-2.9623
4346	-0.729465
4347	-0.228204
4348	-0.228204
4349	-1.89583
4350	-1.89583
4351	-1.89583
4352	-1.89583
4353	-2.29499
4354	-1.88576
4355	-1.88576
4356	-1.97642
4357	-1.97642
4358	-0.211448
4359	-1.58649
4360	-1.58649
4361	-0.0351905
4362	0.735562
4363	-0.757135
4364	0.271129
4365	-1.86597
4366	-1.86597
4367	-1.86597
4368	-1.86597
4369	-1.86597
4370	-0.691418
4371	0.482118
4372	0.360228
4373	1.62753
4374	-0.890345
4375	-0.890345
4376	-0.133419
4377	-0.133419
4378	-0.133419
4379	-1.25093
4380	-1.25604
4381	0.421566
4382	0.421566
4383	2.19456
4384	1.62861
4385	1.62861
4386	1.69545
4387	1.69545
4388	1.182
4389	0.715755
4390	0.715755
4391	0.715755
4392	0.715755
4393	0.381658
4394	-0.0375682
4395	-0.0375682
4396	-1.15214
4397	1.08163
4398	1.08163
4399	-0.51643
4400	-0.51643
4401	-0.111725
4402	-0.111725
4403	-0.111725
4404	-0.529806
4405	-0.529806
4406	-1.69448
4407	-1.69448
4408	-0.389039
4409	-0.389039
4410	-0.485582
4411	1.15381
4412	0.739115
4413	0.217375
4414	0.217375
4415	0.410498
4416	-1.64523
4417	-1.64523
4418	0.311043
4419	0.311043
4420	0.311043
4421	0.311043
4422	-0.154876
4423	0.162824
4424	0.162824
4425	1.43424
4426	1.43424
4427	1.43424
4428	1.43424
4429	1.02117
4430	1.02117
4431	-0.482272
4432	1.82915
4433	1.82915
4434	1.60769
4435	1.60769
4436	1.60769
4437	1.60769
4438	0.99816
4439	0.901676
4440	0.862952
4441	0.862952
4442	0.862952
4443	-0.774666
4444	-0.774666
4445	-0.774666
4446	-0.719361
4447	-1.17438
4448	1.0134
4449	1.0134
4450	1.50364
4451	1.50364
4452	1.50364
4453	1.50364
4454	1.50364
4455	0.754095
4456	0.754095
4457	0.554305
4458	-0.360161
4459	-0.360161
4460	-1.75475
4461	-1.57632
4462	-1.57632
4463	0.406586
4464	0.406586
4465	1.47462
4466	1.47462
4467	1.47462
4468	1.47462
4469	1.47462
4470	-0.747607
4471	-0.747607
4472	-0.747607
4473	-0.747607
4474	-0.747607
4475	-0.572573
4476	-1.65423
4477	0.65135
4478	0.65135
4479	0.269628
4480	0.107243
4481	-0.14619
4482	-0.14619
4483	-0.14619
4484	-0.929692
4485	1.33598
4486	1.33598
4487	1.33598
4488	1.33598
4489	1.08759
4490	0.804279
4491	-1.00408
4492	-1.00408
4493	0.056526
4494	1.27059
4495	-0.332586
4496	-1.37506
4497	0.00676421
4498	0.00676421
4499	0.00676421
4500	-1.35983
4501	-1.35983
4502	-2.72605
4503	-0.195896
4504	-0.195896
4505	-0.269345
4506	-0.269345
4507	0.674717
4508	0.674717
4509	0.674717
4510	1.57411
4511	-0.326836
4512	-0.912634
4513	1.24581
4514	0.656709
4515	0.656709
4516	1.31464
4517	-1.24228
4518	1.45734
4519	2.13652
4520	-0.0678865
4521	-0.0678865
4522	-0.0678865
4523	-0.0678865
4524	0.26432
4525	-1.05297
4526	-1.05297
4527	-1.79311
4528	-1.79311
4529	-1.79311
4530	-0.303056
4531	0.554416
4532	0.477773
4533	1.77967
4534	0.0832204
4535	0.934658
4536	0.934658
4537	0.934658
4538	0.934658
4539	0.934658
4540	0.934658
4541	-0.0304669
4542	-0.0304669
4543	-0.0304669
4544	-2.08988
4545	0.589174
4546	0.868115
4547	1.75856
4548	1.75856
4549	-0.426886
4550	-1.05411
4551	1.29654
4552	0.583856
4553	1.50398
4554	-0.774325
4555	-0.324031
4556	-0.324031
4557	-1.58261
4558	-1.9904
4559	-1.9904
4560	-1.9904
4561	-1.9904
4562	-1.9904
4563	-1.9904
4564	-1.73308
4565	-1.52008
4566	-0.72731
4567	1.87463
4568	0.0517177
4569	-1.2931
4570	0.097209
4571	-0.359228
4572	-0.359228
4573	0.507253
4574	-0.578654
4575	-0.87252
4576	-0.024809
4577	0.803002
4578	0.803002
4579	1.67579
4580	1.22158
4581	-0.0417897
4582	-0.0417897
4583	0.87148
4584	0.87148
4585	0.966016
4586	-1.18145
4587	-1.27059
4588	1.07211
4589	2.35363
4590	2.35363
4591	1.14876
4592	1.14876
4593	1.14876
4594	0.37386
4595	0.243407
4596	2.0592
4597	-0.26246
4598	-0.26246
4599	-0.26246
4600	0.668409
4601	0.674662
4602	0.674662
4603	1.38746
4604	1.15469
4605	1.15469
4606	1.15469
4607	1.15469
4608	1.78439
4609	1.39949
4610	-0.144384
4611	-0.144384
4612	-0.0882539
4613	-0.122391
4614	1.17087
4615	1.17087
4616	-0.317726
4617	0.177075
4618	0.177075
4619	0.177075
4620	-1.57711
4621	-1.57711
4622	-1.57711
4623	-0.592312
4624	-0.592312
4625	-1.56454
4626	-0.244001
4627	0.399776
4628	0.399776
4629	0.177935
4630	0.177935
4631	-1.0674
4632	-1.09386
4633	-2.17073
4634	-2.17073
4635	-2.17073
4636	0.362391
4637	0.362391
4638	0.362391
4639	0.362391
4640	0.362391
4641	1.66156
4642	-0.211193
4643	-0.211193
4644	0.722679
4645	0.419672
4646	0.419672
4647	0.419672
4648	0.419672
4649	0.419672
4650	0.419672
4651	0.276651
4652	-0.320264
4653	-0.320264
4654	-0.320264
4655	-0.679417
4656	0.00699592
4657	0.00699592
4658	0.00699592
4659	0.771341
4660	-1.62169
4661	-1.62169
4662	-1.62169
4663	-0.972948
4664	-1.85947
4665	-1.85947
4666	0.558998
4667	-0.996417
4668	-0.927556
4669	-0.927556
4670	-0.137159
4671	-0.137159
4672	-0.137159
4673	0.255747
4674	-1.39704
4675	0.369234
4676	-1.0942
4677	1.25677
4678	1.25677
4679	1.53536
4680	0.96429
4681	-0.333879
4682	-0.0955484
4683	-0.861886
4684	-0.861886
4685	-0.291015
4686	-0.291015
4687	-0.291015
4688	0.348851
4689	0.348851
4690	1.11341
4691	2.4828
4692	1.89669
4693	2.0168
4694	1.01801
4695	0.0811587
4696	0.0811587
4697	-0.488481
4698	-0.488481
4699	-0.764816
4700	-0.764816
4701	-1.17226
4702	-1.17226
4703	-0.48985
4704	0.384582
4705	1.80532
4706	-0.325088
4707	0.524762
4708	0.524762
4709	0.524762
4710	0.524762
4711	0.528703
4712	0.478419
4713	0.478419
4714	-0.529113
4715	-0.529113
4716	-0.529113
4717	-0.0633644
4718	-1.08818
4719	-2.53047
4720	-1.35337
4721	0.0658542
4722	1.13511
4723	-0.130905
4724	-1.16407
4725	0.265739
4726	0.265739
4727	2.87357
4728	2.28125
4729	1.26275
4730	1.26275
4731	0.73344
4732	0.73344
4733	-0.791301
4734	-0.791301
4735	0.379838
4736	0.379838
4737	1.30526
4738	1.30526
4739	1.30526
4740	-0.831288
4741	-0.831288
4742	-0.35614
4743	0.0189358
4744	-0.961863
4745	1.03267
4746	-0.686648
4747	-0.779762
4748	-1.63908
4749	0.168093
4750	0.168093
4751	-0.962005
4752	-0.962005
4753	-1.72232
4754	-1.72232
4755	-1.72232
4756	-0.94367
4757	0.641624
4758	-0.419433
4759	0.340555
4760	-0.963439
4761	-0.963439
4762	-0.963439
4763	1.59264
4764	1.38591
4765	-0.337504
4766	-0.337504
4767	-0.0684432
4768	-0.124877
4769	-0.399977
4770	-0.959966
4771	-0.959966
4772	0.168781
4773	-0.828442
4774	-0.1185
4775	-0.1185
4776	-0.1185
4777	1.21444
4778	1.7723
4779	1.7723
4780	1.76975
4781	0.610291
4782	-0.870743
4783	-0.870743
4784	-0.870743
4785	-0.870743
4786	-0.870743
4787	-0.870743
4788	-0.870743
4789	-0.568365
4790	1.20122
4791	1.20122
4792	0.986479
4793	0.986479
4794	2.4609
4795	2.4609
4796	2.52568
4797	0.921762
4798	-1.09514
4799	-2.01141
4800	-1.05786
4801	0.361272
4802	0.361272
4803	0.46635
4804	-0.209398
4805	-0.209398
4806	-0.209398
4807	2.17338
4808	2.17338
4809	-0.55455
4810	-0.55455
4811	1.30894
4812	0.447305
4813	0.447305
4814	-0.415509
4815	-1.89416
4816	-1.73725
4817	-1.73725
4818	-1.0661
4819	0.470447
4820	1.26756
4821	-1.0692
4822	0.937228
4823	-1.60848
4824	0.699288
4825	0.699288
4826	0.699288
4827	0.699288
4828	-0.274006
4829	-2.21954
4830	-2.53055
4831	-1.24941
4832	0.859717
4833	0.859717
4834	-0.964037
4835	-0.09349
4836	-0.590827
4837	-0.590827
4838	-0.590827
4839	-0.655984
4840	-0.670038
4841	-1.04642
4842	-1.20703
4843	-1.20703
4844	-1.97787
4845	-1.97787
4846	-1.97787
4847	-1.97787
4848	-2.03247
4849	-2.03247
4850	0.212903
4851	0.212903
4852	-0.0063272
4853	-2.2268
4854	-1.02911
4855	1.11657
4856	-0.244479
4857	0.61608
4858	-0.787601
4859	0.0104087
4860	-0.336943
4861	-0.336943
4862	-0.336943
4863	-0.336943
4864	-0.336943
4865	-0.336943
4866	0.941491
4867	2.51038
4868	2.51038
4869	2.34111
4870	0.983085
4871	-0.695792
4872	-0.695792
4873	-0.695792
4874	-0.926285
4875	-0.175392
4876	-0.155541
4877	-0.155541
4878	-0.155541
4879	-0.443149
4880	-0.443149
4881	-0.443149
4882	-0.447384
4883	-0.203946
4884	0.246459
4885	-1.04815
4886	-0.724416
4887	-0.724416
4888	-0.724416
4889	-0.724416
4890	0.597146
4891	0.343177
4892	0.343177
4893	0.343177
4894	-0.909428
4895	0.0682561
4896	0.0682561
4897	0.0682561
4898	1.17381
4899	1.17381
4900	1.17381
4901	1.17381
4902	1.75328
4903	-0.75419
4904	-1.75505
4905	-0.130137
4906	-0.130137
4907	-0.130137
4908	-0.786372
4909	-1.79684
4910	0.508377
4911	0.508377
4912	0.508377
4913	-1.34843
4914	-1.34843
4915	0.841973
4916	-0.96871
4917	0.631933
4918	0.631933
4919	0.694855
4920	-0.0539546
4921	1.90909
4922	1.90909
4923	-0.515456
4924	-0.33761
4925	-0.33761
4926	-0.33761
4927	0.18432
4928	0.18432
4929	0.18432
4930	-0.00910245
4931	1.53813
4932	1.34858
4933	0.988449
4934	0.262779
4935	0.262779
4936	-0.889322
4937	-0.969118
4938	-1.54628
4939	-1.54628
4940	0.820294
4941	-0.919899
4942	-0.41353
4943	-1.19469
4944	1.13636
4945	-1.42499
4946	-1.42499
4947	-1.42499
4948	-0.735519
4949	-0.0917307
4950	-1.16667
4951	-1.16667
4952	-1.33307
4953	-0.524775
4954	-1.51168
4955	0.59114
4956	0.59114
4957	-0.0421976
4958	1.682
4959	1.682
4960	1.682
4961	0.594604
4962	-0.991955
4963	-0.991955
4964	-0.991955
4965	-0.991955
4966	-0.991955
4967	1.52581
4968	1.52581
4969	1.83349
4970	1.83349
4971	1.61511
4972	1.61511
4973	1.61511
4974	1.88108
4975	-0.419056
4976	-0.419056
4977	-0.200539
4978	-1.3034
4979	-1.3034
4980	-1.3034
4981	-1.3034
4982	-1.3034
4983	-0.688872
4984	-0.688872
4985	-0.688872
4986	-0.688872
4987	-1.15167
4988	0.811138
4989	0.874833
4990	0.753656
4991	0.753656
4992	0.753656
4993	1.48238
4994	1.48238
4995	1.48238
4996	1.48238
4997	1.48238
4998	3.11968
4999	2.32766
5000	1.16898
5001	-1.04382
5002	-1.36756
5003	-1.36756
5004	-1.36756
5005	-1.36756
5006	-1.7944
5007	-2.53498
5008	-2.53498
5009	-2.53498
5010	-2.26232
5011	-2.11433
5012	-0.710554
5013	-0.710554
5014	-0.710554
5015	1.14428
5016	1.14428
5017	1.14428
5018	2.0781
5019	0.268324
5020	1.71162
5021	0.713717
5022	0.713717
5023	0.713717
5024	0.713717
5025	0.323722
5026	1.23617
5027	0.297893
5028	-1.71137
5029	-0.787084
5030	-1.59541
5031	-1.59541
5032	-1.59541
5033	-1.74115
5034	-1.74115
5035	-1.74115
5036	-1.74115
5037	-0.0916417
5038	-1.4307
5039	-0.935913
5040	0.403037
5041	0.403037
5042	0.738035
5043	0.738035
5044	0.738035
5045	0.738035
5046	-1.75435
5047	-0.74174
5048	-0.74174
5049	-0.74174
5050	-0.74174
5051	-0.74174
5052	-0.74174
5053	-0.274311
5054	-0.536717
5055	0.499875
5056	0.499875
5057	0.499875
5058	0.499875
5059	0.663655
5060	0.663655
5061	0.663655
5062	0.663655
5063	0.663655
5064	0.663655
5065	0.233006
5066	-2.39635
5067	-2.39635
5068	-2.55901
5069	-1.30579
5070	-1.30579
5071	-1.30579
5072	0.10771
5073	0.10771
5074	-0.652604
5075	-1.45822
5076	-1.06815
5077	-0.414959
5078	-0.414959
5079	0.90201
5080	-0.0486861
5081	-0.0486861
5082	-0.914588
5083	0.00627979
5084	0.00627979
5085	-0.622592
5086	0.587203
5087	-0.527908
5088	0.153525
5089	1.2238
5090	1.73468
5091	0.825345
5092	0.825345
5093	0.825345
5094	0.0042302
5095	0.0042302
5096	0.0042302
5097	0.881482
5098	2.72055
5099	2.72055
5100	2.72055
5101	2.72055
5102	2.72055
5103	2.72055
5104	0.760398
5105	0.070406
5106	-0.354105
5107	-0.354105
5108	0.331439
5109	-0.984223
5110	-1.61504
5111	0.965134
5112	0.965134
5113	-0.869092
5114	-1.45516
5115	-1.45516
5116	-0.414654
5117	-0.414654
5118	1.52611
5119	1.52611
5120	0.578681
5121	0.219785
5122	-0.538705
5123	-0.095674
5124	-1.52799
5125	-1.52799
5126	-0.972358
5127	0.843107
5128	2.42881
5129	2.42881
5130	0.414442
5131	-0.629921
5132	0.456513
5133	0.456513
5134	0.985703
5135	-1.16926
5136	1.01846
5137	1.01846
5138	0.303763
5139	-1.23257
5140	-1.23257
5141	-1.27239
5142	-1.27239
5143	1.35391
5144	1.35391
5145	1.35391
5146	-0.475852
5147	-1.40953
5148	0.645016
5149	0.645016
5150	0.645016
5151	0.645016
5152	-0.280573
5153	-0.280573
5154	1.90096
5155	1.94393
5156	1.94393
5157	-0.776309
5158	-0.776309
5159	-0.776309
5160	-0.776309
5161	1.36191
5162	-0.520786
5163	-1.09728
5164	-1.74554
5165	-1.74554
5166	-0.410274
5167	-0.685073
5168	-0.359005
5169	1.69449
5170	0.0315422
5171	0.0315422
5172	0.903711
5173	0.903711
5174	-0.745527
5175	0.724385
5176	1.04891
5177	1.04891
5178	1.04891
5179	1.04891
5180	-1.62795
5181	-1.42545
5182	-1.42545
5183	-1.42545
5184	-2.49547
5185	-2.49547
5186	-0.166868
5187	0.289544
5188	-0.0336415
5189	0.140643
5190	0.140643
5191	1.94744
5192	0.644857
5193	1.4213
5194	-0.470379
5195	0.699317
5196	0.699317
5197	-0.111243
5198	-2.478
5199	-2.96704
5200	-2.96704
5201	-1.12135
5202	1.52322
5203	1.62306
5204	1.62306
5205	1.62306
5206	1.62306
5207	1.62306
5208	-0.903182
5209	-0.247858
5210	-0.247858
5211	-0.247858
5212	-0.278569
5213	-0.278569
5214	0.585443
5215	0.585443
5216	0.585443
5217	0.585443
5218	0.585443
5219	0.585443
5220	0.585443
5221	-1.74813
5222	-1.36429
5223	-1.36429
5224	-1.36429
5225	0.902171
5226	-0.58924
5227	-0.58924
5228	-0.58924
5229	-0.58924
5230	-0.0370901
5231	-0.726664
5232	-0.726664
5233	-0.841995
5234	-0.841995
5235	-0.841995
5236	-0.255008
5237	1.03987
5238	1.19077
5239	1.19077
5240	-0.390626
5241	-0.390626
5242	-0.606349
5243	-0.606349
5244	-0.606349
5245	-0.606349
5246	-0.606349
5247	0.583055
5248	0.679609
5249	0.679609
5250	0.679609
5251	0.679609
5252	1.10951
5253	1.10951
5254	0.351996
5255	0.924785
5256	-0.885639
5257	1.12904
5258	1.12904
5259	2.46749
5260	1.86676
5261	0.0432558
5262	0.0432558
5263	0.433506
5264	-0.569086
5265	-0.569086
5266	1.6183
5267	1.6183
5268	1.51989
5269	1.51989
5270	1.51989
5271	1.51989
5272	1.51989
5273	-0.980895
5274	0.836512
5275	0.836512
5276	0.836512
5277	-0.913975
5278	-0.913975
5279	1.57225
5280	2.28383
5281	2.28383
5282	-0.450325
5283	-0.450325
5284	-1.3595
5285	-1.19287
5286	-1.19287
5287	0.503748
5288	0.503748
5289	1.98154
5290	1.98154
5291	-0.261876
5292	-0.645996
5293	-0.645996
5294	-1.6302
5295	-1.83837
5296	-0.0074033
5297	-0.0074033
5298	-0.0074033
5299	-0.193785
5300	-0.193785
5301	0.966003
5302	-0.573593
5303	-0.573593
5304	-0.573593
5305	-0.573593
5306	0.265439
5307	0.265439
5308	0.265439
5309	-1.04466
5310	-1.2754
5311	-1.2754
5312	-1.2754
5313	0.584799
5314	1.74337
5315	1.74337
5316	1.55359
5317	2.12757
5318	2.22124
5319	2.13824
5320	0.304289
5321	0.304289
5322	-1.12056
5323	0.743573
5324	0.743573
5325	-0.489645
5326	-0.489645
5327	0.207907
5328	0.207907
5329	-1.0392
5330	1.34802
5331	0.0236347
5332	2.01907
5333	0.093561
5334	1.31086
5335	-0.673806
5336	1.43736
5337	1.61218
5338	-1.09844
5339	-0.413287
5340	-0.413287
5341	-0.413287
5342	-1.44471
5343	-1.44471
5344	-0.693564
5345	-0.490415
5346	-0.490415
5347	-0.490415
5348	0.0108025
5349	0.0108025
5350	0.159136
5351	0.159136
5352	0.159136
5353	0.159136
5354	0.159136
5355	0.159136
5356	0.159136
5357	0.178284
5358	0.178284
5359	-1.77477
5360	-1.52788
5361	0.582692
5362	-0.165596
5363	-0.165596
5364	-0.165596
5365	-0.165596
5366	1.26544
5367	1.26544
5368	0.169032
5369	-1.64998
5370	-1.64998
5371	-1.10184
5372	-1.10184
5373	-1.10184
5374	-1.43874
5375	-0.822506
5376	1.24817
5377	-1.2439
5378	-1.51758
5379	1.084
5380	-0.856111
5381	0.483363
5382	0.483363
5383	0.483363
5384	0.127221
5385	0.127221
5386	-1.02311
5387	0.180114
5388	-0.372616
5389	-0.372616
5390	-0.0743721
5391	-0.171434
5392	-0.171434
5393	-0.171434
5394	-0.171434
5395	-0.171434
5396	0.689196
5397	-0.216457
5398	-0.216457
5399	-0.216457
5400	-0.216457
5401	0.296689
5402	1.05331
5403	1.05331
5404	1.05331
5405	-0.527309
5406	-0.527309
5407	-0.913895
5408	-0.913895
5409	-0.913895
5410	-0.363258
5411	1.39471
5412	-0.303477
5413	-0.686104
5414	-0.686104
5415	1.5427
5416	2.14594
5417	1.90372
5418	-0.347659
5419	0.789504
5420	-1.37357
5421	-0.901602
5422	-1.57299
5423	0.495078
5424	1.07527
5425	0.218533
5426	0.218533
5427	0.112873
5428	-2.42277
5429	-2.3793
5430	-2.3793
5431	-1.28773
5432	-1.28773
5433	0.534165
5434	0.534165
5435	-0.302274
5436	-0.302274
5437	-0.686179
5438	0.172786
5439	0.172786
5440	-1.4259
5441	-1.4259
5442	0.997281
5443	0.22734
5444	1.37595
5445	-0.310417
5446	-0.310417
5447	0.0406173
5448	0.0625372
5449	1.8236
5450	1.8236
5451	1.8236
5452	-0.698797
5453	-0.698797
5454	-0.698797
5455	-0.698797
5456	-0.698797
5457	-0.589626
5458	-0.589626
5459	-0.589626
5460	-2.00822
5461	0.111242
5462	-0.913436
5463	-0.913436
5464	1.03765
5465	-0.929094
5466	-0.929094
5467	0.780279
5468	0.118904
5469	0.490003
5470	0.490003
5471	0.692353
5472	0.692353
5473	2.80717
5474	2.05225
5475	2.05225
5476	1.61667
5477	1.61667
5478	1.61667
5479	-0.798393
5480	0.682487
5481	1.34171
5482	1.34171
5483	1.42211
5484	1.95743
5485	0.232298
5486	0.232298
5487	-0.0866178
5488	-1.43872
5489	0.538342
5490	0.925897
5491	0.925897
5492	0.925897
5493	2.19697
5494	1.2773
5495	1.50968
5496	1.50968
5497	0.802688
5498	-0.242424
5499	-0.0196833
5500	1.35034
5501	0.111055
5502	-0.219285
5503	0.677086
5504	0.677086
5505	0.677086
5506	0.677086
5507	0.603001
5508	-1.65455
5509	-0.908239
5510	-0.908239
5511	-0.908239
5512	-0.908239
5513	0.294412
5514	-0.233233
5515	-0.233233
5516	-0.233233
5517	-0.233233
5518	-0.463062
5519	-0.985147
5520	-1.02502
5521	1.55262
5522	1.55262
5523	0.838826
5524	-0.230657
5525	-0.0793517
5526	-1.04584
5527	-1.04584
5528	-1.04584
5529	0.615173
5530	0.615173
5531	0.615173
5532	-0.987186
5533	-0.591838
5534	0.337957
5535	0.460564
5536	0.460564
5537	0.460564
5538	-0.586018
5539	-1.96541
5540	-1.96541
5541	-1.96541
5542	-0.36336
5543	0.270455
5544	0.270455
5545	0.270455
5546	0.270455
5547	1.32792
5548	1.32792
5549	-0.706912
5550	0.631368
5551	-0.604452
5552	-0.506274
5553	1.64675
5554	-0.252886
5555	0.394859
5556	-1.1783
5557	-0.397803
5558	-0.397803
5559	-0.613768
5560	0.198778
5561	0.254379
5562	0.254379
5563	0.254379
5564	1.45509
5565	1.45509
5566	1.66392
5567	1.66392
5568	1.66392
5569	1.66392
5570	1.66392
5571	0.0317178
5572	0.0317178
5573	0.0317178
5574	0.0317178
5575	1.81836
5576	1.81836
5577	-0.860239
5578	0.191806
5579	0.191806
5580	-2.22146
5581	-2.22146
5582	-2.22146
5583	-2.22146
5584	-2.22146
5585	-1.73287
5586	0.368296
5587	-0.601734
5588	0.236301
5589	0.195738
5590	-0.184746
5591	0.58065
5592	1.54908
5593	-0.00307919
5594	0.859181
5595	0.859181
5596	1.44873
5597	2.06402
5598	2.03703
5599	1.39406
5600	0.164476
5601	-2.04408
5602	-0.819034
5603	-0.819034
5604	-0.683858
5605	-0.683858
5606	0.686905
5607	1.7712
5608	1.7712
5609	1.72115
5610	1.72115
5611	-0.153949
5612	-0.153949
5613	-0.223632
5614	0.638059
5615	2.10465
5616	-0.51629
5617	-0.51629
5618	-0.51629
5619	-1.10498
5620	-0.555164
5621	-2.12275
5622	-1.77722
5623	0.554516
5624	-0.859357
5625	-0.0534538
5626	0.638619
5627	0.0576003
5628	0.0871574
5629	0.0871574
5630	0.0871574
5631	1.40501
5632	1.00681
5633	1.00681
5634	0.636283
5635	0.636283
5636	-0.959691
5637	-1.43716
5638	-1.43716
5639	-0.15993
5640	-0.15993
5641	0.0590007
5642	0.192707
5643	0.192707
5644	0.192707
5645	-0.544109
5646	0.17632
5647	0.17632
5648	-0.075273
5649	-0.075273
5650	-0.449532
5651	-0.766025
5652	-0.766025
5653	1.03429
5654	1.03429
5655	0.83513
5656	-0.144788
5657	-0.855363
5658	-0.845355
5659	0.108443
5660	1.6237
5661	0.542016
5662	0.23415
5663	-0.817267
5664	0.252722
5665	0.54923
5666	0.54923
5667	-1.91039
5668	-1.91039
5669	-1.24483
5670	0.717531
5671	0.717531
5672	0.717531
5673	1.81471
5674	1.1771
5675	1.1771
5676	1.1771
5677	1.1771
5678	2.22494
5679	2.22494
5680	2.22494
5681	2.22494
5682	0.336165
5683	0.336165
5684	-0.123506
5685	-0.123506
5686	-0.277457
5687	-0.277457
5688	-0.74748
5689	-0.74748
5690	0.424995
5691	0.424995
5692	0.119302
5693	1.03774
5694	1.03774
5695	-0.291294
5696	0.413471
5697	0.413471
5698	0.413471
5699	0.908533
5700	0.412917
5701	-1.02911
5702	0.393466
5703	-1.05552
5704	0.575933
5705	0.575933
5706	0.575933
5707	-0.986407
5708	-2.06841
5709	-2.4517
5710	-0.744085
5711	-0.744085
5712	1.34864
5713	-0.114844
5714	1.45839
5715	1.12704
5716	1.12704
5717	1.12704
5718	1.1494
5719	1.1494
5720	1.1494
5721	1.1494
5722	0.259874
5723	-0.179462
5724	0.562077
5725	0.562077
5726	-0.184218
5727	-0.184218
5728	0.349428
5729	0.349428
5730	-0.953404
5731	-0.953404
5732	-0.953404
5733	-0.953404
5734	-0.364848
5735	0.62926
5736	0.62926
5737	-0.236055
5738	1.5311
5739	0.950134
5740	0.806047
5741	0.806047
5742	0.435704
5743	0.435704
5744	0.435704
5745	0.435704
5746	-0.410473
5747	-1.35175
5748	-0.266804
5749	-0.266804
5750	-0.266804
5751	-0.393605
5752	-1.74459
5753	-0.202974
5754	0.860028
5755	2.79833
5756	2.7813
5757	2.6341
5758	2.6341
5759	1.51475
5760	1.51475
5761	0.378677
5762	0.378677
5763	0.378677
5764	0.378677
5765	1.2519
5766	-0.878748
5767	0.535667
5768	1.20912
5769	-1.27345
5770	-1.27345
5771	-1.27345
5772	-1.27345
5773	-1.27345
5774	-1.27345
5775	-0.144905
5776	0.599648
5777	0.599648
5778	-0.633196
5779	0.605626
5780	-0.479731
5781	0.87331
5782	-0.147256
5783	-0.0875057
5784	-0.948948
5785	-0.948948
5786	-1.38853
5787	-1.38853
5788	-0.61871
5789	-0.61871
5790	-1.35299
5791	1.13505
5792	0.689209
5793	0.689209
5794	1.13325
5795	0.416637
5796	0.416637
5797	0.416637
5798	1.00274
5799	0.998728
5800	0.998728
5801	-1.65613
5802	-0.41915
5803	0.657881
5804	0.657881
5805	0.657881
5806	0.657881
5807	0.657881
5808	-0.31481
5809	-0.231052
5810	0.539338
5811	0.539338
5812	0.539338
5813	0.539338
5814	-0.601368
5815	-0.290709
5816	-0.290709
5817	1.27212
5818	-1.06998
5819	1.53288
5820	-0.864569
5821	-0.864569
5822	-0.864569
5823	1.29511
5824	1.29511
5825	1.29511
5826	1.29511
5827	1.29511
5828	0.202935
5829	-0.574235
5830	-0.574235
5831	-0.574235
5832	-2.7952
5833	-2.7952
5834	-2.58507
5835	0.0694946
5836	0.0694946
5837	-1.13809
5838	-2.44481
5839	-1.26846
5840	1.31189
5841	1.31189
5842	1.31189
5843	1.31189
5844	1.31189
5845	0.292819
5846	0.47513
5847	0.47513
5848	-0.163036
5849	0.695128
5850	-0.886109
5851	-0.961405
5852	-0.456519
5853	-0.699746
5854	0.0466563
5855	1.83786
5856	1.79486
5857	1.79486
5858	1.07936
5859	1.07936
5860	-0.72417
5861	-0.72417
5862	-1.33857
5863	-1.33857
5864	1.33103
5865	0.897519
5866	0.897519
5867	0.897519
5868	-0.688582
5869	-0.394406
5870	-0.220201
5871	-2.02892
5872	-2.01449
5873	-1.88149
5874	-0.0159178
5875	-0.0159178
5876	-0.0159178
5877	1.12509
5878	1.71566
5879	1.71566
5880	1.37781
5881	0.958676
5882	0.958676
5883	0.958676
5884	0.958676
5885	0.394178
5886	0.394178
5887	-0.309202
5888	-0.309202
5889	-0.309202
5890	-0.309202
5891	-0.529756
5892	-0.451876
5893	0.966648
5894	-0.167814
5895	-0.167814
5896	1.97761
5897	1.97761
5898	2.10306
5899	-0.263677
5900	1.62296
5901	1.62296
5902	1.06994
5903	0.398316
5904	0.398316
5905	1.44108
5906	1.44108
5907	-0.440389
5908	-0.064084
5909	1.84708
5910	1.84708
5911	1.84708
5912	0.842237
5913	-0.739584
5914	-0.739584
5915	0.741227
5916	0.4649
5917	0.171524
5918	0.171524
5919	0.171524
5920	2.14054
5921	-0.368783
5922	-0.840768
5923	0.45562
5924	-2.0976
5925	-2.0976
5926	-2.0976
5927	-0.679081
5928	1.51775
5929	1.51775
5930	1.45353
5931	1.45353
5932	1.45353
5933	1.46706
5934	1.46706
5935	-0.00452817
5936	-0.0279888
5937	-2.36681
5938	-1.96607
5939	0.508414
5940	0.448587
5941	1.38914
5942	1.32687
5943	1.64629
5944	1.84841
5945	0.096219
5946	0.096219
5947	1.60485
5948	1.17492
5949	-0.67302
5950	-0.67302
5951	0.201469
5952	-1.95332
5953	-1.95332
5954	-1.5057
5955	-1.5057
5956	-1.5057
5957	-1.5057
5958	0.512715
5959	0.134462
5960	0.236162
5961	0.236162
5962	0.838579
5963	1.90781
5964	1.90781
5965	1.90781
5966	1.90781
5967	1.60516
5968	1.60516
5969	1.60516
5970	1.60516
5971	1.16685
5972	1.7029
5973	-0.181265
5974	-0.181265
5975	-0.697571
5976	-0.697571
5977	-1.36531
5978	-0.145623
5979	-0.468028
5980	-0.468028
5981	-0.17199
5982	-0.17199
5983	-0.634081
5984	-0.634081
5985	-0.634081
5986	-0.991748
5987	-1.58219
5988	-1.96762
5989	-1.96762
5990	0.426633
5991	0.801887
5992	0.801887
5993	1.2841
5994	1.2841
5995	1.2841
5996	1.11254
5997	1.11254
5998	1.11254
5999	1.11254
6000	1.61714
6001	0.498336
6002	-1.63899
6003	-0.0883432
6004	-0.532069
6005	-0.532069
6006	-1.08829
6007	-1.68221
6008	-2.03564
6009	-2.03564
6010	-0.163728
6011	0.954079
6012	1.09988
6013	-1.06946
6014	-1.06946
6015	-0.579894
6016	-0.579894
6017	0.766842
6018	1.54691
6019	2.05555
6020	2.05555
6021	2.05555
6022	1.02932
6023	-0.844713
6024	-0.844713
6025	-0.844713
6026	-0.844713
6027	-0.351898
6028	-1.00248
6029	-1.00248
6030	-0.112482
6031	0.726403
6032	-1.11628
6033	-1.11628
6034	-0.420189
6035	1.37448
6036	-0.581871
6037	0.78454
6038	1.05019
6039	0.848245
6040	-0.513225
6041	0.642434
6042	1.95216
6043	1.95216
6044	1.34543
6045	0.436907
6046	0.436907
6047	0.436907
6048	0.436907
6049	0.436907
6050	0.436907
6051	0.436907
6052	1.71005
6053	0.728572
6054	1.88096
6055	1.88096
6056	1.88096
6057	-0.521655
6058	1.85858
6059	-0.0249307
6060	0.379273
6061	-0.0960882
6062	-0.6128
6063	-0.6128
6064	-1.34211
6065	-1.22236
6066	-1.22236
6067	1.50501
6068	-0.242035
6069	-0.121965
6070	-0.852955
6071	-0.852955
6072	0.0959956
6073	0.0959956
6074	-0.215118
6075	-0.215118
6076	-0.769541
6077	-0.769541
6078	-0.769541
6079	-0.769541
6080	-0.769541
6081	-0.769541
6082	-0.769541
6083	-0.751978
6084	0.440938
6085	0.440938
6086	0.440938
6087	-1.22953
6088	-1.65726
6089	0.56826
6090	0.56826
6091	-1.03688
6092	1.43543
6093	-0.344938
6094	-0.344938
6095	-0.344938
6096	0.364769
6097	-0.920956
6098	-0.664834
6099	-0.664834
6100	-0.664834
6101	-0.664834
6102	-0.664834
6103	-1.92715
6104	-1.92715
6105	-1.92715
6106	-0.886596
6107	-0.690864
6108	-0.713518
6109	0.741357
6110	-0.930951
6111	-1.54527
6112	0.249007
6113	0.249007
6114	0.249007
6115	0.249007
6116	-0.35568
6117	0.755987
6118	0.755987
6119	-0.983806
6120	0.73667
6121	-0.260818
6122	-0.220141
6123	-1.20349
6124	-1.37401
6125	-1.37401
6126	-0.44558
6127	-0.44558
6128	-0.448802
6129	0.0873109
6130	1.54115
6131	1.54115
6132	1.54115
6133	1.54115
6134	1.54115
6135	1.54115
6136	-0.600155
6137	-0.600155
6138	-0.595524
6139	-0.595524
6140	1.20715
6141	1.20715
6142	1.20715
6143	-0.697653
6144	0.524964
6145	0.524964
6146	-0.619728
6147	-1.34063
6148	-0.0157854
6149	-0.0157854
6150	-0.0157854
6151	-1.51463
6152	-1.51463
6153	-2.06173
6154	-2.06173
6155	-2.06173
6156	-0.265046
6157	-0.265046
6158	-0.12028
6159	-0.12028
6160	-0.0282797
6161	1.66475
6162	1.66475
6163	1.66475
6164	0.396639
6165	0.396639
6166	0.396639
6167	-2.25336
6168	-0.150693
6169	-0.150693
6170	-1.33749
6171	0.350109
6172	-1.40073
6173	-1.13835
6174	-1.13835
6175	1.14448
6176	0.591213
6177	0.591213
6178	0.591213
6179	0.591213
6180	1.91331
6181	1.19
6182	1.19
6183	0.845527
6184	0.845527
6185	-0.561522
6186	1.90003
6187	1.90003
6188	1.90003
6189	1.90003
6190	0.692293
6191	0.692293
6192	1.11572
6193	-0.543368
6194	1.85932
6195	2.44496
6196	2.71455
6197	0.832231
6198	-0.250979
6199	1.57147
6200	1.57147
6201	1.57147
6202	1.09539
6203	-1.22906
6204	1.05285
6205	1.05285
6206	-1.23874
6207	0.574527
6208	0.574527
6209	-0.670909
6210	-1.19554
6211	-1.19554
6212	-0.385309
6213	-0.385309
6214	-1.24268
6215	-1.24268
6216	-0.468723
6217	-0.468723
6218	-0.468723
6219	1.74406
6220	-0.440601
6221	-0.440601
6222	-0.88951
6223	1.30364
6224	1.30364
6225	1.61926
6226	-0.305849
6227	-0.305849
6228	-0.305849
6229	-2.11314
6230	-0.0341045
6231	-0.0341045
6232	0.279099
6233	0.279099
6234	-0.717527
6235	0.881145
6236	0.258705
6237	-0.118177
6238	-0.813253
6239	-1.09034
6240	-0.81987
6241	-0.81987
6242	-0.81987
6243	1.83445
6244	1.83445
6245	0.509454
6246	0.509454
6247	0.892303
6248	-0.751738
6249	0.380065
6250	0.434291
6251	1.5518
6252	0.0278885
6253	-0.231386
6254	-0.231386
6255	0.898385
6256	0.898385
6257	-1.08679
6258	-0.231752
6259	0.614438
6260	0.614438
6261	0.602731
6262	0.467605
6263	0.290002
6264	0.580285
6265	0.580285
6266	-1.75916
6267	-1.75916
6268	0.38916
6269	1.17675
6270	1.17675
6271	1.17675
6272	-0.598495
6273	-0.598495
6274	-0.563029
6275	-0.563029
6276	-0.563029
6277	-0.563029
6278	1.62371
6279	-1.03743
6280	-0.992453
6281	1.40338
6282	1.40338
6283	0.28505
6284	-0.00144582
6285	-0.00144582
6286	1.0144
6287	1.0144
6288	-1.21492
6289	-1.21492
6290	-1.46188
6291	0.990822
6292	-1.23633
6293	-0.25091
6294	-0.25091
6295	-0.304712
6296	0.602206
6297	1.48779
6298	1.41796
6299	1.41796
6300	-0.866037
6301	-0.768101
6302	-0.296033
6303	-0.296033
6304	0.448661
6305	1.38997
6306	1.17801
6307	0.811067
6308	0.811067
6309	1.25821
6310	0.625862
6311	-1.04227
6312	-1.04227
6313	0.926382
6314	0.926382
6315	0.794048
6316	0.794048
6317	-1.79024
6318	-0.396798
6319	-0.396798
6320	-1.15052
6321	-0.123118
6322	0.333082
6323	0.333082
6324	0.502889
6325	0.502889
6326	1.82357
6327	1.96138
6328	0.470914
6329	-0.0976204
6330	0.908527
6331	1.64343
6332	1.64343
6333	1.64343
6334	1.66005
6335	0.64252
6336	0.459439
6337	-1.57709
6338	-1.57709
6339	-1.10379
6340	0.3667
6341	0.3667
6342	0.3667
6343	0.3667
6344	0.26698
6345	-1.86778
6346	-1.58458
6347	-0.612049
6348	-0.612049
6349	0.488871
6350	1.24387
6351	-0.105588
6352	-0.428235
6353	-1.54661
6354	0.203474
6355	0.203474
6356	-1.27441
6357	-1.27441
6358	-1.27441
6359	1.07062
6360	-0.381377
6361	-0.381377
6362	-0.381377
6363	-0.381377
6364	-0.381377
6365	0.036771
6366	1.3082
6367	0.708112
6368	0.239396
6369	1.09664
6370	0.471755
6371	0.471755
6372	1.17927
6373	-0.889322
6374	1.13896
6375	1.13896
6376	1.50349
6377	1.2618
6378	1.2618
6379	1.2618
6380	1.41819
6381	1.41819
6382	1.09808
6383	0.617418
6384	-1.44713
6385	0.608594
6386	0.608594
6387	0.815448
6388	0.403576
6389	-0.651046
6390	-0.651046
6391	1.09618
6392	1.09618
6393	0.54157
6394	0.840427
6395	0.293656
6396	0.293656
6397	0.293656
6398	0.293656
6399	0.293656
6400	0.529784
6401	0.529784
6402	0.579096
6403	0.60291
6404	-1.24313
6405	-1.26858
6406	-1.26858
6407	-1.26858
6408	-0.0513287
6409	-0.0513287
6410	-0.0513287
6411	1.50868
6412	1.50868
6413	-0.11848
6414	1.37779
6415	1.84056
6416	-0.0874246
6417	-0.0874246
6418	-0.0874246
6419	-1.18043
6420	-0.165486
6421	-1.78266
6422	0.85869
6423	0.0426523
6424	1.59863
6425	1.76652
6426	1.06628
6427	1.06628
6428	1.06628
6429	0.270576
6430	-1.22248
6431	-0.616987
6432	-0.616987
6433	0.93979
6434	0.93979
6435	-0.253169
6436	-0.253169
6437	0.129525
6438	1.06082
6439	0.0145138
6440	0.0145138
6441	0.0145138
6442	-0.537326
6443	-0.262765
6444	-0.262765
6445	-1.06607
6446	0.354657
6447	2.16452
6448	2.16452
6449	2.16452
6450	0.00924804
6451	-2.30265
6452	-2.40273
6453	-2.24323
6454	-2.24323
6455	-2.40941
6456	-0.881908
6457	-0.474689
6458	1.91744
6459	1.91744
6460	1.48628
6461	1.48628
6462	1.48628
6463	-0.745482
6464	-0.745482
6465	0.349061
6466	0.349061
6467	0.349061
6468	-0.00540151
6469	0.0254546
6470	0.0254546
6471	-0.285851
6472	0.969294
6473	-1.31468
6474	0.0204123
6475	2.51219
6476	1.78006
6477	1.78006
6478	2.22799
6479	0.44218
6480	0.959462
6481	1.94483
6482	1.49889
6483	1.49889
6484	0.10107
6485	0.242194
6486	0.242194
6487	0.242194
6488	0.242194
6489	0.242194
6490	0.242194
6491	1.49522
6492	1.13468
6493	1.13468
6494	2.21492
6495	-0.056204
6496	-0.056204
6497	-1.32457
6498	-2.31221
6499	-1.45679
6500	0.842538
6501	0.842538
6502	-0.43083
6503	1.63116
6504	2.30258
6505	2.30258
6506	0.88754
6507	-1.30614
6508	1.28151
6509	-0.811592
6510	-0.82132
6511	-0.82132
6512	-0.82132
6513	-0.82132
6514	-0.82132
6515	0.652276
6516	0.652276
6517	0.652276
6518	1.28188
6519	-0.213935
6520	-0.213935
6521	0.55691
6522	0.55691
6523	-1.08451
6524	-1.08451
6525	-1.62697
6526	-1.62697
6527	-0.203113
6528	-0.203113
6529	-1.25483
6530	-1.25483
6531	1.10993
6532	1.10993
6533	1.10993
6534	-1.05139
6535	-1.40436
6536	-1.40436
6537	-1.40917
6538	0.121733
6539	-0.271018
6540	1.02059
6541	1.02059
6542	0.288113
6543	0.288113
6544	0.288113
6545	1.57715
6546	1.57715
6547	1.57715
6548	-1.09966
6549	-0.954978
6550	-0.954978
6551	-0.76996
6552	-0.76996
6553	1.33304
6554	0.488828
6555	0.488828
6556	0.488828
6557	0.488828
6558	0.488828
6559	0.612278
6560	0.580258
6561	-1.03704
6562	-0.879783
6563	0.815044
6564	0.213429
6565	-1.1854
6566	-1.1854
6567	0.015069
6568	0.745718
6569	-1.68958
6570	-0.205128
6571	-0.792117
6572	-1.0923
6573	-1.0923
6574	-0.145814
6575	-0.145814
6576	0.491859
6577	1.20561
6578	1.20561
6579	0.311958
6580	-1.5152
6581	-1.5152
6582	-1.5152
6583	-0.0081536
6584	-1.10915
6585	-0.102798
6586	1.18033
6587	1.18033
6588	0.825936
6589	0.672758
6590	1.38035
6591	-0.446692
6592	-0.446692
6593	0.391261
6594	0.0749619
6595	0.0749619
6596	1.02376
6597	0.247294
6598	1.348
6599	1.348
6600	1.348
6601	-1.07103
6602	-0.977089
6603	-0.0207256
6604	0.89322
6605	0.89322
6606	0.89322
6607	1.23587
6608	0.748454
6609	0.748454
6610	1.16485
6611	1.16485
6612	-0.460514
6613	-0.460514
6614	-1.13255
6615	0.14176
6616	1.29208
6617	-0.957942
6618	-0.957942
6619	-0.957942
6620	0.458915
6621	1.95468
6622	1.95468
6623	1.93864
6624	1.93864
6625	1.93864
6626	0.618584
6627	0.618584
6628	0.618584
6629	-1.45171
6630	0.861383
6631	-0.911198
6632	-0.911198
6633	-0.911198
6634	-0.911198
6635	1.10816
6636	1.10816
6637	0.742821
6638	-0.257431
6639	0.573639
6640	0.573639
6641	0.573639
6642	-1.2396
6643	-1.2396
6644	-0.220121
6645	-0.220121
6646	1.10217
6647	-1.44577
6648	-0.0960873
6649	-0.277328
6650	0.30566
6651	0.30566
6652	0.30566
6653	0.590399
6654	0.218919
6655	-0.00557926
6656	0.104709
6657	-0.756972
6658	-0.756972
6659	-0.756972
6660	0.0828898
6661	0.0828898
6662	0.644692
6663	0.258324
6664	0.617644
6665	-0.923546
6666	-0.923546
6667	0.0947671
6668	-0.586685
6669	-0.520798
6670	2.1788
6671	2.1788
6672	0.475362
6673	-0.274418
6674	-0.274418
6675	-0.274418
6676	-0.274418
6677	-0.161522
6678	1.16533
6679	0.760831
6680	0.094921
6681	-0.797274
6682	-0.797274
6683	0.559745
6684	-1.60006
6685	-1.80836
6686	-1.80836
6687	-0.243067
6688	-1.07755
6689	-1.07755
6690	-1.07755
6691	1.24962
6692	-0.36082
6693	1.42461
6694	1.45402
6695	-0.894905
6696	-0.254002
6697	-0.254002
6698	0.165623
6699	1.00435
6700	-1.6343
6701	-1.43318
6702	-1.43318
6703	0.460773
6704	0.779288
6705	0.504812
6706	0.504812
6707	0.504812
6708	0.504812
6709	0.504812
6710	0.60973
6711	0.638229
6712	0.638229
6713	2.00496
6714	2.13012
6715	2.13012
6716	-0.434385
6717	-0.434385
6718	1.20819
6719	-0.880853
6720	-0.880853
6721	-0.880853
6722	0.542975
6723	1.22116
6724	-0.643532
6725	-0.643532
6726	-1.34562
6727	-1.34562
6728	1.07221
6729	-0.305321
6730	1.1107
6731	0.0310004
6732	-0.806242
6733	-0.266536
6734	1.32578
6735	-0.592777
6736	-0.592777
6737	1.36215
6738	1.36215
6739	1.36215
6740	-0.283448
6741	1.59273
6742	1.59273
6743	-1.13502
6744	-1.13502
6745	-1.13502
6746	0.895145
6747	0.895145
6748	0.895145
6749	-0.454048
6750	-0.454048
6751	0.447152
6752	0.447152
6753	-0.619971
6754	0.106537
6755	0.420134
6756	-1.88758
6757	-1.88758
6758	-1.46168
6759	-1.46168
6760	-1.27885
6761	-1.27885
6762	-1.27885
6763	0.813001
6764	1.0306
6765	1.29945
6766	-0.387145
6767	-0.387145
6768	-0.908414
6769	-1.6538
6770	-0.521633
6771	-0.521633
6772	-1.29978
6773	-1.29978
6774	-1.5292
6775	-1.30514
6776	-0.5214
6777	-0.0400135
6778	0.330795
6779	0.330795
6780	1.99048
6781	2.20556
6782	2.20556
6783	1.10261
6784	-1.58032
6785	-1.58032
6786	-1.58032
6787	0.550207
6788	0.550207
6789	-0.516793
6790	-0.516793
6791	-0.516793
6792	-0.516793
6793	-0.223939
6794	0.360752
6795	0.517044
6796	-1.43659
6797	0.177707
6798	-1.97134
6799	-1.97134
6800	-1.97134
6801	-1.97134
6802	-1.97134
6803	-1.97134
6804	-1.97134
6805	-1.97134
6806	-1.97134
6807	0.114636
6808	0.114636
6809	0.114636
6810	0.114636
6811	-1.73034
6812	-0.150986
6813	-1.02826
6814	-0.554724
6815	-0.554724
6816	-0.248174
6817	-0.911459
6818	-1.05022
6819	1.36527
6820	0.952514
6821	0.952514
6822	0.952514
6823	0.952514
6824	0.0666026
6825	0.0666026
6826	2.0601
6827	2.0601
6828	0.754387
6829	1.19521
6830	1.19521
6831	1.19521
6832	-1.41071
6833	0.315744
6834	1.4625
6835	1.4625
6836	1.4625
6837	2.19845
6838	2.19845
6839	2.19845
6840	2.19845
6841	2.19845
6842	2.19845
6843	2.19845
6844	1.21031
6845	-0.678275
6846	-0.678275
6847	-0.678275
6848	-0.920688
6849	0.98318
6850	0.316567
6851	0.316567
6852	-1.08174
6853	-1.08898
6854	-1.08898
6855	1.57821
6856	1.57821
6857	1.57821
6858	1.45554
6859	1.45554
6860	-0.0641096
6861	-0.0641096
6862	-0.153423
6863	-0.0904739
6864	-0.0904739
6865	1.23291
6866	1.23291
6867	-1.28387
6868	-1.28387
6869	-1.28387
6870	-0.178864
6871	1.51576
6872	1.51576
6873	0.765393
6874	-0.886041
6875	-0.886041
6876	-0.886041
6877	-0.886041
6878	-0.886041
6879	0.292509
6880	0.292509
6881	-0.192921
6882	1.84001
6883	1.84001
6884	1.84001
6885	1.4095
6886	1.4095
6887	0.637428
6888	1.677
6889	1.677
6890	0.970639
6891	-1.39762
6892	0.0986588
6893	-1.35618
6894	0.618614
6895	0.483165
6896	0.483165
6897	-1.16303
6898	-0.587247
6899	0.578279
6900	0.578279
6901	0.578279
6902	0.578279
6903	0.578279
6904	-1.49539
6905	-1.08562
6906	-1.08562
6907	-0.580096
6908	0.960785
6909	0.960785
6910	-1.02629
6911	1.66939
6912	-0.109543
6913	-0.109543
6914	0.285446
6915	0.285446
6916	0.285446
6917	-0.0503137
6918	-0.0503137
6919	-0.267497
6920	0.478487
6921	-1.53613
6922	-1.53613
6923	-1.53613
6924	-0.180493
6925	-0.527302
6926	-0.527302
6927	-0.527302
6928	0.224651
6929	1.69197
6930	-0.367634
6931	-0.367634
6932	-0.367634
6933	-1.3813
6934	-1.3813
6935	-1.3813
6936	-0.699684
6937	1.33842
6938	1.74028
6939	-0.855242
6940	1.50898
6941	0.433518
6942	-0.194413
6943	1.35618
6944	1.35618
6945	0.272108
6946	0.272108
6947	0.623983
6948	0.623983
6949	-1.76802
6950	-1.76802
6951	-0.291651
6952	-2.07998
6953	-2.07998
6954	-2.07998
6955	-2.07998
6956	-2.07998
6957	0.273928
6958	0.273928
6959	0.273928
6960	-1.06094
6961	-1.03521
6962	0.502625
6963	-1.45493
6964	-1.45493
6965	0.363013
6966	0.363013
6967	-0.664882
6968	-0.664882
6969	-0.664882
6970	-0.664882
6971	-0.664882
6972	-1.01276
6973	-0.340803
6974	-0.340803
6975	1.96282
6976	1.13407
6977	1.13407
6978	-1.32976
6979	-1.32976
6980	1.05645
6981	1.05645
6982	-0.914629
6983	-0.914629
6984	-0.914629
6985	0.139003
6986	1.91263
6987	1.91263
6988	1.32447
6989	-1.20927
6990	0.242633
6991	0.242633
6992	0.242633
6993	-0.0225043
6994	-0.0225043
6995	-0.0225043
6996	-0.0225043
6997	0.431077
6998	-1.77326
6999	-1.77326
7000	0.258536
7001	0.889193
7002	0.419523
7003	0.419523
7004	-1.21526
7005	-0.38425
7006	-0.38425
7007	-0.38425
7008	-0.38425
7009	-0.38425
7010	-0.87193
7011	-0.87193
7012	-0.87193
7013	-0.625275
7014	-0.625275
7015	1.44315
7016	-0.557784
7017	-0.755684
7018	0.679883
7019	0.0450398
7020	0.0450398
7021	0.0450398
7022	0.0110049
7023	0.930738
7024	-0.883134
7025	-0.356729
7026	-0.356729
7027	0.933406
7028	-1.69447
7029	-1.08716
7030	0.248823
7031	0.248823
7032	0.93015
7033	0.93015
7034	0.93015
7035	0.93015
7036	0.506382
7037	0.506382
7038	0.506382
7039	0.506382
7040	0.932789
7041	-1.09523
7042	-0.708413
7043	0.0196971
7044	-1.48499
7045	-1.48499
7046	0.374362
7047	0.374362
7048	-1.48782
7049	-0.329547
7050	-0.329547
7051	-0.423374
7052	-0.423374
7053	0.591773
7054	0.0794428
7055	0.463922
7056	-0.514783
7057	-1.32504
7058	-1.32504
7059	-1.32504
7060	-1.32504
7061	-1.32504
7062	-1.32504
7063	-1.32504
7064	-1.21251
7065	-1.21251
7066	-0.775893
7067	-0.775893
7068	-0.775893
7069	1.16507
7070	-0.972962
7071	-1.30918
7072	-1.30918
7073	0.79867
7074	0.79867
7075	0.79867
7076	0.79867
7077	1.7359
7078	-0.454695
7079	-0.454695
7080	-0.599237
7081	-0.541881
7082	-2.17662
7083	-1.00749
7084	1.17246
7085	1.17246
7086	1.00087
7087	-0.198125
7088	-0.198125
7089	0.0556889
7090	0.186995
7091	-0.958569
7092	-0.958569
7093	-0.958569
7094	-1.8443
7095	-1.8443
7096	-1.8443
7097	0.431382
7098	0.419601
7099	0.419601
7100	0.757434
7101	0.308868
7102	0.308868
7103	0.308868
7104	0.308868
7105	0.308868
7106	0.308868
7107	0.308868
7108	0.308868
7109	0.877301
7110	-1.59164
7111	0.699194
7112	0.699194
7113	0.699194
7114	0.699194
7115	0.699194
7116	-0.719318
7117	-0.455621
7118	-0.455621
7119	-0.455621
7120	1.27543
7121	1.27543
7122	1.27543
7123	1.27543
7124	-1.28876
7125	-1.28876
7126	-0.132041
7127	0.533684
7128	0.533684
7129	0.533684
7130	-0.105753
7131	-0.105753
7132	1.105
7133	-1.30113
7134	-1.30113
7135	-1.30113
7136	1.31403
7137	1.31403
7138	1.31403
7139	1.31403
7140	1.31403
7141	1.31403
7142	0.633323
7143	0.633323
7144	0.421634
7145	1.47838
7146	0.0991768
7147	0.0991768
7148	0.0991768
7149	0.0991768
7150	1.30661
7151	1.30661
7152	1.30661
7153	1.30661
7154	0.308754
7155	0.308754
7156	-0.562581
7157	-0.562581
7158	-0.46852
7159	-0.0355154
7160	1.65242
7161	1.65242
7162	-0.939046
7163	-0.939046
7164	-0.939046
7165	-0.939046
7166	0.0685017
7167	1.08103
7168	1.79109
7169	1.79109
7170	0.80283
7171	0.80283
7172	-0.488402
7173	-0.733752
7174	-0.733752
7175	-0.733752
7176	-0.733752
7177	-0.733752
7178	0.129692
7179	0.129692
7180	0.129692
7181	0.129692
7182	-1.33797
7183	-1.33797
7184	-1.33797
7185	-0.586732
7186	0.995413
7187	-1.09547
7188	0.19905
7189	1.23836
7190	1.23836
7191	1.23836
7192	-1.15282
7193	-1.15282
7194	-1.6049
7195	-1.6049
7196	-1.6049
7197	-1.6049
7198	-1.58455
7199	-1.58455
7200	0.852673
7201	-0.893575
7202	-0.893575
7203	-1.15312
7204	-1.15312
7205	-1.15312
7206	-1.15326
7207	0.395614
7208	0.723232
7209	-1.94736
7210	-1.95594
7211	-1.79156
7212	0.0166462
7213	0.0166462
7214	0.0166462
7215	0.404359
7216	0.404359
7217	0.404359
7218	0.226689
7219	0.226689
7220	-0.979317
7221	-0.979317
7222	-1.27695
7223	-0.656093
7224	0.807682
7225	0.0430327
7226	0.0430327
7227	-1.09517
7228	1.15945
7229	1.15945
7230	1.87665
7231	1.87665
7232	-0.25671
7233	-0.25671
7234	-0.25671
7235	-0.0288931
7236	-0.258327
7237	-0.258327
7238	0.929838
7239	0.929838
7240	0.0358074
7241	-0.479786
7242	0.17286
7243	-0.0916981
7244	-0.399083
7245	2.08251
7246	1.09246
7247	0.684071
7248	1.74366
7249	1.74366
7250	1.38826
7251	0.272365
7252	-0.501565
7253	-0.501565
7254	1.07081
7255	1.07081
7256	0.336351
7257	0.336351
7258	-0.444549
7259	-0.444549
7260	-0.444549
7261	-0.444549
7262	-0.0567629
7263	-0.0567629
7264	-0.0567629
7265	-0.0567629
7266	-0.0567629
7267	-0.89966
7268	1.37915
7269	1.37915
7270	1.37915
7271	1.37915
7272	-0.126211
7273	-0.353965
7274	-1.24576
7275	-1.24576
7276	-1.66733
7277	-1.66733
7278	-1.10915
7279	-1.10915
7280	-1.10915
7281	0.968443
7282	1.99364
7283	1.99364
7284	0.483228
7285	0.483228
7286	-0.62711
7287	-0.62711
7288	-0.306367
7289	-0.624744
7290	0.112917
7291	0.878316
7292	0.878316
7293	0.878316
7294	0.878316
7295	0.878316
7296	1.40018
7297	1.40018
7298	1.87428
7299	0.725079
7300	-0.944471
7301	-0.944471
7302	-1.97738
7303	-1.97738
7304	-1.97738
7305	-1.97738
7306	-0.386651
7307	-0.261758
7308	-0.261758
7309	-2.46046
7310	-0.545602
7311	-0.528945
7312	1.44318
7313	1.44318
7314	1.44318
7315	-0.799121
7316	-0.799121
7317	-0.799121
7318	1.16387
7319	0.277183
7320	0.34984
7321	0.234204
7322	1.77216
7323	-0.899312
7324	-0.143018
7325	-0.143018
7326	-0.155174
7327	-0.135189
7328	-0.135189
7329	-1.49397
7330	0.983085
7331	-1.13678
7332	0.612094
7333	0.612094
7334	0.612094
7335	0.293411
7336	1.56408
7337	0.432696
7338	0.432696
7339	-0.569365
7340	-0.510455
7341	-0.21956
7342	-0.21956
7343	-2.50524
7344	-0.378373
7345	-0.378373
7346	-0.965087
7347	-1.21116
7348	-0.98634
7349	-0.98634
7350	-0.98634
7351	-0.98634
7352	-0.292339
7353	-0.292339
7354	0.0490142
7355	0.0490142
7356	0.0490142
7357	0.0490142
7358	-0.481383
7359	-1.04622
7360	-1.04622
7361	0.492689
7362	0.367899
7363	0.367899
7364	1.02279
7365	1.02279
7366	0.134627
7367	-0.665115
7368	-0.665115
7369	1.36202
7370	-1.3125
7371	0.57948
7372	0.57948
7373	-0.461641
7374	-0.0601376
7375	-1.45376
7376	-1.45376
7377	-1.45376
7378	-1.45376
7379	0.713424
7380	0.713424
7381	0.713424
7382	-1.23378
7383	1.40421
7384	1.40421
7385	1.40421
7386	1.40421
7387	1.40421
7388	1.40421
7389	-0.579969
7390	-0.579969
7391	-0.579969
7392	-0.579969
7393	-0.579969
7394	-1.47734
7395	-1.47734
7396	-1.07409
7397	-1.07409
7398	-0.782702
7399	1.08835
7400	1.08835
7401	0.495492
7402	0.495492
7403	0.495492
7404	-0.510455
7405	-0.13692
7406	0.678779
7407	0.489132
7408	0.489132
7409	0.489132
7410	0.616217
7411	0.326953
7412	-0.397327
7413	-0.914151
7414	-1.68095
7415	-1.68095
7416	1.00872
7417	1.00872
7418	1.00872
7419	0.314599
7420	0.314599
7421	0.303241
7422	0.303241
7423	0.303241
7424	0.787729
7425	0.787729
7426	0.787729
7427	0.787729
7428	0.787729
7429	0.787729
7430	2.56488
7431	2.56488
7432	2.56488
7433	2.56488
7434	2.56488
7435	0.794412
7436	1.5819
7437	1.5819
7438	1.21799
7439	-0.277347
7440	0.851356
7441	0.851356
7442	-0.841632
7443	1.42732
7444	1.40851
7445	1.85717
7446	1.85717
7447	1.27369
7448	1.27369
7449	-1.17169
7450	0.131989
7451	-1.30139
7452	0.456291
7453	-1.41421
7454	-1.41421
7455	-1.41421
7456	-1.41421
7457	-1.41421
7458	0.748837
7459	-1.00832
7460	0.876639
7461	0.584779
7462	0.584779
7463	0.584779
7464	-0.72775
7465	-0.527346
7466	-0.527346
7467	1.40717
7468	-0.350241
7469	-0.282606
7470	-0.282606
7471	-0.737796
7472	-0.59304
7473	0.0418995
7474	0.0418995
7475	0.0418995
7476	-0.30436
7477	-0.30436
7478	-0.30436
7479	-0.482738
7480	-0.482738
7481	0.359574
7482	0.359574
7483	0.244399
7484	-0.711132
7485	-1.99972
7486	-1.22702
7487	-0.686374
7488	0.320026
7489	-0.298504
7490	-0.298504
7491	-0.298504
7492	-0.298504
7493	-0.298504
7494	-0.633821
7495	-0.0419117
7496	1.66275
7497	0.193084
7498	0.193084
7499	0.193084
7500	0.193084
7501	-1.91989
7502	-1.91989
7503	-1.91989
7504	-1.91989
7505	-1.44871
7506	-1.44871
7507	-1.49148
7508	-1.49148
7509	-1.49148
7510	-1.49148
7511	0.91188
7512	0.91188
7513	-1.09393
7514	-1.09393
7515	-0.636226
7516	1.57519
7517	0.853036
7518	0.534697
7519	0.764251
7520	-1.19592
7521	-0.699469
7522	-0.150082
7523	-1.55309
7524	-1.55309
7525	1.03797
7526	1.03797
7527	1.03797
7528	-0.652347
7529	0.651399
7530	0.525012
7531	1.41741
7532	0.663732
7533	-1.3521
7534	0.363814
7535	-0.218795
7536	-0.218795
7537	-0.218795
7538	-1.62277
7539	-1.62277
7540	0.451724
7541	-0.463195
7542	-0.463195
7543	0.234818
7544	-0.125206
7545	-0.125206
7546	-0.469574
7547	1.70232
7548	-0.305202
7549	-0.436975
7550	-1.02873
7551	1.402
7552	1.79547
7553	0.571159
7554	-0.789075
7555	-1.70657
7556	-0.631113
7557	-0.631113
7558	-0.631113
7559	1.75173
7560	1.75173
7561	-0.975017
7562	-0.16911
7563	-0.16911
7564	-0.16911
7565	0.0151159
7566	0.0151159
7567	-0.592661
7568	0.876551
7569	0.876551
7570	0.116812
7571	-0.300311
7572	-1.34875
7573	-2.0501
7574	-0.643243
7575	0.69249
7576	0.69249
7577	-0.348477
7578	-0.348477
7579	-0.0350473
7580	-1.44294
7581	-0.949323
7582	1.78063
7583	-0.262809
7584	-2.37587
7585	-0.353301
7586	0.67645
7587	-0.199579
7588	-0.199579
7589	1.43694
7590	1.43694
7591	1.43694
7592	0.87819
7593	1.11217
7594	1.57714
7595	1.57714
7596	1.57714
7597	-0.557351
7598	-0.557351
7599	-0.577242
7600	-0.577242
7601	-0.577242
7602	-0.0365826
7603	-0.0365826
7604	-0.0365826
7605	1.91466
7606	-0.099667
7607	0.619542
7608	0.619542
7609	0.619542
7610	-1.37618
7611	1.1515
7612	-1.53918
7613	-0.17694
7614	-1.42329
7615	-1.42329
7616	-1.42329
7617	-1.42329
7618	0.613819
7619	0.613819
7620	-2.05514
7621	-0.618891
7622	1.34137
7623	1.34137
7624	-0.159047
7625	-0.0661431
7626	-2.05519
7627	-1.05445
7628	-1.05445
7629	-1.05445
7630	-1.05445
7631	0.860756
7632	2.27269
7633	2.27269
7634	0.123021
7635	-1.2049
7636	-0.447645
7637	1.06228
7638	1.06228
7639	-1.48532
7640	0.143197
7641	0.143197
7642	0.326998
7643	1.35633
7644	-0.231958
7645	0.123111
7646	0.123111
7647	-1.18498
7648	-1.16354
7649	0.144003
7650	-0.137995
7651	0.243132
7652	-0.0403977
7653	-0.0403977
7654	-0.771071
7655	-2.0422
7656	-2.0422
7657	-2.0422
7658	-1.02422
7659	-0.403118
7660	-1.88871
7661	-1.88871
7662	-1.88871
7663	-0.332679
7664	-0.332679
7665	-0.332679
7666	-0.205202
7667	-1.26917
7668	-1.26917
7669	-1.44645
7670	0.0392225
7671	0.0392225
7672	-0.208473
7673	-0.208473
7674	-0.995832
7675	1.56651
7676	1.82596
7677	0.577411
7678	1.39652
7679	0.606544
7680	-0.176265
7681	-1.02863
7682	0.134278
7683	0.134278
7684	-0.424449
7685	-0.424449
7686	-0.199377
7687	2.0605
7688	2.0605
7689	2.0605
7690	1.89303
7691	0.68277
7692	0.884064
7693	0.373243
7694	0.373243
7695	1.62493
7696	0.475753
7697	0.475753
7698	1.33207
7699	1.33207
7700	1.33207
7701	1.33207
7702	1.33207
7703	1.04448
7704	2.1158
7705	2.1158
7706	2.1158
7707	2.72569
7708	0.405032
7709	-0.890313
7710	-0.890313
7711	-1.98791
7712	-1.98791
7713	-2.16486
7714	-2.16486
7715	-1.16526
7716	-0.956751
7717	-0.0217128
7718	-0.0217128
7719	-0.0217128
7720	-0.766137
7721	0.496229
7722	0.177991
7723	-0.555681
7724	-1.25923
7725	-1.79754
7726	-2.20057
7727	-1.74253
7728	-1.97259
7729	-1.08958
7730	0.128391
7731	0.128391
7732	0.128391
7733	1.36491
7734	1.36491
7735	0.176776
7736	0.924614
7737	-0.478062
7738	-0.100484
7739	-0.246127
7740	-0.246127
7741	-0.246127
7742	-0.246127
7743	-0.246127
7744	1.20865
7745	1.20865
7746	1.20865
7747	1.1449
7748	1.40187
7749	1.40187
7750	1.40187
7751	2.49286
7752	2.49286
7753	2.49286
7754	2.49286
7755	2.49286
7756	1.38013
7757	-0.49535
7758	-0.49535
7759	0.108623
7760	1.45443
7761	-0.893783
7762	-0.893783
7763	-0.858551
7764	0.566339
7765	0.566339
7766	1.44048
7767	0.454276
7768	0.454276
7769	-1.41036
7770	-0.561905
7771	-1.17463
7772	0.695353
7773	-0.936837
7774	-0.936837
7775	-0.936837
7776	-0.936837
7777	-0.936837
7778	-0.936837
7779	-0.936837
7780	1.3608
7781	1.3608
7782	0.547065
7783	0.547065
7784	0.547065
7785	0.547065
7786	2.24431
7787	2.24431
7788	1.55089
7789	1.55089
7790	1.6315
7791	1.6315
7792	1.6315
7793	1.6315
7794	0.455607
7795	0.455607
7796	0.348301
7797	0.348301
7798	0.348301
7799	1.45744
7800	1.45744
7801	1.83979
7802	0.394782
7803	1.06407
7804	1.06407
7805	1.59833
7806	0.90971
7807	0.90971
7808	0.90971
7809	-0.48693
7810	1.17628
7811	1.17628
7812	-0.123424
7813	-0.123424
7814	0.218604
7815	0.218604
7816	0.695651
7817	1.16047
7818	-0.642355
7819	-0.648399
7820	1.23323
7821	0.249268
7822	0.249268
7823	1.99158
7824	1.99158
7825	1.53307
7826	-0.513509
7827	0.193587
7828	1.41213
7829	-0.487444
7830	-0.445285
7831	-0.445285
7832	1.18869
7833	0.616651
7834	1.26165
7835	1.26165
7836	-1.34509
7837	0.026595
7838	0.026595
7839	-0.744349
7840	-0.744349
7841	-0.744349
7842	0.454564
7843	1.481
7844	-0.589032
7845	-0.589032
7846	-0.589032
7847	-0.589032
7848	-0.589032
7849	-0.589032
7850	1.27696
7851	-1.44125
7852	-1.44125
7853	-2.20537
7854	-1.1526
7855	-2.39926
7856	-2.39926
7857	-0.983273
7858	-0.906254
7859	-0.906254
7860	-0.186811
7861	0.446002
7862	0.446002
7863	-1.61367
7864	0.350838
7865	2.06335
7866	2.06335
7867	1.74186
7868	-0.169044
7869	-0.382202
7870	1.9431
7871	1.9431
7872	1.9431
7873	1.57579
7874	1.408
7875	1.408
7876	0.141519
7877	0.141519
7878	0.630321
7879	-0.0862535
7880	-2.46867
7881	-2.50787
7882	-2.50787
7883	-1.78894
7884	-2.2645
7885	-2.185
7886	-2.185
7887	-0.961376
7888	-0.961376
7889	-0.961376
7890	-0.961376
7891	0.114477
7892	0.114477
7893	1.33784
7894	1.33784
7895	0.178435
7896	0.530111
7897	0.530111
7898	0.530111
7899	0.530111
7900	0.592268
7901	0.256179
7902	-0.674449
7903	1.37371
7904	1.37371
7905	1.63709
7906	1.63709
7907	-0.328129
7908	-0.252018
7909	-0.0277051
7910	-0.0277051
7911	1.71098
7912	1.77508
7913	1.77508
7914	1.79399
7915	1.52098
7916	-1.01883
7917	0.969949
7918	-0.820673
7919	-0.820673
7920	-0.820673
7921	-1.59452
7922	-0.398705
7923	-1.3302
7924	0.589792
7925	0.729132
7926	-0.316512
7927	-0.316512
7928	0.145765
7929	0.145765
7930	0.145765
7931	0.145765
7932	0.145765
7933	-0.764113
7934	-0.764113
7935	-0.764113
7936	1.08252
7937	1.3516
7938	1.3516
7939	-1.02921
7940	-1.02921
7941	-1.70792
7942	-0.249247
7943	-0.249247
7944	-0.249247
7945	1.40139
7946	1.40139
7947	1.66166
7948	1.66166
7949	1.66166
7950	-0.316918
7951	-0.316918
7952	-0.316918
7953	-0.316918
7954	0.1701
7955	0.1701
7956	-0.236071
7957	-0.236071
7958	-2.53551
7959	-2.53551
7960	-0.080257
7961	-0.586973
7962	-1.70978
7963	-1.70978
7964	-1.70978
7965	-1.70978
7966	-0.383265
7967	-0.383265
7968	-0.425237
7969	-1.41795
7970	-1.88921
7971	-1.88921
7972	-1.88921
7973	-1.88921
7974	-2.44194
7975	-1.13964
7976	-0.877739
7977	-1.48324
7978	-1.49823
7979	-0.357518
7980	-0.357518
7981	-0.357518
7982	-0.357518
7983	-0.379842
7984	-0.379842
7985	-0.379842
7986	-0.379842
7987	0.572543
7988	0.572543
7989	-0.753739
7990	-0.753739
7991	0.965972
7992	0.965972
7993	-0.833148
7994	-0.382613
7995	-0.0756663
7996	-0.35525
7997	-0.35525
7998	-0.35525
7999	-0.35525
8000	0.48639
8001	-1.71248
8002	-1.71248
8003	-1.71248
8004	-1.78073
8005	-1.68089
8006	-1.68089
8007	-1.68089
8008	0.905664
8009	0.905664
8010	0.905664
8011	1.54854
8012	1.54854
8013	1.82517
8014	-0.732897
8015	-2.04409
8016	0.146043
8017	0.146043
8018	0.146043
8019	-0.225183
8020	-0.225183
8021	0.497769
8022	0.497769
8023	0.497769
8024	0.989105
8025	0.649143
8026	-0.179762
8027	0.148272
8028	0.0665274
8029	-2.11472
8030	-2.11472
8031	-2.11472
8032	-1.19346
8033	0.00271418
8034	0.00271418
8035	0.831802
8036	-0.44111
8037	-0.44111
8038	-0.44111
8039	-0.44111
8040	-1.65432
8041	-0.867953
8042	-0.867953
8043	-0.539059
8044	-0.539059
8045	-0.971262
8046	-0.971262
8047	-0.971262
8048	0.10352
8049	0.557952
8050	-0.782307
8051	1.72574
8052	-0.298579
8053	-0.763116
8054	-1.91003
8055	-0.129107
8056	2.26882
8057	1.01467
8058	-1.66129
8059	-1.66129
8060	0.639179
8061	0.639179
8062	1.13632
8063	1.13632
8064	0.589703
8065	-0.443039
8066	-0.103556
8067	-0.103556
8068	-0.103556
8069	1.62303
8070	1.62303
8071	-0.401583
8072	-0.401583
8073	-0.401583
8074	1.53349
8075	2.16691
8076	0.423039
8077	1.21251
8078	0.257902
8079	0.257902
8080	0.789734
8081	0.789734
8082	0.789734
8083	0.15342
8084	1.36385
8085	1.36717
8086	1.36717
8087	-0.264909
8088	1.0845
8089	0.878868
8090	1.66945
8091	0.0235618
8092	1.49067
8093	1.49067
8094	1.49067
8095	1.97432
8096	1.97432
8097	2.34967
8098	2.34967
8099	2.34967
8100	2.34967
8101	1.4085
8102	1.4085
8103	-0.158007
8104	-0.158007
8105	-0.158007
8106	1.31789
8107	0.516504
8108	0.516504
8109	0.516504
8110	0.516504
8111	0.59611
8112	0.563461
8113	0.563461
8114	1.16504
8115	-0.847972
8116	-0.847972
8117	-0.847972
8118	-0.46914
8119	2.07043
8120	-0.572615
8121	-0.572615
8122	-0.291167
8123	-0.291167
8124	-0.194051
8125	-0.194051
8126	0.777464
8127	-0.27688
8128	-1.53056
8129	-1.53056
8130	-0.846104
8131	1.27957
8132	-0.556114
8133	-0.556114
8134	0.0694323
8135	0.706635
8136	1.4833
8137	0.0811864
8138	1.05492
8139	1.05492
8140	1.05492
8141	1.05492
8142	1.62001
8143	-0.378932
8144	0.473118
8145	0.473118
8146	0.770807
8147	0.605297
8148	0.305534
8149	0.305534
8150	2.0441
8151	2.46891
8152	0.199435
8153	-0.955907
8154	-0.955907
8155	-1.25418
8156	-0.93178
8157	0.203491
8158	0.203491
8159	0.203491
8160	1.7846
8161	1.15265
8162	-0.123719
8163	-0.123719
8164	-0.806349
8165	0.131251
8166	0.0473241
8167	-0.468017
8168	0.659768
8169	-0.78124
8170	-1.41323
8171	-1.41323
8172	0.43356
8173	-0.781235
8174	0.527749
8175	0.633785
8176	-1.61467
8177	-1.29711
8178	-0.756877
8179	-0.331423
8180	-0.35123
8181	-0.649599
8182	0.108191
8183	0.108191
8184	-0.720184
8185	0.852246
8186	0.852246
8187	0.95954
8188	-1.18862
8189	-1.18862
8190	1.51417
8191	1.5359
8192	1.61282
8193	-0.670489
8194	-1.57737
8195	-1.55456
8196	-1.55456
8197	-1.55456
8198	0.355377
8199	0.355377
8200	0.355377
8201	0.0186314
8202	0.0186314
8203	-0.455068
8204	-0.455068
8205	1.23931
8206	0.610411
8207	0.610411
8208	0.217073
8209	-0.985529
8210	-1.01384
8211	-1.01384
8212	-1.36467
8213	-1.67231
8214	-1.08317
8215	-1.08317
8216	-0.967095
8217	-0.613505
8218	-0.613505
8219	-0.613505
8220	0.23179
8221	0.23179
8222	-0.21182
8223	-1.91604
8224	-1.91604
8225	-0.921942
8226	1.06709
8227	0.858625
8228	2.1193
8229	2.1193
8230	0.604517
8231	1.97388
8232	-0.324057
8233	-0.324057
8234	0.421416
8235	0.421416
8236	0.21424
8237	0.21424
8238	0.813331
8239	0.813331
8240	-0.423016
8241	-0.254562
8242	1.41124
8243	0.774404
8244	0.984917
8245	1.00876
8246	-0.448306
8247	-0.448306
8248	-1.12152
8249	-1.12152
8250	-0.817488
8251	-1.64772
8252	0.38993
8253	-0.820156
8254	-0.598926
8255	-0.598926
8256	-2.03643
8257	-2.04205
8258	-2.04205
8259	-1.16097
8260	1.22449
8261	-1.44098
8262	-2.31843
8263	-2.31843
8264	-2.2817
8265	-2.2817
8266	-2.2817
8267	-1.64218
8268	-1.64218
8269	-1.07561
8270	1.3634
8271	-0.887766
8272	-0.887766
8273	-0.384609
8274	0.163923
8275	1.30308
8276	-0.32229
8277	-0.32229
8278	1.7171
8279	0.0275408
8280	0.0275408
8281	0.0275408
8282	0.0275408
8283	0.0275408
8284	0.0275408
8285	-0.328542
8286	1.27576
8287	1.27576
8288	1.27459
8289	0.0633385
8290	-1.19369
8291	-1.19369
8292	-1.19369
8293	1.55534
8294	1.55534
8295	1.55534
8296	-0.387418
8297	0.319418
8298	0.319418
8299	0.319418
8300	-0.280571
8301	-0.77598
8302	-1.20102
8303	-0.840777
8304	-0.51348
8305	1.35976
8306	1.35976
8307	1.35976
8308	1.48033
8309	1.48033
8310	-0.708945
8311	1.6208
8312	1.66154
8313	1.66154
8314	1.66154
8315	0.52576
8316	-1.64644
8317	-1.35245
8318	-0.338251
8319	-0.588103
8320	-0.588103
8321	1.64432
8322	1.64432
8323	1.64432
8324	1.64432
8325	1.67288
8326	-0.595653
8327	-1.20276
8328	-1.062
8329	-0.78623
8330	-0.78623
8331	-0.78623
8332	-0.624981
8333	-0.487107
8334	-0.487107
8335	-0.487107
8336	-0.760853
8337	-0.760853
8338	-1.64105
8339	-0.464448
8340	-1.45693
8341	-1.45693
8342	-0.603606
8343	0.0138767
8344	-0.945899
8345	-0.945899
8346	-0.945899
8347	-1.15431
8348	0.732345
8349	0.732345
8350	-1.59184
8351	-1.33472
8352	0.369106
8353	1.09051
8354	-1.06927
8355	1.03456
8356	1.03456
8357	0.178352
8358	0.299717
8359	-1.3191
8360	-0.534119
8361	-0.534119
8362	0.636162
8363	-1.43957
8364	0.406722
8365	0.406722
8366	-1.84388
8367	-0.948773
8368	1.77347
8369	0.317493
8370	0.0266756
8371	0.0266756
8372	1.26301
8373	0.363428
8374	0.363428
8375	0.363428
8376	0.363428
8377	0.363428
8378	0.309152
8379	0.309152
8380	0.309152
8381	-0.0771576
8382	-0.0771576
8383	-0.0771576
8384	1.50708
8385	1.50708
8386	1.50708
8387	1.82799
8388	-0.480961
8389	0.728644
8390	-1.45714
8391	-0.320297
8392	-0.494384
8393	-0.494384
8394	-2.12884
8395	-1.6045
8396	-2.33898
8397	-2.33898
8398	-2.33898
8399	-1.23146
8400	0.161472
8401	-0.4173
8402	-1.53666
8403	-1.53666
8404	-1.53666
8405	-1.53666
8406	-1.53666
8407	-1.53666
8408	1.12537
8409	1.12537
8410	-0.0923769
8411	0.714277
8412	0.714277
8413	-1.18302
8414	-0.110184
8415	-0.110184
8416	0.245271
8417	-1.84041
8418	-0.234094
8419	-0.234094
8420	-0.234094
8421	-0.234094
8422	-0.234094
8423	-1.29251
8424	1.11317
8425	0.371907
8426	-1.30827
8427	-1.64814
8428	-1.64814
8429	-0.456052
8430	-0.456052
8431	-0.456052
8432	-0.456052
8433	-0.456052
8434	0.928412
8435	0.643242
8436	-1.00631
8437	1.41252
8438	1.44264
8439	1.44264
8440	0.44066
8441	0.944507
8442	1.41327
8443	1.41327
8444	1.41327
8445	0.640959
8446	0.640959
8447	-0.287843
8448	-0.410077
8449	-0.410077
8450	0.832166
8451	0.832166
8452	0.815406
8453	0.815406
8454	-0.658095
8455	0.771177
8456	0.461423
8457	0.500628
8458	-1.56404
8459	-0.700405
8460	0.226076
8461	0.226076
8462	-1.37703
8463	-1.37703
8464	-1.34213
8465	-0.0145376
8466	-0.0145376
8467	-0.0145376
8468	-0.0145376
8469	1.09323
8470	1.09323
8471	0.869836
8472	0.869836
8473	0.869836
8474	-0.885734
8475	-0.0227083
8476	-0.0227083
8477	0.269462
8478	-0.00427756
8479	0.460295
8480	0.0730345
8481	-0.565532
8482	-0.565532
8483	-0.565532
8484	-0.565532
8485	0.406595
8486	-1.22289
8487	-1.22289
8488	0.614367
8489	0.703605
8490	-0.699811
8491	-0.699811
8492	-1.03529
8493	-1.79083
8494	-1.79083
8495	0.899551
8496	-1.38234
8497	-1.89369
8498	-1.19456
8499	-1.19456
8500	-0.703597
8501	-1.34731
8502	0.623591
8503	1.8773
8504	1.8773
8505	1.33602
8506	-0.685275
8507	1.07535
8508	1.07535
8509	0.688592
8510	0.688592
8511	0.688592
8512	0.688592
8513	0.112306
8514	0.112306
8515	1.25642
8516	1.57495
8517	1.57495
8518	1.57495
8519	1.39686
8520	1.39686
8521	1.39686
8522	1.39686
8523	1.39686
8524	0.274262
8525	0.132408
8526	0.132408
8527	-0.528184
8528	-0.528184
8529	0.213716
8530	0.795704
8531	0.795704
8532	0.00258253
8533	0.00258253
8534	0.00258253
8535	0.00258253
8536	-0.352431
8537	-0.352431
8538	1.80224
8539	-0.910006
8540	-1.43411
8541	-1.93696
8542	-1.93696
8543	-1.93696
8544	-1.93696
8545	-1.2899
8546	-1.2899
8547	-0.280228
8548	-0.280228
8549	-0.569283
8550	-1.56626
8551	-1.57755
8552	-1.57755
8553	-0.950205
8554	-0.0438843
8555	-0.0438843
8556	-0.0438843
8557	-0.0438843
8558	-0.0438843
8559	-0.253404
8560	1.62447
8561	1.62447
8562	0.157521
8563	0.893961
8564	0.893961
8565	0.893961
8566	0.893961
8567	-0.343424
8568	-0.343424
8569	0.537061
8570	0.537061
8571	0.537061
8572	0.537061
8573	1.502
8574	0.928906
8575	0.575861
8576	0.575861
8577	-0.519608
8578	-0.610849
8579	0.838892
8580	0.838892
8581	1.10558
8582	-0.228497
8583	-0.508921
8584	-0.781909
8585	-1.101
8586	-1.101
8587	-1.101
8588	1.318
8589	1.318
8590	0.620762
8591	-0.0688324
8592	0.155886
8593	0.11569
8594	0.11569
8595	0.11569
8596	-1.92854
8597	-1.92854
8598	-0.127155
8599	-0.127155
8600	-0.127155
8601	0.808517
8602	0.808517
8603	1.88785
8604	0.378359
8605	1.60632
8606	1.08943
8607	0.0663495
8608	0.0663495
8609	0.0663495
8610	-0.355431
8611	0.548213
8612	0.548213
8613	0.362176
8614	1.12224
8615	1.12224
8616	1.12224
8617	0.145913
8618	0.145913
8619	0.145913
8620	0.665846
8621	0.665846
8622	0.665846
8623	0.692525
8624	1.11664
8625	1.11664
8626	1.11664
8627	1.11664
8628	1.06958
8629	-0.905183
8630	-0.905183
8631	-0.905183
8632	0.632342
8633	-1.11085
8634	-1.11085
8635	-0.837374
8636	-1.84911
8637	-1.84911
8638	-1.84911
8639	-1.84911
8640	-0.0641587
8641	-0.0641587
8642	-0.229863
8643	-0.229863
8644	-0.229863
8645	-0.237531
8646	-1.22338
8647	-1.22338
8648	-0.343296
8649	-0.343296
8650	-0.343296
8651	-1.2348
8652	1.15338
8653	1.15338
8654	0.555261
8655	-0.151044
8656	-0.55284
8657	-0.55284
8658	-0.55284
8659	1.14059
8660	0.516614
8661	0.962426
8662	-0.805809
8663	-0.805809
8664	-0.997037
8665	-0.997037
8666	-0.997037
8667	-0.870583
8668	-0.375082
8669	-0.834715
8670	-1.02283
8671	-1.02283
8672	-0.799043
8673	-0.963448
8674	-1.36689
8675	-1.36689
8676	0.746771
8677	1.17511
8678	1.17511
8679	-0.850022
8680	0.633195
8681	-1.25773
8682	0.886725
8683	0.343702
8684	1.67572
8685	-0.475649
8686	-0.475649
8687	-0.475649
8688	-2.02724
8689	-0.9351
8690	1.03279
8691	1.03279
8692	1.25911
8693	1.59991
8694	1.59991
8695	1.59991
8696	1.59991
8697	1.41017
8698	1.41017
8699	1.5884
8700	0.408188
8701	0.15265
8702	2.20083
8703	2.20083
8704	1.68534
8705	1.15781
8706	1.44545
8707	0.616429
8708	0.616429
8709	0.616429
8710	0.388037
8711	0.388037
8712	0.388037
8713	0.950028
8714	0.950028
8715	0.388753
8716	0.388753
8717	0.956485
8718	-0.621589
8719	1.35773
8720	1.89345
8721	1.89345
8722	1.89345
8723	1.89345
8724	-0.28299
8725	1.58998
8726	1.36514
8727	1.36514
8728	0.252681
8729	-0.820337
8730	-0.820337
8731	-1.39357
8732	0.310494
8733	1.06487
8734	-1.64991
8735	0.164959
8736	-1.90643
8737	-1.90643
8738	-1.90643
8739	-1.90643
8740	-1.90643
8741	-0.41364
8742	-0.41364
8743	-0.837526
8744	-0.837526
8745	0.775844
8746	0.775844
8747	-1.03661
8748	-1.03661
8749	0.531449
8750	0.229651
8751	0.229651
8752	0.229651
8753	0.229651
8754	-1.3458
8755	-1.3458
8756	-1.3458
8757	-0.464736
8758	-1.84482
8759	-1.84482
8760	-1.84482
8761	0.872296
8762	-1.59689
8763	-1.59689
8764	-0.646229
8765	-0.0292613
8766	-0.0292613
8767	-1.22365
8768	-1.22365
8769	1.22662
8770	1.22662
8771	1.22662
8772	1.22662
8773	-0.621425
8774	1.39474
8775	0.275747
8776	0.275747
8777	0.150295
8778	1.20125
8779	-0.469819
8780	-1.0194
8781	-1.0194
8782	-1.0194
8783	0.387107
8784	0.387107
8785	-0.810519
8786	0.219941
8787	1.68871
8788	1.68871
8789	1.68871
8790	0.81438
8791	0.81438
8792	0.81438
8793	-1.36053
8794	-0.569107
8795	0.236493
8796	0.236493
8797	0.236493
8798	0.236493
8799	0.236493
8800	0.236493
8801	-0.488692
8802	-0.0689198
8803	-0.0689198
8804	-0.960361
8805	-1.00401
8806	-0.111419
8807	-0.111419
8808	-0.936321
8809	-0.936321
8810	1.49349
8811	0.308466
8812	0.308466
8813	1.07111
8814	0.0566092
8815	0.876126
8816	0.876126
8817	1.29712
8818	1.29712
8819	1.29712
8820	-0.0902764
8821	-0.0902764
8822	0.418782
8823	0.395957
8824	0.395957
8825	0.722005
8826	0.188623
8827	1.29999
8828	-1.16884
8829	0.613669
8830	0.928856
8831	0.699295
8832	0.699295
8833	1.32917
8834	1.32917
8835	1.32917
8836	1.32917
8837	-0.882144
8838	-1.16574
8839	-1.10075
8840	-0.787831
8841	-0.787831
8842	-0.787831
8843	0.721571
8844	-1.66141
8845	-1.66141
8846	-1.66141
8847	-0.479007
8848	-0.479007
8849	-0.479007
8850	-1.75869
8851	0.461675
8852	-0.371595
8853	-2.6597
8854	-2.6597
8855	-2.6597
8856	-2.6597
8857	-2.73955
8858	-2.97662
8859	-2.97662
8860	-3.0937
8861	-3.0937
8862	-3.0588
8863	-3.0588
8864	-3.0588
8865	-0.564773
8866	-0.564773
8867	-0.952971
8868	-0.952971
8869	-0.952971
8870	-0.952971
8871	-1.36037
8872	-1.28809
8873	0.817335
8874	0.710367
8875	-0.767169
8876	0.810363
8877	1.55081
8878	1.55081
8879	-0.257404
8880	-0.257404
8881	-0.257404
8882	-0.257404
8883	-0.257404
8884	-0.257404
8885	-0.0197831
8886	-0.0197831
8887	-0.0197831
8888	-0.044731
8889	0.332188
8890	-0.849881
8891	-0.286865
8892	-0.656208
8893	-0.35255
8894	-1.89077
8895	-2.04633
8896	-2.04633
8897	-2.04633
8898	-2.04633
8899	-2.04633
8900	-2.04633
8901	-2.04633
8902	-1.346
8903	-1.11534
8904	1.20419
8905	0.10897
8906	1.48233
8907	2.27828
8908	0.0740542
8909	0.0809937
8910	0.127204
8911	-0.171931
8912	-0.171931
8913	-0.345866
8914	-0.345866
8915	0.312959
8916	1.93606
8917	1.21601
8918	1.21601
8919	-0.348571
8920	-1.2496
8921	0.980015
8922	0.980015
8923	1.53121
8924	1.01523
8925	1.01523
8926	1.01523
8927	1.01523
8928	1.01523
8929	1.01523
8930	-0.00513468
8931	-0.00513468
8932	1.16207
8933	0.903127
8934	0.951538
8935	0.951538
8936	0.163019
8937	-0.820446
8938	-0.69276
8939	-0.69276
8940	-0.69276
8941	-0.69276
8942	-0.69276
8943	-0.357112
8944	-0.357112
8945	-2.30679
8946	-1.26129
8947	-1.88555
8948	-0.816573
8949	0.341441
8950	-0.562391
8951	-0.516231
8952	-0.516231
8953	-1.29672
8954	1.26301
8955	1.26301
8956	-1.03082
8957	-1.03082
8958	-1.03082
8959	1.17106
8960	1.56919
8961	1.14243
8962	0.97146
8963	-1.03894
8964	-1.03894
8965	-1.39584
8966	-1.39584
8967	0.099292
8968	1.5125
8969	-0.331758
8970	1.45112
8971	-0.740257
8972	-0.740257
8973	-0.599175
8974	-0.599175
8975	-0.599175
8976	-0.878716
8977	1.00787
8978	1.01748
8979	1.54152
8980	-0.292757
8981	-0.292757
8982	-0.292757
8983	1.92225
8984	0.894057
8985	0.384328
8986	0.384328
8987	0.384328
8988	1.87217
8989	0.896344
8990	0.0943131
8991	0.0943131
8992	1.3715
8993	0.624029
8994	0.624029
8995	0.986063
8996	0.986063
8997	1.96664
8998	1.52623
8999	0.558777
9000	0.124581
9001	0.124581
9002	2.3071
9003	-0.339302
9004	-0.869215
9005	0.25325
9006	0.25325
9007	-1.44913
9008	0.0500866
9009	0.0458102
9010	-0.72821
9011	0.534196
9012	-1.09835
9013	1.35046
9014	2.00974
9015	-0.229287
9016	-0.671961
9017	-0.639687
9018	-0.639687
9019	-1.28889
9020	-1.28889
9021	0.742244
9022	0.742244
9023	0.742244
9024	0.742244
9025	-1.18193
9026	-0.596842
9027	0.726511
9028	0.726511
9029	0.976926
9030	0.976926
9031	0.836765
9032	0.840895
9033	0.840895
9034	1.08612
9035	1.27662
9036	1.27662
9037	1.38128
9038	2.23034
9039	0.51706
9040	0.328074
9041	1.14821
9042	1.14821
9043	-0.808069
9044	-1.99614
9045	-1.99614
9046	-1.99614
9047	-1.42854
9048	-1.42854
9049	0.948401
9050	0.816459
9051	0.148863
9052	0.773366
9053	-0.1202
9054	0.738962
9055	1.52569
9056	0.183459
9057	0.183459
9058	0.183459
9059	0.183459
9060	-0.718917
9061	-0.718917
9062	1.16676
9063	-0.326507
9064	-0.326507
9065	0.127556
9066	0.127556
9067	0.127556
9068	0.127556
9069	-0.228866
9070	0.325172
9071	-0.967047
9072	-0.967047
9073	-1.50147
9074	-0.870545
9075	-0.870545
9076	1.51155
9077	1.51155
9078	-0.407894
9079	-0.146211
9080	0.680935
9081	-1.27797
9082	0.131909
9083	-1.85422
9084	-1.85422
9085	-0.467357
9086	-0.467357
9087	0.188089
9088	0.188089
9089	0.188089
9090	0.208475
9091	-1.11129
9092	-0.546934
9093	-0.546934
9094	1.32267
9095	-0.74803
9096	-0.74803
9097	0.0115581
9098	0.0115581
9099	0.0115581
9100	0.0115581
9101	-0.412632
9102	-0.412632
9103	0.631333
9104	2.44477
9105	2.44477
9106	-0.145497
9107	0.0067467
9108	1.52435
9109	-0.860118
9110	-0.779932
9111	1.36209
9112	1.36209
9113	1.36209
9114	0.709775
9115	-1.02435
9116	0.409392
9117	0.409392
9118	-1.2869
9119	-1.2869
9120	0.400766
9121	-0.960255
9122	1.21048
9123	-1.52221
9124	0.356017
9125	0.356017
9126	0.356017
9127	-1.08028
9128	1.28208
9129	1.28208
9130	1.0328
9131	1.0328
9132	1.0328
9133	-0.347991
9134	-0.347991
9135	-0.347991
9136	-0.347991
9137	-0.847548
9138	-1.13452
9139	0.048619
9140	0.048619
9141	0.45715
9142	1.35531
9143	-0.286615
9144	-0.2669
9145	-1.52887
9146	0.140776
9147	1.53735
9148	-0.442833
9149	-0.442833
9150	-0.354245
9151	-0.354245
9152	-0.0756284
9153	0.70941
9154	0.70941
9155	0.330623
9156	0.838057
9157	1.76951
9158	1.63285
9159	1.63285
9160	1.92309
9161	1.92309
9162	1.62071
9163	0.182427
9164	-1.1596
9165	-1.1596
9166	-1.52303
9167	-1.16209
9168	-1.21488
9169	-0.860137
9170	-0.860137
9171	-0.860137
9172	-0.860137
9173	-0.860137
9174	1.74309
9175	1.74309
9176	1.74309
9177	-0.02652
9178	0.61904
9179	0.61904
9180	1.35272
9181	-0.721025
9182	0.0975837
9183	0.0975837
9184	0.0975837
9185	0.0975837
9186	0.0975837
9187	0.0975837
9188	1.197
9189	-1.11312
9190	1.44806
9191	1.44806
9192	1.15521
9193	0.683515
9194	-0.745596
9195	1.31926
9196	1.31926
9197	2.48996
9198	2.48996
9199	2.48996
9200	2.53837
9201	2.53837
9202	0.42629
9203	0.42629
9204	0.0315055
9205	0.733095
9206	-0.530595
9207	-0.530595
9208	-0.530595
9209	-0.530595
9210	-0.530595
9211	-0.530595
9212	-0.530595
9213	-0.757212
9214	-0.757212
9215	1.09557
9216	1.09557
9217	-0.319092
9218	-0.319092
9219	-0.319092
9220	0.348333
9221	0.367555
9222	0.367555
9223	0.367555
9224	-0.94848
9225	-1.06328
9226	-1.06328
9227	-0.642282
9228	0.497349
9229	0.423412
9230	0.423412
9231	0.26957
9232	-0.264368
9233	0.492426
9234	-1.05917
9235	-1.34054
9236	-1.34054
9237	-0.664911
9238	0.597734
9239	2.12596
9240	0.906162
9241	-1.38804
9242	-1.19114
9243	-1.19114
9244	-1.19114
9245	-0.42401
9246	-0.42401
9247	0.0800453
9248	-0.899198
9249	-0.763914
9250	-0.800211
9251	-0.328557
9252	-1.80155
9253	0.522676
9254	-0.63668
9255	-0.63668
9256	-0.63668
9257	0.0870029
9258	0.0870029
9259	0.0870029
9260	0.0870029
9261	-0.174692
9262	-0.174692
9263	-1.39943
9264	-1.39943
9265	0.409744
9266	0.409744
9267	-1.43298
9268	-1.43298
9269	-0.3822
9270	-0.3822
9271	-0.531979
9272	-1.27224
9273	-1.27224
9274	-1.27224
9275	-1.27224
9276	-0.344847
9277	-0.344847
9278	0.242346
9279	0.242346
9280	0.242346
9281	0.242346
9282	0.820831
9283	0.820831
9284	-1.19662
9285	-1.97637
9286	-1.97637
9287	-1.97637
9288	-1.97637
9289	-0.164482
9290	-0.164482
9291	0.662406
9292	0.662406
9293	-0.847232
9294	-1.07975
9295	-1.07975
9296	-1.07975
9297	-0.00840007
9298	-0.526899
9299	-0.526899
9300	1.94503
9301	1.94503
9302	1.88556
9303	1.88556
9304	1.88556
9305	-0.852416
9306	-0.440859
9307	-1.84669
9308	-1.84669
9309	0.526637
9310	0.972796
9311	0.972796
9312	-0.880786
9313	1.17585
9314	0.70336
9315	0.70336
9316	0.467166
9317	2.03848
9318	2.03848
9319	2.03848
9320	2.03848
9321	2.03848
9322	2.03848
9323	1.69497
9324	-0.380313
9325	-0.580368
9326	0.42614
9327	2.03247
9328	2.03247
9329	0.234549
9330	-1.45958
9331	-1.08582
9332	-1.08582
9333	-0.0926623
9334	-0.0926623
9335	-0.0926623
9336	0.888378
9337	-1.14722
9338	-1.74853
9339	-2.32663
9340	0.407911
9341	0.407911
9342	0.407911
9343	-0.364648
9344	0.00618724
9345	1.03473
9346	0.967919
9347	0.967919
9348	-0.819691
9349	-0.541431
9350	0.5864
9351	-1.21028
9352	-1.1426
9353	-1.07997
9354	-1.07997
9355	-1.07997
9356	-1.07997
9357	-0.209841
9358	-2.30323
9359	0.166738
9360	0.166738
9361	0.166738
9362	-1.5227
9363	-1.5227
9364	0.128496
9365	0.250037
9366	-0.473094
9367	0.0593558
9368	0.0593558
9369	0.0593558
9370	0.0593558
9371	-0.769262
9372	1.0092
9373	1.0092
9374	0.286877
9375	-0.265371
9376	-0.761512
9377	-0.761512
9378	-0.37666
9379	-0.0768851
9380	-0.0768851
9381	-1.26012
9382	0.442277
9383	-1.49002
9384	-1.49002
9385	-1.49002
9386	-0.138456
9387	-0.714958
9388	-1.55885
9389	-1.55885
9390	0.277262
9391	-1.27717
9392	-2.49527
9393	-2.49527
9394	-1.08155
9395	0.692755
9396	0.692755
9397	0.692755
9398	0.942445
9399	-1.18645
9400	0.723822
9401	0.537887
9402	0.537887
9403	-1.25295
9404	0.196471
9405	-1.60651
9406	0.85273
9407	1.10165
9408	1.10165
9409	-0.340861
9410	-0.106199
9411	1.18772
9412	-0.40567
9413	-0.40567
9414	-0.896285
9415	-0.611245
9416	-0.907407
9417	-1.39377
9418	-0.326798
9419	-0.326798
9420	-0.916731
9421	-0.916731
9422	-2.1277
9423	-0.931232
9424	-0.931232
9425	-0.931232
9426	-0.931232
9427	0.322677
9428	1.47628
9429	0.109695
9430	1.24795
9431	-1.34349
9432	-1.69275
9433	-1.69275
9434	-1.69275
9435	-1.69275
9436	-1.69275
9437	-1.69275
9438	-1.69275
9439	-1.69275
9440	-1.69275
9441	-1.69275
9442	0.450744
9443	0.450744
9444	0.0243506
9445	0.66837
9446	0.66837
9447	0.214714
9448	-0.432723
9449	1.39944
9450	0.190519
9451	-1.12025
9452	-1.09657
9453	-1.09657
9454	-1.09657
9455	-1.09657
9456	-1.41535
9457	0.685335
9458	-1.53326
9459	-1.53326
9460	-1.53326
9461	-1.53326
9462	-0.495075
9463	1.13515
9464	0.259416
9465	-1.27961
9466	-0.621751
9467	-0.621751
9468	-0.615593
9469	-0.268434
9470	-0.268434
9471	0.156458
9472	1.13443
9473	1.13443
9474	2.01127
9475	2.01127
9476	2.01127
9477	0.11249
9478	0.11249
9479	-0.273982
9480	-0.273982
9481	0.681761
9482	1.30718
9483	1.30718
9484	1.30718
9485	0.246026
9486	0.246026
9487	0.450557
9488	-0.13435
9489	-0.13435
9490	-0.13435
9491	-0.13435
9492	-1.72433
9493	-0.0482586
9494	-0.0482586
9495	-0.0482586
9496	-0.0482586
9497	-0.0482586
9498	-0.0482586
9499	-0.914059
9500	0.36352
9501	0.152995
9502	0.152995
9503	-0.805475
9504	-0.518229
9505	1.09832
9506	1.09832
9507	1.35535
9508	-1.38881
9509	0.664265
9510	0.664265
9511	0.664265
9512	0.664265
9513	-1.72059
9514	-1.72059
9515	0.20891
9516	0.253278
9517	-1.3599
9518	-1.3599
9519	0.804167
9520	2.62236
9521	2.62236
9522	2.62236
9523	0.301717
9524	0.978443
9525	-0.702686
9526	-0.0382499
9527	-0.0382499
9528	-0.0382499
9529	-0.0382499
9530	0.710636
9531	0.710636
9532	-0.343989
9533	-0.343989
9534	-0.343989
9535	0.611111
9536	-0.275981
9537	1.05809
9538	1.05809
9539	-1.41525
9540	-1.41525
9541	-1.41525
9542	-0.176731
9543	-0.536805
9544	-0.536805
9545	-0.536805
9546	-0.892075
9547	0.656993
9548	0.0714176
9549	0.0714176
9550	-0.491669
9551	1.2944
9552	1.2944
9553	-0.232777
9554	-0.232777
9555	0.600136
9556	-0.328791
9557	-0.328791
9558	-0.328791
9559	-1.50493
9560	-1.20128
9561	-0.409136
9562	-0.409136
9563	0.298398
9564	0.65266
9565	0.342647
9566	0.342647
9567	0.342647
9568	0.339744
9569	0.339744
9570	0.339744
9571	-0.821186
9572	-0.417946
9573	-1.2387
9574	-2.0392
9575	-1.32835
9576	-1.32835
9577	1.31554
9578	-0.712796
9579	0.539695
9580	-1.14214
9581	-0.528992
9582	0.0647643
9583	0.0647643
9584	0.0647643
9585	1.00467
9586	0.123026
9587	0.123026
9588	-1.11087
9589	-0.14991
9590	-0.14991
9591	0.996807
9592	0.996807
9593	-1.32782
9594	0.587272
9595	0.587272
9596	1.47023
9597	-0.309914
9598	-0.442511
9599	-0.639992
9600	0.62779
9601	0.62779
9602	0.62779
9603	-0.535134
9604	-0.535134
9605	-0.535134
9606	-1.02611
9607	1.14236
9608	1.14236
9609	-1.49546
9610	-1.49546
9611	0.774558
9612	-1.012
9613	-1.012
9614	0.687052
9615	0.612966
9616	-1.07348
9617	-1.07348
9618	0.457844
9619	0.457844
9620	-0.0662123
9621	0.285828
9622	-0.932423
9623	-1.28005
9624	-1.61667
9625	-1.37722
9626	-2.30728
9627	-2.30728
9628	-2.30728
9629	-2.30728
9630	-2.30728
9631	-2.30728
9632	-1.86325
9633	-1.56648
9634	-2.25649
9635	-1.72704
9636	0.107697
9637	0.107697
9638	0.147171
9639	-0.917976
9640	1.52193
9641	0.724756
9642	-1.12597
9643	-1.00844
9644	-1.00844
9645	0.435762
9646	0.435762
9647	0.858056
9648	0.858056
9649	0.858056
9650	0.858056
9651	0.858056
9652	-0.624623
9653	1.38823
9654	1.38823
9655	-0.70588
9656	-0.70588
9657	-0.70588
9658	-0.70588
9659	-1.37951
9660	-1.37951
9661	-1.37951
9662	-1.37951
9663	-1.37951
9664	-0.988197
9665	0.685379
9666	1.39297
9667	-0.793662
9668	-0.0694738
9669	-0.0694738
9670	-0.0694738
9671	-1.99425
9672	-1.99425
9673	-2.04426
9674	-2.04426
9675	0.137214
9676	-2.10981
9677	-1.87183
9678	-1.87183
9679	-1.87183
9680	-0.425942
9681	-1.62889
9682	-0.275298
9683	-0.275298
9684	1.8458
9685	-0.0775139
9686	1.2705
9687	0.881576
9688	-0.521569
9689	-0.521569
9690	-0.505544
9691	-0.790442
9692	-0.70083
9693	0.698001
9694	1.98255
9695	1.98255
9696	1.98255
9697	1.98255
9698	1.05548
9699	0.302336
9700	0.302336
9701	0.302336
9702	0.302336
9703	0.302336
9704	0.302336
9705	0.302336
9706	0.302336
9707	-1.14383
9708	-1.39087
9709	-1.71326
9710	-1.71326
9711	-1.71326
9712	-1.71326
9713	-0.401636
9714	0.626179
9715	-0.604118
9716	0.389649
9717	0.389649
9718	0.389649
9719	0.389649
9720	0.987425
9721	-0.0605824
9722	-0.0605824
9723	-0.0605824
9724	0.844989
9725	-0.419069
9726	-0.986644
9727	-0.557027
9728	-0.557027
9729	-0.557027
9730	0.603783
9731	0.175041
9732	0.175041
9733	0.154042
9734	0.154042
9735	0.154042
9736	0.154042
9737	1.36742
9738	1.25065
9739	1.25065
9740	1.25065
9741	1.25065
9742	0.77413
9743	0.77413
9744	0.77413
9745	0.77413
9746	0.320088
9747	0.320088
9748	-1.55089
9749	0.901421
9750	-1.02066
9751	0.687157
9752	-0.874325
9753	-1.03346
9754	-0.873113
9755	-0.873113
9756	-1.28735
9757	-1.24933
9758	-1.24933
9759	-2.09163
9760	-1.12143
9761	-1.12143
9762	0.122264
9763	0.122264
9764	0.122264
9765	1.45937
9766	0.545547
9767	0.545547
9768	0.545547
9769	-1.28575
9770	-1.3107
9771	-0.931452
9772	-0.1834
9773	-0.1834
9774	1.40608
9775	1.40608
9776	-0.902832
9777	-0.902832
9778	-0.743135
9779	-0.743135
9780	0.126108
9781	0.651712
9782	-1.30134
9783	-0.242096
9784	-0.242096
9785	-1.18445
9786	-1.18445
9787	-1.18445
9788	-1.36705
9789	-1.36705
9790	-1.36705
9791	-1.36705
9792	-1.36705
9793	-2.19364
9794	-2.19364
9795	0.465997
9796	0.249057
9797	-2.39862
9798	-1.24364
9799	-1.24364
9800	-2.03101
9801	-0.23353
9802	0.402796
9803	0.461427
9804	0.461427
9805	1.3797
9806	-0.123427
9807	-0.123427
9808	-1.06465
9809	1.01734
9810	0.193354
9811	-0.160026
9812	-0.943002
9813	-0.943002
9814	-0.943002
9815	0.946497
9816	-1.03164
9817	-1.03164
9818	0.553502
9819	-0.766754
9820	0.923107
9821	-0.163479
9822	-0.163479
9823	-0.163479
9824	-0.163479
9825	-0.163479
9826	-0.565133
9827	-1.04005
9828	-1.04005
9829	-1.04005
9830	-1.04005
9831	-0.581734
9832	-0.955162
9833	-0.0345119
9834	-0.0345119
9835	-0.0345119
9836	-0.932555
9837	-0.327347
9838	-0.245091
9839	-0.245091
9840	-0.245091
9841	-0.116051
9842	-1.98798
9843	-1.86637
9844	0.0303387
9845	-1.43403
9846	-1.43403
9847	-1.43403
9848	-0.0781158
9849	-0.684092
9850	0.772677
9851	0.329659
9852	1.64837
9853	1.08036
9854	1.08036
9855	-1.33224
9856	-1.33224
9857	1.07906
9858	1.07906
9859	1.85837
9860	-0.717006
9861	-0.717006
9862	-1.17027
9863	0.826529
9864	0.826529
9865	0.826529
9866	0.237521
9867	-1.90799
9868	-1.54657
9869	-1.54657
9870	-0.53349
9871	0.234457
9872	0.234457
9873	0.234457
9874	0.234457
9875	-0.768345
9876	-0.768345
9877	-0.768345
9878	0.048521
9879	1.80929
9880	-0.0424786
9881	1.24863
9882	-1.1853
9883	0.867987
9884	-0.41229
9885	-0.41229
9886	-1.54044
9887	-1.54044
9888	-2.25588
9889	-1.38416
9890	0.280852
9891	0.280852
9892	0.280852
9893	-0.881674
9894	-0.280801
9895	-1.89477
9896	-1.89477
9897	-2.56455
9898	-1.95135
9899	-1.95135
9900	-1.95135
9901	-0.837169
9902	-0.837169
9903	0.371474
9904	-1.09597
9905	-1.09597
9906	-1.71743
9907	-1.71743
9908	-1.71743
9909	-1.71743
9910	-1.71743
9911	-1.71743
9912	-0.705168
9913	-1.9954
9914	-0.41734
9915	-0.41734
9916	-0.41734
9917	-0.41734
9918	1.5533
9919	-0.955117
9920	-0.955117
9921	0.672119
9922	-0.185114
9923	0.816633
9924	0.816633
9925	-0.572307
9926	-0.572307
9927	1.69782
9928	2.03208
9929	-0.105198
9930	-1.57587
9931	-1.57587
9932	-1.42262
9933	0.247246
9934	1.06998
9935	1.06998
9936	0.654317
9937	-1.02014
9938	-1.02014
9939	0.395101
9940	1.18393
9941	1.18393
9942	1.18393
9943	0.486755
9944	1.0423
9945	1.0423
9946	0.0832537
9947	-0.143968
9948	1.25259
9949	-1.02521
9950	0.25598
9951	2.41005
9952	2.41005
9953	2.49
9954	2.68255
9955	1.11899
9956	0.248337
9957	-1.00354
9958	-1.00354
9959	-0.583784
9960	-0.583784
9961	-0.813276
9962	0.59529
9963	0.59529
9964	0.59529
9965	-1.31216
9966	-1.61482
9967	-1.61482
9968	-1.61482
9969	-0.488208
9970	-0.488208
9971	-0.092859
9972	1.03494
9973	1.03494
9974	1.03494
9975	1.03494
9976	1.03494
9977	1.03494
9978	1.03494
9979	0.641951
9980	0.641951
9981	-0.535943
9982	0.645702
9983	0.645702
9984	0.645702
9985	0.645702
9986	0.141629
9987	0.141629
9988	0.269771
9989	0.152843
9990	0.88565
9991	0.88565
9992	0.552057
9993	0.196782
9994	0.196782
9995	0.196782
9996	-0.838412
9997	-0.838412
9998	0.0998111
9999	0.175094
