step	x
1	0.663286
2	0.663286
3	0.663286
4	-0.659478
5	-0.659478
6	-0.785344
7	-0.785344
8	-0.785344
9	-0.785344
10	-0.785344
11	-0.785344
12	-0.785344
13	-0.805666
14	-0.805666
15	0.698198
16	0.91924
17	0.674822
18	0.674822
19	1.09579
20	0.54131
21	0.54131
22	0.54131
23	0.54131
24	0.54131
25	-0.0738115
26	-0.0738115
27	1.13379
28	-0.219042
29	1.08879
30	1.08879
31	-0.674425
32	0.682282
33	0.682282
34	0.944218
35	0.944218
36	0.944218
37	0.0758655
38	0.0758655
39	0.0758655
40	0.0758655
41	-0.613107
42	-0.102799
43	-0.889446
44	0.857534
45	0.857534
46	1.75686
47	1.50174
48	1.50174
49	-0.75583
50	-0.75583
51	-0.625063
52	-0.625063
53	-0.625063
54	1.19678
55	1.16828
56	1.16828
57	1.16828
58	1.14606
59	1.14606
60	0.289501
61	0.289501
62	0.289501
63	0.289501
64	-0.817594
65	0.516157
66	-0.61058
67	-0.61058
68	-0.61058
69	-0.61058
70	-0.61058
71	-0.680504
72	-0.680504
73	-0.331946
74	-0.800826
75	-0.800826
76	-0.800826
77	-0.800826
78	-0.800826
79	-0.800826
80	0.995517
81	0.487372
82	0.487372
83	0.561721
84	-1.29077
85	0.257171
86	0.257171
87	0.257171
88	0.257171
89	1.5311
90	-0.656384
91	-0.656384
92	-0.656384
93	-1.25469
94	-0.655125
95	-0.557658
96	0.773182
97	0.866393
98	0.866393
99	0.866393
100	-0.843202
101	-0.843202
102	-0.843202
103	-0.74297
104	-0.74297
105	0.419223
106	-1.43521
107	-1.43521
108	-1.43521
109	-0.902546
110	-0.110897
111	-1.22483
112	-1.22483
113	-1.22483
114	0.473763
115	0.473763
116	0.473763
117	-1.08865
118	0.301353
119	0.661065
120	0.729131
121	0.729131
122	0.729131
123	0.729131
124	0.729131
125	0.404807
126	0.404807
127	-1.25793
128	-1.12255
129	-1.12255
130	-0.880819
131	-0.880819
132	-1.32121
133	-1.72375
134	0.40977
135	0.40977
136	0.40977
137	-0.193191
138	-0.457786
139	-0.457786
140	-0.457786
141	-0.844918
142	-0.844918
143	-0.844918
144	-0.844918
145	0.360696
146	0.360696
147	-0.311068
148	-0.311068
149	-0.311068
150	-0.311068
151	-0.311068
152	-0.311068
153	0.819563
154	0.355531
155	0.355531
156	0.355531
157	1.4052
158	1.4052
159	1.4052
160	1.08009
161	1.16696
162	1.16696
163	1.16696
164	1.16696
165	1.13332
166	1.13332
167	-0.430545
168	-0.981956
169	-0.981956
170	-0.981956
171	0.544734
172	-0.428692
173	-1.78143
174	-1.78143
175	-1.78143
176	-1.78143
177	-1.22949
178	-1.22949
179	-1.3356
180	-1.3356
181	-0.563151
182	-0.563151
183	-0.563151
184	-0.563151
185	-0.563151
186	-1.0444
187	-0.654171
188	-0.654171
189	-0.654171
190	-0.269929
191	-0.269929
192	-0.268404
193	-0.529673
194	0.0938266
195	-1.19653
196	-1.19653
197	-1.19653
198	-0.552588
199	0.121181
200	-0.731819
201	-0.28259
202	-0.28259
203	1.47906
204	1.47906
205	0.418037
206	0.418037
207	-0.369754
208	-1.21587
209	0.972642
210	0.599572
211	-0.901485
212	0.86502
213	-0.0796175
214	-0.728549
215	-0.728549
216	-0.728549
217	-0.728549
218	-0.728549
219	-0.728549
220	-1.95616
221	-1.95616
222	0.477631
223	1.22129
224	0.102787
225	-1.04524
226	-0.92577
227	-0.92577
228	-0.713663
229	-0.713663
230	-1.18224
231	0.952935
232	0.952935
233	-0.418823
234	0.416667
235	-0.0381724
236	-0.793594
237	-0.793594
238	-0.699645
239	-0.699645
240	-0.699645
241	1.55586
242	0.654049
243	-0.55114
244	-0.55114
245	-0.55114
246	-0.55114
247	-0.00268973
248	-2.24413
249	-2.24413
250	-2.24413
251	-0.857444
252	-0.479712
253	0.0808896
254	0.0808896
255	0.0808896
256	0.0808896
257	0.408423
258	0.678768
259	0.678768
260	0.678768
261	0.678768
262	0.678768
263	0.747221
264	1.15944
265	1.15944
266	0.901973
267	0.901973
268	0.901973
269	-0.121881
270	1.4291
271	1.4291
272	1.4291
273	0.814188
274	0.814188
275	-0.802986
276	0.989643
277	0.989643
278	-0.432406
279	-0.418637
280	0.162813
281	0.162813
282	-0.61103
283	-0.35066
284	-0.487916
285	-0.487916
286	0.675699
287	1.04236
288	-1.08947
289	1.19102
290	-0.569227
291	-0.569227
292	1.33721
293	1.29158
294	1.21678
295	1.29501
296	-1.36532
297	1.10318
298	-1.43472
299	-1.43472
300	-1.43472
301	-1.43472
302	-1.43472
303	-1.43472
304	-1.4831
305	-1.4831
306	0.280284
307	-0.883007
308	-0.883007
309	0.724808
310	0.724808
311	0.724808
312	-1.8182
313	-1.4205
314	-1.4205
315	1.07017
316	0.218198
317	0.218198
318	0.218198
319	-0.0908407
320	0.259178
321	0.931097
322	-0.0625188
323	0.977463
324	0.977463
325	0.211324
326	0.211324
327	1.26574
328	0.0146651
329	-0.109918
330	1.02115
331	1.02115
332	1.02115
333	0.955911
334	0.955911
335	0.583145
336	-0.328717
337	-0.328717
338	-1.62129
339	0.353738
340	-0.350811
341	-0.350811
342	-0.350811
343	1.54083
344	1.54083
345	1.54083
346	1.54083
347	1.54083
348	1.54083
349	1.54083
350	1.54083
351	0.667593
352	0.667593
353	0.858291
354	0.893187
355	-0.797261
356	1.61862
357	-0.0476032
358	-1.14322
359	-1.79237
360	-1.64065
361	-1.64065
362	-1.64065
363	-1.64065
364	-0.557839
365	0.853561
366	0.853561
367	0.853561
368	0.51471
369	0.51471
370	1.15189
371	-0.964452
372	-0.964452
373	0.638003
374	0.638003
375	0.757084
376	0.444478
377	-0.94368
378	-0.94368
379	-0.94368
380	-0.94368
381	-0.94368
382	-0.94368
383	0.402995
384	0.599801
385	0.985167
386	0.985167
387	-0.368719
388	-0.368719
389	-0.368719
390	1.13894
391	1.13894
392	0.298269
393	-0.154973
394	0.782003
395	0.182976
396	0.0319773
397	-1.83484
398	-1.83484
399	-1.41703
400	-1.41703
401	-0.642583
402	-0.642583
403	-0.95434
404	0.467621
405	0.467621
406	0.467621
407	1.43188
408	1.34488
409	1.34488
410	0.444322
411	0.739457
412	1.41681
413	1.41681
414	0.661747
415	-0.749158
416	-0.960561
417	0.0853891
418	0.0853891
419	0.460882
420	0.460882
421	-0.776593
422	-0.776593
423	-1.31466
424	-1.31466
425	-1.12577
426	-1.00571
427	1.48088
428	-1.01698
429	0.714733
430	-0.727145
431	-0.727145
432	0.520172
433	0.917226
434	0.621665
435	-0.801684
436	-0.801684
437	-0.801684
438	-0.801684
439	-0.801684
440	-0.801684
441	-0.801684
442	-0.841996
443	-0.841996
444	-1.00801
445	-1.00801
446	-1.00801
447	-1.48362
448	-0.649972
449	-0.649972
450	0.566661
451	-0.442618
452	-1.1773
453	-1.1773
454	-1.1773
455	1.2352
456	1.2352
457	1.2352
458	-0.203142
459	-0.791931
460	-0.791931
461	-0.791931
462	0.577527
463	0.141405
464	0.141405
465	0.141405
466	0.141405
467	0.141405
468	0.141405
469	0.141405
470	1.37386
471	0.434895
472	0.434895
473	0.434895
474	0.434895
475	0.687635
476	0.687635
477	-0.657503
478	-0.636611
479	-0.636611
480	0.263839
481	0.937282
482	0.937282
483	-0.513214
484	-0.513214
485	-1.15955
486	-1.15955
487	-1.15955
488	-0.0442693
489	-1.12157
490	-1.12157
491	0.406052
492	0.406052
493	0.606369
494	1.43573
495	1.43573
496	1.43573
497	1.43573
498	1.43573
499	0.488067
500	-0.308122
501	1.42993
502	1.57671
503	-0.759866
504	-0.0223113
505	-1.40596
506	-1.40596
507	-1.40596
508	-1.40596
509	-1.40596
510	-1.40596
511	0.356257
512	0.150254
513	-0.485371
514	-0.485371
515	-0.485371
516	-0.485371
517	-0.485371
518	-0.485371
519	1.0311
520	1.0311
521	1.0311
522	1.0311
523	1.0311
524	1.0311
525	1.0311
526	0.208228
527	-1.37925
528	0.343625
529	1.14405
530	1.14405
531	1.14405
532	1.14405
533	-1.03418
534	-0.636542
535	-1.69396
536	-1.69396
537	-1.69396
538	-1.65915
539	-1.65915
540	-0.11886
541	0.393025
542	0.571227
543	0.571227
544	0.571227
545	0.571227
546	-0.404445
547	-0.404445
548	-0.410274
549	-1.31251
550	-1.31251
551	-1.14777
552	-1.14777
553	1.07263
554	0.0136517
555	-1.40168
556	-1.68581
557	-0.448294
558	0.968698
559	0.475053
560	0.475053
561	0.475536
562	-1.13995
563	-0.978146
564	-0.978146
565	-0.978146
566	-0.978146
567	-0.978146
568	-0.156871
569	-0.156871
570	-0.156871
571	-0.485897
572	-0.448368
573	-0.448368
574	-0.287891
575	-0.559151
576	-0.559151
577	-0.0549825
578	-0.0549825
579	-1.27401
580	-1.64102
581	-0.299598
582	-0.299598
583	-0.299598
584	-0.739797
585	-0.519188
586	-1.24168
587	0.956795
588	0.368534
589	-0.0674106
590	0.265282
591	-0.363739
592	-0.363739
593	-0.363739
594	1.65888
595	1.65888
596	0.195799
597	0.195799
598	0.491396
599	1.01088
600	-1.43117
601	-1.27533
602	-0.740973
603	-0.740973
604	-0.472787
605	-0.472787
606	-0.178302
607	-0.178302
608	0.240256
609	0.240256
610	0.240256
611	0.240256
612	0.90319
613	0.484796
614	-0.476636
615	-1.11654
616	-1.11654
617	-0.41102
618	0.691137
619	0.691137
620	-1.3292
621	-1.3292
622	-1.3292
623	0.691348
624	0.691348
625	0.691348
626	0.691348
627	0.691348
628	0.691348
629	0.691348
630	1.64766
631	0.0703668
632	0.0703668
633	0.0703668
634	-0.220341
635	-1.16617
636	-1.16617
637	0.305803
638	0.305803
639	-1.25252
640	-0.0435755
641	-0.0435755
642	-0.0497369
643	-0.92631
644	-0.92631
645	-0.92631
646	-0.92631
647	-1.6985
648	-1.6985
649	-1.6985
650	-0.216183
651	-0.835677
652	1.19786
653	-0.581273
654	-0.581273
655	-0.581273
656	0.202926
657	0.538977
658	0.538977
659	0.538977
660	-0.187178
661	-0.780954
662	-0.780954
663	-0.780954
664	-0.780954
665	-0.780954
666	-0.780954
667	0.552399
668	0.552399
669	-0.371629
670	-1.33437
671	1.35363
672	1.35363
673	1.35363
674	1.15576
675	-1.08727
676	-0.36083
677	0.846191
678	0.698779
679	0.737419
680	-1.28042
681	-1.28042
682	0.606658
683	0.491109
684	-0.0766488
685	-0.290943
686	0.682215
687	0.682215
688	0.682215
689	0.779071
690	0.779071
691	-0.650018
692	-0.650018
693	-0.650018
694	-0.518738
695	-0.518738
696	1.22077
697	1.85082
698	0.298294
699	0.844634
700	1.87352
701	1.87352
702	1.81877
703	1.81877
704	-0.654591
705	-0.654591
706	-0.654591
707	-0.654591
708	0.683322
709	-1.13458
710	-1.13458
711	-1.13458
712	-1.13458
713	1.28514
714	-1.0442
715	0.0788653
716	0.232438
717	-0.282513
718	-0.282513
719	-0.423225
720	-1.02353
721	-1.02353
722	-0.381409
723	-0.0774597
724	-0.12216
725	0.00577699
726	0.00577699
727	-1.03017
728	-0.606136
729	-0.606136
730	-0.606136
731	-0.606136
732	-0.490235
733	-1.32797
734	-1.32797
735	-1.32797
736	-1.32797
737	-1.32797
738	-0.0615322
739	-0.518866
740	-0.518866
741	-1.1093
742	-1.36093
743	-0.753362
744	0.231764
745	0.0447768
746	0.0447768
747	1.17727
748	-1.4044
749	-1.4044
750	-0.0103832
751	-0.979999
752	-0.979999
753	-0.979999
754	-0.979999
755	-0.979999
756	-0.979999
757	-0.979999
758	-0.979999
759	-0.979999
760	-0.979999
761	0.178555
762	0.747348
763	0.747348
764	0.646076
765	0.657337
766	0.657337
767	0.657337
768	0.488867
769	0.488867
770	0.121611
771	-1.02442
772	-0.850087
773	0.955258
774	0.955258
775	0.955258
776	0.955258
777	0.955258
778	-1.17744
779	-1.17744
780	-1.17744
781	0.239104
782	1.0629
783	-1.46416
784	-1.46416
785	-1.26353
786	-1.26353
787	-1.26353
788	-0.41966
789	-0.41966
790	-0.41966
791	-0.41966
792	-0.11514
793	0.819212
794	-0.724453
795	-0.724453
796	0.89261
797	-1.00708
798	-1.00708
799	-1.00708
800	-0.606038
801	-0.606038
802	-0.610381
803	0.823774
804	0.823774
805	0.823774
806	0.823774
807	0.823774
808	-0.48375
809	-0.48375
810	-0.718683
811	-0.718683
812	-0.718683
813	0.929508
814	0.929508
815	-0.814624
816	1.92317
817	1.92317
818	1.92317
819	1.13657
820	1.76314
821	1.76314
822	-0.13574
823	0.884469
824	0.884469
825	-0.27355
826	-0.27355
827	0.315585
828	0.472978
829	0.424137
830	0.424137
831	-0.00792321
832	-0.00792321
833	0.297972
834	0.415101
835	0.199839
836	0.199839
837	0.199839
838	0.831623
839	0.831623
840	-0.767219
841	0.23733
842	1.46522
843	-0.549083
844	-0.549083
845	-1.33458
846	-0.444231
847	-0.444231
848	-1.64063
849	-1.64063
850	-0.760842
851	-0.760842
852	-0.565471
853	-0.737977
854	-0.737977
855	1.2532
856	1.2532
857	-0.126094
858	-0.126094
859	1.48063
860	1.48063
861	1.23262
862	1.23262
863	0.801501
864	0.801501
865	0.801501
866	0.801501
867	0.542918
868	0.542918
869	0.542918
870	0.542918
871	0.542918
872	0.542918
873	0.542918
874	-0.420426
875	0.0238531
876	0.801236
877	-0.133573
878	-0.133573
879	-0.133573
880	-0.133573
881	-0.133573
882	1.20414
883	1.20414
884	-0.891679
885	-0.891679
886	0.601916
887	0.601916
888	0.601916
889	0.961821
890	0.961821
891	0.961821
892	0.961821
893	1.16978
894	1.16978
895	0.253661
896	0.253661
897	-1.21719
898	-0.011004
899	1.61056
900	1.61056
901	0.143698
902	0.143698
903	0.143698
904	0.701856
905	-0.0406182
906	0.46715
907	1.09951
908	-1.14313
909	-1.14313
910	0.894351
911	-0.771681
912	-0.771681
913	0.388085
914	0.237727
915	0.237727
916	-1.03468
917	0.26047
918	-0.684482
919	-0.684482
920	-0.684482
921	-0.684482
922	-0.684482
923	-1.20685
924	1.29976
925	-1.05839
926	-1.53791
927	-0.329597
928	0.378
929	0.378
930	1.11097
931	1.11097
932	1.11097
933	0.546618
934	0.708781
935	-0.711694
936	-0.711694
937	-0.711694
938	-1.48513
939	0.431866
940	0.431866
941	0.431866
942	0.431866
943	0.431866
944	1.53437
945	-0.402371
946	-1.19033
947	0.239008
948	-0.3136
949	-0.3136
950	-0.3136
951	0.0157408
952	-0.51676
953	-0.51676
954	-0.51676
955	1.10077
956	1.10077
957	1.10077
958	1.10077
959	1.10077
960	1.10077
961	1.10077
962	1.10077
963	1.10077
964	-1.08887
965	1.55215
966	1.55215
967	1.55215
968	1.55215
969	1.55215
970	-0.917166
971	-0.917166
972	-0.917166
973	-0.917166
974	-1.03105
975	-1.03105
976	-1.03105
977	0.212056
978	0.220657
979	0.220657
980	-1.19028
981	-1.19028
982	0.57706
983	-0.326191
984	-1.10341
985	-1.10341
986	-0.310277
987	-0.310277
988	-0.310277
989	-1.63444
990	-1.63444
991	-1.63444
992	-1.63444
993	-1.63444
994	-1.63444
995	-1.83636
996	-1.83636
997	-1.83636
998	0.558275
999	0.558275
1000	0.558275
1001	0.558275
1002	-0.698199
1003	0.830932
1004	0.830932
1005	0.636081
1006	-0.601516
1007	-0.601516
1008	-0.601516
1009	0.432153
1010	0.838291
1011	-0.907979
1012	-0.907979
1013	-0.907979
1014	-0.907979
1015	0.73579
1016	0.73579
1017	-0.417374
1018	0.722605
1019	0.722605
1020	0.722605
1021	0.137282
1022	0.416068
1023	-0.574256
1024	-0.0757891
1025	0.174216
1026	0.174216
1027	1.51436
1028	-1.09804
1029	1.03344
1030	1.03344
1031	1.03344
1032	1.03344
1033	0.83124
1034	0.83124
1035	0.83124
1036	-0.336052
1037	0.644646
1038	0.644646
1039	0.644646
1040	-1.02353
1041	-1.02353
1042	-1.02353
1043	1.22346
1044	1.22346
1045	-0.633459
1046	-0.633459
1047	-1.06143
1048	-1.06143
1049	-0.223952
1050	-0.806832
1051	-0.806832
1052	0.489094
1053	0.489094
1054	-1.52621
1055	0.569742
1056	0.569742
1057	0.569742
1058	-0.380896
1059	0.397696
1060	0.397696
1061	0.646814
1062	0.646814
1063	0.646814
1064	-0.36318
1065	-0.36318
1066	0.404665
1067	1.45126
1068	1.7603
1069	0.551727
1070	-1.58737
1071	-1.58737
1072	-1.58737
1073	-1.58737
1074	-1.58737
1075	-1.58737
1076	-1.58737
1077	-1.58737
1078	0.878927
1079	0.190794
1080	-1.13314
1081	-1.13314
1082	1.19085
1083	-1.49131
1084	-0.372612
1085	-0.191107
1086	-0.793885
1087	-0.793885
1088	-0.793885
1089	-0.793885
1090	1.20539
1091	-0.377173
1092	-0.377173
1093	-0.377173
1094	-0.377173
1095	-0.387108
1096	0.646135
1097	0.646135
1098	0.646135
1099	0.646135
1100	0.661417
1101	-1.66191
1102	-1.66191
1103	-1.66191
1104	-0.225681
1105	-1.68078
1106	-0.847047
1107	-0.847047
1108	-0.847047
1109	0.946766
1110	0.246854
1111	0.422896
1112	0.422896
1113	0.920645
1114	0.920645
1115	0.920645
1116	0.920645
1117	0.440218
1118	0.440218
1119	0.440218
1120	-1.0305
1121	-0.0505536
1122	-0.0505536
1123	0.0240353
1124	0.921747
1125	0.921747
1126	0.921747
1127	0.921747
1128	1.01763
1129	1.01763
1130	1.01763
1131	1.01763
1132	1.01763
1133	-0.79143
1134	-0.79143
1135	-0.79143
1136	-0.79143
1137	1.05387
1138	-1.62359
1139	-1.36245
1140	-0.782243
1141	-0.782243
1142	-0.782243
1143	-0.782243
1144	-0.782243
1145	1.2534
1146	1.2534
1147	0.668209
1148	0.668209
1149	0.668209
1150	-0.128038
1151	-0.128038
1152	1.43382
1153	-1.28914
1154	1.13368
1155	-0.636996
1156	-1.82049
1157	-1.97927
1158	-1.14265
1159	-0.0837861
1160	1.42671
1161	1.42671
1162	-0.907986
1163	1.09957
1164	1.0641
1165	1.04353
1166	0.984778
1167	-1.59485
1168	-1.59485
1169	-1.59485
1170	-0.244966
1171	1.60324
1172	1.54197
1173	1.60602
1174	-1.01121
1175	-1.01121
1176	-1.21039
1177	-1.21039
1178	-1.21039
1179	0.0492457
1180	-1.30514
1181	0.711876
1182	0.711876
1183	0.711876
1184	0.711876
1185	0.711876
1186	-0.400769
1187	-0.481068
1188	0.748221
1189	0.748221
1190	0.748221
1191	0.748221
1192	0.276735
1193	0.264008
1194	-1.00605
1195	1.16551
1196	1.16551
1197	1.16551
1198	0.474626
1199	1.21634
1200	1.21634
1201	1.21634
1202	-0.988382
1203	-0.988382
1204	0.901281
1205	1.47849
1206	-1.25109
1207	0.255291
1208	0.652764
1209	0.652764
1210	-1.33591
1211	-0.591326
1212	-0.545653
1213	-0.827274
1214	-0.827274
1215	-0.827274
1216	-1.58993
1217	-0.604244
1218	-0.604244
1219	-0.604244
1220	-0.153758
1221	0.805076
1222	0.805076
1223	0.805076
1224	0.805076
1225	-1.45734
1226	-0.784738
1227	-0.784738
1228	-0.784738
1229	-0.767537
1230	-1.22662
1231	1.28002
1232	1.28002
1233	1.28002
1234	1.28002
1235	1.28002
1236	1.28002
1237	-1.37082
1238	0.292912
1239	0.292912
1240	-0.191296
1241	-0.191296
1242	-0.191296
1243	0.793311
1244	-1.25076
1245	-1.27926
1246	0.560909
1247	0.899197
1248	0.297276
1249	-1.53839
1250	-1.61883
1251	-1.61883
1252	-0.526379
1253	-0.526379
1254	-0.526379
1255	-0.541684
1256	-0.260047
1257	-0.260047
1258	-1.15527
1259	1.12226
1260	1.12226
1261	-1.08689
1262	0.337737
1263	-0.480868
1264	0.103234
1265	-1.27776
1266	-1.27776
1267	-1.27776
1268	-1.27776
1269	-1.27776
1270	-1.27776
1271	-0.432324
1272	-0.432324
1273	-0.955913
1274	0.551509
1275	-1.47543
1276	-1.01
1277	0.52129
1278	0.375406
1279	0.375406
1280	-1.75362
1281	-1.75362
1282	-1.75362
1283	-1.75362
1284	-1.75362
1285	-0.560386
1286	-0.112241
1287	-0.112241
1288	0.336792
1289	0.336792
1290	0.811064
1291	0.811064
1292	0.811064
1293	-0.100257
1294	-0.100257
1295	-0.100257
1296	-0.100257
1297	0.854605
1298	-0.869094
1299	1.61431
1300	1.61431
1301	1.61431
1302	1.61431
1303	-0.179076
1304	1.2314
1305	0.0694596
1306	0.0694596
1307	0.986115
1308	0.531494
1309	0.00875802
1310	-0.994207
1311	-0.606123
1312	-0.606123
1313	-0.332878
1314	-0.236186
1315	-0.620768
1316	-0.620768
1317	0.68916
1318	0.68916
1319	1.19065
1320	-1.28938
1321	-1.28938
1322	-1.28938
1323	1.43386
1324	-0.699208
1325	-0.699208
1326	-0.699208
1327	1.56902
1328	1.56902
1329	1.56902
1330	1.56902
1331	1.56902
1332	1.56902
1333	1.56902
1334	1.56902
1335	1.56902
1336	1.56902
1337	-0.927307
1338	-0.927307
1339	-0.606901
1340	-0.606901
1341	-0.606901
1342	0.903877
1343	0.96339
1344	1.21722
1345	0.139699
1346	0.868036
1347	0.868036
1348	-0.704717
1349	-0.704717
1350	-0.704717
1351	-0.690554
1352	-0.70863
1353	-0.70863
1354	-0.70863
1355	0.132982
1356	0.132982
1357	-1.48523
1358	-1.48523
1359	0.244033
1360	0.244033
1361	-0.459146
1362	-0.459146
1363	-0.459146
1364	-0.0738377
1365	-0.0738377
1366	-0.0738377
1367	-0.0738377
1368	-0.0738377
1369	-0.0738377
1370	0.332195
1371	-0.345197
1372	-1.38891
1373	-1.38891
1374	-1.38891
1375	-1.49491
1376	-1.49491
1377	0.44237
1378	1.17941
1379	-0.307416
1380	-0.307416
1381	-1.23589
1382	-1.23589
1383	-0.187079
1384	-0.639157
1385	-0.639157
1386	0.241492
1387	-0.204784
1388	0.279838
1389	0.279838
1390	0.63913
1391	0.63913
1392	-1.05931
1393	-1.05931
1394	-0.820936
1395	-0.820936
1396	-0.125237
1397	-0.125237
1398	-0.125237
1399	-0.125237
1400	-0.125237
1401	-0.125237
1402	0.56098
1403	-1.15923
1404	-1.15923
1405	-1.25014
1406	-1.25014
1407	-1.25014
1408	-1.25014
1409	0.734327
1410	0.734327
1411	0.734327
1412	0.734327
1413	0.242798
1414	1.13086
1415	1.13086
1416	1.13014
1417	1.13014
1418	-0.247339
1419	-0.247339
1420	-0.247339
1421	0.445077
1422	0.445077
1423	-0.903125
1424	-0.903125
1425	0.970892
1426	0.970892
1427	0.970892
1428	0.970892
1429	-1.50168
1430	-1.50168
1431	-0.829376
1432	-0.259446
1433	-0.259446
1434	-0.259446
1435	-0.259446
1436	-0.259446
1437	-1.05154
1438	0.964544
1439	0.472613
1440	0.838978
1441	0.838978
1442	-0.726675
1443	-1.23484
1444	0.378734
1445	0.378734
1446	0.378734
1447	0.378734
1448	-0.34288
1449	-0.34288
1450	-0.34288
1451	1.28322
1452	1.42773
1453	-0.4523
1454	-0.4523
1455	-0.4523
1456	0.153479
1457	0.300162
1458	0.411461
1459	-1.18608
1460	1.16131
1461	1.16131
1462	-1.3127
1463	1.12015
1464	1.12015
1465	1.11817
1466	1.11817
1467	-0.545691
1468	-0.545691
1469	-0.545691
1470	-0.625696
1471	0.717449
1472	0.717449
1473	-1.00624
1474	-1.00624
1475	-1.00624
1476	1.28548
1477	-0.83185
1478	-0.83185
1479	-0.83185
1480	0.999637
1481	0.192695
1482	-0.664397
1483	-0.664397
1484	-0.664397
1485	0.478783
1486	0.478783
1487	0.176585
1488	0.0819419
1489	1.18041
1490	-0.7972
1491	0.757323
1492	0.757323
1493	-1.17917
1494	-1.17917
1495	-1.17917
1496	-1.04455
1497	0.544324
1498	-0.429059
1499	1.07513
1500	-1.129
1501	-1.129
1502	-1.129
1503	-1.129
1504	-1.129
1505	-1.129
1506	-0.602454
1507	-0.602454
1508	-0.602454
1509	-1.62919
1510	0.222295
1511	-0.767179
1512	-0.065733
1513	0.779581
1514	0.779581
1515	0.107877
1516	-0.610234
1517	-0.610234
1518	1.27618
1519	-0.494699
1520	0.570004
1521	0.570004
1522	-0.467058
1523	-0.141567
1524	1.48617
1525	1.48617
1526	0.194674
1527	0.0913273
1528	-0.52657
1529	-0.52657
1530	-0.52657
1531	-0.52657
1532	0.431102
1533	-0.336163
1534	-0.561354
1535	-0.561354
1536	-0.561354
1537	-0.561354
1538	-0.561354
1539	-0.561354
1540	-0.819009
1541	-1.42112
1542	-0.53385
1543	-0.53385
1544	0.336674
1545	-1.74785
1546	-1.74785
1547	-0.978867
1548	-0.978867
1549	-1.0767
1550	0.402663
1551	0.402663
1552	-0.119803
1553	1.29027
1554	-1.17424
1555	-1.17424
1556	0.479503
1557	0.479503
1558	-0.584513
1559	-0.584513
1560	-0.584513
1561	-0.194984
1562	-0.194984
1563	1.6554
1564	0.254943
1565	-0.466458
1566	-0.466458
1567	-0.466458
1568	-0.647578
1569	-0.647578
1570	-0.647578
1571	-0.647578
1572	-0.647578
1573	-0.647578
1574	-1.53751
1575	-0.400702
1576	0.952449
1577	-0.709286
1578	-0.709286
1579	-0.709286
1580	-0.709286
1581	-0.709286
1582	1.41136
1583	1.41136
1584	1.41136
1585	1.28698
1586	1.28698
1587	1.28698
1588	1.28698
1589	0.662322
1590	0.662322
1591	0.662322
1592	1.60557
1593	-0.252052
1594	-0.252052
1595	-0.30129
1596	0.536773
1597	0.536773
1598	0.536773
1599	0.536773
1600	0.536773
1601	0.536773
1602	1.3324
1603	-1.1803
1604	-0.153218
1605	-0.153218
1606	-0.262524
1607	0.120744
1608	0.120744
1609	0.423115
1610	0.634534
1611	-0.0265867
1612	0.195825
1613	0.195825
1614	0.195825
1615	0.65223
1616	0.65223
1617	0.65223
1618	0.65223
1619	0.65223
1620	0.65223
1621	0.65223
1622	0.65223
1623	0.65223
1624	-0.788919
1625	-1.2681
1626	-0.0597702
1627	-0.0597702
1628	-0.0597702
1629	-0.0597702
1630	-0.0597702
1631	-0.0597702
1632	-0.55306
1633	-1.94542
1634	-0.664552
1635	-0.664552
1636	-0.664552
1637	-0.664552
1638	-0.664552
1639	-1.00966
1640	-1.00966
1641	-1.31492
1642	-1.31492
1643	-1.31492
1644	-1.31492
1645	-1.31492
1646	-1.31492
1647	-1.31492
1648	0.95718
1649	0.95718
1650	0.95718
1651	0.95718
1652	0.95718
1653	0.95718
1654	0.95718
1655	0.95718
1656	0.95718
1657	0.775368
1658	0.775368
1659	0.681819
1660	0.681819
1661	0.681819
1662	1.17004
1663	1.17004
1664	1.17004
1665	-0.496125
1666	-0.693094
1667	-0.693094
1668	-0.693094
1669	-0.43059
1670	-0.43059
1671	-0.982464
1672	-0.982464
1673	-0.687527
1674	-0.687527
1675	-0.687527
1676	-0.687527
1677	0.369447
1678	-0.081093
1679	-0.081093
1680	-1.47747
1681	-1.47111
1682	-1.47111
1683	1.01322
1684	1.01322
1685	1.15364
1686	-0.755253
1687	-0.755253
1688	-0.755253
1689	-0.755253
1690	-0.755253
1691	1.06139
1692	1.06139
1693	1.06139
1694	1.06139
1695	1.06139
1696	-1.53773
1697	-1.53773
1698	-1.53773
1699	-1.96829
1700	-1.96829
1701	-1.96829
1702	0.507544
1703	0.486764
1704	0.486764
1705	-0.293761
1706	-0.121552
1707	-0.121552
1708	0.794078
1709	1.40436
1710	1.40436
1711	0.442905
1712	-0.628049
1713	-0.628049
1714	-0.628049
1715	-1.05243
1716	-0.0118891
1717	0.210844
1718	-1.34405
1719	-1.93827
1720	-1.36596
1721	0.21412
1722	0.21412
1723	0.21412
1724	0.21412
1725	-0.953432
1726	-0.953432
1727	-0.866644
1728	1.40757
1729	1.40757
1730	-0.0136632
1731	-0.0136632
1732	-0.380541
1733	-0.380541
1734	-0.380541
1735	-0.380541
1736	0.035337
1737	0.035337
1738	0.035337
1739	0.035337
1740	0.035337
1741	0.520414
1742	-1.19226
1743	-1.19226
1744	-0.904512
1745	-0.625441
1746	-0.625441
1747	-0.652225
1748	-0.652225
1749	0.801618
1750	0.801618
1751	0.801618
1752	0.801618
1753	0.801618
1754	0.801618
1755	-0.803034
1756	0.768668
1757	-1.01534
1758	-1.48366
1759	-1.48366
1760	-1.91786
1761	-1.91786
1762	-1.01781
1763	1.30099
1764	1.30099
1765	1.18483
1766	1.18483
1767	-1.27379
1768	-1.27379
1769	-1.1654
1770	-1.10797
1771	0.414706
1772	0.414706
1773	-1.17347
1774	-1.17347
1775	0.0271539
1776	0.0223066
1777	0.0223066
1778	1.89717
1779	2.158
1780	1.68136
1781	1.68136
1782	-0.21727
1783	-0.525127
1784	-0.952614
1785	-0.952614
1786	-0.952614
1787	-0.952614
1788	-0.952614
1789	0.0786593
1790	0.391855
1791	0.391855
1792	0.391855
1793	0.572505
1794	0.572505
1795	-0.611196
1796	0.737955
1797	0.737955
1798	-0.145136
1799	-0.145136
1800	-0.145136
1801	-0.145136
1802	-0.145136
1803	0.750239
1804	0.750239
1805	0.750239
1806	-0.371075
1807	-0.371075
1808	-0.371075
1809	-0.371075
1810	-0.371075
1811	-1.32083
1812	0.548514
1813	0.548514
1814	0.548514
1815	0.548514
1816	-0.431147
1817	-0.431147
1818	-0.431147
1819	0.341346
1820	-1.20048
1821	0.530941
1822	-1.31084
1823	0.321055
1824	0.56183
1825	0.56183
1826	-0.542833
1827	-0.241704
1828	-0.621896
1829	0.466699
1830	0.466699
1831	0.466699
1832	-0.707323
1833	-1.04002
1834	-1.04002
1835	-0.955797
1836	-0.955797
1837	-0.955797
1838	-0.955797
1839	0.100899
1840	0.100899
1841	1.33767
1842	0.59607
1843	0.59607
1844	0.853457
1845	0.853457
1846	0.853457
1847	0.853457
1848	0.853457
1849	-0.558265
1850	-0.558265
1851	-1.1048
1852	1.5416
1853	0.595721
1854	0.595721
1855	1.48546
1856	1.5027
1857	1.5027
1858	1.5027
1859	1.5027
1860	1.5027
1861	0.555801
1862	0.555801
1863	0.732456
1864	1.49315
1865	-0.148909
1866	1.11553
1867	1.11553
1868	1.11553
1869	0.5643
1870	0.15807
1871	0.15807
1872	0.15807
1873	1.34535
1874	0.403937
1875	-0.489489
1876	0.276102
1877	0.276102
1878	-0.687121
1879	-0.687121
1880	-0.687121
1881	0.0974966
1882	1.18792
1883	1.58691
1884	0.457086
1885	0.457086
1886	0.457086
1887	0.457086
1888	0.457086
1889	0.457086
1890	-0.85154
1891	0.780537
1892	0.780537
1893	-0.862179
1894	-0.862179
1895	-0.862179
1896	0.720542
1897	0.720542
1898	0.720542
1899	0.720542
1900	0.720542
1901	-0.958608
1902	-0.958608
1903	-0.958608
1904	1.51952
1905	1.51952
1906	0.500234
1907	0.500234
1908	0.125179
1909	0.125179
1910	1.02388
1911	1.02388
1912	-0.680617
1913	-0.680617
1914	-0.109294
1915	-0.109294
1916	0.0666313
1917	1.36102
1918	0.553486
1919	1.582
1920	0.879499
1921	-0.472291
1922	-0.249599
1923	0.708084
1924	0.708084
1925	-0.820386
1926	-1.38139
1927	-1.1319
1928	0.151516
1929	-0.746249
1930	-0.746249
1931	0.996276
1932	-0.592276
1933	0.603442
1934	0.603442
1935	-1.82463
1936	-1.82463
1937	-0.440206
1938	-0.440206
1939	0.260668
1940	-1.08347
1941	-1.08347
1942	0.71709
1943	0.71709
1944	0.71709
1945	0.71709
1946	-0.276844
1947	0.831266
1948	0.831266
1949	-0.9032
1950	-1.10218
1951	-1.10218
1952	-1.10218
1953	-1.10218
1954	-1.10218
1955	1.17233
1956	1.17233
1957	0.501597
1958	0.501597
1959	0.501597
1960	-0.498852
1961	-0.498852
1962	0.873215
1963	0.873215
1964	0.873215
1965	-1.32444
1966	1.03067
1967	1.03067
1968	1.03067
1969	-0.214165
1970	-0.639164
1971	0.590695
1972	2.04539
1973	0.589351
1974	0.589351
1975	0.589351
1976	0.589351
1977	0.667239
1978	-1.16582
1979	-1.16548
1980	-1.38445
1981	-1.38445
1982	-1.38445
1983	-1.38445
1984	0.486543
1985	-1.20035
1986	0.0647349
1987	0.0647349
1988	0.0647349
1989	0.0647349
1990	0.0647349
1991	0.0647349
1992	-0.0791109
1993	-0.0791109
1994	-0.0791109
1995	-0.0791109
1996	-0.0791109
1997	-0.0791109
1998	1.60426
1999	1.60426
2000	0.521601
2001	0.521601
2002	0.0319564
2003	0.0319564
2004	1.36222
2005	-0.861693
2006	0.792611
2007	-1.1311
2008	-1.1311
2009	0.427843
2010	0.427843
2011	-0.737861
2012	-0.0054948
2013	-0.0054948
2014	0.551671
2015	0.183886
2016	0.869475
2017	-1.55188
2018	-0.682566
2019	-0.682566
2020	-0.377862
2021	-0.377862
2022	1.11678
2023	1.11678
2024	1.11678
2025	0.281874
2026	0.449487
2027	0.449487
2028	0.449487
2029	0.449487
2030	0.449487
2031	0.615385
2032	1.25352
2033	1.25352
2034	1.25352
2035	0.0362252
2036	-0.473388
2037	0.854443
2038	-0.0176038
2039	-0.0176038
2040	0.825569
2041	0.825569
2042	0.472793
2043	0.145778
2044	0.463444
2045	0.463444
2046	0.463444
2047	-0.628078
2048	-0.628078
2049	-0.672961
2050	-0.672961
2051	1.69246
2052	1.69246
2053	1.69246
2054	-0.303904
2055	-0.303904
2056	0.434665
2057	0.434665
2058	-0.150204
2059	0.86208
2060	0.86208
2061	0.857539
2062	-0.930524
2063	-0.930524
2064	-0.0909035
2065	-0.806587
2066	0.704179
2067	0.0925287
2068	0.0925287
2069	0.0925287
2070	0.0925287
2071	0.0925287
2072	1.1192
2073	-0.218877
2074	-0.218877
2075	-0.387026
2076	-0.387026
2077	-0.443346
2078	1.17791
2079	1.17791
2080	1.17791
2081	-0.862168
2082	0.685104
2083	0.685104
2084	0.685104
2085	-0.111853
2086	-0.111853
2087	0.176954
2088	0.176954
2089	0.176954
2090	0.176954
2091	-0.0360529
2092	-0.64463
2093	-0.64463
2094	0.691186
2095	-1.69262
2096	0.945298
2097	0.528689
2098	1.31671
2099	-0.213268
2100	-0.213268
2101	-1.49134
2102	-1.49134
2103	0.431436
2104	-0.434087
2105	0.659541
2106	0.659541
2107	-0.876747
2108	-0.480014
2109	-0.480014
2110	1.02639
2111	-0.356506
2112	-1.00373
2113	-1.00373
2114	-1.00373
2115	-1.27153
2116	-1.27153
2117	-0.869264
2118	-0.869264
2119	-0.505035
2120	-0.505035
2121	-0.505035
2122	0.137921
2123	-0.138925
2124	-0.138925
2125	-0.138925
2126	-0.5291
2127	-0.5291
2128	-0.395853
2129	-0.395853
2130	-0.395853
2131	-0.395853
2132	0.762222
2133	0.762222
2134	0.762222
2135	0.762222
2136	0.762222
2137	0.762222
2138	-0.317678
2139	0.0760421
2140	0.488177
2141	1.00292
2142	-1.39347
2143	1.29117
2144	0.235691
2145	0.685633
2146	-0.758773
2147	-0.257056
2148	-0.257056
2149	-0.257056
2150	-0.0882259
2151	-0.723709
2152	-1.23695
2153	-0.263438
2154	1.47719
2155	1.47719
2156	0.55911
2157	1.06594
2158	1.06594
2159	-0.557615
2160	0.50753
2161	-1.02042
2162	-1.02042
2163	-0.423356
2164	1.11933
2165	1.11933
2166	0.745645
2167	1.30437
2168	-1.16253
2169	-1.16253
2170	1.24635
2171	1.24635
2172	1.24635
2173	0.159271
2174	0.159271
2175	0.159271
2176	-1.54772
2177	-1.54772
2178	-1.54772
2179	-1.54772
2180	0.523748
2181	0.523748
2182	-1.30464
2183	-1.55607
2184	-1.55607
2185	0.981515
2186	0.981515
2187	0.981515
2188	0.981515
2189	1.3534
2190	1.3534
2191	-0.898316
2192	-0.898316
2193	-0.898316
2194	1.58399
2195	1.58399
2196	1.58399
2197	-0.0771025
2198	0.248382
2199	-0.195661
2200	-0.195661
2201	0.461522
2202	-1.35576
2203	-1.35576
2204	-1.35576
2205	-1.35576
2206	-0.901272
2207	-0.901272
2208	0.658536
2209	0.658536
2210	0.514474
2211	0.514474
2212	0.514474
2213	-0.548168
2214	-1.38585
2215	-1.38585
2216	-1.38585
2217	-1.38585
2218	-1.38585
2219	-1.05734
2220	1.44761
2221	0.612073
2222	0.612073
2223	-0.028327
2224	-0.028327
2225	0.12692
2226	0.955296
2227	-1.17374
2228	-1.17374
2229	0.232176
2230	0.232176
2231	0.232176
2232	1.57034
2233	-1.11566
2234	0.885579
2235	0.885579
2236	0.885579
2237	1.20451
2238	1.20451
2239	1.20451
2240	1.20451
2241	1.20451
2242	1.20451
2243	0.156509
2244	-1.00265
2245	-1.00265
2246	-1.61581
2247	0.712433
2248	0.712433
2249	0.712433
2250	-0.0639936
2251	-0.0639936
2252	-0.343941
2253	-0.343941
2254	0.146361
2255	0.126016
2256	1.35276
2257	1.35276
2258	1.35276
2259	-1.06086
2260	-1.06086
2261	-1.06086
2262	-0.388774
2263	0.250547
2264	0.250547
2265	0.250547
2266	0.250547
2267	1.1384
2268	1.1384
2269	0.054086
2270	-0.0131441
2271	1.20204
2272	1.20204
2273	0.799537
2274	1.5787
2275	1.5787
2276	0.447458
2277	0.447458
2278	0.447458
2279	-0.750055
2280	-0.750055
2281	-1.07319
2282	-1.07319
2283	-0.91282
2284	-1.72646
2285	0.857013
2286	0.717843
2287	0.803412
2288	-0.674619
2289	-0.674619
2290	-0.839134
2291	-0.839134
2292	0.00731303
2293	-1.37133
2294	-1.38936
2295	-1.38936
2296	-1.38936
2297	-1.38936
2298	-1.3516
2299	-1.3516
2300	1.31378
2301	1.31378
2302	1.31378
2303	0.018699
2304	1.25555
2305	1.25555
2306	1.25555
2307	-1.29921
2308	-1.29921
2309	0.752234
2310	0.752234
2311	0.752234
2312	-1.03434
2313	-1.03434
2314	-1.03434
2315	-1.03434
2316	1.17528
2317	-1.02297
2318	-1.02297
2319	0.830564
2320	0.830564
2321	0.830564
2322	0.549835
2323	0.135564
2324	0.967295
2325	0.967295
2326	0.967295
2327	0.967295
2328	0.967295
2329	0.967295
2330	-1.20558
2331	-1.20558
2332	-0.789634
2333	-0.789634
2334	0.285121
2335	0.285121
2336	0.285121
2337	-1.59837
2338	-1.59837
2339	-1.59837
2340	-1.78455
2341	-1.98488
2342	-1.98488
2343	-1.98488
2344	-1.98488
2345	-2.50049
2346	-0.267653
2347	0.233608
2348	-0.476622
2349	-0.476622
2350	-1.12546
2351	-1.12546
2352	-1.12546
2353	-1.52462
2354	-1.11539
2355	-1.11539
2356	-1.20605
2357	-1.20605
2358	0.558921
2359	-0.816123
2360	-0.816123
2361	0.735179
2362	1.50593
2363	0.0132345
2364	1.0415
2365	-1.0956
2366	-1.0956
2367	-1.0956
2368	-1.0956
2369	-1.0956
2370	0.0789517
2371	1.25249
2372	1.1306
2373	1.1306
2374	-1.38728
2375	-1.38728
2376	-0.630354
2377	-0.630354
2378	-0.630354
2379	-0.630354
2380	-0.635458
2381	1.04215
2382	1.04215
2383	1.04215
2384	0.476193
2385	0.476193
2386	0.54303
2387	0.54303
2388	0.0295806
2389	-0.436662
2390	-0.436662
2391	-0.436662
2392	0.795602
2393	0.461505
2394	0.0422782
2395	0.0422782
2396	-1.0723
2397	1.16148
2398	1.16148
2399	-0.436584
2400	-0.436584
2401	-0.0318786
2402	-0.0318786
2403	-0.0318786
2404	-0.449959
2405	1.04449
2406	-0.120187
2407	-0.120187
2408	1.18526
2409	-1.05994
2410	-1.15648
2411	0.482913
2412	0.482913
2413	-0.0388276
2414	-0.0388276
2415	0.154296
2416	-1.90143
2417	-1.90143
2418	0.0548401
2419	0.0548401
2420	0.0548401
2421	0.0548401
2422	-0.411078
2423	-0.0933789
2424	-0.0933789
2425	1.17803
2426	1.17803
2427	1.17803
2428	1.17803
2429	0.764968
2430	0.764968
2431	-0.738475
2432	1.57295
2433	1.57295
2434	1.35149
2435	1.35149
2436	1.35149
2437	1.35149
2438	0.741957
2439	0.645473
2440	0.60675
2441	0.60675
2442	0.60675
2443	-1.03087
2444	-1.03087
2445	-1.03087
2446	-0.975564
2447	-0.975564
2448	1.21221
2449	1.21221
2450	1.70246
2451	1.70246
2452	1.70246
2453	1.70246
2454	1.70246
2455	0.95291
2456	0.95291
2457	0.75312
2458	-0.161346
2459	-0.161346
2460	-1.55594
2461	-1.3775
2462	-1.3775
2463	0.605401
2464	0.605401
2465	0.605401
2466	0.605401
2467	0.605401
2468	0.944259
2469	0.944259
2470	-1.27797
2471	-1.27797
2472	-1.27797
2473	-1.27797
2474	-1.27797
2475	-1.10293
2476	-1.10293
2477	1.20265
2478	1.20265
2479	0.820924
2480	0.658539
2481	0.405106
2482	0.405106
2483	0.405106
2484	-0.378396
2485	-0.378396
2486	-0.378396
2487	1.55487
2488	1.55487
2489	1.30648
2490	1.02317
2491	-0.785198
2492	-0.785198
2493	-0.785198
2494	0.428863
2495	-1.17431
2496	-1.17431
2497	0.207513
2498	0.207513
2499	0.207513
2500	-1.15908
2501	-1.15908
2502	-1.15908
2503	-1.15908
2504	-1.15908
2505	-1.23253
2506	-1.23253
2507	-0.288468
2508	-0.288468
2509	1.54862
2510	1.54862
2511	-0.352332
2512	-0.938129
2513	1.22031
2514	0.631214
2515	0.631214
2516	1.28914
2517	-1.26778
2518	1.43185
2519	1.43185
2520	-0.772558
2521	-0.772558
2522	1.7813
2523	0.794772
2524	1.12698
2525	-0.190316
2526	-0.190316
2527	-0.930455
2528	-0.930455
2529	-0.930455
2530	0.559602
2531	0.559602
2532	0.482958
2533	0.482958
2534	-1.2135
2535	-0.362058
2536	-0.362058
2537	-0.362058
2538	-0.362058
2539	1.37722
2540	1.37722
2541	0.412098
2542	0.412098
2543	0.412098
2544	-1.64732
2545	1.03174
2546	1.03174
2547	1.03174
2548	1.03174
2549	1.03174
2550	0.404514
2551	0.404514
2552	-0.308169
2553	0.611958
2554	0.611958
2555	1.06225
2556	-0.88348
2557	-0.88348
2558	-1.29127
2559	-1.29127
2560	-1.29127
2561	-1.29127
2562	-1.29127
2563	-1.29127
2564	-1.03395
2565	-0.820947
2566	-0.820947
2567	-0.820947
2568	-0.820947
2569	-0.820947
2570	0.569361
2571	0.112924
2572	0.112924
2573	0.979406
2574	-0.106502
2575	-0.400368
2576	0.447343
2577	1.27515
2578	1.27515
2579	1.27515
2580	0.82095
2581	-0.442424
2582	-0.442424
2583	0.470846
2584	0.470846
2585	0.565382
2586	0.565382
2587	0.476238
2588	0.476238
2589	1.75776
2590	1.75776
2591	0.552889
2592	0.552889
2593	0.552889
2594	-0.222008
2595	-0.352461
2596	1.46333
2597	-0.858328
2598	-0.858328
2599	-0.858328
2600	-0.858328
2601	-0.852075
2602	-0.852075
2603	-0.139274
2604	-0.372047
2605	1.16949
2606	1.16949
2607	1.16949
2608	1.79919
2609	1.4143
2610	-0.129583
2611	-0.129583
2612	-0.0734525
2613	-0.107589
2614	1.18567
2615	1.18567
2616	-0.302924
2617	0.191876
2618	0.191876
2619	0.191876
2620	-1.5623
2621	-1.5623
2622	-1.5623
2623	-0.57751
2624	-0.57751
2625	-1.54974
2626	-0.229199
2627	0.414577
2628	0.414577
2629	0.192737
2630	0.192737
2631	-1.0526
2632	-1.07906
2633	-1.07906
2634	-1.07906
2635	-1.07906
2636	1.45406
2637	1.45406
2638	-0.5662
2639	-0.5662
2640	-0.5662
2641	0.732966
2642	-1.13978
2643	-1.13978
2644	-1.13978
2645	-1.13978
2646	-1.13978
2647	1.02237
2648	1.02237
2649	1.02237
2650	-1.50615
2651	-1.50615
2652	-1.50615
2653	-1.50615
2654	-1.50615
2655	-1.50615
2656	-0.819737
2657	1.3184
2658	-1.11019
2659	-0.345848
2660	-0.345848
2661	-0.345848
2662	-0.345848
2663	0.302894
2664	-0.583625
2665	-0.583625
2666	-0.583625
2667	-0.583625
2668	-0.514763
2669	-0.514763
2670	-0.514763
2671	-0.514763
2672	1.27751
2673	1.27751
2674	-0.375276
2675	1.39099
2676	-0.072439
2677	-0.072439
2678	-0.072439
2679	0.206147
2680	-0.364918
2681	-0.364918
2682	-0.126587
2683	-0.892925
2684	-0.892925
2685	-0.322054
2686	1.32726
2687	1.32726
2688	1.32726
2689	1.32726
2690	1.32726
2691	1.32726
2692	0.741152
2693	0.861268
2694	-0.137529
2695	-1.07438
2696	0.863941
2697	0.294302
2698	0.294302
2699	0.0179668
2700	-1.2864
2701	-1.69384
2702	-1.69384
2703	-1.01143
2704	-1.01143
2705	0.409307
2706	0.409307
2707	1.25916
2708	1.25916
2709	1.25916
2710	1.25916
2711	1.2631
2712	1.21281
2713	1.21281
2714	0.205281
2715	-0.458463
2716	-0.458463
2717	0.00728567
2718	-1.01753
2719	-2.45982
2720	-1.28272
2721	0.136504
2722	1.20576
2723	-0.0602548
2724	-1.09342
2725	0.336389
2726	0.336389
2727	0.336389
2728	-0.255926
2729	-1.27443
2730	1.00606
2731	0.476753
2732	0.89383
2733	-0.630911
2734	-0.630911
2735	0.540227
2736	0.540227
2737	1.46565
2738	1.46565
2739	1.46565
2740	-0.670898
2741	-0.670898
2742	-0.19575
2743	0.179326
2744	-0.801473
2745	1.19306
2746	-0.526258
2747	-0.619372
2748	-0.619372
2749	-0.619372
2750	-0.619372
2751	-0.619372
2752	-0.619372
2753	-1.37969
2754	-1.37969
2755	-1.37969
2756	-0.601037
2757	0.984256
2758	0.984256
2759	0.984256
2760	-0.319737
2761	-0.319737
2762	-0.319737
2763	-0.319737
2764	-0.52647
2765	-0.52647
2766	-0.52647
2767	-0.25741
2768	-0.313844
2769	-0.588944
2770	-1.14893
2771	-1.14893
2772	-0.0201852
2773	-1.01741
2774	-0.307466
2775	1.29677
2776	-0.889857
2777	0.443087
2778	1.00095
2779	1.00095
2780	0.998388
2781	-0.161067
2782	-0.161067
2783	-0.161067
2784	-1.16001
2785	-1.16001
2786	-1.16001
2787	-1.16001
2788	-1.16001
2789	-0.857633
2790	0.911948
2791	0.911948
2792	0.69721
2793	0.69721
2794	2.17163
2795	2.17163
2796	2.23642
2797	0.632493
2798	-1.38441
2799	-1.38441
2800	-0.430857
2801	0.988274
2802	0.988274
2803	0.988274
2804	0.312526
2805	0.312526
2806	0.312526
2807	0.312526
2808	1.26843
2809	1.26843
2810	1.26843
2811	1.26843
2812	0.406791
2813	0.406791
2814	-0.456023
2815	-0.456023
2816	-0.299111
2817	-1.152
2818	-0.480846
2819	1.0557
2820	1.0557
2821	1.0557
2822	1.0557
2823	-1.49001
2824	0.817762
2825	0.817762
2826	0.817762
2827	0.817762
2828	-0.155532
2829	-0.155532
2830	-0.466545
2831	0.814598
2832	0.814598
2833	0.814598
2834	-1.00916
2835	-0.13861
2836	-0.635947
2837	-0.635947
2838	-0.635947
2839	-0.701104
2840	-0.715157
2841	-1.09153
2842	-1.25215
2843	-1.25215
2844	-1.25215
2845	-1.25215
2846	-1.25215
2847	-1.25215
2848	-1.30674
2849	-1.30674
2850	0.938624
2851	0.938624
2852	0.719393
2853	-1.50108
2854	-0.303387
2855	-0.303387
2856	-0.303387
2857	0.557172
2858	-0.846509
2859	-0.846509
2860	-0.846509
2861	1.17278
2862	-1.51916
2863	-1.51916
2864	-1.51916
2865	1.07362
2866	1.07362
2867	1.07362
2868	1.07362
2869	0.904343
2870	-0.45368
2871	-0.45368
2872	-0.45368
2873	-0.45368
2874	-0.684173
2875	-0.684173
2876	-0.664322
2877	-0.664322
2878	-0.664322
2879	-0.95193
2880	-0.95193
2881	-0.95193
2882	-0.956165
2883	-0.712727
2884	-0.712727
2885	-0.712727
2886	-0.388993
2887	-0.388993
2888	-0.388993
2889	-0.388993
2890	0.93257
2891	0.678601
2892	0.678601
2893	0.678601
2894	-0.574004
2895	0.40368
2896	0.40368
2897	-0.852597
2898	0.252952
2899	0.252952
2900	0.252952
2901	0.985705
2902	1.56518
2903	-0.942291
2904	-0.942291
2905	0.682622
2906	-0.810478
2907	-0.810478
2908	-0.810478
2909	-0.810478
2910	-0.810478
2911	-0.810478
2912	1.63042
2913	-0.226382
2914	-0.75119
2915	-0.75119
2916	-0.75119
2917	0.849452
2918	0.849452
2919	0.912374
2920	0.163564
2921	0.163564
2922	0.271107
2923	0.271107
2924	0.448952
2925	0.448952
2926	0.448952
2927	0.970883
2928	0.970883
2929	0.970883
2930	0.77746
2931	0.77746
2932	0.587905
2933	0.227777
2934	-0.497893
2935	1.09601
2936	-0.0560916
2937	-0.135888
2938	-0.713046
2939	-0.713046
2940	-0.713046
2941	-0.713046
2942	-0.206677
2943	-0.987838
2944	1.34321
2945	-1.21814
2946	-1.21814
2947	-1.21814
2948	-0.528666
2949	0.115122
2950	-0.959815
2951	-0.959815
2952	-1.12622
2953	-0.317922
2954	-1.30482
2955	0.797993
2956	0.797993
2957	0.164655
2958	0.164655
2959	0.936237
2960	0.936237
2961	-0.151163
2962	-0.151163
2963	-0.151163
2964	-0.151163
2965	-0.151163
2966	-0.151163
2967	-0.151163
2968	-0.151163
2969	0.156514
2970	1.3536
2971	1.13522
2972	1.13522
2973	1.13522
2974	1.4012
2975	-0.898942
2976	1.13173
2977	1.13173
2978	0.0288689
2979	-0.489653
2980	-0.489653
2981	-0.489653
2982	-0.489653
2983	0.124872
2984	0.124872
2985	0.124872
2986	0.124872
2987	-0.337923
2988	1.62488
2989	1.68858
2990	1.5674
2991	1.5674
2992	1.5674
2993	1.5674
2994	1.5674
2995	1.5674
2996	1.5674
2997	1.5674
2998	1.5674
2999	0.775383
3000	-0.383295
3001	-0.383295
3002	-0.707036
3003	-0.707036
3004	-0.707036
3005	-0.707036
3006	-1.13388
3007	-1.13388
3008	-1.13388
3009	-1.13388
3010	-0.861215
3011	-0.71322
3012	0.690554
3013	0.690554
3014	-1.08196
3015	0.772881
3016	0.772881
3017	0.772881
3018	1.7067
3019	-0.10308
3020	1.34021
3021	0.342313
3022	1.20961
3023	1.20961
3024	1.20961
3025	0.819616
3026	1.73207
3027	0.793788
3028	-1.21547
3029	-0.291189
3030	-1.09952
3031	-1.09952
3032	-1.09952
3033	-1.24526
3034	-1.24526
3035	-1.24526
3036	-1.24526
3037	0.404253
3038	-0.934806
3039	-0.440018
3040	0.898932
3041	0.898932
3042	1.23393
3043	-1.21837
3044	1.13048
3045	1.13048
3046	-1.3619
3047	-0.349293
3048	-0.349293
3049	-0.349293
3050	-0.349293
3051	-0.349293
3052	-0.349293
3053	-0.349293
3054	-0.611699
3055	0.424893
3056	0.424893
3057	1.08351
3058	1.08351
3059	1.24729
3060	1.24729
3061	-0.68065
3062	-0.68065
3063	-0.68065
3064	1.01429
3065	0.583645
3066	0.583645
3067	0.583645
3068	0.42098
3069	1.6742
3070	-0.929914
3071	-0.929914
3072	0.483587
3073	0.483587
3074	-0.276727
3075	-1.08234
3076	-0.692269
3077	-0.0390822
3078	-1.53938
3079	-0.222407
3080	-1.1731
3081	-1.1731
3082	-1.1731
3083	-0.252236
3084	-0.252236
3085	-0.881108
3086	0.328687
3087	-0.786424
3088	-0.10499
3089	0.965287
3090	1.47617
3091	0.566829
3092	0.566829
3093	0.566829
3094	-0.254285
3095	-0.254285
3096	-0.254285
3097	0.622966
3098	0.622966
3099	0.622966
3100	0.622966
3101	0.622966
3102	0.622966
3103	0.622966
3104	0.622966
3105	-0.0670263
3106	-0.491537
3107	1.01677
3108	1.01677
3109	-0.29889
3110	-0.929711
3111	1.65047
3112	1.65047
3113	-0.183759
3114	-0.769827
3115	-0.769827
3116	0.27068
3117	0.27068
3118	0.27068
3119	1.31042
3120	0.362993
3121	0.00409658
3122	-0.754393
3123	-0.311362
3124	-0.311362
3125	-0.311362
3126	0.244266
3127	0.244266
3128	1.82997
3129	1.82997
3130	-0.184399
3131	-0.184399
3132	0.902035
3133	0.902035
3134	1.43122
3135	-0.723734
3136	-0.723734
3137	1.47373
3138	0.759031
3139	-0.777303
3140	-0.777303
3141	-0.817121
3142	-0.817121
3143	-0.817121
3144	1.62474
3145	1.62474
3146	-0.205018
3147	-1.1387
3148	0.91585
3149	0.91585
3150	0.91585
3151	-1.31596
3152	-1.31596
3153	-1.31596
3154	0.865578
3155	0.908543
3156	0.908543
3157	0.908543
3158	-1.04392
3159	-1.04392
3160	-1.04392
3161	1.0943
3162	-0.788397
3163	-0.788397
3164	-0.788397
3165	-0.788397
3166	0.546867
3167	0.272068
3168	0.598136
3169	0.598136
3170	-1.06482
3171	-1.06482
3172	-0.192647
3173	-0.192647
3174	-0.192647
3175	1.27726
3176	1.27726
3177	1.27726
3178	1.27726
3179	1.27726
3180	-1.3996
3181	-1.19709
3182	-1.19709
3183	-1.19709
3184	-1.19709
3185	-1.19709
3186	1.13151
3187	1.58792
3188	1.26474
3189	1.43902
3190	0.0270208
3191	1.83382
3192	0.531235
3193	1.30767
3194	-0.584001
3195	0.585696
3196	0.585696
3197	-0.224864
3198	-0.224864
3199	-0.713904
3200	-0.713904
3201	1.13179
3202	1.13179
3203	1.23163
3204	1.23163
3205	1.23163
3206	1.23163
3207	1.23163
3208	-1.29462
3209	-0.639291
3210	-0.639291
3211	-0.639291
3212	-0.670002
3213	-0.670002
3214	0.194009
3215	0.194009
3216	0.194009
3217	0.194009
3218	1.1245
3219	1.1245
3220	-1.16469
3221	-1.16469
3222	-0.780845
3223	-0.780845
3224	-0.780845
3225	-0.780845
3226	-0.780845
3227	-0.780845
3228	0.828247
3229	0.828247
3230	0.828247
3231	0.138673
3232	-1.48362
3233	-1.59895
3234	-1.59895
3235	-1.59895
3236	-1.01196
3237	0.282911
3238	0.433819
3239	0.433819
3240	-1.14758
3241	-1.14758
3242	-1.3633
3243	-1.3633
3244	0.419512
3245	0.419512
3246	0.419512
3247	0.419512
3248	0.516067
3249	0.516067
3250	0.516067
3251	0.516067
3252	0.945972
3253	0.945972
3254	0.188453
3255	0.761242
3256	-1.04918
3257	0.965493
3258	0.965493
3259	0.965493
3260	0.364769
3261	-1.45874
3262	0.983742
3263	1.37399
3264	0.3714
3265	0.3714
3266	0.3714
3267	0.3714
3268	0.272982
3269	0.272982
3270	0.713187
3271	0.713187
3272	0.713187
3273	0.713187
3274	0.713187
3275	0.713187
3276	0.713187
3277	-1.0373
3278	-1.0373
3279	1.44893
3280	2.16051
3281	2.16051
3282	-0.57365
3283	-0.57365
3284	-1.48283
3285	-1.31619
3286	-1.31619
3287	0.380423
3288	0.380423
3289	0.380423
3290	1.89558
3291	-0.347834
3292	-0.731955
3293	-0.731955
3294	-1.71616
3295	-1.71616
3296	0.114802
3297	0.114802
3298	0.114802
3299	-0.0715794
3300	-0.0715794
3301	1.08821
3302	-0.451388
3303	-0.451388
3304	-0.451388
3305	-0.451388
3306	-0.451388
3307	-0.451388
3308	0.94811
3309	-0.361989
3310	-0.592728
3311	-0.592728
3312	-0.592728
3313	-0.592728
3314	0.565838
3315	0.565838
3316	0.376063
3317	0.950041
3318	1.04371
3319	0.960712
3320	-0.873238
3321	-0.873238
3322	-0.873238
3323	0.990891
3324	0.990891
3325	0.990891
3326	0.990891
3327	0.990891
3328	0.990891
3329	-0.256212
3330	-0.256212
3331	-1.5806
3332	0.414834
3333	0.414834
3334	0.414834
3335	0.414834
3336	0.414834
3337	0.589654
3338	0.589654
3339	1.27481
3340	0.507376
3341	0.507376
3342	-0.52405
3343	-0.52405
3344	0.227099
3345	0.430248
3346	0.430248
3347	0.430248
3348	0.931466
3349	0.931466
3350	1.0798
3351	-0.632442
3352	-0.632442
3353	-0.632442
3354	-0.632442
3355	0.608628
3356	0.608628
3357	0.627776
3358	0.627776
3359	-1.32528
3360	-1.07838
3361	1.03218
3362	0.283896
3363	0.283896
3364	0.283896
3365	0.283896
3366	1.71493
3367	1.71493
3368	0.618524
3369	-1.20049
3370	-1.20049
3371	-0.652351
3372	-0.652351
3373	-0.652351
3374	-0.989251
3375	-0.373014
3376	-0.373014
3377	-0.373014
3378	-0.646689
3379	-0.646689
3380	-0.646689
3381	0.692785
3382	0.692785
3383	0.692785
3384	0.336643
3385	0.336643
3386	-0.813684
3387	0.389536
3388	-0.163194
3389	-0.163194
3390	0.13505
3391	0.037988
3392	0.037988
3393	0.037988
3394	0.037988
3395	1.22421
3396	1.22421
3397	0.318558
3398	-0.69317
3399	-0.69317
3400	0.536521
3401	1.04967
3402	1.04967
3403	1.04967
3404	1.04967
3405	-0.53095
3406	-0.931132
3407	-1.31772
3408	1.25713
3409	-1.21123
3410	-0.660591
3411	1.09737
3412	-0.600809
3413	-0.983436
3414	-0.983436
3415	1.24537
3416	1.8486
3417	1.60638
3418	-0.644992
3419	0.492171
3420	0.492171
3421	0.964135
3422	0.292748
3423	0.292748
3424	0.872943
3425	0.0162028
3426	0.0162028
3427	-0.0894566
3428	-0.0894566
3429	-0.0459841
3430	-0.0459841
3431	1.04558
3432	-0.249366
3433	-0.249366
3434	-0.249366
3435	-1.0858
3436	-1.0858
3437	-1.46971
3438	-0.610745
3439	-0.610745
3440	-0.610745
3441	-0.610745
3442	-0.610745
3443	-1.38069
3444	-0.232077
3445	-0.232077
3446	-0.232077
3447	0.118957
3448	0.140877
3449	1.90194
3450	1.90194
3451	1.90194
3452	-0.620457
3453	-0.620457
3454	-0.620457
3455	-0.620457
3456	-0.620457
3457	-0.511286
3458	-0.511286
3459	-0.511286
3460	-0.511286
3461	-0.511286
3462	-0.511286
3463	-0.511286
3464	-0.511286
3465	-0.511286
3466	-0.511286
3467	1.19809
3468	0.536712
3469	0.907811
3470	0.907811
3471	0.907811
3472	0.907811
3473	0.907811
3474	0.152894
3475	0.692271
3476	0.256686
3477	0.256686
3478	1.85751
3479	-0.557547
3480	0.923333
3481	0.923333
3482	0.923333
3483	1.00374
3484	1.53905
3485	-0.186076
3486	-0.186076
3487	-0.504992
3488	-0.504992
3489	1.47207
3490	1.47207
3491	1.47207
3492	1.47207
3493	1.47207
3494	0.552391
3495	0.784777
3496	0.784777
3497	0.0777819
3498	-0.96733
3499	-0.74459
3500	0.625435
3501	-0.613851
3502	-0.944192
3503	-0.944192
3504	0.560642
3505	0.560642
3506	0.560642
3507	0.486556
3508	0.486556
3509	0.486556
3510	0.486556
3511	0.486556
3512	0.486556
3513	0.486556
3514	-0.0410881
3515	-0.0410881
3516	-1.3002
3517	-1.3002
3518	-1.53003
3519	-1.53003
3520	-1.5699
3521	1.00773
3522	1.00773
3523	0.293941
3524	-0.775542
3525	-0.624237
3526	-0.624237
3527	-0.624237
3528	-0.624237
3529	1.03678
3530	1.03678
3531	-0.75307
3532	-0.75307
3533	-0.357722
3534	0.572073
3535	0.69468
3536	0.69468
3537	0.69468
3538	-0.351902
3539	-0.351902
3540	-1.31037
3541	-1.31037
3542	0.291684
3543	0.925499
3544	0.925499
3545	0.925499
3546	0.925499
3547	0.925499
3548	0.925499
3549	-1.10933
3550	-1.10933
3551	-1.10933
3552	-1.01116
3553	1.14187
3554	-0.757768
3555	-0.110022
3556	-1.68318
3557	-0.902684
3558	0.683613
3559	0.683613
3560	0.683613
3561	0.739215
3562	0.739215
3563	0.739215
3564	0.739215
3565	0.739215
3566	0.948045
3567	0.948045
3568	0.948045
3569	0.948045
3570	0.948045
3571	-0.68416
3572	-0.68416
3573	-0.68416
3574	-0.68416
3575	1.10249
3576	1.10249
3577	1.10249
3578	1.10249
3579	-1.32401
3580	-1.32401
3581	-1.32401
3582	-1.32401
3583	-1.32401
3584	-1.32401
3585	-0.835424
3586	1.26574
3587	0.295715
3588	1.13375
3589	1.09319
3590	0.712703
3591	1.4781
3592	1.4781
3593	-0.0740646
3594	0.788195
3595	0.788195
3596	1.37775
3597	1.37775
3598	1.35075
3599	0.707783
3600	-0.521803
3601	-0.521803
3602	0.703247
3603	0.703247
3604	0.838422
3605	0.838422
3606	0.838422
3607	0.838422
3608	0.838422
3609	0.788372
3610	0.788372
3611	-1.08673
3612	0.666905
3613	0.666905
3614	0.666905
3615	0.666905
3616	0.666905
3617	0.666905
3618	-0.507187
3619	-1.09587
3620	-0.54606
3621	-0.54606
3622	-0.20053
3623	-0.20053
3624	-0.20053
3625	0.605373
3626	0.605373
3627	0.0243538
3628	0.053911
3629	0.053911
3630	0.053911
3631	1.37176
3632	0.973561
3633	0.973561
3634	0.603037
3635	0.603037
3636	-0.992937
3637	-1.47041
3638	-1.47041
3639	-0.193177
3640	-0.193177
3641	0.0257542
3642	0.15946
3643	0.15946
3644	0.15946
3645	-0.577355
3646	0.143073
3647	0.143073
3648	-0.108519
3649	-0.108519
3650	-0.482778
3651	-0.799272
3652	-0.799272
3653	1.00105
3654	1.00105
3655	0.801883
3656	0.801883
3657	0.0913089
3658	0.101317
3659	1.05511
3660	1.05511
3661	1.05511
3662	0.747247
3663	-0.304169
3664	0.76582
3665	1.06233
3666	1.06233
3667	-1.39729
3668	-1.39729
3669	-0.731734
3670	1.23063
3671	1.23063
3672	1.23063
3673	1.23063
3674	0.59302
3675	0.720918
3676	0.720918
3677	0.720918
3678	1.76875
3679	1.76875
3680	1.76875
3681	1.76875
3682	-0.120022
3683	-0.120022
3684	-0.579693
3685	-0.579693
3686	-0.733644
3687	-0.733644
3688	-1.20367
3689	-1.20367
3690	-0.0311914
3691	-0.0311914
3692	-0.336885
3693	0.581552
3694	0.581552
3695	-0.747481
3696	-0.747481
3697	0.460081
3698	0.460081
3699	0.955142
3700	0.955142
3701	-0.486882
3702	0.935692
3703	-0.513297
3704	1.11816
3705	1.11816
3706	1.11816
3707	-0.444181
3708	-1.52619
3709	-1.52619
3710	0.181428
3711	-1.02215
3712	1.07058
3713	-0.392907
3714	1.18033
3715	0.848975
3716	0.848975
3717	0.848975
3718	0.871334
3719	0.871334
3720	0.871334
3721	0.871334
3722	0.871334
3723	0.431998
3724	1.17354
3725	1.17354
3726	0.427241
3727	0.427241
3728	0.960888
3729	0.960888
3730	-0.341944
3731	-0.341944
3732	-0.341944
3733	-0.341944
3734	0.246612
3735	1.24072
3736	1.24072
3737	0.375405
3738	0.375405
3739	-0.205557
3740	-0.349644
3741	-0.349644
3742	-0.719987
3743	-0.719987
3744	-0.719987
3745	0.975705
3746	0.129529
3747	-0.81175
3748	0.273197
3749	0.273197
3750	0.273197
3751	0.146396
3752	-1.20459
3753	0.337027
3754	1.40003
3755	1.40003
3756	1.383
3757	1.2358
3758	1.2358
3759	0.116442
3760	0.116442
3761	-1.01963
3762	-1.01963
3763	-1.01963
3764	-1.01963
3765	-0.146401
3766	-0.146401
3767	1.26801
3768	1.26801
3769	-1.21455
3770	-1.21455
3771	-1.21455
3772	-1.21455
3773	-1.21455
3774	-1.21455
3775	-0.0860065
3776	0.658547
3777	0.658547
3778	-0.574298
3779	0.664524
3780	-0.420833
3781	0.932208
3782	-0.0883575
3783	-0.0286072
3784	-0.89005
3785	-0.89005
3786	-1.32963
3787	-1.32963
3788	-0.559812
3789	-0.559812
3790	-1.29409
3791	1.19394
3792	0.748107
3793	0.748107
3794	1.19215
3795	0.475536
3796	0.475536
3797	0.475536
3798	1.06164
3799	1.05763
3800	1.05763
3801	-1.59723
3802	-0.360251
3803	0.71678
3804	0.71678
3805	0.71678
3806	0.71678
3807	0.71678
3808	-0.255912
3809	-0.172153
3810	0.598236
3811	0.598236
3812	0.598236
3813	0.598236
3814	0.598236
3815	0.908895
3816	-1.19073
3817	0.372103
3818	0.372103
3819	0.372103
3820	0.372103
3821	0.372103
3822	0.372103
3823	0.372103
3824	1.30913
3825	1.30913
3826	1.30913
3827	1.30913
3828	0.216948
3829	-0.560221
3830	-0.560221
3831	-0.560221
3832	-0.560221
3833	-0.560221
3834	-0.350095
3835	-0.350095
3836	-0.350095
3837	-0.350095
3838	-1.65681
3839	-0.480464
3840	-0.480464
3841	-0.480464
3842	1.40412
3843	1.40412
3844	1.40412
3845	0.385045
3846	0.567356
3847	0.567356
3848	-0.07081
3849	0.787354
3850	-0.793883
3851	-0.869179
3852	-0.364293
3853	-0.60752
3854	0.138882
3855	1.93009
3856	1.88708
3857	1.88708
3858	1.17158
3859	1.17158
3860	-0.631944
3861	-0.631944
3862	-1.24635
3863	-1.24635
3864	1.42325
3865	0.989744
3866	0.989744
3867	0.989744
3868	-0.596356
3869	-0.30218
3870	-0.127975
3871	-0.127975
3872	-0.11354
3873	0.0194502
3874	0.0194502
3875	0.0194502
3876	0.0194502
3877	1.16046
3878	1.16046
3879	1.16046
3880	0.822608
3881	0.403474
3882	0.403474
3883	0.403474
3884	0.403474
3885	-0.161024
3886	0.269841
3887	-0.433538
3888	-0.433538
3889	-0.433538
3890	-0.433538
3891	-0.654093
3892	-0.576213
3893	0.842311
3894	-0.292151
3895	-0.292151
3896	1.85327
3897	1.85327
3898	1.97872
3899	-0.388014
3900	-0.388014
3901	0.982452
3902	0.429434
3903	-0.242187
3904	-0.242187
3905	0.800578
3906	0.800578
3907	0.800578
3908	0.800578
3909	0.800578
3910	0.800578
3911	0.800578
3912	-0.204263
3913	-0.204263
3914	-0.204263
3915	1.27655
3916	1.00022
3917	0.706845
3918	-0.700226
3919	-0.700226
3920	1.26879
3921	-1.24053
3922	-1.24053
3923	0.0558551
3924	0.0558551
3925	0.0558551
3926	-1.46398
3927	-0.0454647
3928	-0.0454647
3929	0.865166
3930	0.800937
3931	0.800937
3932	1.0076
3933	1.02113
3934	1.02113
3935	-0.450456
3936	-0.473917
3937	-0.473917
3938	-0.0731802
3939	-0.0731802
3940	-0.133007
3941	0.807549
3942	0.745275
3943	1.06469
3944	1.26682
3945	-0.485375
3946	-0.485375
3947	1.02326
3948	0.593323
3949	-1.25461
3950	-1.25461
3951	-0.380125
3952	-0.380125
3953	-0.55605
3954	-0.108429
3955	-0.108429
3956	-1.32011
3957	-1.32011
3958	0.698311
3959	0.320058
3960	0.421757
3961	0.421757
3962	1.02417
3963	1.02417
3964	1.02417
3965	1.02417
3966	1.02417
3967	0.721518
3968	0.721518
3969	0.721518
3970	0.721518
3971	0.283214
3972	0.819263
3973	-1.0649
3974	-1.0649
3975	-1.0649
3976	-1.0649
3977	-1.0649
3978	-1.0649
3979	-1.38731
3980	-1.38731
3981	-1.09127
3982	1.45893
3983	0.996842
3984	-1.31586
3985	-1.31586
3986	-1.31586
3987	-1.31586
3988	-1.70129
3989	-1.70129
3990	0.692963
3991	1.06822
3992	1.06822
3993	1.55043
3994	1.55043
3995	1.55043
3996	1.37887
3997	1.37887
3998	1.37887
3999	1.37887
4000	1.37887
4001	0.260072
4002	-1.87726
4003	-0.326608
4004	-0.770334
4005	-0.770334
4006	-1.32655
4007	-1.92048
4008	-1.92048
4009	-1.92048
4010	-0.0485621
4011	1.06925
4012	1.21505
4013	-0.954296
4014	-0.954296
4015	-0.464728
4016	-0.464728
4017	0.882007
4018	0.882007
4019	1.39065
4020	1.39065
4021	1.39065
4022	0.364425
4023	0.364425
4024	0.364425
4025	0.364425
4026	0.364425
4027	0.85724
4028	0.206663
4029	0.206663
4030	1.09666
4031	1.09666
4032	-0.746027
4033	-0.746027
4034	-0.0499357
4035	-0.0499357
4036	-0.0499357
4037	1.31648
4038	1.31648
4039	1.11453
4040	-0.246938
4041	0.908721
4042	0.908721
4043	0.908721
4044	0.301993
4045	-0.606528
4046	-0.606528
4047	-0.606528
4048	-0.606528
4049	1.74213
4050	1.74213
4051	-0.55104
4052	0.722101
4053	-0.259375
4054	0.893012
4055	0.893012
4056	0.893012
4057	0.893012
4058	0.893012
4059	-0.990499
4060	-0.586295
4061	-1.06166
4062	-1.57837
4063	-1.57837
4064	-1.57837
4065	-1.45862
4066	-1.45862
4067	1.26875
4068	-0.478293
4069	-0.358223
4070	-1.08921
4071	-1.08921
4072	-0.140262
4073	-0.140262
4074	-0.451376
4075	-0.451376
4076	-1.0058
4077	0.777333
4078	0.777333
4079	-0.752537
4080	-0.752537
4081	-0.752537
4082	-0.752537
4083	-0.734973
4084	0.457942
4085	0.457942
4086	0.457942
4087	-1.21253
4088	-1.21253
4089	1.01299
4090	-1.51318
4091	-1.51318
4092	0.95913
4093	-0.821238
4094	-0.821238
4095	-0.821238
4096	-0.111532
4097	-0.111532
4098	0.144591
4099	0.144591
4100	-1.39294
4101	-1.39294
4102	-1.39294
4103	-1.39294
4104	-1.39294
4105	-1.39294
4106	-0.352392
4107	-0.156661
4108	-0.179314
4109	1.27556
4110	-0.396748
4111	-1.01107
4112	0.783211
4113	0.783211
4114	0.783211
4115	0.783211
4116	0.178524
4117	0.178524
4118	0.178524
4119	-1.56127
4120	0.159207
4121	-0.838282
4122	-0.797605
4123	-0.797605
4124	-0.968119
4125	-0.968119
4126	-0.0396931
4127	-0.0396931
4128	-0.0429153
4129	0.493198
4130	1.94704
4131	1.94704
4132	1.94704
4133	1.94704
4134	1.94704
4135	1.94704
4136	-0.194268
4137	-0.194268
4138	-0.189638
4139	-0.189638
4140	1.61304
4141	1.61304
4142	1.61304
4143	-0.291767
4144	0.93085
4145	0.93085
4146	-0.213841
4147	-0.934748
4148	0.390101
4149	0.390101
4150	0.390101
4151	-1.10875
4152	-1.10875
4153	-1.65585
4154	-1.65585
4155	-1.65585
4156	0.140841
4157	0.140841
4158	0.285607
4159	-1.02496
4160	-0.932956
4161	0.76007
4162	0.76007
4163	0.76007
4164	-0.508037
4165	-0.508037
4166	-0.508037
4167	-0.508037
4168	-0.508037
4169	-0.508037
4170	-0.508037
4171	1.17956
4172	-0.571273
4173	-0.571273
4174	-0.571273
4175	-0.571273
4176	-0.571273
4177	0.855178
4178	0.855178
4179	0.855178
4180	0.855178
4181	0.855178
4182	0.855178
4183	0.510709
4184	0.510709
4185	-0.89634
4186	1.56522
4187	1.56522
4188	1.56522
4189	1.56522
4190	0.357476
4191	0.357476
4192	0.780906
4193	-0.878186
4194	1.5245
4195	1.5245
4196	1.79409
4197	-0.0882271
4198	-1.17144
4199	0.651012
4200	0.651012
4201	0.651012
4202	0.174927
4203	0.174927
4204	0.174927
4205	1.17506
4206	-1.11653
4207	0.696738
4208	0.696738
4209	-0.548697
4210	-1.07333
4211	-1.07333
4212	-0.263098
4213	-0.263098
4214	-1.12047
4215	-1.12047
4216	-0.346512
4217	-0.346512
4218	-0.346512
4219	-0.346512
4220	-0.346512
4221	-0.346512
4222	-0.795421
4223	-0.795421
4224	0.871936
4225	1.18756
4226	-0.73755
4227	-0.73755
4228	-0.73755
4229	-0.73755
4230	-0.73755
4231	-0.73755
4232	-0.424346
4233	-0.424346
4234	-1.42097
4235	0.1777
4236	-0.44474
4237	-0.821622
4238	-0.821622
4239	-1.09871
4240	-0.828238
4241	-0.828238
4242	-0.828238
4243	-0.828238
4244	0.903264
4245	-0.421731
4246	1.15906
4247	1.15906
4248	-0.484985
4249	0.646818
4250	0.701044
4251	0.701044
4252	-0.822871
4253	-1.08214
4254	-1.08214
4255	0.0476263
4256	0.0476263
4257	0.0476263
4258	0.902661
4259	0.902661
4260	0.902661
4261	0.890954
4262	0.755827
4263	0.578224
4264	0.868508
4265	0.868508
4266	-1.47094
4267	-1.47094
4268	0.677383
4269	1.46497
4270	1.46497
4271	1.46497
4272	-0.310273
4273	-0.310273
4274	-0.274807
4275	-0.274807
4276	-0.274807
4277	-0.274807
4278	-0.274807
4279	-0.274807
4280	-0.229833
4281	-0.229833
4282	0.397531
4283	-0.720796
4284	-1.00729
4285	0.818432
4286	0.818432
4287	0.818432
4288	-1.41089
4289	-1.41089
4290	-1.65785
4291	0.79485
4292	-1.4323
4293	-0.446882
4294	-0.446882
4295	-0.500683
4296	0.406234
4297	1.29181
4298	1.22199
4299	1.22199
4300	-1.06201
4301	-0.964073
4302	-0.492005
4303	-0.492005
4304	-0.492005
4305	0.449302
4306	0.237341
4307	-0.129598
4308	-0.129598
4309	0.317543
4310	-0.314804
4311	-0.314804
4312	-0.314804
4313	-0.314804
4314	-0.314804
4315	-0.447138
4316	1.61293
4317	-0.971359
4318	0.422082
4319	0.422082
4320	-0.331635
4321	0.695763
4322	1.15196
4323	1.15196
4324	1.32177
4325	-0.731773
4326	0.588913
4327	0.726723
4328	-0.763747
4329	-0.763747
4330	0.2424
4331	0.977302
4332	0.977302
4333	0.977302
4334	0.993921
4335	-0.0236071
4336	-0.206688
4337	-0.206688
4338	-0.206688
4339	0.266613
4340	0.266613
4341	0.266613
4342	0.266613
4343	0.266613
4344	0.166893
4345	0.166893
4346	0.450097
4347	1.42263
4348	1.42263
4349	1.42263
4350	1.42263
4351	0.0731721
4352	-0.249475
4353	-1.36785
4354	0.382234
4355	0.382234
4356	-1.09565
4357	-1.09565
4358	-1.09565
4359	-1.09565
4360	-1.09565
4361	-1.09565
4362	-1.09565
4363	-1.09565
4364	-1.09565
4365	-0.677506
4366	0.593928
4367	-0.00616482
4368	-0.47488
4369	0.382367
4370	-0.242521
4371	-0.242521
4372	0.464991
4373	-1.6036
4374	0.424681
4375	0.424681
4376	0.789211
4377	0.547524
4378	0.547524
4379	0.547524
4380	0.703916
4381	0.703916
4382	0.383803
4383	-0.0968582
4384	-0.0968582
4385	-0.0968582
4386	-0.0968582
4387	0.109996
4388	-0.301876
4389	-1.3565
4390	-1.3565
4391	0.390723
4392	0.390723
4393	-0.163882
4394	0.134975
4395	-0.411796
4396	-0.411796
4397	1.24606
4398	1.24606
4399	-1.10709
4400	-0.870964
4401	-0.870964
4402	-0.821652
4403	-0.797838
4404	-0.797838
4405	-0.823284
4406	-0.823284
4407	-0.823284
4408	0.393964
4409	0.393964
4410	0.393964
4411	0.393964
4412	0.393964
4413	-1.2332
4414	0.26307
4415	0.725843
4416	0.725843
4417	-1.04024
4418	-1.04024
4419	-1.04024
4420	-1.04024
4421	-1.04024
4422	-1.04024
4423	-1.04024
4424	0.515743
4425	0.683634
4426	0.683634
4427	0.683634
4428	0.683634
4429	-0.112073
4430	-1.60513
4431	-0.999636
4432	0.943914
4433	0.943914
4434	0.943914
4435	-0.249046
4436	-0.249046
4437	0.133649
4438	1.06494
4439	0.0186376
4440	0.0186376
4441	0.0186376
4442	-0.533202
4443	-0.258641
4444	-0.258641
4445	-1.06195
4446	0.358781
4447	0.358781
4448	0.707403
4449	0.707403
4450	-1.44787
4451	-1.44787
4452	-1.54795
4453	-1.38845
4454	-1.38845
4455	-1.55463
4456	-0.0271278
4457	0.380091
4458	0.380091
4459	0.380091
4460	-0.051067
4461	-0.051067
4462	-0.051067
4463	-0.051067
4464	-0.566382
4465	0.528161
4466	0.528161
4467	0.528161
4468	0.173698
4469	0.204555
4470	0.204555
4471	-0.106751
4472	1.14839
4473	-1.13558
4474	0.199512
4475	0.199512
4476	-0.532612
4477	0.508622
4478	0.956552
4479	-0.829261
4480	-0.311979
4481	0.673386
4482	0.227449
4483	0.227449
4484	-1.17037
4485	-1.02925
4486	0.573819
4487	0.573819
4488	0.573819
4489	0.573819
4490	-0.609557
4491	0.643471
4492	0.282931
4493	0.282931
4494	1.36316
4495	-0.907955
4496	1.50702
4497	0.238655
4498	-0.748988
4499	0.106438
4500	0.106438
4501	0.106438
4502	-1.16693
4503	0.89506
4504	1.56648
4505	1.56648
4506	0.15144
4507	0.15144
4508	0.15144
4509	0.15144
4510	0.141713
4511	0.141713
4512	0.141713
4513	0.141713
4514	0.141713
4515	0.141713
4516	0.141713
4517	0.141713
4518	0.771321
4519	-0.724499
4520	-0.724499
4521	0.0463464
4522	0.0463464
4523	-1.59508
4524	-1.59508
4525	-1.59508
4526	-1.59508
4527	-0.171216
4528	-0.171216
4529	-1.22294
4530	-1.22294
4531	1.14183
4532	1.14183
4533	1.14183
4534	-1.01949
4535	-1.01949
4536	-1.01949
4537	-1.02431
4538	0.506599
4539	0.113848
4540	1.40545
4541	1.40545
4542	0.672979
4543	0.672979
4544	0.672979
4545	0.672979
4546	1.53199
4547	1.53199
4548	-1.14482
4549	-1.00015
4550	-1.00015
4551	-0.815128
4552	-0.815128
4553	1.28787
4554	0.44366
4555	0.44366
4556	0.44366
4557	0.44366
4558	0.44366
4559	0.56711
4560	0.53509
4561	-1.08221
4562	-0.924951
4563	0.769876
4564	0.769876
4565	-0.628955
4566	-0.628955
4567	0.571516
4568	1.30216
4569	-1.13313
4570	0.351319
4571	-0.235671
4572	-0.535856
4573	-0.535856
4574	0.410633
4575	0.410633
4576	1.04831
4577	1.04831
4578	1.04831
4579	0.154657
4580	0.154657
4581	0.154657
4582	-1.31015
4583	0.196894
4584	-0.904107
4585	0.102249
4586	1.38538
4587	1.38538
4588	1.03098
4589	0.877805
4590	0.877805
4591	-0.949236
4592	-0.949236
4593	-0.111283
4594	-0.427582
4595	0.950577
4596	0.950577
4597	0.174113
4598	1.27482
4599	1.27482
4600	1.27482
4601	-1.14421
4602	-1.05027
4603	-1.05027
4604	-0.136325
4605	0.859092
4606	0.859092
4607	1.20175
4608	0.714325
4609	0.714325
4610	1.13072
4611	1.13072
4612	-0.494642
4613	-0.494642
4614	-1.16668
4615	0.107632
4616	1.25795
4617	-0.99207
4618	-0.99207
4619	-0.99207
4620	0.424786
4621	1.92055
4622	1.92055
4623	1.90452
4624	1.90452
4625	1.90452
4626	0.584455
4627	0.584455
4628	0.584455
4629	-1.48584
4630	0.827255
4631	-0.945326
4632	-0.945326
4633	-0.945326
4634	-0.945326
4635	1.07404
4636	1.07404
4637	0.708692
4638	0.708692
4639	1.53976
4640	-0.754788
4641	-0.754788
4642	-0.754788
4643	-0.754788
4644	0.264693
4645	0.264693
4646	0.264693
4647	0.264693
4648	0.264693
4649	0.0834528
4650	0.666441
4651	0.666441
4652	0.666441
4653	0.951179
4654	0.5797
4655	0.355201
4656	0.46549
4657	-0.396191
4658	-1.49189
4659	-1.49189
4660	-0.652032
4661	-0.652032
4662	-0.652032
4663	-1.0384
4664	-0.67908
4665	-0.67908
4666	-0.67908
4667	-0.67908
4668	-0.67908
4669	-0.613193
4670	-0.613193
4671	-0.613193
4672	-0.613193
4673	-1.36297
4674	1.29309
4675	1.29309
4676	1.29309
4677	1.40598
4678	1.40598
4679	1.00149
4680	0.335578
4681	-0.556617
4682	-0.556617
4683	0.800402
4684	-1.3594
4685	-1.56771
4686	-1.56771
4687	-0.00240957
4688	-0.836892
4689	-0.836892
4690	-0.836892
4691	1.49028
4692	-0.120163
4693	-0.120163
4694	-0.0907576
4695	-0.0907576
4696	0.550145
4697	0.550145
4698	0.96977
4699	0.96977
4700	-1.66889
4701	-1.46776
4702	-1.46776
4703	0.426191
4704	0.744705
4705	0.470229
4706	0.470229
4707	0.470229
4708	0.470229
4709	0.470229
4710	0.575147
4711	0.603647
4712	0.603647
4713	0.603647
4714	0.728802
4715	0.728802
4716	0.728802
4717	0.728802
4718	0.728802
4719	-1.36024
4720	-1.36024
4721	-1.36024
4722	0.0635891
4723	0.741777
4724	-1.12292
4725	-1.12292
4726	-1.12292
4727	-1.12292
4728	1.29491
4729	-0.0826212
4730	1.3334
4731	0.2537
4732	-0.583542
4733	-0.0438359
4734	1.54848
4735	-0.370077
4736	-0.370077
4737	-0.370077
4738	0.55382
4739	0.55382
4740	-1.09178
4741	0.784397
4742	0.784397
4743	0.784397
4744	-0.496951
4745	-0.496951
4746	-0.496951
4747	-0.496951
4748	-0.496951
4749	-0.496951
4750	-0.496951
4751	-0.496951
4752	1.02132
4753	1.02132
4754	1.02132
4755	1.33492
4756	-0.972791
4757	-0.972791
4758	-0.546889
4759	-0.546889
4760	-0.364062
4761	-0.364062
4762	-0.364062
4763	-0.364062
4764	-0.146466
4765	0.122392
4766	-1.56421
4767	0.424056
4768	-0.0972135
4769	-0.842598
4770	0.289568
4771	-0.858688
4772	-0.858688
4773	-0.858688
4774	-1.08811
4775	-0.864055
4776	-0.0803106
4777	0.401076
4778	0.771885
4779	0.771885
4780	0.771885
4781	0.986963
4782	0.986963
4783	-0.115993
4784	-0.115993
4785	-1.14701
4786	-1.14701
4787	0.983515
4788	0.983515
4789	-0.0834848
4790	-1.30783
4791	0.7272
4792	-1.14449
4793	-0.851637
4794	-0.266945
4795	-0.110653
4796	-0.110653
4797	-0.110653
4798	-0.110653
4799	-0.95547
4800	-0.95547
4801	-0.95547
4802	-0.95547
4803	-0.95547
4804	-0.95547
4805	-0.95547
4806	-0.95547
4807	-0.95547
4808	0.943824
4809	0.943824
4810	0.943824
4811	-0.901149
4812	0.678202
4813	-0.199074
4814	0.274463
4815	-1.2025
4816	-0.895948
4817	-0.895948
4818	-1.03471
4819	1.38078
4820	0.968025
4821	0.968025
4822	0.968025
4823	0.968025
4824	0.968025
4825	-0.900045
4826	1.09345
4827	1.09345
4828	-0.21226
4829	0.228565
4830	0.228565
4831	1.2044
4832	-1.40153
4833	0.324932
4834	1.47169
4835	1.47169
4836	1.47169
4837	1.47169
4838	1.47169
4839	1.47169
4840	1.47169
4841	1.47169
4842	1.47169
4843	1.47169
4844	0.483548
4845	0.483548
4846	-1.32196
4847	-1.32196
4848	-1.32196
4849	0.581904
4850	-0.0847085
4851	-0.0847085
4852	-1.48301
4853	-1.49026
4854	-1.49026
4855	1.17693
4856	1.17693
4857	1.17693
4858	1.05427
4859	1.05427
4860	-0.465385
4861	1.1375
4862	1.04818
4863	1.11113
4864	-0.878569
4865	0.444815
4866	0.444815
4867	0.444815
4868	-0.982184
4869	-0.982184
4870	0.122822
4871	0.122822
4872	0.122822
4873	-0.627544
4874	-0.627544
4875	-0.627544
4876	-0.917969
4877	-0.917969
4878	-0.917969
4879	-0.917969
4880	1.11068
4881	0.62525
4882	0.62525
4883	0.62525
4884	0.62525
4885	0.62525
4886	0.62525
4887	-0.146822
4888	0.892747
4889	0.892747
4890	0.186389
4891	0.186389
4892	0.186389
4893	-1.26845
4894	0.706343
4895	0.570894
4896	0.570894
4897	-1.0753
4898	-0.499517
4899	0.666009
4900	0.666009
4901	0.666009
4902	0.666009
4903	0.666009
4904	-1.40766
4905	-0.997892
4906	-0.997892
4907	-0.492366
4908	1.04851
4909	1.04851
4910	-0.938559
4911	-0.938559
4912	-0.938559
4913	1.05758
4914	1.05758
4915	1.05758
4916	1.05758
4917	0.721822
4918	0.721822
4919	0.50464
4920	0.50464
4921	-1.50997
4922	-1.50997
4923	-1.50997
4924	-0.15434
4925	-0.501149
4926	-0.501149
4927	-0.501149
4928	0.250804
4929	1.71812
4930	-0.341481
4931	-0.341481
4932	-0.341481
4933	-0.341481
4934	-1.15898
4935	-1.15898
4936	-0.477359
4937	1.56074
4938	1.56074
4939	-1.03478
4940	1.32944
4941	0.253976
4942	-0.373954
4943	1.17664
4944	1.17664
4945	0.0925672
4946	0.0925672
4947	0.444442
4948	0.444442
4949	0.444442
4950	0.444442
4951	0.444442
4952	-1.34389
4953	-1.34389
4954	-1.34389
4955	-1.34389
4956	-1.34389
4957	1.01002
4958	1.01002
4959	1.01002
4960	-0.324848
4961	-0.299116
4962	1.23872
4963	-0.718835
4964	-0.842111
4965	0.975831
4966	0.975831
4967	-0.0520651
4968	-0.0520651
4969	-0.0520651
4970	-0.0520651
4971	-0.0520651
4972	-0.399938
4973	0.272014
4974	-1.30485
4975	0.998774
4976	0.170022
4977	0.170022
4978	0.170022
4979	-0.854869
4980	-0.854869
4981	1.3453
4982	-0.62578
4983	-0.62578
4984	-0.62578
4985	0.427852
4986	0.427852
4987	0.427852
4988	0.427852
4989	0.427852
4990	0.427852
4991	0.427852
4992	0.427852
4993	0.162715
4994	0.162715
4995	0.162715
4996	-1.25872
4997	-0.805142
4998	-0.805142
4999	-1.18156
5000	0.850235
5001	0.850235
5002	0.380565
5003	0.380565
5004	-1.25422
5005	-0.423208
5006	-0.423208
5007	-0.423208
5008	-0.423208
5009	-0.423208
5010	-0.910888
5011	-0.910888
5012	-0.910888
5013	-0.664233
5014	-0.664233
5015	-0.664233
5016	-0.664233
5017	-0.862133
5018	0.573433
5019	-0.0614097
5020	-0.875452
5021	-0.875452
5022	-0.909487
5023	0.0102463
5024	0.0102463
5025	0.536651
5026	-0.786419
5027	0.503717
5028	0.503717
5029	1.11103
5030	1.11103
5031	1.11103
5032	1.79236
5033	1.79236
5034	1.79236
5035	1.79236
5036	1.36859
5037	-1.05602
5038	-1.05602
5039	0.734481
5040	1.16089
5041	-0.867131
5042	-0.480314
5043	0.247796
5044	-1.2569
5045	-1.2569
5046	0.602461
5047	0.602461
5048	-1.25972
5049	-0.101448
5050	-0.101448
5051	-0.195274
5052	-0.195274
5053	0.819872
5054	0.307542
5055	0.692021
5056	0.692021
5057	-0.118233
5058	-0.118233
5059	-1.22937
5060	-1.22937
5061	-1.22937
5062	-1.22937
5063	-1.22937
5064	-1.11684
5065	-1.11684
5066	-0.680226
5067	-0.680226
5068	-0.680226
5069	1.26074
5070	-0.877295
5071	-1.21351
5072	-1.21351
5073	0.894337
5074	0.894337
5075	0.894337
5076	0.894337
5077	0.894337
5078	-1.29626
5079	1.20962
5080	1.06507
5081	1.12243
5082	-0.512314
5083	0.656819
5084	0.656819
5085	0.656819
5086	0.485227
5087	-0.71377
5088	-0.71377
5089	-0.71377
5090	-0.582464
5091	-0.582464
5092	-0.582464
5093	-0.582464
5094	-1.4682
5095	-1.4682
5096	-1.4682
5097	0.807488
5098	0.795706
5099	0.795706
5100	0.795706
5101	0.34714
5102	0.34714
5103	0.34714
5104	0.34714
5105	0.34714
5106	0.34714
5107	0.34714
5108	0.34714
5109	0.915573
5110	-1.55336
5111	0.737466
5112	0.737466
5113	0.737466
5114	0.737466
5115	0.737466
5116	-0.681046
5117	-0.417349
5118	-0.417349
5119	-0.417349
5120	1.3137
5121	1.3137
5122	1.3137
5123	1.3137
5124	-1.25049
5125	-1.25049
5126	-0.0937694
5127	0.571956
5128	0.571956
5129	0.571956
5130	-0.0674814
5131	-0.0674814
5132	1.14327
5133	-1.26286
5134	-1.26286
5135	-1.26286
5136	1.3523
5137	1.3523
5138	1.3523
5139	1.3523
5140	1.3523
5141	1.3523
5142	0.671595
5143	0.671595
5144	0.459906
5145	1.51665
5146	0.137449
5147	0.137449
5148	0.137449
5149	0.137449
5150	1.34488
5151	1.34488
5152	1.34488
5153	1.34488
5154	0.347026
5155	0.347026
5156	-0.524309
5157	-0.524309
5158	-0.430248
5159	0.00275657
5160	1.6907
5161	1.6907
5162	-0.900774
5163	-0.900774
5164	-0.900774
5165	-0.900774
5166	-0.900774
5167	0.111756
5168	0.821819
5169	0.821819
5170	-0.166446
5171	0.682373
5172	-0.608859
5173	-0.854208
5174	-0.854208
5175	-0.854208
5176	-0.854208
5177	-0.854208
5178	-0.854208
5179	-0.854208
5180	-0.854208
5181	-0.854208
5182	-0.854208
5183	-0.854208
5184	-0.854208
5185	-0.102968
5186	1.47918
5187	-0.611704
5188	0.682814
5189	0.682814
5190	0.682814
5191	0.682814
5192	0.682814
5193	0.682814
5194	0.23073
5195	0.23073
5196	0.23073
5197	0.23073
5198	0.251082
5199	-0.908554
5200	-0.908554
5201	-0.908554
5202	-0.908554
5203	-0.908554
5204	-0.908554
5205	-0.908554
5206	-0.908697
5207	0.640181
5208	0.967799
5209	-1.70279
5210	-1.71137
5211	-1.54699
5212	0.261214
5213	0.261214
5214	0.261214
5215	0.648927
5216	0.648927
5217	-0.988611
5218	-1.16628
5219	1.19237
5220	-0.0136384
5221	-0.987185
5222	-0.987185
5223	-0.366325
5224	1.09745
5225	0.332801
5226	-0.678368
5227	-0.678368
5228	1.57625
5229	1.57625
5230	2.29345
5231	2.29345
5232	0.160093
5233	0.160093
5234	0.160093
5235	0.38791
5236	0.38791
5237	0.38791
5238	1.57608
5239	1.57608
5240	0.682045
5241	0.166452
5242	0.819097
5243	0.554539
5244	0.247155
5245	0.247155
5246	-0.742896
5247	-1.15128
5248	-0.0917001
5249	0.884645
5250	0.529249
5251	-0.586645
5252	-0.586645
5253	-0.586645
5254	0.985727
5255	0.985727
5256	0.251271
5257	0.251271
5258	-0.529629
5259	-0.529629
5260	-0.529629
5261	-0.529629
5262	-0.141843
5263	0.937741
5264	0.937741
5265	0.937741
5266	-0.758757
5267	-0.758757
5268	1.52005
5269	1.52005
5270	1.52005
5271	1.52005
5272	0.0146924
5273	-0.213062
5274	-1.10486
5275	-1.10486
5276	-1.52643
5277	-1.52643
5278	-0.968243
5279	-0.968243
5280	-0.968243
5281	1.10935
5282	1.10935
5283	1.10935
5284	-0.401066
5285	-0.401066
5286	-0.401066
5287	-0.401066
5288	-0.0803224
5289	-0.3987
5290	0.338961
5291	1.10436
5292	1.10436
5293	1.10436
5294	1.10436
5295	1.10436
5296	1.62622
5297	1.62622
5298	1.62622
5299	0.477019
5300	-1.19253
5301	-1.19253
5302	-2.22544
5303	-2.22544
5304	-2.22544
5305	-2.22544
5306	-0.634711
5307	-0.509818
5308	-0.509818
5309	-0.509818
5310	1.40504
5311	1.4217
5312	1.4217
5313	1.4217
5314	1.4217
5315	-0.820599
5316	-0.820599
5317	-0.820599
5318	1.1424
5319	0.255705
5320	0.328362
5321	0.212726
5322	1.75069
5323	-0.92079
5324	-0.164495
5325	-0.164495
5326	-0.176652
5327	-0.156667
5328	-0.156667
5329	-1.51545
5330	0.961607
5331	-1.15826
5332	0.590617
5333	0.590617
5334	0.590617
5335	0.271933
5336	0.271933
5337	-0.859448
5338	0.553387
5339	-0.448674
5340	-0.389765
5341	-0.0988689
5342	-0.0988689
5343	-0.0988689
5344	-0.0988689
5345	-0.0988689
5346	-0.685583
5347	-0.931653
5348	-0.706836
5349	-0.706836
5350	-0.706836
5351	-0.706836
5352	-0.0128347
5353	-0.0128347
5354	0.328518
5355	0.328518
5356	0.328518
5357	0.328518
5358	-0.201879
5359	-0.766718
5360	-0.766718
5361	0.772193
5362	0.647403
5363	0.647403
5364	0.647403
5365	0.647403
5366	-0.240757
5367	-1.0405
5368	-1.0405
5369	0.986638
5370	-1.68789
5371	0.204096
5372	0.204096
5373	-0.837025
5374	-0.435522
5375	-0.435522
5376	-0.435522
5377	-0.435522
5378	-1.25257
5379	0.91462
5380	0.91462
5381	0.91462
5382	-1.03258
5383	1.60541
5384	1.60541
5385	1.60541
5386	1.60541
5387	1.60541
5388	1.60541
5389	-0.378773
5390	-0.378773
5391	-0.378773
5392	-0.378773
5393	-0.378773
5394	-1.27614
5395	-1.27614
5396	-0.87289
5397	-0.87289
5398	-0.581506
5399	1.28955
5400	1.28955
5401	0.696688
5402	0.696688
5403	0.696688
5404	-0.309259
5405	0.0642761
5406	0.879975
5407	0.690328
5408	0.690328
5409	0.690328
5410	0.817412
5411	0.528149
5412	-0.196132
5413	-0.712955
5414	-0.712955
5415	-0.712955
5416	-0.712955
5417	-0.712955
5418	0.919833
5419	0.225716
5420	0.225716
5421	0.214358
5422	0.214358
5423	0.214358
5424	0.698846
5425	0.698846
5426	0.698846
5427	0.698846
5428	0.698846
5429	0.698846
5430	0.698846
5431	0.698846
5432	0.698846
5433	0.698846
5434	0.698846
5435	-1.07162
5436	-0.28413
5437	-0.28413
5438	-0.648043
5439	-0.648043
5440	0.48066
5441	0.48066
5442	-1.21233
5443	1.05662
5444	1.03781
5445	1.03781
5446	1.03781
5447	0.454331
5448	0.454331
5449	0.454331
5450	0.454331
5451	-0.979046
5452	0.778634
5453	-1.09187
5454	-1.09187
5455	-1.09187
5456	-1.09187
5457	-1.09187
5458	1.07118
5459	-0.68598
5460	1.19898
5461	0.907122
5462	0.907122
5463	0.907122
5464	-0.405407
5465	-0.405407
5466	-0.405407
5467	-0.405407
5468	-0.405407
5469	-0.337771
5470	-0.337771
5471	-0.792961
5472	-0.648205
5473	-0.0132659
5474	-0.899482
5475	-0.899482
5476	-1.24574
5477	0.537732
5478	-0.8356
5479	-0.8356
5480	-0.8356
5481	-0.8356
5482	-0.8356
5483	-0.950775
5484	-0.950775
5485	-0.950775
5486	-0.178083
5487	0.362568
5488	0.362568
5489	-0.255962
5490	-0.255962
5491	-0.255962
5492	-0.255962
5493	-0.255962
5494	-0.591279
5495	0.000630455
5496	0.000630455
5497	0.000630455
5498	0.000630455
5499	0.000630455
5500	0.000630455
5501	0.000630455
5502	-0.734017
5503	-0.734017
5504	-0.734017
5505	-0.262839
5506	-1.07378
5507	-1.11654
5508	-1.11654
5509	-1.11654
5510	-1.11654
5511	1.28681
5512	1.28681
5513	-0.718994
5514	-0.718994
5515	-0.261292
5516	-0.261292
5517	-0.983451
5518	-1.30179
5519	-1.07224
5520	-1.07224
5521	-0.575784
5522	-0.0263966
5523	-1.42941
5524	-1.42941
5525	1.16166
5526	1.16166
5527	1.16166
5528	-0.528661
5529	0.775084
5530	0.648697
5531	1.54109
5532	0.787418
5533	-1.22841
5534	0.487499
5535	-0.0951098
5536	-0.0951098
5537	-0.0951098
5538	-1.49908
5539	-1.49908
5540	0.57541
5541	-0.33951
5542	-0.33951
5543	0.358503
5544	0.358503
5545	0.358503
5546	0.0141357
5547	0.0141357
5548	0.0141357
5549	-0.117637
5550	-0.709393
5551	-0.709393
5552	-0.315923
5553	-0.315923
5554	-0.315923
5555	-1.23342
5556	-0.157962
5557	-0.157962
5558	-1.16617
5559	1.21667
5560	1.21667
5561	1.21667
5562	1.21667
5563	-0.312258
5564	-0.312258
5565	-0.128033
5566	-0.128033
5567	-0.735809
5568	0.733402
5569	0.733402
5570	-0.0263369
5571	-0.44346
5572	-1.4919
5573	-1.4919
5574	-0.0850372
5575	1.2507
5576	1.2507
5577	0.209729
5578	0.209729
5579	0.523159
5580	-0.884735
5581	-0.391118
5582	-0.391118
5583	-0.391118
5584	-2.50418
5585	-0.481609
5586	0.548142
5587	0.548142
5588	0.548142
5589	0.548142
5590	0.548142
5591	1.06352
5592	0.504768
5593	0.738752
5594	1.20371
5595	1.20371
5596	1.20371
5597	-0.930773
5598	-0.930773
5599	-0.950664
5600	-0.950664
5601	-0.950664
5602	-0.410005
5603	-0.410005
5604	-0.410005
5605	1.54124
5606	-0.473089
5607	0.24612
5608	0.24612
5609	0.24612
5610	0.24612
5611	0.24612
5612	0.24612
5613	0.24612
5614	-1.00023
5615	-1.00023
5616	-1.00023
5617	-1.00023
5618	1.03688
5619	1.03688
5620	-1.63208
5621	-0.195831
5622	1.76443
5623	1.76443
5624	0.264013
5625	0.356917
5626	-1.63213
5627	-0.63139
5628	-0.63139
5629	-0.63139
5630	-0.63139
5631	1.28382
5632	1.28382
5633	1.28382
5634	-0.865856
5635	-0.865856
5636	-0.865856
5637	0.644067
5638	0.644067
5639	0.644067
5640	0.644067
5641	0.644067
5642	0.827868
5643	0.827868
5644	-0.760421
5645	-0.405352
5646	-0.405352
5647	-0.405352
5648	-0.38391
5649	0.92363
5650	0.641631
5651	1.02276
5652	0.739228
5653	0.739228
5654	0.00855507
5655	-1.26258
5656	-1.26258
5657	-1.26258
5658	-0.244596
5659	0.376508
5660	-1.10909
5661	-1.10909
5662	-1.17583
5663	0.3802
5664	-1.7244
5665	-1.7244
5666	-1.59693
5667	-1.59693
5668	-1.59693
5669	-1.7742
5670	-0.288535
5671	-0.288535
5672	-0.536231
5673	1.09013
5674	0.302775
5675	0.302775
5676	0.562227
5677	-0.686322
5678	0.132786
5679	-0.657189
5680	-0.657189
5681	-0.657189
5682	0.505722
5683	0.505722
5684	0.505722
5685	0.505722
5686	0.730795
5687	0.730795
5688	0.730795
5689	0.730795
5690	0.563316
5691	-0.64694
5692	-0.445646
5693	-0.956467
5694	-0.956467
5695	0.295218
5696	-0.853957
5697	-0.853957
5698	0.00236202
5699	0.647509
5700	0.647509
5701	0.647509
5702	0.647509
5703	0.359915
5704	1.43124
5705	1.43124
5706	1.43124
5707	2.04113
5708	-0.279531
5709	-0.279531
5710	-1.17636
5711	-2.27396
5712	-2.27396
5713	-2.4509
5714	-2.4509
5715	-1.45131
5716	-1.2428
5717	-0.307757
5718	-0.307757
5719	-0.307757
5720	-1.05218
5721	0.210184
5722	-0.108053
5723	-0.841725
5724	-0.841725
5725	-1.38003
5726	-1.38003
5727	-0.921992
5728	-1.15205
5729	-0.269045
5730	0.94893
5731	0.94893
5732	0.94893
5733	0.94893
5734	0.94893
5735	-0.239199
5736	0.508638
5737	-0.894038
5738	-0.51646
5739	-0.662103
5740	-0.662103
5741	-0.662103
5742	-0.662103
5743	-0.662103
5744	0.792671
5745	0.792671
5746	0.792671
5747	0.728928
5748	0.985894
5749	0.985894
5750	0.985894
5751	0.985894
5752	0.985894
5753	0.985894
5754	0.985894
5755	0.985894
5756	-0.126835
5757	-2.00232
5758	0.230316
5759	0.834288
5760	0.834288
5761	-1.51393
5762	-1.51393
5763	-1.4787
5764	-0.0538055
5765	0.852657
5766	0.852657
5767	-0.133549
5768	-0.133549
5769	-0.133549
5770	0.714902
5771	0.102177
5772	0.102177
5773	-1.53001
5774	-1.53001
5775	-1.53001
5776	0.735314
5777	-1.25846
5778	-1.25846
5779	-1.25846
5780	1.03918
5781	1.03918
5782	0.225441
5783	1.17849
5784	-1.47158
5785	-0.301246
5786	1.396
5787	1.396
5788	0.702574
5789	0.702574
5790	0.78319
5791	0.78319
5792	0.78319
5793	0.78319
5794	0.78319
5795	0.78319
5796	0.675885
5797	0.675885
5798	0.675885
5799	0.675885
5800	0.675885
5801	1.05823
5802	-0.386776
5803	0.282512
5804	0.282512
5805	0.816768
5806	0.128152
5807	0.128152
5808	0.725036
5809	-0.671603
5810	0.99161
5811	0.99161
5812	-0.308097
5813	-0.308097
5814	-0.308097
5815	-0.308097
5816	0.16895
5817	0.633765
5818	0.633765
5819	0.627721
5820	0.627721
5821	-0.356237
5822	-0.356237
5823	1.38607
5824	1.38607
5825	0.927568
5826	-1.11901
5827	-0.411918
5828	0.806627
5829	-1.09295
5830	-1.05079
5831	-1.05079
5832	0.583186
5833	0.011146
5834	0.656148
5835	0.656148
5836	0.656148
5837	0.656148
5838	0.656148
5839	0.656148
5840	0.656148
5841	0.656148
5842	0.656148
5843	0.656148
5844	-1.41388
5845	-1.41388
5846	-1.41388
5847	-1.41388
5848	-1.41388
5849	-1.41388
5850	0.452109
5851	0.452109
5852	-0.614724
5853	-1.37884
5854	-0.326076
5855	-1.57273
5856	-1.57273
5857	-0.156746
5858	-0.0797272
5859	-0.0797272
5860	0.639715
5861	0.639715
5862	0.639715
5863	-1.41996
5864	0.544552
5865	0.544552
5866	0.544552
5867	0.22306
5868	0.22306
5869	0.0099013
5870	0.0099013
5871	1.31996
5872	1.31996
5873	0.952654
5874	0.784862
5875	0.784862
5876	-0.481618
5877	-0.481618
5878	-0.481618
5879	-1.19819
5880	-1.19819
5881	-1.2374
5882	-1.2374
5883	-0.518467
5884	-0.99403
5885	-0.914531
5886	-0.914531
5887	0.309097
5888	-0.369629
5889	-0.369629
5890	-1.19561
5891	-0.119759
5892	-0.119759
5893	1.1036
5894	1.1036
5895	-0.0558009
5896	0.295874
5897	0.295874
5898	0.295874
5899	0.295874
5900	0.358032
5901	0.358032
5902	-0.572596
5903	-0.572596
5904	0.688512
5905	0.951893
5906	0.951893
5907	-1.01332
5908	-0.937213
5909	-0.7129
5910	-0.7129
5911	1.02578
5912	1.08989
5913	1.08989
5914	1.10879
5915	0.835786
5916	0.835786
5917	0.835786
5918	-0.954836
5919	-0.954836
5920	-0.954836
5921	-0.954836
5922	0.240982
5923	-0.690517
5924	1.22948
5925	1.36882
5926	0.323176
5927	0.323176
5928	0.785452
5929	0.785452
5930	0.785452
5931	0.785452
5932	0.785452
5933	-0.124425
5934	-0.124425
5935	-0.124425
5936	-0.124425
5937	0.144649
5938	0.144649
5939	0.144649
5940	0.144649
5941	-0.534059
5942	0.924609
5943	0.924609
5944	0.924609
5945	0.924609
5946	0.924609
5947	1.18488
5948	1.18488
5949	1.18488
5950	-0.793702
5951	-0.793702
5952	-0.793702
5953	-0.793702
5954	-0.306683
5955	1.01904
5956	0.612867
5957	0.612867
5958	-1.68657
5959	-1.68657
5960	0.768681
5961	0.261965
5962	-0.860843
5963	-0.860843
5964	-0.860843
5965	-0.860843
5966	-0.860843
5967	1.32491
5968	1.28294
5969	0.290227
5970	-0.18103
5971	-0.18103
5972	-0.18103
5973	-0.18103
5974	-0.733762
5975	0.568535
5976	0.830441
5977	0.224943
5978	0.209948
5979	1.35066
5980	-1.1134
5981	1.05693
5982	1.05693
5983	1.0346
5984	1.0346
5985	-1.17825
5986	-1.17825
5987	-0.225862
5988	-0.225862
5989	-1.55214
5990	-1.55214
5991	0.167567
5992	0.167567
5993	-1.63155
5994	-1.18102
5995	-0.874071
5996	-1.15365
5997	1.40393
5998	0.141658
5999	0.141658
6000	0.983298
6001	-1.21557
6002	-1.21557
6003	-1.21557
6004	-1.28382
6005	-1.18398
6006	-1.18398
6007	-1.18398
6008	1.40257
6009	1.40257
6010	1.40257
6011	1.40257
6012	1.40257
6013	1.6792
6014	-0.878867
6015	-0.878867
6016	-0.878867
6017	1.21235
6018	1.21235
6019	0.841125
6020	0.841125
6021	0.841125
6022	0.841125
6023	0.841125
6024	0.841125
6025	0.501164
6026	-0.327741
6027	0.000292633
6028	-0.0814517
6029	-0.0814517
6030	-0.955467
6031	-1.26497
6032	-0.343705
6033	0.852465
6034	0.852465
6035	0.852465
6036	-0.420448
6037	-0.420448
6038	-0.420448
6039	-0.420448
6040	-1.63366
6041	-0.84729
6042	-0.84729
6043	-0.518396
6044	-0.518396
6045	-0.9506
6046	-0.9506
6047	-0.9506
6048	0.124182
6049	0.578615
6050	-0.761644
6051	1.7464
6052	-0.277916
6053	-0.742454
6054	-0.742454
6055	-0.742454
6056	1.65548
6057	0.401326
6058	0.401326
6059	0.401326
6060	0.401326
6061	0.671397
6062	1.16853
6063	1.16853
6064	0.621921
6065	0.621921
6066	0.961404
6067	-0.876824
6068	-0.876824
6069	0.849759
6070	0.849759
6071	-1.17485
6072	1.44037
6073	-0.451501
6074	1.48357
6075	1.48357
6076	-0.260301
6077	0.529173
6078	-0.425437
6079	0.763241
6080	1.29507
6081	1.29507
6082	1.29507
6083	0.658759
6084	0.658759
6085	0.662087
6086	0.662087
6087	-0.969996
6088	0.379412
6089	0.173781
6090	0.964362
6091	-0.681525
6092	0.785583
6093	0.785583
6094	0.785583
6095	1.26923
6096	1.26923
6097	1.26923
6098	1.26923
6099	1.26923
6100	1.26923
6101	0.328058
6102	0.328058
6103	-1.23845
6104	-1.23845
6105	0.264765
6106	0.264765
6107	-0.53662
6108	1.02416
6109	1.02416
6110	1.02416
6111	1.10377
6112	1.07112
6113	1.07112
6114	1.07112
6115	-0.941896
6116	-0.941896
6117	-0.941896
6118	-0.563064
6119	1.97651
6120	-0.666538
6121	-0.666538
6122	-0.385091
6123	-0.385091
6124	-0.287975
6125	-0.287975
6126	0.68354
6127	-0.370803
6128	-0.370803
6129	-0.696421
6130	-0.0119635
6131	-0.0119635
6132	-0.0119635
6133	-0.684559
6134	-0.0590123
6135	0.578191
6136	1.35485
6137	-0.0472582
6138	0.92648
6139	0.92648
6140	0.92648
6141	0.92648
6142	1.49157
6143	-0.507377
6144	0.344673
6145	0.344673
6146	0.642362
6147	0.476852
6148	0.177089
6149	0.177089
6150	1.91565
6151	2.34047
6152	0.07099
6153	-1.08435
6154	-1.08435
6155	-1.38263
6156	-1.06022
6157	-1.06022
6158	-1.06022
6159	0.517598
6160	0.517598
6161	-0.114355
6162	-1.39072
6163	-1.39072
6164	-1.39072
6165	-0.45312
6166	-0.537046
6167	-1.05239
6168	0.0753973
6169	-1.36561
6170	-1.36561
6171	-1.36561
6172	0.481178
6173	-0.733617
6174	0.575367
6175	0.681403
6176	0.681403
6177	0.99896
6178	0.99896
6179	0.99896
6180	0.979154
6181	0.680784
6182	1.43857
6183	1.43857
6184	0.6102
6185	0.6102
6186	0.6102
6187	0.717493
6188	0.717493
6189	0.717493
6190	0.717493
6191	0.739226
6192	0.816149
6193	-1.46716
6194	-1.46716
6195	-1.44435
6196	-1.44435
6197	-1.44435
6198	0.465586
6199	0.465586
6200	0.465586
6201	0.12884
6202	0.12884
6203	-0.344859
6204	-0.344859
6205	1.34952
6206	0.72062
6207	0.72062
6208	0.72062
6209	-0.481981
6210	-0.510297
6211	-0.510297
6212	-0.861121
6213	-1.16876
6214	-0.579623
6215	-0.579623
6216	-0.463547
6217	-0.109957
6218	-0.109957
6219	-0.109957
6220	0.735337
6221	0.735337
6222	0.291728
6223	-1.41249
6224	-1.41249
6225	-0.418395
6226	1.57064
6227	1.36217
6228	1.36217
6229	1.36217
6230	-0.15261
6231	1.21676
6232	-1.08118
6233	-1.08118
6234	-0.33571
6235	-0.33571
6236	-0.542886
6237	-0.542886
6238	0.0562047
6239	0.0562047
6240	-1.18014
6241	-1.01169
6242	0.654118
6243	0.0172777
6244	0.22779
6245	0.251636
6246	-1.20543
6247	-1.20543
6248	-1.20543
6249	-1.20543
6250	-0.901403
6251	-0.901403
6252	1.13624
6253	1.13624
6254	1.35747
6255	1.35747
6256	-0.0800289
6257	-0.0856519
6258	-0.867666
6259	0.0134171
6260	0.0134171
6261	0.0134171
6262	-0.864035
6263	-0.864035
6264	-0.82731
6265	-0.82731
6266	-0.82731
6267	-0.187785
6268	-1.2087
6269	-0.642132
6270	-0.642132
6271	-0.642132
6272	-0.642132
6273	-0.642132
6274	-0.0936001
6275	1.04556
6276	-0.579813
6277	-0.579813
6278	1.45957
6279	-0.229982
6280	-0.229982
6281	-0.229982
6282	-0.229982
6283	1.2135
6284	-1.17368
6285	-1.17368
6286	0.43062
6287	0.43062
6288	0.42945
6289	-0.781797
6290	-0.781797
6291	-0.781797
6292	-0.781797
6293	-0.781797
6294	0.700448
6295	0.700448
6296	-1.24231
6297	-0.535472
6298	-0.535472
6299	-0.535472
6300	-1.13546
6301	-1.13546
6302	-1.5605
6303	-1.20026
6304	-0.872959
6305	1.00028
6306	1.00028
6307	1.00028
6308	1.12085
6309	1.12085
6310	-1.06843
6311	1.26132
6312	1.30206
6313	1.30206
6314	1.30206
6315	0.166281
6316	0.166281
6317	0.460266
6318	1.47447
6319	1.22462
6320	-0.225499
6321	-0.225499
6322	-0.225499
6323	0.40479
6324	0.40479
6325	0.433347
6326	0.433347
6327	-0.173759
6328	-0.0329951
6329	0.24277
6330	-1.0515
6331	-1.0515
6332	-0.890249
6333	-0.752374
6334	-0.752374
6335	-0.752374
6336	-1.02612
6337	-1.02612
6338	-1.02612
6339	0.150483
6340	-0.841997
6341	-0.841997
6342	-0.841997
6343	-0.224514
6344	-1.18429
6345	-1.18429
6346	-1.18429
6347	-1.3927
6348	0.493955
6349	0.493955
6350	0.493955
6351	0.751082
6352	0.751082
6353	1.47248
6354	-0.687299
6355	-0.687299
6356	-0.687299
6357	-0.687299
6358	-0.565935
6359	-0.565935
6360	0.219045
6361	0.219045
6362	0.219045
6363	0.219045
6364	0.219045
6365	0.219045
6366	0.219045
6367	1.11415
6368	1.11415
6369	-0.341823
6370	-0.63264
6371	-0.63264
6372	0.603696
6373	-0.295887
6374	1.33399
6375	1.33399
6376	1.33399
6377	1.33399
6378	1.27972
6379	1.27972
6380	-1.15572
6381	-1.15572
6382	1.33919
6383	-0.130159
6384	1.45408
6385	1.45408
6386	1.45408
6387	1.45408
6388	-0.854871
6389	0.354734
6390	0.354734
6391	0.354734
6392	0.180646
6393	0.180646
6394	-1.45381
6395	-0.929469
6396	-0.929469
6397	-0.929469
6398	-0.929469
6399	0.178052
6400	0.178052
6401	-0.40072
6402	-1.52008
6403	-1.52008
6404	-1.52008
6405	-1.52008
6406	-1.52008
6407	-1.52008
6408	1.14195
6409	1.14195
6410	-0.0757969
6411	0.730857
6412	0.730857
6413	-1.16644
6414	-0.0936035
6415	-0.0936035
6416	0.261852
6417	0.261852
6418	0.261852
6419	0.261852
6420	-1.19708
6421	-1.19708
6422	-1.19708
6423	-1.19708
6424	1.2086
6425	0.467338
6426	-1.21284
6427	-1.55271
6428	-1.55271
6429	-0.360621
6430	-0.360621
6431	-0.360621
6432	-0.360621
6433	-0.360621
6434	1.02384
6435	0.738673
6436	-0.910875
6437	1.50795
6438	1.53807
6439	1.53807
6440	0.536091
6441	1.03994
6442	1.5087
6443	1.5087
6444	1.5087
6445	0.736389
6446	0.736389
6447	-0.192413
6448	-0.314646
6449	-1.38882
6450	-0.146578
6451	-0.146578
6452	-0.163338
6453	-0.163338
6454	-0.163338
6455	1.26593
6456	0.95618
6457	0.995385
6458	-1.06929
6459	-0.205648
6460	0.720833
6461	0.720833
6462	-0.88227
6463	-0.88227
6464	-0.847377
6465	0.480219
6466	0.480219
6467	0.480219
6468	0.480219
6469	0.480219
6470	0.480219
6471	0.256821
6472	0.256821
6473	0.256821
6474	-1.49875
6475	-0.635723
6476	0.599845
6477	0.892015
6478	0.618275
6479	1.08285
6480	0.695588
6481	0.0570209
6482	-0.636673
6483	-0.636673
6484	-0.636673
6485	-0.636673
6486	-0.636673
6487	-0.636673
6488	-0.636673
6489	-0.547435
6490	-0.547435
6491	-0.547435
6492	-0.882913
6493	-0.882913
6494	-0.882913
6495	-0.882913
6496	-0.882913
6497	-1.39427
6498	-0.695136
6499	-0.695136
6500	-0.695136
6501	-1.33885
6502	0.632052
6503	0.632052
6504	0.632052
6505	0.0907714
6506	0.0907714
6507	0.0907714
6508	0.995289
6509	0.608527
6510	0.608527
6511	0.608527
6512	0.608527
6513	0.0322408
6514	1.17352
6515	1.17352
6516	1.49205
6517	1.49205
6518	1.49205
6519	1.31396
6520	1.31396
6521	1.31396
6522	1.31396
6523	1.31396
6524	0.191358
6525	0.0495049
6526	0.0495049
6527	-0.611088
6528	-0.611088
6529	-0.611088
6530	-0.0290997
6531	-0.0290997
6532	-0.822221
6533	-0.822221
6534	-0.822221
6535	-0.822221
6536	-1.17723
6537	-1.17723
6538	0.977438
6539	0.977438
6540	0.45333
6541	-0.0495148
6542	-0.884851
6543	-1.5755
6544	-1.5755
6545	-0.928436
6546	-0.928436
6547	0.081232
6548	0.081232
6549	-0.207823
6550	-1.2048
6551	-1.21609
6552	-1.21609
6553	-0.588745
6554	-0.588745
6555	-0.588745
6556	0.906452
6557	-1.67718
6558	0.38849
6559	0.17897
6560	0.17897
6561	0.17897
6562	-1.28798
6563	-0.551541
6564	-0.551541
6565	1.05579
6566	1.05579
6567	-0.181599
6568	-0.181599
6569	0.698887
6570	0.698887
6571	0.698887
6572	0.698887
6573	1.66383
6574	1.09073
6575	0.737686
6576	0.737686
6577	-0.357783
6578	-0.449023
6579	1.00072
6580	1.00072
6581	1.00072
6582	-0.333361
6583	-0.613785
6584	-0.886773
6585	-1.20587
6586	-1.20587
6587	-1.20587
6588	1.21313
6589	1.21313
6590	0.515898
6591	-0.173697
6592	0.0510217
6593	0.0108259
6594	0.0108259
6595	0.0108259
6596	-2.03341
6597	-2.03341
6598	-0.232019
6599	-0.232019
6600	-0.232019
6601	0.703653
6602	0.703653
6603	0.703653
6604	-0.805836
6605	0.422125
6606	-0.0947635
6607	-1.11785
6608	-1.11785
6609	1.04682
6610	0.62504
6611	0.62504
6612	0.62504
6613	0.439003
6614	1.19906
6615	1.19906
6616	1.19906
6617	0.22274
6618	0.22274
6619	0.22274
6620	0.742672
6621	0.742672
6622	0.742672
6623	0.769351
6624	1.19347
6625	1.19347
6626	1.19347
6627	1.19347
6628	1.14641
6629	-0.828357
6630	-0.828357
6631	-0.828357
6632	0.709168
6633	-1.03403
6634	-1.03403
6635	-0.760548
6636	-0.760548
6637	-0.760548
6638	-0.760548
6639	-0.760548
6640	1.0244
6641	1.0244
6642	0.8587
6643	0.8587
6644	0.8587
6645	0.851032
6646	-0.134812
6647	-1.03588
6648	-0.155806
6649	-0.155806
6650	-0.155806
6651	-1.04731
6652	1.34087
6653	1.34087
6654	0.742752
6655	0.036447
6656	-0.36535
6657	-0.36535
6658	-0.36535
6659	-0.36535
6660	-0.989323
6661	-0.543511
6662	-0.543511
6663	-0.543511
6664	-0.734739
6665	-0.734739
6666	-0.734739
6667	-0.608285
6668	-0.112784
6669	-0.572417
6670	-0.760536
6671	-0.760536
6672	-0.536745
6673	-0.70115
6674	-1.10459
6675	-1.10459
6676	1.00907
6677	1.43741
6678	1.43741
6679	-0.587724
6680	0.895493
6681	-0.995433
6682	1.14902
6683	0.606
6684	0.606
6685	0.606
6686	0.606
6687	0.606
6688	-0.945591
6689	0.146548
6690	2.11444
6691	2.11444
6692	2.11444
6693	2.11444
6694	2.11444
6695	2.11444
6696	2.11444
6697	1.9247
6698	1.9247
6699	1.9247
6700	0.744487
6701	0.488949
6702	0.488949
6703	1.34035
6704	0.824864
6705	0.297337
6706	0.584977
6707	-0.244046
6708	-0.244046
6709	0.779529
6710	0.551137
6711	0.551137
6712	0.551137
6713	1.11313
6714	1.11313
6715	0.551853
6716	0.551853
6717	1.11958
6718	-0.458489
6719	1.52083
6720	1.52083
6721	1.52083
6722	1.52083
6723	1.52083
6724	-0.655609
6725	1.21736
6726	0.992517
6727	0.992517
6728	0.992517
6729	-0.0805016
6730	-1.40457
6731	-1.40457
6732	0.299497
6733	1.05387
6734	-1.66091
6735	0.153962
6736	0.153962
6737	0.153962
6738	0.153962
6739	0.153962
6740	-0.820976
6741	0.671813
6742	0.671813
6743	0.671813
6744	-0.63384
6745	0.979531
6746	0.979531
6747	-0.832919
6748	-0.832919
6749	0.735136
6750	0.433338
6751	0.433338
6752	0.433338
6753	0.433338
6754	-1.14211
6755	-1.14211
6756	-1.14211
6757	-0.261049
6758	-1.64113
6759	-1.64113
6760	-1.64113
6761	1.07598
6762	-1.3932
6763	-1.3932
6764	-0.442542
6765	0.174425
6766	0.174425
6767	-1.01997
6768	-1.01997
6769	-1.01997
6770	1.16747
6771	1.16747
6772	1.16747
6773	-0.680578
6774	1.33559
6775	0.216594
6776	0.216594
6777	0.0911409
6778	1.1421
6779	-0.528973
6780	-1.07855
6781	-1.07855
6782	-1.07855
6783	0.327953
6784	0.327953
6785	-0.869673
6786	0.160787
6787	1.62956
6788	1.62956
6789	1.62956
6790	0.755227
6791	0.755227
6792	0.755227
6793	-1.41968
6794	-0.628261
6795	0.177339
6796	0.177339
6797	0.177339
6798	0.177339
6799	0.177339
6800	0.177339
6801	-0.547846
6802	-0.547846
6803	-0.547846
6804	-0.547846
6805	-0.59149
6806	0.301097
6807	0.301097
6808	-0.523806
6809	-1.13967
6810	1.29014
6811	0.105117
6812	0.105117
6813	0.86776
6814	-0.146739
6815	0.672778
6816	0.672778
6817	1.09377
6818	1.09377
6819	1.09377
6820	-0.293625
6821	-0.293625
6822	0.215434
6823	0.192608
6824	0.192608
6825	0.518656
6826	-0.0147251
6827	1.09664
6828	-1.37218
6829	0.41032
6830	0.725507
6831	0.495947
6832	0.495947
6833	1.12582
6834	1.12582
6835	1.12582
6836	1.12582
6837	-1.08549
6838	-1.36909
6839	-1.3041
6840	-0.991179
6841	-0.991179
6842	-0.991179
6843	0.518223
6844	0.518223
6845	-0.685651
6846	-0.685651
6847	0.496755
6848	0.496755
6849	0.496755
6850	-0.782929
6851	-0.782929
6852	-0.782929
6853	-0.782929
6854	-1.29764
6855	-1.29764
6856	-1.29764
6857	-1.3775
6858	-1.61456
6859	-1.61456
6860	-1.73164
6861	-1.73164
6862	-1.69674
6863	-1.69674
6864	-1.69674
6865	0.797286
6866	0.797286
6867	0.409088
6868	0.409088
6869	0.409088
6870	-0.516145
6871	-0.923547
6872	-0.851266
6873	1.25416
6874	1.14719
6875	-0.330343
6876	1.24719
6877	1.24719
6878	1.24719
6879	-0.561025
6880	-0.561025
6881	-0.561025
6882	-0.561025
6883	-0.561025
6884	-0.561025
6885	-0.323405
6886	-0.323405
6887	-0.323405
6888	-0.348353
6889	0.028566
6890	-1.1535
6891	-0.590486
6892	-0.95983
6893	-0.656172
6894	-0.656172
6895	-0.811735
6896	-0.811735
6897	-0.811735
6898	-0.811735
6899	-1.44807
6900	-1.44807
6901	-1.44807
6902	-0.747737
6903	-0.517074
6904	-0.517074
6905	-0.517074
6906	0.85629
6907	1.65223
6908	-0.551989
6909	-0.54505
6910	-0.498839
6911	-0.797975
6912	-0.797975
6913	-0.97191
6914	-0.97191
6915	-0.313085
6916	1.31002
6917	0.589962
6918	0.589962
6919	-0.974615
6920	-0.974615
6921	-0.974615
6922	0.708974
6923	1.26017
6924	0.74419
6925	0.74419
6926	0.74419
6927	0.74419
6928	0.74419
6929	0.74419
6930	-0.276175
6931	-0.276175
6932	0.891034
6933	0.632086
6934	0.680498
6935	0.680498
6936	-0.108021
6937	-1.09149
6938	-0.9638
6939	-0.9638
6940	-0.9638
6941	-0.9638
6942	-0.9638
6943	-0.628152
6944	-0.628152
6945	-0.628152
6946	0.417347
6947	-0.206913
6948	0.862063
6949	0.862063
6950	-0.0417692
6951	0.00439066
6952	0.00439066
6953	-0.776101
6954	-0.776101
6955	-0.776101
6956	-0.776101
6957	-0.776101
6958	-0.776101
6959	-0.776101
6960	-0.377972
6961	-0.804739
6962	-0.975704
6963	-0.975704
6964	-0.975704
6965	-0.975704
6966	-0.975704
6967	0.519431
6968	0.519431
6969	-1.32483
6970	0.458051
6971	0.458051
6972	-1.00612
6973	-0.865035
6974	-0.865035
6975	-0.865035
6976	-1.14457
6977	0.742012
6978	0.751625
6979	1.27566
6980	-0.558616
6981	-0.558616
6982	-0.558616
6983	-0.558616
6984	-0.558616
6985	-1.06835
6986	0.709053
6987	0.709053
6988	0.709053
6989	0.709053
6990	0.709053
6991	0.709053
6992	0.709053
6993	-0.0384174
6994	-0.0384174
6995	0.323616
6996	0.323616
6997	1.3042
6998	0.863785
6999	-0.103669
7000	-0.537865
7001	-0.537865
7002	1.64465
7003	-1.00175
7004	-1.53166
7005	-0.409196
7006	-0.409196
7007	-0.409196
7008	1.09002
7009	1.08574
7010	0.311723
7011	0.311723
7012	0.311723
7013	0.311723
7014	0.971012
7015	-1.26802
7016	-1.26802
7017	-1.23575
7018	-1.23575
7019	-1.23575
7020	-1.23575
7021	0.795392
7022	0.795392
7023	0.795392
7024	0.795392
7025	-1.12878
7026	-0.543694
7027	0.779659
7028	0.779659
7029	1.03007
7030	1.03007
7031	0.889913
7032	0.894043
7033	0.894043
7034	1.13927
7035	1.32977
7036	1.32977
7037	1.43442
7038	1.43442
7039	-0.278851
7040	-0.467837
7041	0.352294
7042	1.1946
7043	-0.761676
7044	-0.761676
7045	-0.761676
7046	-0.761676
7047	-0.194085
7048	-0.194085
7049	-0.194085
7050	-0.326027
7051	-0.993623
7052	-0.36912
7053	-1.26269
7054	-0.403524
7055	0.383205
7056	-0.959027
7057	-0.959027
7058	-0.959027
7059	-0.959027
7060	-0.959027
7061	-0.959027
7062	0.926653
7063	-0.566617
7064	-0.566617
7065	-0.566617
7066	-0.566617
7067	-0.566617
7068	-0.566617
7069	-0.92304
7070	-0.369001
7071	-0.369001
7072	-0.369001
7073	-0.903428
7074	-0.272499
7075	-0.272499
7076	-0.272499
7077	-0.272499
7078	-0.272499
7079	-0.0108166
7080	0.816329
7081	-1.14257
7082	0.267303
7083	-1.71882
7084	-1.71882
7085	-0.331962
7086	-0.331962
7087	0.323483
7088	0.323483
7089	0.323483
7090	0.343869
7091	-0.975898
7092	-0.411539
7093	-0.411539
7094	1.45806
7095	-0.612635
7096	-0.612635
7097	0.146953
7098	0.146953
7099	0.146953
7100	0.146953
7101	-0.277237
7102	-0.277237
7103	0.766727
7104	0.766727
7105	0.766727
7106	0.766727
7107	0.918971
7108	0.918971
7109	0.918971
7110	0.999158
7111	0.999158
7112	0.999158
7113	0.999158
7114	0.346842
7115	0.346842
7116	0.346842
7117	0.346842
7118	-1.34946
7119	-1.34946
7120	0.338216
7121	-1.02281
7122	1.14793
7123	-1.58477
7124	0.293467
7125	0.293467
7126	0.293467
7127	-1.14283
7128	1.21953
7129	1.21953
7130	0.970253
7131	0.970253
7132	0.970253
7133	-0.410541
7134	-0.410541
7135	-0.410541
7136	-0.410541
7137	-0.910098
7138	-0.910098
7139	0.273037
7140	0.273037
7141	0.681568
7142	1.57973
7143	-0.0621966
7144	-0.0424816
7145	-1.30445
7146	0.365194
7147	1.76177
7148	-0.218415
7149	-0.883909
7150	-0.795321
7151	-0.795321
7152	-0.795321
7153	-0.795321
7154	-0.795321
7155	-1.17411
7156	-0.666674
7157	0.264784
7158	0.128118
7159	0.128118
7160	0.418359
7161	0.520537
7162	0.218159
7163	-1.22013
7164	-1.22013
7165	-1.22013
7166	-1.58356
7167	-1.22261
7168	-1.2754
7169	-0.920662
7170	-0.920662
7171	-0.920662
7172	-0.920662
7173	-0.920662
7174	-0.920662
7175	-0.920662
7176	-0.920662
7177	-0.920662
7178	-0.275102
7179	1.08646
7180	1.08646
7181	-0.987281
7182	-0.168672
7183	-0.168672
7184	-0.168672
7185	-0.168672
7186	0.887766
7187	-1.19073
7188	-0.0913116
7189	-0.0913116
7190	-0.0913116
7191	1.09397
7192	0.801123
7193	0.329423
7194	-1.09969
7195	0.965168
7196	0.965168
7197	0.965168
7198	0.965168
7199	0.965168
7200	1.01358
7201	1.01358
7202	-1.0985
7203	-1.0985
7204	-1.49328
7205	-0.791694
7206	-0.791694
7207	-0.791694
7208	-0.791694
7209	-0.791694
7210	-0.791694
7211	-0.791694
7212	-0.791694
7213	-1.01831
7214	-1.01831
7215	0.83447
7216	0.83447
7217	-0.580191
7218	-0.580191
7219	-0.580191
7220	0.0872337
7221	0.106456
7222	0.106456
7223	0.106456
7224	-1.20958
7225	-1.32438
7226	-1.32438
7227	-0.903381
7228	0.23625
7229	0.162313
7230	1.00257
7231	0.848724
7232	0.314785
7233	1.07158
7234	-0.48002
7235	-0.761382
7236	-0.761382
7237	-0.0857574
7238	1.17689
7239	1.17689
7240	-0.0429097
7241	-0.0429097
7242	0.153983
7243	-1.98233
7244	-1.98233
7245	-1.21519
7246	0.729668
7247	0.729668
7248	-0.249576
7249	-0.249576
7250	-0.285873
7251	0.185781
7252	-1.28721
7253	1.03701
7254	-0.122341
7255	-0.122341
7256	-0.122341
7257	0.601341
7258	-1.13637
7259	-1.13637
7260	-1.13637
7261	-1.39806
7262	-1.39806
7263	-1.39806
7264	-1.39806
7265	0.411115
7266	0.411115
7267	-1.4316
7268	-1.4316
7269	-0.380829
7270	-0.380829
7271	-0.530609
7272	-1.27087
7273	-1.27087
7274	-1.27087
7275	-1.27087
7276	-0.343477
7277	-0.343477
7278	0.243716
7279	0.243716
7280	0.243716
7281	0.243716
7282	0.822202
7283	0.822202
7284	-1.19524
7285	-1.19524
7286	-1.19524
7287	-1.19524
7288	-1.19524
7289	0.616647
7290	0.616647
7291	1.44354
7292	1.44354
7293	-0.0661025
7294	-0.298619
7295	-0.298619
7296	-1.17192
7297	-0.100571
7298	-0.61907
7299	-0.61907
7300	1.85286
7301	1.85286
7302	1.79339
7303	1.79339
7304	1.79339
7305	-0.944587
7306	-0.53303
7307	-0.53303
7308	-0.53303
7309	-0.53303
7310	-0.0868704
7311	0.969673
7312	-0.883908
7313	1.17273
7314	0.700238
7315	0.700238
7316	0.700238
7317	0.700238
7318	0.700238
7319	0.700238
7320	0.700238
7321	0.700238
7322	0.700238
7323	0.356728
7324	0.356728
7325	0.156673
7326	1.16318
7327	1.16318
7328	1.16318
7329	-0.634737
7330	-0.634737
7331	-0.260975
7332	-0.260975
7333	0.732179
7334	0.732179
7335	0.732179
7336	0.732179
7337	-1.30342
7338	-1.30342
7339	-1.88152
7340	0.853025
7341	0.853025
7342	0.853025
7343	0.0804661
7344	0.451302
7345	1.47985
7346	1.41303
7347	-1.24974
7348	-1.24974
7349	-0.971476
7350	-0.971476
7351	-0.971476
7352	-0.903795
7353	-0.841165
7354	-0.841165
7355	-0.841165
7356	-0.841165
7357	0.0289649
7358	0.0289649
7359	0.0289649
7360	1.18655
7361	-1.10342
7362	-1.10342
7363	-1.10342
7364	0.547774
7365	0.669316
7366	-0.0538154
7367	0.478634
7368	0.478634
7369	0.478634
7370	0.478634
7371	-0.349983
7372	-0.349983
7373	0.3883
7374	-0.334027
7375	-0.886276
7376	-0.886276
7377	-0.886276
7378	-0.501424
7379	-0.201648
7380	-0.201648
7381	-1.38488
7382	0.317514
7383	0.317514
7384	-0.266432
7385	-0.266432
7386	1.08513
7387	0.50863
7388	-0.335259
7389	-0.74532
7390	1.09079
7391	-0.463641
7392	-1.68174
7393	-1.68174
7394	-0.268028
7395	-0.268028
7396	1.20147
7397	-0.948988
7398	-0.699298
7399	-0.699298
7400	-0.699298
7401	-0.885233
7402	0.035101
7403	0.035101
7404	1.48452
7405	-0.318459
7406	-0.318459
7407	-0.0695421
7408	1.41803
7409	-0.0244796
7410	0.210182
7411	1.5041
7412	-0.0892891
7413	-1.06383
7414	-1.06383
7415	-0.778786
7416	-1.07495
7417	-1.07495
7418	-0.0079731
7419	-0.0079731
7420	-0.597906
7421	-0.597906
7422	-0.597906
7423	0.598561
7424	0.598561
7425	-0.71874
7426	-0.71874
7427	0.535169
7428	1.68877
7429	0.322187
7430	1.46044
7431	-1.13099
7432	-1.48025
7433	-1.48025
7434	-1.48025
7435	-1.48025
7436	-1.48025
7437	-1.48025
7438	-1.48025
7439	-1.48025
7440	-1.48025
7441	-1.48025
7442	0.663236
7443	0.663236
7444	0.236843
7445	0.880862
7446	0.880862
7447	0.427207
7448	-0.220231
7449	-0.220231
7450	-1.42915
7451	-1.42915
7452	-1.40547
7453	-1.40547
7454	-1.40547
7455	-1.40547
7456	-1.40547
7457	0.695217
7458	-1.52338
7459	-1.52338
7460	-1.52338
7461	-1.52338
7462	-0.485194
7463	1.14503
7464	0.269298
7465	-1.26973
7466	-0.611869
7467	-0.611869
7468	-0.605712
7469	-0.258553
7470	-0.258553
7471	0.16634
7472	1.14431
7473	1.14431
7474	1.14431
7475	1.14431
7476	1.14431
7477	-0.754462
7478	-0.754462
7479	-1.14093
7480	-1.14093
7481	-0.185191
7482	0.440232
7483	0.440232
7484	1.13014
7485	0.0689784
7486	0.0689784
7487	0.273509
7488	-0.311397
7489	-0.311397
7490	-0.311397
7491	-0.311397
7492	-0.311397
7493	1.36468
7494	1.36468
7495	1.36468
7496	-0.921717
7497	-0.921717
7498	-0.921717
7499	-0.921717
7500	0.355862
7501	0.355862
7502	0.355862
7503	-0.602608
7504	-0.315362
7505	1.30119
7506	1.30119
7507	1.55822
7508	-1.18594
7509	0.867132
7510	0.867132
7511	0.867132
7512	0.867132
7513	0.867132
7514	0.489753
7515	0.489753
7516	0.53412
7517	-1.07906
7518	-1.07906
7519	1.08501
7520	1.08501
7521	1.08501
7522	1.08501
7523	-1.23563
7524	-0.558909
7525	-0.558909
7526	0.105527
7527	-1.06565
7528	-1.06565
7529	-1.06565
7530	-0.316766
7531	-0.316766
7532	-0.316766
7533	-0.316766
7534	-0.316766
7535	0.638334
7536	-0.248758
7537	1.08531
7538	1.08531
7539	-1.38803
7540	-1.38803
7541	-1.38803
7542	-0.149508
7543	-0.509581
7544	-0.509581
7545	-0.509581
7546	-0.864852
7547	0.684216
7548	0.0986407
7549	0.0986407
7550	-0.464446
7551	1.32162
7552	1.32162
7553	-0.205554
7554	-0.205554
7555	0.627359
7556	0.627359
7557	0.627359
7558	0.627359
7559	-0.548779
7560	-0.245126
7561	0.547014
7562	-0.988474
7563	-0.28094
7564	0.0733222
7565	-0.23669
7566	-0.23669
7567	-0.23669
7568	-0.239593
7569	-0.239593
7570	0.722421
7571	-0.438509
7572	-0.0352698
7573	-0.856022
7574	-0.856022
7575	-0.856022
7576	-0.856022
7577	-0.856022
7578	-0.856022
7579	0.396469
7580	-1.28536
7581	-0.672218
7582	-0.0784613
7583	-0.0784613
7584	-0.0784613
7585	0.861442
7586	-0.0201997
7587	-0.0201997
7588	-1.2541
7589	-0.293135
7590	-0.293135
7591	0.853581
7592	0.853581
7593	0.853581
7594	0.853581
7595	0.853581
7596	1.73654
7597	-0.0436044
7598	-0.176202
7599	-0.373683
7600	0.894099
7601	0.894099
7602	0.894099
7603	-0.268824
7604	-0.268824
7605	-0.268824
7606	-0.759802
7607	1.40866
7608	1.40866
7609	-1.22915
7610	-1.22915
7611	1.04087
7612	-0.745687
7613	-0.745687
7614	0.953361
7615	0.879276
7616	-0.807174
7617	-0.807174
7618	0.724154
7619	0.724154
7620	0.200097
7621	0.552138
7622	-0.666113
7623	-1.01374
7624	-1.35036
7625	-1.11091
7626	-1.11091
7627	-1.11091
7628	-1.11091
7629	-1.11091
7630	-1.11091
7631	-1.11091
7632	-0.666874
7633	-0.370105
7634	-1.06012
7635	-0.530663
7636	-0.530663
7637	1.48126
7638	1.52073
7639	0.455583
7640	0.455583
7641	-0.341595
7642	-2.19233
7643	-2.07479
7644	-2.07479
7645	-0.630589
7646	1.40655
7647	1.82885
7648	1.82885
7649	1.82885
7650	-0.765136
7651	-0.765136
7652	-0.765136
7653	1.24772
7654	1.24772
7655	-0.846393
7656	-0.846393
7657	-0.846393
7658	-0.846393
7659	-0.846393
7660	-0.846393
7661	-0.846393
7662	-0.846393
7663	-0.846393
7664	-0.455081
7665	1.21849
7666	1.21849
7667	-0.968138
7668	-0.243949
7669	-0.243949
7670	-0.243949
7671	-0.243949
7672	-0.243949
7673	-0.293956
7674	-0.293956
7675	-0.293956
7676	-0.293956
7677	-0.0559799
7678	-1.42067
7679	-1.42067
7680	0.0252173
7681	-1.17773
7682	0.175862
7683	-0.731697
7684	1.3894
7685	-0.533913
7686	0.8141
7687	0.425177
7688	-0.977967
7689	-0.977967
7690	-0.961943
7691	-1.24684
7692	-1.15723
7693	0.241602
7694	1.52615
7695	1.52615
7696	1.52615
7697	1.52615
7698	0.599085
7699	-0.154063
7700	-0.154063
7701	-0.154063
7702	-0.154063
7703	-0.154063
7704	-0.154063
7705	-0.154063
7706	-0.154063
7707	-0.154063
7708	-0.401104
7709	-0.723498
7710	-0.723498
7711	-0.723498
7712	-0.8595
7713	0.452125
7714	0.452125
7715	-0.778172
7716	0.215595
7717	0.215595
7718	0.215595
7719	0.215595
7720	0.813371
7721	-0.234636
7722	-0.234636
7723	-0.234636
7724	0.670936
7725	-0.593123
7726	-0.593123
7727	-0.593123
7728	-0.593123
7729	-0.593123
7730	0.567687
7731	0.138945
7732	0.138945
7733	0.117946
7734	0.117946
7735	0.117946
7736	0.117946
7737	1.33132
7738	1.21456
7739	1.21456
7740	1.21456
7741	1.21456
7742	0.738034
7743	0.738034
7744	0.738034
7745	0.738034
7746	0.283992
7747	0.283992
7748	-1.58698
7749	0.865325
7750	-1.05676
7751	0.651061
7752	-0.910421
7753	-1.06956
7754	-0.909209
7755	-0.909209
7756	-1.32344
7757	-1.28542
7758	-1.28542
7759	-1.28542
7760	-0.315222
7761	-0.315222
7762	0.92847
7763	-1.0878
7764	0.954037
7765	0.954037
7766	0.954037
7767	0.954037
7768	0.954037
7769	-0.877255
7770	-0.902213
7771	-0.522961
7772	-0.522961
7773	-0.522961
7774	1.06652
7775	1.06652
7776	-1.24239
7777	-1.24239
7778	-1.0827
7779	-1.0827
7780	-1.0827
7781	-0.557093
7782	-0.557093
7783	0.502155
7784	0.502155
7785	-0.440196
7786	-0.440196
7787	-0.440196
7788	-0.622795
7789	-0.622795
7790	-0.622795
7791	-0.622795
7792	-0.622795
7793	-1.44939
7794	-1.44939
7795	1.21025
7796	0.993308
7797	-1.65437
7798	-0.499389
7799	-0.499389
7800	-1.28676
7801	0.510722
7802	1.14705
7803	1.14705
7804	1.14705
7805	2.06532
7806	0.562193
7807	0.562193
7808	-0.379026
7809	-0.379026
7810	-1.20302
7811	-1.20302
7812	-1.20302
7813	-1.20302
7814	-1.20302
7815	0.686482
7816	-1.29166
7817	-1.29166
7818	0.293487
7819	-1.02677
7820	0.663092
7821	-0.423494
7822	-0.423494
7823	-0.423494
7824	-0.423494
7825	1.05295
7826	0.651293
7827	0.176374
7828	-1.74594
7829	-1.74594
7830	-1.74594
7831	-1.28762
7832	-1.28762
7833	-0.366973
7834	-0.366973
7835	-0.366973
7836	-1.26502
7837	-0.659808
7838	-0.577552
7839	-0.577552
7840	-0.577552
7841	-0.577552
7842	-0.577552
7843	-0.455945
7844	1.44077
7845	-0.0236009
7846	-1.02635
7847	-1.02635
7848	0.32956
7849	-0.276417
7850	1.18035
7851	0.737335
7852	0.737335
7853	0.169326
7854	0.939333
7855	0.939333
7856	-1.05638
7857	1.35492
7858	1.35492
7859	1.35492
7860	-1.22045
7861	1.37099
7862	0.91773
7863	0.91773
7864	0.91773
7865	0.91773
7866	0.91773
7867	-1.22778
7868	-0.866359
7869	-0.866359
7870	0.146719
7871	0.914666
7872	0.914666
7873	-1.23061
7874	0.965545
7875	-0.0372565
7876	-0.0372565
7877	-0.0372565
7878	0.779609
7879	0.779609
7880	-1.07216
7881	0.218947
7882	0.218947
7883	0.218947
7884	-1.06133
7885	0.94591
7886	-0.182245
7887	-0.182245
7888	-0.897682
7889	-0.025956
7890	-0.025956
7891	-0.025956
7892	-0.025956
7893	-1.18848
7894	-0.587609
7895	-0.587609
7896	-0.587609
7897	-1.25739
7898	-0.644188
7899	-0.644188
7900	-0.644188
7901	0.469994
7902	0.469994
7903	0.469994
7904	-0.997445
7905	-0.997445
7906	-1.61891
7907	-1.61891
7908	-1.61891
7909	-1.61891
7910	-1.61891
7911	-1.61891
7912	-0.606648
7913	-1.89688
7914	-0.31882
7915	-0.31882
7916	-0.31882
7917	-0.31882
7918	-0.31882
7919	-0.31882
7920	-0.31882
7921	1.30842
7922	0.451183
7923	1.45293
7924	1.45293
7925	0.0639905
7926	0.0639905
7927	0.0639905
7928	0.398245
7929	0.398245
7930	-1.07243
7931	-1.07243
7932	-0.91918
7933	0.750689
7934	1.57342
7935	1.57342
7936	1.15776
7937	-0.516698
7938	-0.516698
7939	0.898543
7940	0.898543
7941	0.898543
7942	0.898543
7943	0.20137
7944	0.75691
7945	0.75691
7946	0.75691
7947	0.529688
7948	0.529688
7949	0.529688
7950	0.529688
7951	0.529688
7952	0.529688
7953	0.609634
7954	0.802184
7955	-0.761371
7956	-0.761371
7957	-0.761371
7958	-0.761371
7959	-0.761371
7960	-0.761371
7961	-0.990862
7962	0.417703
7963	0.417703
7964	0.417703
7965	-1.48974
7966	-1.79241
7967	-1.79241
7968	-1.79241
7969	-0.665794
7970	-0.665794
7971	-0.270445
7972	0.857357
7973	0.857357
7974	0.857357
7975	0.857357
7976	0.857357
7977	0.857357
7978	0.857357
7979	0.857357
7980	0.857357
7981	-0.320536
7982	0.861109
7983	0.861109
7984	0.861109
7985	0.861109
7986	0.357036
7987	0.357036
7988	0.485177
7989	0.368249
7990	1.10106
7991	1.10106
7992	0.767463
7993	0.767463
7994	0.767463
7995	0.767463
7996	0.767463
7997	0.767463
7998	1.70569
7999	1.78097
8000	0.102828
8001	0.834711
8002	-1.21229
8003	-1.21229
8004	-1.21229
8005	-1.21229
8006	-1.24599
8007	0.346142
8008	0.346142
8009	0.346142
8010	0.924701
8011	0.924701
8012	0.924701
8013	0.0249313
8014	-1.24694
8015	-1.24694
8016	-1.01815
8017	0.121312
8018	-0.259328
8019	-0.951411
8020	-0.951411
8021	-0.464497
8022	0.65719
8023	-1.03947
8024	-1.03947
8025	-1.15089
8026	-1.15089
8027	-0.869714
8028	0.859384
8029	0.859384
8030	0.859384
8031	0.859384
8032	0.859384
8033	0.0611321
8034	1.47781
8035	1.50842
8036	0.460338
8037	0.460338
8038	0.11361
8039	0.11361
8040	1.55934
8041	1.60164
8042	-0.382186
8043	-1.27194
8044	1.22928
8045	1.22928
8046	0.14867
8047	0.14867
8048	-0.887812
8049	-0.887812
8050	-0.887812
8051	-0.887812
8052	-0.711483
8053	-1.55617
8054	-1.55617
8055	0.638654
8056	0.638654
8057	0.925299
8058	-0.701933
8059	0.745857
8060	0.745857
8061	0.745857
8062	0.745857
8063	0.745857
8064	0.745857
8065	-1.15725
8066	0.58016
8067	-0.796081
8068	-0.513015
8069	-0.192783
8070	-0.192783
8071	-1.17361
8072	-1.17361
8073	-1.17361
8074	0.173684
8075	0.173684
8076	-1.42097
8077	0.120239
8078	-0.168298
8079	-0.168298
8080	0.72168
8081	0.72168
8082	-0.736232
8083	-0.736232
8084	-0.736232
8085	-1.08954
8086	-1.08954
8087	-0.565216
8088	-0.565216
8089	0.759015
8090	0.759015
8091	0.759015
8092	-1.45733
8093	-1.45733
8094	-0.70323
8095	-0.70323
8096	-0.70323
8097	-0.70323
8098	-0.70323
8099	-0.70323
8100	-0.0967304
8101	0.193729
8102	-0.202441
8103	-1.16613
8104	-1.16613
8105	-1.16613
8106	0.870881
8107	0.870881
8108	-0.813169
8109	1.08477
8110	1.08477
8111	1.08477
8112	-0.388602
8113	-0.388602
8114	-0.388602
8115	-0.388602
8116	-0.444217
8117	-0.444217
8118	-0.444217
8119	-0.444217
8120	0.250431
8121	-0.492879
8122	-0.492879
8123	0.144132
8124	0.144132
8125	0.552956
8126	0.552956
8127	0.552956
8128	0.552956
8129	0.552956
8130	0.552956
8131	-1.2594
8132	-1.2594
8133	-1.2594
8134	-1.2594
8135	-1.25218
8136	-1.25218
8137	-1.25218
8138	-1.25218
8139	-1.25218
8140	-1.25218
8141	-0.230413
8142	-1.18394
8143	-0.861375
8144	-1.29395
8145	-1.29395
8146	-1.29395
8147	1.02058
8148	0.195265
8149	0.195265
8150	0.195265
8151	0.195265
8152	-0.252374
8153	0.176391
8154	0.176391
8155	0.176391
8156	-1.25042
8157	-1.07774
8158	-1.07774
8159	-1.10254
8160	0.169131
8161	0.382723
8162	0.382723
8163	-1.11629
8164	0.155296
8165	0.155296
8166	-1.337
8167	-1.337
8168	-1.337
8169	-1.337
8170	-1.58311
8171	0.647168
8172	-0.450524
8173	-0.450524
8174	-1.03081
8175	-0.598494
8176	-0.561454
8177	-0.508404
8178	1.08073
8179	1.08073
8180	-0.393593
8181	1.49042
8182	1.49042
8183	1.49042
8184	1.49042
8185	1.33435
8186	1.33435
8187	1.33435
8188	1.1774
8189	1.1774
8190	1.1774
8191	0.517894
8192	0.517894
8193	0.517894
8194	0.500903
8195	0.500903
8196	0.500903
8197	0.500903
8198	0.712073
8199	0.443137
8200	-0.773729
8201	0.699773
8202	0.699773
8203	0.444882
8204	0.810853
8205	0.810853
8206	0.810853
8207	0.810853
8208	-0.492943
8209	1.23479
8210	-0.89949
8211	-0.89949
8212	-0.0338301
8213	-0.0338301
8214	0.243714
8215	0.243714
8216	0.738406
8217	0.738406
8218	-1.24359
8219	-1.31631
8220	-1.31631
8221	-1.31631
8222	-1.31631
8223	-1.31631
8224	-1.31631
8225	-1.31631
8226	-1.31631
8227	1.03019
8228	1.03019
8229	0.213697
8230	0.328767
8231	0.328767
8232	0.328767
8233	-0.0449541
8234	-0.0449541
8235	0.238688
8236	0.238688
8237	0.238688
8238	0.238688
8239	0.238688
8240	0.238688
8241	1.55239
8242	1.55239
8243	-0.281574
8244	0.115862
8245	0.115862
8246	-0.0317161
8247	-0.0317161
8248	-1.03353
8249	-1.1565
8250	-1.1565
8251	-1.1565
8252	-1.1565
8253	0.45851
8254	0.45851
8255	0.45851
8256	0.45851
8257	1.01323
8258	-0.529651
8259	-0.499466
8260	-0.499466
8261	-0.69445
8262	-0.69445
8263	-0.69445
8264	-1.43749
8265	-1.2045
8266	-1.64119
8267	-1.64119
8268	-1.64119
8269	-1.64119
8270	0.286267
8271	0.10644
8272	0.594263
8273	0.594263
8274	1.56427
8275	1.56427
8276	-0.340844
8277	-0.340844
8278	-0.340844
8279	-0.340844
8280	0.128041
8281	-0.452382
8282	-0.452382
8283	-0.320583
8284	-0.320583
8285	-0.320583
8286	-0.86288
8287	-0.86288
8288	-0.86288
8289	0.472042
8290	0.472042
8291	0.271158
8292	-0.448399
8293	-0.448399
8294	-0.448399
8295	0.230233
8296	0.273627
8297	-0.718321
8298	1.17124
8299	1.17957
8300	-0.600199
8301	1.05332
8302	1.05332
8303	0.438921
8304	0.438921
8305	0.438921
8306	-1.11954
8307	-1.11954
8308	-1.11954
8309	-1.11954
8310	-1.11954
8311	-1.13752
8312	0.929988
8313	0.929988
8314	0.929988
8315	0.929988
8316	1.64515
8317	1.64515
8318	-0.930298
8319	-0.930298
8320	0.620313
8321	-0.0234734
8322	0.614863
8323	-0.594507
8324	-0.594507
8325	-0.594507
8326	-0.594507
8327	-0.594507
8328	-0.594507
8329	-0.594507
8330	0.245927
8331	0.245927
8332	1.62822
8333	1.62822
8334	1.53329
8335	0.920081
8336	1.31904
8337	1.31904
8338	1.31904
8339	1.31904
8340	1.42582
8341	0.514148
8342	-0.272397
8343	-0.272397
8344	-0.272397
8345	-0.272397
8346	-1.06649
8347	-1.06649
8348	-0.430056
8349	-0.430056
8350	-1.52303
8351	-0.526746
8352	-0.824692
8353	-0.824692
8354	-0.824692
8355	-0.824692
8356	-0.824692
8357	-0.824692
8358	-0.824692
8359	-0.824692
8360	-0.824692
8361	1.61291
8362	1.61291
8363	0.640694
8364	1.05516
8365	1.01616
8366	0.594182
8367	0.594182
8368	0.594182
8369	0.594182
8370	-1.68754
8371	-1.34531
8372	-1.34531
8373	1.22711
8374	1.22711
8375	1.61143
8376	-1.01695
8377	-0.910796
8378	-0.910796
8379	0.6623
8380	-0.910412
8381	-0.910412
8382	-0.552659
8383	1.43525
8384	1.32587
8385	0.499801
8386	0.499801
8387	-1.41165
8388	-1.41165
8389	1.30945
8390	1.30945
8391	1.74139
8392	1.74139
8393	1.74139
8394	1.74139
8395	1.74139
8396	1.74139
8397	1.54871
8398	1.08383
8399	-1.46933
8400	1.1309
8401	1.1309
8402	1.1309
8403	1.1309
8404	1.1309
8405	0.674965
8406	0.674965
8407	0.674965
8408	0.0571171
8409	-1.22929
8410	-0.234038
8411	0.538458
8412	0.7607
8413	0.0938352
8414	0.0938352
8415	0.0938352
8416	-0.850802
8417	-0.850802
8418	-0.850802
8419	-0.850802
8420	-0.850802
8421	-0.850802
8422	1.44277
8423	1.44277
8424	-0.0536261
8425	-1.38567
8426	-1.38567
8427	1.23565
8428	1.23565
8429	1.23565
8430	-0.535049
8431	-0.535049
8432	-0.535049
8433	-0.535049
8434	-0.535049
8435	1.09217
8436	-1.27863
8437	-1.27863
8438	-1.27863
8439	-1.27863
8440	-1.27863
8441	-0.652312
8442	-0.652312
8443	1.3829
8444	0.203088
8445	0.203088
8446	-0.40846
8447	-0.992767
8448	-0.992767
8449	-0.992767
8450	-1.143
8451	-1.41479
8452	0.100253
8453	0.100253
8454	0.100253
8455	0.633914
8456	0.633914
8457	0.633914
8458	-0.437571
8459	-0.437571
8460	-1.92532
8461	-1.92532
8462	-1.92532
8463	-0.935567
8464	-0.935567
8465	-0.935567
8466	0.535911
8467	-0.473868
8468	-0.473868
8469	-0.154458
8470	-0.154458
8471	-1.08289
8472	-1.08289
8473	-1.08289
8474	0.245826
8475	-0.379715
8476	-0.379715
8477	-0.379715
8478	0.326791
8479	0.326791
8480	-0.351671
8481	-0.998521
8482	-0.998521
8483	-1.04245
8484	-1.04245
8485	-1.04245
8486	-1.04245
8487	-1.27108
8488	-1.27108
8489	-0.458988
8490	0.0921575
8491	0.0921575
8492	1.18675
8493	0.0059687
8494	1.57635
8495	1.57635
8496	1.57635
8497	0.739233
8498	-0.21416
8499	-0.21416
8500	-0.21416
8501	-0.818841
8502	-0.538015
8503	0.225502
8504	0.225502
8505	-0.596307
8506	-0.594058
8507	-0.594058
8508	-1.90741
8509	-1.90741
8510	-0.409116
8511	-0.961646
8512	-0.961646
8513	-0.961646
8514	-0.961646
8515	-1.92864
8516	0.724233
8517	0.724233
8518	0.724233
8519	0.724233
8520	0.724233
8521	0.724233
8522	-1.435
8523	-1.84049
8524	0.714607
8525	0.714607
8526	0.714607
8527	0.90468
8528	0.90468
8529	0.90468
8530	-0.791769
8531	0.0348681
8532	-1.78436
8533	-0.954962
8534	-0.954962
8535	0.760301
8536	0.70377
8537	-1.24906
8538	-0.914425
8539	-0.596179
8540	-0.596179
8541	-1.44178
8542	0.195362
8543	0.0787041
8544	-0.726776
8545	-0.563504
8546	-0.965524
8547	0.607925
8548	-0.915914
8549	-0.915914
8550	-0.915914
8551	-0.915914
8552	-0.915914
8553	-0.915914
8554	0.055854
8555	-0.204782
8556	-0.204782
8557	0.531261
8558	0.531261
8559	1.58836
8560	1.58836
8561	1.31368
8562	1.31368
8563	1.31368
8564	1.31368
8565	-1.29462
8566	-0.229306
8567	-0.229306
8568	1.0543
8569	1.0543
8570	1.0543
8571	-0.258806
8572	0.15933
8573	0.15933
8574	0.15933
8575	0.871393
8576	0.871393
8577	0.871393
8578	-1.2077
8579	-1.2077
8580	-1.21103
8581	-1.21103
8582	-1.21103
8583	-1.21103
8584	-0.192089
8585	-0.192089
8586	-0.192089
8587	-0.192089
8588	-0.192089
8589	-0.192089
8590	-0.192089
8591	-0.192089
8592	-0.192089
8593	-0.192089
8594	1.16017
8595	0.490971
8596	-1.09597
8597	0.528425
8598	0.528425
8599	0.648889
8600	-0.75768
8601	-0.75768
8602	-0.75768
8603	-0.75768
8604	-0.0585626
8605	0.925623
8606	0.925623
8607	0.925623
8608	0.925623
8609	-1.06061
8610	-1.06061
8611	0.20099
8612	0.20099
8613	0.0378895
8614	-0.959012
8615	-1.15996
8616	0.339437
8617	-1.25487
8618	-1.25487
8619	-1.25487
8620	-1.25487
8621	-1.25487
8622	1.09158
8623	-0.281023
8624	-0.281023
8625	0.236647
8626	0.323916
8627	0.323916
8628	0.323916
8629	-1.04622
8630	-1.04622
8631	-1.04622
8632	1.01225
8633	1.01225
8634	1.01225
8635	0.0211147
8636	-0.00531181
8637	-1.24539
8638	-1.24539
8639	-1.24539
8640	-0.885174
8641	-0.885174
8642	-0.885174
8643	-1.54568
8644	-1.54568
8645	-1.54568
8646	1.01272
8647	0.978484
8648	1.27992
8649	1.35683
8650	0.931223
8651	1.04266
8652	1.04266
8653	1.04266
8654	1.04266
8655	0.0419583
8656	0.0419583
8657	0.0419583
8658	0.0419583
8659	0.0419583
8660	-0.347136
8661	0.261669
8662	0.261669
8663	0.0735553
8664	0.238047
8665	0.77851
8666	1.20873
8667	1.20873
8668	1.20873
8669	-0.341675
8670	1.32836
8671	-1.08721
8672	0.730023
8673	0.730023
8674	0.730023
8675	1.51623
8676	1.51623
8677	-1.12875
8678	-0.427618
8679	1.35026
8680	1.35026
8681	-0.800287
8682	0.53833
8683	-0.435959
8684	-0.435959
8685	-0.423702
8686	-0.58107
8687	-0.58107
8688	-0.701267
8689	-0.638706
8690	0.650613
8691	-0.18756
8692	-0.18756
8693	-0.539267
8694	-0.539267
8695	-0.699604
8696	-0.699604
8697	-1.11637
8698	-0.96796
8699	-0.346424
8700	-0.346424
8701	-1.42584
8702	0.213704
8703	0.352116
8704	0.352116
8705	1.1347
8706	0.447271
8707	0.447271
8708	0.829859
8709	-0.701664
8710	1.48609
8711	-0.774794
8712	0.123735
8713	-0.692015
8714	0.809312
8715	0.809312
8716	1.42474
8717	-1.29763
8718	-1.29763
8719	-1.29763
8720	-1.29763
8721	-0.676944
8722	-0.676944
8723	-0.676944
8724	0.707358
8725	0.967234
8726	0.967234
8727	0.967234
8728	-0.232415
8729	1.41724
8730	0.153074
8731	0.153074
8732	-0.585807
8733	-0.585807
8734	-0.585807
8735	-0.585807
8736	-0.585807
8737	-1.07736
8738	-0.950274
8739	0.497385
8740	0.497385
8741	0.497385
8742	0.497385
8743	0.497385
8744	1.09954
8745	-0.767361
8746	-0.767361
8747	-0.767361
8748	-0.767361
8749	-0.767361
8750	-0.678808
8751	-0.678808
8752	-0.678808
8753	0.8411
8754	0.8411
8755	-0.656576
8756	-0.656576
8757	-0.656576
8758	-0.656576
8759	-0.656576
8760	-1.14372
8761	-1.14372
8762	-0.75673
8763	-0.75673
8764	-0.75673
8765	-0.75673
8766	-0.75673
8767	-0.75673
8768	-0.75673
8769	-0.75673
8770	-0.75673
8771	1.03291
8772	1.03291
8773	0.118644
8774	2.16566
8775	2.16566
8776	2.04566
8777	2.04566
8778	2.04566
8779	0.655609
8780	0.655609
8781	0.655609
8782	0.655609
8783	0.655609
8784	0.655609
8785	-1.58496
8786	0.0585965
8787	-0.154749
8788	-0.193265
8789	-0.193265
8790	-1.05978
8791	-1.05978
8792	-1.05978
8793	0.63764
8794	-0.279028
8795	-0.279028
8796	-0.0467076
8797	-1.08987
8798	0.985137
8799	0.985137
8800	0.985137
8801	0.985137
8802	0.985137
8803	1.28497
8804	1.28497
8805	1.39603
8806	-0.236377
8807	-0.815662
8808	0.93256
8809	1.38303
8810	-0.672918
8811	-0.672918
8812	-1.18748
8813	-1.41074
8814	-1.41074
8815	-1.41074
8816	0.161765
8817	0.161765
8818	1.3584
8819	1.3584
8820	-0.798836
8821	-0.798836
8822	-0.798836
8823	-0.798836
8824	-0.798836
8825	-0.188441
8826	-0.188441
8827	-0.188441
8828	-0.188441
8829	1.00812
8830	1.00812
8831	1.0296
8832	1.0296
8833	-0.304472
8834	-0.304472
8835	-0.552592
8836	-0.552592
8837	0.344762
8838	0.344762
8839	1.01589
8840	1.01589
8841	1.01589
8842	1.01589
8843	1.01589
8844	-1.00906
8845	-1.00906
8846	-1.00906
8847	0.674229
8848	-0.874613
8849	-0.874613
8850	-0.874613
8851	-0.874613
8852	-0.874613
8853	-0.227114
8854	-0.227114
8855	-0.227114
8856	-0.227114
8857	-0.227114
8858	-0.227114
8859	0.493372
8860	0.269509
8861	-1.00604
8862	-1.00604
8863	-1.61474
8864	-1.04976
8865	-0.72905
8866	-0.849306
8867	-0.849306
8868	-1.08914
8869	-1.08914
8870	-1.08914
8871	-1.08914
8872	-1.08914
8873	1.07868
8874	-1.54481
8875	-1.54481
8876	-1.54481
8877	-1.58992
8878	0.702621
8879	0.702621
8880	0.702621
8881	0.702621
8882	0.702621
8883	-1.16257
8884	-1.19293
8885	-0.377571
8886	-0.377571
8887	1.17723
8888	1.17723
8889	1.17723
8890	-0.483307
8891	-1.80225
8892	-1.80225
8893	-0.672253
8894	1.22828
8895	-0.480301
8896	1.27264
8897	1.27264
8898	0.0983972
8899	-0.930903
8900	-0.930903
8901	-0.440912
8902	-0.440912
8903	-0.440912
8904	0.298411
8905	0.298411
8906	0.298411
8907	0.508498
8908	0.583559
8909	0.171725
8910	-0.593043
8911	-0.593043
8912	-0.618819
8913	-0.618819
8914	1.68926
8915	-0.122485
8916	-1.27875
8917	-0.607399
8918	-0.607399
8919	-0.607399
8920	1.32664
8921	1.32664
8922	-1.1083
8923	-1.1083
8924	-1.1083
8925	0.908458
8926	0.741105
8927	-0.5375
8928	-0.5375
8929	-0.5375
8930	-0.648061
8931	-0.648061
8932	0.729253
8933	-0.936008
8934	0.580864
8935	1.18172
8936	-0.461387
8937	-0.461387
8938	-0.461387
8939	-0.461387
8940	-0.461387
8941	1.28876
8942	1.28876
8943	-0.479758
8944	1.17117
8945	1.17117
8946	1.17117
8947	-0.768418
8948	-1.23539
8949	0.529341
8950	-0.624022
8951	-0.624022
8952	-0.624022
8953	0.104638
8954	-0.553347
8955	-1.50446
8956	0.951291
8957	0.804247
8958	0.804247
8959	0.804247
8960	0.804247
8961	0.804247
8962	0.804247
8963	0.804247
8964	0.804247
8965	-0.602323
8966	-0.629421
8967	-0.362882
8968	1.76425
8969	-0.0531541
8970	-1.39349
8971	1.04784
8972	-0.731014
8973	-0.731014
8974	-0.731014
8975	-0.731014
8976	-1.4376
8977	0.685686
8978	1.26063
8979	1.42237
8980	-0.16248
8981	-0.16248
8982	-0.16248
8983	-0.16248
8984	1.0853
8985	1.0853
8986	1.23541
8987	0.550675
8988	0.550675
8989	0.550675
8990	-0.890223
8991	-0.890223
8992	0.418405
8993	-1.32627
8994	-1.32627
8995	-0.890841
8996	-0.890841
8997	-0.890841
8998	-0.890841
8999	0.299778
9000	-0.191989
9001	0.750146
9002	0.750146
9003	0.750146
9004	-0.230218
9005	-0.230218
9006	-0.230218
9007	-0.044813
9008	-0.044813
9009	-0.044813
9010	0.0943512
9011	0.0943512
9012	1.7732
9013	1.06784
9014	1.06784
9015	0.615763
9016	0.615763
9017	0.615763
9018	0.615763
9019	1.25004
9020	1.25004
9021	1.25004
9022	1.25004
9023	-0.704813
9024	-0.704813
9025	-0.970133
9026	0.291881
9027	1.06749
9028	1.06749
9029	1.06749
9030	1.06749
9031	0.598601
9032	-0.544647
9033	-0.544647
9034	-0.544647
9035	-0.544647
9036	-0.544647
9037	-0.544647
9038	-0.385959
9039	-0.385959
9040	-0.385959
9041	0.269907
9042	-0.200905
9043	-0.325762
9044	-0.325762
9045	-0.947927
9046	-1.04141
9047	-1.04141
9048	-1.04141
9049	-1.04141
9050	-0.425219
9051	1.27509
9052	1.27509
9053	-1.15237
9054	-1.29037
9055	-1.29037
9056	-1.29037
9057	-1.29037
9058	-1.29037
9059	-1.29037
9060	0.492239
9061	0.492239
9062	-0.508026
9063	-0.508026
9064	0.0123866
9065	0.0748807
9066	1.57819
9067	0.502833
9068	0.502833
9069	0.502833
9070	0.502833
9071	-0.111639
9072	0.427391
9073	0.427391
9074	-1.06069
9075	-0.503882
9076	-0.503882
9077	-0.503882
9078	0.190153
9079	0.190153
9080	0.190153
9081	0.839406
9082	-1.01435
9083	-0.697745
9084	-0.697745
9085	-0.697745
9086	-0.697745
9087	-0.298406
9088	-0.246788
9089	-0.246788
9090	-0.246788
9091	0.805194
9092	-0.684127
9093	-0.684127
9094	-0.160847
9095	-0.160847
9096	-0.160847
9097	-1.46134
9098	-1.46134
9099	-0.440113
9100	-0.440113
9101	-0.440113
9102	-0.440113
9103	1.10384
9104	1.10384
9105	0.875794
9106	1.42549
9107	0.827279
9108	0.827279
9109	0.518189
9110	0.399817
9111	-0.677655
9112	0.746052
9113	1.16196
9114	1.16196
9115	1.16196
9116	-1.40048
9117	-1.40048
9118	-1.40048
9119	-0.496637
9120	-0.496637
9121	-0.496637
9122	-0.678906
9123	-0.678906
9124	-1.51488
9125	0.484266
9126	-1.00737
9127	-1.00737
9128	-1.56092
9129	-0.913797
9130	-0.913797
9131	-0.913797
9132	0.28616
9133	0.28616
9134	0.28616
9135	0.28616
9136	0.28616
9137	0.28616
9138	0.28616
9139	-0.259869
9140	-1.60161
9141	0.640623
9142	1.49225
9143	1.49225
9144	1.49225
9145	1.73573
9146	1.73573
9147	1.73573
9148	1.73573
9149	1.73573
9150	1.73573
9151	1.81345
9152	1.81345
9153	0.306198
9154	0.306198
9155	0.306198
9156	0.306198
9157	0.306198
9158	0.306198
9159	-0.656564
9160	-0.961569
9161	-1.13874
9162	-0.163132
9163	-0.751888
9164	-0.751888
9165	-0.868511
9166	-0.868511
9167	-0.868511
9168	1.39025
9169	1.39025
9170	-0.467396
9171	-0.467396
9172	-0.467396
9173	-0.467396
9174	0.392037
9175	-1.13114
9176	1.35995
9177	-1.19351
9178	-1.24624
9179	0.670408
9180	0.670408
9181	0.670408
9182	-0.809004
9183	-0.809004
9184	0.528972
9185	0.528972
9186	0.167737
9187	0.167737
9188	1.12023
9189	1.12023
9190	1.12023
9191	1.12023
9192	1.12023
9193	1.12023
9194	1.12023
9195	-0.999678
9196	1.04131
9197	1.04131
9198	-1.12711
9199	0.75267
9200	-1.41373
9201	-1.41373
9202	-1.41373
9203	-1.41373
9204	-1.41373
9205	-1.41373
9206	-1.41373
9207	-0.314654
9208	1.04183
9209	1.04183
9210	1.04183
9211	0.959129
9212	0.897014
9213	0.897014
9214	-1.47565
9215	-0.493473
9216	-0.435399
9217	-0.435399
9218	-0.435399
9219	0.364235
9220	1.00565
9221	1.00565
9222	1.00565
9223	1.00565
9224	0.811911
9225	0.811911
9226	0.811911
9227	-0.871378
9228	-0.871378
9229	-0.871378
9230	-0.444145
9231	-0.444145
9232	-1.22476
9233	-1.22476
9234	-0.315948
9235	0.0224145
9236	0.0224145
9237	-0.962417
9238	-0.962417
9239	-0.767969
9240	-0.767969
9241	-0.823707
9242	-1.32577
9243	-1.32577
9244	-1.32577
9245	-1.32577
9246	0.265144
9247	0.265144
9248	0.265144
9249	0.0823509
9250	0.0823509
9251	0.0823509
9252	-0.681361
9253	-0.681361
9254	-0.701842
9255	-0.701842
9256	1.15512
9257	1.15512
9258	0.332751
9259	0.332751
9260	0.332751
9261	0.332751
9262	0.332751
9263	0.332751
9264	1.40686
9265	-0.828555
9266	-0.828555
9267	-0.828555
9268	0.736199
9269	-0.0539039
9270	0.325492
9271	-0.456809
9272	0.407977
9273	1.1908
9274	1.1908
9275	1.1908
9276	1.1908
9277	-0.0133246
9278	-0.0133246
9279	-0.618271
9280	-0.618271
9281	-0.618271
9282	0.824392
9283	0.824392
9284	-0.308893
9285	-0.308893
9286	-0.308893
9287	0.664717
9288	0.664717
9289	0.806429
9290	-1.26781
9291	-0.299627
9292	1.52791
9293	1.52791
9294	1.2738
9295	1.2738
9296	-0.405096
9297	-0.405096
9298	-0.405096
9299	-0.703685
9300	0.963269
9301	0.900694
9302	0.900694
9303	0.900694
9304	0.900694
9305	0.900694
9306	0.900694
9307	0.900694
9308	0.900694
9309	0.900694
9310	1.00512
9311	1.00512
9312	1.00512
9313	1.00512
9314	1.00512
9315	0.85189
9316	-0.183982
9317	-0.183982
9318	0.065114
9319	0.812953
9320	0.812953
9321	0.812953
9322	-0.324997
9323	-1.10738
9324	-1.10738
9325	-1.10738
9326	-1.10738
9327	-1.10738
9328	-1.10738
9329	-1.10738
9330	-0.667894
9331	-1.3095
9332	1.12438
9333	1.13499
9334	1.37327
9335	-1.29408
9336	-1.29408
9337	-0.882842
9338	0.520219
9339	-0.3209
9340	0.061631
9341	0.554721
9342	0.554721
9343	0.554721
9344	0.554721
9345	0.554721
9346	0.554721
9347	-0.39202
9348	1.68128
9349	2.14905
9350	2.14905
9351	2.14905
9352	-0.0318766
9353	-0.0318766
9354	-1.0727
9355	-1.0727
9356	-0.239379
9357	-0.239379
9358	-0.239379
9359	-0.154516
9360	-0.461044
9361	-0.461044
9362	-0.799936
9363	-0.799936
9364	-0.799936
9365	0.628571
9366	0.628571
9367	0.628571
9368	-0.400236
9369	-0.400236
9370	0.278745
9371	0.419908
9372	0.419908
9373	0.419908
9374	-1.24939
9375	-1.24939
9376	1.26109
9377	1.42158
9378	1.42158
9379	1.36685
9380	1.78072
9381	1.45679
9382	1.26283
9383	-0.344705
9384	1.30088
9385	1.30088
9386	0.376825
9387	0.148071
9388	-1.43796
9389	-1.43796
9390	-1.43796
9391	-1.44048
9392	-1.44048
9393	-1.89796
9394	-1.18112
9395	-1.18112
9396	1.5157
9397	1.5157
9398	0.924005
9399	0.871136
9400	0.871136
9401	0.871136
9402	-0.53258
9403	-0.53258
9404	0.981805
9405	-0.357853
9406	-0.357853
9407	0.732167
9408	1.28204
9409	1.28204
9410	-1.28697
9411	0.660824
9412	-1.14728
9413	-1.14728
9414	-1.14728
9415	0.742398
9416	0.742398
9417	0.376976
9418	-0.682352
9419	-0.682352
9420	-0.682352
9421	-0.682352
9422	-0.682352
9423	-1.07298
9424	0.106955
9425	-1.27155
9426	1.27627
9427	1.27627
9428	-1.10342
9429	-1.10342
9430	-1.10342
9431	-1.10342
9432	-1.10342
9433	-0.163009
9434	-1.02308
9435	-1.02308
9436	1.2555
9437	-1.0595
9438	-0.71151
9439	0.113934
9440	1.40608
9441	0.142781
9442	0.142781
9443	0.142781
9444	0.142781
9445	0.142781
9446	0.239763
9447	1.57179
9448	1.57179
9449	1.50939
9450	1.50939
9451	-0.931163
9452	0.811056
9453	0.811056
9454	0.482832
9455	0.456544
9456	-1.14983
9457	-1.14983
9458	-1.14983
9459	-1.14983
9460	0.0366404
9461	0.370299
9462	0.840195
9463	0.101388
9464	0.101388
9465	-0.554598
9466	-0.554598
9467	-0.554598
9468	-0.554598
9469	0.267669
9470	0.598244
9471	0.598244
9472	0.598244
9473	0.598244
9474	-0.890899
9475	-0.890899
9476	1.04461
9477	1.04461
9478	-0.298147
9479	0.118781
9480	0.118781
9481	-0.286593
9482	-0.286593
9483	-0.286593
9484	0.664299
9485	-1.06546
9486	-0.425799
9487	-1.05181
9488	-1.05181
9489	-1.05181
9490	-0.704207
9491	0.777506
9492	1.41088
9493	-0.911358
9494	-0.911358
9495	-0.911358
9496	-0.911358
9497	-0.911358
9498	-0.911358
9499	0.831312
9500	0.749611
9501	-0.6212
9502	-0.6212
9503	-0.610996
9504	-0.610996
9505	1.44717
9506	-0.279563
9507	-0.279563
9508	-0.279563
9509	-0.279563
9510	0.250018
9511	-0.582862
9512	-0.129367
9513	1.00938
9514	-0.490916
9515	-0.0116633
9516	1.02797
9517	1.02797
9518	0.0662316
9519	-0.368543
9520	1.67868
9521	-0.563998
9522	0.0698908
9523	0.0698908
9524	0.0698908
9525	-0.442399
9526	-0.860697
9527	-0.860697
9528	0.253527
9529	1.60412
9530	1.60412
9531	-0.323849
9532	-1.29825
9533	0.289789
9534	0.289789
9535	-1.36783
9536	0.227751
9537	0.0307966
9538	0.0307966
9539	-0.178439
9540	-1.41023
9541	0.893694
9542	-1.12991
9543	-1.12991
9544	-0.187966
9545	0.864352
9546	0.812857
9547	0.812857
9548	1.05238
9549	1.05238
9550	1.05238
9551	-0.682438
9552	-0.431296
9553	-0.431296
9554	1.24089
9555	1.00628
9556	-0.95818
9557	-0.278659
9558	0.782836
9559	0.585144
9560	-0.0784353
9561	1.07591
9562	0.847124
9563	0.847124
9564	-1.53953
9565	-1.53953
9566	-1.53953
9567	-1.53953
9568	-1.53953
9569	-1.53953
9570	1.01161
9571	1.0245
9572	-1.3211
9573	-1.14409
9574	-1.14409
9575	-1.14409
9576	-1.14409
9577	1.56718
9578	1.3156
9579	1.3366
9580	1.3366
9581	-1.26203
9582	-0.185347
9583	0.710233
9584	0.710233
9585	0.920506
9586	0.284733
9587	0.166916
9588	-0.892692
9589	0.729298
9590	0.729298
9591	-0.185772
9592	1.34515
9593	1.34515
9594	1.34515
9595	0.982321
9596	-1.27025
9597	-0.400153
9598	-0.400153
9599	-0.400153
9600	1.31779
9601	1.31779
9602	1.31779
9603	0.0529253
9604	-1.07324
9605	-1.07324
9606	-1.07324
9607	-1.07324
9608	-1.07324
9609	-1.07324
9610	-0.0770464
9611	-0.0770464
9612	-0.938802
9613	-0.938802
9614	-1.11869
9615	0.954606
9616	0.954606
9617	0.954606
9618	0.954606
9619	-0.31493
9620	-0.31493
9621	-0.31493
9622	-0.31493
9623	-1.21113
9624	-0.00591915
9625	-0.00591915
9626	-1.65139
9627	-0.275862
9628	-0.275862
9629	-0.275862
9630	1.12581
9631	-0.43493
9632	0.53041
9633	-0.548121
9634	-0.548121
9635	0.657198
9636	0.917141
9637	0.917141
9638	0.484946
9639	0.484946
9640	0.484946
9641	0.484946
9642	-1.47319
9643	-0.986068
9644	-0.986068
9645	0.606867
9646	0.606867
9647	0.606867
9648	0.606867
9649	0.606867
9650	0.606867
9651	0.606867
9652	-1.35348
9653	-1.35348
9654	-1.35348
9655	-1.35348
9656	0.814503
9657	0.436273
9658	0.778211
9659	0.778211
9660	1.58648
9661	1.68943
9662	1.68943
9663	1.60827
9664	1.5975
9665	-0.437275
9666	-0.437275
9667	-0.437275
9668	-0.437275
9669	-0.437275
9670	0.904489
9671	0.385335
9672	-1.11712
9673	-1.11712
9674	-1.11712
9675	-1.31077
9676	-1.36371
9677	-0.0258744
9678	-0.0258744
9679	-0.0258744
9680	-0.0258744
9681	-0.0258744
9682	-0.173151
9683	0.128749
9684	0.128749
9685	-0.888211
9686	-0.812095
9687	-0.812095
9688	1.18483
9689	1.18483
9690	-0.593381
9691	-0.539372
9692	0.214714
9693	0.193299
9694	0.193299
9695	-0.876124
9696	0.738954
9697	-0.723989
9698	-0.468954
9699	-0.468954
9700	-1.64855
9701	-1.15589
9702	-1.15589
9703	-1.15589
9704	-1.15589
9705	-1.15589
9706	0.188052
9707	-1.1011
9708	-1.1011
9709	-1.1011
9710	-1.1011
9711	-1.1011
9712	-1.03866
9713	1.23943
9714	-0.548766
9715	-0.902442
9716	-0.902442
9717	-1.64744
9718	-1.64744
9719	-0.493951
9720	-0.493951
9721	0.0510561
9722	0.0510561
9723	1.38159
9724	1.38159
9725	-0.156555
9726	-0.156555
9727	-0.966955
9728	0.656612
9729	1.03867
9730	1.03867
9731	-1.20543
9732	0.845219
9733	1.03231
9734	1.03231
9735	-1.13644
9736	-1.13644
9737	-1.13644
9738	-1.13644
9739	-1.13644
9740	-1.14209
9741	-0.618168
9742	-0.618168
9743	-0.618168
9744	-0.618168
9745	-0.264865
9746	-0.416413
9747	-0.416413
9748	1.24662
9749	-0.756853
9750	-0.564675
9751	-0.564675
9752	-0.564675
9753	-0.257256
9754	-0.257256
9755	-0.257256
9756	-0.416871
9757	-0.416871
9758	0.288848
9759	0.288848
9760	0.288848
9761	0.288848
9762	0.288848
9763	0.288848
9764	-0.778761
9765	-0.301062
9766	-0.301062
9767	-0.301062
9768	-0.301062
9769	1.63407
9770	-0.725798
9771	-0.725798
9772	1.11321
9773	1.21618
9774	1.34944
9775	-0.334081
9776	-0.464962
9777	-0.464962
9778	-0.283199
9779	-0.283199
9780	0.272214
9781	-0.384812
9782	-0.384812
9783	1.78316
9784	-0.901215
9785	1.03474
9786	-0.870819
9787	-1.2013
9788	-1.2013
9789	-1.11968
9790	-1.11968
9791	1.55329
9792	-0.327429
9793	-0.327429
9794	-0.327429
9795	-0.603328
9796	1.70389
9797	0.293052
9798	0.185953
9799	0.185953
9800	-1.94629
9801	-1.94629
9802	-0.317003
9803	0.0879677
9804	0.0879677
9805	-0.216271
9806	-0.578454
9807	-0.578454
9808	-0.578454
9809	-0.578454
9810	-0.578454
9811	-0.578454
9812	-0.591824
9813	0.807275
9814	0.807275
9815	0.807275
9816	0.807275
9817	0.807275
9818	-1.1419
9819	-1.1419
9820	-0.441153
9821	-0.441153
9822	-0.441153
9823	-0.441153
9824	-0.974441
9825	-1.36271
9826	-0.367725
9827	0.954466
9828	0.757364
9829	0.335715
9830	0.335715
9831	0.208059
9832	0.208059
9833	0.208059
9834	-1.88575
9835	-1.88575
9836	-1.88575
9837	-1.88575
9838	0.762537
9839	0.646484
9840	-0.962328
9841	-0.962328
9842	-0.962328
9843	-0.332277
9844	0.371479
9845	-1.10138
9846	-1.11966
9847	-1.15375
9848	-1.15375
9849	-0.946406
9850	-0.946406
9851	-0.946406
9852	-0.946406
9853	-0.946406
9854	-0.946406
9855	-0.946406
9856	-0.946406
9857	0.783071
9858	0.783071
9859	0.783071
9860	-1.07199
9861	-0.324596
9862	-0.324596
9863	1.28898
9864	-1.16466
9865	-1.16466
9866	-1.16466
9867	-1.16466
9868	-1.09239
9869	-1.00346
9870	-1.00346
9871	-1.00346
9872	-1.00346
9873	-1.00346
9874	-0.597463
9875	0.44458
9876	-1.25432
9877	-1.25432
9878	-1.25432
9879	-0.154543
9880	-0.373036
9881	-0.373036
9882	-0.373036
9883	-0.126764
9884	-1.01361
9885	-1.48358
9886	0.0845924
9887	0.0845924
9888	-0.501925
9889	1.29437
9890	-1.08132
9891	1.04358
9892	-0.238324
9893	0.568452
9894	0.568452
9895	0.568452
9896	-0.996578
9897	-0.996578
9898	1.08035
9899	-0.10341
9900	-0.10341
9901	-1.28006
9902	-0.280564
9903	-0.648829
9904	-0.648829
9905	-0.458742
9906	-0.458742
9907	-0.864464
9908	0.542263
9909	0.542263
9910	0.709342
9911	-1.04043
9912	-1.04043
9913	-1.04043
9914	-0.67335
9915	-0.67335
9916	-0.67335
9917	-0.67335
9918	-0.67335
9919	-0.67335
9920	-0.67335
9921	-0.67335
9922	-0.67335
9923	-0.67335
9924	-0.67335
9925	0.1151
9926	0.602249
9927	-1.20306
9928	-0.275651
9929	-0.275651
9930	-1.14343
9931	-1.14343
9932	-1.14343
9933	0.997318
9934	0.997318
9935	0.997318
9936	0.997318
9937	-0.338506
9938	-0.338506
9939	-0.338506
9940	-0.338506
9941	0.0386646
9942	0.624273
9943	0.624273
9944	0.624273
9945	0.2254
9946	1.01259
9947	-0.367487
9948	-0.367487
9949	-0.759649
9950	-0.759649
9951	-0.759649
9952	-0.759649
9953	-0.759649
9954	-0.759649
9955	-0.759649
9956	0.252412
9957	0.252412
9958	-0.609252
9959	0.030972
9960	0.030972
9961	0.030972
9962	0.030972
9963	-0.79348
9964	0.211611
9965	-0.664243
9966	-0.664243
9967	-0.120126
9968	-0.120126
9969	-0.120126
9970	-0.70075
9971	-0.70075
9972	-1.50775
9973	-1.50775
9974	0.569562
9975	0.569562
9976	0.569562
9977	0.966192
9978	0.966192
9979	0.99473
9980	1.55688
9981	1.55688
9982	-1.00384
9983	-0.0471118
9984	-0.0471118
9985	-0.849879
9986	-0.849879
9987	-1.16905
9988	-0.31675
9989	-0.31675
9990	-0.280349
9991	-0.130057
9992	1.08947
9993	1.08947
9994	1.08947
9995	1.08947
9996	-0.0313605
9997	1.67764
9998	-0.00691549
9999	0.941885
