step	x
1	-1.47728
2	-1.47728
3	-1.47728
4	-1.51131
5	-2.59687
6	-2.00325
7	-2.00325
8	-2.00325
9	-2.00325
10	-2.00325
11	-2.00325
12	-2.00325
13	-2.00325
14	-2.00325
15	-2.00325
16	-1.78696
17	-1.78696
18	-1.78696
19	-1.78696
20	-1.78696
21	-1.78696
22	-1.63974
23	-1.68204
24	-1.68204
25	-2.63191
26	-2.63191
27	-2.63191
28	-1.37142
29	-1.37142
30	-1.37142
31	-2.95723
32	-2.5173
33	-1.69708
34	-1.69708
35	-1.69708
36	-1.69708
37	-1.69708
38	-1.66064
39	-2.0241
40	-2.0241
41	-2.0241
42	-2.0241
43	-2.27178
44	-2.27178
45	-1.61265
46	-1.26613
47	-1.26613
48	-1.26613
49	-1.26613
50	1.109
51	2.16428
52	2.16428
53	2.16428
54	2.16428
55	2.16428
56	2.16428
57	2.16428
58	2.16428
59	2.16428
60	2.16428
61	2.16428
62	2.16428
63	2.16428
64	2.16428
65	2.16428
66	2.16428
67	2.16428
68	1.61057
69	2.63564
70	2.38575
71	2.38575
72	2.38575
73	2.38575
74	2.38575
75	2.38575
76	2.38575
77	2.38575
78	2.38575
79	2.38575
80	2.38575
81	1.60846
82	1.60846
83	1.60343
84	1.60343
85	1.60343
86	1.60343
87	1.60343
88	0.871695
89	1.3778
90	1.3778
91	1.3778
92	2.04387
93	2.04387
94	2.04387
95	2.04387
96	2.04387
97	2.04387
98	2.04387
99	2.04387
100	2.04387
101	1.81502
102	1.81502
103	1.81502
104	1.81502
105	1.81502
106	1.81502
107	1.81502
108	1.81502
109	1.81502
110	1.81502
111	1.81502
112	1.81502
113	1.81502
114	1.81502
115	1.81502
116	1.81502
117	1.81502
118	1.81502
119	1.81502
120	1.81502
121	1.81502
122	1.81502
123	1.81502
124	-0.842867
125	1.61578
126	1.61578
127	2.47558
128	2.47558
129	2.47558
130	2.47558
131	2.47558
132	2.47558
133	2.47558
134	2.47558
135	2.47558
136	2.47558
137	2.47558
138	2.47558
139	2.47558
140	2.47558
141	2.47558
142	2.47558
143	2.47558
144	2.47558
145	2.47558
146	2.21912
147	2.21912
148	2.21912
149	2.21912
150	2.21912
151	2.21912
152	2.21912
153	2.21912
154	2.21912
155	2.21912
156	2.21912
157	2.59166
158	2.59166
159	2.59166
160	2.59166
161	2.59166
162	2.59166
163	1.99758
164	1.99758
165	1.99758
166	1.99758
167	1.99758
168	1.99758
169	1.99758
170	1.99758
171	1.99758
172	1.99758
173	1.99758
174	1.99758
175	1.99758
176	1.99758
177	1.99758
178	1.99758
179	1.99758
180	1.99758
181	1.99758
182	1.68174
183	1.68174
184	1.68174
185	1.68174
186	1.68174
187	1.68174
188	1.68174
189	1.68174
190	1.68174
191	1.68174
192	1.68174
193	1.68174
194	1.68174
195	1.68174
196	1.68174
197	1.68174
198	1.68174
199	1.68174
200	1.68174
201	1.68174
202	1.68174
203	1.68174
204	2.78531
205	2.78531
206	1.28332
207	1.27166
208	1.27166
209	1.78003
210	2.08399
211	1.77138
212	1.77138
213	2.21983
214	2.21983
215	2.21983
216	2.21983
217	1.89359
218	1.89359
219	1.89359
220	1.89359
221	1.89359
222	1.89359
223	1.89359
224	1.89359
225	1.89359
226	2.29289
227	2.29289
228	2.29289
229	2.29289
230	2.29289
231	2.29289
232	2.64022
233	2.64022
234	2.64022
235	2.64022
236	2.64022
237	1.4714
238	1.4714
239	1.4714
240	1.49775
241	1.49775
242	1.49775
243	1.49775
244	1.49775
245	1.49775
246	1.38709
247	2.16441
248	2.16441
249	2.16441
250	1.34246
251	1.34246
252	1.34246
253	1.34246
254	2.62097
255	2.62097
256	2.62097
257	2.08003
258	2.08003
259	1.61897
260	1.61897
261	2.18281
262	2.18281
263	2.05673
264	2.05673
265	2.05673
266	2.06464
267	2.06464
268	2.06464
269	2.06464
270	2.06464
271	2.06464
272	2.06464
273	2.06464
274	2.06464
275	2.06464
276	2.42788
277	2.42788
278	2.42788
279	2.7657
280	2.55158
281	1.54184
282	2.33169
283	2.33169
284	2.33169
285	2.33169
286	2.33169
287	2.33169
288	2.33169
289	2.33169
290	2.33169
291	1.79895
292	1.79895
293	1.79895
294	1.79895
295	1.79895
296	1.79895
297	1.79895
298	1.79895
299	1.79895
300	1.79895
301	1.79895
302	1.79895
303	1.79895
304	1.79895
305	1.95782
306	1.95782
307	1.95782
308	1.95782
309	1.95782
310	1.95782
311	1.95782
312	1.95782
313	1.99569
314	1.99569
315	2.02986
316	2.02986
317	1.83836
318	1.61976
319	1.61976
320	2.25897
321	2.25897
322	2.25897
323	2.25897
324	2.25897
325	2.25897
326	2.25897
327	2.25897
328	2.25897
329	2.25897
330	2.54057
331	2.54057
332	2.54057
333	2.54057
334	2.30141
335	2.30141
336	2.30141
337	2.30141
338	2.30141
339	2.30141
340	2.30141
341	2.30141
342	2.30141
343	2.30141
344	2.02394
345	2.02394
346	1.80213
347	1.80213
348	1.95492
349	1.95492
350	1.95492
351	1.95492
352	1.95492
353	1.95492
354	2.40363
355	2.40363
356	2.40363
357	2.40363
358	2.40363
359	2.5172
360	2.5172
361	2.5172
362	2.5172
363	2.5172
364	2.5172
365	2.5172
366	2.5172
367	1.76601
368	1.76601
369	1.76601
370	2.08974
371	2.08974
372	2.08974
373	2.08974
374	1.9157
375	1.9157
376	1.9157
377	1.9157
378	1.9157
379	1.9157
380	1.84194
381	1.84194
382	1.84194
383	1.84194
384	1.84194
385	1.83933
386	1.83933
387	1.83933
388	1.83933
389	2.05548
390	2.05548
391	2.05548
392	2.05548
393	2.05548
394	2.05548
395	2.05548
396	1.81705
397	1.81705
398	1.81705
399	1.81705
400	1.81705
401	1.81705
402	1.81705
403	1.81705
404	1.81705
405	1.81705
406	1.81705
407	1.81705
408	1.81705
409	1.81705
410	1.81705
411	1.81705
412	1.81705
413	1.81705
414	2.75306
415	2.75306
416	2.75306
417	2.75306
418	2.75306
419	2.48026
420	2.48026
421	2.48026
422	1.70945
423	1.96565
424	1.96565
425	1.96565
426	2.1999
427	2.1999
428	2.1999
429	2.1999
430	2.1999
431	2.1999
432	2.1999
433	2.1999
434	2.1999
435	2.4175
436	2.4175
437	2.4175
438	2.4175
439	2.4175
440	2.4175
441	2.4175
442	2.4175
443	2.4175
444	2.30273
445	2.30273
446	2.30273
447	2.30273
448	2.30273
449	1.55909
450	1.55909
451	1.55909
452	1.55909
453	2.02577
454	2.02577
455	2.02577
456	2.02577
457	2.02577
458	2.02577
459	2.02577
460	1.71999
461	1.71999
462	1.71999
463	1.71999
464	1.71999
465	1.71999
466	1.71999
467	2.43649
468	2.43649
469	1.81776
470	1.81776
471	1.81776
472	1.81776
473	1.81776
474	1.81776
475	1.81776
476	1.81776
477	1.06224
478	2.06558
479	2.06558
480	2.06558
481	2.06558
482	2.06558
483	2.06558
484	2.06558
485	2.06558
486	2.06558
487	2.06558
488	1.78055
489	1.78055
490	1.78055
491	1.78055
492	1.81848
493	2.36688
494	2.36688
495	1.55662
496	1.55662
497	2.54193
498	2.54193
499	2.54193
500	2.54193
501	2.54193
502	2.54193
503	1.7697
504	1.7697
505	1.7697
506	1.7697
507	1.7697
508	1.7697
509	1.7697
510	1.7697
511	1.7697
512	1.7697
513	1.7697
514	1.7697
515	1.7697
516	1.7697
517	1.7697
518	2.11527
519	2.11527
520	2.11527
521	2.11527
522	2.11527
523	2.11527
524	2.11527
525	2.11527
526	2.59176
527	2.10546
528	2.10546
529	2.10546
530	2.10546
531	2.10546
532	2.10546
533	1.8808
534	1.8808
535	1.96118
536	1.96118
537	1.96118
538	1.96118
539	1.96118
540	1.96118
541	1.96118
542	1.96118
543	1.96118
544	1.96118
545	1.96118
546	1.96118
547	1.50579
548	1.50579
549	2.77326
550	2.25682
551	2.25682
552	2.25682
553	2.18387
554	2.18387
555	2.18387
556	2.26942
557	2.26942
558	2.26942
559	2.26942
560	2.26942
561	2.26942
562	2.26942
563	2.26942
564	2.26942
565	2.26942
566	2.26942
567	2.34213
568	2.34213
569	1.93213
570	1.93213
571	1.93213
572	1.93213
573	1.93213
574	2.02646
575	2.02646
576	2.02646
577	1.48416
578	1.48416
579	-1.03348
580	-1.03348
581	-2.14676
582	-2.14676
583	-2.14676
584	-2.14676
585	-2.14676
586	-2.14676
587	-2.14676
588	-2.14676
589	-2.14676
590	-2.14676
591	-2.14676
592	-2.14676
593	-2.14676
594	-2.14676
595	-2.14676
596	-2.14676
597	-2.16643
598	-2.16643
599	-2.16643
600	-2.16643
601	-2.16643
602	-2.16643
603	-2.16643
604	-2.16643
605	-2.16643
606	-2.16643
607	-2.16643
608	-2.16643
609	-1.88995
610	-1.88995
611	-1.88995
612	-1.88995
613	-1.88995
614	-1.88995
615	-1.88995
616	-1.88995
617	-1.88995
618	-1.88995
619	-1.88995
620	-1.88995
621	-1.88995
622	-1.88995
623	-1.88995
624	-1.88995
625	-1.88995
626	-1.88995
627	-1.88995
628	-1.88995
629	-1.88995
630	-1.88995
631	-1.88995
632	-1.88995
633	-1.88995
634	-1.88995
635	-1.88995
636	-1.88995
637	-1.88995
638	-1.88995
639	-1.88995
640	-2.22406
641	-2.22406
642	-2.22406
643	-2.22406
644	-2.37109
645	-2.37109
646	-2.37109
647	-2.37109
648	-2.82797
649	-2.82797
650	-2.82797
651	-2.82797
652	-2.82797
653	-1.12034
654	-1.97046
655	-1.97046
656	-1.97046
657	-1.97046
658	-1.97046
659	-1.97046
660	-1.97046
661	-1.97046
662	-1.97046
663	-1.97046
664	-1.97046
665	-1.97046
666	-1.97046
667	-1.97046
668	-1.97046
669	-1.97046
670	-1.97046
671	-1.97046
672	-1.79162
673	-1.79162
674	-1.79162
675	-1.3326
676	-2.38679
677	-2.25526
678	-2.25526
679	-2.25526
680	-2.05527
681	-2.05527
682	-2.05527
683	-2.05527
684	-2.05527
685	-2.05527
686	-2.05527
687	-2.05527
688	-2.24434
689	-2.24434
690	-2.24434
691	-2.24434
692	-2.24434
693	-2.24434
694	-2.24434
695	-2.24434
696	-2.69097
697	-2.69097
698	-2.69097
699	-2.69097
700	-2.69097
701	-2.69097
702	-1.69732
703	-1.69732
704	-1.69732
705	-1.69732
706	-3.00288
707	-3.00288
708	-1.96255
709	-1.96255
710	-1.96255
711	-1.96255
712	-1.96255
713	-2.31875
714	-2.31875
715	-2.31875
716	-2.31875
717	-2.31875
718	-2.31875
719	-2.45105
720	-2.45105
721	-2.45105
722	-2.45105
723	-2.45105
724	-2.45105
725	-1.73976
726	-1.73976
727	-1.73976
728	-1.34367
729	-1.7194
730	-2.11552
731	-2.11552
732	-2.11552
733	-2.12911
734	-2.12911
735	-2.12911
736	-2.12911
737	-2.12911
738	-2.12911
739	-2.12911
740	-2.12911
741	-2.12911
742	-2.12911
743	-2.12911
744	-2.12911
745	-2.12911
746	-2.12911
747	-2.12911
748	-2.12911
749	-2.12911
750	-1.84487
751	-1.84487
752	-1.84487
753	-1.84487
754	-1.84487
755	-1.84487
756	-1.84487
757	-1.84487
758	-1.84487
759	-1.84487
760	-1.84487
761	-1.84487
762	-1.84487
763	-1.84487
764	-1.84487
765	-1.84487
766	-1.84487
767	-1.84487
768	-1.84487
769	-1.84487
770	-1.84487
771	-1.84487
772	-1.84487
773	-1.84487
774	-1.84487
775	-1.84487
776	-1.84487
777	-1.84487
778	-1.84487
779	-1.84487
780	-1.84487
781	-1.84487
782	-1.80657
783	-1.80657
784	-1.80657
785	-1.80657
786	-1.80657
787	-1.80657
788	-1.80657
789	-1.80657
790	-1.80657
791	-1.80657
792	-1.80657
793	-1.80657
794	-1.80657
795	-1.80657
796	-1.80657
797	-1.80657
798	-1.80657
799	-1.80657
800	-1.80657
801	-1.80657
802	-1.80657
803	-1.80657
804	-1.80657
805	-1.80657
806	-1.80657
807	-1.80657
808	-1.80657
809	-1.80657
810	-1.80657
811	-2.90053
812	-2.90053
813	-2.90053
814	-2.90053
815	-2.69904
816	-2.69904
817	-2.69904
818	-2.69904
819	-2.69904
820	-2.69904
821	-2.69904
822	-2.05624
823	-2.05624
824	-2.05624
825	-2.05624
826	-2.05624
827	-2.02527
828	-2.02527
829	-2.02527
830	-2.02527
831	-2.02527
832	-2.02527
833	-2.02527
834	-2.02527
835	-2.02527
836	-2.47893
837	-2.47893
838	-2.47581
839	-2.47581
840	-2.47581
841	-2.47581
842	-2.47581
843	-2.5513
844	-1.42598
845	-1.42598
846	-1.42598
847	-1.42598
848	-2.71385
849	-2.71385
850	-2.71385
851	-2.71385
852	-2.71385
853	-2.61956
854	-2.61956
855	-2.61956
856	-2.61956
857	-2.61956
858	-1.91382
859	-1.91382
860	-2.24721
861	-2.48542
862	-2.48542
863	-2.48542
864	-2.48542
865	-2.48542
866	-2.48542
867	-2.48542
868	-2.48542
869	-2.04961
870	-2.04961
871	-2.04961
872	-2.04961
873	-2.04961
874	-2.04961
875	-2.04961
876	-2.47081
877	-2.47081
878	-2.47081
879	-2.47081
880	-2.47081
881	-2.47081
882	-2.47081
883	-2.47081
884	-2.20783
885	-2.20783
886	-2.20783
887	-2.20783
888	-1.58399
889	-1.58399
890	-2.19498
891	-2.19498
892	-2.19498
893	-2.19498
894	-1.49764
895	-1.49764
896	-1.49764
897	-1.49764
898	-1.49764
899	-1.84464
900	-1.84464
901	-1.84464
902	-1.84464
903	-2.1924
904	-2.1924
905	-2.1924
906	-2.1924
907	-2.1924
908	-2.03513
909	-2.03513
910	-2.03513
911	-1.78195
912	-1.78195
913	-1.78195
914	-1.78195
915	-1.78195
916	-1.78195
917	-1.78195
918	-1.78195
919	-1.78195
920	-1.78195
921	-1.78195
922	-1.78195
923	-2.14624
924	-2.14624
925	-2.14624
926	-2.14624
927	-2.14624
928	-2.22078
929	-1.61597
930	-1.61597
931	-1.61597
932	-1.61597
933	-1.61597
934	-1.61597
935	-2.05021
936	-2.05021
937	-1.88085
938	-1.88085
939	-1.88085
940	-1.88085
941	-1.88085
942	-1.88085
943	-1.68399
944	-2.28333
945	-1.45315
946	-1.45315
947	1.18759
948	1.18759
949	1.50806
950	1.50806
951	1.50806
952	1.50806
953	1.50806
954	1.50806
955	1.50806
956	1.50806
957	2.29531
958	2.29531
959	2.29531
960	2.29531
961	2.29531
962	2.29531
963	2.29531
964	2.29531
965	1.86523
966	1.86523
967	1.86523
968	1.86523
969	1.86523
970	1.98496
971	1.98496
972	1.98496
973	1.98496
974	1.98496
975	1.98496
976	2.47481
977	2.47481
978	2.47481
979	1.44308
980	1.44308
981	1.44308
982	1.44308
983	1.44308
984	1.44308
985	2.74483
986	2.36723
987	2.36723
988	2.36723
989	2.51246
990	2.51246
991	2.51246
992	2.51246
993	1.54968
994	2.16997
995	2.16997
996	2.16997
997	1.68266
998	2.1508
999	2.1508
1000	2.1508
1001	2.1508
1002	2.1508
1003	1.43935
1004	1.39582
1005	1.39582
1006	1.39582
1007	1.39582
1008	1.39582
1009	1.39582
1010	1.39582
1011	1.39582
1012	1.39582
1013	1.39582
1014	1.83296
1015	1.83296
1016	2.28542
1017	1.77586
1018	1.77586
1019	1.77586
1020	1.77586
1021	1.77586
1022	1.77586
1023	1.77586
1024	2.08206
1025	2.08206
1026	2.08206
1027	2.08206
1028	2.08206
1029	2.08206
1030	2.329
1031	2.329
1032	2.69364
1033	2.69364
1034	2.26354
1035	2.26354
1036	2.26354
1037	2.26354
1038	2.26354
1039	1.97074
1040	1.97074
1041	2.3066
1042	2.3066
1043	2.3066
1044	2.3066
1045	2.3066
1046	3.2146
1047	1.82513
1048	1.82513
1049	1.82513
1050	1.82513
1051	1.82513
1052	1.82513
1053	1.82513
1054	1.49513
1055	1.49513
1056	1.52171
1057	1.52171
1058	1.52171
1059	1.52171
1060	1.52171
1061	2.15064
1062	2.15064
1063	2.15064
1064	2.15064
1065	1.90631
1066	1.90631
1067	1.90631
1068	1.90631
1069	1.90631
1070	1.90631
1071	1.90631
1072	1.90631
1073	1.64576
1074	1.64576
1075	1.64576
1076	1.64576
1077	1.64576
1078	1.64576
1079	1.64576
1080	1.64576
1081	1.64576
1082	1.64576
1083	1.64576
1084	1.64576
1085	1.64576
1086	1.64576
1087	1.64576
1088	1.64576
1089	1.64576
1090	1.64576
1091	1.64576
1092	1.5054
1093	1.5054
1094	1.5054
1095	1.5054
1096	1.5054
1097	1.5054
1098	1.5054
1099	1.26134
1100	2.26717
1101	2.26717
1102	2.26717
1103	2.26717
1104	2.26717
1105	2.26717
1106	2.26717
1107	2.26717
1108	2.26717
1109	2.26717
1110	2.36902
1111	1.67328
1112	1.67328
1113	1.67328
1114	1.67328
1115	1.67328
1116	1.67328
1117	1.67328
1118	1.67328
1119	1.67328
1120	2.36874
1121	2.36874
1122	2.36874
1123	2.36874
1124	2.36874
1125	2.36874
1126	2.1212
1127	2.1212
1128	2.1212
1129	2.1212
1130	2.1212
1131	2.1212
1132	2.1212
1133	2.1212
1134	1.75375
1135	1.75375
1136	1.75375
1137	1.75375
1138	1.75375
1139	2.05943
1140	2.05943
1141	2.05943
1142	2.05943
1143	1.80816
1144	1.80816
1145	1.80816
1146	1.57422
1147	1.57422
1148	1.57422
1149	1.57422
1150	1.57422
1151	1.57422
1152	1.57422
1153	1.57422
1154	1.57422
1155	1.57422
1156	1.66285
1157	1.66285
1158	1.66285
1159	1.81561
1160	1.81561
1161	1.81561
1162	2.42556
1163	2.42556
1164	2.42556
1165	2.42556
1166	2.42556
1167	2.42556
1168	2.42556
1169	1.67573
1170	1.67573
1171	1.67573
1172	1.67573
1173	1.67573
1174	1.67573
1175	2.26174
1176	2.26174
1177	2.26174
1178	2.26174
1179	2.26174
1180	2.26174
1181	2.26174
1182	2.27836
1183	2.27836
1184	1.9702
1185	1.9702
1186	1.9702
1187	1.9702
1188	1.9702
1189	2.13716
1190	2.13716
1191	2.13716
1192	2.13716
1193	2.13716
1194	1.74572
1195	1.74572
1196	1.74572
1197	1.64218
1198	1.64218
1199	2.15601
1200	2.15601
1201	2.15601
1202	2.15601
1203	1.96984
1204	1.96984
1205	1.96984
1206	1.96984
1207	1.96984
1208	1.96984
1209	1.96984
1210	1.96984
1211	1.96984
1212	1.96984
1213	1.96984
1214	1.96984
1215	1.96984
1216	2.03737
1217	2.03737
1218	2.03737
1219	2.03737
1220	2.39506
1221	2.39506
1222	2.39506
1223	2.39506
1224	2.39506
1225	2.39506
1226	2.39506
1227	2.39506
1228	2.39506
1229	1.87012
1230	1.87012
1231	1.87012
1232	1.87012
1233	1.87012
1234	2.60934
1235	2.22786
1236	1.79869
1237	1.79869
1238	1.79869
1239	1.79869
1240	2.4959
1241	2.4959
1242	2.4959
1243	2.4959
1244	2.4959
1245	2.4959
1246	1.76569
1247	1.76569
1248	1.76569
1249	1.76569
1250	1.76569
1251	1.76569
1252	1.76569
1253	1.76569
1254	1.76569
1255	1.80346
1256	1.85328
1257	1.85328
1258	1.85328
1259	1.85328
1260	1.85328
1261	1.85328
1262	1.85328
1263	1.85328
1264	1.49248
1265	1.49248
1266	1.49248
1267	1.49248
1268	1.91998
1269	1.91998
1270	1.91998
1271	1.91998
1272	1.91998
1273	2.4061
1274	2.4061
1275	2.52242
1276	2.52242
1277	2.52242
1278	1.67622
1279	1.67622
1280	1.67622
1281	1.67622
1282	1.67622
1283	1.67622
1284	1.67622
1285	1.67622
1286	1.92588
1287	1.92588
1288	2.18748
1289	2.18748
1290	2.28032
1291	2.28032
1292	2.28032
1293	2.28032
1294	2.28032
1295	2.28032
1296	2.28032
1297	2.28032
1298	2.28032
1299	2.28032
1300	2.28032
1301	2.28032
1302	2.28032
1303	2.13387
1304	2.13387
1305	2.13387
1306	2.13387
1307	2.13387
1308	2.13387
1309	2.13387
1310	2.13387
1311	2.13387
1312	1.64287
1313	1.64287
1314	1.64287
1315	1.64287
1316	1.65721
1317	1.65721
1318	1.65721
1319	1.65721
1320	1.65721
1321	1.65721
1322	1.65721
1323	1.65721
1324	1.65721
1325	1.65721
1326	1.65721
1327	1.65721
1328	1.65721
1329	1.65721
1330	1.65721
1331	2.34365
1332	2.34365
1333	1.68394
1334	1.68394
1335	1.68394
1336	1.68394
1337	2.03141
1338	2.03141
1339	2.87188
1340	2.87188
1341	2.87188
1342	2.87188
1343	2.87188
1344	2.87188
1345	1.91378
1346	1.91378
1347	1.91378
1348	1.91378
1349	1.91378
1350	1.91378
1351	1.91378
1352	1.91378
1353	1.91378
1354	1.91378
1355	1.91378
1356	1.91378
1357	1.91378
1358	1.91378
1359	1.91378
1360	1.91378
1361	1.91378
1362	1.91378
1363	1.91378
1364	1.91378
1365	1.91378
1366	1.91378
1367	1.91378
1368	1.94944
1369	1.94944
1370	1.94944
1371	1.94944
1372	1.94944
1373	1.94944
1374	1.94944
1375	1.94944
1376	1.94944
1377	1.94944
1378	1.94944
1379	1.94944
1380	1.94944
1381	1.94944
1382	1.76083
1383	1.76083
1384	1.76083
1385	1.76083
1386	1.76083
1387	1.76083
1388	1.76083
1389	1.76083
1390	1.76083
1391	1.81934
1392	1.81934
1393	2.15164
1394	2.15164
1395	1.50274
1396	1.50274
1397	1.50274
1398	1.9988
1399	1.9988
1400	1.9988
1401	1.9988
1402	1.99397
1403	1.99397
1404	1.99397
1405	1.99397
1406	2.11381
1407	3.09438
1408	2.2946
1409	2.2946
1410	2.2946
1411	2.2946
1412	2.2946
1413	1.64901
1414	1.64901
1415	1.64901
1416	1.64901
1417	2.65604
1418	1.78725
1419	1.78725
1420	1.78725
1421	1.78725
1422	1.78725
1423	1.78725
1424	1.78725
1425	1.42226
1426	2.22484
1427	2.22484
1428	2.22484
1429	2.22484
1430	2.22484
1431	1.78314
1432	1.78314
1433	1.78314
1434	1.78314
1435	1.78314
1436	1.78314
1437	2.24292
1438	2.24292
1439	2.24292
1440	2.24292
1441	2.24292
1442	2.24292
1443	1.70379
1444	2.02395
1445	2.02395
1446	2.02395
1447	2.02395
1448	2.02395
1449	2.13187
1450	1.78726
1451	1.78726
1452	1.78726
1453	1.87741
1454	1.87741
1455	1.87741
1456	1.87741
1457	1.87741
1458	1.87741
1459	1.29301
1460	1.29301
1461	1.29301
1462	1.29301
1463	1.29301
1464	1.29301
1465	1.63938
1466	2.69568
1467	2.69568
1468	2.69568
1469	2.69568
1470	2.69568
1471	2.69568
1472	2.69568
1473	2.69568
1474	1.63775
1475	1.63775
1476	1.63775
1477	2.32869
1478	2.32869
1479	2.32869
1480	2.32869
1481	2.32869
1482	2.32869
1483	1.94878
1484	1.94878
1485	1.94878
1486	1.94878
1487	1.94878
1488	1.94878
1489	1.94878
1490	1.94878
1491	1.94878
1492	1.94878
1493	1.94878
1494	1.94878
1495	1.94878
1496	2.03746
1497	2.03746
1498	2.03746
1499	2.03746
1500	2.03746
1501	2.03746
1502	2.05315
1503	2.05315
1504	2.05315
1505	2.31424
1506	1.40496
1507	1.40496
1508	1.40496
1509	1.40496
1510	1.40496
1511	2.27542
1512	2.12189
1513	2.12189
1514	2.12189
1515	2.70459
1516	2.70459
1517	2.70459
1518	2.70459
1519	2.70459
1520	2.70459
1521	2.70459
1522	2.70459
1523	2.70459
1524	2.70459
1525	2.70459
1526	1.30027
1527	1.30027
1528	2.60755
1529	2.60755
1530	2.10187
1531	2.10187
1532	2.10187
1533	2.10187
1534	2.10187
1535	2.10187
1536	2.10187
1537	2.10187
1538	2.10187
1539	2.10187
1540	2.10187
1541	2.10187
1542	2.10187
1543	2.10187
1544	2.15409
1545	2.15409
1546	1.71149
1547	1.71149
1548	1.71149
1549	1.71149
1550	1.71149
1551	1.71149
1552	1.71149
1553	1.71149
1554	1.71149
1555	1.71149
1556	1.71149
1557	1.71149
1558	1.84704
1559	1.7169
1560	1.7169
1561	2.6882
1562	2.6882
1563	2.6882
1564	2.11792
1565	2.11792
1566	2.11792
1567	2.11792
1568	2.11792
1569	2.11792
1570	2.11792
1571	2.11792
1572	2.28428
1573	2.28428
1574	2.28428
1575	2.28428
1576	2.28428
1577	2.28428
1578	2.28428
1579	2.28428
1580	2.28428
1581	1.78113
1582	1.78113
1583	1.78113
1584	1.95357
1585	1.95357
1586	1.95357
1587	1.95357
1588	1.95357
1589	1.95357
1590	2.42785
1591	1.99346
1592	1.99346
1593	1.44126
1594	1.44126
1595	2.68613
1596	2.68613
1597	2.68613
1598	2.68613
1599	2.68613
1600	2.68613
1601	2.68613
1602	2.68613
1603	2.28598
1604	2.28598
1605	2.28598
1606	2.28598
1607	2.28598
1608	2.28598
1609	2.28598
1610	2.28598
1611	2.28598
1612	2.28598
1613	2.28598
1614	2.28598
1615	2.28598
1616	1.76784
1617	1.76784
1618	1.76784
1619	1.76784
1620	1.76784
1621	1.76784
1622	1.76784
1623	1.76784
1624	1.76784
1625	1.70204
1626	1.70204
1627	1.70204
1628	2.27661
1629	2.01366
1630	2.01366
1631	2.01366
1632	2.01366
1633	2.01366
1634	2.01366
1635	1.77165
1636	1.77165
1637	1.77165
1638	1.77165
1639	1.77165
1640	1.77165
1641	1.77165
1642	1.77165
1643	1.77165
1644	1.77165
1645	1.77165
1646	2.41706
1647	2.41706
1648	2.51709
1649	2.51709
1650	2.51709
1651	3.00556
1652	3.00556
1653	3.00556
1654	2.99665
1655	2.83401
1656	1.07046
1657	1.83405
1658	1.83405
1659	1.83405
1660	1.25457
1661	1.78393
1662	1.78393
1663	1.78393
1664	1.78393
1665	1.78393
1666	1.78393
1667	1.78393
1668	1.78393
1669	1.78393
1670	1.78393
1671	1.41631
1672	1.41631
1673	1.41631
1674	1.41631
1675	1.41631
1676	1.41631
1677	1.41631
1678	2.57926
1679	2.35647
1680	2.35647
1681	2.35647
1682	2.35647
1683	2.35647
1684	2.35647
1685	2.35647
1686	1.61203
1687	1.61203
1688	1.61203
1689	1.97483
1690	1.97483
1691	1.84522
1692	1.99288
1693	1.99288
1694	1.99288
1695	1.99288
1696	1.99288
1697	2.16148
1698	2.16148
1699	2.29257
1700	2.29257
1701	2.29257
1702	2.29257
1703	2.29257
1704	2.29257
1705	2.54599
1706	2.54599
1707	2.56789
1708	2.56789
1709	2.58759
1710	2.58759
1711	2.58759
1712	2.58759
1713	2.58759
1714	2.49501
1715	2.49501
1716	2.49501
1717	1.43366
1718	1.43366
1719	1.43366
1720	1.43366
1721	1.43366
1722	1.43366
1723	1.43366
1724	1.43366
1725	1.43366
1726	1.43366
1727	1.43366
1728	1.43366
1729	1.43366
1730	1.43366
1731	1.43366
1732	1.43366
1733	2.16653
1734	2.16653
1735	2.0744
1736	2.0744
1737	2.0744
1738	2.0744
1739	2.0744
1740	2.0744
1741	2.0744
1742	2.0744
1743	2.0744
1744	2.0744
1745	2.0744
1746	2.0744
1747	2.0744
1748	2.45693
1749	1.59022
1750	1.59022
1751	1.95712
1752	1.95712
1753	1.95712
1754	1.95712
1755	1.95712
1756	1.95712
1757	1.95712
1758	1.95712
1759	1.92195
1760	1.9601
1761	1.9601
1762	1.9601
1763	1.99779
1764	1.99779
1765	1.99779
1766	1.99779
1767	1.99779
1768	1.99779
1769	1.99779
1770	1.99779
1771	1.99779
1772	1.99779
1773	1.99779
1774	1.99779
1775	1.99779
1776	1.92449
1777	1.92449
1778	1.92449
1779	1.92449
1780	1.92449
1781	2.37923
1782	2.37923
1783	2.37923
1784	2.37923
1785	2.37923
1786	2.37923
1787	2.37923
1788	1.46976
1789	1.46976
1790	1.46976
1791	1.46976
1792	1.46976
1793	1.46976
1794	1.46976
1795	1.46976
1796	2.21496
1797	2.21496
1798	2.21496
1799	2.21496
1800	1.83575
1801	1.83575
1802	1.83575
1803	1.84179
1804	1.84179
1805	1.84179
1806	1.84179
1807	1.84179
1808	1.84179
1809	1.84179
1810	1.84179
1811	1.84179
1812	1.84179
1813	1.84179
1814	1.84179
1815	1.84179
1816	1.84179
1817	1.84179
1818	1.84179
1819	1.84179
1820	1.84179
1821	1.84179
1822	1.84179
1823	1.84179
1824	1.84179
1825	1.84179
1826	1.84179
1827	1.84939
1828	1.84939
1829	2.26696
1830	2.26696
1831	2.26696
1832	2.26696
1833	2.26696
1834	2.40733
1835	2.40733
1836	1.56273
1837	1.56273
1838	1.56273
1839	1.56273
1840	2.3193
1841	2.3193
1842	2.3193
1843	2.3193
1844	1.71885
1845	1.71885
1846	1.71885
1847	1.71885
1848	1.71885
1849	2.11617
1850	2.11617
1851	2.11617
1852	2.11617
1853	2.11617
1854	2.11617
1855	2.11617
1856	1.86048
1857	1.86163
1858	1.86163
1859	2.44465
1860	2.26518
1861	2.26518
1862	2.26518
1863	2.26518
1864	2.26518
1865	2.26518
1866	2.26518
1867	2.26518
1868	2.26518
1869	2.26518
1870	2.26518
1871	2.26518
1872	2.26518
1873	2.26518
1874	2.26518
1875	2.26518
1876	1.68914
1877	1.68914
1878	1.68914
1879	1.68914
1880	1.94122
1881	2.75884
1882	2.01572
1883	2.01572
1884	2.01572
1885	2.01572
1886	2.01572
1887	2.01572
1888	2.01572
1889	2.01572
1890	2.01572
1891	2.01572
1892	2.01572
1893	2.01572
1894	2.01572
1895	2.01572
1896	2.01572
1897	2.01572
1898	2.01572
1899	2.37905
1900	2.37905
1901	2.37905
1902	2.24922
1903	2.25369
1904	2.25369
1905	2.25369
1906	2.25369
1907	2.25369
1908	1.62099
1909	2.44436
1910	2.44436
1911	2.44436
1912	1.65514
1913	1.65514
1914	1.65514
1915	1.65514
1916	1.58965
1917	1.58965
1918	1.58965
1919	1.58965
1920	1.58965
1921	1.58965
1922	1.58965
1923	1.58965
1924	1.58965
1925	1.58965
1926	1.53259
1927	1.53259
1928	1.53259
1929	2.9241
1930	2.70638
1931	1.64755
1932	1.64755
1933	1.64755
1934	1.64755
1935	1.64755
1936	1.64755
1937	1.64755
1938	1.64755
1939	1.64755
1940	1.64755
1941	1.64755
1942	1.64755
1943	1.65484
1944	1.65484
1945	1.65484
1946	2.20615
1947	2.20615
1948	2.20615
1949	2.20615
1950	2.20615
1951	2.20615
1952	2.20615
1953	2.20615
1954	2.20615
1955	2.20615
1956	2.20615
1957	2.20615
1958	2.20615
1959	2.20615
1960	2.20615
1961	2.20615
1962	2.20615
1963	2.20615
1964	2.20615
1965	2.20615
1966	2.20615
1967	2.20615
1968	2.20615
1969	2.20615
1970	2.20615
1971	1.81808
1972	3.05379
1973	2.25701
1974	2.25701
1975	2.25701
1976	2.25701
1977	2.25701
1978	2.25701
1979	1.66337
1980	1.66337
1981	1.66337
1982	1.66337
1983	1.35648
1984	2.68497
1985	2.68497
1986	2.65972
1987	2.65972
1988	2.65972
1989	2.65972
1990	1.93972
1991	1.93972
1992	1.93972
1993	1.93972
1994	1.93972
1995	1.93972
1996	1.93972
1997	1.93972
1998	1.93972
1999	1.93972
2000	2.57033
2001	2.57033
2002	2.57033
2003	2.57033
2004	1.24757
2005	1.24757
2006	1.24757
2007	1.24757
2008	1.24757
2009	-1.28345
2010	-1.28345
2011	-1.28345
2012	-2.38505
2013	-2.40537
2014	-2.40537
2015	-2.40537
2016	-2.18433
2017	-2.42874
2018	-2.42874
2019	-2.00778
2020	-2.00778
2021	-2.00778
2022	-2.00778
2023	-2.00778
2024	-2.00778
2025	-2.00778
2026	-2.00778
2027	-2.00778
2028	-2.00778
2029	-2.00778
2030	-2.00778
2031	-2.00778
2032	-2.00778
2033	-2.00778
2034	-1.74584
2035	-1.74584
2036	-1.74584
2037	-1.74584
2038	-1.74584
2039	-1.74584
2040	-1.74584
2041	-1.74584
2042	-1.74584
2043	-1.74584
2044	-1.74584
2045	-1.74584
2046	-0.846512
2047	-1.10163
2048	-1.10163
2049	-1.10163
2050	-2.26898
2051	-2.13821
2052	-2.13821
2053	-2.13821
2054	-2.13821
2055	-2.16672
2056	-2.16672
2057	-2.16672
2058	-2.18894
2059	-2.18894
2060	-2.18894
2061	-2.18894
2062	-2.18894
2063	-2.18894
2064	-2.18894
2065	-2.18894
2066	-2.18894
2067	-2.18894
2068	-2.18894
2069	-2.18894
2070	-2.18894
2071	-2.25886
2072	-2.25886
2073	-1.9103
2074	-2.37918
2075	-2.37918
2076	-2.37918
2077	-1.70252
2078	-1.70252
2079	-1.70252
2080	-1.70252
2081	-2.21066
2082	-2.21066
2083	-2.13631
2084	-2.13631
2085	-2.13631
2086	-2.13631
2087	-2.13631
2088	-2.13631
2089	-2.13631
2090	-2.13631
2091	-2.13631
2092	-2.13631
2093	-2.13631
2094	-1.53674
2095	-1.43928
2096	-1.43928
2097	-1.43928
2098	-1.43928
2099	-1.43928
2100	-1.43928
2101	-1.43928
2102	-1.43928
2103	-1.33905
2104	-1.33905
2105	-1.33905
2106	-1.33905
2107	-1.33905
2108	-1.33905
2109	-1.33905
2110	-1.33905
2111	-2.45298
2112	-2.45298
2113	-2.45298
2114	-2.45298
2115	-2.45298
2116	-2.45298
2117	-2.45298
2118	-2.45298
2119	-2.09326
2120	-2.0252
2121	-2.0252
2122	-2.0252
2123	-2.0252
2124	-2.0252
2125	-2.0252
2126	-2.0252
2127	-2.0252
2128	-1.88982
2129	-1.88982
2130	-1.64809
2131	-2.65663
2132	-2.65663
2133	-3.05917
2134	-0.925651
2135	1.42635
2136	1.42635
2137	1.42635
2138	1.42635
2139	1.42635
2140	1.42635
2141	1.42635
2142	1.42635
2143	1.42635
2144	1.42635
2145	1.42635
2146	1.42635
2147	1.42635
2148	1.42635
2149	1.42635
2150	1.42635
2151	1.42635
2152	1.42635
2153	2.55698
2154	2.09295
2155	2.09295
2156	2.09295
2157	2.09295
2158	2.09295
2159	2.09295
2160	2.09295
2161	2.17982
2162	2.17982
2163	2.17982
2164	2.17982
2165	2.14618
2166	2.14618
2167	2.14618
2168	2.14618
2169	2.14618
2170	2.14618
2171	2.14618
2172	2.14618
2173	2.14618
2174	2.14618
2175	2.14618
2176	1.75144
2177	2.30338
2178	2.30338
2179	2.19727
2180	1.69533
2181	1.69533
2182	1.69533
2183	1.87892
2184	1.87892
2185	1.87892
2186	1.39768
2187	1.7879
2188	1.7879
2189	1.7879
2190	2.17214
2191	2.17214
2192	2.17367
2193	1.9124
2194	2.5359
2195	2.5359
2196	2.12629
2197	2.12629
2198	2.12629
2199	2.12629
2200	2.12629
2201	2.12629
2202	2.12629
2203	2.12629
2204	2.12629
2205	2.12629
2206	2.12629
2207	2.12629
2208	2.12629
2209	2.12629
2210	1.75322
2211	1.75322
2212	1.75322
2213	1.75322
2214	1.75322
2215	1.75322
2216	1.75322
2217	1.75322
2218	1.75322
2219	1.75322
2220	1.75322
2221	1.75322
2222	1.75322
2223	1.75322
2224	1.75322
2225	1.75322
2226	1.87268
2227	1.87268
2228	2.08479
2229	2.08479
2230	1.61621
2231	1.61621
2232	1.61621
2233	1.61621
2234	2.4517
2235	1.99686
2236	1.99686
2237	1.99686
2238	2.09081
2239	2.09081
2240	2.09081
2241	2.09081
2242	2.09081
2243	2.09081
2244	2.09081
2245	2.09081
2246	2.09081
2247	2.63926
2248	2.63926
2249	1.70488
2250	1.70488
2251	1.70488
2252	2.08262
2253	2.08262
2254	2.08262
2255	2.08262
2256	2.08262
2257	2.41015
2258	2.68049
2259	2.68049
2260	2.68049
2261	2.68049
2262	2.68049
2263	2.68049
2264	2.68049
2265	2.68049
2266	2.42303
2267	2.42303
2268	2.42303
2269	1.39918
2270	2.95016
2271	2.95016
2272	2.95016
2273	2.33525
2274	2.33525
2275	2.33525
2276	2.33525
2277	2.33525
2278	2.33525
2279	2.34902
2280	2.34902
2281	2.34902
2282	1.57517
2283	1.83554
2284	1.69829
2285	1.69829
2286	1.69829
2287	2.06495
2288	2.06495
2289	2.06495
2290	2.06495
2291	2.06495
2292	2.06495
2293	2.01931
2294	1.94451
2295	2.02275
2296	2.02275
2297	2.02275
2298	2.02275
2299	2.02275
2300	2.02275
2301	2.02275
2302	2.02275
2303	2.02275
2304	1.97437
2305	1.97437
2306	1.97437
2307	1.97437
2308	1.97437
2309	1.97437
2310	1.97437
2311	1.97437
2312	1.97437
2313	2.37207
2314	1.42798
2315	1.42798
2316	1.42798
2317	1.42798
2318	1.42798
2319	1.42798
2320	1.778
2321	2.44992
2322	1.4563
2323	2.49629
2324	2.49629
2325	1.73015
2326	1.73015
2327	1.73015
2328	1.73015
2329	1.60556
2330	2.73663
2331	2.73663
2332	2.73663
2333	2.67139
2334	2.67139
2335	2.29863
2336	2.29863
2337	2.29863
2338	2.29863
2339	2.29863
2340	1.59408
2341	1.59408
2342	1.59408
2343	1.59408
2344	1.59408
2345	1.59408
2346	1.59408
2347	1.59408
2348	2.40971
2349	2.40971
2350	2.40971
2351	1.53647
2352	1.53647
2353	1.72717
2354	1.76207
2355	1.76207
2356	1.76207
2357	1.76207
2358	1.76207
2359	1.11291
2360	1.26463
2361	1.26463
2362	1.26463
2363	1.26463
2364	2.34745
2365	2.34745
2366	2.34745
2367	1.89188
2368	1.55303
2369	1.55303
2370	2.19021
2371	2.19021
2372	2.19021
2373	2.19021
2374	2.19021
2375	2.30929
2376	1.99668
2377	1.99668
2378	1.99668
2379	1.99668
2380	1.99668
2381	1.99668
2382	1.99668
2383	1.99668
2384	2.19349
2385	2.57885
2386	2.57885
2387	1.22497
2388	1.22497
2389	1.22497
2390	2.73263
2391	2.73263
2392	1.89196
2393	1.43871
2394	2.37569
2395	1.77666
2396	1.77666
2397	1.77666
2398	1.77666
2399	2.19448
2400	2.19448
2401	2.19448
2402	2.19448
2403	1.88272
2404	1.88272
2405	1.88272
2406	1.88272
2407	1.88272
2408	1.79572
2409	1.79572
2410	1.79572
2411	2.09085
2412	2.76821
2413	2.76821
2414	2.01314
2415	2.01314
2416	1.80174
2417	1.80174
2418	1.80174
2419	2.17723
2420	2.17723
2421	2.17723
2422	2.17723
2423	1.63916
2424	1.63916
2425	1.82805
2426	1.94812
2427	1.94812
2428	1.94812
2429	1.94812
2430	1.94812
2431	1.94812
2432	1.94812
2433	2.34517
2434	2.04961
2435	2.04961
2436	2.04961
2437	2.04961
2438	2.04961
2439	2.04961
2440	2.04961
2441	2.04961
2442	2.0093
2443	2.0093
2444	1.84329
2445	1.84329
2446	1.84329
2447	1.84329
2448	2.67694
2449	2.01274
2450	2.01274
2451	2.01274
2452	2.01274
2453	2.01274
2454	2.01274
2455	2.01274
2456	2.01274
2457	2.01274
2458	2.01274
2459	2.01274
2460	2.01274
2461	2.01274
2462	2.01274
2463	2.01274
2464	2.01274
2465	2.01274
2466	2.01274
2467	2.01274
2468	2.01274
2469	2.01274
2470	2.01274
2471	2.01274
2472	2.01274
2473	2.01274
2474	2.01274
2475	2.26548
2476	2.26548
2477	2.26548
2478	2.28637
2479	2.28637
2480	2.28637
2481	2.28637
2482	2.28637
2483	2.28637
2484	2.28637
2485	1.64004
2486	1.64004
2487	1.64004
2488	1.64004
2489	1.64004
2490	1.64004
2491	1.64004
2492	1.64004
2493	1.84036
2494	1.84036
2495	1.84036
2496	1.84036
2497	2.45966
2498	2.45966
2499	1.512
2500	1.512
2501	1.512
2502	1.65878
2503	1.65878
2504	2.39633
2505	2.39633
2506	2.39633
2507	2.39633
2508	1.83439
2509	1.83439
2510	1.83439
2511	1.83439
2512	1.62838
2513	1.62838
2514	1.62838
2515	1.62838
2516	1.62838
2517	1.62838
2518	1.62838
2519	1.62838
2520	2.27136
2521	2.27136
2522	2.27136
2523	2.27136
2524	2.27136
2525	2.27136
2526	1.44849
2527	1.44849
2528	1.44849
2529	2.24892
2530	2.24892
2531	2.24892
2532	2.24892
2533	2.24892
2534	2.64656
2535	1.58914
2536	1.58914
2537	1.58914
2538	1.62395
2539	1.62395
2540	1.62395
2541	2.13583
2542	2.31404
2543	2.31404
2544	2.31404
2545	2.31404
2546	2.31404
2547	2.31404
2548	2.30821
2549	2.30821
2550	2.30821
2551	2.47295
2552	2.47295
2553	2.47295
2554	1.41397
2555	1.41397
2556	1.41397
2557	1.41397
2558	1.41397
2559	1.41397
2560	1.41397
2561	1.41446
2562	1.41446
2563	1.57626
2564	1.57626
2565	1.57626
2566	1.57626
2567	1.57626
2568	2.39753
2569	2.39753
2570	2.39753
2571	2.06851
2572	2.10604
2573	2.10604
2574	2.26651
2575	1.99525
2576	1.99525
2577	1.99525
2578	1.99525
2579	1.99525
2580	1.62825
2581	2.96967
2582	2.96967
2583	2.96967
2584	2.52947
2585	2.52947
2586	1.80698
2587	1.80698
2588	1.80698
2589	1.80698
2590	2.13967
2591	2.13967
2592	2.13967
2593	2.13967
2594	2.13967
2595	2.13967
2596	2.13967
2597	2.13967
2598	2.43527
2599	2.43527
2600	2.43527
2601	2.43527
2602	2.43527
2603	2.43527
2604	2.43527
2605	2.43527
2606	2.43527
2607	2.43527
2608	2.43527
2609	2.43527
2610	2.43527
2611	2.43527
2612	2.43527
2613	2.01688
2614	2.01688
2615	2.01688
2616	2.01688
2617	2.01688
2618	2.01688
2619	2.01688
2620	2.01688
2621	2.01688
2622	2.01688
2623	2.01688
2624	2.01688
2625	2.01688
2626	2.01688
2627	2.01688
2628	2.01688
2629	2.01688
2630	2.01688
2631	2.01688
2632	2.01688
2633	2.01688
2634	1.72617
2635	1.72617
2636	1.72617
2637	1.72617
2638	1.72617
2639	1.72617
2640	1.72617
2641	1.72617
2642	1.72001
2643	1.72001
2644	1.72001
2645	1.72001
2646	1.72001
2647	1.72001
2648	1.395
2649	1.395
2650	1.395
2651	1.395
2652	1.395
2653	1.395
2654	1.395
2655	1.395
2656	2.17919
2657	2.51524
2658	2.51524
2659	2.51524
2660	1.78909
2661	1.78909
2662	1.78909
2663	1.78909
2664	1.78909
2665	1.78909
2666	1.78909
2667	1.78909
2668	1.78909
2669	1.78909
2670	1.78909
2671	1.78909
2672	1.78909
2673	2.30157
2674	2.1037
2675	2.1037
2676	2.1037
2677	2.1037
2678	1.95628
2679	1.99492
2680	1.99492
2681	1.99492
2682	1.99492
2683	1.87938
2684	1.31162
2685	1.09732
2686	2.07048
2687	2.07048
2688	2.07048
2689	2.16734
2690	2.16734
2691	2.16734
2692	2.16734
2693	2.16734
2694	2.29862
2695	2.29862
2696	2.29862
2697	2.29862
2698	2.29862
2699	2.29862
2700	2.29862
2701	2.29862
2702	2.24387
2703	2.24387
2704	2.24387
2705	2.24387
2706	2.24387
2707	2.24387
2708	2.24387
2709	2.24387
2710	2.24387
2711	2.24387
2712	2.24387
2713	2.24387
2714	2.24387
2715	2.24387
2716	2.39744
2717	1.88249
2718	1.88249
2719	1.74178
2720	1.74178
2721	1.74178
2722	2.3839
2723	2.3839
2724	2.3392
2725	2.3392
2726	2.3392
2727	1.30325
2728	1.72729
2729	1.72729
2730	1.72729
2731	1.72729
2732	1.84319
2733	1.84319
2734	1.84319
2735	1.84319
2736	1.84319
2737	1.84319
2738	1.84319
2739	1.84319
2740	1.84319
2741	1.84319
2742	1.59156
2743	2.19913
2744	2.19913
2745	2.01214
2746	2.01214
2747	2.01214
2748	2.01214
2749	2.01214
2750	2.01214
2751	2.01214
2752	2.01214
2753	2.01214
2754	2.01214
2755	2.01214
2756	2.01214
2757	2.01214
2758	2.01214
2759	2.01214
2760	2.01214
2761	2.01214
2762	2.58093
2763	2.58093
2764	2.47966
2765	2.49092
2766	2.49092
2767	2.49092
2768	2.32245
2769	2.32245
2770	1.9552
2771	1.9552
2772	2.12953
2773	2.12953
2774	2.12953
2775	2.12953
2776	2.12953
2777	2.12953
2778	2.12953
2779	2.12953
2780	2.12953
2781	2.12953
2782	2.12953
2783	2.12953
2784	2.12953
2785	2.33016
2786	2.33016
2787	1.68466
2788	2.52853
2789	2.52853
2790	2.52853
2791	2.52853
2792	2.52853
2793	2.52853
2794	2.52853
2795	1.9006
2796	1.9006
2797	1.9006
2798	1.9006
2799	1.9006
2800	2.30164
2801	2.30164
2802	2.2973
2803	2.2973
2804	2.2973
2805	2.2973
2806	2.2973
2807	2.2973
2808	2.2973
2809	2.2973
2810	2.06237
2811	2.06237
2812	2.06237
2813	2.06237
2814	2.06237
2815	2.06237
2816	2.06237
2817	2.06237
2818	2.06237
2819	2.06237
2820	2.68894
2821	2.68894
2822	2.68894
2823	2.68894
2824	2.68894
2825	1.53092
2826	1.53092
2827	2.12005
2828	2.27745
2829	2.2286
2830	2.2286
2831	1.79655
2832	1.79655
2833	2.10244
2834	2.21957
2835	2.00431
2836	2.00431
2837	2.00431
2838	2.00431
2839	2.00431
2840	2.00431
2841	2.00431
2842	2.00431
2843	2.00431
2844	2.00431
2845	2.00431
2846	2.00431
2847	2.00431
2848	2.00431
2849	2.00431
2850	2.00431
2851	2.00431
2852	2.00431
2853	1.8318
2854	1.8318
2855	1.8318
2856	1.8318
2857	1.8318
2858	1.8318
2859	1.8318
2860	1.8318
2861	1.58379
2862	1.97592
2863	1.5448
2864	1.5448
2865	1.5448
2866	1.5448
2867	1.5448
2868	1.5448
2869	1.5448
2870	1.5448
2871	1.5448
2872	1.5448
2873	1.5448
2874	1.5448
2875	1.98908
2876	1.98908
2877	1.98908
2878	1.98908
2879	1.98908
2880	1.98908
2881	1.98908
2882	1.98908
2883	1.98908
2884	1.98908
2885	1.98908
2886	1.98908
2887	1.98908
2888	1.98908
2889	1.98908
2890	1.98908
2891	1.98908
2892	1.98908
2893	2.19704
2894	2.19704
2895	2.19704
2896	2.19704
2897	2.19704
2898	2.19704
2899	2.19704
2900	2.19704
2901	2.19704
2902	2.19704
2903	2.19704
2904	2.19704
2905	1.45456
2906	1.96233
2907	2.5947
2908	2.5947
2909	2.5947
2910	2.5947
2911	2.5947
2912	2.5947
2913	2.5947
2914	2.44434
2915	2.44434
2916	2.44434
2917	2.44434
2918	1.49939
2919	1.49939
2920	1.49939
2921	1.49939
2922	1.49939
2923	1.49939
2924	1.49939
2925	1.49939
2926	1.49939
2927	2.7077
2928	2.7077
2929	2.7077
2930	2.7077
2931	2.7077
2932	2.7077
2933	2.14335
2934	2.30551
2935	2.30551
2936	2.30551
2937	2.30551
2938	1.53207
2939	1.53207
2940	1.53207
2941	1.53207
2942	1.53207
2943	1.53207
2944	2.63458
2945	2.63458
2946	1.84662
2947	1.84662
2948	1.84662
2949	1.84662
2950	1.84662
2951	2.17596
2952	1.64346
2953	1.64346
2954	1.64346
2955	1.64346
2956	1.64346
2957	1.64346
2958	1.64346
2959	1.64346
2960	1.64346
2961	1.64346
2962	1.64346
2963	1.64346
2964	1.64346
2965	1.64346
2966	1.64346
2967	1.64346
2968	1.64346
2969	1.64346
2970	1.64346
2971	1.64346
2972	1.64346
2973	1.64346
2974	1.52958
2975	1.52958
2976	1.52958
2977	1.52958
2978	1.53818
2979	1.53818
2980	1.53818
2981	1.53818
2982	1.53818
2983	1.53818
2984	1.53818
2985	1.53818
2986	2.33131
2987	2.33131
2988	2.33131
2989	2.33131
2990	2.33131
2991	2.33131
2992	1.89241
2993	1.89241
2994	1.65792
2995	1.456
2996	1.456
2997	1.456
2998	1.456
2999	1.456
3000	1.456
3001	1.456
3002	1.456
3003	1.456
3004	1.456
3005	1.456
3006	1.456
3007	1.456
3008	1.456
3009	2.48967
3010	2.48967
3011	2.48967
3012	2.48967
3013	1.90468
3014	1.90468
3015	1.90468
3016	1.90468
3017	1.90468
3018	1.90468
3019	1.90468
3020	1.90468
3021	1.90468
3022	2.18346
3023	2.18346
3024	2.18346
3025	2.18346
3026	2.18346
3027	2.18346
3028	2.18346
3029	2.18346
3030	2.18346
3031	2.18346
3032	2.18346
3033	1.98126
3034	1.98126
3035	1.98126
3036	1.98126
3037	1.98126
3038	1.98126
3039	1.98126
3040	1.98126
3041	1.98126
3042	1.98126
3043	1.98126
3044	1.98126
3045	1.98126
3046	1.98126
3047	1.55329
3048	1.55329
3049	2.39077
3050	1.80789
3051	1.80789
3052	1.80789
3053	1.80789
3054	1.80789
3055	1.80789
3056	1.80789
3057	1.80789
3058	1.80789
3059	1.80789
3060	1.80789
3061	2.05701
3062	2.05701
3063	2.05701
3064	2.05701
3065	2.05701
3066	2.05701
3067	2.05701
3068	2.36605
3069	2.36605
3070	2.36605
3071	2.36605
3072	2.36605
3073	2.36605
3074	2.36605
3075	2.36605
3076	2.36605
3077	2.36605
3078	2.36605
3079	1.67792
3080	1.67792
3081	1.67792
3082	1.67792
3083	1.67792
3084	1.67792
3085	1.85942
3086	1.25665
3087	-1.03022
3088	-3.06754
3089	-3.06754
3090	-1.06826
3091	-2.65083
3092	-2.65083
3093	-2.65083
3094	-2.37827
3095	-2.38821
3096	-2.38821
3097	-1.39993
3098	-1.39993
3099	-1.39993
3100	-1.38465
3101	-1.38465
3102	-1.38465
3103	-1.38465
3104	-1.38465
3105	-2.83975
3106	-2.00601
3107	-2.00601
3108	-2.00601
3109	-2.00601
3110	-2.00601
3111	-1.82997
3112	-1.82997
3113	-1.33222
3114	-1.33222
3115	-1.33222
3116	-1.33222
3117	-1.81265
3118	-1.81265
3119	-1.81265
3120	-1.81265
3121	-1.81265
3122	-1.81265
3123	-1.73806
3124	-1.73806
3125	-1.73806
3126	-1.73806
3127	-1.73806
3128	-1.64217
3129	-1.64217
3130	-1.64217
3131	-1.64217
3132	-1.64217
3133	-1.64217
3134	-1.64217
3135	-1.64217
3136	-1.64217
3137	-1.64217
3138	-1.64217
3139	-1.64217
3140	-1.64217
3141	-1.64217
3142	-1.64217
3143	-1.64217
3144	-1.64217
3145	-1.64217
3146	-1.64217
3147	-2.22736
3148	-2.22736
3149	-2.22736
3150	-2.22736
3151	-2.22736
3152	-2.22736
3153	-2.22736
3154	-2.22736
3155	-2.22736
3156	-2.22736
3157	-2.38615
3158	-1.54953
3159	-1.54953
3160	-1.54953
3161	-1.54953
3162	-1.54953
3163	-1.54953
3164	-1.58499
3165	-1.60556
3166	-1.66432
3167	-1.66432
3168	-1.66432
3169	-1.66432
3170	-1.66432
3171	-1.66432
3172	-1.72559
3173	-1.66154
3174	-1.66154
3175	-1.66154
3176	-1.86072
3177	-1.86072
3178	-1.86072
3179	-1.86072
3180	-1.86072
3181	-1.86072
3182	-1.86072
3183	-1.86072
3184	-1.86072
3185	-1.86072
3186	-1.86072
3187	-1.94102
3188	-1.94102
3189	-1.94102
3190	-1.94102
3191	-1.94102
3192	-2.41251
3193	-2.42523
3194	-2.42523
3195	-2.42523
3196	-2.42523
3197	-2.42523
3198	-2.42523
3199	-1.68352
3200	-1.68352
3201	-1.68352
3202	-1.68352
3203	-2.0883
3204	-2.0883
3205	-1.51109
3206	-1.51109
3207	-1.51109
3208	-1.51109
3209	-1.51109
3210	-1.51109
3211	-1.51109
3212	-1.46542
3213	-1.74704
3214	-1.74704
3215	-2.49614
3216	-2.49614
3217	-1.51045
3218	-1.51045
3219	-1.51045
3220	-1.51045
3221	-1.51045
3222	-1.51045
3223	-1.51045
3224	-1.51045
3225	-1.51045
3226	-1.51045
3227	-1.51045
3228	-1.51045
3229	-1.49325
3230	-1.95233
3231	-1.95233
3232	-1.95233
3233	-1.95233
3234	-1.95233
3235	-1.95233
3236	-1.95233
3237	-1.95233
3238	-1.95233
3239	-1.95233
3240	-2.43654
3241	-2.43654
3242	-2.43654
3243	-1.45194
3244	-1.45194
3245	-1.48043
3246	-1.48043
3247	-1.14215
3248	-1.74407
3249	-1.74407
3250	-1.82451
3251	-2.83598
3252	-1.74352
3253	-1.74352
3254	-1.74352
3255	-1.75883
3256	-1.75883
3257	-1.75883
3258	-2.65405
3259	-2.65405
3260	-2.65405
3261	-2.65405
3262	-2.65405
3263	-2.65405
3264	-2.06995
3265	-2.06995
3266	-2.06995
3267	-2.06995
3268	-2.06995
3269	-2.06995
3270	-2.06995
3271	-2.06995
3272	-2.06995
3273	-2.06995
3274	-2.06995
3275	-2.06995
3276	-1.60452
3277	-1.60452
3278	-1.7504
3279	-1.7504
3280	-1.7504
3281	-1.7504
3282	-1.7504
3283	-1.7504
3284	-1.7504
3285	-1.7504
3286	-1.30226
3287	-1.30226
3288	-1.30226
3289	-1.30226
3290	-1.30226
3291	-1.30226
3292	-1.30226
3293	-2.21358
3294	-2.21358
3295	-2.21358
3296	-2.21358
3297	-2.21358
3298	-2.21358
3299	-2.21358
3300	-2.21358
3301	-2.21358
3302	-2.21358
3303	-2.21358
3304	-2.21358
3305	-2.21358
3306	-2.21358
3307	-2.21358
3308	-2.6682
3309	-2.6682
3310	-2.6682
3311	-2.28011
3312	-2.28011
3313	-2.00687
3314	-1.91018
3315	-2.29476
3316	-2.29476
3317	-2.29476
3318	-2.29476
3319	-1.79327
3320	-1.79327
3321	-1.79327
3322	-1.79327
3323	-1.79327
3324	-1.79327
3325	-1.79327
3326	-1.79327
3327	-1.79327
3328	-1.79327
3329	-1.79327
3330	-1.79327
3331	-1.79327
3332	-1.79327
3333	-1.79327
3334	-1.79327
3335	-1.79327
3336	-1.79327
3337	-1.79327
3338	-1.79327
3339	-1.47286
3340	-1.47286
3341	-1.47286
3342	-1.47286
3343	-1.41335
3344	-1.41335
3345	-2.49086
3346	-1.76253
3347	-1.76253
3348	-1.76253
3349	-1.76253
3350	-1.76253
3351	-1.74836
3352	-1.76644
3353	-1.76644
3354	-1.76644
3355	-1.76644
3356	-1.76644
3357	-1.76644
3358	-1.76644
3359	-1.76644
3360	-1.76644
3361	-2.46962
3362	-2.46962
3363	-2.46962
3364	-2.08431
3365	-2.08431
3366	-2.08431
3367	-2.08431
3368	-2.08431
3369	-2.08431
3370	-2.08431
3371	-2.08431
3372	-2.08431
3373	-2.08431
3374	-2.08431
3375	-2.19031
3376	-2.19031
3377	-2.19031
3378	-2.19031
3379	-2.19031
3380	-2.19031
3381	-2.19031
3382	-2.19031
3383	-2.19031
3384	-2.19031
3385	-2.19031
3386	-2.19031
3387	-2.63659
3388	-2.15197
3389	-2.15197
3390	-1.79268
3391	-1.79268
3392	-1.79268
3393	-1.79268
3394	-1.79268
3395	-1.79268
3396	-1.79268
3397	-1.79268
3398	-1.79268
3399	-1.79268
3400	-1.79268
3401	-1.79268
3402	-1.79268
3403	-1.79268
3404	-2.16109
3405	-2.25199
3406	-2.25199
3407	-2.25199
3408	-2.25199
3409	-2.25199
3410	-2.25199
3411	-2.25199
3412	-2.25199
3413	-2.25199
3414	-2.25199
3415	-2.25199
3416	-2.25272
3417	-2.25272
3418	-2.25272
3419	-2.25272
3420	-2.25272
3421	-1.5603
3422	-1.5603
3423	-1.5603
3424	-1.5603
3425	-1.5603
3426	-1.5603
3427	-1.5603
3428	-1.5603
3429	-1.5603
3430	-2.80105
3431	-2.12874
3432	-1.55881
3433	-1.55881
3434	-1.55881
3435	-1.55881
3436	-1.55881
3437	-2.3509
3438	-2.3509
3439	-2.3509
3440	-1.98454
3441	-1.98454
3442	-1.98454
3443	-2.4927
3444	-2.4927
3445	-2.4927
3446	-2.4927
3447	-2.4927
3448	-2.4927
3449	-2.4927
3450	-2.4927
3451	-2.4927
3452	-2.34819
3453	-2.34819
3454	-2.34819
3455	-2.34819
3456	-1.74241
3457	-1.59573
3458	-1.48443
3459	-1.48443
3460	-1.48443
3461	-1.48443
3462	-1.48443
3463	-1.48443
3464	-1.48443
3465	-1.48641
3466	-1.48641
3467	-1.48641
3468	-1.48641
3469	-1.48641
3470	-1.56641
3471	-1.56641
3472	-1.56641
3473	-1.56641
3474	-2.13193
3475	-2.13193
3476	-2.13193
3477	-2.13193
3478	-2.13193
3479	-2.13193
3480	-2.13193
3481	-2.13193
3482	-2.13193
3483	-2.13193
3484	-2.13193
3485	-2.13193
3486	-2.13193
3487	-2.13193
3488	-2.22658
3489	-2.22658
3490	-2.22658
3491	-2.22658
3492	-2.22658
3493	-2.22658
3494	-2.22658
3495	-2.22658
3496	-2.09196
3497	-2.09196
3498	-2.09196
3499	-2.09196
3500	-2.09196
3501	-2.09196
3502	-2.09196
3503	-2.09196
3504	-2.09196
3505	-2.09196
3506	-1.56542
3507	-1.56542
3508	-1.56542
3509	-2.59215
3510	-2.59215
3511	-2.59215
3512	-1.89071
3513	-1.89071
3514	-1.89071
3515	-2.56241
3516	-2.56241
3517	-2.56241
3518	-2.56241
3519	-2.56241
3520	-1.49771
3521	-1.49771
3522	-2.53477
3523	-2.20928
3524	-2.20928
3525	-2.09782
3526	-2.09782
3527	-2.20117
3528	-2.20117
3529	-2.20117
3530	-2.20117
3531	-2.20117
3532	-2.20117
3533	-2.20117
3534	-2.42636
3535	-2.42636
3536	-2.42636
3537	-2.42636
3538	-2.42636
3539	-2.42636
3540	-2.42636
3541	-2.42636
3542	-1.53909
3543	-1.53909
3544	-1.53909
3545	-1.53909
3546	-1.53909
3547	-1.53909
3548	-1.53909
3549	-1.63693
3550	-1.63693
3551	-1.63693
3552	-2.1594
3553	-2.1594
3554	-2.1594
3555	-2.1594
3556	-2.1594
3557	-2.1594
3558	-2.1594
3559	-2.1594
3560	-2.1594
3561	-1.76987
3562	-1.76987
3563	-1.76987
3564	-1.76987
3565	-1.76987
3566	-1.76987
3567	-1.76987
3568	-1.95099
3569	-1.95099
3570	-1.95099
3571	-1.95099
3572	-1.95099
3573	-1.95099
3574	-1.95099
3575	-1.95099
3576	-1.95099
3577	-1.95099
3578	-1.95099
3579	-1.95099
3580	-1.95099
3581	-1.95099
3582	-1.95099
3583	-1.95099
3584	-1.95099
3585	-2.07537
3586	-2.07537
3587	-2.07537
3588	-2.07537
3589	-2.07537
3590	-2.07537
3591	-2.07537
3592	-1.13212
3593	-2.98975
3594	-2.98975
3595	-2.98975
3596	-2.15168
3597	-2.15168
3598	-2.15168
3599	-2.15168
3600	-2.15168
3601	-2.15168
3602	-2.15168
3603	-2.15168
3604	-2.15168
3605	-2.15168
3606	-2.26099
3607	-1.87772
3608	-1.87772
3609	-1.87772
3610	-1.6663
3611	-2.32742
3612	-2.10501
3613	-2.10501
3614	-2.10501
3615	-2.10501
3616	-2.10501
3617	-2.10501
3618	-2.10501
3619	-2.10501
3620	-2.10501
3621	-2.10501
3622	-2.10501
3623	-2.10501
3624	-2.10501
3625	-2.10501
3626	-2.10501
3627	-2.10501
3628	-2.10501
3629	-2.10501
3630	-2.10501
3631	-2.10501
3632	-2.10501
3633	-2.10501
3634	-2.10501
3635	-2.10501
3636	-2.10501
3637	-2.10501
3638	-2.10501
3639	-2.10501
3640	-2.10501
3641	-2.10501
3642	-2.10501
3643	-2.10501
3644	-2.10501
3645	-2.10501
3646	-2.10501
3647	-2.10501
3648	-2.10501
3649	-2.10501
3650	-2.10501
3651	-2.10501
3652	-2.10501
3653	-2.10501
3654	-2.10501
3655	-2.10501
3656	-2.10501
3657	-2.28682
3658	-2.28682
3659	-2.38037
3660	-2.38037
3661	-2.38037
3662	-1.89215
3663	-1.89215
3664	-1.89215
3665	-1.89215
3666	-2.08912
3667	-2.08912
3668	-2.08912
3669	-1.82662
3670	-1.82662
3671	-2.37849
3672	-2.37849
3673	-2.08355
3674	-2.08355
3675	-2.08355
3676	-2.08355
3677	-2.08355
3678	-2.08355
3679	-2.08355
3680	-2.08355
3681	-2.0772
3682	-2.0772
3683	-2.0772
3684	-2.0772
3685	-1.93677
3686	-1.93677
3687	-1.93677
3688	-1.93677
3689	-1.93677
3690	-1.93677
3691	-1.93677
3692	-1.93677
3693	-1.93677
3694	-1.93677
3695	-1.93677
3696	-1.93677
3697	-1.93677
3698	-1.93677
3699	-2.36733
3700	-2.36733
3701	-2.36733
3702	-2.36733
3703	-2.38811
3704	-2.38811
3705	-2.38811
3706	-2.2159
3707	-2.2159
3708	-1.30027
3709	-1.30027
3710	-1.30027
3711	-2.26173
3712	-2.26173
3713	-2.26173
3714	-2.26173
3715	-2.68611
3716	-1.64557
3717	-1.64557
3718	-1.64557
3719	-2.23979
3720	-1.66749
3721	-1.66749
3722	-1.66749
3723	-1.66749
3724	-1.66749
3725	-1.66749
3726	-2.49148
3727	-2.40469
3728	-2.40469
3729	-1.72197
3730	-1.72197
3731	-1.72197
3732	-2.08885
3733	-2.08885
3734	-2.08885
3735	-2.08885
3736	-2.08885
3737	-2.08885
3738	-2.08885
3739	-2.08885
3740	-2.08885
3741	-2.08885
3742	-2.08885
3743	-2.08885
3744	-1.8011
3745	-1.52203
3746	-1.52203
3747	-1.54882
3748	-1.54882
3749	-1.54882
3750	-1.54882
3751	-1.54882
3752	-1.54882
3753	-2.22253
3754	-2.22253
3755	-2.22253
3756	-2.22253
3757	-2.22253
3758	-2.69085
3759	-2.69085
3760	-2.69085
3761	-2.69085
3762	-1.7908
3763	-1.7908
3764	-1.7908
3765	-1.90696
3766	-1.90696
3767	-1.90696
3768	-1.90696
3769	-1.79858
3770	-1.79858
3771	-1.79858
3772	-1.79858
3773	-1.79858
3774	-1.79858
3775	-1.79858
3776	-1.80343
3777	-1.80343
3778	-1.80343
3779	-1.54259
3780	-2.01924
3781	-2.01924
3782	-2.01924
3783	-2.01924
3784	-2.01924
3785	-2.01924
3786	-2.01924
3787	-2.01924
3788	-2.01924
3789	-2.01924
3790	-1.70604
3791	-1.70604
3792	-1.84057
3793	-1.84057
3794	-1.84057
3795	-1.84057
3796	-1.84057
3797	-1.84057
3798	-2.72366
3799	-2.72366
3800	-2.72366
3801	-2.72366
3802	-2.72366
3803	-1.82828
3804	-1.82828
3805	-1.82828
3806	-1.82828
3807	-1.82828
3808	-1.82828
3809	-1.82828
3810	-1.82828
3811	-1.82828
3812	-1.82828
3813	-1.82828
3814	-1.82828
3815	-1.82828
3816	-1.82828
3817	-1.82828
3818	-1.82828
3819	-1.82828
3820	-1.82828
3821	-1.82828
3822	-1.82828
3823	-1.82828
3824	-1.58751
3825	-1.58751
3826	-1.58751
3827	-1.58751
3828	-1.9677
3829	-1.9677
3830	-1.9677
3831	-1.9677
3832	-1.9677
3833	-2.3004
3834	-2.3004
3835	-2.21617
3836	-2.21617
3837	-2.21617
3838	-2.21617
3839	-2.21617
3840	-2.21617
3841	-2.21617
3842	-2.21617
3843	-2.21617
3844	-1.95879
3845	-1.95879
3846	-1.95879
3847	-1.95879
3848	-1.95879
3849	-1.95879
3850	-1.95879
3851	-1.95879
3852	-1.95879
3853	-1.95879
3854	-1.95879
3855	-1.95879
3856	-1.94154
3857	-1.94154
3858	-1.94154
3859	-1.94154
3860	-1.94154
3861	-1.94154
3862	-1.94154
3863	-1.76489
3864	-1.76489
3865	-1.76489
3866	-1.76489
3867	-1.76489
3868	-1.76489
3869	-2.31612
3870	-2.31612
3871	-2.31612
3872	-2.31612
3873	-2.31612
3874	-2.31612
3875	-2.31612
3876	-1.55052
3877	-1.55052
3878	-2.51375
3879	-2.51375
3880	-2.51375
3881	-1.72913
3882	-1.72913
3883	-1.33015
3884	-2.45997
3885	-2.45997
3886	-1.34634
3887	-1.34634
3888	-1.34634
3889	-1.34634
3890	-2.65497
3891	-2.65497
3892	-2.65497
3893	-2.65497
3894	-2.65497
3895	-2.65497
3896	-2.65497
3897	-2.65497
3898	-1.53126
3899	-1.53126
3900	-1.53126
3901	-1.53126
3902	-2.34731
3903	-2.34731
3904	-2.34731
3905	-2.34731
3906	-2.34731
3907	-2.34731
3908	-2.72237
3909	-2.72237
3910	-1.82366
3911	-1.82366
3912	-1.82366
3913	-1.82366
3914	-1.82366
3915	-1.82366
3916	-1.82366
3917	-1.82366
3918	-1.82366
3919	-1.82366
3920	-1.82366
3921	-1.82366
3922	-1.60097
3923	-1.60097
3924	-1.60097
3925	-1.60097
3926	-2.16198
3927	-1.91248
3928	-1.91248
3929	-1.91248
3930	-1.91248
3931	-1.91248
3932	-1.91248
3933	-1.91248
3934	-1.91248
3935	-1.91248
3936	-1.91248
3937	-1.91248
3938	-1.91248
3939	-1.91248
3940	-1.91248
3941	-1.91248
3942	-1.91248
3943	-1.91248
3944	-1.91248
3945	-1.91248
3946	-1.91248
3947	-1.91248
3948	-1.91248
3949	-1.91248
3950	-2.11146
3951	-2.11146
3952	-2.11146
3953	-2.11146
3954	-2.11146
3955	-2.11146
3956	-2.11146
3957	-2.7822
3958	-2.7822
3959	-1.46028
3960	-2.46073
3961	-2.46073
3962	-2.46073
3963	-1.96068
3964	-1.96068
3965	-1.96068
3966	-1.96068
3967	-1.96068
3968	-1.96068
3969	-1.96068
3970	-2.38567
3971	-1.15582
3972	-1.15582
3973	-2.61185
3974	-2.61185
3975	-2.61185
3976	-2.61185
3977	-2.53396
3978	-2.53396
3979	-2.53362
3980	-2.53362
3981	-2.53362
3982	-2.53362
3983	-2.53362
3984	-2.53362
3985	-2.53362
3986	-1.26853
3987	1.24721
3988	-1.2134
3989	-1.2134
3990	-1.2134
3991	1.49439
3992	1.49439
3993	1.49439
3994	1.49439
3995	1.49439
3996	1.49439
3997	1.49439
3998	1.49439
3999	2.33721
4000	2.33721
4001	2.33721
4002	1.84757
4003	1.84757
4004	1.84757
4005	1.84757
4006	1.84757
4007	1.84757
4008	1.84757
4009	1.84757
4010	1.84757
4011	1.84757
4012	1.84757
4013	1.84757
4014	2.40474
4015	2.03695
4016	2.03695
4017	2.03695
4018	2.03695
4019	2.03695
4020	2.34165
4021	2.34165
4022	2.34165
4023	2.34165
4024	2.34165
4025	1.50674
4026	1.67436
4027	1.67436
4028	1.67436
4029	1.67436
4030	1.67436
4031	1.84026
4032	2.47839
4033	2.47839
4034	2.47839
4035	1.2611
4036	1.2611
4037	2.58893
4038	1.71688
4039	1.71688
4040	1.71688
4041	1.71688
4042	1.71688
4043	1.38986
4044	1.70753
4045	1.70753
4046	1.70753
4047	1.70753
4048	1.70753
4049	1.70753
4050	1.70753
4051	1.70753
4052	1.70753
4053	1.70753
4054	1.70753
4055	1.70753
4056	2.4461
4057	2.4461
4058	1.86123
4059	1.86123
4060	1.86123
4061	1.85669
4062	1.85669
4063	1.85669
4064	1.85669
4065	1.85669
4066	1.85669
4067	1.85669
4068	1.85669
4069	1.85669
4070	1.85669
4071	1.85669
4072	1.85669
4073	1.85669
4074	1.85669
4075	1.85669
4076	1.85669
4077	1.85669
4078	1.85669
4079	1.85669
4080	1.85669
4081	1.85669
4082	1.85669
4083	1.85669
4084	1.85669
4085	1.85669
4086	1.85669
4087	2.1455
4088	2.1455
4089	2.1455
4090	2.1455
4091	1.93249
4092	1.93249
4093	1.93249
4094	1.93249
4095	1.93249
4096	1.93249
4097	1.51588
4098	2.3039
4099	2.3039
4100	2.3039
4101	2.3039
4102	1.63214
4103	1.63214
4104	1.63214
4105	1.63214
4106	1.63214
4107	1.63214
4108	2.02887
4109	2.02887
4110	2.02887
4111	2.02887
4112	1.38165
4113	-1.27909
4114	-1.27909
4115	-1.54689
4116	-1.54689
4117	-1.54689
4118	-1.54689
4119	-1.18266
4120	-2.71202
4121	-2.71202
4122	-2.06907
4123	-2.34591
4124	-2.34591
4125	-2.34591
4126	-2.34591
4127	-2.34591
4128	-2.21267
4129	-2.21267
4130	-2.21267
4131	-2.21267
4132	-2.21267
4133	-2.21267
4134	-2.21267
4135	-2.21267
4136	-2.21267
4137	-2.21267
4138	-2.21267
4139	-1.81895
4140	-1.81895
4141	-1.81895
4142	-1.81895
4143	-1.81895
4144	-1.81895
4145	-1.369
4146	-1.369
4147	-1.369
4148	-1.369
4149	-1.369
4150	-1.369
4151	-2.00449
4152	-2.00449
4153	-2.00449
4154	-2.00449
4155	-2.00449
4156	-2.00449
4157	-2.00449
4158	-2.00449
4159	-2.00449
4160	-2.00449
4161	-2.00449
4162	-2.00449
4163	-1.40743
4164	-1.40743
4165	-1.40743
4166	-1.78111
4167	-1.22238
4168	-1.22238
4169	-1.30272
4170	-1.30272
4171	-1.30272
4172	-1.30272
4173	-2.3898
4174	-2.3898
4175	-2.3898
4176	-2.3898
4177	-2.3898
4178	-2.3898
4179	-2.3898
4180	-2.3898
4181	-1.7454
4182	-1.7454
4183	-1.99684
4184	-1.99684
4185	-1.99684
4186	-1.99684
4187	-1.99684
4188	-1.99684
4189	-1.62495
4190	-1.62495
4191	-1.62495
4192	-1.62495
4193	-1.62495
4194	-1.62495
4195	-1.62495
4196	-1.62495
4197	-1.62495
4198	-1.62495
4199	-2.069
4200	-2.069
4201	-1.41181
4202	-1.41181
4203	-1.84158
4204	-1.84158
4205	-1.84158
4206	-1.84158
4207	-1.84158
4208	-1.84158
4209	-1.84158
4210	-1.98564
4211	-1.98564
4212	-1.98564
4213	-1.98564
4214	-1.98564
4215	-1.98564
4216	-1.98564
4217	-1.98564
4218	-1.98564
4219	-1.65713
4220	-1.65713
4221	-2.49267
4222	-2.49267
4223	-2.49267
4224	-2.49267
4225	-2.33742
4226	-1.50904
4227	-1.50904
4228	-2.16798
4229	-2.16798
4230	-2.16798
4231	-2.16798
4232	-2.16798
4233	-2.16798
4234	-2.16798
4235	-2.16798
4236	-2.16798
4237	-1.84905
4238	-1.84905
4239	-1.84905
4240	-1.84905
4241	-1.84905
4242	-1.84905
4243	-1.84905
4244	-1.84905
4245	-1.84905
4246	-2.4622
4247	-2.4622
4248	-2.4622
4249	-2.4622
4250	-2.4622
4251	-2.4622
4252	-2.4622
4253	-2.4622
4254	-1.9719
4255	-1.99224
4256	-1.99224
4257	-1.99224
4258	-1.99224
4259	-1.99224
4260	-1.99224
4261	-1.99224
4262	-1.99224
4263	-1.99224
4264	-1.99224
4265	-1.99224
4266	-1.99224
4267	-1.99224
4268	-1.99224
4269	-1.99224
4270	-2.05948
4271	-2.05948
4272	-2.05948
4273	-2.46198
4274	-1.68282
4275	-1.68282
4276	-1.68282
4277	-1.68282
4278	-1.68282
4279	-1.68282
4280	-1.68282
4281	-2.00595
4282	-2.00595
4283	-1.84558
4284	-2.65923
4285	-2.65923
4286	-2.7984
4287	-2.71283
4288	-2.71283
4289	-2.71283
4290	-2.71283
4291	-2.71283
4292	-1.86638
4293	-1.86638
4294	-1.88441
4295	-1.88441
4296	-1.88441
4297	-1.88441
4298	-1.84666
4299	-1.84666
4300	-1.84666
4301	-1.84666
4302	-1.84666
4303	-1.84666
4304	-1.84666
4305	-1.84666
4306	-1.84666
4307	-1.84666
4308	-1.84666
4309	-1.84666
4310	-1.84666
4311	-1.84666
4312	-1.84666
4313	-1.84666
4314	-2.09879
4315	-2.09879
4316	-2.09879
4317	-2.09879
4318	-2.09879
4319	-2.09879
4320	-2.09879
4321	-2.09879
4322	-2.09879
4323	-2.09879
4324	-2.09879
4325	-2.09879
4326	-2.09879
4327	-2.09879
4328	-2.09879
4329	-2.09879
4330	-2.09879
4331	-2.09879
4332	-2.09879
4333	-2.09879
4334	-2.09879
4335	-2.09879
4336	-2.09879
4337	-2.09879
4338	-2.60472
4339	-2.60472
4340	-2.7909
4341	-2.99123
4342	-2.99123
4343	-2.99123
4344	-2.99123
4345	-2.99123
4346	-2.99123
4347	-2.48997
4348	-2.48997
4349	-2.48997
4350	-2.48997
4351	-2.48997
4352	-2.48997
4353	-2.48997
4354	-2.08075
4355	-2.08075
4356	-2.1714
4357	-2.1714
4358	-2.1714
4359	-2.1714
4360	-2.1714
4361	-2.1714
4362	-1.40065
4363	-1.40065
4364	-1.40065
4365	-1.40065
4366	-1.40065
4367	-2.36797
4368	-2.36797
4369	-2.36797
4370	-1.19342
4371	-1.19342
4372	-1.31531
4373	-1.31531
4374	-1.31531
4375	-1.31531
4376	-1.31531
4377	-1.31531
4378	-1.31531
4379	-2.43282
4380	-2.43793
4381	-2.43793
4382	-2.43793
4383	-2.43793
4384	-2.43793
4385	-1.497
4386	-1.43016
4387	1.16985
4388	1.16985
4389	1.16985
4390	1.16985
4391	1.16985
4392	2.40211
4393	2.06801
4394	1.64879
4395	1.64879
4396	1.64879
4397	1.64879
4398	1.64879
4399	1.64879
4400	1.64879
4401	2.05349
4402	2.05349
4403	2.05349
4404	2.05349
4405	2.05349
4406	2.05349
4407	2.05349
4408	2.05349
4409	2.05349
4410	1.95695
4411	1.95695
4412	1.95695
4413	1.43521
4414	1.43521
4415	1.62833
4416	1.62833
4417	1.62833
4418	1.62833
4419	1.62833
4420	1.62833
4421	1.62833
4422	1.62833
4423	1.94603
4424	1.94603
4425	1.94603
4426	1.94603
4427	1.94603
4428	1.94603
4429	1.53297
4430	2.23677
4431	2.23677
4432	2.23677
4433	2.23677
4434	2.0153
4435	2.0153
4436	2.0153
4437	2.0153
4438	2.0153
4439	1.91882
4440	1.88009
4441	1.88009
4442	1.88009
4443	1.88009
4444	1.88009
4445	1.88009
4446	1.9354
4447	1.9354
4448	1.9354
4449	1.9354
4450	2.42564
4451	2.42564
4452	2.42564
4453	2.42564
4454	2.42564
4455	1.6761
4456	1.6761
4457	1.6761
4458	1.6761
4459	1.6761
4460	1.6761
4461	1.85453
4462	1.85453
4463	1.85453
4464	1.85453
4465	1.85453
4466	1.85453
4467	1.85453
4468	2.19338
4469	2.19338
4470	2.19338
4471	2.19338
4472	1.99899
4473	1.99899
4474	1.99899
4475	2.17402
4476	2.17402
4477	2.17402
4478	2.17402
4479	1.7923
4480	1.62992
4481	1.62992
4482	1.62992
4483	1.62992
4484	1.62992
4485	1.62992
4486	1.62992
4487	1.62992
4488	1.62992
4489	1.38153
4490	1.38153
4491	1.38153
4492	1.38153
4493	2.44214
4494	2.44214
4495	2.44214
4496	1.39966
4497	1.39966
4498	1.39966
4499	1.39966
4500	1.39966
4501	1.39966
4502	1.39966
4503	1.39966
4504	1.39966
4505	1.32622
4506	1.32622
4507	2.27028
4508	2.27028
4509	2.27028
4510	2.27028
4511	2.27028
4512	1.68448
4513	1.68448
4514	1.68448
4515	1.68448
4516	2.34241
4517	2.34241
4518	2.34241
4519	2.34241
4520	2.34241
4521	2.34241
4522	2.34241
4523	2.34241
4524	2.34241
4525	2.34241
4526	2.34241
4527	1.60227
4528	1.60227
4529	1.60227
4530	1.60227
4531	2.45974
4532	2.3831
4533	2.3831
4534	2.3831
4535	2.3831
4536	2.3831
4537	2.3831
4538	2.3831
4539	2.3831
4540	2.3831
4541	1.41797
4542	1.41797
4543	1.41797
4544	1.41797
4545	1.41797
4546	1.69691
4547	2.58735
4548	2.58735
4549	2.58735
4550	1.96013
4551	1.96013
4552	1.96013
4553	1.96013
4554	1.96013
4555	1.96013
4556	1.96013
4557	1.96013
4558	1.55234
4559	1.55234
4560	1.55234
4561	1.55234
4562	1.55234
4563	1.55234
4564	1.80965
4565	2.02266
4566	2.02266
4567	2.02266
4568	2.02266
4569	2.02266
4570	2.02266
4571	1.56622
4572	1.56622
4573	2.4327
4574	1.3468
4575	1.3468
4576	2.19451
4577	2.19451
4578	2.19451
4579	2.19451
4580	1.7403
4581	1.7403
4582	1.7403
4583	1.7403
4584	1.7403
4585	1.83484
4586	1.83484
4587	1.7457
4588	1.7457
4589	1.7457
4590	2.21058
4591	2.21058
4592	2.21058
4593	2.21058
4594	1.43568
4595	1.30523
4596	1.30523
4597	-1.01644
4598	-3.0465
4599	-3.0465
4600	-2.11563
4601	-2.10938
4602	-2.10938
4603	-2.10938
4604	-2.34215
4605	-2.34215
4606	-2.34215
4607	-2.34215
4608	-1.71245
4609	-2.09735
4610	-2.09735
4611	-2.09735
4612	-2.04122
4613	-2.07535
4614	-2.07535
4615	-2.07535
4616	-2.07535
4617	-1.58055
4618	-1.58055
4619	-1.58055
4620	-1.58055
4621	-2.03415
4622	-2.03415
4623	-2.03415
4624	-2.03415
4625	-2.03415
4626	-2.03415
4627	-1.39037
4628	-1.39037
4629	-1.61221
4630	-1.61221
4631	-1.61221
4632	-1.63867
4633	-2.71554
4634	-2.71554
4635	-2.71554
4636	-2.71554
4637	-2.71554
4638	-2.71554
4639	-2.71554
4640	-2.71554
4641	-1.41638
4642	-1.41638
4643	-1.41638
4644	-1.41638
4645	-1.71938
4646	-1.71938
4647	-1.71938
4648	-1.71938
4649	-1.71938
4650	-1.71938
4651	-1.8624
4652	-2.45932
4653	-2.45932
4654	-2.45932
4655	-2.45932
4656	-1.77291
4657	-1.77291
4658	-1.77291
4659	-1.77291
4660	-1.77291
4661	-1.77291
4662	-1.77291
4663	-1.77291
4664	-2.65943
4665	-2.65943
4666	-2.65943
4667	-2.65943
4668	-2.59056
4669	-2.59056
4670	-1.80017
4671	-1.80017
4672	-1.80017
4673	-1.80017
4674	-1.80017
4675	-1.80017
4676	-1.80017
4677	-1.80017
4678	-1.80017
4679	-1.52158
4680	-2.09265
4681	-2.09265
4682	-1.85432
4683	-1.85432
4684	-1.85432
4685	-1.85432
4686	-1.85432
4687	-1.85432
4688	-1.85432
4689	-1.85432
4690	-1.85432
4691	-1.85432
4692	-1.85432
4693	-1.7342
4694	-1.7342
4695	-1.7342
4696	-1.7342
4697	-2.30384
4698	-2.30384
4699	-2.58017
4700	-2.58017
4701	-2.58017
4702	-2.58017
4703	-1.89777
4704	-1.89777
4705	-1.89777
4706	-1.89777
4707	-1.89777
4708	-1.89777
4709	-1.89777
4710	-1.89777
4711	-1.89382
4712	-1.94411
4713	-1.94411
4714	-1.94411
4715	-1.94411
4716	-1.94411
4717	-1.94411
4718	-1.94411
4719	-1.94411
4720	-1.94411
4721	-1.94411
4722	-1.94411
4723	-1.94411
4724	-1.94411
4725	-1.94411
4726	-1.94411
4727	-1.94411
4728	-2.53642
4729	-2.53642
4730	-2.53642
4731	-2.53642
4732	-2.11935
4733	-2.11935
4734	-2.11935
4735	-2.11935
4736	-2.11935
4737	-2.11935
4738	-2.11935
4739	-2.11935
4740	-2.11935
4741	-2.11935
4742	-1.6442
4743	-1.6442
4744	-1.6442
4745	-1.6442
4746	-1.6442
4747	-1.73731
4748	-1.73731
4749	-1.73731
4750	-1.73731
4751	-1.73731
4752	-1.73731
4753	-2.49763
4754	-2.49763
4755	-2.49763
4756	-1.71898
4757	-1.71898
4758	-1.71898
4759	-1.71898
4760	-1.71898
4761	-1.71898
4762	-1.71898
4763	-1.71898
4764	-1.92571
4765	-1.92571
4766	-1.92571
4767	-1.65665
4768	-1.71308
4769	-1.98818
4770	-2.54817
4771	-2.54817
4772	-1.41943
4773	-2.41665
4774	-1.70671
4775	-1.70671
4776	-1.70671
4777	-1.70671
4778	-1.70671
4779	-1.70671
4780	-1.70926
4781	-1.70926
4782	-1.70926
4783	-1.70926
4784	-1.70926
4785	-1.70926
4786	-1.70926
4787	-1.70926
4788	-1.70926
4789	-1.70926
4790	-1.70926
4791	-1.70926
4792	-1.924
4793	-1.924
4794	-1.924
4795	-1.924
4796	-1.85922
4797	-1.85922
4798	-1.85922
4799	-1.85922
4800	-1.85922
4801	-1.85922
4802	-1.85922
4803	-1.85922
4804	-1.85922
4805	-1.85922
4806	-1.85922
4807	-1.85922
4808	-1.85922
4809	-1.85922
4810	-1.85922
4811	-1.85922
4812	-1.85922
4813	-1.85922
4814	-1.85922
4815	-1.85922
4816	-1.70231
4817	-1.70231
4818	-1.70231
4819	-1.70231
4820	-1.70231
4821	-1.70231
4822	-1.70231
4823	-1.70231
4824	-1.70231
4825	-1.70231
4826	-1.70231
4827	-1.70231
4828	-1.70231
4829	-1.70231
4830	-2.01332
4831	-2.01332
4832	-2.01332
4833	-2.01332
4834	-2.01332
4835	-2.01332
4836	-2.01332
4837	-2.01332
4838	-2.01332
4839	-2.07848
4840	-2.09253
4841	-2.46891
4842	-2.62952
4843	-2.62952
4844	-2.62952
4845	-2.62952
4846	-2.62952
4847	-2.62952
4848	-2.68412
4849	-2.68412
4850	-2.68412
4851	-2.68412
4852	-2.68412
4853	-2.68412
4854	-1.48642
4855	-1.48642
4856	-1.48642
4857	-1.48642
4858	-1.48642
4859	-1.48642
4860	-1.83377
4861	-1.83377
4862	-1.83377
4863	-1.83377
4864	-1.83377
4865	-1.83377
4866	-1.83377
4867	-1.83377
4868	-1.83377
4869	-2.00305
4870	-2.00305
4871	-2.00305
4872	-2.00305
4873	-2.00305
4874	-2.23354
4875	-2.23354
4876	-2.21369
4877	-2.21369
4878	-2.21369
4879	-2.21369
4880	-2.21369
4881	-2.21369
4882	-2.21792
4883	-1.97449
4884	-1.97449
4885	-1.97449
4886	-1.65075
4887	-1.65075
4888	-1.65075
4889	-1.65075
4890	-1.65075
4891	-1.90472
4892	-1.90472
4893	-1.90472
4894	-1.90472
4895	-1.90472
4896	-1.90472
4897	-1.90472
4898	-1.90472
4899	-1.90472
4900	-1.90472
4901	-1.90472
4902	-1.90472
4903	-1.90472
4904	-1.90472
4905	-1.90472
4906	-1.90472
4907	-1.90472
4908	-1.90472
4909	-1.90472
4910	-1.90472
4911	-1.90472
4912	-1.90472
4913	-1.90472
4914	-1.90472
4915	-1.90472
4916	-1.90472
4917	-1.90472
4918	-1.90472
4919	-1.8418
4920	-2.59061
4921	-2.59061
4922	-2.48307
4923	-2.48307
4924	-2.30522
4925	-2.30522
4926	-2.30522
4927	-1.78329
4928	-1.78329
4929	-1.78329
4930	-1.97671
4931	-1.97671
4932	-2.16627
4933	-2.5264
4934	-2.5264
4935	-2.5264
4936	-2.5264
4937	-2.60619
4938	-2.60619
4939	-2.60619
4940	-2.60619
4941	-2.60619
4942	-2.09982
4943	-2.88098
4944	-2.88098
4945	-2.88098
4946	-2.88098
4947	-2.88098
4948	-2.19151
4949	-2.19151
4950	-2.19151
4951	-2.19151
4952	-2.35792
4953	-2.35792
4954	-2.35792
4955	-2.35792
4956	-2.35792
4957	-2.35792
4958	-2.35792
4959	-1.58634
4960	-1.58634
4961	-1.58634
4962	-1.58634
4963	-1.58634
4964	-1.58634
4965	-1.58634
4966	-1.58634
4967	-1.58634
4968	-1.58634
4969	-1.27866
4970	-1.27866
4971	-1.49704
4972	-1.49704
4973	-1.49704
4974	-1.23106
4975	-1.23106
4976	-1.23106
4977	-1.23106
4978	-2.33392
4979	-2.33392
4980	-2.33392
4981	-2.33392
4982	-2.33392
4983	-1.7194
4984	-1.7194
4985	-1.7194
4986	-1.7194
4987	-2.18219
4988	-2.18219
4989	-2.1185
4990	-2.23967
4991	-2.23967
4992	-2.23967
4993	-1.51095
4994	-1.51095
4995	-1.51095
4996	-1.51095
4997	-1.51095
4998	-1.51095
4999	-2.30296
5000	-2.30296
5001	-2.30296
5002	-2.6267
5003	-2.6267
5004	-2.6267
5005	-2.6267
5006	-2.6267
5007	-2.6267
5008	-2.6267
5009	-2.6267
5010	-2.35404
5011	-2.20605
5012	-2.20605
5013	-2.20605
5014	-2.20605
5015	-2.20605
5016	-2.20605
5017	-2.20605
5018	-1.27223
5019	-1.27223
5020	-1.27223
5021	-2.27013
5022	-2.27013
5023	-2.27013
5024	-2.27013
5025	-2.27013
5026	-1.35768
5027	-2.29596
5028	-2.29596
5029	-1.37168
5030	-2.18001
5031	-2.18001
5032	-2.18001
5033	-2.32574
5034	-2.32574
5035	-2.32574
5036	-2.32574
5037	-2.32574
5038	-2.32574
5039	-1.83096
5040	-1.83096
5041	-1.83096
5042	-1.49596
5043	-1.49596
5044	-1.49596
5045	-1.49596
5046	-1.49596
5047	-1.49596
5048	-1.49596
5049	-1.49596
5050	-1.49596
5051	-1.49596
5052	-1.49596
5053	-1.49596
5054	-1.75836
5055	-1.75836
5056	-1.75836
5057	-1.75836
5058	-1.75836
5059	-1.75836
5060	-1.75836
5061	-1.75836
5062	-1.75836
5063	-1.75836
5064	-1.75836
5065	-2.18901
5066	-2.18901
5067	-2.18901
5068	-2.35168
5069	-1.09846
5070	-1.09846
5071	-2.88392
5072	-1.47042
5073	-1.47042
5074	-2.23074
5075	-2.23074
5076	-1.84066
5077	-1.84066
5078	-1.84066
5079	-1.84066
5080	-1.84066
5081	-1.84066
5082	-1.84066
5083	-1.84066
5084	-1.84066
5085	-1.84066
5086	-1.84066
5087	-1.84066
5088	-1.84066
5089	-1.84066
5090	-1.32978
5091	-2.23912
5092	-2.23912
5093	-2.23912
5094	-2.23912
5095	-2.23912
5096	-2.23912
5097	-2.23912
5098	-2.23912
5099	-2.23912
5100	-2.23912
5101	-2.23912
5102	-2.23912
5103	-2.23912
5104	-2.23912
5105	-2.23912
5106	-2.23912
5107	-2.23912
5108	-2.23912
5109	-2.23912
5110	-2.23912
5111	-2.23912
5112	-2.23912
5113	-2.23912
5114	-2.23912
5115	-2.23912
5116	-2.23912
5117	-2.23912
5118	-2.23912
5119	-2.23912
5120	-2.23912
5121	-2.23912
5122	-2.23912
5123	-1.79609
5124	-1.79609
5125	-1.79609
5126	-1.79609
5127	-1.79609
5128	-1.79609
5129	-1.79609
5130	-1.79609
5131	-1.79609
5132	-1.79609
5133	-1.79609
5134	-1.79609
5135	-1.79609
5136	-1.79609
5137	-1.79609
5138	-1.79609
5139	-1.79609
5140	-1.79609
5141	-1.83591
5142	-1.83591
5143	-1.83591
5144	-1.83591
5145	-1.83591
5146	-1.83591
5147	-1.83591
5148	-1.83591
5149	-1.83591
5150	-1.83591
5151	-1.83591
5152	-2.7615
5153	-2.7615
5154	-2.7615
5155	-2.71853
5156	-1.97394
5157	-1.97394
5158	-1.97394
5159	-1.97394
5160	-1.97394
5161	-1.97394
5162	-1.97394
5163	-1.97394
5164	-1.97394
5165	-1.97394
5166	-1.97394
5167	-2.24874
5168	-1.92267
5169	-1.92267
5170	-1.92267
5171	-1.92267
5172	-1.92267
5173	-1.92267
5174	-1.92267
5175	-1.92267
5176	-1.92267
5177	-1.92267
5178	-1.92267
5179	-1.92267
5180	-1.92267
5181	-1.72017
5182	-1.72017
5183	-1.72017
5184	-2.79019
5185	-2.79019
5186	-2.79019
5187	-2.33378
5188	-2.33378
5189	-2.1595
5190	-2.1595
5191	-2.1595
5192	-2.1595
5193	-1.38306
5194	-1.38306
5195	-1.38306
5196	-1.38306
5197	-2.19362
5198	-2.19362
5199	-2.68266
5200	-2.68266
5201	-2.68266
5202	-2.68266
5203	-2.58282
5204	-1.86819
5205	-1.86819
5206	-1.86819
5207	-1.86819
5208	-1.86819
5209	-1.86819
5210	-1.86819
5211	-1.86819
5212	-1.8989
5213	-1.8989
5214	-1.8989
5215	-1.8989
5216	-1.8989
5217	-1.8989
5218	-1.8989
5219	-1.8989
5220	-1.8989
5221	-1.8989
5222	-1.51506
5223	-1.51506
5224	-1.51506
5225	-1.51506
5226	-1.51506
5227	-1.51506
5228	-1.51506
5229	-1.51506
5230	-1.51506
5231	-2.20464
5232	-2.20464
5233	-2.31997
5234	-2.31997
5235	-2.31997
5236	-1.73298
5237	-1.73298
5238	-1.73298
5239	-1.73298
5240	-1.73298
5241	-1.73298
5242	-1.94871
5243	-1.94871
5244	-1.94871
5245	-1.94871
5246	-1.94871
5247	-1.94871
5248	-1.85215
5249	-1.85215
5250	-1.85215
5251	-1.85215
5252	-1.42224
5253	1.08974
5254	1.08974
5255	1.66253
5256	1.66253
5257	1.66253
5258	1.66253
5259	1.66253
5260	1.66253
5261	1.66253
5262	1.66253
5263	2.05278
5264	2.05278
5265	2.05278
5266	2.05278
5267	2.05278
5268	1.95436
5269	1.95436
5270	1.95436
5271	1.95436
5272	1.95436
5273	1.95436
5274	1.95436
5275	1.95436
5276	1.95436
5277	1.95436
5278	1.95436
5279	1.95436
5280	2.66594
5281	2.66594
5282	2.66594
5283	2.66594
5284	1.75677
5285	1.9234
5286	1.9234
5287	1.9234
5288	1.9234
5289	1.9234
5290	1.9234
5291	1.9234
5292	1.53928
5293	1.53928
5294	1.53928
5295	1.53928
5296	1.53928
5297	1.53928
5298	1.53928
5299	1.53928
5300	1.53928
5301	1.53928
5302	1.53928
5303	1.53928
5304	1.53928
5305	1.53928
5306	2.37831
5307	2.37831
5308	2.37831
5309	2.37831
5310	2.14757
5311	2.14757
5312	2.14757
5313	2.14757
5314	2.14757
5315	2.14757
5316	1.9578
5317	2.53178
5318	2.62544
5319	2.54245
5320	2.54245
5321	2.54245
5322	2.54245
5323	2.54245
5324	2.54245
5325	2.54245
5326	2.54245
5327	2.54245
5328	2.54245
5329	2.54245
5330	2.54245
5331	2.54245
5332	2.54245
5333	2.54245
5334	2.54245
5335	2.54245
5336	2.54245
5337	2.54245
5338	2.54245
5339	2.54245
5340	1.77502
5341	1.77502
5342	1.77502
5343	1.77502
5344	1.77502
5345	1.97816
5346	1.97816
5347	1.97816
5348	2.47938
5349	1.68305
5350	1.83138
5351	1.83138
5352	1.83138
5353	1.83138
5354	1.83138
5355	1.83138
5356	1.83138
5357	1.85053
5358	1.85053
5359	1.85053
5360	2.09743
5361	2.09743
5362	1.34914
5363	1.34914
5364	1.34914
5365	1.34914
5366	2.78017
5367	2.78017
5368	1.68377
5369	1.68377
5370	1.68377
5371	2.23191
5372	2.23191
5373	2.23191
5374	1.89501
5375	2.51125
5376	2.51125
5377	2.51125
5378	2.23757
5379	2.23757
5380	2.23757
5381	2.23757
5382	2.23757
5383	2.23757
5384	1.88143
5385	1.88143
5386	1.88143
5387	1.88143
5388	1.88143
5389	1.88143
5390	2.17967
5391	2.08261
5392	2.08261
5393	2.08261
5394	2.08261
5395	2.08261
5396	2.08261
5397	2.08261
5398	2.08261
5399	2.08261
5400	2.08261
5401	2.08261
5402	2.08261
5403	2.08261
5404	2.08261
5405	2.08261
5406	2.08261
5407	1.69603
5408	1.69603
5409	1.69603
5410	2.24666
5411	2.24666
5412	2.24666
5413	1.86404
5414	1.86404
5415	1.86404
5416	2.46727
5417	2.22505
5418	2.22505
5419	2.22505
5420	2.22505
5421	2.22505
5422	1.55367
5423	1.55367
5424	2.13386
5425	1.27712
5426	1.27712
5427	1.17146
5428	-1.36418
5429	-1.32071
5430	-1.32071
5431	-1.32071
5432	-2.61566
5433	-2.61566
5434	-2.61566
5435	-2.61566
5436	-2.61566
5437	-2.61566
5438	-1.7567
5439	-1.7567
5440	-1.7567
5441	-1.7567
5442	-1.7567
5443	-2.52664
5444	-1.37803
5445	-1.37803
5446	-1.37803
5447	-1.37803
5448	-1.35611
5449	-1.35611
5450	-1.35611
5451	-1.35611
5452	-1.35611
5453	-1.35611
5454	-1.9523
5455	-1.9523
5456	-1.9523
5457	-1.84312
5458	-1.84312
5459	-1.84312
5460	-1.84312
5461	-1.84312
5462	-1.84312
5463	-1.84312
5464	-1.84312
5465	-1.84312
5466	-1.84312
5467	-1.84312
5468	-1.84312
5469	-1.47203
5470	-1.47203
5471	-1.47203
5472	-1.47203
5473	-1.47203
5474	-2.22694
5475	-1.68757
5476	-2.12315
5477	-2.12315
5478	-2.12315
5479	-2.12315
5480	-2.12315
5481	-2.12315
5482	-2.12315
5483	-2.04275
5484	-1.50743
5485	-1.50743
5486	-1.50743
5487	-1.82634
5488	-1.82634
5489	-1.82634
5490	-1.82634
5491	-1.82634
5492	-1.82634
5493	-1.82634
5494	-1.82634
5495	-1.59396
5496	1.09381
5497	1.09381
5498	1.09381
5499	1.31655
5500	2.68658
5501	1.44729
5502	1.44729
5503	2.34366
5504	2.34366
5505	2.34366
5506	2.34366
5507	2.26958
5508	2.26958
5509	2.26958
5510	2.26958
5511	2.26958
5512	2.26958
5513	2.26958
5514	1.74193
5515	1.74193
5516	1.74193
5517	1.74193
5518	1.5121
5519	1.5121
5520	1.47223
5521	1.47223
5522	2.03307
5523	2.03307
5524	2.03307
5525	2.18438
5526	2.18438
5527	2.18438
5528	2.18438
5529	2.18438
5530	2.18438
5531	2.18438
5532	2.18438
5533	2.57973
5534	2.57973
5535	2.57973
5536	2.57973
5537	2.57973
5538	1.53314
5539	1.53314
5540	1.53314
5541	1.53314
5542	1.53314
5543	2.16696
5544	2.16696
5545	2.16696
5546	2.16696
5547	2.16696
5548	2.16696
5549	2.16696
5550	2.16696
5551	2.16696
5552	2.26514
5553	2.26514
5554	2.26514
5555	2.26514
5556	2.26514
5557	2.26514
5558	2.26514
5559	2.04917
5560	2.04917
5561	2.10477
5562	2.10477
5563	2.10477
5564	2.10477
5565	2.10477
5566	2.3136
5567	2.3136
5568	2.3136
5569	2.3136
5570	2.3136
5571	2.3136
5572	2.3136
5573	2.3136
5574	2.3136
5575	2.3136
5576	2.3136
5577	2.3136
5578	2.3136
5579	2.3136
5580	2.3136
5581	2.3136
5582	2.3136
5583	1.84716
5584	1.84716
5585	2.33575
5586	2.33575
5587	2.33575
5588	2.33575
5589	2.29519
5590	1.91471
5591	2.6801
5592	2.6801
5593	2.6801
5594	2.6801
5595	2.6801
5596	2.6801
5597	2.6801
5598	2.65311
5599	2.01014
5600	2.01014
5601	2.01014
5602	2.01014
5603	2.01014
5604	2.14532
5605	2.14532
5606	2.14532
5607	2.14532
5608	2.14532
5609	2.09527
5610	2.09527
5611	2.09527
5612	2.09527
5613	2.02558
5614	2.02558
5615	2.02558
5616	2.02558
5617	2.02558
5618	2.02558
5619	2.02558
5620	2.02558
5621	2.02558
5622	2.37111
5623	2.37111
5624	2.37111
5625	2.37111
5626	2.37111
5627	1.79009
5628	1.81965
5629	1.81965
5630	1.81965
5631	1.81965
5632	1.81965
5633	1.81965
5634	1.81965
5635	1.81965
5636	1.81965
5637	1.34218
5638	1.34218
5639	2.61941
5640	2.61941
5641	2.61941
5642	2.75312
5643	2.75312
5644	2.75312
5645	2.0163
5646	2.0163
5647	2.0163
5648	1.76471
5649	1.76471
5650	1.39045
5651	1.39045
5652	1.39045
5653	1.39045
5654	1.39045
5655	1.39045
5656	1.39045
5657	1.39045
5658	1.40046
5659	2.35426
5660	2.35426
5661	2.35426
5662	2.04639
5663	2.04639
5664	2.04639
5665	2.04639
5666	2.04639
5667	2.04639
5668	2.04639
5669	2.04639
5670	2.04639
5671	2.04639
5672	2.04639
5673	2.04639
5674	2.04639
5675	2.04639
5676	2.04639
5677	2.04639
5678	2.04639
5679	2.04639
5680	2.04639
5681	2.04639
5682	2.04639
5683	2.04639
5684	1.58672
5685	1.58672
5686	1.58672
5687	1.58672
5688	1.1167
5689	1.1167
5690	2.28917
5691	2.28917
5692	1.98348
5693	1.98348
5694	1.98348
5695	1.98348
5696	1.98348
5697	1.98348
5698	1.98348
5699	1.98348
5700	1.98348
5701	1.98348
5702	1.98348
5703	1.98348
5704	1.98348
5705	1.98348
5706	1.98348
5707	1.98348
5708	1.98348
5709	1.60019
5710	1.60019
5711	1.60019
5712	1.60019
5713	1.60019
5714	1.60019
5715	1.60019
5716	1.60019
5717	1.60019
5718	1.62255
5719	1.62255
5720	1.62255
5721	1.62255
5722	1.62255
5723	1.62255
5724	2.36409
5725	2.36409
5726	1.61779
5727	1.61779
5728	2.15144
5729	2.15144
5730	2.15144
5731	2.15144
5732	2.15144
5733	2.15144
5734	2.15144
5735	3.14555
5736	3.14555
5737	2.28023
5738	2.28023
5739	1.69927
5740	1.69927
5741	1.69927
5742	1.32893
5743	1.32893
5744	1.32893
5745	1.32893
5746	1.32893
5747	1.32893
5748	2.41388
5749	2.41388
5750	2.41388
5751	2.28707
5752	2.28707
5753	2.28707
5754	2.28707
5755	2.28707
5756	2.27004
5757	2.12284
5758	2.12284
5759	2.12284
5760	2.12284
5761	2.12284
5762	2.12284
5763	2.12284
5764	2.12284
5765	2.12284
5766	2.12284
5767	2.12284
5768	2.12284
5769	2.12284
5770	2.12284
5771	2.12284
5772	2.12284
5773	2.12284
5774	2.12284
5775	2.12284
5776	2.12284
5777	2.12284
5778	2.12284
5779	2.12284
5780	2.12284
5781	2.12284
5782	2.12284
5783	2.18259
5784	2.18259
5785	2.18259
5786	1.74301
5787	1.74301
5788	2.51283
5789	2.51283
5790	1.77855
5791	1.77855
5792	1.77855
5793	1.77855
5794	2.2226
5795	1.50598
5796	1.50598
5797	1.50598
5798	2.09209
5799	2.08807
5800	2.08807
5801	2.08807
5802	2.08807
5803	2.08807
5804	2.08807
5805	2.08807
5806	2.08807
5807	2.08807
5808	2.08807
5809	2.17183
5810	2.17183
5811	2.17183
5812	2.17183
5813	2.17183
5814	2.17183
5815	2.17183
5816	2.17183
5817	2.17183
5818	2.17183
5819	2.17183
5820	2.17183
5821	2.17183
5822	2.17183
5823	2.17183
5824	2.17183
5825	2.17183
5826	2.17183
5827	2.17183
5828	2.17183
5829	2.17183
5830	2.17183
5831	2.17183
5832	2.17183
5833	2.17183
5834	2.17183
5835	2.17183
5836	2.17183
5837	2.17183
5838	2.17183
5839	2.17183
5840	2.17183
5841	2.17183
5842	2.17183
5843	2.17183
5844	2.17183
5845	2.17183
5846	2.35414
5847	2.35414
5848	1.71598
5849	2.57414
5850	2.57414
5851	2.49884
5852	2.49884
5853	2.25562
5854	2.25562
5855	2.25562
5856	2.21261
5857	2.21261
5858	2.21261
5859	2.21261
5860	2.21261
5861	2.21261
5862	1.59821
5863	1.59821
5864	1.59821
5865	1.59821
5866	1.59821
5867	1.59821
5868	1.59821
5869	1.89238
5870	2.06659
5871	2.06659
5872	2.08102
5873	2.21401
5874	2.21401
5875	2.21401
5876	2.21401
5877	2.21401
5878	2.21401
5879	2.21401
5880	1.87616
5881	1.87616
5882	1.87616
5883	1.87616
5884	1.87616
5885	1.87616
5886	1.87616
5887	1.17278
5888	1.17278
5889	1.17278
5890	1.17278
5891	0.952223
5892	1.0301
5893	2.44863
5894	1.31417
5895	1.31417
5896	1.31417
5897	1.31417
5898	1.43961
5899	1.43961
5900	1.43961
5901	1.43961
5902	1.43961
5903	1.43961
5904	1.43961
5905	2.48238
5906	2.48238
5907	2.48238
5908	2.48238
5909	2.48238
5910	2.48238
5911	2.48238
5912	1.47754
5913	1.47754
5914	1.47754
5915	1.47754
5916	1.47754
5917	1.47754
5918	1.47754
5919	1.47754
5920	1.47754
5921	1.47754
5922	1.47754
5923	1.47754
5924	-1.07568
5925	-1.07568
5926	-2.59552
5927	-2.59552
5928	-2.59552
5929	-1.68489
5930	-1.74912
5931	-1.74912
5932	-1.74912
5933	-1.73559
5934	-1.73559
5935	-1.73559
5936	-1.75905
5937	-1.75905
5938	-1.75905
5939	-1.75905
5940	-1.81887
5941	-1.81887
5942	-1.88115
5943	-1.56173
5944	-1.56173
5945	-1.56173
5946	-1.56173
5947	-1.56173
5948	-1.99166
5949	-1.99166
5950	-1.99166
5951	-1.99166
5952	-1.99166
5953	-2.16759
5954	-1.71997
5955	-1.71997
5956	-1.71997
5957	-1.71997
5958	-1.71997
5959	-2.09822
5960	-1.99652
5961	-1.99652
5962	-1.99652
5963	-1.99652
5964	-1.99652
5965	-1.99652
5966	-1.99652
5967	-1.99652
5968	-1.99652
5969	-1.99652
5970	-1.99652
5971	-2.43482
5972	-1.89878
5973	-1.89878
5974	-1.89878
5975	-2.41508
5976	-2.41508
5977	-2.41508
5978	-2.41508
5979	-2.41508
5980	-2.41508
5981	-2.11904
5982	-2.11904
5983	-2.58113
5984	-2.58113
5985	-2.58113
5986	-2.58113
5987	-2.58113
5988	-2.58113
5989	-2.58113
5990	-2.58113
5991	-2.20588
5992	-2.20588
5993	-1.72366
5994	-1.72366
5995	-1.72366
5996	-1.89522
5997	-1.89522
5998	-1.89522
5999	-1.89522
6000	-1.89522
6001	-3.01403
6002	-3.01403
6003	-1.46338
6004	-1.9071
6005	-1.9071
6006	-2.46332
6007	-3.05725
6008	-3.05725
6009	-3.05725
6010	-1.18533
6011	-1.18533
6012	-1.03953
6013	-1.03953
6014	-1.03953
6015	-1.03953
6016	-1.03953
6017	-1.03953
6018	-1.03953
6019	-1.03953
6020	-1.03953
6021	1.15406
6022	1.15406
6023	1.15406
6024	1.15406
6025	1.15406
6026	1.15406
6027	1.64687
6028	1.64687
6029	1.64687
6030	2.53686
6031	2.53686
6032	2.53686
6033	2.53686
6034	2.53686
6035	2.53686
6036	2.53686
6037	2.53686
6038	2.53686
6039	2.33492
6040	2.33492
6041	2.33492
6042	2.33492
6043	2.33492
6044	1.72819
6045	1.72819
6046	1.72819
6047	1.72819
6048	1.72819
6049	1.72819
6050	1.72819
6051	1.72819
6052	1.72819
6053	1.72819
6054	2.88058
6055	2.88058
6056	2.88058
6057	2.88058
6058	2.88058
6059	2.88058
6060	3.28478
6061	2.80942
6062	2.29271
6063	2.29271
6064	1.5634
6065	1.68315
6066	1.68315
6067	1.68315
6068	1.68315
6069	1.80322
6070	1.80322
6071	1.80322
6072	1.80322
6073	1.80322
6074	1.4921
6075	1.4921
6076	1.4921
6077	1.4921
6078	1.4921
6079	1.4921
6080	1.4921
6081	1.4921
6082	1.4921
6083	1.50967
6084	2.70258
6085	2.70258
6086	2.70258
6087	1.03211
6088	1.03211
6089	1.03211
6090	-1.49406
6091	-1.49406
6092	-1.49406
6093	-1.49406
6094	-1.49406
6095	-1.49406
6096	-1.49406
6097	-1.49406
6098	-1.49406
6099	-1.49406
6100	-1.49406
6101	-1.49406
6102	-2.59681
6103	-2.59681
6104	-2.59681
6105	-2.59681
6106	-1.55626
6107	-1.36053
6108	-1.38318
6109	-1.38318
6110	-1.38318
6111	-1.9975
6112	-1.9975
6113	-1.9975
6114	-1.9975
6115	-1.9975
6116	-2.60219
6117	-1.49052
6118	-1.49052
6119	-1.49052
6120	-1.49052
6121	-2.48801
6122	-2.44733
6123	-2.44733
6124	-2.61785
6125	-2.61785
6126	-1.68942
6127	-1.68942
6128	-1.69264
6129	-1.69264
6130	-1.69264
6131	-1.69264
6132	-1.69264
6133	-1.69264
6134	-1.69264
6135	-1.69264
6136	-1.69264
6137	-1.69264
6138	-1.68801
6139	-1.68801
6140	-1.68801
6141	-1.68801
6142	-1.68801
6143	-1.68801
6144	-1.68801
6145	-1.68801
6146	-1.68801
6147	-2.40892
6148	-2.40892
6149	-2.40892
6150	-2.40892
6151	-2.40892
6152	-2.40892
6153	-2.95602
6154	-2.95602
6155	-2.95602
6156	-1.15933
6157	-1.15933
6158	-1.01457
6159	-2.32513
6160	-2.23313
6161	-2.23313
6162	-2.23313
6163	-2.23313
6164	-2.23313
6165	-2.23313
6166	-2.23313
6167	-2.23313
6168	-2.23313
6169	-2.23313
6170	-2.23313
6171	-2.23313
6172	-2.23313
6173	-1.97075
6174	-1.97075
6175	-1.97075
6176	-1.97075
6177	-1.97075
6178	-1.97075
6179	-1.97075
6180	-1.97075
6181	-1.97075
6182	-1.97075
6183	-2.31522
6184	-2.31522
6185	-2.31522
6186	-2.31522
6187	-2.06045
6188	-2.06045
6189	-2.06045
6190	-2.06045
6191	-2.06045
6192	-1.63702
6193	-1.63702
6194	-1.63702
6195	-1.63702
6196	-1.36743
6197	-1.36743
6198	-2.45064
6199	-2.45064
6200	-2.45064
6201	-2.45064
6202	-2.45064
6203	-2.45064
6204	-2.45064
6205	-1.45051
6206	-1.45051
6207	-1.45051
6208	-1.45051
6209	-2.69594
6210	-2.69594
6211	-2.69594
6212	-1.88571
6213	-1.88571
6214	-1.88571
6215	-1.88571
6216	-1.88571
6217	-1.88571
6218	-1.88571
6219	-1.88571
6220	-1.88571
6221	-1.88571
6222	-2.33462
6223	-2.33462
6224	-2.33462
6225	-2.019
6226	-2.019
6227	-2.019
6228	-2.019
6229	-2.019
6230	-2.019
6231	-2.019
6232	-1.7058
6233	-1.7058
6234	-1.7058
6235	-1.7058
6236	-2.32824
6237	-2.70512
6238	-2.70512
6239	-2.70512
6240	-2.43465
6241	-2.43465
6242	-2.43465
6243	-2.43465
6244	-2.43465
6245	-2.43465
6246	-2.43465
6247	-2.0518
6248	-2.0518
6249	-2.0518
6250	-1.99757
6251	-1.99757
6252	-1.99757
6253	-2.25685
6254	-2.25685
6255	-2.25685
6256	-2.25685
6257	-2.25685
6258	-1.40181
6259	-1.40181
6260	-1.40181
6261	-1.41352
6262	-1.54865
6263	-1.72625
6264	-1.72625
6265	-1.72625
6266	-1.72625
6267	-1.72625
6268	-1.72625
6269	-1.72625
6270	-1.72625
6271	-1.72625
6272	-1.72625
6273	-1.72625
6274	-1.69078
6275	-1.69078
6276	-1.69078
6277	-1.69078
6278	-1.69078
6279	-1.69078
6280	-1.64581
6281	-1.64581
6282	-1.64581
6283	-1.64581
6284	-1.93231
6285	-1.93231
6286	-1.93231
6287	-1.93231
6288	-1.93231
6289	-1.93231
6290	-2.17927
6291	-2.17927
6292	-2.17927
6293	-2.17927
6294	-2.17927
6295	-2.23307
6296	-2.23307
6297	-1.34749
6298	-1.41731
6299	-1.41731
6300	-1.41731
6301	-1.31938
6302	-1.31938
6303	-2.43803
6304	-1.69334
6305	-1.69334
6306	-1.9053
6307	-2.27224
6308	-2.27224
6309	-1.8251
6310	-1.8251
6311	-1.8251
6312	-1.8251
6313	-1.8251
6314	-1.8251
6315	-1.95743
6316	-1.95743
6317	-1.95743
6318	-1.95743
6319	-1.95743
6320	-1.95743
6321	-1.95743
6322	-1.95743
6323	-1.95743
6324	-1.78762
6325	-1.78762
6326	-1.78762
6327	-1.64981
6328	-1.64981
6329	-2.21835
6330	-2.21835
6331	-1.48344
6332	-1.48344
6333	-1.48344
6334	-1.46683
6335	-2.48435
6336	-2.48435
6337	-2.48435
6338	-2.48435
6339	-2.01105
6340	-2.01105
6341	-2.01105
6342	-2.01105
6343	-2.01105
6344	-2.11077
6345	-2.11077
6346	-1.82757
6347	-1.82757
6348	-1.82757
6349	-1.82757
6350	-1.82757
6351	-1.82757
6352	-2.15022
6353	-2.15022
6354	-2.15022
6355	-2.15022
6356	-2.15022
6357	-2.15022
6358	-2.15022
6359	-2.15022
6360	-2.15022
6361	-2.15022
6362	-2.15022
6363	-2.15022
6364	-2.15022
6365	-1.73207
6366	-1.73207
6367	-2.33216
6368	-2.33216
6369	-1.47491
6370	-2.0998
6371	-2.0998
6372	-1.39229
6373	-1.39229
6374	-1.39229
6375	-1.39229
6376	-1.39229
6377	-1.63398
6378	-1.63398
6379	-1.63398
6380	-1.63398
6381	-1.63398
6382	-1.95409
6383	-2.43475
6384	-2.43475
6385	-2.43475
6386	-2.43475
6387	-2.2279
6388	-2.2279
6389	-2.2279
6390	-2.2279
6391	-2.2279
6392	-2.2279
6393	-2.2279
6394	-1.92904
6395	-1.92904
6396	-1.92904
6397	-1.92904
6398	-1.92904
6399	-1.92904
6400	-1.69291
6401	-1.69291
6402	-1.6436
6403	-1.61979
6404	-1.61979
6405	-1.64523
6406	-1.64523
6407	-2.2322
6408	-2.2322
6409	-2.2322
6410	-2.2322
6411	-2.2322
6412	-2.2322
6413	-2.2322
6414	-2.2322
6415	-1.76943
6416	-1.76943
6417	-1.76943
6418	-1.76943
6419	-1.76943
6420	-1.76943
6421	-1.76943
6422	-1.76943
6423	-1.76943
6424	-1.76943
6425	-1.60154
6426	-2.30177
6427	-2.30177
6428	-2.30177
6429	-2.30177
6430	-2.30177
6431	-1.69628
6432	-1.69628
6433	-1.69628
6434	-1.69628
6435	-1.69628
6436	-1.69628
6437	-1.69628
6438	-1.69628
6439	-1.69628
6440	-1.69628
6441	-1.69628
6442	-2.24812
6443	-1.97356
6444	-1.97356
6445	-1.97356
6446	-1.97356
6447	-1.97356
6448	-1.97356
6449	-1.97356
6450	-1.97356
6451	-1.97356
6452	-2.07364
6453	-1.91413
6454	-1.91413
6455	-2.08032
6456	-2.08032
6457	-2.08032
6458	-2.08032
6459	-2.08032
6460	-2.51148
6461	-2.51148
6462	-2.51148
6463	-2.51148
6464	-2.51148
6465	-2.51148
6466	-2.51148
6467	-2.51148
6468	-2.51148
6469	-2.48062
6470	-2.48062
6471	-2.79193
6472	-1.53678
6473	-1.53678
6474	-1.53678
6475	-1.53678
6476	-2.2689
6477	-2.2689
6478	-1.82097
6479	-1.82097
6480	-1.82097
6481	-1.82097
6482	-2.26691
6483	-2.26691
6484	-2.26691
6485	-2.12579
6486	-2.12579
6487	-2.12579
6488	-2.12579
6489	-2.12579
6490	-2.12579
6491	-2.12579
6492	-2.48633
6493	-2.48633
6494	-1.40609
6495	-1.40609
6496	-1.40609
6497	-2.67446
6498	-2.67446
6499	-1.81903
6500	-1.81903
6501	-1.81903
6502	-1.81903
6503	-1.81903
6504	-1.14761
6505	-1.14761
6506	-2.56265
6507	-2.56265
6508	-2.56265
6509	-2.56265
6510	-2.57238
6511	-2.57238
6512	-2.57238
6513	-2.57238
6514	-2.57238
6515	-2.57238
6516	-2.57238
6517	-2.57238
6518	-1.94277
6519	-1.94277
6520	-1.94277
6521	-1.94277
6522	-1.94277
6523	-1.94277
6524	-1.94277
6525	-2.48523
6526	-2.48523
6527	-2.48523
6528	-2.48523
6529	-2.48523
6530	-2.48523
6531	-2.48523
6532	-1.48234
6533	-1.48234
6534	-1.48234
6535	-1.83531
6536	-1.83531
6537	-1.84012
6538	-1.84012
6539	-2.23287
6540	-2.23287
6541	-2.23287
6542	-2.23287
6543	-2.23287
6544	-2.23287
6545	-2.23287
6546	-1.37386
6547	-1.37386
6548	-1.37386
6549	-1.22919
6550	-2.84147
6551	-2.65645
6552	-2.65645
6553	-2.65645
6554	-2.65645
6555	-2.65645
6556	-2.65645
6557	-2.65645
6558	-2.65645
6559	-2.533
6560	-2.56502
6561	-2.56502
6562	-2.40776
6563	-2.40776
6564	-2.40776
6565	-2.40776
6566	-2.40776
6567	-2.40776
6568	-1.67711
6569	-1.67711
6570	-1.67711
6571	-2.2641
6572	-2.56429
6573	-2.56429
6574	-1.6178
6575	-1.6178
6576	-1.6178
6577	-1.6178
6578	-1.6178
6579	-2.51145
6580	-2.51145
6581	-2.51145
6582	-2.51145
6583	-2.51145
6584	-2.51145
6585	-1.50509
6586	-1.50509
6587	-1.50509
6588	-1.85949
6589	-2.01267
6590	-2.01267
6591	-2.01267
6592	-2.01267
6593	-2.01267
6594	-2.01267
6595	-2.01267
6596	-2.01267
6597	-2.01267
6598	-2.01267
6599	-2.01267
6600	-2.01267
6601	-2.01267
6602	-1.91873
6603	-1.91873
6604	-1.91873
6605	-1.91873
6606	-1.91873
6607	-1.57608
6608	-2.0635
6609	-2.0635
6610	-1.6471
6611	-1.6471
6612	-1.6471
6613	-1.6471
6614	-2.31913
6615	-2.31913
6616	-1.16881
6617	-1.16881
6618	1.21592
6619	1.21592
6620	2.63278
6621	2.63278
6622	2.63278
6623	2.61674
6624	2.61674
6625	2.61674
6626	2.61674
6627	2.61674
6628	2.61674
6629	2.61674
6630	2.61674
6631	2.61674
6632	2.61674
6633	2.61674
6634	2.61674
6635	2.61674
6636	2.61674
6637	2.2514
6638	2.2514
6639	2.2514
6640	2.2514
6641	2.2514
6642	2.2514
6643	1.9155
6644	1.9155
6645	1.9155
6646	1.9155
6647	1.9155
6648	1.9155
6649	1.73426
6650	1.73426
6651	1.73426
6652	1.73426
6653	2.019
6654	1.64752
6655	1.64752
6656	1.75781
6657	1.75781
6658	1.75781
6659	1.75781
6660	1.75781
6661	1.75781
6662	1.75781
6663	1.75781
6664	2.11713
6665	2.11713
6666	2.11713
6667	2.11713
6668	2.11713
6669	2.18302
6670	2.18302
6671	2.18302
6672	2.18302
6673	2.18302
6674	2.18302
6675	2.18302
6676	2.18302
6677	2.29591
6678	2.29591
6679	1.89142
6680	1.89142
6681	1.89142
6682	1.89142
6683	1.89142
6684	1.89142
6685	1.68311
6686	1.68311
6687	1.68311
6688	1.68311
6689	1.68311
6690	1.68311
6691	1.68311
6692	1.68311
6693	1.68311
6694	1.71252
6695	1.71252
6696	2.35342
6697	2.35342
6698	2.35342
6699	2.35342
6700	2.35342
6701	2.55454
6702	1.53612
6703	1.53612
6704	1.85463
6705	1.85463
6706	1.85463
6707	1.85463
6708	1.85463
6709	1.85463
6710	1.95955
6711	1.98805
6712	1.98805
6713	1.98805
6714	2.11321
6715	2.11321
6716	2.11321
6717	2.11321
6718	2.11321
6719	2.11321
6720	2.11321
6721	2.11321
6722	2.11321
6723	2.11321
6724	2.11321
6725	2.11321
6726	2.11321
6727	2.11321
6728	2.11321
6729	2.11321
6730	2.11321
6731	2.11321
6732	2.11321
6733	2.65291
6734	2.65291
6735	2.65291
6736	2.65291
6737	2.65291
6738	2.65291
6739	2.65291
6740	2.65291
6741	2.65291
6742	2.65291
6743	2.65291
6744	1.37157
6745	1.37157
6746	1.37157
6747	1.37157
6748	1.37157
6749	1.37157
6750	1.37157
6751	2.27276
6752	2.27276
6753	2.27276
6754	2.27276
6755	2.58636
6756	2.58636
6757	2.58636
6758	2.58636
6759	2.58636
6760	2.58636
6761	2.58636
6762	2.58636
6763	2.58636
6764	2.58636
6765	2.85522
6766	1.16862
6767	1.16862
6768	1.16862
6769	1.16862
6770	2.30079
6771	2.30079
6772	2.30079
6773	2.30079
6774	2.07136
6775	2.07136
6776	2.07136
6777	2.07136
6778	2.07136
6779	2.07136
6780	2.07136
6781	2.28644
6782	2.28644
6783	2.28644
6784	2.28644
6785	2.28644
6786	2.28644
6787	2.28644
6788	2.28644
6789	2.28644
6790	2.28644
6791	2.28644
6792	2.28644
6793	2.28644
6794	2.28644
6795	2.44273
6796	2.44273
6797	2.44273
6798	2.44273
6799	1.59791
6800	1.59791
6801	1.59791
6802	1.59791
6803	-0.877804
6804	-1.69658
6805	-1.69658
6806	-1.69658
6807	-1.69658
6808	-1.69658
6809	-1.69658
6810	-1.69658
6811	-1.69658
6812	-1.69658
6813	-1.69658
6814	-1.69658
6815	-1.69658
6816	-1.69658
6817	-2.35986
6818	-2.49862
6819	-2.49862
6820	-2.91138
6821	-1.12799
6822	-1.12799
6823	-1.12799
6824	-2.0139
6825	-2.0139
6826	-2.0139
6827	-2.0139
6828	-2.0139
6829	-1.57307
6830	-1.57307
6831	-1.57307
6832	-1.57307
6833	-1.57307
6834	-1.57307
6835	-1.57307
6836	-1.57307
6837	-1.57307
6838	-1.57307
6839	-1.57307
6840	-1.57307
6841	-1.57307
6842	-1.57307
6843	-1.57307
6844	-1.57307
6845	-1.57307
6846	-1.57307
6847	-1.57307
6848	-1.81549
6849	-1.81549
6850	-2.4821
6851	-2.4821
6852	-2.4821
6853	-2.48934
6854	-2.48934
6855	-2.48934
6856	-2.48934
6857	-2.48934
6858	-2.48934
6859	-2.48934
6860	-2.48934
6861	-2.48934
6862	-2.48934
6863	-2.42639
6864	-2.42639
6865	-2.42639
6866	-2.42639
6867	-2.42639
6868	-2.42639
6869	-2.42639
6870	-2.42639
6871	-2.42639
6872	-2.42639
6873	-2.42639
6874	-2.42639
6875	-2.42639
6876	-2.42639
6877	-2.42639
6878	-2.42639
6879	-2.42639
6880	-2.42639
6881	-2.42639
6882	-2.42639
6883	-2.42639
6884	-2.42639
6885	-2.42639
6886	-2.42639
6887	-2.42639
6888	-1.38683
6889	-1.38683
6890	-2.09318
6891	-2.09318
6892	-2.09318
6893	-2.09318
6894	-2.09318
6895	-2.22863
6896	-2.22863
6897	-2.22863
6898	-1.65285
6899	-1.65285
6900	-1.65285
6901	-1.65285
6902	-1.65285
6903	-1.65285
6904	-1.65285
6905	-1.65285
6906	-1.65285
6907	-1.65285
6908	-1.65285
6909	-1.65285
6910	-1.65285
6911	-1.65285
6912	-1.65285
6913	-1.65285
6914	-1.65285
6915	-1.65285
6916	-1.65285
6917	-1.98861
6918	-1.98861
6919	-2.20579
6920	-2.20579
6921	-2.20579
6922	-2.20579
6923	-2.20579
6924	-2.20579
6925	-2.20579
6926	-2.20579
6927	-2.20579
6928	-1.45384
6929	-1.45384
6930	-1.45384
6931	-1.45384
6932	-1.45384
6933	-2.46751
6934	-2.46751
6935	-2.46751
6936	-1.78589
6937	-1.78589
6938	-1.78589
6939	-1.78589
6940	-1.78589
6941	-1.78589
6942	-1.78589
6943	-1.78589
6944	-1.78589
6945	-1.78589
6946	-1.78589
6947	-1.78589
6948	-1.78589
6949	-1.78589
6950	-2.27411
6951	-2.27411
6952	-2.27411
6953	-2.27411
6954	-2.27411
6955	-2.27411
6956	-2.27411
6957	-2.27411
6958	-2.27411
6959	-2.27411
6960	-2.27411
6961	-2.24838
6962	-2.24838
6963	-2.24838
6964	-2.24838
6965	-2.24838
6966	-2.24838
6967	-2.24838
6968	-2.24838
6969	-2.24838
6970	-2.24838
6971	-2.24838
6972	-2.24838
6973	-2.24838
6974	-2.24838
6975	-2.24838
6976	-2.24838
6977	-2.24838
6978	-2.24838
6979	-2.24838
6980	-2.24838
6981	-2.24838
6982	-2.24838
6983	-2.24838
6984	-2.24838
6985	-2.24838
6986	-2.24838
6987	-2.24838
6988	-2.24838
6989	-2.24838
6990	-2.24838
6991	-2.24838
6992	-2.24838
6993	-2.24838
6994	-2.24838
6995	-2.24838
6996	-2.24838
6997	-1.7948
6998	-1.7948
6999	-2.17122
7000	-2.17122
7001	-1.54056
7002	-2.01023
7003	-2.01023
7004	-2.01023
7005	-2.01023
7006	-2.01023
7007	-2.01023
7008	-2.01023
7009	-2.01023
7010	-2.01023
7011	-2.01023
7012	-2.01023
7013	-1.76357
7014	-1.76357
7015	-1.76357
7016	-1.76357
7017	-1.96147
7018	-1.96147
7019	-1.96147
7020	-1.96147
7021	-1.96147
7022	-1.99551
7023	-1.99551
7024	-1.99551
7025	-1.99551
7026	-1.99551
7027	-1.99551
7028	-1.99551
7029	-1.38819
7030	-1.38819
7031	-1.38819
7032	-1.38819
7033	-1.38819
7034	-1.38819
7035	-1.38819
7036	-1.81196
7037	-1.81196
7038	-1.81196
7039	-1.81196
7040	-1.81196
7041	-1.81196
7042	-1.81196
7043	-1.81196
7044	-1.81196
7045	-1.81196
7046	-1.81196
7047	-1.81196
7048	-1.81196
7049	-1.81196
7050	-1.81196
7051	-1.90579
7052	-1.90579
7053	-1.90579
7054	-2.41812
7055	-2.03364
7056	-2.03364
7057	-2.03364
7058	-2.03364
7059	-2.03364
7060	-2.03364
7061	-2.03364
7062	-2.03364
7063	-2.03364
7064	-1.92111
7065	-1.92111
7066	-1.92111
7067	-1.92111
7068	-1.92111
7069	-1.92111
7070	-1.92111
7071	-2.25733
7072	-2.25733
7073	-2.25733
7074	-2.25733
7075	-2.25733
7076	-2.25733
7077	-2.25733
7078	-2.25733
7079	-2.25733
7080	-2.40187
7081	-2.34451
7082	-2.34451
7083	-2.34451
7084	-2.34451
7085	-2.34451
7086	-2.34451
7087	-2.34451
7088	-2.34451
7089	-2.0907
7090	-1.95939
7091	-1.95939
7092	-1.95939
7093	-1.95939
7094	-1.95939
7095	-1.95939
7096	-1.95939
7097	-1.95939
7098	-1.97118
7099	-1.97118
7100	-1.97118
7101	-2.41974
7102	-2.41974
7103	-2.41974
7104	-2.41974
7105	-2.41974
7106	-2.41974
7107	-2.41974
7108	-2.41974
7109	-1.85131
7110	-1.85131
7111	-1.85131
7112	-1.85131
7113	-1.85131
7114	-1.85131
7115	-1.85131
7116	-1.85131
7117	-1.58761
7118	-1.58761
7119	-1.58761
7120	-1.58761
7121	-1.58761
7122	-1.58761
7123	-1.58761
7124	-1.58761
7125	-1.58761
7126	-1.58761
7127	-1.58761
7128	-1.58761
7129	-1.58761
7130	-2.22705
7131	-2.22705
7132	-2.22705
7133	-2.22705
7134	-2.22705
7135	-2.22705
7136	-2.22705
7137	-2.22705
7138	-2.22705
7139	-2.22705
7140	-2.22705
7141	-1.77271
7142	-2.45342
7143	-2.45342
7144	-2.45342
7145	-1.39668
7146	-1.39668
7147	-1.39668
7148	-1.39668
7149	-1.39668
7150	-1.39668
7151	-1.39668
7152	-1.39668
7153	-1.39668
7154	-2.39453
7155	-2.39453
7156	-2.39453
7157	-2.39453
7158	-2.30047
7159	-1.86747
7160	-1.86747
7161	-1.86747
7162	-1.86747
7163	-1.86747
7164	-1.86747
7165	-1.86747
7166	-1.86747
7167	-1.86747
7168	-1.86747
7169	-1.86747
7170	-1.86747
7171	-1.86747
7172	-1.86747
7173	-2.11282
7174	-2.11282
7175	-2.11282
7176	-2.11282
7177	-2.11282
7178	-2.11282
7179	-2.11282
7180	-2.11282
7181	-2.11282
7182	-2.11282
7183	-2.11282
7184	-2.11282
7185	-2.11282
7186	-2.11282
7187	-2.11282
7188	-2.11282
7189	-2.11282
7190	-2.11282
7191	-2.11282
7192	-2.11282
7193	-2.11282
7194	-2.5649
7195	-2.5649
7196	-2.5649
7197	-2.5649
7198	-2.54455
7199	-2.54455
7200	-2.54455
7201	-2.54455
7202	-2.54455
7203	-2.54455
7204	-2.54455
7205	-2.54455
7206	-2.54469
7207	-2.54469
7208	-2.21707
7209	-2.21707
7210	-2.22565
7211	-2.06127
7212	-2.06127
7213	-2.06127
7214	-2.06127
7215	-2.06127
7216	-2.06127
7217	-2.06127
7218	-2.23895
7219	-2.23895
7220	-2.23895
7221	-2.23895
7222	-2.23895
7223	-1.61809
7224	-1.61809
7225	-2.38274
7226	-2.38274
7227	-2.38274
7228	-2.38274
7229	-2.38274
7230	-1.66553
7231	-1.66553
7232	-1.66553
7233	-1.66553
7234	-1.66553
7235	-1.66553
7236	-1.89497
7237	-1.89497
7238	-1.89497
7239	-1.89497
7240	-1.89497
7241	-2.41056
7242	-1.75791
7243	-2.02247
7244	-2.32986
7245	-2.32986
7246	-2.32986
7247	-2.73824
7248	-1.67866
7249	-1.67866
7250	-2.03406
7251	-2.03406
7252	-2.03406
7253	-2.03406
7254	-2.03406
7255	-2.03406
7256	-2.03406
7257	-2.03406
7258	-2.03406
7259	-2.03406
7260	-2.03406
7261	-2.03406
7262	-1.64627
7263	-1.64627
7264	-1.64627
7265	-1.64627
7266	-1.64627
7267	-1.64627
7268	-1.64627
7269	-1.64627
7270	-1.64627
7271	-1.64627
7272	-1.64627
7273	-1.87402
7274	-1.87402
7275	-1.87402
7276	-2.29559
7277	-2.29559
7278	-1.73741
7279	-1.73741
7280	-1.73741
7281	-1.73741
7282	-1.73741
7283	-1.73741
7284	-1.73741
7285	-1.73741
7286	-1.73741
7287	-1.73741
7288	-1.73741
7289	-2.05579
7290	-2.05579
7291	-2.05579
7292	-2.05579
7293	-2.05579
7294	-2.05579
7295	-2.05579
7296	-1.53392
7297	-1.53392
7298	-1.53392
7299	-2.68313
7300	-2.68313
7301	-2.68313
7302	-2.68313
7303	-2.68313
7304	-2.68313
7305	-2.68313
7306	-2.68313
7307	-2.55823
7308	-2.55823
7309	-2.55823
7310	-2.55823
7311	-2.54158
7312	-2.54158
7313	-2.54158
7314	-2.54158
7315	-2.54158
7316	-2.54158
7317	-2.54158
7318	-2.54158
7319	-2.54158
7320	-2.46892
7321	-2.46892
7322	-2.46892
7323	-2.46892
7324	-1.71263
7325	-1.71263
7326	-1.72478
7327	-1.7048
7328	-1.7048
7329	-1.7048
7330	-1.7048
7331	-1.7048
7332	-1.7048
7333	-1.7048
7334	-1.7048
7335	-2.02348
7336	-2.02348
7337	-2.02348
7338	-2.02348
7339	-2.02348
7340	-1.96457
7341	-1.67368
7342	-1.67368
7343	-1.67368
7344	-1.67368
7345	-1.67368
7346	-2.26039
7347	-2.26039
7348	-2.03557
7349	-2.03557
7350	-2.03557
7351	-2.03557
7352	-1.34157
7353	-1.34157
7354	-1.34157
7355	-1.34157
7356	-1.34157
7357	-1.34157
7358	-1.87197
7359	-2.43681
7360	-2.43681
7361	-2.43681
7362	-2.5616
7363	-1.47403
7364	-1.47403
7365	-1.47403
7366	-2.36219
7367	-2.36219
7368	-2.36219
7369	-2.36219
7370	-2.36219
7371	-2.36219
7372	-2.36219
7373	-2.36219
7374	-1.96068
7375	-1.96068
7376	-1.96068
7377	-1.96068
7378	-1.96068
7379	-1.96068
7380	-1.96068
7381	-1.96068
7382	-1.96068
7383	-1.96068
7384	-1.96068
7385	-1.96068
7386	-1.96068
7387	-1.96068
7388	-1.96068
7389	-1.96068
7390	-1.96068
7391	-1.96068
7392	-1.96068
7393	-1.96068
7394	-1.96068
7395	-1.96068
7396	-1.55743
7397	-1.55743
7398	-1.55743
7399	-1.55743
7400	-1.55743
7401	-2.15029
7402	-2.15029
7403	-2.15029
7404	-2.15029
7405	-1.77676
7406	-1.77676
7407	-1.96641
7408	-1.96641
7409	-1.96641
7410	-1.83932
7411	-2.12858
7412	-2.12858
7413	-2.12858
7414	-2.12858
7415	-2.12858
7416	-2.12858
7417	-2.12858
7418	-2.12858
7419	-2.12858
7420	-2.12858
7421	-2.13994
7422	-2.13994
7423	-2.13994
7424	-1.65545
7425	-1.65545
7426	-1.65545
7427	-1.65545
7428	-1.65545
7429	-1.65545
7430	-1.65545
7431	-1.65545
7432	-1.65545
7433	-1.65545
7434	-1.65545
7435	-1.65545
7436	-1.65545
7437	-1.65545
7438	-2.01937
7439	-2.01937
7440	-2.01937
7441	-2.01937
7442	-2.01937
7443	-2.01937
7444	-2.03818
7445	-1.58952
7446	-1.58952
7447	-2.173
7448	-2.173
7449	-2.173
7450	-2.173
7451	-2.173
7452	-2.173
7453	-2.173
7454	-2.173
7455	-2.173
7456	-2.173
7457	-2.173
7458	-2.173
7459	-2.173
7460	-2.173
7461	-2.173
7462	-2.173
7463	-2.173
7464	-2.173
7465	-1.97259
7466	-1.97259
7467	-1.97259
7468	-1.97259
7469	-1.90496
7470	-1.90496
7471	-2.36015
7472	-2.21539
7473	-1.58045
7474	-1.58045
7475	-1.58045
7476	-1.92671
7477	-1.92671
7478	-1.92671
7479	-2.10509
7480	-2.10509
7481	-2.10509
7482	-2.10509
7483	-2.22027
7484	-2.22027
7485	-2.22027
7486	-1.44757
7487	-1.44757
7488	-1.44757
7489	-2.0661
7490	-2.0661
7491	-2.0661
7492	-2.0661
7493	-2.0661
7494	-2.40142
7495	-1.80951
7496	-1.80951
7497	-1.80951
7498	-1.80951
7499	-1.80951
7500	-1.80951
7501	-1.80951
7502	-2.54416
7503	-2.54416
7504	-2.54416
7505	-2.07298
7506	-2.07298
7507	-2.11575
7508	-2.11575
7509	-2.11575
7510	-2.11575
7511	-2.11575
7512	-2.11575
7513	-2.11575
7514	-2.11575
7515	-1.65805
7516	-1.65805
7517	-2.3802
7518	-2.3802
7519	-2.15065
7520	-2.15065
7521	-1.6542
7522	-1.6542
7523	-1.6542
7524	-1.6542
7525	-1.6542
7526	-1.6542
7527	-1.6542
7528	-1.6542
7529	-1.6542
7530	-1.78059
7531	-1.78059
7532	-2.53426
7533	-2.53426
7534	-2.53426
7535	-2.53426
7536	-2.53426
7537	-2.53426
7538	-2.53426
7539	-2.53426
7540	-2.53426
7541	-2.53426
7542	-2.53426
7543	-1.83625
7544	-2.19627
7545	-2.19627
7546	-2.19627
7547	-2.19627
7548	-2.19627
7549	-2.32805
7550	-2.9198
7551	-2.9198
7552	-2.52633
7553	-2.52633
7554	-2.52633
7555	-2.52633
7556	-1.45088
7557	-1.45088
7558	-2.45908
7559	-2.45908
7560	-2.45908
7561	-2.45908
7562	-1.65318
7563	-1.65318
7564	-1.65318
7565	-1.46895
7566	-1.46895
7567	-2.07673
7568	-2.07673
7569	-2.07673
7570	-2.07673
7571	-2.07673
7572	-2.07673
7573	-2.07673
7574	-2.07673
7575	-2.07673
7576	-2.07673
7577	-2.07673
7578	-2.07673
7579	-2.07673
7580	-2.07673
7581	-1.58311
7582	-1.58311
7583	-1.58311
7584	-1.58311
7585	-1.58311
7586	-1.58311
7587	-1.58311
7588	-1.58311
7589	-1.58311
7590	-1.58311
7591	-1.58311
7592	-2.14186
7593	-1.90788
7594	-1.90788
7595	-1.90788
7596	-1.90788
7597	-1.90788
7598	-1.90788
7599	-1.92777
7600	-1.92777
7601	-1.92777
7602	-1.92777
7603	-1.92777
7604	-1.92777
7605	-1.92777
7606	-1.92777
7607	-1.20856
7608	-1.20856
7609	-1.20856
7610	-1.20856
7611	1.31912
7612	-1.37156
7613	-1.37156
7614	-2.6179
7615	-2.6179
7616	-2.6179
7617	-2.6179
7618	-2.6179
7619	-2.6179
7620	-2.6179
7621	-2.6179
7622	-2.6179
7623	-1.96835
7624	-1.96835
7625	-1.87544
7626	-1.87544
7627	-1.87544
7628	-1.87544
7629	-1.87544
7630	-1.87544
7631	-1.87544
7632	-1.87544
7633	-1.87544
7634	-1.87544
7635	-1.87544
7636	-1.87544
7637	-1.87544
7638	-1.87544
7639	-1.87544
7640	-1.87544
7641	-1.87544
7642	-1.69164
7643	-1.69164
7644	-1.69164
7645	-1.33657
7646	-1.33657
7647	-2.64466
7648	-2.62322
7649	-1.31568
7650	-1.59768
7651	-1.59768
7652	-1.88121
7653	-1.88121
7654	-2.61188
7655	-2.61188
7656	-2.61188
7657	-2.61188
7658	-1.5939
7659	-1.5939
7660	-1.5939
7661	-2.28969
7662	-2.28969
7663	-2.28969
7664	-2.28969
7665	-2.28969
7666	-2.16222
7667	-2.16222
7668	-2.16222
7669	-2.33949
7670	-2.33949
7671	-2.33949
7672	-2.58719
7673	-2.58719
7674	-2.58719
7675	-2.58719
7676	-2.32774
7677	-2.32774
7678	-1.50863
7679	-2.2986
7680	-2.2986
7681	-2.2986
7682	-2.2986
7683	-2.2986
7684	-2.2986
7685	-2.2986
7686	-2.07353
7687	-2.07353
7688	-2.07353
7689	-2.07353
7690	-2.24101
7691	-2.24101
7692	-2.03972
7693	-2.55054
7694	-2.55054
7695	-1.29885
7696	-2.44803
7697	-2.44803
7698	-1.59171
7699	-1.59171
7700	-1.59171
7701	-1.59171
7702	-1.59171
7703	-1.8793
7704	-1.8793
7705	-1.8793
7706	-1.8793
7707	-1.26941
7708	-1.26941
7709	-2.56476
7710	-2.56476
7711	-2.56476
7712	-2.56476
7713	-2.7417
7714	-2.7417
7715	-1.74211
7716	-1.5336
7717	-1.5336
7718	-1.5336
7719	-1.5336
7720	-2.27802
7721	-2.27802
7722	-2.59626
7723	-2.59626
7724	-2.59626
7725	-3.13457
7726	-3.13457
7727	-2.67653
7728	-2.67653
7729	-1.79352
7730	-1.79352
7731	-1.79352
7732	-1.79352
7733	-1.79352
7734	-1.79352
7735	-1.79352
7736	-1.79352
7737	-1.79352
7738	-1.79352
7739	-1.93916
7740	-1.93916
7741	-1.93916
7742	-1.93916
7743	-1.93916
7744	-1.93916
7745	-1.93916
7746	-1.93916
7747	-2.0029
7748	-1.74594
7749	-1.74594
7750	-1.74594
7751	-1.74594
7752	-1.74594
7753	-1.74594
7754	-1.74594
7755	-1.74594
7756	-1.74594
7757	-1.74594
7758	-1.74594
7759	-1.74594
7760	-1.74594
7761	-1.74594
7762	-1.74594
7763	-1.7107
7764	-1.7107
7765	-1.7107
7766	-1.7107
7767	-2.69691
7768	-2.69691
7769	-2.69691
7770	-1.84846
7771	-2.46118
7772	-2.46118
7773	-2.46118
7774	-2.46118
7775	-2.46118
7776	-2.46118
7777	-2.46118
7778	-2.46118
7779	-2.46118
7780	-2.46118
7781	-2.2154
7782	-2.2154
7783	-2.2154
7784	-2.2154
7785	-2.2154
7786	-2.2154
7787	-2.2154
7788	-2.2154
7789	-1.92832
7790	-1.8477
7791	-1.8477
7792	-1.8477
7793	-1.8477
7794	-1.8477
7795	-1.8477
7796	-1.95501
7797	-1.95501
7798	-1.95501
7799	-1.95501
7800	-1.95501
7801	-1.57266
7802	-1.57266
7803	-1.57266
7804	-1.57266
7805	-1.57266
7806	-2.26127
7807	-2.26127
7808	-1.66439
7809	-1.66439
7810	-1.66439
7811	-1.66439
7812	-1.66439
7813	-1.66439
7814	-1.66439
7815	-1.66439
7816	-1.66439
7817	-1.19957
7818	-1.19957
7819	-1.20562
7820	-1.20562
7821	-2.18957
7822	-2.18957
7823	-2.18957
7824	-2.18957
7825	-2.18957
7826	-2.18957
7827	-1.48248
7828	-1.48248
7829	-1.48248
7830	-1.44032
7831	-1.44032
7832	-1.44032
7833	-2.01236
7834	-1.36736
7835	-1.36736
7836	-1.36736
7837	-1.36736
7838	-1.36736
7839	-2.1383
7840	-2.1383
7841	-2.1383
7842	-2.1383
7843	-2.1383
7844	-2.1383
7845	-2.1383
7846	-2.1383
7847	-2.1383
7848	-2.1383
7849	-2.1383
7850	-2.1383
7851	-2.1383
7852	-2.1383
7853	-2.1383
7854	-2.1383
7855	-2.1383
7856	-2.1383
7857	-2.1383
7858	-2.06128
7859	-2.06128
7860	-2.06128
7861	-2.06128
7862	-2.06128
7863	-2.06128
7864	-2.06128
7865	-2.06128
7866	-2.06128
7867	-2.38278
7868	-2.38278
7869	-2.59593
7870	-2.59593
7871	-2.59593
7872	-2.59593
7873	-2.59593
7874	-2.59593
7875	-1.57037
7876	-1.57037
7877	-1.57037
7878	-1.57037
7879	-2.28694
7880	-2.28694
7881	-2.32615
7882	-2.32615
7883	-1.60722
7884	-2.08278
7885	-2.00328
7886	-2.00328
7887	-2.00328
7888	-2.00328
7889	-2.00328
7890	-2.00328
7891	-2.00328
7892	-2.00328
7893	-2.00328
7894	-2.00328
7895	-2.00328
7896	-2.00328
7897	-2.00328
7898	-2.00328
7899	-2.00328
7900	-1.94112
7901	-1.94112
7902	-1.94112
7903	-1.94112
7904	-1.94112
7905	-1.67774
7906	-1.67774
7907	-1.67774
7908	-1.67774
7909	-1.67774
7910	-1.67774
7911	-1.67774
7912	-1.61363
7913	-1.61363
7914	-1.61363
7915	-1.88664
7916	-1.88664
7917	-1.88664
7918	-1.88664
7919	-1.88664
7920	-1.88664
7921	-1.88664
7922	-1.88664
7923	-1.88664
7924	-1.88664
7925	-1.7473
7926	-1.7473
7927	-1.7473
7928	-1.7473
7929	-1.7473
7930	-1.7473
7931	-1.7473
7932	-1.7473
7933	-1.7473
7934	-1.7473
7935	-1.7473
7936	-1.7473
7937	-1.7473
7938	-1.7473
7939	-1.7473
7940	-1.7473
7941	-2.42601
7942	-2.42601
7943	-2.42601
7944	-2.42601
7945	-2.42601
7946	-1.70745
7947	-1.70745
7948	-1.70745
7949	-1.70745
7950	-1.70745
7951	-1.70745
7952	-1.70745
7953	-1.70745
7954	-1.70745
7955	-1.70745
7956	-2.11362
7957	-2.11362
7958	-2.11362
7959	-2.28761
7960	-2.28761
7961	-2.79432
7962	-2.79432
7963	-2.79432
7964	-2.79432
7965	-2.79432
7966	-1.46781
7967	-1.46781
7968	-1.50978
7969	-2.5025
7970	-2.5025
7971	-2.5025
7972	-2.5025
7973	-2.5025
7974	-2.5025
7975	-2.5025
7976	-2.24059
7977	-2.24059
7978	-2.25558
7979	-2.25558
7980	-2.25558
7981	-2.25558
7982	-2.25558
7983	-2.27791
7984	-2.27791
7985	-2.27791
7986	-2.27791
7987	-1.32552
7988	-1.32552
7989	-2.65181
7990	-2.65181
7991	-2.65181
7992	-2.65181
7993	-2.65181
7994	-2.20127
7995	-1.89432
7996	-2.17391
7997	-2.17391
7998	-2.17391
7999	-2.17391
8000	-1.33227
8001	-1.33227
8002	-2.62772
8003	-2.62772
8004	-2.69596
8005	-2.59612
8006	-2.59612
8007	-2.59612
8008	-2.59612
8009	-2.59612
8010	-1.99609
8011	-1.99609
8012	-1.99609
8013	-1.71946
8014	-1.71946
8015	-1.71946
8016	-1.71946
8017	-1.71946
8018	-1.71946
8019	-2.09068
8020	-2.09068
8021	-2.09068
8022	-2.09068
8023	-2.09068
8024	-2.09068
8025	-2.43064
8026	-2.43064
8027	-2.10261
8028	-2.18436
8029	-2.18436
8030	-2.18436
8031	-2.18436
8032	-2.18436
8033	-2.18436
8034	-2.18436
8035	-2.18436
8036	-2.18436
8037	-2.18436
8038	-2.18436
8039	-2.18436
8040	-2.18436
8041	-2.18436
8042	-2.18436
8043	-1.85546
8044	-1.85546
8045	-2.28766
8046	-2.28766
8047	-2.28766
8048	-2.28766
8049	-1.83323
8050	-1.83323
8051	-1.83323
8052	-1.83323
8053	-2.29777
8054	-2.29777
8055	-2.29777
8056	-2.29777
8057	-2.29777
8058	-2.29777
8059	-2.29777
8060	-2.29777
8061	-2.0277
8062	-1.53056
8063	-1.53056
8064	-2.07718
8065	-2.07718
8066	-1.73769
8067	-1.73769
8068	-1.73769
8069	-1.73769
8070	-1.73769
8071	-1.73769
8072	-1.73769
8073	-1.73769
8074	-1.73769
8075	-1.73769
8076	-1.73769
8077	-1.73769
8078	-1.73769
8079	-1.73769
8080	-1.73769
8081	-1.73769
8082	-1.73769
8083	-1.73769
8084	-1.73769
8085	-1.73436
8086	-1.73436
8087	-1.73436
8088	-1.73436
8089	-1.94
8090	-1.14942
8091	-2.7953
8092	-1.32819
8093	-1.32819
8094	-1.32819
8095	-1.32819
8096	-1.32819
8097	-1.32819
8098	-1.32819
8099	-1.32819
8100	-1.32819
8101	-2.26937
8102	-2.26937
8103	-2.26937
8104	-2.26937
8105	-2.26937
8106	-2.26937
8107	-2.26937
8108	-2.26937
8109	-2.26937
8110	-2.26937
8111	-2.18976
8112	-2.22241
8113	-2.22241
8114	-1.62083
8115	-1.62083
8116	-1.62083
8117	-1.62083
8118	-1.242
8119	1.29757
8120	-1.34547
8121	-1.34547
8122	-1.06402
8123	-1.06402
8124	-1.06402
8125	-1.06402
8126	-1.06402
8127	-2.11837
8128	-2.11837
8129	-2.11837
8130	-1.43391
8131	-1.43391
8132	-1.43391
8133	-2.10651
8134	-2.10651
8135	-2.10651
8136	-2.10651
8137	-2.10651
8138	-2.10651
8139	-2.10651
8140	-2.10651
8141	-2.10651
8142	-1.54142
8143	-1.54142
8144	-1.54142
8145	-1.54142
8146	-1.24373
8147	-1.40924
8148	-1.709
8149	-1.709
8150	-1.709
8151	-1.28419
8152	-1.28419
8153	-2.43953
8154	-2.43953
8155	-2.43953
8156	-2.11713
8157	-2.11713
8158	-2.11713
8159	-2.11713
8160	-2.11713
8161	-2.11713
8162	-2.11713
8163	-2.11713
8164	-2.11713
8165	-2.11713
8166	-2.20105
8167	-2.20105
8168	-2.20105
8169	-2.20105
8170	-2.20105
8171	-2.20105
8172	-2.20105
8173	-2.20105
8174	-2.20105
8175	-2.09502
8176	-2.09502
8177	-2.09502
8178	-2.09502
8179	-1.66956
8180	-1.68937
8181	-1.98774
8182	-1.98774
8183	-1.98774
8184	-1.98774
8185	-1.98774
8186	-1.98774
8187	-1.88045
8188	-1.88045
8189	-1.97779
8190	-1.97779
8191	-1.95605
8192	-1.87913
8193	-1.87913
8194	-1.87913
8195	-1.85632
8196	-1.85632
8197	-1.85632
8198	-1.85632
8199	-1.85632
8200	-1.85632
8201	-2.19306
8202	-2.19306
8203	-2.19306
8204	-2.19306
8205	-2.19306
8206	-2.82196
8207	-2.82196
8208	-2.82196
8209	-2.82196
8210	-2.85028
8211	-2.85028
8212	-3.2011
8213	-3.50874
8214	-2.91961
8215	-2.91961
8216	-2.80353
8217	-2.44994
8218	-2.44994
8219	-2.44994
8220	-1.60465
8221	-1.60465
8222	-2.04826
8223	-2.04826
8224	-2.04826
8225	-2.04826
8226	-2.04826
8227	-2.25672
8228	-2.25672
8229	-2.25672
8230	-2.25672
8231	-0.887351
8232	-0.887351
8233	-2.77071
8234	-2.02524
8235	-2.02524
8236	-2.23241
8237	-2.23241
8238	-1.63332
8239	-1.63332
8240	-1.63332
8241	-1.63332
8242	-1.63332
8243	-2.27016
8244	-2.05965
8245	-2.0358
8246	-2.0358
8247	-2.0358
8248	-2.0358
8249	-2.0358
8250	-2.0358
8251	-2.0358
8252	-2.0358
8253	-2.0358
8254	-1.81457
8255	-1.81457
8256	-1.81457
8257	-1.8202
8258	-1.8202
8259	-1.8202
8260	-1.8202
8261	-1.8202
8262	-1.8202
8263	-1.8202
8264	-1.78347
8265	-2.15978
8266	-2.15978
8267	-1.52026
8268	-2.54117
8269	-1.9746
8270	-1.9746
8271	-1.9746
8272	-1.9746
8273	-1.9746
8274	-1.9746
8275	-1.9746
8276	-1.9746
8277	-1.9746
8278	-1.9746
8279	-1.9746
8280	-1.9746
8281	-1.9746
8282	-1.9746
8283	-1.9746
8284	-1.9746
8285	-1.9746
8286	-1.9746
8287	-1.9746
8288	-1.97578
8289	-1.97578
8290	-1.97578
8291	-1.97578
8292	-1.97578
8293	-1.97578
8294	-1.97578
8295	-1.97578
8296	-1.97578
8297	-1.97578
8298	-1.97578
8299	-1.97578
8300	-1.97578
8301	-2.47118
8302	-2.89622
8303	-2.53598
8304	-2.20868
8305	-2.20868
8306	-2.20868
8307	-2.20868
8308	-2.08812
8309	-2.08812
8310	-2.08812
8311	-2.08812
8312	-2.04737
8313	-2.04737
8314	-2.04737
8315	-2.04737
8316	-2.04737
8317	-1.75339
8318	-1.75339
8319	-2.00324
8320	-2.00324
8321	-2.00324
8322	-2.00324
8323	-2.00324
8324	-2.00324
8325	-1.97468
8326	-1.97468
8327	-2.58179
8328	-2.44103
8329	-2.16526
8330	-2.16526
8331	-2.16526
8332	-2.00401
8333	-1.86614
8334	-1.86614
8335	-1.86614
8336	-2.13988
8337	-2.13988
8338	-2.13988
8339	-2.13988
8340	-2.13988
8341	-2.13988
8342	-2.13988
8343	-2.13988
8344	-2.13988
8345	-2.13988
8346	-2.13988
8347	-2.34829
8348	-2.34829
8349	-2.34829
8350	-2.34829
8351	-2.09117
8352	-2.09117
8353	-2.09117
8354	-2.09117
8355	-2.09117
8356	-2.09117
8357	-2.09117
8358	-1.9698
8359	-1.9698
8360	-1.9698
8361	-1.9698
8362	-1.9698
8363	-1.9698
8364	-1.9698
8365	-1.9698
8366	-1.9698
8367	-1.9698
8368	-1.9698
8369	-1.9698
8370	-2.26062
8371	-2.26062
8372	-2.26062
8373	-2.26062
8374	-2.26062
8375	-2.26062
8376	-2.26062
8377	-2.26062
8378	-2.3149
8379	-2.3149
8380	-2.3149
8381	-2.3149
8382	-2.3149
8383	-2.3149
8384	-2.3149
8385	-2.3149
8386	-2.3149
8387	-1.99399
8388	-1.99399
8389	-1.99399
8390	-1.99399
8391	-1.99399
8392	-2.16808
8393	-2.16808
8394	-2.16808
8395	-1.64373
8396	-2.37821
8397	-2.37821
8398	-2.37821
8399	-2.37821
8400	-2.37821
8401	-2.37821
8402	-2.37821
8403	-2.37821
8404	-2.37821
8405	-2.37821
8406	-2.37821
8407	-2.37821
8408	-2.37821
8409	-1.81089
8410	-1.81089
8411	-1.81089
8412	-1.81089
8413	-1.81089
8414	-1.81089
8415	-1.81089
8416	-1.81089
8417	-1.81089
8418	-1.81089
8419	-1.81089
8420	-1.81089
8421	-1.81089
8422	-1.81089
8423	-1.81089
8424	-1.81089
8425	-1.81089
8426	-1.81089
8427	-2.15076
8428	-2.15076
8429	-2.15076
8430	-2.15076
8431	-2.15076
8432	-2.15076
8433	-2.15076
8434	-2.15076
8435	-2.15076
8436	-2.15076
8437	-2.15076
8438	-2.12064
8439	-2.12064
8440	-2.12064
8441	-1.61679
8442	-1.61679
8443	-1.61679
8444	-1.61679
8445	-2.3891
8446	-2.3891
8447	-2.3891
8448	-2.3891
8449	-2.3891
8450	-2.3891
8451	-2.3891
8452	-2.40586
8453	-2.40586
8454	-2.40586
8455	-2.40586
8456	-2.40586
8457	-2.36666
8458	-2.36666
8459	-1.50302
8460	-1.50302
8461	-1.50302
8462	-1.50302
8463	-1.50302
8464	-1.46813
8465	-1.46813
8466	-1.46813
8467	-1.46813
8468	-1.46813
8469	-1.46813
8470	-1.46813
8471	-1.69152
8472	-1.69152
8473	-1.69152
8474	-1.69152
8475	-1.69152
8476	-1.69152
8477	-1.39935
8478	-1.67309
8479	-1.67309
8480	-2.06035
8481	-2.06035
8482	-2.06035
8483	-2.06035
8484	-2.06035
8485	-2.06035
8486	-2.06035
8487	-2.06035
8488	-2.06035
8489	-1.97112
8490	-1.97112
8491	-1.97112
8492	-2.30659
8493	-2.30659
8494	-2.30659
8495	-2.30659
8496	-2.30659
8497	-2.30659
8498	-1.60746
8499	-1.60746
8500	-1.60746
8501	-2.25118
8502	-2.25118
8503	-2.25118
8504	-2.25118
8505	-2.79246
8506	-2.79246
8507	-2.79246
8508	-1.88794
8509	-1.88794
8510	-1.88794
8511	-1.88794
8512	-1.88794
8513	-2.46422
8514	-2.46422
8515	-2.46422
8516	-2.1457
8517	-1.68965
8518	-1.68965
8519	-1.86774
8520	-1.86774
8521	-1.86774
8522	-1.86774
8523	-1.86774
8524	-1.86774
8525	-2.00959
8526	-2.00959
8527	-2.00959
8528	-2.00959
8529	-2.00959
8530	-1.4276
8531	-1.4276
8532	-2.22072
8533	-2.22072
8534	-2.22072
8535	-2.22072
8536	-2.57574
8537	-2.57574
8538	-2.57574
8539	-2.57574
8540	-2.57574
8541	-2.57574
8542	-2.57574
8543	-2.57574
8544	-2.57574
8545	-1.92867
8546	-1.92867
8547	-1.92867
8548	-1.92867
8549	-2.21773
8550	-2.21773
8551	-2.22902
8552	-2.22902
8553	-1.60167
8554	-1.60167
8555	-1.60167
8556	-1.60167
8557	-1.60167
8558	-1.60167
8559	-1.81119
8560	-1.81119
8561	-1.81119
8562	-1.81119
8563	-1.81119
8564	-1.81119
8565	-1.81119
8566	-1.81119
8567	-1.81119
8568	-1.81119
8569	-1.81119
8570	-1.81119
8571	-1.81119
8572	-1.81119
8573	-1.81119
8574	-2.38429
8575	-2.38429
8576	-2.38429
8577	-2.38429
8578	-2.47553
8579	-2.47553
8580	-1.43775
8581	-1.43775
8582	-2.77183
8583	-2.77183
8584	-2.77183
8585	-2.77183
8586	-2.77183
8587	-2.77183
8588	-2.77183
8589	-2.77183
8590	-2.77183
8591	-2.77183
8592	-2.54711
8593	-2.58731
8594	-2.58731
8595	-2.58731
8596	-2.58731
8597	-2.58731
8598	-2.58731
8599	-2.58731
8600	-2.58731
8601	-1.65163
8602	-1.65163
8603	-1.65163
8604	-1.65163
8605	-1.65163
8606	-2.16852
8607	-2.16852
8608	-2.16852
8609	-2.16852
8610	-2.16852
8611	-2.16852
8612	-2.16852
8613	-2.35456
8614	-1.5945
8615	-1.5945
8616	-1.5945
8617	-1.5945
8618	-1.5945
8619	-1.5945
8620	-1.5945
8621	-1.5945
8622	-1.5945
8623	-1.56782
8624	-1.56782
8625	-1.56782
8626	-1.56782
8627	-1.56782
8628	-1.61488
8629	-1.61488
8630	-1.61488
8631	-1.61488
8632	-1.61488
8633	-1.61488
8634	-1.61488
8635	-1.61488
8636	-2.62661
8637	-2.62661
8638	-2.62661
8639	-2.62661
8640	-2.62661
8641	-2.62661
8642	-2.62661
8643	-2.62661
8644	-2.62661
8645	-2.63428
8646	-2.63428
8647	-2.63428
8648	-1.7542
8649	-1.7542
8650	-1.7542
8651	-1.7542
8652	-1.7542
8653	-1.7542
8654	-2.35232
8655	-2.35232
8656	-2.35232
8657	-2.35232
8658	-2.35232
8659	-2.35232
8660	-2.35232
8661	-1.90651
8662	-1.90651
8663	-1.90651
8664	-2.09774
8665	-2.09774
8666	-2.09774
8667	-1.97129
8668	-1.97129
8669	-1.97129
8670	-2.15941
8671	-2.15941
8672	-1.93561
8673	-2.10002
8674	-2.10002
8675	-2.10002
8676	-2.10002
8677	-1.67168
8678	-1.67168
8679	-1.67168
8680	-1.67168
8681	-1.67168
8682	-1.67168
8683	-2.21471
8684	-2.21471
8685	-2.21471
8686	-2.21471
8687	-2.21471
8688	-2.21471
8689	-2.21471
8690	-2.21471
8691	-2.21471
8692	-1.98838
8693	-1.98838
8694	-1.98838
8695	-1.98838
8696	-1.98838
8697	-1.98838
8698	-1.98838
8699	-1.81015
8700	-1.81015
8701	-2.06569
8702	-2.06569
8703	-2.06569
8704	-2.58118
8705	-2.58118
8706	-2.29354
8707	-2.29354
8708	-2.29354
8709	-2.29354
8710	-2.52193
8711	-2.52193
8712	-2.52193
8713	-1.95994
8714	-1.95994
8715	-1.95994
8716	-1.95994
8717	-1.95994
8718	-1.95994
8719	-1.95994
8720	-1.95994
8721	-1.95994
8722	-1.95994
8723	-1.95994
8724	-1.95994
8725	-1.95994
8726	-2.18478
8727	-2.18478
8728	-2.18478
8729	-2.18478
8730	-2.18478
8731	-2.18478
8732	-2.18478
8733	-2.18478
8734	-2.18478
8735	-2.18478
8736	-2.18478
8737	-2.18478
8738	-2.18478
8739	-2.18478
8740	-2.18478
8741	-2.18478
8742	-2.18478
8743	-2.18478
8744	-2.18478
8745	-2.18478
8746	-2.18478
8747	-2.18478
8748	-2.18478
8749	-2.18478
8750	-2.18478
8751	-2.18478
8752	-2.18478
8753	-2.18478
8754	-2.18478
8755	-2.18478
8756	-2.18478
8757	-2.18478
8758	-2.18478
8759	-2.18478
8760	-2.18478
8761	-2.18478
8762	-2.18478
8763	-2.18478
8764	-2.18478
8765	-2.18478
8766	-2.18478
8767	-2.18478
8768	-2.18478
8769	-2.18478
8770	-2.18478
8771	-2.18478
8772	-2.18478
8773	-2.18478
8774	-2.18478
8775	-2.18478
8776	-2.18478
8777	-2.31024
8778	-2.31024
8779	-2.31024
8780	-2.31024
8781	-2.31024
8782	-2.31024
8783	-2.31024
8784	-2.31024
8785	-2.31024
8786	-2.31024
8787	-2.31024
8788	-2.31024
8789	-2.31024
8790	-2.31024
8791	-2.31024
8792	-2.31024
8793	-2.31024
8794	-1.51882
8795	-1.51882
8796	-1.51882
8797	-1.51882
8798	-1.51882
8799	-1.51882
8800	-1.51882
8801	-2.244
8802	-1.82423
8803	-1.82423
8804	-1.82423
8805	-1.86788
8806	-1.86788
8807	-1.86788
8808	-1.86788
8809	-1.86788
8810	-1.86788
8811	-1.86788
8812	-1.86788
8813	-1.86788
8814	-1.86788
8815	-1.86788
8816	-1.86788
8817	-1.44688
8818	-1.44688
8819	-1.44688
8820	-2.83428
8821	-2.83428
8822	-2.32522
8823	-2.34804
8824	-2.34804
8825	-2.022
8826	-2.55538
8827	-1.44401
8828	-1.44401
8829	-1.44401
8830	-1.44401
8831	-1.67357
8832	-1.67357
8833	-1.0437
8834	-1.0437
8835	-1.0437
8836	-1.0437
8837	-1.0437
8838	-1.32729
8839	-1.26231
8840	-1.26231
8841	-2.08494
8842	-2.08494
8843	-2.08494
8844	-2.08494
8845	-2.08494
8846	-2.08494
8847	-2.08494
8848	-2.08494
8849	-2.08494
8850	-2.08494
8851	-2.08494
8852	-2.08494
8853	-2.08494
8854	-2.08494
8855	-2.08494
8856	-2.08494
8857	-2.1648
8858	-2.40186
8859	-2.40186
8860	-2.51894
8861	-2.51894
8862	-2.48404
8863	-2.48404
8864	-2.48404
8865	-2.48404
8866	-2.48404
8867	-2.48404
8868	-2.48404
8869	-2.48404
8870	-2.48404
8871	-2.48404
8872	-2.41176
8873	-2.41176
8874	-2.41176
8875	-2.41176
8876	-2.41176
8877	-1.67131
8878	-1.67131
8879	-1.67131
8880	-1.67131
8881	-1.67131
8882	-1.67131
8883	-1.67131
8884	-1.67131
8885	-1.43369
8886	-1.43369
8887	-1.43369
8888	-1.45864
8889	-1.45864
8890	-1.45864
8891	-1.45864
8892	-1.82798
8893	-1.52433
8894	-1.52433
8895	-1.67989
8896	-1.67989
8897	-2.177
8898	-2.177
8899	-2.177
8900	-2.177
8901	-2.177
8902	-2.177
8903	-1.94634
8904	-1.94634
8905	-1.94634
8906	-1.94634
8907	-1.15039
8908	-1.15039
8909	-1.14346
8910	-1.14346
8911	-1.44259
8912	-1.44259
8913	-1.61653
8914	-1.61653
8915	-1.61653
8916	-1.61653
8917	-2.33658
8918	-2.33658
8919	-2.33658
8920	-2.33658
8921	-2.33658
8922	-2.33658
8923	-1.78539
8924	-2.30137
8925	-2.30137
8926	-2.30137
8927	-2.30137
8928	-2.30137
8929	-2.30137
8930	-2.30137
8931	-2.30137
8932	-2.30137
8933	-2.30137
8934	-2.25296
8935	-2.25296
8936	-2.25296
8937	-2.25296
8938	-2.12527
8939	-2.12527
8940	-2.12527
8941	-2.12527
8942	-2.12527
8943	-1.78962
8944	-1.78962
8945	-1.78962
8946	-1.78962
8947	-2.41388
8948	-2.41388
8949	-2.41388
8950	-2.41388
8951	-2.36772
8952	-2.36772
8953	-2.36772
8954	-2.36772
8955	-2.36772
8956	-2.36772
8957	-2.36772
8958	-2.36772
8959	-2.36772
8960	-1.96959
8961	-1.96959
8962	-2.14056
8963	-2.14056
8964	-2.14056
8965	-2.14056
8966	-2.14056
8967	-2.14056
8968	-2.14056
8969	-2.14056
8970	-2.14056
8971	-2.14056
8972	-2.14056
8973	-1.99948
8974	-1.99948
8975	-1.99948
8976	-2.27902
8977	-2.27902
8978	-2.2694
8979	-1.74537
8980	-1.74537
8981	-1.74537
8982	-1.74537
8983	-1.74537
8984	-1.74537
8985	-2.2551
8986	-2.2551
8987	-2.2551
8988	-2.2551
8989	-2.2551
8990	-2.2551
8991	-2.2551
8992	-2.2551
8993	-2.2551
8994	-2.2551
8995	-1.89307
8996	-1.89307
8997	-1.89307
8998	-1.89307
8999	-1.89307
9000	-2.32726
9001	-2.32726
9002	-2.32726
9003	-2.32726
9004	-2.32726
9005	-2.32726
9006	-2.32726
9007	-2.32726
9008	-2.32726
9009	-2.33154
9010	-2.33154
9011	-2.33154
9012	-2.33154
9013	-2.33154
9014	-1.67225
9015	-1.67225
9016	-2.11492
9017	-2.08265
9018	-2.08265
9019	-2.08265
9020	-2.08265
9021	-2.08265
9022	-2.08265
9023	-2.08265
9024	-2.08265
9025	-2.08265
9026	-1.49756
9027	-1.49756
9028	-1.49756
9029	-1.24715
9030	1.19381
9031	1.19381
9032	1.19794
9033	1.19794
9034	1.44316
9035	1.63366
9036	1.63366
9037	1.73832
9038	2.58738
9039	2.58738
9040	2.39839
9041	2.39839
9042	2.39839
9043	2.39839
9044	2.39839
9045	2.39839
9046	2.39839
9047	2.39839
9048	2.39839
9049	2.39839
9050	2.26645
9051	1.59886
9052	2.22336
9053	1.32979
9054	2.18895
9055	2.18895
9056	2.18895
9057	2.18895
9058	2.18895
9059	2.18895
9060	2.18895
9061	2.18895
9062	2.18895
9063	2.18895
9064	2.18895
9065	2.18895
9066	2.18895
9067	2.18895
9068	2.18895
9069	1.83253
9070	2.38657
9071	2.38657
9072	2.38657
9073	1.85214
9074	1.85214
9075	1.85214
9076	1.85214
9077	1.85214
9078	1.85214
9079	2.11383
9080	2.11383
9081	2.11383
9082	2.11383
9083	2.11383
9084	2.11383
9085	2.11383
9086	2.11383
9087	2.11383
9088	2.11383
9089	2.11383
9090	2.13421
9091	2.13421
9092	2.69857
9093	2.69857
9094	2.69857
9095	2.69857
9096	1.30165
9097	2.06123
9098	2.06123
9099	2.06123
9100	2.06123
9101	1.63704
9102	1.63704
9103	1.63704
9104	1.63704
9105	1.63704
9106	1.63704
9107	1.78929
9108	1.78929
9109	1.78929
9110	1.86947
9111	1.86947
9112	1.86947
9113	1.86947
9114	1.21716
9115	1.21716
9116	2.6509
9117	2.6509
9118	2.6509
9119	1.56914
9120	1.56914
9121	1.56914
9122	1.56914
9123	1.56914
9124	1.56914
9125	1.56914
9126	1.56914
9127	1.56914
9128	1.56914
9129	1.56914
9130	1.56914
9131	2.05094
9132	2.05094
9133	2.05094
9134	2.05094
9135	2.05094
9136	2.05094
9137	1.55138
9138	1.55138
9139	1.55138
9140	1.55138
9141	1.95991
9142	1.95991
9143	1.95991
9144	1.97962
9145	1.97962
9146	1.97962
9147	1.97962
9148	1.97962
9149	1.97962
9150	2.06821
9151	2.06821
9152	2.06821
9153	2.06821
9154	2.06821
9155	1.68943
9156	2.19686
9157	2.19686
9158	2.06019
9159	2.06019
9160	2.35043
9161	2.35043
9162	2.04806
9163	2.04806
9164	2.04806
9165	2.04806
9166	1.68462
9167	2.04557
9168	1.99278
9169	1.99278
9170	1.99278
9171	1.99278
9172	1.99278
9173	1.99278
9174	1.99278
9175	1.99278
9176	1.99278
9177	1.99278
9178	1.99278
9179	1.99278
9180	1.99278
9181	1.99278
9182	1.99278
9183	1.99278
9184	1.99278
9185	1.99278
9186	1.99278
9187	1.99278
9188	1.99278
9189	1.99278
9190	1.99278
9191	1.99278
9192	1.69993
9193	1.69993
9194	1.69993
9195	1.69993
9196	2.10551
9197	2.10551
9198	2.10551
9199	2.10551
9200	2.15392
9201	2.15392
9202	2.15392
9203	2.15392
9204	1.75914
9205	2.46073
9206	1.19704
9207	1.19704
9208	-1.46244
9209	-1.46244
9210	-1.46244
9211	-1.46244
9212	-1.46244
9213	-1.68906
9214	-1.68906
9215	-1.68906
9216	-1.68906
9217	-1.68906
9218	-1.68906
9219	-1.68906
9220	-1.68906
9221	-1.66984
9222	-1.66984
9223	-1.66984
9224	-1.66984
9225	-1.78464
9226	-1.78464
9227	-1.78464
9228	-1.78464
9229	-1.85858
9230	-1.85858
9231	-2.01242
9232	-2.01242
9233	-2.01242
9234	-2.01242
9235	-2.29378
9236	-2.29378
9237	-1.61816
9238	-1.61816
9239	-1.61816
9240	-1.61816
9241	-1.61816
9242	-1.42127
9243	-1.42127
9244	-1.42127
9245	-1.42127
9246	-1.42127
9247	-1.42127
9248	-2.40051
9249	-2.26523
9250	-2.30152
9251	-1.82987
9252	-1.82987
9253	-1.82987
9254	-1.82987
9255	-1.82987
9256	-1.82987
9257	-1.82987
9258	-1.82987
9259	-1.82987
9260	-1.82987
9261	-2.09156
9262	-2.09156
9263	-2.09156
9264	-2.09156
9265	-2.09156
9266	-2.09156
9267	-2.09156
9268	-2.09156
9269	-2.09156
9270	-2.09156
9271	-2.24134
9272	-2.24134
9273	-2.24134
9274	-2.24134
9275	-2.24134
9276	-1.31395
9277	-1.31395
9278	-1.31395
9279	-1.31395
9280	-1.31395
9281	-1.31395
9282	-1.31395
9283	-1.31395
9284	-1.31395
9285	-2.09371
9286	-2.09371
9287	-2.09371
9288	-2.09371
9289	-2.09371
9290	-2.09371
9291	-2.09371
9292	-2.09371
9293	-2.09371
9294	-2.32623
9295	-2.32623
9296	-2.32623
9297	-2.32623
9298	-2.32623
9299	-2.32623
9300	-2.32623
9301	-2.32623
9302	-2.38569
9303	-2.38569
9304	-2.38569
9305	-2.38569
9306	-1.97414
9307	-1.97414
9308	-1.97414
9309	-1.97414
9310	-1.52798
9311	-1.52798
9312	-1.52798
9313	-1.52798
9314	-2.00047
9315	-2.00047
9316	-2.00047
9317	-2.00047
9318	-2.00047
9319	-2.00047
9320	-2.00047
9321	-2.00047
9322	-2.00047
9323	-2.34398
9324	-2.34398
9325	-2.34398
9326	-2.34398
9327	-2.34398
9328	-1.36981
9329	-1.36981
9330	-1.36981
9331	-1.36981
9332	-1.36981
9333	-1.36981
9334	1.34369
9335	2.63872
9336	2.63872
9337	2.63872
9338	2.03741
9339	1.4593
9340	1.4593
9341	1.4593
9342	1.4593
9343	1.4593
9344	1.83014
9345	1.83014
9346	1.76333
9347	1.76333
9348	1.76333
9349	2.04159
9350	2.04159
9351	2.04159
9352	2.10927
9353	2.1719
9354	2.1719
9355	2.1719
9356	2.1719
9357	2.1719
9358	2.1719
9359	2.1719
9360	2.1719
9361	2.1719
9362	2.1719
9363	2.1719
9364	2.1719
9365	2.29344
9366	1.57031
9367	2.10276
9368	2.10276
9369	2.10276
9370	2.10276
9371	2.10276
9372	2.10276
9373	2.10276
9374	1.38043
9375	1.38043
9376	1.38043
9377	1.38043
9378	1.76528
9379	2.06506
9380	2.06506
9381	2.06506
9382	2.06506
9383	2.06506
9384	2.06506
9385	2.06506
9386	2.06506
9387	1.48856
9388	1.48856
9389	1.48856
9390	1.48856
9391	1.48856
9392	1.48856
9393	1.48856
9394	1.48856
9395	1.48856
9396	1.48856
9397	1.48856
9398	1.73825
9399	1.73825
9400	1.73825
9401	1.55231
9402	2.47265
9403	2.47265
9404	2.47265
9405	2.47265
9406	2.47265
9407	2.47265
9408	2.47265
9409	2.47265
9410	2.47265
9411	2.47265
9412	2.47265
9413	2.47265
9414	1.98203
9415	1.98203
9416	1.68587
9417	1.68587
9418	2.75284
9419	2.75284
9420	2.16291
9421	2.16291
9422	2.16291
9423	2.16291
9424	2.16291
9425	2.16291
9426	2.16291
9427	2.16291
9428	2.16291
9429	2.16291
9430	2.16291
9431	2.16291
9432	1.81365
9433	1.81365
9434	1.81365
9435	1.81365
9436	1.81365
9437	1.81365
9438	1.81365
9439	1.81365
9440	1.81365
9441	1.81365
9442	1.81365
9443	1.81365
9444	1.38726
9445	2.03128
9446	2.03128
9447	2.03128
9448	1.38384
9449	1.38384
9450	1.38384
9451	1.38384
9452	1.40752
9453	-1.27471
9454	-2.2499
9455	-2.2499
9456	-2.2499
9457	-2.2499
9458	-2.2499
9459	-2.2499
9460	-2.2499
9461	-2.2499
9462	-2.2499
9463	-2.2499
9464	-2.2499
9465	-2.2499
9466	-1.59205
9467	-2.38074
9468	-2.37458
9469	-2.02742
9470	-2.02742
9471	-2.02742
9472	-2.02742
9473	-2.02742
9474	-2.02742
9475	-2.02742
9476	-2.02742
9477	-2.02742
9478	-2.02742
9479	-2.41389
9480	-2.41389
9481	-1.45815
9482	-1.45815
9483	1.15604
9484	1.84594
9485	1.84594
9486	1.84594
9487	2.05047
9488	1.46557
9489	1.46557
9490	1.46557
9491	1.46557
9492	1.46557
9493	1.46557
9494	1.46557
9495	1.46557
9496	1.46557
9497	1.46557
9498	1.46557
9499	1.46557
9500	1.46557
9501	1.46557
9502	1.46557
9503	1.46557
9504	1.75281
9505	1.75281
9506	1.75281
9507	2.00984
9508	2.00984
9509	2.00984
9510	2.00984
9511	2.00984
9512	2.00984
9513	2.00984
9514	2.00984
9515	2.00984
9516	2.05421
9517	2.05421
9518	2.05421
9519	2.05421
9520	2.05421
9521	2.05421
9522	2.05421
9523	2.05421
9524	2.05421
9525	2.05421
9526	2.05421
9527	2.05421
9528	2.05421
9529	2.05421
9530	2.05421
9531	2.05421
9532	2.05421
9533	2.05421
9534	2.05421
9535	2.05421
9536	2.05421
9537	2.05421
9538	2.05421
9539	2.05421
9540	2.05421
9541	2.05421
9542	2.05421
9543	1.69414
9544	1.69414
9545	1.69414
9546	1.69414
9547	1.69414
9548	1.69414
9549	1.69414
9550	1.69414
9551	1.69414
9552	1.69414
9553	1.69414
9554	1.69414
9555	2.52705
9556	1.59812
9557	1.59812
9558	1.59812
9559	1.59812
9560	1.90178
9561	1.90178
9562	1.90178
9563	1.90178
9564	2.25604
9565	1.94603
9566	1.94603
9567	1.94603
9568	1.94312
9569	1.94312
9570	1.94312
9571	1.94312
9572	2.34636
9573	1.52561
9574	1.52561
9575	2.23645
9576	2.23645
9577	2.23645
9578	2.23645
9579	2.23645
9580	2.23645
9581	2.23645
9582	2.23645
9583	2.23645
9584	2.23645
9585	2.23645
9586	2.23645
9587	2.23645
9588	2.23645
9589	2.23645
9590	2.23645
9591	2.23645
9592	2.23645
9593	2.23645
9594	2.23645
9595	2.23645
9596	2.23645
9597	2.23645
9598	2.10386
9599	1.90637
9600	1.90637
9601	1.90637
9602	1.90637
9603	1.90637
9604	1.90637
9605	1.90637
9606	1.4154
9607	1.4154
9608	1.4154
9609	1.4154
9610	1.4154
9611	1.4154
9612	1.4154
9613	1.4154
9614	1.4154
9615	1.34131
9616	1.34131
9617	1.34131
9618	1.34131
9619	1.34131
9620	1.34131
9621	1.69335
9622	1.69335
9623	1.69335
9624	1.69335
9625	1.9328
9626	1.9328
9627	1.9328
9628	1.9328
9629	1.9328
9630	1.9328
9631	1.9328
9632	2.37684
9633	2.37684
9634	1.68683
9635	2.21628
9636	2.21628
9637	2.21628
9638	2.25576
9639	2.25576
9640	2.25576
9641	2.25576
9642	2.25576
9643	2.37329
9644	2.37329
9645	2.37329
9646	2.37329
9647	2.37329
9648	2.37329
9649	2.37329
9650	2.37329
9651	2.37329
9652	2.37329
9653	2.37329
9654	2.37329
9655	2.37329
9656	2.37329
9657	2.37329
9658	2.37329
9659	1.69966
9660	1.69966
9661	1.69966
9662	1.69966
9663	1.69966
9664	2.09097
9665	2.09097
9666	2.09097
9667	2.09097
9668	2.09097
9669	2.09097
9670	2.09097
9671	2.09097
9672	2.09097
9673	2.04097
9674	2.04097
9675	2.04097
9676	2.04097
9677	2.27894
9678	2.27894
9679	2.27894
9680	2.27894
9681	2.27894
9682	2.27894
9683	2.27894
9684	2.27894
9685	2.27894
9686	2.27894
9687	1.89002
9688	1.89002
9689	1.89002
9690	1.90605
9691	1.62115
9692	1.71076
9693	1.71076
9694	1.71076
9695	1.71076
9696	1.71076
9697	1.71076
9698	1.71076
9699	1.71076
9700	1.71076
9701	1.71076
9702	1.71076
9703	1.71076
9704	1.71076
9705	1.71076
9706	1.71076
9707	1.71076
9708	1.46372
9709	1.46372
9710	-1.13288
9711	-2.87554
9712	-2.87554
9713	-1.56391
9714	-1.56391
9715	-2.79421
9716	-1.80044
9717	-1.80044
9718	-1.80044
9719	-1.80044
9720	-1.20267
9721	-2.25067
9722	-2.25067
9723	-2.25067
9724	-2.25067
9725	-2.25067
9726	-2.25067
9727	-1.82106
9728	-1.82106
9729	-1.82106
9730	-1.82106
9731	-2.2498
9732	-2.2498
9733	-2.2708
9734	-2.2708
9735	-2.2708
9736	-2.2708
9737	-2.2708
9738	-2.2708
9739	-2.2708
9740	-2.2708
9741	-2.2708
9742	-2.2708
9743	-2.2708
9744	-2.2708
9745	-2.2708
9746	-2.2708
9747	-2.2708
9748	-2.2708
9749	-2.2708
9750	-2.2708
9751	-2.2708
9752	-2.2708
9753	-2.42993
9754	-2.26959
9755	-2.26959
9756	-2.26959
9757	-2.23156
9758	-2.23156
9759	-2.23156
9760	-2.23156
9761	-2.23156
9762	-2.23156
9763	-2.23156
9764	-2.23156
9765	-2.23156
9766	-2.23156
9767	-2.23156
9768	-2.23156
9769	-2.23156
9770	-2.25652
9771	-1.87727
9772	-1.87727
9773	-1.87727
9774	-1.87727
9775	-1.87727
9776	-1.87727
9777	-1.87727
9778	-1.87727
9779	-1.87727
9780	-1.87727
9781	-1.87727
9782	-1.87727
9783	-1.87727
9784	-1.87727
9785	-1.87727
9786	-1.87727
9787	-1.87727
9788	-2.05987
9789	-2.05987
9790	-2.05987
9791	-2.05987
9792	-2.05987
9793	-2.05987
9794	-2.05987
9795	-2.05987
9796	-2.27681
9797	-2.27681
9798	-2.27681
9799	-2.27681
9800	-2.27681
9801	-2.27681
9802	-2.27681
9803	-2.21818
9804	-2.21818
9805	-1.2999
9806	-2.80303
9807	-1.77152
9808	-2.71274
9809	-2.71274
9810	-2.71274
9811	-2.71274
9812	-2.71274
9813	-2.71274
9814	-2.71274
9815	-2.71274
9816	-2.71274
9817	-2.71274
9818	-2.71274
9819	-2.71274
9820	-1.02288
9821	-2.10947
9822	-2.10947
9823	-2.10947
9824	-2.10947
9825	-2.10947
9826	-2.10947
9827	-2.10947
9828	-2.10947
9829	-2.10947
9830	-2.10947
9831	-1.65115
9832	-2.02458
9833	-2.02458
9834	-2.02458
9835	-2.02458
9836	-2.02458
9837	-1.41937
9838	-1.33711
9839	-1.33711
9840	-1.33711
9841	-1.33711
9842	-1.33711
9843	-1.33711
9844	-1.33711
9845	-1.33711
9846	-2.33986
9847	-2.33986
9848	-2.33986
9849	-2.33986
9850	-2.33986
9851	-2.33986
9852	-2.33986
9853	-2.90787
9854	-2.13787
9855	-2.13787
9856	-2.13787
9857	-2.13787
9858	-2.13787
9859	-1.35856
9860	-1.35856
9861	1.23289
9862	1.23289
9863	1.23289
9864	2.46208
9865	2.46208
9866	1.87308
9867	1.87308
9868	2.2345
9869	2.2345
9870	2.2345
9871	2.2345
9872	2.2345
9873	2.2345
9874	2.2345
9875	2.2345
9876	2.2345
9877	2.2345
9878	2.2345
9879	2.2345
9880	2.2345
9881	2.2345
9882	2.2345
9883	2.2345
9884	2.2345
9885	2.2345
9886	1.10635
9887	-1.3196
9888	-2.03504
9889	-2.03504
9890	-2.03504
9891	-2.03504
9892	-2.03504
9893	-2.03504
9894	-2.03504
9895	-2.03504
9896	-2.03504
9897	-2.03504
9898	-1.42184
9899	-1.42184
9900	-1.42184
9901	-1.42184
9902	-1.42184
9903	-1.42184
9904	-2.88928
9905	-2.88928
9906	-2.88928
9907	-2.88928
9908	-2.88928
9909	-2.88928
9910	-2.88928
9911	-2.88928
9912	-1.87702
9913	-1.87702
9914	-1.87702
9915	-1.87702
9916	-1.87702
9917	-1.87702
9918	-1.87702
9919	-1.87702
9920	-1.87702
9921	-1.87702
9922	-1.87702
9923	-1.87702
9924	-1.87702
9925	-1.87702
9926	-1.87702
9927	-1.87702
9928	-1.54277
9929	-1.54277
9930	-1.54277
9931	-1.54277
9932	-1.38952
9933	-1.38952
9934	-1.38952
9935	-1.38952
9936	-1.80517
9937	-1.80517
9938	-1.80517
9939	-1.80517
9940	-1.80517
9941	-1.80517
9942	-1.80517
9943	-2.50235
9944	-1.94681
9945	-1.94681
9946	-1.94681
9947	-2.17403
9948	-2.17403
9949	-2.17403
9950	-2.17403
9951	-2.17403
9952	-2.17403
9953	-2.09408
9954	-1.90153
9955	-1.90153
9956	-1.90153
9957	-1.90153
9958	-1.90153
9959	-1.90153
9960	-1.90153
9961	-2.13102
9962	-2.13102
9963	-2.13102
9964	-2.13102
9965	-2.13102
9966	-2.43369
9967	-2.43369
9968	-2.43369
9969	-2.43369
9970	-2.43369
9971	-2.03834
9972	-2.03834
9973	-2.03834
9974	-2.03834
9975	-2.03834
9976	-2.03834
9977	-2.03834
9978	-2.03834
9979	-2.03834
9980	-2.03834
9981	-2.03834
9982	-2.03834
9983	-2.03834
9984	-2.03834
9985	-2.03834
9986	-2.03834
9987	-2.03834
9988	-1.9102
9989	-2.02713
9990	-2.02713
9991	-2.02713
9992	-2.36072
9993	-2.36072
9994	-2.36072
9995	-2.36072
9996	-2.36072
9997	-2.36072
9998	-1.4225
9999	-1.34722
