block	ave	block_ave	err
0	0.456646	0.456646	0
1	0.549323	0.502985	0.0463381
2	0.422115	0.476028	0.0379788
3	0.555964	0.496012	0.0334746
4	0.494492	0.495708	0.0259311
5	0.479229	0.492961	0.0213501
6	0.510679	0.495493	0.0182208
7	0.490414	0.494858	0.0157924
8	0.557589	0.501828	0.0155744
9	0.547491	0.506394	0.0146595
10	0.48501	0.50445	0.0134017
11	0.534923	0.50699	0.0124948
12	0.503797	0.506744	0.0114962
13	0.51278	0.507175	0.0106521
14	0.481731	0.505479	0.0100606
15	0.555651	0.508615	0.00991954
16	0.514478	0.50896	0.00932417
17	0.484501	0.507601	0.00889531
18	0.509257	0.507688	0.00841457
19	0.462306	0.505419	0.008299
20	0.484008	0.504399	0.00795949
21	0.486928	0.503605	0.00763052
22	0.484959	0.502794	0.00733614
23	0.512356	0.503193	0.00703511
24	0.530694	0.504293	0.00683692
25	0.512104	0.504593	0.00657556
26	0.53094	0.505569	0.00640214
27	0.5162	0.505949	0.00618093
28	0.523487	0.506554	0.00599457
29	0.505871	0.506531	0.00579135
30	0.482777	0.505764	0.00565359
31	0.47766	0.504886	0.00554407
32	0.548863	0.506219	0.00553623
33	0.451411	0.504607	0.00560763
34	0.485628	0.504065	0.00547199
35	0.49416	0.503789	0.00532493
36	0.542239	0.504829	0.00528224
37	0.494671	0.504561	0.0051483
38	0.502061	0.504497	0.00501497
39	0.470992	0.50366	0.00495924
40	0.508311	0.503773	0.0048381
41	0.506052	0.503827	0.00472181
42	0.505988	0.503878	0.00461097
43	0.474018	0.503199	0.00455578
44	0.49468	0.50301	0.00445741
45	0.492725	0.502786	0.00436517
46	0.487078	0.502452	0.00428434
47	0.495203	0.502301	0.00419685
48	0.513143	0.502522	0.00411626
49	0.485962	0.502191	0.00404667
50	0.510024	0.502344	0.0039695
51	0.475333	0.501825	0.00392692
52	0.523029	0.502225	0.00387284
53	0.467855	0.501589	0.00385337
54	0.483036	0.501251	0.00379767
55	0.488321	0.50102	0.00373638
56	0.530949	0.501545	0.00370761
57	0.471785	0.501032	0.00367909
58	0.479938	0.500675	0.00363382
59	0.511448	0.500854	0.00357725
60	0.441333	0.499879	0.00365093
61	0.551037	0.500704	0.00368513
62	0.500251	0.500697	0.00362617
63	0.51593	0.500935	0.00357699
64	0.52214	0.501261	0.00353661
65	0.499915	0.50124	0.00348267
66	0.561616	0.502142	0.00354668
67	0.492184	0.501995	0.0034972
68	0.530104	0.502403	0.00347014
69	0.581747	0.503536	0.00360314
70	0.518958	0.503753	0.00355866
71	0.504167	0.503759	0.0035089
72	0.519898	0.50398	0.00346755
73	0.438149	0.50309	0.00353417
74	0.504743	0.503112	0.0034868
75	0.537156	0.50356	0.00346965
76	0.461589	0.503015	0.0034674
77	0.543925	0.50354	0.00346261
78	0.534726	0.503935	0.00344122
79	0.513359	0.504052	0.00339997
80	0.56076	0.504752	0.00342994
81	0.531974	0.505084	0.00340408
82	0.483539	0.504825	0.00337282
83	0.499713	0.504764	0.00333299
84	0.455667	0.504186	0.00334381
85	0.502583	0.504168	0.00330475
86	0.494515	0.504057	0.00326843
87	0.462267	0.503582	0.00326578
88	0.485822	0.503382	0.00323504
89	0.521479	0.503583	0.00320521
90	0.428118	0.502754	0.00327647
91	0.461501	0.502306	0.00327154
92	0.476362	0.502027	0.00324817
93	0.501018	0.502016	0.00321345
94	0.463345	0.501609	0.0032054
95	0.492972	0.501519	0.00317311
96	0.512576	0.501633	0.00314229
97	0.478882	0.501401	0.00311871
98	0.476484	0.501149	0.00309729
99	0.507658	0.501214	0.00306686
100	0.498991	0.501192	0.00303642
101	0.438661	0.500579	0.00306837
102	0.511602	0.500686	0.00304032
103	0.466371	0.500356	0.00302897
104	0.467357	0.500042	0.0030164
105	0.476696	0.499822	0.00299591
106	0.507134	0.49989	0.00296857
107	0.502624	0.499915	0.00294106
108	0.497933	0.499897	0.00291401
109	0.509553	0.499985	0.00288873
110	0.492955	0.499922	0.00286329
111	0.52831	0.500175	0.00284891
112	0.498432	0.50016	0.00282362
113	0.486511	0.50004	0.00280131
114	0.4823	0.499886	0.00278112
115	0.516587	0.50003	0.0027608
116	0.485017	0.499901	0.00274011
117	0.541434	0.500253	0.00273949
118	0.512915	0.50036	0.00271845
119	0.476332	0.50016	0.00270313
120	0.5297	0.500404	0.00269179
121	0.488401	0.500305	0.00267145
122	0.491811	0.500236	0.00265054
123	0.502543	0.500255	0.00262915
124	0.498546	0.500241	0.00260806
125	0.465471	0.499965	0.00260196
126	0.468001	0.499713	0.00259363
127	0.487061	0.499615	0.00257518
128	0.545029	0.499967	0.00257928
129	0.57096	0.500513	0.00261698
130	0.48758	0.500414	0.0025988
131	0.493993	0.500365	0.0025795
132	0.53294	0.50061	0.00257172
133	0.476602	0.500431	0.00255873
134	0.505546	0.500469	0.00253999
135	0.494201	0.500423	0.00252167
136	0.503206	0.500443	0.00250328
137	0.531964	0.500672	0.00249554
138	0.458715	0.50037	0.00249585
139	0.493249	0.500319	0.00247848
140	0.459001	0.500026	0.00247822
141	0.514507	0.500128	0.00246282
142	0.504119	0.500156	0.0024457
143	0.417163	0.49958	0.0024961
144	0.553523	0.499952	0.00250659
145	0.469648	0.499744	0.002498
146	0.527258	0.499931	0.002488
147	0.520386	0.500069	0.00247499
148	0.494811	0.500034	0.00245858
149	0.505208	0.500069	0.00244238
150	0.514576	0.500165	0.00242805
151	0.52032	0.500297	0.00241566
152	0.55198	0.500635	0.00242348
153	0.574622	0.501115	0.00245516
154	0.534546	0.501331	0.00244878
155	0.522798	0.501469	0.00243692
156	0.557247	0.501824	0.00244728
157	0.523286	0.50196	0.00243553
158	0.521732	0.502084	0.00242336
159	0.502887	0.502089	0.00240817
160	0.498118	0.502065	0.00239329
161	0.512404	0.502128	0.00237933
162	0.508201	0.502166	0.00236498
163	0.515391	0.502246	0.0023519
164	0.494125	0.502197	0.00233812
165	0.474732	0.502032	0.00232987
166	0.506667	0.502059	0.00231605
167	0.499418	0.502044	0.00230227
168	0.502472	0.502046	0.00228861
169	0.486574	0.501955	0.00227693
170	0.509738	0.502001	0.00226403
171	0.511402	0.502055	0.00225149
172	0.546973	0.502315	0.00225345
173	0.480415	0.502189	0.00224399
174	0.509642	0.502232	0.00223154
175	0.48094	0.502111	0.00222212
176	0.494657	0.502069	0.00220993
177	0.512565	0.502128	0.00219827
178	0.502806	0.502131	0.00218596
179	0.483835	0.50203	0.00217616
180	0.474417	0.501877	0.00216947
181	0.470183	0.501703	0.00216453
182	0.563659	0.502042	0.00217913
183	0.506702	0.502067	0.00216741
184	0.502069	0.502067	0.00215566
185	0.492068	0.502013	0.00214471
186	0.462048	0.501799	0.00214389
187	0.557529	0.502096	0.00215296
188	0.536207	0.502276	0.00214913
189	0.527579	0.50241	0.00214193
190	0.458625	0.50218	0.00214299
191	0.476554	0.502047	0.00213597
192	0.45922	0.501825	0.00213643
193	0.508068	0.501857	0.00212563
194	0.51259	0.501912	0.00211542
195	0.551847	0.502167	0.00211996
196	0.497855	0.502145	0.00210929
197	0.515194	0.502211	0.00209964
198	0.526162	0.502331	0.00209253
199	0.483952	0.502239	0.00208407
200	0.487691	0.502167	0.00207493
201	0.520502	0.502258	0.00206663
202	0.530153	0.502395	0.00206101
203	0.483992	0.502305	0.00205287
204	0.465907	0.502127	0.00205053
205	0.490633	0.502072	0.00204131
206	0.515023	0.502134	0.00203239
207	0.509581	0.50217	0.00202291
208	0.506716	0.502192	0.00201333
209	0.502544	0.502193	0.00200372
210	0.501787	0.502192	0.0019942
211	0.552947	0.502431	0.00199916
212	0.503835	0.502438	0.00198976
213	0.533116	0.502581	0.00198563
214	0.497149	0.502556	0.00197653
215	0.515614	0.502616	0.00196829
216	0.524383	0.502716	0.00196176
217	0.477515	0.502601	0.00195616
218	0.51724	0.502668	0.00194836
219	0.494043	0.502628	0.00193988
220	0.498556	0.50261	0.00193117
221	0.500696	0.502601	0.00192247
222	0.484339	0.502519	0.00191558
223	0.540586	0.502689	0.00191456
224	0.479474	0.502586	0.00190883
225	0.456413	0.502382	0.00191131
226	0.50094	0.502376	0.00190288
227	0.484145	0.502296	0.00189621
228	0.437574	0.502013	0.00190895
229	0.47811	0.501909	0.00190347
230	0.535552	0.502055	0.0019008
231	0.514897	0.50211	0.0018934
232	0.48391	0.502032	0.00188687
233	0.486079	0.501964	0.00188002
234	0.524606	0.50206	0.00187449
235	0.45747	0.501871	0.00187606
236	0.486752	0.501807	0.00186922
237	0.455246	0.501612	0.0018716
238	0.444831	0.501374	0.00187884
239	0.506941	0.501397	0.00187114
240	0.485842	0.501333	0.00186447
241	0.547974	0.501526	0.00186673
242	0.470492	0.501398	0.00186341
243	0.482028	0.501318	0.00185746
244	0.458702	0.501145	0.00185802
245	0.576243	0.50145	0.00187546
246	0.509853	0.501484	0.00186817
247	0.50986	0.501518	0.00186092
248	0.47335	0.501404	0.00185688
249	0.517595	0.501469	0.00185058
250	0.455244	0.501285	0.00185237
251	0.526687	0.501386	0.00184775
252	0.461807	0.501229	0.00184707
253	0.519211	0.5013	0.00184115
254	0.471105	0.501182	0.00183773
255	0.438919	0.500939	0.00184662
256	0.458777	0.500775	0.00184673
257	0.454503	0.500595	0.00184828
258	0.524387	0.500687	0.00184342
259	0.468861	0.500565	0.00184039
260	0.48986	0.500524	0.00183378
261	0.49658	0.500509	0.00182683
262	0.50168	0.500513	0.00181988
263	0.489513	0.500471	0.00181345
264	0.463686	0.500333	0.00181192
265	0.472986	0.50023	0.00180802
266	0.517442	0.500294	0.00180239
267	0.512829	0.500341	0.00179626
268	0.502337	0.500348	0.00178958
269	0.516067	0.500407	0.00178389
270	0.517708	0.50047	0.00177845
271	0.475789	0.50038	0.00177422
272	0.534439	0.500504	0.0017721
273	0.423344	0.500223	0.00178794
274	0.503657	0.500235	0.00178147
275	0.498674	0.50023	0.00177501
276	0.445289	0.500031	0.00177968
277	0.492278	0.500003	0.00177349
278	0.5494	0.500181	0.00177597
279	0.509906	0.500215	0.00176995
280	0.518404	0.50028	0.00176483
281	0.513792	0.500328	0.00175921
282	0.488375	0.500286	0.0017535
283	0.441847	0.50008	0.00175938
284	0.482858	0.500019	0.00175424
285	0.518926	0.500086	0.00174935
286	0.532725	0.500199	0.00174695
287	0.461908	0.500066	0.00174594
288	0.490786	0.500034	0.00174018
289	0.543004	0.500182	0.00174049
290	0.450019	0.50001	0.00174304
291	0.523361	0.50009	0.00173891
292	0.509427	0.500122	0.00173325
293	0.481681	0.500059	0.00172849
294	0.491711	0.500031	0.00172285
295	0.480227	0.499964	0.00171832
296	0.532084	0.500072	0.00171594
297	0.463261	0.499949	0.00171463
298	0.537701	0.500075	0.00171354
299	0.520602	0.500143	0.00170919
300	0.512379	0.500184	0.00170399
301	0.481637	0.500122	0.00169944
302	0.471369	0.500028	0.00169648
303	0.482814	0.499971	0.00169184
304	0.456168	0.499827	0.00169239
305	0.504247	0.499842	0.00168691
306	0.509467	0.499873	0.0016817
307	0.508772	0.499902	0.00167648
308	0.475501	0.499823	0.00167291
309	0.499413	0.499822	0.0016675
310	0.49124	0.499794	0.00166236
311	0.488889	0.499759	0.0016574
312	0.508992	0.499789	0.00165236
313	0.497446	0.499781	0.0016471
314	0.501151	0.499786	0.00164187
315	0.472954	0.499701	0.00163887
316	0.512994	0.499743	0.00163423
317	0.539873	0.499869	0.00163396
318	0.489576	0.499837	0.00162915
319	0.451322	0.499685	0.00163111
320	0.427919	0.499461	0.00164132
321	0.531186	0.49956	0.00163918
322	0.555867	0.499734	0.00164337
323	0.520804	0.499799	0.00163958
324	0.504122	0.499813	0.00163458
325	0.497471	0.499805	0.00162957
326	0.508133	0.499831	0.00162478
327	0.499632	0.49983	0.00161982
328	0.50168	0.499836	0.0016149
329	0.466294	0.499734	0.0016132
330	0.534123	0.499838	0.00161168
331	0.515863	0.499886	0.00160754
332	0.498478	0.499882	0.00160271
333	0.512227	0.499919	0.00159833
334	0.4876	0.499882	0.00159398
335	0.513617	0.499923	0.00158975
336	0.460952	0.499808	0.00158924
337	0.512381	0.499845	0.00158497
338	0.464553	0.499741	0.00158371
339	0.4915	0.499716	0.00157923
340	0.471878	0.499635	0.00157671
341	0.48632	0.499596	0.00157257
342	0.503648	0.499608	0.00156803
343	0.507609	0.499631	0.00156363
344	0.54957	0.499776	0.0015658
345	0.534747	0.499877	0.00156454
346	0.555281	0.500036	0.00156817
347	0.515477	0.500081	0.00156429
348	0.54288	0.500203	0.00156461
349	0.50131	0.500207	0.00156014
350	0.483605	0.500159	0.00155641
351	0.535347	0.500259	0.0015552
352	0.566353	0.500446	0.00156205
353	0.451925	0.500309	0.00156365
354	0.505913	0.500325	0.00155932
355	0.465139	0.500226	0.00155807
356	0.529928	0.50031	0.00155592
357	0.515985	0.500353	0.00155219
358	0.523754	0.500419	0.00154923
359	0.465486	0.500321	0.00154797
360	0.517559	0.500369	0.00154441
361	0.513829	0.500406	0.00154059
362	0.460143	0.500295	0.00154034
363	0.443228	0.500139	0.00154408
364	0.549119	0.500273	0.00154568
365	0.474836	0.500203	0.00154301
366	0.54726	0.500332	0.00154414
367	0.497718	0.500325	0.00153995
368	0.529972	0.500405	0.00153787
369	0.500546	0.500405	0.00153371
370	0.578993	0.500617	0.00154417
371	0.524329	0.500681	0.00154133
372	0.512596	0.500713	0.00153753
373	0.507148	0.50073	0.00153351
374	0.512719	0.500762	0.00152974
375	0.479532	0.500705	0.00152672
376	0.504604	0.500716	0.0015227
377	0.461742	0.500613	0.00152216
378	0.514677	0.50065	0.00151859
379	0.471927	0.500574	0.00151647
380	0.507571	0.500593	0.0015126
381	0.476725	0.50053	0.00150993
382	0.523332	0.50059	0.00150716
383	0.483586	0.500545	0.00150388
384	0.481023	0.500495	0.00150082
385	0.506696	0.500511	0.00149702
386	0.515084	0.500548	0.00149362
387	0.466104	0.50046	0.00149241
388	0.495964	0.500448	0.00148861
389	0.502238	0.500453	0.0014848
390	0.516707	0.500494	0.00148158
391	0.555714	0.500635	0.00148449
392	0.522318	0.50069	0.00148174
393	0.514962	0.500726	0.00147841
394	0.498894	0.500722	0.00147467
395	0.521853	0.500775	0.00147191
396	0.454672	0.500659	0.00147279
397	0.468191	0.500577	0.00147134
398	0.48528	0.500539	0.00146815
399	0.493552	0.500522	0.00146458
400	0.500671	0.500522	0.00146093
401	0.547647	0.500639	0.00146199
402	0.531316	0.500715	0.00146035
403	0.528017	0.500783	0.00145829
404	0.486465	0.500748	0.00145512
405	0.486526	0.500713	0.00145195
406	0.527371	0.500778	0.00144986
407	0.515791	0.500815	0.00144677
408	0.513567	0.500846	0.00144357
409	0.519329	0.500891	0.00144075
410	0.510444	0.500914	0.00143742
411	0.496854	0.500905	0.00143397
412	0.461503	0.500809	0.00143367
413	0.538836	0.500901	0.00143315
414	0.53885	0.500992	0.00143261
415	0.542055	0.501091	0.00143257
416	0.530627	0.501162	0.00143088
417	0.510582	0.501185	0.00142763
418	0.494254	0.501168	0.00142432
419	0.504231	0.501175	0.00142094
420	0.51948	0.501219	0.00141823
421	0.51922	0.501261	0.00141551
422	0.555445	0.501389	0.00141795
423	0.503407	0.501394	0.00141461
424	0.521061	0.501441	0.00141204
425	0.511144	0.501463	0.0014089
426	0.508207	0.501479	0.00140569
427	0.500435	0.501477	0.0014024
428	0.502392	0.501479	0.00139913
429	0.447747	0.501354	0.00140146
430	0.465665	0.501271	0.00140065
431	0.473469	0.501207	0.00139889
432	0.481748	0.501162	0.00139638
433	0.553692	0.501283	0.0013984
434	0.483492	0.501242	0.00139578
435	0.491617	0.50122	0.00139275
436	0.477929	0.501166	0.00139058
437	0.514559	0.501197	0.00138774
438	0.534343	0.501273	0.00138663
439	0.490184	0.501247	0.00138371
440	0.455946	0.501145	0.00138438
441	0.44826	0.501025	0.00138642
442	0.525887	0.501081	0.00138443
443	0.491854	0.50106	0.00138146
444	0.513499	0.501088	0.00137864
445	0.514587	0.501119	0.00137587
446	0.496823	0.501109	0.00137283
447	0.44819	0.500991	0.00137484
448	0.492621	0.500972	0.0013719
449	0.517267	0.501008	0.00136933
450	0.505246	0.501018	0.00136632
451	0.525842	0.501073	0.0013644
452	0.500865	0.501072	0.00136139
453	0.532903	0.501142	0.00136019
454	0.513746	0.50117	0.00135748
455	0.50182	0.501171	0.00135451
456	0.486403	0.501139	0.00135192
457	0.551179	0.501248	0.00135339
458	0.495609	0.501236	0.00135049
459	0.462213	0.501151	0.00135022
460	0.481418	0.501109	0.00134797
461	0.480689	0.501064	0.00134577
462	0.486488	0.501033	0.00134323
463	0.568736	0.501179	0.00134825
464	0.498165	0.501172	0.00134536
465	0.494792	0.501159	0.00134254
466	0.495944	0.501147	0.00133971
467	0.497471	0.50114	0.00133687
468	0.532068	0.501206	0.00133565
469	0.501833	0.501207	0.0013328
470	0.5432	0.501296	0.00133295
471	0.494177	0.501281	0.00133021
472	0.496235	0.50127	0.00132744
473	0.464142	0.501192	0.00132695
474	0.521507	0.501235	0.00132484
475	0.490558	0.501212	0.00132225
476	0.521765	0.501255	0.00132018
477	0.460152	0.501169	0.00132022
478	0.525487	0.50122	0.00131843
479	0.555839	0.501334	0.0013206
480	0.508221	0.501348	0.00131793
481	0.524038	0.501395	0.00131603
482	0.515828	0.501425	0.00131364
483	0.48805	0.501398	0.00131122
484	0.46864	0.50133	0.00131025
485	0.517238	0.501363	0.00130796
486	0.495708	0.501351	0.00130533
487	0.479378	0.501306	0.00130343
488	0.493468	0.50129	0.00130086
489	0.456225	0.501198	0.00130145
490	0.553324	0.501304	0.00130313
491	0.499966	0.501302	0.00130048
492	0.447775	0.501193	0.00130238
493	0.54093	0.501273	0.00130222
494	0.554899	0.501382	0.0013041
495	0.494537	0.501368	0.00130154
496	0.546144	0.501458	0.00130204
497	0.518161	0.501492	0.00129986
498	0.532539	0.501554	0.00129874
499	0.516211	0.501583	0.00129647
500	0.479597	0.501539	0.00129462
501	0.544412	0.501625	0.00129486
502	0.491325	0.501604	0.00129245
503	0.5019	0.501605	0.00128988
504	0.518939	0.501639	0.00128778
505	0.542433	0.50172	0.00128776
506	0.480002	0.501677	0.00128593
507	0.483643	0.501641	0.00128389
508	0.518894	0.501675	0.00128181
509	0.455932	0.501586	0.00128244
510	0.519653	0.501621	0.00128041
511	0.510269	0.501638	0.00127802
512	0.487402	0.50161	0.00127583
513	0.496788	0.501601	0.00127338
514	0.484718	0.501568	0.00127133
515	0.573759	0.501708	0.00127655
516	0.464462	0.501636	0.00127611
517	0.52915	0.501689	0.00127475
518	0.430752	0.501552	0.00127962
519	0.454668	0.501462	0.00128033
520	0.474892	0.501411	0.00127889
521	0.474793	0.50136	0.00127746
522	0.503276	0.501364	0.00127502
523	0.541015	0.501439	0.00127483
524	0.509373	0.501454	0.00127249
525	0.524111	0.501498	0.0012708
526	0.472118	0.501442	0.00126961
527	0.47497	0.501392	0.00126819
528	0.498164	0.501386	0.00126581
529	0.467118	0.501321	0.00126507
530	0.485593	0.501291	0.00126303
531	0.511764	0.501311	0.00126081
532	0.501864	0.501312	0.00125844
533	0.498838	0.501307	0.00125609
534	0.498926	0.501303	0.00125375
535	0.50515	0.50131	0.00125143
536	0.533572	0.50137	0.00125054
537	0.543447	0.501448	0.00125066
538	0.481269	0.501411	0.0012489
539	0.513823	0.501434	0.0012468
540	0.466861	0.50137	0.00124613
541	0.501559	0.50137	0.00124383
542	0.485701	0.501342	0.00124187
543	0.493162	0.501327	0.00123968
544	0.5039	0.501331	0.00123741
545	0.475011	0.501283	0.00123608
546	0.506579	0.501293	0.00123386
547	0.496662	0.501284	0.00123163
548	0.568123	0.501406	0.0012354
549	0.463548	0.501337	0.00123507
550	0.45862	0.50126	0.00123526
551	0.511446	0.501278	0.00123316
552	0.535818	0.501341	0.00123251
553	0.527748	0.501388	0.00123121
554	0.522084	0.501426	0.00122956
555	0.45222	0.501337	0.00123053
556	0.501003	0.501336	0.00122832
557	0.472601	0.501285	0.0012272
558	0.498437	0.50128	0.00122501
559	0.50805	0.501292	0.00122288
560	0.507967	0.501304	0.00122076
561	0.506085	0.501312	0.00121861
562	0.530867	0.501365	0.00121758
563	0.546343	0.501445	0.00121803
564	0.505852	0.501452	0.0012159
565	0.537132	0.501515	0.00121538
566	0.554031	0.501608	0.00121677
567	0.518389	0.501638	0.00121498
568	0.499658	0.501634	0.00121285
569	0.477351	0.501591	0.00121147
570	0.5074	0.501602	0.00120939
571	0.580857	0.50174	0.0012152
572	0.522029	0.501776	0.00121359
573	0.460891	0.501704	0.00121357
574	0.506585	0.501713	0.00121149
575	0.537616	0.501775	0.00121099
576	0.49021	0.501755	0.00120905
577	0.486807	0.501729	0.00120723
578	0.567022	0.501842	0.00121041
579	0.516247	0.501867	0.00120858
580	0.542547	0.501937	0.00120853
581	0.508315	0.501948	0.0012065
582	0.514379	0.501969	0.00120462
583	0.473632	0.501921	0.00120353
584	0.508901	0.501933	0.00120153
585	0.523308	0.501969	0.00120003
586	0.516063	0.501993	0.00119823
587	0.454984	0.501913	0.00119886
588	0.479347	0.501875	0.00119743
589	0.5105	0.501889	0.00119549
590	0.56822	0.502002	0.00119873
591	0.530709	0.50205	0.00119769
592	0.485551	0.502022	0.00119599
593	0.495587	0.502012	0.00119402
594	0.482572	0.501979	0.00119246
595	0.475456	0.501934	0.00119129
596	0.469181	0.501879	0.00119056
597	0.511792	0.501896	0.00118868
598	0.507493	0.501905	0.00118673
599	0.493746	0.501892	0.00118483
600	0.541731	0.501958	0.00118471
601	0.479163	0.50192	0.00118335
602	0.517685	0.501946	0.00118168
603	0.516541	0.501971	0.00117996
604	0.500142	0.501968	0.00117802
605	0.527016	0.502009	0.0011768
606	0.546831	0.502083	0.00117718
607	0.473144	0.502035	0.0011762
608	0.502587	0.502036	0.00117427
609	0.503876	0.502039	0.00117235
610	0.527606	0.502081	0.00117117
611	0.502791	0.502082	0.00116926
612	0.498797	0.502077	0.00116736
613	0.519316	0.502105	0.0011658
614	0.533415	0.502156	0.00116501
615	0.540312	0.502218	0.00116477
616	0.559303	0.50231	0.00116655
617	0.492045	0.502294	0.00116478
618	0.536229	0.502348	0.00116419
619	0.460251	0.50228	0.00116429
620	0.537966	0.502338	0.00116384
621	0.478633	0.5023	0.00116259
622	0.534906	0.502352	0.0011619
623	0.473793	0.502306	0.00116094
624	0.502178	0.502306	0.00115908
625	0.497253	0.502298	0.00115726
626	0.488365	0.502276	0.00115562
627	0.5529	0.502356	0.00115659
628	0.545104	0.502424	0.00115675
629	0.450797	0.502342	0.00115782
630	0.507986	0.502351	0.00115602
631	0.526016	0.502389	0.00115479
632	0.474334	0.502345	0.00115382
633	0.473759	0.502299	0.00115288
634	0.493612	0.502286	0.00115114
635	0.499715	0.502282	0.00114934
636	0.471331	0.502233	0.00114856
637	0.52725	0.502272	0.00114743
638	0.507536	0.502281	0.00114566
639	0.500677	0.502278	0.00114387
640	0.536046	0.502331	0.0011433
641	0.516525	0.502353	0.00114173
642	0.530837	0.502397	0.00114082
643	0.49236	0.502382	0.00113915
644	0.511068	0.502395	0.00113746
645	0.495393	0.502384	0.00113575
646	0.49644	0.502375	0.00113403
647	0.50074	0.502373	0.00113228
648	0.519699	0.502399	0.00113085
649	0.481884	0.502368	0.00112955
650	0.473292	0.502323	0.0011287
651	0.473505	0.502279	0.00112784
652	0.482308	0.502248	0.00112652
653	0.519557	0.502275	0.00112511
654	0.576003	0.502387	0.00112902
655	0.457065	0.502318	0.00112941
656	0.535367	0.502368	0.00112881
657	0.508816	0.502378	0.00112714
658	0.53435	0.502427	0.00112647
659	0.525763	0.502462	0.00112532
660	0.487509	0.50244	0.00112384
661	0.532603	0.502485	0.00112307
662	0.497004	0.502477	0.0011214
663	0.55766	0.50256	0.00112279
664	0.527021	0.502597	0.0011217
665	0.490864	0.502579	0.00112016
666	0.513866	0.502596	0.00111861
667	0.471259	0.502549	0.00111791
668	0.505113	0.502553	0.00111625
669	0.518138	0.502576	0.00111482
670	0.491373	0.502559	0.00111329
671	0.437561	0.502463	0.00111583
672	0.529362	0.502503	0.00111489
673	0.488663	0.502482	0.00111342
674	0.475166	0.502442	0.00111251
675	0.471815	0.502396	0.00111178
676	0.441691	0.502307	0.00111375
677	0.493365	0.502294	0.00111219
678	0.454485	0.502223	0.00111278
679	0.529335	0.502263	0.00111186
680	0.485271	0.502238	0.0011105
681	0.463103	0.502181	0.00111036
682	0.532661	0.502225	0.00110963
683	0.509772	0.502236	0.00110806
684	0.534708	0.502284	0.00110746
685	0.482555	0.502255	0.00110621
686	0.448092	0.502176	0.00110741
687	0.454204	0.502106	0.001108
688	0.503896	0.502109	0.00110639
689	0.509111	0.502119	0.00110483
690	0.480077	0.502087	0.00110369
691	0.539425	0.502141	0.00110342
692	0.475919	0.502103	0.00110247
693	0.541144	0.50216	0.00110232
694	0.453867	0.50209	0.00110293
695	0.523804	0.502121	0.00110178
696	0.549355	0.502189	0.00110228
697	0.500059	0.502186	0.00110071
698	0.459329	0.502125	0.00110084
699	0.469093	0.502078	0.00110028
700	0.535388	0.502125	0.00109974
701	0.480452	0.502094	0.0010986
702	0.527582	0.50213	0.00109764
703	0.462558	0.502074	0.00109752
704	0.510068	0.502086	0.00109602
705	0.532802	0.502129	0.00109533
706	0.509995	0.50214	0.00109384
707	0.433805	0.502044	0.00109655
708	0.50613	0.502049	0.00109501
709	0.513032	0.502065	0.00109358
710	0.453905	0.501997	0.00109414
711	0.44068	0.501911	0.00109599
712	0.488713	0.501893	0.00109461
713	0.433336	0.501797	0.00109728
714	0.479441	0.501765	0.00109619
715	0.488617	0.501747	0.00109482
716	0.489381	0.50173	0.00109342
717	0.46864	0.501684	0.00109287
718	0.521828	0.501712	0.00109171
719	0.447806	0.501637	0.00109276
720	0.512806	0.501652	0.00109135
721	0.573077	0.501751	0.00109432
722	0.493547	0.50174	0.00109287
723	0.492556	0.501727	0.00109143
724	0.520491	0.501753	0.00109023
725	0.470835	0.50171	0.00108956
726	0.470716	0.501668	0.00108889
727	0.447241	0.501593	0.00108997
728	0.485909	0.501572	0.00108868
729	0.515778	0.501591	0.00108736
730	0.47808	0.501559	0.00108635
731	0.53318	0.501602	0.00108573
732	0.51544	0.501621	0.00108441
733	0.494196	0.501611	0.00108298
734	0.466979	0.501564	0.00108253
735	0.560845	0.501644	0.00108405
736	0.45946	0.501587	0.00108409
737	0.515059	0.501605	0.00108278
738	0.510671	0.501617	0.00108138
739	0.481771	0.501591	0.00108025
740	0.507986	0.501599	0.00107883
741	0.532172	0.501641	0.00107816
742	0.531376	0.501681	0.00107745
743	0.534527	0.501725	0.00107691
744	0.515228	0.501743	0.00107561
745	0.482567	0.501717	0.00107448
746	0.523435	0.501746	0.00107343
747	0.49915	0.501743	0.001072
748	0.497432	0.501737	0.00107059
749	0.415553	0.501622	0.00107531
750	0.496937	0.501616	0.0010739
751	0.544381	0.501673	0.00107398
752	0.518395	0.501695	0.00107278
753	0.446758	0.501622	0.00107383
754	0.536206	0.501668	0.00107339
755	0.482118	0.501642	0.00107228
756	0.477017	0.501609	0.00107135
757	0.491566	0.501596	0.00107002
758	0.477513	0.501564	0.00106908
759	0.453431	0.501501	0.00106955
760	0.541265	0.501553	0.00106942
761	0.522309	0.501581	0.00106836
762	0.480396	0.501553	0.00106732
763	0.480523	0.501525	0.00106628
764	0.522939	0.501553	0.00106525
765	0.483598	0.50153	0.00106412
766	0.516952	0.50155	0.00106292
767	0.479017	0.501521	0.00106194
768	0.50759	0.501529	0.00106059
769	0.520154	0.501553	0.00105949
770	0.513488	0.501568	0.00105823
771	0.504945	0.501573	0.00105686
772	0.553993	0.50164	0.00105767
773	0.54154	0.501692	0.00105756
774	0.518898	0.501714	0.00105643
775	0.570793	0.501803	0.00105882
776	0.447527	0.501733	0.00105976
777	0.518136	0.501754	0.00105861
778	0.484145	0.501732	0.00105749
779	0.465017	0.501685	0.00105718
780	0.491846	0.501672	0.0010559
781	0.472762	0.501635	0.0010552
782	0.497217	0.501629	0.00105386
783	0.489356	0.501614	0.00105263
784	0.493223	0.501603	0.00105135
785	0.5223	0.501629	0.00105034
786	0.477945	0.501599	0.00104943
787	0.548363	0.501659	0.00104978
788	0.561926	0.501735	0.00105123
789	0.483708	0.501712	0.00105014
790	0.507043	0.501719	0.00104884
791	0.515497	0.501736	0.00104766
792	0.515017	0.501753	0.00104647
793	0.468793	0.501712	0.00104597
794	0.523751	0.501739	0.00104503
795	0.550165	0.5018	0.00104548
796	0.49494	0.501792	0.00104421
797	0.522117	0.501817	0.00104321
798	0.53646	0.50186	0.0010428
799	0.530085	0.501896	0.0010421
800	0.488272	0.501879	0.00104093
801	0.446409	0.50181	0.00104193
802	0.500689	0.501808	0.00104064
803	0.54335	0.50186	0.00104062
804	0.519021	0.501881	0.00103955
805	0.509871	0.501891	0.00103831
806	0.468792	0.50185	0.00103783
807	0.494561	0.501841	0.00103658
808	0.470834	0.501803	0.00103601
809	0.519737	0.501825	0.00103497
810	0.485766	0.501805	0.00103388
811	0.439409	0.501728	0.00103546
812	0.462497	0.50168	0.00103531
813	0.486466	0.501661	0.00103421
814	0.495538	0.501654	0.00103297
815	0.502075	0.501654	0.0010317
816	0.461107	0.501605	0.00103163
817	0.502952	0.501606	0.00103037
818	0.492107	0.501595	0.00102918
819	0.489835	0.50158	0.00102802
820	0.447278	0.501514	0.0010289
821	0.50311	0.501516	0.00102764
822	0.559915	0.501587	0.00102884
823	0.529232	0.501621	0.00102814
824	0.516765	0.501639	0.00102706
825	0.474225	0.501606	0.00102635
826	0.527816	0.501637	0.0010256
827	0.488192	0.501621	0.00102449
828	0.492882	0.501611	0.00102331
829	0.457441	0.501557	0.00102346
830	0.501034	0.501557	0.00102223
831	0.498473	0.501553	0.001021
832	0.43408	0.501472	0.00102299
833	0.500751	0.501471	0.00102176
834	0.505462	0.501476	0.00102055
835	0.4528	0.501418	0.00102099
836	0.491075	0.501405	0.00101984
837	0.478878	0.501379	0.00101898
838	0.488701	0.501364	0.00101788
839	0.511079	0.501375	0.00101673
840	0.49788	0.501371	0.00101553
841	0.464414	0.501327	0.00101527
842	0.452195	0.501269	0.00101574
843	0.490056	0.501255	0.00101462
844	0.48114	0.501232	0.0010137
845	0.514592	0.501247	0.00101263
846	0.498844	0.501245	0.00101143
847	0.540796	0.501291	0.00101132
848	0.482126	0.501269	0.00101038
849	0.478069	0.501241	0.00100956
850	0.520479	0.501264	0.00100862
851	0.468369	0.501225	0.00100818
852	0.53577	0.501266	0.00100781
853	0.476099	0.501236	0.00100706
854	0.469557	0.501199	0.00100656
855	0.51809	0.501219	0.00100558
856	0.491122	0.501207	0.00100447
857	0.522452	0.501232	0.00100361
858	0.479459	0.501207	0.00100276
859	0.49273	0.501197	0.00100164
860	0.507589	0.501204	0.00100051
861	0.486485	0.501187	0.00099949
862	0.497778	0.501183	0.000998339
863	0.465025	0.501141	0.000998061
864	0.471347	0.501107	0.000997501
865	0.54371	0.501156	0.000997562
866	0.556944	0.501221	0.000998487
867	0.609901	0.501346	0.00100516
868	0.486293	0.501328	0.00100416
869	0.508253	0.501336	0.00100303
870	0.526592	0.501365	0.0010023
871	0.510763	0.501376	0.00100121
872	0.543907	0.501425	0.00100125
873	0.471569	0.501391	0.00100068
874	0.512022	0.501403	0.000999613
875	0.474229	0.501372	0.000998953
876	0.536417	0.501412	0.000998613
877	0.491794	0.501401	0.000997536
878	0.49315	0.501391	0.000996444
879	0.497696	0.501387	0.00099532
880	0.457617	0.501338	0.00099543
881	0.548108	0.501391	0.000995714
882	0.518296	0.50141	0.00099477
883	0.504089	0.501413	0.000993649
884	0.465735	0.501372	0.000993344
885	0.474481	0.501342	0.000992686
886	0.477221	0.501315	0.000991939
887	0.478197	0.501289	0.000991163
888	0.54271	0.501335	0.000991144
889	0.507176	0.501342	0.000990051
890	0.447747	0.501282	0.000990767
891	0.498946	0.501279	0.000989659
892	0.504271	0.501283	0.000988556
893	0.550394	0.501338	0.000988976
894	0.47037	0.501303	0.000988477
895	0.461998	0.501259	0.000988347
896	0.565166	0.50133	0.000989812
897	0.494421	0.501323	0.000988739
898	0.52522	0.501349	0.000987996
899	0.517048	0.501367	0.000987052
900	0.513948	0.501381	0.000986055
901	0.490666	0.501369	0.000985032
902	0.495752	0.501362	0.000983961
903	0.564192	0.501432	0.000985326
904	0.491667	0.501421	0.000984296
905	0.477954	0.501395	0.00098355
906	0.523538	0.50142	0.000982768
907	0.473742	0.501389	0.000982158
908	0.508855	0.501397	0.000981112
909	0.534456	0.501434	0.000980706
910	0.468542	0.501398	0.000980294
911	0.533864	0.501433	0.000979865
912	0.445179	0.501372	0.000980729
913	0.489628	0.501359	0.000979739
914	0.529241	0.501389	0.000979142
915	0.500412	0.501388	0.000978073
916	0.496137	0.501382	0.000977023
917	0.51054	0.501392	0.000976009
918	0.476982	0.501366	0.000975308
919	0.473339	0.501335	0.000974724
920	0.481161	0.501314	0.000973911
921	0.516952	0.50133	0.000973002
922	0.498941	0.501328	0.000971951
923	0.504047	0.501331	0.000970903
924	0.507521	0.501338	0.000969876
925	0.50954	0.501346	0.000968868
926	0.484056	0.501328	0.000968002
927	0.508066	0.501335	0.000966986
928	0.544389	0.501381	0.000967056
929	0.515621	0.501397	0.000966137
930	0.516319	0.501413	0.000965231
931	0.497428	0.501408	0.000964205
932	0.481451	0.501387	0.000963408
933	0.506766	0.501393	0.000962393
934	0.489792	0.50138	0.000961444
935	0.497115	0.501376	0.000960427
936	0.526421	0.501403	0.000959773
937	0.472677	0.501372	0.000959239
938	0.50973	0.501381	0.000958258
939	0.489948	0.501369	0.000957315
940	0.495864	0.501363	0.000956315
941	0.47569	0.501336	0.000955688
942	0.474181	0.501307	0.000955108
943	0.464308	0.501268	0.000954901
944	0.49367	0.50126	0.000953923
945	0.520295	0.50128	0.000953127
946	0.450442	0.501226	0.000953632
947	0.549047	0.501276	0.00095396
948	0.521579	0.501298	0.000953195
949	0.49204	0.501288	0.000952241
950	0.520737	0.501309	0.000951459
951	0.529973	0.501339	0.000950935
952	0.496115	0.501333	0.000949953
953	0.510189	0.501342	0.000949002
954	0.501503	0.501343	0.000948008
955	0.502284	0.501344	0.000947016
956	0.456316	0.501297	0.000947195
957	0.488525	0.501283	0.0009463
958	0.500659	0.501283	0.000945313
959	0.50332	0.501285	0.00094433
960	0.48663	0.501269	0.00094347
961	0.578649	0.50135	0.000945915
962	0.51722	0.501366	0.000945076
963	0.47002	0.501334	0.000944655
964	0.539343	0.501373	0.000944497
965	0.520179	0.501393	0.00094372
966	0.527644	0.50142	0.000943134
967	0.515443	0.501434	0.000942271
968	0.53094	0.501465	0.00094179
969	0.472197	0.501435	0.000941303
970	0.433279	0.501364	0.000942949
971	0.608741	0.501475	0.000948434
972	0.46674	0.501439	0.000948131
973	0.460336	0.501397	0.000948096
974	0.453299	0.501348	0.000948407
975	0.482951	0.501329	0.000947622
976	0.488206	0.501315	0.000946747
977	0.473875	0.501287	0.000946195
978	0.467478	0.501253	0.000945859
979	0.524992	0.501277	0.000945203
980	0.527295	0.501304	0.000944612
981	0.537221	0.50134	0.000944358
982	0.553203	0.501393	0.000944871
983	0.532219	0.501424	0.00094443
984	0.482223	0.501405	0.000943672
985	0.540149	0.501444	0.000943533
986	0.501089	0.501444	0.000942577
987	0.529945	0.501472	0.000942064
988	0.519021	0.50149	0.000941278
989	0.501178	0.50149	0.000940327
990	0.463572	0.501452	0.000940157
991	0.534266	0.501485	0.000939791
992	0.553259	0.501537	0.00094029
993	0.448451	0.501483	0.000940861
994	0.460849	0.501443	0.000940802
995	0.494593	0.501436	0.000939882
996	0.496304	0.501431	0.000938953
997	0.532512	0.501462	0.000938528
998	0.508563	0.501469	0.000937615
999	0.470257	0.501438	0.000937197
1000	0.460506	0.501397	0.000937153
1001	0.475329	0.501371	0.000936578
1002	0.461569	0.501331	0.000936485
1003	0.545557	0.501375	0.000936589
1004	0.507664	0.501381	0.000935677
1005	0.539963	0.50142	0.000935533
1006	0.4982	0.501416	0.000934609
1007	0.477633	0.501393	0.000933979
1008	0.465164	0.501357	0.000933744
1009	0.495239	0.501351	0.000932839
1010	0.499372	0.501349	0.000931917
1011	0.541535	0.501389	0.000931843
1012	0.494156	0.501382	0.00093095
1013	0.439804	0.501321	0.000932012
1014	0.496923	0.501316	0.000931103
1015	0.506865	0.501322	0.000930202
1016	0.474147	0.501295	0.000929671
1017	0.559948	0.501353	0.000930543
1018	0.505555	0.501357	0.000929638
1019	0.470363	0.501327	0.000929224
1020	0.488384	0.501314	0.0009284
1021	0.455557	0.501269	0.000928571
1022	0.532758	0.5013	0.000928173
1023	0.528826	0.501327	0.000927656
1024	0.494409	0.50132	0.000926775
1025	0.488574	0.501308	0.000925954
1026	0.461079	0.501268	0.000925881
1027	0.496706	0.501264	0.000924991
1028	0.504146	0.501267	0.000924096
1029	0.478348	0.501245	0.000923466
1030	0.517127	0.50126	0.000922699
1031	0.5028	0.501261	0.000921805
1032	0.477908	0.501239	0.00092119
1033	0.51824	0.501255	0.000920446
1034	0.501677	0.501256	0.000919556
1035	0.510373	0.501264	0.00091871
1036	0.516701	0.501279	0.000917944
1037	0.53787	0.501315	0.000917737
1038	0.505261	0.501318	0.000916861
1039	0.535109	0.501351	0.000916555
1040	0.487182	0.501337	0.000915775
1041	0.485362	0.501322	0.000915025
1042	0.513595	0.501334	0.000914223
1043	0.505259	0.501338	0.000913354
1044	0.533668	0.501368	0.000913004
1045	0.513987	0.501381	0.000912211
1046	0.527258	0.501405	0.000911674
1047	0.488362	0.501393	0.000910889
1048	0.481556	0.501374	0.000910216
1049	0.487555	0.501361	0.000909444
1050	0.459953	0.501321	0.000909432
1051	0.53891	0.501357	0.00090927
1052	0.466536	0.501324	0.000909008
1053	0.498951	0.501322	0.000908148
1054	0.469757	0.501292	0.00090778
1055	0.491338	0.501282	0.000906968
1056	0.483972	0.501266	0.000906258
1057	0.50617	0.501271	0.000905413
1058	0.437729	0.501211	0.000906545
1059	0.472711	0.501184	0.000906089
1060	0.452816	0.501138	0.000906381
1061	0.51025	0.501147	0.000905568
1062	0.488234	0.501135	0.000904797
1063	0.459484	0.501095	0.000904794
1064	0.538448	0.501131	0.000904624
1065	0.559452	0.501185	0.000905429
1066	0.465379	0.501152	0.000905203
1067	0.512706	0.501162	0.000904419
1068	0.528802	0.501188	0.000903943
1069	0.484082	0.501172	0.000903239
1070	0.509929	0.501181	0.000902432
1071	0.496049	0.501176	0.000901603
1072	0.528156	0.501201	0.000901113
1073	0.436322	0.50114	0.000902298
1074	0.481067	0.501122	0.000901652
1075	0.531034	0.50115	0.000901242
1076	0.50297	0.501151	0.000900407
1077	0.439447	0.501094	0.00090139
1078	0.487396	0.501081	0.000900644
1079	0.48383	0.501065	0.000899951
1080	0.524131	0.501087	0.000899372
1081	0.470793	0.501059	0.000898976
1082	0.451531	0.501013	0.000899309
1083	0.507997	0.501019	0.000898502
1084	0.509997	0.501028	0.000897712
1085	0.492873	0.50102	0.000896916
1086	0.492678	0.501013	0.000896124
1087	0.497556	0.501009	0.000895305
1088	0.544599	0.501049	0.000895378
1089	0.516993	0.501064	0.000894676
1090	0.481568	0.501046	0.000894034
1091	0.53475	0.501077	0.000893748
1092	0.475397	0.501054	0.000893239
1093	0.53376	0.501083	0.000892923
1094	0.532107	0.501112	0.000892557
1095	0.546886	0.501154	0.000892719
1096	0.574935	0.501221	0.000894438
1097	0.524837	0.501242	0.000893881
1098	0.454148	0.501199	0.000894095
1099	0.506615	0.501204	0.000893296
1100	0.5108	0.501213	0.000892526
1101	0.450353	0.501167	0.00089291
1102	0.491726	0.501158	0.000892141
1103	0.520041	0.501175	0.000891496
1104	0.538243	0.501209	0.000891321
1105	0.496301	0.501205	0.000890526
1106	0.541154	0.501241	0.000890452
1107	0.507024	0.501246	0.000889664
1108	0.549838	0.50129	0.00088994
1109	0.446339	0.50124	0.000890515
1110	0.473344	0.501215	0.000890068
1111	0.508055	0.501221	0.000889288
1112	0.476563	0.501199	0.000888765
1113	0.562337	0.501254	0.000889661
1114	0.484736	0.501239	0.000888986
1115	0.472081	0.501213	0.000888574
1116	0.494666	0.501207	0.000887797
1117	0.488067	0.501195	0.000887081
1118	0.521204	0.501213	0.000886468
1119	0.489651	0.501203	0.000885736
1120	0.512702	0.501213	0.000885005
1121	0.490403	0.501204	0.000884268
1122	0.509308	0.501211	0.00088351
1123	0.525757	0.501233	0.000882994
1124	0.503107	0.501234	0.00088221
1125	0.532396	0.501262	0.000881861
1126	0.47929	0.501242	0.000881294
1127	0.466749	0.501212	0.000881043
1128	0.502689	0.501213	0.000880263
1129	0.452626	0.50117	0.000880534
1130	0.534154	0.501199	0.000880238
1131	0.5157	0.501212	0.000879554
1132	0.516416	0.501226	0.00087888
1133	0.505167	0.501229	0.000878111
1134	0.469246	0.501201	0.00087779
1135	0.500589	0.5012	0.000877017
1136	0.568858	0.50126	0.000878263
1137	0.534584	0.501289	0.00087798
1138	0.486668	0.501276	0.000877302
1139	0.509681	0.501284	0.000876563
1140	0.487681	0.501272	0.000875876
1141	0.500298	0.501271	0.000875109
1142	0.508931	0.501278	0.000874369
1143	0.498486	0.501275	0.000873608
1144	0.513551	0.501286	0.00087291
1145	0.474718	0.501263	0.000872456
1146	0.546213	0.501302	0.000872576
1147	0.482656	0.501286	0.000871967
1148	0.490833	0.501277	0.000871255
1149	0.479507	0.501258	0.000870703
1150	0.471588	0.501232	0.000870328
1151	0.461209	0.501197	0.000870266
1152	0.473452	0.501173	0.000869843
1153	0.464359	0.501141	0.000869675
1154	0.478614	0.501122	0.00086914
1155	0.444455	0.501073	0.00086977
1156	0.500296	0.501072	0.000869019
1157	0.462659	0.501039	0.000868901
1158	0.465648	0.501008	0.000868688
1159	0.490981	0.501	0.000867982
1160	0.514541	0.501011	0.000867312
1161	0.468398	0.500983	0.00086702
1162	0.501265	0.500983	0.000866274
1163	0.538101	0.501015	0.000866117
1164	0.491254	0.501007	0.000865414
1165	0.478736	0.500988	0.000864882
1166	0.505154	0.500991	0.000864148
1167	0.510111	0.500999	0.000863443
1168	0.487678	0.500988	0.00086278
1169	0.48656	0.500975	0.00086213
1170	0.49887	0.500974	0.000861395
1171	0.488751	0.500963	0.000860723
1172	0.510542	0.500971	0.000860028
1173	0.517436	0.500985	0.00085941
1174	0.46081	0.500951	0.000859358
1175	0.440242	0.5009	0.000860178
1176	0.524804	0.50092	0.000859687
1177	0.505318	0.500924	0.000858965
1178	0.559802	0.500974	0.000859687
1179	0.473257	0.50095	0.00085928
1180	0.508168	0.500956	0.000858574
1181	0.511393	0.500965	0.000857892
1182	0.491657	0.500957	0.000857203
1183	0.532232	0.500984	0.000856886
1184	0.485779	0.500971	0.000856259
1185	0.550429	0.501012	0.000856552
1186	0.503093	0.501014	0.000855832
1187	0.500359	0.501014	0.000855111
1188	0.529453	0.501038	0.000854727
1189	0.499023	0.501036	0.00085401
1190	0.50737	0.501041	0.000853309
1191	0.506659	0.501046	0.000852606
1192	0.485829	0.501033	0.000851986
1193	0.490089	0.501024	0.000851322
1194	0.486045	0.501011	0.000850702
1195	0.491501	0.501004	0.000850027
1196	0.497804	0.501001	0.000849321
1197	0.497999	0.500998	0.000848615
1198	0.481188	0.500982	0.000848068
1199	0.524943	0.501002	0.000847596
1200	0.493638	0.500996	0.000846913
1201	0.548719	0.501035	0.000847139
1202	0.542468	0.50107	0.000847135
1203	0.51227	0.501079	0.000846482
1204	0.458102	0.501043	0.000846531
1205	0.459344	0.501009	0.000846535
1206	0.473457	0.500986	0.000846141
1207	0.541104	0.501019	0.000846093
1208	0.490043	0.50101	0.000845441
1209	0.511375	0.501019	0.000844786
1210	0.541541	0.501052	0.000844751
1211	0.534463	0.50108	0.000844503
1212	0.520728	0.501096	0.000843962
1213	0.532153	0.501122	0.000843655
1214	0.525811	0.501142	0.000843205
1215	0.474139	0.50112	0.000842804
1216	0.487373	0.501108	0.000842187
1217	0.508781	0.501115	0.000841519
1218	0.477302	0.501095	0.000841055
1219	0.478776	0.501077	0.000840565
1220	0.496198	0.501073	0.000839885
1221	0.518945	0.501087	0.000839325
1222	0.545968	0.501124	0.000839441
1223	0.541022	0.501157	0.000839388
1224	0.509403	0.501164	0.00083873
1225	0.482988	0.501149	0.000838176
1226	0.498756	0.501147	0.000837495
1227	0.458121	0.501112	0.000837546
1228	0.520438	0.501127	0.000837012
1229	0.471625	0.501103	0.000836675
1230	0.503157	0.501105	0.000835997
1231	0.500336	0.501104	0.000835318
1232	0.481933	0.501089	0.000834785
1233	0.50366	0.501091	0.000834111
1234	0.480617	0.501074	0.0008336
1235	0.501564	0.501075	0.000832926
1236	0.460675	0.501042	0.000832893
1237	0.488091	0.501032	0.000832286
1238	0.494167	0.501026	0.000831632
1239	0.406523	0.50095	0.000834449
1240	0.543995	0.500985	0.000834497
1241	0.48498	0.500972	0.000833925
1242	0.464667	0.500943	0.000833765
1243	0.478892	0.500925	0.000833283
1244	0.531954	0.50095	0.000832987
1245	0.459447	0.500916	0.000832984
1246	0.50002	0.500916	0.000832316
1247	0.564763	0.500967	0.000833221
1248	0.549686	0.501006	0.000833467
1249	0.543187	0.50104	0.000833483
1250	0.501744	0.50104	0.000832817
1251	0.525804	0.50106	0.000832386
1252	0.474288	0.501039	0.000831996
1253	0.497858	0.501036	0.000831336
1254	0.563273	0.501086	0.000832153
1255	0.506478	0.50109	0.000831501
1256	0.500622	0.50109	0.000830839
1257	0.484737	0.501077	0.00083028
1258	0.484357	0.501063	0.000829727
1259	0.479726	0.501046	0.000829241
1260	0.490416	0.501038	0.000828626
1261	0.525012	0.501057	0.000828187
1262	0.525945	0.501077	0.000827766
1263	0.485457	0.501064	0.000827203
1264	0.569019	0.501118	0.000828293
1265	0.465079	0.50109	0.000828127
1266	0.469919	0.501065	0.000827839
1267	0.49625	0.501061	0.000827195
1268	0.494208	0.501056	0.00082656
1269	0.541226	0.501087	0.000826515
1270	0.498059	0.501085	0.000825868
1271	0.534613	0.501111	0.000825639
1272	0.541401	0.501143	0.000825597
1273	0.498074	0.501141	0.000824952
1274	0.544611	0.501175	0.00082501
1275	0.476202	0.501155	0.000824595
1276	0.519673	0.50117	0.000824077
1277	0.525161	0.501188	0.000823646
1278	0.506827	0.501193	0.000823013
1279	0.483356	0.501179	0.000822488
1280	0.562928	0.501227	0.000823258
1281	0.506024	0.501231	0.000822624
1282	0.527871	0.501252	0.000822245
1283	0.50333	0.501253	0.000821606
1284	0.520613	0.501268	0.000821105
1285	0.544174	0.501302	0.000821144
1286	0.466442	0.501275	0.000820953
1287	0.4956	0.50127	0.000820327
1288	0.532355	0.501294	0.000820045
1289	0.51033	0.501301	0.000819439
1290	0.477505	0.501283	0.000819011
1291	0.48262	0.501268	0.000818505
1292	0.480882	0.501253	0.000818023
1293	0.495284	0.501248	0.000817404
1294	0.498505	0.501246	0.000816775
1295	0.458391	0.501213	0.000816814
1296	0.497611	0.50121	0.000816189
1297	0.48278	0.501196	0.000815684
1298	0.505424	0.501199	0.000815062
1299	0.499238	0.501198	0.000814436
1300	0.525285	0.501216	0.00081402
1301	0.516774	0.501228	0.000813483
1302	0.493077	0.501222	0.000812882
1303	0.471155	0.501199	0.000812586
1304	0.502008	0.501199	0.000811963
1305	0.507457	0.501204	0.000811355
1306	0.474005	0.501183	0.000811001
1307	0.548094	0.501219	0.000811174
1308	0.521095	0.501234	0.000810697
1309	0.560409	0.50128	0.000811336
1310	0.49035	0.501271	0.00081076
1311	0.515583	0.501282	0.000810215
1312	0.521067	0.501297	0.000809738
1313	0.48327	0.501283	0.000809238
1314	0.523081	0.5013	0.000808792
1315	0.554033	0.50134	0.00080917
1316	0.510199	0.501347	0.000808583
1317	0.474285	0.501326	0.000808231
1318	0.502951	0.501328	0.000807618
1319	0.476127	0.501308	0.000807232
1320	0.51998	0.501323	0.000806745
1321	0.517118	0.501335	0.000806223
1322	0.517554	0.501347	0.000805706
1323	0.492649	0.50134	0.000805124
1324	0.481862	0.501326	0.000804651
1325	0.496297	0.501322	0.000804053
1326	0.498865	0.50132	0.000803449
1327	0.511135	0.501327	0.000802878
1328	0.471684	0.501305	0.000802583
1329	0.53767	0.501332	0.000802445
1330	0.505628	0.501336	0.000801849
1331	0.501728	0.501336	0.000801247
1332	0.526124	0.501354	0.000800861
1333	0.468243	0.50133	0.000800646
1334	0.514981	0.50134	0.000800111
1335	0.514597	0.50135	0.000799573
1336	0.545576	0.501383	0.00079966
1337	0.509779	0.501389	0.000799086
1338	0.497675	0.501386	0.000798494
1339	0.54331	0.501418	0.000798511
1340	0.467816	0.501393	0.000798309
1341	0.480536	0.501377	0.000797865
1342	0.491275	0.501369	0.000797306
1343	0.498526	0.501367	0.000796716
1344	0.486835	0.501357	0.000796196
1345	0.489509	0.501348	0.000795653
1346	0.54572	0.501381	0.000795745
1347	0.516384	0.501392	0.000795232
1348	0.511208	0.501399	0.000794676
1349	0.497559	0.501396	0.000794092
1350	0.475602	0.501377	0.000793733
1351	0.505965	0.501381	0.000793153
1352	0.536385	0.501406	0.000792989
1353	0.529802	0.501427	0.000792681
1354	0.443555	0.501385	0.000793246
1355	0.5102	0.501391	0.000792688
1356	0.495271	0.501387	0.000792116
1357	0.473633	0.501366	0.000791796
1358	0.509123	0.501372	0.000791234
1359	0.434606	0.501323	0.000792175
1360	0.481472	0.501308	0.000791727
1361	0.496758	0.501305	0.000791152
1362	0.457477	0.501273	0.000791225
1363	0.428209	0.501219	0.000792458
1364	0.479578	0.501203	0.000792036
1365	0.479613	0.501188	0.000791613
1366	0.53236	0.50121	0.000791363
1367	0.491051	0.501203	0.000790819
1368	0.476872	0.501185	0.000790441
1369	0.546543	0.501218	0.000790557
1370	0.507646	0.501223	0.000789994
1371	0.492632	0.501217	0.000789443
1372	0.540816	0.501246	0.000789395
1373	0.540112	0.501274	0.000789327
1374	0.521863	0.501289	0.000788895
1375	0.475685	0.50127	0.000788541
1376	0.53672	0.501296	0.000788389
1377	0.542927	0.501326	0.000788395
1378	0.450079	0.501289	0.0007887
1379	0.459645	0.501259	0.000788705
1380	0.489933	0.501251	0.000788177
1381	0.511345	0.501258	0.00078764
1382	0.477514	0.501241	0.000787257
1383	0.538183	0.501267	0.000787141
1384	0.466969	0.501243	0.000786962
1385	0.48544	0.501231	0.000786477
1386	0.509256	0.501237	0.000785931
1387	0.465201	0.501211	0.000785794
1388	0.539907	0.501239	0.000785722
1389	0.449603	0.501202	0.000786035
1390	0.470452	0.50118	0.00078578
1391	0.513634	0.501189	0.000785267
1392	0.498469	0.501187	0.000784705
1393	0.498157	0.501185	0.000784145
1394	0.47136	0.501163	0.000783874
1395	0.461465	0.501135	0.000783829
1396	0.494136	0.50113	0.000783283
1397	0.520349	0.501143	0.000782844
1398	0.561621	0.501187	0.000783477
1399	0.489296	0.501178	0.000782964
1400	0.510674	0.501185	0.000782434
1401	0.559109	0.501226	0.000782966
1402	0.518141	0.501238	0.000782501
1403	0.533882	0.501262	0.000782289
1404	0.555461	0.5013	0.000782683
1405	0.517939	0.501312	0.000782216
1406	0.450947	0.501276	0.000782479
1407	0.461974	0.501248	0.000782421
1408	0.455971	0.501216	0.000782526
1409	0.480314	0.501201	0.000782111
1410	0.5514	0.501237	0.000782366
1411	0.568867	0.501285	0.000783277
1412	0.515806	0.501295	0.00078279
1413	0.535969	0.50132	0.000782621
1414	0.477134	0.501303	0.000782254
1415	0.50602	0.501306	0.000781709
1416	0.454639	0.501273	0.000781851
1417	0.51844	0.501285	0.000781393
1418	0.548102	0.501318	0.000781539
1419	0.48212	0.501304	0.000781105
1420	0.496451	0.501301	0.000780563
1421	0.508247	0.501306	0.000780029
1422	0.488095	0.501297	0.000779536
1423	0.481968	0.501283	0.000779107
1424	0.49043	0.501275	0.000778597
1425	0.516084	0.501286	0.00077812
1426	0.496118	0.501282	0.000777583
1427	0.517567	0.501294	0.000777122
1428	0.458918	0.501264	0.000777144
1429	0.48039	0.501249	0.000776737
1430	0.521995	0.501264	0.00077633
1431	0.495779	0.50126	0.000775797
1432	0.46677	0.501236	0.000775629
1433	0.523687	0.501252	0.000775246
1434	0.520578	0.501265	0.000774823
1435	0.506926	0.501269	0.000774293
1436	0.466499	0.501245	0.000774132
1437	0.502045	0.501245	0.000773594
1438	0.448931	0.501209	0.00077391
1439	0.478722	0.501193	0.00077353
1440	0.463597	0.501167	0.000773434
1441	0.522064	0.501182	0.000773033
1442	0.500868	0.501182	0.000772497
1443	0.519894	0.501195	0.000772071
1444	0.506391	0.501198	0.000771544
1445	0.459735	0.50117	0.000771544
1446	0.523228	0.501185	0.000771161
1447	0.517879	0.501196	0.000770715
1448	0.504814	0.501199	0.000770186
1449	0.485565	0.501188	0.000769731
1450	0.518237	0.5012	0.00076929
1451	0.524968	0.501216	0.000768934
1452	0.442471	0.501176	0.000769468
1453	0.470333	0.501154	0.000769231
1454	0.456367	0.501124	0.000769318
1455	0.487271	0.501114	0.000768848
1456	0.516367	0.501125	0.000768392
1457	0.525859	0.501142	0.000768052
1458	0.484034	0.50113	0.000767615
1459	0.520881	0.501143	0.000767208
1460	0.508684	0.501149	0.0007667
1461	0.485156	0.501138	0.000766254
1462	0.490534	0.50113	0.000765764
1463	0.509609	0.501136	0.000765263
1464	0.484958	0.501125	0.00076482
1465	0.506342	0.501129	0.000764306
1466	0.458574	0.5011	0.000764336
1467	0.488668	0.501091	0.000763862
1468	0.493066	0.501086	0.000763361
1469	0.524688	0.501102	0.000763011
1470	0.452792	0.501069	0.000763199
1471	0.478676	0.501054	0.000762832
1472	0.497368	0.501051	0.000762318
1473	0.527174	0.501069	0.000762007
1474	0.47062	0.501048	0.00076177
1475	0.48436	0.501037	0.000761337
1476	0.462388	0.501011	0.000761271
1477	0.483928	0.500999	0.000760844
1478	0.469884	0.500978	0.00076062
1479	0.532328	0.500999	0.000760401
1480	0.43042	0.500952	0.000761381
1481	0.530933	0.500972	0.000761136
1482	0.517501	0.500983	0.000760704
1483	0.502295	0.500984	0.000760192
1484	0.527418	0.501002	0.000759888
1485	0.568358	0.501047	0.000760728
1486	0.523657	0.501062	0.000760368
1487	0.486121	0.501052	0.000759924
1488	0.431556	0.501006	0.000760846
1489	0.488906	0.500998	0.000760379
1490	0.505844	0.501001	0.000759875
1491	0.459059	0.500973	0.000759886
1492	0.518823	0.500985	0.000759471
1493	0.530544	0.501004	0.00075922
1494	0.457113	0.500975	0.00075928
1495	0.497564	0.500973	0.000758776
1496	0.510044	0.500979	0.000758293
1497	0.527993	0.500997	0.000758001
1498	0.482942	0.500985	0.000757591
1499	0.478056	0.50097	0.00075724
1500	0.493682	0.500965	0.000756751
1501	0.467355	0.500942	0.000756578
1502	0.461079	0.500916	0.00075654
1503	0.491	0.500909	0.000756065
1504	0.458811	0.500881	0.00075608
1505	0.478243	0.500866	0.000755728
1506	0.478736	0.500852	0.000755369
1507	0.544691	0.500881	0.000755427
1508	0.482631	0.500868	0.000755023
1509	0.497809	0.500866	0.000754526
1510	0.501514	0.500867	0.000754026
1511	0.533104	0.500888	0.000753829
1512	0.456895	0.500859	0.000753892
1513	0.501013	0.500859	0.000753394
1514	0.48843	0.500851	0.000752941
1515	0.422193	0.500799	0.000754231
1516	0.477631	0.500784	0.000753888
1517	0.531548	0.500804	0.000753664
1518	0.517426	0.500815	0.000753247
1519	0.489015	0.500807	0.000752791
1520	0.472529	0.500789	0.000752526
1521	0.487753	0.50078	0.00075208
1522	0.495727	0.500777	0.000751593
1523	0.458049	0.500749	0.000751623
1524	0.530364	0.500768	0.000751381
1525	0.577931	0.500819	0.000752589
1526	0.50943	0.500824	0.000752117
1527	0.509088	0.50083	0.000751644
1528	0.496847	0.500827	0.000751157
1529	0.489412	0.50082	0.000750703
1530	0.466694	0.500797	0.000750544
1531	0.491076	0.500791	0.000750081
1532	0.49125	0.500785	0.000749617
1533	0.485759	0.500775	0.000749192
1534	0.498915	0.500774	0.000748705
1535	0.48627	0.500764	0.000748277
1536	0.468215	0.500743	0.00074809
1537	0.476477	0.500728	0.00074777
1538	0.494246	0.500723	0.000747295
1539	0.529103	0.500742	0.000747037
1540	0.519088	0.500754	0.000746647
1541	0.523618	0.500768	0.00074631
1542	0.48785	0.50076	0.000745873
1543	0.464106	0.500736	0.000745768
1544	0.497185	0.500734	0.000745289
1545	0.50963	0.50074	0.000744829
1546	0.47326	0.500722	0.000744559
1547	0.497295	0.50072	0.000744081
1548	0.47133	0.500701	0.000743843
1549	0.460855	0.500675	0.000743807
1550	0.479206	0.500661	0.000743456
1551	0.495364	0.500658	0.000742985
1552	0.492078	0.500652	0.000742527
1553	0.491029	0.500646	0.000742075
1554	0.496311	0.500643	0.000741603
1555	0.517088	0.500654	0.000741201
1556	0.494968	0.50065	0.000740734
1557	0.459171	0.500624	0.000740737
1558	0.518004	0.500635	0.000740346
1559	0.441289	0.500597	0.000740848
1560	0.475192	0.500581	0.000740552
1561	0.496224	0.500578	0.000740083
1562	0.500038	0.500577	0.00073961
1563	0.515756	0.500587	0.000739201
1564	0.48806	0.500579	0.000738771
1565	0.494843	0.500575	0.000738309
1566	0.462993	0.500551	0.000738227
1567	0.511482	0.500558	0.000737789
1568	0.539627	0.500583	0.000737739
1569	0.496683	0.500581	0.000737273
1570	0.492126	0.500575	0.000736823
1571	0.516603	0.500586	0.000736425
1572	0.501865	0.500586	0.000735957
1573	0.501575	0.500587	0.00073549
1574	0.53895	0.500611	0.000735426
1575	0.494403	0.500608	0.00073497
1576	0.496747	0.500605	0.000734508
1577	0.51296	0.500613	0.000734084
1578	0.518922	0.500624	0.00073371
1579	0.479775	0.500611	0.000733365
1580	0.473621	0.500594	0.000733099
1581	0.523963	0.500609	0.000732785
1582	0.519602	0.500621	0.00073242
1583	0.498495	0.50062	0.000731959
1584	0.504258	0.500622	0.0007315
1585	0.49847	0.500621	0.00073104
1586	0.513671	0.500629	0.000730626
1587	0.493702	0.500624	0.000730178
1588	0.489931	0.500618	0.00072975
1589	0.491597	0.500612	0.000729313
1590	0.521177	0.500625	0.000728969
1591	0.483943	0.500614	0.000728586
1592	0.494916	0.500611	0.000728137
1593	0.553907	0.500644	0.000728448
1594	0.495379	0.500641	0.000727999
1595	0.467167	0.50062	0.000727845
1596	0.510784	0.500626	0.000727417
1597	0.46378	0.500603	0.000727327
1598	0.526579	0.50062	0.000727054
1599	0.515047	0.500629	0.000726655
1600	0.515856	0.500638	0.000726263
1601	0.522272	0.500652	0.000725935
1602	0.528299	0.500669	0.000725687
1603	0.53199	0.500688	0.000725498
1604	0.4842	0.500678	0.000725118
1605	0.484876	0.500668	0.000724733
1606	0.54019	0.500693	0.0007247
1607	0.513227	0.500701	0.000724291
1608	0.538548	0.500724	0.000724223
1609	0.504534	0.500727	0.000723776
1610	0.542046	0.500752	0.000723782
1611	0.486347	0.500743	0.000723388
1612	0.511497	0.50075	0.00072297
1613	0.490282	0.500743	0.000722551
1614	0.513291	0.500751	0.000722145
1615	0.530652	0.50077	0.000721935
1616	0.519381	0.500781	0.00072158
1617	0.525914	0.500797	0.000721302
1618	0.492329	0.500792	0.000720875
1619	0.468712	0.500772	0.000720702
1620	0.463184	0.500749	0.00072063
1621	0.513021	0.500756	0.000720226
1622	0.430113	0.500713	0.000721097
1623	0.484491	0.500703	0.000720722
1624	0.500866	0.500703	0.000720278
1625	0.482796	0.500692	0.000719919
1626	0.49232	0.500687	0.000719495
1627	0.572419	0.500731	0.000720402
1628	0.485482	0.500721	0.00072002
1629	0.470969	0.500703	0.00071981
1630	0.424512	0.500656	0.000720883
1631	0.50179	0.500657	0.000720442
1632	0.503468	0.500659	0.000720003
1633	0.520258	0.500671	0.000719662
1634	0.514637	0.500679	0.000719272
1635	0.500853	0.500679	0.000718832
1636	0.497466	0.500677	0.000718396
1637	0.494699	0.500674	0.000717966
1638	0.477272	0.500659	0.00071767
1639	0.454978	0.500632	0.000717773
1640	0.458064	0.500606	0.000717805
1641	0.480236	0.500593	0.000717475
1642	0.553958	0.500626	0.000717773
1643	0.523269	0.50064	0.000717468
1644	0.508832	0.500645	0.000717049
1645	0.505951	0.500648	0.000716621
1646	0.474023	0.500632	0.000716368
1647	0.507995	0.500636	0.000715947
1648	0.499019	0.500635	0.000715514
1649	0.510301	0.500641	0.000715104
1650	0.520255	0.500653	0.000714769
1651	0.551227	0.500683	0.000714992
1652	0.468293	0.500664	0.000714828
1653	0.466733	0.500643	0.00071469
1654	0.463798	0.500621	0.000714605
1655	0.463039	0.500598	0.000714534
1656	0.487898	0.500591	0.000714144
1657	0.493074	0.500586	0.000713727
1658	0.462662	0.500563	0.000713663
1659	0.495662	0.50056	0.000713239
1660	0.502597	0.500562	0.000712811
1661	0.499039	0.500561	0.000712382
1662	0.498202	0.500559	0.000711955
1663	0.497954	0.500558	0.000711529
1664	0.487792	0.50055	0.000711143
1665	0.53626	0.500571	0.000711039
1666	0.493958	0.500567	0.000710623
1667	0.484573	0.500558	0.000710262
1668	0.486171	0.500549	0.000709889
1669	0.515197	0.500558	0.000709518
1670	0.531216	0.500576	0.00070933
1671	0.544221	0.500602	0.000709386
1672	0.46828	0.500583	0.000709225
1673	0.483304	0.500573	0.000708877
1674	0.485681	0.500564	0.000708509
1675	0.521336	0.500576	0.000708195
1676	0.511387	0.500583	0.000707802
1677	0.478839	0.50057	0.000707498
1678	0.48962	0.500563	0.000707107
1679	0.475598	0.500548	0.000706842
1680	0.511004	0.500555	0.000706449
1681	0.494676	0.500551	0.000706037
1682	0.533865	0.500571	0.000705895
1683	0.493648	0.500567	0.000705488
1684	0.489458	0.50056	0.0007051
1685	0.546503	0.500587	0.000705208
1686	0.514041	0.500595	0.000704835
1687	0.557363	0.500629	0.00070522
1688	0.535876	0.50065	0.000705111
1689	0.479783	0.500638	0.000704802
1690	0.535401	0.500658	0.000704685
1691	0.51309	0.500666	0.000704307
1692	0.501957	0.500666	0.000703891
1693	0.489847	0.50066	0.000703504
1694	0.510633	0.500666	0.000703114
1695	0.546197	0.500693	0.000703212
1696	0.517915	0.500703	0.000702871
1697	0.519499	0.500714	0.000702544
1698	0.535027	0.500734	0.000702421
1699	0.52532	0.500749	0.000702156
1700	0.492959	0.500744	0.000701758
1701	0.478503	0.500731	0.000701468
1702	0.483369	0.500721	0.00070113
1703	0.480688	0.500709	0.000700817
1704	0.484694	0.5007	0.000700468
1705	0.479329	0.500687	0.00070017
1706	0.492937	0.500682	0.000699774
1707	0.480886	0.500671	0.00069946
1708	0.501808	0.500672	0.000699051
1709	0.543542	0.500697	0.000699092
1710	0.466976	0.500677	0.000698961
1711	0.532454	0.500695	0.000698799
1712	0.524428	0.500709	0.000698529
1713	0.433188	0.50067	0.000699232
1714	0.473023	0.500654	0.00069901
1715	0.506666	0.500657	0.000698611
1716	0.476515	0.500643	0.000698346
1717	0.501577	0.500644	0.000697939
1718	0.530474	0.500661	0.000697749
1719	0.5179	0.500671	0.000697415
1720	0.504678	0.500673	0.000697014
1721	0.557814	0.500707	0.000697399
1722	0.521732	0.500719	0.000697101
1723	0.467936	0.5007	0.000696956
1724	0.537775	0.500721	0.000696883
1725	0.469479	0.500703	0.000696714
1726	0.481358	0.500692	0.000696401
1727	0.450595	0.500663	0.000696601
1728	0.441682	0.500629	0.000697034
1729	0.507801	0.500633	0.000696643
1730	0.547556	0.50066	0.000696768
1731	0.481059	0.500649	0.000696457
1732	0.533606	0.500668	0.000696315
1733	0.489729	0.500662	0.000695942
1734	0.420397	0.500615	0.000697078
1735	0.464275	0.500594	0.00069699
1736	0.500309	0.500594	0.000696589
1737	0.491257	0.500589	0.000696209
1738	0.531145	0.500606	0.00069603
1739	0.436799	0.50057	0.000696596
1740	0.514625	0.500578	0.000696242
1741	0.466385	0.500558	0.000696119
1742	0.497056	0.500556	0.000695723
1743	0.506469	0.50056	0.000695332
1744	0.474643	0.500545	0.000695092
1745	0.516089	0.500554	0.000694751
1746	0.506042	0.500557	0.00069436
1747	0.494266	0.500553	0.000693972
1748	0.549935	0.500581	0.00069415
1749	0.471681	0.500565	0.00069395
1750	0.485548	0.500556	0.000693606
1751	0.522756	0.500569	0.000693326
1752	0.529189	0.500585	0.000693123
1753	0.456915	0.50056	0.000693175
1754	0.490047	0.500554	0.000692806
1755	0.495475	0.500552	0.000692417
1756	0.483648	0.500542	0.00069209
1757	0.473249	0.500526	0.00069187
1758	0.501507	0.500527	0.000691477
1759	0.491637	0.500522	0.000691102
1760	0.470701	0.500505	0.000690917
1761	0.522594	0.500517	0.000690639
1762	0.547206	0.500544	0.000690755
1763	0.500541	0.500544	0.000690363
1764	0.482026	0.500533	0.000690052
1765	0.531965	0.500551	0.00068989
1766	0.46929	0.500534	0.000689727
1767	0.510046	0.500539	0.000689358
1768	0.470641	0.500522	0.000689175
1769	0.474385	0.500507	0.000688944
1770	0.520418	0.500519	0.000688646
1771	0.533495	0.500537	0.000688509
1772	0.481252	0.500526	0.000688207
1773	0.54042	0.500549	0.000688186
1774	0.4899	0.500543	0.000687825
1775	0.509468	0.500548	0.000687456
1776	0.568261	0.500586	0.000688124
1777	0.474735	0.500571	0.000687891
1778	0.484678	0.500562	0.000687562
1779	0.508721	0.500567	0.000687191
1780	0.52582	0.500581	0.000686952
1781	0.532019	0.500599	0.000686793
1782	0.489539	0.500593	0.000686435
1783	0.472702	0.500577	0.000686229
1784	0.494303	0.500573	0.000685853
1785	0.496686	0.500571	0.000685472
1786	0.490936	0.500566	0.00068511
1787	0.498021	0.500564	0.000684728
1788	0.547558	0.500591	0.000684849
1789	0.520699	0.500602	0.000684559
1790	0.468778	0.500584	0.000684407
1791	0.511231	0.50059	0.000684051
1792	0.535338	0.50061	0.000683944
1793	0.573909	0.50065	0.000684782
1794	0.520584	0.500661	0.000684491
1795	0.468313	0.500643	0.000684347
1796	0.485266	0.500635	0.000684019
1797	0.521279	0.500646	0.000683735
1798	0.522358	0.500658	0.000683462
1799	0.44323	0.500627	0.000683827
1800	0.518716	0.500637	0.000683521
1801	0.541364	0.500659	0.000683515
1802	0.500571	0.500659	0.000683136
1803	0.519935	0.50067	0.000682841
1804	0.53499	0.500689	0.000682727
1805	0.510431	0.500694	0.00068237
1806	0.519619	0.500705	0.000682073
1807	0.49219	0.5007	0.000681712
1808	0.478152	0.500688	0.000681449
1809	0.516583	0.500696	0.000681129
1810	0.499139	0.500695	0.000680753
1811	0.475595	0.500682	0.000680518
1812	0.520913	0.500693	0.000680234
1813	0.518275	0.500702	0.000679928
1814	0.475546	0.500689	0.000679695
1815	0.546176	0.500714	0.000679782
1816	0.529926	0.50073	0.000679598
1817	0.49158	0.500725	0.000679243
1818	0.492183	0.50072	0.000678886
1819	0.519932	0.500731	0.000678595
1820	0.476873	0.500717	0.000678348
1821	0.540601	0.500739	0.000678329
1822	0.462443	0.500718	0.000678283
1823	0.517699	0.500728	0.000677974
1824	0.479719	0.500716	0.000677701
1825	0.455384	0.500691	0.000677784
1826	0.510244	0.500697	0.000677433
1827	0.519708	0.500707	0.000677142
1828	0.468507	0.500689	0.000677001
1829	0.501719	0.50069	0.000676631
1830	0.492236	0.500685	0.000676277
1831	0.474223	0.500671	0.000676062
1832	0.490068	0.500665	0.000675718
1833	0.537202	0.500685	0.000675644
1834	0.506113	0.500688	0.000675282
1835	0.51462	0.500696	0.000674956
1836	0.486023	0.500688	0.000674636
1837	0.517927	0.500697	0.000674334
1838	0.529396	0.500713	0.000674148
1839	0.509291	0.500717	0.000673798
1840	0.498447	0.500716	0.000673433
1841	0.550197	0.500743	0.000673603
1842	0.473076	0.500728	0.000673405
1843	0.488746	0.500721	0.000673071
1844	0.467586	0.500703	0.000672946
1845	0.531609	0.50072	0.000672789
1846	0.464488	0.5007	0.000672711
1847	0.494281	0.500697	0.000672356
1848	0.475971	0.500684	0.000672125
1849	0.495904	0.500681	0.000671767
1850	0.443774	0.50065	0.000672107
1851	0.492605	0.500646	0.000671758
1852	0.493344	0.500642	0.000671407
1853	0.515955	0.50065	0.000671096
1854	0.438347	0.500617	0.000671574
1855	0.510779	0.500622	0.000671235
1856	0.49673	0.50062	0.000670876
1857	0.519257	0.50063	0.00067059
1858	0.559687	0.500662	0.000670982
1859	0.455854	0.500638	0.000671054
1860	0.510067	0.500643	0.000670712
1861	0.520311	0.500653	0.000670435
1862	0.51688	0.500662	0.000670132
1863	0.553585	0.500691	0.000670374
1864	0.507742	0.500694	0.000670025
1865	0.554256	0.500723	0.00067028
1866	0.491251	0.500718	0.000669941
1867	0.520594	0.500729	0.000669666
1868	0.42642	0.500689	0.000670488
1869	0.546148	0.500713	0.00067057
1870	0.496485	0.500711	0.000670215
1871	0.554342	0.50074	0.00067047
1872	0.479538	0.500728	0.000670207
1873	0.550243	0.500755	0.00067037
1874	0.528592	0.500769	0.000670177
1875	0.525319	0.500783	0.000669948
1876	0.508849	0.500787	0.000669604
1877	0.483661	0.500778	0.00066931
1878	0.480106	0.500767	0.000669044
1879	0.505786	0.500769	0.000668693
1880	0.527365	0.500784	0.000668487
1881	0.498819	0.500782	0.000668133
1882	0.482889	0.500773	0.000667845
1883	0.489479	0.500767	0.000667518
1884	0.498108	0.500766	0.000667165
1885	0.478988	0.500754	0.000666911
1886	0.533907	0.500772	0.000666789
1887	0.486626	0.500764	0.000666478
1888	0.503017	0.500765	0.000666126
1889	0.491371	0.50076	0.000665792
1890	0.498364	0.500759	0.000665441
1891	0.568668	0.500795	0.000666057
1892	0.436398	0.500761	0.000666574
1893	0.522057	0.500772	0.000666317
1894	0.484568	0.500764	0.00066602
1895	0.497045	0.500762	0.000665671
1896	0.487292	0.500755	0.000665358
1897	0.487238	0.500747	0.000665046
1898	0.50489	0.50075	0.000664699
1899	0.46044	0.500728	0.000664688
1900	0.465135	0.50071	0.000664602
1901	0.475061	0.500696	0.000664389
1902	0.537215	0.500715	0.000664317
1903	0.454831	0.500691	0.000664405
1904	0.563075	0.500724	0.000664864
1905	0.45249	0.500699	0.000664996
1906	0.521232	0.50071	0.000664735
1907	0.500754	0.50071	0.000664386
1908	0.493346	0.500706	0.000664049
1909	0.56155	0.500738	0.000664466
1910	0.523967	0.50075	0.000664229
1911	0.522127	0.500761	0.000663976
1912	0.52904	0.500776	0.000663793
1913	0.479338	0.500764	0.000663541
1914	0.478906	0.500753	0.000663292
1915	0.511033	0.500758	0.000662968
1916	0.506687	0.500761	0.000662629
1917	0.496157	0.500759	0.000662288
1918	0.51311	0.500766	0.000661974
1919	0.482811	0.500756	0.000661695
1920	0.503984	0.500758	0.000661353
1921	0.516172	0.500766	0.000661057
1922	0.52667	0.500779	0.000660851
1923	0.525858	0.500792	0.000660636
1924	0.507084	0.500796	0.000660301
1925	0.524942	0.500808	0.000660077
1926	0.488901	0.500802	0.000659763
1927	0.470496	0.500786	0.000659608
1928	0.481782	0.500776	0.00065934
1929	0.448215	0.500749	0.00065956
1930	0.535633	0.500767	0.000659466
1931	0.561285	0.500799	0.000659869
1932	0.603007	0.500851	0.000661643
1933	0.466362	0.500834	0.000661542
1934	0.501986	0.500834	0.0006612
1935	0.487162	0.500827	0.000660896
1936	0.486968	0.50082	0.000660594
1937	0.51881	0.500829	0.000660318
1938	0.454993	0.500806	0.0006604
1939	0.483779	0.500797	0.000660118
1940	0.460356	0.500776	0.000660107
1941	0.502873	0.500777	0.000659768
1942	0.490456	0.500772	0.00065945
1943	0.532406	0.500788	0.000659311
1944	0.500942	0.500788	0.000658972
1945	0.47133	0.500773	0.000658807
1946	0.508401	0.500777	0.00065848
1947	0.519787	0.500787	0.000658215
1948	0.503986	0.500788	0.000657879
1949	0.503149	0.50079	0.000657543
1950	0.491519	0.500785	0.000657223
1951	0.51332	0.500791	0.000656917
1952	0.498798	0.50079	0.000656582
1953	0.54171	0.500811	0.00065658
1954	0.470949	0.500796	0.000656421
1955	0.475925	0.500783	0.000656209
1956	0.549848	0.500808	0.000656353
1957	0.494925	0.500805	0.000656024
1958	0.453801	0.500781	0.000656128
1959	0.524997	0.500794	0.00065591
1960	0.506786	0.500797	0.000655582
1961	0.491606	0.500792	0.000655265
1962	0.526777	0.500805	0.000655064
1963	0.529793	0.50082	0.000654897
1964	0.537759	0.500839	0.000654834
1965	0.498475	0.500838	0.000654502
1966	0.480269	0.500827	0.000654252
1967	0.531654	0.500843	0.000654107
1968	0.520388	0.500853	0.000653851
1969	0.522182	0.500864	0.000653608
1970	0.527315	0.500877	0.000653414
1971	0.491414	0.500872	0.000653101
1972	0.494791	0.500869	0.000652777
1973	0.480705	0.500859	0.000652526
1974	0.531782	0.500874	0.000652383
1975	0.448388	0.500848	0.000652594
1976	0.483023	0.500839	0.000652326
1977	0.518516	0.500848	0.000652057
1978	0.510147	0.500853	0.000651745
1979	0.495304	0.50085	0.000651422
1980	0.479296	0.500839	0.000651184
1981	0.489875	0.500833	0.000650878
1982	0.501266	0.500834	0.00065055
1983	0.513556	0.50084	0.000650254
1984	0.455384	0.500817	0.000650329
1985	0.524638	0.500829	0.000650113
1986	0.478491	0.500818	0.000649883
1987	0.48316	0.500809	0.000649616
1988	0.515546	0.500816	0.000649332
1989	0.480947	0.500806	0.000649082
1990	0.508514	0.50081	0.000648768
1991	0.501773	0.500811	0.000648442
1992	0.515388	0.500818	0.000648158
1993	0.519184	0.500827	0.000647898
1994	0.481319	0.500817	0.000647647
1995	0.517172	0.500826	0.000647375
1996	0.499	0.500825	0.000647051
1997	0.511554	0.50083	0.000646749
1998	0.565609	0.500863	0.000647237
1999	0.457542	0.500841	0.000647276
2000	0.508763	0.500845	0.000646965
2001	0.461684	0.500825	0.000646937
2002	0.49409	0.500822	0.000646623
2003	0.49397	0.500818	0.000646309
2004	0.492201	0.500814	0.000646001
2005	0.4586	0.500793	0.000646022
2006	0.502977	0.500794	0.000645701
2007	0.489509	0.500789	0.000645404
2008	0.480247	0.500778	0.000645163
2009	0.48947	0.500773	0.000644867
2010	0.490113	0.500767	0.000644568
2011	0.509186	0.500772	0.000644261
2012	0.521294	0.500782	0.000644022
2013	0.45548	0.500759	0.000644095
2014	0.496057	0.500757	0.000643779
2015	0.505338	0.500759	0.000643464
2016	0.495424	0.500757	0.00064315
2017	0.495213	0.500754	0.000642837
2018	0.532535	0.50077	0.000642712
2019	0.522642	0.50078	0.000642485
2020	0.513167	0.500787	0.000642196
2021	0.509926	0.500791	0.000641894
2022	0.552607	0.500817	0.000642088
2023	0.507216	0.50082	0.000641778
2024	0.453181	0.500796	0.000641892
2025	0.535074	0.500813	0.000641799
2026	0.516953	0.500821	0.000641531
2027	0.50417	0.500823	0.000641217
2028	0.523223	0.500834	0.000640996
2029	0.53248	0.50085	0.00064087
2030	0.490624	0.500844	0.000640574
2031	0.497979	0.500843	0.00064026
2032	0.538784	0.500862	0.000640217
2033	0.5175	0.50087	0.000639955
2034	0.514652	0.500877	0.000639676
2035	0.490051	0.500871	0.000639384
2036	0.503769	0.500873	0.000639071
2037	0.54559	0.500895	0.000639135
2038	0.516894	0.500903	0.000638869
2039	0.497867	0.500901	0.000638558
2040	0.487587	0.500895	0.000638278
2041	0.472621	0.500881	0.000638116
2042	0.436466	0.500849	0.000638582
2043	0.500076	0.500849	0.00063827
2044	0.50304	0.50085	0.000637958
2045	0.483333	0.500841	0.000637704
2046	0.49617	0.500839	0.000637397
2047	0.491901	0.500835	0.0006371
2048	0.499366	0.500834	0.00063679
2049	0.552295	0.500859	0.000636974
2050	0.517265	0.500867	0.000636713
2051	0.485246	0.500859	0.000636448
2052	0.504838	0.500861	0.000636141
2053	0.481758	0.500852	0.0006359
2054	0.53097	0.500867	0.000635759
2055	0.487884	0.50086	0.000635481
2056	0.503268	0.500862	0.000635173
2057	0.480758	0.500852	0.00063494
2058	0.45107	0.500828	0.000635092
2059	0.466077	0.500811	0.000635007
2060	0.488805	0.500805	0.000634726
2061	0.479863	0.500795	0.000634499
2062	0.522001	0.500805	0.000634275
2063	0.535033	0.500822	0.000634184
2064	0.5334	0.500837	0.000634073
2065	0.505917	0.50084	0.000633771
2066	0.536787	0.500857	0.000633703
2067	0.501547	0.500858	0.000633397
2068	0.531311	0.500872	0.000633262
2069	0.531186	0.500887	0.000633125
2070	0.499209	0.500886	0.00063282
2071	0.523228	0.500897	0.000632606
2072	0.495027	0.500894	0.000632307
2073	0.50125	0.500894	0.000632002
2074	0.524572	0.500906	0.000631801
2075	0.49866	0.500905	0.000631497
2076	0.476978	0.500893	0.000631298
2077	0.506033	0.500896	0.000630999
2078	0.523455	0.500906	0.000630789
2079	0.462894	0.500888	0.00063075
2080	0.471412	0.500874	0.000630606
2081	0.528348	0.500887	0.000630442
2082	0.522815	0.500898	0.000630227
2083	0.512635	0.500903	0.000629949
2084	0.520818	0.500913	0.00062972
2085	0.524319	0.500924	0.000629518
2086	0.518815	0.500933	0.000629274
2087	0.475499	0.500921	0.000629091
2088	0.481262	0.500911	0.00062886
2089	0.450069	0.500887	0.00062903
2090	0.485758	0.50088	0.00062877
2091	0.567722	0.500911	0.000629282
2092	0.501009	0.500912	0.000628981
2093	0.449041	0.500887	0.000629168
2094	0.495502	0.500884	0.000628873
2095	0.524686	0.500896	0.000628675
2096	0.54682	0.500917	0.000628757
2097	0.484326	0.50091	0.000628507
2098	0.511725	0.500915	0.000628229
2099	0.468645	0.500899	0.000628117
2100	0.502281	0.5009	0.000627819
2101	0.480378	0.50089	0.000627596
2102	0.53342	0.500906	0.000627488
2103	0.508023	0.500909	0.000627199
2104	0.55256	0.500934	0.000627381
2105	0.508492	0.500937	0.000627093
2106	0.501991	0.500938	0.000626796
2107	0.482662	0.500929	0.000626558
2108	0.549938	0.500952	0.000626692
2109	0.48041	0.500943	0.000626471
2110	0.426334	0.500907	0.000627171
2111	0.479385	0.500897	0.000626956
2112	0.444526	0.50087	0.000627227
2113	0.524439	0.500881	0.00062703
2114	0.520265	0.500891	0.0006268
2115	0.462263	0.500872	0.00062677
2116	0.484503	0.500865	0.000626521
2117	0.488462	0.500859	0.000626253
2118	0.516675	0.500866	0.000626002
2119	0.541952	0.500886	0.000626006
2120	0.480286	0.500876	0.000625786
2121	0.474193	0.500863	0.000625618
2122	0.492802	0.50086	0.000625335
2123	0.498477	0.500858	0.000625041
2124	0.496983	0.500857	0.00062475
2125	0.507083	0.50086	0.000624463
2126	0.510961	0.500864	0.000624187
2127	0.531839	0.500879	0.000624063
2128	0.509512	0.500883	0.000623783
2129	0.486221	0.500876	0.000623528
2130	0.489146	0.500871	0.00062326
2131	0.474818	0.500858	0.000623087
2132	0.464766	0.500841	0.000623025
2133	0.448634	0.500817	0.000623213
2134	0.515847	0.500824	0.000622961
2135	0.46235	0.500806	0.00062293
2136	0.485187	0.500799	0.000622681
2137	0.542337	0.500818	0.000622693
2138	0.493484	0.500815	0.000622411
2139	0.51185	0.50082	0.000622142
2140	0.468137	0.500805	0.000622039
2141	0.452518	0.500782	0.000622157
2142	0.584803	0.500821	0.000623101
2143	0.528857	0.500834	0.000622948
2144	0.465433	0.500818	0.000622876
2145	0.50524	0.50082	0.000622589
2146	0.45664	0.500799	0.000622639
2147	0.492376	0.500795	0.000622361
2148	0.487422	0.500789	0.000622103
2149	0.50302	0.50079	0.000621814
2150	0.455408	0.500769	0.000621883
2151	0.524297	0.50078	0.00062169
2152	0.555973	0.500806	0.00062193
2153	0.506672	0.500808	0.000621647
2154	0.508685	0.500812	0.000621369
2155	0.507253	0.500815	0.000621088
2156	0.510759	0.50082	0.000620817
2157	0.497782	0.500818	0.000620531
2158	0.507283	0.500821	0.000620251
2159	0.505307	0.500823	0.000619967
2160	0.503207	0.500824	0.000619681
2161	0.476199	0.500813	0.000619499
2162	0.532173	0.500827	0.000619382
2163	0.501834	0.500828	0.000619096
2164	0.552488	0.500852	0.00061927
2165	0.4869	0.500845	0.000619018
2166	0.510634	0.50085	0.000618748
2167	0.498973	0.500849	0.000618464
2168	0.477921	0.500838	0.000618269
2169	0.510625	0.500843	0.000618
2170	0.526006	0.500855	0.000617824
2171	0.533031	0.500869	0.000617717
2172	0.522172	0.500879	0.000617511
2173	0.472643	0.500866	0.000617363
2174	0.525427	0.500877	0.000617183
2175	0.480208	0.500868	0.000616972
2176	0.529615	0.500881	0.00061683
2177	0.514024	0.500887	0.000616576
2178	0.529917	0.5009	0.000616437
2179	0.497011	0.500899	0.000616157
2180	0.444239	0.500873	0.000616422
2181	0.509803	0.500877	0.000616153
2182	0.521192	0.500886	0.000615941
2183	0.499757	0.500886	0.000615659
2184	0.551464	0.500909	0.000615813
2185	0.458398	0.500889	0.000615838
2186	0.519587	0.500898	0.000615616
2187	0.487504	0.500892	0.000615365
2188	0.518253	0.5009	0.000615135
2189	0.496664	0.500898	0.000614857
2190	0.477447	0.500887	0.000614669
2191	0.522822	0.500897	0.00061447
2192	0.475892	0.500886	0.000614296
2193	0.474962	0.500874	0.00061413
2194	0.462382	0.500856	0.0006141
2195	0.494748	0.500854	0.000613827
2196	0.469803	0.500839	0.00061371
2197	0.546601	0.50086	0.000613784
2198	0.504744	0.500862	0.000613507
2199	0.48832	0.500856	0.000613255
2200	0.450784	0.500834	0.000613398
2201	0.536054	0.50085	0.000613328
2202	0.50371	0.500851	0.000613051
2203	0.475055	0.500839	0.000612885
2204	0.492028	0.500835	0.00061262
2205	0.440299	0.500808	0.000612956
2206	0.456346	0.500788	0.00061301
2207	0.458753	0.500768	0.000613028
2208	0.466317	0.500753	0.000612949
2209	0.50767	0.500756	0.000612679
2210	0.544015	0.500776	0.000612715
2211	0.500996	0.500776	0.000612437
2212	0.467754	0.500761	0.000612343
2213	0.518601	0.500769	0.000612119
2214	0.460529	0.500751	0.000612112
2215	0.480718	0.500742	0.000611903
2216	0.492411	0.500738	0.000611638
2217	0.50262	0.500739	0.000611363
2218	0.516386	0.500746	0.000611128
2219	0.482225	0.500737	0.00061091
2220	0.532267	0.500752	0.0006108
2221	0.515982	0.500758	0.000610563
2222	0.483503	0.500751	0.000610338
2223	0.476033	0.50074	0.000610164
2224	0.536814	0.500756	0.000610106
2225	0.434314	0.500726	0.000610561
2226	0.534791	0.500741	0.000610479
2227	0.486911	0.500735	0.000610236
2228	0.526704	0.500747	0.000610074
2229	0.474641	0.500735	0.000609913
2230	0.492965	0.500731	0.000609649
2231	0.533487	0.500746	0.000609553
2232	0.523809	0.500757	0.000609367
2233	0.501173	0.500757	0.000609094
2234	0.542949	0.500776	0.000609114
2235	0.493809	0.500772	0.00060885
2236	0.502075	0.500773	0.000608578
2237	0.529226	0.500786	0.000608439
2238	0.492271	0.500782	0.000608179
2239	0.481223	0.500773	0.00060797
2240	0.503541	0.500774	0.0006077
2241	0.511659	0.500779	0.000607448
2242	0.493806	0.500776	0.000607185
2243	0.484949	0.500769	0.000606955
2244	0.493901	0.500766	0.000606693
2245	0.492181	0.500762	0.000606435
2246	0.53524	0.500778	0.000606359
2247	0.509735	0.500782	0.000606102
2248	0.491977	0.500778	0.000605845
2249	0.469938	0.500764	0.000605731
2250	0.559654	0.50079	0.000606027
2251	0.47895	0.50078	0.000605835
2252	0.507488	0.500783	0.000605574
2253	0.439716	0.500756	0.000605911
2254	0.491573	0.500752	0.000605656
2255	0.495502	0.50075	0.000605392
2256	0.471483	0.500737	0.000605262
2257	0.502163	0.500738	0.000604995
2258	0.512869	0.500743	0.000604751
2259	0.47496	0.500732	0.000604591
2260	0.523817	0.500742	0.000604409
2261	0.498401	0.500741	0.000604143
2262	0.492906	0.500737	0.000603886
2263	0.485237	0.50073	0.000603658
2264	0.482037	0.500722	0.000603448
2265	0.553383	0.500745	0.000603629
2266	0.467269	0.500731	0.000603543
2267	0.527226	0.500742	0.00060339
2268	0.516066	0.500749	0.000603162
2269	0.472397	0.500737	0.000603026
2270	0.509487	0.50074	0.000602772
2271	0.520764	0.500749	0.000602572
2272	0.46305	0.500733	0.000602535
2273	0.495075	0.50073	0.000602275
2274	0.500103	0.50073	0.00060201
2275	0.50028	0.50073	0.000601746
2276	0.486748	0.500724	0.000601513
2277	0.49129	0.500719	0.000601263
2278	0.537472	0.500736	0.000601215
2279	0.414527	0.500698	0.00060214
2280	0.455832	0.500678	0.000602197
2281	0.503308	0.500679	0.000601934
2282	0.464666	0.500663	0.000601877
2283	0.474755	0.500652	0.000601721
2284	0.475486	0.500641	0.000601558
2285	0.508575	0.500645	0.000601305
2286	0.476851	0.500634	0.000601132
2287	0.49571	0.500632	0.000600873
2288	0.476666	0.500622	0.000600702
2289	0.527522	0.500633	0.000600554
2290	0.523531	0.500643	0.000600375
2291	0.463826	0.500627	0.000600328
2292	0.497403	0.500626	0.000600068
2293	0.470743	0.500613	0.000599948
2294	0.479999	0.500604	0.000599753
2295	0.446995	0.50058	0.000599947
2296	0.480518	0.500572	0.000599749
2297	0.469942	0.500558	0.000599636
2298	0.462416	0.500542	0.000599605
2299	0.500278	0.500542	0.000599344
2300	0.522139	0.500551	0.000599157
2301	0.467008	0.500536	0.000599074
2302	0.500849	0.500537	0.000598814
2303	0.46194	0.50052	0.000598788
2304	0.515367	0.500526	0.000598563
2305	0.525608	0.500537	0.000598402
2306	0.534672	0.500552	0.000598326
2307	0.48419	0.500545	0.000598109
2308	0.513499	0.500551	0.000597876
2309	0.559653	0.500576	0.000598164
2310	0.474693	0.500565	0.00059801
2311	0.452979	0.500544	0.000598106
2312	0.507158	0.500547	0.000597854
2313	0.473036	0.500535	0.000597714
2314	0.486388	0.500529	0.000597487
2315	0.541258	0.500547	0.000597488
2316	0.469718	0.500533	0.000597378
2317	0.514999	0.50054	0.000597153
2318	0.538607	0.500556	0.000597121
2319	0.550052	0.500577	0.000597245
2320	0.47539	0.500567	0.000597086
2321	0.515505	0.500573	0.000596863
2322	0.542137	0.500591	0.000596875
2323	0.471731	0.500578	0.000596747
2324	0.484357	0.500572	0.000596531
2325	0.535005	0.500586	0.000596458
2326	0.522498	0.500596	0.000596276
2327	0.529857	0.500608	0.000596153
2328	0.469315	0.500595	0.000596048
2329	0.452959	0.500574	0.000596143
2330	0.501334	0.500575	0.000595887
2331	0.489976	0.50057	0.000595649
2332	0.477818	0.50056	0.000595473
2333	0.529489	0.500573	0.000595347
2334	0.500786	0.500573	0.000595092
2335	0.54573	0.500592	0.000595151
2336	0.514773	0.500598	0.000594928
2337	0.454548	0.500579	0.000594999
2338	0.495222	0.500576	0.000594749
2339	0.514671	0.500582	0.000594526
2340	0.459492	0.500565	0.000594531
2341	0.488972	0.50056	0.000594297
2342	0.504693	0.500562	0.000594046
2343	0.488144	0.500556	0.000593816
2344	0.521647	0.500565	0.000593631
2345	0.461786	0.500549	0.000593608
2346	0.524488	0.500559	0.000593443
2347	0.519618	0.500567	0.000593246
2348	0.500525	0.500567	0.000592993
2349	0.498153	0.500566	0.000592742
2350	0.515177	0.500572	0.000592522
2351	0.515841	0.500579	0.000592306
2352	0.541943	0.500596	0.000592315
2353	0.48233	0.500589	0.000592114
2354	0.427499	0.500558	0.000592676
2355	0.475186	0.500547	0.000592522
2356	0.52721	0.500558	0.000592379
2357	0.460005	0.500541	0.000592377
2358	0.51648	0.500548	0.000592164
2359	0.507582	0.500551	0.000591921
2360	0.508499	0.500554	0.00059168
2361	0.474398	0.500543	0.000591533
2362	0.469161	0.50053	0.000591432
2363	0.510375	0.500534	0.000591196
2364	0.515011	0.50054	0.000590978
2365	0.470494	0.500527	0.000590864
2366	0.480297	0.500519	0.000590677
2367	0.494527	0.500516	0.000590432
2368	0.454312	0.500497	0.000590505
2369	0.501793	0.500497	0.000590256
2370	0.540412	0.500514	0.000590247
2371	0.555505	0.500537	0.000590454
2372	0.503201	0.500538	0.000590206
2373	0.50393	0.50054	0.000589959
2374	0.550583	0.500561	0.000590087
2375	0.473238	0.500549	0.000589951
2376	0.512499	0.500554	0.000589724
2377	0.509571	0.500558	0.000589488
2378	0.46833	0.500545	0.000589396
2379	0.515533	0.500551	0.000589182
2380	0.490131	0.500547	0.000588951
2381	0.558934	0.500571	0.000589213
2382	0.498975	0.50057	0.000588966
2383	0.519303	0.500578	0.000588772
2384	0.476872	0.500568	0.000588609
2385	0.500321	0.500568	0.000588362
2386	0.536871	0.500583	0.000588312
2387	0.523995	0.500593	0.000588147
2388	0.479129	0.500584	0.00058797
2389	0.455039	0.500565	0.000588033
2390	0.450841	0.500544	0.000588154
2391	0.501595	0.500545	0.000587909
2392	0.523149	0.500554	0.000587739
2393	0.511075	0.500559	0.00058751
2394	0.548235	0.500579	0.000587602
2395	0.497569	0.500577	0.000587358
2396	0.555011	0.5006	0.000587552
2397	0.529909	0.500612	0.000587434
2398	0.491956	0.500609	0.0005872
2399	0.557144	0.500632	0.000587428
2400	0.490785	0.500628	0.000587197
2401	0.50084	0.500628	0.000586953
2402	0.504846	0.50063	0.000586711
2403	0.531266	0.500643	0.000586605
2404	0.511232	0.500647	0.000586378
2405	0.497187	0.500646	0.000586136
2406	0.475799	0.500635	0.000585983
2407	0.526645	0.500646	0.00058584
2408	0.495424	0.500644	0.0005856
2409	0.488761	0.500639	0.000585378
2410	0.511973	0.500644	0.000585154
2411	0.514244	0.500649	0.000584939
2412	0.497648	0.500648	0.000584698
2413	0.504964	0.50065	0.000584458
2414	0.521485	0.500659	0.00058428
2415	0.520583	0.500667	0.000584096
2416	0.481982	0.500659	0.000583905
2417	0.522903	0.500668	0.000583736
2418	0.510959	0.500672	0.000583511
2419	0.526253	0.500683	0.000583365
2420	0.488912	0.500678	0.000583144
2421	0.514882	0.500684	0.000582933
2422	0.482304	0.500676	0.000582742
2423	0.485987	0.50067	0.000582533
2424	0.448357	0.500649	0.000582692
2425	0.539661	0.500665	0.000582674
2426	0.48309	0.500658	0.000582479
2427	0.484695	0.500651	0.000582276
2428	0.503496	0.500652	0.000582037
2429	0.471846	0.50064	0.000581918
2430	0.514907	0.500646	0.000581709
2431	0.513806	0.500652	0.000581495
2432	0.499754	0.500651	0.000581256
2433	0.493792	0.500649	0.000581024
2434	0.494078	0.500646	0.000580791
2435	0.462319	0.50063	0.000580766
2436	0.523329	0.500639	0.000580602
2437	0.494381	0.500637	0.00058037
2438	0.569098	0.500665	0.00058081
2439	0.496915	0.500663	0.000580574
2440	0.513643	0.500669	0.000580361
2441	0.469077	0.500656	0.000580267
2442	0.559176	0.50068	0.000580524
2443	0.495532	0.500678	0.00058029
2444	0.524069	0.500687	0.000580132
2445	0.485597	0.500681	0.000579928
2446	0.498261	0.50068	0.000579691
2447	0.478742	0.500671	0.000579524
2448	0.565342	0.500697	0.000579889
2449	0.479605	0.500689	0.000579716
2450	0.558913	0.500713	0.000579966
2451	0.493344	0.50071	0.000579737
2452	0.545995	0.500728	0.000579795
2453	0.504786	0.50073	0.000579561
2454	0.460411	0.500713	0.000579557
2455	0.522517	0.500722	0.000579389
2456	0.554223	0.500744	0.000579563
2457	0.501679	0.500744	0.000579327
2458	0.495458	0.500742	0.000579095
2459	0.536929	0.500757	0.000579047
2460	0.475528	0.500747	0.000578902
2461	0.499647	0.500746	0.000578667
2462	0.489869	0.500742	0.000578449
2463	0.521157	0.50075	0.000578274
2464	0.480539	0.500742	0.000578097
2465	0.506355	0.500744	0.000577867
2466	0.529607	0.500756	0.000577751
2467	0.459819	0.500739	0.000577755
2468	0.497369	0.500738	0.000577523
2469	0.539131	0.500753	0.000577498
2470	0.569558	0.500781	0.000577936
2471	0.547764	0.5008	0.000578014
2472	0.492885	0.500797	0.00057779
2473	0.502596	0.500798	0.000577556
2474	0.488395	0.500793	0.000577345
2475	0.458719	0.500776	0.000577362
2476	0.507276	0.500778	0.000577135
2477	0.486912	0.500773	0.000576929
2478	0.503933	0.500774	0.000576697
2479	0.496754	0.500772	0.000576467
2480	0.496277	0.500771	0.000576237
2481	0.52106	0.500779	0.000576063
2482	0.523332	0.500788	0.000575903
2483	0.564944	0.500814	0.00057625
2484	0.485448	0.500808	0.000576051
2485	0.465484	0.500793	0.000575995
2486	0.492528	0.50079	0.000575773
2487	0.455608	0.500772	0.000575828
2488	0.520856	0.50078	0.000575653
2489	0.508508	0.500783	0.00057543
2490	0.509269	0.500786	0.000575209
2491	0.516489	0.500793	0.000575013
2492	0.510553	0.500797	0.000574795
2493	0.500882	0.500797	0.000574565
2494	0.53413	0.50081	0.00057449
2495	0.507256	0.500813	0.000574265
2496	0.481223	0.500805	0.000574089
2497	0.512838	0.50081	0.000573879
2498	0.483881	0.500803	0.00057369
2499	0.520715	0.500811	0.000573516
2500	0.584364	0.500844	0.000574259
2501	0.538032	0.500859	0.000574222
2502	0.481581	0.500851	0.000574044
2503	0.483074	0.500844	0.000573858
2504	0.516392	0.50085	0.000573663
2505	0.478745	0.500842	0.000573502
2506	0.537782	0.500856	0.000573462
2507	0.537669	0.500871	0.000573421
2508	0.507031	0.500874	0.000573198
2509	0.516719	0.50088	0.000573004
2510	0.457202	0.500862	0.00057304
2511	0.456511	0.500845	0.000573084
2512	0.500373	0.500845	0.000572856
2513	0.524004	0.500854	0.000572702
2514	0.505261	0.500856	0.000572477
2515	0.444022	0.500833	0.000572695
2516	0.522975	0.500842	0.000572535
2517	0.548185	0.500861	0.000572617
2518	0.428841	0.500832	0.000573103
2519	0.55735	0.500854	0.000573314
2520	0.503377	0.500855	0.000573088
2521	0.476378	0.500846	0.000572943
2522	0.485647	0.50084	0.000572747
2523	0.467633	0.500827	0.000572671
2524	0.497405	0.500825	0.000572446
2525	0.522349	0.500834	0.000572283
2526	0.546552	0.500852	0.000572342
2527	0.506578	0.500854	0.00057212
2528	0.533646	0.500867	0.000572041
2529	0.521156	0.500875	0.000571871
2530	0.485292	0.500869	0.000571678
2531	0.472743	0.500858	0.00057156
2532	0.483461	0.500851	0.000571376
2533	0.505659	0.500853	0.000571154
2534	0.469891	0.500841	0.000571059
2535	0.501891	0.500841	0.000570834
2536	0.469912	0.500829	0.000570739
2537	0.489309	0.500824	0.000570532
2538	0.530186	0.500836	0.000570425
2539	0.515787	0.500842	0.00057023
2540	0.529986	0.500853	0.000570121
2541	0.439556	0.500829	0.000570407
2542	0.52584	0.500839	0.000570267
2543	0.493823	0.500836	0.00057005
2544	0.494477	0.500834	0.000569831
2545	0.476276	0.500824	0.000569689
2546	0.519194	0.500831	0.000569511
2547	0.491836	0.500828	0.000569299
2548	0.469916	0.500816	0.000569204
2549	0.529578	0.500827	0.000569093
2550	0.497362	0.500825	0.000568871
2551	0.482499	0.500818	0.000568694
2552	0.476915	0.500809	0.000568548
2553	0.531373	0.500821	0.000568451
2554	0.517918	0.500828	0.000568268
2555	0.421663	0.500797	0.00056889
2556	0.519299	0.500804	0.000568713
2557	0.465076	0.50079	0.000568662
2558	0.49257	0.500787	0.000568449
2559	0.425013	0.500757	0.000568997
2560	0.538409	0.500772	0.000568965
2561	0.507823	0.500775	0.00056875
2562	0.463184	0.50076	0.000568717
2563	0.529432	0.500771	0.000568605
2564	0.506941	0.500773	0.000568388
2565	0.479564	0.500765	0.000568227
2566	0.524533	0.500774	0.000568081
2567	0.513429	0.500779	0.000567881
2568	0.456706	0.500762	0.000567919
2569	0.433423	0.500736	0.000568303
2570	0.528156	0.500747	0.000568182
2571	0.521016	0.500755	0.000568015
2572	0.534673	0.500768	0.000567947
2573	0.49169	0.500764	0.000567738
2574	0.501692	0.500765	0.000567517
2575	0.473411	0.500754	0.000567396
2576	0.501693	0.500754	0.000567176
2577	0.451822	0.500735	0.000567274
2578	0.52807	0.500746	0.000567153
2579	0.492934	0.500743	0.000566941
2580	0.518243	0.50075	0.000566762
2581	0.436831	0.500725	0.000567083
2582	0.508921	0.500728	0.000566872
2583	0.473476	0.500718	0.000566751
2584	0.531609	0.50073	0.000566658
2585	0.534431	0.500743	0.000566588
2586	0.496601	0.500741	0.000566372
2587	0.451918	0.500722	0.000566467
2588	0.548837	0.500741	0.000566553
2589	0.519318	0.500748	0.00056638
2590	0.49919	0.500747	0.000566161
2591	0.484869	0.500741	0.000565976
2592	0.509873	0.500745	0.000565769
2593	0.502961	0.500746	0.000565551
2594	0.532844	0.500758	0.000565469
2595	0.545103	0.500775	0.000565509
2596	0.455222	0.500757	0.000565563
2597	0.515279	0.500763	0.000565373
2598	0.475875	0.500753	0.000565236
2599	0.512069	0.500758	0.000565036
2600	0.462541	0.500743	0.00056501
2601	0.572577	0.500771	0.000565467
2602	0.508935	0.500774	0.000565258
2603	0.530845	0.500785	0.000565159
2604	0.526512	0.500795	0.000565028
2605	0.516114	0.500801	0.000564842
2606	0.505677	0.500803	0.000564628
2607	0.513918	0.500808	0.000564434
2608	0.526387	0.500818	0.000564303
2609	0.495686	0.500816	0.00056409
2610	0.518277	0.500823	0.000563914
2611	0.540158	0.500838	0.000563899
2612	0.485567	0.500832	0.000563714
2613	0.442589	0.500809	0.000563938
2614	0.512173	0.500814	0.000563739
2615	0.525369	0.500823	0.000563602
2616	0.467608	0.500811	0.000563529
2617	0.476344	0.500801	0.000563392
2618	0.514414	0.500806	0.0005632
2619	0.52878	0.500817	0.000563087
2620	0.453006	0.500799	0.000563167
2621	0.509559	0.500802	0.000562962
2622	0.50999	0.500806	0.000562759
2623	0.499868	0.500805	0.000562544
2624	0.491157	0.500802	0.000562342
2625	0.525292	0.500811	0.000562205
2626	0.53051	0.500822	0.000562105
2627	0.489866	0.500818	0.000561906
2628	0.511853	0.500822	0.000561708
2629	0.501314	0.500822	0.000561495
2630	0.559609	0.500845	0.000561726
2631	0.552356	0.500864	0.000561853
2632	0.500697	0.500864	0.00056164
2633	0.515614	0.50087	0.000561454
2634	0.459464	0.500854	0.000561461
2635	0.5273	0.500864	0.000561338
2636	0.532807	0.500876	0.000561256
2637	0.487553	0.500871	0.000561066
2638	0.522784	0.50088	0.000560914
2639	0.462898	0.500865	0.000560886
2640	0.529184	0.500876	0.000560777
2641	0.48902	0.500871	0.000560582
2642	0.51465	0.500877	0.000560394
2643	0.449639	0.500857	0.000560517
2644	0.490131	0.500853	0.00056032
2645	0.539976	0.500868	0.000560303
2646	0.498594	0.500867	0.000560092
2647	0.520931	0.500875	0.000559932
2648	0.560072	0.500897	0.000560167
2649	0.502757	0.500898	0.000559956
2650	0.491273	0.500894	0.000559756
2651	0.514673	0.500899	0.000559569
2652	0.478176	0.500891	0.000559424
2653	0.439511	0.500868	0.000559691
2654	0.480122	0.50086	0.000559535
2655	0.510149	0.500863	0.000559335
2656	0.459142	0.500848	0.000559345
2657	0.537145	0.500861	0.000559301
2658	0.518364	0.500868	0.000559129
2659	0.514623	0.500873	0.000558943
2660	0.588522	0.500906	0.000559703
2661	0.504157	0.500907	0.000559494
2662	0.521747	0.500915	0.000559339
2663	0.564002	0.500939	0.00055963
2664	0.496963	0.500937	0.000559422
2665	0.47373	0.500927	0.000559305
2666	0.531384	0.500938	0.000559212
2667	0.47195	0.500928	0.000559108
2668	0.557744	0.500949	0.000559304
2669	0.517457	0.500955	0.000559128
2670	0.507074	0.500957	0.000558924
2671	0.531823	0.500969	0.000558834
2672	0.51197	0.500973	0.00055864
2673	0.534077	0.500985	0.000558568
2674	0.49547	0.500983	0.000558363
2675	0.565798	0.501008	0.00055868
2676	0.515812	0.501013	0.000558498
2677	0.547595	0.50103	0.000558561
2678	0.457485	0.501014	0.000558589
2679	0.525583	0.501023	0.000558456
2680	0.484168	0.501017	0.000558283
2681	0.529168	0.501028	0.000558173
2682	0.509291	0.501031	0.000557974
2683	0.499061	0.50103	0.000557766
2684	0.495103	0.501028	0.000557563
2685	0.547116	0.501045	0.000557619
2686	0.481308	0.501038	0.00055746
2687	0.507269	0.50104	0.000557257
2688	0.479467	0.501032	0.000557108
2689	0.459449	0.501016	0.000557115
2690	0.549536	0.501034	0.0005572
2691	0.516067	0.50104	0.000557021
2692	0.490048	0.501036	0.000556829
2693	0.523276	0.501044	0.000556683
2694	0.473623	0.501034	0.00055657
2695	0.476885	0.501025	0.000556436
2696	0.504638	0.501026	0.000556231
2697	0.535477	0.501039	0.000556171
2698	0.51603	0.501045	0.000555993
2699	0.460904	0.50103	0.000555986
2700	0.407399	0.500995	0.00055686
2701	0.499009	0.500994	0.000556654
2702	0.516683	0.501	0.000556478
2703	0.461082	0.500985	0.000556468
2704	0.512888	0.50099	0.00055628
2705	0.499214	0.500989	0.000556075
2706	0.507468	0.500992	0.000555875
2707	0.526351	0.501001	0.000555748
2708	0.497125	0.501	0.000555545
2709	0.454527	0.500982	0.000555604
2710	0.450964	0.500964	0.000555706
2711	0.50241	0.500964	0.000555501
2712	0.500075	0.500964	0.000555296
2713	0.52593	0.500973	0.000555168
2714	0.487777	0.500968	0.000554985
2715	0.453447	0.500951	0.000555056
2716	0.553928	0.50097	0.000555194
2717	0.539544	0.500985	0.000555172
2718	0.516844	0.500991	0.000554998
2719	0.509196	0.500994	0.000554802
2720	0.521533	0.501001	0.00055465
2721	0.516738	0.501007	0.000554476
2722	0.493106	0.501004	0.00055428
2723	0.531683	0.501015	0.000554191
2724	0.499387	0.501015	0.000553988
2725	0.526115	0.501024	0.000553861
2726	0.536895	0.501037	0.000553814
2727	0.536047	0.50105	0.00055376
2728	0.509528	0.501053	0.000553566
2729	0.531758	0.501064	0.000553477
2730	0.449436	0.501045	0.000553597
2731	0.479813	0.501038	0.000553449
2732	0.514728	0.501043	0.000553269
2733	0.522115	0.50105	0.00055312
2734	0.488816	0.501046	0.000552936
2735	0.524978	0.501054	0.000552803
2736	0.531344	0.501066	0.000552712
2737	0.533893	0.501078	0.00055264
2738	0.510819	0.501081	0.00055245
2739	0.447301	0.501061	0.000552597
2740	0.534216	0.501074	0.000552528
2741	0.565333	0.501097	0.000552823
2742	0.508977	0.5011	0.000552629
2743	0.537164	0.501113	0.000552584
2744	0.487982	0.501108	0.000552403
2745	0.513247	0.501113	0.00055222
2746	0.518238	0.501119	0.000552054
2747	0.536379	0.501132	0.000552002
2748	0.479175	0.501124	0.000551859
2749	0.488192	0.501119	0.000551679
2750	0.516597	0.501125	0.000551507
2751	0.555319	0.501144	0.000551658
2752	0.503498	0.501145	0.000551458
2753	0.502151	0.501146	0.000551258
2754	0.509097	0.501148	0.000551065
2755	0.544744	0.501164	0.000551092
2756	0.492629	0.501161	0.000550901
2757	0.563099	0.501184	0.000551159
2758	0.498543	0.501183	0.00055096
2759	0.5567	0.501203	0.000551128
2760	0.514953	0.501208	0.000550951
2761	0.50083	0.501208	0.000550751
2762	0.487332	0.501203	0.000550575
2763	0.498868	0.501202	0.000550376
2764	0.464574	0.501189	0.000550336
2765	0.518415	0.501195	0.000550173
2766	0.494753	0.501192	0.000549979
2767	0.486732	0.501187	0.000549805
2768	0.533001	0.501199	0.000549726
2769	0.453679	0.501182	0.000549795
2770	0.504147	0.501183	0.000549598
2771	0.477943	0.501174	0.000549464
2772	0.497869	0.501173	0.000549267
2773	0.50505	0.501174	0.000549071
2774	0.524289	0.501183	0.000548936
2775	0.533263	0.501194	0.00054886
2776	0.483086	0.501188	0.000548701
2777	0.506179	0.50119	0.000548506
2778	0.539379	0.501203	0.000548481
2779	0.498444	0.501202	0.000548285
2780	0.494755	0.5012	0.000548092
2781	0.503688	0.501201	0.000547896
2782	0.532009	0.501212	0.000547811
2783	0.531441	0.501223	0.000547722
2784	0.487281	0.501218	0.000547548
2785	0.452429	0.5012	0.000547631
2786	0.543483	0.501216	0.000547645
2787	0.539317	0.501229	0.000547619
2788	0.474	0.501219	0.00054751
2789	0.482631	0.501213	0.000547354
2790	0.515868	0.501218	0.000547183
2791	0.509219	0.501221	0.000546995
2792	0.476741	0.501212	0.000546869
2793	0.483303	0.501206	0.000546711
2794	0.540146	0.50122	0.000546693
2795	0.517802	0.501226	0.000546529
2796	0.468665	0.501214	0.000546458
2797	0.526273	0.501223	0.000546336
2798	0.484844	0.501217	0.000546172
2799	0.483479	0.501211	0.000546014
2800	0.464783	0.501198	0.000545974
2801	0.495238	0.501196	0.000545783
2802	0.529523	0.501206	0.000545682
2803	0.415865	0.501175	0.000546336
2804	0.554501	0.501194	0.000546472
2805	0.574195	0.50122	0.000546896
2806	0.457487	0.501205	0.000546923
2807	0.49679	0.501203	0.00054673
2808	0.470594	0.501192	0.000546644
2809	0.499638	0.501192	0.00054645
2810	0.482101	0.501185	0.000546298
2811	0.477268	0.501176	0.00054617
2812	0.518963	0.501183	0.000546012
2813	0.520886	0.50119	0.000545863
2814	0.451089	0.501172	0.000545959
2815	0.44478	0.501152	0.000546133
2816	0.543561	0.501167	0.000546146
2817	0.432915	0.501143	0.000546489
2818	0.523183	0.50115	0.000546351
2819	0.47526	0.501141	0.000546235
2820	0.490859	0.501138	0.000546053
2821	0.476091	0.501129	0.000545932
2822	0.461494	0.501115	0.000545919
2823	0.504145	0.501116	0.000545727
2824	0.468228	0.501104	0.000545658
2825	0.497143	0.501103	0.000545466
2826	0.558004	0.501123	0.000545645
2827	0.510888	0.501126	0.000545463
2828	0.460613	0.501112	0.000545458
2829	0.485785	0.501107	0.000545292
2830	0.543514	0.501122	0.000545305
2831	0.471273	0.501111	0.000545215
2832	0.519874	0.501118	0.000545062
2833	0.531342	0.501128	0.000544974
2834	0.547466	0.501145	0.000545027
2835	0.531943	0.501156	0.000544943
2836	0.501164	0.501156	0.000544751
2837	0.453763	0.501139	0.000544815
2838	0.471981	0.501129	0.00054472
2839	0.471496	0.501118	0.000544628
2840	0.510725	0.501122	0.000544447
2841	0.563391	0.501143	0.000544696
2842	0.494503	0.501141	0.000544509
2843	0.542522	0.501156	0.000544512
2844	0.499479	0.501155	0.000544321
2845	0.493869	0.501153	0.000544136
2846	0.493425	0.50115	0.000543952
2847	0.498973	0.501149	0.000543761
2848	0.556778	0.501169	0.000543921
2849	0.502559	0.501169	0.00054373
2850	0.491064	0.501166	0.000543551
2851	0.523219	0.501173	0.000543415
2852	0.548701	0.50119	0.00054348
2853	0.452839	0.501173	0.000543554
2854	0.438368	0.501151	0.000543809
2855	0.467187	0.501139	0.000543748
2856	0.565262	0.501162	0.000544021
2857	0.552667	0.50118	0.000544129
2858	0.535728	0.501192	0.000544073
2859	0.53194	0.501202	0.000543989
2860	0.570915	0.501227	0.000544344
2861	0.493772	0.501224	0.00054416
2862	0.504257	0.501225	0.000543971
2863	0.49008	0.501221	0.000543795
2864	0.482719	0.501215	0.000543644
2865	0.495867	0.501213	0.000543457
2866	0.541942	0.501227	0.000543453
2867	0.495346	0.501225	0.000543268
2868	0.510545	0.501228	0.000543088
2869	0.540229	0.501242	0.000543069
2870	0.519005	0.501248	0.000542915
2871	0.533796	0.501259	0.000542844
2872	0.463705	0.501246	0.000542813
2873	0.517057	0.501252	0.000542652
2874	0.516882	0.501257	0.00054249
2875	0.420915	0.501229	0.00054302
2876	0.478366	0.501221	0.00054289
2877	0.510952	0.501225	0.000542712
2878	0.515171	0.50123	0.000542545
2879	0.529069	0.501239	0.000542443
2880	0.520129	0.501246	0.000542294
2881	0.468912	0.501235	0.000542222
2882	0.46094	0.501221	0.000542214
2883	0.509634	0.501224	0.000542034
2884	0.476154	0.501215	0.000541915
2885	0.465214	0.501202	0.000541871
2886	0.444759	0.501183	0.000542036
2887	0.534219	0.501194	0.000541969
2888	0.491201	0.501191	0.000541793
2889	0.507546	0.501193	0.00054161
2890	0.497837	0.501192	0.000541423
2891	0.509315	0.501195	0.000541243
2892	0.501953	0.501195	0.000541056
2893	0.498787	0.501194	0.00054087
2894	0.504642	0.501195	0.000540685
2895	0.518784	0.501201	0.000540532
2896	0.524019	0.501209	0.000540403
2897	0.51879	0.501215	0.00054025
2898	0.505362	0.501217	0.000540066
2899	0.498535	0.501216	0.00053988
2900	0.475965	0.501207	0.000539764
2901	0.510544	0.50121	0.000539588
2902	0.512612	0.501214	0.000539416
2903	0.527772	0.501223	0.000539308
2904	0.464772	0.501211	0.000539268
2905	0.515109	0.501216	0.000539104
2906	0.50673	0.501218	0.000538922
2907	0.511199	0.501221	0.000538747
2908	0.497073	0.50122	0.000538564
2909	0.489673	0.501216	0.000538394
2910	0.534057	0.501227	0.000538327
2911	0.536536	0.501239	0.000538279
2912	0.460572	0.501225	0.000538275
2913	0.48313	0.501219	0.000538126
2914	0.532573	0.50123	0.000538049
2915	0.511736	0.501233	0.000537876
2916	0.489984	0.501229	0.000537706
2917	0.463531	0.501216	0.000537677
2918	0.499256	0.501216	0.000537493
2919	0.53628	0.501228	0.000537443
2920	0.49191	0.501225	0.000537268
2921	0.511805	0.501228	0.000537097
2922	0.48355	0.501222	0.000536947
2923	0.490909	0.501219	0.000536775
2924	0.502992	0.501219	0.000536592
2925	0.49611	0.501218	0.000536411
2926	0.471308	0.501207	0.000536325
2927	0.500187	0.501207	0.000536142
2928	0.455737	0.501191	0.000536184
2929	0.441194	0.501171	0.000536392
2930	0.563588	0.501192	0.000536631
2931	0.472258	0.501182	0.000536539
2932	0.506381	0.501184	0.000536359
2933	0.50714	0.501186	0.00053618
2934	0.454681	0.50117	0.000536231
2935	0.520172	0.501177	0.000536088
2936	0.549171	0.501193	0.000536154
2937	0.521873	0.5012	0.000536018
2938	0.483739	0.501194	0.000535869
2939	0.509165	0.501197	0.000535693
2940	0.521436	0.501204	0.000535555
2941	0.551803	0.501221	0.000535649
2942	0.484384	0.501215	0.000535498
2943	0.534257	0.501227	0.000535434
2944	0.523825	0.501234	0.000535307
2945	0.49497	0.501232	0.000535129
2946	0.496671	0.501231	0.00053495
2947	0.532545	0.501241	0.000534874
2948	0.500088	0.501241	0.000534693
2949	0.471085	0.501231	0.000534609
2950	0.495773	0.501229	0.000534431
2951	0.494576	0.501226	0.000534255
2952	0.490767	0.501223	0.000534085
2953	0.482823	0.501217	0.000533941
2954	0.49178	0.501213	0.00053377
2955	0.469159	0.501203	0.000533699
2956	0.485185	0.501197	0.000533546
2957	0.502749	0.501198	0.000533366
2958	0.514968	0.501202	0.000533206
2959	0.536004	0.501214	0.000533156
2960	0.496098	0.501212	0.000532978
2961	0.540264	0.501226	0.000532962
2962	0.520926	0.501232	0.000532823
2963	0.480558	0.501225	0.000532689
2964	0.501385	0.501225	0.000532509
2965	0.592925	0.501256	0.000533227
2966	0.469909	0.501246	0.000533152
2967	0.50541	0.501247	0.000532974
2968	0.52716	0.501256	0.000532866
2969	0.50653	0.501258	0.000532689
2970	0.504796	0.501259	0.000532511
2971	0.462647	0.501246	0.000532491
2972	0.496671	0.501244	0.000532314
2973	0.478338	0.501237	0.000532191
2974	0.522027	0.501244	0.000532057
2975	0.461531	0.50123	0.000532046
2976	0.459366	0.501216	0.000532053
2977	0.457796	0.501202	0.000532074
2978	0.469891	0.501191	0.000531999
2979	0.455873	0.501176	0.000532038
2980	0.4645	0.501164	0.000532002
2981	0.489152	0.50116	0.000531839
2982	0.498546	0.501159	0.000531661
2983	0.445479	0.50114	0.000531811
2984	0.523658	0.501148	0.000531686
2985	0.470331	0.501137	0.000531608
2986	0.576139	0.501162	0.000532023
2987	0.506044	0.501164	0.000531847
2988	0.526567	0.501172	0.000531737
2989	0.432441	0.501149	0.000532056
2990	0.465407	0.501138	0.000532012
2991	0.471868	0.501128	0.000531925
2992	0.484583	0.501122	0.000531776
2993	0.54429	0.501137	0.000531793
2994	0.515132	0.501141	0.000531636
2995	0.505768	0.501143	0.000531461
2996	0.486202	0.501138	0.000531307
2997	0.496288	0.501136	0.000531132
2998	0.550819	0.501153	0.000531214
2999	0.490566	0.501149	0.000531048
3000	0.489005	0.501145	0.000530887
3001	0.478114	0.501138	0.000530765
3002	0.498987	0.501137	0.000530589
3003	0.496518	0.501135	0.000530415
3004	0.492384	0.501132	0.000530246
3005	0.544506	0.501147	0.000530266
3006	0.42943	0.501123	0.000530626
3007	0.459074	0.501109	0.000530634
3008	0.515433	0.501114	0.000530479
3009	0.473572	0.501105	0.000530381
3010	0.479836	0.501098	0.000530252
3011	0.531323	0.501108	0.000530171
3012	0.48439	0.501102	0.000530024
3013	0.481982	0.501096	0.000529886
3014	0.467132	0.501084	0.00052983
3015	0.485527	0.501079	0.00052968
3016	0.533979	0.50109	0.000529616
3017	0.511415	0.501094	0.000529452
3018	0.499935	0.501093	0.000529276
3019	0.478084	0.501086	0.000529156
3020	0.51706	0.501091	0.000529007
3021	0.470652	0.501081	0.000528928
3022	0.556482	0.501099	0.000529071
3023	0.492326	0.501096	0.000528904
3024	0.456934	0.501082	0.00052893
3025	0.527663	0.50109	0.000528828
3026	0.562406	0.501111	0.000529042
3027	0.543511	0.501125	0.000529052
3028	0.486692	0.50112	0.000528899
3029	0.456096	0.501105	0.000528933
3030	0.492754	0.501102	0.000528766
3031	0.530385	0.501112	0.00052868
3032	0.489981	0.501108	0.000528518
3033	0.540512	0.501121	0.000528503
3034	0.492594	0.501118	0.000528337
3035	0.467694	0.501107	0.000528277
3036	0.477561	0.5011	0.00052816
3037	0.514761	0.501104	0.000528006
3038	0.540612	0.501117	0.000527992
3039	0.494016	0.501115	0.000527823
3040	0.534023	0.501126	0.000527761
3041	0.547869	0.501141	0.000527811
3042	0.490056	0.501137	0.00052765
3043	0.50929	0.50114	0.000527483
3044	0.519059	0.501146	0.000527343
3045	0.491806	0.501143	0.000527179
3046	0.481411	0.501136	0.000527045
3047	0.496424	0.501135	0.000526875
3048	0.517635	0.50114	0.00052673
3049	0.545514	0.501155	0.000526758
3050	0.471176	0.501145	0.000526677
3051	0.521338	0.501152	0.000526546
3052	0.513468	0.501156	0.000526389
3053	0.529575	0.501165	0.000526299
3054	0.491121	0.501162	0.000526137
3055	0.515842	0.501166	0.000525987
3056	0.490154	0.501163	0.000525827
3057	0.50588	0.501164	0.000525657
3058	0.492399	0.501162	0.000525493
3059	0.467701	0.501151	0.000525435
3060	0.504352	0.501152	0.000525264
3061	0.456692	0.501137	0.000525294
3062	0.52888	0.501146	0.0005252
3063	0.51228	0.50115	0.000525041
3064	0.525376	0.501158	0.000524929
3065	0.497463	0.501157	0.00052476
3066	0.494096	0.501154	0.000524593
3067	0.470131	0.501144	0.00052452
3068	0.535575	0.501155	0.000524469
3069	0.467786	0.501144	0.000524411
3070	0.516162	0.501149	0.000524263
3071	0.474905	0.501141	0.000524162
3072	0.515892	0.501146	0.000524013
3073	0.544859	0.50116	0.000524036
3074	0.495049	0.501158	0.000523869
3075	0.505959	0.501159	0.000523701
3076	0.530945	0.501169	0.00052362
3077	0.553834	0.501186	0.00052373
3078	0.456585	0.501172	0.00052376
3079	0.47004	0.501162	0.000523687
3080	0.498044	0.501161	0.000523518
3081	0.53942	0.501173	0.000523496
3082	0.527563	0.501182	0.000523396
3083	0.47641	0.501174	0.000523288
3084	0.454482	0.501158	0.000523337
3085	0.473133	0.501149	0.000523246
3086	0.506327	0.501151	0.000523079
3087	0.499798	0.501151	0.00052291
3088	0.487504	0.501146	0.000522759
3089	0.50054	0.501146	0.00052259
3090	0.513207	0.50115	0.000522436
3091	0.485545	0.501145	0.000522291
3092	0.501312	0.501145	0.000522122
3093	0.492901	0.501142	0.00052196
3094	0.475186	0.501134	0.000521859
3095	0.531329	0.501144	0.000521782
3096	0.495483	0.501142	0.000521616
3097	0.527563	0.50115	0.000521518
3098	0.499172	0.50115	0.00052135
3099	0.519826	0.501156	0.000521216
3100	0.499186	0.501155	0.000521049
3101	0.531494	0.501165	0.000520972
3102	0.518245	0.50117	0.000520834
3103	0.516704	0.501175	0.00052069
3104	0.535557	0.501186	0.00052064
3105	0.492319	0.501184	0.00052048
3106	0.49526	0.501182	0.000520316
3107	0.498305	0.501181	0.000520149
3108	0.500622	0.50118	0.000519982
3109	0.541252	0.501193	0.000519975
3110	0.488178	0.501189	0.000519824
3111	0.453411	0.501174	0.000519884
3112	0.481129	0.501167	0.000519757
3113	0.49228	0.501165	0.000519598
3114	0.471498	0.501155	0.000519518
3115	0.463441	0.501143	0.000519492
3116	0.495677	0.501141	0.000519329
3117	0.501978	0.501141	0.000519162
3118	0.488173	0.501137	0.000519012
3119	0.475488	0.501129	0.000518911
3120	0.523507	0.501136	0.000518794
3121	0.494347	0.501134	0.000518633
3122	0.566373	0.501155	0.000518887
3123	0.522539	0.501162	0.000518766
3124	0.475336	0.501154	0.000518666
3125	0.525025	0.501161	0.000518556
3126	0.525482	0.501169	0.000518449
3127	0.525276	0.501177	0.00051834
3128	0.500609	0.501176	0.000518175
3129	0.50926	0.501179	0.000518016
3130	0.505694	0.50118	0.000517852
3131	0.579817	0.501206	0.000518295
3132	0.495534	0.501204	0.000518133
3133	0.498024	0.501203	0.000517969
3134	0.485594	0.501198	0.000517827
3135	0.475792	0.50119	0.000517726
3136	0.536295	0.501201	0.000517681
3137	0.466628	0.50119	0.000517634
3138	0.442082	0.501171	0.000517811
3139	0.489097	0.501167	0.000517661
3140	0.491797	0.501164	0.000517504
3141	0.510229	0.501167	0.000517348
3142	0.427038	0.501144	0.000517721
3143	0.503738	0.501144	0.000517557
3144	0.470327	0.501135	0.000517485
3145	0.460592	0.501122	0.000517481
3146	0.515079	0.501126	0.000517335
3147	0.507115	0.501128	0.000517174
3148	0.454513	0.501113	0.000517222
3149	0.448489	0.501096	0.000517328
3150	0.526805	0.501105	0.000517228
3151	0.483126	0.501099	0.000517095
3152	0.498943	0.501098	0.000516931
3153	0.496107	0.501097	0.00051677
3154	0.501889	0.501097	0.000516606
3155	0.487471	0.501093	0.000516461
3156	0.454825	0.501078	0.000516505
3157	0.473843	0.501069	0.000516413
3158	0.496401	0.501068	0.000516252
3159	0.519529	0.501074	0.000516122
3160	0.546068	0.501088	0.000516155
3161	0.495854	0.501086	0.000515994
3162	0.498736	0.501086	0.000515831
3163	0.465184	0.501074	0.000515793
3164	0.451147	0.501058	0.000515871
3165	0.468745	0.501048	0.000515809
3166	0.478517	0.501041	0.000515696
3167	0.474964	0.501033	0.000515599
3168	0.515143	0.501037	0.000515455
3169	0.567769	0.501058	0.000515722
3170	0.522854	0.501065	0.000515605
3171	0.431891	0.501043	0.000515904
3172	0.506312	0.501045	0.000515744
3173	0.544907	0.501059	0.000515767
3174	0.464333	0.501047	0.000515734
3175	0.51339	0.501051	0.000515586
3176	0.451582	0.501036	0.000515659
3177	0.493209	0.501033	0.000515503
3178	0.495101	0.501031	0.000515344
3179	0.481657	0.501025	0.000515218
3180	0.515335	0.50103	0.000515075
3181	0.491773	0.501027	0.000514922
3182	0.501442	0.501027	0.00051476
3183	0.536839	0.501038	0.000514721
3184	0.515854	0.501043	0.00051458
3185	0.53573	0.501054	0.000514534
3186	0.493192	0.501051	0.000514379
3187	0.507418	0.501053	0.000514221
3188	0.473813	0.501045	0.000514131
3189	0.535615	0.501056	0.000514084
3190	0.502398	0.501056	0.000513923
3191	0.482167	0.50105	0.000513796
3192	0.487185	0.501046	0.000513653
3193	0.540499	0.501058	0.000513641
3194	0.485565	0.501053	0.000513503
3195	0.468046	0.501043	0.000513446
3196	0.516938	0.501048	0.00051331
3197	0.479255	0.501041	0.000513194
3198	0.473893	0.501033	0.000513104
3199	0.538433	0.501044	0.000513077
3200	0.497895	0.501043	0.000512918
3201	0.48433	0.501038	0.000512784
3202	0.495864	0.501036	0.000512626
3203	0.486038	0.501032	0.000512488
3204	0.449143	0.501016	0.000512584
3205	0.522411	0.501022	0.000512467
3206	0.516555	0.501027	0.00051233
3207	0.504902	0.501028	0.000512172
3208	0.508349	0.501031	0.000512017
3209	0.506339	0.501032	0.00051186
3210	0.528057	0.501041	0.00051177
3211	0.495833	0.501039	0.000511613
3212	0.504372	0.50104	0.000511455
3213	0.482668	0.501034	0.000511328
3214	0.495373	0.501033	0.000511172
3215	0.439672	0.501013	0.000511369
3216	0.55254	0.50103	0.000511461
3217	0.47923	0.501023	0.000511347
3218	0.532169	0.501032	0.00051128
3219	0.442752	0.501014	0.000511441
3220	0.466969	0.501004	0.000511392
3221	0.517079	0.501009	0.000511257
3222	0.52075	0.501015	0.000511135
3223	0.47893	0.501008	0.000511023
3224	0.494296	0.501006	0.000510868
3225	0.491206	0.501003	0.000510719
3226	0.480647	0.500997	0.0005106
3227	0.442565	0.500978	0.000510762
3228	0.473202	0.50097	0.000510677
3229	0.53438	0.50098	0.000510623
3230	0.500173	0.50098	0.000510465
3231	0.506824	0.500982	0.00051031
3232	0.534109	0.500992	0.000510255
3233	0.498501	0.500991	0.000510098
3234	0.485344	0.500986	0.000509963
3235	0.491677	0.500984	0.000509814
3236	0.483403	0.500978	0.000509685
3237	0.477841	0.500971	0.000509578
3238	0.500516	0.500971	0.000509421
3239	0.495972	0.500969	0.000509266
3240	0.476592	0.500962	0.000509164
3241	0.49854	0.500961	0.000509008
3242	0.535135	0.500972	0.00050896
3243	0.487949	0.500968	0.000508819
3244	0.434738	0.500947	0.000509071
3245	0.518739	0.500953	0.000508944
3246	0.440962	0.500934	0.000509122
3247	0.488585	0.50093	0.00050898
3248	0.428563	0.500908	0.00050931
3249	0.453723	0.500894	0.000509361
3250	0.494152	0.500891	0.000509208
3251	0.502133	0.500892	0.000509052
3252	0.474598	0.500884	0.000508959
3253	0.51045	0.500887	0.000508811
3254	0.526558	0.500895	0.000508716
3255	0.498226	0.500894	0.000508561
3256	0.527743	0.500902	0.000508471
3257	0.465834	0.500891	0.000508429
3258	0.490646	0.500888	0.000508283
3259	0.499943	0.500888	0.000508127
3260	0.504622	0.500889	0.000507972
3261	0.453173	0.500874	0.000508027
3262	0.552383	0.50089	0.000508117
3263	0.512181	0.500894	0.000507973
3264	0.482098	0.500888	0.00050785
3265	0.501076	0.500888	0.000507695
3266	0.536477	0.500899	0.000507656
3267	0.51474	0.500903	0.000507518
3268	0.455338	0.500889	0.000507554
3269	0.569279	0.50091	0.00050783
3270	0.488353	0.500906	0.000507689
3271	0.514466	0.50091	0.000507551
3272	0.479786	0.500904	0.000507437
3273	0.495727	0.500902	0.000507284
3274	0.517224	0.500907	0.000507154
3275	0.490852	0.500904	0.000507008
3276	0.441431	0.500886	0.000507179
3277	0.519279	0.500892	0.000507055
3278	0.514644	0.500896	0.000506918
3279	0.479455	0.500889	0.000506805
3280	0.509742	0.500892	0.000506658
3281	0.512431	0.500896	0.000506516
3282	0.532921	0.500905	0.000506455
3283	0.487512	0.500901	0.000506317
3284	0.487638	0.500897	0.000506179
3285	0.478423	0.50089	0.000506072
3286	0.437742	0.500871	0.000506282
3287	0.506131	0.500873	0.000506131
3288	0.492883	0.50087	0.000505983
3289	0.5071	0.500872	0.000505832
3290	0.509423	0.500875	0.000505685
3291	0.483423	0.500869	0.000505559
3292	0.545264	0.500883	0.000505586
3293	0.473919	0.500875	0.000505498
3294	0.477117	0.500868	0.000505396
3295	0.482964	0.500862	0.000505272
3296	0.50394	0.500863	0.00050512
3297	0.506451	0.500865	0.00050497
3298	0.520392	0.500871	0.000504851
3299	0.581949	0.500895	0.000505296
3300	0.47933	0.500889	0.000505185
3301	0.452784	0.500874	0.000505242
3302	0.522524	0.500881	0.000505132
3303	0.553418	0.500897	0.000505229
3304	0.503915	0.500897	0.000505077
3305	0.496167	0.500896	0.000504926
3306	0.439906	0.500878	0.00050511
3307	0.456933	0.500864	0.000505132
3308	0.486337	0.50086	0.000504999
3309	0.570311	0.500881	0.000505282
3310	0.471926	0.500872	0.000505205
3311	0.472073	0.500863	0.000505127
3312	0.513158	0.500867	0.000504988
3313	0.489678	0.500864	0.000504847
3314	0.475703	0.500856	0.000504752
3315	0.509132	0.500859	0.000504606
3316	0.462663	0.500847	0.000504585
3317	0.479171	0.500841	0.000504475
3318	0.510048	0.500843	0.000504331
3319	0.501383	0.500844	0.000504179
3320	0.435077	0.500824	0.000504416
3321	0.497572	0.500823	0.000504265
3322	0.483035	0.500817	0.000504142
3323	0.563289	0.500836	0.00050434
3324	0.463578	0.500825	0.000504313
3325	0.519128	0.500831	0.000504192
3326	0.547545	0.500845	0.000504236
3327	0.489048	0.500841	0.000504097
3328	0.490469	0.500838	0.000503955
3329	0.487629	0.500834	0.000503819
3330	0.449163	0.500818	0.000503907
3331	0.505817	0.50082	0.000503758
3332	0.432893	0.5008	0.000504019
3333	0.517391	0.500805	0.000503892
3334	0.560809	0.500823	0.000504062
3335	0.476025	0.500815	0.000503966
3336	0.592472	0.500843	0.000504563
3337	0.46548	0.500832	0.000504523
3338	0.548465	0.500846	0.000504573
3339	0.47312	0.500838	0.000504491
3340	0.493222	0.500836	0.000504345
3341	0.519585	0.500841	0.000504225
3342	0.542388	0.500854	0.000504227
3343	0.445149	0.500837	0.000504352
3344	0.482151	0.500831	0.000504232
3345	0.505892	0.500833	0.000504083
3346	0.538173	0.500844	0.000504056
3347	0.470528	0.500835	0.000503987
3348	0.506881	0.500837	0.00050384
3349	0.511345	0.50084	0.000503699
3350	0.472041	0.500831	0.000503622
3351	0.500388	0.500831	0.000503472
3352	0.534701	0.500841	0.000503423
3353	0.534673	0.500851	0.000503374
3354	0.534738	0.500862	0.000503325
3355	0.451867	0.500847	0.000503387
3356	0.507402	0.500849	0.000503241
3357	0.47054	0.50084	0.000503172
3358	0.538407	0.500851	0.000503146
3359	0.496724	0.50085	0.000502998
3360	0.536279	0.50086	0.000502959
3361	0.491214	0.500858	0.000502818
3362	0.520815	0.500863	0.000502703
3363	0.499649	0.500863	0.000502554
3364	0.49168	0.50086	0.000502412
3365	0.510118	0.500863	0.00050227
3366	0.45131	0.500848	0.000502336
3367	0.470651	0.500839	0.000502267
3368	0.471461	0.500831	0.000502194
3369	0.531641	0.50084	0.000502128
3370	0.502878	0.50084	0.00050198
3371	0.485884	0.500836	0.00050185
3372	0.542741	0.500848	0.000501855
3373	0.451581	0.500834	0.000501919
3374	0.514682	0.500838	0.000501787
3375	0.461305	0.500826	0.000501775
3376	0.55132	0.500841	0.000501849
3377	0.512602	0.500845	0.000501713
3378	0.529453	0.500853	0.000501636
3379	0.453523	0.500839	0.000501683
3380	0.523135	0.500846	0.000501578
3381	0.529076	0.500854	0.000501499
3382	0.45011	0.500839	0.000501575
3383	0.44222	0.500822	0.000501726
3384	0.472137	0.500813	0.000501649
3385	0.505678	0.500815	0.000501503
3386	0.469983	0.500806	0.000501437
3387	0.478524	0.500799	0.000501333
3388	0.508954	0.500801	0.00050119
3389	0.484124	0.500797	0.000501067
3390	0.471016	0.500788	0.000500996
3391	0.5437	0.5008	0.000501008
3392	0.484726	0.500796	0.000500883
3393	0.492413	0.500793	0.000500741
3394	0.524318	0.5008	0.000500642
3395	0.47254	0.500792	0.000500563
3396	0.534475	0.500802	0.000500514
3397	0.530959	0.500811	0.000500445
3398	0.497453	0.50081	0.000500299
3399	0.505826	0.500811	0.000500154
3400	0.464395	0.5008	0.000500122
3401	0.429976	0.50078	0.000500408
3402	0.522821	0.500786	0.000500303
3403	0.556237	0.500802	0.000500421
3404	0.497432	0.500801	0.000500275
3405	0.532505	0.500811	0.000500215
3406	0.511531	0.500814	0.000500078
3407	0.522084	0.50082	0.00049997
3408	0.481526	0.500814	0.000499855
3409	0.477445	0.500808	0.000499756
3410	0.447111	0.500792	0.000499857
3411	0.503234	0.500793	0.000499711
3412	0.494904	0.500791	0.000499568
3413	0.526973	0.500798	0.00049948
3414	0.523466	0.500805	0.000499378
3415	0.453615	0.500791	0.000499423
3416	0.502779	0.500792	0.000499277
3417	0.532717	0.500801	0.000499218
3418	0.541422	0.500813	0.000499214
3419	0.474665	0.500805	0.000499126
3420	0.479841	0.500799	0.000499018
3421	0.485076	0.500795	0.000498893
3422	0.468257	0.500785	0.000498838
3423	0.494098	0.500783	0.000498696
3424	0.552923	0.500798	0.000498783
3425	0.460038	0.500787	0.000498779
3426	0.51459	0.500791	0.00049865
3427	0.534376	0.5008	0.000498601
3428	0.468199	0.500791	0.000498546
3429	0.447886	0.500775	0.000498639
3430	0.492984	0.500773	0.000498499
3431	0.485246	0.500769	0.000498374
3432	0.477298	0.500762	0.000498276
3433	0.538167	0.500773	0.00049825
3434	0.462669	0.500762	0.000498228
3435	0.484732	0.500757	0.000498105
3436	0.526716	0.500765	0.000498018
3437	0.505295	0.500766	0.000497874
3438	0.474732	0.500758	0.000497787
3439	0.51294	0.500762	0.000497655
3440	0.484887	0.500757	0.000497532
3441	0.479159	0.500751	0.000497427
3442	0.472165	0.500743	0.000497352
3443	0.493067	0.50074	0.000497212
3444	0.4313	0.50072	0.000497476
3445	0.505121	0.500722	0.000497334
3446	0.509143	0.500724	0.000497195
3447	0.463979	0.500713	0.000497165
3448	0.522029	0.500719	0.00049706
3449	0.497772	0.500719	0.000496916
3450	0.543899	0.500731	0.00049693
3451	0.50874	0.500733	0.000496791
3452	0.436053	0.500715	0.000497001
3453	0.482823	0.50071	0.000496884
3454	0.539589	0.500721	0.000496867
3455	0.473459	0.500713	0.000496786
3456	0.486746	0.500709	0.000496659
3457	0.511504	0.500712	0.000496525
3458	0.467495	0.500702	0.000496474
3459	0.470834	0.500694	0.000496406
3460	0.482907	0.500689	0.000496289
3461	0.471851	0.50068	0.000496215
3462	0.516973	0.500685	0.000496094
3463	0.532774	0.500694	0.000496038
3464	0.483702	0.500689	0.000495919
3465	0.491249	0.500687	0.000495783
3466	0.536491	0.500697	0.000495748
3467	0.526463	0.500704	0.00049566
3468	0.511902	0.500708	0.000495528
3469	0.574615	0.500729	0.000495843
3470	0.520154	0.500735	0.000495732
3471	0.528247	0.500742	0.000495652
3472	0.489783	0.500739	0.00049552
3473	0.492585	0.500737	0.000495382
3474	0.454078	0.500724	0.000495422
3475	0.47972	0.500717	0.000495316
3476	0.552071	0.500732	0.000495394
3477	0.514088	0.500736	0.000495266
3478	0.496995	0.500735	0.000495125
3479	0.540381	0.500746	0.000495114
3480	0.5603	0.500763	0.000495267
3481	0.467681	0.500754	0.000495216
3482	0.529461	0.500762	0.000495143
3483	0.451239	0.500748	0.000495204
3484	0.472964	0.50074	0.000495126
3485	0.486018	0.500736	0.000495002
3486	0.46604	0.500726	0.000494961
3487	0.483737	0.500721	0.000494843
3488	0.525827	0.500728	0.000494753
3489	0.507829	0.50073	0.000494615
3490	0.504846	0.500731	0.000494475
3491	0.468383	0.500722	0.00049442
3492	0.476789	0.500715	0.000494326
3493	0.471783	0.500707	0.000494254
3494	0.498811	0.500706	0.000494113
3495	0.447437	0.500691	0.000494207
3496	0.53965	0.500702	0.000494191
3497	0.47661	0.500695	0.000494098
3498	0.503055	0.500696	0.000493957
3499	0.506064	0.500698	0.000493818
3500	0.531182	0.500706	0.000493754
3501	0.521859	0.500712	0.00049365
3502	0.502738	0.500713	0.000493509
3503	0.476293	0.500706	0.000493417
3504	0.545851	0.500719	0.000493445
3505	0.503669	0.50072	0.000493305
3506	0.49576	0.500718	0.000493166
3507	0.488183	0.500715	0.000493038
3508	0.512598	0.500718	0.000492909
3509	0.529916	0.500726	0.000492839
3510	0.484701	0.500722	0.00049272
3511	0.522558	0.500728	0.000492619
3512	0.508016	0.50073	0.000492483
3513	0.489132	0.500727	0.000492354
3514	0.532347	0.500736	0.000492296
3515	0.50969	0.500738	0.000492163
3516	0.570334	0.500758	0.00049242
3517	0.527544	0.500766	0.000492339
3518	0.475213	0.500759	0.000492253
3519	0.498305	0.500758	0.000492114
3520	0.498561	0.500757	0.000491974
3521	0.478636	0.500751	0.000491875
3522	0.519403	0.500756	0.000491763
3523	0.499282	0.500756	0.000491624
3524	0.511169	0.500759	0.000491493
3525	0.519592	0.500764	0.000491383
3526	0.503213	0.500765	0.000491244
3527	0.47843	0.500759	0.000491146
3528	0.548694	0.500772	0.000491194
3529	0.48899	0.500769	0.000491067
3530	0.520827	0.500774	0.00049096
3531	0.502712	0.500775	0.000490822
3532	0.524632	0.500782	0.000490729
3533	0.470148	0.500773	0.000490667
3534	0.481496	0.500768	0.000490558
3535	0.534282	0.500777	0.000490511
3536	0.498992	0.500777	0.000490373
3537	0.484459	0.500772	0.000490256
3538	0.478571	0.500766	0.000490157
3539	0.506734	0.500767	0.000490022
3540	0.488899	0.500764	0.000489895
3541	0.46913	0.500755	0.000489838
3542	0.46276	0.500744	0.000489817
3543	0.527911	0.500752	0.000489739
3544	0.510608	0.500755	0.000489609
3545	0.513669	0.500759	0.000489484
3546	0.403998	0.500731	0.000490106
3547	0.563666	0.500749	0.000490289
3548	0.507309	0.500751	0.000490154
3549	0.529511	0.500759	0.000490083
3550	0.506282	0.50076	0.000489947
3551	0.496949	0.500759	0.00048981
3552	0.527101	0.500767	0.000489729
3553	0.48715	0.500763	0.000489606
3554	0.459872	0.500751	0.000489603
3555	0.456581	0.500739	0.000489623
3556	0.465507	0.500729	0.000489586
3557	0.555163	0.500744	0.000489687
3558	0.535214	0.500754	0.000489645
3559	0.520113	0.50076	0.000489538
3560	0.466897	0.50075	0.000489493
3561	0.485487	0.500746	0.000489374
3562	0.552969	0.50076	0.000489456
3563	0.515123	0.500764	0.000489336
3564	0.479215	0.500758	0.000489236
3565	0.529332	0.500766	0.000489164
3566	0.484515	0.500762	0.000489048
3567	0.523335	0.500768	0.000488952
3568	0.476363	0.500761	0.000488863
3569	0.488107	0.500758	0.000488739
3570	0.497315	0.500757	0.000488603
3571	0.491945	0.500754	0.000488472
3572	0.492625	0.500752	0.000488341
3573	0.503729	0.500753	0.000488205
3574	0.549496	0.500767	0.000488259
3575	0.486508	0.500763	0.000488138
3576	0.523517	0.500769	0.000488043
3577	0.52269	0.500775	0.000487945
3578	0.508048	0.500777	0.000487813
3579	0.509779	0.50078	0.000487683
3580	0.467416	0.50077	0.000487636
3581	0.50826	0.500772	0.000487505
3582	0.494993	0.500771	0.000487371
3583	0.490873	0.500768	0.000487243
3584	0.502361	0.500768	0.000487107
3585	0.4852	0.500764	0.000486991
3586	0.505907	0.500766	0.000486857
3587	0.509122	0.500768	0.000486727
3588	0.522396	0.500774	0.000486629
3589	0.491363	0.500771	0.0004865
3590	0.485173	0.500767	0.000486384
3591	0.507013	0.500769	0.000486252
3592	0.50783	0.500771	0.00048612
3593	0.490548	0.500768	0.000485993
3594	0.532339	0.500777	0.000485937
3595	0.466555	0.500767	0.000485896
3596	0.463778	0.500757	0.000485869
3597	0.48099	0.500751	0.000485765
3598	0.473952	0.500744	0.000485687
3599	0.533488	0.500753	0.000485638
3600	0.521382	0.500759	0.000485537
3601	0.53387	0.500768	0.000485489
3602	0.455245	0.500755	0.000485518
3603	0.483678	0.50075	0.000485407
3604	0.506064	0.500752	0.000485274
3605	0.506194	0.500753	0.000485142
3606	0.496052	0.500752	0.000485009
3607	0.466085	0.500743	0.00048497
3608	0.517197	0.500747	0.000484857
3609	0.502444	0.500748	0.000484723
3610	0.475332	0.500741	0.00048464
3611	0.496683	0.500739	0.000484507
3612	0.50357	0.50074	0.000484374
3613	0.519358	0.500745	0.000484267
3614	0.468666	0.500736	0.000484214
3615	0.487696	0.500733	0.000484094
3616	0.519012	0.500738	0.000483986
3617	0.528219	0.500746	0.000483912
3618	0.48311	0.500741	0.000483803
3619	0.496538	0.50074	0.000483671
3620	0.482567	0.500734	0.000483563
3621	0.509036	0.500737	0.000483435
3622	0.52377	0.500743	0.000483343
3623	0.48882	0.50074	0.000483221
3624	0.527575	0.500747	0.000483145
3625	0.530975	0.500756	0.000483083
3626	0.516497	0.50076	0.00048297
3627	0.539806	0.500771	0.000482956
3628	0.474051	0.500763	0.000482879
3629	0.49343	0.500761	0.000482751
3630	0.501038	0.500761	0.000482618
3631	0.488694	0.500758	0.000482496
3632	0.478727	0.500752	0.000482401
3633	0.522107	0.500758	0.000482304
3634	0.519061	0.500763	0.000482198
3635	0.490085	0.50076	0.000482074
3636	0.507135	0.500762	0.000481945
3637	0.474483	0.500754	0.000481867
3638	0.451394	0.500741	0.000481925
3639	0.497041	0.50074	0.000481794
3640	0.542108	0.500751	0.000481795
3641	0.469036	0.500743	0.000481742
3642	0.448879	0.500728	0.00048182
3643	0.560071	0.500745	0.000481963
3644	0.523069	0.500751	0.00048187
3645	0.502602	0.500751	0.000481738
3646	0.501192	0.500751	0.000481606
3647	0.506454	0.500753	0.000481476
3648	0.520488	0.500758	0.000481374
3649	0.510243	0.500761	0.00048125
3650	0.508029	0.500763	0.000481122
3651	0.524251	0.500769	0.000481033
3652	0.499882	0.500769	0.000480901
3653	0.522003	0.500775	0.000480805
3654	0.507009	0.500777	0.000480676
3655	0.475394	0.50077	0.000480595
3656	0.489723	0.500767	0.000480473
3657	0.510924	0.500769	0.00048035
3658	0.462694	0.500759	0.000480331
3659	0.502218	0.500759	0.0004802
3660	0.537651	0.50077	0.000480175
3661	0.466687	0.50076	0.000480134
3662	0.481073	0.500755	0.000480033
3663	0.50182	0.500755	0.000479902
3664	0.509336	0.500757	0.000479777
3665	0.50928	0.50076	0.000479651
3666	0.48391	0.500755	0.000479543
3667	0.412611	0.500731	0.000480014
3668	0.504396	0.500732	0.000479884
3669	0.517032	0.500737	0.000479774
3670	0.467314	0.500728	0.000479729
3671	0.457442	0.500716	0.000479744
3672	0.473722	0.500708	0.000479669
3673	0.543423	0.50072	0.00047968
3674	0.518918	0.500725	0.000479575
3675	0.50768	0.500727	0.000479448
3676	0.522597	0.500733	0.000479354
3677	0.567017	0.500751	0.000479563
3678	0.508034	0.500753	0.000479436
3679	0.482599	0.500748	0.000479331
3680	0.503982	0.500749	0.000479202
3681	0.55891	0.500765	0.000479332
3682	0.54316	0.500776	0.00047934
3683	0.518477	0.500781	0.000479234
3684	0.516339	0.500785	0.000479123
3685	0.502066	0.500785	0.000478993
3686	0.531215	0.500794	0.000478934
3687	0.531759	0.500802	0.000478878
3688	0.460376	0.500791	0.000478873
3689	0.476904	0.500785	0.000478787
3690	0.542884	0.500796	0.000478794
3691	0.470671	0.500788	0.000478733
3692	0.509078	0.50079	0.000478609
3693	0.517527	0.500795	0.000478501
3694	0.558434	0.50081	0.000478626
3695	0.539653	0.500821	0.000478611
3696	0.515406	0.500825	0.000478498
3697	0.532956	0.500833	0.000478448
3698	0.528387	0.500841	0.000478376
3699	0.51099	0.500844	0.000478255
3700	0.562037	0.50086	0.000478412
3701	0.537757	0.50087	0.000478386
3702	0.51342	0.500873	0.000478269
3703	0.538021	0.500884	0.000478245
3704	0.48752	0.50088	0.000478129
3705	0.536416	0.500889	0.000478097
3706	0.467874	0.500881	0.000478051
3707	0.504285	0.500882	0.000477923
3708	0.473223	0.500874	0.000477852
3709	0.505856	0.500875	0.000477725
3710	0.481228	0.50087	0.000477625
3711	0.522997	0.500876	0.000477534
3712	0.515446	0.50088	0.000477422
3713	0.470466	0.500872	0.000477363
3714	0.511946	0.500875	0.000477244
3715	0.491219	0.500872	0.000477123
3716	0.497073	0.500871	0.000476995
3717	0.514005	0.500875	0.00047688
3718	0.498034	0.500874	0.000476752
3719	0.513105	0.500877	0.000476636
3720	0.503145	0.500878	0.000476508
3721	0.452779	0.500865	0.000476555
3722	0.478714	0.500859	0.000476464
3723	0.486587	0.500855	0.000476352
3724	0.504719	0.500856	0.000476225
3725	0.51444	0.50086	0.000476111
3726	0.491566	0.500857	0.00047599
3727	0.517891	0.500862	0.000475884
3728	0.515394	0.500866	0.000475772
3729	0.506805	0.500867	0.000475647
3730	0.509533	0.50087	0.000475526
3731	0.468249	0.500861	0.000475479
3732	0.514883	0.500865	0.000475366
3733	0.451052	0.500851	0.000475426
3734	0.502148	0.500852	0.000475299
3735	0.477176	0.500845	0.000475214
3736	0.503993	0.500846	0.000475087
3737	0.523679	0.500852	0.000474999
3738	0.485368	0.500848	0.00047489
3739	0.456705	0.500836	0.00047491
3740	0.545399	0.500848	0.000474933
3741	0.531603	0.500857	0.000474877
3742	0.474381	0.500849	0.000474803
3743	0.450933	0.500836	0.000474863
3744	0.504591	0.500837	0.000474737
3745	0.454755	0.500825	0.00047477
3746	0.513778	0.500828	0.000474656
3747	0.455276	0.500816	0.000474685
3748	0.515351	0.50082	0.000474574
3749	0.530577	0.500828	0.000474514
3750	0.489438	0.500825	0.000474397
3751	0.439788	0.500809	0.000474549
3752	0.48415	0.500804	0.000474444
3753	0.504764	0.500805	0.000474318
3754	0.47653	0.500799	0.000474236
3755	0.560928	0.500815	0.00047438
3756	0.447843	0.500801	0.000474463
3757	0.54265	0.500812	0.000474468
3758	0.467989	0.500803	0.000474422
3759	0.546152	0.500815	0.000474449
3760	0.559018	0.500831	0.000474575
3761	0.465601	0.500821	0.000474541
3762	0.507838	0.500823	0.000474419
3763	0.505704	0.500824	0.000474295
3764	0.533396	0.500833	0.000474248
3765	0.506788	0.500835	0.000474124
3766	0.503754	0.500835	0.000473999
3767	0.525972	0.500842	0.00047392
3768	0.443641	0.500827	0.000474037
3769	0.520731	0.500832	0.000473941
3770	0.513221	0.500835	0.000473827
3771	0.508797	0.500838	0.000473706
3772	0.563963	0.500854	0.000473876
3773	0.500967	0.500854	0.00047375
3774	0.527675	0.500861	0.000473678
3775	0.531106	0.500869	0.00047362
3776	0.49989	0.500869	0.000473495
3777	0.510229	0.500872	0.000473376
3778	0.508993	0.500874	0.000473256
3779	0.489235	0.500871	0.00047314
3780	0.487575	0.500867	0.000473028
3781	0.467518	0.500858	0.000472985
3782	0.512717	0.500862	0.000472871
3783	0.482331	0.500857	0.000472771
3784	0.457022	0.500845	0.000472788
3785	0.486429	0.500841	0.000472679
3786	0.482377	0.500836	0.000472579
3787	0.449199	0.500823	0.000472651
3788	0.493606	0.500821	0.00047253
3789	0.519106	0.500826	0.00047243
3790	0.499294	0.500825	0.000472305
3791	0.522969	0.500831	0.000472217
3792	0.482254	0.500826	0.000472118
3793	0.530219	0.500834	0.000472057
3794	0.472238	0.500826	0.000471993
3795	0.467964	0.500818	0.000471948
3796	0.49867	0.500817	0.000471824
3797	0.535317	0.500826	0.000471787
3798	0.521314	0.500832	0.000471694
3799	0.523137	0.500838	0.000471606
3800	0.451975	0.500825	0.000471657
3801	0.507944	0.500827	0.000471537
3802	0.470449	0.500819	0.00047148
3803	0.476461	0.500812	0.0004714
3804	0.473138	0.500805	0.000471332
3805	0.479887	0.500799	0.00047124
3806	0.58286	0.500821	0.000471609
3807	0.494631	0.500819	0.000471488
3808	0.503575	0.50082	0.000471365
3809	0.60894	0.500848	0.000472095
3810	0.553877	0.500862	0.000472176
3811	0.552473	0.500876	0.000472246
3812	0.558283	0.500891	0.000472363
3813	0.518545	0.500896	0.000472261
3814	0.525487	0.500902	0.000472182
3815	0.546422	0.500914	0.000472208
3816	0.477901	0.500908	0.000472123
3817	0.513697	0.500911	0.000472011
3818	0.466993	0.500902	0.000471971
3819	0.496445	0.500901	0.000471849
3820	0.484047	0.500897	0.000471746
3821	0.537486	0.500906	0.00047172
3822	0.506144	0.500908	0.000471599
3823	0.550789	0.500921	0.000471656
3824	0.512337	0.500924	0.000471542
3825	0.522641	0.500929	0.000471453
3826	0.545116	0.500941	0.000471471
3827	0.497926	0.50094	0.000471348
3828	0.537434	0.50095	0.000471322
3829	0.492468	0.500948	0.000471204
3830	0.53573	0.500957	0.000471168
3831	0.50007	0.500956	0.000471045
3832	0.454514	0.500944	0.000471078
3833	0.445541	0.50093	0.000471177
3834	0.548267	0.500942	0.000471216
3835	0.542638	0.500953	0.000471218
3836	0.511531	0.500956	0.000471104
3837	0.498532	0.500955	0.000470981
3838	0.508263	0.500957	0.000470863
3839	0.48404	0.500953	0.00047076
3840	0.496636	0.500952	0.000470639
3841	0.451547	0.500939	0.000470692
3842	0.47566	0.500932	0.000470616
3843	0.490161	0.500929	0.000470502
3844	0.475148	0.500923	0.000470427
3845	0.56035	0.500938	0.000470559
3846	0.540683	0.500948	0.00047055
3847	0.507915	0.50095	0.000470431
3848	0.500437	0.50095	0.000470309
3849	0.529846	0.500958	0.000470246
3850	0.500818	0.500958	0.000470124
3851	0.532251	0.500966	0.000470072
3852	0.483092	0.500961	0.000469973
3853	0.543197	0.500972	0.000469979
3854	0.493276	0.50097	0.000469861
3855	0.520977	0.500975	0.000469768
3856	0.572766	0.500994	0.000470015
3857	0.46095	0.500983	0.000470008
3858	0.507303	0.500985	0.000469889
3859	0.471782	0.500977	0.000469828
3860	0.487054	0.500974	0.00046972
3861	0.484548	0.50097	0.000469618
3862	0.490724	0.500967	0.000469504
3863	0.495832	0.500966	0.000469384
3864	0.51179	0.500968	0.000469271
3865	0.548602	0.500981	0.000469311
3866	0.485085	0.500977	0.000469208
3867	0.522309	0.500982	0.000469119
3868	0.517133	0.500986	0.000469016
3869	0.456297	0.500975	0.000469037
3870	0.513779	0.500978	0.000468928
3871	0.448281	0.500964	0.000469004
3872	0.443824	0.50095	0.000469115
3873	0.502309	0.50095	0.000468994
3874	0.497524	0.500949	0.000468874
3875	0.498259	0.500948	0.000468754
3876	0.503977	0.500949	0.000468633
3877	0.477605	0.500943	0.000468551
3878	0.461565	0.500933	0.00046854
3879	0.527831	0.50094	0.000468471
3880	0.47079	0.500932	0.000468414
3881	0.470506	0.500924	0.000468359
3882	0.518986	0.500929	0.000468262
3883	0.455746	0.500917	0.000468286
3884	0.52155	0.500923	0.000468195
3885	0.498376	0.500922	0.000468075
3886	0.484498	0.500918	0.000467974
3887	0.518815	0.500922	0.000467876
3888	0.508295	0.500924	0.00046776
3889	0.484335	0.50092	0.000467659
3890	0.493078	0.500918	0.000467543
3891	0.474013	0.500911	0.000467474
3892	0.500529	0.500911	0.000467354
3893	0.493345	0.500909	0.000467238
3894	0.517842	0.500913	0.000467138
3895	0.502151	0.500914	0.000467018
3896	0.474341	0.500907	0.000466948
3897	0.512059	0.50091	0.000466837
3898	0.551513	0.500923	0.000466898
3899	0.517497	0.500927	0.000466798
3900	0.512323	0.50093	0.000466687
3901	0.536807	0.500939	0.000466658
3902	0.485879	0.500935	0.000466554
3903	0.527717	0.500942	0.000466485
3904	0.488651	0.500939	0.000466376
3905	0.484091	0.500935	0.000466277
3906	0.513594	0.500938	0.000466169
3907	0.518518	0.500942	0.000466071
3908	0.54371	0.500953	0.000466081
3909	0.507962	0.500955	0.000465965
3910	0.516713	0.500959	0.000465863
3911	0.547355	0.500971	0.000465895
3912	0.472629	0.500964	0.000465832
3913	0.478659	0.500958	0.000465748
3914	0.526329	0.500965	0.000465674
3915	0.530596	0.500972	0.000465617
3916	0.472114	0.500965	0.000465556
3917	0.496884	0.500964	0.000465438
3918	0.557689	0.500978	0.000465545
3919	0.488498	0.500975	0.000465437
3920	0.519941	0.50098	0.000465343
3921	0.468085	0.500972	0.0004653
3922	0.485165	0.500967	0.000465199
3923	0.51239	0.50097	0.000465089
3924	0.511494	0.500973	0.000464979
3925	0.511122	0.500976	0.000464867
3926	0.55145	0.500989	0.000464927
3927	0.518422	0.500993	0.00046483
3928	0.487717	0.50099	0.000464724
3929	0.475697	0.500983	0.00046465
3930	0.515356	0.500987	0.000464546
3931	0.492265	0.500985	0.000464433
3932	0.488861	0.500982	0.000464325
3933	0.462916	0.500972	0.000464308
3934	0.532604	0.50098	0.00046426
3935	0.479128	0.500974	0.000464175
3936	0.498387	0.500974	0.000464057
3937	0.483361	0.500969	0.000463961
3938	0.483945	0.500965	0.000463863
3939	0.483481	0.50096	0.000463767
3940	0.501425	0.500961	0.000463649
3941	0.477049	0.500954	0.000463571
3942	0.535031	0.500963	0.000463534
3943	0.522841	0.500969	0.00046345
3944	0.552135	0.500982	0.000463514
3945	0.479645	0.500976	0.000463428
3946	0.452376	0.500964	0.000463474
3947	0.540011	0.500974	0.000463462
3948	0.574365	0.500992	0.000463718
3949	0.489316	0.500989	0.00046361
3950	0.459803	0.500979	0.000463609
3951	0.518139	0.500983	0.000463512
3952	0.539979	0.500993	0.0004635
3953	0.508596	0.500995	0.000463387
3954	0.509738	0.500997	0.000463275
3955	0.462976	0.500988	0.000463258
3956	0.479216	0.500982	0.000463173
3957	0.485623	0.500978	0.000463072
3958	0.503737	0.500979	0.000462956
3959	0.506705	0.50098	0.000462841
3960	0.547477	0.500992	0.000462873
3961	0.499155	0.500992	0.000462757
3962	0.456618	0.500981	0.000462775
3963	0.457717	0.50097	0.000462787
3964	0.462893	0.50096	0.00046277
3965	0.481704	0.500955	0.000462679
3966	0.488567	0.500952	0.000462573
3967	0.51071	0.500955	0.000462463
3968	0.489063	0.500952	0.000462356
3969	0.47519	0.500945	0.000462285
3970	0.529597	0.500952	0.000462225
3971	0.441482	0.500937	0.000462351
3972	0.557334	0.500951	0.000462453
3973	0.513473	0.500955	0.000462347
3974	0.470744	0.500947	0.000462293
3975	0.540807	0.500957	0.000462286
3976	0.492995	0.500955	0.000462174
3977	0.456153	0.500944	0.000462195
3978	0.456356	0.500933	0.000462214
3979	0.461741	0.500923	0.000462203
3980	0.479766	0.500917	0.000462118
3981	0.457993	0.500907	0.000462127
3982	0.501865	0.500907	0.000462011
3983	0.484767	0.500903	0.000461913
3984	0.486943	0.500899	0.00046181
3985	0.478365	0.500894	0.000461729
3986	0.491416	0.500891	0.000461619
3987	0.525126	0.500897	0.000461544
3988	0.5436	0.500908	0.000461552
3989	0.465071	0.500899	0.000461524
3990	0.499717	0.500899	0.000461408
3991	0.496727	0.500898	0.000461294
3992	0.484191	0.500894	0.000461197
3993	0.496927	0.500893	0.000461083
3994	0.4825	0.500888	0.00046099
3995	0.507001	0.50089	0.000460878
3996	0.509952	0.500892	0.000460768
3997	0.499484	0.500891	0.000460653
3998	0.469955	0.500884	0.000460602
3999	0.527073	0.50089	0.000460534
4000	0.520469	0.500895	0.000460445
4001	0.478253	0.500889	0.000460364
4002	0.55752	0.500904	0.000460467
4003	0.521645	0.500909	0.000460381
4004	0.539782	0.500919	0.000460368
4005	0.513822	0.500922	0.000460265
4006	0.518401	0.500926	0.00046017
4007	0.482936	0.500922	0.000460077
4008	0.51141	0.500924	0.00045997
4009	0.503228	0.500925	0.000459856
4010	0.482191	0.50092	0.000459765
4011	0.503077	0.500921	0.000459651
4012	0.506665	0.500922	0.000459538
4013	0.511963	0.500925	0.000459432
4014	0.563971	0.500941	0.000459586
4015	0.539326	0.50095	0.000459571
4016	0.45063	0.500938	0.000459627
4017	0.530994	0.500945	0.000459574
4018	0.478266	0.500939	0.000459494
4019	0.466485	0.500931	0.00045946
4020	0.510185	0.500933	0.000459351
4021	0.503165	0.500934	0.000459237
4022	0.492222	0.500932	0.000459128
4023	0.520881	0.500936	0.000459041
4024	0.498436	0.500936	0.000458927
4025	0.513358	0.500939	0.000458823
4026	0.482397	0.500934	0.000458733
4027	0.520301	0.500939	0.000458644
4028	0.479952	0.500934	0.00045856
4029	0.526792	0.50094	0.000458491
4030	0.479525	0.500935	0.000458408
4031	0.514247	0.500938	0.000458306
4032	0.481154	0.500933	0.000458219
4033	0.489827	0.500931	0.000458113
4034	0.525629	0.500937	0.000458041
4035	0.568887	0.500954	0.000458236
4036	0.460249	0.500944	0.000458234
4037	0.547659	0.500955	0.000458266
4038	0.457872	0.500944	0.000458277
4039	0.47108	0.500937	0.000458223
4040	0.561086	0.500952	0.000458352
4041	0.443268	0.500938	0.00045846
4042	0.483504	0.500933	0.000458367
4043	0.485851	0.50093	0.000458269
4044	0.485295	0.500926	0.000458172
4045	0.492004	0.500924	0.000458064
4046	0.490292	0.500921	0.000457958
4047	0.491677	0.500919	0.000457851
4048	0.477094	0.500913	0.000457776
4049	0.516187	0.500917	0.000457678
4050	0.476802	0.500911	0.000457604
4051	0.477988	0.500905	0.000457526
4052	0.485143	0.500901	0.00045743
4053	0.504084	0.500902	0.000457317
4054	0.546909	0.500913	0.000457345
4055	0.499223	0.500913	0.000457233
4056	0.515802	0.500916	0.000457135
4057	0.477648	0.500911	0.000457058
4058	0.492907	0.500909	0.00045695
4059	0.519845	0.500913	0.000456861
4060	0.522196	0.500919	0.000456779
4061	0.543396	0.500929	0.000456786
4062	0.481609	0.500924	0.000456698
4063	0.534673	0.500933	0.000456661
4064	0.463429	0.500923	0.000456642
4065	0.500796	0.500923	0.00045653
4066	0.497787	0.500923	0.000456418
4067	0.488912	0.50092	0.000456316
4068	0.538353	0.500929	0.000456296
4069	0.522528	0.500934	0.000456215
4070	0.539348	0.500944	0.0004562
4071	0.472256	0.500937	0.000456143
4072	0.428244	0.500919	0.00045638
4073	0.511024	0.500921	0.000456275
4074	0.488612	0.500918	0.000456173
4075	0.491436	0.500916	0.000456067
4076	0.522775	0.500921	0.000455986
4077	0.485624	0.500917	0.00045589
4078	0.524069	0.500923	0.000455813
4079	0.545597	0.500934	0.000455833
4080	0.50365	0.500935	0.000455722
4081	0.424755	0.500916	0.000455992
4082	0.496988	0.500915	0.000455882
4083	0.568863	0.500932	0.000456074
4084	0.510282	0.500934	0.000455968
4085	0.507486	0.500936	0.000455859
4086	0.517256	0.50094	0.000455765
4087	0.544479	0.50095	0.000455778
4088	0.491887	0.500948	0.000455672
4089	0.49885	0.500948	0.000455561
4090	0.492821	0.500946	0.000455454
4091	0.554903	0.500959	0.000455533
4092	0.460367	0.500949	0.00045553
4093	0.463293	0.50094	0.000455511
4094	0.44711	0.500927	0.00045559
4095	0.482213	0.500922	0.000455501
4096	0.518362	0.500926	0.00045541
4097	0.540643	0.500936	0.000455402
4098	0.478805	0.500931	0.000455323
4099	0.46322	0.500921	0.000455305
4100	0.556842	0.500935	0.000455398
4101	0.50895	0.500937	0.000455291
4102	0.498345	0.500936	0.000455181
4103	0.483644	0.500932	0.000455089
4104	0.446611	0.500919	0.000455171
4105	0.538601	0.500928	0.000455152
4106	0.545531	0.500939	0.000455171
4107	0.525747	0.500945	0.0004551
4108	0.498108	0.500944	0.00045499
4109	0.482057	0.50094	0.000454903
4110	0.522615	0.500945	0.000454823
4111	0.493779	0.500943	0.000454715
4112	0.503872	0.500944	0.000454605
4113	0.573607	0.500962	0.000454838
4114	0.51723	0.500965	0.000454745
4115	0.541628	0.500975	0.000454741
4116	0.558046	0.500989	0.000454842
4117	0.443507	0.500975	0.000454946
4118	0.559564	0.500989	0.000455058
4119	0.48704	0.500986	0.00045496
4120	0.457298	0.500975	0.000454973
4121	0.52087	0.50098	0.000454888
4122	0.518128	0.500984	0.000454797
4123	0.456784	0.500974	0.000454813
4124	0.437536	0.500958	0.000454963
4125	0.529707	0.500965	0.000454906
4126	0.518502	0.50097	0.000454815
4127	0.497142	0.500969	0.000454706
4128	0.530784	0.500976	0.000454653
4129	0.432458	0.500959	0.000454846
4130	0.509439	0.500961	0.00045474
4131	0.524098	0.500967	0.000454665
4132	0.486602	0.500963	0.000454568
4133	0.475426	0.500957	0.0004545
4134	0.490699	0.500955	0.000454397
4135	0.497594	0.500954	0.000454288
4136	0.492424	0.500952	0.000454183
4137	0.470458	0.500945	0.000454133
4138	0.476976	0.500939	0.00045406
4139	0.484238	0.500935	0.000453968
4140	0.52718	0.500941	0.000453903
4141	0.517267	0.500945	0.00045381
4142	0.472317	0.500938	0.000453753
4143	0.552831	0.500951	0.000453817
4144	0.502594	0.500951	0.000453707
4145	0.500761	0.500951	0.000453598
4146	0.459386	0.500941	0.000453599
4147	0.517093	0.500945	0.000453507
4148	0.476511	0.500939	0.000453435
4149	0.427761	0.500921	0.000453669
4150	0.547957	0.500933	0.000453701
4151	0.479962	0.500928	0.00045362
4152	0.482654	0.500923	0.000453532
4153	0.48747	0.50092	0.000453435
4154	0.537015	0.500929	0.000453409
4155	0.463838	0.50092	0.000453387
4156	0.481158	0.500915	0.000453303
4157	0.49009	0.500912	0.000453202
4158	0.514832	0.500916	0.000453105
4159	0.501151	0.500916	0.000452996
4160	0.494283	0.500914	0.00045289
4161	0.517934	0.500918	0.0004528
4162	0.511396	0.500921	0.000452698
4163	0.479627	0.500916	0.000452618
4164	0.481654	0.500911	0.000452533
4165	0.513435	0.500914	0.000452434
4166	0.53757	0.500923	0.000452411
4167	0.496621	0.500922	0.000452304
4168	0.499432	0.500921	0.000452196
4169	0.518407	0.500926	0.000452107
4170	0.545356	0.500936	0.000452124
4171	0.466906	0.500928	0.000452089
4172	0.517766	0.500932	0.000451998
4173	0.498946	0.500932	0.00045189
4174	0.503634	0.500932	0.000451783
4175	0.488278	0.500929	0.000451685
4176	0.49091	0.500927	0.000451583
4177	0.460335	0.500917	0.000451579
4178	0.503759	0.500918	0.000451472
4179	0.519357	0.500922	0.000451385
4180	0.54439	0.500933	0.000451397
4181	0.496341	0.500932	0.00045129
4182	0.519379	0.500936	0.000451204
4183	0.483967	0.500932	0.000451114
4184	0.523582	0.500937	0.000451039
4185	0.507262	0.500939	0.000450934
4186	0.514867	0.500942	0.000450838
4187	0.506457	0.500944	0.000450733
4188	0.488073	0.50094	0.000450636
4189	0.521123	0.500945	0.000450554
4190	0.516721	0.500949	0.000450462
4191	0.522349	0.500954	0.000450383
4192	0.506207	0.500955	0.000450278
4193	0.492365	0.500953	0.000450175
4194	0.562326	0.500968	0.000450305
4195	0.498677	0.500967	0.000450198
4196	0.514151	0.500971	0.000450102
4197	0.432432	0.500954	0.000450291
4198	0.490438	0.500952	0.000450191
4199	0.488404	0.500949	0.000450093
4200	0.513893	0.500952	0.000449997
4201	0.546613	0.500963	0.000450021
4202	0.477778	0.500957	0.000449948
4203	0.493288	0.500955	0.000449844
4204	0.49452	0.500954	0.00044974
4205	0.531515	0.500961	0.000449692
4206	0.496097	0.50096	0.000449586
4207	0.45956	0.50095	0.000449587
4208	0.501173	0.50095	0.00044948
4209	0.507552	0.500952	0.000449376
4210	0.5041	0.500952	0.00044927
4211	0.500811	0.500952	0.000449163
4212	0.526031	0.500958	0.000449096
4213	0.510818	0.500961	0.000448996
4214	0.468599	0.500953	0.000448955
4215	0.512443	0.500956	0.000448857
4216	0.515719	0.500959	0.000448764
4217	0.498715	0.500959	0.000448658
4218	0.499265	0.500958	0.000448552
4219	0.552074	0.50097	0.000448609
4220	0.499506	0.50097	0.000448503
4221	0.433717	0.500954	0.000448679
4222	0.531361	0.500961	0.000448631
4223	0.510259	0.500964	0.00044853
4224	0.472666	0.500957	0.000448474
4225	0.499652	0.500957	0.000448368
4226	0.50083	0.500957	0.000448262
4227	0.465909	0.500948	0.000448232
4228	0.559384	0.500962	0.000448339
4229	0.554856	0.500975	0.000448414
4230	0.466109	0.500967	0.000448384
4231	0.490791	0.500964	0.000448285
4232	0.469572	0.500957	0.00044824
4233	0.506595	0.500958	0.000448136
4234	0.481048	0.500953	0.000448055
4235	0.547462	0.500964	0.000448084
4236	0.483986	0.50096	0.000447996
4237	0.541122	0.50097	0.00044799
4238	0.523307	0.500975	0.000447916
4239	0.465035	0.500967	0.00044789
4240	0.481998	0.500962	0.000447807
4241	0.513738	0.500965	0.000447711
4242	0.462606	0.500956	0.000447697
4243	0.497138	0.500955	0.000447593
4244	0.526415	0.500961	0.000447527
4245	0.503244	0.500962	0.000447422
4246	0.543206	0.500972	0.000447427
4247	0.466447	0.500964	0.000447396
4248	0.489713	0.500961	0.000447298
4249	0.495148	0.50096	0.000447195
4250	0.504987	0.500961	0.000447091
4251	0.450163	0.500949	0.000447146
4252	0.476065	0.500943	0.000447079
4253	0.49801	0.500942	0.000446974
4254	0.507515	0.500944	0.000446872
4255	0.50082	0.500944	0.000446767
4256	0.523528	0.500949	0.000446693
4257	0.477297	0.500943	0.000446623
4258	0.521454	0.500948	0.000446544
4259	0.456777	0.500938	0.00044656
4260	0.480775	0.500933	0.00044648
4261	0.561118	0.500947	0.000446598
4262	0.511708	0.50095	0.000446501
4263	0.506794	0.500951	0.000446398
4264	0.462748	0.500942	0.000446383
4265	0.512226	0.500945	0.000446286
4266	0.516669	0.500948	0.000446197
4267	0.483048	0.500944	0.000446112
4268	0.47959	0.500939	0.000446036
4269	0.470645	0.500932	0.000445988
4270	0.497942	0.500931	0.000445884
4271	0.506975	0.500933	0.000445782
4272	0.493257	0.500931	0.000445681
4273	0.541322	0.50094	0.000445677
4274	0.494924	0.500939	0.000445575
4275	0.482311	0.500935	0.000445492
4276	0.436158	0.50092	0.000445645
4277	0.481145	0.500915	0.000445565
4278	0.488611	0.500912	0.00044547
4279	0.469696	0.500905	0.000445426
4280	0.506221	0.500906	0.000445323
4281	0.529735	0.500913	0.00044527
4282	0.519008	0.500917	0.000445186
4283	0.487238	0.500914	0.000445094
4284	0.512745	0.500917	0.000444999
4285	0.498369	0.500916	0.000444895
4286	0.51052	0.500918	0.000444797
4287	0.501389	0.500918	0.000444693
4288	0.49742	0.500917	0.00044459
4289	0.521407	0.500922	0.000444512
4290	0.539692	0.500931	0.000444501
4291	0.452524	0.50092	0.00044454
4292	0.454886	0.500909	0.000444566
4293	0.494613	0.500908	0.000444465
4294	0.529682	0.500915	0.000444412
4295	0.429591	0.500898	0.000444618
4296	0.487207	0.500895	0.000444526
4297	0.564731	0.50091	0.000444671
4298	0.515838	0.500913	0.000444581
4299	0.468205	0.500905	0.000444543
4300	0.476644	0.5009	0.000444475
4301	0.524692	0.500905	0.000444406
4302	0.546748	0.500916	0.000444431
4303	0.47657	0.50091	0.000444363
4304	0.471083	0.500903	0.000444314
4305	0.548838	0.500915	0.000444351
4306	0.425145	0.500897	0.000444596
4307	0.523594	0.500902	0.000444524
4308	0.486511	0.500899	0.000444433
4309	0.42253	0.500881	0.000444702
4310	0.50305	0.500881	0.000444599
4311	0.48358	0.500877	0.000444514
4312	0.500908	0.500877	0.000444411
4313	0.500506	0.500877	0.000444308
4314	0.475503	0.500871	0.000444244
4315	0.471855	0.500865	0.000444192
4316	0.443925	0.500851	0.000444284
4317	0.498389	0.500851	0.000444182
4318	0.557284	0.500864	0.000444271
4319	0.505738	0.500865	0.00044417
4320	0.456731	0.500855	0.000444185
4321	0.521691	0.50086	0.000444108
4322	0.456984	0.500849	0.000444121
4323	0.495186	0.500848	0.00044402
4324	0.466408	0.50084	0.000443989
4325	0.476712	0.500835	0.000443921
4326	0.522803	0.50084	0.000443848
4327	0.537527	0.500848	0.000443826
4328	0.509245	0.50085	0.000443728
4329	0.49769	0.500849	0.000443626
4330	0.514454	0.500852	0.000443535
4331	0.520634	0.500857	0.000443456
4332	0.447343	0.500845	0.000443526
4333	0.484595	0.500841	0.000443439
4334	0.515544	0.500844	0.00044335
4335	0.508923	0.500846	0.000443251
4336	0.502869	0.500847	0.000443149
4337	0.515923	0.50085	0.000443061
4338	0.53081	0.500857	0.000443013
4339	0.476543	0.500851	0.000442946
4340	0.434362	0.500836	0.000443109
4341	0.480883	0.500832	0.00044303
4342	0.49258	0.50083	0.000442932
4343	0.482149	0.500825	0.000442851
4344	0.439452	0.500811	0.000442975
4345	0.485341	0.500808	0.000442887
4346	0.520842	0.500812	0.000442809
4347	0.519611	0.500817	0.000442728
4348	0.498367	0.500816	0.000442627
4349	0.505894	0.500817	0.000442527
4350	0.46129	0.500808	0.000442518
4351	0.529054	0.500815	0.000442464
4352	0.532609	0.500822	0.000442423
4353	0.476464	0.500816	0.000442357
4354	0.485721	0.500813	0.000442269
4355	0.492586	0.500811	0.000442171
4356	0.483171	0.500807	0.000442088
4357	0.441764	0.500793	0.000442194
4358	0.489164	0.500791	0.000442101
4359	0.519112	0.500795	0.000442019
4360	0.54267	0.500804	0.000442022
4361	0.542037	0.500814	0.000442022
4362	0.50811	0.500816	0.000441924
4363	0.542579	0.500825	0.000441926
4364	0.495769	0.500824	0.000441827
4365	0.523418	0.500829	0.000441756
4366	0.494225	0.500828	0.000441657
4367	0.448055	0.500816	0.000441721
4368	0.472267	0.500809	0.000441668
4369	0.508316	0.500811	0.000441571
4370	0.507905	0.500812	0.000441473
4371	0.520003	0.500817	0.000441393
4372	0.497231	0.500816	0.000441293
4373	0.530169	0.500823	0.000441243
4374	0.506078	0.500824	0.000441144
4375	0.507123	0.500825	0.000441046
4376	0.522539	0.50083	0.000440973
4377	0.506974	0.500832	0.000440874
4378	0.478592	0.500827	0.000440803
4379	0.518144	0.500831	0.00044072
4380	0.524221	0.500836	0.000440652
4381	0.497937	0.500835	0.000440552
4382	0.527589	0.500841	0.000440493
4383	0.502941	0.500842	0.000440393
4384	0.48996	0.500839	0.0004403
4385	0.457641	0.500829	0.000440309
4386	0.494236	0.500828	0.000440212
4387	0.493344	0.500826	0.000440115
4388	0.501138	0.500826	0.000440014
4389	0.482098	0.500822	0.000439935
4390	0.487179	0.500819	0.000439846
4391	0.498024	0.500818	0.000439746
4392	0.463796	0.50081	0.000439727
4393	0.491058	0.500808	0.000439632
4394	0.497098	0.500807	0.000439533
4395	0.455822	0.500797	0.000439552
4396	0.472887	0.50079	0.000439498
4397	0.480954	0.500786	0.000439421
4398	0.471752	0.500779	0.000439371
4399	0.501904	0.500779	0.000439271
4400	0.564191	0.500794	0.000439407
4401	0.522861	0.500799	0.000439336
4402	0.565865	0.500814	0.000439485
4403	0.481113	0.500809	0.000439408
4404	0.458274	0.500799	0.000439414
4405	0.499831	0.500799	0.000439315
4406	0.520247	0.500804	0.000439237
4407	0.502886	0.500804	0.000439138
4408	0.530865	0.500811	0.000439091
4409	0.507995	0.500813	0.000438994
4410	0.474517	0.500807	0.000438935
4411	0.512132	0.500809	0.000438843
4412	0.494019	0.500808	0.000438747
4413	0.495799	0.500807	0.000438649
4414	0.467807	0.500799	0.000438613
4415	0.500418	0.500799	0.000438514
4416	0.492451	0.500797	0.000438418
4417	0.575744	0.500814	0.000438647
4418	0.491814	0.500812	0.000438553
4419	0.451865	0.500801	0.000438593
4420	0.549406	0.500812	0.000438632
4421	0.52302	0.500817	0.000438561
4422	0.460585	0.500808	0.000438557
4423	0.518104	0.500812	0.000438475
4424	0.52645	0.500818	0.000438414
4425	0.485392	0.500814	0.000438329
4426	0.521406	0.500819	0.000438255
4427	0.516687	0.500822	0.00043817
4428	0.511548	0.500825	0.000438078
4429	0.538722	0.500833	0.000438063
4430	0.511164	0.500836	0.00043797
4431	0.507323	0.500837	0.000437874
4432	0.46981	0.50083	0.000437831
4433	0.522505	0.500835	0.000437759
4434	0.532572	0.500842	0.000437719
4435	0.520299	0.500846	0.000437642
4436	0.51128	0.500849	0.00043755
4437	0.489789	0.500846	0.000437459
4438	0.464609	0.500838	0.000437436
4439	0.521489	0.500843	0.000437362
4440	0.510134	0.500845	0.000437269
4441	0.495845	0.500844	0.000437172
4442	0.521582	0.500848	0.000437098
4443	0.548294	0.500859	0.00043713
4444	0.499679	0.500859	0.000437032
4445	0.519988	0.500863	0.000436955
4446	0.525143	0.500869	0.000436891
4447	0.510923	0.500871	0.000436798
4448	0.48751	0.500868	0.000436711
4449	0.454896	0.500858	0.000436735
4450	0.483684	0.500854	0.000436654
4451	0.51335	0.500857	0.000436564
4452	0.47521	0.500851	0.000436504
4453	0.487817	0.500848	0.000436416
4454	0.553443	0.50086	0.000436478
4455	0.488361	0.500857	0.000436389
4456	0.496967	0.500856	0.000436292
4457	0.478034	0.500851	0.000436224
4458	0.485719	0.500847	0.000436139
4459	0.471041	0.500841	0.000436093
4460	0.471487	0.500834	0.000436045
4461	0.524971	0.50084	0.000435981
4462	0.504569	0.50084	0.000435884
4463	0.49508	0.500839	0.000435788
4464	0.541558	0.500848	0.000435786
4465	0.5113	0.500851	0.000435694
4466	0.519353	0.500855	0.000435617
4467	0.516282	0.500858	0.000435533
4468	0.445675	0.500846	0.00043561
4469	0.505442	0.500847	0.000435514
4470	0.506511	0.500848	0.000435419
4471	0.467648	0.500841	0.000435384
4472	0.446064	0.500828	0.000435459
4473	0.467819	0.500821	0.000435425
4474	0.484943	0.500818	0.000435342
4475	0.570393	0.500833	0.000435522
4476	0.497505	0.500832	0.000435425
4477	0.485244	0.500829	0.000435342
4478	0.539366	0.500837	0.00043533
4479	0.545306	0.500847	0.000435346
4480	0.491323	0.500845	0.000435254
4481	0.537826	0.500854	0.000435235
4482	0.526025	0.500859	0.000435174
4483	0.488787	0.500856	0.000435085
4484	0.498915	0.500856	0.000434988
4485	0.502751	0.500856	0.000434892
4486	0.555134	0.500869	0.000434963
4487	0.497971	0.500868	0.000434867
4488	0.499193	0.500868	0.00043477
4489	0.54933	0.500878	0.000434807
4490	0.514422	0.500881	0.000434721
4491	0.509289	0.500883	0.000434628
4492	0.494324	0.500882	0.000434534
4493	0.519678	0.500886	0.000434457
4494	0.568149	0.500901	0.000434618
4495	0.48486	0.500897	0.000434536
4496	0.548127	0.500908	0.000434566
4497	0.4594	0.500899	0.000434568
4498	0.545986	0.500909	0.000434587
4499	0.491073	0.500906	0.000434495
4500	0.51152	0.500909	0.000434405
4501	0.532671	0.500916	0.000434366
4502	0.526121	0.500921	0.000434306
4503	0.503746	0.500922	0.00043421
4504	0.489378	0.50092	0.000434121
4505	0.486066	0.500916	0.000434037
4506	0.52696	0.500922	0.000433979
4507	0.54423	0.500932	0.000433989
4508	0.463183	0.500923	0.000433974
4509	0.485532	0.50092	0.000433891
4510	0.481818	0.500916	0.000433815
4511	0.480836	0.500911	0.000433742
4512	0.463837	0.500903	0.000433724
4513	0.500863	0.500903	0.000433628
4514	0.56096	0.500916	0.000433736
4515	0.469958	0.500909	0.000433694
4516	0.549025	0.50092	0.000433729
4517	0.532065	0.500927	0.000433687
4518	0.525363	0.500932	0.000433625
4519	0.471273	0.500926	0.000433579
4520	0.509483	0.500928	0.000433487
4521	0.511982	0.50093	0.000433398
4522	0.516593	0.500934	0.000433316
4523	0.481378	0.500929	0.000433242
4524	0.478563	0.500924	0.000433174
4525	0.529549	0.500931	0.000433125
4526	0.497156	0.50093	0.00043303
4527	0.470263	0.500923	0.000432987
4528	0.489466	0.50092	0.000432899
4529	0.498061	0.50092	0.000432804
4530	0.455694	0.50091	0.000432823
4531	0.504971	0.500911	0.000432729
4532	0.494508	0.500909	0.000432636
4533	0.48283	0.500905	0.000432559
4534	0.511428	0.500908	0.000432469
4535	0.484831	0.500904	0.000432389
4536	0.520812	0.500909	0.000432316
4537	0.482589	0.500904	0.000432239
4538	0.472184	0.500898	0.00043219
4539	0.522647	0.500903	0.000432122
4540	0.526785	0.500909	0.000432064
4541	0.489048	0.500906	0.000431977
4542	0.480415	0.500902	0.000431905
4543	0.506196	0.500903	0.000431812
4544	0.473758	0.500897	0.000431758
4545	0.498942	0.500896	0.000431663
4546	0.531561	0.500903	0.000431621
4547	0.544435	0.500913	0.000431632
4548	0.507177	0.500914	0.00043154
4549	0.522981	0.500919	0.000431472
4550	0.539155	0.500927	0.000431459
4551	0.482774	0.500923	0.000431383
4552	0.461702	0.500915	0.000431374
4553	0.486043	0.500911	0.000431291
4554	0.471012	0.500905	0.000431247
4555	0.471797	0.500898	0.000431199
4556	0.474596	0.500893	0.000431143
4557	0.453018	0.500882	0.000431177
4558	0.520916	0.500887	0.000431105
4559	0.553808	0.500898	0.000431166
4560	0.491788	0.500896	0.000431076
4561	0.514646	0.500899	0.000430992
4562	0.490148	0.500897	0.000430904
4563	0.47157	0.50089	0.000430858
4564	0.44097	0.500877	0.000430963
4565	0.447754	0.500866	0.000431026
4566	0.453245	0.500855	0.000431058
4567	0.48362	0.500851	0.00043098
4568	0.496112	0.50085	0.000430887
4569	0.484244	0.500847	0.000430808
4570	0.532368	0.500854	0.000430769
4571	0.510529	0.500856	0.00043068
4572	0.527768	0.500862	0.000430626
4573	0.523214	0.500867	0.000430559
4574	0.534642	0.500874	0.000430529
4575	0.526487	0.500879	0.000430471
4576	0.523552	0.500884	0.000430405
4577	0.510602	0.500887	0.000430317
4578	0.496849	0.500886	0.000430223
4579	0.47058	0.500879	0.00043018
4580	0.483143	0.500875	0.000430104
4581	0.480697	0.500871	0.000430033
4582	0.521859	0.500875	0.000429963
4583	0.472147	0.500869	0.000429915
4584	0.492223	0.500867	0.000429825
4585	0.473922	0.500861	0.000429772
4586	0.491152	0.500859	0.000429683
4587	0.504576	0.50086	0.00042959
4588	0.509694	0.500862	0.000429501
4589	0.475248	0.500856	0.000429444
4590	0.577828	0.500873	0.000429677
4591	0.471927	0.500867	0.00042963
4592	0.502563	0.500867	0.000429537
4593	0.51762	0.500871	0.000429459
4594	0.504464	0.500872	0.000429366
4595	0.482753	0.500868	0.000429291
4596	0.452869	0.500857	0.000429324
4597	0.554759	0.500869	0.000429391
4598	0.500207	0.500869	0.000429297
4599	0.505491	0.50087	0.000429205
4600	0.45103	0.500859	0.000429249
4601	0.487739	0.500856	0.000429165
4602	0.501461	0.500856	0.000429072
4603	0.4998	0.500856	0.000428979
4604	0.459975	0.500847	0.000428977
4605	0.449684	0.500836	0.000429028
4606	0.490559	0.500834	0.000428941
4607	0.488224	0.500831	0.000428856
4608	0.524444	0.500836	0.000428794
4609	0.462984	0.500828	0.000428779
4610	0.466789	0.500821	0.00042875
4611	0.502548	0.500821	0.000428657
4612	0.519828	0.500825	0.000428584
4613	0.493391	0.500824	0.000428494
4614	0.554146	0.500835	0.000428557
4615	0.519231	0.500839	0.000428483
4616	0.494933	0.500838	0.000428392
4617	0.465378	0.50083	0.000428368
4618	0.440186	0.500817	0.000428476
4619	0.488284	0.500814	0.000428392
4620	0.503019	0.500815	0.0004283
4621	0.513131	0.500817	0.000428215
4622	0.540361	0.500826	0.000428208
4623	0.459968	0.500817	0.000428207
4624	0.525521	0.500822	0.000428147
4625	0.47155	0.500816	0.000428102
4626	0.48221	0.500812	0.000428028
4627	0.473694	0.500806	0.000427976
4628	0.492804	0.500805	0.000427887
4629	0.511635	0.500807	0.000427801
4630	0.533771	0.500814	0.000427767
4631	0.443492	0.500802	0.000427854
4632	0.516332	0.500805	0.000427775
4633	0.524638	0.50081	0.000427713
4634	0.480607	0.500806	0.000427643
4635	0.474426	0.5008	0.000427589
4636	0.496631	0.500799	0.000427498
4637	0.509338	0.500801	0.000427409
4638	0.535797	0.500809	0.000427384
4639	0.504339	0.500809	0.000427292
4640	0.49142	0.500807	0.000427205
4641	0.516833	0.500811	0.000427127
4642	0.497296	0.50081	0.000427036
4643	0.535282	0.500817	0.000427008
4644	0.508276	0.500819	0.000426919
4645	0.51722	0.500823	0.000426842
4646	0.51701	0.500826	0.000426764
4647	0.49903	0.500826	0.000426673
4648	0.476224	0.50082	0.000426614
4649	0.482528	0.500816	0.00042654
4650	0.455983	0.500807	0.000426557
4651	0.531033	0.500813	0.000426515
4652	0.500613	0.500813	0.000426424
4653	0.490286	0.500811	0.000426338
4654	0.490059	0.500809	0.000426253
4655	0.517197	0.500812	0.000426176
4656	0.465654	0.500805	0.000426151
4657	0.512108	0.500807	0.000426066
4658	0.510396	0.500809	0.00042598
4659	0.517859	0.500813	0.000425904
4660	0.53901	0.500821	0.000425892
4661	0.501654	0.500821	0.0004258
4662	0.483217	0.500817	0.000425726
4663	0.473335	0.500811	0.000425675
4664	0.492792	0.50081	0.000425587
4665	0.566358	0.500824	0.000425728
4666	0.46315	0.500816	0.000425713
4667	0.545415	0.500825	0.000425729
4668	0.475348	0.50082	0.000425673
4669	0.467284	0.500813	0.000425643
4670	0.514561	0.500816	0.000425562
4671	0.45918	0.500807	0.000425564
4672	0.458225	0.500798	0.00042557
4673	0.571498	0.500813	0.000425748
4674	0.49523	0.500811	0.000425659
4675	0.46952	0.500805	0.00042562
4676	0.512661	0.500807	0.000425537
4677	0.491319	0.500805	0.000425451
4678	0.506766	0.500807	0.000425362
4679	0.476716	0.500801	0.000425302
4680	0.480001	0.500797	0.000425234
4681	0.514838	0.5008	0.000425154
4682	0.48611	0.500797	0.000425075
4683	0.455476	0.500787	0.000425094
4684	0.450405	0.500776	0.000425139
4685	0.522061	0.500781	0.000425073
4686	0.442535	0.500769	0.000425164
4687	0.451795	0.500758	0.000425202
4688	0.484211	0.500755	0.000425125
4689	0.46107	0.500746	0.000425119
4690	0.504484	0.500747	0.000425029
4691	0.512004	0.500749	0.000424945
4692	0.460355	0.500741	0.000424942
4693	0.468565	0.500734	0.000424907
4694	0.490645	0.500732	0.000424822
4695	0.558399	0.500744	0.000424909
4696	0.496193	0.500743	0.000424819
4697	0.589168	0.500762	0.000425146
4698	0.51963	0.500766	0.000425074
4699	0.505813	0.500767	0.000424985
4700	0.553122	0.500778	0.000425041
4701	0.497861	0.500777	0.000424951
4702	0.472625	0.500771	0.000424902
4703	0.493512	0.50077	0.000424815
4704	0.462364	0.500762	0.000424803
4705	0.48993	0.500759	0.000424719
4706	0.483401	0.500756	0.000424645
4707	0.536788	0.500763	0.000424624
4708	0.475294	0.500758	0.000424568
4709	0.482802	0.500754	0.000424495
4710	0.500051	0.500754	0.000424405
4711	0.482624	0.50075	0.000424332
4712	0.522678	0.500755	0.000424268
4713	0.514132	0.500758	0.000424187
4714	0.512831	0.50076	0.000424105
4715	0.483806	0.500757	0.00042403
4716	0.487208	0.500754	0.00042395
4717	0.530534	0.50076	0.000423907
4718	0.492477	0.500758	0.000423821
4719	0.485859	0.500755	0.000423743
4720	0.493702	0.500754	0.000423656
4721	0.521315	0.500758	0.000423588
4722	0.523379	0.500763	0.000423526
4723	0.491177	0.500761	0.000423441
4724	0.471342	0.500755	0.000423397
4725	0.501595	0.500755	0.000423307
4726	0.46598	0.500747	0.000423282
4727	0.47473	0.500742	0.000423228
4728	0.512329	0.500744	0.000423146
4729	0.469192	0.500738	0.000423109
4730	0.482785	0.500734	0.000423036
4731	0.475711	0.500729	0.00042298
4732	0.481333	0.500724	0.00042291
4733	0.469634	0.500718	0.000422872
4734	0.492338	0.500716	0.000422787
4735	0.469514	0.50071	0.000422749
4736	0.440103	0.500697	0.000422853
4737	0.473686	0.500691	0.000422802
4738	0.465562	0.500684	0.000422778
4739	0.514404	0.500687	0.000422699
4740	0.471622	0.50068	0.000422654
4741	0.491759	0.500679	0.000422569
4742	0.498826	0.500678	0.00042248
4743	0.507257	0.50068	0.000422393
4744	0.508178	0.500681	0.000422307
4745	0.519584	0.500685	0.000422237
4746	0.478107	0.50068	0.000422175
4747	0.452757	0.50067	0.000422207
4748	0.487722	0.500668	0.000422126
4749	0.52951	0.500674	0.000422081
4750	0.488645	0.500671	0.000422
4751	0.480401	0.500667	0.000421933
4752	0.492898	0.500665	0.000421847
4753	0.531825	0.500672	0.000421809
4754	0.514436	0.500675	0.00042173
4755	0.503716	0.500675	0.000421642
4756	0.477109	0.50067	0.000421583
4757	0.500451	0.50067	0.000421494
4758	0.431968	0.500656	0.000421653
4759	0.476037	0.500651	0.000421596
4760	0.482004	0.500647	0.000421526
4761	0.537407	0.500654	0.000421508
4762	0.51255	0.500657	0.000421427
4763	0.497238	0.500656	0.000421339
4764	0.470747	0.50065	0.000421297
4765	0.500399	0.50065	0.000421209
4766	0.51762	0.500653	0.000421135
4767	0.545782	0.500663	0.000421153
4768	0.511465	0.500665	0.000421071
4769	0.487924	0.500662	0.000420991
4770	0.471419	0.500656	0.000420948
4771	0.480476	0.500652	0.000420881
4772	0.475225	0.500647	0.000420826
4773	0.506263	0.500648	0.00042074
4774	0.495372	0.500647	0.000420653
4775	0.506285	0.500648	0.000420567
4776	0.492934	0.500646	0.000420482
4777	0.482722	0.500643	0.00042041
4778	0.448596	0.500632	0.000420464
4779	0.508605	0.500633	0.000420379
4780	0.495527	0.500632	0.000420292
4781	0.509522	0.500634	0.000420208
4782	0.478869	0.50063	0.000420145
4783	0.500352	0.50063	0.000420057
4784	0.461826	0.500622	0.000420048
4785	0.492685	0.50062	0.000419963
4786	0.448457	0.500609	0.000420017
4787	0.516251	0.500612	0.000419942
4788	0.52843	0.500618	0.000419895
4789	0.520317	0.500622	0.000419827
4790	0.499178	0.500622	0.000419739
4791	0.538698	0.50063	0.000419727
4792	0.47603	0.500625	0.000419671
4793	0.464643	0.500617	0.00041965
4794	0.491056	0.500615	0.000419568
4795	0.479564	0.500611	0.000419503
4796	0.526515	0.500616	0.00041945
4797	0.512177	0.500619	0.00041937
4798	0.498965	0.500618	0.000419283
4799	0.462329	0.50061	0.000419271
4800	0.475235	0.500605	0.000419217
4801	0.516408	0.500608	0.000419143
4802	0.481619	0.500604	0.000419074
4803	0.478906	0.5006	0.000419011
4804	0.472818	0.500594	0.000418964
4805	0.457361	0.500585	0.000418973
4806	0.467295	0.500578	0.000418943
4807	0.435543	0.500565	0.000419075
4808	0.530889	0.500571	0.000419035
4809	0.53243	0.500578	0.000419
4810	0.440655	0.500565	0.000419098
4811	0.482166	0.500561	0.000419029
4812	0.486093	0.500558	0.000418952
4813	0.472833	0.500552	0.000418905
4814	0.525053	0.500558	0.000418849
4815	0.499555	0.500557	0.000418762
4816	0.546777	0.500567	0.000418785
4817	0.450086	0.500556	0.000418829
4818	0.47469	0.500551	0.000418776
4819	0.498702	0.500551	0.00041869
4820	0.49671	0.50055	0.000418604
4821	0.516858	0.500553	0.00041853
4822	0.510999	0.500555	0.000418449
4823	0.526755	0.500561	0.000418398
4824	0.460231	0.500553	0.000418395
4825	0.426585	0.500537	0.000418589
4826	0.487633	0.500535	0.00041851
4827	0.493903	0.500533	0.000418426
4828	0.52317	0.500538	0.000418365
4829	0.486222	0.500535	0.000418289
4830	0.538437	0.500543	0.000418276
4831	0.475582	0.500538	0.000418222
4832	0.493957	0.500536	0.000418137
4833	0.506502	0.500537	0.000418053
4834	0.542762	0.500546	0.000418057
4835	0.514384	0.500549	0.000417981
4836	0.50925	0.500551	0.000417898
4837	0.444082	0.500539	0.000417975
4838	0.502521	0.50054	0.000417889
4839	0.49603	0.500539	0.000417803
4840	0.458496	0.50053	0.000417807
4841	0.479943	0.500526	0.000417743
4842	0.465336	0.500518	0.00041772
4843	0.543798	0.500527	0.000417729
4844	0.521772	0.500532	0.000417666
4845	0.508434	0.500533	0.000417583
4846	0.508174	0.500535	0.000417499
4847	0.485772	0.500532	0.000417424
4848	0.525299	0.500537	0.00041737
4849	0.50132	0.500537	0.000417284
4850	0.545832	0.500547	0.000417302
4851	0.53928	0.500555	0.000417292
4852	0.458994	0.500546	0.000417294
4853	0.481213	0.500542	0.000417227
4854	0.508644	0.500544	0.000417145
4855	0.456917	0.500535	0.000417156
4856	0.510438	0.500537	0.000417075
4857	0.478769	0.500532	0.000417013
4858	0.473808	0.500527	0.000416963
4859	0.518506	0.50053	0.000416894
4860	0.509634	0.500532	0.000416812
4861	0.488013	0.50053	0.000416735
4862	0.524673	0.500535	0.000416678
4863	0.533385	0.500541	0.000416647
4864	0.508935	0.500543	0.000416565
4865	0.504178	0.500544	0.00041648
4866	0.502391	0.500544	0.000416395
4867	0.527391	0.50055	0.000416346
4868	0.512508	0.500552	0.000416268
4869	0.518431	0.500556	0.000416198
4870	0.454298	0.500546	0.000416221
4871	0.458913	0.500538	0.000416224
4872	0.529718	0.500544	0.000416181
4873	0.53385	0.500551	0.000416152
4874	0.523389	0.500555	0.000416093
4875	0.5184	0.500559	0.000416024
4876	0.5168	0.500562	0.000415952
4877	0.527045	0.500568	0.000415902
4878	0.523281	0.500572	0.000415843
4879	0.49568	0.500571	0.000415759
4880	0.471202	0.500565	0.000415717
4881	0.499784	0.500565	0.000415632
4882	0.483025	0.500562	0.000415562
4883	0.529488	0.500568	0.000415519
4884	0.462959	0.50056	0.000415506
4885	0.475005	0.500555	0.000415454
4886	0.49615	0.500554	0.00041537
4887	0.473559	0.500548	0.000415321
4888	0.537495	0.500556	0.000415305
4889	0.581587	0.500572	0.000415551
4890	0.488304	0.50057	0.000415473
4891	0.543668	0.500579	0.000415482
4892	0.514211	0.500581	0.000415406
4893	0.502258	0.500582	0.000415321
4894	0.527882	0.500587	0.000415274
4895	0.449999	0.500577	0.000415318
4896	0.525232	0.500582	0.000415263
4897	0.509008	0.500584	0.000415182
4898	0.464	0.500576	0.000415165
4899	0.519202	0.50058	0.000415097
4900	0.49871	0.50058	0.000415013
4901	0.490393	0.500578	0.000414933
4902	0.496199	0.500577	0.00041485
4903	0.480527	0.500573	0.000414785
4904	0.541026	0.500581	0.000414783
4905	0.485094	0.500578	0.00041471
4906	0.500262	0.500578	0.000414626
4907	0.53041	0.500584	0.000414586
4908	0.5523	0.500594	0.000414635
4909	0.486113	0.500591	0.000414561
4910	0.474492	0.500586	0.000414511
4911	0.489872	0.500584	0.000414432
4912	0.489553	0.500582	0.000414354
4913	0.529977	0.500588	0.000414313
4914	0.490861	0.500586	0.000414233
4915	0.48912	0.500583	0.000414155
4916	0.481915	0.50058	0.000414089
4917	0.515331	0.500583	0.000414015
4918	0.475373	0.500577	0.000413963
4919	0.483721	0.500574	0.000413893
4920	0.512254	0.500576	0.000413815
4921	0.535284	0.500583	0.000413791
4922	0.542044	0.500592	0.000413793
4923	0.526725	0.500597	0.000413743
4924	0.45959	0.500589	0.000413743
4925	0.487896	0.500586	0.000413667
4926	0.534848	0.500593	0.000413641
4927	0.5511	0.500603	0.000413684
4928	0.476673	0.500599	0.000413629
4929	0.469169	0.500592	0.000413594
4930	0.522025	0.500597	0.000413533
4931	0.536879	0.500604	0.000413515
4932	0.48711	0.500601	0.00041344
4933	0.472931	0.500596	0.000413394
4934	0.517117	0.500599	0.000413324
4935	0.507369	0.5006	0.000413243
4936	0.516404	0.500603	0.000413171
4937	0.481971	0.5006	0.000413105
4938	0.5311	0.500606	0.000413067
4939	0.48881	0.500604	0.000412991
4940	0.491279	0.500602	0.000412911
4941	0.524814	0.500607	0.000412857
4942	0.530002	0.500612	0.000412816
4943	0.467857	0.500606	0.000412786
4944	0.491681	0.500604	0.000412706
4945	0.492504	0.500602	0.000412626
4946	0.562377	0.500615	0.000412732
4947	0.501259	0.500615	0.000412648
4948	0.50981	0.500617	0.000412569
4949	0.47977	0.500613	0.000412507
4950	0.480993	0.500609	0.000412443
4951	0.502112	0.500609	0.00041236
4952	0.560577	0.500621	0.000412454
4953	0.484958	0.500618	0.000412383
4954	0.553144	0.500629	0.000412436
4955	0.487051	0.500626	0.000412362
4956	0.497844	0.500625	0.000412279
4957	0.503091	0.500626	0.000412196
4958	0.513922	0.500628	0.000412122
4959	0.448779	0.500618	0.000412171
4960	0.510839	0.50062	0.000412093
4961	0.476441	0.500615	0.000412039
4962	0.486856	0.500612	0.000411965
4963	0.538278	0.50062	0.000411952
4964	0.475098	0.500615	0.000411901
4965	0.486987	0.500612	0.000411828
4966	0.476268	0.500607	0.000411774
4967	0.541104	0.500615	0.000411772
4968	0.502342	0.500616	0.000411689
4969	0.485132	0.500613	0.000411618
4970	0.515744	0.500616	0.000411546
4971	0.50212	0.500616	0.000411464
4972	0.483628	0.500612	0.000411395
4973	0.529055	0.500618	0.000411352
4974	0.487076	0.500615	0.000411278
4975	0.49306	0.500614	0.000411199
4976	0.530174	0.50062	0.000411159
4977	0.50907	0.500622	0.00041108
4978	0.474058	0.500616	0.000411032
4979	0.517283	0.50062	0.000410963
4980	0.486225	0.500617	0.00041089
4981	0.481376	0.500613	0.000410826
4982	0.505512	0.500614	0.000410745
4983	0.516103	0.500617	0.000410674
4984	0.518334	0.500621	0.000410607
4985	0.50556	0.500622	0.000410526
4986	0.501921	0.500622	0.000410444
4987	0.521065	0.500626	0.000410382
4988	0.495434	0.500625	0.000410301
4989	0.470238	0.500619	0.000410264
4990	0.500033	0.500619	0.000410182
4991	0.486545	0.500616	0.000410109
4992	0.454074	0.500606	0.000410133
4993	0.481207	0.500603	0.000410069
4994	0.549824	0.500612	0.000410106
4995	0.467046	0.500606	0.000410079
4996	0.483198	0.500602	0.000410011
4997	0.52648	0.500607	0.000409962
4998	0.468189	0.500601	0.000409931
4999	0.493563	0.5006	0.000409852
5000	0.442843	0.500588	0.000409932
5001	0.512579	0.50059	0.000409857
5002	0.523735	0.500595	0.000409802
5003	0.443404	0.500584	0.000409879
5004	0.491123	0.500582	0.000409802
5005	0.476467	0.500577	0.000409748
5006	0.497051	0.500576	0.000409667
5007	0.507823	0.500578	0.000409588
5008	0.533879	0.500584	0.00040956
5009	0.467487	0.500578	0.000409531
5010	0.500837	0.500578	0.00040945
5011	0.561857	0.50059	0.00040955
5012	0.481376	0.500586	0.000409487
5013	0.543685	0.500595	0.000409495
5014	0.504254	0.500595	0.000409414
5015	0.490733	0.500593	0.000409337
5016	0.506409	0.500595	0.000409257
5017	0.496895	0.500594	0.000409176
5018	0.545888	0.500603	0.000409194
5019	0.507223	0.500604	0.000409115
5020	0.478203	0.5006	0.000409058
5021	0.49096	0.500598	0.000408981
5022	0.439677	0.500586	0.000409079
5023	0.524322	0.50059	0.000409025
5024	0.46648	0.500584	0.000409
5025	0.497456	0.500583	0.000408919
5026	0.458212	0.500575	0.000408925
5027	0.457618	0.500566	0.000408933
5028	0.490067	0.500564	0.000408857
5029	0.46331	0.500557	0.000408842
5030	0.527742	0.500562	0.000408797
5031	0.501744	0.500562	0.000408716
5032	0.504417	0.500563	0.000408635
5033	0.48467	0.50056	0.000408566
5034	0.489309	0.500558	0.000408491
5035	0.495265	0.500557	0.000408411
5036	0.492425	0.500555	0.000408333
5037	0.491414	0.500553	0.000408256
5038	0.470337	0.500547	0.000408219
5039	0.488402	0.500545	0.000408146
5040	0.562905	0.500557	0.000408252
5041	0.496669	0.500556	0.000408172
5042	0.501093	0.500556	0.000408091
5043	0.537938	0.500564	0.000408077
5044	0.491115	0.500562	0.000408001
5045	0.485708	0.500559	0.00040793
5046	0.480366	0.500555	0.000407869
5047	0.503707	0.500556	0.000407789
5048	0.505692	0.500557	0.000407709
5049	0.528622	0.500562	0.000407667
5050	0.494754	0.500561	0.000407587
5051	0.511026	0.500563	0.000407512
5052	0.506378	0.500564	0.000407433
5053	0.501108	0.500564	0.000407352
5054	0.505927	0.500565	0.000407273
5055	0.51345	0.500568	0.000407201
5056	0.45692	0.500559	0.000407212
5057	0.507778	0.500561	0.000407133
5058	0.460246	0.500553	0.000407131
5059	0.490224	0.500551	0.000407056
5060	0.5175	0.500554	0.000406989
5061	0.542354	0.500562	0.000406992
5062	0.475109	0.500557	0.000406943
5063	0.462808	0.50055	0.000406931
5064	0.511087	0.500552	0.000406856
5065	0.499115	0.500552	0.000406776
5066	0.476399	0.500547	0.000406723
5067	0.534848	0.500554	0.000406699
5068	0.49808	0.500553	0.000406619
5069	0.499986	0.500553	0.000406539
5070	0.521415	0.500557	0.00040648
5071	0.499972	0.500557	0.0004064
5072	0.553619	0.500568	0.000406454
5073	0.501632	0.500568	0.000406374
5074	0.471653	0.500562	0.000406334
5075	0.511777	0.500564	0.00040626
5076	0.451927	0.500555	0.000406293
5077	0.516939	0.500558	0.000406226
5078	0.449817	0.500548	0.000406269
5079	0.470397	0.500542	0.000406232
5080	0.502083	0.500542	0.000406152
5081	0.475254	0.500537	0.000406103
5082	0.505428	0.500538	0.000406024
5083	0.520014	0.500542	0.000405962
5084	0.479574	0.500538	0.000405903
5085	0.475761	0.500533	0.000405853
5086	0.483426	0.50053	0.000405787
5087	0.491686	0.500528	0.000405711
5088	0.478017	0.500524	0.000405655
5089	0.518367	0.500527	0.000405591
5090	0.490104	0.500525	0.000405516
5091	0.515883	0.500528	0.000405448
5092	0.465424	0.500521	0.000405427
5093	0.496467	0.50052	0.000405348
5094	0.500794	0.50052	0.000405268
5095	0.489086	0.500518	0.000405195
5096	0.489382	0.500516	0.000405121
5097	0.475978	0.500511	0.00040507
5098	0.533636	0.500518	0.000405043
5099	0.508839	0.500519	0.000404967
5100	0.465519	0.500512	0.000404946
5101	0.485002	0.500509	0.000404878
5102	0.50384	0.50051	0.000404799
5103	0.55162	0.50052	0.000404843
5104	0.473647	0.500515	0.000404798
5105	0.468499	0.500509	0.000404768
5106	0.512792	0.500511	0.000404696
5107	0.497911	0.50051	0.000404617
5108	0.465933	0.500504	0.000404594
5109	0.512346	0.500506	0.000404521
5110	0.486397	0.500503	0.000404452
5111	0.568839	0.500517	0.000404594
5112	0.491495	0.500515	0.000404518
5113	0.501155	0.500515	0.000404439
5114	0.477015	0.50051	0.000404386
5115	0.468767	0.500504	0.000404355
5116	0.451788	0.500495	0.000404388
5117	0.484229	0.500491	0.000404321
5118	0.453387	0.500482	0.000404347
5119	0.518201	0.500486	0.000404283
5120	0.491152	0.500484	0.000404208
5121	0.544021	0.500492	0.000404218
5122	0.472908	0.500487	0.000404175
5123	0.511403	0.500489	0.000404102
5124	0.526903	0.500494	0.000404056
5125	0.521483	0.500498	0.000403998
5126	0.510625	0.5005	0.000403924
5127	0.483071	0.500497	0.00040386
5128	0.503343	0.500498	0.000403781
5129	0.542676	0.500506	0.000403786
5130	0.49935	0.500506	0.000403708
5131	0.528463	0.500511	0.000403666
5132	0.514057	0.500514	0.000403596
5133	0.551009	0.500523	0.000403637
5134	0.515238	0.500526	0.000403568
5135	0.521352	0.50053	0.00040351
5136	0.456877	0.500522	0.000403521
5137	0.499493	0.500522	0.000403443
5138	0.493231	0.50052	0.000403367
5139	0.484172	0.500517	0.000403301
5140	0.525887	0.500522	0.000403252
5141	0.487377	0.500519	0.000403182
5142	0.536719	0.500526	0.000403165
5143	0.464736	0.50052	0.000403147
5144	0.544847	0.500528	0.000403161
5145	0.425546	0.500514	0.000403345
5146	0.565815	0.500526	0.000403467
5147	0.503907	0.500527	0.000403389
5148	0.516403	0.50053	0.000403322
5149	0.505048	0.500531	0.000403245
5150	0.5186	0.500534	0.000403182
5151	0.558584	0.500546	0.000403261
5152	0.501466	0.500546	0.000403183
5153	0.493141	0.500544	0.000403107
5154	0.519727	0.500548	0.000403046
5155	0.514388	0.500551	0.000402977
5156	0.493134	0.500549	0.000402901
5157	0.521215	0.500553	0.000402843
5158	0.540752	0.500561	0.00040284
5159	0.582425	0.500577	0.000403075
5160	0.509522	0.500579	0.000403
5161	0.49898	0.500578	0.000402922
5162	0.486565	0.500576	0.000402853
5163	0.544489	0.500584	0.000402865
5164	0.499894	0.500584	0.000402787
5165	0.489284	0.500582	0.000402715
5166	0.502309	0.500582	0.000402637
5167	0.561089	0.500594	0.00040273
5168	0.458455	0.500586	0.000402734
5169	0.457943	0.500578	0.000402741
5170	0.555139	0.500588	0.000402801
5171	0.436681	0.500576	0.000402913
5172	0.45018	0.500566	0.000402953
5173	0.492961	0.500565	0.000402877
5174	0.495221	0.500564	0.000402801
5175	0.456457	0.500555	0.000402813
5176	0.51307	0.500557	0.000402743
5177	0.497498	0.500557	0.000402665
5178	0.480329	0.500553	0.000402606
5179	0.509099	0.500555	0.000402532
5180	0.501186	0.500555	0.000402454
5181	0.460982	0.500547	0.000402449
5182	0.498424	0.500547	0.000402372
5183	0.479838	0.500543	0.000402314
5184	0.522862	0.500547	0.000402259
5185	0.482732	0.500544	0.000402196
5186	0.49258	0.500542	0.000402122
5187	0.468228	0.500536	0.000402093
5188	0.518449	0.500539	0.00040203
5189	0.502455	0.50054	0.000401953
5190	0.572645	0.500553	0.000402115
5191	0.504975	0.500554	0.000402039
5192	0.441977	0.500543	0.000402119
5193	0.462015	0.500536	0.00040211
5194	0.508005	0.500537	0.000402036
5195	0.512225	0.500539	0.000401964
5196	0.511115	0.500541	0.000401892
5197	0.50283	0.500542	0.000401815
5198	0.495823	0.500541	0.000401739
5199	0.44167	0.50053	0.000401821
5200	0.499787	0.500529	0.000401744
5201	0.523281	0.500534	0.00040169
5202	0.489131	0.500532	0.000401619
5203	0.514851	0.500534	0.000401551
5204	0.497837	0.500534	0.000401475
5205	0.520502	0.500538	0.000401416
5206	0.479158	0.500534	0.00040136
5207	0.460037	0.500526	0.000401358
5208	0.512103	0.500528	0.000401287
5209	0.510938	0.50053	0.000401215
5210	0.566253	0.500543	0.000401336
5211	0.510045	0.500544	0.000401263
5212	0.52329	0.500549	0.00040121
5213	0.514027	0.500551	0.000401142
5214	0.493791	0.50055	0.000401067
5215	0.525385	0.500555	0.000401018
5216	0.503001	0.500555	0.000400941
5217	0.493403	0.500554	0.000400867
5218	0.50943	0.500556	0.000400794
5219	0.477108	0.500551	0.000400742
5220	0.505315	0.500552	0.000400666
5221	0.499971	0.500552	0.00040059
5222	0.4681	0.500546	0.000400561
5223	0.523714	0.50055	0.000400509
5224	0.517279	0.500553	0.000400445
5225	0.511258	0.500555	0.000400374
5226	0.51109	0.500557	0.000400302
5227	0.526521	0.500562	0.000400257
5228	0.522689	0.500567	0.000400202
5229	0.511382	0.500569	0.000400131
5230	0.475622	0.500564	0.000400083
5231	0.497845	0.500563	0.000400007
5232	0.45354	0.500554	0.000400031
5233	0.466041	0.500548	0.000400009
5234	0.539271	0.500555	0.000400001
5235	0.516386	0.500558	0.000399936
5236	0.493517	0.500557	0.000399862
5237	0.466885	0.50055	0.000399838
5238	0.543612	0.500559	0.000399846
5239	0.544178	0.500567	0.000399856
5240	0.447897	0.500557	0.000399906
5241	0.489646	0.500555	0.000399835
5242	0.441481	0.500544	0.000399918
5243	0.529492	0.500549	0.00039988
5244	0.514251	0.500552	0.000399812
5245	0.480405	0.500548	0.000399754
5246	0.492206	0.500546	0.000399681
5247	0.520061	0.50055	0.000399622
5248	0.508303	0.500552	0.000399549
5249	0.484365	0.500548	0.000399485
5250	0.52919	0.500554	0.000399446
5251	0.481	0.50055	0.000399387
5252	0.509335	0.500552	0.000399314
5253	0.491513	0.50055	0.000399242
5254	0.514231	0.500553	0.000399175
5255	0.4918	0.500551	0.000399102
5256	0.489508	0.500549	0.000399032
5257	0.543542	0.500557	0.00039904
5258	0.512937	0.500559	0.000398971
5259	0.516768	0.500563	0.000398907
5260	0.501471	0.500563	0.000398831
5261	0.456401	0.500554	0.000398843
5262	0.485624	0.500552	0.000398778
5263	0.503286	0.500552	0.000398702
5264	0.43864	0.50054	0.0003988
5265	0.532862	0.500546	0.000398772
5266	0.478069	0.500542	0.000398719
5267	0.502281	0.500542	0.000398643
5268	0.512515	0.500545	0.000398574
5269	0.509471	0.500546	0.000398502
5270	0.516484	0.500549	0.000398438
5271	0.495245	0.500548	0.000398363
5272	0.481412	0.500545	0.000398304
5273	0.442255	0.500534	0.000398382
5274	0.481104	0.50053	0.000398324
5275	0.502224	0.50053	0.000398248
5276	0.474992	0.500526	0.000398202
5277	0.515565	0.500528	0.000398137
5278	0.532745	0.500535	0.000398108
5279	0.505117	0.500535	0.000398034
5280	0.50895	0.500537	0.000397962
5281	0.468433	0.500531	0.000397933
5282	0.486719	0.500528	0.000397866
5283	0.510671	0.50053	0.000397795
5284	0.514246	0.500533	0.000397729
5285	0.512807	0.500535	0.00039766
5286	0.458479	0.500527	0.000397664
5287	0.49756	0.500527	0.00039759
5288	0.495253	0.500526	0.000397516
5289	0.508051	0.500527	0.000397443
5290	0.515361	0.50053	0.000397378
5291	0.511897	0.500532	0.000397309
5292	0.4812	0.500528	0.00039725
5293	0.466076	0.500522	0.000397229
5294	0.478816	0.500518	0.000397175
5295	0.555578	0.500528	0.000397236
5296	0.505272	0.500529	0.000397162
5297	0.491486	0.500527	0.00039709
5298	0.491483	0.500526	0.000397019
5299	0.49182	0.500524	0.000396948
5300	0.475759	0.500519	0.0003969
5301	0.501102	0.500519	0.000396825
5302	0.5035	0.50052	0.000396751
5303	0.492272	0.500518	0.000396679
5304	0.493616	0.500517	0.000396607
5305	0.467251	0.500511	0.000396581
5306	0.53241	0.500517	0.000396552
5307	0.500071	0.500517	0.000396477
5308	0.460819	0.500509	0.000396473
5309	0.489188	0.500507	0.000396404
5310	0.531057	0.500513	0.000396371
5311	0.463222	0.500506	0.000396359
5312	0.543882	0.500514	0.000396369
5313	0.467028	0.500508	0.000396344
5314	0.497823	0.500507	0.00039627
5315	0.522677	0.500511	0.000396217
5316	0.516918	0.500515	0.000396155
5317	0.492559	0.500513	0.000396083
5318	0.533602	0.500519	0.000396057
5319	0.429483	0.500506	0.000396208
5320	0.468614	0.5005	0.000396179
5321	0.501323	0.5005	0.000396104
5322	0.489874	0.500498	0.000396035
5323	0.475381	0.500493	0.000395989
5324	0.4975	0.500493	0.000395915
5325	0.540327	0.5005	0.000395911
5326	0.452257	0.500491	0.00039594
5327	0.481221	0.500488	0.000395883
5328	0.499882	0.500487	0.000395808
5329	0.515759	0.50049	0.000395744
5330	0.463919	0.500483	0.00039573
5331	0.467582	0.500477	0.000395703
5332	0.514813	0.50048	0.000395638
5333	0.505098	0.500481	0.000395565
5334	0.503205	0.500481	0.000395491
5335	0.471959	0.500476	0.000395453
5336	0.530488	0.500482	0.000395419
5337	0.477976	0.500477	0.000395368
5338	0.509885	0.500479	0.000395297
5339	0.506899	0.50048	0.000395225
5340	0.466423	0.500474	0.000395203
5341	0.530182	0.50048	0.000395168
5342	0.484364	0.500477	0.000395105
5343	0.52346	0.500481	0.000395055
5344	0.505799	0.500482	0.000394982
5345	0.52517	0.500486	0.000394935
5346	0.514256	0.500489	0.00039487
5347	0.514364	0.500492	0.000394805
5348	0.502358	0.500492	0.000394731
5349	0.497451	0.500491	0.000394658
5350	0.482685	0.500488	0.000394598
5351	0.481228	0.500484	0.00039454
5352	0.516199	0.500487	0.000394478
5353	0.462252	0.50048	0.000394469
5354	0.502685	0.500481	0.000394395
5355	0.520234	0.500484	0.000394339
5356	0.53288	0.50049	0.000394312
5357	0.495801	0.50049	0.000394239
5358	0.452081	0.500481	0.000394269
5359	0.500633	0.500481	0.000394195
5360	0.500175	0.50048	0.000394122
5361	0.47063	0.500475	0.000394088
5362	0.493228	0.500474	0.000394016
5363	0.480433	0.50047	0.000393961
5364	0.506877	0.500471	0.000393889
5365	0.500255	0.500471	0.000393816
5366	0.48197	0.500468	0.000393757
5367	0.51367	0.50047	0.000393692
5368	0.468019	0.500464	0.000393665
5369	0.517622	0.500467	0.000393604
5370	0.510212	0.500469	0.000393535
5371	0.463619	0.500462	0.000393522
5372	0.48088	0.500458	0.000393465
5373	0.531683	0.500464	0.000393435
5374	0.566459	0.500477	0.000393553
5375	0.506332	0.500478	0.000393482
5376	0.486162	0.500475	0.000393418
5377	0.506486	0.500476	0.000393346
5378	0.498719	0.500476	0.000393273
5379	0.528872	0.500481	0.000393235
5380	0.478707	0.500477	0.000393183
5381	0.457147	0.500469	0.000393192
5382	0.534133	0.500475	0.000393169
5383	0.436616	0.500463	0.000393275
5384	0.502128	0.500464	0.000393202
5385	0.507081	0.500465	0.000393131
5386	0.5297	0.50047	0.000393095
5387	0.484011	0.500467	0.000393034
5388	0.461733	0.50046	0.000393027
5389	0.480873	0.500456	0.000392971
5390	0.518491	0.50046	0.000392912
5391	0.473147	0.500455	0.000392872
5392	0.550115	0.500464	0.000392907
5393	0.467152	0.500458	0.000392883
5394	0.44571	0.500448	0.000392941
5395	0.514533	0.50045	0.000392877
5396	0.459783	0.500443	0.000392876
5397	0.425852	0.500429	0.000393047
5398	0.488986	0.500427	0.00039298
5399	0.504436	0.500427	0.000392907
5400	0.477206	0.500423	0.000392858
5401	0.484238	0.50042	0.000392797
5402	0.49727	0.50042	0.000392725
5403	0.44318	0.500409	0.000392795
5404	0.522651	0.500413	0.000392744
5405	0.546056	0.500422	0.000392762
5406	0.472707	0.500416	0.000392723
5407	0.488754	0.500414	0.000392656
5408	0.47019	0.500409	0.000392623
5409	0.578206	0.500423	0.000392814
5410	0.50986	0.500425	0.000392745
5411	0.500129	0.500425	0.000392672
5412	0.48224	0.500421	0.000392614
5413	0.459287	0.500414	0.000392615
5414	0.456673	0.500406	0.000392626
5415	0.464637	0.500399	0.000392609
5416	0.473028	0.500394	0.000392569
5417	0.594411	0.500411	0.00039288
5418	0.491524	0.50041	0.000392811
5419	0.503807	0.50041	0.000392739
5420	0.455337	0.500402	0.000392754
5421	0.470648	0.500397	0.00039272
5422	0.540765	0.500404	0.000392718
5423	0.502013	0.500404	0.000392646
5424	0.494929	0.500403	0.000392575
5425	0.517481	0.500406	0.000392515
5426	0.501111	0.500407	0.000392443
5427	0.49233	0.500405	0.000392374
5428	0.487	0.500403	0.000392309
5429	0.536643	0.500409	0.000392294
5430	0.511266	0.500411	0.000392226
5431	0.443955	0.500401	0.000392292
5432	0.499057	0.500401	0.00039222
5433	0.505723	0.500402	0.000392149
5434	0.517138	0.500405	0.000392089
5435	0.555573	0.500415	0.000392148
5436	0.524581	0.500419	0.000392101
5437	0.469894	0.500414	0.000392069
5438	0.525046	0.500418	0.000392023
5439	0.429058	0.500405	0.000392171
5440	0.491863	0.500404	0.000392102
5441	0.516162	0.500406	0.00039204
5442	0.527275	0.500411	0.000391999
5443	0.537856	0.500418	0.000391988
5444	0.482369	0.500415	0.00039193
5445	0.53449	0.500421	0.000391908
5446	0.524356	0.500426	0.00039186
5447	0.484447	0.500423	0.000391799
5448	0.563038	0.500434	0.000391896
5449	0.500194	0.500434	0.000391824
5450	0.498458	0.500434	0.000391752
5451	0.501259	0.500434	0.00039168
5452	0.486855	0.500431	0.000391617
5453	0.561959	0.500443	0.000391707
5454	0.492251	0.500441	0.000391638
5455	0.509396	0.500443	0.00039157
5456	0.506099	0.500444	0.0003915
5457	0.509876	0.500446	0.000391432
5458	0.457627	0.500438	0.000391439
5459	0.509567	0.500439	0.00039137
5460	0.51263	0.500442	0.000391305
5461	0.477862	0.500438	0.000391255
5462	0.498647	0.500437	0.000391184
5463	0.479589	0.500433	0.000391131
5464	0.509591	0.500435	0.000391063
5465	0.534833	0.500441	0.000391042
5466	0.48309	0.500438	0.000390983
5467	0.472832	0.500433	0.000390944
5468	0.518902	0.500437	0.000390887
5469	0.49902	0.500436	0.000390816
5470	0.476988	0.500432	0.000390768
5471	0.521993	0.500436	0.000390717
5472	0.48892	0.500434	0.000390651
5473	0.50979	0.500436	0.000390583
5474	0.496505	0.500435	0.000390513
5475	0.482563	0.500432	0.000390455
5476	0.496638	0.500431	0.000390384
5477	0.521355	0.500435	0.000390332
5478	0.481552	0.500431	0.000390276
5479	0.490366	0.500429	0.000390209
5480	0.488807	0.500427	0.000390143
5481	0.552736	0.500437	0.000390189
5482	0.465499	0.50043	0.00039017
5483	0.517545	0.500434	0.000390111
5484	0.566335	0.500446	0.000390225
5485	0.518366	0.500449	0.000390167
5486	0.515372	0.500452	0.000390106
5487	0.481377	0.500448	0.00039005
5488	0.526371	0.500453	0.000390008
5489	0.463702	0.500446	0.000389994
5490	0.466898	0.50044	0.000389971
5491	0.500274	0.50044	0.0003899
5492	0.546412	0.500448	0.000389919
5493	0.480221	0.500445	0.000389865
5494	0.528786	0.50045	0.000389828
5495	0.501367	0.50045	0.000389757
5496	0.544837	0.500458	0.00038977
5497	0.534175	0.500464	0.000389747
5498	0.490598	0.500462	0.000389681
5499	0.464029	0.500456	0.000389666
5500	0.492228	0.500454	0.000389598
5501	0.513484	0.500457	0.000389535
5502	0.558614	0.500467	0.000389607
5503	0.513723	0.50047	0.000389544
5504	0.467861	0.500464	0.000389518
5505	0.547132	0.500472	0.00038954
5506	0.494042	0.500471	0.000389471
5507	0.540554	0.500478	0.000389468
5508	0.475728	0.500474	0.000389423
5509	0.471458	0.500469	0.000389388
5510	0.497957	0.500468	0.000389318
5511	0.476881	0.500464	0.00038927
5512	0.494491	0.500463	0.000389201
5513	0.557696	0.500473	0.000389269
5514	0.547343	0.500482	0.000389291
5515	0.528384	0.500487	0.000389254
5516	0.47571	0.500482	0.000389209
5517	0.455159	0.500474	0.000389225
5518	0.46662	0.500468	0.000389203
5519	0.562954	0.500479	0.000389297
5520	0.524749	0.500484	0.000389251
5521	0.464423	0.500477	0.000389236
5522	0.479014	0.500473	0.000389185
5523	0.491776	0.500472	0.000389117
5524	0.498717	0.500471	0.000389047
5525	0.46491	0.500465	0.00038903
5526	0.542164	0.500472	0.000389033
5527	0.526986	0.500477	0.000388992
5528	0.545831	0.500485	0.000389008
5529	0.521211	0.500489	0.000388956
5530	0.49233	0.500488	0.000388888
5531	0.450278	0.500479	0.000388924
5532	0.520559	0.500482	0.00038887
5533	0.472564	0.500477	0.000388833
5534	0.501579	0.500477	0.000388763
5535	0.476829	0.500473	0.000388716
5536	0.508944	0.500475	0.000388649
5537	0.49983	0.500474	0.000388578
5538	0.472323	0.500469	0.000388542
5539	0.498922	0.500469	0.000388471
5540	0.468454	0.500463	0.000388444
5541	0.484353	0.50046	0.000388385
5542	0.523587	0.500465	0.000388337
5543	0.503646	0.500465	0.000388268
5544	0.576759	0.500479	0.000388442
5545	0.493089	0.500478	0.000388374
5546	0.533384	0.500484	0.000388349
5547	0.449036	0.500474	0.00038839
5548	0.513796	0.500477	0.000388327
5549	0.514357	0.500479	0.000388265
5550	0.481562	0.500476	0.00038821
5551	0.48304	0.500473	0.000388153
5552	0.501495	0.500473	0.000388083
5553	0.508612	0.500474	0.000388016
5554	0.507509	0.500475	0.000387948
5555	0.439684	0.500465	0.000388033
5556	0.515553	0.500467	0.000387972
5557	0.498598	0.500467	0.000387903
5558	0.477084	0.500463	0.000387856
5559	0.476805	0.500458	0.000387809
5560	0.573621	0.500472	0.000387963
5561	0.513255	0.500474	0.0003879
5562	0.523155	0.500478	0.000387852
5563	0.489735	0.500476	0.000387787
5564	0.48428	0.500473	0.000387728
5565	0.499769	0.500473	0.000387658
5566	0.504111	0.500474	0.000387589
5567	0.445306	0.500464	0.000387646
5568	0.531188	0.500469	0.000387616
5569	0.508131	0.500471	0.000387549
5570	0.474731	0.500466	0.000387507
5571	0.480551	0.500462	0.000387454
5572	0.496764	0.500462	0.000387385
5573	0.502575	0.500462	0.000387315
5574	0.493781	0.500461	0.000387248
5575	0.53048	0.500466	0.000387216
5576	0.519789	0.50047	0.000387162
5577	0.524279	0.500474	0.000387116
5578	0.482711	0.500471	0.00038706
5579	0.479301	0.500467	0.000387009
5580	0.511297	0.500469	0.000386944
5581	0.489706	0.500467	0.00038688
5582	0.509836	0.500469	0.000386814
5583	0.549465	0.500478	0.000386844
5584	0.493135	0.500476	0.000386777
5585	0.518942	0.50048	0.000386722
5586	0.474367	0.500475	0.000386681
5587	0.502905	0.500475	0.000386612
5588	0.493562	0.500474	0.000386545
5589	0.528434	0.500479	0.000386508
5590	0.49467	0.500478	0.00038644
5591	0.488853	0.500476	0.000386377
5592	0.494264	0.500475	0.000386309
5593	0.482475	0.500472	0.000386254
5594	0.515134	0.500474	0.000386194
5595	0.482597	0.500471	0.000386138
5596	0.503159	0.500472	0.000386069
5597	0.477834	0.500468	0.000386021
5598	0.486008	0.500465	0.000385961
5599	0.519567	0.500468	0.000385907
5600	0.497372	0.500468	0.000385839
5601	0.555886	0.500478	0.000385897
5602	0.5106	0.50048	0.000385832
5603	0.469116	0.500474	0.000385804
5604	0.490744	0.500472	0.000385739
5605	0.456634	0.500464	0.000385749
5606	0.5242	0.500469	0.000385704
5607	0.482367	0.500465	0.000385648
5608	0.490266	0.500464	0.000385584
5609	0.518989	0.500467	0.000385529
5610	0.509111	0.500468	0.000385464
5611	0.448521	0.500459	0.000385506
5612	0.515797	0.500462	0.000385447
5613	0.511681	0.500464	0.000385384
5614	0.430152	0.500451	0.000385518
5615	0.483973	0.500448	0.000385461
5616	0.487451	0.500446	0.000385399
5617	0.519189	0.500449	0.000385345
5618	0.495018	0.500448	0.000385278
5619	0.468634	0.500443	0.000385251
5620	0.465021	0.500436	0.000385234
5621	0.537043	0.500443	0.00038522
5622	0.473871	0.500438	0.000385181
5623	0.513821	0.500441	0.00038512
5624	0.503828	0.500441	0.000385052
5625	0.480895	0.500438	0.000384999
5626	0.51253	0.50044	0.000384936
5627	0.5061	0.500441	0.000384869
5628	0.501352	0.500441	0.000384801
5629	0.563725	0.500452	0.000384897
5630	0.523642	0.500456	0.00038485
5631	0.531442	0.500462	0.000384821
5632	0.469033	0.500456	0.000384794
5633	0.495549	0.500456	0.000384726
5634	0.510207	0.500457	0.000384662
5635	0.484084	0.500454	0.000384605
5636	0.493612	0.500453	0.000384538
5637	0.560022	0.500464	0.000384615
5638	0.485828	0.500461	0.000384556
5639	0.52446	0.500465	0.000384511
5640	0.442389	0.500455	0.000384581
5641	0.49229	0.500454	0.000384515
5642	0.49607	0.500453	0.000384448
5643	0.53058	0.500458	0.000384417
5644	0.496771	0.500458	0.000384349
5645	0.502488	0.500458	0.000384281
5646	0.485293	0.500455	0.000384223
5647	0.527227	0.50046	0.000384184
5648	0.508486	0.500461	0.000384119
5649	0.539235	0.500468	0.000384112
5650	0.493341	0.500467	0.000384046
5651	0.477358	0.500463	0.000384
5652	0.48284	0.50046	0.000383945
5653	0.48753	0.500457	0.000383883
5654	0.446455	0.500448	0.000383934
5655	0.460071	0.500441	0.000383933
5656	0.503389	0.500441	0.000383865
5657	0.555389	0.500451	0.00038392
5658	0.4868	0.500449	0.00038386
5659	0.449523	0.50044	0.000383898
5660	0.472398	0.500435	0.000383862
5661	0.543633	0.500442	0.00038387
5662	0.514957	0.500445	0.000383811
5663	0.539173	0.500452	0.000383804
5664	0.481471	0.500448	0.000383751
5665	0.533178	0.500454	0.000383726
5666	0.489779	0.500452	0.000383663
5667	0.495712	0.500451	0.000383596
5668	0.506723	0.500452	0.00038353
5669	0.484207	0.50045	0.000383473
5670	0.48997	0.500448	0.00038341
5671	0.447075	0.500438	0.000383458
5672	0.502863	0.500439	0.000383391
5673	0.441612	0.500428	0.000383463
5674	0.511769	0.50043	0.000383401
5675	0.488901	0.500428	0.000383339
5676	0.490572	0.500427	0.000383275
5677	0.521057	0.50043	0.000383225
5678	0.547115	0.500439	0.000383246
5679	0.493804	0.500437	0.00038318
5680	0.571543	0.50045	0.000383317
5681	0.550064	0.500459	0.000383349
5682	0.53666	0.500465	0.000383334
5683	0.527855	0.50047	0.000383297
5684	0.495568	0.500469	0.000383231
5685	0.508478	0.50047	0.000383166
5686	0.512015	0.500472	0.000383104
5687	0.438626	0.500461	0.000383191
5688	0.494034	0.50046	0.000383125
5689	0.492685	0.500459	0.00038306
5690	0.521601	0.500463	0.000383011
5691	0.489186	0.500461	0.000382949
5692	0.544219	0.500468	0.000382959
5693	0.497981	0.500468	0.000382892
5694	0.48447	0.500465	0.000382835
5695	0.462422	0.500458	0.000382826
5696	0.478742	0.500455	0.000382778
5697	0.513433	0.500457	0.000382717
5698	0.486491	0.500454	0.000382658
5699	0.540048	0.500461	0.000382654
5700	0.454565	0.500453	0.000382671
5701	0.493637	0.500452	0.000382606
5702	0.483254	0.500449	0.000382551
5703	0.540696	0.500456	0.000382549
5704	0.465906	0.50045	0.00038253
5705	0.481733	0.500447	0.000382477
5706	0.484088	0.500444	0.00038242
5707	0.511449	0.500446	0.000382358
5708	0.515443	0.500449	0.0003823
5709	0.498049	0.500448	0.000382234
5710	0.491544	0.500447	0.00038217
5711	0.477198	0.500443	0.000382125
5712	0.518185	0.500446	0.00038207
5713	0.508765	0.500447	0.000382006
5714	0.490747	0.500445	0.000381943
5715	0.522194	0.500449	0.000381895
5716	0.442383	0.500439	0.000381964
5717	0.498949	0.500439	0.000381897
5718	0.452965	0.50043	0.00038192
5719	0.468177	0.500425	0.000381895
5720	0.501859	0.500425	0.000381829
5721	0.504368	0.500426	0.000381762
5722	0.457784	0.500418	0.000381768
5723	0.483449	0.500415	0.000381713
5724	0.494124	0.500414	0.000381648
5725	0.526419	0.500419	0.000381608
5726	0.538268	0.500425	0.000381599
5727	0.547265	0.500434	0.00038162
5728	0.558664	0.500444	0.000381689
5729	0.454579	0.500436	0.000381706
5730	0.513462	0.500438	0.000381646
5731	0.483932	0.500435	0.000381591
5732	0.499761	0.500435	0.000381524
5733	0.490738	0.500433	0.000381461
5734	0.492631	0.500432	0.000381397
5735	0.520972	0.500436	0.000381347
5736	0.498243	0.500435	0.000381281
5737	0.509789	0.500437	0.000381218
5738	0.505602	0.500438	0.000381153
5739	0.53573	0.500444	0.000381136
5740	0.54651	0.500452	0.000381154
5741	0.530855	0.500457	0.000381124
5742	0.523579	0.500461	0.000381079
5743	0.484817	0.500458	0.000381023
5744	0.491234	0.500457	0.00038096
5745	0.503527	0.500457	0.000380894
5746	0.544822	0.500465	0.000380906
5747	0.450735	0.500456	0.000380938
5748	0.498103	0.500456	0.000380872
5749	0.483484	0.500453	0.000380817
5750	0.48954	0.500451	0.000380755
5751	0.540084	0.500458	0.000380752
5752	0.52297	0.500462	0.000380706
5753	0.531872	0.500467	0.000380679
5754	0.4684	0.500462	0.000380653
5755	0.517713	0.500465	0.000380599
5756	0.483808	0.500462	0.000380544
5757	0.462825	0.500455	0.000380534
5758	0.429012	0.500443	0.00038067
5759	0.511195	0.500445	0.000380608
5760	0.477814	0.500441	0.000380563
5761	0.513485	0.500443	0.000380503
5762	0.524761	0.500447	0.000380461
5763	0.479995	0.500444	0.000380411
5764	0.49807	0.500444	0.000380345
5765	0.490914	0.500442	0.000380283
5766	0.510372	0.500444	0.000380221
5767	0.523717	0.500448	0.000380176
5768	0.484111	0.500445	0.000380121
5769	0.510267	0.500447	0.000380059
5770	0.458585	0.500439	0.000380062
5771	0.523791	0.500443	0.000380018
5772	0.560782	0.500454	0.000380096
5773	0.538591	0.50046	0.000380087
5774	0.502294	0.500461	0.000380022
5775	0.452987	0.500452	0.000380045
5776	0.479773	0.500449	0.000379996
5777	0.468647	0.500443	0.00037997
5778	0.506552	0.500444	0.000379906
5779	0.407128	0.500428	0.000380183
5780	0.498177	0.500428	0.000380117
5781	0.4771	0.500424	0.000380073
5782	0.524799	0.500428	0.000380031
5783	0.483367	0.500425	0.000379976
5784	0.468484	0.50042	0.000379951
5785	0.521487	0.500423	0.000379903
5786	0.523697	0.500427	0.000379858
5787	0.489421	0.500425	0.000379797
5788	0.484347	0.500423	0.000379742
5789	0.500307	0.500423	0.000379676
5790	0.520936	0.500426	0.000379627
5791	0.51812	0.500429	0.000379574
5792	0.516529	0.500432	0.000379519
5793	0.540621	0.500439	0.000379517
5794	0.490403	0.500437	0.000379455
5795	0.531658	0.500443	0.000379428
5796	0.483385	0.50044	0.000379374
5797	0.537548	0.500446	0.000379362
5798	0.509073	0.500447	0.0003793
5799	0.539914	0.500454	0.000379295
5800	0.500254	0.500454	0.00037923
5801	0.480008	0.500451	0.000379181
5802	0.470009	0.500445	0.000379152
5803	0.46722	0.50044	0.00037913
5804	0.522157	0.500444	0.000379083
5805	0.457105	0.500436	0.000379091
5806	0.505831	0.500437	0.000379027
5807	0.471951	0.500432	0.000378994
5808	0.514143	0.500434	0.000378936
5809	0.479522	0.500431	0.000378888
5810	0.47705	0.500427	0.000378844
5811	0.463316	0.50042	0.000378832
5812	0.513692	0.500423	0.000378774
5813	0.490296	0.500421	0.000378713
5814	0.579624	0.500435	0.000378893
5815	0.489717	0.500433	0.000378832
5816	0.459525	0.500426	0.000378832
5817	0.509357	0.500427	0.00037877
5818	0.526118	0.500432	0.000378731
5819	0.583056	0.500446	0.000378932
5820	0.501204	0.500446	0.000378867
5821	0.506199	0.500447	0.000378803
5822	0.484844	0.500444	0.000378747
5823	0.483365	0.500441	0.000378694
5824	0.493907	0.50044	0.00037863
5825	0.475064	0.500436	0.00037859
5826	0.511351	0.500438	0.00037853
5827	0.478133	0.500434	0.000378484
5828	0.512733	0.500436	0.000378425
5829	0.547002	0.500444	0.000378445
5830	0.486651	0.500442	0.000378387
5831	0.54071	0.500449	0.000378385
5832	0.50093	0.500449	0.00037832
5833	0.513208	0.500451	0.000378262
5834	0.516541	0.500454	0.000378207
5835	0.502145	0.500454	0.000378142
5836	0.526412	0.500458	0.000378104
5837	0.493971	0.500457	0.000378041
5838	0.486407	0.500455	0.000377984
5839	0.510865	0.500457	0.000377923
5840	0.550946	0.500465	0.000377957
5841	0.527654	0.50047	0.000377921
5842	0.485878	0.500467	0.000377865
5843	0.484532	0.500465	0.00037781
5844	0.496367	0.500464	0.000377746
5845	0.534046	0.50047	0.000377725
5846	0.507718	0.500471	0.000377662
5847	0.51849	0.500474	0.00037761
5848	0.492229	0.500473	0.000377548
5849	0.476477	0.500469	0.000377506
5850	0.485306	0.500466	0.000377451
5851	0.515143	0.500468	0.000377394
5852	0.509228	0.50047	0.000377333
5853	0.467067	0.500464	0.000377312
5854	0.533113	0.50047	0.000377288
5855	0.488669	0.500468	0.000377229
5856	0.532804	0.500473	0.000377205
5857	0.479491	0.50047	0.000377158
5858	0.474514	0.500465	0.00037712
5859	0.489424	0.500463	0.00037706
5860	0.451277	0.500455	0.000377089
5861	0.473616	0.50045	0.000377052
5862	0.481345	0.500447	0.000377002
5863	0.512417	0.500449	0.000376943
5864	0.512902	0.500451	0.000376885
5865	0.536414	0.500457	0.000376871
5866	0.509548	0.500459	0.00037681
5867	0.524238	0.500463	0.000376767
5868	0.506215	0.500464	0.000376704
5869	0.473492	0.500459	0.000376668
5870	0.54531	0.500467	0.000376681
5871	0.522803	0.500471	0.000376636
5872	0.468043	0.500465	0.000376613
5873	0.46565	0.500459	0.000376595
5874	0.516045	0.500462	0.000376541
5875	0.5043	0.500463	0.000376477
5876	0.493557	0.500462	0.000376415
5877	0.484806	0.500459	0.00037636
5878	0.510605	0.500461	0.0003763
5879	0.531705	0.500466	0.000376274
5880	0.482741	0.500463	0.000376222
5881	0.493698	0.500462	0.00037616
5882	0.4731	0.500457	0.000376124
5883	0.499247	0.500457	0.000376061
5884	0.49765	0.500456	0.000375997
5885	0.483703	0.500454	0.000375944
5886	0.494694	0.500453	0.000375881
5887	0.477191	0.500449	0.000375838
5888	0.514835	0.500451	0.000375782
5889	0.495185	0.50045	0.000375719
5890	0.527751	0.500455	0.000375684
5891	0.521326	0.500458	0.000375637
5892	0.507313	0.50046	0.000375575
5893	0.514709	0.500462	0.000375519
5894	0.496716	0.500461	0.000375456
5895	0.541516	0.500468	0.000375457
5896	0.540446	0.500475	0.000375455
5897	0.533528	0.500481	0.000375433
5898	0.480091	0.500477	0.000375385
5899	0.503708	0.500478	0.000375322
5900	0.526114	0.500482	0.000375283
5901	0.501701	0.500482	0.00037522
5902	0.477902	0.500479	0.000375176
5903	0.499755	0.500478	0.000375112
5904	0.519556	0.500482	0.000375063
5905	0.512217	0.500484	0.000375004
5906	0.489006	0.500482	0.000374946
5907	0.519435	0.500485	0.000374896
5908	0.533252	0.50049	0.000374874
5909	0.539508	0.500497	0.000374868
5910	0.512633	0.500499	0.000374811
5911	0.499052	0.500499	0.000374747
5912	0.522216	0.500503	0.000374702
5913	0.496723	0.500502	0.000374639
5914	0.508536	0.500503	0.000374578
5915	0.550975	0.500512	0.000374612
5916	0.475087	0.500507	0.000374573
5917	0.496128	0.500507	0.000374511
5918	0.490109	0.500505	0.000374452
5919	0.488502	0.500503	0.000374394
5920	0.505378	0.500504	0.000374332
5921	0.497032	0.500503	0.000374269
5922	0.524865	0.500507	0.000374228
5923	0.520423	0.500511	0.00037418
5924	0.497275	0.50051	0.000374117
5925	0.495577	0.500509	0.000374055
5926	0.506648	0.50051	0.000373993
5927	0.509651	0.500512	0.000373934
5928	0.470347	0.500507	0.000373905
5929	0.510806	0.500509	0.000373846
5930	0.463931	0.500502	0.000373834
5931	0.470309	0.500497	0.000373806
5932	0.417543	0.500483	0.000374004
5933	0.501358	0.500483	0.000373941
5934	0.508616	0.500485	0.00037388
5935	0.547625	0.500493	0.000373902
5936	0.500866	0.500493	0.000373839
5937	0.447169	0.500484	0.000373884
5938	0.499664	0.500484	0.000373821
5939	0.505042	0.500484	0.000373759
5940	0.519076	0.500488	0.000373709
5941	0.450564	0.500479	0.00037374
5942	0.495974	0.500478	0.000373678
5943	0.492882	0.500477	0.000373618
5944	0.45182	0.500469	0.000373644
5945	0.521109	0.500472	0.000373598
5946	0.492848	0.500471	0.000373537
5947	0.472974	0.500467	0.000373503
5948	0.534541	0.500472	0.000373484
5949	0.558592	0.500482	0.000373549
5950	0.436451	0.500471	0.000373641
5951	0.533591	0.500477	0.00037362
5952	0.488568	0.500475	0.000373562
5953	0.52852	0.50048	0.000373529
5954	0.500609	0.50048	0.000373467
5955	0.479092	0.500476	0.000373421
5956	0.500729	0.500476	0.000373358
5957	0.474495	0.500472	0.000373321
5958	0.460347	0.500465	0.000373319
5959	0.468635	0.50046	0.000373295
5960	0.426899	0.500447	0.000373436
5961	0.511857	0.500449	0.000373378
5962	0.486526	0.500447	0.000373323
5963	0.488332	0.500445	0.000373266
5964	0.503822	0.500445	0.000373204
5965	0.456952	0.500438	0.000373213
5966	0.505957	0.500439	0.000373151
5967	0.511237	0.500441	0.000373093
5968	0.513613	0.500443	0.000373037
5969	0.44642	0.500434	0.000373084
5970	0.481371	0.500431	0.000373035
5971	0.469519	0.500426	0.000373009
5972	0.495288	0.500425	0.000372947
5973	0.470863	0.50042	0.000372918
5974	0.485618	0.500417	0.000372864
5975	0.503216	0.500418	0.000372802
5976	0.527725	0.500422	0.000372767
5977	0.457267	0.500415	0.000372775
5978	0.474467	0.500411	0.000372738
5979	0.489933	0.500409	0.000372679
5980	0.5384	0.500415	0.000372671
5981	0.524573	0.500419	0.000372631
5982	0.502387	0.50042	0.000372569
5983	0.509863	0.500421	0.00037251
5984	0.472301	0.500417	0.000372477
5985	0.496743	0.500416	0.000372415
5986	0.52568	0.50042	0.000372377
5987	0.530502	0.500425	0.000372349
5988	0.545377	0.500433	0.000372362
5989	0.467719	0.500427	0.00037234
5990	0.557342	0.500437	0.000372399
5991	0.485443	0.500434	0.000372346
5992	0.466907	0.500429	0.000372325
5993	0.532642	0.500434	0.000372302
5994	0.488029	0.500432	0.000372246
5995	0.521613	0.500436	0.0003722
5996	0.535156	0.500441	0.000372183
5997	0.5297	0.500446	0.000372153
5998	0.517502	0.500449	0.000372102
5999	0.529327	0.500454	0.000372071
6000	0.500698	0.500454	0.000372009
6001	0.516992	0.500457	0.000371957
6002	0.520922	0.50046	0.000371911
6003	0.469554	0.500455	0.000371885
6004	0.501783	0.500455	0.000371823
6005	0.528773	0.50046	0.000371791
6006	0.49438	0.500459	0.00037173
6007	0.492739	0.500458	0.000371671
6008	0.486117	0.500455	0.000371616
6009	0.495462	0.500454	0.000371556
6010	0.504021	0.500455	0.000371494
6011	0.493582	0.500454	0.000371434
6012	0.443434	0.500444	0.000371493
6013	0.491778	0.500443	0.000371434
6014	0.553157	0.500452	0.000371476
6015	0.486138	0.500449	0.000371422
6016	0.553231	0.500458	0.000371464
6017	0.507397	0.500459	0.000371404
6018	0.501726	0.500459	0.000371342
6019	0.52361	0.500463	0.0003713
6020	0.512054	0.500465	0.000371244
6021	0.454481	0.500458	0.000371261
6022	0.522483	0.500461	0.000371217
6023	0.487221	0.500459	0.000371162
6024	0.494685	0.500458	0.000371102
6025	0.486478	0.500456	0.000371047
6026	0.458293	0.500449	0.000371052
6027	0.508525	0.50045	0.000370992
6028	0.503632	0.500451	0.000370931
6029	0.512548	0.500453	0.000370875
6030	0.494902	0.500452	0.000370815
6031	0.419549	0.500438	0.000370996
6032	0.551281	0.500447	0.00037103
6033	0.482006	0.500444	0.000370981
6034	0.473564	0.500439	0.000370946
6035	0.505126	0.50044	0.000370886
6036	0.479089	0.500436	0.000370841
6037	0.503142	0.500437	0.00037078
6038	0.507896	0.500438	0.000370721
6039	0.481801	0.500435	0.000370672
6040	0.52819	0.50044	0.000370639
6041	0.52081	0.500443	0.000370593
6042	0.519335	0.500446	0.000370545
6043	0.49769	0.500446	0.000370484
6044	0.505799	0.500447	0.000370424
6045	0.507142	0.500448	0.000370364
6046	0.48557	0.500445	0.000370311
6047	0.447653	0.500436	0.000370353
6048	0.541775	0.500443	0.000370355
6049	0.499781	0.500443	0.000370293
6050	0.47634	0.500439	0.000370254
6051	0.488166	0.500437	0.000370198
6052	0.469732	0.500432	0.000370172
6053	0.511992	0.500434	0.000370115
6054	0.490944	0.500432	0.000370058
6055	0.516276	0.500435	0.000370006
6056	0.547056	0.500443	0.000370025
6057	0.489034	0.500441	0.000369968
6058	0.521866	0.500444	0.000369924
6059	0.486986	0.500442	0.00036987
6060	0.498224	0.500442	0.000369809
6061	0.485172	0.500439	0.000369757
6062	0.498878	0.500439	0.000369696
6063	0.543473	0.500446	0.000369703
6064	0.485783	0.500444	0.00036965
6065	0.485689	0.500441	0.000369597
6066	0.467988	0.500436	0.000369575
6067	0.504505	0.500437	0.000369514
6068	0.463369	0.50043	0.000369504
6069	0.468295	0.500425	0.000369481
6070	0.499627	0.500425	0.00036942
6071	0.523422	0.500429	0.000369379
6072	0.515146	0.500431	0.000369326
6073	0.488283	0.500429	0.00036927
6074	0.470432	0.500424	0.000369243
6075	0.503071	0.500425	0.000369182
6076	0.516036	0.500427	0.00036913
6077	0.481829	0.500424	0.000369082
6078	0.493011	0.500423	0.000369024
6079	0.46106	0.500417	0.00036902
6080	0.457108	0.500409	0.000369028
6081	0.461799	0.500403	0.000369022
6082	0.548063	0.500411	0.000369044
6083	0.489711	0.500409	0.000368988
6084	0.530517	0.500414	0.00036896
6085	0.450441	0.500406	0.000368991
6086	0.463218	0.5004	0.000368981
6087	0.525085	0.500404	0.000368943
6088	0.488355	0.500402	0.000368887
6089	0.513333	0.500404	0.000368833
6090	0.472996	0.500399	0.0003688
6091	0.479452	0.500396	0.000368755
6092	0.449791	0.500388	0.000368788
6093	0.468973	0.500383	0.000368764
6094	0.554226	0.500391	0.000368809
6095	0.481584	0.500388	0.000368761
6096	0.500883	0.500388	0.000368701
6097	0.548372	0.500396	0.000368724
6098	0.511334	0.500398	0.000368668
6099	0.449252	0.50039	0.000368703
6100	0.511421	0.500392	0.000368647
6101	0.509036	0.500393	0.00036859
6102	0.475853	0.500389	0.000368551
6103	0.508283	0.50039	0.000368493
6104	0.493201	0.500389	0.000368435
6105	0.527705	0.500394	0.000368401
6106	0.484532	0.500391	0.00036835
6107	0.502575	0.500391	0.00036829
6108	0.464071	0.500385	0.000368278
6109	0.52623	0.50039	0.000368242
6110	0.500435	0.50039	0.000368182
6111	0.509428	0.500391	0.000368124
6112	0.502163	0.500391	0.000368064
6113	0.484958	0.500389	0.000368013
6114	0.471382	0.500384	0.000367983
6115	0.504577	0.500385	0.000367923
6116	0.504649	0.500385	0.000367864
6117	0.477997	0.500382	0.000367822
6118	0.500124	0.500382	0.000367762
6119	0.461289	0.500375	0.000367757
6120	0.485424	0.500373	0.000367705
6121	0.564752	0.500383	0.000367796
6122	0.510624	0.500385	0.000367739
6123	0.477921	0.500381	0.000367698
6124	0.546075	0.500389	0.000367713
6125	0.512084	0.500391	0.000367658
6126	0.544811	0.500398	0.00036767
6127	0.528284	0.500403	0.000367638
6128	0.51452	0.500405	0.000367585
6129	0.491487	0.500403	0.000367528
6130	0.474189	0.500399	0.000367493
6131	0.469219	0.500394	0.000367468
6132	0.45568	0.500387	0.000367481
6133	0.495647	0.500386	0.000367421
6134	0.510677	0.500388	0.000367365
6135	0.459734	0.500381	0.000367365
6136	0.518576	0.500384	0.000367317
6137	0.488755	0.500382	0.000367262
6138	0.531053	0.500387	0.000367237
6139	0.496097	0.500386	0.000367177
6140	0.514215	0.500389	0.000367124
6141	0.524968	0.500393	0.000367087
6142	0.51937	0.500396	0.00036704
6143	0.507243	0.500397	0.000366982
6144	0.478636	0.500393	0.000366939
6145	0.449367	0.500385	0.000366973
6146	0.531733	0.50039	0.000366949
6147	0.444885	0.500381	0.000367
6148	0.505503	0.500382	0.000366942
6149	0.485806	0.50038	0.00036689
6150	0.527802	0.500384	0.000366857
6151	0.482696	0.500381	0.000366809
6152	0.502617	0.500382	0.000366749
6153	0.546019	0.500389	0.000366765
6154	0.503394	0.500389	0.000366705
6155	0.488933	0.500388	0.000366651
6156	0.506705	0.500389	0.000366592
6157	0.494364	0.500388	0.000366534
6158	0.498573	0.500387	0.000366475
6159	0.466891	0.500382	0.000366456
6160	0.480895	0.500379	0.00036641
6161	0.472573	0.500374	0.000366378
6162	0.475586	0.50037	0.000366341
6163	0.45755	0.500363	0.000366347
6164	0.469211	0.500358	0.000366323
6165	0.528889	0.500363	0.000366292
6166	0.501026	0.500363	0.000366233
6167	0.478792	0.500359	0.00036619
6168	0.472506	0.500355	0.000366159
6169	0.445964	0.500346	0.000366206
6170	0.466609	0.500341	0.000366187
6171	0.485572	0.500338	0.000366136
6172	0.500162	0.500338	0.000366076
6173	0.521891	0.500342	0.000366034
6174	0.522916	0.500345	0.000365993
6175	0.495404	0.500345	0.000365934
6176	0.47198	0.50034	0.000365904
6177	0.498741	0.50034	0.000365845
6178	0.480499	0.500336	0.000365799
6179	0.44355	0.500327	0.000365856
6180	0.514591	0.50033	0.000365804
6181	0.592994	0.500345	0.000366052
6182	0.512712	0.500347	0.000365998
6183	0.572278	0.500358	0.000366123
6184	0.526797	0.500363	0.000366089
6185	0.49222	0.500361	0.000366032
6186	0.474642	0.500357	0.000365997
6187	0.458567	0.50035	0.000366
6188	0.468193	0.500345	0.000365978
6189	0.472402	0.500341	0.000365946
6190	0.502524	0.500341	0.000365888
6191	0.504638	0.500342	0.000365829
6192	0.515465	0.500344	0.000365778
6193	0.500268	0.500344	0.000365719
6194	0.528006	0.500349	0.000365687
6195	0.535678	0.500354	0.000365673
6196	0.510719	0.500356	0.000365618
6197	0.505001	0.500357	0.000365559
6198	0.471647	0.500352	0.00036553
6199	0.509137	0.500353	0.000365474
6200	0.456232	0.500346	0.000365484
6201	0.523718	0.50035	0.000365444
6202	0.460011	0.500344	0.000365443
6203	0.489975	0.500342	0.000365388
6204	0.499993	0.500342	0.000365329
6205	0.515077	0.500344	0.000365278
6206	0.540745	0.500351	0.000365277
6207	0.486228	0.500348	0.000365226
6208	0.49641	0.500348	0.000365167
6209	0.495398	0.500347	0.000365109
6210	0.50001	0.500347	0.000365051
6211	0.499276	0.500347	0.000364992
6212	0.496556	0.500346	0.000364934
6213	0.521664	0.50035	0.000364891
6214	0.45664	0.500343	0.0003649
6215	0.483175	0.50034	0.000364852
6216	0.492336	0.500339	0.000364795
6217	0.51579	0.500341	0.000364745
6218	0.527404	0.500345	0.000364712
6219	0.507446	0.500347	0.000364656
6220	0.518936	0.50035	0.000364609
6221	0.504516	0.50035	0.000364551
6222	0.507745	0.500351	0.000364495
6223	0.517676	0.500354	0.000364447
6224	0.469951	0.500349	0.000364421
6225	0.519318	0.500352	0.000364375
6226	0.462379	0.500346	0.000364368
6227	0.448329	0.500338	0.000364405
6228	0.47954	0.500335	0.000364362
6229	0.540703	0.500341	0.000364361
6230	0.460112	0.500335	0.000364359
6231	0.492116	0.500333	0.000364303
6232	0.496008	0.500333	0.000364246
6233	0.451255	0.500325	0.000364272
6234	0.517269	0.500327	0.000364224
6235	0.490322	0.500326	0.000364169
6236	0.521172	0.500329	0.000364126
6237	0.511833	0.500331	0.000364072
6238	0.504102	0.500332	0.000364014
6239	0.498449	0.500331	0.000363956
6240	0.529899	0.500336	0.000363929
6241	0.485257	0.500334	0.000363878
6242	0.488542	0.500332	0.000363825
6243	0.511559	0.500333	0.000363771
6244	0.474179	0.500329	0.000363737
6245	0.471899	0.500325	0.000363707
6246	0.531692	0.50033	0.000363684
6247	0.473694	0.500326	0.000363651
6248	0.486117	0.500323	0.000363599
6249	0.49152	0.500322	0.000363544
6250	0.499412	0.500322	0.000363486
6251	0.49573	0.500321	0.000363428
6252	0.484217	0.500318	0.000363379
6253	0.50575	0.500319	0.000363322
6254	0.474395	0.500315	0.000363288
6255	0.47607	0.500311	0.000363251
6256	0.47733	0.500308	0.000363211
6257	0.525571	0.500312	0.000363175
6258	0.49308	0.50031	0.000363119
6259	0.518519	0.500313	0.000363073
6260	0.500646	0.500313	0.000363015
6261	0.478189	0.50031	0.000362974
6262	0.541811	0.500316	0.000362977
6263	0.501744	0.500317	0.000362919
6264	0.488095	0.500315	0.000362866
6265	0.487668	0.500313	0.000362814
6266	0.466589	0.500307	0.000362796
6267	0.494672	0.500306	0.000362739
6268	0.555549	0.500315	0.000362788
6269	0.533692	0.500321	0.000362769
6270	0.450803	0.500313	0.000362797
6271	0.502214	0.500313	0.00036274
6272	0.509181	0.500314	0.000362685
6273	0.522843	0.500318	0.000362645
6274	0.46532	0.500312	0.00036263
6275	0.475686	0.500309	0.000362593
6276	0.483373	0.500306	0.000362545
6277	0.506759	0.500307	0.000362489
6278	0.455296	0.5003	0.000362502
6279	0.492304	0.500298	0.000362447
6280	0.492532	0.500297	0.000362391
6281	0.491555	0.500296	0.000362336
6282	0.468098	0.500291	0.000362315
6283	0.508124	0.500292	0.000362259
6284	0.481202	0.500289	0.000362214
6285	0.512879	0.500291	0.000362162
6286	0.466699	0.500286	0.000362144
6287	0.528801	0.50029	0.000362115
6288	0.526842	0.500294	0.000362082
6289	0.460976	0.500288	0.000362078
6290	0.542931	0.500295	0.000362084
6291	0.502555	0.500295	0.000362027
6292	0.529644	0.5003	0.000361999
6293	0.500135	0.5003	0.000361942
6294	0.504961	0.500301	0.000361885
6295	0.5097	0.500302	0.000361831
6296	0.543767	0.500309	0.000361839
6297	0.466902	0.500304	0.00036182
6298	0.463375	0.500298	0.00036181
6299	0.533124	0.500303	0.000361791
6300	0.494358	0.500302	0.000361734
6301	0.49142	0.500301	0.00036168
6302	0.540239	0.500307	0.000361678
6303	0.474089	0.500303	0.000361644
6304	0.47475	0.500299	0.00036161
6305	0.506285	0.5003	0.000361554
6306	0.445516	0.500291	0.000361601
6307	0.477734	0.500287	0.000361561
6308	0.498189	0.500287	0.000361504
6309	0.497283	0.500287	0.000361447
6310	0.505204	0.500287	0.00036139
6311	0.512645	0.500289	0.000361338
6312	0.498483	0.500289	0.000361281
6313	0.480391	0.500286	0.000361238
6314	0.445587	0.500277	0.000361285
6315	0.508871	0.500279	0.00036123
6316	0.483943	0.500276	0.000361182
6317	0.509406	0.500277	0.000361128
6318	0.45796	0.500271	0.000361133
6319	0.448768	0.500263	0.000361167
6320	0.488984	0.500261	0.000361115
6321	0.538589	0.500267	0.000361108
6322	0.528204	0.500271	0.000361078
6323	0.535036	0.500277	0.000361063
6324	0.517776	0.50028	0.000361017
6325	0.474695	0.500276	0.000360982
6326	0.475598	0.500272	0.000360946
6327	0.49033	0.50027	0.000360893
6328	0.494304	0.500269	0.000360837
6329	0.492757	0.500268	0.000360782
6330	0.495227	0.500267	0.000360726
6331	0.492816	0.500266	0.000360671
6332	0.503218	0.500266	0.000360614
6333	0.490007	0.500265	0.000360561
6334	0.52837	0.500269	0.000360531
6335	0.492054	0.500268	0.000360476
6336	0.505858	0.500269	0.000360421
6337	0.512312	0.500271	0.000360369
6338	0.515248	0.500273	0.00036032
6339	0.519572	0.500276	0.000360276
6340	0.45581	0.500269	0.000360287
6341	0.49749	0.500269	0.000360231
6342	0.534488	0.500274	0.000360214
6343	0.518519	0.500277	0.000360169
6344	0.518382	0.50028	0.000360123
6345	0.49988	0.50028	0.000360067
6346	0.463705	0.500274	0.000360056
6347	0.526756	0.500278	0.000360023
6348	0.478376	0.500275	0.000359983
6349	0.520561	0.500278	0.000359941
6350	0.505548	0.500279	0.000359885
6351	0.457784	0.500272	0.000359891
6352	0.510514	0.500274	0.000359838
6353	0.497569	0.500273	0.000359781
6354	0.523615	0.500277	0.000359743
6355	0.52385	0.500281	0.000359706
6356	0.506918	0.500282	0.000359651
6357	0.550501	0.50029	0.000359681
6358	0.532582	0.500295	0.00035966
6359	0.515644	0.500297	0.000359612
6360	0.495998	0.500296	0.000359556
6361	0.493884	0.500295	0.000359501
6362	0.506943	0.500296	0.000359446
6363	0.47293	0.500292	0.000359415
6364	0.517133	0.500295	0.000359368
6365	0.513674	0.500297	0.000359318
6366	0.522731	0.5003	0.000359279
6367	0.500506	0.5003	0.000359222
6368	0.475518	0.500297	0.000359187
6369	0.491262	0.500295	0.000359133
6370	0.496583	0.500295	0.000359078
6371	0.40386	0.500279	0.00035934
6372	0.571554	0.500291	0.000359458
6373	0.489375	0.500289	0.000359405
6374	0.556545	0.500298	0.000359457
6375	0.538896	0.500304	0.000359452
6376	0.529151	0.500308	0.000359424
6377	0.504226	0.500309	0.000359368
6378	0.458972	0.500302	0.00035937
6379	0.500107	0.500302	0.000359314
6380	0.517323	0.500305	0.000359267
6381	0.478305	0.500302	0.000359228
6382	0.50591	0.500302	0.000359173
6383	0.431579	0.500292	0.000359278
6384	0.52945	0.500296	0.00035925
6385	0.548176	0.500304	0.000359272
6386	0.46733	0.500299	0.000359253
6387	0.435178	0.500288	0.000359342
6388	0.494582	0.500288	0.000359286
6389	0.451663	0.50028	0.000359311
6390	0.482594	0.500277	0.000359265
6391	0.49032	0.500276	0.000359212
6392	0.485152	0.500273	0.000359164
6393	0.458792	0.500267	0.000359166
6394	0.50552	0.500268	0.000359111
6395	0.469687	0.500263	0.000359087
6396	0.555491	0.500271	0.000359134
6397	0.500869	0.500272	0.000359078
6398	0.497426	0.500271	0.000359022
6399	0.515259	0.500273	0.000358974
6400	0.475503	0.50027	0.000358939
6401	0.512071	0.500271	0.000358887
6402	0.512534	0.500273	0.000358837
6403	0.499049	0.500273	0.000358781
6404	0.503876	0.500274	0.000358725
6405	0.517914	0.500276	0.00035868
6406	0.520092	0.50028	0.000358637
6407	0.492911	0.500278	0.000358583
6408	0.52522	0.500282	0.000358548
6409	0.474988	0.500278	0.000358514
6410	0.477609	0.500275	0.000358475
6411	0.50179	0.500275	0.000358419
6412	0.525489	0.500279	0.000358385
6413	0.516325	0.500281	0.000358338
6414	0.479562	0.500278	0.000358297
6415	0.464799	0.500273	0.000358283
6416	0.46007	0.500266	0.000358282
6417	0.486776	0.500264	0.000358233
6418	0.515961	0.500267	0.000358185
6419	0.508491	0.500268	0.000358132
6420	0.508912	0.500269	0.000358078
6421	0.51277	0.500271	0.000358028
6422	0.475139	0.500267	0.000357994
6423	0.516703	0.50027	0.000357947
6424	0.533075	0.500275	0.000357928
6425	0.460839	0.500269	0.000357925
6426	0.515149	0.500271	0.000357876
6427	0.411351	0.500257	0.000358088
6428	0.547066	0.500265	0.000358106
6429	0.539271	0.500271	0.000358102
6430	0.448135	0.500263	0.000358138
6431	0.49854	0.500262	0.000358083
6432	0.451344	0.500255	0.000358108
6433	0.527282	0.500259	0.000358077
6434	0.502062	0.500259	0.000358021
6435	0.57438	0.500271	0.000358151
6436	0.549363	0.500278	0.000358176
6437	0.506059	0.500279	0.000358122
6438	0.474169	0.500275	0.000358089
6439	0.454867	0.500268	0.000358103
6440	0.513531	0.50027	0.000358053
6441	0.446076	0.500262	0.000358096
6442	0.440531	0.500253	0.000358161
6443	0.534213	0.500258	0.000358144
6444	0.484466	0.500255	0.000358097
6445	0.535039	0.500261	0.000358082
6446	0.486093	0.500259	0.000358033
6447	0.466006	0.500253	0.000358017
6448	0.45791	0.500247	0.000358022
6449	0.550838	0.500255	0.000358052
6450	0.539566	0.500261	0.000358049
6451	0.461551	0.500255	0.000358043
6452	0.48369	0.500252	0.000357997
6453	0.48389	0.50025	0.000357951
6454	0.517542	0.500252	0.000357905
6455	0.509801	0.500254	0.000357853
6456	0.501089	0.500254	0.000357797
6457	0.473238	0.50025	0.000357766
6458	0.45222	0.500242	0.000357788
6459	0.483224	0.50024	0.000357743
6460	0.495016	0.500239	0.000357688
6461	0.480786	0.500236	0.000357645
6462	0.477108	0.500232	0.000357608
6463	0.483995	0.50023	0.000357561
6464	0.497336	0.500229	0.000357506
6465	0.55804	0.500238	0.000357563
6466	0.515075	0.50024	0.000357515
6467	0.484886	0.500238	0.000357468
6468	0.517738	0.500241	0.000357423
6469	0.479743	0.500238	0.000357381
6470	0.523139	0.500241	0.000357344
6471	0.52923	0.500246	0.000357317
6472	0.468534	0.500241	0.000357295
6473	0.478757	0.500237	0.000357255
6474	0.488352	0.500236	0.000357205
6475	0.514326	0.500238	0.000357156
6476	0.477728	0.500234	0.000357118
6477	0.516591	0.500237	0.000357072
6478	0.439166	0.500227	0.000357141
6479	0.482677	0.500225	0.000357096
6480	0.524768	0.500228	0.000357061
6481	0.503933	0.500229	0.000357006
6482	0.466653	0.500224	0.000356989
6483	0.485412	0.500222	0.000356941
6484	0.473331	0.500217	0.00035691
6485	0.535568	0.500223	0.000356897
6486	0.479952	0.50022	0.000356856
6487	0.442291	0.500211	0.000356912
6488	0.465525	0.500205	0.000356897
6489	0.474057	0.500201	0.000356865
6490	0.530322	0.500206	0.00035684
6491	0.492653	0.500205	0.000356787
6492	0.481884	0.500202	0.000356743
6493	0.496547	0.500202	0.000356689
6494	0.538167	0.500207	0.000356682
6495	0.511684	0.500209	0.000356631
6496	0.511528	0.500211	0.000356581
6497	0.519095	0.500214	0.000356538
6498	0.467427	0.500209	0.000356518
6499	0.546391	0.500216	0.000356534
6500	0.476861	0.500212	0.000356498
6501	0.482876	0.50021	0.000356453
6502	0.551685	0.500218	0.000356486
6503	0.495634	0.500217	0.000356432
6504	0.477191	0.500213	0.000356394
6505	0.536648	0.500219	0.000356384
6506	0.516382	0.500221	0.000356338
6507	0.488619	0.50022	0.000356287
6508	0.465636	0.500214	0.000356272
6509	0.509855	0.500216	0.000356221
6510	0.481514	0.500213	0.000356177
6511	0.546207	0.50022	0.000356193
6512	0.463701	0.500214	0.000356182
6513	0.530738	0.500219	0.000356158
6514	0.489176	0.500217	0.000356108
6515	0.529418	0.500222	0.000356081
6516	0.547885	0.500229	0.000356102
6517	0.473831	0.500225	0.00035607
6518	0.45034	0.500217	0.000356098
6519	0.519513	0.50022	0.000356055
6520	0.522723	0.500224	0.000356017
6521	0.461216	0.500218	0.000356013
6522	0.515237	0.50022	0.000355966
6523	0.544021	0.500227	0.000355975
6524	0.454597	0.50022	0.000355989
6525	0.491918	0.500219	0.000355937
6526	0.481708	0.500216	0.000355893
6527	0.563085	0.500225	0.000355969
6528	0.540733	0.500232	0.000355969
6529	0.513798	0.500234	0.00035592
6530	0.485923	0.500231	0.000355872
6531	0.50051	0.500232	0.000355818
6532	0.487722	0.50023	0.000355769
6533	0.522346	0.500233	0.00035573
6534	0.469816	0.500228	0.000355706
6535	0.48388	0.500226	0.000355661
6536	0.493971	0.500225	0.000355608
6537	0.490722	0.500223	0.000355556
6538	0.459631	0.500217	0.000355556
6539	0.488124	0.500215	0.000355506
6540	0.560435	0.500225	0.000355571
6541	0.455434	0.500218	0.000355583
6542	0.519943	0.500221	0.000355541
6543	0.476905	0.500217	0.000355505
6544	0.414024	0.500204	0.000355694
6545	0.532032	0.500209	0.000355673
6546	0.527535	0.500213	0.000355643
6547	0.506204	0.500214	0.00035559
6548	0.558038	0.500223	0.000355646
6549	0.445179	0.500214	0.000355691
6550	0.519499	0.500217	0.000355648
6551	0.524476	0.500221	0.000355613
6552	0.484033	0.500219	0.000355568
6553	0.457489	0.500212	0.000355573
6554	0.499948	0.500212	0.000355519
6555	0.513758	0.500214	0.000355471
6556	0.509468	0.500215	0.000355419
6557	0.49149	0.500214	0.000355368
6558	0.539698	0.50022	0.000355364
6559	0.496091	0.50022	0.000355311
6560	0.495522	0.500219	0.000355257
6561	0.499106	0.500219	0.000355203
6562	0.523311	0.500222	0.000355167
6563	0.489648	0.500221	0.000355116
6564	0.539449	0.500227	0.000355112
6565	0.473022	0.500222	0.000355082
6566	0.537859	0.500228	0.000355075
6567	0.508932	0.500229	0.000355023
6568	0.485854	0.500227	0.000354976
6569	0.534304	0.500232	0.00035496
6570	0.517802	0.500235	0.000354916
6571	0.493412	0.500234	0.000354863
6572	0.481255	0.500231	0.000354821
6573	0.440657	0.500222	0.000354883
6574	0.490332	0.500221	0.000354832
6575	0.508998	0.500222	0.00035478
6576	0.446315	0.500214	0.000354821
6577	0.539697	0.50022	0.000354818
6578	0.515578	0.500222	0.000354772
6579	0.506697	0.500223	0.000354719
6580	0.490109	0.500222	0.000354669
6581	0.501597	0.500222	0.000354615
6582	0.516043	0.500224	0.000354569
6583	0.522854	0.500228	0.000354532
6584	0.440815	0.500219	0.000354593
6585	0.485503	0.500216	0.000354546
6586	0.529633	0.500221	0.00035452
6587	0.495329	0.50022	0.000354467
6588	0.437194	0.500211	0.000354542
6589	0.514083	0.500213	0.000354495
6590	0.470676	0.500208	0.000354469
6591	0.510009	0.50021	0.000354419
6592	0.555226	0.500218	0.000354463
6593	0.500578	0.500218	0.00035441
6594	0.513288	0.50022	0.000354361
6595	0.472003	0.500216	0.000354333
6596	0.524305	0.500219	0.000354299
6597	0.492749	0.500218	0.000354247
6598	0.471467	0.500214	0.00035422
6599	0.545922	0.500221	0.000354234
6600	0.457331	0.500214	0.00035424
6601	0.498073	0.500214	0.000354186
6602	0.460299	0.500208	0.000354184
6603	0.469597	0.500203	0.000354161
6604	0.50911	0.500205	0.00035411
6605	0.494585	0.500204	0.000354057
6606	0.512631	0.500206	0.000354009
6607	0.495626	0.500205	0.000353956
6608	0.487409	0.500203	0.000353907
6609	0.47172	0.500199	0.00035388
6610	0.465603	0.500194	0.000353865
6611	0.505114	0.500194	0.000353813
6612	0.511052	0.500196	0.000353763
6613	0.485542	0.500194	0.000353716
6614	0.551411	0.500201	0.000353748
6615	0.477985	0.500198	0.00035371
6616	0.50944	0.500199	0.000353659
6617	0.49274	0.500198	0.000353608
6618	0.51667	0.500201	0.000353563
6619	0.484245	0.500198	0.000353518
6620	0.517856	0.500201	0.000353474
6621	0.467746	0.500196	0.000353455
6622	0.524755	0.5002	0.000353421
6623	0.460566	0.500194	0.000353418
6624	0.452937	0.500187	0.000353437
6625	0.497378	0.500186	0.000353384
6626	0.475498	0.500183	0.00035335
6627	0.466562	0.500178	0.000353333
6628	0.522685	0.500181	0.000353296
6629	0.477351	0.500178	0.00035326
6630	0.486613	0.500175	0.000353213
6631	0.535148	0.500181	0.000353199
6632	0.505401	0.500182	0.000353146
6633	0.505063	0.500182	0.000353094
6634	0.531222	0.500187	0.000353072
6635	0.481334	0.500184	0.00035303
6636	0.4819	0.500181	0.000352987
6637	0.493006	0.50018	0.000352936
6638	0.535863	0.500186	0.000352924
6639	0.503849	0.500186	0.000352871
6640	0.525402	0.50019	0.000352838
6641	0.51719	0.500193	0.000352794
6642	0.443351	0.500184	0.000352845
6643	0.483963	0.500182	0.0003528
6644	0.523456	0.500185	0.000352765
6645	0.574955	0.500196	0.000352891
6646	0.494862	0.500195	0.000352839
6647	0.475875	0.500192	0.000352805
6648	0.516286	0.500194	0.00035276
6649	0.476532	0.500191	0.000352725
6650	0.515631	0.500193	0.000352679
6651	0.513055	0.500195	0.000352632
6652	0.515922	0.500197	0.000352587
6653	0.444756	0.500189	0.000352632
6654	0.498618	0.500189	0.000352579
6655	0.474901	0.500185	0.000352547
6656	0.480505	0.500182	0.000352506
6657	0.527271	0.500186	0.000352477
6658	0.540534	0.500192	0.000352476
6659	0.498105	0.500192	0.000352423
6660	0.498123	0.500192	0.00035237
6661	0.455631	0.500185	0.000352381
6662	0.504593	0.500185	0.000352328
6663	0.477074	0.500182	0.000352293
6664	0.534574	0.500187	0.000352278
6665	0.515659	0.500189	0.000352232
6666	0.444367	0.500181	0.000352279
6667	0.507818	0.500182	0.000352228
6668	0.499409	0.500182	0.000352175
6669	0.483435	0.50018	0.000352131
6670	0.503124	0.50018	0.000352079
6671	0.45964	0.500174	0.000352079
6672	0.55465	0.500182	0.00035212
6673	0.511302	0.500184	0.000352072
6674	0.513012	0.500186	0.000352024
6675	0.469044	0.500181	0.000352002
6676	0.500547	0.500181	0.00035195
6677	0.528252	0.500185	0.000351922
6678	0.528478	0.50019	0.000351895
6679	0.450197	0.500182	0.000351922
6680	0.462743	0.500176	0.000351914
6681	0.51907	0.500179	0.000351872
6682	0.528288	0.500184	0.000351845
6683	0.496349	0.500183	0.000351793
6684	0.475243	0.500179	0.00035176
6685	0.506619	0.50018	0.000351709
6686	0.490522	0.500179	0.000351659
6687	0.536573	0.500184	0.000351648
6688	0.51354	0.500186	0.000351602
6689	0.481628	0.500183	0.00035156
6690	0.524934	0.500187	0.000351527
6691	0.4922	0.500186	0.000351476
6692	0.502284	0.500186	0.000351424
6693	0.514372	0.500188	0.000351378
6694	0.507025	0.500189	0.000351327
6695	0.53733	0.500195	0.000351318
6696	0.511868	0.500197	0.00035127
6697	0.522601	0.5002	0.000351233
6698	0.48823	0.500198	0.000351186
6699	0.467784	0.500193	0.000351166
6700	0.458304	0.500187	0.00035117
6701	0.470117	0.500183	0.000351146
6702	0.486582	0.500181	0.000351099
6703	0.532889	0.500185	0.000351081
6704	0.470769	0.500181	0.000351056
6705	0.490351	0.50018	0.000351007
6706	0.502225	0.50018	0.000350955
6707	0.494447	0.500179	0.000350903
6708	0.501182	0.500179	0.000350851
6709	0.449329	0.500172	0.000350881
6710	0.562164	0.500181	0.00035095
6711	0.457288	0.500175	0.000350956
6712	0.55021	0.500182	0.000350983
6713	0.522393	0.500185	0.000350946
6714	0.498607	0.500185	0.000350894
6715	0.51576	0.500187	0.000350849
6716	0.474055	0.500183	0.000350818
6717	0.499068	0.500183	0.000350766
6718	0.535296	0.500189	0.000350753
6719	0.510554	0.50019	0.000350704
6720	0.496414	0.500189	0.000350652
6721	0.520423	0.500193	0.000350613
6722	0.516184	0.500195	0.000350569
6723	0.48021	0.500192	0.00035053
6724	0.49997	0.500192	0.000350477
6725	0.523332	0.500195	0.000350442
6726	0.510849	0.500197	0.000350394
6727	0.52171	0.5002	0.000350356
6728	0.471813	0.500196	0.00035033
6729	0.455982	0.500189	0.000350339
6730	0.511001	0.500191	0.000350291
6731	0.504512	0.500192	0.000350239
6732	0.497141	0.500191	0.000350188
6733	0.549026	0.500198	0.000350211
6734	0.502474	0.500199	0.000350159
6735	0.532402	0.500203	0.000350139
6736	0.525632	0.500207	0.000350108
6737	0.506739	0.500208	0.000350057
6738	0.527074	0.500212	0.000350028
6739	0.517554	0.500215	0.000349985
6740	0.524855	0.500218	0.000349953
6741	0.52256	0.500222	0.000349916
6742	0.498646	0.500222	0.000349865
6743	0.491151	0.50022	0.000349815
6744	0.535096	0.500225	0.000349802
6745	0.503397	0.500226	0.00034975
6746	0.537755	0.500231	0.000349743
6747	0.524962	0.500235	0.00034971
6748	0.48998	0.500234	0.000349661
6749	0.487065	0.500232	0.000349615
6750	0.469339	0.500227	0.000349593
6751	0.478233	0.500224	0.000349557
6752	0.517255	0.500226	0.000349514
6753	0.567232	0.500236	0.000349603
6754	0.487718	0.500234	0.000349556
6755	0.534285	0.500239	0.000349541
6756	0.454115	0.500233	0.000349556
6757	0.50025	0.500233	0.000349504
6758	0.563329	0.500242	0.000349577
6759	0.541177	0.500248	0.000349578
6760	0.501447	0.500248	0.000349526
6761	0.44825	0.50024	0.000349559
6762	0.54557	0.500247	0.000349571
6763	0.500818	0.500247	0.00034952
6764	0.501357	0.500247	0.000349468
6765	0.492864	0.500246	0.000349418
6766	0.526115	0.50025	0.000349387
6767	0.470901	0.500246	0.000349363
6768	0.512376	0.500248	0.000349316
6769	0.513968	0.50025	0.00034927
6770	0.477091	0.500246	0.000349235
6771	0.504037	0.500247	0.000349184
6772	0.536694	0.500252	0.000349174
6773	0.507798	0.500253	0.000349124
6774	0.508473	0.500254	0.000349075
6775	0.508457	0.500256	0.000349025
6776	0.503819	0.500256	0.000348974
6777	0.458831	0.50025	0.000348976
6778	0.489094	0.500248	0.000348929
6779	0.484666	0.500246	0.000348885
6780	0.445022	0.500238	0.000348928
6781	0.519804	0.500241	0.000348889
6782	0.575626	0.500252	0.000349014
6783	0.502414	0.500252	0.000348963
6784	0.512953	0.500254	0.000348917
6785	0.474237	0.50025	0.000348886
6786	0.443916	0.500242	0.000348934
6787	0.532369	0.500247	0.000348914
6788	0.470792	0.500242	0.00034889
6789	0.475844	0.500239	0.000348857
6790	0.567049	0.500249	0.000348944
6791	0.456859	0.500242	0.000348951
6792	0.495319	0.500242	0.000348901
6793	0.519203	0.500244	0.000348861
6794	0.514522	0.500246	0.000348816
6795	0.524063	0.50025	0.000348782
6796	0.478276	0.500247	0.000348746
6797	0.496061	0.500246	0.000348695
6798	0.446888	0.500238	0.000348732
6799	0.560024	0.500247	0.000348791
6800	0.550395	0.500254	0.000348818
6801	0.481647	0.500252	0.000348777
6802	0.490255	0.50025	0.000348729
6803	0.552859	0.500258	0.000348764
6804	0.532463	0.500263	0.000348745
6805	0.515374	0.500265	0.0003487
6806	0.455016	0.500258	0.000348713
6807	0.543541	0.500265	0.000348719
6808	0.487807	0.500263	0.000348673
6809	0.500296	0.500263	0.000348622
6810	0.523185	0.500266	0.000348587
6811	0.49763	0.500266	0.000348536
6812	0.490573	0.500264	0.000348487
6813	0.475702	0.500261	0.000348455
6814	0.488702	0.500259	0.000348408
6815	0.46232	0.500253	0.000348401
6816	0.484159	0.500251	0.000348358
6817	0.487221	0.500249	0.000348312
6818	0.475105	0.500246	0.000348281
6819	0.523196	0.500249	0.000348246
6820	0.514205	0.500251	0.000348201
6821	0.468808	0.500246	0.00034818
6822	0.464916	0.500241	0.000348168
6823	0.455049	0.500235	0.00034818
6824	0.480487	0.500232	0.000348141
6825	0.500997	0.500232	0.00034809
6826	0.515143	0.500234	0.000348046
6827	0.551147	0.500241	0.000348075
6828	0.492106	0.50024	0.000348026
6829	0.469775	0.500236	0.000348003
6830	0.45325	0.500229	0.00034802
6831	0.465325	0.500224	0.000348007
6832	0.570343	0.500234	0.000348107
6833	0.450486	0.500227	0.000348132
6834	0.507992	0.500228	0.000348083
6835	0.521275	0.500231	0.000348046
6836	0.503559	0.500231	0.000347995
6837	0.491098	0.50023	0.000347947
6838	0.439468	0.500221	0.00034801
6839	0.513406	0.500223	0.000347964
6840	0.4885	0.500221	0.000347917
6841	0.509247	0.500223	0.000347869
6842	0.492783	0.500222	0.00034782
6843	0.483648	0.500219	0.000347778
6844	0.522407	0.500222	0.000347742
6845	0.487408	0.500221	0.000347696
6846	0.499685	0.500221	0.000347645
6847	0.528587	0.500225	0.000347619
6848	0.460281	0.500219	0.000347617
6849	0.520571	0.500222	0.000347579
6850	0.492562	0.500221	0.00034753
6851	0.471291	0.500216	0.000347505
6852	0.471695	0.500212	0.00034748
6853	0.490817	0.500211	0.000347432
6854	0.505161	0.500212	0.000347382
6855	0.512207	0.500213	0.000347335
6856	0.561519	0.500222	0.0003474
6857	0.463137	0.500217	0.000347391
6858	0.514411	0.500219	0.000347347
6859	0.553511	0.500227	0.000347383
6860	0.528938	0.500231	0.000347358
6861	0.556895	0.500239	0.000347405
6862	0.497729	0.500239	0.000347355
6863	0.511274	0.50024	0.000347308
6864	0.509135	0.500242	0.00034726
6865	0.477299	0.500238	0.000347225
6866	0.480177	0.500235	0.000347187
6867	0.549831	0.500243	0.000347211
6868	0.522014	0.500246	0.000347175
6869	0.491258	0.500245	0.000347127
6870	0.525846	0.500248	0.000347097
6871	0.472718	0.500244	0.000347069
6872	0.482344	0.500242	0.000347029
6873	0.501995	0.500242	0.000346978
6874	0.507843	0.500243	0.000346929
6875	0.484557	0.500241	0.000346886
6876	0.525685	0.500244	0.000346856
6877	0.476798	0.500241	0.000346822
6878	0.531264	0.500246	0.000346801
6879	0.468268	0.500241	0.000346782
6880	0.514489	0.500243	0.000346738
6881	0.51228	0.500245	0.000346692
6882	0.493509	0.500244	0.000346643
6883	0.50197	0.500244	0.000346592
6884	0.458737	0.500238	0.000346594
6885	0.501524	0.500238	0.000346544
6886	0.476334	0.500235	0.000346511
6887	0.51996	0.500238	0.000346473
6888	0.495493	0.500237	0.000346423
6889	0.477486	0.500234	0.000346389
6890	0.474005	0.50023	0.000346359
6891	0.432139	0.50022	0.00034645
6892	0.481751	0.500217	0.00034641
6893	0.497036	0.500217	0.00034636
6894	0.521927	0.50022	0.000346324
6895	0.476258	0.500216	0.000346291
6896	0.514944	0.500219	0.000346248
6897	0.500005	0.500219	0.000346197
6898	0.510131	0.50022	0.00034615
6899	0.487363	0.500218	0.000346105
6900	0.525497	0.500222	0.000346074
6901	0.457622	0.500216	0.000346079
6902	0.455986	0.500209	0.000346088
6903	0.468811	0.500205	0.000346068
6904	0.465798	0.5002	0.000346054
6905	0.504702	0.5002	0.000346004
6906	0.490518	0.500199	0.000345957
6907	0.529236	0.500203	0.000345933
6908	0.509951	0.500205	0.000345885
6909	0.539979	0.50021	0.000345883
6910	0.532702	0.500215	0.000345865
6911	0.519832	0.500218	0.000345827
6912	0.458711	0.500212	0.000345829
6913	0.538942	0.500217	0.000345824
6914	0.516115	0.50022	0.000345782
6915	0.486339	0.500218	0.000345738
6916	0.53394	0.500223	0.000345722
6917	0.493559	0.500222	0.000345673
6918	0.51231	0.500223	0.000345628
6919	0.530098	0.500228	0.000345605
6920	0.476996	0.500224	0.000345571
6921	0.583257	0.500236	0.000345729
6922	0.4753	0.500233	0.000345698
6923	0.492552	0.500232	0.00034565
6924	0.525407	0.500235	0.000345619
6925	0.501542	0.500235	0.000345569
6926	0.481516	0.500233	0.00034553
6927	0.497577	0.500232	0.00034548
6928	0.522204	0.500236	0.000345445
6929	0.512625	0.500237	0.0003454
6930	0.499621	0.500237	0.00034535
6931	0.525998	0.500241	0.00034532
6932	0.50231	0.500241	0.000345271
6933	0.512434	0.500243	0.000345225
6934	0.55455	0.500251	0.000345264
6935	0.576686	0.500262	0.00034539
6936	0.500328	0.500262	0.000345341
6937	0.558382	0.50027	0.000345392
6938	0.500155	0.50027	0.000345343
6939	0.538604	0.500276	0.000345337
6940	0.504136	0.500276	0.000345288
6941	0.502282	0.500277	0.000345238
6942	0.514833	0.500279	0.000345195
6943	0.478165	0.500275	0.00034516
6944	0.508636	0.500277	0.000345112
6945	0.500755	0.500277	0.000345062
6946	0.544497	0.500283	0.000345071
6947	0.486297	0.500281	0.000345028
6948	0.494049	0.50028	0.000344979
6949	0.527531	0.500284	0.000344952
6950	0.547285	0.500291	0.000344968
6951	0.519579	0.500294	0.00034493
6952	0.493126	0.500293	0.000344882
6953	0.562018	0.500302	0.000344947
6954	0.464369	0.500296	0.000344936
6955	0.469817	0.500292	0.000344914
6956	0.491652	0.500291	0.000344867
6957	0.538487	0.500296	0.000344861
6958	0.481244	0.500293	0.000344822
6959	0.556451	0.500302	0.000344867
6960	0.506609	0.500302	0.000344818
6961	0.540284	0.500308	0.000344817
6962	0.443864	0.5003	0.000344863
6963	0.456155	0.500294	0.000344871
6964	0.506388	0.500295	0.000344823
6965	0.523417	0.500298	0.000344789
6966	0.474019	0.500294	0.000344761
6967	0.474009	0.50029	0.000344732
6968	0.497412	0.50029	0.000344682
6969	0.483908	0.500288	0.000344641
6970	0.478302	0.500284	0.000344606
6971	0.54062	0.50029	0.000344605
6972	0.481553	0.500288	0.000344566
6973	0.493272	0.500287	0.000344518
6974	0.555064	0.500294	0.000344558
6975	0.519567	0.500297	0.00034452
6976	0.558712	0.500306	0.000344572
6977	0.45652	0.500299	0.00034458
6978	0.483719	0.500297	0.000344539
6979	0.479534	0.500294	0.000344502
6980	0.498943	0.500294	0.000344453
6981	0.48703	0.500292	0.000344409
6982	0.500777	0.500292	0.00034436
6983	0.465528	0.500287	0.000344346
6984	0.51849	0.50029	0.000344307
6985	0.472691	0.500286	0.00034428
6986	0.516982	0.500288	0.000344239
6987	0.473538	0.500284	0.000344211
6988	0.504119	0.500285	0.000344163
6989	0.527672	0.500289	0.000344136
6990	0.509926	0.50029	0.000344089
6991	0.523013	0.500293	0.000344055
6992	0.490112	0.500292	0.000344009
6993	0.474211	0.500288	0.00034398
6994	0.476522	0.500285	0.000343948
6995	0.531543	0.500289	0.000343928
6996	0.512305	0.500291	0.000343883
6997	0.518776	0.500293	0.000343844
6998	0.429698	0.500283	0.000343943
6999	0.48611	0.500281	0.000343899
7000	0.463538	0.500276	0.00034389
7001	0.517	0.500279	0.000343849
7002	0.513701	0.50028	0.000343806
7003	0.475286	0.500277	0.000343775
7004	0.544902	0.500283	0.000343785
7005	0.431738	0.500273	0.000343875
7006	0.482374	0.500271	0.000343836
7007	0.486755	0.500269	0.000343792
7008	0.467148	0.500264	0.000343775
7009	0.548643	0.500271	0.000343796
7010	0.504794	0.500272	0.000343747
7011	0.484528	0.50027	0.000343706
7012	0.466636	0.500265	0.00034369
7013	0.493622	0.500264	0.000343642
7014	0.522628	0.500267	0.000343608
7015	0.440235	0.500258	0.000343666
7016	0.550204	0.500266	0.00034369
7017	0.50655	0.500266	0.000343643
7018	0.473605	0.500263	0.000343615
7019	0.562863	0.500272	0.000343681
7020	0.493324	0.500271	0.000343634
7021	0.485627	0.500268	0.000343591
7022	0.485455	0.500266	0.000343549
7023	0.501314	0.500267	0.0003435
7024	0.525926	0.50027	0.00034347
7025	0.516736	0.500273	0.00034343
7026	0.444706	0.500265	0.000343472
7027	0.474164	0.500261	0.000343443
7028	0.490265	0.500259	0.000343397
7029	0.48219	0.500257	0.000343358
7030	0.514715	0.500259	0.000343315
7031	0.520988	0.500262	0.000343279
7032	0.465201	0.500257	0.000343266
7033	0.513236	0.500259	0.000343222
7034	0.477293	0.500256	0.000343189
7035	0.519644	0.500258	0.000343151
7036	0.521266	0.500261	0.000343116
7037	0.5307	0.500266	0.000343094
7038	0.492314	0.500264	0.000343047
7039	0.503863	0.500265	0.000342999
7040	0.490911	0.500264	0.000342953
7041	0.478133	0.50026	0.000342918
7042	0.509679	0.500262	0.000342872
7043	0.455551	0.500255	0.000342882
7044	0.518278	0.500258	0.000342843
7045	0.481851	0.500255	0.000342805
7046	0.488001	0.500254	0.00034276
7047	0.526154	0.500257	0.000342731
7048	0.542895	0.500263	0.000342736
7049	0.502224	0.500264	0.000342688
7050	0.544404	0.50027	0.000342696
7051	0.531478	0.500274	0.000342676
7052	0.501668	0.500275	0.000342628
7053	0.520611	0.500277	0.000342591
7054	0.489791	0.500276	0.000342546
7055	0.464319	0.500271	0.000342535
7056	0.463524	0.500266	0.000342526
7057	0.566297	0.500275	0.000342606
7058	0.503972	0.500276	0.000342557
7059	0.499308	0.500275	0.000342509
7060	0.511112	0.500277	0.000342464
7061	0.477818	0.500274	0.00034243
7062	0.505018	0.500274	0.000342382
7063	0.524308	0.500278	0.000342351
7064	0.483908	0.500276	0.00034231
7065	0.533046	0.50028	0.000342293
7066	0.457216	0.500274	0.000342299
7067	0.512777	0.500276	0.000342255
7068	0.507115	0.500277	0.000342208
7069	0.482405	0.500274	0.000342169
7070	0.512009	0.500276	0.000342125
7071	0.52144	0.500279	0.000342089
7072	0.45073	0.500272	0.000342113
7073	0.519602	0.500275	0.000342075
7074	0.476281	0.500271	0.000342044
7075	0.467665	0.500267	0.000342026
7076	0.553151	0.500274	0.00034206
7077	0.464241	0.500269	0.000342049
7078	0.502381	0.500269	0.000342001
7079	0.560909	0.500278	0.00034206
7080	0.5637	0.500287	0.000342129
7081	0.480694	0.500284	0.000342092
7082	0.494239	0.500283	0.000342045
7083	0.512612	0.500285	0.000342001
7084	0.498437	0.500285	0.000341952
7085	0.54761	0.500291	0.000341969
7086	0.48397	0.500289	0.000341929
7087	0.498912	0.500289	0.000341881
7088	0.503638	0.500289	0.000341833
7089	0.502431	0.50029	0.000341785
7090	0.453326	0.500283	0.000341801
7091	0.500558	0.500283	0.000341753
7092	0.48132	0.50028	0.000341715
7093	0.555299	0.500288	0.000341755
7094	0.524379	0.500292	0.000341723
7095	0.524398	0.500295	0.000341692
7096	0.491175	0.500294	0.000341646
7097	0.486714	0.500292	0.000341604
7098	0.503806	0.500292	0.000341556
7099	0.500808	0.500292	0.000341508
7100	0.4733	0.500289	0.000341481
7101	0.47333	0.500285	0.000341454
7102	0.495152	0.500284	0.000341406
7103	0.48145	0.500281	0.000341369
7104	0.466091	0.500277	0.000341355
7105	0.466266	0.500272	0.00034134
7106	0.503453	0.500272	0.000341292
7107	0.471723	0.500268	0.000341268
7108	0.513674	0.50027	0.000341225
7109	0.486295	0.500268	0.000341183
7110	0.496575	0.500268	0.000341135
7111	0.472287	0.500264	0.00034111
7112	0.507265	0.500265	0.000341063
7113	0.520297	0.500267	0.000341027
7114	0.537669	0.500273	0.00034102
7115	0.494035	0.500272	0.000340973
7116	0.534802	0.500277	0.00034096
7117	0.52334	0.50028	0.000340927
7118	0.563099	0.500289	0.000340993
7119	0.480889	0.500286	0.000340956
7120	0.48326	0.500284	0.000340917
7121	0.460782	0.500278	0.000340914
7122	0.53022	0.500282	0.000340892
7123	0.504788	0.500283	0.000340845
7124	0.488	0.500281	0.000340801
7125	0.49475	0.50028	0.000340754
7126	0.489392	0.500279	0.00034071
7127	0.477255	0.500276	0.000340678
7128	0.523529	0.500279	0.000340645
7129	0.549376	0.500286	0.000340667
7130	0.474594	0.500282	0.000340638
7131	0.481904	0.50028	0.0003406
7132	0.490062	0.500278	0.000340556
7133	0.519179	0.500281	0.000340518
7134	0.517014	0.500283	0.000340479
7135	0.502276	0.500283	0.000340431
7136	0.460241	0.500278	0.00034043
7137	0.534944	0.500283	0.000340416
7138	0.485995	0.500281	0.000340375
7139	0.54937	0.500288	0.000340396
7140	0.510401	0.500289	0.000340352
7141	0.471494	0.500285	0.000340328
7142	0.481713	0.500282	0.00034029
7143	0.513242	0.500284	0.000340247
7144	0.530745	0.500288	0.000340227
7145	0.44172	0.50028	0.000340278
7146	0.473951	0.500277	0.00034025
7147	0.493058	0.500276	0.000340204
7148	0.508819	0.500277	0.000340158
7149	0.521245	0.50028	0.000340123
7150	0.501356	0.50028	0.000340076
7151	0.529966	0.500284	0.000340054
7152	0.470644	0.50028	0.000340031
7153	0.508095	0.500281	0.000339986
7154	0.495551	0.50028	0.000339939
7155	0.507163	0.500281	0.000339893
7156	0.523898	0.500285	0.000339861
7157	0.521764	0.500288	0.000339827
7158	0.454473	0.500281	0.00033984
7159	0.47154	0.500277	0.000339816
7160	0.457505	0.500271	0.000339821
7161	0.516024	0.500273	0.000339781
7162	0.509311	0.500275	0.000339736
7163	0.501269	0.500275	0.000339688
7164	0.532022	0.500279	0.00033967
7165	0.539886	0.500285	0.000339667
7166	0.509433	0.500286	0.000339622
7167	0.473714	0.500282	0.000339595
7168	0.545189	0.500289	0.000339605
7169	0.531058	0.500293	0.000339585
7170	0.569656	0.500303	0.000339676
7171	0.47804	0.500299	0.000339642
7172	0.507018	0.5003	0.000339596
7173	0.466295	0.500296	0.000339582
7174	0.494249	0.500295	0.000339536
7175	0.516893	0.500297	0.000339496
7176	0.468806	0.500293	0.000339477
7177	0.553007	0.5003	0.00033951
7178	0.512038	0.500302	0.000339466
7179	0.511531	0.500303	0.000339422
7180	0.510427	0.500305	0.000339378
7181	0.486497	0.500303	0.000339336
7182	0.496994	0.500302	0.000339289
7183	0.484772	0.5003	0.000339249
7184	0.5303	0.500304	0.000339228
7185	0.487221	0.500302	0.000339185
7186	0.508668	0.500304	0.00033914
7187	0.506138	0.500304	0.000339094
7188	0.542394	0.50031	0.000339097
7189	0.452415	0.500304	0.000339115
7190	0.486859	0.500302	0.000339073
7191	0.493583	0.500301	0.000339028
7192	0.534648	0.500306	0.000339014
7193	0.506502	0.500306	0.000338968
7194	0.524883	0.50031	0.000338938
7195	0.476152	0.500307	0.000338908
7196	0.503188	0.500307	0.000338861
7197	0.494612	0.500306	0.000338815
7198	0.475823	0.500303	0.000338785
7199	0.521977	0.500306	0.000338751
7200	0.496699	0.500305	0.000338704
7201	0.523635	0.500308	0.000338673
7202	0.49613	0.500308	0.000338626
7203	0.535959	0.500313	0.000338615
7204	0.53535	0.500318	0.000338603
7205	0.495138	0.500317	0.000338557
7206	0.520955	0.50032	0.000338522
7207	0.511528	0.500321	0.000338479
7208	0.538624	0.500327	0.000338474
7209	0.474552	0.500323	0.000338445
7210	0.50558	0.500324	0.000338399
7211	0.510849	0.500325	0.000338356
7212	0.546452	0.500332	0.000338369
7213	0.490998	0.50033	0.000338325
7214	0.447336	0.500323	0.000338357
7215	0.507853	0.500324	0.000338312
7216	0.428	0.500314	0.000338414
7217	0.522111	0.500317	0.00033838
7218	0.502364	0.500317	0.000338334
7219	0.53846	0.500323	0.000338328
7220	0.532502	0.500327	0.00033831
7221	0.528256	0.500331	0.000338286
7222	0.501612	0.500331	0.000338239
7223	0.522375	0.500334	0.000338206
7224	0.476515	0.500331	0.000338175
7225	0.470506	0.500327	0.000338153
7226	0.500436	0.500327	0.000338107
7227	0.550841	0.500334	0.000338132
7228	0.551953	0.500341	0.000338161
7229	0.536749	0.500346	0.000338151
7230	0.516169	0.500348	0.000338112
7231	0.474696	0.500345	0.000338084
7232	0.4793	0.500342	0.000338049
7233	0.490306	0.50034	0.000338006
7234	0.508061	0.500341	0.000337961
7235	0.497145	0.500341	0.000337914
7236	0.500352	0.500341	0.000337867
7237	0.505438	0.500342	0.000337821
7238	0.483929	0.500339	0.000337782
7239	0.505597	0.50034	0.000337737
7240	0.524884	0.500344	0.000337707
7241	0.514107	0.500345	0.000337666
7242	0.497926	0.500345	0.000337619
7243	0.516944	0.500347	0.00033758
7244	0.505605	0.500348	0.000337534
7245	0.488378	0.500346	0.000337492
7246	0.553778	0.500354	0.000337526
7247	0.480672	0.500351	0.00033749
7248	0.485776	0.500349	0.00033745
7249	0.512823	0.500351	0.000337408
7250	0.457879	0.500345	0.000337412
7251	0.504166	0.500345	0.000337366
7252	0.503874	0.500346	0.00033732
7253	0.521317	0.500349	0.000337285
7254	0.506615	0.50035	0.00033724
7255	0.514579	0.500352	0.000337199
7256	0.50967	0.500353	0.000337155
7257	0.52259	0.500356	0.000337123
7258	0.492289	0.500355	0.000337078
7259	0.451664	0.500348	0.000337098
7260	0.506094	0.500349	0.000337053
7261	0.528914	0.500353	0.000337029
7262	0.492027	0.500352	0.000336985
7263	0.505914	0.500353	0.000336939
7264	0.451277	0.500346	0.000336961
7265	0.472303	0.500342	0.000336937
7266	0.504036	0.500342	0.000336891
7267	0.516406	0.500345	0.000336851
7268	0.525117	0.500348	0.000336822
7269	0.46259	0.500343	0.000336816
7270	0.48559	0.500341	0.000336776
7271	0.462719	0.500336	0.000336769
7272	0.52478	0.500339	0.00033674
7273	0.541774	0.500345	0.000336742
7274	0.43712	0.500336	0.000336807
7275	0.525291	0.500339	0.000336779
7276	0.493478	0.500339	0.000336734
7277	0.498994	0.500338	0.000336687
7278	0.486788	0.500336	0.000336646
7279	0.448608	0.500329	0.000336675
7280	0.476918	0.500326	0.000336644
7281	0.490517	0.500325	0.000336601
7282	0.509902	0.500326	0.000336557
7283	0.471585	0.500322	0.000336534
7284	0.521793	0.500325	0.000336501
7285	0.479106	0.500322	0.000336467
7286	0.507572	0.500323	0.000336422
7287	0.479519	0.50032	0.000336388
7288	0.520687	0.500323	0.000336354
7289	0.497157	0.500323	0.000336308
7290	0.508963	0.500324	0.000336264
7291	0.501992	0.500324	0.000336218
7292	0.487774	0.500322	0.000336176
7293	0.487956	0.500321	0.000336134
7294	0.511528	0.500322	0.000336092
7295	0.471093	0.500318	0.00033607
7296	0.499676	0.500318	0.000336023
7297	0.549463	0.500325	0.000336045
7298	0.503594	0.500325	0.000335999
7299	0.464342	0.50032	0.000335989
7300	0.515873	0.500323	0.00033595
7301	0.524967	0.500326	0.000335921
7302	0.513678	0.500328	0.00033588
7303	0.486678	0.500326	0.000335839
7304	0.463019	0.500321	0.000335832
7305	0.565008	0.50033	0.000335903
7306	0.500906	0.50033	0.000335857
7307	0.475906	0.500326	0.000335827
7308	0.467553	0.500322	0.000335811
7309	0.514933	0.500324	0.000335771
7310	0.520907	0.500327	0.000335737
7311	0.505954	0.500327	0.000335692
7312	0.540978	0.500333	0.000335692
7313	0.542456	0.500339	0.000335696
7314	0.491569	0.500338	0.000335652
7315	0.522337	0.500341	0.00033562
7316	0.422179	0.50033	0.000335744
7317	0.499612	0.50033	0.000335698
7318	0.473011	0.500326	0.000335673
7319	0.484187	0.500324	0.000335634
7320	0.511153	0.500325	0.000335592
7321	0.463465	0.50032	0.000335584
7322	0.496173	0.50032	0.000335538
7323	0.477236	0.500317	0.000335507
7324	0.518538	0.500319	0.000335471
7325	0.499949	0.500319	0.000335425
7326	0.464372	0.500314	0.000335415
7327	0.492111	0.500313	0.000335371
7328	0.505303	0.500314	0.000335326
7329	0.535226	0.500318	0.000335314
7330	0.512218	0.50032	0.000335272
7331	0.502341	0.50032	0.000335227
7332	0.46698	0.500316	0.000335212
7333	0.558921	0.500324	0.000335261
7334	0.496258	0.500323	0.000335216
7335	0.486424	0.500321	0.000335176
7336	0.516813	0.500324	0.000335138
7337	0.463621	0.500319	0.000335129
7338	0.491722	0.500317	0.000335086
7339	0.588345	0.500329	0.000335254
7340	0.552192	0.500336	0.000335283
7341	0.50501	0.500337	0.000335238
7342	0.489748	0.500336	0.000335196
7343	0.51092	0.500337	0.000335153
7344	0.508767	0.500338	0.000335109
7345	0.527008	0.500342	0.000335083
7346	0.469462	0.500338	0.000335064
7347	0.466332	0.500333	0.000335051
7348	0.486585	0.500331	0.00033501
7349	0.5363	0.500336	0.000335
7350	0.479282	0.500333	0.000334967
7351	0.478243	0.50033	0.000334935
7352	0.45266	0.500324	0.000334952
7353	0.510626	0.500325	0.00033491
7354	0.531833	0.500329	0.000334891
7355	0.519848	0.500332	0.000334856
7356	0.474318	0.500329	0.00033483
7357	0.495199	0.500328	0.000334785
7358	0.496834	0.500327	0.00033474
7359	0.532261	0.500332	0.000334722
7360	0.537723	0.500337	0.000334715
7361	0.491637	0.500336	0.000334672
7362	0.46634	0.500331	0.000334658
7363	0.497586	0.500331	0.000334613
7364	0.465936	0.500326	0.0003346
7365	0.503782	0.500326	0.000334555
7366	0.506715	0.500327	0.000334511
7367	0.481072	0.500325	0.000334476
7368	0.470887	0.500321	0.000334454
7369	0.534776	0.500325	0.000334441
7370	0.471706	0.500321	0.000334419
7371	0.476706	0.500318	0.000334389
7372	0.513645	0.50032	0.000334348
7373	0.469769	0.500316	0.000334328
7374	0.500996	0.500316	0.000334283
7375	0.490633	0.500315	0.00033424
7376	0.527354	0.500318	0.000334215
7377	0.478643	0.500315	0.000334183
7378	0.468611	0.500311	0.000334165
7379	0.526773	0.500315	0.000334139
7380	0.517202	0.500317	0.000334102
7381	0.483115	0.500315	0.000334064
7382	0.505556	0.500315	0.00033402
7383	0.509008	0.500317	0.000333977
7384	0.471813	0.500313	0.000333954
7385	0.532607	0.500317	0.000333937
7386	0.541053	0.500323	0.000333938
7387	0.534322	0.500327	0.000333924
7388	0.500431	0.500327	0.000333879
7389	0.513238	0.500329	0.000333838
7390	0.48676	0.500327	0.000333798
7391	0.511251	0.500329	0.000333756
7392	0.570263	0.500338	0.000333845
7393	0.474342	0.500335	0.000333819
7394	0.498339	0.500334	0.000333774
7395	0.448049	0.500327	0.000333803
7396	0.528372	0.500331	0.00033378
7397	0.49686	0.500331	0.000333735
7398	0.458758	0.500325	0.000333737
7399	0.574906	0.500335	0.000333844
7400	0.472475	0.500331	0.00033382
7401	0.467989	0.500327	0.000333804
7402	0.517692	0.500329	0.000333767
7403	0.524629	0.500332	0.000333738
7404	0.505046	0.500333	0.000333693
7405	0.506482	0.500334	0.000333649
7406	0.531407	0.500338	0.000333631
7407	0.526136	0.500342	0.000333604
7408	0.51507	0.500344	0.000333565
7409	0.482935	0.500341	0.000333528
7410	0.547493	0.500348	0.000333544
7411	0.445152	0.50034	0.000333582
7412	0.481851	0.500338	0.000333546
7413	0.51948	0.50034	0.000333511
7414	0.468827	0.500336	0.000333493
7415	0.466475	0.500331	0.00033348
7416	0.485226	0.500329	0.000333441
7417	0.483224	0.500327	0.000333404
7418	0.511141	0.500329	0.000333362
7419	0.522191	0.500332	0.00033333
7420	0.476577	0.500328	0.000333301
7421	0.537828	0.500333	0.000333294
7422	0.538568	0.500339	0.000333289
7423	0.560208	0.500347	0.000333342
7424	0.455007	0.50034	0.000333353
7425	0.497594	0.50034	0.000333308
7426	0.50154	0.50034	0.000333263
7427	0.527493	0.500344	0.000333238
7428	0.493053	0.500343	0.000333195
7429	0.48844	0.500341	0.000333154
7430	0.511415	0.500343	0.000333112
7431	0.472373	0.500339	0.000333089
7432	0.456322	0.500333	0.000333097
7433	0.500132	0.500333	0.000333052
7434	0.536212	0.500338	0.000333042
7435	0.520292	0.500341	0.000333008
7436	0.501413	0.500341	0.000332963
7437	0.454149	0.500335	0.000332976
7438	0.491813	0.500333	0.000332934
7439	0.507386	0.500334	0.00033289
7440	0.496506	0.500334	0.000332846
7441	0.471562	0.50033	0.000332824
7442	0.473034	0.500326	0.000332799
7443	0.496252	0.500326	0.000332755
7444	0.538992	0.500331	0.000332751
7445	0.505296	0.500332	0.000332707
7446	0.488912	0.50033	0.000332665
7447	0.498298	0.50033	0.000332621
7448	0.514522	0.500332	0.000332582
7449	0.541151	0.500337	0.000332582
7450	0.476602	0.500334	0.000332553
7451	0.467031	0.50033	0.000332538
7452	0.481843	0.500327	0.000332503
7453	0.461958	0.500322	0.000332498
7454	0.538249	0.500327	0.000332492
7455	0.446673	0.50032	0.000332526
7456	0.517799	0.500322	0.000332489
7457	0.539246	0.500327	0.000332486
7458	0.525216	0.500331	0.000332458
7459	0.460472	0.500325	0.000332456
7460	0.49688	0.500325	0.000332412
7461	0.48679	0.500323	0.000332372
7462	0.494041	0.500322	0.000332329
7463	0.563087	0.500331	0.000332391
7464	0.44968	0.500324	0.000332416
7465	0.520429	0.500327	0.000332382
7466	0.528493	0.50033	0.000332359
7467	0.521417	0.500333	0.000332326
7468	0.484649	0.500331	0.000332288
7469	0.5085	0.500332	0.000332246
7470	0.532114	0.500336	0.000332229
7471	0.488258	0.500335	0.000332188
7472	0.46751	0.50033	0.000332173
7473	0.537306	0.500335	0.000332165
7474	0.505605	0.500336	0.000332121
7475	0.473149	0.500332	0.000332097
7476	0.502718	0.500333	0.000332053
7477	0.515944	0.500335	0.000332015
7478	0.53345	0.500339	0.000332
7479	0.444801	0.500332	0.000332038
7480	0.501336	0.500332	0.000331994
7481	0.504914	0.500333	0.00033195
7482	0.534139	0.500337	0.000331937
7483	0.469459	0.500333	0.000331918
7484	0.479699	0.50033	0.000331885
7485	0.522848	0.500333	0.000331854
7486	0.498367	0.500333	0.00033181
7487	0.489603	0.500332	0.000331769
7488	0.513245	0.500333	0.000331729
7489	0.465755	0.500329	0.000331717
7490	0.519589	0.500331	0.000331683
7491	0.457332	0.500325	0.000331688
7492	0.48989	0.500324	0.000331647
7493	0.463154	0.500319	0.000331639
7494	0.48131	0.500317	0.000331605
7495	0.506828	0.500317	0.000331562
7496	0.567313	0.500326	0.000331638
7497	0.495456	0.500326	0.000331594
7498	0.525463	0.500329	0.000331567
7499	0.540265	0.500334	0.000331566
7500	0.488542	0.500333	0.000331525
7501	0.466993	0.500328	0.000331511
7502	0.466284	0.500324	0.000331498
7503	0.471542	0.50032	0.000331476
7504	0.450192	0.500313	0.000331499
7505	0.51905	0.500316	0.000331464
7506	0.444025	0.500308	0.000331505
7507	0.572209	0.500318	0.000331599
7508	0.527756	0.500322	0.000331575
7509	0.497282	0.500321	0.000331531
7510	0.482902	0.500319	0.000331495
7511	0.49397	0.500318	0.000331452
7512	0.47231	0.500314	0.000331429
7513	0.507892	0.500315	0.000331386
7514	0.517652	0.500318	0.00033135
7515	0.552131	0.500324	0.000331378
7516	0.533	0.500329	0.000331362
7517	0.526944	0.500332	0.000331337
7518	0.543055	0.500338	0.000331342
7519	0.494371	0.500337	0.000331298
7520	0.509709	0.500339	0.000331257
7521	0.477185	0.500335	0.000331227
7522	0.520826	0.500338	0.000331194
7523	0.499208	0.500338	0.00033115
7524	0.490251	0.500337	0.000331109
7525	0.496754	0.500336	0.000331065
7526	0.538218	0.500341	0.000331059
7527	0.498542	0.500341	0.000331016
7528	0.506494	0.500342	0.000330973
7529	0.484145	0.50034	0.000330936
7530	0.472745	0.500336	0.000330912
7531	0.478639	0.500333	0.000330881
7532	0.463765	0.500328	0.000330872
7533	0.573814	0.500338	0.000330972
7534	0.477371	0.500335	0.000330942
7535	0.533945	0.500339	0.000330928
7536	0.527921	0.500343	0.000330905
7537	0.526784	0.500347	0.000330879
7538	0.53056	0.500351	0.00033086
7539	0.498088	0.50035	0.000330816
7540	0.49447	0.50035	0.000330773
7541	0.520647	0.500352	0.00033074
7542	0.45555	0.500346	0.00033075
7543	0.526461	0.50035	0.000330724
7544	0.474097	0.500346	0.000330698
7545	0.523317	0.500349	0.000330669
7546	0.483236	0.500347	0.000330633
7547	0.524747	0.50035	0.000330605
7548	0.478987	0.500347	0.000330573
7549	0.514921	0.500349	0.000330535
7550	0.543023	0.500355	0.000330539
7551	0.527767	0.500359	0.000330515
7552	0.504315	0.500359	0.000330472
7553	0.512199	0.500361	0.000330432
7554	0.496041	0.50036	0.000330389
7555	0.473029	0.500357	0.000330365
7556	0.54927	0.500363	0.000330385
7557	0.489791	0.500362	0.000330344
7558	0.485086	0.50036	0.000330306
7559	0.463342	0.500355	0.000330299
7560	0.522006	0.500358	0.000330268
7561	0.502781	0.500358	0.000330224
7562	0.495659	0.500357	0.000330181
7563	0.482883	0.500355	0.000330145
7564	0.502875	0.500355	0.000330102
7565	0.514877	0.500357	0.000330064
7566	0.502493	0.500357	0.00033002
7567	0.521089	0.50036	0.000329988
7568	0.530327	0.500364	0.000329968
7569	0.496599	0.500364	0.000329925
7570	0.505924	0.500364	0.000329882
7571	0.538733	0.500369	0.000329878
7572	0.503857	0.50037	0.000329834
7573	0.467855	0.500366	0.000329819
7574	0.522501	0.500369	0.000329788
7575	0.450592	0.500362	0.00032981
7576	0.51836	0.500364	0.000329775
7577	0.499277	0.500364	0.000329732
7578	0.544187	0.50037	0.000329739
7579	0.429044	0.500361	0.00032983
7580	0.504285	0.500361	0.000329787
7581	0.426684	0.500351	0.000329886
7582	0.480549	0.500349	0.000329853
7583	0.532997	0.500353	0.000329838
7584	0.467946	0.500349	0.000329822
7585	0.473066	0.500345	0.000329798
7586	0.518298	0.500348	0.000329763
7587	0.466513	0.500343	0.00032975
7588	0.526386	0.500347	0.000329724
7589	0.472446	0.500343	0.000329701
7590	0.492555	0.500342	0.000329659
7591	0.441505	0.500334	0.000329707
7592	0.491142	0.500333	0.000329666
7593	0.490002	0.500332	0.000329625
7594	0.484223	0.500329	0.000329589
7595	0.468882	0.500325	0.000329571
7596	0.475315	0.500322	0.000329544
7597	0.532826	0.500326	0.000329529
7598	0.50784	0.500327	0.000329487
7599	0.472512	0.500324	0.000329464
7600	0.468299	0.500319	0.000329447
7601	0.52569	0.500323	0.000329421
7602	0.494279	0.500322	0.000329378
7603	0.480385	0.500319	0.000329346
7604	0.442549	0.500312	0.00032939
7605	0.4862	0.50031	0.000329352
7606	0.492682	0.500309	0.00032931
7607	0.467352	0.500305	0.000329295
7608	0.506772	0.500305	0.000329253
7609	0.52371	0.500308	0.000329224
7610	0.495996	0.500308	0.000329181
7611	0.483804	0.500306	0.000329145
7612	0.519902	0.500308	0.000329112
7613	0.496365	0.500308	0.000329069
7614	0.514486	0.50031	0.000329031
7615	0.50468	0.50031	0.000328989
7616	0.500248	0.50031	0.000328945
7617	0.460659	0.500305	0.000328943
7618	0.491605	0.500304	0.000328902
7619	0.493168	0.500303	0.00032886
7620	0.484173	0.500301	0.000328824
7621	0.517878	0.500303	0.000328789
7622	0.486588	0.500301	0.000328751
7623	0.503476	0.500302	0.000328708
7624	0.498703	0.500302	0.000328665
7625	0.4518	0.500295	0.000328683
7626	0.508152	0.500296	0.000328642
7627	0.517062	0.500298	0.000328606
7628	0.492412	0.500297	0.000328565
7629	0.492032	0.500296	0.000328523
7630	0.503676	0.500297	0.000328481
7631	0.516669	0.500299	0.000328445
7632	0.528984	0.500303	0.000328423
7633	0.537356	0.500307	0.000328416
7634	0.508231	0.500308	0.000328375
7635	0.482572	0.500306	0.00032834
7636	0.467813	0.500302	0.000328324
7637	0.463455	0.500297	0.000328317
7638	0.467843	0.500293	0.000328301
7639	0.465391	0.500288	0.00032829
7640	0.526014	0.500292	0.000328264
7641	0.479411	0.500289	0.000328233
7642	0.491351	0.500288	0.000328192
7643	0.429848	0.500279	0.000328278
7644	0.506234	0.500279	0.000328236
7645	0.557325	0.500287	0.000328278
7646	0.555258	0.500294	0.000328314
7647	0.453856	0.500288	0.000328327
7648	0.504622	0.500288	0.000328285
7649	0.519452	0.500291	0.000328251
7650	0.47592	0.500288	0.000328224
7651	0.537295	0.500293	0.000328217
7652	0.523342	0.500296	0.000328188
7653	0.547222	0.500302	0.000328202
7654	0.493472	0.500301	0.00032816
7655	0.514866	0.500303	0.000328123
7656	0.542002	0.500308	0.000328125
7657	0.496519	0.500308	0.000328083
7658	0.481859	0.500305	0.000328049
7659	0.507389	0.500306	0.000328007
7660	0.482377	0.500304	0.000327973
7661	0.503597	0.500304	0.00032793
7662	0.489336	0.500303	0.000327891
7663	0.51593	0.500305	0.000327854
7664	0.490792	0.500304	0.000327814
7665	0.495999	0.500303	0.000327771
7666	0.533837	0.500307	0.000327758
7667	0.533116	0.500312	0.000327743
7668	0.522551	0.500315	0.000327713
7669	0.462871	0.50031	0.000327707
7670	0.457556	0.500304	0.000327712
7671	0.486027	0.500302	0.000327674
7672	0.492779	0.500301	0.000327633
7673	0.509027	0.500303	0.000327592
7674	0.535139	0.500307	0.000327581
7675	0.545038	0.500313	0.00032759
7676	0.54806	0.500319	0.000327606
7677	0.477154	0.500316	0.000327578
7678	0.519862	0.500319	0.000327545
7679	0.462978	0.500314	0.000327538
7680	0.453233	0.500308	0.000327553
7681	0.512524	0.500309	0.000327514
7682	0.542146	0.500315	0.000327517
7683	0.508986	0.500316	0.000327476
7684	0.487736	0.500314	0.000327438
7685	0.504594	0.500315	0.000327396
7686	0.454816	0.500309	0.000327406
7687	0.541449	0.500314	0.000327408
7688	0.505862	0.500315	0.000327366
7689	0.479859	0.500312	0.000327334
7690	0.539452	0.500317	0.000327331
7691	0.514371	0.500319	0.000327294
7692	0.455308	0.500313	0.000327303
7693	0.490348	0.500312	0.000327263
7694	0.488229	0.50031	0.000327225
7695	0.501582	0.500311	0.000327182
7696	0.52839	0.500314	0.00032716
7697	0.512125	0.500316	0.000327121
7698	0.4756	0.500313	0.000327094
7699	0.463128	0.500308	0.000327087
7700	0.470298	0.500304	0.000327068
7701	0.518177	0.500306	0.000327034
7702	0.464215	0.500301	0.000327025
7703	0.468246	0.500297	0.000327009
7704	0.478769	0.500295	0.000326979
7705	0.520057	0.500297	0.000326946
7706	0.479443	0.500294	0.000326915
7707	0.459278	0.500289	0.000326916
7708	0.519544	0.500292	0.000326883
7709	0.512669	0.500293	0.000326845
7710	0.526866	0.500297	0.00032682
7711	0.530914	0.500301	0.000326802
7712	0.522003	0.500303	0.000326772
7713	0.48656	0.500302	0.000326734
7714	0.487135	0.5003	0.000326696
7715	0.529123	0.500304	0.000326675
7716	0.489334	0.500302	0.000326636
7717	0.552089	0.500309	0.000326663
7718	0.492549	0.500308	0.000326622
7719	0.534169	0.500312	0.000326609
7720	0.487612	0.500311	0.000326571
7721	0.519871	0.500313	0.000326539
7722	0.45974	0.500308	0.000326538
7723	0.542058	0.500313	0.000326541
7724	0.508184	0.500314	0.0003265
7725	0.481843	0.500312	0.000326467
7726	0.482833	0.50031	0.000326432
7727	0.538827	0.500315	0.000326428
7728	0.517706	0.500317	0.000326394
7729	0.477344	0.500314	0.000326365
7730	0.491468	0.500313	0.000326325
7731	0.482012	0.50031	0.000326291
7732	0.510228	0.500312	0.000326251
7733	0.528581	0.500315	0.00032623
7734	0.528039	0.500319	0.000326207
7735	0.513697	0.500321	0.00032617
7736	0.515694	0.500323	0.000326134
7737	0.479856	0.50032	0.000326102
7738	0.478544	0.500317	0.000326072
7739	0.499512	0.500317	0.00032603
7740	0.529233	0.500321	0.000326009
7741	0.494918	0.50032	0.000325968
7742	0.541412	0.500325	0.000325969
7743	0.467951	0.500321	0.000325954
7744	0.485616	0.500319	0.000325917
7745	0.506843	0.50032	0.000325876
7746	0.528686	0.500324	0.000325855
7747	0.49438	0.500323	0.000325814
7748	0.48325	0.500321	0.000325779
7749	0.504778	0.500321	0.000325737
7750	0.503926	0.500322	0.000325696
7751	0.514133	0.500324	0.000325659
7752	0.472096	0.50032	0.000325637
7753	0.421961	0.50031	0.000325752
7754	0.491226	0.500309	0.000325712
7755	0.489039	0.500307	0.000325673
7756	0.519874	0.50031	0.000325641
7757	0.539368	0.500315	0.000325638
7758	0.489702	0.500314	0.000325599
7759	0.511784	0.500315	0.00032556
7760	0.500928	0.500315	0.000325518
7761	0.459368	0.50031	0.000325519
7762	0.49784	0.50031	0.000325477
7763	0.51246	0.500311	0.000325439
7764	0.532145	0.500315	0.000325423
7765	0.473771	0.500312	0.000325399
7766	0.492065	0.500311	0.000325359
7767	0.461696	0.500306	0.000325355
7768	0.490277	0.500304	0.000325316
7769	0.530631	0.500308	0.000325297
7770	0.483918	0.500306	0.000325262
7771	0.474726	0.500303	0.000325237
7772	0.495063	0.500302	0.000325196
7773	0.484176	0.5003	0.000325161
7774	0.470213	0.500296	0.000325142
7775	0.510789	0.500298	0.000325103
7776	0.512513	0.500299	0.000325065
7777	0.502265	0.5003	0.000325023
7778	0.460544	0.500294	0.000325021
7779	0.472221	0.500291	0.000325
7780	0.482731	0.500289	0.000324966
7781	0.475714	0.500285	0.000324939
7782	0.52652	0.500289	0.000324915
7783	0.537616	0.500294	0.000324909
7784	0.446664	0.500287	0.00032494
7785	0.503889	0.500287	0.000324899
7786	0.527111	0.500291	0.000324875
7787	0.533445	0.500295	0.000324861
7788	0.556126	0.500302	0.000324899
7789	0.510937	0.500303	0.00032486
7790	0.50446	0.500304	0.000324819
7791	0.458487	0.500299	0.000324821
7792	0.501504	0.500299	0.00032478
7793	0.507013	0.5003	0.000324739
7794	0.494561	0.500299	0.000324698
7795	0.495459	0.500298	0.000324657
7796	0.501491	0.500298	0.000324616
7797	0.458912	0.500293	0.000324617
7798	0.507156	0.500294	0.000324577
7799	0.474226	0.500291	0.000324552
7800	0.459249	0.500285	0.000324554
7801	0.504443	0.500286	0.000324512
7802	0.479242	0.500283	0.000324482
7803	0.550946	0.50029	0.000324505
7804	0.539351	0.500295	0.000324502
7805	0.494945	0.500294	0.000324461
7806	0.556555	0.500301	0.0003245
7807	0.507547	0.500302	0.00032446
7808	0.559896	0.50031	0.000324508
7809	0.500317	0.50031	0.000324466
7810	0.507402	0.500311	0.000324426
7811	0.4959	0.50031	0.000324385
7812	0.514163	0.500312	0.000324348
7813	0.520924	0.500314	0.000324318
7814	0.493231	0.500314	0.000324277
7815	0.451058	0.500307	0.000324297
7816	0.476178	0.500304	0.00032427
7817	0.500768	0.500304	0.000324229
7818	0.470295	0.5003	0.00032421
7819	0.457948	0.500295	0.000324214
7820	0.484578	0.500293	0.000324179
7821	0.526293	0.500296	0.000324154
7822	0.496803	0.500296	0.000324113
7823	0.495886	0.500295	0.000324072
7824	0.449139	0.500289	0.000324097
7825	0.5252	0.500292	0.000324071
7826	0.41992	0.500282	0.000324192
7827	0.505285	0.500282	0.000324151
7828	0.49434	0.500282	0.000324111
7829	0.499647	0.500281	0.000324069
7830	0.516994	0.500284	0.000324035
7831	0.550935	0.50029	0.000324058
7832	0.494349	0.500289	0.000324018
7833	0.448207	0.500283	0.000324045
7834	0.575388	0.500292	0.000324145
7835	0.486239	0.50029	0.000324109
7836	0.5138	0.500292	0.000324072
7837	0.530959	0.500296	0.000324054
7838	0.505295	0.500297	0.000324013
7839	0.472758	0.500293	0.000323991
7840	0.478729	0.50029	0.000323961
7841	0.502098	0.500291	0.00032392
7842	0.479901	0.500288	0.000323889
7843	0.559466	0.500296	0.000323936
7844	0.542061	0.500301	0.000323938
7845	0.474418	0.500298	0.000323914
7846	0.517276	0.5003	0.00032388
7847	0.496066	0.500299	0.000323839
7848	0.478007	0.500296	0.00032381
7849	0.530062	0.5003	0.000323791
7850	0.528373	0.500304	0.00032377
7851	0.504762	0.500304	0.000323729
7852	0.499749	0.500304	0.000323688
7853	0.471907	0.500301	0.000323667
7854	0.485501	0.500299	0.000323631
7855	0.484849	0.500297	0.000323596
7856	0.454802	0.500291	0.000323606
7857	0.509952	0.500292	0.000323568
7858	0.455659	0.500287	0.000323576
7859	0.454503	0.500281	0.000323587
7860	0.492404	0.50028	0.000323548
7861	0.507099	0.500281	0.000323508
7862	0.483085	0.500278	0.000323474
7863	0.464137	0.500274	0.000323466
7864	0.48733	0.500272	0.000323429
7865	0.49869	0.500272	0.000323388
7866	0.505425	0.500273	0.000323347
7867	0.415714	0.500262	0.000323485
7868	0.494498	0.500261	0.000323444
7869	0.530177	0.500265	0.000323426
7870	0.457865	0.50026	0.000323429
7871	0.512372	0.500261	0.000323392
7872	0.488732	0.50026	0.000323354
7873	0.487306	0.500258	0.000323317
7874	0.489629	0.500257	0.000323279
7875	0.452755	0.500251	0.000323294
7876	0.52408	0.500254	0.000323267
7877	0.533181	0.500258	0.000323253
7878	0.457199	0.500252	0.000323259
7879	0.464411	0.500248	0.00032325
7880	0.497032	0.500247	0.000323209
7881	0.506593	0.500248	0.000323169
7882	0.488638	0.500247	0.000323131
7883	0.520639	0.500249	0.0003231
7884	0.548045	0.500255	0.000323116
7885	0.47598	0.500252	0.00032309
7886	0.503395	0.500253	0.000323049
7887	0.485158	0.500251	0.000323014
7888	0.545719	0.500257	0.000323025
7889	0.443396	0.500249	0.000323064
7890	0.501962	0.50025	0.000323023
7891	0.518973	0.500252	0.000322991
7892	0.468027	0.500248	0.000322976
7893	0.492869	0.500247	0.000322936
7894	0.549758	0.500253	0.000322956
7895	0.493813	0.500252	0.000322916
7896	0.504951	0.500253	0.000322876
7897	0.487515	0.500251	0.000322839
7898	0.449619	0.500245	0.000322862
7899	0.50652	0.500246	0.000322822
7900	0.496917	0.500245	0.000322781
7901	0.52979	0.500249	0.000322762
7902	0.567265	0.500258	0.000322833
7903	0.448753	0.500251	0.000322858
7904	0.443388	0.500244	0.000322897
7905	0.499246	0.500244	0.000322856
7906	0.49412	0.500243	0.000322816
7907	0.476395	0.50024	0.000322789
7908	0.426006	0.500231	0.000322885
7909	0.462179	0.500226	0.00032288
7910	0.511863	0.500227	0.000322843
7911	0.493032	0.500226	0.000322803
7912	0.500645	0.500226	0.000322762
7913	0.497534	0.500226	0.000322722
7914	0.523081	0.500229	0.000322694
7915	0.521875	0.500232	0.000322665
7916	0.502755	0.500232	0.000322624
7917	0.503439	0.500232	0.000322584
7918	0.502399	0.500233	0.000322543
7919	0.530511	0.500236	0.000322525
7920	0.480377	0.500234	0.000322494
7921	0.478762	0.500231	0.000322465
7922	0.492465	0.50023	0.000322425
7923	0.472842	0.500227	0.000322403
7924	0.50919	0.500228	0.000322365
7925	0.514035	0.50023	0.000322329
7926	0.499164	0.50023	0.000322288
7927	0.492609	0.500229	0.000322249
7928	0.483983	0.500227	0.000322215
7929	0.516156	0.500229	0.00032218
7930	0.490436	0.500227	0.000322142
7931	0.492848	0.500226	0.000322103
7932	0.530915	0.50023	0.000322085
7933	0.551214	0.500237	0.000322109
7934	0.533071	0.500241	0.000322095
7935	0.565684	0.500249	0.00032216
7936	0.504937	0.50025	0.00032212
7937	0.519824	0.500252	0.000322089
7938	0.511856	0.500254	0.000322051
7939	0.496807	0.500253	0.000322011
7940	0.526762	0.500256	0.000321988
7941	0.499356	0.500256	0.000321947
7942	0.525456	0.50026	0.000321922
7943	0.539033	0.500264	0.000321919
7944	0.513744	0.500266	0.000321883
7945	0.557411	0.500273	0.000321923
7946	0.53339	0.500277	0.000321909
7947	0.489306	0.500276	0.000321872
7948	0.489055	0.500275	0.000321834
7949	0.490943	0.500274	0.000321796
7950	0.478498	0.500271	0.000321767
7951	0.543522	0.500276	0.000321772
7952	0.443521	0.500269	0.000321811
7953	0.505384	0.50027	0.000321771
7954	0.499246	0.50027	0.000321731
7955	0.513552	0.500271	0.000321695
7956	0.534506	0.500276	0.000321683
7957	0.498155	0.500275	0.000321643
7958	0.496274	0.500275	0.000321603
7959	0.490837	0.500274	0.000321565
7960	0.486205	0.500272	0.000321529
7961	0.470942	0.500268	0.00032151
7962	0.487537	0.500267	0.000321473
7963	0.46093	0.500262	0.000321471
7964	0.435734	0.500254	0.000321533
7965	0.525096	0.500257	0.000321507
7966	0.516431	0.500259	0.000321473
7967	0.543362	0.500264	0.000321479
7968	0.539381	0.500269	0.000321476
7969	0.524552	0.500272	0.00032145
7970	0.507268	0.500273	0.000321411
7971	0.461201	0.500268	0.000321408
7972	0.463404	0.500263	0.000321401
7973	0.490633	0.500262	0.000321363
7974	0.522485	0.500265	0.000321334
7975	0.474685	0.500262	0.00032131
7976	0.463739	0.500257	0.000321303
7977	0.503104	0.500258	0.000321262
7978	0.50595	0.500258	0.000321223
7979	0.50331	0.500259	0.000321183
7980	0.519003	0.500261	0.000321151
7981	0.471875	0.500257	0.000321131
7982	0.506751	0.500258	0.000321092
7983	0.510723	0.50026	0.000321054
7984	0.471158	0.500256	0.000321035
7985	0.463699	0.500251	0.000321027
7986	0.487835	0.50025	0.000320991
7987	0.526833	0.500253	0.000320968
7988	0.458226	0.500248	0.000320971
7989	0.498267	0.500248	0.00032093
7990	0.533884	0.500252	0.000320918
7991	0.541475	0.500257	0.000320919
7992	0.503407	0.500257	0.000320879
7993	0.498055	0.500257	0.000320839
7994	0.49278	0.500256	0.0003208
7995	0.484038	0.500254	0.000320767
7996	0.545	0.50026	0.000320775
7997	0.47631	0.500257	0.000320749
7998	0.555062	0.500264	0.000320782
7999	0.443401	0.500256	0.000320821
8000	0.481481	0.500254	0.00032079
8001	0.457544	0.500249	0.000320794
8002	0.535732	0.500253	0.000320784
8003	0.562577	0.500261	0.000320839
8004	0.546125	0.500267	0.00032085
8005	0.544911	0.500272	0.000320858
8006	0.512783	0.500274	0.000320822
8007	0.502424	0.500274	0.000320782
8008	0.525551	0.500277	0.000320758
8009	0.528849	0.500281	0.000320737
8010	0.526843	0.500284	0.000320714
8011	0.498803	0.500284	0.000320674
8012	0.466544	0.50028	0.000320662
8013	0.481351	0.500277	0.000320631
8014	0.516287	0.500279	0.000320597
8015	0.47756	0.500277	0.000320569
8016	0.495554	0.500276	0.00032053
8017	0.530249	0.50028	0.000320512
8018	0.482207	0.500277	0.00032048
8019	0.491707	0.500276	0.000320442
8020	0.475233	0.500273	0.000320417
8021	0.497884	0.500273	0.000320377
8022	0.49761	0.500273	0.000320337
8023	0.495168	0.500272	0.000320298
8024	0.482389	0.50027	0.000320266
8025	0.47853	0.500267	0.000320237
8026	0.495221	0.500266	0.000320198
8027	0.467485	0.500262	0.000320184
8028	0.481726	0.50026	0.000320153
8029	0.47896	0.500257	0.000320124
8030	0.538257	0.500262	0.000320119
8031	0.50383	0.500263	0.000320079
8032	0.479756	0.50026	0.00032005
8033	0.506517	0.500261	0.000320011
8034	0.468571	0.500257	0.000319995
8035	0.45473	0.500251	0.000320006
8036	0.543252	0.500257	0.000320011
8037	0.479069	0.500254	0.000319982
8038	0.476502	0.500251	0.000319955
8039	0.479853	0.500248	0.000319926
8040	0.516608	0.50025	0.000319892
8041	0.521231	0.500253	0.000319863
8042	0.446848	0.500246	0.000319892
8043	0.530246	0.50025	0.000319874
8044	0.432507	0.500242	0.000319945
8045	0.501212	0.500242	0.000319906
8046	0.45531	0.500236	0.000319915
8047	0.513396	0.500238	0.000319879
8048	0.500233	0.500238	0.000319839
8049	0.462678	0.500233	0.000319834
8050	0.479785	0.500231	0.000319804
8051	0.505487	0.500231	0.000319765
8052	0.506047	0.500232	0.000319726
8053	0.476001	0.500229	0.000319701
8054	0.550893	0.500235	0.000319723
8055	0.455227	0.50023	0.000319732
8056	0.50996	0.500231	0.000319694
8057	0.493257	0.50023	0.000319656
8058	0.496113	0.50023	0.000319617
8059	0.533626	0.500234	0.000319604
8060	0.493307	0.500233	0.000319565
8061	0.541378	0.500238	0.000319566
8062	0.54188	0.500243	0.000319569
8063	0.494095	0.500242	0.00031953
8064	0.481489	0.50024	0.000319499
8065	0.467792	0.500236	0.000319484
8066	0.528057	0.500239	0.000319463
8067	0.507242	0.50024	0.000319425
8068	0.516244	0.500242	0.000319392
8069	0.472964	0.500239	0.00031937
8070	0.549118	0.500245	0.000319388
8071	0.504739	0.500246	0.000319349
8072	0.52185	0.500248	0.00031932
8073	0.494191	0.500247	0.000319282
8074	0.466443	0.500243	0.00031927
8075	0.456638	0.500238	0.000319276
8076	0.519605	0.50024	0.000319245
8077	0.555029	0.500247	0.000319278
8078	0.486095	0.500245	0.000319243
8079	0.496509	0.500245	0.000319204
8080	0.514982	0.500247	0.000319169
8081	0.504734	0.500247	0.00031913
8082	0.466437	0.500243	0.000319118
8083	0.538778	0.500248	0.000319115
8084	0.591821	0.500259	0.000319276
8085	0.502088	0.500259	0.000319237
8086	0.479995	0.500257	0.000319207
8087	0.482627	0.500255	0.000319175
8088	0.497938	0.500254	0.000319136
8089	0.547979	0.50026	0.000319151
8090	0.493907	0.50026	0.000319112
8091	0.486857	0.500258	0.000319077
8092	0.546526	0.500264	0.000319089
8093	0.541124	0.500269	0.000319089
8094	0.493367	0.500268	0.000319051
8095	0.490058	0.500267	0.000319014
8096	0.497718	0.500266	0.000318975
8097	0.471295	0.500263	0.000318956
8098	0.552409	0.500269	0.000318981
8099	0.490488	0.500268	0.000318944
8100	0.4947	0.500267	0.000318905
8101	0.514434	0.500269	0.000318871
8102	0.456428	0.500264	0.000318877
8103	0.510017	0.500265	0.00031884
8104	0.448725	0.500258	0.000318864
8105	0.504025	0.500259	0.000318825
8106	0.460802	0.500254	0.000318823
8107	0.54652	0.50026	0.000318835
8108	0.537438	0.500264	0.000318829
8109	0.513103	0.500266	0.000318793
8110	0.469988	0.500262	0.000318776
8111	0.479094	0.500259	0.000318747
8112	0.520845	0.500262	0.000318718
8113	0.541269	0.500267	0.000318719
8114	0.531483	0.500271	0.000318703
8115	0.480474	0.500268	0.000318673
8116	0.489343	0.500267	0.000318636
8117	0.531097	0.500271	0.00031862
8118	0.478998	0.500268	0.000318591
8119	0.481012	0.500266	0.000318561
8120	0.488153	0.500264	0.000318525
8121	0.44829	0.500258	0.00031855
8122	0.47925	0.500255	0.000318521
8123	0.468614	0.500252	0.000318506
8124	0.422547	0.500242	0.00031861
8125	0.479986	0.50024	0.000318581
8126	0.436725	0.500232	0.000318638
8127	0.428996	0.500223	0.000318719
8128	0.478245	0.50022	0.000318691
8129	0.505553	0.500221	0.000318653
8130	0.480792	0.500218	0.000318622
8131	0.520634	0.500221	0.000318593
8132	0.501348	0.500221	0.000318554
8133	0.484292	0.500219	0.000318521
8134	0.459554	0.500214	0.000318521
8135	0.478788	0.500212	0.000318493
8136	0.492193	0.500211	0.000318455
8137	0.48438	0.500209	0.000318422
8138	0.494795	0.500208	0.000318383
8139	0.512974	0.50021	0.000318348
8140	0.497488	0.500209	0.000318309
8141	0.467461	0.500205	0.000318296
8142	0.54241	0.50021	0.000318299
8143	0.502262	0.500211	0.00031826
8144	0.455127	0.500205	0.000318269
8145	0.503237	0.500205	0.00031823
8146	0.492685	0.500205	0.000318192
8147	0.482762	0.500202	0.00031816
8148	0.496038	0.500202	0.000318122
8149	0.538455	0.500207	0.000318117
8150	0.494809	0.500206	0.000318079
8151	0.451688	0.5002	0.000318096
8152	0.507443	0.500201	0.000318058
8153	0.524642	0.500204	0.000318033
8154	0.509988	0.500205	0.000317996
8155	0.522375	0.500208	0.000317969
8156	0.541921	0.500213	0.000317971
8157	0.488982	0.500211	0.000317935
8158	0.467536	0.500207	0.000317921
8159	0.514604	0.500209	0.000317887
8160	0.486627	0.500208	0.000317853
8161	0.452699	0.500202	0.000317867
8162	0.538319	0.500206	0.000317862
8163	0.464636	0.500202	0.000317853
8164	0.557056	0.500209	0.000317891
8165	0.491332	0.500208	0.000317853
8166	0.539936	0.500213	0.000317852
8167	0.559317	0.50022	0.000317895
8168	0.48972	0.500219	0.000317859
8169	0.491258	0.500218	0.000317822
8170	0.497991	0.500217	0.000317783
8171	0.518624	0.50022	0.000317752
8172	0.508123	0.500221	0.000317715
8173	0.516859	0.500223	0.000317682
8174	0.457851	0.500217	0.000317686
8175	0.501039	0.500218	0.000317647
8176	0.516394	0.50022	0.000317614
8177	0.512698	0.500221	0.000317579
8178	0.531256	0.500225	0.000317563
8179	0.466118	0.500221	0.000317552
8180	0.514962	0.500223	0.000317518
8181	0.475072	0.500219	0.000317494
8182	0.472158	0.500216	0.000317474
8183	0.498632	0.500216	0.000317435
8184	0.492656	0.500215	0.000317397
8185	0.497337	0.500215	0.000317359
8186	0.496163	0.500214	0.00031732
8187	0.548658	0.50022	0.000317337
8188	0.509584	0.500221	0.0003173
8189	0.473357	0.500218	0.000317278
8190	0.497952	0.500218	0.00031724
8191	0.531989	0.500221	0.000317225
8192	0.515186	0.500223	0.000317191
8193	0.503468	0.500224	0.000317153
8194	0.491051	0.500223	0.000317116
8195	0.525242	0.500226	0.000317092
8196	0.495823	0.500225	0.000317054
8197	0.527325	0.500228	0.000317032
8198	0.514341	0.50023	0.000316998
8199	0.500038	0.50023	0.00031696
8200	0.446287	0.500223	0.000316989
8201	0.528013	0.500227	0.000316969
8202	0.499657	0.500227	0.00031693
8203	0.480634	0.500224	0.000316901
8204	0.489597	0.500223	0.000316865
8205	0.491783	0.500222	0.000316828
8206	0.454876	0.500217	0.000316837
8207	0.529368	0.50022	0.000316819
8208	0.519468	0.500222	0.000316789
8209	0.467812	0.500218	0.000316775
8210	0.496854	0.500218	0.000316736
8211	0.464311	0.500214	0.000316728
8212	0.529809	0.500217	0.00031671
8213	0.502332	0.500218	0.000316671
8214	0.548594	0.500223	0.000316688
8215	0.503483	0.500224	0.000316649
8216	0.52565	0.500227	0.000316626
8217	0.491532	0.500226	0.000316589
8218	0.465014	0.500222	0.00031658
8219	0.500024	0.500222	0.000316541
8220	0.439856	0.500214	0.000316588
8221	0.447586	0.500208	0.000316614
8222	0.521698	0.50021	0.000316586
8223	0.51268	0.500212	0.000316551
8224	0.55	0.500218	0.000316571
8225	0.542198	0.500223	0.000316573
8226	0.530996	0.500227	0.000316557
8227	0.49599	0.500226	0.000316519
8228	0.459784	0.500221	0.000316519
8229	0.502022	0.500222	0.00031648
8230	0.459855	0.500217	0.00031648
8231	0.554549	0.500223	0.00031651
8232	0.49938	0.500223	0.000316472
8233	0.450353	0.500217	0.000316491
8234	0.543756	0.500222	0.000316497
8235	0.465709	0.500218	0.000316486
8236	0.489047	0.500217	0.000316451
8237	0.479447	0.500214	0.000316422
8238	0.521121	0.500217	0.000316394
8239	0.475108	0.500214	0.00031637
8240	0.480434	0.500212	0.000316341
8241	0.577847	0.500221	0.000316443
8242	0.472586	0.500218	0.000316422
8243	0.4594	0.500213	0.000316423
8244	0.469905	0.500209	0.000316406
8245	0.507101	0.50021	0.000316368
8246	0.499491	0.50021	0.00031633
8247	0.470548	0.500206	0.000316312
8248	0.498294	0.500206	0.000316274
8249	0.512237	0.500207	0.000316239
8250	0.525978	0.50021	0.000316216
8251	0.506072	0.500211	0.000316179
8252	0.541443	0.500216	0.00031618
8253	0.500373	0.500216	0.000316141
8254	0.489072	0.500215	0.000316106
8255	0.449616	0.500209	0.000316127
8256	0.475908	0.500206	0.000316102
8257	0.491832	0.500205	0.000316066
8258	0.471107	0.500201	0.000316047
8259	0.476211	0.500198	0.000316022
8260	0.52421	0.500201	0.000315997
8261	0.508151	0.500202	0.000315961
8262	0.488887	0.500201	0.000315925
8263	0.456615	0.500196	0.000315931
8264	0.453997	0.50019	0.000315942
8265	0.521342	0.500193	0.000315914
8266	0.513947	0.500194	0.000315881
8267	0.535094	0.500198	0.000315871
8268	0.495495	0.500198	0.000315833
8269	0.488792	0.500196	0.000315798
8270	0.498295	0.500196	0.00031576
8271	0.495034	0.500196	0.000315722
8272	0.501637	0.500196	0.000315684
8273	0.48817	0.500194	0.000315649
8274	0.470006	0.500191	0.000315632
8275	0.486735	0.500189	0.000315598
8276	0.465215	0.500185	0.000315588
8277	0.51672	0.500187	0.000315557
8278	0.493044	0.500186	0.00031552
8279	0.5218	0.500189	0.000315492
8280	0.487465	0.500187	0.000315458
8281	0.509316	0.500188	0.000315422
8282	0.535689	0.500192	0.000315413
8283	0.478445	0.50019	0.000315386
8284	0.502432	0.50019	0.000315348
8285	0.509647	0.500191	0.000315312
8286	0.481944	0.500189	0.000315281
8287	0.492156	0.500188	0.000315245
8288	0.511509	0.500189	0.00031521
8289	0.498915	0.500189	0.000315172
8290	0.510288	0.50019	0.000315136
8291	0.526024	0.500194	0.000315113
8292	0.502505	0.500194	0.000315076
8293	0.496419	0.500193	0.000315038
8294	0.554168	0.5002	0.000315067
8295	0.475165	0.500197	0.000315044
8296	0.547645	0.500203	0.000315058
8297	0.486394	0.500201	0.000315024
8298	0.498589	0.500201	0.000314986
8299	0.479578	0.500198	0.000314958
8300	0.504849	0.500199	0.00031492
8301	0.505489	0.500199	0.000314883
8302	0.497178	0.500199	0.000314845
8303	0.539835	0.500204	0.000314844
8304	0.536679	0.500208	0.000314836
8305	0.475254	0.500205	0.000314813
8306	0.534113	0.500209	0.000314801
8307	0.529958	0.500213	0.000314784
8308	0.491333	0.500212	0.000314748
8309	0.464012	0.500207	0.00031474
8310	0.46527	0.500203	0.00031473
8311	0.481876	0.500201	0.0003147
8312	0.520049	0.500203	0.000314671
8313	0.482486	0.500201	0.000314641
8314	0.492979	0.5002	0.000314604
8315	0.495825	0.5002	0.000314567
8316	0.5153	0.500202	0.000314534
8317	0.507569	0.500203	0.000314498
8318	0.528755	0.500206	0.000314478
8319	0.481074	0.500204	0.000314449
8320	0.424161	0.500195	0.000314544
8321	0.508598	0.500196	0.000314508
8322	0.548387	0.500201	0.000314523
8323	0.461342	0.500197	0.00031452
8324	0.451209	0.500191	0.000314538
8325	0.480512	0.500189	0.000314509
8326	0.523753	0.500191	0.000314484
8327	0.499296	0.500191	0.000314446
8328	0.485343	0.500189	0.000314413
8329	0.498278	0.500189	0.000314375
8330	0.495736	0.500189	0.000314338
8331	0.504488	0.500189	0.000314301
8332	0.514899	0.500191	0.000314268
8333	0.496937	0.500191	0.000314231
8334	0.482623	0.500188	0.0003142
8335	0.509119	0.50019	0.000314164
8336	0.475424	0.500187	0.000314141
8337	0.511676	0.500188	0.000314106
8338	0.468356	0.500184	0.000314091
8339	0.516	0.500186	0.000314059
8340	0.534493	0.50019	0.000314049
8341	0.522276	0.500193	0.000314022
8342	0.47501	0.50019	0.000313999
8343	0.543081	0.500195	0.000314004
8344	0.517945	0.500197	0.000313973
8345	0.466318	0.500193	0.000313962
8346	0.493875	0.500192	0.000313925
8347	0.508936	0.500193	0.000313889
8348	0.491906	0.500192	0.000313853
8349	0.485528	0.500191	0.00031382
8350	0.479519	0.500188	0.000313793
8351	0.433559	0.50018	0.000313857
8352	0.484984	0.500178	0.000313824
8353	0.499632	0.500178	0.000313787
8354	0.531201	0.500182	0.000313771
8355	0.478867	0.500179	0.000313744
8356	0.504995	0.50018	0.000313707
8357	0.442095	0.500173	0.000313746
8358	0.546017	0.500178	0.000313757
8359	0.483272	0.500176	0.000313726
8360	0.514616	0.500178	0.000313693
8361	0.482116	0.500176	0.000313663
8362	0.498141	0.500176	0.000313625
8363	0.494694	0.500175	0.000313589
8364	0.500324	0.500175	0.000313551
8365	0.487263	0.500174	0.000313517
8366	0.568556	0.500182	0.000313586
8367	0.47641	0.500179	0.000313562
8368	0.488996	0.500178	0.000313527
8369	0.531116	0.500181	0.000313512
8370	0.429631	0.500173	0.000313587
8371	0.530085	0.500176	0.00031357
8372	0.536561	0.500181	0.000313563
8373	0.470292	0.500177	0.000313546
8374	0.478926	0.500175	0.000313519
8375	0.470387	0.500171	0.000313501
8376	0.453058	0.500165	0.000313514
8377	0.465236	0.500161	0.000313505
8378	0.496604	0.500161	0.000313468
8379	0.475542	0.500158	0.000313444
8380	0.508493	0.500159	0.000313408
8381	0.49914	0.500159	0.000313371
8382	0.480823	0.500157	0.000313342
8383	0.468217	0.500153	0.000313328
8384	0.513854	0.500154	0.000313295
8385	0.509375	0.500155	0.000313259
8386	0.515475	0.500157	0.000313227
8387	0.471093	0.500154	0.000313209
8388	0.531673	0.500158	0.000313194
8389	0.485811	0.500156	0.000313161
8390	0.484658	0.500154	0.00031313
8391	0.481519	0.500152	0.0003131
8392	0.550503	0.500158	0.00031312
8393	0.500386	0.500158	0.000313083
8394	0.478253	0.500155	0.000313057
8395	0.519606	0.500158	0.000313028
8396	0.467684	0.500154	0.000313014
8397	0.562325	0.500161	0.000313065
8398	0.512975	0.500163	0.000313031
8399	0.484144	0.500161	0.000313
8400	0.464777	0.500156	0.000312991
8401	0.513355	0.500158	0.000312957
8402	0.413279	0.500148	0.000313091
8403	0.500726	0.500148	0.000313054
8404	0.490038	0.500147	0.000313019
8405	0.497315	0.500146	0.000312982
8406	0.516501	0.500148	0.000312951
8407	0.456428	0.500143	0.000312957
8408	0.532307	0.500147	0.000312943
8409	0.468518	0.500143	0.000312928
8410	0.486589	0.500141	0.000312895
8411	0.45545	0.500136	0.000312903
8412	0.50069	0.500136	0.000312866
8413	0.51325	0.500138	0.000312832
8414	0.510826	0.500139	0.000312798
8415	0.49007	0.500138	0.000312763
8416	0.494409	0.500137	0.000312727
8417	0.548787	0.500143	0.000312743
8418	0.473899	0.50014	0.000312721
8419	0.531305	0.500143	0.000312706
8420	0.517186	0.500146	0.000312675
8421	0.48428	0.500144	0.000312644
8422	0.523698	0.500146	0.000312619
8423	0.543634	0.500152	0.000312625
8424	0.510548	0.500153	0.00031259
8425	0.507916	0.500154	0.000312554
8426	0.493219	0.500153	0.000312518
8427	0.518174	0.500155	0.000312489
8428	0.500425	0.500155	0.000312452
8429	0.484706	0.500153	0.00031242
8430	0.472948	0.50015	0.000312399
8431	0.508679	0.500151	0.000312364
8432	0.53141	0.500155	0.000312349
8433	0.499282	0.500155	0.000312312
8434	0.508091	0.500156	0.000312276
8435	0.52473	0.500158	0.000312253
8436	0.54306	0.500164	0.000312257
8437	0.468082	0.50016	0.000312243
8438	0.545043	0.500165	0.000312252
8439	0.506509	0.500166	0.000312216
8440	0.492616	0.500165	0.00031218
8441	0.465295	0.500161	0.00031217
8442	0.50145	0.500161	0.000312133
8443	0.485505	0.500159	0.000312101
8444	0.448512	0.500153	0.000312124
8445	0.496933	0.500153	0.000312087
8446	0.514259	0.500154	0.000312055
8447	0.505556	0.500155	0.000312019
8448	0.509049	0.500156	0.000311984
8449	0.48743	0.500155	0.00031195
8450	0.510112	0.500156	0.000311916
8451	0.488578	0.500154	0.000311882
8452	0.550613	0.50016	0.000311902
8453	0.553102	0.500167	0.000311928
8454	0.472478	0.500163	0.000311908
8455	0.519376	0.500166	0.00031188
8456	0.469809	0.500162	0.000311863
8457	0.486889	0.50016	0.00031183
8458	0.509883	0.500162	0.000311796
8459	0.533892	0.500166	0.000311784
8460	0.463879	0.500161	0.000311777
8461	0.49872	0.500161	0.00031174
8462	0.509619	0.500162	0.000311705
8463	0.475283	0.500159	0.000311682
8464	0.493798	0.500159	0.000311646
8465	0.515886	0.50016	0.000311615
8466	0.501304	0.500161	0.000311578
8467	0.482193	0.500158	0.000311549
8468	0.524399	0.500161	0.000311525
8469	0.497807	0.500161	0.000311488
8470	0.504681	0.500162	0.000311452
8471	0.503598	0.500162	0.000311416
8472	0.465923	0.500158	0.000311405
8473	0.479551	0.500156	0.000311378
8474	0.456006	0.50015	0.000311385
8475	0.484597	0.500148	0.000311353
8476	0.521355	0.500151	0.000311327
8477	0.448492	0.500145	0.00031135
8478	0.427424	0.500136	0.000311431
8479	0.457528	0.500131	0.000311435
8480	0.473928	0.500128	0.000311413
8481	0.518471	0.50013	0.000311384
8482	0.433699	0.500123	0.000311446
8483	0.52278	0.500125	0.000311421
8484	0.479168	0.500123	0.000311394
8485	0.485855	0.500121	0.000311362
8486	0.540664	0.500126	0.000311362
8487	0.503672	0.500126	0.000311325
8488	0.525851	0.500129	0.000311303
8489	0.511843	0.500131	0.00031127
8490	0.489787	0.500129	0.000311235
8491	0.489792	0.500128	0.000311201
8492	0.480261	0.500126	0.000311173
8493	0.475408	0.500123	0.00031115
8494	0.513201	0.500124	0.000311117
8495	0.463144	0.50012	0.000311111
8496	0.468102	0.500116	0.000311097
8497	0.511261	0.500118	0.000311064
8498	0.453602	0.500112	0.000311075
8499	0.471501	0.500109	0.000311057
8500	0.508459	0.50011	0.000311022
8501	0.467182	0.500106	0.000311009
8502	0.563366	0.500113	0.000311062
8503	0.463328	0.500109	0.000311055
8504	0.494173	0.500108	0.000311019
8505	0.545127	0.500114	0.000311028
8506	0.48727	0.500112	0.000310995
8507	0.468653	0.500108	0.00031098
8508	0.503004	0.500109	0.000310944
8509	0.470456	0.500105	0.000310927
8510	0.513198	0.500107	0.000310894
8511	0.460257	0.500102	0.000310893
8512	0.523966	0.500105	0.000310869
8513	0.513682	0.500107	0.000310837
8514	0.535193	0.500111	0.000310827
8515	0.519567	0.500113	0.000310799
8516	0.513197	0.500114	0.000310767
8517	0.529098	0.500118	0.000310749
8518	0.503244	0.500118	0.000310713
8519	0.491616	0.500117	0.000310678
8520	0.503751	0.500118	0.000310642
8521	0.554666	0.500124	0.000310671
8522	0.504168	0.500125	0.000310635
8523	0.51345	0.500126	0.000310602
8524	0.543672	0.500131	0.000310608
8525	0.467541	0.500127	0.000310595
8526	0.497981	0.500127	0.000310559
8527	0.490365	0.500126	0.000310524
8528	0.476745	0.500123	0.0003105
8529	0.489604	0.500122	0.000310466
8530	0.464117	0.500118	0.000310458
8531	0.494333	0.500117	0.000310423
8532	0.500282	0.500117	0.000310386
8533	0.477379	0.500115	0.000310361
8534	0.51187	0.500116	0.000310328
8535	0.469002	0.500112	0.000310313
8536	0.514322	0.500114	0.000310281
8537	0.500712	0.500114	0.000310245
8538	0.509455	0.500115	0.000310211
8539	0.445644	0.500109	0.00031024
8540	0.456626	0.500104	0.000310245
8541	0.534585	0.500108	0.000310235
8542	0.476028	0.500105	0.000310212
8543	0.474429	0.500102	0.00031019
8544	0.467838	0.500098	0.000310177
8545	0.488435	0.500097	0.000310143
8546	0.501075	0.500097	0.000310107
8547	0.44539	0.50009	0.000310137
8548	0.531185	0.500094	0.000310122
8549	0.527364	0.500097	0.000310102
8550	0.455526	0.500092	0.00031011
8551	0.453464	0.500087	0.000310121
8552	0.521093	0.500089	0.000310095
8553	0.489603	0.500088	0.000310061
8554	0.488962	0.500086	0.000310027
8555	0.481979	0.500084	0.000309998
8556	0.465096	0.50008	0.000309989
8557	0.504617	0.500081	0.000309953
8558	0.477319	0.500078	0.000309929
8559	0.498965	0.500078	0.000309892
8560	0.493409	0.500077	0.000309857
8561	0.496216	0.500077	0.000309821
8562	0.525426	0.50008	0.000309799
8563	0.490659	0.500079	0.000309765
8564	0.420542	0.500069	0.000309868
8565	0.495046	0.500069	0.000309832
8566	0.508791	0.50007	0.000309798
8567	0.486584	0.500068	0.000309766
8568	0.503335	0.500069	0.00030973
8569	0.474853	0.500066	0.000309708
8570	0.49897	0.500066	0.000309672
8571	0.480579	0.500063	0.000309644
8572	0.499773	0.500063	0.000309608
8573	0.556868	0.50007	0.000309642
8574	0.506934	0.500071	0.000309607
8575	0.492144	0.50007	0.000309573
8576	0.492981	0.500069	0.000309538
8577	0.536709	0.500073	0.000309531
8578	0.508773	0.500074	0.000309497
8579	0.462487	0.50007	0.000309492
8580	0.544748	0.500075	0.000309499
8581	0.458167	0.50007	0.000309502
8582	0.458142	0.500065	0.000309504
8583	0.449642	0.500059	0.000309524
8584	0.532974	0.500063	0.000309512
8585	0.488251	0.500062	0.000309479
8586	0.519803	0.500064	0.000309451
8587	0.517037	0.500066	0.000309421
8588	0.477404	0.500063	0.000309397
8589	0.517864	0.500066	0.000309367
8590	0.498644	0.500065	0.000309332
8591	0.469879	0.500062	0.000309315
8592	0.488034	0.50006	0.000309283
8593	0.5125	0.500062	0.00030925
8594	0.488558	0.500061	0.000309217
8595	0.503738	0.500061	0.000309181
8596	0.49055	0.50006	0.000309147
8597	0.507312	0.500061	0.000309112
8598	0.555546	0.500067	0.000309144
8599	0.529709	0.500071	0.000309127
8600	0.453188	0.500065	0.000309139
8601	0.510949	0.500066	0.000309106
8602	0.529423	0.50007	0.000309089
8603	0.490512	0.500069	0.000309055
8604	0.509384	0.50007	0.000309021
8605	0.532521	0.500074	0.000309008
8606	0.488508	0.500072	0.000308975
8607	0.521922	0.500075	0.00030895
8608	0.460593	0.50007	0.000308948
8609	0.476085	0.500067	0.000308924
8610	0.52166	0.50007	0.000308899
8611	0.513889	0.500072	0.000308867
8612	0.50364	0.500072	0.000308831
8613	0.497001	0.500072	0.000308796
8614	0.472048	0.500068	0.000308777
8615	0.475741	0.500066	0.000308754
8616	0.486998	0.500064	0.000308722
8617	0.45456	0.500059	0.000308731
8618	0.487021	0.500057	0.000308699
8619	0.479821	0.500055	0.000308672
8620	0.450351	0.500049	0.00030869
8621	0.515238	0.500051	0.00030866
8622	0.478462	0.500048	0.000308634
8623	0.527957	0.500052	0.000308615
8624	0.441823	0.500045	0.000308653
8625	0.470966	0.500041	0.000308636
8626	0.517985	0.500044	0.000308607
8627	0.545122	0.500049	0.000308615
8628	0.51725	0.500051	0.000308586
8629	0.536785	0.500055	0.00030858
8630	0.521374	0.500057	0.000308554
8631	0.524675	0.50006	0.000308531
8632	0.545865	0.500066	0.000308541
8633	0.492251	0.500065	0.000308507
8634	0.486616	0.500063	0.000308475
8635	0.489535	0.500062	0.000308442
8636	0.46678	0.500058	0.00030843
8637	0.540989	0.500063	0.000308431
8638	0.539915	0.500067	0.000308429
8639	0.513695	0.500069	0.000308398
8640	0.520628	0.500071	0.000308371
8641	0.492747	0.500071	0.000308337
8642	0.494059	0.50007	0.000308302
8643	0.518419	0.500072	0.000308274
8644	0.530746	0.500076	0.000308258
8645	0.502336	0.500076	0.000308223
8646	0.463519	0.500072	0.000308216
8647	0.507518	0.500072	0.000308182
8648	0.46828	0.500069	0.000308168
8649	0.499835	0.500069	0.000308132
8650	0.500644	0.500069	0.000308097
8651	0.496069	0.500068	0.000308061
8652	0.555576	0.500075	0.000308093
8653	0.476422	0.500072	0.000308069
8654	0.557346	0.500079	0.000308105
8655	0.476966	0.500076	0.000308081
8656	0.522237	0.500079	0.000308056
8657	0.530224	0.500082	0.00030804
8658	0.476627	0.500079	0.000308016
8659	0.519654	0.500082	0.000307989
8660	0.498221	0.500081	0.000307953
8661	0.526548	0.500084	0.000307933
8662	0.46834	0.500081	0.000307919
8663	0.535445	0.500085	0.000307911
8664	0.528362	0.500088	0.000307892
8665	0.496866	0.500088	0.000307857
8666	0.503552	0.500088	0.000307822
8667	0.493781	0.500087	0.000307787
8668	0.512669	0.500089	0.000307755
8669	0.550945	0.500095	0.000307776
8670	0.521893	0.500097	0.00030775
8671	0.533815	0.500101	0.000307739
8672	0.506803	0.500102	0.000307705
8673	0.506483	0.500103	0.00030767
8674	0.50624	0.500103	0.000307636
8675	0.435689	0.500096	0.00030769
8676	0.537089	0.5001	0.000307684
8677	0.480621	0.500098	0.000307657
8678	0.509153	0.500099	0.000307623
8679	0.465894	0.500095	0.000307613
8680	0.514446	0.500097	0.000307582
8681	0.507733	0.500098	0.000307548
8682	0.515396	0.500099	0.000307517
8683	0.491061	0.500098	0.000307483
8684	0.541604	0.500103	0.000307485
8685	0.507829	0.500104	0.000307451
8686	0.514946	0.500106	0.00030742
8687	0.44459	0.500099	0.000307451
8688	0.497995	0.500099	0.000307416
8689	0.499989	0.500099	0.000307381
8690	0.520853	0.500101	0.000307355
8691	0.500467	0.500101	0.000307319
8692	0.506678	0.500102	0.000307285
8693	0.455165	0.500097	0.000307293
8694	0.486326	0.500095	0.000307262
8695	0.508652	0.500096	0.000307228
8696	0.507682	0.500097	0.000307194
8697	0.512753	0.500099	0.000307162
8698	0.505429	0.500099	0.000307127
8699	0.526426	0.500102	0.000307107
8700	0.512141	0.500104	0.000307075
8701	0.475292	0.500101	0.000307053
8702	0.471749	0.500098	0.000307035
8703	0.490046	0.500097	0.000307002
8704	0.491593	0.500096	0.000306968
8705	0.505684	0.500096	0.000306933
8706	0.469418	0.500093	0.000306918
8707	0.501103	0.500093	0.000306883
8708	0.496826	0.500092	0.000306848
8709	0.491285	0.500091	0.000306815
8710	0.530872	0.500095	0.0003068
8711	0.451959	0.500089	0.000306814
8712	0.490628	0.500088	0.000306781
8713	0.509265	0.500089	0.000306747
8714	0.5057	0.50009	0.000306713
8715	0.514617	0.500092	0.000306682
8716	0.518843	0.500094	0.000306655
8717	0.467601	0.50009	0.000306642
8718	0.484982	0.500088	0.000306612
8719	0.507428	0.500089	0.000306578
8720	0.47408	0.500086	0.000306557
8721	0.546079	0.500091	0.000306567
8722	0.465478	0.500088	0.000306558
8723	0.493984	0.500087	0.000306524
8724	0.48647	0.500085	0.000306492
8725	0.521679	0.500088	0.000306467
8726	0.508041	0.500089	0.000306434
8727	0.518592	0.500091	0.000306406
8728	0.495841	0.50009	0.000306371
8729	0.522725	0.500093	0.000306347
8730	0.454643	0.500088	0.000306356
8731	0.502686	0.500088	0.000306321
8732	0.499673	0.500088	0.000306286
8733	0.51616	0.50009	0.000306257
8734	0.518365	0.500092	0.000306229
8735	0.536571	0.500096	0.000306222
8736	0.521235	0.500098	0.000306197
8737	0.522347	0.500101	0.000306172
8738	0.440758	0.500094	0.000306212
8739	0.550856	0.5001	0.000306232
8740	0.442247	0.500093	0.000306269
8741	0.471733	0.50009	0.000306251
8742	0.480919	0.500088	0.000306224
8743	0.531967	0.500092	0.000306211
8744	0.484472	0.50009	0.000306181
8745	0.537796	0.500094	0.000306176
8746	0.490674	0.500093	0.000306143
8747	0.496098	0.500093	0.000306108
8748	0.544588	0.500098	0.000306116
8749	0.490608	0.500097	0.000306082
8750	0.510246	0.500098	0.00030605
8751	0.535993	0.500102	0.000306042
8752	0.506731	0.500103	0.000306008
8753	0.505416	0.500103	0.000305974
8754	0.478764	0.500101	0.000305949
8755	0.484922	0.500099	0.000305919
8756	0.507081	0.5001	0.000305885
8757	0.530611	0.500103	0.00030587
8758	0.514014	0.500105	0.000305839
8759	0.522227	0.500107	0.000305814
8760	0.434862	0.5001	0.00030587
8761	0.479448	0.500098	0.000305844
8762	0.475786	0.500095	0.000305822
8763	0.494817	0.500094	0.000305788
8764	0.504128	0.500095	0.000305753
8765	0.449909	0.500089	0.000305772
8766	0.487195	0.500088	0.00030574
8767	0.478988	0.500085	0.000305715
8768	0.510723	0.500086	0.000305683
8769	0.557068	0.500093	0.000305717
8770	0.548371	0.500098	0.000305731
8771	0.466934	0.500095	0.00030572
8772	0.47878	0.500092	0.000305695
8773	0.522351	0.500095	0.00030567
8774	0.496859	0.500094	0.000305636
8775	0.492339	0.500093	0.000305602
8776	0.511132	0.500095	0.00030557
8777	0.474045	0.500092	0.00030555
8778	0.499136	0.500092	0.000305515
8779	0.509407	0.500093	0.000305482
8780	0.508016	0.500094	0.000305448
8781	0.533448	0.500097	0.000305437
8782	0.477602	0.500095	0.000305413
8783	0.549718	0.5001	0.000305431
8784	0.528448	0.500104	0.000305413
8785	0.511026	0.500105	0.000305381
8786	0.477421	0.500102	0.000305357
8787	0.501288	0.500102	0.000305322
8788	0.438629	0.500095	0.000305368
8789	0.49696	0.500095	0.000305333
8790	0.487597	0.500094	0.000305302
8791	0.494187	0.500093	0.000305268
8792	0.511779	0.500094	0.000305236
8793	0.480443	0.500092	0.000305209
8794	0.490649	0.500091	0.000305176
8795	0.487118	0.50009	0.000305145
8796	0.493749	0.500089	0.000305111
8797	0.542125	0.500094	0.000305114
8798	0.525265	0.500096	0.000305093
8799	0.539311	0.500101	0.000305091
8800	0.468812	0.500097	0.000305077
8801	0.454051	0.500092	0.000305087
8802	0.486315	0.500091	0.000305056
8803	0.522114	0.500093	0.000305032
8804	0.519985	0.500095	0.000305006
8805	0.471503	0.500092	0.000304988
8806	0.44658	0.500086	0.000305014
8807	0.514662	0.500088	0.000304984
8808	0.53827	0.500092	0.00030498
8809	0.511083	0.500093	0.000304948
8810	0.4546	0.500088	0.000304957
8811	0.487987	0.500087	0.000304926
8812	0.495192	0.500086	0.000304892
8813	0.499447	0.500086	0.000304857
8814	0.542988	0.500091	0.000304861
8815	0.491949	0.50009	0.000304828
8816	0.502991	0.50009	0.000304794
8817	0.487037	0.500089	0.000304763
8818	0.501606	0.500089	0.000304728
8819	0.509377	0.50009	0.000304696
8820	0.446868	0.500084	0.000304721
8821	0.521202	0.500086	0.000304696
8822	0.549962	0.500092	0.000304714
8823	0.511765	0.500093	0.000304682
8824	0.543636	0.500098	0.000304687
8825	0.503083	0.500099	0.000304653
8826	0.493219	0.500098	0.00030462
8827	0.540926	0.500103	0.00030462
8828	0.461169	0.500098	0.000304618
8829	0.492625	0.500097	0.000304584
8830	0.536173	0.500101	0.000304577
8831	0.530969	0.500105	0.000304563
8832	0.473018	0.500102	0.000304544
8833	0.506101	0.500102	0.00030451
8834	0.519595	0.500105	0.000304483
8835	0.484964	0.500103	0.000304454
8836	0.512557	0.500104	0.000304423
8837	0.490529	0.500103	0.00030439
8838	0.473292	0.5001	0.000304371
8839	0.520689	0.500103	0.000304345
8840	0.501061	0.500103	0.000304311
8841	0.559335	0.500109	0.00030435
8842	0.480276	0.500107	0.000304324
8843	0.479822	0.500105	0.000304298
8844	0.564063	0.500112	0.00030435
8845	0.493662	0.500111	0.000304316
8846	0.436414	0.500104	0.000304367
8847	0.48495	0.500102	0.000304337
8848	0.52038	0.500105	0.000304312
8849	0.493681	0.500104	0.000304278
8850	0.479924	0.500102	0.000304252
8851	0.508779	0.500103	0.000304219
8852	0.498185	0.500103	0.000304185
8853	0.504296	0.500103	0.000304151
8854	0.535107	0.500107	0.000304143
8855	0.499923	0.500107	0.000304108
8856	0.502485	0.500107	0.000304074
8857	0.479595	0.500105	0.000304048
8858	0.544682	0.50011	0.000304056
8859	0.479623	0.500108	0.00030403
8860	0.428403	0.5001	0.000304104
8861	0.490453	0.500098	0.000304071
8862	0.47509	0.500096	0.00030405
8863	0.523809	0.500098	0.000304028
8864	0.524614	0.500101	0.000304006
8865	0.549627	0.500107	0.000304023
8866	0.499166	0.500107	0.000303989
8867	0.474842	0.500104	0.000303968
8868	0.501328	0.500104	0.000303933
8869	0.498751	0.500104	0.000303899
8870	0.500527	0.500104	0.000303865
8871	0.497338	0.500103	0.000303831
8872	0.507188	0.500104	0.000303798
8873	0.48158	0.500102	0.000303771
8874	0.544074	0.500107	0.000303777
8875	0.482439	0.500105	0.000303749
8876	0.519463	0.500107	0.000303723
8877	0.487876	0.500106	0.000303692
8878	0.51696	0.500108	0.000303663
8879	0.534898	0.500112	0.000303654
8880	0.481895	0.50011	0.000303627
8881	0.532295	0.500113	0.000303615
8882	0.464425	0.500109	0.000303607
8883	0.517374	0.500111	0.000303579
8884	0.514603	0.500113	0.000303549
8885	0.522675	0.500115	0.000303526
8886	0.52485	0.500118	0.000303504
8887	0.476287	0.500115	0.000303482
8888	0.470391	0.500112	0.000303466
8889	0.44206	0.500106	0.000303502
8890	0.498419	0.500105	0.000303468
8891	0.49363	0.500105	0.000303435
8892	0.511851	0.500106	0.000303404
8893	0.458883	0.500101	0.000303405
8894	0.503757	0.500102	0.000303371
8895	0.529093	0.500105	0.000303355
8896	0.493635	0.500104	0.000303321
8897	0.499642	0.500104	0.000303287
8898	0.486926	0.500103	0.000303257
8899	0.476899	0.5001	0.000303234
8900	0.514262	0.500102	0.000303204
8901	0.508468	0.500103	0.000303171
8902	0.50714	0.500103	0.000303138
8903	0.511695	0.500105	0.000303107
8904	0.501844	0.500105	0.000303073
8905	0.517951	0.500107	0.000303046
8906	0.493598	0.500106	0.000303013
8907	0.477903	0.500104	0.000302989
8908	0.528109	0.500107	0.000302971
8909	0.525601	0.50011	0.000302951
8910	0.437781	0.500103	0.000302997
8911	0.47689	0.5001	0.000302975
8912	0.475074	0.500097	0.000302954
8913	0.530318	0.500101	0.000302939
8914	0.465609	0.500097	0.000302929
8915	0.496332	0.500096	0.000302896
8916	0.548781	0.500102	0.000302911
8917	0.493252	0.500101	0.000302878
8918	0.48383	0.500099	0.000302849
8919	0.516151	0.500101	0.000302821
8920	0.454426	0.500096	0.00030283
8921	0.507411	0.500097	0.000302797
8922	0.505009	0.500097	0.000302764
8923	0.525407	0.5001	0.000302743
8924	0.517299	0.500102	0.000302715
8925	0.430417	0.500094	0.000302782
8926	0.51549	0.500096	0.000302753
8927	0.494499	0.500095	0.00030272
8928	0.493875	0.500095	0.000302687
8929	0.504762	0.500095	0.000302653
8930	0.500723	0.500095	0.00030262
8931	0.517076	0.500097	0.000302592
8932	0.517459	0.500099	0.000302564
8933	0.489957	0.500098	0.000302532
8934	0.502308	0.500098	0.000302498
8935	0.446009	0.500092	0.000302525
8936	0.462732	0.500088	0.00030252
8937	0.460933	0.500084	0.000302518
8938	0.481153	0.500082	0.000302492
8939	0.467823	0.500078	0.000302479
8940	0.533603	0.500082	0.000302469
8941	0.497078	0.500081	0.000302435
8942	0.441102	0.500075	0.000302473
8943	0.509937	0.500076	0.000302441
8944	0.538717	0.50008	0.000302438
8945	0.506293	0.500081	0.000302405
8946	0.507421	0.500082	0.000302373
8947	0.515114	0.500083	0.000302344
8948	0.51901	0.500085	0.000302317
8949	0.45842	0.500081	0.000302319
8950	0.534512	0.500085	0.00030231
8951	0.497473	0.500084	0.000302276
8952	0.491672	0.500083	0.000302244
8953	0.462436	0.500079	0.00030224
8954	0.47723	0.500077	0.000302217
8955	0.504459	0.500077	0.000302183
8956	0.464915	0.500073	0.000302175
8957	0.501784	0.500073	0.000302141
8958	0.570177	0.500081	0.000302209
8959	0.489121	0.50008	0.000302178
8960	0.507889	0.500081	0.000302145
8961	0.492207	0.50008	0.000302113
8962	0.499352	0.50008	0.000302079
8963	0.497104	0.50008	0.000302046
8964	0.470154	0.500076	0.00030203
8965	0.476475	0.500074	0.000302008
8966	0.520529	0.500076	0.000301983
8967	0.482698	0.500074	0.000301956
8968	0.455064	0.500069	0.000301964
8969	0.490365	0.500068	0.000301932
8970	0.498737	0.500068	0.000301898
8971	0.488346	0.500066	0.000301867
8972	0.481433	0.500064	0.000301841
8973	0.504277	0.500065	0.000301808
8974	0.523222	0.500067	0.000301785
8975	0.541965	0.500072	0.000301788
8976	0.507882	0.500073	0.000301755
8977	0.484867	0.500071	0.000301726
8978	0.502255	0.500072	0.000301693
8979	0.476472	0.500069	0.000301671
8980	0.464217	0.500065	0.000301663
8981	0.491049	0.500064	0.000301632
8982	0.482181	0.500062	0.000301605
8983	0.535878	0.500066	0.000301597
8984	0.544223	0.500071	0.000301604
8985	0.498776	0.500071	0.00030157
8986	0.485056	0.500069	0.000301541
8987	0.512329	0.50007	0.000301511
8988	0.424254	0.500062	0.000301595
8989	0.518943	0.500064	0.000301569
8990	0.529276	0.500067	0.000301553
8991	0.458469	0.500063	0.000301555
8992	0.511988	0.500064	0.000301524
8993	0.462799	0.50006	0.000301519
8994	0.507555	0.500061	0.000301487
8995	0.509507	0.500062	0.000301455
8996	0.479717	0.500059	0.00030143
8997	0.539255	0.500064	0.000301428
8998	0.466625	0.50006	0.000301418
8999	0.489345	0.500059	0.000301386
9000	0.516562	0.500061	0.000301359
9001	0.48844	0.500059	0.000301328
9002	0.503049	0.50006	0.000301294
9003	0.465162	0.500056	0.000301286
9004	0.52397	0.500059	0.000301264
9005	0.435896	0.500051	0.000301315
9006	0.459511	0.500047	0.000301315
9007	0.554817	0.500053	0.000301343
9008	0.468888	0.50005	0.000301329
9009	0.501788	0.50005	0.000301296
9010	0.515952	0.500051	0.000301268
9011	0.521451	0.500054	0.000301244
9012	0.458965	0.500049	0.000301245
9013	0.479487	0.500047	0.00030122
9014	0.489943	0.500046	0.000301189
9015	0.499657	0.500046	0.000301155
9016	0.48418	0.500044	0.000301127
9017	0.497926	0.500044	0.000301094
9018	0.530657	0.500047	0.000301079
9019	0.497602	0.500047	0.000301046
9020	0.509257	0.500048	0.000301015
9021	0.532081	0.500052	0.000301002
9022	0.52082	0.500054	0.000300978
9023	0.499469	0.500054	0.000300944
9024	0.501248	0.500054	0.000300911
9025	0.505966	0.500055	0.000300878
9026	0.491021	0.500054	0.000300847
9027	0.512599	0.500055	0.000300817
9028	0.496652	0.500055	0.000300783
9029	0.512512	0.500056	0.000300753
9030	0.540739	0.50006	0.000300754
9031	0.503698	0.500061	0.000300721
9032	0.522458	0.500063	0.000300698
9033	0.464705	0.500059	0.00030069
9034	0.460484	0.500055	0.000300688
9035	0.518502	0.500057	0.000300662
9036	0.495472	0.500057	0.000300629
9037	0.522362	0.500059	0.000300606
9038	0.579414	0.500068	0.000300701
9039	0.499254	0.500068	0.000300668
9040	0.504313	0.500068	0.000300635
9041	0.518911	0.50007	0.000300609
9042	0.5228	0.500073	0.000300586
9043	0.524385	0.500076	0.000300565
9044	0.51845	0.500078	0.000300539
9045	0.462563	0.500073	0.000300534
9046	0.553729	0.500079	0.000300559
9047	0.494766	0.500079	0.000300527
9048	0.498655	0.500079	0.000300493
9049	0.526234	0.500081	0.000300474
9050	0.513401	0.500083	0.000300445
9051	0.560904	0.50009	0.000300486
9052	0.513247	0.500091	0.000300457
9053	0.510615	0.500092	0.000300426
9054	0.494413	0.500092	0.000300393
9055	0.495464	0.500091	0.000300361
9056	0.5445	0.500096	0.000300367
9057	0.514738	0.500098	0.000300339
9058	0.481387	0.500096	0.000300313
9059	0.535484	0.5001	0.000300305
9060	0.499598	0.500099	0.000300272
9061	0.508435	0.5001	0.00030024
9062	0.483337	0.500099	0.000300213
9063	0.548672	0.500104	0.000300227
9064	0.480495	0.500102	0.000300202
9065	0.521059	0.500104	0.000300178
9066	0.522133	0.500106	0.000300154
9067	0.528137	0.50011	0.000300137
9068	0.49708	0.500109	0.000300104
9069	0.450828	0.500104	0.00030012
9070	0.531443	0.500107	0.000300107
9071	0.529949	0.500111	0.000300092
9072	0.477994	0.500108	0.000300069
9073	0.529193	0.500111	0.000300053
9074	0.480533	0.500109	0.000300028
9075	0.4679	0.500106	0.000300016
9076	0.523503	0.500108	0.000299994
9077	0.504581	0.500109	0.000299961
9078	0.49729	0.500108	0.000299928
9079	0.499829	0.500108	0.000299895
9080	0.41477	0.500099	0.000300009
9081	0.519901	0.500101	0.000299984
9082	0.544855	0.500106	0.000299992
9083	0.499903	0.500106	0.000299959
9084	0.553932	0.500112	0.000299984
9085	0.538188	0.500116	0.00029998
9086	0.52623	0.500119	0.000299961
9087	0.56121	0.500126	0.000300003
9088	0.529339	0.500129	0.000299988
9089	0.500748	0.500129	0.000299955
9090	0.501236	0.500129	0.000299922
9091	0.49306	0.500128	0.00029989
9092	0.520329	0.500131	0.000299865
9093	0.522197	0.500133	0.000299842
9094	0.480208	0.500131	0.000299817
9095	0.527349	0.500134	0.000299799
9096	0.475924	0.500131	0.000299778
9097	0.496756	0.500131	0.000299745
9098	0.488786	0.50013	0.000299715
9099	0.49838	0.500129	0.000299682
9100	0.491819	0.500128	0.00029965
9101	0.510179	0.50013	0.000299619
9102	0.448188	0.500124	0.000299641
9103	0.490494	0.500123	0.00029961
9104	0.450031	0.500117	0.000299627
9105	0.551694	0.500123	0.000299648
9106	0.515334	0.500125	0.00029962
9107	0.447911	0.500119	0.000299642
9108	0.505591	0.500119	0.000299609
9109	0.440326	0.500113	0.000299648
9110	0.507201	0.500114	0.000299616
9111	0.521135	0.500116	0.000299592
9112	0.514656	0.500118	0.000299564
9113	0.519983	0.50012	0.000299539
9114	0.493782	0.500119	0.000299507
9115	0.484307	0.500117	0.000299479
9116	0.458407	0.500113	0.000299481
9117	0.477673	0.50011	0.000299458
9118	0.51402	0.500112	0.000299429
9119	0.547884	0.500117	0.000299442
9120	0.487116	0.500116	0.000299413
9121	0.529234	0.500119	0.000299397
9122	0.479099	0.500117	0.000299373
9123	0.491012	0.500116	0.000299342
9124	0.488752	0.500114	0.000299312
9125	0.526945	0.500117	0.000299293
9126	0.487461	0.500116	0.000299264
9127	0.477975	0.500113	0.000299241
9128	0.486506	0.500112	0.000299212
9129	0.513403	0.500113	0.000299183
9130	0.555929	0.500119	0.000299212
9131	0.503084	0.50012	0.00029918
9132	0.489602	0.500119	0.000299149
9133	0.546027	0.500124	0.000299159
9134	0.501307	0.500124	0.000299126
9135	0.448396	0.500118	0.000299147
9136	0.51178	0.500119	0.000299117
9137	0.506578	0.50012	0.000299085
9138	0.476832	0.500118	0.000299063
9139	0.508627	0.500118	0.000299032
9140	0.501815	0.500119	0.000298999
9141	0.530061	0.500122	0.000298984
9142	0.527858	0.500125	0.000298967
9143	0.567637	0.500132	0.000299025
9144	0.480455	0.50013	0.000299
9145	0.537388	0.500134	0.000298995
9146	0.431141	0.500127	0.000299058
9147	0.480863	0.500125	0.000299033
9148	0.47815	0.500122	0.00029901
9149	0.526172	0.500125	0.00029899
9150	0.542104	0.50013	0.000298993
9151	0.458073	0.500125	0.000298996
9152	0.537944	0.500129	0.000298992
9153	0.524036	0.500132	0.00029897
9154	0.504455	0.500132	0.000298938
9155	0.47082	0.500129	0.000298922
9156	0.487913	0.500128	0.000298893
9157	0.468806	0.500124	0.00029888
9158	0.48653	0.500123	0.000298851
9159	0.458963	0.500118	0.000298852
9160	0.497513	0.500118	0.000298819
9161	0.51996	0.50012	0.000298795
9162	0.508747	0.500121	0.000298764
9163	0.510644	0.500122	0.000298733
9164	0.502224	0.500123	0.000298701
9165	0.455712	0.500118	0.000298707
9166	0.556533	0.500124	0.000298738
9167	0.510078	0.500125	0.000298708
9168	0.500859	0.500125	0.000298675
9169	0.460113	0.500121	0.000298674
9170	0.543105	0.500125	0.000298678
9171	0.507546	0.500126	0.000298647
9172	0.48991	0.500125	0.000298617
9173	0.464528	0.500121	0.000298609
9174	0.48648	0.50012	0.00029858
9175	0.505958	0.50012	0.000298548
9176	0.499318	0.50012	0.000298516
9177	0.467878	0.500117	0.000298504
9178	0.46509	0.500113	0.000298496
9179	0.528364	0.500116	0.000298479
9180	0.504024	0.500116	0.000298447
9181	0.470014	0.500113	0.000298433
9182	0.516376	0.500115	0.000298405
9183	0.500786	0.500115	0.000298373
9184	0.505696	0.500116	0.000298341
9185	0.4626	0.500112	0.000298337
9186	0.562729	0.500118	0.000298382
9187	0.514751	0.50012	0.000298354
9188	0.528989	0.500123	0.000298338
9189	0.461887	0.500119	0.000298334
9190	0.459169	0.500114	0.000298335
9191	0.513892	0.500116	0.000298306
9192	0.516725	0.500118	0.000298279
9193	0.51774	0.50012	0.000298253
9194	0.51712	0.500122	0.000298226
9195	0.518996	0.500124	0.000298201
9196	0.478365	0.500121	0.000298178
9197	0.543303	0.500126	0.000298183
9198	0.50867	0.500127	0.000298152
9199	0.49588	0.500126	0.00029812
9200	0.536144	0.50013	0.000298113
9201	0.49967	0.50013	0.00029808
9202	0.535676	0.500134	0.000298073
9203	0.490459	0.500133	0.000298043
9204	0.523247	0.500136	0.000298021
9205	0.489947	0.500134	0.00029799
9206	0.468108	0.500131	0.000297978
9207	0.495385	0.50013	0.000297946
9208	0.488405	0.500129	0.000297917
9209	0.52707	0.500132	0.000297899
9210	0.535985	0.500136	0.000297892
9211	0.452639	0.500131	0.000297904
9212	0.471277	0.500128	0.000297888
9213	0.539757	0.500132	0.000297887
9214	0.5093	0.500133	0.000297856
9215	0.466444	0.500129	0.000297846
9216	0.533002	0.500133	0.000297836
9217	0.450971	0.500128	0.000297851
9218	0.520294	0.50013	0.000297827
9219	0.480867	0.500128	0.000297802
9220	0.536292	0.500132	0.000297795
9221	0.443271	0.500125	0.000297827
9222	0.472455	0.500122	0.00029781
9223	0.496506	0.500122	0.000297778
9224	0.469433	0.500119	0.000297764
9225	0.515413	0.50012	0.000297736
9226	0.500627	0.50012	0.000297704
9227	0.510616	0.500122	0.000297674
9228	0.448591	0.500116	0.000297694
9229	0.484598	0.500114	0.000297666
9230	0.546594	0.500119	0.000297677
9231	0.505057	0.50012	0.000297645
9232	0.582773	0.500129	0.000297747
9233	0.488723	0.500128	0.000297718
9234	0.484518	0.500126	0.00029769
9235	0.456444	0.500121	0.000297696
9236	0.485831	0.50012	0.000297667
9237	0.493015	0.500119	0.000297636
9238	0.500605	0.500119	0.000297604
9239	0.502869	0.500119	0.000297572
9240	0.459887	0.500115	0.000297572
9241	0.535431	0.500119	0.000297564
9242	0.511376	0.50012	0.000297534
9243	0.531562	0.500123	0.000297521
9244	0.464542	0.500119	0.000297514
9245	0.475188	0.500117	0.000297494
9246	0.544914	0.500122	0.000297501
9247	0.501885	0.500122	0.000297469
9248	0.486256	0.50012	0.000297441
9249	0.478803	0.500118	0.000297418
9250	0.45947	0.500114	0.000297418
9251	0.458019	0.500109	0.000297421
9252	0.45227	0.500104	0.000297433
9253	0.478021	0.500101	0.000297411
9254	0.473788	0.500099	0.000297392
9255	0.485718	0.500097	0.000297364
9256	0.503437	0.500097	0.000297332
9257	0.473997	0.500095	0.000297314
9258	0.523543	0.500097	0.000297292
9259	0.527522	0.5001	0.000297275
9260	0.490352	0.500099	0.000297245
9261	0.462123	0.500095	0.000297241
9262	0.488254	0.500094	0.000297212
9263	0.480779	0.500092	0.000297187
9264	0.537142	0.500096	0.000297182
9265	0.49185	0.500095	0.000297151
9266	0.533048	0.500098	0.00029714
9267	0.482875	0.500096	0.000297114
9268	0.507303	0.500097	0.000297083
9269	0.51591	0.500099	0.000297056
9270	0.479657	0.500097	0.000297032
9271	0.47803	0.500094	0.000297009
9272	0.515944	0.500096	0.000296982
9273	0.483286	0.500094	0.000296956
9274	0.491013	0.500093	0.000296925
9275	0.460044	0.500089	0.000296925
9276	0.462835	0.500085	0.00029692
9277	0.490323	0.500084	0.00029689
9278	0.483829	0.500082	0.000296863
9279	0.495364	0.500082	0.000296831
9280	0.500608	0.500082	0.000296799
9281	0.52435	0.500084	0.000296779
9282	0.523524	0.500087	0.000296758
9283	0.490848	0.500086	0.000296727
9284	0.522506	0.500088	0.000296705
9285	0.514178	0.50009	0.000296677
9286	0.515889	0.500091	0.00029665
9287	0.510604	0.500093	0.00029662
9288	0.494049	0.500092	0.000296589
9289	0.511869	0.500093	0.00029656
9290	0.439841	0.500087	0.000296599
9291	0.496272	0.500086	0.000296567
9292	0.512983	0.500088	0.000296539
9293	0.510132	0.500089	0.000296509
9294	0.555671	0.500095	0.000296537
9295	0.505134	0.500095	0.000296506
9296	0.511908	0.500097	0.000296476
9297	0.489733	0.500095	0.000296447
9298	0.483134	0.500094	0.00029642
9299	0.540414	0.500098	0.00029642
9300	0.537936	0.500102	0.000296416
9301	0.531287	0.500105	0.000296403
9302	0.433772	0.500098	0.000296457
9303	0.508154	0.500099	0.000296427
9304	0.483767	0.500097	0.0002964
9305	0.495809	0.500097	0.000296368
9306	0.481843	0.500095	0.000296343
9307	0.575041	0.500103	0.000296421
9308	0.494561	0.500102	0.000296389
9309	0.498406	0.500102	0.000296358
9310	0.508225	0.500103	0.000296327
9311	0.49155	0.500102	0.000296297
9312	0.53497	0.500106	0.000296288
9313	0.529469	0.500109	0.000296273
9314	0.471672	0.500106	0.000296257
9315	0.434787	0.500099	0.000296309
9316	0.490718	0.500098	0.000296278
9317	0.457762	0.500093	0.000296281
9318	0.501803	0.500094	0.00029625
9319	0.525406	0.500096	0.00029623
9320	0.489086	0.500095	0.000296201
9321	0.539755	0.500099	0.0002962
9322	0.488192	0.500098	0.000296171
9323	0.542967	0.500103	0.000296175
9324	0.492703	0.500102	0.000296144
9325	0.559609	0.500108	0.000296181
9326	0.479939	0.500106	0.000296157
9327	0.524126	0.500109	0.000296137
9328	0.480987	0.500107	0.000296112
9329	0.464158	0.500103	0.000296105
9330	0.460087	0.500099	0.000296105
9331	0.538014	0.500103	0.000296101
9332	0.483641	0.500101	0.000296074
9333	0.557281	0.500107	0.000296106
9334	0.509279	0.500108	0.000296076
9335	0.49319	0.500107	0.000296045
9336	0.510555	0.500108	0.000296015
9337	0.478032	0.500106	0.000295993
9338	0.50301	0.500106	0.000295962
9339	0.470547	0.500103	0.000295947
9340	0.492505	0.500102	0.000295916
9341	0.466908	0.500099	0.000295906
9342	0.526858	0.500102	0.000295888
9343	0.49653	0.500101	0.000295857
9344	0.497013	0.500101	0.000295825
9345	0.514624	0.500102	0.000295798
9346	0.524074	0.500105	0.000295777
9347	0.531062	0.500108	0.000295764
9348	0.463756	0.500104	0.000295758
9349	0.497771	0.500104	0.000295726
9350	0.489895	0.500103	0.000295697
9351	0.514534	0.500105	0.000295669
9352	0.52388	0.500107	0.000295649
9353	0.485738	0.500106	0.000295621
9354	0.536963	0.50011	0.000295616
9355	0.518247	0.500111	0.00029559
9356	0.527616	0.500114	0.000295573
9357	0.443265	0.500108	0.000295604
9358	0.536222	0.500112	0.000295598
9359	0.442674	0.500106	0.00029563
9360	0.464555	0.500102	0.000295623
9361	0.483012	0.5001	0.000295597
9362	0.527669	0.500103	0.00029558
9363	0.45792	0.500099	0.000295583
9364	0.480962	0.500097	0.000295558
9365	0.512503	0.500098	0.00029553
9366	0.485332	0.500097	0.000295502
9367	0.440757	0.50009	0.000295539
9368	0.478518	0.500088	0.000295516
9369	0.529836	0.500091	0.000295501
9370	0.500854	0.500091	0.00029547
9371	0.532599	0.500095	0.000295459
9372	0.508838	0.500096	0.000295429
9373	0.522531	0.500098	0.000295407
9374	0.540054	0.500102	0.000295406
9375	0.452807	0.500097	0.000295418
9376	0.488167	0.500096	0.000295389
9377	0.463879	0.500092	0.000295383
9378	0.516841	0.500094	0.000295357
9379	0.501687	0.500094	0.000295325
9380	0.486607	0.500093	0.000295297
9381	0.521182	0.500095	0.000295274
9382	0.528855	0.500098	0.000295259
9383	0.497563	0.500098	0.000295227
9384	0.55627	0.500104	0.000295257
9385	0.510251	0.500105	0.000295227
9386	0.509219	0.500106	0.000295197
9387	0.512293	0.500107	0.000295169
9388	0.532713	0.50011	0.000295158
9389	0.490541	0.500109	0.000295128
9390	0.468759	0.500106	0.000295115
9391	0.469612	0.500103	0.000295102
9392	0.474046	0.5001	0.000295083
9393	0.555288	0.500106	0.000295111
9394	0.503087	0.500106	0.000295079
9395	0.490668	0.500105	0.00029505
9396	0.472078	0.500102	0.000295033
9397	0.521045	0.500105	0.00029501
9398	0.468904	0.500101	0.000294998
9399	0.551137	0.500107	0.000295016
9400	0.509875	0.500108	0.000294987
9401	0.53096	0.500111	0.000294973
9402	0.463915	0.500107	0.000294967
9403	0.524273	0.50011	0.000294947
9404	0.480119	0.500108	0.000294923
9405	0.546204	0.500112	0.000294933
9406	0.474713	0.50011	0.000294914
9407	0.514298	0.500111	0.000294886
9408	0.468623	0.500108	0.000294874
9409	0.519903	0.50011	0.00029485
9410	0.537028	0.500114	0.000294845
9411	0.484468	0.500112	0.000294818
9412	0.567394	0.500119	0.000294873
9413	0.48795	0.500118	0.000294845
9414	0.562692	0.500125	0.000294889
9415	0.524234	0.500127	0.000294868
9416	0.481605	0.500125	0.000294844
9417	0.471085	0.500122	0.000294828
9418	0.537721	0.500126	0.000294824
9419	0.479829	0.500124	0.000294801
9420	0.564866	0.500131	0.00029485
9421	0.492604	0.50013	0.000294819
9422	0.50586	0.500131	0.000294789
9423	0.502692	0.500131	0.000294757
9424	0.527158	0.500134	0.00029474
9425	0.486082	0.500132	0.000294713
9426	0.471997	0.500129	0.000294697
9427	0.510085	0.500131	0.000294667
9428	0.539802	0.500135	0.000294666
9429	0.467476	0.500131	0.000294655
9430	0.509793	0.500132	0.000294626
9431	0.522279	0.500135	0.000294604
9432	0.491855	0.500134	0.000294574
9433	0.525992	0.500136	0.000294555
9434	0.517927	0.500138	0.00029453
9435	0.510689	0.50014	0.000294501
9436	0.472288	0.500137	0.000294485
9437	0.498086	0.500136	0.000294453
9438	0.459305	0.500132	0.000294454
9439	0.541338	0.500136	0.000294455
9440	0.512332	0.500138	0.000294427
9441	0.518969	0.50014	0.000294402
9442	0.497638	0.500139	0.000294371
9443	0.548004	0.500144	0.000294384
9444	0.532372	0.500148	0.000294372
9445	0.48601	0.500146	0.000294345
9446	0.495741	0.500146	0.000294314
9447	0.449454	0.500141	0.000294332
9448	0.517743	0.500142	0.000294307
9449	0.468381	0.500139	0.000294295
9450	0.519929	0.500141	0.000294271
9451	0.455118	0.500136	0.000294279
9452	0.507835	0.500137	0.000294249
9453	0.487353	0.500136	0.000294221
9454	0.514907	0.500137	0.000294194
9455	0.513582	0.500139	0.000294166
9456	0.522845	0.500141	0.000294145
9457	0.501592	0.500141	0.000294114
9458	0.4835	0.50014	0.000294088
9459	0.488289	0.500138	0.000294059
9460	0.472584	0.500135	0.000294043
9461	0.481845	0.500134	0.000294018
9462	0.505618	0.500134	0.000293987
9463	0.504798	0.500135	0.000293957
9464	0.491698	0.500134	0.000293927
9465	0.489378	0.500133	0.000293898
9466	0.460823	0.500128	0.000293896
9467	0.504005	0.500129	0.000293866
9468	0.525671	0.500132	0.000293847
9469	0.522561	0.500134	0.000293826
9470	0.528873	0.500137	0.00029381
9471	0.455677	0.500132	0.000293817
9472	0.532004	0.500136	0.000293805
9473	0.485953	0.500134	0.000293778
9474	0.532625	0.500138	0.000293767
9475	0.48668	0.500136	0.000293739
9476	0.520932	0.500138	0.000293716
9477	0.476272	0.500136	0.000293696
9478	0.517655	0.500138	0.000293671
9479	0.538296	0.500142	0.000293668
9480	0.470055	0.500138	0.000293654
9481	0.519634	0.500141	0.00029363
9482	0.512999	0.500142	0.000293602
9483	0.506964	0.500143	0.000293572
9484	0.487263	0.500141	0.000293544
9485	0.484412	0.50014	0.000293518
9486	0.487354	0.500138	0.00029349
9487	0.522865	0.500141	0.000293469
9488	0.546321	0.500146	0.000293478
9489	0.414122	0.500136	0.000293587
9490	0.495146	0.500136	0.000293557
9491	0.480687	0.500134	0.000293533
9492	0.479507	0.500132	0.00029351
9493	0.514677	0.500133	0.000293483
9494	0.44682	0.500128	0.000293506
9495	0.526976	0.50013	0.000293489
9496	0.501651	0.500131	0.000293458
9497	0.500414	0.500131	0.000293427
9498	0.497734	0.50013	0.000293396
9499	0.468422	0.500127	0.000293385
9500	0.509978	0.500128	0.000293355
9501	0.523246	0.500131	0.000293335
9502	0.480035	0.500128	0.000293311
9503	0.525481	0.500131	0.000293293
9504	0.504107	0.500131	0.000293262
9505	0.509333	0.500132	0.000293233
9506	0.561884	0.500139	0.000293274
9507	0.485679	0.500137	0.000293247
9508	0.5306	0.500141	0.000293234
9509	0.497629	0.50014	0.000293203
9510	0.448413	0.500135	0.000293223
9511	0.550999	0.50014	0.000293241
9512	0.506418	0.500141	0.00029321
9513	0.474693	0.500138	0.000293192
9514	0.488786	0.500137	0.000293163
9515	0.523715	0.50014	0.000293143
9516	0.535677	0.500143	0.000293136
9517	0.440137	0.500137	0.000293173
9518	0.493729	0.500136	0.000293143
9519	0.45504	0.500132	0.000293151
9520	0.514063	0.500133	0.000293123
9521	0.497077	0.500133	0.000293093
9522	0.497933	0.500132	0.000293062
9523	0.500981	0.500133	0.000293031
9524	0.485289	0.500131	0.000293005
9525	0.491979	0.50013	0.000292975
9526	0.491663	0.500129	0.000292946
9527	0.479759	0.500127	0.000292923
9528	0.493974	0.500126	0.000292893
9529	0.508251	0.500127	0.000292863
9530	0.495987	0.500127	0.000292833
9531	0.505181	0.500127	0.000292803
9532	0.549306	0.500133	0.000292817
9533	0.517984	0.500134	0.000292793
9534	0.525976	0.500137	0.000292775
9535	0.540333	0.500141	0.000292774
9536	0.503873	0.500142	0.000292744
9537	0.516194	0.500143	0.000292718
9538	0.516262	0.500145	0.000292692
9539	0.495968	0.500145	0.000292662
9540	0.522037	0.500147	0.00029264
9541	0.501949	0.500147	0.000292609
9542	0.503315	0.500148	0.000292579
9543	0.507968	0.500148	0.000292549
9544	0.562221	0.500155	0.000292591
9545	0.500762	0.500155	0.00029256
9546	0.528839	0.500158	0.000292545
9547	0.528256	0.500161	0.000292529
9548	0.527492	0.500164	0.000292513
9549	0.572609	0.500171	0.00029258
9550	0.508631	0.500172	0.000292551
9551	0.433522	0.500165	0.000292604
9552	0.488803	0.500164	0.000292576
9553	0.529968	0.500167	0.000292562
9554	0.501304	0.500167	0.000292531
9555	0.56616	0.500174	0.000292582
9556	0.475283	0.500172	0.000292563
9557	0.510233	0.500173	0.000292534
9558	0.471232	0.50017	0.000292519
9559	0.55176	0.500175	0.000292538
9560	0.475935	0.500172	0.000292519
9561	0.536893	0.500176	0.000292513
9562	0.530106	0.500179	0.0002925
9563	0.507564	0.50018	0.00029247
9564	0.497135	0.50018	0.00029244
9565	0.503847	0.50018	0.000292409
9566	0.531459	0.500184	0.000292397
9567	0.476232	0.500181	0.000292377
9568	0.47029	0.500178	0.000292363
9569	0.507221	0.500179	0.000292334
9570	0.502551	0.500179	0.000292303
9571	0.489311	0.500178	0.000292275
9572	0.494037	0.500177	0.000292245
9573	0.519081	0.500179	0.000292221
9574	0.547983	0.500184	0.000292233
9575	0.524775	0.500187	0.000292214
9576	0.495362	0.500186	0.000292184
9577	0.457396	0.500182	0.000292188
9578	0.489408	0.500181	0.000292159
9579	0.513015	0.500182	0.000292132
9580	0.494005	0.500181	0.000292102
9581	0.50664	0.500182	0.000292072
9582	0.495731	0.500181	0.000292042
9583	0.535644	0.500185	0.000292035
9584	0.484538	0.500184	0.000292009
9585	0.513407	0.500185	0.000291982
9586	0.50815	0.500186	0.000291953
9587	0.501506	0.500186	0.000291922
9588	0.510476	0.500187	0.000291894
9589	0.481401	0.500185	0.00029187
9590	0.444437	0.500179	0.000291898
9591	0.494259	0.500179	0.000291868
9592	0.484811	0.500177	0.000291842
9593	0.490199	0.500176	0.000291813
9594	0.426815	0.500168	0.000291883
9595	0.535895	0.500172	0.000291876
9596	0.55133	0.500177	0.000291894
9597	0.492135	0.500176	0.000291865
9598	0.537815	0.50018	0.000291861
9599	0.530591	0.500184	0.000291848
9600	0.511108	0.500185	0.00029182
9601	0.531704	0.500188	0.000291808
9602	0.478492	0.500186	0.000291786
9603	0.493258	0.500185	0.000291757
9604	0.518532	0.500187	0.000291733
9605	0.46185	0.500183	0.00029173
9606	0.45336	0.500178	0.00029174
9607	0.477156	0.500176	0.000291719
9608	0.451248	0.500171	0.000291733
9609	0.531504	0.500174	0.000291721
9610	0.516438	0.500176	0.000291696
9611	0.464961	0.500172	0.000291689
9612	0.498398	0.500172	0.000291658
9613	0.52877	0.500175	0.000291643
9614	0.502772	0.500175	0.000291613
9615	0.547651	0.50018	0.000291624
9616	0.491519	0.500179	0.000291595
9617	0.544111	0.500184	0.000291601
9618	0.519811	0.500186	0.000291578
9619	0.495594	0.500185	0.000291548
9620	0.532491	0.500188	0.000291537
9621	0.527926	0.500191	0.000291521
9622	0.453007	0.500186	0.000291532
9623	0.476201	0.500184	0.000291512
9624	0.54289	0.500188	0.000291516
9625	0.486879	0.500187	0.000291489
9626	0.50003	0.500187	0.000291458
9627	0.492537	0.500186	0.000291429
9628	0.489141	0.500185	0.000291401
9629	0.513377	0.500186	0.000291374
9630	0.507949	0.500187	0.000291345
9631	0.507241	0.500188	0.000291316
9632	0.477835	0.500186	0.000291295
9633	0.512538	0.500187	0.000291267
9634	0.497772	0.500187	0.000291237
9635	0.486154	0.500185	0.00029121
9636	0.535585	0.500189	0.000291203
9637	0.501062	0.500189	0.000291173
9638	0.400714	0.500179	0.000291326
9639	0.506015	0.500179	0.000291296
9640	0.507797	0.50018	0.000291267
9641	0.492351	0.500179	0.000291238
9642	0.510572	0.50018	0.00029121
9643	0.490604	0.500179	0.000291181
9644	0.490738	0.500178	0.000291153
9645	0.482267	0.500176	0.000291128
9646	0.506572	0.500177	0.000291099
9647	0.529708	0.50018	0.000291085
9648	0.521262	0.500182	0.000291063
9649	0.499901	0.500182	0.000291033
9650	0.481071	0.50018	0.000291009
9651	0.505285	0.500181	0.00029098
9652	0.498586	0.500181	0.00029095
9653	0.517724	0.500183	0.000290925
9654	0.496495	0.500182	0.000290895
9655	0.479197	0.50018	0.000290873
9656	0.51247	0.500181	0.000290846
9657	0.495499	0.500181	0.000290816
9658	0.515871	0.500182	0.000290791
9659	0.496897	0.500182	0.000290761
9660	0.492202	0.500181	0.000290732
9661	0.492331	0.50018	0.000290703
9662	0.541339	0.500185	0.000290704
9663	0.491428	0.500184	0.000290675
9664	0.450741	0.500179	0.00029069
9665	0.451218	0.500174	0.000290704
9666	0.495025	0.500173	0.000290675
9667	0.452133	0.500168	0.000290687
9668	0.468397	0.500165	0.000290676
9669	0.5105	0.500166	0.000290648
9670	0.436634	0.500159	0.000290692
9671	0.492421	0.500159	0.000290663
9672	0.500438	0.500159	0.000290633
9673	0.476552	0.500156	0.000290613
9674	0.52215	0.500158	0.000290592
9675	0.470995	0.500155	0.000290577
9676	0.532978	0.500159	0.000290567
9677	0.452128	0.500154	0.000290579
9678	0.518017	0.500156	0.000290555
9679	0.510895	0.500157	0.000290527
9680	0.501541	0.500157	0.000290497
9681	0.5347	0.50016	0.000290489
9682	0.425165	0.500153	0.000290563
9683	0.460735	0.500149	0.000290561
9684	0.496651	0.500148	0.000290531
9685	0.479195	0.500146	0.000290509
9686	0.507277	0.500147	0.00029048
9687	0.472524	0.500144	0.000290464
9688	0.480858	0.500142	0.000290441
9689	0.569477	0.500149	0.000290499
9690	0.497649	0.500149	0.000290469
9691	0.49042	0.500148	0.000290441
9692	0.521534	0.50015	0.00029042
9693	0.472983	0.500147	0.000290403
9694	0.549033	0.500152	0.000290417
9695	0.494815	0.500152	0.000290388
9696	0.513853	0.500153	0.000290361
9697	0.462846	0.500149	0.000290357
9698	0.460833	0.500145	0.000290355
9699	0.486119	0.500144	0.000290329
9700	0.558301	0.50015	0.000290361
9701	0.511925	0.500151	0.000290333
9702	0.52803	0.500154	0.000290318
9703	0.562608	0.50016	0.000290359
9704	0.477105	0.500158	0.000290339
9705	0.533078	0.500161	0.000290329
9706	0.43621	0.500155	0.000290373
9707	0.486725	0.500153	0.000290347
9708	0.493955	0.500153	0.000290318
9709	0.490078	0.500152	0.00029029
9710	0.497068	0.500151	0.00029026
9711	0.504205	0.500152	0.00029023
9712	0.461387	0.500148	0.000290228
9713	0.543536	0.500152	0.000290232
9714	0.458773	0.500148	0.000290234
9715	0.560391	0.500154	0.00029027
9716	0.550215	0.500159	0.000290286
9717	0.526213	0.500162	0.000290268
9718	0.475549	0.50016	0.00029025
9719	0.538126	0.500163	0.000290246
9720	0.51537	0.500165	0.00029022
9721	0.502085	0.500165	0.000290191
9722	0.550876	0.50017	0.000290208
9723	0.511594	0.500172	0.00029018
9724	0.482539	0.50017	0.000290156
9725	0.503547	0.50017	0.000290126
9726	0.528653	0.500173	0.000290111
9727	0.520481	0.500175	0.000290089
9728	0.48996	0.500174	0.000290061
9729	0.521126	0.500176	0.000290039
9730	0.516725	0.500178	0.000290014
9731	0.458831	0.500174	0.000290016
9732	0.469768	0.500171	0.000290003
9733	0.480079	0.500169	0.00028998
9734	0.477136	0.500166	0.00028996
9735	0.512979	0.500167	0.000289933
9736	0.463248	0.500164	0.000289928
9737	0.488252	0.500162	0.000289901
9738	0.517485	0.500164	0.000289877
9739	0.482929	0.500162	0.000289853
9740	0.504389	0.500163	0.000289823
9741	0.44957	0.500158	0.00028984
9742	0.457759	0.500153	0.000289843
9743	0.471552	0.50015	0.000289828
9744	0.476095	0.500148	0.000289809
9745	0.467539	0.500145	0.000289798
9746	0.457021	0.50014	0.000289802
9747	0.535988	0.500144	0.000289796
9748	0.473438	0.500141	0.000289779
9749	0.433135	0.500134	0.000289831
9750	0.514332	0.500136	0.000289805
9751	0.485611	0.500134	0.000289779
9752	0.558335	0.50014	0.000289811
9753	0.491449	0.500139	0.000289782
9754	0.508261	0.50014	0.000289754
9755	0.520947	0.500142	0.000289732
9756	0.530008	0.500145	0.000289718
9757	0.461467	0.500141	0.000289716
9758	0.529393	0.500144	0.000289702
9759	0.487919	0.500143	0.000289675
9760	0.51561	0.500145	0.000289649
9761	0.523364	0.500147	0.000289629
9762	0.470178	0.500144	0.000289616
9763	0.541774	0.500148	0.000289618
9764	0.5154	0.50015	0.000289592
9765	0.43768	0.500143	0.000289633
9766	0.486508	0.500142	0.000289607
9767	0.5451	0.500147	0.000289614
9768	0.496822	0.500146	0.000289585
9769	0.480753	0.500144	0.000289562
9770	0.515408	0.500146	0.000289536
9771	0.514278	0.500147	0.00028951
9772	0.501888	0.500148	0.000289481
9773	0.480788	0.500146	0.000289458
9774	0.473193	0.500143	0.000289441
9775	0.518762	0.500145	0.000289418
9776	0.472217	0.500142	0.000289403
9777	0.488944	0.500141	0.000289375
9778	0.518487	0.500143	0.000289352
9779	0.477555	0.50014	0.000289331
9780	0.496117	0.50014	0.000289302
9781	0.509793	0.500141	0.000289274
9782	0.514466	0.500142	0.000289248
9783	0.447254	0.500137	0.000289269
9784	0.432088	0.50013	0.000289323
9785	0.485546	0.500128	0.000289298
9786	0.434708	0.500122	0.000289345
9787	0.50605	0.500122	0.000289316
9788	0.483113	0.500121	0.000289292
9789	0.508413	0.500121	0.000289264
9790	0.507019	0.500122	0.000289235
9791	0.53804	0.500126	0.000289231
9792	0.566111	0.500133	0.00028928
9793	0.545473	0.500137	0.000289288
9794	0.479614	0.500135	0.000289266
9795	0.562247	0.500142	0.000289306
9796	0.490936	0.500141	0.000289278
9797	0.490426	0.50014	0.00028925
9798	0.514024	0.500141	0.000289224
9799	0.530704	0.500144	0.000289211
9800	0.413294	0.500135	0.000289317
9801	0.546609	0.50014	0.000289327
9802	0.539108	0.500144	0.000289325
9803	0.469989	0.500141	0.000289311
9804	0.475943	0.500139	0.000289292
9805	0.535642	0.500142	0.000289286
9806	0.470549	0.500139	0.000289272
9807	0.530579	0.500142	0.000289259
9808	0.522566	0.500145	0.000289238
9809	0.486089	0.500143	0.000289213
9810	0.570191	0.50015	0.000289271
9811	0.478411	0.500148	0.00028925
9812	0.528682	0.500151	0.000289235
9813	0.456499	0.500147	0.00028924
9814	0.519616	0.500148	0.000289217
9815	0.472998	0.500146	0.000289201
9816	0.503976	0.500146	0.000289172
9817	0.497211	0.500146	0.000289143
9818	0.492321	0.500145	0.000289114
9819	0.526511	0.500148	0.000289097
9820	0.520414	0.50015	0.000289075
9821	0.505287	0.50015	0.000289046
9822	0.53887	0.500154	0.000289044
9823	0.458171	0.50015	0.000289046
9824	0.490529	0.500149	0.000289018
9825	0.496967	0.500149	0.000288989
9826	0.479406	0.500147	0.000288967
9827	0.478341	0.500144	0.000288946
9828	0.50025	0.500144	0.000288917
9829	0.451993	0.500139	0.000288929
9830	0.527883	0.500142	0.000288913
9831	0.476692	0.50014	0.000288894
9832	0.55064	0.500145	0.00028891
9833	0.434206	0.500138	0.000288959
9834	0.472412	0.500135	0.000288943
9835	0.538817	0.500139	0.00028894
9836	0.512929	0.500141	0.000288914
9837	0.472771	0.500138	0.000288898
9838	0.496076	0.500138	0.000288869
9839	0.455663	0.500133	0.000288875
9840	0.531214	0.500136	0.000288863
9841	0.498414	0.500136	0.000288833
9842	0.492603	0.500135	0.000288805
9843	0.550165	0.50014	0.000288821
9844	0.4672	0.500137	0.000288811
9845	0.479043	0.500135	0.000288789
9846	0.481268	0.500133	0.000288766
9847	0.495449	0.500132	0.000288737
9848	0.501355	0.500133	0.000288708
9849	0.479128	0.50013	0.000288687
9850	0.475399	0.500128	0.000288668
9851	0.498983	0.500128	0.000288639
9852	0.544853	0.500132	0.000288645
9853	0.487217	0.500131	0.000288619
9854	0.518856	0.500133	0.000288596
9855	0.497054	0.500133	0.000288567
9856	0.546693	0.500137	0.000288576
9857	0.515964	0.500139	0.000288551
9858	0.50487	0.500139	0.000288523
9859	0.493934	0.500139	0.000288494
9860	0.550351	0.500144	0.00028851
9861	0.519035	0.500146	0.000288487
9862	0.481609	0.500144	0.000288464
9863	0.480128	0.500142	0.000288442
9864	0.484346	0.50014	0.000288417
9865	0.499281	0.50014	0.000288387
9866	0.528843	0.500143	0.000288373
9867	0.514059	0.500145	0.000288347
9868	0.521106	0.500147	0.000288326
9869	0.532544	0.50015	0.000288315
9870	0.520095	0.500152	0.000288293
9871	0.531588	0.500155	0.000288281
9872	0.468494	0.500152	0.00028827
9873	0.521466	0.500154	0.000288249
9874	0.464639	0.50015	0.000288242
9875	0.467719	0.500147	0.000288232
9876	0.508372	0.500148	0.000288204
9877	0.453694	0.500143	0.000288213
9878	0.503732	0.500144	0.000288184
9879	0.45488	0.500139	0.000288191
9880	0.44659	0.500134	0.000288213
9881	0.468837	0.500131	0.000288201
9882	0.505441	0.500131	0.000288173
9883	0.462158	0.500127	0.000288169
9884	0.488758	0.500126	0.000288142
9885	0.478559	0.500124	0.000288121
9886	0.56246	0.50013	0.000288161
9887	0.509848	0.500131	0.000288134
9888	0.42619	0.500124	0.000288202
9889	0.534185	0.500127	0.000288193
9890	0.437273	0.500121	0.000288234
9891	0.4837	0.500119	0.00028821
9892	0.52638	0.500122	0.000288193
9893	0.496184	0.500121	0.000288164
9894	0.529046	0.500124	0.00028815
9895	0.463243	0.500121	0.000288145
9896	0.482407	0.500119	0.000288121
9897	0.489926	0.500118	0.000288094
9898	0.506622	0.500118	0.000288065
9899	0.508554	0.500119	0.000288038
9900	0.505621	0.50012	0.000288009
9901	0.462056	0.500116	0.000288006
9902	0.492001	0.500115	0.000287978
9903	0.489847	0.500114	0.00028795
9904	0.505997	0.500115	0.000287922
9905	0.531891	0.500118	0.000287911
9906	0.498665	0.500118	0.000287882
9907	0.524264	0.50012	0.000287863
9908	0.464531	0.500117	0.000287856
9909	0.512199	0.500118	0.00028783
9910	0.489137	0.500117	0.000287803
9911	0.504231	0.500117	0.000287774
9912	0.512057	0.500118	0.000287748
9913	0.493732	0.500118	0.000287719
9914	0.45614	0.500113	0.000287725
9915	0.51177	0.500114	0.000287698
9916	0.538843	0.500118	0.000287695
9917	0.4879	0.500117	0.000287669
9918	0.471738	0.500114	0.000287654
9919	0.523127	0.500117	0.000287635
9920	0.489365	0.500115	0.000287608
9921	0.451956	0.500111	0.00028762
9922	0.488828	0.50011	0.000287593
9923	0.528099	0.500112	0.000287578
9924	0.546616	0.500117	0.000287587
9925	0.481054	0.500115	0.000287564
9926	0.519361	0.500117	0.000287542
9927	0.478434	0.500115	0.000287521
9928	0.52033	0.500117	0.0002875
9929	0.511585	0.500118	0.000287473
9930	0.513667	0.500119	0.000287447
9931	0.469679	0.500116	0.000287435
9932	0.473504	0.500114	0.000287418
9933	0.560132	0.50012	0.000287453
9934	0.50526	0.50012	0.000287424
9935	0.500847	0.50012	0.000287395
9936	0.511575	0.500121	0.000287369
9937	0.492443	0.500121	0.000287341
9938	0.535491	0.500124	0.000287334
9939	0.476284	0.500122	0.000287315
9940	0.44865	0.500117	0.000287333
9941	0.506784	0.500117	0.000287305
9942	0.472437	0.500115	0.000287289
9943	0.504107	0.500115	0.000287261
9944	0.495142	0.500114	0.000287232
9945	0.466058	0.500111	0.000287224
9946	0.528388	0.500114	0.000287209
9947	0.535593	0.500117	0.000287202
9948	0.451205	0.500113	0.000287215
9949	0.523054	0.500115	0.000287196
9950	0.520316	0.500117	0.000287174
9951	0.499882	0.500117	0.000287145
9952	0.490327	0.500116	0.000287118
9953	0.493205	0.500115	0.00028709
9954	0.497693	0.500115	0.000287061
9955	0.498386	0.500115	0.000287033
9956	0.507471	0.500115	0.000287005
9957	0.429233	0.500108	0.000287064
9958	0.512043	0.50011	0.000287038
9959	0.453266	0.500105	0.000287048
9960	0.526129	0.500107	0.000287031
9961	0.492057	0.500107	0.000287003
9962	0.502594	0.500107	0.000286974
9963	0.504356	0.500107	0.000286946
9964	0.468668	0.500104	0.000286934
9965	0.512327	0.500105	0.000286908
9966	0.54241	0.50011	0.000286911
9967	0.468912	0.500107	0.000286899
9968	0.484339	0.500105	0.000286875
9969	0.546976	0.50011	0.000286884
9970	0.499375	0.50011	0.000286856
9971	0.478552	0.500107	0.000286835
9972	0.469332	0.500104	0.000286823
9973	0.495153	0.500104	0.000286794
9974	0.496407	0.500103	0.000286766
9975	0.53778	0.500107	0.000286762
9976	0.51324	0.500109	0.000286736
9977	0.527917	0.500111	0.000286721
9978	0.525275	0.500114	0.000286704
9979	0.518442	0.500116	0.000286681
9980	0.496326	0.500115	0.000286652
9981	0.506063	0.500116	0.000286624
9982	0.488394	0.500115	0.000286598
9983	0.444519	0.500109	0.000286623
9984	0.471941	0.500106	0.000286608
9985	0.430465	0.500099	0.000286665
9986	0.532976	0.500103	0.000286655
9987	0.511605	0.500104	0.000286628
9988	0.538493	0.500108	0.000286625
9989	0.469291	0.500105	0.000286613
9990	0.511904	0.500106	0.000286587
9991	0.535467	0.500109	0.00028658
9992	0.51533	0.500111	0.000286556
9993	0.516494	0.500112	0.000286532
9994	0.505716	0.500113	0.000286503
9995	0.514045	0.500114	0.000286478
9996	0.476916	0.500112	0.000286459
9997	0.485921	0.500111	0.000286434
9998	0.520063	0.500113	0.000286412
9999	0.51728	0.500114	0.000286389
