N	real_index	SN
1	0	0.879663
1	1	0.229586
1	2	0.533577
1	3	1.77341
1	4	-1.7114
1	5	0.145072
1	6	-4.85625
1	7	-1.4392
1	8	-0.0656342
1	9	-1.06981
1	10	0.384379
1	11	-1.82907
1	12	0.00583648
1	13	-0.435163
1	14	0.627503
1	15	0.635223
1	16	-5.97772
1	17	10.6744
1	18	3.8374
1	19	-17.7219
1	20	0.793048
1	21	-0.328321
1	22	0.12043
1	23	-54.08
1	24	-2.66526
1	25	-2.11688
1	26	-1.0676
1	27	0.467162
1	28	0.612506
1	29	-0.604799
1	30	-0.200915
1	31	0.0833308
1	32	0.734577
1	33	4.94903
1	34	2.57099
1	35	-28.5513
1	36	0.930884
1	37	2.06919
1	38	0.283398
1	39	5.74641
1	40	-8.03437
1	41	-0.0116683
1	42	-5.56754
1	43	4.18966
1	44	-0.52412
1	45	4.95672
1	46	-4.00311
1	47	0.620936
1	48	-1.4973
1	49	-2.27474
1	50	-1.93977
1	51	1.09236
1	52	-0.170611
1	53	-1.0098
1	54	-0.013166
1	55	-1.99134
1	56	1.46203
1	57	0.330677
1	58	-4890.76
1	59	0.545425
1	60	-2.76623
1	61	5.70693
1	62	2.63234
1	63	-0.985815
1	64	1.36099
1	65	-1.96718
1	66	0.126821
1	67	-1.75594
1	68	-0.236836
1	69	-9.72735
1	70	0.0397384
1	71	0.336335
1	72	3.20603
1	73	0.304892
1	74	-4.12686
1	75	-0.262912
1	76	-0.527659
1	77	-14.0953
1	78	1.00909
1	79	9.89321
1	80	1.57717
1	81	-2.40378
1	82	0.348155
1	83	3.01559
1	84	0.922753
1	85	-0.0104638
1	86	0.201195
1	87	-0.70356
1	88	-0.0313013
1	89	0.55754
1	90	-0.36614
1	91	-0.478705
1	92	-0.450521
1	93	-3.3197
1	94	1.16801
1	95	-1.37568
1	96	0.216339
1	97	0.376284
1	98	-32.123
1	99	-0.901853
1	100	7.20985
1	101	-4.89326
1	102	-0.311215
1	103	-1.77519
1	104	-2.07049
1	105	0.862152
1	106	2.01003
1	107	-1.62046
1	108	2.43432
1	109	-9.13033
1	110	1.96398
1	111	-1.10457
1	112	3.33285
1	113	-0.836972
1	114	1.32224
1	115	1.66498
1	116	-1.04485
1	117	2.35595
1	118	0.85665
1	119	0.502536
1	120	8.65227
1	121	-0.354279
1	122	-0.130984
1	123	0.0317649
1	124	0.133405
1	125	0.606664
1	126	0.086429
1	127	3.98382
1	128	-0.166744
1	129	-0.269459
1	130	-1.20357
1	131	-1.36001
1	132	20.0308
1	133	1.23857
1	134	-1.45578
1	135	0.471992
1	136	-22.9559
1	137	-0.174726
1	138	-0.161273
1	139	-0.449471
1	140	10.0487
1	141	-0.0585638
1	142	2.09531
1	143	-0.0896579
1	144	-3.74971
1	145	2.66546
1	146	-0.88716
1	147	2.91264
1	148	-5.01225
1	149	-0.00432344
1	150	3.35603
1	151	-0.0967146
1	152	0.0382291
1	153	0.740552
1	154	-0.756701
1	155	0.6182
1	156	3.0261
1	157	2.80244
1	158	-0.05562
1	159	0.335462
1	160	-4.76907
1	161	-0.176047
1	162	-0.272249
1	163	-0.0106502
1	164	-0.661343
1	165	4.28843
1	166	-0.675346
1	167	0.372162
1	168	0.739963
1	169	-0.0387242
1	170	1.46198
1	171	0.325687
1	172	5.18099
1	173	0.485845
1	174	0.696343
1	175	1.26462
1	176	-0.793719
1	177	-5.38116
1	178	1.52215
1	179	-3.05657
1	180	-1.21534
1	181	-0.0288578
1	182	11.3321
1	183	-8.22085
1	184	1.84286
1	185	0.0788665
1	186	-0.716984
1	187	0.513457
1	188	0.373808
1	189	-3.61812
1	190	0.873431
1	191	1.38956
1	192	5.66283
1	193	-1.27042
1	194	-0.00171477
1	195	-0.740953
1	196	-0.353086
1	197	0.0453396
1	198	-0.702563
1	199	0.517982
1	200	-1.18889
1	201	0.165949
1	202	-3.00676
1	203	-0.900118
1	204	-6.89225
1	205	1.57717
1	206	-17.5916
1	207	-0.600143
1	208	-0.791421
1	209	1.07765
1	210	0.770739
1	211	0.299597
1	212	3.61451
1	213	-0.425194
1	214	0.607295
1	215	1.95107
1	216	0.605789
1	217	-0.23821
1	218	-0.516307
1	219	3.8184
1	220	-3.72724
1	221	0.463616
1	222	0.496608
1	223	1.53725
1	224	0.31361
1	225	-0.437993
1	226	13.1039
1	227	0.354522
1	228	-4.29651
1	229	0.168128
1	230	2.71406
1	231	0.421438
1	232	-0.144372
1	233	-21.6523
1	234	-0.334472
1	235	-0.473368
1	236	-1.75374
1	237	-2.1768
1	238	1.06293
1	239	-0.535052
1	240	-2.84962
1	241	-5.9642
1	242	-4.13452
1	243	3.26824
1	244	0.178024
1	245	-0.675627
1	246	0.260796
1	247	-1.0386
1	248	23.2739
1	249	0.618423
1	250	0.844802
1	251	-2.63557
1	252	0.893663
1	253	5.26792
1	254	-1.80234
1	255	0.691982
1	256	-11.8883
1	257	3.35917
1	258	-0.108484
1	259	1.30515
1	260	0.549549
1	261	-5.32101
1	262	-0.104717
1	263	3.13432
1	264	-0.554402
1	265	0.298903
1	266	0.605931
1	267	1.59537
1	268	-0.015363
1	269	4.83632
1	270	1.89731
1	271	-0.395783
1	272	-0.520347
1	273	0.0352179
1	274	-0.612452
1	275	8.29802
1	276	0.198602
1	277	-1.5894
1	278	6.92376
1	279	-0.244907
1	280	3.38308
1	281	1.09929
1	282	5.96916
1	283	0.00715823
1	284	-0.493737
1	285	-0.188272
1	286	0.743367
1	287	2.0617
1	288	0.413245
1	289	-4.23029
1	290	1.52854
1	291	-0.642798
1	292	-1.2171
1	293	-0.322609
1	294	-2.31257
1	295	-0.293868
1	296	-1.23645
1	297	6.95656
1	298	-1.7221
1	299	-0.332889
1	300	-0.816565
1	301	0.835447
1	302	-2.03104
1	303	0.350658
1	304	-0.316526
1	305	2.2382
1	306	0.630796
1	307	1.69641
1	308	4.76232
1	309	-0.23111
1	310	0.273768
1	311	1.80513
1	312	-0.966498
1	313	-0.50023
1	314	-0.291313
1	315	-0.184717
1	316	12.3631
1	317	1.05561
1	318	2.67464
1	319	-0.383927
1	320	-0.117629
1	321	7.7226
1	322	1.2927
1	323	1.20754
1	324	-1.76449
1	325	7.93429
1	326	-3.46649
1	327	0.355833
1	328	-0.655529
1	329	-0.850828
1	330	-5.5332
1	331	26.1613
1	332	0.215573
1	333	0.702848
1	334	0.422351
1	335	-0.826775
1	336	0.272477
1	337	1.56598
1	338	1.21583
1	339	-1.0505
1	340	0.341107
1	341	1.27525
1	342	0.319733
1	343	9.36756
1	344	0.814599
1	345	0.60729
1	346	1.91187
1	347	2.67481
1	348	-1.09757
1	349	2.26312
1	350	2.7319
1	351	3.14165
1	352	25.2377
1	353	1.36915
1	354	-0.503101
1	355	-1.80247
1	356	-2.54674
1	357	-2.58116
1	358	0.28817
1	359	-0.594425
1	360	-0.367487
1	361	0.913926
1	362	-0.0664077
1	363	0.0495844
1	364	8.37383
1	365	1.81802
1	366	0.832051
1	367	-0.590219
1	368	-2.13909
1	369	-5.24779
1	370	-0.35268
1	371	2.18724
1	372	0.196489
1	373	1.27449
1	374	-1.24664
1	375	-0.115387
1	376	0.709777
1	377	-0.370628
1	378	0.512624
1	379	2.32174
1	380	-0.703204
1	381	-0.50631
1	382	0.164306
1	383	-2.38492
1	384	-2.72489
1	385	8.78947
1	386	0.0701562
1	387	-0.448071
1	388	-6.26805
1	389	0.174173
1	390	-0.864972
1	391	-0.0286376
1	392	-0.0114694
1	393	9.21064
1	394	2.64907
1	395	-0.720294
1	396	-0.188905
1	397	0.295275
1	398	2.9844
1	399	-3.31367
1	400	-1.81296
1	401	-0.060576
1	402	-1.62726
1	403	-0.598497
1	404	0.957483
1	405	-3.41277
1	406	-0.0815414
1	407	0.785569
1	408	1.27907
1	409	2.22091
1	410	-15.1814
1	411	-19.3731
1	412	-0.678438
1	413	0.859669
1	414	-1.48986
1	415	-12.8603
1	416	0.757427
1	417	0.476726
1	418	1.78763
1	419	-142.084
1	420	0.610526
1	421	2.49106
1	422	-27.1916
1	423	0.791325
1	424	5.81281
1	425	-0.200372
1	426	0.896691
1	427	5.38927
1	428	-1.80227
1	429	-4.45214
1	430	-0.147332
1	431	-1.73289
1	432	-0.302218
1	433	0.267932
1	434	0.201672
1	435	-11.6771
1	436	0.750535
1	437	0.524663
1	438	3.73206
1	439	0.931925
1	440	3.8536
1	441	4.82954
1	442	5.73215
1	443	-7.74285
1	444	-0.762636
1	445	1.82773
1	446	-3.19911
1	447	0.39077
1	448	-0.0447568
1	449	-1.20769
1	450	-0.389964
1	451	-0.234731
1	452	-2.14778
1	453	0.205194
1	454	-1.43303
1	455	1.41269
1	456	-0.446541
1	457	1.36519
1	458	0.0344642
1	459	0.72723
1	460	-0.68415
1	461	2.75008
1	462	0.0422272
1	463	-0.320589
1	464	-25.9247
1	465	-3.76355
1	466	0.788797
1	467	0.527417
1	468	-4.8549
1	469	0.772716
1	470	-1.12168
1	471	0.0720998
1	472	-2.49072
1	473	-5.32287
1	474	-15.8227
1	475	-0.854908
1	476	0.667704
1	477	-0.559874
1	478	1.30971
1	479	-0.268966
1	480	-0.737149
1	481	-0.458787
1	482	-0.292461
1	483	-7.09762
1	484	12.7226
1	485	-1.1902
1	486	-0.0754987
1	487	-2.26399
1	488	5.58234
1	489	-1.85703
1	490	-2.94286
1	491	-0.312653
1	492	8.16659
1	493	0.0841477
1	494	-1.09381
1	495	-12.1174
1	496	-3.07785
1	497	0.753437
1	498	0.140742
1	499	0.0423488
1	500	0.808228
1	501	0.200973
1	502	2.15313
1	503	0.652354
1	504	10.0638
1	505	9.35753
1	506	-2.83373
1	507	-1.48492
1	508	-0.604567
1	509	-1.46199
1	510	6.11851
1	511	-0.0666838
1	512	1.45047
1	513	1.2151
1	514	0.177193
1	515	2.30342
1	516	-0.601413
1	517	-1.56726
1	518	48.0062
1	519	2.61206
1	520	1.35311
1	521	-0.71095
1	522	-0.0298355
1	523	1.90513
1	524	14.0065
1	525	-0.848042
1	526	-1.10168
1	527	3.26927
1	528	-0.777133
1	529	-1.52804
1	530	2.34223
1	531	0.253597
1	532	1.57758
1	533	-1.25561
1	534	0.218698
1	535	0.171254
1	536	0.50771
1	537	0.848346
1	538	1.65498
1	539	4.20047
1	540	9.50972
1	541	-0.66688
1	542	-7.178
1	543	-2.58294
1	544	0.267302
1	545	0.713211
1	546	0.431405
1	547	-0.549257
1	548	-0.145981
1	549	-0.355151
1	550	-9.65004
1	551	-1.40536
1	552	0.0290533
1	553	2.61272
1	554	1.1771
1	555	0.738133
1	556	3.51989
1	557	1.06072
1	558	-1.28008
1	559	4.35786
1	560	-2.86131
1	561	-0.168044
1	562	0.358726
1	563	-0.641568
1	564	0.206376
1	565	1.33336
1	566	8.53302
1	567	0.438511
1	568	0.715142
1	569	-0.943016
1	570	2.51155
1	571	1.86422
1	572	-0.570236
1	573	-1.14059
1	574	0.870621
1	575	-1.15857
1	576	0.239795
1	577	-27.5809
1	578	53.4769
1	579	-0.34728
1	580	-0.00489999
1	581	0.530061
1	582	-1.73997
1	583	-1.50866
1	584	1.35641
1	585	0.0568894
1	586	0.207689
1	587	5.96984
1	588	6.46263
1	589	-21.0823
1	590	1.33472
1	591	0.0980014
1	592	-0.776956
1	593	-892.603
1	594	-4.08899
1	595	-0.884509
1	596	0.744057
1	597	1.73606
1	598	37.5784
1	599	-0.259377
1	600	-0.45577
1	601	-0.623732
1	602	-1.24831
1	603	-5.0141
1	604	0.758791
1	605	1.65708
1	606	2.79922
1	607	-1.02232
1	608	537.148
1	609	-1.87821
1	610	0.103337
1	611	1.36948
1	612	0.130908
1	613	-1.7183
1	614	1.86398
1	615	1.8858
1	616	-0.536861
1	617	2.15367
1	618	0.586013
1	619	1.23775
1	620	2.36628
1	621	-1.88527
1	622	0.323752
1	623	-0.492317
1	624	45.0485
1	625	0.0351894
1	626	-0.413369
1	627	-0.406641
1	628	2.20149
1	629	-0.582932
1	630	-0.36801
1	631	0.484093
1	632	0.475211
1	633	2.98257
1	634	-10.3793
1	635	-12.6585
1	636	239.112
1	637	-1.66199
1	638	-0.164056
1	639	1.07131
1	640	0.385046
1	641	0.497387
1	642	-1.35545
1	643	0.987089
1	644	3.86294
1	645	-0.3754
1	646	-0.162006
1	647	1.69197
1	648	1.06208
1	649	0.36788
1	650	-2.05227
1	651	-3.92186
1	652	-10.8753
1	653	0.299352
1	654	-0.0541208
1	655	-10.5858
1	656	2.8427
1	657	0.259862
1	658	2.23154
1	659	-3.56656
1	660	0.438415
1	661	0.587618
1	662	-3.81353
1	663	2.08582
1	664	4.90424
1	665	-5.69599
1	666	0.34339
1	667	-5.52135
1	668	-0.35553
1	669	-0.338255
1	670	1.76929
1	671	0.866144
1	672	-0.290936
1	673	-0.569238
1	674	-1.68995
1	675	0.728028
1	676	1.57501
1	677	-1.26875
1	678	1.54592
1	679	-2.2288
1	680	0.807679
1	681	-0.114785
1	682	0.616525
1	683	-0.679935
1	684	-0.491298
1	685	1.79646
1	686	-12.8378
1	687	-2.98851
1	688	-1.50941
1	689	0.807283
1	690	0.828048
1	691	-1.39422
1	692	-0.312442
1	693	-0.626967
1	694	0.228957
1	695	-0.231725
1	696	-0.366126
1	697	-0.944751
1	698	11.3232
1	699	5.48679
1	700	-0.0920855
1	701	0.523026
1	702	-1.23898
1	703	-0.556956
1	704	0.542451
1	705	-0.520522
1	706	0.121117
1	707	-0.0236343
1	708	-1.96155
1	709	0.0170889
1	710	-1.2917
1	711	0.454039
1	712	-1.31465
1	713	-84.1845
1	714	-0.788089
1	715	-32.1801
1	716	-0.342256
1	717	2.31187
1	718	-1.26517
1	719	-3.67172
1	720	-0.0127935
1	721	-0.0167221
1	722	0.2037
1	723	-0.0899229
1	724	-14.3366
1	725	-0.302827
1	726	-0.956162
1	727	3.06493
1	728	1.82838
1	729	-2.91781
1	730	-0.242171
1	731	0.012726
1	732	2.97413
1	733	-1.95068
1	734	-0.355719
1	735	0.0577205
1	736	-0.274864
1	737	0.848324
1	738	0.527301
1	739	0.724711
1	740	0.623763
1	741	3.16744
1	742	1.01618
1	743	0.107016
1	744	9.91427
1	745	0.185147
1	746	-0.345331
1	747	0.897752
1	748	-0.463714
1	749	-4.46748
1	750	-0.554281
1	751	0.47517
1	752	0.567365
1	753	4.24293
1	754	-1.3274
1	755	215.685
1	756	-1.62685
1	757	-7.64389
1	758	0.891014
1	759	1.01781
1	760	-0.141336
1	761	0.0530102
1	762	2.13285
1	763	-1.47339
1	764	0.298643
1	765	-1.02999
1	766	-0.210359
1	767	-6.14734
1	768	-0.406098
1	769	1.03235
1	770	-48.8825
1	771	-0.954687
1	772	-0.171881
1	773	10.6487
1	774	-0.566714
1	775	0.580986
1	776	-7.13856
1	777	15.3181
1	778	-1.49978
1	779	0.0571289
1	780	-1.29856
1	781	0.904689
1	782	-2.87841
1	783	3.50556
1	784	-0.148499
1	785	-32.7636
1	786	-0.161511
1	787	-0.608789
1	788	0.239915
1	789	0.0924627
1	790	-8.4641
1	791	0.101628
1	792	15.4092
1	793	-0.393487
1	794	8.20658
1	795	0.594042
1	796	-0.132098
1	797	0.370184
1	798	-12.8566
1	799	-0.543459
1	800	-1.80553
1	801	-40.078
1	802	0.752891
1	803	-0.545311
1	804	-0.117831
1	805	0.590215
1	806	11.9245
1	807	0.797703
1	808	0.0140789
1	809	-0.397366
1	810	-0.482245
1	811	2.22953
1	812	0.900679
1	813	-1.96434
1	814	6.32896
1	815	8.05191
1	816	-2.14877
1	817	-0.0506998
1	818	59.5725
1	819	-0.55467
1	820	3.27582
1	821	-0.471234
1	822	2.53545
1	823	-0.446922
1	824	0.546693
1	825	0.424313
1	826	-1.31609
1	827	-0.179925
1	828	0.357866
1	829	-0.039467
1	830	0.00125372
1	831	1.44959
1	832	9.83644
1	833	-6.07306
1	834	0.166938
1	835	0.00875495
1	836	0.557252
1	837	-2.01864
1	838	0.406968
1	839	-0.854625
1	840	-0.707893
1	841	1.49652
1	842	-1.9518
1	843	-1.21508
1	844	0.723615
1	845	-1.02011
1	846	0.207609
1	847	-0.452647
1	848	-53.8558
1	849	1.17359
1	850	-0.242615
1	851	3.13335
1	852	0.157243
1	853	-9.75678
1	854	1.43914
1	855	2.23304
1	856	1.40288
1	857	1.07321
1	858	0.857739
1	859	-0.182635
1	860	-2.18766
1	861	10.7598
1	862	0.378626
1	863	3.43888
1	864	0.526604
1	865	2.4864
1	866	0.698017
1	867	-4.74972
1	868	-2.15316
1	869	1.78091
1	870	-0.0980463
1	871	1.80077
1	872	-0.743726
1	873	2.95513
1	874	1.10935
1	875	7.15028
1	876	21.8808
1	877	1.52503
1	878	0.501747
1	879	4.40997
1	880	0.944401
1	881	-2.11372
1	882	-0.864912
1	883	-0.955824
1	884	-3.756
1	885	0.729039
1	886	-0.551581
1	887	-0.296658
1	888	33.9584
1	889	1.67693
1	890	18.9627
1	891	0.549133
1	892	-0.362207
1	893	-0.288453
1	894	-27.712
1	895	1.45604
1	896	-1.38347
1	897	-21.212
1	898	2.11057
1	899	1.19843
1	900	0.539745
1	901	3.04709
1	902	0.56467
1	903	0.442957
1	904	-0.344326
1	905	-0.381602
1	906	-3.74101
1	907	2.65322
1	908	1.03478
1	909	-0.744126
1	910	1.93353
1	911	0.123559
1	912	0.836489
1	913	-82.6106
1	914	-1.49856
1	915	-1.54622
1	916	0.144596
1	917	0.448092
1	918	-4.02353
1	919	1.37966
1	920	4.80143
1	921	1.82537
1	922	-0.707511
1	923	1.1454
1	924	1.24861
1	925	2.01727
1	926	-0.318623
1	927	0.53622
1	928	0.217423
1	929	-0.560592
1	930	-1.49586
1	931	0.843346
1	932	-0.201689
1	933	7.60624
1	934	0.101086
1	935	-0.494407
1	936	2.46581
1	937	0.634779
1	938	0.860453
1	939	-0.963512
1	940	0.520332
1	941	-2.08421
1	942	4.47559
1	943	-2.05152
1	944	-1.30613
1	945	-0.0324015
1	946	-1.71448
1	947	3.24073
1	948	-0.0404639
1	949	0.014443
1	950	1.02246
1	951	-0.596209
1	952	23.6547
1	953	0.437977
1	954	-1.13046
1	955	1.15779
1	956	-2.15335
1	957	0.198664
1	958	-0.119649
1	959	0.0817264
1	960	13.9484
1	961	0.235294
1	962	0.469729
1	963	-0.0487922
1	964	-1.36782
1	965	-1.58027
1	966	-1.09387
1	967	1.2303
1	968	1.943
1	969	-0.727379
1	970	-0.0961624
1	971	-0.890619
1	972	-17.6981
1	973	0.981934
1	974	-2.00089
1	975	2.40183
1	976	-0.228315
1	977	-1.93407
1	978	3.09307
1	979	1.14033
1	980	1.2211
1	981	-0.0351078
1	982	-0.971056
1	983	-1.47087
1	984	-0.757201
1	985	-1.68268
1	986	0.817648
1	987	0.406793
1	988	0.0526075
1	989	0.355426
1	990	-0.20574
1	991	8.69056
1	992	0.175253
1	993	0.0177202
1	994	63.8438
1	995	0.248126
1	996	0.0393688
1	997	0.528745
1	998	3.02118
1	999	-0.818431
1	1000	1.83849
1	1001	-0.847261
1	1002	11.8359
1	1003	-3.15653
1	1004	-2.30547
1	1005	5.8964
1	1006	1.66075
1	1007	-0.782529
1	1008	0.216455
1	1009	2.97593
1	1010	-1.69973
1	1011	0.634493
1	1012	-1.20871
1	1013	-1.43583
1	1014	0.336293
1	1015	-0.707675
1	1016	0.33805
1	1017	-0.657588
1	1018	-1.74326
1	1019	2.83029
1	1020	0.38757
1	1021	0.103292
1	1022	-0.168188
1	1023	-1.54031
1	1024	-0.310866
1	1025	2.23072
1	1026	-0.208374
1	1027	-2.329
1	1028	-0.422188
1	1029	-2.67864
1	1030	-1.45483
1	1031	-1.63779
1	1032	0.229466
1	1033	0.0349172
1	1034	2.07649
1	1035	-0.248384
1	1036	-0.0890445
1	1037	-3.43611
1	1038	-1.74762
1	1039	1.05301
1	1040	0.511947
1	1041	-3.00144
1	1042	-0.469211
1	1043	-0.881239
1	1044	2.39246
1	1045	-0.321878
1	1046	3.03237
1	1047	0.0342976
1	1048	0.815621
1	1049	-45.8327
1	1050	-0.814906
1	1051	-0.247772
1	1052	0.593463
1	1053	-4.14502
1	1054	0.0940427
1	1055	2.75889
1	1056	-5.45913
1	1057	4.36131
1	1058	0.782661
1	1059	1.5913
1	1060	-3.1242
1	1061	6.8036
1	1062	-0.3819
1	1063	-32.8606
1	1064	1.84165
1	1065	-4.36501
1	1066	-2.75716
1	1067	-0.116727
1	1068	-20.5542
1	1069	0.644641
1	1070	-1.12091
1	1071	16.814
1	1072	-0.613031
1	1073	4.63408
1	1074	-6.58919
1	1075	2.19147
1	1076	-1.11074
1	1077	0.442497
1	1078	-1.21061
1	1079	-1.94862
1	1080	0.296351
1	1081	3.94201
1	1082	1.28592
1	1083	79.3118
1	1084	2.13644
1	1085	15.2331
1	1086	-0.463491
1	1087	0.894149
1	1088	-0.552333
1	1089	1.33726
1	1090	3.24872
1	1091	-3.4256
1	1092	-0.0908588
1	1093	0.288685
1	1094	1.91303
1	1095	0.756933
1	1096	0.287654
1	1097	-0.214191
1	1098	1.79674
1	1099	0.0810803
1	1100	0.11717
1	1101	0.303312
1	1102	-1.47727
1	1103	0.431816
1	1104	0.139023
1	1105	1.90249
1	1106	0.582774
1	1107	-1.67095
1	1108	-2.59237
1	1109	0.115819
1	1110	-0.0336518
1	1111	-12.2447
1	1112	-3.59757
1	1113	0.162373
1	1114	8.01781
1	1115	-71.5391
1	1116	-0.836601
1	1117	2.13481
1	1118	0.791418
1	1119	-0.330469
1	1120	0.387565
1	1121	-0.389822
1	1122	1.08492
1	1123	0.268893
1	1124	-1.82925
1	1125	-2.40663
1	1126	-12.644
1	1127	0.264153
1	1128	-3.52856
1	1129	0.567329
1	1130	-0.546851
1	1131	-5.54071
1	1132	6.27672
1	1133	1.87502
1	1134	0.832592
1	1135	-2.27539
1	1136	-2.02829
1	1137	-0.713478
1	1138	-0.842158
1	1139	1.02463
1	1140	-0.475916
1	1141	-3.33616
1	1142	-0.73689
1	1143	0.968154
1	1144	-0.449467
1	1145	0.986718
1	1146	50.2991
1	1147	-2.21986
1	1148	-0.361934
1	1149	-1.93142
1	1150	0.341491
1	1151	-0.583349
1	1152	-0.124454
1	1153	-3.49439
1	1154	0.426349
1	1155	2.4182
1	1156	-0.272714
1	1157	-0.530128
1	1158	2.26257
1	1159	-0.903364
1	1160	-0.752924
1	1161	0.201075
1	1162	0.102626
1	1163	-1.3515
1	1164	0.557868
1	1165	6.81221
1	1166	0.587075
1	1167	0.268026
1	1168	-0.582848
1	1169	0.561133
1	1170	-0.330009
1	1171	-1.07312
1	1172	-0.925115
1	1173	0.462838
1	1174	0.678809
1	1175	-0.154057
1	1176	5.56725
1	1177	0.710304
1	1178	-1.17966
1	1179	-5.50376
1	1180	-10.0133
1	1181	-2.65566
1	1182	-1.59259
1	1183	-3.47018
1	1184	0.67097
1	1185	-1.57169
1	1186	6.60118
1	1187	-0.194416
1	1188	-7.04672
1	1189	-14.0789
1	1190	0.809369
1	1191	-0.0269977
1	1192	-0.529802
1	1193	0.893687
1	1194	0.706568
1	1195	2.50513
1	1196	7.95349
1	1197	2.2426
1	1198	2.64986
1	1199	1.33388
1	1200	-7.09508
1	1201	-0.815812
1	1202	6.57129
1	1203	-0.726338
1	1204	1.77215
1	1205	0.797429
1	1206	3.43451
1	1207	4.79536
1	1208	-0.39876
1	1209	-0.531273
1	1210	-1.71468
1	1211	-2.44416
1	1212	4.6081
1	1213	3.92176
1	1214	-0.843055
1	1215	-0.602877
1	1216	1.61519
1	1217	1.96018
1	1218	-0.348822
1	1219	2.4984
1	1220	0.510308
1	1221	0.177543
1	1222	0.5551
1	1223	1.15727
1	1224	-1.39232
1	1225	0.333715
1	1226	0.219958
1	1227	-0.521714
1	1228	-0.279234
1	1229	-0.179852
1	1230	-0.767207
1	1231	-0.0882834
1	1232	-1.05781
1	1233	1.4133
1	1234	-0.87311
1	1235	-0.355538
1	1236	1.34828
1	1237	0.906917
1	1238	-2.77487
1	1239	-2.46774
1	1240	0.400106
1	1241	-0.874836
1	1242	-0.296849
1	1243	-4.32288
1	1244	0.993917
1	1245	1.43732
1	1246	0.914074
1	1247	-0.246284
1	1248	5.51505
1	1249	19.1316
1	1250	0.00749183
1	1251	-0.263265
1	1252	-2.0207
1	1253	3.74628
1	1254	-0.50966
1	1255	10.008
1	1256	-0.22225
1	1257	-0.31507
1	1258	1.14981
1	1259	-0.740226
1	1260	-0.718228
1	1261	0.0780569
1	1262	-1.91496
1	1263	0.0745451
1	1264	-4.57062
1	1265	0.48701
1	1266	-1.30084
1	1267	-1.07519
1	1268	-0.526254
1	1269	-0.0953649
1	1270	-16.6825
1	1271	7.64153
1	1272	214.848
1	1273	-69.5704
1	1274	-0.68552
1	1275	0.949444
1	1276	0.464826
1	1277	-0.739789
1	1278	-0.379046
1	1279	0.869416
1	1280	4.05205
1	1281	0.39259
1	1282	54.5535
1	1283	0.490095
1	1284	0.16186
1	1285	4.1476
1	1286	-0.915755
1	1287	0.817252
1	1288	-1.63303
1	1289	-4.29691
1	1290	0.219109
1	1291	-0.182185
1	1292	-4.52449
1	1293	0.206729
1	1294	0.188658
1	1295	0.0335311
1	1296	4.89096
1	1297	0.606467
1	1298	-0.632458
1	1299	-3.42518
1	1300	0.845739
1	1301	-0.482381
1	1302	0.22508
1	1303	0.550581
1	1304	2.16546
1	1305	1.22963
1	1306	0.228103
1	1307	1.2975
1	1308	-0.542199
1	1309	-0.00275919
1	1310	1.08018
1	1311	-0.151517
1	1312	-3.53577
1	1313	-3.04474
1	1314	0.335695
1	1315	0.0559152
1	1316	-6.45594
1	1317	1.78762
1	1318	-0.149637
1	1319	1.16149
1	1320	-1.2645
1	1321	-2.47238
1	1322	8.26638
1	1323	0.388741
1	1324	1.36388
1	1325	1.75517
1	1326	-2.55174
1	1327	-1.20205
1	1328	-0.0509204
1	1329	-3.30174
1	1330	-2.03572
1	1331	0.863451
1	1332	0.104408
1	1333	0.419382
1	1334	-0.0194441
1	1335	-0.466062
1	1336	2.39468
1	1337	1.06792
1	1338	0.413712
1	1339	-0.226742
1	1340	1.36349
1	1341	-0.112901
1	1342	0.124174
1	1343	-1.51564
1	1344	-0.980451
1	1345	4.38427
1	1346	0.084293
1	1347	0.417255
1	1348	-0.602924
1	1349	-0.899376
1	1350	0.877056
1	1351	-1.33526
1	1352	-1.27531
1	1353	-0.202671
1	1354	-2.36125
1	1355	-0.368762
1	1356	0.778735
1	1357	-1.38765
1	1358	2.19952
1	1359	-0.395319
1	1360	-0.142424
1	1361	0.0303358
1	1362	0.200555
1	1363	-1.18019
1	1364	1.81499
1	1365	-1.0001
1	1366	2.22305
1	1367	-2.19301
1	1368	5.5837
1	1369	0.557765
1	1370	1.97698
1	1371	-1.94515
1	1372	-0.817422
1	1373	0.413434
1	1374	0.526826
1	1375	-6.55307
1	1376	-1.68458
1	1377	-0.719471
1	1378	-0.143715
1	1379	0.776656
1	1380	-1.49958
1	1381	-0.294128
1	1382	-0.605287
1	1383	-0.0331564
1	1384	-2.76582
1	1385	-13.0902
1	1386	-1.52705
1	1387	-1.81145
1	1388	0.662688
1	1389	-0.141975
1	1390	-0.444138
1	1391	-0.0144274
1	1392	-0.124465
1	1393	-1.39894
1	1394	-1.05369
1	1395	-0.067851
1	1396	-7.56544
1	1397	0.772764
1	1398	0.398765
1	1399	-0.296138
1	1400	1.517
1	1401	2.47411
1	1402	0.495495
1	1403	-0.0519706
1	1404	-5.44824
1	1405	-0.736481
1	1406	-1.82461
1	1407	-0.0802628
1	1408	-0.439231
1	1409	-0.473079
1	1410	-1.55074
1	1411	-0.187618
1	1412	-0.233912
1	1413	0.324207
1	1414	-18.9886
1	1415	-0.0306294
1	1416	0.534819
1	1417	0.802911
1	1418	-0.735432
1	1419	1.52091
1	1420	1.50095
1	1421	-0.971417
1	1422	-4.83419
1	1423	1.69508
1	1424	0.496913
1	1425	0.212413
1	1426	-1.68362
1	1427	-0.0321919
1	1428	0.0541453
1	1429	0.273619
1	1430	-11.6116
1	1431	0.93688
1	1432	-0.732726
1	1433	-41.3569
1	1434	-0.629732
1	1435	0.910763
1	1436	0.216068
1	1437	-0.935419
1	1438	1.19486
1	1439	0.437966
1	1440	-0.352995
1	1441	-2.58445
1	1442	1.50079
1	1443	-0.149525
1	1444	271.666
1	1445	-1.48864
1	1446	0.666116
1	1447	-0.683968
1	1448	-3.54531
1	1449	1.36747
1	1450	-2.49018
1	1451	1.66539
1	1452	6.75787
1	1453	0.270045
1	1454	1.36984
1	1455	0.0449853
1	1456	-0.945062
1	1457	1.55074
1	1458	-0.834626
1	1459	-0.331359
1	1460	-7.61107
1	1461	8.96667
1	1462	-2.55335
1	1463	-81.7185
1	1464	-1.82901
1	1465	1.94981
1	1466	1.70896
1	1467	1.05468
1	1468	-2.22321
1	1469	-0.342544
1	1470	-1.66542
1	1471	-0.100977
1	1472	-0.180484
1	1473	-3.16173
1	1474	0.135608
1	1475	0.462857
1	1476	-0.18854
1	1477	0.884345
1	1478	-0.390485
1	1479	-11.564
1	1480	9.11358
1	1481	0.362552
1	1482	0.232121
1	1483	3.68296
1	1484	-0.557507
1	1485	1.59235
1	1486	0.201036
1	1487	1.2382
1	1488	-2.9324
1	1489	1.34364
1	1490	-2.14776
1	1491	-0.813215
1	1492	16.7077
1	1493	0.604494
1	1494	-3.44282
1	1495	5.52075
1	1496	0.475681
1	1497	1.69424
1	1498	-0.507329
1	1499	0.810243
1	1500	-1.45333
1	1501	-0.311463
1	1502	3.95637
1	1503	-0.330261
1	1504	-0.269622
1	1505	0.52161
1	1506	-9.06668
1	1507	0.716882
1	1508	0.253429
1	1509	0.012944
1	1510	1.38011
1	1511	-0.595417
1	1512	-1.90106
1	1513	-4.99573
1	1514	5.89808
1	1515	-1.58152
1	1516	-1.546
1	1517	-0.458551
1	1518	-0.12292
1	1519	-0.48391
1	1520	3.63119
1	1521	-7.60275
1	1522	1.05467
1	1523	0.806381
1	1524	-0.95393
1	1525	-0.627851
1	1526	0.519893
1	1527	-2.91036
1	1528	0.517342
1	1529	2.74429
1	1530	0.606715
1	1531	2.12563
1	1532	-8.58189
1	1533	0.315022
1	1534	-1.26551
1	1535	0.388863
1	1536	-0.575535
1	1537	36.7626
1	1538	-0.409276
1	1539	6.55977
1	1540	0.0216338
1	1541	-0.536208
1	1542	-0.92808
1	1543	-69.6408
1	1544	6.48916
1	1545	-2.49358
1	1546	-0.452844
1	1547	1.07074
1	1548	-0.607267
1	1549	1.55793
1	1550	2.50915
1	1551	5.16564
1	1552	0.333153
1	1553	-10.581
1	1554	-0.137462
1	1555	-4.03869
1	1556	-3.50006
1	1557	-1.6007
1	1558	-0.500386
1	1559	-1.71697
1	1560	0.284198
1	1561	1.34025
1	1562	-0.127381
1	1563	-0.68633
1	1564	-2.85899
1	1565	0.984103
1	1566	-1.04429
1	1567	-6.1467
1	1568	-1.56464
1	1569	2.77143
1	1570	0.407691
1	1571	-0.313806
1	1572	1.75091
1	1573	1.32133
1	1574	-2.43422
1	1575	-0.550204
1	1576	-0.457506
1	1577	-1.15434
1	1578	0.187052
1	1579	-88.5773
1	1580	2.91307
1	1581	1.18329
1	1582	2.25331
1	1583	2.24303
1	1584	-0.245593
1	1585	0.376271
1	1586	1.62976
1	1587	0.405292
1	1588	-0.00148805
1	1589	2.05843
1	1590	1.90783
1	1591	0.470814
1	1592	1.50392
1	1593	4.2292
1	1594	-0.68268
1	1595	1.87539
1	1596	1.20421
1	1597	-18.5353
1	1598	-0.599295
1	1599	4.7342
1	1600	-2.16617
1	1601	-2.84097
1	1602	4.54378
1	1603	-4.8503
1	1604	-1.24751
1	1605	0.283947
1	1606	0.585336
1	1607	-0.371202
1	1608	0.102075
1	1609	0.564027
1	1610	41.32
1	1611	-2.43413
1	1612	25.598
1	1613	-2.05231
1	1614	0.875292
1	1615	2.413
1	1616	-10.5173
1	1617	0.548456
1	1618	1.18563
1	1619	-0.663426
1	1620	0.358705
1	1621	1.66771
1	1622	-2.08822
1	1623	6.49482
1	1624	1.22381
1	1625	-0.0912301
1	1626	0.626003
1	1627	0.771078
1	1628	0.697112
1	1629	7.0417
1	1630	0.865878
1	1631	-12.3781
1	1632	-1.29833
1	1633	-0.0191486
1	1634	-0.87745
1	1635	0.12758
1	1636	-2.13368
1	1637	-0.186213
1	1638	-0.176462
1	1639	-2.59887
1	1640	-0.681151
1	1641	2.2641
1	1642	-0.65344
1	1643	-0.362057
1	1644	-0.368906
1	1645	-6.13718
1	1646	1.66238
1	1647	-41.9378
1	1648	-0.228735
1	1649	2.32883
1	1650	0.645357
1	1651	-0.312702
1	1652	0.687357
1	1653	1.0223
1	1654	1.3522
1	1655	3.95688
1	1656	1.50918
1	1657	-3.06976
1	1658	0.416631
1	1659	-0.278088
1	1660	0.323911
1	1661	0.203143
1	1662	-1.6215
1	1663	-0.128013
1	1664	-0.971132
1	1665	1.2794
1	1666	0.886973
1	1667	2.22888
1	1668	-29.7368
1	1669	-1.71955
1	1670	-4.26712
1	1671	-0.134193
1	1672	14.9951
1	1673	0.67608
1	1674	-1.81681
1	1675	1.40651
1	1676	-0.756218
1	1677	-0.594937
1	1678	0.320398
1	1679	0.52089
1	1680	1.6895
1	1681	1.57654
1	1682	0.279097
1	1683	1.22134
1	1684	-64.669
1	1685	0.43795
1	1686	-3.90453
1	1687	0.366338
1	1688	0.0459476
1	1689	-4.75369
1	1690	-0.318558
1	1691	0.159257
1	1692	0.860934
1	1693	-0.200625
1	1694	-2.28556
1	1695	-1.21413
1	1696	-0.266152
1	1697	-2.46411
1	1698	-0.303855
1	1699	0.345274
1	1700	-0.0416968
1	1701	-2.62741
1	1702	0.0489074
1	1703	-1.27707
1	1704	-2.3834
1	1705	0.30042
1	1706	-0.910854
1	1707	-0.729375
1	1708	-3.91804
1	1709	0.183071
1	1710	1.17101
1	1711	0.804442
1	1712	-0.309422
1	1713	-1.74092
1	1714	0.0539297
1	1715	-4.1924
1	1716	-0.320061
1	1717	1.14529
1	1718	-3.45227
1	1719	0.203017
1	1720	1.92332
1	1721	1.02595
1	1722	2.25868
1	1723	0.382604
1	1724	0.615293
1	1725	9.72829
1	1726	0.864177
1	1727	-0.977102
1	1728	5.98488
1	1729	-1.30023
1	1730	2.32053
1	1731	-1.28209
1	1732	-3.103
1	1733	4.23727
1	1734	1.35211
1	1735	2.10393
1	1736	0.557304
1	1737	1.43644
1	1738	5.41746
1	1739	-0.179911
1	1740	-4.42074
1	1741	0.650956
1	1742	1.60927
1	1743	3.96142
1	1744	4.51368
1	1745	-4.4717
1	1746	2.42808
1	1747	0.0199283
1	1748	0.754873
1	1749	0.277979
1	1750	1.84282
1	1751	-0.274438
1	1752	1.96719
1	1753	0.632922
1	1754	1.00799
1	1755	1.88217
1	1756	1.81672
1	1757	0.414096
1	1758	-0.193189
1	1759	-1.20181
1	1760	-0.227583
1	1761	-1.12557
1	1762	-1.07659
1	1763	0.432502
1	1764	-2.04249
1	1765	0.353779
1	1766	-1.39326
1	1767	-1.05307
1	1768	20.7738
1	1769	-0.275451
1	1770	2.44495
1	1771	0.476269
1	1772	-0.50413
1	1773	-1.29538
1	1774	0.288927
1	1775	-0.984385
1	1776	-0.534139
1	1777	1.44776
1	1778	3.69543
1	1779	0.0500099
1	1780	2.28711
1	1781	-1.35067
1	1782	-0.687305
1	1783	3.09573
1	1784	-74.803
1	1785	4.36689
1	1786	0.96509
1	1787	-7.67707
1	1788	-0.543345
1	1789	-0.701744
1	1790	-0.108417
1	1791	2.25833
1	1792	-0.319922
1	1793	-0.223689
1	1794	1.46562
1	1795	-1.5497
1	1796	1.97169
1	1797	4.97478
1	1798	3.08614
1	1799	-2.25841
1	1800	-0.719075
1	1801	-0.334322
1	1802	-0.923655
1	1803	2.09656
1	1804	0.287875
1	1805	6.32017
1	1806	-1.82346
1	1807	0.0594819
1	1808	-1.53026
1	1809	0.237649
1	1810	-0.690614
1	1811	-2.26774
1	1812	2.87741
1	1813	2.93525
1	1814	-0.242444
1	1815	-1.06975
1	1816	-1.01071
1	1817	-7.33529
1	1818	-0.230209
1	1819	-0.216346
1	1820	-0.00775884
1	1821	0.988016
1	1822	1.49029
1	1823	-8.26643
1	1824	-0.386565
1	1825	-0.400252
1	1826	-0.719082
1	1827	0.666123
1	1828	1.48678
1	1829	-1.68309
1	1830	-3.1454
1	1831	0.652923
1	1832	-3.41656
1	1833	0.37866
1	1834	-0.848608
1	1835	1.83745
1	1836	2.70459
1	1837	-0.454038
1	1838	4.20044
1	1839	-5.28223
1	1840	5.41872
1	1841	-0.0384315
1	1842	1.25986
1	1843	-2.84943
1	1844	0.113511
1	1845	-0.556528
1	1846	-6.07503
1	1847	3.02143
1	1848	0.484757
1	1849	-0.48674
1	1850	-8.04664
1	1851	0.0520821
1	1852	1.43123
1	1853	-11.8108
1	1854	-3.36363
1	1855	-0.624559
1	1856	-0.791993
1	1857	8.00429
1	1858	0.582227
1	1859	1.94901
1	1860	0.742794
1	1861	-3.45987
1	1862	0.219358
1	1863	1.08119
1	1864	0.800788
1	1865	0.926289
1	1866	2.55742
1	1867	2.02026
1	1868	0.53856
1	1869	-0.151109
1	1870	2.23866
1	1871	0.250588
1	1872	-0.721283
1	1873	1.24802
1	1874	2.76592
1	1875	1.45163
1	1876	1.1964
1	1877	0.62852
1	1878	3.33582
1	1879	0.96149
1	1880	0.662395
1	1881	1.09465
1	1882	-4.31562
1	1883	4.37921
1	1884	-0.136249
1	1885	-2.83786
1	1886	-8.30306
1	1887	-0.603328
1	1888	-1.03698
1	1889	-8.82641
1	1890	0.00178288
1	1891	3.25542
1	1892	-0.896557
1	1893	-0.497092
1	1894	0.748873
1	1895	-1.76941
1	1896	-1.53324
1	1897	-2.55024
1	1898	13.6508
1	1899	3.64462
1	1900	0.0539114
1	1901	-1.16804
1	1902	-8.32098
1	1903	-2.7456
1	1904	-0.812927
1	1905	-1.25376
1	1906	1.18994
1	1907	2.18059
1	1908	-4.08972
1	1909	-0.224341
1	1910	-0.167136
1	1911	0.234978
1	1912	-0.896945
1	1913	7.09209
1	1914	0.801608
1	1915	-0.694853
1	1916	-0.443608
1	1917	-0.0639335
1	1918	0.837732
1	1919	0.29091
1	1920	1.54795
1	1921	1.46958
1	1922	-15.1051
1	1923	0.0807705
1	1924	0.220577
1	1925	-1.58521
1	1926	-64.0019
1	1927	0.791253
1	1928	-4.91919
1	1929	0.384249
1	1930	2.38011
1	1931	0.153661
1	1932	-1.27251
1	1933	0.978153
1	1934	-0.846447
1	1935	-2.33604
1	1936	-0.799341
1	1937	0.408606
1	1938	-2.09311
1	1939	0.228865
1	1940	-0.398999
1	1941	-1.51953
1	1942	0.815632
1	1943	-9.93939
1	1944	-0.811656
1	1945	-4.3504
1	1946	-2.48977
1	1947	-1.67472
1	1948	0.920233
1	1949	2.02
1	1950	-0.0426011
1	1951	-2.53763
1	1952	0.383032
1	1953	2.79372
1	1954	0.529697
1	1955	13.0183
1	1956	0.0970388
1	1957	-0.540882
1	1958	-10.5483
1	1959	-1.02612
1	1960	0.112926
1	1961	-0.473434
1	1962	-2.73221
1	1963	-7.96609
1	1964	0.185125
1	1965	0.937905
1	1966	-2.82507
1	1967	1.12225
1	1968	-12.9549
1	1969	0.953644
1	1970	-1.38865
1	1971	-4.75337
1	1972	4.09936
1	1973	-1.92243
1	1974	-1.78363
1	1975	3.38634
1	1976	2.83373
1	1977	1.6479
1	1978	0.0684951
1	1979	1.46674
1	1980	-2.29027
1	1981	4.7541
1	1982	0.287342
1	1983	0.224497
1	1984	-0.668579
1	1985	-6.83914
1	1986	-1.42753
1	1987	0.102733
1	1988	0.919642
1	1989	-0.0217523
1	1990	1.52786
1	1991	-0.085632
1	1992	0.335925
1	1993	-0.142681
1	1994	0.36992
1	1995	-1.39579
1	1996	-0.285771
1	1997	1.14485
1	1998	2.43073
1	1999	-1.36542
1	2000	-0.430333
1	2001	-1.79435
1	2002	1.1208
1	2003	-1.09989
1	2004	1.39787
1	2005	0.0245589
1	2006	-0.347035
1	2007	1.56405
1	2008	-0.25062
1	2009	-5.31398
1	2010	-1.74351
1	2011	-1.71607
1	2012	-3.69341
1	2013	-0.948983
1	2014	0.176705
1	2015	-6.07594
1	2016	-6.35364
1	2017	0.530318
1	2018	0.141993
1	2019	-1.77873
1	2020	0.0384328
1	2021	1.36049
1	2022	0.985348
1	2023	0.864285
1	2024	-0.168824
1	2025	0.50471
1	2026	-1.73477
1	2027	0.428749
1	2028	0.537966
1	2029	-1093.02
1	2030	-4.45147
1	2031	-2.2725
1	2032	-3.64474
1	2033	0.020468
1	2034	-0.19076
1	2035	-0.315234
1	2036	-0.71535
1	2037	0.221747
1	2038	3.97161
1	2039	-0.892708
1	2040	4.06663
1	2041	0.953448
1	2042	-2.93451
1	2043	1.0233
1	2044	-1.15215
1	2045	-2.81136
1	2046	-1.02935
1	2047	0.219992
1	2048	-0.961373
1	2049	2.00778
1	2050	-5.35647
1	2051	-0.139132
1	2052	-0.845838
1	2053	3.05916
1	2054	3.07594
1	2055	0.303512
1	2056	4.39519
1	2057	4.10944
1	2058	-0.970807
1	2059	0.0471441
1	2060	-1.16422
1	2061	-0.0034137
1	2062	2.48756
1	2063	-0.222239
1	2064	-0.140318
1	2065	1.4187
1	2066	1.6327
1	2067	1.1212
1	2068	-14.8063
1	2069	1.32557
1	2070	1.92339
1	2071	-3.16765
1	2072	-0.419739
1	2073	-0.22781
1	2074	1.439
1	2075	0.134583
1	2076	5.32516
1	2077	-0.0213242
1	2078	0.41955
1	2079	-3.26624
1	2080	2.00475
1	2081	-0.421235
1	2082	-0.142343
1	2083	1.52198
1	2084	-1.71255
1	2085	-1.43338
1	2086	1.69508
1	2087	-0.240148
1	2088	-1.0316
1	2089	-6.53072
1	2090	-1.2771
1	2091	3.13578
1	2092	-2.28911
1	2093	-2.0383
1	2094	4.99962
1	2095	2.97127
1	2096	1.66808
1	2097	-6.11922
1	2098	2.84459
1	2099	0.320732
1	2100	1.03113
1	2101	0.297501
1	2102	0.0506681
1	2103	-0.66133
1	2104	0.0874799
1	2105	-2.02871
1	2106	0.363217
1	2107	2.94433
1	2108	0.0856667
1	2109	-1.40604
1	2110	-0.922186
1	2111	-0.842305
1	2112	2.11752
1	2113	-3.65896
1	2114	-0.615945
1	2115	3.33666
1	2116	5.72246
1	2117	-0.207968
1	2118	1.8115
1	2119	0.900017
1	2120	0.857917
1	2121	-4.73418
1	2122	0.816526
1	2123	-0.0202115
1	2124	0.0956592
1	2125	-3.70561
1	2126	-0.714293
1	2127	-1.8332
1	2128	-8.02097
1	2129	10.64
1	2130	-0.350733
1	2131	-1.51887
1	2132	-1.86894
1	2133	8.1712
1	2134	-2.31964
1	2135	-0.71158
1	2136	-0.259681
1	2137	0.915809
1	2138	-21.8695
1	2139	-0.0514207
1	2140	3.46682
1	2141	3.20855
1	2142	0.038593
1	2143	1.20362
1	2144	-0.314339
1	2145	-1.16981
1	2146	-1.2073
1	2147	-0.426504
1	2148	-1.87571
1	2149	0.515948
1	2150	0.678269
1	2151	-0.0894298
1	2152	1.24362
1	2153	0.916574
1	2154	0.449262
1	2155	7.30734
1	2156	1.47627
1	2157	1.05735
1	2158	0.420729
1	2159	0.746402
1	2160	0.982265
1	2161	9.06117
1	2162	-0.443098
1	2163	0.166623
1	2164	-1.65582
1	2165	5.71746
1	2166	-0.628433
1	2167	-0.247497
1	2168	0.0215792
1	2169	0.476202
1	2170	1.35917
1	2171	-1.22579
1	2172	2.09563
1	2173	-0.359741
1	2174	-0.209058
1	2175	-1.00118
1	2176	-2.53876
1	2177	-0.609907
1	2178	-0.56415
1	2179	1.23287
1	2180	0.285032
1	2181	-0.353471
1	2182	1.25278
1	2183	-1.42762
1	2184	-19.8842
1	2185	3.57166
1	2186	-1.72447
1	2187	0.881818
1	2188	0.706711
1	2189	0.0479289
1	2190	0.150546
1	2191	-7.73364
1	2192	0.53957
1	2193	-0.865626
1	2194	0.960901
1	2195	4.36822
1	2196	-0.983956
1	2197	3.31528
1	2198	0.692152
1	2199	17.441
1	2200	-0.0838485
1	2201	-2.23198
1	2202	21.9399
1	2203	-1.46203
1	2204	0.855924
1	2205	1.24943
1	2206	-0.28805
1	2207	4.37365
1	2208	7.46271
1	2209	1.77193
1	2210	1.13586
1	2211	2.43384
1	2212	24.8211
1	2213	-0.818493
1	2214	1.51683
1	2215	-3.00644
1	2216	-0.183222
1	2217	2.45229
1	2218	-0.42266
1	2219	-0.534531
1	2220	-0.395738
1	2221	1.15018
1	2222	-0.783873
1	2223	91.6911
1	2224	0.520705
1	2225	-0.687472
1	2226	-19.4175
1	2227	10.8324
1	2228	-0.609352
1	2229	0.424697
1	2230	-0.686741
1	2231	0.32653
1	2232	0.588578
1	2233	36.7969
1	2234	0.472705
1	2235	0.411562
1	2236	0.845418
1	2237	3.26499
1	2238	-0.0787414
1	2239	2.61399
1	2240	-0.395265
1	2241	-0.17898
1	2242	-0.430167
1	2243	-12.866
1	2244	-6.60496
1	2245	3.35958
1	2246	1.94554
1	2247	9.87364
1	2248	3.32167
1	2249	0.340816
1	2250	76.333
1	2251	-1.02655
1	2252	0.640468
1	2253	1.10525
1	2254	-0.096985
1	2255	-2.03798
1	2256	1.53925
1	2257	-1.33839
1	2258	-22.7493
1	2259	1.01383
1	2260	0.192127
1	2261	-1.18436
1	2262	-1.88976
1	2263	6.88949
1	2264	-1.31072
1	2265	0.385886
1	2266	-0.00275738
1	2267	1.60908
1	2268	0.788241
1	2269	0.537597
1	2270	-0.491515
1	2271	2.59832
1	2272	8.59862
1	2273	-3.74706
1	2274	-1.63661
1	2275	18.3441
1	2276	0.648347
1	2277	-15.8977
1	2278	3.4092
1	2279	5.98801
1	2280	0.388068
1	2281	33.0246
1	2282	0.493497
1	2283	-2.18952
1	2284	-1.20122
1	2285	2.17506
1	2286	-2.3386
1	2287	-0.431482
1	2288	-0.480553
1	2289	0.153477
1	2290	1.01325
1	2291	0.0083419
1	2292	2.77196
1	2293	2.50378
1	2294	0.184943
1	2295	3.05211
1	2296	0.748651
1	2297	0.354033
1	2298	-0.199423
1	2299	-2.13416
1	2300	0.051536
1	2301	0.0299114
1	2302	-1.18596
1	2303	2.961
1	2304	-0.346788
1	2305	0.505317
1	2306	-0.233962
1	2307	2.48439
1	2308	0.200469
1	2309	-6.04582
1	2310	25.6409
1	2311	-0.871361
1	2312	1.80487
1	2313	-38.3532
1	2314	-0.690454
1	2315	1.46791
1	2316	0.416517
1	2317	-0.179867
1	2318	7.26148
1	2319	0.187607
1	2320	-0.220478
1	2321	-0.657839
1	2322	-0.424198
1	2323	-2.79335
1	2324	-0.658998
1	2325	-0.289835
1	2326	0.202086
1	2327	18.2268
1	2328	0.600681
1	2329	1.10178
1	2330	1.17675
1	2331	5.65081
1	2332	1.0751
1	2333	-8.01784
1	2334	-1.77857
1	2335	-1.12252
1	2336	2.25138
1	2337	-0.330821
1	2338	-1.49634
1	2339	-0.0978197
1	2340	4.35179
1	2341	9.36716
1	2342	0.103787
1	2343	1.6159
1	2344	0.880578
1	2345	1.59712
1	2346	-1.49022
1	2347	0.0126089
1	2348	1.01661
1	2349	-0.487311
1	2350	0.925484
1	2351	-0.225023
1	2352	2.13776
1	2353	31.5769
1	2354	-1.72828
1	2355	-0.412584
1	2356	14.1998
1	2357	0.462279
1	2358	-0.852885
1	2359	-0.578151
1	2360	0.176297
1	2361	0.159555
1	2362	-0.258342
1	2363	0.341767
1	2364	-1.0711
1	2365	0.14129
1	2366	-0.544759
1	2367	-0.705898
1	2368	2.53281
1	2369	-6.3049
1	2370	0.0775834
1	2371	0.525534
1	2372	0.619737
1	2373	-0.277166
1	2374	-0.337777
1	2375	0.304216
1	2376	-0.575305
1	2377	1.80315
1	2378	3.0777
1	2379	1.06281
1	2380	5.16173
1	2381	5.24272
1	2382	-43.9356
1	2383	-0.0264638
1	2384	1.04694
1	2385	2.93894
1	2386	0.679878
1	2387	-9.00988
1	2388	-24.4367
1	2389	0.282072
1	2390	-1.83889
1	2391	4.98103
1	2392	-0.253345
1	2393	27.0919
1	2394	1.7421
1	2395	-0.0870423
1	2396	1.29598
1	2397	0.872332
1	2398	2.85765
1	2399	-8.20123
1	2400	-0.232626
1	2401	0.256571
1	2402	-0.761165
1	2403	-1.04105
1	2404	0.850675
1	2405	-1.2001
1	2406	-1.07874
1	2407	-12.8079
1	2408	0.800619
1	2409	0.777118
1	2410	16.213
1	2411	1.24217
1	2412	-0.858011
1	2413	0.407657
1	2414	3.67842
1	2415	-2.13674
1	2416	-8.91156
1	2417	0.755383
1	2418	6.84479
1	2419	0.089543
1	2420	-1.71988
1	2421	0.0238558
1	2422	-0.720633
1	2423	-0.754022
1	2424	-0.765774
1	2425	-21.4494
1	2426	2.08474
1	2427	2.43745
1	2428	0.817137
1	2429	-0.145702
1	2430	0.057199
1	2431	3.14607
1	2432	0.286488
1	2433	0.778017
1	2434	-0.00508791
1	2435	24.0563
1	2436	0.466097
1	2437	-1.46756
1	2438	-0.343637
1	2439	-1.11968
1	2440	-1.04777
1	2441	-0.8456
1	2442	0.974221
1	2443	-0.608567
1	2444	2.93364
1	2445	-3.72069
1	2446	-0.702786
1	2447	2.46696
1	2448	1.70143
1	2449	-1.81796
1	2450	0.782972
1	2451	0.100187
1	2452	-1.40575
1	2453	0.765105
1	2454	0.458681
1	2455	-0.12434
1	2456	-2.24997
1	2457	-0.885534
1	2458	-0.515767
1	2459	-2.40343
1	2460	0.798186
1	2461	0.224422
1	2462	1.28524
1	2463	0.232778
1	2464	0.0750172
1	2465	-3.20239
1	2466	-1.00536
1	2467	2.07289
1	2468	0.145771
1	2469	-1.16851
1	2470	-1.30273
1	2471	-2.70214
1	2472	-12.4348
1	2473	-0.135083
1	2474	-0.05293
1	2475	-5.72138
1	2476	-0.69334
1	2477	22.716
1	2478	153.34
1	2479	0.632577
1	2480	1.5047
1	2481	10.7029
1	2482	1.63939
1	2483	-1.0121
1	2484	-9.56189
1	2485	-1.21909
1	2486	-2.33265
1	2487	-0.0978211
1	2488	-0.0526712
1	2489	-0.581046
1	2490	0.587449
1	2491	0.0647968
1	2492	-0.627646
1	2493	1.43835
1	2494	-1.70074
1	2495	-1.06572
1	2496	2.08309
1	2497	-1.33049
1	2498	-0.766422
1	2499	0.307627
1	2500	-0.672885
1	2501	1.16758
1	2502	1.53158
1	2503	-0.57112
1	2504	-0.0200908
1	2505	-3.56429
1	2506	13.371
1	2507	-0.150066
1	2508	0.84612
1	2509	-0.788442
1	2510	-0.752853
1	2511	-0.0628115
1	2512	-0.322894
1	2513	4.19226
1	2514	0.844572
1	2515	-0.146971
1	2516	0.875763
1	2517	-0.881639
1	2518	3.67797
1	2519	-2.18706
1	2520	0.917997
1	2521	-0.290363
1	2522	-52.5762
1	2523	-0.43432
1	2524	3.39836
1	2525	0.930274
1	2526	0.930148
1	2527	0.113339
1	2528	-0.0989989
1	2529	2.87161
1	2530	-2.23028
1	2531	0.033317
1	2532	50.4682
1	2533	0.312232
1	2534	-0.328748
1	2535	-1.29996
1	2536	-2.34937
1	2537	0.711595
1	2538	-0.437495
1	2539	-1.31283
1	2540	-0.205436
1	2541	-2.69957
1	2542	0.64731
1	2543	1.36002
1	2544	2.29799
1	2545	-1.47894
1	2546	4.87008
1	2547	-0.713279
1	2548	-1.66957
1	2549	0.294915
1	2550	-0.271901
1	2551	-0.980519
1	2552	-4.37538
1	2553	-0.121388
1	2554	0.0803537
1	2555	-21.7166
1	2556	-1.61812
1	2557	1.61601
1	2558	0.461226
1	2559	-2.98134
1	2560	0.611084
1	2561	0.62339
1	2562	1.02091
1	2563	0.129239
1	2564	0.230931
1	2565	1.86249
1	2566	2.94195
1	2567	-0.179895
1	2568	-0.546853
1	2569	-1.06434
1	2570	-0.459976
1	2571	-2.52814
1	2572	-1.38342
1	2573	-1.36532
1	2574	1.05502
1	2575	-0.0145365
1	2576	-0.45229
1	2577	1.32803
1	2578	0.852969
1	2579	2.82119
1	2580	0.23627
1	2581	0.0986601
1	2582	-0.341441
1	2583	-1.91754
1	2584	-10.3967
1	2585	1.16457
1	2586	-0.451943
1	2587	2.22404
1	2588	-1.57486
1	2589	0.0252426
1	2590	-1.23832
1	2591	1.29916
1	2592	1.53317
1	2593	0.730441
1	2594	2.78502
1	2595	0.214866
1	2596	6.10335
1	2597	-0.104186
1	2598	-1.65128
1	2599	1.23784
1	2600	0.00255249
1	2601	1.09484
1	2602	1.02274
1	2603	0.051194
1	2604	0.508355
1	2605	3.98257
1	2606	-0.484042
1	2607	0.570435
1	2608	1.4601
1	2609	-0.580602
1	2610	1.34554
1	2611	0.248459
1	2612	0.907545
1	2613	195.854
1	2614	89.7192
1	2615	0.587403
1	2616	0.967647
1	2617	17.8114
1	2618	-0.125008
1	2619	-0.188717
1	2620	2.61372
1	2621	-0.315027
1	2622	2.94406
1	2623	-0.0320353
1	2624	-1.07462
1	2625	-0.340717
1	2626	4.49508
1	2627	32.5184
1	2628	-1.21539
1	2629	5.67472
1	2630	0.553089
1	2631	0.100187
1	2632	-2.74689
1	2633	-11.0424
1	2634	-0.726663
1	2635	-1.72926
1	2636	0.922199
1	2637	2.13898
1	2638	2.8671
1	2639	0.530801
1	2640	0.759514
1	2641	1.7832
1	2642	-3.14766
1	2643	-5.38362
1	2644	-4.07162
1	2645	-1.2014
1	2646	0.852312
1	2647	-0.0941764
1	2648	1.47163
1	2649	0.0994644
1	2650	-1.28307
1	2651	-0.268604
1	2652	-1.13528
1	2653	0.0978681
1	2654	0.948231
1	2655	0.29646
1	2656	0.607902
1	2657	1.81061
1	2658	-0.436133
1	2659	0.19342
1	2660	-1.16423
1	2661	-0.621528
1	2662	-0.179705
1	2663	6.33654
1	2664	-2.27282
1	2665	-4.78191
1	2666	4.53298
1	2667	0.802077
1	2668	-1.50405
1	2669	15.271
1	2670	3.86754
1	2671	-1.17122
1	2672	1.99501
1	2673	2.22747
1	2674	0.734904
1	2675	-1.30001
1	2676	-0.140526
1	2677	-0.597697
1	2678	-0.327751
1	2679	1.21652
1	2680	1.46962
1	2681	0.290965
1	2682	13.4031
1	2683	0.653979
1	2684	0.926069
1	2685	0.48863
1	2686	0.979317
1	2687	-3.42872
1	2688	-16.8253
1	2689	1.46115
1	2690	2.21157
1	2691	-0.0887411
1	2692	-0.4152
1	2693	0.278001
1	2694	1.55014
1	2695	0.153612
1	2696	-0.146763
1	2697	0.673693
1	2698	-0.78704
1	2699	0.372145
1	2700	18.0268
1	2701	-0.553595
1	2702	2.64511
1	2703	1.70642
1	2704	4.48787
1	2705	1.15247
1	2706	1.18439
1	2707	0.604743
1	2708	0.953953
1	2709	1.01709
1	2710	-4.94982
1	2711	-0.046055
1	2712	-0.0399615
1	2713	-0.315865
1	2714	-0.274417
1	2715	-0.272747
1	2716	0.406982
1	2717	0.36844
1	2718	1.65051
1	2719	-0.68323
1	2720	0.0424936
1	2721	0.084985
1	2722	2.44703
1	2723	0.751503
1	2724	0.890727
1	2725	-0.545006
1	2726	-0.691592
1	2727	-0.982965
1	2728	0.0557301
1	2729	5.82168
1	2730	0.335017
1	2731	0.21123
1	2732	2.36791
1	2733	-0.318522
1	2734	-2.69923
1	2735	-6.1054
1	2736	-15.7872
1	2737	-1.56308
1	2738	0.485758
1	2739	-1.21686
1	2740	-1.56684
1	2741	-0.162183
1	2742	2.06882
1	2743	0.364594
1	2744	0.208408
1	2745	-3.38772
1	2746	0.518576
1	2747	-2.26538
1	2748	-0.187402
1	2749	2.46191
1	2750	0.077482
1	2751	-0.910518
1	2752	-0.649582
1	2753	-2.89824
1	2754	2.72147
1	2755	0.461625
1	2756	-0.358707
1	2757	1.61824
1	2758	-2.10858
1	2759	-0.135541
1	2760	-3.59157
1	2761	0.0543087
1	2762	3.6022
1	2763	-0.0553719
1	2764	3.15982
1	2765	2.95552
1	2766	23.3926
1	2767	-2.16823
1	2768	62.3724
1	2769	0.507009
1	2770	3.79461
1	2771	1.89656
1	2772	0.0496573
1	2773	5.04483
1	2774	1.9069
1	2775	-1.37765
1	2776	-1.24291
1	2777	3.15331
1	2778	-0.771361
1	2779	1.30073
1	2780	-0.974884
1	2781	20.8629
1	2782	-0.229376
1	2783	0.558887
1	2784	-0.0606849
1	2785	0.659452
1	2786	-1.22765
1	2787	3.24727
1	2788	-2.66744
1	2789	-1.15585
1	2790	-1.48323
1	2791	7.75621
1	2792	-1.81243
1	2793	-5.31922
1	2794	0.372005
1	2795	4.7275
1	2796	8.9681
1	2797	-0.962525
1	2798	-0.529838
1	2799	0.731888
1	2800	1.57904
1	2801	0.0955382
1	2802	0.914555
1	2803	0.51667
1	2804	3.0103
1	2805	-1.71791
1	2806	1.58876
1	2807	0.178916
1	2808	-1.62936
1	2809	2.94687
1	2810	-0.990852
1	2811	2.29048
1	2812	-0.627974
1	2813	-1.55741
1	2814	-0.742819
1	2815	0.0710204
1	2816	-0.613637
1	2817	-0.889799
1	2818	-0.27423
1	2819	0.0704723
1	2820	-0.996304
1	2821	-0.5199
1	2822	-0.460433
1	2823	1.18875
1	2824	-6.95244
1	2825	-0.0235015
1	2826	-0.566091
1	2827	-2.47558
1	2828	-0.399571
1	2829	0.43212
1	2830	-3.34508
1	2831	0.110513
1	2832	1.01344
1	2833	-10.8728
1	2834	-4.46132
1	2835	-0.121506
1	2836	0.1893
1	2837	-1.39879
1	2838	-6.81853
1	2839	2.63067
1	2840	0.0391203
1	2841	-3.69697
1	2842	-0.148132
1	2843	-0.131144
1	2844	-0.662085
1	2845	-3.68352
1	2846	3.04453
1	2847	-0.174827
1	2848	-1.32347
1	2849	-1.01457
1	2850	-1.05525
1	2851	-0.910821
1	2852	3.89393
1	2853	0.167547
1	2854	-0.0785617
1	2855	1.98676
1	2856	0.212553
1	2857	-1.08223
1	2858	-1.57624
1	2859	-0.488082
1	2860	-0.0260716
1	2861	-0.130687
1	2862	-19.5086
1	2863	0.206869
1	2864	-0.217712
1	2865	-0.142725
1	2866	-2.31735
1	2867	-1.3191
1	2868	-0.909174
1	2869	0.718283
1	2870	14.3629
1	2871	-0.713494
1	2872	-7.73111
1	2873	-26.715
1	2874	-0.598426
1	2875	-0.418102
1	2876	-6.35331
1	2877	-0.263276
1	2878	0.202637
1	2879	-0.00103472
1	2880	0.675417
1	2881	0.438072
1	2882	-1.06634
1	2883	-0.711184
1	2884	-0.0712818
1	2885	-4.43333
1	2886	0.19169
1	2887	0.419172
1	2888	-0.216201
1	2889	-0.35121
1	2890	-0.910008
1	2891	-11.0149
1	2892	-0.728313
1	2893	0.417694
1	2894	1.53915
1	2895	4.7984
1	2896	2.53306
1	2897	0.578956
1	2898	1.87921
1	2899	-4.65131
1	2900	0.109359
1	2901	-0.842975
1	2902	5.176
1	2903	-1.03047
1	2904	-0.388779
1	2905	1.24502
1	2906	-1.64958
1	2907	-0.929734
1	2908	1.04247
1	2909	1.64544
1	2910	-0.196005
1	2911	1.03462
1	2912	-2.64113
1	2913	8.61081
1	2914	2.67818
1	2915	-3.09199
1	2916	-1.01515
1	2917	0.309195
1	2918	0.533559
1	2919	0.0539833
1	2920	0.968154
1	2921	2.1187
1	2922	0.420457
1	2923	-2.61805
1	2924	-3.15541
1	2925	-1.60892
1	2926	-0.520852
1	2927	-1.17757
1	2928	-0.356173
1	2929	0.819947
1	2930	-0.198892
1	2931	-0.422689
1	2932	0.473671
1	2933	0.396869
1	2934	1.05514
1	2935	-1.0444
1	2936	0.614187
1	2937	0.12695
1	2938	-0.565146
1	2939	0.823972
1	2940	2.0446
1	2941	1.00075
1	2942	-0.121344
1	2943	-0.19626
1	2944	0.217831
1	2945	4.95596
1	2946	-0.586712
1	2947	0.189574
1	2948	0.108316
1	2949	-1.22355
1	2950	-6.8953
1	2951	-0.943263
1	2952	0.557486
1	2953	-0.275995
1	2954	-0.170446
1	2955	-1.71343
1	2956	-1.96776
1	2957	0.355556
1	2958	-4.68342
1	2959	1.38241
1	2960	-0.632193
1	2961	0.695117
1	2962	-3.72829
1	2963	-0.969189
1	2964	-0.398702
1	2965	-0.135469
1	2966	-0.446153
1	2967	-3.42598
1	2968	5.12286
1	2969	-0.443035
1	2970	-1.07511
1	2971	-0.242612
1	2972	-0.900613
1	2973	-0.39877
1	2974	-7.17242
1	2975	0.851047
1	2976	-1.06313
1	2977	0.754832
1	2978	0.849111
1	2979	-0.179804
1	2980	3.14356
1	2981	0.609361
1	2982	8.54373
1	2983	-2.13343
1	2984	-1.34205
1	2985	0.831515
1	2986	0.382769
1	2987	1.56092
1	2988	-0.386925
1	2989	0.880701
1	2990	0.739961
1	2991	-0.715237
1	2992	1.19154
1	2993	0.933196
1	2994	0.512664
1	2995	-4.79486
1	2996	0.369279
1	2997	-0.534067
1	2998	-0.488966
1	2999	-0.3522
1	3000	-4.15564
1	3001	0.58283
1	3002	-1.10049
1	3003	-0.897788
1	3004	-1.04077
1	3005	0.595924
1	3006	-0.118215
1	3007	-1.75447
1	3008	-1.42428
1	3009	2.80707
1	3010	-2.39457
1	3011	-9.55968
1	3012	0.888914
1	3013	3.58425
1	3014	1.02786
1	3015	-2.75655
1	3016	-1.27781
1	3017	-0.759628
1	3018	0.481895
1	3019	1.36119
1	3020	-2.95228
1	3021	-3.39001
1	3022	-2.46716
1	3023	-0.970971
1	3024	-1.27168
1	3025	-0.748143
1	3026	0.102142
1	3027	0.145825
1	3028	0.283075
1	3029	-0.894009
1	3030	-0.0033295
1	3031	-0.0140813
1	3032	0.0943822
1	3033	9.49841
1	3034	-0.691336
1	3035	-0.0128415
1	3036	0.8541
1	3037	-0.183762
1	3038	8.57068
1	3039	0.961368
1	3040	0.092685
1	3041	-0.828128
1	3042	-54.0609
1	3043	-5.24271
1	3044	-6.49081
1	3045	28.4414
1	3046	0.0214397
1	3047	1.28462
1	3048	-0.156196
1	3049	-0.320402
1	3050	2.59559
1	3051	-0.136746
1	3052	0.962357
1	3053	24.9492
1	3054	-0.256878
1	3055	1.57351
1	3056	3.06857
1	3057	0.0593388
1	3058	0.192354
1	3059	1.06267
1	3060	-11.8507
1	3061	-4.33571
1	3062	-1.10605
1	3063	1.40451
1	3064	0.305758
1	3065	-1.77659
1	3066	0.315072
1	3067	2.23484
1	3068	-1.26151
1	3069	0.090809
1	3070	0.243742
1	3071	0.219085
1	3072	4.87172
1	3073	-1.18539
1	3074	-0.611962
1	3075	2.7031
1	3076	0.426327
1	3077	-0.899333
1	3078	-2.25879
1	3079	-0.567763
1	3080	2.25952
1	3081	3.99695
1	3082	-2.57279
1	3083	1.30463
1	3084	0.391262
1	3085	-12.2396
1	3086	-1.29316
1	3087	0.628961
1	3088	-0.599779
1	3089	3.06838
1	3090	-38.7776
1	3091	1.18965
1	3092	34.308
1	3093	0.730965
1	3094	-3.03963
1	3095	-0.0949526
1	3096	-0.472092
1	3097	-1.11623
1	3098	1.13078
1	3099	1.36924
1	3100	-1.61449
1	3101	-17.1417
1	3102	0.480508
1	3103	-1.42662
1	3104	0.541535
1	3105	0.863637
1	3106	-1.3199
1	3107	6.63347
1	3108	-0.439218
1	3109	7.40476
1	3110	3.76726
1	3111	-1.23966
1	3112	28.2231
1	3113	-2.19785
1	3114	-0.113506
1	3115	25.0898
1	3116	0.82441
1	3117	-0.874332
1	3118	-2.25009
1	3119	-6.83132
1	3120	-0.0660972
1	3121	-3.99996
1	3122	0.621206
1	3123	-2.41202
1	3124	0.0553802
1	3125	-0.915188
1	3126	-1.98713
1	3127	-0.0542776
1	3128	-0.646469
1	3129	-0.437852
1	3130	-1.22656
1	3131	0.156336
1	3132	11.4431
1	3133	0.163115
1	3134	-6.2758
1	3135	0.257144
1	3136	1.99204
1	3137	-1.07211
1	3138	-1.48518
1	3139	-0.105009
1	3140	5.23758
1	3141	8.69914
1	3142	0.0879461
1	3143	1.9626
1	3144	-0.0805478
1	3145	-0.0954766
1	3146	0.384163
1	3147	-0.132839
1	3148	0.0732077
1	3149	6.95989
1	3150	0.247059
1	3151	1.56326
1	3152	-29.9043
1	3153	1.99746
1	3154	-4.50134
1	3155	22.1054
1	3156	-9.49538
1	3157	4.06545
1	3158	-0.753633
1	3159	-2.47097
1	3160	0.361683
1	3161	0.23768
1	3162	-3.04309
1	3163	-0.406349
1	3164	-0.743883
1	3165	0.690267
1	3166	-1.55639
1	3167	0.619158
1	3168	-0.55457
1	3169	-2.27422
1	3170	-4.54147
1	3171	-0.423749
1	3172	0.778936
1	3173	-5.86821
1	3174	-0.0579105
1	3175	-2.16409
1	3176	1.52941
1	3177	-1.54349
1	3178	-0.212908
1	3179	-0.31596
1	3180	1.66982
1	3181	1.04091
1	3182	0.326522
1	3183	2.04141
1	3184	-0.561609
1	3185	-0.378773
1	3186	0.508663
1	3187	-1.80526
1	3188	0.115104
1	3189	0.315778
1	3190	0.523177
1	3191	1.45742
1	3192	4.55242
1	3193	0.707802
1	3194	-1.21396
1	3195	0.891044
1	3196	-1.8944
1	3197	-0.423146
1	3198	0.233169
1	3199	0.508269
1	3200	1.06997
1	3201	2.5172
1	3202	-0.59314
1	3203	0.184048
1	3204	5.23483
1	3205	-0.504691
1	3206	-4.08415
1	3207	2.35804
1	3208	-1.54462
1	3209	-257.701
1	3210	1.95095
1	3211	2.21369
1	3212	0.366624
1	3213	0.546064
1	3214	-4.22547
1	3215	-0.364216
1	3216	0.349819
1	3217	0.330088
1	3218	-1.50118
1	3219	1.29969
1	3220	0.176527
1	3221	-0.0341454
1	3222	1.58302
1	3223	-0.600781
1	3224	-4.63101
1	3225	3.2376
1	3226	0.844633
1	3227	-0.189508
1	3228	-0.481425
1	3229	-0.314302
1	3230	-0.814274
1	3231	0.911791
1	3232	-2.254
1	3233	4.53824
1	3234	-1.95128
1	3235	-0.588123
1	3236	-1.00492
1	3237	-2.01906
1	3238	1.22583
1	3239	-9.5119
1	3240	-0.251356
1	3241	0.696185
1	3242	-2.25948
1	3243	-0.715245
1	3244	3.55203
1	3245	-0.434559
1	3246	-10.5177
1	3247	0.243752
1	3248	0.259363
1	3249	1.2712
1	3250	-1.49261
1	3251	1.70304
1	3252	2.55752
1	3253	-0.21915
1	3254	-2.55043
1	3255	-0.177508
1	3256	-3.089
1	3257	0.397223
1	3258	0.552947
1	3259	3.3064
1	3260	0.119348
1	3261	-5.55728
1	3262	11.6044
1	3263	0.860088
1	3264	1.33039
1	3265	-0.840942
1	3266	-31.7392
1	3267	-1.98795
1	3268	-0.4515
1	3269	-11.3371
1	3270	-3.35348
1	3271	8.90393
1	3272	-1.40323
1	3273	0.311616
1	3274	-0.0860962
1	3275	0.559021
1	3276	0.912696
1	3277	-0.671334
1	3278	-1.17545
1	3279	-1.6499
1	3280	-0.307558
1	3281	-0.398434
1	3282	-0.280963
1	3283	-0.804107
1	3284	-4.41956
1	3285	-5.87661
1	3286	1.43354
1	3287	2.84479
1	3288	-1.05335
1	3289	2.62446
1	3290	-0.472966
1	3291	-0.658886
1	3292	0.704462
1	3293	0.835505
1	3294	0.728729
1	3295	-3.35146
1	3296	1.06408
1	3297	0.81123
1	3298	2.25698
1	3299	0.347953
1	3300	-2.20967
1	3301	-0.568854
1	3302	1.77428
1	3303	-0.214249
1	3304	-0.790487
1	3305	-3.86467
1	3306	3.25738
1	3307	9.42797
1	3308	16.0433
1	3309	-1.46309
1	3310	3.30931
1	3311	-0.509508
1	3312	-0.789268
1	3313	6.04055
1	3314	-0.0651427
1	3315	-1.39779
1	3316	0.859635
1	3317	1.1334
1	3318	-1.04192
1	3319	1.03172
1	3320	-0.567177
1	3321	-1.64741
1	3322	0.486808
1	3323	1.86623
1	3324	-0.94355
1	3325	0.412571
1	3326	-0.25609
1	3327	0.909944
1	3328	-0.11585
1	3329	1.49688
1	3330	4.85867
1	3331	0.662563
1	3332	1.57078
1	3333	4.50564
1	3334	7.16119
1	3335	0.231262
1	3336	-13.6461
1	3337	9.90302
1	3338	0.236239
1	3339	-0.314895
1	3340	-0.347165
1	3341	-2.39752
1	3342	1.41631
1	3343	0.440897
1	3344	-4.61863
1	3345	-0.385607
1	3346	0.160602
1	3347	-0.293564
1	3348	0.143781
1	3349	0.274482
1	3350	-12.6973
1	3351	-1.20636
1	3352	36.9025
1	3353	0.570523
1	3354	2.84147
1	3355	2.70977
1	3356	0.627191
1	3357	0.414208
1	3358	-1.40686
1	3359	-0.424738
1	3360	3.38413
1	3361	0.14699
1	3362	-8.44418
1	3363	-0.955345
1	3364	0.518536
1	3365	-0.772319
1	3366	0.913514
1	3367	0.768876
1	3368	2.55104
1	3369	2.72176
1	3370	-0.603519
1	3371	4.24905
1	3372	0.143265
1	3373	-0.493842
1	3374	-0.650758
1	3375	16.7764
1	3376	0.680931
1	3377	-0.888967
1	3378	-2.74849
1	3379	-5.47391
1	3380	-1.97255
1	3381	0.850451
1	3382	-4.62116
1	3383	0.85521
1	3384	-0.414637
1	3385	5.19785
1	3386	4.02804
1	3387	-0.799609
1	3388	0.104048
1	3389	-3.95993
1	3390	-2.31929
1	3391	0.182306
1	3392	-1.27046
1	3393	0.590023
1	3394	0.156955
1	3395	1.82734
1	3396	0.633238
1	3397	3.97226
1	3398	0.00872945
1	3399	-4.6348
1	3400	-1.22624
1	3401	0.267616
1	3402	0.515826
1	3403	-0.449144
1	3404	1.64514
1	3405	0.0165581
1	3406	3.77727
1	3407	-120.934
1	3408	0.225666
1	3409	-0.138859
1	3410	1.64366
1	3411	1.93207
1	3412	0.626591
1	3413	-3.9535
1	3414	0.563004
1	3415	-0.0649095
1	3416	0.497022
1	3417	-2.20242
1	3418	0.837042
1	3419	0.179105
1	3420	-1.6779
1	3421	1.15272
1	3422	27.6149
1	3423	-0.583853
1	3424	0.150278
1	3425	0.97849
1	3426	4.41021
1	3427	0.426284
1	3428	2.31319
1	3429	-3.44308
1	3430	1.22267
1	3431	-0.445408
1	3432	-1.83012
1	3433	-1.82459
1	3434	5.28844
1	3435	-8.16101
1	3436	-0.0909481
1	3437	-0.169932
1	3438	1.16814
1	3439	-0.770759
1	3440	2.21493
1	3441	1.68888
1	3442	-0.0335742
1	3443	-4.13048
1	3444	-1.75771
1	3445	-0.0745116
1	3446	-0.035013
1	3447	-0.421587
1	3448	-6.61177
1	3449	0.148622
1	3450	-46.0229
1	3451	-2.03089
1	3452	2.24726
1	3453	4.39704
1	3454	0.188022
1	3455	0.0258208
1	3456	-0.0458989
1	3457	2.91657
1	3458	1.68794
1	3459	1.0702
1	3460	-0.00726936
1	3461	2.48174
1	3462	3.54247
1	3463	-0.784946
1	3464	0.45098
1	3465	-0.82344
1	3466	-3.10619
1	3467	2.46372
1	3468	0.342192
1	3469	0.707867
1	3470	0.231019
1	3471	3.21672
1	3472	0.45295
1	3473	-0.873395
1	3474	-5.66522
1	3475	-0.300182
1	3476	0.631169
1	3477	1.12394
1	3478	0.263151
1	3479	-0.897677
1	3480	0.442904
1	3481	0.568012
1	3482	0.404278
1	3483	0.614572
1	3484	0.00982555
1	3485	-0.824112
1	3486	0.729328
1	3487	0.286346
1	3488	0.913127
1	3489	-1.199
1	3490	1.39934
1	3491	2.17495
1	3492	1.37177
1	3493	0.179685
1	3494	-2.34412
1	3495	1.77816
1	3496	0.195671
1	3497	-0.684739
1	3498	-0.0459811
1	3499	-5.57957
1	3500	-0.673376
1	3501	-0.290955
1	3502	0.162273
1	3503	11.529
1	3504	3.615
1	3505	1.5466
1	3506	1.05836
1	3507	-0.255466
1	3508	-1.00687
1	3509	0.943295
1	3510	-0.864983
1	3511	0.578011
1	3512	0.524314
1	3513	0.569584
1	3514	1.164
1	3515	-1.32485
1	3516	1.19662
1	3517	-1.23323
1	3518	-2.70005
1	3519	-0.657771
1	3520	-0.804122
1	3521	6.56897
1	3522	0.261722
1	3523	1.77046
1	3524	3.29499
1	3525	-0.831076
1	3526	-3.1946
1	3527	0.253999
1	3528	-1.63174
1	3529	-0.358084
1	3530	-1.5058
1	3531	-2.21598
1	3532	0.858902
1	3533	4.90271
1	3534	1.04137
1	3535	-0.187821
1	3536	0.577342
1	3537	-27.285
1	3538	-0.645057
1	3539	3.11504
1	3540	0.157357
1	3541	1.82771
1	3542	-3.83257
1	3543	1.18595
1	3544	0.294554
1	3545	-0.533648
1	3546	-3.08613
1	3547	0.00778165
1	3548	4.84064
1	3549	181.771
1	3550	1.53749
1	3551	1.96048
1	3552	4.64329
1	3553	-0.948538
1	3554	7.34285
1	3555	3.51381
1	3556	-6.85306
1	3557	-3.16769
1	3558	3.78808
1	3559	1.10012
1	3560	0.0340067
1	3561	-0.0392435
1	3562	0.441813
1	3563	0.732402
1	3564	-1.93309
1	3565	5.30809
1	3566	-0.0103253
1	3567	5.4834
1	3568	0.521536
1	3569	-0.140254
1	3570	-1.17813
1	3571	3.0263
1	3572	-0.424745
1	3573	0.872989
1	3574	0.223711
1	3575	5.37289
1	3576	1.7336
1	3577	-0.0138039
1	3578	0.236175
1	3579	-0.669107
1	3580	-24.147
1	3581	-7.38261
1	3582	-0.543512
1	3583	0.30914
1	3584	-1.13667
1	3585	1.20234
1	3586	-1.10999
1	3587	7.31731
1	3588	-14.0495
1	3589	-0.75503
1	3590	0.28411
1	3591	-0.573154
1	3592	-9.66668
1	3593	-0.496596
1	3594	0.137007
1	3595	0.0892022
1	3596	-1.37168
1	3597	-2.92063
1	3598	-21.5169
1	3599	1.43519
1	3600	-1.49932
1	3601	0.161679
1	3602	-2.4895
1	3603	0.117533
1	3604	2.13925
1	3605	0.495599
1	3606	-1.76534
1	3607	-0.113224
1	3608	-65.0952
1	3609	0.911753
1	3610	-1.00284
1	3611	0.497316
1	3612	0.417507
1	3613	-0.81336
1	3614	0.430305
1	3615	0.468639
1	3616	1.46495
1	3617	1.7661
1	3618	-0.857294
1	3619	-7.32793
1	3620	9.08063
1	3621	-7.83483
1	3622	3.93251
1	3623	1.40703
1	3624	-0.288627
1	3625	-0.143162
1	3626	-1.24551
1	3627	-1.09075
1	3628	6.72606
1	3629	-0.358614
1	3630	-0.437231
1	3631	-1.40973
1	3632	1.33759
1	3633	-0.192338
1	3634	-0.898969
1	3635	0.287664
1	3636	0.0839814
1	3637	0.358144
1	3638	4.27146
1	3639	1.51049
1	3640	5.45954
1	3641	1.13359
1	3642	1.77153
1	3643	-4.22407
1	3644	-0.938735
1	3645	0.290389
1	3646	0.484739
1	3647	1.79034
1	3648	-2.51135
1	3649	-0.525161
1	3650	-2.26425
1	3651	-0.874469
1	3652	-0.496601
1	3653	-0.434514
1	3654	4.4585
1	3655	-8.62495
1	3656	-0.17435
1	3657	1.80753
1	3658	-2.11759
1	3659	-0.120092
1	3660	-1.99488
1	3661	2.43711
1	3662	0.0770449
1	3663	-0.375856
1	3664	1.15965
1	3665	-2.17131
1	3666	-3.99229
1	3667	1.383
1	3668	-9.5233
1	3669	-0.272605
1	3670	-0.72894
1	3671	-1.27758
1	3672	-0.634198
1	3673	-2.72212
1	3674	-2.67852
1	3675	-19.2838
1	3676	-3.11392
1	3677	-0.857351
1	3678	0.69618
1	3679	0.0892717
1	3680	0.188093
1	3681	-0.226531
1	3682	-0.908878
1	3683	1.99869
1	3684	-0.656366
1	3685	-0.0840595
1	3686	0.609014
1	3687	3.10555
1	3688	-2.07619
1	3689	5.89363
1	3690	8.6078
1	3691	0.119719
1	3692	-0.358158
1	3693	-1.74394
1	3694	0.542727
1	3695	-1.81367
1	3696	0.469858
1	3697	2.22043
1	3698	1.12695
1	3699	15.6938
1	3700	1.04089
1	3701	-0.0767788
1	3702	1.38259
1	3703	0.323071
1	3704	4.06901
1	3705	-1.06258
1	3706	-1.57549
1	3707	-5.29116
1	3708	-0.437086
1	3709	0.509699
1	3710	-0.103826
1	3711	2.47497
1	3712	90.7136
1	3713	0.775108
1	3714	-0.557169
1	3715	-0.162942
1	3716	-1.39596
1	3717	-0.64341
1	3718	0.199533
1	3719	1.37567
1	3720	5.13472
1	3721	-0.443553
1	3722	1.15661
1	3723	0.623574
1	3724	-0.372758
1	3725	-0.451253
1	3726	0.597777
1	3727	-0.471434
1	3728	-0.0281325
1	3729	0.235477
1	3730	-4.53373
1	3731	1.80983
1	3732	-2.6069
1	3733	-0.103357
1	3734	0.664739
1	3735	72.89
1	3736	0.222488
1	3737	-1.3367
1	3738	0.121353
1	3739	-0.910704
1	3740	-1.29427
1	3741	0.604002
1	3742	1.17547
1	3743	2.15622
1	3744	0.763173
1	3745	-0.651125
1	3746	0.368698
1	3747	1.14382
1	3748	-0.280756
1	3749	0.259074
1	3750	-2.51664
1	3751	-3.22889
1	3752	-4.70192
1	3753	0.140988
1	3754	0.897856
1	3755	0.585941
1	3756	-1.39315
1	3757	0.430405
1	3758	3.66987
1	3759	0.145798
1	3760	-0.98247
1	3761	0.561215
1	3762	-10.5536
1	3763	0.323962
1	3764	0.661699
1	3765	1.40834
1	3766	0.235081
1	3767	-1.14913
1	3768	0.634268
1	3769	0.61632
1	3770	-17.573
1	3771	-0.0183158
1	3772	-4.69345
1	3773	0.505594
1	3774	-32.7499
1	3775	2.46603
1	3776	0.710966
1	3777	0.230983
1	3778	3.82754
1	3779	-0.201841
1	3780	0.17008
1	3781	3.28078
1	3782	-1.24684
1	3783	-0.294405
1	3784	-3.93065
1	3785	-0.243239
1	3786	-7.35885
1	3787	-4.11386
1	3788	0.080382
1	3789	-0.819338
1	3790	-2.37691
1	3791	1.4638
1	3792	1.69454
1	3793	3.05483
1	3794	3.7675
1	3795	-0.517156
1	3796	-4.598
1	3797	4.22821
1	3798	-17.0812
1	3799	-5.90186
1	3800	-0.0118702
1	3801	-0.17928
1	3802	0.098684
1	3803	0.931364
1	3804	0.363435
1	3805	-26.5003
1	3806	-0.701493
1	3807	27.4833
1	3808	-0.247266
1	3809	-0.372717
1	3810	-1.22995
1	3811	-3.95353
1	3812	1.26676
1	3813	-0.0556639
1	3814	0.974614
1	3815	1.42235
1	3816	0.0496142
1	3817	-6.91069
1	3818	-1.05426
1	3819	6.1674
1	3820	-34.8056
1	3821	0.000670424
1	3822	0.24212
1	3823	0.743219
1	3824	-1.86029
1	3825	0.0842662
1	3826	-1.48542
1	3827	-1.87664
1	3828	0.160769
1	3829	-0.265836
1	3830	-4.82589
1	3831	0.546989
1	3832	6.25219
1	3833	-0.487641
1	3834	0.578035
1	3835	-0.133321
1	3836	-1.62458
1	3837	-1.66491
1	3838	-0.253226
1	3839	1.41195
1	3840	3.97762
1	3841	-0.566647
1	3842	0.965664
1	3843	0.839428
1	3844	0.0619873
1	3845	5.30417
1	3846	1.30016
1	3847	2.14298
1	3848	0.81829
1	3849	-3.7066
1	3850	1.83103
1	3851	-7.94304
1	3852	0.182919
1	3853	0.252526
1	3854	-0.249151
1	3855	-0.648033
1	3856	-2.09185
1	3857	0.23134
1	3858	0.18083
1	3859	6.89078
1	3860	0.103555
1	3861	4.63009
1	3862	0.970898
1	3863	0.149472
1	3864	-1.6319
1	3865	0.752457
1	3866	-2.55034
1	3867	4.16383
1	3868	0.840293
1	3869	-0.207538
1	3870	-0.604551
1	3871	28.0909
1	3872	-0.602829
1	3873	-0.173598
1	3874	0.961217
1	3875	-0.290348
1	3876	-0.575379
1	3877	0.226233
1	3878	-1.21136
1	3879	0.384002
1	3880	1.34687
1	3881	-0.587816
1	3882	-0.73062
1	3883	0.0909128
1	3884	0.716635
1	3885	1.02361
1	3886	-0.793231
1	3887	-0.0803447
1	3888	0.0481469
1	3889	-0.514761
1	3890	-2.10072
1	3891	-1.73034
1	3892	0.853357
1	3893	6.57067
1	3894	0.148088
1	3895	1.37617
1	3896	0.61767
1	3897	-4.95113
1	3898	6.66342
1	3899	0.261849
1	3900	-0.599819
1	3901	30.8541
1	3902	0.00984938
1	3903	-0.297681
1	3904	1.31206
1	3905	0.554793
1	3906	1.24039
1	3907	-3.38857
1	3908	-1.36333
1	3909	2.12027
1	3910	1.06265
1	3911	-0.299579
1	3912	0.949849
1	3913	-2.37808
1	3914	-0.596356
1	3915	-0.963533
1	3916	6.26933
1	3917	0.340366
1	3918	-11.6176
1	3919	-4.32422
1	3920	0.231928
1	3921	-1.9518
1	3922	0.738502
1	3923	-3.03107
1	3924	-2.47805
1	3925	-0.486804
1	3926	1.79227
1	3927	0.889236
1	3928	-2.17689
1	3929	0.174384
1	3930	0.747436
1	3931	-0.33082
1	3932	-1.42571
1	3933	10.5294
1	3934	6.38759
1	3935	3.18573
1	3936	1.44366
1	3937	-14.3901
1	3938	0.563751
1	3939	1.10715
1	3940	10.1419
1	3941	-0.510358
1	3942	0.100828
1	3943	0.257404
1	3944	0.665918
1	3945	0.904297
1	3946	0.127892
1	3947	-0.120326
1	3948	-1.19271
1	3949	-14.2287
1	3950	0.900485
1	3951	0.147809
1	3952	1.54152
1	3953	-1.98863
1	3954	8.73862
1	3955	-3.14368
1	3956	1.01082
1	3957	1.52879
1	3958	-0.965354
1	3959	3.82801
1	3960	2.6113
1	3961	0.262947
1	3962	-0.637776
1	3963	-1.0309
1	3964	-1.52609
1	3965	0.263195
1	3966	3.51566
1	3967	0.737554
1	3968	3.59098
1	3969	0.072363
1	3970	3.03238
1	3971	2.72493
1	3972	-2.65499
1	3973	1.54714
1	3974	-7.53985
1	3975	-3.31394
1	3976	-0.641946
1	3977	0.541426
1	3978	-0.247643
1	3979	-8.62165
1	3980	-1.09714
1	3981	1.00586
1	3982	4.14659
1	3983	-0.0805058
1	3984	0.000197866
1	3985	-0.0822688
1	3986	-16.1939
1	3987	-0.205177
1	3988	-1.4392
1	3989	-35.7428
1	3990	-5.99441
1	3991	0.38874
1	3992	41.4691
1	3993	34.3853
1	3994	4.11689
1	3995	-0.892093
1	3996	2.4665
1	3997	-0.699365
1	3998	-0.711517
1	3999	-0.121865
1	4000	1.61241
1	4001	0.61817
1	4002	1.38352
1	4003	-13.015
1	4004	1.23577
1	4005	1.145
1	4006	0.444567
1	4007	115.367
1	4008	-0.213225
1	4009	3.51496
1	4010	0.541833
1	4011	-0.849748
1	4012	8.83322
1	4013	-0.0128321
1	4014	9.14082
1	4015	-0.694826
1	4016	-5.04557
1	4017	0.0168393
1	4018	1.67933
1	4019	89.6058
1	4020	2.36419
1	4021	0.521321
1	4022	-0.2996
1	4023	0.199026
1	4024	-6.50035
1	4025	0.661699
1	4026	-0.204277
1	4027	-0.856345
1	4028	-1.94941
1	4029	-1.75533
1	4030	2.08761
1	4031	5.2662
1	4032	4.47878
1	4033	1.11243
1	4034	-2.17771
1	4035	1.17046
1	4036	-3.44391
1	4037	-0.864014
1	4038	-0.318798
1	4039	1.37455
1	4040	0.497099
1	4041	-1.1522
1	4042	1.1685
1	4043	-2.06512
1	4044	-2.88331
1	4045	0.344744
1	4046	0.664404
1	4047	-1.09446
1	4048	-0.096343
1	4049	-0.530928
1	4050	1.3299
1	4051	0.672814
1	4052	-2.32937
1	4053	-0.473563
1	4054	0.695309
1	4055	-2.06916
1	4056	0.166479
1	4057	0.67238
1	4058	-49.5012
1	4059	-2.39208
1	4060	-0.79702
1	4061	-4.67841
1	4062	15.5991
1	4063	-0.679251
1	4064	-1.19479
1	4065	1.41305
1	4066	-0.403719
1	4067	6.02475
1	4068	0.720996
1	4069	-4.17641
1	4070	0.230574
1	4071	0.791918
1	4072	-1.00907
1	4073	-1.27121
1	4074	-2.22883
1	4075	-6.93715
1	4076	0.233903
1	4077	-0.625536
1	4078	-1.19394
1	4079	-1.43625
1	4080	-0.159465
1	4081	-0.0279112
1	4082	-0.226632
1	4083	0.41503
1	4084	-5.59163
1	4085	-0.689739
1	4086	0.778497
1	4087	11.8215
1	4088	12.0749
1	4089	0.464132
1	4090	-0.709145
1	4091	-2.14413
1	4092	0.302796
1	4093	-1.24511
1	4094	-0.688383
1	4095	-3.27957
1	4096	0.294692
1	4097	-1.73574
1	4098	0.0967356
1	4099	43.5545
1	4100	0.621487
1	4101	-3.9005
1	4102	-0.578426
1	4103	1.24327
1	4104	-1.33354
1	4105	-0.16188
1	4106	-0.966189
1	4107	-2.82998
1	4108	-69.7368
1	4109	0.330316
1	4110	-6.13007
1	4111	21.5501
1	4112	0.425517
1	4113	0.779262
1	4114	-2.92244
1	4115	-4.96015
1	4116	-2.60688
1	4117	0.954048
1	4118	2.44965
1	4119	1.73057
1	4120	-0.144614
1	4121	0.97043
1	4122	0.424321
1	4123	-0.0220304
1	4124	0.215673
1	4125	0.288718
1	4126	54.3453
1	4127	0.949674
1	4128	0.141143
1	4129	5.71962
1	4130	0.188088
1	4131	0.699111
1	4132	0.394068
1	4133	-2.45372
1	4134	-2.21118
1	4135	3.36192
1	4136	-0.671253
1	4137	0.138917
1	4138	-0.0824747
1	4139	9.18775
1	4140	-0.694432
1	4141	0.0206435
1	4142	-0.944527
1	4143	0.166733
1	4144	0.189881
1	4145	-3.07431
1	4146	2.88039
1	4147	-3.12617
1	4148	0.0889103
1	4149	-0.795664
1	4150	-0.395225
1	4151	-130.251
1	4152	-1.81317
1	4153	-1.55523
1	4154	2.19379
1	4155	0.500746
1	4156	0.184217
1	4157	-0.00966714
1	4158	0.665332
1	4159	1.74085
1	4160	-0.68211
1	4161	15.1
1	4162	-0.365294
1	4163	-2.53143
1	4164	-6.46341
1	4165	-4.4015
1	4166	-0.161282
1	4167	0.838404
1	4168	-0.0116218
1	4169	-2.564
1	4170	4.98108
1	4171	-5.69919
1	4172	-1.2566
1	4173	-1.72396
1	4174	405.01
1	4175	-0.422538
1	4176	0.555612
1	4177	-0.524118
1	4178	-0.0384206
1	4179	-2.5492
1	4180	-0.234048
1	4181	-4.12943
1	4182	-0.754166
1	4183	10.4738
1	4184	-0.815329
1	4185	4.11071
1	4186	-0.877633
1	4187	1.11016
1	4188	10.4815
1	4189	-1.41943
1	4190	-1.12522
1	4191	4.07705
1	4192	-0.55009
1	4193	0.286432
1	4194	-0.0102974
1	4195	1.66293
1	4196	-3.52517
1	4197	-1.04863
1	4198	20.6741
1	4199	-0.370691
1	4200	-0.91263
1	4201	0.972885
1	4202	4.92828
1	4203	-0.251911
1	4204	2.37174
1	4205	-0.662545
1	4206	-1.62991
1	4207	27.5924
1	4208	-7.61708
1	4209	-1.55734
1	4210	-1.28361
1	4211	-19.389
1	4212	1.37355
1	4213	0.820461
1	4214	0.514377
1	4215	0.090917
1	4216	0.644707
1	4217	-8.97692
1	4218	-2.92278
1	4219	-1.98417
1	4220	20.3352
1	4221	0.272094
1	4222	-4.06286
1	4223	-55.2815
1	4224	-1.19858
1	4225	-100.49
1	4226	-3.3709
1	4227	-0.582077
1	4228	-0.303334
1	4229	-1.97253
1	4230	-0.429508
1	4231	-1.02202
1	4232	-0.726523
1	4233	1.74078
1	4234	0.2381
1	4235	-12.6589
1	4236	-0.152182
1	4237	-0.403367
1	4238	-0.599243
1	4239	0.5981
1	4240	-1.14438
1	4241	-9.34314
1	4242	-2.73919
1	4243	-1.88598
1	4244	-1.4339
1	4245	-4.51761
1	4246	-0.0697362
1	4247	-0.95914
1	4248	-1.45084
1	4249	-0.333392
1	4250	-3.82062
1	4251	0.584737
1	4252	1.42304
1	4253	10.2308
1	4254	-0.335024
1	4255	0.413457
1	4256	11.6435
1	4257	-0.0563196
1	4258	2.41106
1	4259	1.64976
1	4260	-0.193187
1	4261	0.18662
1	4262	-0.739339
1	4263	-0.4241
1	4264	-1.29386
1	4265	-0.143156
1	4266	1.12282
1	4267	0.20119
1	4268	1.1467
1	4269	-1.72965
1	4270	0.923539
1	4271	-1.21548
1	4272	1.35899
1	4273	2.34699
1	4274	-2.02448
1	4275	-3.10021
1	4276	-1.40069
1	4277	1.62699
1	4278	1.30896
1	4279	-0.420684
1	4280	0.183488
1	4281	2.68394
1	4282	0.591436
1	4283	-1.17937
1	4284	-0.24042
1	4285	2.79387
1	4286	3.90795
1	4287	0.360087
1	4288	0.987662
1	4289	-2.2133
1	4290	-0.362947
1	4291	-1.77257
1	4292	2.56984
1	4293	2.3898
1	4294	-2.62361
1	4295	34.9681
1	4296	-0.26592
1	4297	-2.64532
1	4298	0.287581
1	4299	1.33243
1	4300	8.20947
1	4301	-2.91703
1	4302	0.886508
1	4303	2.5849
1	4304	3.00628
1	4305	-1.02684
1	4306	-0.176261
1	4307	-3.17938
1	4308	0.699007
1	4309	5.36017
1	4310	0.196009
1	4311	22.5053
1	4312	-9.48485
1	4313	42.0386
1	4314	-1.1556
1	4315	-1.45974
1	4316	3.85431
1	4317	-9.91955
1	4318	-0.0930211
1	4319	-0.168111
1	4320	4.86871
1	4321	-0.208384
1	4322	7.06194
1	4323	-3.28195
1	4324	-0.142839
1	4325	1.77065
1	4326	3.2036
1	4327	1.31926
1	4328	-1.30169
1	4329	-0.0727475
1	4330	4.94887
1	4331	-0.408276
1	4332	-2.18108
1	4333	-6.50975
1	4334	-1.30881
1	4335	-0.226441
1	4336	0.598407
1	4337	0.0768664
1	4338	0.56427
1	4339	-0.620832
1	4340	2.84597
1	4341	2.37839
1	4342	0.394558
1	4343	0.800768
1	4344	0.408655
1	4345	2.69175
1	4346	8.88819
1	4347	2.7334
1	4348	-0.936158
1	4349	-1.47296
1	4350	-1.20624
1	4351	-0.824263
1	4352	0.533115
1	4353	-0.240345
1	4354	-1.45611
1	4355	1.09349
1	4356	5.69647
1	4357	0.153529
1	4358	24.3937
1	4359	-2.33132
1	4360	3.90296
1	4361	-15.3126
1	4362	0.160692
1	4363	-1.35392
1	4364	-2.99277
1	4365	0.58076
1	4366	-0.431168
1	4367	-0.561374
1	4368	0.263033
1	4369	-0.610221
1	4370	-0.237236
1	4371	2.51928
1	4372	-2.3913
1	4373	0.428417
1	4374	0.148047
1	4375	0.742012
1	4376	11.796
1	4377	4.70496
1	4378	1.01764
1	4379	-6.86167
1	4380	0.539741
1	4381	-0.640192
1	4382	0.525976
1	4383	0.161669
1	4384	0.544401
1	4385	0.41847
1	4386	-2.48672
1	4387	-0.100014
1	4388	0.0540509
1	4389	1.53003
1	4390	4.22046
1	4391	-3.95235
1	4392	-0.822348
1	4393	0.529085
1	4394	-0.473985
1	4395	-0.963103
1	4396	-4.00533
1	4397	-0.321273
1	4398	0.588218
1	4399	-2.4564
1	4400	0.431248
1	4401	-2.06734
1	4402	1.88474
1	4403	0.170709
1	4404	-0.223464
1	4405	0.502505
1	4406	0.0320726
1	4407	-41.2868
1	4408	3.33129
1	4409	0.490947
1	4410	1.08313
1	4411	-0.793522
1	4412	-0.26505
1	4413	0.490379
1	4414	-1.05054
1	4415	-0.922596
1	4416	0.385247
1	4417	0.446803
1	4418	2.25239
1	4419	0.557178
1	4420	-0.706549
1	4421	1.46824
1	4422	8.03094
1	4423	-0.269604
1	4424	3.06149
1	4425	-0.882692
1	4426	-1.82578
1	4427	9.5274
1	4428	-0.174826
1	4429	16.8291
1	4430	7.27345
1	4431	1.39135
1	4432	-0.0818754
1	4433	-1.68837
1	4434	-2.21802
1	4435	-0.576155
1	4436	2.74379
1	4437	0.00621793
1	4438	-4.8362
1	4439	-0.41626
1	4440	0.388508
1	4441	-3.55774
1	4442	5.21733
1	4443	0.359906
1	4444	-0.584054
1	4445	1.99023
1	4446	1.64188
1	4447	2.67974
1	4448	1.58829
1	4449	-0.279652
1	4450	4.18276
1	4451	-1.12701
1	4452	-0.915867
1	4453	-6.15766
1	4454	3.75288
1	4455	-0.170729
1	4456	3.11668
1	4457	-1.07825
1	4458	0.466771
1	4459	-4.09566
1	4460	0.0687176
1	4461	0.0847097
1	4462	2.00008
1	4463	-0.0651726
1	4464	-0.159166
1	4465	-0.66132
1	4466	-0.684301
1	4467	0.643983
1	4468	1.05366
1	4469	-0.293252
1	4470	3.69892
1	4471	-0.339222
1	4472	0.00225123
1	4473	0.842177
1	4474	-0.648757
1	4475	2.76294
1	4476	0.272494
1	4477	-0.580661
1	4478	0.796105
1	4479	2.84152
1	4480	-0.882647
1	4481	-0.775197
1	4482	-8.88194
1	4483	-15.5419
1	4484	-0.657702
1	4485	0.797203
1	4486	0.242845
1	4487	0.884482
1	4488	0.790551
1	4489	2.11277
1	4490	0.876153
1	4491	-28.0993
1	4492	-0.476898
1	4493	-1.28997
1	4494	-0.627271
1	4495	-3.90296
1	4496	-0.053237
1	4497	-0.286425
1	4498	8.07952
1	4499	0.219184
1	4500	-0.463827
1	4501	0.244121
1	4502	0.476616
1	4503	-6.13739
1	4504	0.463598
1	4505	0.762489
1	4506	-1.79072
1	4507	-0.422427
1	4508	-1.50527
1	4509	0.0541127
1	4510	-0.0322463
1	4511	3.85367
1	4512	-1.80799
1	4513	0.453374
1	4514	0.429313
1	4515	0.39055
1	4516	0.953074
1	4517	-1.00547
1	4518	-0.00146079
1	4519	0.697633
1	4520	107.399
1	4521	1.00617
1	4522	-0.745833
1	4523	1.10046
1	4524	0.174456
1	4525	-0.0345329
1	4526	-0.123277
1	4527	-1.34714
1	4528	3.28737
1	4529	0.449837
1	4530	-2.24685
1	4531	-0.948373
1	4532	1.05173
1	4533	-0.487579
1	4534	-0.406371
1	4535	0.433936
1	4536	4.69725
1	4537	0.418361
1	4538	8.51547
1	4539	-1.44547
1	4540	4.45504
1	4541	-0.898721
1	4542	0.0898689
1	4543	0.234219
1	4544	1.20395
1	4545	-1.02172
1	4546	2.21114
1	4547	-0.322449
1	4548	2.52704
1	4549	-0.602931
1	4550	-0.621314
1	4551	-2.68048
1	4552	0.898141
1	4553	-1.53419
1	4554	-1.71037
1	4555	-0.793433
1	4556	-2.89699
1	4557	3.6999
1	4558	-0.00802757
1	4559	-2.59291
1	4560	-1.699
1	4561	-3.19488
1	4562	-0.863097
1	4563	2.1148
1	4564	-1.53012
1	4565	-1.16743
1	4566	-0.125883
1	4567	-8.35083
1	4568	2.781
1	4569	0.623894
1	4570	-1.03331
1	4571	2.63694
1	4572	2.2551
1	4573	-0.549852
1	4574	-1.15452
1	4575	2.14947
1	4576	1.25024
1	4577	-0.247761
1	4578	-0.980791
1	4579	1.6998
1	4580	-4.96067
1	4581	-2.90912
1	4582	0.0113393
1	4583	-0.0246263
1	4584	-0.165776
1	4585	-0.458406
1	4586	-0.00241906
1	4587	-0.41059
1	4588	-0.912135
1	4589	0.0353051
1	4590	176.886
1	4591	2.55271
1	4592	-0.146093
1	4593	0.501896
1	4594	-0.869113
1	4595	0.423614
1	4596	-0.872802
1	4597	0.287475
1	4598	-8.78113
1	4599	-0.0492937
1	4600	-7.17242
1	4601	-0.716515
1	4602	-1.14491
1	4603	3.55713
1	4604	-0.651144
1	4605	4.30531
1	4606	5.60488
1	4607	-0.956591
1	4608	3.02121
1	4609	0.919037
1	4610	2.18695
1	4611	-16.4222
1	4612	2.07276
1	4613	1.47336
1	4614	0.101936
1	4615	-0.670682
1	4616	0.307284
1	4617	0.529382
1	4618	-0.110935
1	4619	-3.39251
1	4620	-0.208656
1	4621	0.775687
1	4622	-0.773031
1	4623	0.338665
1	4624	-1.57674
1	4625	2.35674
1	4626	0.297583
1	4627	-10.7471
1	4628	-9.24414
1	4629	-0.342649
1	4630	0.415532
1	4631	0.177404
1	4632	-8.02977
1	4633	-0.961621
1	4634	-0.63214
1	4635	-1.34807
1	4636	-0.378415
1	4637	-0.942606
1	4638	0.502945
1	4639	-0.329653
1	4640	17.7851
1	4641	0.00326912
1	4642	-2.54274
1	4643	0.130118
1	4644	0.177577
1	4645	0.484684
1	4646	0.347363
1	4647	-1.6461
1	4648	-3.80564
1	4649	1.05052
1	4650	-0.72904
1	4651	0.545895
1	4652	-3.84786
1	4653	2.49576
1	4654	-3.31514
1	4655	1.73195
1	4656	-0.270682
1	4657	-0.859919
1	4658	-0.0693271
1	4659	0.201778
1	4660	0.442081
1	4661	0.245624
1	4662	0.513141
1	4663	0.590543
1	4664	-0.486017
1	4665	-2.27603
1	4666	-0.187057
1	4667	0.657811
1	4668	-15.356
1	4669	-0.815694
1	4670	-0.803136
1	4671	-0.253796
1	4672	0.0847366
1	4673	4.53035
1	4674	-1.60092
1	4675	0.0286846
1	4676	7.94333
1	4677	-38.1226
1	4678	1.08123
1	4679	1.54747
1	4680	5.7463
1	4681	1.57455
1	4682	0.574145
1	4683	2.93976
1	4684	0.583165
1	4685	-0.319175
1	4686	-0.47455
1	4687	-3.94918
1	4688	-1.52933
1	4689	0.566256
1	4690	-0.959762
1	4691	-0.562688
1	4692	3.36856
1	4693	-0.661395
1	4694	4.28761
1	4695	3.49069
1	4696	0.652882
1	4697	-0.632015
1	4698	-1.49452
1	4699	1.82998
1	4700	0.273526
1	4701	-0.309383
1	4702	1.85917
1	4703	3.84877
1	4704	0.0938247
1	4705	14170.7
1	4706	2.96332
1	4707	3.31578
1	4708	-0.251071
1	4709	-5.93688
1	4710	-0.0931822
1	4711	-12.6123
1	4712	-1.6276
1	4713	0.00344881
1	4714	-0.463824
1	4715	-2.2213
1	4716	0.391433
1	4717	-0.55712
1	4718	-0.603564
1	4719	-0.101344
1	4720	0.580554
1	4721	0.936209
1	4722	0.827075
1	4723	-0.311909
1	4724	0.700917
1	4725	-2.68827
1	4726	-2.80255
1	4727	-0.980057
1	4728	6.06487
1	4729	-0.241583
1	4730	1.74524
1	4731	-0.931629
1	4732	6.16174
1	4733	-0.65739
1	4734	-2.06405
1	4735	0.145661
1	4736	1.16519
1	4737	54.5989
1	4738	-0.376773
1	4739	-1.59249
1	4740	-1.73409
1	4741	0.123664
1	4742	0.675853
1	4743	-0.295128
1	4744	0.675215
1	4745	16.6521
1	4746	-0.462558
1	4747	0.562522
1	4748	-0.736328
1	4749	0.50947
1	4750	1.27515
1	4751	0.103796
1	4752	-0.679067
1	4753	2.10382
1	4754	0.311828
1	4755	2.09
1	4756	3.06257
1	4757	0.771462
1	4758	-2.95562
1	4759	-1.82121
1	4760	14.1289
1	4761	-2.7563
1	4762	-1.72391
1	4763	-1.27218
1	4764	-2.69349
1	4765	2.29811
1	4766	-0.584166
1	4767	-1.05244
1	4768	0.0245467
1	4769	1.05681
1	4770	-2.04115
1	4771	-4.02859
1	4772	2.74419
1	4773	-12.0463
1	4774	-0.388188
1	4775	-4.02151
1	4776	-0.158267
1	4777	3.49057
1	4778	-1.39802
1	4779	0.57031
1	4780	-16.4011
1	4781	234.51
1	4782	0.187519
1	4783	-2.2327
1	4784	1.59923
1	4785	-26.8812
1	4786	-2.91715
1	4787	0.657801
1	4788	-0.465313
1	4789	1.25043
1	4790	-0.186729
1	4791	0.228737
1	4792	1.67297
1	4793	-0.282615
1	4794	-1.87357
1	4795	-1.32837
1	4796	-0.499179
1	4797	-6.43346
1	4798	-3.77513
1	4799	-3.19325
1	4800	0.0570897
1	4801	0.478261
1	4802	1.29519
1	4803	1.14419
1	4804	0.392842
1	4805	-0.396235
1	4806	-0.0175439
1	4807	-1.45025
1	4808	0.932783
1	4809	-0.659226
1	4810	0.587929
1	4811	0.602999
1	4812	-4.12454
1	4813	-2.67698
1	4814	-1.71781
1	4815	0.0380973
1	4816	-3.98368
1	4817	23.5101
1	4818	0.326278
1	4819	-0.421811
1	4820	-0.0659724
1	4821	0.0529935
1	4822	0.348442
1	4823	-0.860062
1	4824	1.00904
1	4825	-0.0818616
1	4826	-0.123848
1	4827	0.259016
1	4828	2.57587
1	4829	27.8676
1	4830	0.055208
1	4831	1.89764
1	4832	0.351489
1	4833	-2.24756
1	4834	-0.461885
1	4835	-1.32229
1	4836	2.23918
1	4837	0.315625
1	4838	-0.357266
1	4839	-0.332473
1	4840	0.226678
1	4841	-0.231577
1	4842	3.00389
1	4843	0.0835151
1	4844	1.30889
1	4845	0.889144
1	4846	1.01409
1	4847	-0.0757198
1	4848	3.76198
1	4849	0.87696
1	4850	-0.738137
1	4851	-0.839699
1	4852	0.378765
1	4853	4.63984
1	4854	-0.57166
1	4855	0.503756
1	4856	1.4564
1	4857	0.960833
1	4858	1.17445
1	4859	-3.34192
1	4860	-6.67006
1	4861	-4.21476
1	4862	1.72665
1	4863	150.755
1	4864	-0.106865
1	4865	-1.40315
1	4866	-1.20823
1	4867	0.865117
1	4868	-9.96219
1	4869	7.12827
1	4870	1.02839
1	4871	-2.07397
1	4872	-0.925608
1	4873	-0.0303348
1	4874	0.778947
1	4875	1.83851
1	4876	0.340131
1	4877	-3.01149
1	4878	-1.73346
1	4879	0.836764
1	4880	1.80463
1	4881	3.13311
1	4882	-3.5215
1	4883	1.0019
1	4884	-0.863613
1	4885	-3.20123
1	4886	2.17467
1	4887	1.44752
1	4888	-2.13988
1	4889	0.355221
1	4890	-44.4467
1	4891	0.0221254
1	4892	-8.19765
1	4893	-2.70698
1	4894	0.457478
1	4895	0.314482
1	4896	5.50489
1	4897	-0.71571
1	4898	0.0849314
1	4899	7.57889
1	4900	-3.11873
1	4901	-0.0657512
1	4902	5.94644
1	4903	2.51534
1	4904	-2.0429
1	4905	-0.0627714
1	4906	-0.455503
1	4907	17.9249
1	4908	-1.85773
1	4909	-4.44152
1	4910	-0.723409
1	4911	-0.796623
1	4912	0.323746
1	4913	0.442813
1	4914	-0.194848
1	4915	-16.4701
1	4916	-6.73833
1	4917	-2.73346
1	4918	-2.00522
1	4919	-2.76885
1	4920	2.39904
1	4921	-0.0698548
1	4922	-0.771413
1	4923	-1.32904
1	4924	-2.35039
1	4925	0.225226
1	4926	180.708
1	4927	0.37782
1	4928	0.80465
1	4929	-2.02261
1	4930	-0.652168
1	4931	5.21195
1	4932	0.301801
1	4933	0.86506
1	4934	1.67717
1	4935	-2.02392
1	4936	-0.224478
1	4937	1.295
1	4938	0.325322
1	4939	0.14657
1	4940	-0.222104
1	4941	0.850052
1	4942	0.358885
1	4943	-2.31724
1	4944	0.759488
1	4945	-0.110115
1	4946	-0.403471
1	4947	1.71024
1	4948	-0.532577
1	4949	5.50319
1	4950	-8.12648
1	4951	-4.97681
1	4952	0.719208
1	4953	-0.686679
1	4954	1.82787
1	4955	1.33502
1	4956	-0.22287
1	4957	2.60331
1	4958	-1.29481
1	4959	15.2238
1	4960	-0.470523
1	4961	-4.1939
1	4962	-2.05105
1	4963	0.0685031
1	4964	1.57787
1	4965	3.14266
1	4966	-7.64866
1	4967	0.107527
1	4968	-1.222
1	4969	2.09017
1	4970	-7.49662
1	4971	-0.493922
1	4972	2.65544
1	4973	0.372543
1	4974	2.03708
1	4975	2.08992
1	4976	1.47939
1	4977	-0.0057755
1	4978	0.213759
1	4979	1.98184
1	4980	2.63421
1	4981	-5.29615
1	4982	-0.25407
1	4983	0.331115
1	4984	-5.16301
1	4985	0.253486
1	4986	0.457924
1	4987	0.889124
1	4988	-1.50848
1	4989	1.75402
1	4990	-0.974175
1	4991	-1.12523
1	4992	1.52289
1	4993	-1.40882
1	4994	-0.579645
1	4995	-17.3526
1	4996	-0.42732
1	4997	-0.836469
1	4998	0.994333
1	4999	0.116628
1	5000	0.561996
1	5001	0.87754
1	5002	4.09495
1	5003	5.94125
1	5004	0.454137
1	5005	0.129059
1	5006	-5.78238
1	5007	0.222231
1	5008	94.0685
1	5009	0.856265
1	5010	-0.132037
1	5011	1.5348
1	5012	10.1242
1	5013	3.06998
1	5014	-0.700241
1	5015	1.04487
1	5016	-9.12633
1	5017	0.759145
1	5018	6.06464
1	5019	5.32831
1	5020	0.229741
1	5021	-35.9953
1	5022	39.8463
1	5023	1.57829
1	5024	-1.00503
1	5025	-1.4224
1	5026	1.29997
1	5027	-2.6023
1	5028	3.38269
1	5029	6.44983
1	5030	1.86642
1	5031	-0.818946
1	5032	-0.852422
1	5033	0.254296
1	5034	-1.89425
1	5035	0.305809
1	5036	0.47791
1	5037	3.97062
1	5038	0.500597
1	5039	1.83969
1	5040	11.6378
1	5041	0.21534
1	5042	0.119853
1	5043	-0.150706
1	5044	0.0727928
1	5045	-1.89113
1	5046	2.92124
1	5047	0.738185
1	5048	1.63007
1	5049	3.46583
1	5050	0.685498
1	5051	-0.124944
1	5052	-11.5838
1	5053	-0.695582
1	5054	-6.29935
1	5055	-11.8098
1	5056	-0.618732
1	5057	1.72295
1	5058	-0.22082
1	5059	-6.7825
1	5060	-1.22604
1	5061	3.25338
1	5062	0.350085
1	5063	-2.07362
1	5064	-0.384718
1	5065	-1.68434
1	5066	0.841856
1	5067	1.44607
1	5068	4.40488
1	5069	0.794025
1	5070	2.2475
1	5071	1.88747
1	5072	-1.83161
1	5073	0.327504
1	5074	0.536213
1	5075	-2.02266
1	5076	3.75886
1	5077	2.36251
1	5078	0.324801
1	5079	-1.51476
1	5080	4.10572
1	5081	0.0634672
1	5082	0.417277
1	5083	-4.02609
1	5084	-2.69446
1	5085	0.125761
1	5086	-0.231459
1	5087	0.0694628
1	5088	2.03029
1	5089	-1.93217
1	5090	-1.80956
1	5091	-60.103
1	5092	0.125709
1	5093	-0.309395
1	5094	1.81822
1	5095	-1.05228
1	5096	0.914537
1	5097	-0.940685
1	5098	-0.217093
1	5099	-0.47096
1	5100	1.659
1	5101	3.86587
1	5102	-0.62657
1	5103	0.306944
1	5104	0.605984
1	5105	-0.0612717
1	5106	-0.177689
1	5107	-0.417569
1	5108	0.171003
1	5109	-0.386925
1	5110	-15.1284
1	5111	-0.540116
1	5112	3.76253
1	5113	0.875851
1	5114	-0.381207
1	5115	17.6286
1	5116	2.68901
1	5117	-3.40428
1	5118	1.4754
1	5119	0.182106
1	5120	2.36268
1	5121	-0.421928
1	5122	-0.0881643
1	5123	1.8517
1	5124	-1.67167
1	5125	0.738228
1	5126	-0.176408
1	5127	1.62562
1	5128	-0.94882
1	5129	6.16851
1	5130	13.0209
1	5131	1.56439
1	5132	-1.07966
1	5133	0.533573
1	5134	1.34616
1	5135	-0.582834
1	5136	-1.24069
1	5137	-5.20478
1	5138	1.47619
1	5139	2.80243
1	5140	-1.10656
1	5141	-7.76511
1	5142	2.78983
1	5143	2.83604
1	5144	4.88668
1	5145	1.31932
1	5146	-0.556859
1	5147	-0.242309
1	5148	1.41816
1	5149	0.486335
1	5150	0.314623
1	5151	1.27655
1	5152	-3.70885
1	5153	-0.0526787
1	5154	0.349447
1	5155	-304.218
1	5156	-0.538881
1	5157	-4.39892
1	5158	-0.0824888
1	5159	0.0809725
1	5160	6.79357
1	5161	17.6854
1	5162	-0.524857
1	5163	0.263386
1	5164	3.86188
1	5165	1.34844
1	5166	-0.972933
1	5167	-8.26912
1	5168	2.00005
1	5169	0.757876
1	5170	0.108975
1	5171	0.612842
1	5172	-0.758505
1	5173	1.3346
1	5174	12.718
1	5175	0.819159
1	5176	1.04607
1	5177	0.625693
1	5178	-0.711765
1	5179	-0.388494
1	5180	-2.01574
1	5181	24.2548
1	5182	0.45293
1	5183	0.892386
1	5184	0.855387
1	5185	0.0828217
1	5186	-0.659387
1	5187	0.815078
1	5188	-0.454095
1	5189	-1.92507
1	5190	0.470436
1	5191	0.0477674
1	5192	6.63299
1	5193	25.4304
1	5194	0.259221
1	5195	-0.250401
1	5196	1.38161
1	5197	-1.53642
1	5198	-5.71669
1	5199	-3.70377
1	5200	0.706686
1	5201	1.43755
1	5202	4.91755
1	5203	0.44021
1	5204	0.0478794
1	5205	0.228118
1	5206	5.21204
1	5207	1.70291
1	5208	0.179334
1	5209	-2.06844
1	5210	-4.2141
1	5211	-1.10811
1	5212	8.95095
1	5213	2.581
1	5214	0.592961
1	5215	2.02287
1	5216	1.58952
1	5217	0.266406
1	5218	-1.4638
1	5219	-0.0653342
1	5220	-6.01372
1	5221	0.427308
1	5222	-0.813306
1	5223	0.0804197
1	5224	0.795398
1	5225	0.569965
1	5226	1.85543
1	5227	0.1272
1	5228	-0.658163
1	5229	-0.296897
1	5230	-0.381572
1	5231	-37.856
1	5232	-0.0430355
1	5233	-0.0767769
1	5234	0.454203
1	5235	-5.64236
1	5236	1.50204
1	5237	-0.0707845
1	5238	-1.66589
1	5239	0.776699
1	5240	-0.707465
1	5241	-0.812143
1	5242	1.39865
1	5243	-0.187956
1	5244	0.169633
1	5245	-28.8967
1	5246	0.00824532
1	5247	-0.764265
1	5248	1.79153
1	5249	-0.162118
1	5250	0.350739
1	5251	0.929285
1	5252	-0.24409
1	5253	-1.26747
1	5254	1.37279
1	5255	1.09216
1	5256	-0.424881
1	5257	3.79284
1	5258	1.80234
1	5259	-2.34946
1	5260	1.051
1	5261	-1.75796
1	5262	2.77972
1	5263	-0.211172
1	5264	-4.49466
1	5265	-0.140318
1	5266	-0.326827
1	5267	1.93162
1	5268	0.677735
1	5269	1.71014
1	5270	0.218317
1	5271	-8.92795
1	5272	1.49423
1	5273	0.00670267
1	5274	-1.33529
1	5275	-1.07849
1	5276	-0.169163
1	5277	19.2986
1	5278	2.09097
1	5279	-1.27482
1	5280	0.913998
1	5281	-39.651
1	5282	-1.18084
1	5283	2.67925
1	5284	0.572762
1	5285	8.06389
1	5286	0.118596
1	5287	0.759109
1	5288	-1.11691
1	5289	4.63165
1	5290	0.232984
1	5291	-0.208845
1	5292	0.59569
1	5293	-1.65916
1	5294	0.115969
1	5295	-2.75559
1	5296	1.16563
1	5297	-1.27941
1	5298	-4.44855
1	5299	-0.0186822
1	5300	-0.100828
1	5301	-42.9289
1	5302	-0.828888
1	5303	1.33885
1	5304	-0.219484
1	5305	5.68874
1	5306	0.358357
1	5307	-0.591978
1	5308	4.77895
1	5309	-0.245436
1	5310	9.95151
1	5311	1.29706
1	5312	-0.255724
1	5313	-0.724754
1	5314	-3.60434
1	5315	-0.0508816
1	5316	-0.401052
1	5317	3.18268
1	5318	-2.05166
1	5319	1.17473
1	5320	-0.270252
1	5321	-1.38604
1	5322	-0.207189
1	5323	-0.53711
1	5324	-1.03354
1	5325	0.590985
1	5326	0.559614
1	5327	-3.13852
1	5328	0.663042
1	5329	-1.20644
1	5330	0.274834
1	5331	1.36649
1	5332	-0.743082
1	5333	-3.02685
1	5334	-0.259026
1	5335	1.23202
1	5336	-0.352893
1	5337	-0.460291
1	5338	1.82371
1	5339	0.314733
1	5340	-2.90368
1	5341	-2.52182
1	5342	2.15649
1	5343	1.86352
1	5344	0.298996
1	5345	-0.798907
1	5346	-0.664033
1	5347	0.997858
1	5348	-3.29417
1	5349	84.1872
1	5350	-0.389716
1	5351	3.02198
1	5352	0.519556
1	5353	-0.0548012
1	5354	0.419974
1	5355	-0.137164
1	5356	0.990237
1	5357	-0.0770527
1	5358	-0.984661
1	5359	-4.21748
1	5360	1.61759
1	5361	-0.124257
1	5362	-3.99311
1	5363	-0.40057
1	5364	4.28547
1	5365	-0.255357
1	5366	0.889917
1	5367	-0.100325
1	5368	1.36753
1	5369	-0.210948
1	5370	4.66402
1	5371	1.46247
1	5372	-0.278401
1	5373	-0.982011
1	5374	-0.442478
1	5375	-4.48885
1	5376	77.3736
1	5377	-0.720903
1	5378	-0.443626
1	5379	-0.693601
1	5380	-5.04402
1	5381	-0.342016
1	5382	-0.327715
1	5383	6.46664
1	5384	-1.19465
1	5385	0.913631
1	5386	3.985
1	5387	0.672966
1	5388	17.6876
1	5389	0.409583
1	5390	-0.249296
1	5391	1.21707
1	5392	-1.30473
1	5393	-3.40586
1	5394	-4.61025
1	5395	3.50459
1	5396	-0.902881
1	5397	1.26944
1	5398	-1.20533
1	5399	-0.933656
1	5400	-0.878895
1	5401	0.0695482
1	5402	0.675891
1	5403	-0.527642
1	5404	1.09568
1	5405	0.651616
1	5406	1.64612
1	5407	5.79619
1	5408	-4.94206
1	5409	-1.22367
1	5410	3.39048
1	5411	-1.49621
1	5412	-0.640636
1	5413	-6.8929
1	5414	-0.0977067
1	5415	-3.68531
1	5416	-7.27218
1	5417	7.43989
1	5418	1.09438
1	5419	-0.457544
1	5420	1.01025
1	5421	0.216198
1	5422	-2.75932
1	5423	0.336308
1	5424	1.76298
1	5425	-0.601678
1	5426	0.909865
1	5427	-2.0374
1	5428	0.732988
1	5429	0.599202
1	5430	0.944288
1	5431	-1.94775
1	5432	-1.15253
1	5433	2.64842
1	5434	-4.5564
1	5435	4.13227
1	5436	-2.31402
1	5437	-0.623323
1	5438	0.0525987
1	5439	-1.07457
1	5440	8.49831
1	5441	-0.782697
1	5442	-1.04838
1	5443	-3.29479
1	5444	-17.8556
1	5445	0.320108
1	5446	-1.55767
1	5447	4.49063
1	5448	3.65808
1	5449	257.145
1	5450	0.731153
1	5451	1.62375
1	5452	-0.438392
1	5453	6.88177
1	5454	21.3724
1	5455	-0.843858
1	5456	0.146561
1	5457	0.0538289
1	5458	-0.8251
1	5459	0.564728
1	5460	-1.39152
1	5461	-2.21799
1	5462	0.15522
1	5463	0.899225
1	5464	1.70745
1	5465	-0.608737
1	5466	-0.278847
1	5467	-0.551016
1	5468	0.642766
1	5469	0.192177
1	5470	1.28637
1	5471	-1.80799
1	5472	-8.30485
1	5473	0.688216
1	5474	-0.533038
1	5475	3.8282
1	5476	-6.95503
1	5477	0.473299
1	5478	-2.98834
1	5479	0.701605
1	5480	3.03718
1	5481	-0.673058
1	5482	-1.96291
1	5483	0.15348
1	5484	-1.67404
1	5485	9.55978
1	5486	0.180835
1	5487	0.8995
1	5488	1.29479
1	5489	-0.313765
1	5490	-0.419293
1	5491	-0.29025
1	5492	-1.64213
1	5493	0.324207
1	5494	1.52047
1	5495	0.37654
1	5496	0.222236
1	5497	-0.770748
1	5498	0.0309836
1	5499	-1.33339
1	5500	-0.149189
1	5501	1.17164
1	5502	3.62349
1	5503	-1.91049
1	5504	0.524867
1	5505	1.16148
1	5506	-0.0773379
1	5507	0.0730509
1	5508	3.13206
1	5509	-0.998369
1	5510	2.79424
1	5511	-2.29143
1	5512	2.06692
1	5513	0.484899
1	5514	0.020261
1	5515	1.13968
1	5516	-4.3133
1	5517	-1.04582
1	5518	0.0256943
1	5519	-4.20577
1	5520	-0.74266
1	5521	0.289275
1	5522	0.655528
1	5523	10.2589
1	5524	-2.0945
1	5525	-0.190505
1	5526	-3.24823
1	5527	-1.32638
1	5528	-0.0307412
1	5529	-0.282425
1	5530	-0.0399032
1	5531	0.753359
1	5532	0.055999
1	5533	3.27657
1	5534	0.453027
1	5535	-0.707971
1	5536	-0.212719
1	5537	17.8509
1	5538	-0.377768
1	5539	1.14935
1	5540	2.08983
1	5541	2.30994
1	5542	2.40475
1	5543	-0.338032
1	5544	-2.23782
1	5545	0.63745
1	5546	0.266643
1	5547	0.376409
1	5548	-2.3797
1	5549	-0.482775
1	5550	-1.14145
1	5551	0.644002
1	5552	0.446303
1	5553	-1.39371
1	5554	0.00949307
1	5555	0.34452
1	5556	-2.31643
1	5557	-0.366617
1	5558	1.11551
1	5559	2.84153
1	5560	-3.68385
1	5561	-0.0115744
1	5562	0.163192
1	5563	-0.471929
1	5564	0.727346
1	5565	-3.14097
1	5566	-0.186411
1	5567	-0.340033
1	5568	3.0106
1	5569	-0.0063542
1	5570	-3.25698
1	5571	1.65287
1	5572	-0.366545
1	5573	0.00388656
1	5574	-3.2583
1	5575	1.30121
1	5576	-0.356859
1	5577	0.431839
1	5578	-0.372908
1	5579	0.888023
1	5580	-2.43817
1	5581	2.44883
1	5582	0.211281
1	5583	-0.127514
1	5584	0.613123
1	5585	0.836721
1	5586	-0.184913
1	5587	-5.03582
1	5588	2.38803
1	5589	1.09834
1	5590	-0.239699
1	5591	0.299891
1	5592	1.55061
1	5593	7.24685
1	5594	0.172384
1	5595	1.24962
1	5596	1.38945
1	5597	-0.254918
1	5598	0.1357
1	5599	0.296118
1	5600	0.0136035
1	5601	0.192822
1	5602	-0.867427
1	5603	0.711668
1	5604	2.3576
1	5605	-1.21838
1	5606	1.39987
1	5607	-0.383298
1	5608	0.270669
1	5609	1.01401
1	5610	-1.12898
1	5611	-0.171328
1	5612	-1.32347
1	5613	29.2236
1	5614	1.23151
1	5615	-1.32896
1	5616	7.93898
1	5617	-4.23773
1	5618	-1.14486
1	5619	-2.65125
1	5620	1.23265
1	5621	0.0924118
1	5622	-1.11009
1	5623	0.707065
1	5624	-0.680689
1	5625	0.689678
1	5626	-0.326082
1	5627	-0.0760198
1	5628	-0.494014
1	5629	0.50792
1	5630	0.201807
1	5631	0.997689
1	5632	-3.91235
1	5633	-0.0322112
1	5634	-1.46912
1	5635	-6.49398
1	5636	0.23689
1	5637	-61.369
1	5638	-0.25138
1	5639	0.0332544
1	5640	-3.27895
1	5641	1.8073
1	5642	-1.51492
1	5643	-0.277725
1	5644	0.0176268
1	5645	0.709932
1	5646	0.871664
1	5647	-2.51693
1	5648	6.73055
1	5649	1.70508
1	5650	0.26159
1	5651	2.61421
1	5652	0.630912
1	5653	-1.98738
1	5654	-1.02642
1	5655	-0.384885
1	5656	-1.78738
1	5657	-0.27808
1	5658	-0.801973
1	5659	0.272503
1	5660	2.98957
1	5661	-2.38435
1	5662	5.16167
1	5663	-0.429095
1	5664	0.531615
1	5665	-0.319334
1	5666	-0.890149
1	5667	-0.870589
1	5668	2.82332
1	5669	3.2956
1	5670	10.7532
1	5671	-1.69005
1	5672	-87.1566
1	5673	0.445115
1	5674	2.14886
1	5675	1.21341
1	5676	1.46839
1	5677	0.265176
1	5678	-1.21494
1	5679	-0.163227
1	5680	-1.3623
1	5681	0.609771
1	5682	-1.66966
1	5683	3.28931
1	5684	-0.685227
1	5685	-0.789392
1	5686	0.645
1	5687	-0.582011
1	5688	-0.204392
1	5689	-0.290002
1	5690	1.19609
1	5691	0.802745
1	5692	1.19193
1	5693	0.649326
1	5694	-10.115
1	5695	-1.55536
1	5696	0.728732
1	5697	0.399956
1	5698	-1.31581
1	5699	1.42228
1	5700	2.58154
1	5701	0.0191317
1	5702	5.81028
1	5703	-0.778925
1	5704	0.0706314
1	5705	-1.41158
1	5706	0.0900682
1	5707	2.02941
1	5708	-1.0276
1	5709	-1.97581
1	5710	0.443393
1	5711	-1.0077
1	5712	-0.348444
1	5713	-14.9112
1	5714	0.600291
1	5715	8.64873
1	5716	0.43189
1	5717	-0.634398
1	5718	-1.71803
1	5719	1.42719
1	5720	1.16349
1	5721	1.1002
1	5722	0.900196
1	5723	0.833028
1	5724	-0.0877189
1	5725	0.473244
1	5726	6.21216
1	5727	-0.519105
1	5728	1.00362
1	5729	1.2807
1	5730	0.727156
1	5731	0.805944
1	5732	-5.22638
1	5733	0.844286
1	5734	0.57528
1	5735	2.51388
1	5736	0.198262
1	5737	-1.20681
1	5738	0.242435
1	5739	-0.815071
1	5740	37.3222
1	5741	0.847577
1	5742	0.771409
1	5743	-0.720551
1	5744	-0.675948
1	5745	2.09204
1	5746	2.79166
1	5747	0.582496
1	5748	2.32452
1	5749	0.551181
1	5750	4.59088
1	5751	-2.55384
1	5752	-1.60106
1	5753	-19.3993
1	5754	-8.59028
1	5755	0.0379004
1	5756	-0.211767
1	5757	2.39687
1	5758	-3.75679
1	5759	-0.637351
1	5760	-0.194251
1	5761	0.56779
1	5762	0.941528
1	5763	0.138986
1	5764	-0.103896
1	5765	4.23302
1	5766	-4.00696
1	5767	-4.37005
1	5768	-0.128941
1	5769	-0.793103
1	5770	-0.722798
1	5771	0.926572
1	5772	-35.8973
1	5773	4.95482
1	5774	0.208174
1	5775	-2.03686
1	5776	0.657542
1	5777	1.08746
1	5778	34.7277
1	5779	1.43977
1	5780	-0.456532
1	5781	3.55557
1	5782	10.2181
1	5783	-0.0151712
1	5784	-0.235248
1	5785	-0.933743
1	5786	-1.41539
1	5787	2.30523
1	5788	-0.11955
1	5789	6.60609
1	5790	-0.516367
1	5791	-0.659741
1	5792	4.05965
1	5793	0.405767
1	5794	0.0167977
1	5795	-0.336823
1	5796	-18.0953
1	5797	-0.432011
1	5798	-15.7022
1	5799	-8.7564
1	5800	1.87945
1	5801	-4.62667
1	5802	-7.91064
1	5803	-2.68973
1	5804	1.37812
1	5805	1.12054
1	5806	3.93681
1	5807	-0.995469
1	5808	6.02747
1	5809	-2.32469
1	5810	1.36417
1	5811	-0.178453
1	5812	-1.94843
1	5813	1.87572
1	5814	-1.80601
1	5815	-0.726485
1	5816	-1.98197
1	5817	0.754833
1	5818	1.048
1	5819	-0.884081
1	5820	0.318431
1	5821	-0.534872
1	5822	-2.07402
1	5823	-0.22986
1	5824	0.782925
1	5825	1.94444
1	5826	1.71659
1	5827	-0.699682
1	5828	-2.5946
1	5829	6.82982
1	5830	6.75042
1	5831	1.24934
1	5832	0.56563
1	5833	-0.0746678
1	5834	0.440565
1	5835	-1.19572
1	5836	-1.48542
1	5837	-1.72697
1	5838	0.104812
1	5839	-0.625666
1	5840	2.53353
1	5841	0.248381
1	5842	-1.43869
1	5843	1.20222
1	5844	-0.453503
1	5845	-1.62617
1	5846	-0.476259
1	5847	0.548733
1	5848	0.128686
1	5849	0.566993
1	5850	0.215031
1	5851	0.783162
1	5852	0.123474
1	5853	0.709144
1	5854	-26.0894
1	5855	-0.396143
1	5856	2.70719
1	5857	-1.16745
1	5858	-0.841165
1	5859	1.83219
1	5860	0.168855
1	5861	-0.749124
1	5862	-2.04461
1	5863	2.06767
1	5864	-0.523867
1	5865	1.05129
1	5866	-1.22204
1	5867	-51.4192
1	5868	-2.48644
1	5869	-1.07068
1	5870	1.89336
1	5871	0.910112
1	5872	-1.75895
1	5873	0.222809
1	5874	0.277279
1	5875	1.11228
1	5876	-0.3981
1	5877	-1.42969
1	5878	-0.240235
1	5879	-0.116487
1	5880	0.900892
1	5881	84.0545
1	5882	2.16834
1	5883	0.184157
1	5884	0.257259
1	5885	-1.52109
1	5886	-12.124
1	5887	2.81746
1	5888	0.896451
1	5889	3.75639
1	5890	1.08833
1	5891	17.2346
1	5892	0.553476
1	5893	-2.28852
1	5894	-0.63313
1	5895	2.59065
1	5896	-2.53219
1	5897	0.0973589
1	5898	-0.400304
1	5899	-0.956965
1	5900	-0.00413778
1	5901	-62.6425
1	5902	1.85695
1	5903	-2.87577
1	5904	1.67072
1	5905	-1.24862
1	5906	-0.05106
1	5907	-0.0304925
1	5908	0.942707
1	5909	-1.50663
1	5910	-1.06124
1	5911	0.969629
1	5912	1.45285
1	5913	75.9143
1	5914	-1.37876
1	5915	-0.395534
1	5916	-4.01319
1	5917	4.52837
1	5918	2.28806
1	5919	0.713249
1	5920	0.991139
1	5921	0.506875
1	5922	1.4701
1	5923	-1.03203
1	5924	1.06925
1	5925	-9.85178
1	5926	1.14912
1	5927	-7.88953
1	5928	-0.0775229
1	5929	1.13161
1	5930	0.341283
1	5931	1.7712
1	5932	-15.3383
1	5933	0.881015
1	5934	-2.45844
1	5935	99.8333
1	5936	0.297058
1	5937	-0.879338
1	5938	-2.14759
1	5939	-0.751513
1	5940	2.17698
1	5941	0.678374
1	5942	0.582054
1	5943	-0.145188
1	5944	-0.124695
1	5945	0.840093
1	5946	-1.19399
1	5947	1.48552
1	5948	-0.200729
1	5949	-0.0337053
1	5950	0.458034
1	5951	-1.48234
1	5952	-4.10579
1	5953	0.645802
1	5954	-0.50414
1	5955	-4.20194
1	5956	2.32214
1	5957	-0.182218
1	5958	4.46445
1	5959	-0.38445
1	5960	1.22379
1	5961	0.908033
1	5962	-2.88946
1	5963	-0.285721
1	5964	-4.82187
1	5965	1.59766
1	5966	-1.63359
1	5967	0.968636
1	5968	-2.7254
1	5969	-0.552584
1	5970	-0.803033
1	5971	0.631759
1	5972	0.014699
1	5973	0.210291
1	5974	-0.0705315
1	5975	0.330008
1	5976	-0.665411
1	5977	1.19466
1	5978	-0.949996
1	5979	-0.292506
1	5980	0.403847
1	5981	-0.288023
1	5982	-0.512228
1	5983	0.688125
1	5984	-0.662937
1	5985	-0.0553355
1	5986	-2.09731
1	5987	-0.0528751
1	5988	0.686831
1	5989	-8.41201
1	5990	-0.349191
1	5991	-5.2289
1	5992	-6.77631
1	5993	1.92204
1	5994	7.18067
1	5995	0.699875
1	5996	0.265042
1	5997	-0.71354
1	5998	2.2993
1	5999	-0.201449
1	6000	-2.43894
1	6001	-0.921978
1	6002	7.57564
1	6003	5.67672
1	6004	-21.684
1	6005	2.92674
1	6006	-1.08922
1	6007	1.32338
1	6008	2.43751
1	6009	0.0957407
1	6010	1.0717
1	6011	0.0793655
1	6012	-1.45928
1	6013	2.30174
1	6014	-1.68842
1	6015	-0.416044
1	6016	0.907464
1	6017	-3.67056
1	6018	0.956388
1	6019	7.52079
1	6020	2.2359
1	6021	-0.317115
1	6022	-0.246897
1	6023	-0.283039
1	6024	1.63815
1	6025	0.0304349
1	6026	0.224617
1	6027	-1.459
1	6028	-17.8544
1	6029	1.90762
1	6030	-1.79991
1	6031	-55.3524
1	6032	-0.053645
1	6033	0.767259
1	6034	-0.301293
1	6035	0.323355
1	6036	-0.498961
1	6037	0.674697
1	6038	-1.89743
1	6039	-1.97011
1	6040	-1.86626
1	6041	1.20385
1	6042	0.254698
1	6043	-1.56926
1	6044	2.00767
1	6045	-0.454756
1	6046	-0.553563
1	6047	1.29596
1	6048	3.13274
1	6049	-1.88252
1	6050	-3.02236
1	6051	0.390694
1	6052	0.0327736
1	6053	-10.6213
1	6054	2.96186
1	6055	7.03633
1	6056	-0.81674
1	6057	2.31828
1	6058	0.075143
1	6059	-0.133139
1	6060	-0.971475
1	6061	-0.360333
1	6062	-170.208
1	6063	-0.104134
1	6064	-2.96132
1	6065	6.50796
1	6066	-3.78863
1	6067	0.0839178
1	6068	2.60488
1	6069	-0.242489
1	6070	2.90014
1	6071	0.306535
1	6072	3.72492
1	6073	2.3396
1	6074	-4.65667
1	6075	6.75511
1	6076	0.151773
1	6077	-0.0394813
1	6078	1.51961
1	6079	-5.7024
1	6080	0.639287
1	6081	0.980843
1	6082	0.777254
1	6083	0.458407
1	6084	-15.9276
1	6085	0.477209
1	6086	0.827997
1	6087	-1.04091
1	6088	-0.347171
1	6089	0.110348
1	6090	0.735299
1	6091	2.19248
1	6092	0.265502
1	6093	-0.660601
1	6094	-0.121509
1	6095	-0.81006
1	6096	1.35413
1	6097	2.04918
1	6098	0.824804
1	6099	3.17966
1	6100	5.56138
1	6101	-0.331094
1	6102	-0.543327
1	6103	0.146412
1	6104	0.252501
1	6105	-0.954549
1	6106	-11.0131
1	6107	2.29974
1	6108	-5.8922
1	6109	1.1157
1	6110	0.429394
1	6111	0.512884
1	6112	0.526784
1	6113	0.990337
1	6114	-0.492713
1	6115	3.53601
1	6116	-1.9845
1	6117	1.64489
1	6118	0.758783
1	6119	0.393389
1	6120	-0.689862
1	6121	-1.19103
1	6122	1.26983
1	6123	2.19993
1	6124	0.674863
1	6125	-1.43245
1	6126	-4.81058
1	6127	2.21141
1	6128	-34.0832
1	6129	-7.13461
1	6130	0.0116254
1	6131	2.54686
1	6132	-1.54872
1	6133	3.15439
1	6134	-0.569822
1	6135	12.6171
1	6136	1.22135
1	6137	-0.0116882
1	6138	-0.00490091
1	6139	-0.702707
1	6140	-2.74966
1	6141	0.250028
1	6142	6.58417
1	6143	2.3066
1	6144	4.39872
1	6145	-9.69007
1	6146	-0.171667
1	6147	-51.0883
1	6148	-0.466837
1	6149	192.818
1	6150	3.43921
1	6151	1.82235
1	6152	1.8927
1	6153	-0.448813
1	6154	-3.57327
1	6155	1.20454
1	6156	0.603474
1	6157	-2.53393
1	6158	-0.560237
1	6159	-1.36615
1	6160	-0.152276
1	6161	-0.872046
1	6162	-0.634659
1	6163	-12.4642
1	6164	0.623732
1	6165	-1.22926
1	6166	-0.473309
1	6167	1.98131
1	6168	0.264109
1	6169	0.747373
1	6170	-0.478191
1	6171	2.88079
1	6172	-4.02586
1	6173	-2.514
1	6174	2.25476
1	6175	2.69901
1	6176	-0.52247
1	6177	-0.73877
1	6178	5.57491
1	6179	-0.57685
1	6180	-0.130832
1	6181	0.637673
1	6182	-0.245565
1	6183	0.305339
1	6184	-1.92026
1	6185	0.54878
1	6186	0.663189
1	6187	-3.77131
1	6188	-3.73034
1	6189	0.284336
1	6190	0.185286
1	6191	0.418283
1	6192	0.467358
1	6193	21.8867
1	6194	-3.37256
1	6195	0.0326034
1	6196	1.57541
1	6197	-0.226327
1	6198	-1.40921
1	6199	13.3086
1	6200	-0.690663
1	6201	-0.160767
1	6202	1.28272
1	6203	-0.180244
1	6204	-3.06995
1	6205	-0.07843
1	6206	2.10052
1	6207	-0.104772
1	6208	-3.35108
1	6209	0.332921
1	6210	2.07261
1	6211	0.365983
1	6212	-0.066147
1	6213	-2.98552
1	6214	0.461037
1	6215	2.91932
1	6216	0.0114158
1	6217	0.165734
1	6218	6.36212
1	6219	-1.43097
1	6220	16.9314
1	6221	9.10066
1	6222	0.887388
1	6223	0.805001
1	6224	-0.644326
1	6225	-3.56782
1	6226	-1.34397
1	6227	-4.40048
1	6228	13.9511
1	6229	-4.94838
1	6230	0.129126
1	6231	-1.4496
1	6232	-5.7239
1	6233	-3.43332
1	6234	0.197489
1	6235	2.12637
1	6236	1.523
1	6237	0.841174
1	6238	-36.4425
1	6239	-0.720083
1	6240	0.71575
1	6241	0.328526
1	6242	-0.55584
1	6243	0.220058
1	6244	2.28268
1	6245	-2.46265
1	6246	7.83183
1	6247	-0.471806
1	6248	-1.02151
1	6249	0.641935
1	6250	-0.503816
1	6251	1.25656
1	6252	-13.571
1	6253	0.0525878
1	6254	1.06453
1	6255	-0.640127
1	6256	1.35164
1	6257	2.67782
1	6258	-29.6838
1	6259	0.808661
1	6260	4.28228
1	6261	0.133782
1	6262	0.234498
1	6263	15.2757
1	6264	1.82159
1	6265	0.198651
1	6266	-1.82797
1	6267	-3.85636
1	6268	0.21666
1	6269	-2.17978
1	6270	3.31911
1	6271	19.27
1	6272	-0.166747
1	6273	-0.097011
1	6274	-0.468332
1	6275	3.3932
1	6276	4.40477
1	6277	-0.102665
1	6278	48.1022
1	6279	-0.426532
1	6280	3.21357
1	6281	-0.942259
1	6282	0.46396
1	6283	0.295759
1	6284	0.229087
1	6285	-26.7279
1	6286	1.81479
1	6287	0.826816
1	6288	-1.59677
1	6289	-0.988023
1	6290	-0.210914
1	6291	-1.40153
1	6292	-4.81324
1	6293	-0.126225
1	6294	-0.0107449
1	6295	-0.218219
1	6296	-0.346199
1	6297	0.351615
1	6298	0.921665
1	6299	-26.5491
1	6300	-1.82023
1	6301	-0.167149
1	6302	-0.889591
1	6303	0.363581
1	6304	-1.57011
1	6305	0.0848844
1	6306	14.6555
1	6307	0.104321
1	6308	0.114973
1	6309	-0.753799
1	6310	-1.5706
1	6311	-2.43719
1	6312	-0.266026
1	6313	-0.33048
1	6314	-0.554387
1	6315	0.850808
1	6316	1.62346
1	6317	2.93062
1	6318	-5.70932
1	6319	4.93017
1	6320	-0.0658829
1	6321	7.35521
1	6322	0.472444
1	6323	-1.10887
1	6324	-0.368777
1	6325	0.633153
1	6326	-9.89675
1	6327	0.39438
1	6328	0.351598
1	6329	-0.159426
1	6330	3.9269
1	6331	-0.0690384
1	6332	-2.62585
1	6333	-1.67523
1	6334	-0.901402
1	6335	-13.0459
1	6336	-0.0244329
1	6337	0.181434
1	6338	-1.58744
1	6339	-13.8092
1	6340	-2.20906
1	6341	-4.26088
1	6342	3.1474
1	6343	0.146844
1	6344	0.131878
1	6345	-0.375823
1	6346	0.324533
1	6347	0.0164573
1	6348	10.985
1	6349	-10.5129
1	6350	-1.44524
1	6351	-2.02045
1	6352	0.559012
1	6353	-1.21273
1	6354	1.49137
1	6355	-0.00262946
1	6356	-1.03778
1	6357	-1.00038
1	6358	2.46177
1	6359	-0.582205
1	6360	0.421267
1	6361	3.67476
1	6362	-0.199279
1	6363	-1.61653
1	6364	-0.075411
1	6365	-17.6934
1	6366	0.228612
1	6367	0.622129
1	6368	-0.577982
1	6369	1.56349
1	6370	-0.649306
1	6371	-0.405213
1	6372	-75.2769
1	6373	1.27449
1	6374	-7.52333
1	6375	-2.62648
1	6376	-0.361815
1	6377	3.11119
1	6378	-0.463425
1	6379	1.33905
1	6380	-0.423516
1	6381	-27.5994
1	6382	1.07515
1	6383	-0.991237
1	6384	0.180968
1	6385	-0.194933
1	6386	87.3308
1	6387	-0.455178
1	6388	2.26659
1	6389	-2.0861
1	6390	-2.43936
1	6391	-1.34242
1	6392	0.303191
1	6393	-332.773
1	6394	0.272012
1	6395	0.472108
1	6396	-2.72613
1	6397	-0.46612
1	6398	-2.9082
1	6399	-2.13638
1	6400	-42.2861
1	6401	1.04081
1	6402	-2.238
1	6403	-33.4808
1	6404	1.34315
1	6405	-0.128864
1	6406	-29.5004
1	6407	0.152882
1	6408	-2.51218
1	6409	-1.55846
1	6410	2.31851
1	6411	1.83481
1	6412	1.07254
1	6413	-6.33149
1	6414	-1.15462
1	6415	0.226543
1	6416	0.643262
1	6417	-2.37931
1	6418	-6.68253
1	6419	-0.343162
1	6420	0.616087
1	6421	1.4547
1	6422	0.461701
1	6423	-1.18449
1	6424	-8.61094
1	6425	2.59958
1	6426	0.105375
1	6427	-1.28042
1	6428	0.205642
1	6429	1.23522
1	6430	0.012248
1	6431	-1.11073
1	6432	0.221205
1	6433	-0.314707
1	6434	-0.443409
1	6435	-492.641
1	6436	-0.500081
1	6437	22.0299
1	6438	-1.13505
1	6439	-0.414033
1	6440	1.23158
1	6441	-2.30651
1	6442	0.0729433
1	6443	0.393885
1	6444	-0.101607
1	6445	-0.239804
1	6446	-0.142435
1	6447	0.588629
1	6448	9.29338
1	6449	-9.13132
1	6450	0.505294
1	6451	0.369467
1	6452	-0.529376
1	6453	0.182628
1	6454	-0.33044
1	6455	0.415549
1	6456	3.47819
1	6457	-0.409305
1	6458	-0.0959567
1	6459	-20.99
1	6460	-0.300352
1	6461	0.678813
1	6462	-0.770364
1	6463	1.40081
1	6464	0.386147
1	6465	-0.0611326
1	6466	5.38032
1	6467	0.369908
1	6468	1.27381
1	6469	-0.686751
1	6470	-3.99558
1	6471	-0.323082
1	6472	-0.72445
1	6473	-0.431558
1	6474	-5.9292
1	6475	0.725227
1	6476	0.591428
1	6477	0.0336163
1	6478	-0.452841
1	6479	-0.649224
1	6480	-0.44546
1	6481	-0.0757627
1	6482	-0.234368
1	6483	0.0299613
1	6484	0.551996
1	6485	1.03422
1	6486	1.38538
1	6487	-1.73573
1	6488	-0.806444
1	6489	1.75151
1	6490	0.219079
1	6491	6.61625
1	6492	-2.30193
1	6493	44.4021
1	6494	1.09555
1	6495	-2.6738
1	6496	-0.0364264
1	6497	-1.42781
1	6498	0.986529
1	6499	-5.42265
1	6500	2.02676
1	6501	2.89515
1	6502	-0.73771
1	6503	-7.2552
1	6504	0.359359
1	6505	-1.02767
1	6506	-6.6485
1	6507	0.351291
1	6508	0.569604
1	6509	-0.438846
1	6510	1.34318
1	6511	0.262058
1	6512	-0.365014
1	6513	1.84926
1	6514	-2.05653
1	6515	1.59383
1	6516	-2.16925
1	6517	1.84207
1	6518	3.78363
1	6519	1.21484
1	6520	0.605395
1	6521	0.000566284
1	6522	1.45753
1	6523	0.675134
1	6524	0.165466
1	6525	2.24271
1	6526	0.295582
1	6527	2.80733
1	6528	1.95202
1	6529	0.845121
1	6530	-38.6232
1	6531	0.0834858
1	6532	0.221938
1	6533	0.118505
1	6534	2.16877
1	6535	0.195576
1	6536	5.78465
1	6537	1.10236
1	6538	1.39846
1	6539	0.717704
1	6540	-1.7621
1	6541	3.5572
1	6542	0.279439
1	6543	-5.52325
1	6544	-0.00345223
1	6545	-0.647315
1	6546	21.2008
1	6547	-5.14592
1	6548	-0.268055
1	6549	-1.69886
1	6550	0.835526
1	6551	0.403278
1	6552	-10.7489
1	6553	-0.756859
1	6554	0.386051
1	6555	0.556103
1	6556	0.996222
1	6557	0.2292
1	6558	-2.62267
1	6559	18.4878
1	6560	0.664206
1	6561	-0.309188
1	6562	-1.15998
1	6563	-0.0894949
1	6564	-2.32052
1	6565	-0.0437834
1	6566	-0.697987
1	6567	-1.86747
1	6568	-0.863166
1	6569	-0.0158155
1	6570	0.0440215
1	6571	0.11938
1	6572	0.378073
1	6573	0.496765
1	6574	2.0772
1	6575	-1.21485
1	6576	-0.185728
1	6577	1.23992
1	6578	4.04101
1	6579	1.42574
1	6580	-0.212937
1	6581	0.5629
1	6582	-0.883122
1	6583	-0.0453871
1	6584	-0.433807
1	6585	-5.69953
1	6586	-0.484199
1	6587	-3.63973
1	6588	0.0454411
1	6589	-0.503374
1	6590	-0.408354
1	6591	0.560425
1	6592	0.705677
1	6593	0.377566
1	6594	0.851579
1	6595	-1.91289
1	6596	-3.6247
1	6597	2.6154
1	6598	0.0355191
1	6599	9.22474
1	6600	2.35935
1	6601	-0.356721
1	6602	1.42523
1	6603	1.31211
1	6604	0.128833
1	6605	9.56941
1	6606	0.0366346
1	6607	3.84931
1	6608	-0.157217
1	6609	4.40542
1	6610	-1.6384
1	6611	0.963698
1	6612	-0.473253
1	6613	-0.729261
1	6614	1.94882
1	6615	0.377476
1	6616	-5.39986
1	6617	-1.16425
1	6618	0.476563
1	6619	11.8957
1	6620	-0.572191
1	6621	-0.335973
1	6622	1.76285
1	6623	0.196355
1	6624	-4.67145
1	6625	-0.522787
1	6626	1.10046
1	6627	-0.192349
1	6628	1.37744
1	6629	0.112721
1	6630	8.12999
1	6631	4.67485
1	6632	-4.79051
1	6633	0.266666
1	6634	0.285589
1	6635	0.416807
1	6636	3.38289
1	6637	-8.11318
1	6638	5.88337
1	6639	-48.5495
1	6640	-0.469605
1	6641	0.126295
1	6642	0.946092
1	6643	-0.0476744
1	6644	-0.636798
1	6645	-0.306905
1	6646	-3.80543
1	6647	2.78476
1	6648	0.920212
1	6649	13.8273
1	6650	-0.00856533
1	6651	-1.80109
1	6652	2.909
1	6653	2.57429
1	6654	1.56819
1	6655	-1.09974
1	6656	0.604882
1	6657	-0.0668859
1	6658	-0.936555
1	6659	2.20622
1	6660	-1.65643
1	6661	45.6017
1	6662	-0.161069
1	6663	0.205882
1	6664	-3.14283
1	6665	-3.08704
1	6666	-0.913013
1	6667	0.328408
1	6668	0.0570905
1	6669	-1.033
1	6670	10.6801
1	6671	-3.53883
1	6672	0.384658
1	6673	-541.503
1	6674	-9.08505
1	6675	-2.64602
1	6676	2.53086
1	6677	1.19781
1	6678	40.8423
1	6679	-0.323838
1	6680	3.14046
1	6681	1.24352
1	6682	-0.512338
1	6683	-0.542013
1	6684	-2.96907
1	6685	-4.35949
1	6686	0.580854
1	6687	-0.474858
1	6688	0.51247
1	6689	0.959384
1	6690	-4.77856
1	6691	5.8537
1	6692	0.482034
1	6693	7.4663
1	6694	-0.981056
1	6695	0.214472
1	6696	-1.74971
1	6697	0.128631
1	6698	-0.961079
1	6699	-3.19536
1	6700	-0.271751
1	6701	-1.39692
1	6702	4.90541
1	6703	-0.274962
1	6704	-1.52371
1	6705	15.2263
1	6706	0.291851
1	6707	0.0726271
1	6708	-0.669412
1	6709	0.427818
1	6710	-9.15156
1	6711	-0.337239
1	6712	-2.27374
1	6713	-0.166572
1	6714	1.99084
1	6715	-2.91068
1	6716	0.484223
1	6717	-0.00930406
1	6718	0.313484
1	6719	0.203289
1	6720	-0.38036
1	6721	-0.366544
1	6722	2.13
1	6723	1.06433
1	6724	-0.117999
1	6725	-40.3354
1	6726	1.11118
1	6727	-0.43905
1	6728	0.283508
1	6729	0.694751
1	6730	2.5428
1	6731	-1.1767
1	6732	-0.596167
1	6733	-0.591179
1	6734	-3.77972
1	6735	3.37765
1	6736	-0.492649
1	6737	-0.663935
1	6738	2.19134
1	6739	-0.0731957
1	6740	0.420774
1	6741	-0.564585
1	6742	-3.79074
1	6743	0.433304
1	6744	8.27965
1	6745	0.170792
1	6746	0.162162
1	6747	28.8942
1	6748	-7.11367
1	6749	-1.35504
1	6750	-0.870194
1	6751	2.99644
1	6752	2.68426
1	6753	0.104163
1	6754	0.373336
1	6755	1.14618
1	6756	-1.03146
1	6757	0.487121
1	6758	0.308419
1	6759	0.0629794
1	6760	-2.18621
1	6761	-3.25703
1	6762	0.171698
1	6763	-0.951442
1	6764	-2.33788
1	6765	-6.35519
1	6766	-3.55137
1	6767	-0.659006
1	6768	-0.172042
1	6769	-3.41365
1	6770	-2.61074
1	6771	-0.128642
1	6772	-0.377511
1	6773	-9.01715
1	6774	-0.410958
1	6775	-4.29395
1	6776	-0.303169
1	6777	-0.361652
1	6778	-0.377535
1	6779	0.107655
1	6780	-0.831896
1	6781	-4.99201
1	6782	-3.39457
1	6783	4.00066
1	6784	0.247918
1	6785	-1.18539
1	6786	0.462074
1	6787	4.31217
1	6788	1.25543
1	6789	0.53101
1	6790	-2.79342
1	6791	22.2219
1	6792	0.0124145
1	6793	0.128112
1	6794	-0.569924
1	6795	0.221527
1	6796	-0.675114
1	6797	-0.101706
1	6798	1.72189
1	6799	-0.0270945
1	6800	-0.277379
1	6801	4.03607
1	6802	-0.375522
1	6803	-0.91836
1	6804	-0.820178
1	6805	-26.2264
1	6806	-0.203116
1	6807	-16.8665
1	6808	-2.26726
1	6809	-0.75532
1	6810	-17.4087
1	6811	-0.506457
1	6812	2.62418
1	6813	-1.66653
1	6814	-1.58998
1	6815	-0.177354
1	6816	-0.11964
1	6817	-1.61818
1	6818	-1.17394
1	6819	-176.248
1	6820	-1.85233
1	6821	1.41531
1	6822	-0.118894
1	6823	-0.684323
1	6824	4.24118
1	6825	0.114812
1	6826	1.40284
1	6827	-4.35146
1	6828	0.0136214
1	6829	0.707957
1	6830	-0.404684
1	6831	1.70697
1	6832	-0.513294
1	6833	-0.269491
1	6834	0.127043
1	6835	-0.534078
1	6836	-0.00321189
1	6837	4.45667
1	6838	4.73292
1	6839	0.227118
1	6840	-0.836906
1	6841	-0.122552
1	6842	-23.4327
1	6843	-1.46967
1	6844	0.335414
1	6845	-0.731503
1	6846	-3.37339
1	6847	2.46455
1	6848	0.761287
1	6849	-1.15997
1	6850	2.32685
1	6851	-1.34783
1	6852	-4.01938
1	6853	1.75177
1	6854	-4.75596
1	6855	0.574445
1	6856	6.66139
1	6857	0.713015
1	6858	-0.873561
1	6859	-1.67052
1	6860	1805.46
1	6861	0.803106
1	6862	-2.01282
1	6863	1.52017
1	6864	2.4785
1	6865	1.80556
1	6866	-0.247666
1	6867	4.20631
1	6868	1.827
1	6869	2.26116
1	6870	0.0689778
1	6871	0.0296402
1	6872	4.08547
1	6873	-1.5264
1	6874	1.81085
1	6875	-12.5651
1	6876	0.169521
1	6877	-0.26631
1	6878	-1.08971
1	6879	-1.08183
1	6880	0.376426
1	6881	-0.118393
1	6882	-3.54404
1	6883	-8.38707
1	6884	0.158832
1	6885	1.37324
1	6886	0.0923665
1	6887	1.37696
1	6888	-0.461036
1	6889	-3.43117
1	6890	-0.549903
1	6891	-1.15376
1	6892	-0.70379
1	6893	1.50451
1	6894	-0.610663
1	6895	0.712912
1	6896	-0.119609
1	6897	16.6161
1	6898	-4.03005
1	6899	2.37594
1	6900	0.437085
1	6901	-1.53352
1	6902	0.43502
1	6903	0.132901
1	6904	-1.32605
1	6905	0.156607
1	6906	0.789756
1	6907	-2.14493
1	6908	3.76716
1	6909	-0.714302
1	6910	63.0591
1	6911	1.14319
1	6912	70.1872
1	6913	-5.13416
1	6914	1.34363
1	6915	-0.220812
1	6916	1.21497
1	6917	0.756066
1	6918	-5.50547
1	6919	1.81377
1	6920	-1.11404
1	6921	0.0770795
1	6922	1.19959
1	6923	0.0524311
1	6924	0.826892
1	6925	0.301189
1	6926	-0.0997678
1	6927	-0.598868
1	6928	0.308793
1	6929	-1.28825
1	6930	-4.89047
1	6931	-0.659713
1	6932	-0.343188
1	6933	-1.38162
1	6934	-1.2073
1	6935	5.19962
1	6936	-3.65193
1	6937	0.218918
1	6938	-0.834748
1	6939	-1.21196
1	6940	-1.88815
1	6941	-1.35379
1	6942	0.205872
1	6943	-1.23445
1	6944	5.31778
1	6945	1.54509
1	6946	-0.674938
1	6947	-2.89554
1	6948	-0.450664
1	6949	-0.0483142
1	6950	-0.679442
1	6951	208.283
1	6952	-1.92854
1	6953	1.24172
1	6954	1.01087
1	6955	0.785776
1	6956	5.22322
1	6957	0.167536
1	6958	-0.644262
1	6959	-2.92206
1	6960	3.05072
1	6961	0.8559
1	6962	2.09753
1	6963	-13.0438
1	6964	-0.704241
1	6965	0.719591
1	6966	-0.00957325
1	6967	0.163763
1	6968	1.064
1	6969	1.09667
1	6970	-2.42271
1	6971	-0.107866
1	6972	0.950381
1	6973	0.239094
1	6974	0.0199334
1	6975	0.715424
1	6976	39.0718
1	6977	-0.445309
1	6978	3.26773
1	6979	-1.19598
1	6980	1.00561
1	6981	-0.844801
1	6982	0.852173
1	6983	-1.82869
1	6984	0.271773
1	6985	1.46015
1	6986	-0.418365
1	6987	2.16965
1	6988	0.620391
1	6989	-1.10489
1	6990	1.74105
1	6991	-5.58558
1	6992	-2.5953
1	6993	-127.533
1	6994	-0.564015
1	6995	0.211198
1	6996	-0.300683
1	6997	-0.979306
1	6998	0.288029
1	6999	-1.31155
1	7000	0.870225
1	7001	-1.40332
1	7002	-2.26212
1	7003	0.712929
1	7004	-0.224584
1	7005	2.97079
1	7006	-61.488
1	7007	-1.0001
1	7008	0.765771
1	7009	-2.84146
1	7010	9.74407
1	7011	-0.897176
1	7012	11.4908
1	7013	-7.4042
1	7014	-0.746453
1	7015	-0.551284
1	7016	-0.39632
1	7017	1.55272
1	7018	0.345243
1	7019	2.64835
1	7020	-0.68685
1	7021	5.44085
1	7022	-0.205609
1	7023	-5.06994
1	7024	-46.3657
1	7025	-0.199499
1	7026	-0.516984
1	7027	-1.47244
1	7028	0.387405
1	7029	-0.44554
1	7030	-1.52501
1	7031	-0.00950127
1	7032	-0.00644838
1	7033	4.79713
1	7034	0.569498
1	7035	-0.0816739
1	7036	-10.4917
1	7037	0.143383
1	7038	1.83854
1	7039	16.9484
1	7040	0.447357
1	7041	1.52332
1	7042	0.928568
1	7043	-1.25395
1	7044	0.550116
1	7045	-0.0292559
1	7046	1.56786
1	7047	-7.73556
1	7048	-0.204438
1	7049	-0.39347
1	7050	-0.0521637
1	7051	0.198499
1	7052	0.153522
1	7053	-9.03307
1	7054	-0.157206
1	7055	-1.35466
1	7056	-2.27614
1	7057	-1.54338
1	7058	-0.420743
1	7059	-0.0363709
1	7060	-0.0229638
1	7061	-0.205119
1	7062	-2.34472
1	7063	5.05286
1	7064	6.13098
1	7065	11.7788
1	7066	0.282945
1	7067	-1.17093
1	7068	0.844701
1	7069	0.982914
1	7070	-4.30089
1	7071	2.178
1	7072	0.567474
1	7073	6.38802
1	7074	0.463648
1	7075	4.33351
1	7076	-0.623715
1	7077	-0.612674
1	7078	0.306035
1	7079	-0.062239
1	7080	0.0152401
1	7081	-0.216322
1	7082	0.651001
1	7083	-6.41424
1	7084	-2.10872
1	7085	1.24559
1	7086	1.20532
1	7087	-1.04329
1	7088	0.157494
1	7089	-1.54101
1	7090	-0.903462
1	7091	1.49781
1	7092	1.15185
1	7093	0.114013
1	7094	16.971
1	7095	0.0697639
1	7096	-0.565534
1	7097	0.319727
1	7098	-2.30491
1	7099	-0.390572
1	7100	2.70162
1	7101	0.320579
1	7102	-0.233622
1	7103	-1.87627
1	7104	1.45073
1	7105	0.58584
1	7106	-1.59225
1	7107	1.74437
1	7108	3.13166
1	7109	1.53042
1	7110	0.290837
1	7111	0.749437
1	7112	-1.93289
1	7113	-1.10897
1	7114	-0.234612
1	7115	2.68497
1	7116	0.249667
1	7117	1.43625
1	7118	1.13195
1	7119	-0.9903
1	7120	-0.32052
1	7121	-0.323202
1	7122	-3.66441
1	7123	-0.180706
1	7124	0.719705
1	7125	-11.8872
1	7126	0.13
1	7127	0.503187
1	7128	6.48316
1	7129	-1.41687
1	7130	0.251957
1	7131	0.066201
1	7132	-0.147008
1	7133	-1.866
1	7134	-0.303261
1	7135	-0.102424
1	7136	-0.512424
1	7137	0.0556604
1	7138	-0.131202
1	7139	1.93089
1	7140	0.332509
1	7141	0.670377
1	7142	-4.57418
1	7143	0.287797
1	7144	2.12297
1	7145	-0.836375
1	7146	0.790742
1	7147	0.0722144
1	7148	1.82633
1	7149	-5.20261
1	7150	-0.737468
1	7151	-0.529085
1	7152	-0.339657
1	7153	-1.06634
1	7154	-49.7074
1	7155	0.0638738
1	7156	-2.91886
1	7157	11.8793
1	7158	-0.622616
1	7159	-0.208401
1	7160	-0.246969
1	7161	0.00447328
1	7162	1.44006
1	7163	0.0562255
1	7164	1.24902
1	7165	0.32145
1	7166	-3.01338
1	7167	-0.180056
1	7168	-0.292611
1	7169	1.76486
1	7170	-1.00582
1	7171	0.17187
1	7172	53.2301
1	7173	-0.58479
1	7174	0.603534
1	7175	0.807133
1	7176	-0.812365
1	7177	-2.06577
1	7178	3.00415
1	7179	-0.530689
1	7180	-1.76617
1	7181	-0.247615
1	7182	-4.72475
1	7183	0.23877
1	7184	-1.4118
1	7185	-1.72173
1	7186	-0.597003
1	7187	0.894743
1	7188	-0.815435
1	7189	-0.345697
1	7190	1847.77
1	7191	-0.272572
1	7192	0.599107
1	7193	-0.706355
1	7194	0.485596
1	7195	0.733098
1	7196	-4.05836
1	7197	-0.13641
1	7198	0.829022
1	7199	-3.44681
1	7200	3.23409
1	7201	1.86386
1	7202	0.559155
1	7203	0.51747
1	7204	-0.367048
1	7205	-0.58581
1	7206	12.1924
1	7207	-2.1455
1	7208	0.505587
1	7209	-0.792138
1	7210	0.324582
1	7211	-1.26602
1	7212	1.63304
1	7213	1.64779
1	7214	-2.7705
1	7215	5.12475
1	7216	0.736511
1	7217	0.080946
1	7218	0.182005
1	7219	1.06842
1	7220	0.376153
1	7221	-0.61317
1	7222	1.45185
1	7223	0.398768
1	7224	0.0371369
1	7225	0.284343
1	7226	-4.1075
1	7227	-14.2066
1	7228	-0.821395
1	7229	3.66736
1	7230	1.5673
1	7231	0.890496
1	7232	3.20404
1	7233	-0.229307
1	7234	-0.302776
1	7235	0.521191
1	7236	-0.0456451
1	7237	-0.646189
1	7238	-0.0669773
1	7239	-11.7534
1	7240	-0.674545
1	7241	1.27227
1	7242	6.07533
1	7243	0.0263589
1	7244	6.87534
1	7245	11.9263
1	7246	0.0413101
1	7247	0.0991685
1	7248	-1.12457
1	7249	0.132104
1	7250	0.25392
1	7251	-0.0537955
1	7252	36.9522
1	7253	0.749956
1	7254	3.37813
1	7255	-8.04406
1	7256	3.0755
1	7257	-2.46461
1	7258	-0.800746
1	7259	-1.15303
1	7260	0.17521
1	7261	-1.51686
1	7262	-0.962977
1	7263	0.323279
1	7264	-0.380372
1	7265	0.433568
1	7266	0.422826
1	7267	1.80057
1	7268	-0.722376
1	7269	-2.19762
1	7270	-3.10313
1	7271	-1.41643
1	7272	-0.172548
1	7273	-8.62544
1	7274	-1.79543
1	7275	0.660102
1	7276	-0.436173
1	7277	0.383938
1	7278	-0.565499
1	7279	1.61404
1	7280	0.325674
1	7281	0.10509
1	7282	3.97308
1	7283	4.85835
1	7284	39.6978
1	7285	-3.80685
1	7286	0.78691
1	7287	-0.118626
1	7288	1.74865
1	7289	-0.00757478
1	7290	0.0730635
1	7291	-7.79946
1	7292	-1.10889
1	7293	5.97854
1	7294	1.90337
1	7295	-5.87716
1	7296	-0.372499
1	7297	1.54189
1	7298	-0.567617
1	7299	-0.0756592
1	7300	-0.477905
1	7301	-0.549049
1	7302	-3.75051
1	7303	0.0515572
1	7304	3.08896
1	7305	-0.451349
1	7306	-0.0979666
1	7307	-0.578625
1	7308	-0.206735
1	7309	-0.281748
1	7310	1.04464
1	7311	-4.18806
1	7312	-3.0269
1	7313	-0.687927
1	7314	-3.17032
1	7315	-10.2607
1	7316	1.86053
1	7317	-2.14386
1	7318	-1.7342
1	7319	0.786638
1	7320	3.16989
1	7321	0.336499
1	7322	1.61091
1	7323	-0.496402
1	7324	-0.623323
1	7325	2.14045
1	7326	0.894066
1	7327	-0.198995
1	7328	0.209792
1	7329	0.181227
1	7330	-0.257007
1	7331	-0.775672
1	7332	-1.81717
1	7333	-182.204
1	7334	-0.312281
1	7335	-1.27574
1	7336	-1.46673
1	7337	0.414572
1	7338	-0.473372
1	7339	0.946306
1	7340	5.755
1	7341	-0.536336
1	7342	-0.258385
1	7343	2.54415
1	7344	-0.388813
1	7345	1.0664
1	7346	-8.82327
1	7347	-8.73387
1	7348	-1.96032
1	7349	-7.6891
1	7350	-678.823
1	7351	-0.984974
1	7352	-0.0802313
1	7353	0.179635
1	7354	0.140996
1	7355	-0.250106
1	7356	0.0598523
1	7357	-1.95403
1	7358	-0.10837
1	7359	0.209566
1	7360	-2.05244
1	7361	-1.47979
1	7362	-1.02834
1	7363	-1.42503
1	7364	4.62164
1	7365	1.85107
1	7366	0.372658
1	7367	-10.0017
1	7368	0.482289
1	7369	0.789084
1	7370	-1.64792
1	7371	16.1446
1	7372	-12.1712
1	7373	0.775816
1	7374	69.001
1	7375	2.00343
1	7376	-1.23285
1	7377	0.549659
1	7378	0.327472
1	7379	1.43985
1	7380	-0.315113
1	7381	0.331386
1	7382	4.68835
1	7383	-1.55463
1	7384	0.150596
1	7385	-4.39711
1	7386	1.04066
1	7387	-4.27186
1	7388	1.01364
1	7389	-0.955451
1	7390	1.34831
1	7391	1.88676
1	7392	-0.938812
1	7393	-3.68456
1	7394	1.81802
1	7395	-0.81754
1	7396	0.46332
1	7397	0.659813
1	7398	-1.87295
1	7399	-0.65743
1	7400	0.678735
1	7401	-8.92064
1	7402	-10.9297
1	7403	-0.0511661
1	7404	-4.71963
1	7405	0.708508
1	7406	7.09724
1	7407	-0.232008
1	7408	-1.52543
1	7409	0.473946
1	7410	-1.45583
1	7411	1.19885
1	7412	-0.984157
1	7413	-0.881678
1	7414	1.83943
1	7415	0.363159
1	7416	-1.0726
1	7417	-0.857714
1	7418	-0.143355
1	7419	3.75157
1	7420	-1.00664
1	7421	0.19776
1	7422	-1.5932
1	7423	-12.1897
1	7424	0.801747
1	7425	0.344282
1	7426	0.563342
1	7427	-4.69846
1	7428	-0.878549
1	7429	-1.13648
1	7430	-2.1257
1	7431	4.45791
1	7432	-0.685791
1	7433	4.31883
1	7434	-3.88866
1	7435	-2.11772
1	7436	0.588671
1	7437	0.0035943
1	7438	0.167321
1	7439	1.50963
1	7440	-1.07504
1	7441	-0.39338
1	7442	-0.210626
1	7443	0.825875
1	7444	0.205447
1	7445	5.03587
1	7446	2.78204
1	7447	-0.257756
1	7448	4.17774
1	7449	9.95631
1	7450	0.386418
1	7451	0.217836
1	7452	-2.45876
1	7453	-1.57039
1	7454	14.4596
1	7455	0.295578
1	7456	-2.47801
1	7457	1.07447
1	7458	9.23558
1	7459	46.5486
1	7460	-0.276149
1	7461	-2.13633
1	7462	0.235901
1	7463	-3.0442
1	7464	0.371847
1	7465	-41.0985
1	7466	-2.62184
1	7467	2.91452
1	7468	0.423674
1	7469	-7.20521
1	7470	-19.3241
1	7471	-4.54221
1	7472	-1.60841
1	7473	14.6547
1	7474	6.8131
1	7475	-1.08554
1	7476	-1.04637
1	7477	0.21544
1	7478	0.400842
1	7479	-0.32079
1	7480	-9.77181
1	7481	-0.564383
1	7482	-3.29401
1	7483	2.40815
1	7484	-0.0422579
1	7485	1.63897
1	7486	-0.314807
1	7487	1.15666
1	7488	-0.162112
1	7489	0.17754
1	7490	0.879231
1	7491	-1.42339
1	7492	-3.75377
1	7493	-0.128488
1	7494	-5.09064
1	7495	-2.58127
1	7496	0.296144
1	7497	-0.0481306
1	7498	-0.0207357
1	7499	2.03092
1	7500	4.03042
1	7501	-1.0815
1	7502	7.24048
1	7503	-0.682404
1	7504	-23.0097
1	7505	0.0811444
1	7506	-1.08046
1	7507	-7.38889
1	7508	1.67814
1	7509	0.4764
1	7510	-51.0599
1	7511	1.24942
1	7512	-0.085763
1	7513	-3.17822
1	7514	-0.587103
1	7515	-1.89861
1	7516	-3.58366
1	7517	0.959035
1	7518	-2.21403
1	7519	-1.3385
1	7520	8.30456
1	7521	-9.61879
1	7522	-1.3868
1	7523	0.0502256
1	7524	1.68408
1	7525	-0.520293
1	7526	8.05033
1	7527	4.10932
1	7528	40.9863
1	7529	-0.302318
1	7530	-0.30514
1	7531	3.26428
1	7532	0.981722
1	7533	1.73666
1	7534	14.8077
1	7535	-5.90083
1	7536	-1.03585
1	7537	2.42978
1	7538	0.26051
1	7539	15.0803
1	7540	2.39153
1	7541	-0.228614
1	7542	-0.135738
1	7543	-2.02617
1	7544	0.884724
1	7545	-3.10934
1	7546	4.87039
1	7547	-0.19288
1	7548	-0.114771
1	7549	0.809873
1	7550	0.622003
1	7551	-1.33818
1	7552	0.216796
1	7553	-19.295
1	7554	47.9656
1	7555	1.27098
1	7556	-2.31302
1	7557	-2.36192
1	7558	113.261
1	7559	0.303851
1	7560	-0.472351
1	7561	2.05869
1	7562	-0.0381823
1	7563	1.76771
1	7564	0.160294
1	7565	1.78421
1	7566	0.0386785
1	7567	0.714711
1	7568	-25.4523
1	7569	0.33919
1	7570	-2.54005
1	7571	1.35404
1	7572	-3.71758
1	7573	-4.27019
1	7574	1.37835
1	7575	0.692449
1	7576	0.313872
1	7577	-0.448427
1	7578	-4.38137
1	7579	0.874856
1	7580	0.448621
1	7581	-2.11065
1	7582	-0.291234
1	7583	0.70629
1	7584	0.172925
1	7585	0.144785
1	7586	1.46676
1	7587	-0.451113
1	7588	-7.84211
1	7589	0.568329
1	7590	-0.523192
1	7591	0.666694
1	7592	-1.22928
1	7593	-3.40022
1	7594	1.04523
1	7595	9.95188
1	7596	-2.80502
1	7597	-0.0244671
1	7598	1.92246
1	7599	-2.41987
1	7600	-1.63886
1	7601	-1.7139
1	7602	5.96573
1	7603	0.730842
1	7604	-1.08025
1	7605	0.0175113
1	7606	-1.28675
1	7607	5.52275
1	7608	0.164269
1	7609	0.266632
1	7610	0.698108
1	7611	-1.01076
1	7612	-0.739781
1	7613	-1.70876
1	7614	-0.472205
1	7615	1.02876
1	7616	0.870421
1	7617	-51.2581
1	7618	0.760468
1	7619	3.8429
1	7620	-2.35608
1	7621	-5.47701
1	7622	-1.66612
1	7623	-0.0332825
1	7624	-0.321639
1	7625	0.43314
1	7626	2.77011
1	7627	-0.750547
1	7628	0.385407
1	7629	1.76362
1	7630	-0.387651
1	7631	-0.170088
1	7632	-0.929187
1	7633	-0.94084
1	7634	-0.622817
1	7635	0.46508
1	7636	2.57146
1	7637	-1.69701
1	7638	-2.92096
1	7639	1.19226
1	7640	1.34419
1	7641	-10.0093
1	7642	0.394513
1	7643	0.817645
1	7644	0.200938
1	7645	4.20445
1	7646	0.625025
1	7647	1.3124
1	7648	6.45265
1	7649	7.06317
1	7650	16.6653
1	7651	-0.0378708
1	7652	0.607504
1	7653	0.52765
1	7654	0.415823
1	7655	-2.22913
1	7656	0.117362
1	7657	-0.807663
1	7658	1.7437
1	7659	-2.31867
1	7660	1.42039
1	7661	1.63971
1	7662	-3.68758
1	7663	2.4412
1	7664	-0.539239
1	7665	-0.493823
1	7666	7.6301
1	7667	-0.461908
1	7668	1.32249
1	7669	0.23287
1	7670	-299.793
1	7671	2.56038
1	7672	4.57315
1	7673	9.83998
1	7674	-0.218961
1	7675	0.429045
1	7676	-1.31721
1	7677	1.35158
1	7678	1.69797
1	7679	-0.415744
1	7680	-3.99543
1	7681	0.48451
1	7682	0.398862
1	7683	1.26455
1	7684	-1.92714
1	7685	-0.36861
1	7686	-0.687667
1	7687	0.354703
1	7688	0.607002
1	7689	-2.29697
1	7690	1.06187
1	7691	-0.950691
1	7692	-4.07939
1	7693	-8.98936
1	7694	-1.82979
1	7695	0.926397
1	7696	1.22162
1	7697	-0.147391
1	7698	-0.333204
1	7699	-1.07348
1	7700	-1.19092
1	7701	0.538223
1	7702	-0.586726
1	7703	0.198532
1	7704	-0.795202
1	7705	-0.173686
1	7706	-1.20247
1	7707	0.0793784
1	7708	-0.178953
1	7709	1.23711
1	7710	-0.00165824
1	7711	0.569233
1	7712	-0.781119
1	7713	-1.11927
1	7714	-0.49202
1	7715	1.1651
1	7716	16.48
1	7717	-0.232246
1	7718	-1.43037
1	7719	0.471836
1	7720	-5.64718
1	7721	-0.191774
1	7722	-0.550976
1	7723	0.334056
1	7724	0.611592
1	7725	3.91414
1	7726	4.67522
1	7727	0.339839
1	7728	3.00973
1	7729	-11.8006
1	7730	-0.0758844
1	7731	1.57934
1	7732	3.06335
1	7733	26.8532
1	7734	-1.19831
1	7735	7.51019
1	7736	2.89895
1	7737	0.277283
1	7738	-1.74838
1	7739	-0.744287
1	7740	-1.13354
1	7741	4.29016
1	7742	-1.43843
1	7743	0.0306482
1	7744	1.59232
1	7745	0.742691
1	7746	-0.835241
1	7747	-0.0778987
1	7748	0.137634
1	7749	-1.83409
1	7750	-25.6519
1	7751	-0.0948465
1	7752	-5.99203
1	7753	0.114724
1	7754	-0.415895
1	7755	-0.353531
1	7756	2.22974
1	7757	0.533276
1	7758	5.58663
1	7759	0.226967
1	7760	0.0672359
1	7761	-2.04951
1	7762	2.31864
1	7763	-1.64905
1	7764	1.66395
1	7765	1.1059
1	7766	-1.13125
1	7767	0.40045
1	7768	-2.54313
1	7769	-0.752617
1	7770	5.42631
1	7771	-0.0749649
1	7772	-3.61249
1	7773	1.46033
1	7774	0.227315
1	7775	-1.92733
1	7776	-2.99956
1	7777	-0.0974269
1	7778	-4.1882
1	7779	-4.77258
1	7780	-0.0285716
1	7781	-0.0718174
1	7782	-3.38438
1	7783	0.00961078
1	7784	-1.12698
1	7785	0.380161
1	7786	0.975838
1	7787	1.79785
1	7788	-1.95793
1	7789	0.135976
1	7790	-1.03268
1	7791	0.556349
1	7792	-0.164185
1	7793	1.44388
1	7794	0.901658
1	7795	9.0692
1	7796	1.79635
1	7797	0.534968
1	7798	-6.46362
1	7799	-0.0254748
1	7800	4.31889
1	7801	-0.264654
1	7802	13.5345
1	7803	0.157696
1	7804	-0.186261
1	7805	-2.6189
1	7806	-0.0778413
1	7807	0.250878
1	7808	-0.84699
1	7809	0.60332
1	7810	1.48798
1	7811	-1.27716
1	7812	-0.682113
1	7813	-0.313735
1	7814	0.568931
1	7815	1.92936
1	7816	0.250444
1	7817	-0.00203292
1	7818	0.781008
1	7819	-0.611654
1	7820	-0.0119954
1	7821	22.9965
1	7822	3.88649
1	7823	-0.448507
1	7824	1.32337
1	7825	-0.0874822
1	7826	-0.279116
1	7827	-0.69803
1	7828	4.1586
1	7829	-0.185663
1	7830	-1.8214
1	7831	-1.0121
1	7832	1.47657
1	7833	-0.511038
1	7834	0.0918472
1	7835	-0.892027
1	7836	0.0217212
1	7837	-0.829778
1	7838	0.618868
1	7839	-0.0124824
1	7840	-2.24468
1	7841	-1.49692
1	7842	-0.575185
1	7843	0.575323
1	7844	-1.7274
1	7845	-15.5791
1	7846	0.455341
1	7847	0.901007
1	7848	2.36138
1	7849	-0.553148
1	7850	0.0914728
1	7851	-3.11066
1	7852	0.309582
1	7853	-7.69765
1	7854	1.43403
1	7855	-0.675025
1	7856	-1.02626
1	7857	1.16
1	7858	-0.942569
1	7859	-0.494596
1	7860	-0.510673
1	7861	-0.0249845
1	7862	-0.124554
1	7863	-7.41989
1	7864	-0.492133
1	7865	-3.73169
1	7866	0.380368
1	7867	10.872
1	7868	0.578577
1	7869	-1.56221
1	7870	-0.596203
1	7871	6.28354
1	7872	-0.204637
1	7873	-0.685023
1	7874	-1.10019
1	7875	-2.35922
1	7876	-10.2811
1	7877	0.887526
1	7878	1.44443
1	7879	1.49964
1	7880	-1.34422
1	7881	-0.910737
1	7882	-0.233536
1	7883	-0.0895945
1	7884	-2.04139
1	7885	0.103296
1	7886	-0.216597
1	7887	-4.74051
1	7888	-1.26811
1	7889	-0.198524
1	7890	0.0470194
1	7891	0.598298
1	7892	0.0738407
1	7893	-5.40856
1	7894	1.88662
1	7895	0.401059
1	7896	-0.128135
1	7897	0.754864
1	7898	1.09806
1	7899	3.71181
1	7900	-0.336331
1	7901	4.67109
1	7902	-2.17558
1	7903	0.205139
1	7904	0.477076
1	7905	-2.06111
1	7906	-0.264846
1	7907	-0.506207
1	7908	-5.33224
1	7909	1.73424
1	7910	0.209429
1	7911	-0.521608
1	7912	0.469132
1	7913	14.344
1	7914	3.05484
1	7915	0.0925375
1	7916	-1.97716
1	7917	0.959496
1	7918	-1.77496
1	7919	-3.9616
1	7920	2.37873
1	7921	-0.343547
1	7922	-0.751407
1	7923	-0.524811
1	7924	0.543616
1	7925	-0.387011
1	7926	0.978062
1	7927	1.6265
1	7928	-1.31845
1	7929	-0.551784
1	7930	0.36532
1	7931	0.396017
1	7932	0.738993
1	7933	0.848485
1	7934	-1.1116
1	7935	-0.243313
1	7936	-10.9881
1	7937	0.699553
1	7938	-1.06166
1	7939	0.0622287
1	7940	-0.907569
1	7941	-0.259008
1	7942	-9.53625
1	7943	-0.864849
1	7944	-7.20064
1	7945	-0.775185
1	7946	-0.532939
1	7947	-0.507319
1	7948	-1.01605
1	7949	0.597646
1	7950	0.19328
1	7951	0.963015
1	7952	-2.40976
1	7953	-3.65422
1	7954	0.507892
1	7955	2.17421
1	7956	-1.41761
1	7957	0.439462
1	7958	0.483767
1	7959	-0.0927447
1	7960	-0.420702
1	7961	0.0907567
1	7962	-0.610087
1	7963	-1.36821
1	7964	-3.61717
1	7965	0.943971
1	7966	1.0977
1	7967	0.266438
1	7968	-1.24246
1	7969	0.456998
1	7970	-1.00594
1	7971	2.44478
1	7972	-0.131841
1	7973	0.293656
1	7974	0.617253
1	7975	-1.89449
1	7976	-7.97314
1	7977	0.354094
1	7978	-8.95687
1	7979	0.880429
1	7980	-4.78175
1	7981	2.12948
1	7982	6.2551
1	7983	0.352923
1	7984	-0.228325
1	7985	8.11434
1	7986	0.800349
1	7987	0.931263
1	7988	-81.7644
1	7989	0.511135
1	7990	0.0733251
1	7991	0.408138
1	7992	0.31601
1	7993	-4.34652
1	7994	2.47252
1	7995	0.907304
1	7996	-10.5414
1	7997	-1.88103
1	7998	-1.42397
1	7999	-1.2954
1	8000	-3.83741
1	8001	1.33042
1	8002	-0.0192536
1	8003	0.352064
1	8004	-0.152181
1	8005	544.327
1	8006	-0.413418
1	8007	-21.1052
1	8008	-2.45009
1	8009	-0.457303
1	8010	-0.220913
1	8011	-0.287052
1	8012	0.285525
1	8013	1.35222
1	8014	-1.39031
1	8015	0.737981
1	8016	0.162005
1	8017	-1.53519
1	8018	6.01604
1	8019	3.60188
1	8020	-0.490427
1	8021	0.103384
1	8022	-0.68218
1	8023	-1.05318
1	8024	-1.47216
1	8025	-0.735009
1	8026	-2.13722
1	8027	0.378602
1	8028	-27.0177
1	8029	-1.51871
1	8030	-0.67251
1	8031	-0.462358
1	8032	-3.74665
1	8033	-0.66874
1	8034	-0.209539
1	8035	34.3738
1	8036	0.16521
1	8037	0.740608
1	8038	7.66956
1	8039	-5.85977
1	8040	4.22093
1	8041	-0.375928
1	8042	1.53169
1	8043	1.66756
1	8044	0.184984
1	8045	2.6199
1	8046	0.780363
1	8047	-25.1195
1	8048	-1.28361
1	8049	0.0507181
1	8050	-0.166321
1	8051	3.06451
1	8052	0.586794
1	8053	-18.5571
1	8054	-1.01204
1	8055	-1.27071
1	8056	0.308783
1	8057	1.29154
1	8058	1.58172
1	8059	4.17566
1	8060	-9.2378
1	8061	-1.19023
1	8062	6.23299
1	8063	-0.322419
1	8064	12.6186
1	8065	0.0482072
1	8066	-0.230235
1	8067	1.33069
1	8068	-0.658099
1	8069	-0.529573
1	8070	-1.43423
1	8071	-1.03182
1	8072	0.408818
1	8073	-1.18047
1	8074	-0.806463
1	8075	-0.498239
1	8076	2.90885
1	8077	12.7099
1	8078	0.419005
1	8079	-3.93814
1	8080	0.380816
1	8081	-0.291123
1	8082	-0.451342
1	8083	0.659499
1	8084	-8.79638
1	8085	0.72168
1	8086	-0.959901
1	8087	1.09269
1	8088	0.00412407
1	8089	0.164884
1	8090	-1.04797
1	8091	1.49201
1	8092	0.660375
1	8093	-9.38504
1	8094	-0.252242
1	8095	-11.9143
1	8096	3.93706
1	8097	-0.0829277
1	8098	1.44068
1	8099	5.48635
1	8100	0.249927
1	8101	0.523454
1	8102	-1.06102
1	8103	1.57093
1	8104	-0.014164
1	8105	-0.284379
1	8106	-6.07794
1	8107	-6.09329
1	8108	-2.13045
1	8109	-0.0340138
1	8110	-1.11573
1	8111	0.884714
1	8112	3.26898
1	8113	-0.781817
1	8114	-0.344158
1	8115	-0.312193
1	8116	0.0303114
1	8117	-4.81067
1	8118	-1.12042
1	8119	-0.894398
1	8120	0.312396
1	8121	0.402182
1	8122	5.88958
1	8123	2.38763
1	8124	0.825821
1	8125	-10.0052
1	8126	0.558002
1	8127	7.76144
1	8128	-32.8394
1	8129	-0.958692
1	8130	0.121208
1	8131	-0.230908
1	8132	1.11937
1	8133	-0.939953
1	8134	0.212141
1	8135	0.43077
1	8136	0.438796
1	8137	0.63029
1	8138	-2.72512
1	8139	6.24305
1	8140	4.1874
1	8141	-3.46865
1	8142	0.290336
1	8143	6.38322
1	8144	-0.041561
1	8145	-11.5914
1	8146	-0.494134
1	8147	1.00261
1	8148	-1.64426
1	8149	-0.515609
1	8150	-0.627536
1	8151	-0.271716
1	8152	13.279
1	8153	-2.30293
1	8154	-2.15641
1	8155	0.163109
1	8156	-1.8223
1	8157	0.375342
1	8158	-3.83167
1	8159	-1.04377
1	8160	-1.7335
1	8161	2.62628
1	8162	-0.0844969
1	8163	-0.0267749
1	8164	-0.0703515
1	8165	1.79657
1	8166	-0.62587
1	8167	-0.341112
1	8168	1.26839
1	8169	-2.89162
1	8170	-1.21285
1	8171	1.38209
1	8172	-0.111838
1	8173	4.7132
1	8174	-0.451889
1	8175	2.45907
1	8176	-0.875558
1	8177	0.411077
1	8178	1.96944
1	8179	-1.72889
1	8180	20.6052
1	8181	-1.36259
1	8182	-1.90869
1	8183	1.25449
1	8184	-1.39861
1	8185	1.42813
1	8186	10.2932
1	8187	0.095546
1	8188	4.30298
1	8189	0.244961
1	8190	-2.32438
1	8191	-1.47538
1	8192	-0.115251
1	8193	11.5444
1	8194	-1.59411
1	8195	-5.60734
1	8196	-0.636181
1	8197	0.210217
1	8198	-1.61579
1	8199	1.77362
1	8200	-0.366101
1	8201	-1.16211
1	8202	-1.23507
1	8203	-0.433462
1	8204	-4.77892
1	8205	-0.0138778
1	8206	2.43387
1	8207	4.79154
1	8208	1.46136
1	8209	-4.43415
1	8210	-9.9962
1	8211	1.1837
1	8212	-0.385254
1	8213	-1.4469
1	8214	-11.0428
1	8215	1.28119
1	8216	18.4966
1	8217	3.90393
1	8218	0.520681
1	8219	-1.9953
1	8220	45.6121
1	8221	0.294658
1	8222	0.231915
1	8223	6.22831
1	8224	1.67161
1	8225	-4.092
1	8226	-0.48216
1	8227	-0.265944
1	8228	-6.09663
1	8229	3.16389
1	8230	0.380439
1	8231	0.653507
1	8232	0.639669
1	8233	-4.3084
1	8234	0.688853
1	8235	-1.2197
1	8236	0.59477
1	8237	7.42635
1	8238	-0.511398
1	8239	-3.12262
1	8240	-0.620457
1	8241	-0.271335
1	8242	-0.245815
1	8243	-3.82751
1	8244	0.65156
1	8245	-2.52732
1	8246	-4.26744
1	8247	141.97
1	8248	0.223119
1	8249	0.666534
1	8250	-0.26595
1	8251	1.47633
1	8252	-6.13821
1	8253	1.07267
1	8254	-0.0625604
1	8255	0.823821
1	8256	-1.92563
1	8257	0.856645
1	8258	2.01666
1	8259	-1.44541
1	8260	13.5128
1	8261	0.684982
1	8262	0.729264
1	8263	0.246865
1	8264	-8.85657
1	8265	-1.69394
1	8266	13.2657
1	8267	-328.31
1	8268	-0.26648
1	8269	-1.69291
1	8270	-0.368334
1	8271	-0.753764
1	8272	0.472307
1	8273	-12.6396
1	8274	1.98848
1	8275	-0.277615
1	8276	-1.08992
1	8277	-1.98721
1	8278	-0.499177
1	8279	2.09755
1	8280	0.791231
1	8281	-3.11753
1	8282	-0.756412
1	8283	-0.265555
1	8284	0.822461
1	8285	-1.06183
1	8286	3.98946
1	8287	0.263498
1	8288	1.33938
1	8289	-1.85515
1	8290	-1.03452
1	8291	0.0948368
1	8292	0.373838
1	8293	0.252594
1	8294	-0.79863
1	8295	1.81659
1	8296	-0.346726
1	8297	-0.0913652
1	8298	-0.0860244
1	8299	-0.902546
1	8300	-1.19564
1	8301	-1.52031
1	8302	0.492802
1	8303	4.24731
1	8304	-15.0817
1	8305	-8.64954
1	8306	-0.145823
1	8307	-1.96613
1	8308	-0.476269
1	8309	1.09476
1	8310	5.84795
1	8311	1.26001
1	8312	-0.586349
1	8313	-1.27223
1	8314	0.94848
1	8315	1.31146
1	8316	-0.960525
1	8317	4.28394
1	8318	-0.408178
1	8319	13.8004
1	8320	-0.0250953
1	8321	0.964972
1	8322	-18.8358
1	8323	0.231289
1	8324	0.500275
1	8325	1.04649
1	8326	0.72183
1	8327	-2.03965
1	8328	2.23312
1	8329	-1.0571
1	8330	-0.605668
1	8331	1.13556
1	8332	-0.359817
1	8333	-0.472624
1	8334	0.836892
1	8335	0.133969
1	8336	2.71915
1	8337	-32.3741
1	8338	1.15179
1	8339	0.620053
1	8340	-6.96889
1	8341	0.166302
1	8342	18.007
1	8343	0.487497
1	8344	1.41731
1	8345	2.49155
1	8346	-2.85007
1	8347	-2.41527
1	8348	1.49629
1	8349	-1.17141
1	8350	1.99834
1	8351	1.43257
1	8352	0.510704
1	8353	-2.60794
1	8354	-0.59298
1	8355	-1.57458
1	8356	-2.04224
1	8357	-12.8088
1	8358	2.63965
1	8359	-5.49995
1	8360	-0.0667334
1	8361	2.6338
1	8362	-0.233757
1	8363	-0.759878
1	8364	-1.0148
1	8365	-12.7116
1	8366	-0.959707
1	8367	0.430729
1	8368	-0.149985
1	8369	1.14795
1	8370	4.92612
1	8371	-2.51292
1	8372	-0.158196
1	8373	1.30386
1	8374	0.455262
1	8375	0.332376
1	8376	3.86894
1	8377	3.90582
1	8378	4.03598
1	8379	-0.272918
1	8380	-1.43587
1	8381	2.46694
1	8382	0.805452
1	8383	-1.68316
1	8384	-5.51283
1	8385	16.1293
1	8386	-0.455324
1	8387	3.55849
1	8388	-6.40001
1	8389	-1.72013
1	8390	-97.7069
1	8391	-0.127611
1	8392	-4.58127
1	8393	0.816177
1	8394	0.974353
1	8395	9.66206
1	8396	1.33488
1	8397	0.901182
1	8398	-1.03673
1	8399	0.135969
1	8400	-1.05252
1	8401	-0.131495
1	8402	4.34938
1	8403	1.70004
1	8404	-2.14491
1	8405	2.36734
1	8406	-3.65394
1	8407	-0.393215
1	8408	-0.11529
1	8409	1.00301
1	8410	-8.96274
1	8411	4.59485
1	8412	-1.88183
1	8413	2.3082
1	8414	-1.0995
1	8415	0.953938
1	8416	12.9541
1	8417	0.4377
1	8418	-0.950911
1	8419	-0.897577
1	8420	6.00523
1	8421	0.55695
1	8422	-0.0150959
1	8423	2.20163
1	8424	-0.617738
1	8425	0.677281
1	8426	-21.6545
1	8427	-2.78291
1	8428	-0.367588
1	8429	-4.52439
1	8430	0.173899
1	8431	0.219026
1	8432	0.0637387
1	8433	0.996128
1	8434	4.99495
1	8435	0.404608
1	8436	-2.53978
1	8437	0.109159
1	8438	-0.225983
1	8439	2.49183
1	8440	-0.107866
1	8441	-0.190407
1	8442	0.250808
1	8443	0.608139
1	8444	-1.22352
1	8445	-0.313373
1	8446	1.69584
1	8447	1.1103
1	8448	0.481921
1	8449	-1.76896
1	8450	0.423367
1	8451	-1.64739
1	8452	-2.80545
1	8453	0.704951
1	8454	0.342281
1	8455	0.342274
1	8456	14.653
1	8457	-7.43489
1	8458	0.906614
1	8459	0.211859
1	8460	-0.203642
1	8461	-9.64547
1	8462	0.576284
1	8463	-2.60437
1	8464	0.370728
1	8465	-0.722023
1	8466	1.35923
1	8467	1.1833
1	8468	0.479372
1	8469	4.01083
1	8470	0.222081
1	8471	-1.57364
1	8472	-3.48574
1	8473	-1.1417
1	8474	1.15583
1	8475	1.85375
1	8476	-63.3608
1	8477	5.09309
1	8478	-8.01825
1	8479	0.714518
1	8480	-1.71411
1	8481	-0.41718
1	8482	0.603705
1	8483	1.00416
1	8484	1.37581
1	8485	0.0369608
1	8486	-0.449031
1	8487	3.53731
1	8488	-1.98032
1	8489	4.14457
1	8490	0.0727173
1	8491	0.19141
1	8492	-2.2668
1	8493	65.5122
1	8494	0.358186
1	8495	-6.33391
1	8496	-2.38446
1	8497	-0.425802
1	8498	0.050625
1	8499	1.36746
1	8500	1.18093
1	8501	-0.112628
1	8502	-6.54762
1	8503	6.16344
1	8504	-1.72441
1	8505	-0.0540294
1	8506	0.224719
1	8507	-0.638358
1	8508	-2.91108
1	8509	-0.685702
1	8510	-1.47066
1	8511	-0.101404
1	8512	1.63634
1	8513	-0.466665
1	8514	2.35508
1	8515	-0.650182
1	8516	2.30365
1	8517	-4.38422
1	8518	-7.07508
1	8519	2.35664
1	8520	1.62841
1	8521	5.43737
1	8522	1.36578
1	8523	-6.37185
1	8524	-1.38235
1	8525	-1.19991
1	8526	-2.49555
1	8527	-2.07009
1	8528	-4.68331
1	8529	0.492904
1	8530	2.46386
1	8531	4.82892
1	8532	1.04575
1	8533	0.22772
1	8534	1.96545
1	8535	-1.37257
1	8536	-0.343516
1	8537	-3.23381
1	8538	-2.38889
1	8539	-1.92457
1	8540	-0.128221
1	8541	3.29965
1	8542	1.25554
1	8543	-0.358613
1	8544	0.989955
1	8545	1.56799
1	8546	-0.941739
1	8547	0.546764
1	8548	0.363507
1	8549	-8.81971
1	8550	-6.24031
1	8551	-0.896975
1	8552	0.0122722
1	8553	0.54956
1	8554	1.3646
1	8555	0.304148
1	8556	0.562734
1	8557	9.05713
1	8558	-27.0455
1	8559	0.62439
1	8560	2.10654
1	8561	-1.00937
1	8562	-2.03149
1	8563	-0.177549
1	8564	-2.80829
1	8565	-1.90765
1	8566	-1.75283
1	8567	-0.120961
1	8568	-1.81553
1	8569	-0.565242
1	8570	-2.69129
1	8571	-5.94033
1	8572	-0.892389
1	8573	4.88052
1	8574	0.334405
1	8575	0.690427
1	8576	-14.7084
1	8577	-10.3311
1	8578	-0.775378
1	8579	0.205541
1	8580	2.89548
1	8581	-4.37905
1	8582	-0.724255
1	8583	-0.725873
1	8584	14.7101
1	8585	-6.7337
1	8586	4.73651
1	8587	0.86657
1	8588	0.502607
1	8589	-2.22329
1	8590	0.938131
1	8591	-1.74829
1	8592	-0.937922
1	8593	8.09476
1	8594	1.89662
1	8595	0.436824
1	8596	0.126808
1	8597	8.1026
1	8598	-2.77138
1	8599	-0.678981
1	8600	-9.68256
1	8601	-2.07755
1	8602	2.29456
1	8603	2.92503
1	8604	-0.239676
1	8605	0.931315
1	8606	-0.0147239
1	8607	0.646104
1	8608	-1.68375
1	8609	0.155264
1	8610	-0.774001
1	8611	0.327382
1	8612	0.23602
1	8613	-0.087346
1	8614	-6.47483
1	8615	-1.36904
1	8616	-0.895526
1	8617	2.23306
1	8618	-0.0632361
1	8619	1.80186
1	8620	-1.40192
1	8621	0.0838224
1	8622	-1.36504
1	8623	-1.29881
1	8624	-1.61178
1	8625	0.420053
1	8626	0.435159
1	8627	0.454423
1	8628	0.368779
1	8629	0.939706
1	8630	-0.273245
1	8631	-0.739185
1	8632	2.87012
1	8633	2.11118
1	8634	-0.394598
1	8635	-1.15586
1	8636	-0.0841893
1	8637	-1.46859
1	8638	3.67982
1	8639	0.164536
1	8640	-6.23974
1	8641	0.259006
1	8642	-0.0154794
1	8643	-1.78671
1	8644	-1.69623
1	8645	-2.91862
1	8646	-1.61391
1	8647	0.805921
1	8648	0.726844
1	8649	-31.7978
1	8650	0.340744
1	8651	0.197385
1	8652	-2.68608
1	8653	0.44212
1	8654	0.864285
1	8655	-0.0243043
1	8656	-0.412366
1	8657	1.03616
1	8658	-1.07826
1	8659	15.7062
1	8660	-1.54568
1	8661	-1.24378
1	8662	-4.77235
1	8663	-0.968667
1	8664	0.808793
1	8665	-0.259076
1	8666	-3.02427
1	8667	1.2804
1	8668	-3.71763
1	8669	-1.76677
1	8670	-2.10346
1	8671	1.43088
1	8672	-2.24201
1	8673	-5.17454
1	8674	0.58957
1	8675	1.14523
1	8676	1.57903
1	8677	0.60627
1	8678	5.43671
1	8679	-0.0591655
1	8680	-2.04821
1	8681	1.23168
1	8682	0.878591
1	8683	0.600685
1	8684	1.65688
1	8685	-23.1928
1	8686	-0.764983
1	8687	3.28124
1	8688	-3.23372
1	8689	-0.621361
1	8690	0.0908912
1	8691	2.34563
1	8692	0.393199
1	8693	2.73043
1	8694	3.48291
1	8695	19.4423
1	8696	-1924.47
1	8697	13.0032
1	8698	0.367262
1	8699	-8.1918
1	8700	-5.36629
1	8701	-4.63648
1	8702	-1.23839
1	8703	-0.589482
1	8704	-1.43568
1	8705	-0.24196
1	8706	-0.642874
1	8707	0.455381
1	8708	0.0357118
1	8709	-0.713303
1	8710	-1.45083
1	8711	-0.845516
1	8712	-0.366145
1	8713	-2.39173
1	8714	-1.13831
1	8715	-0.0314387
1	8716	-0.800729
1	8717	-1.01199
1	8718	5.02197
1	8719	1.40384
1	8720	0.182845
1	8721	1.08202
1	8722	0.377171
1	8723	-0.881126
1	8724	1.29193
1	8725	0.533032
1	8726	-1.13994
1	8727	-0.617226
1	8728	1.86614
1	8729	11.7522
1	8730	-2.8811
1	8731	0.657083
1	8732	2.09479
1	8733	-0.15828
1	8734	0.328018
1	8735	-3.40751
1	8736	-0.355647
1	8737	-4.25922
1	8738	-0.0677172
1	8739	-0.104656
1	8740	0.242141
1	8741	-0.174633
1	8742	-9.29879
1	8743	-1.76167
1	8744	0.567628
1	8745	1.28753
1	8746	-0.10449
1	8747	1.32809
1	8748	2.18687
1	8749	-0.17038
1	8750	-0.327164
1	8751	-0.359154
1	8752	-0.42259
1	8753	-1.87223
1	8754	-4.45119
1	8755	0.744401
1	8756	1.66091
1	8757	-0.981064
1	8758	-0.962706
1	8759	0.366261
1	8760	0.604316
1	8761	0.584949
1	8762	0.842019
1	8763	-1.13904
1	8764	0.508219
1	8765	0.622582
1	8766	0.107744
1	8767	-0.117993
1	8768	1.03249
1	8769	0.119752
1	8770	-3.01265
1	8771	0.165314
1	8772	-0.101547
1	8773	-2.94377
1	8774	10.4741
1	8775	0.030697
1	8776	-0.601791
1	8777	-0.156256
1	8778	-1.78898
1	8779	-1.04191
1	8780	-0.704859
1	8781	-0.556468
1	8782	6.71233
1	8783	-0.999496
1	8784	1.93968
1	8785	0.390897
1	8786	-1.127
1	8787	1.96551
1	8788	0.554988
1	8789	0.0370657
1	8790	0.604962
1	8791	0.0461819
1	8792	0.390469
1	8793	-3.22976
1	8794	0.757772
1	8795	0.0450596
1	8796	2.54263
1	8797	0.632723
1	8798	-2.88788
1	8799	-1.4149
1	8800	-4.96019
1	8801	-0.57429
1	8802	-15.8051
1	8803	-3.4404
1	8804	1.4937
1	8805	-0.386398
1	8806	-0.0354947
1	8807	2.64335
1	8808	0.62837
1	8809	1.16011
1	8810	-3.05311
1	8811	-0.72265
1	8812	0.618953
1	8813	4.54005
1	8814	-0.111117
1	8815	88.9987
1	8816	-1.43291
1	8817	2.46365
1	8818	0.248998
1	8819	2.35806
1	8820	-0.588088
1	8821	-0.182483
1	8822	-5.43187
1	8823	-0.983989
1	8824	0.111528
1	8825	-0.0807047
1	8826	-0.294905
1	8827	-0.820428
1	8828	-0.409543
1	8829	1.12493
1	8830	-7.61335
1	8831	-25.9701
1	8832	-2.46701
1	8833	0.050753
1	8834	-0.011699
1	8835	1.19611
1	8836	0.849306
1	8837	-0.525074
1	8838	-2.43021
1	8839	2.03826
1	8840	4.94008
1	8841	-0.258699
1	8842	-1.63663
1	8843	0.604587
1	8844	-0.484666
1	8845	0.908196
1	8846	0.538492
1	8847	-4.97952
1	8848	0.408044
1	8849	-6.67923
1	8850	-1.31766
1	8851	0.0376352
1	8852	-4.70724
1	8853	-2.21027
1	8854	-0.756001
1	8855	-1.37558
1	8856	0.621564
1	8857	-4.69642
1	8858	-2.46074
1	8859	0.908432
1	8860	7.59816
1	8861	0.0795676
1	8862	-1.42527
1	8863	1.7523
1	8864	-0.172227
1	8865	4.14858
1	8866	-0.454277
1	8867	0.561202
1	8868	-0.310224
1	8869	-1.2824
1	8870	10.1992
1	8871	0.498165
1	8872	-0.47218
1	8873	177.527
1	8874	1.07404
1	8875	-0.982277
1	8876	-8.42135
1	8877	0.195913
1	8878	0.268058
1	8879	0.414034
1	8880	-0.479233
1	8881	0.332894
1	8882	-0.375113
1	8883	5.42599
1	8884	-2.00372
1	8885	-0.0602441
1	8886	5.47764
1	8887	2.36184
1	8888	-21.1669
1	8889	-0.0717716
1	8890	1.03258
1	8891	-2.64711
1	8892	0.289344
1	8893	1.04316
1	8894	1.02989
1	8895	0.513294
1	8896	-0.600487
1	8897	-2.31741
1	8898	1.01382
1	8899	-1.04722
1	8900	-45.5582
1	8901	1.96052
1	8902	0.515527
1	8903	0.744779
1	8904	0.0485115
1	8905	9.6358
1	8906	-0.196029
1	8907	0.223978
1	8908	1.06307
1	8909	2.86995
1	8910	-0.666162
1	8911	0.517486
1	8912	0.080807
1	8913	0.126236
1	8914	-1.40877
1	8915	-0.410874
1	8916	0.0919317
1	8917	0.791712
1	8918	0.240909
1	8919	-0.755032
1	8920	-1.30843
1	8921	-0.330688
1	8922	-0.582989
1	8923	-0.835203
1	8924	-7.82029
1	8925	0.0798096
1	8926	-1.79568
1	8927	-46.8982
1	8928	-0.629912
1	8929	-4.55518
1	8930	-0.351463
1	8931	1.74664
1	8932	1.22347
1	8933	0.396558
1	8934	1.17341
1	8935	-2.6195
1	8936	0.717869
1	8937	-0.0817777
1	8938	-9.63874
1	8939	1.01164
1	8940	8.33453
1	8941	1.56761
1	8942	1.68323
1	8943	-3.20922
1	8944	8.24
1	8945	0.959575
1	8946	-0.928507
1	8947	-0.205625
1	8948	-1.00401
1	8949	1.14108
1	8950	-4.65697
1	8951	0.997524
1	8952	-1.22921
1	8953	1.39973
1	8954	-0.535021
1	8955	-0.794784
1	8956	-3.9414
1	8957	-1.02023
1	8958	0.909556
1	8959	-2.18621
1	8960	-2.85618
1	8961	-0.390616
1	8962	0.0554528
1	8963	-1.43841
1	8964	-0.0356579
1	8965	0.0308349
1	8966	1.54093
1	8967	5.4644
1	8968	-0.0150171
1	8969	-2.014
1	8970	-38.4563
1	8971	28.2913
1	8972	0.192927
1	8973	0.143681
1	8974	-2.16928
1	8975	-1.28205
1	8976	3.1852
1	8977	0.118564
1	8978	0.191101
1	8979	-0.849814
1	8980	0.334698
1	8981	-0.0618375
1	8982	1.99209
1	8983	3.7922
1	8984	0.242755
1	8985	0.250787
1	8986	4.03973
1	8987	588.644
1	8988	-1.51717
1	8989	2.10585
1	8990	-30.9003
1	8991	0.843622
1	8992	1.12999
1	8993	-0.197676
1	8994	-0.53912
1	8995	-0.352104
1	8996	-3.6298
1	8997	0.34438
1	8998	-0.0467013
1	8999	-0.295554
1	9000	0.00582819
1	9001	1.65077
1	9002	-1.51149
1	9003	0.0329829
1	9004	-6.38225
1	9005	-0.0848467
1	9006	0.264989
1	9007	-88.2189
1	9008	0.280798
1	9009	-0.188116
1	9010	-0.612206
1	9011	-0.0986401
1	9012	-3.35374
1	9013	0.183088
1	9014	-2.20784
1	9015	-0.361889
1	9016	-0.734894
1	9017	0.366285
1	9018	2.12315
1	9019	0.650956
1	9020	1.27866
1	9021	-5.19744
1	9022	1.29007
1	9023	-0.767306
1	9024	-0.120087
1	9025	-4.95412
1	9026	-2.27021
1	9027	7.68603
1	9028	0.685727
1	9029	2.54597
1	9030	0.137674
1	9031	36.0543
1	9032	-1.52675
1	9033	-1.00795
1	9034	1.41371
1	9035	-4.59244
1	9036	0.408884
1	9037	1.93267
1	9038	-0.398295
1	9039	1.58867
1	9040	0.957471
1	9041	-2.71652
1	9042	-10.0151
1	9043	0.484041
1	9044	-1.93582
1	9045	-0.21588
1	9046	-4.25181
1	9047	0.209162
1	9048	-0.171289
1	9049	-0.658247
1	9050	-0.144698
1	9051	0.396875
1	9052	-11.5375
1	9053	0.400337
1	9054	3.18208
1	9055	-1.08555
1	9056	-0.0673986
1	9057	7.59488
1	9058	2.03183
1	9059	-0.878672
1	9060	1.5795
1	9061	-0.707674
1	9062	-3.42431
1	9063	-0.381632
1	9064	2.85347
1	9065	0.575146
1	9066	3.45336
1	9067	4.1818
1	9068	-0.604804
1	9069	16.1208
1	9070	-0.494079
1	9071	-4.63167
1	9072	22.9335
1	9073	-0.0185532
1	9074	-0.103115
1	9075	2.66469
1	9076	0.485718
1	9077	2.78957
1	9078	3.39282
1	9079	5.36754
1	9080	-0.561865
1	9081	0.311537
1	9082	-1.36893
1	9083	0.858753
1	9084	-9.21965
1	9085	1.07027
1	9086	0.615035
1	9087	-0.0560241
1	9088	0.822778
1	9089	1.50119
1	9090	-0.25201
1	9091	-1.31375
1	9092	2.81791
1	9093	-0.90136
1	9094	-0.715628
1	9095	-0.523927
1	9096	-17.2149
1	9097	-0.255863
1	9098	-3.3252
1	9099	-0.488583
1	9100	-1.18575
1	9101	-9.36976
1	9102	2.89635
1	9103	-5.67423
1	9104	-2.83804
1	9105	-1.97542
1	9106	2.77729
1	9107	2.88437
1	9108	-2.31006
1	9109	0.120852
1	9110	-4.59999
1	9111	1.13836
1	9112	-0.305549
1	9113	-0.824276
1	9114	-0.665359
1	9115	-1.57921
1	9116	0.958423
1	9117	0.322667
1	9118	-2.68827
1	9119	1.1463
1	9120	0.174175
1	9121	-2.57539
1	9122	0.0435046
1	9123	-5.15142
1	9124	-31.4531
1	9125	-0.581649
1	9126	0.459508
1	9127	-0.20506
1	9128	-0.700189
1	9129	-0.138072
1	9130	0.146715
1	9131	0.504556
1	9132	0.289075
1	9133	-0.371269
1	9134	-2.70096
1	9135	29.0315
1	9136	-0.906435
1	9137	1.32446
1	9138	-0.871631
1	9139	2.86807
1	9140	3.61956
1	9141	-3.59263
1	9142	-1.19051
1	9143	-2.66717
1	9144	0.774296
1	9145	10.9379
1	9146	-3.79017
1	9147	-5.37274
1	9148	-1.20619
1	9149	0.623903
1	9150	1.33357
1	9151	0.31034
1	9152	-3.36374
1	9153	0.590608
1	9154	45.4054
1	9155	0.755181
1	9156	-13.2415
1	9157	-0.695303
1	9158	-0.00322976
1	9159	0.39968
1	9160	-0.697725
1	9161	1.24057
1	9162	-0.0867807
1	9163	0.419485
1	9164	-2.20124
1	9165	0.197452
1	9166	-1.20093
1	9167	-3.84268
1	9168	-4.43866
1	9169	-11.4178
1	9170	0.426459
1	9171	-0.684285
1	9172	2.1343
1	9173	-0.145735
1	9174	-0.698646
1	9175	-0.874929
1	9176	-3.54398
1	9177	-0.481209
1	9178	-4.41294
1	9179	15.7974
1	9180	0.058885
1	9181	0.149873
1	9182	-0.0748989
1	9183	0.993631
1	9184	1.73535
1	9185	1.1515
1	9186	3.0206
1	9187	-14.216
1	9188	1.99335
1	9189	0.415781
1	9190	-0.457489
1	9191	1.22094
1	9192	22.711
1	9193	2.6152
1	9194	1.5624
1	9195	0.556773
1	9196	-1.0418
1	9197	0.868773
1	9198	-2.71536
1	9199	1.39599
1	9200	0.235535
1	9201	-0.971115
1	9202	-0.209881
1	9203	-1.41923
1	9204	19.8353
1	9205	0.694095
1	9206	-0.00763749
1	9207	0.298896
1	9208	8.31295
1	9209	10.5178
1	9210	-2.03149
1	9211	1.01354
1	9212	-5.61432
1	9213	-0.21406
1	9214	-0.314398
1	9215	0.0643834
1	9216	0.941421
1	9217	-2.26076
1	9218	-10.4325
1	9219	0.264031
1	9220	-3.57802
1	9221	-4.79741
1	9222	-0.455891
1	9223	-3.61408
1	9224	-0.0663866
1	9225	-5.45541
1	9226	-0.501178
1	9227	-1.29022
1	9228	-1.11854
1	9229	1.12346
1	9230	-1.83999
1	9231	-0.922098
1	9232	-1.95411
1	9233	1.4128
1	9234	-2.42824
1	9235	-0.243808
1	9236	1.51664
1	9237	0.906563
1	9238	-1.78278
1	9239	0.622184
1	9240	1.31783
1	9241	-0.399998
1	9242	-0.542971
1	9243	-9.43016
1	9244	0.0508419
1	9245	8.2739
1	9246	-0.551221
1	9247	0.0558397
1	9248	0.677133
1	9249	-0.151064
1	9250	-2.49721
1	9251	0.289873
1	9252	2.32171
1	9253	1.16278
1	9254	-0.554856
1	9255	-0.965388
1	9256	27.3884
1	9257	0.864337
1	9258	-4.60565
1	9259	1.89756
1	9260	0.496482
1	9261	4.29344
1	9262	-1.2446
1	9263	0.874745
1	9264	-0.802338
1	9265	-1.03958
1	9266	0.642255
1	9267	0.427969
1	9268	0.109006
1	9269	6.51609
1	9270	1.03692
1	9271	6.63665
1	9272	-1.55559
1	9273	1.79934
1	9274	0.212805
1	9275	233.649
1	9276	-0.863398
1	9277	9.46471
1	9278	-0.707518
1	9279	-2.45655
1	9280	-0.5845
1	9281	0.802577
1	9282	0.28567
1	9283	-3.79443
1	9284	-7.08307
1	9285	0.393616
1	9286	-0.54952
1	9287	0.779041
1	9288	1.80155
1	9289	0.603633
1	9290	4.94862
1	9291	1.45415
1	9292	0.218835
1	9293	-19.7558
1	9294	1.82991
1	9295	-0.893606
1	9296	-1.00582
1	9297	2.80746
1	9298	-0.67895
1	9299	3.45687
1	9300	2.79379
1	9301	0.149253
1	9302	0.652439
1	9303	0.452477
1	9304	0.382919
1	9305	-0.408405
1	9306	-2.1411
1	9307	-27.3545
1	9308	-0.546674
1	9309	-0.48307
1	9310	-20.083
1	9311	0.264863
1	9312	-0.520177
1	9313	-1.69802
1	9314	2.4732
1	9315	-0.377239
1	9316	0.230512
1	9317	2.16069
1	9318	0.332611
1	9319	0.319315
1	9320	0.608277
1	9321	-1.16881
1	9322	19.068
1	9323	-5.75782
1	9324	6.48557
1	9325	-1.38164
1	9326	0.836476
1	9327	0.0994579
1	9328	0.659915
1	9329	0.0500408
1	9330	-1.43511
1	9331	-0.742309
1	9332	2.45867
1	9333	1.05674
1	9334	-2.26716
1	9335	-4.00346
1	9336	2.38576
1	9337	-0.593758
1	9338	-1.79244
1	9339	-0.683344
1	9340	1.85107
1	9341	-5.13954
1	9342	-5.7037
1	9343	0.868993
1	9344	-3.05335
1	9345	-76.0132
1	9346	-0.36541
1	9347	1.69553
1	9348	-1.10577
1	9349	-2.04126
1	9350	11.4806
1	9351	0.749223
1	9352	1.42912
1	9353	-0.344848
1	9354	0.763014
1	9355	1.58215
1	9356	14.7154
1	9357	-0.52809
1	9358	-0.660345
1	9359	0.582198
1	9360	-3.67357
1	9361	-1.05025
1	9362	-0.541607
1	9363	8.39697
1	9364	-1.42671
1	9365	2.64207
1	9366	1.93683
1	9367	-0.0142166
1	9368	-4.85437
1	9369	-0.623803
1	9370	0.905289
1	9371	0.678449
1	9372	-43.0354
1	9373	-7.91054
1	9374	0.894299
1	9375	-0.585056
1	9376	0.691623
1	9377	0.846468
1	9378	27.7834
1	9379	0.862123
1	9380	0.321889
1	9381	1.42831
1	9382	1.38842
1	9383	-1.0104
1	9384	0.769725
1	9385	6.15005
1	9386	1.74841
1	9387	0.672528
1	9388	-0.173596
1	9389	6.1662
1	9390	0.693996
1	9391	-0.442126
1	9392	-1.81075
1	9393	0.48207
1	9394	0.066179
1	9395	-1.33391
1	9396	-0.0582529
1	9397	-2.28678
1	9398	2.76841
1	9399	-4.07447
1	9400	-0.590926
1	9401	0.705198
1	9402	84.2124
1	9403	-1.27912
1	9404	0.676556
1	9405	-0.439916
1	9406	0.580173
1	9407	-3.2687
1	9408	-0.286507
1	9409	-1.25369
1	9410	-2.71672
1	9411	0.293207
1	9412	-0.898771
1	9413	0.0215678
1	9414	-0.747394
1	9415	0.184891
1	9416	0.576008
1	9417	-0.193936
1	9418	-0.302947
1	9419	-1.75727
1	9420	-1.75995
1	9421	0.412608
1	9422	0.370684
1	9423	-7.31556
1	9424	-2.34041
1	9425	-10.1249
1	9426	-0.879294
1	9427	-1.57467
1	9428	-0.642172
1	9429	-0.837091
1	9430	-0.587691
1	9431	-0.072274
1	9432	-1.53268
1	9433	-0.418437
1	9434	-25.1933
1	9435	2.95968
1	9436	-0.298851
1	9437	-0.368281
1	9438	-3.75487
1	9439	-0.903289
1	9440	0.263135
1	9441	0.0289751
1	9442	-0.171919
1	9443	0.461859
1	9444	-0.380156
1	9445	-1.47344
1	9446	-0.588426
1	9447	0.443254
1	9448	0.197365
1	9449	-1.73749
1	9450	-1.32838
1	9451	1.08889
1	9452	-0.345141
1	9453	-1.68736
1	9454	1.21026
1	9455	-2.1005
1	9456	2.458
1	9457	5.89112
1	9458	-51.0118
1	9459	-0.343471
1	9460	-50.7812
1	9461	-1.72506
1	9462	4.60364
1	9463	0.706561
1	9464	0.0183964
1	9465	-1.52819
1	9466	-0.0307873
1	9467	-0.172242
1	9468	3.5599
1	9469	4.62438
1	9470	1.42672
1	9471	3.0067
1	9472	1.52561
1	9473	-1.02463
1	9474	-1.39435
1	9475	0.0792493
1	9476	-0.205413
1	9477	-0.527929
1	9478	0.848903
1	9479	0.267918
1	9480	1.59575
1	9481	-3.23197
1	9482	0.0527005
1	9483	0.322642
1	9484	-0.772676
1	9485	-1.37295
1	9486	-0.567997
1	9487	0.279461
1	9488	-7.77417
1	9489	1.75638
1	9490	-1.28916
1	9491	7.15739
1	9492	-2.54988
1	9493	-35.8925
1	9494	1.11687
1	9495	-0.573037
1	9496	-1.56332
1	9497	0.386479
1	9498	-0.582486
1	9499	7.76675
1	9500	-0.848291
1	9501	0.395464
1	9502	15.2897
1	9503	0.874296
1	9504	0.523468
1	9505	1.59739
1	9506	7.43334
1	9507	-0.475524
1	9508	-0.701529
1	9509	0.350434
1	9510	10.8532
1	9511	7.70101
1	9512	0.0114132
1	9513	0.803731
1	9514	-1.17171
1	9515	-0.042785
1	9516	-0.384802
1	9517	-0.510561
1	9518	0.153138
1	9519	-0.472009
1	9520	10.9514
1	9521	4.40067
1	9522	0.7433
1	9523	0.255843
1	9524	1.65996
1	9525	0.031723
1	9526	1.55021
1	9527	-1.07478
1	9528	-0.358576
1	9529	-9.6526
1	9530	-11.3542
1	9531	0.568319
1	9532	0.00190979
1	9533	-1.22642
1	9534	-0.0304657
1	9535	0.750335
1	9536	0.377793
1	9537	-1.05063
1	9538	-2.21761
1	9539	6.81491
1	9540	0.381789
1	9541	0.569411
1	9542	-0.194327
1	9543	7.02893
1	9544	0.11234
1	9545	1.85723
1	9546	-1.02103
1	9547	0.147614
1	9548	-4.25919
1	9549	-6.57023
1	9550	0.831822
1	9551	-1.31825
1	9552	0.342353
1	9553	-0.656639
1	9554	-33.8601
1	9555	-0.479849
1	9556	238.409
1	9557	1.60419
1	9558	0.0574545
1	9559	0.0728256
1	9560	0.147611
1	9561	-0.665026
1	9562	2.52198
1	9563	0.523811
1	9564	0.541082
1	9565	-4.09963
1	9566	-3.02074
1	9567	-2.29097
1	9568	0.462701
1	9569	0.571903
1	9570	41.2408
1	9571	-0.490863
1	9572	-0.556868
1	9573	-0.013058
1	9574	-12.0758
1	9575	0.0145628
1	9576	-2.99076
1	9577	-0.426378
1	9578	-0.724014
1	9579	-0.611368
1	9580	-1.84528
1	9581	2.20425
1	9582	-0.707257
1	9583	-0.0527986
1	9584	-1.11276
1	9585	-1.32893
1	9586	1.36133
1	9587	-0.831488
1	9588	-4.62168
1	9589	-0.675235
1	9590	-0.859699
1	9591	15.5909
1	9592	2.55395
1	9593	7.99965
1	9594	-4.88832
1	9595	0.423552
1	9596	0.147112
1	9597	0.44561
1	9598	-0.727467
1	9599	-0.14386
1	9600	4.00147
1	9601	0.484476
1	9602	-0.953484
1	9603	0.374758
1	9604	0.60716
1	9605	3.93985
1	9606	-0.837497
1	9607	-0.986861
1	9608	-1.55567
1	9609	10.4179
1	9610	-28.5996
1	9611	-0.276196
1	9612	-0.417389
1	9613	-0.250021
1	9614	-1.17606
1	9615	-2.30777
1	9616	-1.7569
1	9617	-0.332357
1	9618	-0.252771
1	9619	0.0458499
1	9620	0.650128
1	9621	-2.09734
1	9622	4.52463
1	9623	2.2389
1	9624	0.626167
1	9625	0.466695
1	9626	0.094308
1	9627	0.503746
1	9628	2.41141
1	9629	34.8346
1	9630	1.97654
1	9631	0.648929
1	9632	-1.70857
1	9633	-5.47308
1	9634	-0.612728
1	9635	1.64884
1	9636	-1.26432
1	9637	-0.0743501
1	9638	9.12966
1	9639	-0.290776
1	9640	-1.16772
1	9641	0.810784
1	9642	-0.507833
1	9643	0.266345
1	9644	10.0579
1	9645	2.6067
1	9646	-0.254055
1	9647	1.22245
1	9648	-0.759435
1	9649	4.8555
1	9650	0.087833
1	9651	-0.147751
1	9652	-2.37955
1	9653	0.687114
1	9654	-1.28759
1	9655	-3.81501
1	9656	-1.86514
1	9657	-1.7668
1	9658	0.892067
1	9659	3.08043
1	9660	9.65634
1	9661	0.184393
1	9662	-4.48963
1	9663	-0.206178
1	9664	-1.21693
1	9665	0.982039
1	9666	-7.55339
1	9667	-0.248801
1	9668	-0.446903
1	9669	0.357032
1	9670	-2.42926
1	9671	-0.00529047
1	9672	47.1859
1	9673	0.695096
1	9674	-0.275602
1	9675	-0.265173
1	9676	-0.773412
1	9677	-53.1414
1	9678	0.304602
1	9679	-41.9898
1	9680	0.185272
1	9681	7.61461
1	9682	1.14766
1	9683	0.00535458
1	9684	0.00916515
1	9685	1.19382
1	9686	-2.94252
1	9687	0.827357
1	9688	-107.889
1	9689	4.77255
1	9690	-1.36881
1	9691	-0.143007
1	9692	43.5448
1	9693	1.12359
1	9694	1.36045
1	9695	0.403667
1	9696	-3.36289
1	9697	1.78836
1	9698	-3.84318
1	9699	0.824793
1	9700	-4.70035
1	9701	-1.46344
1	9702	0.182278
1	9703	9.78286
1	9704	0.104195
1	9705	0.0278231
1	9706	0.112783
1	9707	-0.101195
1	9708	-0.296542
1	9709	1.11871
1	9710	-1.74651
1	9711	0.664821
1	9712	-0.69228
1	9713	1.02765
1	9714	0.32666
1	9715	0.462341
1	9716	0.767971
1	9717	0.763496
1	9718	-1.12415
1	9719	-29.3487
1	9720	0.155736
1	9721	1.48746
1	9722	6.21983
1	9723	-6.30155
1	9724	0.821395
1	9725	2.22739
1	9726	-3.24102
1	9727	1.09372
1	9728	-0.259326
1	9729	1.0734
1	9730	3.05025
1	9731	0.889971
1	9732	0.992445
1	9733	-0.499753
1	9734	1.32266
1	9735	0.742425
1	9736	-0.683336
1	9737	1.20687
1	9738	0.896298
1	9739	3.14344
1	9740	0.988807
1	9741	0.202655
1	9742	-0.166688
1	9743	0.0475649
1	9744	0.174095
1	9745	-396.318
1	9746	-2.27855
1	9747	0.850651
1	9748	-1.70252
1	9749	-2.01836
1	9750	-1.91458
1	9751	0.469824
1	9752	0.331341
1	9753	-0.176607
1	9754	0.789667
1	9755	2.34737
1	9756	1.26854
1	9757	1.05918
1	9758	0.461586
1	9759	5.21324
1	9760	-0.833382
1	9761	11.7574
1	9762	-0.820094
1	9763	-1.10274
1	9764	0.319674
1	9765	0.470388
1	9766	0.0403001
1	9767	-0.275937
1	9768	-0.0627517
1	9769	0.160485
1	9770	-0.0215584
1	9771	0.583351
1	9772	1.05201
1	9773	11.0969
1	9774	-12.9121
1	9775	0.490567
1	9776	-2.09954
1	9777	-1.32875
1	9778	-2.6262
1	9779	0.253564
1	9780	-0.498754
1	9781	1.47823
1	9782	0.518462
1	9783	-0.147216
1	9784	3.80772
1	9785	-8.56504
1	9786	-11.4267
1	9787	-0.527901
1	9788	0.0453439
1	9789	6.47369
1	9790	1.71343
1	9791	-0.449936
1	9792	-0.229798
1	9793	-0.458051
1	9794	-0.0903124
1	9795	-3.37082
1	9796	-3.99808
1	9797	-0.034363
1	9798	-0.237981
1	9799	3.19924
1	9800	-0.618364
1	9801	0.555509
1	9802	2.95285
1	9803	-1.74715
1	9804	0.301735
1	9805	-3.48869
1	9806	-0.52366
1	9807	-0.130172
1	9808	1.28593
1	9809	-0.550072
1	9810	20.5839
1	9811	1.40655
1	9812	-5.63085
1	9813	13.6659
1	9814	10.8698
1	9815	0.146988
1	9816	-0.585417
1	9817	0.206107
1	9818	-2.03978
1	9819	4.83687
1	9820	-1.26599
1	9821	0.106633
1	9822	0.457529
1	9823	0.365586
1	9824	4.75981
1	9825	-0.451847
1	9826	2.71424
1	9827	1.77067
1	9828	0.846055
1	9829	-14.8451
1	9830	0.399044
1	9831	-1.19535
1	9832	1.49272
1	9833	-5.29619
1	9834	-4.66933
1	9835	-0.249864
1	9836	1.65498
1	9837	-0.188264
1	9838	0.0949252
1	9839	-0.0853239
1	9840	-5.3458
1	9841	0.594296
1	9842	20.6898
1	9843	-0.439215
1	9844	-0.116846
1	9845	1.49442
1	9846	-30.4117
1	9847	0.889727
1	9848	0.0738487
1	9849	-0.212471
1	9850	1.20266
1	9851	6.43954
1	9852	-7.97122
1	9853	-0.964926
1	9854	-3.1931
1	9855	-0.163857
1	9856	-1.34972
1	9857	1.03621
1	9858	-0.237042
1	9859	0.0333781
1	9860	-1.23784
1	9861	-1.81403
1	9862	-0.436512
1	9863	0.744279
1	9864	-0.576022
1	9865	-5.50194
1	9866	11.207
1	9867	1.21248
1	9868	-1.53982
1	9869	-0.138711
1	9870	-0.415437
1	9871	-0.403958
1	9872	-1.38093
1	9873	1.23471
1	9874	-0.331201
1	9875	7.75038
1	9876	15.0818
1	9877	0.0861671
1	9878	-0.0227301
1	9879	-0.35269
1	9880	-0.166629
1	9881	0.273075
1	9882	0.697243
1	9883	-0.45731
1	9884	-0.446924
1	9885	0.549277
1	9886	0.280811
1	9887	-0.609746
1	9888	-0.298437
1	9889	-1.87295
1	9890	-0.521557
1	9891	1.0968
1	9892	0.867654
1	9893	-4.64829
1	9894	-0.365048
1	9895	2.71135
1	9896	0.204459
1	9897	0.112268
1	9898	0.134919
1	9899	-3.37677
1	9900	-0.754497
1	9901	0.0499791
1	9902	0.277008
1	9903	-1.30304
1	9904	3.22438
1	9905	1.40846
1	9906	1.9455
1	9907	-4.06305
1	9908	1.76739
1	9909	-0.525603
1	9910	-3.86109
1	9911	0.81955
1	9912	-0.333401
1	9913	-6.63039
1	9914	-2.45603
1	9915	0.41873
1	9916	0.594689
1	9917	-0.767461
1	9918	1.13035
1	9919	-0.0428775
1	9920	-0.661339
1	9921	-1.18712
1	9922	1.0055
1	9923	-1.27248
1	9924	0.114014
1	9925	3.04362
1	9926	0.234276
1	9927	-0.647793
1	9928	-0.0421364
1	9929	-3.38025
1	9930	-2.0347
1	9931	-0.269225
1	9932	-0.0640054
1	9933	0.226705
1	9934	-1.26442
1	9935	0.501957
1	9936	7.67652
1	9937	1.49848
1	9938	0.697053
1	9939	2.99964
1	9940	-0.0823831
1	9941	-0.737108
1	9942	-0.123058
1	9943	-0.60806
1	9944	0.869946
1	9945	4.65948
1	9946	-10.9739
1	9947	0.0196902
1	9948	7.23533
1	9949	13.497
1	9950	-0.955304
1	9951	0.779507
1	9952	0.0161736
1	9953	0.116547
1	9954	0.458745
1	9955	-7.35076
1	9956	3.93528
1	9957	2.59496
1	9958	-1.58049
1	9959	-1.16199
1	9960	0.186058
1	9961	-2.26847
1	9962	-0.405493
1	9963	-1.10454
1	9964	0.161943
1	9965	-0.589518
1	9966	-0.754623
1	9967	-0.107505
1	9968	1.29054
1	9969	-0.12818
1	9970	0.00464198
1	9971	2.79643
1	9972	0.687572
1	9973	1.69651
1	9974	-0.367179
1	9975	-0.960828
1	9976	-1.21269
1	9977	2.40801
1	9978	-1.43036
1	9979	4.01478
1	9980	0.681351
1	9981	-1.70815
1	9982	54.8434
1	9983	0.705456
1	9984	-67.8447
1	9985	-1.49382
1	9986	0.156918
1	9987	2.96775
1	9988	-0.61528
1	9989	0.808442
1	9990	-0.075668
1	9991	-2.85951
1	9992	-10.9487
1	9993	3.57814
1	9994	-1.33464
1	9995	-1.80069
1	9996	0.46634
1	9997	-15.6721
1	9998	0.806136
1	9999	-3.61698
2	0	2.36683
2	1	-0.527257
2	2	-0.404264
2	3	0.100982
2	4	0.304478
2	5	-0.319646
2	6	-0.659629
2	7	-2.69936
2	8	-3.39276
2	9	15.0718
2	10	0.251352
2	11	0.0931042
2	12	-0.120282
2	13	-0.921923
2	14	-3.32186
2	15	-0.800429
2	16	-1.58014
2	17	1.20333
2	18	1.64354
2	19	-2.82179
2	20	1.32617
2	21	4.41502
2	22	-31.8301
2	23	-11.0739
2	24	1.06974
2	25	-0.28234
2	26	0.674982
2	27	0.0359878
2	28	-2.14915
2	29	-0.23087
2	30	-2.05514
2	31	10.0234
2	32	0.0614242
2	33	-57.6058
2	34	-1.54849
2	35	0.834553
2	36	8.21834
2	37	0.803098
2	38	-3.02252
2	39	1.94791
2	40	-0.253708
2	41	-4.51772
2	42	0.507954
2	43	-12.4783
2	44	12.8699
2	45	-1.58408
2	46	-1.26415
2	47	0.0448448
2	48	-0.731899
2	49	-1.34654
2	50	0.0759051
2	51	-1.74465
2	52	-0.429769
2	53	-1.01001
2	54	-0.200473
2	55	0.486508
2	56	0.58128
2	57	0.76672
2	58	0.487718
2	59	-1.02612
2	60	1.49642
2	61	1.13314
2	62	-2.6481
2	63	0.767868
2	64	-0.134477
2	65	3.2465
2	66	-0.104982
2	67	0.310828
2	68	0.383297
2	69	-4.65727
2	70	-0.483411
2	71	-1.96781
2	72	3.75836
2	73	-1.6566
2	74	0.202337
2	75	-2.17502
2	76	0.374112
2	77	0.173404
2	78	0.774993
2	79	0.426856
2	80	-0.158865
2	81	-0.884292
2	82	-1.16958
2	83	-4.601
2	84	-1.55095
2	85	-2.26523
2	86	-0.308193
2	87	0.519477
2	88	-0.128181
2	89	-0.582382
2	90	0.759175
2	91	1.07471
2	92	3.11108
2	93	18.7641
2	94	-1.82872
2	95	0.875656
2	96	-0.425632
2	97	-1.4791
2	98	2.85945
2	99	-0.880541
2	100	-0.304609
2	101	-0.838305
2	102	0.882292
2	103	1.3075
2	104	0.298889
2	105	-0.813903
2	106	1.14149
2	107	19.0331
2	108	0.599256
2	109	0.14822
2	110	0.808352
2	111	5.47251
2	112	0.811318
2	113	0.235457
2	114	-2.35568
2	115	1.95327
2	116	-5.01064
2	117	39.4119
2	118	-0.58971
2	119	0.394175
2	120	-0.171297
2	121	-1.13703
2	122	0.418607
2	123	1.28441
2	124	-0.0809545
2	125	-0.940282
2	126	-9.66469
2	127	-3.06534
2	128	0.470925
2	129	0.599145
2	130	1.99196
2	131	-0.207102
2	132	-21.0283
2	133	-0.588738
2	134	0.897404
2	135	-0.359048
2	136	2.23211
2	137	0.293805
2	138	1.3655
2	139	0.0205898
2	140	0.670579
2	141	-0.564251
2	142	-1.19543
2	143	2.26649
2	144	-0.417182
2	145	-1.87414
2	146	-0.892667
2	147	-0.428183
2	148	0.30106
2	149	0.178311
2	150	10.2699
2	151	-1.58954
2	152	-1.37957
2	153	0.303983
2	154	54.7197
2	155	0.731195
2	156	0.379925
2	157	-0.454819
2	158	-1.47867
2	159	0.428472
2	160	25.1217
2	161	0.509947
2	162	0.307344
2	163	0.395759
2	164	0.195915
2	165	-0.515203
2	166	3.46182
2	167	-3.41705
2	168	2.4496
2	169	0.644267
2	170	1.38803
2	171	-0.197461
2	172	-4.13505
2	173	-0.570951
2	174	-1.20854
2	175	-5.27815
2	176	0.560111
2	177	0.174136
2	178	1.95757
2	179	4.53743
2	180	5.98863
2	181	-2.29225
2	182	1.23168
2	183	3.15393
2	184	-2.21658
2	185	2.21045
2	186	-3.05278
2	187	-0.992192
2	188	0.262259
2	189	1.74504
2	190	-0.75526
2	191	0.180297
2	192	0.289605
2	193	-1.36446
2	194	0.456342
2	195	-5.71166
2	196	-1.29507
2	197	1.4752
2	198	0.277543
2	199	5.30172
2	200	-0.245686
2	201	2.50282
2	202	-1.54361
2	203	2.03203
2	204	-1.00356
2	205	0.249289
2	206	0.709726
2	207	0.36175
2	208	0.000117214
2	209	-0.0360303
2	210	3.09144
2	211	-0.499572
2	212	0.210975
2	213	-3.12933
2	214	-3.89575
2	215	-1.71211
2	216	1.65589
2	217	-0.932735
2	218	1.8845
2	219	-0.53434
2	220	0.48671
2	221	1.05728
2	222	-0.11974
2	223	-0.110863
2	224	0.187257
2	225	4.55104
2	226	-0.293554
2	227	-0.823915
2	228	-7.43261
2	229	2.30167
2	230	1.36772
2	231	-3.44685
2	232	-0.126761
2	233	-0.100578
2	234	1.02971
2	235	14.6393
2	236	-1.26101
2	237	8.40691
2	238	0.302649
2	239	-1.6089
2	240	-0.479526
2	241	-1.31993
2	242	4.75156
2	243	0.955195
2	244	-1.36608
2	245	-1.03157
2	246	0.785624
2	247	-0.328902
2	248	-0.338951
2	249	-2.61293
2	250	0.341175
2	251	-0.536047
2	252	-5.99032
2	253	-0.426419
2	254	1.53861
2	255	1.68312
2	256	-0.588182
2	257	-1.53408
2	258	3.1987
2	259	-2.69582
2	260	-0.107754
2	261	-1.45614
2	262	-0.38979
2	263	-0.0886086
2	264	-7.25483
2	265	0.478574
2	266	-0.692631
2	267	0.913168
2	268	0.0170734
2	269	-4.26742
2	270	-0.0959999
2	271	-0.262989
2	272	0.867605
2	273	-0.428291
2	274	0.543961
2	275	0.580278
2	276	-0.0489316
2	277	-1.18597
2	278	-1.28617
2	279	0.936577
2	280	-4.22277
2	281	0.748989
2	282	-0.858805
2	283	-1.86786
2	284	1.16566
2	285	-1.24334
2	286	0.904912
2	287	-1.49301
2	288	-0.637695
2	289	9.55662
2	290	-0.650432
2	291	0.126403
2	292	2.55114
2	293	-7.92573
2	294	-0.113286
2	295	4.65052
2	296	1.18724
2	297	9.06199
2	298	0.798224
2	299	1.06401
2	300	-0.660249
2	301	-0.518709
2	302	-1.15153
2	303	158.113
2	304	1.11741
2	305	-1318.36
2	306	0.311234
2	307	-0.0516542
2	308	-0.938209
2	309	-13.8786
2	310	-0.326774
2	311	-2.4088
2	312	-0.58724
2	313	-0.199367
2	314	1.03692
2	315	2.47665
2	316	1.49594
2	317	-1.7993
2	318	-0.244567
2	319	0.409835
2	320	-1.10998
2	321	1.72065
2	322	1.62095
2	323	-4.35005
2	324	-0.428783
2	325	4.73295
2	326	-7.45574
2	327	2.44281
2	328	-0.304498
2	329	-2.9802
2	330	3.1637
2	331	-0.948939
2	332	-4.05678
2	333	-1.06157
2	334	-14.6081
2	335	0.274238
2	336	0.924851
2	337	0.342825
2	338	0.215895
2	339	-0.424597
2	340	-0.251014
2	341	0.350067
2	342	1.11231
2	343	-0.659994
2	344	-0.529174
2	345	1.15249
2	346	0.0485075
2	347	-2.06343
2	348	-39.7285
2	349	-1.16274
2	350	0.240094
2	351	-0.0387136
2	352	-0.323322
2	353	-0.523308
2	354	0.491305
2	355	-1.91518
2	356	-0.0725782
2	357	0.0239883
2	358	2.82522
2	359	0.957591
2	360	4.71413
2	361	4.08668
2	362	0.117857
2	363	-1.58635
2	364	0.78597
2	365	-11.3613
2	366	0.477731
2	367	0.349559
2	368	-0.93916
2	369	1.42292
2	370	1.30669
2	371	0.866499
2	372	0.960284
2	373	1.81031
2	374	4.67936
2	375	-0.895844
2	376	-1.37768
2	377	1.29221
2	378	1.35003
2	379	-0.310499
2	380	-44.0631
2	381	0.991482
2	382	-0.782646
2	383	-0.118699
2	384	1.78085
2	385	1.62781
2	386	-323.912
2	387	2.23083
2	388	-1.82978
2	389	-0.28205
2	390	0.68869
2	391	-11.1726
2	392	-0.515334
2	393	-0.799554
2	394	-0.632964
2	395	0.285197
2	396	-0.790369
2	397	0.992132
2	398	-0.502433
2	399	80.1759
2	400	-0.524623
2	401	0.765155
2	402	-0.483403
2	403	-2.1124
2	404	0.182106
2	405	-1.7078
2	406	2.40013
2	407	0.961665
2	408	-0.841824
2	409	-5.53937
2	410	0.339901
2	411	0.396488
2	412	1.36688
2	413	-3.14156
2	414	-2.06231
2	415	0.423491
2	416	-0.507258
2	417	1.13658
2	418	-2.55526
2	419	-0.843154
2	420	0.952221
2	421	-4.91238
2	422	-0.0764618
2	423	-0.151174
2	424	-0.565358
2	425	0.860708
2	426	-0.448555
2	427	0.909288
2	428	-0.112685
2	429	0.120015
2	430	0.0893362
2	431	0.908863
2	432	-0.835271
2	433	-0.417133
2	434	0.0420928
2	435	-10.904
2	436	0.622145
2	437	-0.0812111
2	438	1.02253
2	439	0.0969513
2	440	-0.02723
2	441	1.52298
2	442	-7.12473
2	443	0.750147
2	444	-6.17594
2	445	0.639995
2	446	0.389408
2	447	1.7443
2	448	-0.643725
2	449	-1.83894
2	450	-0.0223913
2	451	2.64813
2	452	-0.211898
2	453	-0.220117
2	454	2.13701
2	455	-0.9463
2	456	-0.938449
2	457	0.235194
2	458	0.605649
2	459	0.342508
2	460	-0.931548
2	461	0.168142
2	462	-0.0174021
2	463	43.374
2	464	0.768351
2	465	-2.57131
2	466	-3.1914
2	467	-1.58774
2	468	-0.703588
2	469	-17.9012
2	470	0.470648
2	471	-0.492109
2	472	1.01617
2	473	-3.36242
2	474	-1.55432
2	475	-4.51344
2	476	-0.740083
2	477	1.29371
2	478	0.813888
2	479	-2.59731
2	480	-1.08084
2	481	0.604797
2	482	0.553483
2	483	-9.60577
2	484	-1.99476
2	485	0.926087
2	486	-1.20612
2	487	0.852431
2	488	-0.186105
2	489	-5.57322
2	490	0.144083
2	491	-0.736642
2	492	-27.9766
2	493	-1.4939
2	494	-2.94197
2	495	-5.72753
2	496	1.97301
2	497	-0.139618
2	498	0.646593
2	499	-48.3988
2	500	20.6821
2	501	3.80165
2	502	-0.078964
2	503	-32.0305
2	504	36.9329
2	505	0.644475
2	506	-1.42647
2	507	0.168589
2	508	1.83688
2	509	-0.439457
2	510	3.95703
2	511	-0.912966
2	512	0.191535
2	513	-0.565122
2	514	1.90021
2	515	-0.21065
2	516	0.394477
2	517	-0.346399
2	518	0.399241
2	519	-0.306393
2	520	74.5314
2	521	-0.211822
2	522	1.44953
2	523	-0.514362
2	524	-1.83744
2	525	-0.252364
2	526	0.189216
2	527	4.49357
2	528	1.93702
2	529	0.74876
2	530	0.576446
2	531	-1.02631
2	532	-1.1926
2	533	-0.142363
2	534	-0.599865
2	535	2.74524
2	536	-25.1959
2	537	2.76256
2	538	-0.573677
2	539	4.92651
2	540	1.79292
2	541	-1.89811
2	542	0.552239
2	543	-1.05717
2	544	-0.405931
2	545	0.482053
2	546	-21.7629
2	547	0.200283
2	548	0.874993
2	549	-1.25157
2	550	0.738963
2	551	8.20004
2	552	17.7507
2	553	-0.406231
2	554	5.59291
2	555	-2.90373
2	556	-0.4254
2	557	0.417333
2	558	1.62061
2	559	-0.23337
2	560	0.727203
2	561	0.0796604
2	562	8.34379
2	563	2.93597
2	564	2.28204
2	565	-6.78875
2	566	0.720528
2	567	-0.606463
2	568	-0.092265
2	569	-3.27629
2	570	-9.35886
2	571	-6.08234
2	572	1.45475
2	573	0.70294
2	574	27.5471
2	575	-6.22766
2	576	0.0325596
2	577	-1.97319
2	578	-2.32691
2	579	-0.413144
2	580	-0.66015
2	581	-0.0317599
2	582	0.375052
2	583	2.61553
2	584	17.3528
2	585	0.655599
2	586	0.907677
2	587	0.78981
2	588	-0.874552
2	589	-0.765673
2	590	1.02534
2	591	0.375569
2	592	1.40819
2	593	18.618
2	594	-0.15164
2	595	-0.105958
2	596	-3.87672
2	597	-1.99517
2	598	0.180769
2	599	-0.420034
2	600	-1.23991
2	601	5.45086
2	602	-3.26812
2	603	-0.751913
2	604	-0.997801
2	605	0.319187
2	606	-0.49384
2	607	2.7939
2	608	0.398405
2	609	-1.36945
2	610	0.946386
2	611	1.143
2	612	0.509591
2	613	-19.2095
2	614	2.88379
2	615	-0.570086
2	616	-1.52596
2	617	4.27868
2	618	-52.3258
2	619	2.03337
2	620	-0.41651
2	621	0.911538
2	622	-0.543492
2	623	0.404616
2	624	9.84425
2	625	1.63192
2	626	-0.187644
2	627	1.30685
2	628	0.0149046
2	629	4.60942
2	630	6.72338
2	631	-1.59203
2	632	-2.00709
2	633	-0.757555
2	634	0.667971
2	635	-20.2411
2	636	-0.711407
2	637	0.235398
2	638	-1.52187
2	639	-1.12391
2	640	4.13841
2	641	-1.24163
2	642	-4.45334
2	643	-1.68273
2	644	0.260554
2	645	-0.974098
2	646	0.526733
2	647	0.59855
2	648	-16.5144
2	649	0.447437
2	650	-1.03759
2	651	-2.06482
2	652	8.94098
2	653	0.0657922
2	654	0.440786
2	655	-2.01705
2	656	1.14987
2	657	0.981564
2	658	-0.846155
2	659	2.09485
2	660	-1.07627
2	661	1.61802
2	662	-7.15163
2	663	0.573636
2	664	2.46421
2	665	11.3153
2	666	0.0101091
2	667	1.43863
2	668	0.717039
2	669	0.404287
2	670	-38.2815
2	671	2.00181
2	672	0.137289
2	673	-0.491103
2	674	-0.0746043
2	675	0.509717
2	676	0.885108
2	677	-4.35157
2	678	-0.822866
2	679	-5.92138
2	680	-6.96277
2	681	-3.04392
2	682	7.36842
2	683	-0.826373
2	684	-3.46341
2	685	2.63122
2	686	-1.40143
2	687	0.485488
2	688	0.303022
2	689	-0.843137
2	690	0.603009
2	691	-0.275783
2	692	1.13203
2	693	-6.36251
2	694	-6.38926
2	695	-1.27767
2	696	-4.75558
2	697	1.30769
2	698	-4.07438
2	699	1.62958
2	700	-3.93478
2	701	2.32482
2	702	2.0516
2	703	-0.569583
2	704	-0.434939
2	705	-1.16822
2	706	2.09541
2	707	0.996744
2	708	-6.13105
2	709	-2.64019
2	710	0.0777849
2	711	1.07865
2	712	-0.498243
2	713	-0.993276
2	714	2.6599
2	715	-0.943374
2	716	-2.63683
2	717	0.204043
2	718	-1.50551
2	719	-3.22449
2	720	-1.19674
2	721	4.68473
2	722	-8.90326
2	723	0.137353
2	724	-1.3986
2	725	0.421035
2	726	0.265849
2	727	0.460317
2	728	0.533276
2	729	8.22245
2	730	0.297358
2	731	11.1887
2	732	-0.112865
2	733	0.968631
2	734	0.656828
2	735	1.1998
2	736	0.37427
2	737	0.496395
2	738	6.61701
2	739	-2.66108
2	740	0.818265
2	741	-0.583
2	742	1.49313
2	743	-0.795017
2	744	3.3529
2	745	-1.64891
2	746	2.7054
2	747	-1.3442
2	748	-0.467892
2	749	-13.9215
2	750	-1.35104
2	751	2.99337
2	752	0.729961
2	753	-0.205816
2	754	4.02225
2	755	-0.780492
2	756	0.183333
2	757	-0.0154312
2	758	0.561889
2	759	6.86111
2	760	0.46537
2	761	-0.7905
2	762	0.337951
2	763	12.6427
2	764	0.285012
2	765	2.00778
2	766	-0.565285
2	767	5.35637
2	768	-4.22354
2	769	4.22085
2	770	6.53968
2	771	0.37882
2	772	-2.30587
2	773	1.97309
2	774	0.499347
2	775	-0.340693
2	776	-4.07435
2	777	5.29874
2	778	-0.261534
2	779	1.1766
2	780	0.735892
2	781	0.894435
2	782	-3.56742
2	783	-0.668843
2	784	1.31227
2	785	1.84759
2	786	0.173211
2	787	-0.21728
2	788	1.96772
2	789	2.36294
2	790	-3.42218
2	791	0.0951483
2	792	-1.44237
2	793	-0.658841
2	794	-0.442978
2	795	0.736764
2	796	-3.31959
2	797	19.049
2	798	-2.15017
2	799	-2.9411
2	800	3.67552
2	801	9.61677
2	802	0.469594
2	803	0.984557
2	804	-4.65199
2	805	-0.0692876
2	806	-0.0396467
2	807	0.736488
2	808	-0.211885
2	809	-0.808557
2	810	0.123876
2	811	6.74422
2	812	0.314981
2	813	-6.69056
2	814	0.995419
2	815	0.192075
2	816	0.289373
2	817	1.11821
2	818	0.24995
2	819	-2.39039
2	820	0.888951
2	821	0.384479
2	822	-0.410305
2	823	-0.192367
2	824	0.163257
2	825	-3.5887
2	826	-10.36
2	827	0.92026
2	828	-4.64798
2	829	-2.64016
2	830	3.82378
2	831	0.0334242
2	832	-4.02749
2	833	0.734527
2	834	-2.53794
2	835	1.51073
2	836	-0.326214
2	837	-9.00892
2	838	-0.525239
2	839	-0.131861
2	840	0.0157676
2	841	-1.05842
2	842	0.39556
2	843	-1.42523
2	844	0.567878
2	845	2.44927
2	846	0.0217069
2	847	3.3045
2	848	0.873094
2	849	0.501158
2	850	-0.183363
2	851	-0.0931121
2	852	290.611
2	853	-0.977814
2	854	-1.59507
2	855	0.553447
2	856	18.8526
2	857	0.67157
2	858	0.508507
2	859	0.733598
2	860	2.33789
2	861	0.651433
2	862	-0.443462
2	863	0.646728
2	864	-0.618112
2	865	0.201421
2	866	-0.0442254
2	867	0.569309
2	868	-3.83036
2	869	-1.66756
2	870	0.414864
2	871	-0.533371
2	872	0.657796
2	873	0.937709
2	874	0.476754
2	875	1.43317
2	876	1.46946
2	877	-0.921445
2	878	-1.16424
2	879	0.430326
2	880	0.215307
2	881	2.28871
2	882	1.46074
2	883	-0.249359
2	884	-11.4244
2	885	-9.6766
2	886	-4.72081
2	887	-0.974842
2	888	-0.598479
2	889	-0.256394
2	890	0.494874
2	891	1.03601
2	892	-0.217477
2	893	-0.638051
2	894	0.180721
2	895	0.105036
2	896	-3.74397
2	897	-0.323529
2	898	-0.552397
2	899	-0.576943
2	900	-6.58321
2	901	-5.84788
2	902	0.0148875
2	903	0.507563
2	904	-1.15452
2	905	0.399655
2	906	-1.24404
2	907	1.3052
2	908	-0.497104
2	909	1.87384
2	910	-0.797961
2	911	-17.8229
2	912	1.14964
2	913	-5.77287
2	914	1.4276
2	915	-1.73301
2	916	-1.40827
2	917	-0.348296
2	918	-0.14354
2	919	-0.128164
2	920	-0.269569
2	921	1.65188
2	922	-0.307716
2	923	1.81093
2	924	-0.00579917
2	925	-0.78977
2	926	-13.242
2	927	-8.15584
2	928	0.750038
2	929	-0.890628
2	930	-0.331798
2	931	1.12971
2	932	-0.282986
2	933	0.99706
2	934	-1.09313
2	935	-0.76684
2	936	-0.10937
2	937	4.43725
2	938	1.4379
2	939	2.0686
2	940	5.03151
2	941	-1.6424
2	942	8.03193
2	943	5.58925
2	944	-1.13535
2	945	-0.502936
2	946	0.0400011
2	947	1.28876
2	948	-3.31336
2	949	-0.594253
2	950	0.389838
2	951	0.258733
2	952	4.14625
2	953	-0.0659303
2	954	0.492347
2	955	-1.1698
2	956	-12.7624
2	957	-3.21958
2	958	-0.544003
2	959	0.170411
2	960	0.198171
2	961	-23.3596
2	962	0.616717
2	963	-3.10406
2	964	-4.4256
2	965	-1.72128
2	966	-4.08393
2	967	2.09458
2	968	1.06718
2	969	1.88565
2	970	-3.22418
2	971	-0.333761
2	972	0.578418
2	973	-0.0315415
2	974	-0.296852
2	975	-0.54831
2	976	0.200154
2	977	-44.9593
2	978	-36.4899
2	979	0.361725
2	980	0.695828
2	981	0.277712
2	982	-21.9058
2	983	-1.61305
2	984	1.72118
2	985	-36.2407
2	986	-0.0820529
2	987	-4.58322
2	988	-0.836095
2	989	0.256408
2	990	-0.461001
2	991	-0.148646
2	992	-4.93741
2	993	-0.232421
2	994	-0.831977
2	995	-1.63296
2	996	1.18289
2	997	-0.229762
2	998	14.4018
2	999	16.3424
2	1000	0.319666
2	1001	2.13987
2	1002	-0.0528768
2	1003	-1.01645
2	1004	-0.201175
2	1005	1.37169
2	1006	0.312989
2	1007	-58.4336
2	1008	-0.721739
2	1009	-0.342484
2	1010	0.429897
2	1011	-0.0547216
2	1012	-1.49616
2	1013	1.87996
2	1014	1.86259
2	1015	13855.3
2	1016	2.91583
2	1017	-2.1286
2	1018	3.199
2	1019	-0.777551
2	1020	3.48407
2	1021	-0.0670984
2	1022	0.00289887
2	1023	13.7965
2	1024	-1.09563
2	1025	3.0024
2	1026	16.0695
2	1027	-4.30968
2	1028	-0.0775395
2	1029	-0.204088
2	1030	-1.28964
2	1031	2.25373
2	1032	0.16969
2	1033	-0.972842
2	1034	-2.1698
2	1035	-1.0726
2	1036	-0.758417
2	1037	-0.843628
2	1038	0.105996
2	1039	-6.78
2	1040	-0.177027
2	1041	-0.156905
2	1042	0.24018
2	1043	1.26234
2	1044	0.394846
2	1045	0.532938
2	1046	-0.460577
2	1047	-1.20447
2	1048	-4.87766
2	1049	-327.22
2	1050	-0.0102023
2	1051	-0.351209
2	1052	2.4819
2	1053	-0.197498
2	1054	-0.0435669
2	1055	1.39267
2	1056	-0.564229
2	1057	1.45213
2	1058	-0.61038
2	1059	-0.217134
2	1060	3.3791
2	1061	-0.581751
2	1062	1.07427
2	1063	-7.33586
2	1064	0.616318
2	1065	-1.37858
2	1066	-2.36068
2	1067	1.16186
2	1068	1.3861
2	1069	-0.251975
2	1070	-1.31885
2	1071	-0.885942
2	1072	0.0634501
2	1073	-0.949761
2	1074	0.390886
2	1075	1.11296
2	1076	-0.491222
2	1077	1.11132
2	1078	1.02917
2	1079	1.58758
2	1080	-2.40341
2	1081	-18.6088
2	1082	2.61234
2	1083	-1.23661
2	1084	-0.604687
2	1085	-3.00426
2	1086	-1.9471
2	1087	0.264904
2	1088	1.12616
2	1089	-1.891
2	1090	0.507495
2	1091	0.48804
2	1092	0.235176
2	1093	0.316667
2	1094	-12.4011
2	1095	-3.28364
2	1096	-3.31394
2	1097	-0.0890617
2	1098	-1.74501
2	1099	-1.23218
2	1100	3.46416
2	1101	-0.332228
2	1102	0.169621
2	1103	-0.295039
2	1104	0.727829
2	1105	2.00986
2	1106	0.556722
2	1107	1.56906
2	1108	1.24496
2	1109	0.195061
2	1110	6.63167
2	1111	0.543841
2	1112	2.21291
2	1113	-4.57641
2	1114	1.70282
2	1115	-5.82859
2	1116	0.776536
2	1117	-0.363978
2	1118	0.257978
2	1119	0.0579525
2	1120	0.29398
2	1121	68.029
2	1122	1.39111
2	1123	-2.12007
2	1124	0.115779
2	1125	-0.800898
2	1126	0.522329
2	1127	1.41683
2	1128	0.0450248
2	1129	-1.67266
2	1130	0.107109
2	1131	0.0763361
2	1132	-0.407732
2	1133	2.03325
2	1134	0.473522
2	1135	0.807498
2	1136	2.53115
2	1137	-0.662222
2	1138	0.510447
2	1139	2.05508
2	1140	-0.0262722
2	1141	0.622939
2	1142	-270.683
2	1143	1.65697
2	1144	0.607489
2	1145	0.152804
2	1146	-6.5013
2	1147	7.40092
2	1148	10.4012
2	1149	-0.226522
2	1150	-0.0799467
2	1151	-0.642809
2	1152	0.653212
2	1153	-1.83911
2	1154	2.78195
2	1155	7.41041
2	1156	0.134477
2	1157	0.938127
2	1158	-1.36133
2	1159	0.642525
2	1160	-1.42999
2	1161	-0.179202
2	1162	4.51473
2	1163	1.04476
2	1164	-0.0816546
2	1165	-0.216846
2	1166	-0.451649
2	1167	-0.919163
2	1168	0.52865
2	1169	-0.220296
2	1170	-0.207723
2	1171	-0.639042
2	1172	-4.11996
2	1173	1.37054
2	1174	1.15963
2	1175	0.808428
2	1176	1.37108
2	1177	3.21085
2	1178	-1.85318
2	1179	0.790286
2	1180	-0.066417
2	1181	11.1426
2	1182	0.335344
2	1183	-4.53044
2	1184	1.5666
2	1185	-0.203725
2	1186	0.160871
2	1187	-1.98608
2	1188	-1.39446
2	1189	0.421095
2	1190	0.209618
2	1191	-0.014551
2	1192	-0.0398255
2	1193	0.469796
2	1194	-0.288751
2	1195	-0.921668
2	1196	0.555743
2	1197	-0.768414
2	1198	-0.57946
2	1199	1.33157
2	1200	1.55773
2	1201	-10.7367
2	1202	0.42431
2	1203	-0.000232132
2	1204	1.28231
2	1205	0.474355
2	1206	0.529472
2	1207	-4.33681
2	1208	1.46234
2	1209	13.2325
2	1210	1.71452
2	1211	2.58745
2	1212	-11.5841
2	1213	-0.383668
2	1214	4.46441
2	1215	1.50112
2	1216	-1.35466
2	1217	0.379737
2	1218	-2.90539
2	1219	0.0608304
2	1220	-3.58354
2	1221	-0.247446
2	1222	-1.17356
2	1223	-0.0577203
2	1224	0.279907
2	1225	-4.10849
2	1226	-0.0460603
2	1227	-0.536476
2	1228	0.0330921
2	1229	0.0683628
2	1230	-2.85048
2	1231	0.931627
2	1232	-0.475598
2	1233	-0.742224
2	1234	-0.930897
2	1235	0.610115
2	1236	0.509038
2	1237	-0.43465
2	1238	-3.36205
2	1239	1.32343
2	1240	1.64366
2	1241	-7.5326
2	1242	1.13834
2	1243	-0.0122688
2	1244	0.554896
2	1245	-0.314291
2	1246	-1.09528
2	1247	-0.595115
2	1248	-2.67257
2	1249	0.82758
2	1250	3.86997
2	1251	-2.47613
2	1252	0.747236
2	1253	-10.5532
2	1254	4.93184
2	1255	-2.79961
2	1256	-1.66805
2	1257	1.3907
2	1258	-0.351953
2	1259	-5.5048
2	1260	-3.81443
2	1261	-0.608656
2	1262	0.62311
2	1263	2.0913
2	1264	0.205956
2	1265	0.420671
2	1266	-1.56584
2	1267	2.11723
2	1268	-0.820721
2	1269	1.08169
2	1270	0.820448
2	1271	0.181397
2	1272	-0.324348
2	1273	0.546456
2	1274	-1.24359
2	1275	2.61337
2	1276	-1.39828
2	1277	4.99888
2	1278	-0.703451
2	1279	1.09916
2	1280	-1.5249
2	1281	2.59149
2	1282	1.03037
2	1283	4.98849
2	1284	-2.48263
2	1285	-1.78388
2	1286	-0.156067
2	1287	0.212667
2	1288	0.353833
2	1289	0.177857
2	1290	51.3414
2	1291	0.784722
2	1292	-2.00809
2	1293	-4.45043
2	1294	-4.89876
2	1295	-2.39662
2	1296	2.3835
2	1297	-0.69155
2	1298	0.127573
2	1299	-1.81829
2	1300	1.51316
2	1301	-1.52948
2	1302	0.0230233
2	1303	-0.515452
2	1304	-0.11174
2	1305	0.0772343
2	1306	-3.98091
2	1307	0.51134
2	1308	0.209063
2	1309	4.67871
2	1310	3.46824
2	1311	-1.47024
2	1312	1.5867
2	1313	-6.94558
2	1314	0.859312
2	1315	0.868543
2	1316	1.18471
2	1317	0.721876
2	1318	-1.55007
2	1319	0.364214
2	1320	-1.08849
2	1321	1.75263
2	1322	-1.95837
2	1323	-0.41395
2	1324	-0.134609
2	1325	1.03218
2	1326	-2.03674
2	1327	0.266965
2	1328	-0.082769
2	1329	-1.37003
2	1330	-2.92478
2	1331	1.38343
2	1332	-1.08222
2	1333	-0.265866
2	1334	-0.636707
2	1335	2.11881
2	1336	1.745
2	1337	-0.459854
2	1338	2.25084
2	1339	1.45094
2	1340	2.89906
2	1341	-1.33891
2	1342	17.425
2	1343	-1.12568
2	1344	0.734364
2	1345	-0.325644
2	1346	-4.29647
2	1347	0.636174
2	1348	-1.21841
2	1349	0.545959
2	1350	-0.776985
2	1351	1.08766
2	1352	-0.313728
2	1353	0.634515
2	1354	-0.675787
2	1355	-5.08781
2	1356	-3.24362
2	1357	-4.61893
2	1358	0.978376
2	1359	-3.88499
2	1360	-1.02217
2	1361	-1.02502
2	1362	0.514591
2	1363	2.4223
2	1364	0.245882
2	1365	-0.31074
2	1366	-1.23762
2	1367	2.85001
2	1368	0.82694
2	1369	-1.2003
2	1370	1.73755
2	1371	-1.87831
2	1372	0.458354
2	1373	-0.391873
2	1374	-13.555
2	1375	-0.521169
2	1376	0.753858
2	1377	18.648
2	1378	-0.0650706
2	1379	1.42064
2	1380	-0.848711
2	1381	0.236516
2	1382	0.996094
2	1383	-0.803322
2	1384	1.40345
2	1385	-0.0109343
2	1386	-1.43313
2	1387	-0.552806
2	1388	0.571455
2	1389	-8.44592
2	1390	-0.181768
2	1391	2.72787
2	1392	-2.12951
2	1393	0.123994
2	1394	-1.24166
2	1395	-0.652271
2	1396	1.78642
2	1397	0.658029
2	1398	0.707605
2	1399	-3.31515
2	1400	-19.3508
2	1401	1.05542
2	1402	2.40764
2	1403	-0.474853
2	1404	-1.17769
2	1405	0.605164
2	1406	-0.76277
2	1407	-0.628048
2	1408	-0.00522506
2	1409	-0.529409
2	1410	0.656454
2	1411	3.43145
2	1412	1.75559
2	1413	0.0411765
2	1414	2.15293
2	1415	0.102226
2	1416	-0.0998039
2	1417	0.51329
2	1418	-1.93339
2	1419	0.891787
2	1420	-0.0757424
2	1421	-7.00317
2	1422	-129.851
2	1423	-0.589207
2	1424	-4.38005
2	1425	1.65374
2	1426	0.313469
2	1427	0.339556
2	1428	0.544401
2	1429	5.09627
2	1430	-0.23344
2	1431	-1.27484
2	1432	51.5923
2	1433	207.61
2	1434	2.66714
2	1435	0.164002
2	1436	0.311853
2	1437	1.07849
2	1438	-0.163402
2	1439	1.82659
2	1440	-0.236811
2	1441	0.615729
2	1442	-0.794924
2	1443	-1.88152
2	1444	5.7108
2	1445	-12.3082
2	1446	0.923098
2	1447	-0.483747
2	1448	-1.25905
2	1449	2.2965
2	1450	0.153752
2	1451	-6.69718
2	1452	-2.58824
2	1453	-17.9758
2	1454	0.385041
2	1455	-0.506471
2	1456	0.353836
2	1457	0.435756
2	1458	-2.08463
2	1459	-1.03544
2	1460	3.36018
2	1461	37.3704
2	1462	0.0546781
2	1463	0.54768
2	1464	-0.820871
2	1465	-6.54782
2	1466	-1.58101
2	1467	-0.68041
2	1468	0.44699
2	1469	0.574421
2	1470	1.12317
2	1471	-0.702405
2	1472	2.08281
2	1473	-6.92807
2	1474	0.558472
2	1475	-1.91688
2	1476	1.79604
2	1477	1.39239
2	1478	-1.59517
2	1479	-2.67357
2	1480	55.3942
2	1481	3.12427
2	1482	-3.24384
2	1483	2.7602
2	1484	-0.574862
2	1485	-0.711419
2	1486	-4.11006
2	1487	-0.740619
2	1488	-0.00428857
2	1489	-0.0409637
2	1490	-1.42929
2	1491	2.63794
2	1492	0.287332
2	1493	-12.6018
2	1494	0.530785
2	1495	0.733113
2	1496	6.42165
2	1497	-0.329568
2	1498	-1.19042
2	1499	-2.70362
2	1500	0.711549
2	1501	-0.394251
2	1502	-0.696049
2	1503	0.307965
2	1504	2.21122
2	1505	0.87235
2	1506	0.788132
2	1507	-7.8469
2	1508	-10.51
2	1509	0.397717
2	1510	0.770508
2	1511	2.41637
2	1512	-1.04178
2	1513	-2.10196
2	1514	-0.715664
2	1515	-0.818514
2	1516	-1.10201
2	1517	-1.03752
2	1518	1.26474
2	1519	0.0859825
2	1520	1.21703
2	1521	0.0640418
2	1522	-0.250981
2	1523	-0.252477
2	1524	0.154917
2	1525	62.8463
2	1526	1.82737
2	1527	1.30529
2	1528	0.978232
2	1529	0.281744
2	1530	2.48121
2	1531	1.67879
2	1532	-3.53694
2	1533	1.13264
2	1534	0.692247
2	1535	-1.66015
2	1536	0.495281
2	1537	1.0103
2	1538	23.6957
2	1539	5.6903
2	1540	-2.31608
2	1541	2.9735
2	1542	-0.589589
2	1543	-1.65051
2	1544	-0.582666
2	1545	-2.29152
2	1546	-0.527905
2	1547	5.10698
2	1548	2.12987
2	1549	-0.699911
2	1550	-0.237
2	1551	6.36116
2	1552	-0.823344
2	1553	-0.730177
2	1554	-0.0656148
2	1555	0.0419805
2	1556	3.25375
2	1557	-2.39731
2	1558	45.7071
2	1559	-0.749451
2	1560	5.453
2	1561	18.1295
2	1562	2.82244
2	1563	-1.25635
2	1564	1.35183
2	1565	0.0254093
2	1566	2.87779
2	1567	18.02
2	1568	-1.04417
2	1569	0.905562
2	1570	-0.546401
2	1571	0.5558
2	1572	1.33164
2	1573	-0.301574
2	1574	-2.00622
2	1575	-4.86421
2	1576	0.451634
2	1577	1.40752
2	1578	-2.57725
2	1579	25.0585
2	1580	0.660151
2	1581	-1.51928
2	1582	15.2983
2	1583	-0.606985
2	1584	0.341438
2	1585	-0.334344
2	1586	9.82773
2	1587	0.34197
2	1588	0.867471
2	1589	3.04845
2	1590	-1.92436
2	1591	3.20556
2	1592	-5.63334
2	1593	-0.499166
2	1594	-1.96308
2	1595	0.620828
2	1596	1.71729
2	1597	0.60071
2	1598	-1.03136
2	1599	0.944904
2	1600	1.19812
2	1601	6.13174
2	1602	-0.341435
2	1603	2.18808
2	1604	0.958714
2	1605	0.637175
2	1606	0.250012
2	1607	0.8924
2	1608	-4.40853
2	1609	-5.16583
2	1610	0.120414
2	1611	-0.545449
2	1612	-0.00520882
2	1613	-0.775907
2	1614	-2.82416
2	1615	-0.18894
2	1616	-0.182864
2	1617	0.406535
2	1618	-3.47417
2	1619	0.454116
2	1620	0.345681
2	1621	0.907916
2	1622	1.88795
2	1623	-0.194059
2	1624	0.386864
2	1625	2.2527
2	1626	0.380576
2	1627	0.360503
2	1628	2.09541
2	1629	-0.137868
2	1630	0.532813
2	1631	-0.405538
2	1632	-2.20073
2	1633	-0.891816
2	1634	-11.0483
2	1635	-0.457653
2	1636	0.299254
2	1637	-0.283774
2	1638	2.08492
2	1639	37.3726
2	1640	-3.26063
2	1641	-2.14711
2	1642	-0.026043
2	1643	0.885819
2	1644	1.58542
2	1645	1.65579
2	1646	-0.965342
2	1647	0.214039
2	1648	0.991839
2	1649	-1.03828
2	1650	4.43494
2	1651	0.602217
2	1652	3.32228
2	1653	0.232292
2	1654	-0.191448
2	1655	0.802412
2	1656	-0.243282
2	1657	-0.690176
2	1658	-3.30535
2	1659	-0.227506
2	1660	-0.434331
2	1661	0.124378
2	1662	3.63844
2	1663	-0.378211
2	1664	52.7411
2	1665	1.61073
2	1666	-3.92937
2	1667	5.0398
2	1668	-1.30805
2	1669	0.0188032
2	1670	8.39288
2	1671	-0.321231
2	1672	266.376
2	1673	-2.95492
2	1674	-0.0695956
2	1675	0.429455
2	1676	-0.0822079
2	1677	-0.368968
2	1678	1.41469
2	1679	1.04881
2	1680	-0.340474
2	1681	9.03295
2	1682	1.20669
2	1683	3.34483
2	1684	-0.0279496
2	1685	-1.36006
2	1686	3.55322
2	1687	10.0643
2	1688	0.437915
2	1689	0.687256
2	1690	-0.508417
2	1691	1.11847
2	1692	1.67412
2	1693	0.107687
2	1694	0.249349
2	1695	-4.51004
2	1696	0.0706078
2	1697	9.13047
2	1698	-0.188434
2	1699	0.208118
2	1700	-3.08882
2	1701	-0.0636251
2	1702	-0.171808
2	1703	2.21645
2	1704	0.151308
2	1705	1.36267
2	1706	-1.07418
2	1707	-0.411349
2	1708	0.0975755
2	1709	-0.294825
2	1710	0.584244
2	1711	1.07638
2	1712	-1.0864
2	1713	-0.163951
2	1714	8.5044
2	1715	-0.347985
2	1716	1.94903
2	1717	4.37001
2	1718	-0.373989
2	1719	16.856
2	1720	2.62299
2	1721	4.58939
2	1722	0.477716
2	1723	0.848411
2	1724	1.38548
2	1725	-22.0815
2	1726	-55.4095
2	1727	-3.77208
2	1728	0.222578
2	1729	0.501989
2	1730	-0.517175
2	1731	2.16535
2	1732	-2.17523
2	1733	-2.64451
2	1734	1.12912
2	1735	0.557968
2	1736	-1.35635
2	1737	-0.63781
2	1738	1.53907
2	1739	1.61546
2	1740	-2.68998
2	1741	-0.812656
2	1742	4.70054
2	1743	-0.178707
2	1744	-1.00176
2	1745	0.523214
2	1746	0.856745
2	1747	1.42082
2	1748	1.28718
2	1749	27.6615
2	1750	0.456081
2	1751	19.7508
2	1752	0.265282
2	1753	0.251932
2	1754	-0.248703
2	1755	0.393459
2	1756	-0.0272133
2	1757	-0.524002
2	1758	1.95262
2	1759	-1.38585
2	1760	1.76003
2	1761	0.799509
2	1762	-3.34218
2	1763	0.0444154
2	1764	0.0874721
2	1765	-1.56671
2	1766	1.12559
2	1767	-13.5206
2	1768	0.727479
2	1769	1.50657
2	1770	3.64177
2	1771	0.681793
2	1772	1.07729
2	1773	2.34173
2	1774	0.920721
2	1775	1.13283
2	1776	0.146595
2	1777	-0.484235
2	1778	-12.0485
2	1779	0.458966
2	1780	1.20339
2	1781	0.649557
2	1782	-0.534684
2	1783	-0.225469
2	1784	2.64541
2	1785	0.557265
2	1786	-2.26668
2	1787	-0.447081
2	1788	-0.309039
2	1789	-0.0437168
2	1790	1.17504
2	1791	0.467408
2	1792	0.0942294
2	1793	-1.22565
2	1794	1.12573
2	1795	6.91264
2	1796	8.97226
2	1797	1.52962
2	1798	-3.06564
2	1799	-0.0609591
2	1800	-2.17666
2	1801	0.486224
2	1802	3.29672
2	1803	153.26
2	1804	2.24601
2	1805	-1.41931
2	1806	0.20249
2	1807	-0.193954
2	1808	2.9235
2	1809	-23.5136
2	1810	1.97221
2	1811	0.57553
2	1812	-2.14869
2	1813	1.69944
2	1814	-2.45167
2	1815	0.442301
2	1816	3.9301
2	1817	-0.385047
2	1818	-2.52961
2	1819	2.40482
2	1820	-0.39509
2	1821	-0.399705
2	1822	-7.9943
2	1823	-8.39124
2	1824	0.437627
2	1825	-0.93321
2	1826	-1.20591
2	1827	0.41212
2	1828	1.50755
2	1829	-0.330675
2	1830	-0.821002
2	1831	-0.99281
2	1832	-0.148363
2	1833	-0.185629
2	1834	33.6117
2	1835	-0.0235089
2	1836	-5.68576
2	1837	-0.814322
2	1838	0.0287164
2	1839	0.585714
2	1840	0.479072
2	1841	-22.4129
2	1842	-0.741263
2	1843	1.28221
2	1844	0.774209
2	1845	7.35168
2	1846	1.79087
2	1847	2.79077
2	1848	-0.69204
2	1849	-0.701342
2	1850	1.85219
2	1851	0.00246331
2	1852	1.05527
2	1853	0.0419055
2	1854	-0.460213
2	1855	0.682547
2	1856	-0.0844726
2	1857	-0.314673
2	1858	0.081608
2	1859	0.645845
2	1860	0.454524
2	1861	0.990322
2	1862	0.867816
2	1863	-5.02837
2	1864	-0.950738
2	1865	-1.46534
2	1866	25.0344
2	1867	2.96472
2	1868	-0.0238063
2	1869	-0.933449
2	1870	-0.550551
2	1871	0.271959
2	1872	-0.0335731
2	1873	2.84023
2	1874	0.223506
2	1875	-0.0266336
2	1876	-0.230204
2	1877	0.362086
2	1878	-0.565822
2	1879	2.85512
2	1880	-13.6564
2	1881	1.35512
2	1882	-0.620638
2	1883	1.39007
2	1884	-2.64869
2	1885	0.201702
2	1886	0.523575
2	1887	0.129664
2	1888	-0.112315
2	1889	0.323508
2	1890	-0.365382
2	1891	29.6808
2	1892	-86.2203
2	1893	3.35168
2	1894	2.86106
2	1895	0.566545
2	1896	0.703208
2	1897	-0.599226
2	1898	-1.29639
2	1899	0.215375
2	1900	0.140132
2	1901	5.79082
2	1902	-0.586563
2	1903	0.689547
2	1904	-14.5642
2	1905	-0.68736
2	1906	0.187828
2	1907	-0.946587
2	1908	-1.71879
2	1909	0.835229
2	1910	-0.73849
2	1911	-11.958
2	1912	6.94562
2	1913	-0.0436083
2	1914	4.34776
2	1915	-0.277415
2	1916	1.31345
2	1917	3.78306
2	1918	4.29475
2	1919	5.38765
2	1920	-0.73399
2	1921	0.282641
2	1922	17.2411
2	1923	-1.29316
2	1924	1.08884
2	1925	10.891
2	1926	4.05514
2	1927	2.19043
2	1928	0.732277
2	1929	0.820001
2	1930	0.92058
2	1931	-0.978598
2	1932	-1.75843
2	1933	-0.880184
2	1934	-0.156841
2	1935	-0.505916
2	1936	0.80507
2	1937	-0.793471
2	1938	-3.19654
2	1939	-1.25086
2	1940	-1.992
2	1941	3.68407
2	1942	0.2101
2	1943	0.621238
2	1944	1.20758
2	1945	0.245613
2	1946	1.26772
2	1947	0.813189
2	1948	-0.571772
2	1949	1.50996
2	1950	0.39208
2	1951	11.8642
2	1952	-0.844912
2	1953	0.0756834
2	1954	-0.181545
2	1955	-0.555609
2	1956	0.14582
2	1957	-0.815449
2	1958	-1.31414
2	1959	-1.00184
2	1960	-0.517963
2	1961	0.617445
2	1962	-2.44939
2	1963	0.793159
2	1964	0.456133
2	1965	0.106446
2	1966	0.591573
2	1967	-0.357874
2	1968	6.27124
2	1969	-0.0975583
2	1970	99.9334
2	1971	2.61907
2	1972	-0.188304
2	1973	2.04396
2	1974	0.650451
2	1975	0.175017
2	1976	-2.09393
2	1977	0.0782232
2	1978	-1.65893
2	1979	3.20414
2	1980	1.52411
2	1981	2.09824
2	1982	-0.121778
2	1983	-1.70885
2	1984	-0.0459902
2	1985	-0.983849
2	1986	-0.869539
2	1987	-0.126461
2	1988	3.09085
2	1989	-1.55451
2	1990	0.355719
2	1991	0.115922
2	1992	1.22958
2	1993	1.27877
2	1994	0.0676476
2	1995	12.7832
2	1996	0.00189975
2	1997	4.08443
2	1998	-0.802262
2	1999	1.26406
2	2000	0.702995
2	2001	2.25877
2	2002	-1.02592
2	2003	2.37343
2	2004	0.183227
2	2005	1.12096
2	2006	-1.15135
2	2007	0.0131784
2	2008	-0.348547
2	2009	0.0448352
2	2010	-3.49282
2	2011	-9.24849
2	2012	-2.46886
2	2013	-0.0774529
2	2014	0.100121
2	2015	8.2471
2	2016	-0.698094
2	2017	2.04385
2	2018	0.418966
2	2019	-9.64358
2	2020	-0.782018
2	2021	-0.272075
2	2022	-0.431008
2	2023	0.755099
2	2024	0.591864
2	2025	0.0525769
2	2026	-0.528249
2	2027	3.59156
2	2028	5.33772
2	2029	-4.63887
2	2030	-7.4637
2	2031	-3.32244
2	2032	-1.48372
2	2033	0.146325
2	2034	0.998525
2	2035	-2.62347
2	2036	-0.483532
2	2037	8.50683
2	2038	0.620195
2	2039	12.2834
2	2040	0.422973
2	2041	-1.06603
2	2042	9.28213
2	2043	0.303079
2	2044	3.52108
2	2045	-0.395683
2	2046	0.393525
2	2047	1.1394
2	2048	1.38873
2	2049	-1.31403
2	2050	1.83172
2	2051	-0.518074
2	2052	2.29189
2	2053	1.43683
2	2054	-1.96944
2	2055	0.957207
2	2056	0.642114
2	2057	-0.545767
2	2058	0.261233
2	2059	0.626335
2	2060	-1.18489
2	2061	0.14367
2	2062	1.20432
2	2063	0.666946
2	2064	-1.91118
2	2065	-0.512601
2	2066	9.49156
2	2067	1.10128
2	2068	-0.894862
2	2069	2.90214
2	2070	0.264876
2	2071	-1.11215
2	2072	0.966086
2	2073	0.357192
2	2074	-3.12122
2	2075	-1.86676
2	2076	0.709709
2	2077	0.941069
2	2078	-0.786141
2	2079	-0.3824
2	2080	9.20884
2	2081	-0.3643
2	2082	83.3775
2	2083	0.93198
2	2084	0.200519
2	2085	3.05338
2	2086	-2.28778
2	2087	-0.503837
2	2088	5.52992
2	2089	-0.574893
2	2090	-1.361
2	2091	0.345113
2	2092	0.442008
2	2093	17.0257
2	2094	0.767876
2	2095	-2.17063
2	2096	-0.27751
2	2097	0.314326
2	2098	-10.8772
2	2099	-2.02224
2	2100	-0.0970471
2	2101	0.225942
2	2102	-2.79553
2	2103	2.39972
2	2104	-1.52912
2	2105	-0.440607
2	2106	0.407775
2	2107	-0.2259
2	2108	-3.78942
2	2109	-0.393423
2	2110	10.3853
2	2111	-0.677759
2	2112	-0.557708
2	2113	-0.0560319
2	2114	-9.45729
2	2115	1.49507
2	2116	3.06945
2	2117	-2.08351
2	2118	0.613319
2	2119	-0.843711
2	2120	1.56601
2	2121	-0.167911
2	2122	-2.04814
2	2123	6.03894
2	2124	-0.433436
2	2125	-0.0249441
2	2126	0.285635
2	2127	3.0211
2	2128	0.343494
2	2129	-2.87963
2	2130	-0.527036
2	2131	0.422852
2	2132	0.285416
2	2133	-0.428179
2	2134	0.665195
2	2135	1.04681
2	2136	1.91832
2	2137	0.605494
2	2138	-0.885361
2	2139	-0.214306
2	2140	-1.81973
2	2141	-0.478183
2	2142	-82.2662
2	2143	24.074
2	2144	-3.07048
2	2145	0.956196
2	2146	1.84377
2	2147	-1.42808
2	2148	-1.59537
2	2149	-3.30905
2	2150	-0.418335
2	2151	-6.88774
2	2152	-0.380388
2	2153	-0.156587
2	2154	1.22915
2	2155	0.454041
2	2156	-0.650194
2	2157	-1.38789
2	2158	-0.207322
2	2159	-0.176999
2	2160	-1.76595
2	2161	-0.983556
2	2162	0.730667
2	2163	-0.924819
2	2164	-0.125762
2	2165	0.642393
2	2166	-0.51322
2	2167	-0.439518
2	2168	-0.821959
2	2169	-16.0256
2	2170	0.0920029
2	2171	-0.486988
2	2172	13.0976
2	2173	-4.59099
2	2174	1.95623
2	2175	0.548959
2	2176	1.93291
2	2177	11.5418
2	2178	0.0704132
2	2179	-0.0151942
2	2180	-2.5288
2	2181	-2.44157
2	2182	0.174299
2	2183	4.33344
2	2184	-3.72071
2	2185	-1.23985
2	2186	-7.15005
2	2187	0.624903
2	2188	1.10171
2	2189	1.29184
2	2190	-0.222375
2	2191	1.22287
2	2192	-2.73379
2	2193	-0.470834
2	2194	-0.571264
2	2195	6.02215
2	2196	-2.77441
2	2197	0.998016
2	2198	0.262431
2	2199	-2.1752
2	2200	0.588506
2	2201	-0.387951
2	2202	-0.550517
2	2203	0.661382
2	2204	-0.773986
2	2205	-0.633446
2	2206	-0.853418
2	2207	0.71557
2	2208	1.81866
2	2209	0.0159936
2	2210	-0.512832
2	2211	-12.3794
2	2212	1.31057
2	2213	-0.915619
2	2214	-0.384491
2	2215	-0.464504
2	2216	-3.0085
2	2217	-2.26492
2	2218	0.225128
2	2219	-1.17331
2	2220	-0.648705
2	2221	-288.475
2	2222	-0.555743
2	2223	0.953529
2	2224	0.590068
2	2225	0.800012
2	2226	-0.320839
2	2227	-0.286359
2	2228	0.295731
2	2229	-0.246761
2	2230	-0.0826368
2	2231	17.28
2	2232	0.183791
2	2233	-2.76781
2	2234	1.52656
2	2235	-0.848968
2	2236	-4.2244
2	2237	0.585191
2	2238	-1.60776
2	2239	12.8521
2	2240	-0.416497
2	2241	3.91428
2	2242	0.472064
2	2243	1.46298
2	2244	-0.624777
2	2245	-3.94984
2	2246	0.449752
2	2247	-0.126378
2	2248	-0.128581
2	2249	-0.0539938
2	2250	0.43683
2	2251	1.99108
2	2252	1.64426
2	2253	-2.07836
2	2254	0.918847
2	2255	-0.543144
2	2256	0.662392
2	2257	47.7812
2	2258	0.119729
2	2259	0.558545
2	2260	-0.961713
2	2261	0.645715
2	2262	1.38031
2	2263	0.278705
2	2264	2.84209
2	2265	1.10753
2	2266	-0.974994
2	2267	-0.780335
2	2268	1.2499
2	2269	-0.2549
2	2270	-31.9058
2	2271	1.02632
2	2272	-2.33976
2	2273	0.0657032
2	2274	0.295726
2	2275	1.67198
2	2276	-0.964002
2	2277	-0.901771
2	2278	-0.583994
2	2279	0.0181019
2	2280	0.251263
2	2281	2.03916
2	2282	-0.0540804
2	2283	-0.926542
2	2284	-0.404966
2	2285	-0.326403
2	2286	10.6036
2	2287	-8.23726
2	2288	3.15635
2	2289	-0.133048
2	2290	2.64535
2	2291	-0.562468
2	2292	195.394
2	2293	-0.343513
2	2294	0.148578
2	2295	-0.588144
2	2296	-4.07937
2	2297	-0.338067
2	2298	0.380058
2	2299	-0.696925
2	2300	0.952318
2	2301	-0.143031
2	2302	-14.8614
2	2303	0.477116
2	2304	0.793473
2	2305	-0.358666
2	2306	1.02062
2	2307	-2.6487
2	2308	0.51779
2	2309	0.788769
2	2310	0.656712
2	2311	0.558587
2	2312	2.348
2	2313	-1.05651
2	2314	0.111567
2	2315	11.627
2	2316	16.1716
2	2317	4.6414
2	2318	1.44977
2	2319	-14.4809
2	2320	-2.31938
2	2321	1.22036
2	2322	-0.559763
2	2323	0.865009
2	2324	-0.149269
2	2325	4.77276
2	2326	1.5808
2	2327	-16.7823
2	2328	0.644721
2	2329	-7.78763
2	2330	-1.27881
2	2331	99.4839
2	2332	-8.65812
2	2333	0.0772145
2	2334	-0.2916
2	2335	-0.110894
2	2336	0.00627809
2	2337	-0.485423
2	2338	-0.189374
2	2339	0.609555
2	2340	-0.817979
2	2341	-0.227229
2	2342	0.597914
2	2343	-1.96077
2	2344	-0.031245
2	2345	1.87167
2	2346	-4.88647
2	2347	-1.19197
2	2348	2.40951
2	2349	-4.4987
2	2350	-0.243601
2	2351	1.86555
2	2352	-0.282957
2	2353	-12.0072
2	2354	1.19148
2	2355	4.21593
2	2356	-13.5127
2	2357	0.0533524
2	2358	-1.15269
2	2359	5.00457
2	2360	-4.2392
2	2361	0.39102
2	2362	-3.96792
2	2363	9.02848
2	2364	-0.194877
2	2365	-0.670246
2	2366	-0.253019
2	2367	2.97566
2	2368	-0.110928
2	2369	-8.40862
2	2370	-1.85571
2	2371	-0.128077
2	2372	5.07057
2	2373	3.40763
2	2374	4.05439
2	2375	0.516234
2	2376	-2.08131
2	2377	0.555298
2	2378	1.35293
2	2379	-0.661165
2	2380	0.349699
2	2381	-0.270119
2	2382	-1.64016
2	2383	-1.46799
2	2384	-1.16408
2	2385	-0.148753
2	2386	0.508689
2	2387	-1.62745
2	2388	22.5958
2	2389	-0.0561687
2	2390	0.157119
2	2391	0.296385
2	2392	-0.171011
2	2393	0.829853
2	2394	-1.71139
2	2395	24.3052
2	2396	-0.96122
2	2397	-1.18713
2	2398	-0.515021
2	2399	1.56206
2	2400	-0.237425
2	2401	0.050324
2	2402	0.361251
2	2403	-0.0836166
2	2404	-0.16537
2	2405	0.670161
2	2406	0.0605561
2	2407	-14.3989
2	2408	0.965762
2	2409	0.3554
2	2410	-0.243814
2	2411	0.0253019
2	2412	0.655288
2	2413	0.320173
2	2414	1.50903
2	2415	-0.135828
2	2416	-0.109826
2	2417	-0.48958
2	2418	-1.54046
2	2419	0.349535
2	2420	1.12873
2	2421	0.297563
2	2422	0.789489
2	2423	-3.22558
2	2424	-0.498435
2	2425	-2.18195
2	2426	-1.34329
2	2427	2.83367
2	2428	-0.866373
2	2429	1.57568
2	2430	-4.50609
2	2431	5.52306
2	2432	-0.286059
2	2433	0.444315
2	2434	11.8105
2	2435	2.98982
2	2436	0.077016
2	2437	5.77341
2	2438	-5.37788
2	2439	-2.35982
2	2440	-3.10555
2	2441	-27.9863
2	2442	-1.74098
2	2443	-0.967146
2	2444	-0.88182
2	2445	-4.64647
2	2446	12.0867
2	2447	0.271255
2	2448	-8.79671
2	2449	-5.72647
2	2450	2.11628
2	2451	-4.4749
2	2452	0.505603
2	2453	-1.5828
2	2454	2.39039
2	2455	-2.38169
2	2456	0.781097
2	2457	-0.556079
2	2458	1.89172
2	2459	0.877579
2	2460	-22.6011
2	2461	-0.111946
2	2462	5.91489
2	2463	-0.405336
2	2464	0.835773
2	2465	-19.9601
2	2466	2.25393
2	2467	-2.60438
2	2468	-0.430506
2	2469	7.82115
2	2470	0.250424
2	2471	1.09589
2	2472	0.0195868
2	2473	-1.59038
2	2474	-1.34737
2	2475	0.351565
2	2476	0.0132476
2	2477	-0.792596
2	2478	-0.449211
2	2479	2.73152
2	2480	-0.417556
2	2481	-1.19955
2	2482	-1.97235
2	2483	-2.75168
2	2484	-0.348753
2	2485	-2.234
2	2486	0.368912
2	2487	-0.0980286
2	2488	10.0796
2	2489	-0.0220632
2	2490	6.54475
2	2491	4.05606
2	2492	-0.334615
2	2493	0.233993
2	2494	-4.11294
2	2495	-7.81028
2	2496	0.562904
2	2497	0.0145808
2	2498	-0.680569
2	2499	-3.16178
2	2500	-0.785136
2	2501	-0.159985
2	2502	1.91852
2	2503	-0.254767
2	2504	-0.268913
2	2505	1.96865
2	2506	0.406354
2	2507	-0.836145
2	2508	-0.788407
2	2509	-2.33803
2	2510	-4.94929
2	2511	0.130993
2	2512	3.19494
2	2513	1.43774
2	2514	0.445354
2	2515	-1.59817
2	2516	3.8787
2	2517	0.888339
2	2518	3.0084
2	2519	0.114503
2	2520	-0.657004
2	2521	-1.5822
2	2522	-3.74737
2	2523	-0.151862
2	2524	-2.07514
2	2525	-2.21422
2	2526	2.33338
2	2527	0.7498
2	2528	-1.25477
2	2529	0.585436
2	2530	0.871374
2	2531	0.623776
2	2532	0.346078
2	2533	-0.0498191
2	2534	-1.29487
2	2535	2.65348
2	2536	0.857332
2	2537	0.351056
2	2538	2.39174
2	2539	-2.1073
2	2540	-0.443257
2	2541	-0.0494087
2	2542	-0.0718621
2	2543	0.418827
2	2544	-0.171647
2	2545	0.010998
2	2546	-4.54752
2	2547	0.525687
2	2548	-1.1656
2	2549	-1.97487
2	2550	-0.186419
2	2551	3.23422
2	2552	0.859889
2	2553	-0.496182
2	2554	-0.669811
2	2555	-0.470144
2	2556	-2.7895
2	2557	-0.117706
2	2558	0.76946
2	2559	-1.45945
2	2560	3.34937
2	2561	1.1598
2	2562	-1.13764
2	2563	0.0901413
2	2564	-3.20424
2	2565	0.833631
2	2566	10.8419
2	2567	0.9293
2	2568	2.11401
2	2569	2.08956
2	2570	-6.9561
2	2571	-1.87141
2	2572	-0.51716
2	2573	6.13121
2	2574	-0.0395062
2	2575	-2.23709
2	2576	-0.0756336
2	2577	1.47533
2	2578	-0.328876
2	2579	2.81866
2	2580	2.54731
2	2581	0.369543
2	2582	0.381483
2	2583	-0.194331
2	2584	0.371267
2	2585	51.1747
2	2586	0.420219
2	2587	0.253154
2	2588	-1.24738
2	2589	1.61868
2	2590	-0.516054
2	2591	0.240622
2	2592	-1.21579
2	2593	0.515281
2	2594	0.414415
2	2595	5.1116
2	2596	0.306898
2	2597	-2.84857
2	2598	-0.918389
2	2599	7.4293
2	2600	-0.187239
2	2601	0.549507
2	2602	0.665272
2	2603	-0.199354
2	2604	-0.120586
2	2605	-1.1774
2	2606	0.125806
2	2607	-0.034314
2	2608	3.5124
2	2609	-1.37545
2	2610	-0.475798
2	2611	0.235798
2	2612	0.235086
2	2613	-0.0462131
2	2614	-0.568744
2	2615	-0.898341
2	2616	-0.368956
2	2617	1.33817
2	2618	-2.76588
2	2619	1.14195
2	2620	-25.587
2	2621	0.867558
2	2622	-0.896549
2	2623	1.71953
2	2624	3.7449
2	2625	0.725527
2	2626	9.78041
2	2627	2.14075
2	2628	-0.231964
2	2629	-1.43668
2	2630	0.807961
2	2631	0.842798
2	2632	0.650328
2	2633	0.170035
2	2634	-0.179505
2	2635	1.36088
2	2636	-0.76285
2	2637	6.20616
2	2638	0.0868681
2	2639	-1.50907
2	2640	1.0741
2	2641	1.84909
2	2642	-0.099898
2	2643	2.87955
2	2644	-16.3479
2	2645	1.38531
2	2646	-2.19427
2	2647	0.552451
2	2648	-0.972383
2	2649	-0.0772548
2	2650	1.06412
2	2651	0.969956
2	2652	3.82661
2	2653	1.31388
2	2654	-0.91589
2	2655	-0.29978
2	2656	3.20683
2	2657	-6.21899
2	2658	2.05997
2	2659	6.83919
2	2660	1.47818
2	2661	9.40684
2	2662	2.4043
2	2663	-32.2636
2	2664	0.684052
2	2665	-1.34185
2	2666	0.770252
2	2667	2.02437
2	2668	-21.3727
2	2669	-14.3282
2	2670	-2.77574
2	2671	-0.115028
2	2672	1.55209
2	2673	0.358077
2	2674	-1.13558
2	2675	1.08144
2	2676	-0.491396
2	2677	-0.175856
2	2678	0.462828
2	2679	2.21621
2	2680	-0.661156
2	2681	-1.9759
2	2682	-22.7856
2	2683	1.06269
2	2684	0.190511
2	2685	-0.359452
2	2686	0.605155
2	2687	0.655496
2	2688	0.723413
2	2689	1.43738
2	2690	-1.65522
2	2691	-0.784156
2	2692	-0.733095
2	2693	-0.444846
2	2694	-2.31677
2	2695	0.411862
2	2696	-0.536607
2	2697	5.15256
2	2698	0.25939
2	2699	1.06204
2	2700	-305.339
2	2701	-0.890746
2	2702	0.0845575
2	2703	-1.31949
2	2704	372.703
2	2705	-5.41464
2	2706	-0.282008
2	2707	-1.1949
2	2708	-6.56534
2	2709	-0.328564
2	2710	-1.15225
2	2711	-1.62971
2	2712	0.236719
2	2713	1.7441
2	2714	4.41423
2	2715	-12.0642
2	2716	0.668085
2	2717	2.19718
2	2718	-5.4425
2	2719	2.11187
2	2720	3.38108
2	2721	-1.22176
2	2722	-0.0374739
2	2723	0.538058
2	2724	0.416831
2	2725	0.420377
2	2726	0.359581
2	2727	-1.1189
2	2728	1.18957
2	2729	-0.00748458
2	2730	-0.300366
2	2731	2.93006
2	2732	9.02361
2	2733	0.0987353
2	2734	-0.278455
2	2735	-1.50567
2	2736	1.05784
2	2737	0.136801
2	2738	1.11052
2	2739	-1.0463
2	2740	-0.0534635
2	2741	1.56727
2	2742	-0.045559
2	2743	-1.03569
2	2744	-0.449062
2	2745	-1.28707
2	2746	0.331347
2	2747	0.68685
2	2748	-0.888413
2	2749	0.318807
2	2750	-0.638846
2	2751	0.469415
2	2752	-0.136034
2	2753	5.83764
2	2754	-0.59949
2	2755	1.52299
2	2756	-0.844057
2	2757	-2.10015
2	2758	-1.16394
2	2759	-0.10478
2	2760	-0.11903
2	2761	-2.12521
2	2762	-1.45958
2	2763	-0.0937684
2	2764	0.476553
2	2765	-4.28007
2	2766	-3.41713
2	2767	-26.6552
2	2768	-1.91444
2	2769	2.48583
2	2770	2.10452
2	2771	0.0633364
2	2772	0.880098
2	2773	-3.03012
2	2774	-0.128562
2	2775	0.272485
2	2776	2.51996
2	2777	9.82528
2	2778	-0.272833
2	2779	-14.0453
2	2780	1.58583
2	2781	1.19211
2	2782	0.174847
2	2783	-2.60811
2	2784	-2.44135
2	2785	-0.945984
2	2786	-0.49569
2	2787	0.469607
2	2788	0.436808
2	2789	9.35732
2	2790	-1.36457
2	2791	1.23712
2	2792	0.279978
2	2793	23.7559
2	2794	53.4164
2	2795	4.48927
2	2796	0.400984
2	2797	-0.771042
2	2798	-4.86617
2	2799	0.758073
2	2800	-16.0073
2	2801	0.050109
2	2802	1.41341
2	2803	0.737581
2	2804	0.00250326
2	2805	-0.307261
2	2806	-0.915801
2	2807	1.39644
2	2808	-0.444123
2	2809	6.36389
2	2810	0.117907
2	2811	32.3346
2	2812	5.51254
2	2813	-0.939403
2	2814	-1.16492
2	2815	28.5566
2	2816	-7.60856
2	2817	0.111789
2	2818	-1.45654
2	2819	24.7618
2	2820	2.8895
2	2821	-0.325398
2	2822	0.67688
2	2823	-0.672953
2	2824	0.696384
2	2825	-4.71545
2	2826	0.0562944
2	2827	-1.08276
2	2828	-0.491774
2	2829	-0.375941
2	2830	-4.02551
2	2831	33.0896
2	2832	0.504119
2	2833	0.145866
2	2834	-0.0312629
2	2835	1.35556
2	2836	11.2036
2	2837	-0.105531
2	2838	-5.84776
2	2839	8.10119
2	2840	0.259384
2	2841	-1.97777
2	2842	3.93811
2	2843	0.214711
2	2844	0.141241
2	2845	-0.0722893
2	2846	3.68196
2	2847	-0.678109
2	2848	0.258213
2	2849	-0.0758212
2	2850	-5.08782
2	2851	-0.174715
2	2852	-1.70279
2	2853	0.432669
2	2854	-1.58764
2	2855	1.55417
2	2856	-0.663284
2	2857	31.2249
2	2858	-0.276986
2	2859	0.238497
2	2860	-0.348192
2	2861	-0.75245
2	2862	-57.2177
2	2863	0.228221
2	2864	1.83665
2	2865	-0.147683
2	2866	0.815871
2	2867	-0.366869
2	2868	1.11609
2	2869	0.311101
2	2870	-4.3569
2	2871	0.697796
2	2872	-4.25503
2	2873	-3.10061
2	2874	0.326139
2	2875	-0.769839
2	2876	2.35313
2	2877	0.237553
2	2878	-0.384997
2	2879	-38.9677
2	2880	-3.11502
2	2881	-1.63542
2	2882	-0.261078
2	2883	0.635671
2	2884	-6.12969
2	2885	1.16136
2	2886	-0.309639
2	2887	-0.232425
2	2888	0.737502
2	2889	1.22375
2	2890	-0.489738
2	2891	0.89364
2	2892	2.40589
2	2893	-1.84906
2	2894	1.24448
2	2895	-7.46916
2	2896	-1.20046
2	2897	-1.28846
2	2898	-9.7476
2	2899	0.485728
2	2900	0.241293
2	2901	0.439011
2	2902	2.43059
2	2903	6.96599
2	2904	-3.73395
2	2905	0.19847
2	2906	0.945938
2	2907	-0.496927
2	2908	-1.44291
2	2909	-3.9599
2	2910	-0.150763
2	2911	-0.675609
2	2912	-6.19036
2	2913	0.296277
2	2914	-2.7578
2	2915	5.64995
2	2916	-0.0213587
2	2917	-9.79956
2	2918	-10.7905
2	2919	1.04947
2	2920	0.969893
2	2921	0.261808
2	2922	3.18934
2	2923	0.350017
2	2924	0.0377998
2	2925	-0.828409
2	2926	0.796618
2	2927	0.0145077
2	2928	0.0612049
2	2929	1.26477
2	2930	0.730915
2	2931	-1.14919
2	2932	1.55727
2	2933	-0.221484
2	2934	0.16036
2	2935	-0.231708
2	2936	-1.59775
2	2937	-0.0702188
2	2938	1.1016
2	2939	0.0626296
2	2940	2.16869
2	2941	-3.55425
2	2942	0.796014
2	2943	0.7802
2	2944	-6.91175
2	2945	-0.826847
2	2946	-1.16908
2	2947	0.0229118
2	2948	3.42628
2	2949	-2.22
2	2950	1.0814
2	2951	1.5644
2	2952	-3.26457
2	2953	-0.490688
2	2954	0.23801
2	2955	-0.413756
2	2956	-1.33864
2	2957	9.45976
2	2958	-2.1559
2	2959	1.82882
2	2960	1.01339
2	2961	-0.31126
2	2962	29.3718
2	2963	0.434725
2	2964	-0.28974
2	2965	0.702242
2	2966	-37.4452
2	2967	0.272686
2	2968	0.193057
2	2969	-8.85141
2	2970	-1.23187
2	2971	6.79505
2	2972	0.485761
2	2973	1.08478
2	2974	0.693967
2	2975	-42.4109
2	2976	0.850634
2	2977	4.77397
2	2978	-0.753819
2	2979	-0.648887
2	2980	2.02876
2	2981	-1.72371
2	2982	-0.0101242
2	2983	-0.282181
2	2984	-0.357083
2	2985	-5.47039
2	2986	-0.650535
2	2987	-0.0107217
2	2988	3.34367
2	2989	1.07381
2	2990	0.702048
2	2991	2.18554
2	2992	0.381489
2	2993	-3.83827
2	2994	0.103716
2	2995	0.661415
2	2996	-1.19482
2	2997	-2.13817
2	2998	2.05667
2	2999	1.30874
2	3000	0.206703
2	3001	0.212565
2	3002	-1.1387
2	3003	0.249555
2	3004	0.372164
2	3005	0.58907
2	3006	1.40623
2	3007	0.895197
2	3008	-12.3096
2	3009	-2.78333
2	3010	2.41264
2	3011	0.387925
2	3012	-1.47695
2	3013	1.5345
2	3014	-3.67992
2	3015	-0.372373
2	3016	2.28809
2	3017	11.3811
2	3018	3.27709
2	3019	-1.35696
2	3020	0.413592
2	3021	-0.349846
2	3022	2.52992
2	3023	0.364873
2	3024	-0.215586
2	3025	0.668255
2	3026	-1.06526
2	3027	8.86335
2	3028	1.10268
2	3029	1.09282
2	3030	-0.357025
2	3031	0.444494
2	3032	-0.499747
2	3033	-1.70924
2	3034	-12.3887
2	3035	2.31335
2	3036	1.08526
2	3037	-8.34661
2	3038	0.41136
2	3039	0.458783
2	3040	1012.81
2	3041	-0.388384
2	3042	-0.406658
2	3043	2.59941
2	3044	-0.405229
2	3045	-1.67942
2	3046	0.111307
2	3047	-0.0536737
2	3048	2.82731
2	3049	0.626077
2	3050	4.66315
2	3051	1.71932
2	3052	0.31579
2	3053	0.191123
2	3054	0.709974
2	3055	-1.31434
2	3056	1.34244
2	3057	5.56902
2	3058	-0.853572
2	3059	-0.752551
2	3060	-51.6255
2	3061	-2.44866
2	3062	0.141771
2	3063	0.0701433
2	3064	2.50706
2	3065	-0.38586
2	3066	-0.481516
2	3067	-6.4326
2	3068	0.416315
2	3069	0.527921
2	3070	-8.36592
2	3071	0.891491
2	3072	-2.88556
2	3073	1.42826
2	3074	-1.89772
2	3075	205.113
2	3076	-0.268304
2	3077	-0.84476
2	3078	-2.21692
2	3079	-0.533267
2	3080	1.92086
2	3081	-2.28618
2	3082	-0.377161
2	3083	-0.540209
2	3084	-0.139854
2	3085	1.07641
2	3086	-0.151437
2	3087	0.033128
2	3088	0.133577
2	3089	0.24557
2	3090	0.647511
2	3091	0.310657
2	3092	-0.577806
2	3093	7.39623
2	3094	-2.54352
2	3095	0.504233
2	3096	-0.559915
2	3097	-0.474332
2	3098	-0.321179
2	3099	0.998476
2	3100	-1.69538
2	3101	0.385195
2	3102	-1.27846
2	3103	0.974424
2	3104	3.34229
2	3105	1.27887
2	3106	-27.6018
2	3107	-1.04936
2	3108	-0.396139
2	3109	-3.81945
2	3110	0.647272
2	3111	-0.815825
2	3112	-1.34619
2	3113	0.633025
2	3114	1.41765
2	3115	-0.52057
2	3116	1.25803
2	3117	0.430918
2	3118	0.860344
2	3119	0.588532
2	3120	-2.08685
2	3121	-1.36917
2	3122	1.12421
2	3123	0.680388
2	3124	0.942441
2	3125	0.538268
2	3126	1.72959
2	3127	1.74185
2	3128	-10.9313
2	3129	-37.0346
2	3130	3.48584
2	3131	-2.25143
2	3132	0.440141
2	3133	0.396331
2	3134	-3.34181
2	3135	2.10888
2	3136	-0.329277
2	3137	-0.735292
2	3138	0.152953
2	3139	0.439697
2	3140	-0.141946
2	3141	-1.79698
2	3142	-1.9363
2	3143	0.38309
2	3144	-2.69247
2	3145	-0.314572
2	3146	0.160547
2	3147	0.69099
2	3148	2.19299
2	3149	1.32063
2	3150	0.42084
2	3151	-0.263526
2	3152	1.40263
2	3153	4.46401
2	3154	-0.882153
2	3155	-0.274819
2	3156	-2.82961
2	3157	0.136345
2	3158	-8.37221
2	3159	62.6091
2	3160	-27.4173
2	3161	-0.866107
2	3162	0.465962
2	3163	-2.56655
2	3164	-0.211015
2	3165	3.07393
2	3166	0.648942
2	3167	2.74418
2	3168	11.1484
2	3169	1.12103
2	3170	1.31752
2	3171	-0.914182
2	3172	3.6575
2	3173	0.528305
2	3174	-0.0259951
2	3175	-0.0526124
2	3176	-0.664424
2	3177	-0.00105039
2	3178	1.14093
2	3179	-15.9
2	3180	0.913418
2	3181	-3.74214
2	3182	1.58212
2	3183	4.41482
2	3184	-0.255286
2	3185	0.425754
2	3186	-6.2429
2	3187	-0.150453
2	3188	3.13912
2	3189	-0.471056
2	3190	-1.11184
2	3191	0.022504
2	3192	1.14996
2	3193	1.27971
2	3194	0.508543
2	3195	-2.34489
2	3196	-1.32413
2	3197	-1.6118
2	3198	0.0119523
2	3199	-1.09428
2	3200	-1.01112
2	3201	-3.38778
2	3202	-0.480567
2	3203	-0.535609
2	3204	1.04018
2	3205	0.688947
2	3206	4.10669
2	3207	0.0264901
2	3208	2.26876
2	3209	0.977352
2	3210	-1.32555
2	3211	-0.917711
2	3212	1.64263
2	3213	-0.440274
2	3214	-0.0288768
2	3215	0.609247
2	3216	-0.0394965
2	3217	2.26299
2	3218	2.10366
2	3219	0.528772
2	3220	-0.555463
2	3221	0.199628
2	3222	1.58536
2	3223	0.732739
2	3224	-2.77775
2	3225	0.325582
2	3226	0.80329
2	3227	1.75816
2	3228	-0.803318
2	3229	0.514851
2	3230	1.68713
2	3231	-4.48114
2	3232	-0.70603
2	3233	44.9528
2	3234	4.66018
2	3235	2.33254
2	3236	1.31177
2	3237	0.19168
2	3238	-0.541279
2	3239	-1.41657
2	3240	7.67581
2	3241	-0.467771
2	3242	1.38913
2	3243	0.929228
2	3244	1.81182
2	3245	1.47005
2	3246	1.42355
2	3247	0.51832
2	3248	-0.0250549
2	3249	-1.1117
2	3250	-0.502533
2	3251	-0.461398
2	3252	1.02376
2	3253	-40.7386
2	3254	-20.2555
2	3255	12.7736
2	3256	0.213098
2	3257	69.136
2	3258	0.683747
2	3259	-1.02178
2	3260	-2.25053
2	3261	0.195954
2	3262	0.193862
2	3263	0.866851
2	3264	3.10815
2	3265	-0.117274
2	3266	0.071445
2	3267	-0.247645
2	3268	-2.49076
2	3269	0.648067
2	3270	0.853641
2	3271	-1.96788
2	3272	0.917169
2	3273	0.384704
2	3274	-9.52082
2	3275	-0.110876
2	3276	0.675943
2	3277	4.72685
2	3278	2.56611
2	3279	-0.0868029
2	3280	-0.164356
2	3281	-0.00159646
2	3282	0.610683
2	3283	0.088184
2	3284	0.959582
2	3285	-3.01088
2	3286	-0.225885
2	3287	3.59719
2	3288	-1.78535
2	3289	4.73798
2	3290	-0.702335
2	3291	-0.7584
2	3292	4.20897
2	3293	-5.21762
2	3294	1.68855
2	3295	-0.907132
2	3296	0.171483
2	3297	0.017034
2	3298	7.92476
2	3299	-0.240395
2	3300	0.501119
2	3301	0.274985
2	3302	-4.56577
2	3303	-2.42909
2	3304	-2.33934
2	3305	0.829409
2	3306	7.87971
2	3307	-0.023401
2	3308	-6.11695
2	3309	0.736761
2	3310	0.0680387
2	3311	-0.27144
2	3312	-1.70219
2	3313	0.589039
2	3314	4.03977
2	3315	1.19058
2	3316	9.78984
2	3317	0.694418
2	3318	0.180389
2	3319	0.0739924
2	3320	6.01881
2	3321	-0.48459
2	3322	-0.614829
2	3323	0.554298
2	3324	0.517275
2	3325	14.5649
2	3326	206.128
2	3327	-3.81601
2	3328	-0.582758
2	3329	-0.443429
2	3330	-1.20733
2	3331	-1.33875
2	3332	1.39698
2	3333	-1.66176
2	3334	0.17286
2	3335	0.639056
2	3336	-0.479586
2	3337	0.162545
2	3338	-2.61829
2	3339	0.207056
2	3340	0.858199
2	3341	0.319798
2	3342	-1.41081
2	3343	-0.582956
2	3344	-1.27674
2	3345	0.271426
2	3346	-3.55268
2	3347	-0.0227742
2	3348	0.36215
2	3349	1.0489
2	3350	1.1272
2	3351	-0.762436
2	3352	0.418403
2	3353	1.21298
2	3354	46.4469
2	3355	-1.40636
2	3356	8.8442
2	3357	0.161468
2	3358	-2.2867
2	3359	0.228455
2	3360	0.342593
2	3361	0.112574
2	3362	6.91642
2	3363	0.970974
2	3364	0.753213
2	3365	0.656142
2	3366	-0.150901
2	3367	-0.753051
2	3368	-1.22079
2	3369	-0.800152
2	3370	-0.112035
2	3371	-0.788007
2	3372	1.21512
2	3373	-1.96501
2	3374	-0.643602
2	3375	1.50859
2	3376	0.0345736
2	3377	0.447523
2	3378	16.5148
2	3379	0.429015
2	3380	-3.46882
2	3381	-1.95949
2	3382	-0.790964
2	3383	-4.88636
2	3384	-0.102021
2	3385	16.161
2	3386	0.460179
2	3387	0.855583
2	3388	5.18867
2	3389	-2.03908
2	3390	-5.18253
2	3391	-10.1713
2	3392	-0.0497149
2	3393	0.112466
2	3394	-0.240404
2	3395	18.8784
2	3396	0.230036
2	3397	2.87172
2	3398	0.594473
2	3399	-2.37406
2	3400	-1.43856
2	3401	-0.620204
2	3402	-0.292116
2	3403	-0.00253486
2	3404	-0.612773
2	3405	0.551557
2	3406	3.10828
2	3407	-0.204705
2	3408	-2.23227
2	3409	0.250264
2	3410	0.308204
2	3411	0.117941
2	3412	1.33223
2	3413	0.78934
2	3414	102.323
2	3415	5.89496
2	3416	1.317
2	3417	2.63286
2	3418	-0.288418
2	3419	-0.628666
2	3420	0.502329
2	3421	-1.17611
2	3422	-0.418112
2	3423	0.0306517
2	3424	-0.665597
2	3425	0.927553
2	3426	0.637927
2	3427	0.553763
2	3428	2.74068
2	3429	0.134225
2	3430	-0.370718
2	3431	1.37814
2	3432	0.655794
2	3433	-7.59367
2	3434	-10.1168
2	3435	0.542623
2	3436	1.66399
2	3437	-0.760697
2	3438	0.35578
2	3439	3.93495
2	3440	-0.0199856
2	3441	0.425929
2	3442	-0.203616
2	3443	-0.587021
2	3444	18.6718
2	3445	-1.25061
2	3446	0.436377
2	3447	-2.01356
2	3448	0.454891
2	3449	-0.578268
2	3450	-2.88676
2	3451	-0.869824
2	3452	-2.66355
2	3453	-1.30406
2	3454	1.98137
2	3455	-1.44317
2	3456	27.2615
2	3457	-5.67866
2	3458	0.367566
2	3459	0.177517
2	3460	1.96076
2	3461	-0.820551
2	3462	0.750743
2	3463	-9.42455
2	3464	-0.853429
2	3465	0.417151
2	3466	-0.805817
2	3467	2.11279
2	3468	7.50728
2	3469	0.380272
2	3470	11.1943
2	3471	1.6208
2	3472	0.397535
2	3473	-0.0466958
2	3474	-0.406093
2	3475	0.516843
2	3476	-0.175564
2	3477	-0.432519
2	3478	0.184745
2	3479	0.121724
2	3480	-0.517796
2	3481	-1.35459
2	3482	0.0425367
2	3483	0.306155
2	3484	-10.0496
2	3485	-3.97276
2	3486	-11.4803
2	3487	1.50511
2	3488	-2.391
2	3489	-1.20162
2	3490	-0.569546
2	3491	-2.43932
2	3492	0.297628
2	3493	-0.32684
2	3494	-0.123099
2	3495	0.360453
2	3496	-1.41329
2	3497	0.171434
2	3498	0.976212
2	3499	-4.12237
2	3500	3.06116
2	3501	10.9444
2	3502	-0.0831301
2	3503	0.279058
2	3504	-7.2317
2	3505	-3.13689
2	3506	2.01804
2	3507	-0.606811
2	3508	1.24478
2	3509	1.02156
2	3510	0.360772
2	3511	1.63376
2	3512	0.653348
2	3513	-0.221717
2	3514	-2.05474
2	3515	-2.8084
2	3516	-0.726326
2	3517	1.32753
2	3518	-0.946538
2	3519	0.268097
2	3520	-0.196569
2	3521	-4.53851
2	3522	0.411433
2	3523	1.80651
2	3524	-0.72623
2	3525	-0.128241
2	3526	0.527498
2	3527	0.267912
2	3528	-3.67635
2	3529	-0.219909
2	3530	0.953975
2	3531	-1.89231
2	3532	2.56473
2	3533	4.76617
2	3534	-2.05295
2	3535	-0.0628266
2	3536	-0.569587
2	3537	0.464565
2	3538	2.44304
2	3539	-0.594595
2	3540	77.2772
2	3541	-0.258212
2	3542	0.508489
2	3543	11.3885
2	3544	-10.6359
2	3545	0.864425
2	3546	-0.0288377
2	3547	111.816
2	3548	-4.17286
2	3549	4.93009
2	3550	0.411672
2	3551	0.201458
2	3552	-0.570423
2	3553	-4.19549
2	3554	-1.1439
2	3555	1.20962
2	3556	6.64705
2	3557	-0.0134984
2	3558	1.15077
2	3559	-0.585943
2	3560	-0.772702
2	3561	-0.411897
2	3562	0.738881
2	3563	-0.458521
2	3564	0.997272
2	3565	-1.01992
2	3566	-0.650845
2	3567	-1.64126
2	3568	-2.2729
2	3569	0.206566
2	3570	0.699195
2	3571	5.92885
2	3572	-2.27075
2	3573	-0.223562
2	3574	0.751446
2	3575	-0.141657
2	3576	-0.23296
2	3577	-7.35918
2	3578	0.419841
2	3579	1.65229
2	3580	-0.50528
2	3581	1.73575
2	3582	1.96124
2	3583	-0.192478
2	3584	-0.0419003
2	3585	5.70451
2	3586	2.22417
2	3587	-2.51054
2	3588	-0.167646
2	3589	0.759026
2	3590	0.984643
2	3591	24.0672
2	3592	1.96613
2	3593	2.27291
2	3594	5.51281
2	3595	4.82537
2	3596	1.95137
2	3597	-0.133914
2	3598	5.05679
2	3599	-7.09567
2	3600	0.107751
2	3601	-0.0445457
2	3602	0.523641
2	3603	4.35984
2	3604	19.2053
2	3605	0.227662
2	3606	-0.617198
2	3607	0.700445
2	3608	-7.69374
2	3609	1.65424
2	3610	-3.87812
2	3611	-11.9488
2	3612	0.221833
2	3613	0.0785405
2	3614	-2.05819
2	3615	-0.0800094
2	3616	-1.44116
2	3617	0.63695
2	3618	-0.311777
2	3619	-7.28795
2	3620	0.167797
2	3621	-0.862416
2	3622	1.43231
2	3623	-2.27696
2	3624	-0.914833
2	3625	-7.14144
2	3626	-0.433143
2	3627	1.58774
2	3628	0.373284
2	3629	-0.186288
2	3630	0.205725
2	3631	0.817123
2	3632	-1.56308
2	3633	-3.62546
2	3634	-0.690042
2	3635	0.0622128
2	3636	-1.34628
2	3637	-5.49452
2	3638	-0.267418
2	3639	1.23859
2	3640	-22.4246
2	3641	-0.419655
2	3642	-2.86976
2	3643	-2.1941
2	3644	-0.655344
2	3645	-1.46505
2	3646	1.4477
2	3647	3.3995
2	3648	-2.18126
2	3649	-1.06033
2	3650	-1.90459
2	3651	0.079542
2	3652	-1.45159
2	3653	-0.240172
2	3654	3.27034
2	3655	-0.219564
2	3656	0.290079
2	3657	-0.391147
2	3658	0.661852
2	3659	-0.22297
2	3660	0.6604
2	3661	-0.00357353
2	3662	-1.91944
2	3663	-3.30231
2	3664	0.00944667
2	3665	0.454119
2	3666	3.11905
2	3667	1.53376
2	3668	-0.79241
2	3669	1.6476
2	3670	-0.612574
2	3671	-0.851638
2	3672	-0.890777
2	3673	-0.759169
2	3674	0.0444581
2	3675	-0.616793
2	3676	1.52817
2	3677	-15.008
2	3678	-3.51977
2	3679	0.165629
2	3680	0.222018
2	3681	0.8446
2	3682	1.14854
2	3683	-1.73429
2	3684	-1.53363
2	3685	-4.52821
2	3686	2.9905
2	3687	-0.451319
2	3688	-2.92044
2	3689	-2.2908
2	3690	-2.93745
2	3691	-28.691
2	3692	0.963606
2	3693	-0.651246
2	3694	-21.1596
2	3695	-3.43178
2	3696	1.63251
2	3697	-1.15306
2	3698	1.87495
2	3699	-2.72691
2	3700	0.0833746
2	3701	-0.984422
2	3702	0.967476
2	3703	0.681966
2	3704	-0.950485
2	3705	-3.01193
2	3706	10.135
2	3707	1.27721
2	3708	3.34069
2	3709	2.24566
2	3710	0.848872
2	3711	0.233669
2	3712	-0.616516
2	3713	-1.46567
2	3714	-0.339482
2	3715	-8.07887
2	3716	0.413531
2	3717	7.66013
2	3718	1916.61
2	3719	0.867322
2	3720	0.653324
2	3721	7.72616
2	3722	-1.70363
2	3723	1.62784
2	3724	-3.62626
2	3725	3.02357
2	3726	-0.564952
2	3727	-0.260507
2	3728	-2.33285
2	3729	3.27984
2	3730	-0.578703
2	3731	1.90435
2	3732	-11.7261
2	3733	0.51077
2	3734	65.2539
2	3735	-0.39678
2	3736	-1.33479
2	3737	2.53982
2	3738	-0.149773
2	3739	2.50758
2	3740	-1.84373
2	3741	3.67931
2	3742	-0.177849
2	3743	-0.326055
2	3744	-1.15682
2	3745	0.564142
2	3746	-0.417098
2	3747	0.287075
2	3748	0.301047
2	3749	-2.95656
2	3750	2.06484
2	3751	-0.729316
2	3752	-0.807764
2	3753	65.3887
2	3754	-0.337543
2	3755	1.53852
2	3756	1.08243
2	3757	-2.85811
2	3758	0.723443
2	3759	3.44103
2	3760	2.28102
2	3761	1.23148
2	3762	-0.780809
2	3763	0.483285
2	3764	-1.01818
2	3765	0.236277
2	3766	1.42899
2	3767	0.0395417
2	3768	-0.239233
2	3769	-0.129947
2	3770	7.09009
2	3771	-0.302447
2	3772	3.68926
2	3773	-1.66016
2	3774	0.593269
2	3775	-0.183734
2	3776	-0.951757
2	3777	-7.47787
2	3778	-0.500969
2	3779	-2.01221
2	3780	2.85549
2	3781	-0.481945
2	3782	0.776288
2	3783	5.22524
2	3784	0.044325
2	3785	4.81309
2	3786	-1.43602
2	3787	-0.792272
2	3788	-1.54945
2	3789	-0.724542
2	3790	-0.73688
2	3791	12.8777
2	3792	-0.944402
2	3793	-2.06882
2	3794	-6.07134
2	3795	-0.722277
2	3796	1.00337
2	3797	1.75213
2	3798	-0.34314
2	3799	0.305738
2	3800	-1.086
2	3801	-1.74586
2	3802	-0.288533
2	3803	-1.0109
2	3804	-0.0154475
2	3805	-0.510551
2	3806	13.9851
2	3807	0.0479551
2	3808	-0.605735
2	3809	0.986139
2	3810	-0.372135
2	3811	-0.324215
2	3812	-2.40271
2	3813	0.498932
2	3814	2.75043
2	3815	-0.374924
2	3816	0.482597
2	3817	15.3951
2	3818	-1.6524
2	3819	1.91276
2	3820	-98.9433
2	3821	0.438036
2	3822	-88.5338
2	3823	-0.411391
2	3824	-1.46598
2	3825	-18.261
2	3826	-0.866419
2	3827	-0.0619649
2	3828	0.690199
2	3829	-0.498438
2	3830	0.895156
2	3831	-0.10612
2	3832	1.90219
2	3833	-0.61798
2	3834	0.900908
2	3835	-0.220152
2	3836	1.63146
2	3837	-0.473399
2	3838	-1.72693
2	3839	-0.0300403
2	3840	4.24223
2	3841	0.445835
2	3842	7.64539
2	3843	-7.60109
2	3844	0.486936
2	3845	-1.33384
2	3846	1.17458
2	3847	-7.47528
2	3848	0.443955
2	3849	-1.85873
2	3850	1.92626
2	3851	2.24661
2	3852	0.31747
2	3853	-1.18137
2	3854	-0.774753
2	3855	-0.727865
2	3856	2.12048
2	3857	0.329001
2	3858	0.716867
2	3859	2.59884
2	3860	-3.14057
2	3861	0.562304
2	3862	-2.39086
2	3863	1.05355
2	3864	4.84698
2	3865	0.384959
2	3866	-1.41922
2	3867	0.541508
2	3868	-4.48503
2	3869	-0.0759351
2	3870	-0.416417
2	3871	0.122137
2	3872	3.48964
2	3873	-0.184471
2	3874	0.78379
2	3875	-1.1347
2	3876	2.11376
2	3877	0.0905663
2	3878	-41.8336
2	3879	-2.70682
2	3880	-9.36693
2	3881	0.818752
2	3882	2.37891
2	3883	0.356165
2	3884	6.6476
2	3885	2.09898
2	3886	5.7628
2	3887	4.67225
2	3888	-0.181314
2	3889	0.450076
2	3890	0.797114
2	3891	0.0795919
2	3892	0.249096
2	3893	-0.652243
2	3894	0.330684
2	3895	-0.406321
2	3896	0.0550783
2	3897	-0.0404252
2	3898	0.802878
2	3899	-2.77993
2	3900	-0.165456
2	3901	1.5404
2	3902	0.814653
2	3903	0.953832
2	3904	-5.4696
2	3905	0.436445
2	3906	-1.0735
2	3907	-1.00727
2	3908	-1.0921
2	3909	-0.868914
2	3910	0.275932
2	3911	5.86748
2	3912	2.60475
2	3913	-3.80838
2	3914	-0.959901
2	3915	-0.102737
2	3916	2.25221
2	3917	5.91178
2	3918	-0.452154
2	3919	-0.678664
2	3920	-0.762081
2	3921	9.54427
2	3922	-1.5243
2	3923	3.56603
2	3924	3.49584
2	3925	0.28396
2	3926	1.30704
2	3927	0.705843
2	3928	0.231209
2	3929	-1.24622
2	3930	20.8393
2	3931	-0.840066
2	3932	3.14334
2	3933	-2.24333
2	3934	0.218773
2	3935	-1.9197
2	3936	-7.36207
2	3937	-0.482997
2	3938	0.763262
2	3939	5.08714
2	3940	-1.31369
2	3941	0.653667
2	3942	1.09083
2	3943	0.478227
2	3944	9.41924
2	3945	0.27732
2	3946	-1.2433
2	3947	-0.485035
2	3948	0.60636
2	3949	-0.478288
2	3950	0.326255
2	3951	3.54838
2	3952	-0.803979
2	3953	-4.14762
2	3954	-1.17488
2	3955	2.41876
2	3956	19.2485
2	3957	7.97699
2	3958	2.52755
2	3959	0.137665
2	3960	-1.98281
2	3961	5.9834
2	3962	-1.53453
2	3963	0.332471
2	3964	10.4656
2	3965	5.41423
2	3966	-1.17223
2	3967	4.34033
2	3968	-1.06783
2	3969	-0.174259
2	3970	-0.0919312
2	3971	0.292562
2	3972	-0.535484
2	3973	-0.452019
2	3974	2.86421
2	3975	-0.547678
2	3976	2.46572
2	3977	-0.461454
2	3978	-0.861018
2	3979	-0.870288
2	3980	-0.788017
2	3981	0.715355
2	3982	0.222581
2	3983	-0.447815
2	3984	0.148068
2	3985	756.03
2	3986	0.706196
2	3987	-0.24012
2	3988	0.113598
2	3989	1.52516
2	3990	1.89427
2	3991	2.1414
2	3992	-0.577713
2	3993	1.77707
2	3994	1.29557
2	3995	0.243366
2	3996	-3.34603
2	3997	-1.7572
2	3998	1.78769
2	3999	0.95839
2	4000	1.55778
2	4001	4.77032
2	4002	3.59089
2	4003	-1.81913
2	4004	-0.516226
2	4005	-21.4151
2	4006	-1.92192
2	4007	1.00699
2	4008	-10.2803
2	4009	0.786917
2	4010	53.0796
2	4011	-3.75492
2	4012	1.0428
2	4013	0.138193
2	4014	0.871355
2	4015	0.967899
2	4016	-0.329075
2	4017	10.2119
2	4018	-20.4804
2	4019	0.128863
2	4020	-0.318162
2	4021	-0.06135
2	4022	-0.576978
2	4023	3.7304
2	4024	-0.189054
2	4025	0.0388339
2	4026	-0.97015
2	4027	-0.529449
2	4028	0.558879
2	4029	-0.422672
2	4030	0.0313567
2	4031	16.1845
2	4032	0.265759
2	4033	-0.6479
2	4034	2.13596
2	4035	2.00902
2	4036	-4.87446
2	4037	1.17507
2	4038	0.564745
2	4039	0.166655
2	4040	7.77452
2	4041	-1.65116
2	4042	2.80004
2	4043	-2.80894
2	4044	-2.01231
2	4045	0.278816
2	4046	0.289837
2	4047	3.45723
2	4048	2.22137
2	4049	-4.50321
2	4050	1.10767
2	4051	-16.0472
2	4052	3.71592
2	4053	-0.744281
2	4054	8.00796
2	4055	-0.964058
2	4056	0.348969
2	4057	-0.338662
2	4058	-0.0111674
2	4059	0.474407
2	4060	1.51017
2	4061	4.17607
2	4062	-0.734373
2	4063	3.12027
2	4064	-0.819677
2	4065	-0.513975
2	4066	0.176127
2	4067	1.11864
2	4068	7.92114
2	4069	1.66163
2	4070	-0.0379308
2	4071	-0.935749
2	4072	0.459139
2	4073	-0.701504
2	4074	1.35083
2	4075	9.20281
2	4076	0.723722
2	4077	-2.06629
2	4078	-0.440143
2	4079	-2.50579
2	4080	-0.114821
2	4081	-4.06431
2	4082	-0.814287
2	4083	2.36933
2	4084	0.733037
2	4085	-1.59075
2	4086	-0.350621
2	4087	-2.95271
2	4088	0.60127
2	4089	8.22752
2	4090	1.61196
2	4091	-0.24819
2	4092	-2.20965
2	4093	3.28839
2	4094	-2.0689
2	4095	0.211168
2	4096	-0.271008
2	4097	0.473152
2	4098	3.02071
2	4099	2.38489
2	4100	-2.38964
2	4101	1.7486
2	4102	-1.49528
2	4103	-29.5046
2	4104	0.870601
2	4105	2.18317
2	4106	-0.580486
2	4107	-1.18422
2	4108	-1.48671
2	4109	0.738289
2	4110	0.277513
2	4111	2.72548
2	4112	-108.227
2	4113	-3.06467
2	4114	-0.283515
2	4115	1.5808
2	4116	-2.83451
2	4117	-14.0624
2	4118	-4.53903
2	4119	4.81087
2	4120	10.7582
2	4121	0.289701
2	4122	5.38461
2	4123	-1.9744
2	4124	1.17541
2	4125	0.877024
2	4126	0.255361
2	4127	0.136551
2	4128	-0.402338
2	4129	3.43385
2	4130	0.275175
2	4131	-2.83387
2	4132	-0.398774
2	4133	0.122211
2	4134	2.14579
2	4135	-0.679169
2	4136	-3.42505
2	4137	-1.46828
2	4138	13.2496
2	4139	0.867477
2	4140	1.05508
2	4141	0.155356
2	4142	1.2834
2	4143	0.133278
2	4144	-0.0475879
2	4145	0.103199
2	4146	2.53455
2	4147	2.14776
2	4148	-0.418803
2	4149	4.87898
2	4150	0.472408
2	4151	0.186936
2	4152	0.428343
2	4153	-2.7237
2	4154	0.106817
2	4155	-0.497696
2	4156	-0.28088
2	4157	-1.33085
2	4158	-1.64753
2	4159	-2.44028
2	4160	2.28933
2	4161	1.60853
2	4162	-0.31512
2	4163	4.26058
2	4164	-1.11642
2	4165	-1.57997
2	4166	0.412331
2	4167	4.57342
2	4168	0.567946
2	4169	4.1924
2	4170	-11.1855
2	4171	1.18848
2	4172	-3.30096
2	4173	0.206443
2	4174	-0.413401
2	4175	0.663102
2	4176	0.944872
2	4177	-2.30034
2	4178	-0.932319
2	4179	6.04441
2	4180	-0.247812
2	4181	-1.4147
2	4182	-1.17886
2	4183	0.694497
2	4184	0.546397
2	4185	-1.22577
2	4186	-1.16122
2	4187	0.234219
2	4188	0.590621
2	4189	0.106042
2	4190	0.539095
2	4191	-0.103578
2	4192	4.40994
2	4193	-43.9949
2	4194	-3.68483
2	4195	-0.109444
2	4196	-0.104391
2	4197	0.155754
2	4198	5.65176
2	4199	1.5408
2	4200	-0.266135
2	4201	-0.0747089
2	4202	0.965178
2	4203	0.283322
2	4204	-0.580083
2	4205	-0.714406
2	4206	0.226356
2	4207	0.217715
2	4208	4.32433
2	4209	2.40154
2	4210	6.09874
2	4211	2.41192
2	4212	-1.36722
2	4213	-0.834769
2	4214	0.1025
2	4215	-0.802431
2	4216	17.5666
2	4217	-0.834121
2	4218	-3.04784
2	4219	4.00559
2	4220	31.4159
2	4221	0.45344
2	4222	-0.811772
2	4223	-0.79824
2	4224	-4.19815
2	4225	0.58773
2	4226	1.11425
2	4227	1.11304
2	4228	5.42314
2	4229	-0.23162
2	4230	3.07494
2	4231	-4.05076
2	4232	3.44868
2	4233	-2.06324
2	4234	-1.54051
2	4235	-0.928257
2	4236	-0.271798
2	4237	13.0569
2	4238	5.32803
2	4239	1.03492
2	4240	0.729744
2	4241	6.5027
2	4242	-0.583828
2	4243	-0.879617
2	4244	-0.130819
2	4245	-0.529114
2	4246	0.778374
2	4247	1.41464
2	4248	1.00266
2	4249	-0.983411
2	4250	0.0653402
2	4251	-20.5962
2	4252	-1.91307
2	4253	1.16629
2	4254	-1.50264
2	4255	0.236837
2	4256	0.635982
2	4257	-13.025
2	4258	0.168626
2	4259	2.51907
2	4260	-6.00971
2	4261	-5.26186
2	4262	-1.12834
2	4263	2.00693
2	4264	0.0176517
2	4265	-0.932403
2	4266	1.25908
2	4267	0.455622
2	4268	1.0161
2	4269	3.48454
2	4270	-1.23526
2	4271	0.419641
2	4272	-23.338
2	4273	0.130912
2	4274	-3.60226
2	4275	0.387397
2	4276	-0.974976
2	4277	0.871689
2	4278	1.84511
2	4279	4.04071
2	4280	5.62736
2	4281	-0.0448958
2	4282	-1.045
2	4283	-0.797186
2	4284	-0.549198
2	4285	-18.5856
2	4286	0.951694
2	4287	-1.49826
2	4288	0.0356221
2	4289	0.921051
2	4290	-0.425659
2	4291	-1.49543
2	4292	-1.21903
2	4293	-0.345884
2	4294	0.27931
2	4295	-2.19907
2	4296	-0.542609
2	4297	9.02939
2	4298	-1.04839
2	4299	3.53179
2	4300	-2.86879
2	4301	0.297912
2	4302	-2.59667
2	4303	-5.39757
2	4304	-2.86063
2	4305	25.0093
2	4306	-1.49212
2	4307	0.36898
2	4308	1.7432
2	4309	0.26378
2	4310	-0.655595
2	4311	0.00653767
2	4312	0.609951
2	4313	-2.38425
2	4314	4.74825
2	4315	-2.1369
2	4316	0.8132
2	4317	-0.350883
2	4318	-1.14167
2	4319	12.578
2	4320	8.02116
2	4321	2.26377
2	4322	-6.27746
2	4323	2.58807
2	4324	2.2856
2	4325	0.254535
2	4326	-4.19576
2	4327	-0.735639
2	4328	3.92739
2	4329	-7.10826
2	4330	-1.29019
2	4331	-0.535434
2	4332	-40.4215
2	4333	1.60256
2	4334	0.87509
2	4335	0.422536
2	4336	-0.93408
2	4337	-2.51903
2	4338	-4.20948
2	4339	10.1745
2	4340	-0.983516
2	4341	4.51679
2	4342	6.34254
2	4343	0.209398
2	4344	1.34123
2	4345	-0.294729
2	4346	-0.156296
2	4347	-2.46784
2	4348	2.99818
2	4349	2.1244
2	4350	-0.5056
2	4351	-0.0178785
2	4352	-0.650538
2	4353	3.0522
2	4354	0.110717
2	4355	0.929703
2	4356	-2.36288
2	4357	-0.702094
2	4358	0.455833
2	4359	-0.217318
2	4360	0.327485
2	4361	0.11429
2	4362	-3.44545
2	4363	-0.0877319
2	4364	1.25499
2	4365	0.525079
2	4366	3.45287
2	4367	2.9029
2	4368	-0.368746
2	4369	-0.265129
2	4370	-0.0481554
2	4371	0.984104
2	4372	-0.437719
2	4373	0.343735
2	4374	-2.3515
2	4375	-12.7026
2	4376	-5.0503
2	4377	0.324203
2	4378	-0.791989
2	4379	7.58094
2	4380	2.09733
2	4381	1.61949
2	4382	1.71505
2	4383	-0.137243
2	4384	0.868308
2	4385	0.694098
2	4386	0.548136
2	4387	-1.78907
2	4388	0.273835
2	4389	-4.35419
2	4390	0.123233
2	4391	2.79332
2	4392	1.26562
2	4393	13.6111
2	4394	3.87496
2	4395	1.33427
2	4396	3.97468
2	4397	1.57197
2	4398	-0.537634
2	4399	-0.991751
2	4400	8.7242
2	4401	-0.38705
2	4402	6.14749
2	4403	-0.677879
2	4404	-7.55327
2	4405	-0.937978
2	4406	-0.993839
2	4407	0.0233693
2	4408	-2.18865
2	4409	2.98628
2	4410	1.17152
2	4411	0.250091
2	4412	1.41889
2	4413	2.17281
2	4414	-11.0595
2	4415	-1.60488
2	4416	-0.781316
2	4417	0.826387
2	4418	-0.1352
2	4419	0.714348
2	4420	-0.101346
2	4421	1.01681
2	4422	-0.511428
2	4423	1.58713
2	4424	35.3118
2	4425	0.647431
2	4426	4.95279
2	4427	0.324392
2	4428	-0.388422
2	4429	0.153532
2	4430	-0.673959
2	4431	0.443625
2	4432	-0.252389
2	4433	-1.32775
2	4434	0.111354
2	4435	0.953788
2	4436	0.916552
2	4437	0.297643
2	4438	0.116322
2	4439	-3.19227
2	4440	4.69022
2	4441	2.3731
2	4442	-0.973831
2	4443	0.83371
2	4444	1.44326
2	4445	-5.56808
2	4446	-8.42212
2	4447	-1.03411
2	4448	-0.485893
2	4449	2.66604
2	4450	0.567411
2	4451	15.697
2	4452	-47.4748
2	4453	-5.43526
2	4454	-1.60437
2	4455	-1.90714
2	4456	1.42863
2	4457	-3.91231
2	4458	0.449028
2	4459	-1.357
2	4460	-0.988486
2	4461	1.64284
2	4462	0.595594
2	4463	0.670245
2	4464	2.97054
2	4465	0.841223
2	4466	-16.7418
2	4467	0.131311
2	4468	3.21276
2	4469	0.488971
2	4470	1.33242
2	4471	0.822328
2	4472	0.488927
2	4473	6.04131
2	4474	-0.308916
2	4475	-0.395055
2	4476	-0.413758
2	4477	-1.3703
2	4478	0.733266
2	4479	6.47805
2	4480	0.29039
2	4481	-0.821524
2	4482	-2.65091
2	4483	-1.1811
2	4484	-0.0939413
2	4485	0.636775
2	4486	-0.0586459
2	4487	15.6337
2	4488	-1.34624
2	4489	1.06686
2	4490	0.961883
2	4491	-1.39073
2	4492	0.147901
2	4493	45.0489
2	4494	-0.984393
2	4495	-4.0708
2	4496	1.65884
2	4497	0.645588
2	4498	0.628597
2	4499	0.811642
2	4500	0.663038
2	4501	-2.37706
2	4502	-0.547464
2	4503	-1.09343
2	4504	0.00544843
2	4505	1.23619
2	4506	7.08177
2	4507	-0.384961
2	4508	0.191514
2	4509	0.519044
2	4510	0.54733
2	4511	0.039089
2	4512	-1.4686
2	4513	-0.733722
2	4514	0.139736
2	4515	-1.77349
2	4516	0.772109
2	4517	0.353782
2	4518	-0.190063
2	4519	-1.59328
2	4520	0.248869
2	4521	0.295081
2	4522	0.803229
2	4523	4.93959
2	4524	0.907283
2	4525	2.55091
2	4526	0.121304
2	4527	-3.3768
2	4528	1.5816
2	4529	1.66646
2	4530	-4.89211
2	4531	58.5688
2	4532	-0.298221
2	4533	2.02588
2	4534	-6.37925
2	4535	4.78076
2	4536	-0.128731
2	4537	0.199934
2	4538	0.539975
2	4539	0.820901
2	4540	0.212613
2	4541	-2.44137
2	4542	1.30285
2	4543	1.37327
2	4544	0.17616
2	4545	1.69167
2	4546	-0.146516
2	4547	0.749307
2	4548	0.817858
2	4549	4.44049
2	4550	-0.315885
2	4551	1.14025
2	4552	-0.133865
2	4553	0.281322
2	4554	0.108434
2	4555	0.127832
2	4556	-3.94148
2	4557	-1.2055
2	4558	0.140133
2	4559	3.69942
2	4560	-1.23621
2	4561	-4.09222
2	4562	-0.503379
2	4563	-7.77684
2	4564	-0.0550324
2	4565	0.440602
2	4566	0.351499
2	4567	6.36481
2	4568	1.38946
2	4569	-8.33889
2	4570	-0.967652
2	4571	-0.306109
2	4572	-1.72519
2	4573	1.55783
2	4574	-3.14667
2	4575	-1.75664
2	4576	-1.65661
2	4577	0.652192
2	4578	0.158651
2	4579	-6.69722
2	4580	3.93888
2	4581	-4.67868
2	4582	-0.287286
2	4583	-1.87684
2	4584	-8.73296
2	4585	0.128738
2	4586	0.44753
2	4587	0.435426
2	4588	-1.5293
2	4589	0.628869
2	4590	0.806378
2	4591	-2.46053
2	4592	-0.473617
2	4593	0.850645
2	4594	-35.2268
2	4595	1.56836
2	4596	1.10358
2	4597	-0.0236602
2	4598	-108.085
2	4599	-1.26064
2	4600	-4.45791
2	4601	-0.223157
2	4602	-2.089
2	4603	-0.666697
2	4604	-9.3086
2	4605	3.44188
2	4606	1.49711
2	4607	1.75195
2	4608	1.23318
2	4609	-0.343685
2	4610	0.569639
2	4611	1.48591
2	4612	-0.432401
2	4613	-6.10697
2	4614	-0.627293
2	4615	-0.690713
2	4616	0.0476825
2	4617	1.00286
2	4618	-0.994679
2	4619	1.43902
2	4620	0.414484
2	4621	-0.194592
2	4622	1.00371
2	4623	-3.63662
2	4624	-0.124055
2	4625	1.12037
2	4626	0.845424
2	4627	-0.681139
2	4628	-0.507546
2	4629	-1.06929
2	4630	2.72178
2	4631	5.06726
2	4632	0.851066
2	4633	-0.166385
2	4634	-2.2207
2	4635	1.6663
2	4636	3.94085
2	4637	0.0714192
2	4638	0.110087
2	4639	-0.0298614
2	4640	-0.751751
2	4641	-0.797369
2	4642	-2.17457
2	4643	0.106586
2	4644	0.156367
2	4645	0.230154
2	4646	-0.245591
2	4647	-0.0987909
2	4648	1.71653
2	4649	1.49968
2	4650	-0.00660211
2	4651	3.07706
2	4652	2.63898
2	4653	-0.706419
2	4654	2.91286
2	4655	-1.02424
2	4656	-1.00585
2	4657	-2.15555
2	4658	3.79889
2	4659	7.04659
2	4660	-0.419462
2	4661	1.81631
2	4662	-1.90163
2	4663	-4.21534
2	4664	-0.739939
2	4665	-0.495998
2	4666	11.1734
2	4667	-5.65657
2	4668	-0.63393
2	4669	2.29116
2	4670	0.611208
2	4671	-2.12141
2	4672	4.71736
2	4673	0.599797
2	4674	-1.57751
2	4675	0.395612
2	4676	-0.651071
2	4677	0.485378
2	4678	0.728625
2	4679	0.234525
2	4680	-0.481399
2	4681	-12.028
2	4682	1.38075
2	4683	1.1985
2	4684	-0.578027
2	4685	-0.17802
2	4686	2.99565
2	4687	0.10938
2	4688	-2.88645
2	4689	-0.0302569
2	4690	-0.487259
2	4691	-2.51492
2	4692	-5.07374
2	4693	-1.07937
2	4694	1.38725
2	4695	63.5593
2	4696	-2.36087
2	4697	0.755897
2	4698	0.434752
2	4699	0.486807
2	4700	-0.243968
2	4701	5.15224
2	4702	-9.48976
2	4703	0.402469
2	4704	-0.656198
2	4705	0.320119
2	4706	-10.9584
2	4707	1.32877
2	4708	-3.93973
2	4709	0.815697
2	4710	-4.47545
2	4711	-1.56052
2	4712	-0.0139251
2	4713	-2.6059
2	4714	0.197173
2	4715	1.06806
2	4716	0.0121926
2	4717	1.22895
2	4718	-3.06705
2	4719	-0.3459
2	4720	-5.29474
2	4721	-2.06527
2	4722	4.33799
2	4723	-13.3892
2	4724	3.36074
2	4725	-1.24283
2	4726	-0.277402
2	4727	-2.71442
2	4728	-1.66924
2	4729	-4.83677
2	4730	-1.08124
2	4731	1.55949
2	4732	1.56642
2	4733	5.3398
2	4734	2.44476
2	4735	0.692627
2	4736	-0.455281
2	4737	3.53354
2	4738	-0.337025
2	4739	-0.268724
2	4740	-1.57846
2	4741	0.483988
2	4742	0.0635924
2	4743	-0.918093
2	4744	-40.4576
2	4745	0.39852
2	4746	13.3566
2	4747	-0.387946
2	4748	-0.115906
2	4749	-0.309213
2	4750	0.676495
2	4751	-0.215054
2	4752	-2.35595
2	4753	-0.0655034
2	4754	183.885
2	4755	-15.3369
2	4756	-2.76625
2	4757	0.815183
2	4758	-1.35599
2	4759	37.0972
2	4760	0.996183
2	4761	4.56714
2	4762	0.568018
2	4763	-2.02979
2	4764	-1.78746
2	4765	1.1082
2	4766	-5.51603
2	4767	-18.105
2	4768	-58.4913
2	4769	-0.334741
2	4770	-0.145184
2	4771	0.130437
2	4772	-9.477
2	4773	-0.264955
2	4774	0.699854
2	4775	-1.22369
2	4776	-0.139524
2	4777	0.924863
2	4778	0.35655
2	4779	1.21368
2	4780	0.976766
2	4781	0.515054
2	4782	-0.486712
2	4783	-0.031155
2	4784	2.95491
2	4785	0.235768
2	4786	-6.77301
2	4787	0.0372743
2	4788	4.3077
2	4789	2.01979
2	4790	-1.71727
2	4791	1.93078
2	4792	2.9882
2	4793	1.21984
2	4794	2.66424
2	4795	-1.62669
2	4796	-2.15667
2	4797	1.39284
2	4798	-0.601299
2	4799	0.769531
2	4800	-3.83527
2	4801	2.21852
2	4802	-0.22332
2	4803	1.17369
2	4804	-1.02398
2	4805	-1.72917
2	4806	-0.0296407
2	4807	14.4924
2	4808	1.07356
2	4809	-0.0621924
2	4810	-5.46789
2	4811	1.83778
2	4812	-1.51227
2	4813	-0.216628
2	4814	0.266677
2	4815	-0.259643
2	4816	-1.68811
2	4817	-8.44927
2	4818	-0.683243
2	4819	0.701227
2	4820	-0.0395964
2	4821	0.270807
2	4822	-0.786731
2	4823	-0.193945
2	4824	0.911782
2	4825	1.80124
2	4826	-0.548697
2	4827	-0.666912
2	4828	0.46123
2	4829	4.36258
2	4830	-4.13324
2	4831	0.723345
2	4832	-9.55685
2	4833	-2.20151
2	4834	0.271516
2	4835	102.15
2	4836	-0.50884
2	4837	-1.74102
2	4838	2.07551
2	4839	6.85493
2	4840	1.43373
2	4841	9.23482
2	4842	0.308359
2	4843	225.194
2	4844	-1.06868
2	4845	-21.1468
2	4846	-0.499313
2	4847	0.408316
2	4848	-3.4734
2	4849	-1.01727
2	4850	-1.38698
2	4851	-0.474659
2	4852	-6.82955
2	4853	-1.84482
2	4854	17.5577
2	4855	-0.415082
2	4856	1.2493
2	4857	1.34862
2	4858	-5.64601
2	4859	0.0140507
2	4860	1.5377
2	4861	-0.627695
2	4862	0.226261
2	4863	2.02913
2	4864	10.2592
2	4865	2.30123
2	4866	-0.482203
2	4867	2.66759
2	4868	-0.351949
2	4869	0.315955
2	4870	-0.292959
2	4871	-0.890689
2	4872	-0.333473
2	4873	-0.879129
2	4874	0.849382
2	4875	1.29797
2	4876	1.11745
2	4877	-0.763728
2	4878	-0.400896
2	4879	0.243652
2	4880	4.3227
2	4881	-0.310101
2	4882	-0.621284
2	4883	1.83319
2	4884	-2.43609
2	4885	0.184382
2	4886	1.01959
2	4887	-0.200277
2	4888	2.42215
2	4889	2.43678
2	4890	-0.505932
2	4891	-1.5165
2	4892	0.336836
2	4893	-4.56043
2	4894	-1.02619
2	4895	-0.0520532
2	4896	-1.14793
2	4897	25.6672
2	4898	2.87826
2	4899	0.900887
2	4900	-0.242292
2	4901	-0.818734
2	4902	-0.0708661
2	4903	3.45476
2	4904	0.0320138
2	4905	1.27932
2	4906	2.09903
2	4907	3.21523
2	4908	-0.958599
2	4909	0.647159
2	4910	-2.11375
2	4911	0.3039
2	4912	-0.627869
2	4913	-3.67613
2	4914	0.574653
2	4915	-8.19919
2	4916	0.843414
2	4917	-1.23026
2	4918	0.608244
2	4919	-1.11861
2	4920	-0.309488
2	4921	-0.707274
2	4922	-8.24116
2	4923	1.7685
2	4924	0.975515
2	4925	2.27041
2	4926	-0.954165
2	4927	2.3693
2	4928	5.01606
2	4929	-2.39403
2	4930	0.868251
2	4931	-0.152506
2	4932	-0.85044
2	4933	-0.549377
2	4934	0.659801
2	4935	-20.7358
2	4936	-0.419786
2	4937	9.63642
2	4938	-0.415015
2	4939	-3.12445
2	4940	-0.313662
2	4941	1.41295
2	4942	-4.99444
2	4943	-2.29311
2	4944	-19.3199
2	4945	-0.0743769
2	4946	0.453025
2	4947	0.65389
2	4948	1.58961
2	4949	1.90321
2	4950	0.57564
2	4951	-0.541147
2	4952	-1.21634
2	4953	2.61225
2	4954	-0.123387
2	4955	-0.631539
2	4956	-0.413404
2	4957	-1.83208
2	4958	0.225918
2	4959	-0.306042
2	4960	-0.317811
2	4961	3.10397
2	4962	-1.00802
2	4963	-0.580646
2	4964	-1.3947
2	4965	0.141228
2	4966	4.43191
2	4967	-1.63396
2	4968	1.20128
2	4969	0.228908
2	4970	1.40027
2	4971	1.09133
2	4972	7.36832
2	4973	-4.26054
2	4974	-0.688829
2	4975	-5.05781
2	4976	0.309738
2	4977	-8.78439
2	4978	-0.129152
2	4979	1.66112
2	4980	0.0557591
2	4981	2.07866
2	4982	-0.617255
2	4983	0.332843
2	4984	-8.90396
2	4985	-2.71873
2	4986	1.05795
2	4987	0.20991
2	4988	-0.539822
2	4989	3.87938
2	4990	0.975572
2	4991	0.808249
2	4992	-8.06398
2	4993	-0.784032
2	4994	0.186001
2	4995	11.776
2	4996	3.37998
2	4997	0.660697
2	4998	-1.36571
2	4999	0.266764
2	5000	2.1203
2	5001	1.59869
2	5002	-0.378861
2	5003	1.48998
2	5004	-1.28543
2	5005	1.23049
2	5006	1.29212
2	5007	-0.9125
2	5008	-0.362069
2	5009	-0.816434
2	5010	-0.790645
2	5011	7.76196
2	5012	-0.32232
2	5013	-1.45362
2	5014	1.63148
2	5015	0.648728
2	5016	0.29863
2	5017	0.522684
2	5018	3.2825
2	5019	-3.8717
2	5020	-0.035932
2	5021	0.0393093
2	5022	-0.530571
2	5023	-0.200269
2	5024	-0.171185
2	5025	-1.14933
2	5026	-0.0311092
2	5027	1.82625
2	5028	-0.366609
2	5029	-0.204449
2	5030	0.282947
2	5031	-1.40934
2	5032	-0.17743
2	5033	52.8266
2	5034	9.07349
2	5035	136.478
2	5036	0.0877887
2	5037	-0.0312803
2	5038	0.525667
2	5039	-0.233211
2	5040	-0.631823
2	5041	-0.393067
2	5042	-0.608131
2	5043	-0.168977
2	5044	-0.306171
2	5045	-3.04781
2	5046	-0.546673
2	5047	0.454188
2	5048	-36.5047
2	5049	-0.448136
2	5050	1.76749
2	5051	-0.808021
2	5052	25.2729
2	5053	-61.4849
2	5054	-1.89315
2	5055	0.691403
2	5056	-4.35126
2	5057	1.3784
2	5058	2.84319
2	5059	0.609294
2	5060	4.54574
2	5061	1.58989
2	5062	0.332164
2	5063	0.607005
2	5064	-1.85306
2	5065	0.526149
2	5066	-21.5078
2	5067	-6.68076
2	5068	0.0223293
2	5069	-0.0942579
2	5070	-1.18524
2	5071	-1.64329
2	5072	-10.0612
2	5073	-36.0912
2	5074	4.46368
2	5075	-0.790513
2	5076	-3.16572
2	5077	3.00195
2	5078	0.179687
2	5079	3.41516
2	5080	-2.1154
2	5081	1.01957
2	5082	0.256991
2	5083	3.71288
2	5084	-0.0154289
2	5085	-0.131214
2	5086	0.824875
2	5087	10.8227
2	5088	-2.30457
2	5089	1.05764
2	5090	-0.641129
2	5091	1.78927
2	5092	4.34534
2	5093	-4.64486
2	5094	-0.918276
2	5095	11.8836
2	5096	-1.14775
2	5097	1.25639
2	5098	-1.41834
2	5099	-0.820867
2	5100	0.524246
2	5101	5.515
2	5102	-0.222482
2	5103	1.89763
2	5104	-0.693861
2	5105	15.549
2	5106	0.983309
2	5107	2.46461
2	5108	-0.881809
2	5109	0.473331
2	5110	0.142122
2	5111	-0.223569
2	5112	1.44271
2	5113	3.0666
2	5114	-1.74626
2	5115	0.582204
2	5116	0.000236515
2	5117	-0.503217
2	5118	-0.0890237
2	5119	2.22179
2	5120	-0.942897
2	5121	-1.4079
2	5122	-0.320611
2	5123	-0.542141
2	5124	4.51585
2	5125	0.243274
2	5126	-1.55587
2	5127	-0.537683
2	5128	0.138217
2	5129	0.714936
2	5130	-13.8613
2	5131	-2.8345
2	5132	1.5753
2	5133	-0.122911
2	5134	-0.21655
2	5135	-1.47279
2	5136	2.16219
2	5137	1.71665
2	5138	2.0957
2	5139	-1.83277
2	5140	-2.29168
2	5141	0.0683718
2	5142	-7.85159
2	5143	1.38545
2	5144	-0.92583
2	5145	0.155548
2	5146	0.932788
2	5147	0.496911
2	5148	0.177098
2	5149	-2.7629
2	5150	-3.15005
2	5151	-0.0867202
2	5152	0.244704
2	5153	0.445927
2	5154	0.0838979
2	5155	4.88557
2	5156	-2.36537
2	5157	29.6542
2	5158	-0.577691
2	5159	-0.774994
2	5160	-2.17195
2	5161	5.44387
2	5162	-1.84942
2	5163	-10.6808
2	5164	-0.605411
2	5165	0.244806
2	5166	-1.71175
2	5167	0.696729
2	5168	0.13713
2	5169	-0.112048
2	5170	-0.115006
2	5171	-3.43181
2	5172	0.318683
2	5173	0.845417
2	5174	11.5957
2	5175	1.19063
2	5176	-1.49405
2	5177	-1.53273
2	5178	-0.891521
2	5179	-0.394131
2	5180	0.279225
2	5181	0.342167
2	5182	0.818632
2	5183	-4.85767
2	5184	0.84782
2	5185	-0.0811098
2	5186	-1.6342
2	5187	4.63177
2	5188	21.391
2	5189	-2.26658
2	5190	1.98674
2	5191	1.88269
2	5192	-0.66185
2	5193	0.0362005
2	5194	-1.51582
2	5195	-0.351988
2	5196	0.786813
2	5197	-0.568159
2	5198	-0.502085
2	5199	-0.0672932
2	5200	-1.95957
2	5201	4.3969
2	5202	-0.316165
2	5203	-0.762997
2	5204	-0.425104
2	5205	-3.80028
2	5206	-1.00431
2	5207	0.401269
2	5208	31.9705
2	5209	-7.22249
2	5210	2.07809
2	5211	2.18497
2	5212	-16.3318
2	5213	1.14974
2	5214	4.21719
2	5215	2.32169
2	5216	0.288471
2	5217	4.17712
2	5218	0.0385461
2	5219	-1.64187
2	5220	-0.34087
2	5221	2.33022
2	5222	-4.27221
2	5223	5.49474
2	5224	1.76452
2	5225	-1.86968
2	5226	-0.257978
2	5227	0.375072
2	5228	0.469854
2	5229	7.32256
2	5230	0.210808
2	5231	-2.04091
2	5232	4.63305
2	5233	-1.95514
2	5234	108.415
2	5235	-0.899204
2	5236	-1.56143
2	5237	-0.0134562
2	5238	-0.953023
2	5239	111.742
2	5240	-0.0183334
2	5241	0.25037
2	5242	-0.0474246
2	5243	1.41838
2	5244	-1.02334
2	5245	-0.437223
2	5246	-0.107127
2	5247	-1.46011
2	5248	0.0629565
2	5249	-0.456612
2	5250	-1.90204
2	5251	-4.17468
2	5252	-22.4543
2	5253	4.79906
2	5254	-0.587573
2	5255	-3.69793
2	5256	2.14421
2	5257	-0.0214407
2	5258	2.76467
2	5259	1.41174
2	5260	0.196292
2	5261	0.153028
2	5262	19.5455
2	5263	-0.932964
2	5264	-1.77706
2	5265	0.601936
2	5266	0.984878
2	5267	1.25665
2	5268	0.720019
2	5269	0.405147
2	5270	-0.447214
2	5271	7.16288
2	5272	-2.00512
2	5273	2.47028
2	5274	3.59983
2	5275	-9.29843
2	5276	0.019363
2	5277	3.64343
2	5278	1.25228
2	5279	0.418751
2	5280	3.12759
2	5281	0.550122
2	5282	-0.283768
2	5283	0.406834
2	5284	0.773036
2	5285	-1.55366
2	5286	0.100521
2	5287	0.43739
2	5288	-1.49243
2	5289	6.2507
2	5290	0.884249
2	5291	-0.63794
2	5292	-5.11084
2	5293	-0.312782
2	5294	-0.333578
2	5295	-1.74088
2	5296	3.32087
2	5297	7.68994
2	5298	12.2212
2	5299	1.29401
2	5300	-0.296884
2	5301	-17.3229
2	5302	3.33753
2	5303	3.63984
2	5304	0.908019
2	5305	-3.78216
2	5306	2.23049
2	5307	-0.323032
2	5308	0.00338368
2	5309	1.17758
2	5310	-0.231275
2	5311	0.544565
2	5312	0.0604513
2	5313	0.259775
2	5314	-0.830743
2	5315	0.465265
2	5316	-1.19686
2	5317	-4.2609
2	5318	-0.621941
2	5319	1.01997
2	5320	0.483902
2	5321	-0.853873
2	5322	-4.13058
2	5323	2.39357
2	5324	0.00724368
2	5325	-8.51585
2	5326	-113.766
2	5327	0.385919
2	5328	1.01427
2	5329	7.90443
2	5330	-1.15622
2	5331	7.7025
2	5332	1.39886
2	5333	4.46239
2	5334	-3.99331
2	5335	2.76587
2	5336	0.443671
2	5337	-0.17597
2	5338	1.87455
2	5339	0.947273
2	5340	2.40423
2	5341	0.451213
2	5342	-2.0927
2	5343	0.840267
2	5344	-2.00649
2	5345	-0.178106
2	5346	0.967448
2	5347	-2.20929
2	5348	-0.93809
2	5349	-0.643863
2	5350	-2.53785
2	5351	-1.37954
2	5352	1.22339
2	5353	-5.33474
2	5354	-0.598583
2	5355	-0.145599
2	5356	6.67993
2	5357	2.76852
2	5358	-0.615568
2	5359	-0.0623284
2	5360	-0.181241
2	5361	0.778646
2	5362	-69.7092
2	5363	-0.863506
2	5364	-0.80775
2	5365	-2.19276
2	5366	-0.669965
2	5367	-2.23801
2	5368	-0.618808
2	5369	-0.652151
2	5370	4.9855
2	5371	0.472687
2	5372	-1.85421
2	5373	0.87911
2	5374	-0.179568
2	5375	1.3809
2	5376	-4.00939
2	5377	-1.48017
2	5378	-0.165645
2	5379	2.15336
2	5380	-7.09429
2	5381	-11.6094
2	5382	-1.18615
2	5383	6.31782
2	5384	-1.71274
2	5385	-0.519302
2	5386	0.187704
2	5387	-0.755235
2	5388	-0.187574
2	5389	-0.576067
2	5390	0.507537
2	5391	-0.763484
2	5392	0.45723
2	5393	-0.130567
2	5394	-0.829317
2	5395	-13.882
2	5396	0.0884464
2	5397	-0.290565
2	5398	-0.357242
2	5399	0.60443
2	5400	-0.316475
2	5401	0.126989
2	5402	-0.741931
2	5403	-1.50328
2	5404	-0.509742
2	5405	-0.985294
2	5406	-2.79885
2	5407	0.86058
2	5408	0.124755
2	5409	-0.137275
2	5410	-0.174447
2	5411	-0.0383013
2	5412	-4.47055
2	5413	4.07371
2	5414	2.11401
2	5415	5.89486
2	5416	0.120991
2	5417	1.55902
2	5418	-1.6475
2	5419	9.22538
2	5420	1.60704
2	5421	-0.576226
2	5422	-1.01565
2	5423	-0.997188
2	5424	0.000359163
2	5425	-2.55322
2	5426	-8.61802
2	5427	1.15652
2	5428	9.14434
2	5429	0.692401
2	5430	1.15691
2	5431	1.43854
2	5432	-0.382521
2	5433	-0.491095
2	5434	0.178339
2	5435	-33.8333
2	5436	-1.3023
2	5437	-1.91572
2	5438	-1.02508
2	5439	-1.12872
2	5440	5.73971
2	5441	-8.92483
2	5442	0.2813
2	5443	33.1174
2	5444	-0.925869
2	5445	1.1478
2	5446	-1.59744
2	5447	2.04791
2	5448	-2.06594
2	5449	-0.123739
2	5450	1.92653
2	5451	1.90331
2	5452	-1.01616
2	5453	0.00547252
2	5454	0.33832
2	5455	17.1734
2	5456	0.479475
2	5457	0.0330448
2	5458	0.858249
2	5459	5.14585
2	5460	3.198
2	5461	1.33705
2	5462	-0.565551
2	5463	6.20121
2	5464	-2.67662
2	5465	1.83453
2	5466	0.0740357
2	5467	0.138911
2	5468	-0.922112
2	5469	-22.4411
2	5470	-1.03547
2	5471	-4.4008
2	5472	0.363246
2	5473	0.125353
2	5474	2.46163
2	5475	-0.333992
2	5476	0.182905
2	5477	1.40543
2	5478	4.06751
2	5479	1.29557
2	5480	-0.403011
2	5481	-0.81437
2	5482	-0.361414
2	5483	-0.70586
2	5484	-0.152217
2	5485	1.57258
2	5486	-6.98153
2	5487	0.0766874
2	5488	-0.569894
2	5489	-1.15102
2	5490	0.0698055
2	5491	0.197378
2	5492	-1.59705
2	5493	-1.12781
2	5494	-0.194415
2	5495	2.02324
2	5496	1.06917
2	5497	-2.98649
2	5498	1.01829
2	5499	-0.0472034
2	5500	0.478285
2	5501	1.52661
2	5502	26.6511
2	5503	2.08753
2	5504	-1.28615
2	5505	-0.134669
2	5506	0.910395
2	5507	30.4038
2	5508	0.415835
2	5509	0.43521
2	5510	1.07345
2	5511	-0.566145
2	5512	-4.32178
2	5513	0.11072
2	5514	-4.81142
2	5515	-1.89266
2	5516	5.8876
2	5517	-0.42684
2	5518	-0.23215
2	5519	-4.80044
2	5520	0.900407
2	5521	-1.80343
2	5522	0.0240391
2	5523	0.698902
2	5524	0.0490601
2	5525	-0.616298
2	5526	23.3965
2	5527	-0.559184
2	5528	-0.948871
2	5529	-13.9804
2	5530	0.566389
2	5531	7.58031
2	5532	2.23209
2	5533	3.00118
2	5534	0.953997
2	5535	-10.1742
2	5536	-29.5564
2	5537	1.77903
2	5538	-0.347611
2	5539	-16.0348
2	5540	-1.55083
2	5541	3.1622
2	5542	-4.16925
2	5543	1.5067
2	5544	1.28305
2	5545	2.25513
2	5546	1.86482
2	5547	0.186806
2	5548	-0.419866
2	5549	-6.75557
2	5550	0.118724
2	5551	0.158854
2	5552	-0.291738
2	5553	-0.625597
2	5554	-0.0376866
2	5555	2.85863
2	5556	-4.17708
2	5557	-1.14478
2	5558	-0.499992
2	5559	-13.2467
2	5560	1.64294
2	5561	-0.555732
2	5562	0.215479
2	5563	-0.578468
2	5564	-0.154834
2	5565	0.208643
2	5566	-2.31259
2	5567	0.477726
2	5568	0.380096
2	5569	-0.47055
2	5570	-0.273375
2	5571	0.618649
2	5572	0.534472
2	5573	1.15961
2	5574	2.78668
2	5575	-0.738897
2	5576	0.979737
2	5577	-0.251148
2	5578	3.39762
2	5579	-1.11893
2	5580	-1.28121
2	5581	-0.882061
2	5582	-18.4121
2	5583	0.3493
2	5584	2.33766
2	5585	-1.57471
2	5586	1.55665
2	5587	2.13583
2	5588	-1.96044
2	5589	15.854
2	5590	-1.61791
2	5591	0.773813
2	5592	-63.9581
2	5593	0.874291
2	5594	8.33153
2	5595	5.10477
2	5596	-1.53579
2	5597	2.42294
2	5598	1.10168
2	5599	-1.47174
2	5600	-0.46805
2	5601	0.0743615
2	5602	0.43963
2	5603	0.6074
2	5604	1.73135
2	5605	-0.430627
2	5606	0.159794
2	5607	-17.3904
2	5608	-0.838385
2	5609	-0.894971
2	5610	-0.677557
2	5611	-2.11466
2	5612	0.338071
2	5613	-0.149376
2	5614	-4.35143
2	5615	-1.38237
2	5616	0.169952
2	5617	2.59084
2	5618	1.26844
2	5619	0.0378515
2	5620	-0.536514
2	5621	1.06442
2	5622	-0.720395
2	5623	-0.381628
2	5624	-4.0273
2	5625	0.605847
2	5626	-0.23551
2	5627	-0.30436
2	5628	-1.47137
2	5629	5.19917
2	5630	0.557665
2	5631	-0.116956
2	5632	0.474146
2	5633	0.88864
2	5634	0.187323
2	5635	-0.469112
2	5636	-1.87107
2	5637	-0.02509
2	5638	5.59685
2	5639	2.1165
2	5640	-2.36657
2	5641	0.0749242
2	5642	0.513342
2	5643	-1.63413
2	5644	1.89279
2	5645	5.37725
2	5646	4.01184
2	5647	-6.51744
2	5648	-0.544484
2	5649	-0.611672
2	5650	6.40814
2	5651	-1.62431
2	5652	2.20497
2	5653	1.84476
2	5654	-0.358839
2	5655	-4.41814
2	5656	-0.712932
2	5657	0.350401
2	5658	-0.108063
2	5659	-0.328602
2	5660	-0.199114
2	5661	-2.51866
2	5662	0.556158
2	5663	4.71487
2	5664	-0.238776
2	5665	-2.41211
2	5666	2.64988
2	5667	2.25484
2	5668	0.385747
2	5669	-0.33733
2	5670	-0.904157
2	5671	0.783136
2	5672	0.842009
2	5673	-3.95061
2	5674	-5.83596
2	5675	1.77649
2	5676	-0.375429
2	5677	2.77605
2	5678	1.64762
2	5679	2.09582
2	5680	3.71339
2	5681	0.266316
2	5682	3.15199
2	5683	0.971542
2	5684	-0.263497
2	5685	0.621809
2	5686	2.78671
2	5687	-0.357824
2	5688	2.16178
2	5689	-0.919271
2	5690	0.725419
2	5691	-0.694071
2	5692	0.644845
2	5693	29.6319
2	5694	-6.71378
2	5695	0.347837
2	5696	-25.3812
2	5697	-2.06934
2	5698	-0.140631
2	5699	-1.40185
2	5700	-0.919364
2	5701	-0.803416
2	5702	-0.444219
2	5703	2.02786
2	5704	2.45321
2	5705	3.87843
2	5706	0.180254
2	5707	-0.302704
2	5708	-2.1652
2	5709	1.82428
2	5710	7.6805
2	5711	-0.624684
2	5712	-20.1099
2	5713	-0.147935
2	5714	-0.0402348
2	5715	19.3141
2	5716	8.30226
2	5717	-0.343
2	5718	2.61061
2	5719	-1.60526
2	5720	-0.423791
2	5721	-5.4633
2	5722	-0.10462
2	5723	5.57629
2	5724	-0.670627
2	5725	-6.70259
2	5726	0.342456
2	5727	1.06718
2	5728	0.682407
2	5729	0.132451
2	5730	0.437135
2	5731	-2.3686
2	5732	3.2112
2	5733	-2.75336
2	5734	-0.314102
2	5735	2.4234
2	5736	-1.45114
2	5737	-0.26558
2	5738	-24.0326
2	5739	-0.168782
2	5740	2.37566
2	5741	2.94374
2	5742	0.255967
2	5743	-0.368686
2	5744	-0.0910371
2	5745	-0.550573
2	5746	-1.50819
2	5747	3.50381
2	5748	0.704607
2	5749	-1.51527
2	5750	0.628316
2	5751	0.372272
2	5752	-0.287577
2	5753	0.941491
2	5754	1.17162
2	5755	0.749414
2	5756	-0.0957586
2	5757	0.112876
2	5758	0.395425
2	5759	1.0834
2	5760	0.222197
2	5761	-1.3089
2	5762	-6.37784
2	5763	-0.332492
2	5764	-2.80634
2	5765	0.51299
2	5766	2.4854
2	5767	-0.0268573
2	5768	0.0225049
2	5769	-0.246963
2	5770	-0.476758
2	5771	-0.000985811
2	5772	-1.08574
2	5773	0.687499
2	5774	0.805562
2	5775	0.253481
2	5776	-1.94855
2	5777	-20.0575
2	5778	-0.198873
2	5779	2.31305
2	5780	-1.41713
2	5781	-0.416923
2	5782	-1.19293
2	5783	0.0953736
2	5784	-7.33613
2	5785	-0.196891
2	5786	-1.74154
2	5787	0.303888
2	5788	0.587311
2	5789	-2.26381
2	5790	0.118745
2	5791	1.77991
2	5792	1.14501
2	5793	14.2299
2	5794	-14.5274
2	5795	-2.9149
2	5796	-2.65963
2	5797	1.53648
2	5798	1.18778
2	5799	2.09274
2	5800	1.13397
2	5801	2.11887
2	5802	0.123662
2	5803	0.350108
2	5804	0.0192367
2	5805	-2.88729
2	5806	-0.696119
2	5807	3.55971
2	5808	9.78157
2	5809	11.7893
2	5810	-5.60424
2	5811	-0.506661
2	5812	0.181175
2	5813	4.94821
2	5814	0.0133237
2	5815	0.590867
2	5816	0.467771
2	5817	-0.568405
2	5818	-0.0299319
2	5819	-0.51879
2	5820	-0.042199
2	5821	-0.827172
2	5822	-2.3686
2	5823	6.12641
2	5824	-0.941983
2	5825	-1.03512
2	5826	-1.70116
2	5827	-0.455525
2	5828	-13.2426
2	5829	-1.73835
2	5830	0.196158
2	5831	-0.381287
2	5832	1.00393
2	5833	-1.09287
2	5834	0.415645
2	5835	2.93346
2	5836	-4.02835
2	5837	1.42371
2	5838	2.88505
2	5839	-0.594158
2	5840	0.871352
2	5841	-0.0394157
2	5842	-1.58796
2	5843	0.781669
2	5844	24.914
2	5845	-1.33811
2	5846	-0.969251
2	5847	11.2185
2	5848	-0.577607
2	5849	-1.03265
2	5850	-0.247101
2	5851	0.0593359
2	5852	-0.62164
2	5853	0.75406
2	5854	-1.00583
2	5855	-1.65763
2	5856	9.34043
2	5857	2.21669
2	5858	0.835224
2	5859	0.339899
2	5860	-1.91956
2	5861	0.202969
2	5862	0.26253
2	5863	-2.33751
2	5864	-1.34882
2	5865	0.195294
2	5866	-0.078716
2	5867	0.066957
2	5868	8.50309
2	5869	1.26431
2	5870	-1.70662
2	5871	2.56148
2	5872	-2.78029
2	5873	-2.49953
2	5874	-2.03676
2	5875	-0.755328
2	5876	-1.36457
2	5877	-5.07115
2	5878	0.453826
2	5879	-6.15437
2	5880	-0.730605
2	5881	-0.639091
2	5882	-1.94888
2	5883	1.4018
2	5884	12.002
2	5885	-0.674434
2	5886	-0.29931
2	5887	0.523438
2	5888	0.212507
2	5889	1.36359
2	5890	0.521502
2	5891	-0.208373
2	5892	5.49088
2	5893	0.741777
2	5894	-1.35813
2	5895	-1.32172
2	5896	-0.4469
2	5897	0.222668
2	5898	0.734292
2	5899	6.18962
2	5900	0.675159
2	5901	6.37328
2	5902	-1.21461
2	5903	0.201466
2	5904	0.327999
2	5905	1.18884
2	5906	-0.200294
2	5907	0.00280771
2	5908	1.13533
2	5909	0.0653523
2	5910	0.271456
2	5911	-1.4423
2	5912	0.232282
2	5913	0.914781
2	5914	-1.8568
2	5915	1.29745
2	5916	2.31549
2	5917	-0.720389
2	5918	0.0609914
2	5919	1.02469
2	5920	-2.81348
2	5921	-0.307905
2	5922	-0.109876
2	5923	-1.58643
2	5924	0.129761
2	5925	-1.0292
2	5926	0.895245
2	5927	-0.0694682
2	5928	0.224395
2	5929	0.518162
2	5930	-0.907296
2	5931	-0.123613
2	5932	-0.775381
2	5933	-0.885272
2	5934	1.60489
2	5935	-2.9342
2	5936	1.45811
2	5937	0.081524
2	5938	-0.282292
2	5939	-1.92469
2	5940	-0.432668
2	5941	-0.593256
2	5942	2.10041
2	5943	0.0321059
2	5944	-0.640365
2	5945	0.311279
2	5946	0.607841
2	5947	-0.694732
2	5948	3.45931
2	5949	0.885144
2	5950	-0.307079
2	5951	-0.450284
2	5952	-0.612111
2	5953	1.01678
2	5954	-2.03324
2	5955	-4.57599
2	5956	-0.628583
2	5957	-0.15152
2	5958	-1.1826
2	5959	0.907524
2	5960	-2.57111
2	5961	-1.30251
2	5962	0.535047
2	5963	-6.50047
2	5964	2.22676
2	5965	2.67413
2	5966	-0.565388
2	5967	-0.278556
2	5968	2.23669
2	5969	-0.133409
2	5970	1.70204
2	5971	6.64917
2	5972	-0.466499
2	5973	-0.192023
2	5974	1.72508
2	5975	0.0651405
2	5976	1.55111
2	5977	-0.947099
2	5978	1.56275
2	5979	0.22999
2	5980	1.2856
2	5981	4.1476
2	5982	0.607354
2	5983	70.8326
2	5984	-0.58882
2	5985	1.01655
2	5986	-2.00131
2	5987	10.2851
2	5988	-0.994853
2	5989	-0.892557
2	5990	0.275855
2	5991	-0.431405
2	5992	-0.122612
2	5993	1.36186
2	5994	-0.18149
2	5995	-14.2492
2	5996	-0.246867
2	5997	63.7898
2	5998	1.19553
2	5999	0.889414
2	6000	0.0727256
2	6001	-2.76987
2	6002	2.77174
2	6003	-0.484144
2	6004	0.0471436
2	6005	4.70052
2	6006	2.84873
2	6007	3.41739
2	6008	1.09549
2	6009	-2.85253
2	6010	-0.788646
2	6011	0.915273
2	6012	-2.06455
2	6013	-0.73749
2	6014	0.243327
2	6015	121.688
2	6016	-0.371517
2	6017	-1.09718
2	6018	-1.00179
2	6019	0.523459
2	6020	-1.86324
2	6021	-6.96876
2	6022	1.13989
2	6023	2.23221
2	6024	0.471213
2	6025	-0.162677
2	6026	1.78649
2	6027	12.7515
2	6028	5.92692
2	6029	0.156435
2	6030	-5.74376
2	6031	-0.388404
2	6032	-0.482964
2	6033	0.289448
2	6034	0.0748882
2	6035	-4.41356
2	6036	1.93786
2	6037	-1.6325
2	6038	3.71134
2	6039	10.3978
2	6040	-0.836151
2	6041	72.179
2	6042	-0.725589
2	6043	-4.42701
2	6044	0.893838
2	6045	0.837852
2	6046	6.98921
2	6047	0.227328
2	6048	0.740161
2	6049	-0.828895
2	6050	-1.50122
2	6051	-1.03387
2	6052	-1.18734
2	6053	-0.177309
2	6054	-28.5716
2	6055	0.394602
2	6056	1.16236
2	6057	2.18986
2	6058	1.57746
2	6059	0.562613
2	6060	0.376384
2	6061	-0.10816
2	6062	-0.469689
2	6063	1.2678
2	6064	-3.21805
2	6065	0.997604
2	6066	-9.42945
2	6067	-1.93701
2	6068	0.841163
2	6069	-0.0153205
2	6070	-1.00546
2	6071	7.73707
2	6072	4.5018
2	6073	1.59988
2	6074	0.205187
2	6075	0.645994
2	6076	-0.140328
2	6077	0.939828
2	6078	0.769871
2	6079	-10.1649
2	6080	2.30529
2	6081	2.98145
2	6082	-0.188778
2	6083	-0.721212
2	6084	-0.68031
2	6085	-0.0644002
2	6086	1.02078
2	6087	-0.0361789
2	6088	-0.25536
2	6089	-2.06761
2	6090	-0.192736
2	6091	-0.0678739
2	6092	-3.6087
2	6093	0.475932
2	6094	-0.837354
2	6095	0.0199892
2	6096	1.14016
2	6097	-0.25506
2	6098	0.376937
2	6099	-1.69918
2	6100	1.30091
2	6101	-0.783196
2	6102	3.77299
2	6103	-1.91993
2	6104	0.179862
2	6105	-0.728026
2	6106	-1.1432
2	6107	1.49178
2	6108	2.61507
2	6109	-2.89901
2	6110	-0.385257
2	6111	-0.179844
2	6112	0.060309
2	6113	-2.30904
2	6114	1.2153
2	6115	4.64066
2	6116	-0.192115
2	6117	0.803989
2	6118	-0.398361
2	6119	-1.20238
2	6120	-9.27006
2	6121	-0.138408
2	6122	0.51425
2	6123	1.22767
2	6124	-0.13793
2	6125	-1.01793
2	6126	-0.0826246
2	6127	5.84099
2	6128	-3.6013
2	6129	-0.220742
2	6130	0.454699
2	6131	-10.1696
2	6132	-0.428919
2	6133	1.21187
2	6134	-4.44517
2	6135	-0.331757
2	6136	-12.6244
2	6137	-0.703558
2	6138	0.828884
2	6139	-5.44362
2	6140	0.0939956
2	6141	-1.0506
2	6142	-1.14332
2	6143	1.63768
2	6144	-0.184269
2	6145	-0.758296
2	6146	0.968399
2	6147	1.3382
2	6148	0.0436259
2	6149	-2.4398
2	6150	-0.154346
2	6151	2.25351
2	6152	0.503836
2	6153	-1.17232
2	6154	-0.132967
2	6155	-1.91879
2	6156	0.0201566
2	6157	-0.233218
2	6158	-0.0478111
2	6159	1.10363
2	6160	-0.396463
2	6161	0.109322
2	6162	1.68097
2	6163	-1.136
2	6164	4.6157
2	6165	12.564
2	6166	-1.34787
2	6167	5.91326
2	6168	1.25182
2	6169	-10.7614
2	6170	0.060894
2	6171	-4.19679
2	6172	-0.632511
2	6173	-0.00101454
2	6174	-64.6681
2	6175	-0.105616
2	6176	1.33285
2	6177	-9.66329
2	6178	-0.581266
2	6179	-0.221107
2	6180	2.4924
2	6181	-0.165533
2	6182	-0.126346
2	6183	1.92834
2	6184	0.613247
2	6185	-1.44248
2	6186	-0.183807
2	6187	-66.3661
2	6188	1.24752
2	6189	-3.31793
2	6190	-4.94859
2	6191	0.479306
2	6192	-0.340434
2	6193	-0.365931
2	6194	0.132837
2	6195	-0.515771
2	6196	-0.233335
2	6197	-2.03961
2	6198	0.372301
2	6199	3.74303
2	6200	0.548224
2	6201	-1.8798
2	6202	-0.548256
2	6203	0.373615
2	6204	0.478218
2	6205	-0.461386
2	6206	5.82758
2	6207	114.486
2	6208	0.574028
2	6209	-0.811043
2	6210	0.670621
2	6211	4.00181
2	6212	0.511847
2	6213	-1.50733
2	6214	-0.659889
2	6215	0.0866659
2	6216	-0.728169
2	6217	6.65836
2	6218	-0.672593
2	6219	-2.53211
2	6220	1.2966
2	6221	-0.719272
2	6222	0.347565
2	6223	1.74338
2	6224	-2.23075
2	6225	-18.3916
2	6226	-0.507341
2	6227	17.2552
2	6228	0.703902
2	6229	0.0764877
2	6230	-229.346
2	6231	-2.25639
2	6232	0.534731
2	6233	10.4524
2	6234	-2.24819
2	6235	-7.8639
2	6236	-0.564387
2	6237	0.541285
2	6238	0.485343
2	6239	0.505971
2	6240	0.392384
2	6241	1.12754
2	6242	-0.434703
2	6243	-3.19109
2	6244	-1.8186
2	6245	-0.214606
2	6246	-3.25394
2	6247	-0.473287
2	6248	0.585159
2	6249	-1.10883
2	6250	-1.34122
2	6251	-51.5853
2	6252	0.354084
2	6253	1.46311
2	6254	-48.6349
2	6255	3.29164
2	6256	1.26685
2	6257	0.67771
2	6258	-4.75987
2	6259	-0.875911
2	6260	0.510347
2	6261	-0.979175
2	6262	-0.582015
2	6263	-0.63748
2	6264	-3.71204
2	6265	0.0613279
2	6266	9.28273
2	6267	-0.721189
2	6268	-7.83487
2	6269	1.67723
2	6270	-0.880253
2	6271	-0.0882559
2	6272	-0.705184
2	6273	-1.92274
2	6274	0.538779
2	6275	0.387551
2	6276	-0.8178
2	6277	0.483475
2	6278	0.422261
2	6279	-0.857435
2	6280	-2.75426
2	6281	14.8762
2	6282	-3.63602
2	6283	0.114635
2	6284	-1.50266
2	6285	1.30956
2	6286	-1.71141
2	6287	-6.1969
2	6288	-0.754218
2	6289	-1.39583
2	6290	-0.343847
2	6291	-12.6461
2	6292	-1.79806
2	6293	-4.48924
2	6294	-0.301991
2	6295	-0.0962138
2	6296	-0.0711241
2	6297	-3.86053
2	6298	2.31676
2	6299	2.10549
2	6300	7.97751
2	6301	8.79231
2	6302	-1.25731
2	6303	1.49972
2	6304	-1.41703
2	6305	-96.4315
2	6306	1.11156
2	6307	-0.0377619
2	6308	-3.14508
2	6309	-0.108799
2	6310	-12.7665
2	6311	-10.4631
2	6312	-4.49137
2	6313	1.55416
2	6314	2.21635
2	6315	-0.0828556
2	6316	0.944506
2	6317	38.0545
2	6318	0.233102
2	6319	-0.176138
2	6320	-3.85681
2	6321	-0.609417
2	6322	0.387479
2	6323	-0.416969
2	6324	-0.324605
2	6325	10.6686
2	6326	-6.5878
2	6327	-2.3818
2	6328	-6.74649
2	6329	1.52562
2	6330	-0.0675885
2	6331	-4.91102
2	6332	-3.543
2	6333	2.72139
2	6334	3.13765
2	6335	-42.6233
2	6336	-0.769759
2	6337	0.593116
2	6338	4.706
2	6339	-1.89882
2	6340	-2.11531
2	6341	0.248349
2	6342	0.103015
2	6343	-0.879357
2	6344	-1.14796
2	6345	0.321748
2	6346	-6.25897
2	6347	-0.90581
2	6348	-0.288868
2	6349	0.462773
2	6350	0.261598
2	6351	-0.271686
2	6352	-4.92849
2	6353	-2.28716
2	6354	-1.94922
2	6355	-1.7638
2	6356	1.77
2	6357	-0.00524103
2	6358	4.00127
2	6359	0.240883
2	6360	0.0255719
2	6361	21.5004
2	6362	-0.799198
2	6363	-0.954547
2	6364	-1.85934
2	6365	2.2086
2	6366	0.188884
2	6367	10.7169
2	6368	-0.65722
2	6369	1.02642
2	6370	-1.47909
2	6371	2.02111
2	6372	-1.64801
2	6373	-0.990007
2	6374	-0.582109
2	6375	-0.882869
2	6376	-0.969789
2	6377	-141.036
2	6378	-0.0810578
2	6379	1.90044
2	6380	-0.201847
2	6381	0.476387
2	6382	5.19501
2	6383	-5.45545
2	6384	-8.1312
2	6385	-1.06649
2	6386	-9.192
2	6387	-0.265653
2	6388	-0.0443827
2	6389	-0.798459
2	6390	22.428
2	6391	-0.380456
2	6392	0.878503
2	6393	-0.074737
2	6394	229.597
2	6395	-0.734614
2	6396	-7.55572
2	6397	0.0370603
2	6398	1.94073
2	6399	0.793666
2	6400	2.79775
2	6401	7.30369
2	6402	-1.39849
2	6403	-0.190817
2	6404	-2.26574
2	6405	-0.942492
2	6406	2.28793
2	6407	-5.27248
2	6408	0.83762
2	6409	0.030114
2	6410	0.258083
2	6411	3.68235
2	6412	-0.283246
2	6413	0.315811
2	6414	0.990488
2	6415	-0.486216
2	6416	1.92538
2	6417	-9.25562
2	6418	-5.18027
2	6419	-9.5296
2	6420	0.871149
2	6421	3.40692
2	6422	-0.392606
2	6423	-0.756399
2	6424	-0.860814
2	6425	0.285941
2	6426	-0.374083
2	6427	-1.17734
2	6428	-1.02244
2	6429	-1.03533
2	6430	-0.0346853
2	6431	1.81166
2	6432	-58.1815
2	6433	-0.708827
2	6434	0.843151
2	6435	0.729049
2	6436	1.37089
2	6437	-2.20738
2	6438	-0.281897
2	6439	1.77961
2	6440	9.17059
2	6441	-6.03176
2	6442	-0.382045
2	6443	-2.28509
2	6444	0.925775
2	6445	-0.300447
2	6446	2.39146
2	6447	-0.0500897
2	6448	-0.787667
2	6449	-2.06939
2	6450	-67.1171
2	6451	1.33835
2	6452	3.00892
2	6453	0.707452
2	6454	-0.126347
2	6455	-0.208922
2	6456	-1.17154
2	6457	0.164408
2	6458	-0.715764
2	6459	-0.739659
2	6460	1.93805
2	6461	-0.456538
2	6462	-1.13966
2	6463	-0.0885813
2	6464	-1.50874
2	6465	-3.4048
2	6466	0.653677
2	6467	7.80076
2	6468	-5.4108
2	6469	11.2437
2	6470	-0.717633
2	6471	0.549881
2	6472	-1.01589
2	6473	0.868366
2	6474	-3.7717
2	6475	0.969692
2	6476	-4.73667
2	6477	7.62356
2	6478	0.147019
2	6479	0.716107
2	6480	-0.168259
2	6481	3.95953
2	6482	-1.48121
2	6483	1.03985
2	6484	-2.11056
2	6485	0.570751
2	6486	-5.23873
2	6487	-10.9481
2	6488	-0.376392
2	6489	0.588423
2	6490	0.892742
2	6491	-3.60398
2	6492	3.70171
2	6493	-1.08529
2	6494	-1.05346
2	6495	-3.75157
2	6496	3.79984
2	6497	0.225485
2	6498	23.3066
2	6499	-2.37364
2	6500	25.2038
2	6501	-0.632512
2	6502	-0.684308
2	6503	1.89737
2	6504	-0.332828
2	6505	2.52578
2	6506	0.240374
2	6507	-0.190748
2	6508	-0.370834
2	6509	3.28001
2	6510	-17.2562
2	6511	-2.47224
2	6512	-7.70344
2	6513	-0.666572
2	6514	-0.98534
2	6515	3.828
2	6516	-1.64422
2	6517	-0.632146
2	6518	25.0861
2	6519	12.5489
2	6520	-4.23423
2	6521	7.07312
2	6522	0.671989
2	6523	-0.301731
2	6524	3.02694
2	6525	5.65409
2	6526	2.09218
2	6527	-0.568238
2	6528	0.419874
2	6529	0.410336
2	6530	5.1272
2	6531	1.16621
2	6532	-0.0363555
2	6533	1.25968
2	6534	-3.85274
2	6535	-11.4164
2	6536	-2.76457
2	6537	0.759533
2	6538	0.556796
2	6539	1.27503
2	6540	-0.114617
2	6541	-0.574132
2	6542	1.8941
2	6543	-0.122818
2	6544	13.4488
2	6545	1.48788
2	6546	2.12697
2	6547	0.898401
2	6548	-0.00110219
2	6549	-1.26597
2	6550	1.99922
2	6551	0.318669
2	6552	-2.83314
2	6553	0.682984
2	6554	-5.6037
2	6555	0.470165
2	6556	0.861372
2	6557	-0.643982
2	6558	-1.11689
2	6559	3.67802
2	6560	-1.81553
2	6561	-0.967215
2	6562	1.25666
2	6563	1.90938
2	6564	-0.626147
2	6565	-28.1296
2	6566	-0.911989
2	6567	0.437957
2	6568	-1.45113
2	6569	-2.02229
2	6570	0.163357
2	6571	0.39128
2	6572	0.404767
2	6573	0.20186
2	6574	-0.629302
2	6575	0.352576
2	6576	-4.3362
2	6577	-0.348014
2	6578	-0.635128
2	6579	0.379981
2	6580	0.325754
2	6581	-1.08144
2	6582	1.69025
2	6583	0.221304
2	6584	-5.49099
2	6585	1.56922
2	6586	0.667625
2	6587	0.34117
2	6588	0.965744
2	6589	0.258285
2	6590	0.133013
2	6591	-11.6329
2	6592	-1.08115
2	6593	-33.5939
2	6594	1.67136
2	6595	-2.55442
2	6596	-0.109277
2	6597	-447.215
2	6598	1.84504
2	6599	-3.8058
2	6600	7.00263
2	6601	2.63477
2	6602	-0.0738869
2	6603	1.51266
2	6604	1.37579
2	6605	-1.26031
2	6606	11.2618
2	6607	-1.9414
2	6608	-0.481387
2	6609	-0.800146
2	6610	-16.36
2	6611	0.110052
2	6612	0.83733
2	6613	-0.922233
2	6614	0.34009
2	6615	0.408568
2	6616	-3.33178
2	6617	0.649815
2	6618	3.06007
2	6619	64.7864
2	6620	-3.48638
2	6621	-0.437374
2	6622	0.0917802
2	6623	-0.208079
2	6624	0.457338
2	6625	1.58591
2	6626	-0.382872
2	6627	0.317126
2	6628	-0.28334
2	6629	-10.9193
2	6630	-0.388993
2	6631	0.651895
2	6632	-0.0720159
2	6633	2.78126
2	6634	0.394528
2	6635	1.52736
2	6636	9.00168
2	6637	0.54565
2	6638	-0.666209
2	6639	-0.0988675
2	6640	1.58699
2	6641	-0.642453
2	6642	3.41855
2	6643	-3.37958
2	6644	2.82259
2	6645	0.460183
2	6646	1.28082
2	6647	1.98472
2	6648	-1.2742
2	6649	-4.27869
2	6650	-0.795637
2	6651	0.353893
2	6652	0.0416039
2	6653	-0.675465
2	6654	0.954888
2	6655	-1.60396
2	6656	-0.171073
2	6657	0.321156
2	6658	-0.645819
2	6659	-4.5754
2	6660	-0.402537
2	6661	1.15498
2	6662	1.6829
2	6663	-1.88474
2	6664	5.3311
2	6665	0.490954
2	6666	0.569935
2	6667	0.19557
2	6668	-0.323603
2	6669	-1.26107
2	6670	1.06189
2	6671	4.51402
2	6672	0.777323
2	6673	0.349446
2	6674	3.09887
2	6675	0.535301
2	6676	0.361934
2	6677	0.484788
2	6678	1.24194
2	6679	-0.105517
2	6680	131.001
2	6681	8.1165
2	6682	-0.917595
2	6683	4.44553
2	6684	-2.91674
2	6685	-3.64206
2	6686	-123.399
2	6687	1.91843
2	6688	0.725936
2	6689	-4.94665
2	6690	0.587217
2	6691	-0.382448
2	6692	-0.630032
2	6693	0.2337
2	6694	-8.6947
2	6695	-0.141969
2	6696	-6.96331
2	6697	-8.93737
2	6698	-622.579
2	6699	-1.86886
2	6700	-10.3259
2	6701	0.272009
2	6702	1.12222
2	6703	33.1532
2	6704	0.00424839
2	6705	-0.084578
2	6706	1.78262
2	6707	4.46051
2	6708	3.3108
2	6709	-0.836081
2	6710	2.17379
2	6711	0.228101
2	6712	-2.61424
2	6713	-0.206837
2	6714	-23.0197
2	6715	-2.09538
2	6716	7.36577
2	6717	-3.09
2	6718	-0.482018
2	6719	-3.19519
2	6720	-1.11482
2	6721	0.0565981
2	6722	2.39137
2	6723	-0.0810008
2	6724	-0.214293
2	6725	0.87233
2	6726	-2.64175
2	6727	0.631571
2	6728	-1.6104
2	6729	-0.194371
2	6730	-1.48563
2	6731	-1.23702
2	6732	-0.282739
2	6733	-5.41406
2	6734	6.86754
2	6735	-0.723194
2	6736	0.321656
2	6737	0.303454
2	6738	3.34111
2	6739	2.76436
2	6740	2.79333
2	6741	-0.0143611
2	6742	-1.58984
2	6743	-3.49632
2	6744	-6.63555
2	6745	8.40887
2	6746	-0.0914173
2	6747	-0.167454
2	6748	0.00836066
2	6749	2.79264
2	6750	0.325866
2	6751	0.240113
2	6752	0.735584
2	6753	0.941838
2	6754	1.48968
2	6755	0.0119088
2	6756	-3.56442
2	6757	0.294123
2	6758	-1.17029
2	6759	-128.036
2	6760	0.797661
2	6761	-2.82857
2	6762	0.233565
2	6763	0.410406
2	6764	0.0496572
2	6765	-1.98422
2	6766	0.84211
2	6767	-0.517445
2	6768	13.1165
2	6769	-0.329584
2	6770	1.03549
2	6771	-0.266257
2	6772	-0.430332
2	6773	0.0820392
2	6774	0.218565
2	6775	-0.926511
2	6776	-0.233816
2	6777	-3.99734
2	6778	0.39986
2	6779	-19.3564
2	6780	4.30434
2	6781	0.276911
2	6782	0.905799
2	6783	0.0956816
2	6784	-3.68576
2	6785	-0.0957389
2	6786	-1.48024
2	6787	0.379019
2	6788	-0.573898
2	6789	0.120916
2	6790	-1.38052
2	6791	-4.1507
2	6792	-25.7358
2	6793	0.427186
2	6794	-11.0889
2	6795	19.4717
2	6796	-1.7815
2	6797	-1.11449
2	6798	-0.0779753
2	6799	-0.705441
2	6800	1.67691
2	6801	-2.53831
2	6802	-0.753576
2	6803	0.151011
2	6804	2.68591
2	6805	0.436477
2	6806	0.503512
2	6807	-1.43925
2	6808	-0.341074
2	6809	2.59384
2	6810	-1.45802
2	6811	1.24796
2	6812	0.0628318
2	6813	0.079953
2	6814	1.99157
2	6815	-0.699485
2	6816	3.06608
2	6817	-3.05552
2	6818	-5.78156
2	6819	-0.92894
2	6820	-6.32719
2	6821	-0.844771
2	6822	-1.20547
2	6823	-0.0263007
2	6824	1.17153
2	6825	3.23815
2	6826	-0.30859
2	6827	0.844708
2	6828	0.755213
2	6829	-5.73289
2	6830	-0.224897
2	6831	3.07869
2	6832	-2.01292
2	6833	-2.40052
2	6834	0.543148
2	6835	0.964329
2	6836	0.897043
2	6837	0.887185
2	6838	0.470725
2	6839	0.828702
2	6840	5.10285
2	6841	-0.323451
2	6842	22.345
2	6843	-6.70423
2	6844	1.03775
2	6845	0.963987
2	6846	-1.49904
2	6847	-0.536357
2	6848	-4.48465
2	6849	0.397906
2	6850	-1.46267
2	6851	0.161632
2	6852	-1.46942
2	6853	-1.61049
2	6854	-1.23056
2	6855	0.447462
2	6856	0.230095
2	6857	-1.00736
2	6858	2.05881
2	6859	0.17963
2	6860	0.851317
2	6861	-0.709249
2	6862	-4.88702
2	6863	0.209759
2	6864	6.08845
2	6865	-0.826024
2	6866	0.187772
2	6867	1.7578
2	6868	0.0531924
2	6869	-0.655132
2	6870	0.334202
2	6871	0.749863
2	6872	2.98091
2	6873	-0.0824029
2	6874	-96.0989
2	6875	0.200513
2	6876	0.513456
2	6877	-1.03901
2	6878	-0.154054
2	6879	0.277123
2	6880	-0.147814
2	6881	-0.497089
2	6882	0.259251
2	6883	-0.731846
2	6884	-2.5632
2	6885	-0.69729
2	6886	-1.12556
2	6887	-1.10999
2	6888	7.17818
2	6889	1.18199
2	6890	-6.28296
2	6891	0.430252
2	6892	-0.968693
2	6893	3.68979
2	6894	-0.360638
2	6895	-0.403322
2	6896	-2.16344
2	6897	-16.0235
2	6898	-1.69815
2	6899	-0.780581
2	6900	10.6105
2	6901	-0.0751554
2	6902	-2.12474
2	6903	-7.55694
2	6904	1.13933
2	6905	-4.53426
2	6906	0.332251
2	6907	-0.621057
2	6908	3.05812
2	6909	0.500734
2	6910	1.64496
2	6911	1.01927
2	6912	-0.10068
2	6913	0.550845
2	6914	-2.50842
2	6915	-0.346417
2	6916	0.438331
2	6917	-0.564994
2	6918	-0.01979
2	6919	-0.264584
2	6920	3.06613
2	6921	18.9241
2	6922	-0.0359264
2	6923	-0.679144
2	6924	1.99392
2	6925	9.30077
2	6926	2.27623
2	6927	-2.3273
2	6928	0.516704
2	6929	0.533885
2	6930	0.610412
2	6931	-0.888818
2	6932	1.95869
2	6933	-1.90584
2	6934	0.378671
2	6935	-3.23586
2	6936	-1.04651
2	6937	-1.24095
2	6938	0.0232698
2	6939	0.713334
2	6940	-0.452238
2	6941	0.50562
2	6942	6.34704
2	6943	-9.18994
2	6944	-0.117505
2	6945	-14.2468
2	6946	0.145059
2	6947	-0.582116
2	6948	0.0982549
2	6949	-0.793863
2	6950	-12.6851
2	6951	0.558656
2	6952	-0.511422
2	6953	0.477662
2	6954	6.66339
2	6955	-0.320659
2	6956	-3.36861
2	6957	-1.41129
2	6958	-2.84485
2	6959	255.447
2	6960	10.7113
2	6961	-0.283378
2	6962	0.158274
2	6963	13.9039
2	6964	-1.46613
2	6965	-6.80926
2	6966	-0.402409
2	6967	0.372771
2	6968	-3.51896
2	6969	-1.27201
2	6970	0.40355
2	6971	8.28268
2	6972	-2.24142
2	6973	-1.15407
2	6974	2.91494
2	6975	1.07429
2	6976	0.529019
2	6977	8.76108
2	6978	-0.171887
2	6979	0.877168
2	6980	-1.53482
2	6981	-2.78726
2	6982	2.15997
2	6983	-1.82928
2	6984	-1.85744
2	6985	1.02447
2	6986	2.01479
2	6987	0.325796
2	6988	7.8837
2	6989	-4.53446
2	6990	-0.880124
2	6991	0.674291
2	6992	-0.195404
2	6993	-0.590393
2	6994	-0.254575
2	6995	1.8522
2	6996	-0.507535
2	6997	-0.467409
2	6998	-3.07498
2	6999	0.935501
2	7000	-0.862533
2	7001	-3.71557
2	7002	0.784396
2	7003	-0.894034
2	7004	-0.278015
2	7005	7.08124
2	7006	-1.21823
2	7007	5.60872
2	7008	-0.161424
2	7009	34.7446
2	7010	-7.96257
2	7011	-1.7079
2	7012	-12.86
2	7013	18.78
2	7014	0.194256
2	7015	-0.235979
2	7016	1.23784
2	7017	-0.502364
2	7018	-0.396648
2	7019	2.23562
2	7020	-0.408384
2	7021	8.71042
2	7022	7.33687
2	7023	1.07869
2	7024	2.27747
2	7025	-1.77631
2	7026	2.06685
2	7027	1.47833
2	7028	-0.210967
2	7029	1.68618
2	7030	-5.21988
2	7031	1.20039
2	7032	0.0583604
2	7033	-47.0289
2	7034	3.61285
2	7035	0.956494
2	7036	0.361889
2	7037	-10.398
2	7038	0.298819
2	7039	-0.910858
2	7040	0.370271
2	7041	-5.57918
2	7042	-0.69788
2	7043	0.438773
2	7044	-2.31481
2	7045	0.627642
2	7046	1.60231
2	7047	-0.412297
2	7048	-9.01036
2	7049	0.0655743
2	7050	0.0199936
2	7051	-0.447521
2	7052	0.480711
2	7053	-2.64169
2	7054	1.94524
2	7055	-0.968424
2	7056	-2.63633
2	7057	-0.105474
2	7058	-1.23786
2	7059	0.230277
2	7060	15.1121
2	7061	1.07356
2	7062	0.505688
2	7063	1.01678
2	7064	1.42981
2	7065	1.86368
2	7066	-0.30589
2	7067	0.969079
2	7068	0.196548
2	7069	1.30529
2	7070	0.189912
2	7071	-0.122631
2	7072	0.658402
2	7073	-0.472596
2	7074	0.2761
2	7075	0.718227
2	7076	-3.37126
2	7077	0.376779
2	7078	-0.073834
2	7079	21.6664
2	7080	-9.67277
2	7081	0.617051
2	7082	22.5593
2	7083	0.605925
2	7084	-1.41968
2	7085	-0.454802
2	7086	0.498795
2	7087	-0.124993
2	7088	-0.271351
2	7089	2.69967
2	7090	0.770315
2	7091	0.444833
2	7092	1.81294
2	7093	-1.7724
2	7094	-1.40401
2	7095	0.608111
2	7096	-1.01808
2	7097	-0.630532
2	7098	1.1077
2	7099	-0.609522
2	7100	6.03013
2	7101	2.97182
2	7102	0.740063
2	7103	-1.46935
2	7104	0.532116
2	7105	-2.31766
2	7106	-0.843523
2	7107	1.70842
2	7108	4.7329
2	7109	-0.997045
2	7110	-2.71364
2	7111	0.471126
2	7112	2.74746
2	7113	-0.819927
2	7114	2.00861
2	7115	1.04759
2	7116	0.60033
2	7117	-1.47823
2	7118	-2.32597
2	7119	-0.531484
2	7120	-1.22843
2	7121	-0.243036
2	7122	0.509308
2	7123	0.252197
2	7124	-0.147677
2	7125	-0.513021
2	7126	-0.272669
2	7127	4.43367
2	7128	-4.45003
2	7129	2.49326
2	7130	1.56109
2	7131	-0.294891
2	7132	-0.413759
2	7133	-1.62766
2	7134	0.9181
2	7135	-2.69535
2	7136	1.81215
2	7137	-3.54401
2	7138	0.1418
2	7139	-10.4336
2	7140	-0.605469
2	7141	0.270493
2	7142	-0.527012
2	7143	0.969937
2	7144	0.60539
2	7145	-0.354179
2	7146	0.451485
2	7147	-2.35962
2	7148	-1.23416
2	7149	0.683511
2	7150	-0.143161
2	7151	0.212756
2	7152	-1.3351
2	7153	0.0606355
2	7154	0.124413
2	7155	2.4924
2	7156	-0.475527
2	7157	-1.94865
2	7158	-0.512249
2	7159	8.03779
2	7160	-0.875419
2	7161	-9.6114
2	7162	0.556802
2	7163	1.43457
2	7164	1.5866
2	7165	0.217572
2	7166	0.456378
2	7167	-0.458063
2	7168	-1.07043
2	7169	4.48177
2	7170	0.88076
2	7171	0.729019
2	7172	-0.523571
2	7173	-0.153248
2	7174	-1.60913
2	7175	2.12467
2	7176	1.30312
2	7177	-1.59204
2	7178	2.00048
2	7179	3.34164
2	7180	-15.2557
2	7181	-0.147799
2	7182	0.252871
2	7183	4.47503
2	7184	-1.57073
2	7185	-0.280477
2	7186	-0.392684
2	7187	-2.7629
2	7188	-0.166089
2	7189	0.248919
2	7190	-0.586207
2	7191	-1.1393
2	7192	-0.22992
2	7193	0.289752
2	7194	2.35119
2	7195	0.142953
2	7196	-0.679239
2	7197	1.52565
2	7198	4.89991
2	7199	0.149135
2	7200	-0.402385
2	7201	-2.07427
2	7202	-0.374067
2	7203	1.63025
2	7204	1.04595
2	7205	0.460644
2	7206	9.19691
2	7207	0.542985
2	7208	-6.83802
2	7209	7.14966
2	7210	-0.204118
2	7211	-0.209882
2	7212	-1.21685
2	7213	0.304204
2	7214	0.315472
2	7215	-1.62552
2	7216	0.665609
2	7217	-1.44956
2	7218	-0.352607
2	7219	0.143522
2	7220	0.77578
2	7221	0.070226
2	7222	8.42681
2	7223	-0.537904
2	7224	0.0360893
2	7225	-3.1692
2	7226	1.41407
2	7227	1.49964
2	7228	-4.17817
2	7229	0.692479
2	7230	-0.392475
2	7231	3.17463
2	7232	2.20052
2	7233	4.45098
2	7234	0.733974
2	7235	-2.35923
2	7236	1.98091
2	7237	-1.06752
2	7238	10.2374
2	7239	-24.0729
2	7240	-0.126117
2	7241	5.26626
2	7242	-1.50297
2	7243	-0.293726
2	7244	4.0081
2	7245	-0.460272
2	7246	1.32359
2	7247	0.535147
2	7248	-4.9844
2	7249	-0.0612721
2	7250	-1.45873
2	7251	-0.402563
2	7252	0.016741
2	7253	-0.22131
2	7254	3.58399
2	7255	1.62669
2	7256	1.65565
2	7257	-0.863861
2	7258	-0.997936
2	7259	1.27854
2	7260	-0.277455
2	7261	2.13724
2	7262	-2.29725
2	7263	-1.68772
2	7264	-0.09605
2	7265	4.04181
2	7266	0.0662536
2	7267	-0.98663
2	7268	0.705544
2	7269	-0.106419
2	7270	0.923372
2	7271	0.666652
2	7272	-0.398667
2	7273	-0.266728
2	7274	0.673857
2	7275	0.502558
2	7276	0.574551
2	7277	0.730324
2	7278	-0.679384
2	7279	-3.24569
2	7280	-0.841354
2	7281	-0.00784397
2	7282	-0.0932889
2	7283	2.59439
2	7284	-0.562032
2	7285	0.720442
2	7286	-2.02947
2	7287	-22.2257
2	7288	-0.806141
2	7289	1.55576
2	7290	1.55313
2	7291	0.574456
2	7292	0.280688
2	7293	-3.2055
2	7294	-0.0646024
2	7295	-5.80932
2	7296	11.6286
2	7297	16.3848
2	7298	1.20392
2	7299	0.89468
2	7300	-1.89772
2	7301	4.33984
2	7302	0.759948
2	7303	0.355691
2	7304	-1.39978
2	7305	-0.372254
2	7306	3.61063
2	7307	2.90258
2	7308	-1.017
2	7309	1.29428
2	7310	0.26598
2	7311	-10.0051
2	7312	-0.300734
2	7313	-6.40988
2	7314	-0.465354
2	7315	-0.551548
2	7316	0.752298
2	7317	0.229624
2	7318	-1.6042
2	7319	1.32165
2	7320	1.60958
2	7321	-0.29107
2	7322	0.261105
2	7323	-0.868141
2	7324	2.71481
2	7325	0.353739
2	7326	-0.785742
2	7327	-0.439484
2	7328	-5.59212
2	7329	8.5683
2	7330	-1.36605
2	7331	-0.358327
2	7332	1.17818
2	7333	5.96408
2	7334	0.748132
2	7335	-0.0603541
2	7336	0.349282
2	7337	-0.0651484
2	7338	-0.894247
2	7339	1.44518
2	7340	-1.45551
2	7341	25.2637
2	7342	0.228293
2	7343	-0.229947
2	7344	-0.518133
2	7345	0.335557
2	7346	-0.233402
2	7347	-0.712405
2	7348	-0.267539
2	7349	-1.032
2	7350	-0.716738
2	7351	0.427603
2	7352	0.278907
2	7353	-2.42641
2	7354	-0.337333
2	7355	1.28825
2	7356	-7.52406
2	7357	-1.16907
2	7358	1.44392
2	7359	1.7855
2	7360	0.469015
2	7361	1.52365
2	7362	-0.683529
2	7363	-0.226883
2	7364	3.23256
2	7365	-1.29839
2	7366	0.639913
2	7367	-1.05862
2	7368	0.713009
2	7369	2.66586
2	7370	-11.1336
2	7371	-1.61459
2	7372	-0.403891
2	7373	1.34108
2	7374	-0.637934
2	7375	-1.9571
2	7376	0.18538
2	7377	4.2583
2	7378	1.27441
2	7379	0.126079
2	7380	-0.757402
2	7381	1.6865
2	7382	-0.213632
2	7383	4.09476
2	7384	1.02739
2	7385	3.32299
2	7386	-1.80571
2	7387	0.562406
2	7388	0.453185
2	7389	2.02287
2	7390	1.63157
2	7391	-0.174892
2	7392	-2.38408
2	7393	-0.600012
2	7394	-72.3592
2	7395	1.35637
2	7396	13.4405
2	7397	-1.61962
2	7398	0.272619
2	7399	-3.47067
2	7400	-24.7204
2	7401	-0.155279
2	7402	-0.681248
2	7403	3.29583
2	7404	-0.319921
2	7405	0.54224
2	7406	-5.47062
2	7407	-0.0583883
2	7408	0.944309
2	7409	-0.424787
2	7410	3.17652
2	7411	0.408681
2	7412	7.85973
2	7413	0.131159
2	7414	2.72762
2	7415	-0.791004
2	7416	-0.263847
2	7417	0.0691812
2	7418	-0.702999
2	7419	-5.99705
2	7420	-2.39876
2	7421	-0.39084
2	7422	0.374742
2	7423	1.6244
2	7424	-0.98673
2	7425	1.27874
2	7426	0.483599
2	7427	-2.01039
2	7428	3.76565
2	7429	-0.865014
2	7430	0.071521
2	7431	0.418818
2	7432	-2.7375
2	7433	-0.380503
2	7434	1.12748
2	7435	3.40663
2	7436	7.95336
2	7437	1.04783
2	7438	-0.321585
2	7439	2.78822
2	7440	-0.349292
2	7441	-1.44223
2	7442	-0.524899
2	7443	0.251686
2	7444	-0.0925625
2	7445	0.350659
2	7446	1.49867
2	7447	-0.39902
2	7448	-2.4191
2	7449	-7.72147
2	7450	-0.266626
2	7451	0.393165
2	7452	-5.10114
2	7453	3.38551
2	7454	0.134936
2	7455	0.441758
2	7456	-2.00711
2	7457	5.60341
2	7458	-0.466829
2	7459	0.431436
2	7460	-0.478152
2	7461	-3.5843
2	7462	1.38728
2	7463	-0.487665
2	7464	0.224802
2	7465	-3.45418
2	7466	-0.261936
2	7467	10.7407
2	7468	2.40954
2	7469	0.142532
2	7470	-15.8468
2	7471	41.8045
2	7472	-2.05167
2	7473	-0.0166392
2	7474	-0.751198
2	7475	11.765
2	7476	0.878888
2	7477	0.245974
2	7478	-0.0483162
2	7479	0.100718
2	7480	-2.66977
2	7481	-0.764141
2	7482	2.9655
2	7483	2.25526
2	7484	-8.58316
2	7485	-1.4444
2	7486	-0.925052
2	7487	0.38998
2	7488	-21.1901
2	7489	-0.376349
2	7490	-0.520165
2	7491	-0.163989
2	7492	-2.4745
2	7493	-1.49857
2	7494	0.535942
2	7495	1.49317
2	7496	1.35182
2	7497	0.377626
2	7498	-0.871186
2	7499	-0.639541
2	7500	0.420988
2	7501	-1.34542
2	7502	1.19497
2	7503	4.14815
2	7504	-2.74823
2	7505	-0.622746
2	7506	1.57439
2	7507	0.836569
2	7508	-0.407065
2	7509	1.8429
2	7510	-0.12435
2	7511	0.221674
2	7512	-31.0785
2	7513	-0.101921
2	7514	-1.16631
2	7515	-2.70489
2	7516	-25.8208
2	7517	6.02219
2	7518	0.139629
2	7519	0.0987933
2	7520	-0.579328
2	7521	6.77832
2	7522	0.452804
2	7523	-0.641089
2	7524	1.89724
2	7525	1.64846
2	7526	1.67062
2	7527	2.55124
2	7528	-0.256155
2	7529	1.85594
2	7530	-1.0405
2	7531	-0.454716
2	7532	4.64725
2	7533	1.16553
2	7534	9.8722
2	7535	-0.741621
2	7536	0.437054
2	7537	0.653049
2	7538	0.202944
2	7539	-76.0859
2	7540	0.115523
2	7541	-1.4964
2	7542	-1.0488
2	7543	0.0461333
2	7544	0.626972
2	7545	-0.434341
2	7546	6.5992
2	7547	-0.146582
2	7548	0.165063
2	7549	-5.56578
2	7550	-1.21537
2	7551	0.828187
2	7552	-4.1226
2	7553	0.39854
2	7554	0.420431
2	7555	-1.7966
2	7556	4.27406
2	7557	-11.1876
2	7558	1.39119
2	7559	-60.6491
2	7560	-0.890776
2	7561	2.85353
2	7562	1.86934
2	7563	-0.160624
2	7564	-0.153459
2	7565	0.134997
2	7566	8.60391
2	7567	-1.52087
2	7568	0.613607
2	7569	0.537238
2	7570	0.295715
2	7571	-0.812311
2	7572	0.667618
2	7573	5.28726
2	7574	-0.789641
2	7575	-0.385304
2	7576	-1.16665
2	7577	-3.17035
2	7578	0.435455
2	7579	1.55421
2	7580	-0.289623
2	7581	2.10216
2	7582	0.0154291
2	7583	5.86101
2	7584	-0.164304
2	7585	3.29335
2	7586	0.0382491
2	7587	-3.50453
2	7588	-0.366809
2	7589	-1.48307
2	7590	0.913162
2	7591	-0.0201839
2	7592	0.671224
2	7593	2.54951
2	7594	-0.177935
2	7595	-0.226564
2	7596	-0.0477114
2	7597	0.017201
2	7598	-0.586831
2	7599	-0.442785
2	7600	2.5107
2	7601	9.24782
2	7602	-8.37778
2	7603	-0.843102
2	7604	-0.177422
2	7605	-0.0393435
2	7606	-0.107156
2	7607	-50.3123
2	7608	0.25358
2	7609	-2.61865
2	7610	1.64449
2	7611	-1.19853
2	7612	-1.65323
2	7613	-0.60959
2	7614	-3.137
2	7615	-1.39886
2	7616	1.31943
2	7617	-0.395133
2	7618	-0.348189
2	7619	-1.44877
2	7620	-1.79492
2	7621	-4.31959
2	7622	-0.346844
2	7623	-6.79564
2	7624	-0.0371639
2	7625	0.238008
2	7626	-0.0612421
2	7627	0.632549
2	7628	-6.22176
2	7629	-0.472939
2	7630	-0.335614
2	7631	1.48118
2	7632	-0.571243
2	7633	-1.04601
2	7634	-1.08951
2	7635	0.48612
2	7636	-1.44171
2	7637	-0.517545
2	7638	0.305637
2	7639	2.01987
2	7640	-1.30823
2	7641	0.185376
2	7642	-0.329844
2	7643	-0.549798
2	7644	-1.32417
2	7645	-4.84904
2	7646	-2.21314
2	7647	-1.28827
2	7648	-2.39988
2	7649	-5.05807
2	7650	-1.55842
2	7651	10.1605
2	7652	2.41429
2	7653	-17.6388
2	7654	63.1972
2	7655	-7.81672
2	7656	-0.287373
2	7657	-1.43999
2	7658	0.235633
2	7659	-1.15208
2	7660	0.4641
2	7661	0.453564
2	7662	-0.401102
2	7663	-1.32434
2	7664	-1.72988
2	7665	0.134673
2	7666	-0.507558
2	7667	-0.306514
2	7668	0.242817
2	7669	17.6481
2	7670	-0.824765
2	7671	0.650906
2	7672	0.413149
2	7673	-0.0864119
2	7674	-0.517365
2	7675	0.815275
2	7676	0.305109
2	7677	0.365949
2	7678	1.15609
2	7679	11.9411
2	7680	-3.51259
2	7681	2.15143
2	7682	5.60869
2	7683	1.11464
2	7684	-1.71543
2	7685	-3.78765
2	7686	-6.87225
2	7687	4.47735
2	7688	0.498654
2	7689	0.652487
2	7690	-3.59019
2	7691	-0.508363
2	7692	2.82429
2	7693	-0.48248
2	7694	1.82083
2	7695	0.62744
2	7696	1.54156
2	7697	-1.10576
2	7698	-0.72359
2	7699	1.60371
2	7700	-1.24968
2	7701	0.462072
2	7702	1.07811
2	7703	-0.101663
2	7704	-0.481038
2	7705	0.372694
2	7706	-16.0352
2	7707	-0.170933
2	7708	-0.762271
2	7709	-18.2806
2	7710	0.322071
2	7711	-1.65496
2	7712	-0.190794
2	7713	-0.538767
2	7714	2.99517
2	7715	0.401839
2	7716	-3.84039
2	7717	-0.370823
2	7718	-3.22243
2	7719	-9.52933
2	7720	-0.55934
2	7721	-0.681879
2	7722	-2.23078
2	7723	-0.407085
2	7724	-0.403886
2	7725	-1.02578
2	7726	0.302032
2	7727	0.684402
2	7728	-0.153235
2	7729	10.0888
2	7730	1.40801
2	7731	0.212531
2	7732	0.341724
2	7733	-0.203437
2	7734	-0.42684
2	7735	0.665942
2	7736	1.38103
2	7737	10.823
2	7738	-1.49456
2	7739	0.34677
2	7740	1.85521
2	7741	14.6719
2	7742	-0.978497
2	7743	2.33784
2	7744	-17.2132
2	7745	-3.05826
2	7746	0.67742
2	7747	0.607414
2	7748	2.71577
2	7749	0.602624
2	7750	-0.502632
2	7751	-0.507519
2	7752	-0.813576
2	7753	1.0964
2	7754	-0.305604
2	7755	7.16145
2	7756	-5.64265
2	7757	0.231928
2	7758	1.51938
2	7759	-0.683063
2	7760	0.701693
2	7761	-0.929339
2	7762	0.053752
2	7763	-0.363916
2	7764	0.380757
2	7765	-1.04048
2	7766	-0.430604
2	7767	0.471742
2	7768	-1.94397
2	7769	1.6255
2	7770	0.386138
2	7771	0.659604
2	7772	10.1323
2	7773	-0.968875
2	7774	0.112644
2	7775	0.105072
2	7776	0.882874
2	7777	-0.202154
2	7778	-0.294902
2	7779	-1.88949
2	7780	0.232721
2	7781	-2.09161
2	7782	-0.402835
2	7783	-0.0875966
2	7784	-0.180333
2	7785	-0.122727
2	7786	-51.922
2	7787	0.749218
2	7788	-2.12179
2	7789	0.654678
2	7790	-1.26987
2	7791	0.432786
2	7792	-0.567118
2	7793	-0.580523
2	7794	1.94569
2	7795	0.188416
2	7796	0.0416516
2	7797	-0.926049
2	7798	-0.420505
2	7799	-0.52154
2	7800	6.99316
2	7801	-0.60191
2	7802	-3.7894
2	7803	-3.43915
2	7804	0.641961
2	7805	-0.908721
2	7806	-1.84556
2	7807	-0.339439
2	7808	2.1114
2	7809	0.421488
2	7810	3.30156
2	7811	1.19309
2	7812	14.4953
2	7813	-1.6781
2	7814	0.453222
2	7815	0.408868
2	7816	-369.152
2	7817	-0.545765
2	7818	-0.751836
2	7819	1.16058
2	7820	-0.36489
2	7821	1.52647
2	7822	-0.377032
2	7823	1.65668
2	7824	-1.27723
2	7825	0.249255
2	7826	1.20394
2	7827	0.0984222
2	7828	0.782372
2	7829	4.38254
2	7830	0.421075
2	7831	-0.209132
2	7832	-3.08899
2	7833	-0.907932
2	7834	-0.910794
2	7835	-0.0989871
2	7836	-54.4146
2	7837	0.351497
2	7838	-0.330995
2	7839	-0.248575
2	7840	0.612028
2	7841	0.839138
2	7842	0.768734
2	7843	4.07913
2	7844	-74.3643
2	7845	-0.5322
2	7846	-0.181442
2	7847	-0.268392
2	7848	0.824198
2	7849	-2.37034
2	7850	1.27935
2	7851	0.319554
2	7852	2.82427
2	7853	4.03933
2	7854	0.59027
2	7855	-2.13296
2	7856	-0.65214
2	7857	-1.23846
2	7858	1.01848
2	7859	-0.643299
2	7860	1.86471
2	7861	5.73324
2	7862	4.4409
2	7863	-1.4262
2	7864	-1.60233
2	7865	-8.70561
2	7866	-2.17355
2	7867	1.98847
2	7868	-0.0447285
2	7869	0.916442
2	7870	0.435738
2	7871	-0.232777
2	7872	-14.9174
2	7873	-64.088
2	7874	0.100546
2	7875	-1.51821
2	7876	-48.5919
2	7877	-0.301781
2	7878	1.68066
2	7879	0.794482
2	7880	0.86862
2	7881	0.891394
2	7882	-7.61964
2	7883	0.600483
2	7884	0.0895253
2	7885	-0.480958
2	7886	0.624422
2	7887	1.27358
2	7888	0.0915776
2	7889	0.470493
2	7890	3.45036
2	7891	-2.22426
2	7892	-0.036282
2	7893	-7.51868
2	7894	0.579927
2	7895	1.8476
2	7896	0.479924
2	7897	-0.0656161
2	7898	-11.9521
2	7899	2.19662
2	7900	-3.05868
2	7901	-1.28518
2	7902	-0.308324
2	7903	-3.56811
2	7904	3.91718
2	7905	5.69654
2	7906	0.459356
2	7907	-0.0666679
2	7908	1.75589
2	7909	2.7183
2	7910	0.877369
2	7911	-9.54041
2	7912	-3.40225
2	7913	-5.24006
2	7914	1.48343
2	7915	0.490916
2	7916	-1.46011
2	7917	59.9116
2	7918	-0.740571
2	7919	0.21246
2	7920	0.231207
2	7921	-0.499545
2	7922	2.98193
2	7923	4.50077
2	7924	0.306043
2	7925	0.878371
2	7926	0.776911
2	7927	-1.58434
2	7928	2.70009
2	7929	2.89485
2	7930	-0.614014
2	7931	-1.57423
2	7932	1.57893
2	7933	-1.03359
2	7934	-2.09201
2	7935	0.173214
2	7936	-2.57387
2	7937	1.58297
2	7938	-0.462194
2	7939	-0.623728
2	7940	3.61623
2	7941	119.783
2	7942	0.982531
2	7943	1.45213
2	7944	-0.691026
2	7945	0.0268628
2	7946	-11.6931
2	7947	-1.98541
2	7948	-0.0232462
2	7949	-0.415521
2	7950	0.111971
2	7951	-2.44368
2	7952	-0.489267
2	7953	-19.0979
2	7954	0.122369
2	7955	0.708492
2	7956	-1.6545
2	7957	1.24189
2	7958	8.76719
2	7959	0.79713
2	7960	0.0508491
2	7961	0.598675
2	7962	-2.57332
2	7963	-0.985122
2	7964	-0.73116
2	7965	43.0654
2	7966	3.84505
2	7967	-1.33808
2	7968	0.52015
2	7969	0.657232
2	7970	-0.83394
2	7971	0.400477
2	7972	1.18195
2	7973	0.562066
2	7974	2.27461
2	7975	0.135246
2	7976	0.224285
2	7977	-9.02601
2	7978	2.19829
2	7979	0.857037
2	7980	-0.646064
2	7981	1.16614
2	7982	-1.22631
2	7983	-0.425371
2	7984	-0.334632
2	7985	-0.166306
2	7986	-0.035832
2	7987	-4.17426
2	7988	0.598987
2	7989	-3.44905
2	7990	0.274623
2	7991	1.71699
2	7992	5.69221
2	7993	-1.10554
2	7994	-0.159838
2	7995	-0.23
2	7996	0.873867
2	7997	0.721507
2	7998	0.990765
2	7999	-0.894696
2	8000	2.31653
2	8001	1.28363
2	8002	-0.527324
2	8003	-0.391098
2	8004	-3.46732
2	8005	-0.0295491
2	8006	4.79503
2	8007	-0.128752
2	8008	-0.546225
2	8009	2.28113
2	8010	1.51382
2	8011	0.90829
2	8012	-0.727487
2	8013	0.39365
2	8014	-0.157948
2	8015	-0.915506
2	8016	1.66479
2	8017	0.557339
2	8018	0.648553
2	8019	0.808591
2	8020	-14.4421
2	8021	12.6859
2	8022	0.729907
2	8023	0.512053
2	8024	-0.452613
2	8025	0.0513913
2	8026	-1.51659
2	8027	1.1243
2	8028	-0.154778
2	8029	-0.138884
2	8030	-3.53706
2	8031	2.87288
2	8032	-0.700244
2	8033	-0.851235
2	8034	7.66035
2	8035	-4.31896
2	8036	2.38976
2	8037	-2.41674
2	8038	-1.34222
2	8039	-0.995212
2	8040	2.05087
2	8041	1.25652
2	8042	-0.185141
2	8043	0.136053
2	8044	0.166593
2	8045	0.96082
2	8046	-0.564252
2	8047	5.54089
2	8048	0.183888
2	8049	3.23508
2	8050	-61.59
2	8051	0.539718
2	8052	0.308399
2	8053	-0.638797
2	8054	-1.49495
2	8055	0.12879
2	8056	1.78617
2	8057	1.06489
2	8058	-1.49483
2	8059	0.297087
2	8060	6.61223
2	8061	-6.68692
2	8062	3.23979
2	8063	-0.682989
2	8064	0.352768
2	8065	3.88994
2	8066	-0.315895
2	8067	-1.79309
2	8068	5.84799
2	8069	-0.0960622
2	8070	2.95774
2	8071	1.15366
2	8072	-1.35252
2	8073	1.08729
2	8074	0.141254
2	8075	10.8478
2	8076	1.10417
2	8077	0.0837565
2	8078	-1.10758
2	8079	-1.05663
2	8080	-0.124748
2	8081	0.736218
2	8082	0.126276
2	8083	-1.09379
2	8084	-0.426364
2	8085	11.1962
2	8086	0.695754
2	8087	-0.278761
2	8088	-0.364102
2	8089	-1.01383
2	8090	1.45887
2	8091	0.416891
2	8092	-0.718434
2	8093	0.539139
2	8094	7.184
2	8095	0.581136
2	8096	0.638337
2	8097	-0.341027
2	8098	-5.10237
2	8099	-0.506122
2	8100	-1.91749
2	8101	-0.951556
2	8102	4.07035
2	8103	-1.46401
2	8104	-0.258654
2	8105	-2.87153
2	8106	-1.07765
2	8107	-1.48534
2	8108	1.32704
2	8109	7.54121
2	8110	-1.93617
2	8111	5.49666
2	8112	0.628294
2	8113	-4.97991
2	8114	0.35274
2	8115	-1.5866
2	8116	0.597519
2	8117	1.83129
2	8118	0.178137
2	8119	0.431957
2	8120	-0.88215
2	8121	1.23233
2	8122	0.685007
2	8123	0.387923
2	8124	0.169867
2	8125	0.79473
2	8126	-2.33508
2	8127	0.277432
2	8128	4.44959
2	8129	1.37655
2	8130	-1.37757
2	8131	-1.43025
2	8132	0.329421
2	8133	0.297373
2	8134	-1.176
2	8135	-1.35554
2	8136	1.04714
2	8137	8.46391
2	8138	0.882419
2	8139	1.07018
2	8140	0.284113
2	8141	-0.483945
2	8142	0.439177
2	8143	0.24837
2	8144	5.21379
2	8145	0.725858
2	8146	-0.0732536
2	8147	-0.368967
2	8148	4.24616
2	8149	-0.570184
2	8150	-2.67813
2	8151	0.563008
2	8152	-0.953103
2	8153	0.89381
2	8154	1.00847
2	8155	-4.00777
2	8156	-2.37686
2	8157	0.932331
2	8158	4.49204
2	8159	4.94957
2	8160	-0.0742404
2	8161	-0.460803
2	8162	-11.6092
2	8163	-2.71532
2	8164	-1.12058
2	8165	-0.839716
2	8166	4.43346
2	8167	0.25988
2	8168	-0.265964
2	8169	-1.61416
2	8170	-8.20295
2	8171	-0.33588
2	8172	-29.8894
2	8173	-5.73421
2	8174	-1.77187
2	8175	1.38449
2	8176	0.0149225
2	8177	0.178866
2	8178	0.25183
2	8179	-2.73198
2	8180	1.41576
2	8181	-0.183449
2	8182	1.84046
2	8183	0.0769021
2	8184	-0.0347112
2	8185	0.534473
2	8186	-0.974776
2	8187	1.27641
2	8188	-0.340119
2	8189	-0.302475
2	8190	-1.57878
2	8191	3.19622
2	8192	0.322451
2	8193	17.4406
2	8194	1.17314
2	8195	2.92771
2	8196	0.349729
2	8197	0.322927
2	8198	0.428424
2	8199	0.725376
2	8200	-0.568447
2	8201	-0.119944
2	8202	3.8572
2	8203	-0.200125
2	8204	0.998913
2	8205	0.156242
2	8206	0.321147
2	8207	-2.39697
2	8208	0.212675
2	8209	0.344071
2	8210	-0.293198
2	8211	-1.73378
2	8212	0.211963
2	8213	-1.03849
2	8214	-0.398096
2	8215	1.00678
2	8216	-4.66299
2	8217	-0.719769
2	8218	-4.64832
2	8219	1.44117
2	8220	-0.8876
2	8221	1.85852
2	8222	1.10495
2	8223	0.578878
2	8224	-0.0262133
2	8225	7.07837
2	8226	-0.15011
2	8227	-1.77743
2	8228	2.81461
2	8229	-5.99551
2	8230	1.01064
2	8231	-2.81211
2	8232	-0.771238
2	8233	-3.13055
2	8234	1.60103
2	8235	-0.242396
2	8236	-0.220182
2	8237	-0.938274
2	8238	-0.0876229
2	8239	-0.14092
2	8240	-2.12201
2	8241	-0.332709
2	8242	0.665175
2	8243	-0.202188
2	8244	-0.0224066
2	8245	1.31727
2	8246	-1.58413
2	8247	464.689
2	8248	1.37146
2	8249	0.543259
2	8250	1.13792
2	8251	0.0755947
2	8252	24.0805
2	8253	0.841519
2	8254	-1.57402
2	8255	3.17225
2	8256	0.00325858
2	8257	1.02493
2	8258	0.15079
2	8259	0.880436
2	8260	0.152861
2	8261	0.753958
2	8262	-0.261703
2	8263	0.537898
2	8264	-0.316704
2	8265	-1.02465
2	8266	-0.993214
2	8267	2.21746
2	8268	10.2616
2	8269	-0.254131
2	8270	-26.0901
2	8271	-0.789238
2	8272	-0.101041
2	8273	0.666269
2	8274	-0.159197
2	8275	2.49365
2	8276	0.544378
2	8277	0.402327
2	8278	0.100481
2	8279	1.35574
2	8280	-0.739946
2	8281	-0.232357
2	8282	-2.48924
2	8283	-0.18807
2	8284	1.60465
2	8285	5.69085
2	8286	-7.8773
2	8287	4.69892
2	8288	-0.0941363
2	8289	2.00023
2	8290	-0.961272
2	8291	-1.00791
2	8292	0.996375
2	8293	-0.731611
2	8294	2.06011
2	8295	0.5703
2	8296	5.51216
2	8297	-1.77213
2	8298	0.163297
2	8299	0.0219655
2	8300	3.08569
2	8301	0.14192
2	8302	30.0658
2	8303	-6.83175
2	8304	1.15165
2	8305	20.8314
2	8306	0.666066
2	8307	-1.79909
2	8308	0.46372
2	8309	0.114113
2	8310	-1.92975
2	8311	-1.77101
2	8312	-0.469048
2	8313	-0.508311
2	8314	0.460951
2	8315	0.369885
2	8316	0.26472
2	8317	34.7776
2	8318	6.25732
2	8319	-2.30265
2	8320	-0.868934
2	8321	-0.842462
2	8322	-1.758
2	8323	0.870671
2	8324	-1.3242
2	8325	0.666437
2	8326	0.214571
2	8327	1.31611
2	8328	0.913871
2	8329	6.63685
2	8330	1.01569
2	8331	10.6146
2	8332	-5.76432
2	8333	0.257255
2	8334	-0.82176
2	8335	-0.469893
2	8336	-2.14959
2	8337	1.47689
2	8338	-2.87568
2	8339	-0.590594
2	8340	-0.692959
2	8341	-7.94745
2	8342	-2.87182
2	8343	-0.607247
2	8344	12.8708
2	8345	-23.1108
2	8346	0.822145
2	8347	-0.470348
2	8348	6.30584
2	8349	-0.0086057
2	8350	3.04363
2	8351	0.674668
2	8352	1.29905
2	8353	-4.54632
2	8354	-1.48725
2	8355	0.610861
2	8356	0.24137
2	8357	-1.3698
2	8358	-4.77489
2	8359	4.30184
2	8360	0.173242
2	8361	-0.198986
2	8362	2.37828
2	8363	-0.027071
2	8364	1.46673
2	8365	-1.17971
2	8366	-9.42188
2	8367	-1.56978
2	8368	-0.529307
2	8369	-2.20075
2	8370	-0.544204
2	8371	-1.26476
2	8372	0.824165
2	8373	0.353743
2	8374	-24.3744
2	8375	105.095
2	8376	-13.8506
2	8377	-0.269314
2	8378	14.5967
2	8379	-0.982405
2	8380	2.20607
2	8381	-1.23793
2	8382	-1.71654
2	8383	1.40801
2	8384	0.794294
2	8385	0.0262921
2	8386	-1.86655
2	8387	9.24565
2	8388	1.82968
2	8389	0.177687
2	8390	0.6311
2	8391	0.36364
2	8392	1.4363
2	8393	1.05115
2	8394	0.896357
2	8395	-0.669646
2	8396	1.05082
2	8397	-2.14971
2	8398	1.15717
2	8399	-1.10073
2	8400	-0.93318
2	8401	-0.201226
2	8402	-0.853801
2	8403	2.92754
2	8404	-1.40005
2	8405	-0.982686
2	8406	2.03989
2	8407	0.822811
2	8408	-0.227396
2	8409	0.380552
2	8410	0.472901
2	8411	2.13052
2	8412	2.28733
2	8413	0.0271186
2	8414	2.17132
2	8415	-0.85045
2	8416	1.40027
2	8417	0.142718
2	8418	-6.78311
2	8419	-0.399309
2	8420	-0.301807
2	8421	-0.216486
2	8422	-0.429621
2	8423	1.11152
2	8424	3.45633
2	8425	-0.170813
2	8426	1.2643
2	8427	2.54678
2	8428	0.228125
2	8429	-0.440813
2	8430	-0.596799
2	8431	0.0387563
2	8432	3.05417
2	8433	-0.442356
2	8434	2.56618
2	8435	1.48658
2	8436	-0.0330893
2	8437	0.220307
2	8438	5.54276
2	8439	-0.492473
2	8440	-1.8252
2	8441	-0.130689
2	8442	0.130497
2	8443	-0.325592
2	8444	-2.88036
2	8445	-0.300408
2	8446	-7.19231
2	8447	0.976756
2	8448	2.45673
2	8449	-5.63441
2	8450	-1.54657
2	8451	1.05876
2	8452	-0.446178
2	8453	-2.02319
2	8454	-0.420476
2	8455	-0.394162
2	8456	-0.26015
2	8457	-0.0733706
2	8458	0.211976
2	8459	5.11606
2	8460	6.05984
2	8461	-0.940585
2	8462	-1.68023
2	8463	3.33927
2	8464	-4.3542
2	8465	8.95702
2	8466	1.15376
2	8467	-2.90037
2	8468	2.37047
2	8469	-1.97175
2	8470	0.00532807
2	8471	0.767374
2	8472	3.44823
2	8473	-2.02756
2	8474	0.513394
2	8475	0.980319
2	8476	0.349506
2	8477	3.22105
2	8478	64.168
2	8479	-1.05104
2	8480	5.62302
2	8481	-0.230039
2	8482	6.18051
2	8483	0.144995
2	8484	-1.4088
2	8485	0.466198
2	8486	-0.630767
2	8487	-0.180726
2	8488	-0.986155
2	8489	-1.97077
2	8490	4.8044
2	8491	0.0644224
2	8492	-0.182563
2	8493	0.733468
2	8494	-0.7071
2	8495	0.833971
2	8496	-1.10497
2	8497	2.77743
2	8498	-3.79124
2	8499	-30.3434
2	8500	0.49749
2	8501	-1.73588
2	8502	0.202977
2	8503	-9.94896
2	8504	0.785272
2	8505	4.01606
2	8506	-12.4265
2	8507	0.577284
2	8508	-27.2684
2	8509	0.06498
2	8510	6.89449
2	8511	1.2464
2	8512	0.535086
2	8513	1.24448
2	8514	-1.45752
2	8515	-15.4575
2	8516	-0.394229
2	8517	0.279125
2	8518	-1.79376
2	8519	-0.962287
2	8520	-1.34466
2	8521	3.12983
2	8522	-2.32472
2	8523	-0.674135
2	8524	0.455415
2	8525	-0.971345
2	8526	-4.78562
2	8527	-0.437576
2	8528	0.697393
2	8529	-1.32295
2	8530	0.380429
2	8531	28.7263
2	8532	-1.35478
2	8533	-0.277951
2	8534	-1.42548
2	8535	0.0641232
2	8536	0.291451
2	8537	0.904814
2	8538	-2.01319
2	8539	0.203663
2	8540	0.811279
2	8541	0.806899
2	8542	-5.13328
2	8543	-188.84
2	8544	1.2426
2	8545	-5.93344
2	8546	-13.405
2	8547	0.890016
2	8548	-1.27386
2	8549	-1.11734
2	8550	1.7445
2	8551	-0.280357
2	8552	-0.938914
2	8553	-18.6809
2	8554	-0.178236
2	8555	-4.37952
2	8556	-1.395
2	8557	-2.65608
2	8558	-0.710486
2	8559	-0.045097
2	8560	-3.55839
2	8561	0.830264
2	8562	0.100427
2	8563	0.309689
2	8564	-0.654321
2	8565	3.0631
2	8566	0.125861
2	8567	14.615
2	8568	7.32524
2	8569	-0.249182
2	8570	-2.33089
2	8571	-0.668326
2	8572	-0.558109
2	8573	-0.324608
2	8574	0.119883
2	8575	6.87746
2	8576	-1.01752
2	8577	2.83457
2	8578	0.900951
2	8579	-0.0766198
2	8580	-1.09219
2	8581	0.789214
2	8582	0.190046
2	8583	-1.20199
2	8584	-0.572681
2	8585	0.241473
2	8586	0.0701337
2	8587	-2.1173
2	8588	0.33332
2	8589	-0.0173589
2	8590	-0.95978
2	8591	0.903589
2	8592	0.313887
2	8593	-4.37662
2	8594	3.69739
2	8595	0.648708
2	8596	-2.2586
2	8597	-1.17259
2	8598	-4.38655
2	8599	4.66848
2	8600	-17.109
2	8601	1.82478
2	8602	1.71367
2	8603	-11.4327
2	8604	0.940958
2	8605	0.186328
2	8606	0.0860857
2	8607	2.00112
2	8608	-1.38559
2	8609	-2.39068
2	8610	3.22602
2	8611	-0.374995
2	8612	0.0269523
2	8613	-12.3421
2	8614	-1.86691
2	8615	0.368131
2	8616	-0.730436
2	8617	-6.69014
2	8618	1.18148
2	8619	0.946847
2	8620	-1.27859
2	8621	0.884335
2	8622	0.162954
2	8623	1.3012
2	8624	0.555442
2	8625	2.29626
2	8626	2.4809
2	8627	-0.814756
2	8628	1.47495
2	8629	0.822042
2	8630	-0.0237267
2	8631	4.26939
2	8632	15.9418
2	8633	1.37013
2	8634	-0.390406
2	8635	0.577767
2	8636	1.0412
2	8637	0.269976
2	8638	0.927382
2	8639	0.676611
2	8640	-0.292806
2	8641	-1.18875
2	8642	0.231162
2	8643	-3.96315
2	8644	0.855151
2	8645	-1.98833
2	8646	8.74003
2	8647	-0.178136
2	8648	-2.58228
2	8649	-0.766296
2	8650	0.295491
2	8651	-6.94752
2	8652	4.87004
2	8653	1.03837
2	8654	-6.09346
2	8655	-0.359901
2	8656	26.2135
2	8657	1.12571
2	8658	-0.27492
2	8659	0.26443
2	8660	-0.674653
2	8661	0.231508
2	8662	-0.499968
2	8663	0.0586532
2	8664	-0.273401
2	8665	-6.80371
2	8666	-0.668675
2	8667	1.32894
2	8668	-1.65704
2	8669	-0.675882
2	8670	-1.40869
2	8671	-0.31235
2	8672	5.81269
2	8673	1.59889
2	8674	-48.1831
2	8675	-3.95624
2	8676	-2.85032
2	8677	-0.978025
2	8678	-0.941148
2	8679	-8.59274
2	8680	-0.757052
2	8681	-3.83262
2	8682	-0.640377
2	8683	-5.37046
2	8684	-0.670301
2	8685	1.30132
2	8686	0.402724
2	8687	-0.351402
2	8688	-4.5006
2	8689	1.60259
2	8690	-6.41367
2	8691	-0.315421
2	8692	2.13291
2	8693	-1.91094
2	8694	15.0323
2	8695	0.111919
2	8696	0.110935
2	8697	-5.95344
2	8698	0.0634456
2	8699	-0.321143
2	8700	0.0764397
2	8701	0.871957
2	8702	1.15085
2	8703	1.90515
2	8704	17.6311
2	8705	0.768377
2	8706	0.0360358
2	8707	-3.25852
2	8708	-0.0528397
2	8709	0.340746
2	8710	0.784275
2	8711	-0.734641
2	8712	-0.309487
2	8713	-1.09592
2	8714	0.843789
2	8715	-0.47767
2	8716	-1.21144
2	8717	-1.47689
2	8718	-2.17783
2	8719	-9.14965
2	8720	0.667482
2	8721	-59.6649
2	8722	2.02056
2	8723	0.719225
2	8724	0.0709974
2	8725	-2.28186
2	8726	-3.8256
2	8727	-1.65834
2	8728	0.988163
2	8729	-0.0814494
2	8730	0.0803269
2	8731	6.14525
2	8732	-0.943778
2	8733	1.34124
2	8734	-1.13881
2	8735	8.41148
2	8736	-0.636351
2	8737	-0.146285
2	8738	-7.3523
2	8739	0.811343
2	8740	0.705479
2	8741	0.437692
2	8742	-0.0210004
2	8743	0.0656966
2	8744	-2.21648
2	8745	-4.43943
2	8746	2.13337
2	8747	0.212883
2	8748	-0.30983
2	8749	1.39471
2	8750	-0.955098
2	8751	-0.215755
2	8752	-1.056
2	8753	-5.82723
2	8754	1.58557
2	8755	0.0411585
2	8756	0.909903
2	8757	-0.0979479
2	8758	-1.15638
2	8759	2.06329
2	8760	-4.47848
2	8761	0.439696
2	8762	-0.183248
2	8763	-1.54897
2	8764	14.786
2	8765	0.41485
2	8766	0.300306
2	8767	0.0808487
2	8768	0.341993
2	8769	-0.257949
2	8770	-1.3398
2	8771	-0.665675
2	8772	0.847823
2	8773	186.4
2	8774	-0.336411
2	8775	-0.87319
2	8776	-1.03532
2	8777	-0.0417787
2	8778	-0.338595
2	8779	0.336713
2	8780	-0.14141
2	8781	1.13442
2	8782	-0.797831
2	8783	0.358505
2	8784	0.717598
2	8785	0.529684
2	8786	0.2645
2	8787	0.552273
2	8788	0.123905
2	8789	0.357749
2	8790	-2.09047
2	8791	-1.3313
2	8792	4.07383
2	8793	-0.53617
2	8794	2.15899
2	8795	9.78394
2	8796	-2.5558
2	8797	0.380906
2	8798	0.362222
2	8799	-0.256519
2	8800	-1.34796
2	8801	0.342275
2	8802	11.4067
2	8803	-2.97653
2	8804	0.981608
2	8805	-2.55981
2	8806	2.29611
2	8807	-0.507056
2	8808	1.32748
2	8809	-2.40798
2	8810	-1.32457
2	8811	-0.992875
2	8812	-2.16074
2	8813	1.45742
2	8814	0.248684
2	8815	-0.402122
2	8816	-0.423059
2	8817	-90.4422
2	8818	-30.2793
2	8819	0.0906149
2	8820	-0.291257
2	8821	-0.366251
2	8822	-0.263848
2	8823	-0.0762447
2	8824	-0.648611
2	8825	4.90406
2	8826	0.636373
2	8827	-0.331294
2	8828	0.871436
2	8829	-24.241
2	8830	-22.4354
2	8831	-3.97286
2	8832	-1.86335
2	8833	-3.7019
2	8834	0.884637
2	8835	-3.35401
2	8836	0.537595
2	8837	-2.92294
2	8838	2.83425
2	8839	-1.38779
2	8840	-1.61607
2	8841	-24.9361
2	8842	1.83762
2	8843	-46.6422
2	8844	0.221082
2	8845	29.6749
2	8846	1.76269
2	8847	0.403261
2	8848	7.99754
2	8849	1.4737
2	8850	-0.346647
2	8851	-1.82332
2	8852	-0.203577
2	8853	-2.4765
2	8854	2.58442
2	8855	-8.03593
2	8856	-0.0522405
2	8857	0.98663
2	8858	-3.44548
2	8859	1.82739
2	8860	0.84637
2	8861	-1.24197
2	8862	-5.62417
2	8863	0.336668
2	8864	-1.61361
2	8865	-2.12257
2	8866	2.70502
2	8867	2.09071
2	8868	0.995491
2	8869	0.128471
2	8870	-1.05592
2	8871	-0.156195
2	8872	2.17605
2	8873	0.532046
2	8874	-0.701189
2	8875	0.355285
2	8876	0.119783
2	8877	-2.67384
2	8878	-1.25602
2	8879	-0.645599
2	8880	-3.54737
2	8881	-0.854719
2	8882	-0.313614
2	8883	-0.945891
2	8884	3.83413
2	8885	4.01398
2	8886	2.26561
2	8887	1.13892
2	8888	2.84667
2	8889	0.491514
2	8890	0.434708
2	8891	2.79509
2	8892	-0.83132
2	8893	0.927537
2	8894	-4.55574
2	8895	2.9443
2	8896	-16.8012
2	8897	-0.0650332
2	8898	0.514882
2	8899	-2.91048
2	8900	-0.133493
2	8901	0.796476
2	8902	-4.54011
2	8903	-0.842594
2	8904	-8.62769
2	8905	3.38134
2	8906	6.9477
2	8907	-3.26822
2	8908	0.348197
2	8909	1.7694
2	8910	-2.2918
2	8911	-1.00608
2	8912	2.58617
2	8913	-1.23063
2	8914	-4.52596
2	8915	0.840709
2	8916	-1.87241
2	8917	0.455356
2	8918	-0.139729
2	8919	-5.07361
2	8920	-0.550614
2	8921	-2.16857
2	8922	-1.1884
2	8923	-0.080149
2	8924	0.192047
2	8925	1.45375
2	8926	2.97196
2	8927	-0.517449
2	8928	-1.06912
2	8929	1.47324
2	8930	-0.32071
2	8931	3.0844
2	8932	-4.42413
2	8933	-63.7017
2	8934	-1.23684
2	8935	1.08799
2	8936	-0.826813
2	8937	-0.161085
2	8938	-0.42182
2	8939	-0.50688
2	8940	1.94772
2	8941	2.62137
2	8942	-0.346054
2	8943	0.953591
2	8944	1.96248
2	8945	-0.524903
2	8946	-0.977674
2	8947	306.416
2	8948	-0.584058
2	8949	-3.73079
2	8950	0.319366
2	8951	-0.532166
2	8952	-4.21002
2	8953	-0.196022
2	8954	-0.176302
2	8955	-55.5482
2	8956	-0.0379714
2	8957	-0.364233
2	8958	0.2602
2	8959	-0.267879
2	8960	0.0551092
2	8961	-0.393882
2	8962	0.730686
2	8963	-7.06328
2	8964	4.3181
2	8965	-0.264867
2	8966	-0.158556
2	8967	-1.41268
2	8968	-0.716323
2	8969	0.745398
2	8970	0.286843
2	8971	0.347162
2	8972	-0.122251
2	8973	0.995753
2	8974	-2.87295
2	8975	-4.51235
2	8976	1.77901
2	8977	1.74749
2	8978	1.24068
2	8979	-3.61136
2	8980	-0.202084
2	8981	0.144762
2	8982	-0.0610736
2	8983	-0.345878
2	8984	-0.118005
2	8985	3.25082
2	8986	0.797436
2	8987	-6.3892
2	8988	0.325233
2	8989	-0.602704
2	8990	0.341893
2	8991	-1.11862
2	8992	23.2463
2	8993	-32.0995
2	8994	0.395596
2	8995	-0.241735
2	8996	1.62564
2	8997	-1.10095
2	8998	-0.722137
2	8999	0.146903
2	9000	-1.03126
2	9001	6.52735
2	9002	2.75048
2	9003	1.08891
2	9004	-1.64637
2	9005	1.99894
2	9006	0.727493
2	9007	0.0732699
2	9008	0.456278
2	9009	1.73402
2	9010	-0.41634
2	9011	-2.00146
2	9012	-0.0782722
2	9013	0.439674
2	9014	2.79209
2	9015	-0.355438
2	9016	4.99485
2	9017	-1.0285
2	9018	-0.425463
2	9019	0.576404
2	9020	-2.45708
2	9021	2.70655
2	9022	0.608575
2	9023	-6.07051
2	9024	-1.1646
2	9025	-0.182884
2	9026	-0.802973
2	9027	-4.16498
2	9028	18.4459
2	9029	-0.121698
2	9030	-1.57952
2	9031	-193.991
2	9032	-0.608511
2	9033	-0.985174
2	9034	-6.94927
2	9035	1.38353
2	9036	-3.43886
2	9037	-0.859237
2	9038	-5.06609
2	9039	9.28975
2	9040	-4.86408
2	9041	-0.287744
2	9042	-0.355065
2	9043	0.489533
2	9044	-1.49446
2	9045	1.65954
2	9046	2.00908
2	9047	-0.43724
2	9048	0.379109
2	9049	0.135237
2	9050	0.46357
2	9051	0.254511
2	9052	1.39108
2	9053	-1.03169
2	9054	0.543994
2	9055	5.99714
2	9056	2.20338
2	9057	-2.47607
2	9058	2.48578
2	9059	-0.0953054
2	9060	-0.0525157
2	9061	-7.93952
2	9062	-0.0436377
2	9063	-0.612049
2	9064	24.3697
2	9065	-0.374614
2	9066	0.965463
2	9067	1.77393
2	9068	-1.19352
2	9069	-1.77027
2	9070	2.68813
2	9071	2.35635
2	9072	0.482274
2	9073	0.836468
2	9074	-2.71602
2	9075	-0.994957
2	9076	-0.051637
2	9077	1.23152
2	9078	-0.127426
2	9079	-0.817139
2	9080	5.57608
2	9081	0.429678
2	9082	0.10859
2	9083	0.0932778
2	9084	0.213895
2	9085	0.0974644
2	9086	-0.641624
2	9087	-9.6056
2	9088	0.552152
2	9089	-0.98005
2	9090	0.567833
2	9091	5.782
2	9092	-0.666164
2	9093	0.328099
2	9094	5.59227
2	9095	1.42634
2	9096	-2.12129
2	9097	-2.99984
2	9098	0.0114362
2	9099	-1.8122
2	9100	2.32822
2	9101	-0.221462
2	9102	5.5616
2	9103	1.19666
2	9104	0.389987
2	9105	-0.80131
2	9106	2.75314
2	9107	1.74692
2	9108	0.231099
2	9109	-8.32058
2	9110	-0.477275
2	9111	1.29743
2	9112	-0.0228288
2	9113	-0.527327
2	9114	0.0253875
2	9115	1.11731
2	9116	0.0617896
2	9117	2.48312
2	9118	1.57533
2	9119	1.58501
2	9120	1.21535
2	9121	0.693697
2	9122	-1.39625
2	9123	0.987754
2	9124	1.49485
2	9125	0.203529
2	9126	0.124179
2	9127	1.87405
2	9128	1.80436
2	9129	1.33861
2	9130	-1.70009
2	9131	0.0733145
2	9132	-1.00312
2	9133	0.106611
2	9134	2.19828
2	9135	-0.49521
2	9136	8.00234
2	9137	1.91995
2	9138	1.98822
2	9139	5.48087
2	9140	0.634318
2	9141	-0.138364
2	9142	-0.935616
2	9143	0.768371
2	9144	-1.74654
2	9145	0.10443
2	9146	-0.439323
2	9147	1.6508
2	9148	-3.41514
2	9149	-1.33374
2	9150	-1.37499
2	9151	1.87966
2	9152	-0.893968
2	9153	0.249783
2	9154	-1.13511
2	9155	-27.2307
2	9156	-1.40908
2	9157	-0.454979
2	9158	-0.493801
2	9159	0.097907
2	9160	-3.49518
2	9161	0.926516
2	9162	0.00414105
2	9163	0.328264
2	9164	-0.922391
2	9165	0.159663
2	9166	10.2476
2	9167	-0.606526
2	9168	2.36452
2	9169	5.57791
2	9170	-2.08994
2	9171	-1.08236
2	9172	-2.13188
2	9173	-1.26913
2	9174	20.5863
2	9175	-0.457761
2	9176	-0.0418278
2	9177	1.00641
2	9178	-2.15624
2	9179	0.767101
2	9180	-4.2608
2	9181	0.472521
2	9182	2.01798
2	9183	-0.335998
2	9184	-3.05589
2	9185	1.43923
2	9186	3.05317
2	9187	-3.49305
2	9188	-0.384173
2	9189	0.502643
2	9190	-3.98468
2	9191	-0.99292
2	9192	0.162736
2	9193	-16.6491
2	9194	-3.66929
2	9195	0.00956035
2	9196	12.3595
2	9197	2.10939
2	9198	2.47398
2	9199	-0.440923
2	9200	-5.04652
2	9201	0.545607
2	9202	-3.88255
2	9203	1.97316
2	9204	3.33719
2	9205	-0.895895
2	9206	1.18986
2	9207	2.6693
2	9208	0.386858
2	9209	-0.274891
2	9210	-0.139049
2	9211	16.2982
2	9212	-0.228612
2	9213	-0.181893
2	9214	2.0573
2	9215	0.00363801
2	9216	0.403828
2	9217	13.7522
2	9218	0.917166
2	9219	-1.72174
2	9220	1.5201
2	9221	-1.08354
2	9222	-11.8121
2	9223	-1.10462
2	9224	0.42512
2	9225	2.93344
2	9226	1.41391
2	9227	0.000670773
2	9228	0.803751
2	9229	0.00526481
2	9230	-0.176046
2	9231	1.50825
2	9232	0.275413
2	9233	1.26413
2	9234	-0.810443
2	9235	-0.402729
2	9236	-0.772298
2	9237	-0.567515
2	9238	-4.26739
2	9239	-0.353076
2	9240	0.0297312
2	9241	0.573639
2	9242	0.136797
2	9243	1.49521
2	9244	-0.781772
2	9245	1.12042
2	9246	3.54096
2	9247	-0.499949
2	9248	4.17776
2	9249	-0.505622
2	9250	-9.22048
2	9251	-0.28769
2	9252	3.26957
2	9253	-2.74574
2	9254	0.321608
2	9255	1.92759
2	9256	3.47426
2	9257	1.57901
2	9258	-2.98294
2	9259	4.20871
2	9260	-6.44068
2	9261	-1.0782
2	9262	-2.65241
2	9263	-1.13164
2	9264	-0.152235
2	9265	0.755865
2	9266	-0.377589
2	9267	-1.85151
2	9268	0.39821
2	9269	-2.34693
2	9270	3.6377
2	9271	1.70697
2	9272	-1.90942
2	9273	0.648586
2	9274	0.917283
2	9275	-0.287047
2	9276	5.64773
2	9277	-0.333801
2	9278	-0.0714155
2	9279	-3.38137
2	9280	-0.902045
2	9281	0.014622
2	9282	-42.0385
2	9283	0.82057
2	9284	0.0662565
2	9285	-0.206498
2	9286	-1.50109
2	9287	0.405525
2	9288	-0.600312
2	9289	3.57317
2	9290	2.19399
2	9291	0.252396
2	9292	0.664324
2	9293	-2.11507
2	9294	1.47742
2	9295	4.68432
2	9296	-0.585617
2	9297	0.914942
2	9298	-31.266
2	9299	-4.39633
2	9300	0.0766065
2	9301	-8.14556
2	9302	-0.55123
2	9303	-2.51196
2	9304	-31.0614
2	9305	-1.21914
2	9306	-0.168787
2	9307	0.0810143
2	9308	-0.124344
2	9309	1.6458
2	9310	1.21889
2	9311	-4.82108
2	9312	-0.733964
2	9313	0.927818
2	9314	-0.516559
2	9315	-2.90012
2	9316	17.1681
2	9317	-0.37202
2	9318	0.0018831
2	9319	-0.421057
2	9320	2.71081
2	9321	-0.0629481
2	9322	-0.11676
2	9323	-3.34211
2	9324	1.33064
2	9325	-0.680603
2	9326	1.47935
2	9327	0.628883
2	9328	-22.7321
2	9329	-3.43843
2	9330	38.0313
2	9331	0.289785
2	9332	1.96379
2	9333	-0.421829
2	9334	3.56628
2	9335	15.0471
2	9336	1.759
2	9337	0.744629
2	9338	-2.08489
2	9339	-1.13938
2	9340	-0.386433
2	9341	1.57724
2	9342	0.590638
2	9343	0.157219
2	9344	0.237348
2	9345	-55.9107
2	9346	0.635559
2	9347	-3.40351
2	9348	-0.081939
2	9349	0.507761
2	9350	-3.07605
2	9351	-1.00823
2	9352	-0.747574
2	9353	0.939059
2	9354	-6.75667
2	9355	1.93982
2	9356	0.122758
2	9357	-0.81593
2	9358	-0.672186
2	9359	0.40477
2	9360	1.93691
2	9361	0.151819
2	9362	1.15241
2	9363	-7.48588
2	9364	-1.67181
2	9365	-33.5705
2	9366	-1.15387
2	9367	-38.1039
2	9368	4.42214
2	9369	-28.6607
2	9370	0.646587
2	9371	3.11279
2	9372	0.992606
2	9373	1.40027
2	9374	1.32149
2	9375	0.00268691
2	9376	0.0726172
2	9377	-1.87929
2	9378	-1.18982
2	9379	0.970019
2	9380	0.442167
2	9381	50.604
2	9382	8.84868
2	9383	-0.678097
2	9384	0.760948
2	9385	1.11718
2	9386	0.84028
2	9387	0.0665722
2	9388	0.0340737
2	9389	3.94744
2	9390	-5.7828
2	9391	-1.21941
2	9392	0.831553
2	9393	-1.2347
2	9394	-0.429705
2	9395	-0.746734
2	9396	-1.5228
2	9397	-6.65959
2	9398	-0.28064
2	9399	0.365616
2	9400	0.398941
2	9401	-2.35238
2	9402	0.400389
2	9403	-2.10237
2	9404	-3.87732
2	9405	-0.701039
2	9406	0.189461
2	9407	0.792756
2	9408	0.770487
2	9409	-0.0665025
2	9410	-1.4386
2	9411	0.164935
2	9412	-12.2378
2	9413	-0.7519
2	9414	0.320011
2	9415	0.737508
2	9416	-3.37153
2	9417	8.38149
2	9418	16.0094
2	9419	0.217035
2	9420	2.17676
2	9421	0.465181
2	9422	-2.89465
2	9423	-2.72519
2	9424	1.38573
2	9425	-143.399
2	9426	1.64363
2	9427	0.485554
2	9428	-0.74586
2	9429	2.45632
2	9430	2.05911
2	9431	-0.155141
2	9432	0.781398
2	9433	-0.398263
2	9434	0.70592
2	9435	0.622266
2	9436	1.7028
2	9437	1.88551
2	9438	1.47241
2	9439	1.45458
2	9440	1.54665
2	9441	-0.593597
2	9442	-0.0867874
2	9443	0.758482
2	9444	0.666813
2	9445	0.127526
2	9446	-1.54291
2	9447	0.562513
2	9448	-1.75418
2	9449	-1.5002
2	9450	-4.11495
2	9451	3.32851
2	9452	9.10559
2	9453	2.71235
2	9454	0.512543
2	9455	2.53246
2	9456	2.64565
2	9457	0.797607
2	9458	2.93352
2	9459	0.0695435
2	9460	1.64487
2	9461	0.820633
2	9462	0.0820177
2	9463	6.60334
2	9464	1.93082
2	9465	-0.837022
2	9466	0.138724
2	9467	-10.5725
2	9468	-1.734
2	9469	-0.481115
2	9470	0.0100661
2	9471	-0.182038
2	9472	1.08928
2	9473	2.56669
2	9474	0.346511
2	9475	-1.96352
2	9476	0.344079
2	9477	0.180758
2	9478	0.383889
2	9479	-1.73476
2	9480	0.192259
2	9481	1.67783
2	9482	-0.27819
2	9483	-2.06284
2	9484	-1.01749
2	9485	0.935672
2	9486	-2.12254
2	9487	0.541624
2	9488	-6.04559
2	9489	-4.61031
2	9490	-1.97456
2	9491	0.257884
2	9492	1.38258
2	9493	1.09312
2	9494	0.256246
2	9495	0.172429
2	9496	-1.64983
2	9497	1.15032
2	9498	0.505797
2	9499	2.56445
2	9500	4.25566
2	9501	-6.93993
2	9502	2.04003
2	9503	3.80698
2	9504	-1.12927
2	9505	0.812061
2	9506	2.7186
2	9507	0.76998
2	9508	-3.01154
2	9509	0.369738
2	9510	1.17552
2	9511	-14.7158
2	9512	-0.724317
2	9513	-1.34072
2	9514	2.81002
2	9515	17.1378
2	9516	-2.78144
2	9517	5.76285
2	9518	0.915043
2	9519	-0.925633
2	9520	-0.585613
2	9521	-0.1182
2	9522	-0.902777
2	9523	11.6737
2	9524	0.0197743
2	9525	5.61499
2	9526	-5.30398
2	9527	0.0872126
2	9528	-1.13423
2	9529	-0.502283
2	9530	-0.207531
2	9531	-2.45673
2	9532	1.71059
2	9533	0.559902
2	9534	-0.667176
2	9535	2.17874
2	9536	0.698824
2	9537	11.3525
2	9538	16.6813
2	9539	2.68866
2	9540	-0.891193
2	9541	1.918
2	9542	0.0109223
2	9543	1.22556
2	9544	4.54678
2	9545	0.102073
2	9546	0.410125
2	9547	0.428955
2	9548	3.22862
2	9549	0.13634
2	9550	3.20319
2	9551	39.631
2	9552	-8.2261
2	9553	0.955198
2	9554	2.8468
2	9555	0.985299
2	9556	-4.33109
2	9557	2.81891
2	9558	-1.81969
2	9559	-0.796919
2	9560	0.152615
2	9561	0.0720506
2	9562	-0.486656
2	9563	-1.74082
2	9564	-1.16078
2	9565	0.288056
2	9566	-1.60166
2	9567	-2.34627
2	9568	2.7909
2	9569	-0.272627
2	9570	1.27772
2	9571	-1.59469
2	9572	6.52271
2	9573	0.00716762
2	9574	-18.4518
2	9575	-0.305093
2	9576	-0.384229
2	9577	-2.24617
2	9578	0.866059
2	9579	0.959151
2	9580	-0.636818
2	9581	-0.283705
2	9582	-1.21669
2	9583	0.682809
2	9584	2.17912
2	9585	4.91902
2	9586	-1.96391
2	9587	-1.00331
2	9588	-1.13848
2	9589	3.40585
2	9590	-0.961494
2	9591	-0.396698
2	9592	-0.76878
2	9593	-0.121657
2	9594	0.16139
2	9595	-1.64192
2	9596	4.28722
2	9597	0.690044
2	9598	-0.795539
2	9599	-2.43773
2	9600	0.288392
2	9601	-0.0122526
2	9602	1.06667
2	9603	0.0776122
2	9604	-0.863647
2	9605	-0.278042
2	9606	-0.38162
2	9607	-7.3215
2	9608	-56.2489
2	9609	-3.28873
2	9610	7.62165
2	9611	0.679361
2	9612	0.549025
2	9613	2.60335
2	9614	1.77137
2	9615	0.34161
2	9616	0.885559
2	9617	-11.6053
2	9618	0.809482
2	9619	-0.289554
2	9620	-0.702639
2	9621	-0.293393
2	9622	-1.54203
2	9623	0.932206
2	9624	0.145955
2	9625	-0.142272
2	9626	0.365998
2	9627	-4.5346
2	9628	-5.19325
2	9629	-0.0701168
2	9630	-3.28567
2	9631	-0.502811
2	9632	89.7599
2	9633	-0.916007
2	9634	1.61112
2	9635	2.3384
2	9636	0.479274
2	9637	4.18231
2	9638	3.06802
2	9639	3.29433
2	9640	-2.36001
2	9641	1.35585
2	9642	4.46324
2	9643	-0.482679
2	9644	0.816571
2	9645	0.581754
2	9646	1.59337
2	9647	0.145778
2	9648	-0.046903
2	9649	-6.28985
2	9650	2.26408
2	9651	0.358852
2	9652	1.02513
2	9653	-2.59287
2	9654	2.22525
2	9655	0.271607
2	9656	-1.0387
2	9657	56.7295
2	9658	0.0200892
2	9659	-3.09947
2	9660	-0.797722
2	9661	-1.03624
2	9662	-0.514038
2	9663	2.22588
2	9664	1.48365
2	9665	-0.319156
2	9666	0.186345
2	9667	-7.0548
2	9668	-0.912723
2	9669	0.243214
2	9670	1.47438
2	9671	-0.203888
2	9672	-0.769506
2	9673	0.822125
2	9674	0.126201
2	9675	0.84539
2	9676	-0.626386
2	9677	-2.09449
2	9678	-1.00987
2	9679	-0.320612
2	9680	-0.694323
2	9681	3.08175
2	9682	-2.7278
2	9683	-0.825327
2	9684	-0.400243
2	9685	-0.454764
2	9686	-0.449651
2	9687	1.01284
2	9688	-4.94931
2	9689	1.14426
2	9690	-0.954106
2	9691	0.0333511
2	9692	1.42993
2	9693	-30.407
2	9694	-8.0637
2	9695	26.3549
2	9696	0.219828
2	9697	-0.987422
2	9698	0.571163
2	9699	-2.71731
2	9700	0.618943
2	9701	-9.93614
2	9702	-2.17609
2	9703	0.714266
2	9704	-1.58082
2	9705	-1.48742
2	9706	1.27608
2	9707	0.608117
2	9708	2.11523
2	9709	-0.291537
2	9710	0.371646
2	9711	0.18886
2	9712	4.0051
2	9713	-0.0436674
2	9714	0.447678
2	9715	-4.66223
2	9716	-0.350064
2	9717	0.00969368
2	9718	-0.575817
2	9719	-9.98576
2	9720	-17.5333
2	9721	18.8338
2	9722	1.99275
2	9723	1.22787
2	9724	-1.4723
2	9725	-1.79172
2	9726	0.603419
2	9727	0.76111
2	9728	-1.60846
2	9729	0.400268
2	9730	0.0901668
2	9731	0.250354
2	9732	-1.98155
2	9733	-6.93907
2	9734	0.638607
2	9735	2.09695
2	9736	13.7874
2	9737	-2.686
2	9738	-0.585808
2	9739	0.0967816
2	9740	0.841548
2	9741	0.52521
2	9742	-0.169041
2	9743	-2.93658
2	9744	-0.0984968
2	9745	0.0811134
2	9746	2.72562
2	9747	-0.734417
2	9748	0.454687
2	9749	0.433592
2	9750	8.56955
2	9751	-6.70779
2	9752	0.594539
2	9753	0.38602
2	9754	-0.83212
2	9755	1.43007
2	9756	-3.23268
2	9757	-6.69663
2	9758	-5.83359
2	9759	7.72502
2	9760	4.47933
2	9761	-7.05994
2	9762	-0.878309
2	9763	-0.40985
2	9764	-1.77938
2	9765	0.481776
2	9766	-1.77256
2	9767	0.224641
2	9768	0.207301
2	9769	-8.08234
2	9770	-1.11936
2	9771	-40.19
2	9772	0.839879
2	9773	-0.629793
2	9774	-0.73235
2	9775	-1.4
2	9776	-0.620012
2	9777	0.545492
2	9778	1.43588
2	9779	0.501579
2	9780	5.64234
2	9781	-0.963856
2	9782	-0.72018
2	9783	-2.51573
2	9784	6.24802
2	9785	-1.56453
2	9786	-1.30544
2	9787	-3.63418
2	9788	0.631229
2	9789	-4.61351
2	9790	-1.56616
2	9791	-0.900156
2	9792	-4.87559
2	9793	-0.888878
2	9794	-0.354702
2	9795	-1.00331
2	9796	0.499991
2	9797	-0.376027
2	9798	0.184485
2	9799	-0.132738
2	9800	1.04905
2	9801	0.63911
2	9802	-0.7546
2	9803	0.608353
2	9804	-120.192
2	9805	0.472244
2	9806	1.20323
2	9807	0.109374
2	9808	-0.0533629
2	9809	0.515269
2	9810	-0.419467
2	9811	178.981
2	9812	62.2825
2	9813	0.184568
2	9814	-5.22419
2	9815	0.512987
2	9816	-0.129169
2	9817	-2.64874
2	9818	0.010691
2	9819	1.04277
2	9820	-0.161084
2	9821	-0.0088584
2	9822	1.37431
2	9823	-2.91386
2	9824	-2.46666
2	9825	1.5287
2	9826	3.21431
2	9827	0.319315
2	9828	-1.27942
2	9829	-0.192441
2	9830	4.54078
2	9831	-1.49303
2	9832	-0.843319
2	9833	1.59937
2	9834	1.27315
2	9835	-0.486082
2	9836	-2.0086
2	9837	-0.461083
2	9838	0.667304
2	9839	-0.723845
2	9840	1.10216
2	9841	-0.452377
2	9842	0.531437
2	9843	-1.21794
2	9844	-0.22229
2	9845	0.578834
2	9846	-0.0907117
2	9847	-0.188399
2	9848	-0.0851469
2	9849	-0.466006
2	9850	3.18038
2	9851	0.94915
2	9852	-1.38478
2	9853	-1.87856
2	9854	-0.29963
2	9855	-7.51239
2	9856	-0.348966
2	9857	4.42535
2	9858	-2.19428
2	9859	-2.51739
2	9860	0.495966
2	9861	-4.54674
2	9862	-6.59815
2	9863	2.58655
2	9864	0.30908
2	9865	0.104192
2	9866	-1.12463
2	9867	-1.9187
2	9868	0.241246
2	9869	3.82057
2	9870	0.197402
2	9871	-0.707142
2	9872	2.57061
2	9873	0.480087
2	9874	-0.501518
2	9875	0.127445
2	9876	0.0922645
2	9877	0.138034
2	9878	1.45682
2	9879	-1.29874
2	9880	-2.23971
2	9881	0.499645
2	9882	0.869392
2	9883	-0.313503
2	9884	0.692862
2	9885	1.46784
2	9886	0.877543
2	9887	2.84062
2	9888	3.04599
2	9889	26.874
2	9890	-0.966569
2	9891	-1.55361
2	9892	1.14964
2	9893	-3.20351
2	9894	2.37603
2	9895	-0.649206
2	9896	-0.363025
2	9897	2.5944
2	9898	-2.96101
2	9899	12.6668
2	9900	0.855412
2	9901	-0.483668
2	9902	54.5481
2	9903	0.479015
2	9904	5.47353
2	9905	-0.125289
2	9906	-0.767793
2	9907	0.127339
2	9908	-0.822693
2	9909	-11.5911
2	9910	-0.00726072
2	9911	-0.812675
2	9912	-1.46052
2	9913	-3.26187
2	9914	2.40735
2	9915	-1.83548
2	9916	5.3787
2	9917	-0.658192
2	9918	0.742126
2	9919	-0.0338494
2	9920	-0.870558
2	9921	-0.537582
2	9922	2.37597
2	9923	0.174915
2	9924	-0.286925
2	9925	1.05751
2	9926	-0.390264
2	9927	-0.501604
2	9928	-0.182483
2	9929	2.61545
2	9930	0.489893
2	9931	1.85564
2	9932	0.693895
2	9933	2.52796
2	9934	-2.24444
2	9935	-0.88338
2	9936	1.16019
2	9937	10.1543
2	9938	0.505757
2	9939	1.12398
2	9940	0.718693
2	9941	0.440582
2	9942	-5.49054
2	9943	1.37492
2	9944	0.307047
2	9945	4.45897
2	9946	0.236851
2	9947	1.61349
2	9948	-1.54763
2	9949	-1.07931
2	9950	0.472467
2	9951	-1.11457
2	9952	-1.162
2	9953	1.12993
2	9954	1.59005
2	9955	-24.0472
2	9956	-0.407525
2	9957	2.54648
2	9958	-0.345233
2	9959	-0.190293
2	9960	-4.58987
2	9961	-1.20029
2	9962	15.7155
2	9963	0.215913
2	9964	-2.95003
2	9965	5.36545
2	9966	0.134549
2	9967	-1.3674
2	9968	0.318267
2	9969	1.15349
2	9970	1.69272
2	9971	-0.742902
2	9972	1.18447
2	9973	-1.06671
2	9974	0.178505
2	9975	0.104777
2	9976	0.304743
2	9977	3.37013
2	9978	0.427279
2	9979	-2.93039
2	9980	1.53337
2	9981	-1.49113
2	9982	0.501699
2	9983	0.454474
2	9984	0.404948
2	9985	-2.06534
2	9986	-2.05399
2	9987	-0.596255
2	9988	-0.224944
2	9989	2.50192
2	9990	2.43902
2	9991	-0.0626682
2	9992	0.758183
2	9993	-2.2368
2	9994	0.894417
2	9995	1.13457
2	9996	2.69677
2	9997	-0.92397
2	9998	1.13475
2	9999	0.130821
10	0	18.2633
10	1	1.44553
10	2	-0.538718
10	3	-24.3816
10	4	-3.49591
10	5	-1.03193
10	6	6.45607
10	7	-2.47159
10	8	-0.583287
10	9	94.7365
10	10	1.75287
10	11	1.46554
10	12	3.68286
10	13	-2.67286
10	14	-0.807265
10	15	-0.0785616
10	16	-4.18815
10	17	1.75715
10	18	-0.593554
10	19	-5.94253
10	20	-0.623179
10	21	-1.62748
10	22	-0.438542
10	23	-0.93034
10	24	-1.11413
10	25	-0.342286
10	26	-0.545301
10	27	0.984599
10	28	-0.193633
10	29	14.1655
10	30	0.857129
10	31	0.445065
10	32	0.274219
10	33	0.50737
10	34	-11.303
10	35	2.36901
10	36	-0.381728
10	37	0.582894
10	38	-0.20723
10	39	-0.0600947
10	40	-0.0783343
10	41	-1.38054
10	42	-0.303011
10	43	0.750345
10	44	-0.140663
10	45	1.35486
10	46	-3.37022
10	47	-0.921996
10	48	-0.173681
10	49	0.367479
10	50	-0.293833
10	51	-0.719423
10	52	0.228583
10	53	-1.20295
10	54	-59.7543
10	55	20.6693
10	56	-0.572648
10	57	0.398469
10	58	0.0508492
10	59	0.507023
10	60	-0.596891
10	61	-0.983271
10	62	1.57148
10	63	2.6502
10	64	-0.632848
10	65	2.25227
10	66	0.964125
10	67	0.533321
10	68	5.00494
10	69	-0.862021
10	70	0.503134
10	71	0.40893
10	72	-1.85623
10	73	-1.3983
10	74	0.48834
10	75	0.67526
10	76	14.6869
10	77	0.000384074
10	78	17.9088
10	79	0.631372
10	80	1.38844
10	81	-1.91137
10	82	-0.0108812
10	83	-0.951409
10	84	-0.93751
10	85	3.29748
10	86	-0.465279
10	87	0.841521
10	88	-0.505532
10	89	1.7072
10	90	-0.626211
10	91	-0.00484063
10	92	0.418954
10	93	-0.129585
10	94	1.40194
10	95	3.52207
10	96	4.20736
10	97	3.82215
10	98	-1.93024
10	99	0.489913
10	100	-4.61832
10	101	2.40918
10	102	10.6496
10	103	-20.7144
10	104	1.26026
10	105	6.79435
10	106	22.8848
10	107	0.395552
10	108	10.4815
10	109	-0.0177061
10	110	1.33034
10	111	4.1215
10	112	-1.63617
10	113	-26.7512
10	114	0.269967
10	115	-0.434222
10	116	35.6666
10	117	-0.792744
10	118	0.398788
10	119	-0.0894917
10	120	2.35721
10	121	-70.0039
10	122	1.98321
10	123	-2.39877
10	124	0.587657
10	125	-1.52155
10	126	-0.0797136
10	127	1.11691
10	128	-15.5645
10	129	0.282766
10	130	-2.12856
10	131	-0.651275
10	132	0.209343
10	133	-1.33595
10	134	-0.846235
10	135	4.97006
10	136	1.50752
10	137	0.195689
10	138	-0.519398
10	139	-2.26526
10	140	0.17877
10	141	0.392677
10	142	-14.5122
10	143	0.901429
10	144	0.336259
10	145	-1.19611
10	146	0.690381
10	147	-0.218844
10	148	-1.37849
10	149	5.41941
10	150	5.03125
10	151	-1.1554
10	152	0.0111527
10	153	-4.90569
10	154	-1.20292
10	155	-0.481156
10	156	29.0566
10	157	0.551284
10	158	-0.99537
10	159	29.9202
10	160	8.46346
10	161	0.356322
10	162	2.87182
10	163	0.91955
10	164	0.000124793
10	165	-1.35401
10	166	1.74307
10	167	-0.886782
10	168	-0.464522
10	169	0.492146
10	170	2.65107
10	171	0.433339
10	172	0.674139
10	173	0.128447
10	174	0.0344398
10	175	-0.411773
10	176	-1.69423
10	177	-0.828203
10	178	-6.01897
10	179	-1.48595
10	180	17.9307
10	181	-2.70066
10	182	0.15828
10	183	0.755404
10	184	-1.93503
10	185	-0.349601
10	186	-10.9971
10	187	-7.02319
10	188	5.84565
10	189	-0.342735
10	190	-0.864386
10	191	-4.01693
10	192	4.82157
10	193	-53.2141
10	194	0.421771
10	195	-2.34451
10	196	0.246106
10	197	-0.406418
10	198	5.05438
10	199	1.46768
10	200	1.02437
10	201	-1.23947
10	202	-0.515797
10	203	-7.27968
10	204	-0.337664
10	205	1.16764
10	206	0.258506
10	207	-0.405322
10	208	1.24618
10	209	1.1881
10	210	-2.69603
10	211	-1.95482
10	212	-0.951371
10	213	26.4642
10	214	-0.125267
10	215	-0.514932
10	216	22.0496
10	217	1.14955
10	218	1.14617
10	219	2.56146
10	220	0.805494
10	221	0.55022
10	222	0.428254
10	223	-2.15904
10	224	-0.197106
10	225	-0.124414
10	226	9.24888
10	227	-0.182755
10	228	1.66513
10	229	-0.544469
10	230	-1.02558
10	231	-0.230892
10	232	-0.518741
10	233	11.9779
10	234	0.179024
10	235	13.6165
10	236	11.4184
10	237	-0.0953443
10	238	5.86156
10	239	-22.8542
10	240	0.192301
10	241	-68.6459
10	242	2.27281
10	243	-2.3084
10	244	0.790062
10	245	46.2457
10	246	-0.0806852
10	247	21.5425
10	248	-6.08397
10	249	4.40146
10	250	-0.20596
10	251	-0.577838
10	252	-0.0527563
10	253	26.0831
10	254	-0.925189
10	255	0.801381
10	256	0.260259
10	257	-0.211784
10	258	-0.11484
10	259	3.8142
10	260	-0.764419
10	261	0.698021
10	262	0.142669
10	263	-0.572114
10	264	0.86744
10	265	3.07138
10	266	0.735535
10	267	0.363368
10	268	0.369589
10	269	0.874062
10	270	-0.255363
10	271	0.37322
10	272	1.47329
10	273	0.354107
10	274	-19.6221
10	275	0.824698
10	276	1.64805
10	277	10.6904
10	278	0.864726
10	279	-0.388055
10	280	5.74451
10	281	-0.0552963
10	282	-2.05866
10	283	-7.43927
10	284	0.359149
10	285	0.139309
10	286	0.248899
10	287	-1.45336
10	288	-0.0780344
10	289	-5.89783
10	290	-0.283751
10	291	0.460337
10	292	0.362888
10	293	-0.165679
10	294	0.167586
10	295	-0.221169
10	296	0.231364
10	297	-0.251231
10	298	0.638054
10	299	-13.0819
10	300	-0.260611
10	301	-0.898438
10	302	-1.19079
10	303	0.482293
10	304	0.972014
10	305	-0.0471037
10	306	0.00579822
10	307	1.05734
10	308	-2.35492
10	309	1.03927
10	310	-0.477081
10	311	-0.751311
10	312	-59.971
10	313	-0.98605
10	314	-0.668961
10	315	-0.924295
10	316	0.0428997
10	317	1.33931
10	318	0.944523
10	319	1.45045
10	320	-0.283449
10	321	1.63084
10	322	-1.06774
10	323	2.59953
10	324	-0.376964
10	325	1.97063
10	326	-0.0746989
10	327	15.277
10	328	-2.82974
10	329	5.79399
10	330	0.828005
10	331	-0.676009
10	332	-0.59343
10	333	-1.53789
10	334	3.46477
10	335	-3.29981
10	336	1.72347
10	337	-0.63667
10	338	8.19592
10	339	1.32535
10	340	-2.9776
10	341	-0.860417
10	342	-8.1354
10	343	0.645834
10	344	0.597157
10	345	0.363934
10	346	0.610054
10	347	1.08391
10	348	4.58097
10	349	0.412844
10	350	1.08154
10	351	78.4507
10	352	1.38451
10	353	-1.09734
10	354	2.00766
10	355	-0.233001
10	356	-2.06926
10	357	-1.84355
10	358	103.696
10	359	1.23641
10	360	4.0885
10	361	0.664618
10	362	-0.693544
10	363	3.42789
10	364	-0.949032
10	365	0.797363
10	366	-19.421
10	367	-8.00858
10	368	0.108398
10	369	1.86283
10	370	1.52772
10	371	-0.0651106
10	372	-1.93353
10	373	-0.678102
10	374	-0.1357
10	375	-3.56325
10	376	-2.81811
10	377	4.3169
10	378	-0.319542
10	379	-0.593149
10	380	2.17953
10	381	4.45669
10	382	-1.38335
10	383	0.0912674
10	384	37.2781
10	385	0.518456
10	386	-0.257044
10	387	-0.720808
10	388	0.910102
10	389	-10.08
10	390	1.72941
10	391	-10.0187
10	392	10.0219
10	393	1.57729
10	394	28.9663
10	395	-0.606753
10	396	8.03974
10	397	-4.4218
10	398	-1.77092
10	399	-3.8174
10	400	-2.90058
10	401	0.478224
10	402	0.271244
10	403	-13.101
10	404	18.5636
10	405	-0.745714
10	406	0.46383
10	407	-0.228343
10	408	0.363831
10	409	-1.49126
10	410	0.391178
10	411	-1.04654
10	412	-3.49877
10	413	5.86252
10	414	0.782227
10	415	-0.823769
10	416	-18.0996
10	417	-2.46385
10	418	0.921555
10	419	-1.72324
10	420	0.192045
10	421	0.251008
10	422	-2.6845
10	423	-0.290505
10	424	0.0101692
10	425	0.130716
10	426	-32.1848
10	427	-1.67934
10	428	-0.0691638
10	429	-0.814867
10	430	1.88775
10	431	-0.637671
10	432	0.631342
10	433	-0.455768
10	434	-28.1161
10	435	0.665241
10	436	2.6016
10	437	1.56719
10	438	1.0359
10	439	-0.145161
10	440	-0.452112
10	441	-0.0490426
10	442	0.617327
10	443	-0.399331
10	444	-6.28039
10	445	-0.892024
10	446	-0.352019
10	447	1.14741
10	448	2.443
10	449	-0.538457
10	450	-3.0587
10	451	-0.270692
10	452	3.58121
10	453	0.858369
10	454	-0.84969
10	455	0.0401996
10	456	-0.441919
10	457	-0.0992973
10	458	-2.89634
10	459	-0.506758
10	460	0.181473
10	461	10.6944
10	462	0.675332
10	463	-1.52295
10	464	16.8312
10	465	-0.469324
10	466	-1.3475
10	467	-0.573255
10	468	-0.601967
10	469	-0.461618
10	470	0.667699
10	471	0.444061
10	472	-0.0165349
10	473	-0.259064
10	474	0.346571
10	475	-1.40676
10	476	-5.83722
10	477	0.337449
10	478	-2.99177
10	479	4.17311
10	480	4.05147
10	481	0.182003
10	482	-1.71309
10	483	1.49029
10	484	-4.91901
10	485	-4.26262
10	486	2.81588
10	487	-6.72865
10	488	0.436434
10	489	1.02385
10	490	-0.31175
10	491	0.777599
10	492	-2.75536
10	493	-0.156676
10	494	-2.48009
10	495	-1.87719
10	496	-13.7363
10	497	0.00359525
10	498	5.59748
10	499	-2.68918
10	500	0.619889
10	501	-0.0463408
10	502	0.904572
10	503	2.40248
10	504	-0.0396954
10	505	0.22859
10	506	-1.86923
10	507	0.593268
10	508	10.8678
10	509	-1.43733
10	510	7.39785
10	511	1.21906
10	512	-0.189846
10	513	-8.49278
10	514	0.0793261
10	515	0.492852
10	516	0.159792
10	517	-12.8491
10	518	0.689525
10	519	-1.44961
10	520	1.74949
10	521	-2.62611
10	522	0.412028
10	523	0.200926
10	524	-0.762755
10	525	-2.09891
10	526	1.19826
10	527	-0.447498
10	528	-19.7789
10	529	0.0674465
10	530	-0.745353
10	531	3.94351
10	532	-3.93602
10	533	0.589866
10	534	2.09964
10	535	-5.16602
10	536	43.4165
10	537	-1.217
10	538	15.2608
10	539	-0.443863
10	540	1.75435
10	541	4.65703
10	542	-3.08219
10	543	-5.30334
10	544	0.577788
10	545	-2.58867
10	546	-0.896483
10	547	1.05451
10	548	3.77036
10	549	3.0237
10	550	4.16594
10	551	-0.233288
10	552	2.56458
10	553	-0.982519
10	554	-6.51717
10	555	-0.571918
10	556	2.13894
10	557	-1.90444
10	558	1.77169
10	559	-0.080539
10	560	5.98034
10	561	-0.201991
10	562	-0.115853
10	563	0.521813
10	564	-0.60346
10	565	-9.50559
10	566	8.5714
10	567	1.28272
10	568	-6.66607
10	569	21.8346
10	570	-0.965635
10	571	4.58571
10	572	-0.0398896
10	573	-2.11107
10	574	12.2183
10	575	-1.0698
10	576	7.55421
10	577	0.344668
10	578	0.408205
10	579	-4.17809
10	580	0.0595006
10	581	0.440291
10	582	1.51136
10	583	-14.0219
10	584	0.733863
10	585	0.80872
10	586	1.71293
10	587	0.209204
10	588	-0.0179192
10	589	-0.423295
10	590	0.0314479
10	591	-1.47409
10	592	0.140181
10	593	-0.880161
10	594	-0.727075
10	595	-5.58211
10	596	-1.64906
10	597	0.529822
10	598	3.30517
10	599	-0.642158
10	600	2.3875
10	601	0.229957
10	602	-0.362347
10	603	0.347368
10	604	-3.37
10	605	-0.389054
10	606	0.773141
10	607	-1.31414
10	608	1.71709
10	609	-38.2899
10	610	5.86018
10	611	-5.73258
10	612	-0.367911
10	613	-2.35189
10	614	3.98304
10	615	0.591456
10	616	-5.8101
10	617	2.24311
10	618	0.0420081
10	619	0.385746
10	620	0.0290885
10	621	4.09973
10	622	0.28551
10	623	10.1213
10	624	-0.323252
10	625	0.120065
10	626	3.11811
10	627	0.71208
10	628	1.65869
10	629	-0.580104
10	630	-1.91262
10	631	0.756697
10	632	9.62962
10	633	-0.356487
10	634	-1.53824
10	635	-6.38269
10	636	1.82851
10	637	-1.09976
10	638	0.20791
10	639	-0.523289
10	640	1.27802
10	641	-1.04253
10	642	0.1125
10	643	-0.0477353
10	644	0.279115
10	645	-0.665528
10	646	9.03592
10	647	0.326579
10	648	2.72803
10	649	-0.334792
10	650	1.1066
10	651	-0.682386
10	652	0.834895
10	653	1.00317
10	654	0.108954
10	655	0.793886
10	656	0.388439
10	657	17.9782
10	658	0.455949
10	659	0.928315
10	660	0.536054
10	661	-0.523358
10	662	-0.688645
10	663	0.360016
10	664	-0.957384
10	665	-3.08788
10	666	0.177113
10	667	-0.0903107
10	668	-5.11538
10	669	0.254265
10	670	-0.268458
10	671	-2.76169
10	672	1.87366
10	673	1.22768
10	674	-1.85419
10	675	-1.13131
10	676	-4.84368
10	677	0.686177
10	678	8.47492
10	679	-1.44463
10	680	-0.938861
10	681	0.916323
10	682	0.289492
10	683	0.188305
10	684	0.27208
10	685	0.0190582
10	686	0.40038
10	687	1.49733
10	688	0.61374
10	689	-4.07751
10	690	-89.5587
10	691	-0.360464
10	692	2.69173
10	693	-1.34381
10	694	0.812655
10	695	0.263999
10	696	0.00498117
10	697	5.21501
10	698	0.227519
10	699	-5.61253
10	700	0.852738
10	701	-0.5282
10	702	-2.71337
10	703	0.48839
10	704	24.1513
10	705	0.502953
10	706	-26.2472
10	707	0.770102
10	708	-1.31352
10	709	7.01763
10	710	-9.03195
10	711	-0.0873275
10	712	1.60486
10	713	0.114674
10	714	-0.791918
10	715	0.909965
10	716	-0.674609
10	717	-0.274217
10	718	4.20829
10	719	-0.965531
10	720	0.170295
10	721	-20.72
10	722	-1.7221
10	723	1.20182
10	724	-3.0897
10	725	-1.00955
10	726	-2.54584
10	727	-4.55714
10	728	-2.06821
10	729	0.380717
10	730	0.280535
10	731	0.101307
10	732	-0.274834
10	733	1.37761
10	734	1.7717
10	735	-3.53017
10	736	0.961235
10	737	-8.95724
10	738	-1.65701
10	739	-4.33368
10	740	2.48728
10	741	-7.08402
10	742	0.0346818
10	743	-4.51656
10	744	0.693129
10	745	0.724224
10	746	0.878361
10	747	0.215014
10	748	0.500909
10	749	-0.208528
10	750	1.4826
10	751	0.53852
10	752	0.123515
10	753	-0.586087
10	754	-0.726274
10	755	2.75041
10	756	0.54962
10	757	-2.40366
10	758	0.272201
10	759	-5.85844
10	760	1.07261
10	761	-3.57817
10	762	0.604949
10	763	-0.950226
10	764	-1.75098
10	765	1.06756
10	766	0.145198
10	767	0.337399
10	768	-0.150824
10	769	-0.167269
10	770	-4.83902
10	771	1.25774
10	772	3.03341
10	773	0.889724
10	774	0.468543
10	775	6.57609
10	776	-0.491998
10	777	1.61743
10	778	3.0419
10	779	-1.91731
10	780	-0.79119
10	781	-1.42473
10	782	-2.93882
10	783	1.47844
10	784	-0.119037
10	785	-1.82852
10	786	0.429269
10	787	-1.12079
10	788	-1.73412
10	789	0.575445
10	790	4.5563
10	791	-2.61253
10	792	0.424511
10	793	-0.583577
10	794	-4.99344
10	795	0.141128
10	796	2.31398
10	797	-0.828102
10	798	-0.417801
10	799	-0.26116
10	800	-1.55448
10	801	-1.00449
10	802	-0.526507
10	803	-23.7746
10	804	0.0898486
10	805	2.40416
10	806	-0.159684
10	807	0.917819
10	808	2.68898
10	809	0.311757
10	810	1.9436
10	811	-1.12842
10	812	-0.114919
10	813	1.38764
10	814	-17.4613
10	815	0.519517
10	816	1.95701
10	817	1.03045
10	818	1.84992
10	819	0.420278
10	820	-1.11699
10	821	1.42608
10	822	-0.0117829
10	823	2.15757
10	824	0.31719
10	825	0.927751
10	826	0.323889
10	827	-0.151654
10	828	0.508659
10	829	-3.06547
10	830	0.402349
10	831	2.35815
10	832	0.0309487
10	833	-6.71244
10	834	-1.24168
10	835	-0.514912
10	836	-4.45476
10	837	-0.16659
10	838	0.816812
10	839	-1.18723
10	840	-2.69455
10	841	-0.0501296
10	842	-7.31665
10	843	-3.53352
10	844	-5.45852
10	845	0.0308926
10	846	-16.2007
10	847	-0.0493226
10	848	-2.2868
10	849	-0.872389
10	850	2.36225
10	851	-1.75264
10	852	-59.0177
10	853	-0.976173
10	854	0.706592
10	855	-0.0526159
10	856	4.4909
10	857	-0.35916
10	858	-0.393088
10	859	0.0855201
10	860	0.842479
10	861	0.271355
10	862	-0.856985
10	863	-0.42603
10	864	-1.12933
10	865	-0.153428
10	866	-8.04907
10	867	6.93633
10	868	-4.86156
10	869	0.736195
10	870	1.37501
10	871	0.208792
10	872	2.68303
10	873	-72.7184
10	874	0.569412
10	875	-3.59491
10	876	0.646101
10	877	20.7008
10	878	5.69974
10	879	44.575
10	880	0.190168
10	881	0.572223
10	882	-0.217451
10	883	-0.814353
10	884	0.285732
10	885	-1.07739
10	886	-0.962353
10	887	-0.468718
10	888	1.17152
10	889	-0.00668729
10	890	-0.129618
10	891	-0.112434
10	892	-0.907741
10	893	0.35468
10	894	0.568863
10	895	0.00132956
10	896	0.257055
10	897	-0.348413
10	898	-0.395318
10	899	-1.26984
10	900	-9.76656
10	901	-0.760723
10	902	-0.319763
10	903	-0.612935
10	904	1.8247
10	905	-1.36091
10	906	-9.12587
10	907	5.06512
10	908	-4.30792
10	909	-0.142047
10	910	-1.25175
10	911	0.0392919
10	912	2.66094
10	913	0.289723
10	914	1.41197
10	915	1.39714
10	916	0.821512
10	917	-0.952283
10	918	0.0732682
10	919	-0.85048
10	920	-2.61884
10	921	0.873175
10	922	1.40118
10	923	-0.329027
10	924	-1.11021
10	925	0.171354
10	926	12.3265
10	927	-0.364283
10	928	0.762107
10	929	1.18807
10	930	27.7072
10	931	1.13911
10	932	-2.54474
10	933	0.178642
10	934	-0.768336
10	935	-0.674152
10	936	1.15559
10	937	11.6456
10	938	-0.780986
10	939	-0.621748
10	940	-0.839139
10	941	0.0680634
10	942	1.77385
10	943	-0.402258
10	944	1.31672
10	945	1.5858
10	946	-0.0916414
10	947	0.242776
10	948	-5.49604
10	949	0.0975533
10	950	0.447599
10	951	1.91762
10	952	0.0677851
10	953	0.821114
10	954	0.292045
10	955	-0.287465
10	956	-0.219754
10	957	-0.904182
10	958	-3.78291
10	959	0.406038
10	960	1.05702
10	961	-2.68607
10	962	-0.174867
10	963	0.670702
10	964	-14.0459
10	965	0.0191275
10	966	0.46957
10	967	1.26006
10	968	-0.627938
10	969	21.5681
10	970	-7.19393
10	971	-2.36012
10	972	-0.308584
10	973	17.6854
10	974	-0.249917
10	975	-0.917618
10	976	0.270458
10	977	-0.591019
10	978	-1.7487
10	979	0.407841
10	980	7.88868
10	981	-0.56111
10	982	0.335103
10	983	-0.634262
10	984	-2.46494
10	985	-0.0367947
10	986	-0.556089
10	987	-0.383606
10	988	-4.81562
10	989	1.02358
10	990	2.64548
10	991	0.10665
10	992	-2.07183
10	993	-0.451627
10	994	-0.285484
10	995	-2.24506
10	996	7.60628
10	997	0.838655
10	998	-0.0271584
10	999	-0.627706
10	1000	-2.0516
10	1001	-1.25933
10	1002	0.905296
10	1003	0.756092
10	1004	0.0258366
10	1005	0.60192
10	1006	-0.761362
10	1007	1.30365
10	1008	1.35296
10	1009	-0.398512
10	1010	0.794074
10	1011	-3.38091
10	1012	0.645563
10	1013	-3.45917
10	1014	4.34413
10	1015	0.345876
10	1016	-0.104954
10	1017	-2.28763
10	1018	-0.61878
10	1019	0.0353753
10	1020	-0.0410832
10	1021	-0.696834
10	1022	-0.444862
10	1023	-1.05142
10	1024	0.578499
10	1025	0.382769
10	1026	0.898579
10	1027	0.703459
10	1028	0.296131
10	1029	1.98144
10	1030	-0.386522
10	1031	0.106253
10	1032	-23.2441
10	1033	2.28627
10	1034	0.448618
10	1035	-0.0174562
10	1036	0.0148514
10	1037	0.251409
10	1038	-4.99224
10	1039	-0.653352
10	1040	0.459196
10	1041	0.354044
10	1042	1.82368
10	1043	2.4008
10	1044	0.126814
10	1045	-0.240802
10	1046	-0.796121
10	1047	0.104673
10	1048	0.372508
10	1049	1.78917
10	1050	0.791815
10	1051	0.321205
10	1052	-1.53522
10	1053	2.0018
10	1054	0.0982403
10	1055	-0.468742
10	1056	-0.0431643
10	1057	1.93119
10	1058	-4.43318
10	1059	-0.364461
10	1060	-1.00565
10	1061	-0.236091
10	1062	4.08689
10	1063	-6.10664
10	1064	-0.397931
10	1065	-0.0304773
10	1066	5.7651
10	1067	0.718645
10	1068	0.368196
10	1069	0.15116
10	1070	0.35189
10	1071	-15.0968
10	1072	-1.39194
10	1073	-0.198479
10	1074	0.248396
10	1075	0.538165
10	1076	1.81786
10	1077	0.273497
10	1078	0.296852
10	1079	0.564736
10	1080	-1.32827
10	1081	-1.07806
10	1082	-2.22392
10	1083	-7.56438
10	1084	-5.17691
10	1085	0.528968
10	1086	1.84075
10	1087	1.42348
10	1088	0.826444
10	1089	-0.812452
10	1090	3.36837
10	1091	6.2626
10	1092	0.0490901
10	1093	15.6836
10	1094	0.196205
10	1095	-1.95149
10	1096	-0.285847
10	1097	0.990958
10	1098	-0.0448743
10	1099	-1.47798
10	1100	0.281846
10	1101	-0.651725
10	1102	0.477066
10	1103	-7.60555
10	1104	3.80233
10	1105	0.658807
10	1106	-0.0446209
10	1107	3.0114
10	1108	0.97872
10	1109	12.1157
10	1110	1.33363
10	1111	-2.26556
10	1112	-1.14472
10	1113	1.23691
10	1114	-3.73852
10	1115	0.84917
10	1116	0.01297
10	1117	-1.07078
10	1118	-1.79319
10	1119	-9.15574
10	1120	0.138839
10	1121	3.59583
10	1122	-0.986566
10	1123	-0.44446
10	1124	0.828547
10	1125	1.46439
10	1126	-0.75568
10	1127	-1.13613
10	1128	40.4821
10	1129	0.0793687
10	1130	-2.08774
10	1131	-1.06124
10	1132	-0.544417
10	1133	-1.85444
10	1134	1.7236
10	1135	1.46082
10	1136	0.218718
10	1137	2.76769
10	1138	0.510683
10	1139	-1.12667
10	1140	-2.71781
10	1141	0.113808
10	1142	0.541177
10	1143	-0.253753
10	1144	-0.762976
10	1145	0.382703
10	1146	0.0989828
10	1147	-4.74686
10	1148	4.72272
10	1149	0.647145
10	1150	-4.83542
10	1151	-0.746637
10	1152	1.18264
10	1153	-0.21039
10	1154	-1.6647
10	1155	25.5744
10	1156	-2.91367
10	1157	0.221244
10	1158	6.59305
10	1159	0.843343
10	1160	-1.11152
10	1161	-0.249411
10	1162	8.61706
10	1163	0.79797
10	1164	0.0486104
10	1165	1.13909
10	1166	-0.457193
10	1167	-0.509859
10	1168	-0.355912
10	1169	-2.2018
10	1170	0.837784
10	1171	-0.268028
10	1172	-0.37374
10	1173	4.17143
10	1174	0.665843
10	1175	-0.499076
10	1176	0.122689
10	1177	-15.988
10	1178	-0.0628792
10	1179	-46.0683
10	1180	0.755148
10	1181	-0.0248379
10	1182	13.2879
10	1183	0.942775
10	1184	-1.60859
10	1185	-0.640844
10	1186	0.292084
10	1187	-0.15269
10	1188	-0.9917
10	1189	-15.1729
10	1190	-0.0906242
10	1191	0.551198
10	1192	3.61746
10	1193	-15.1024
10	1194	19.2299
10	1195	-0.0503292
10	1196	2.86772
10	1197	-0.265327
10	1198	2.8668
10	1199	-0.723181
10	1200	1.43644
10	1201	1.75712
10	1202	0.905184
10	1203	-16.6124
10	1204	0.30304
10	1205	1.65398
10	1206	-0.0219809
10	1207	-2.0868
10	1208	-0.177839
10	1209	0.107978
10	1210	2.08059
10	1211	4.54557
10	1212	8.87625
10	1213	0.739218
10	1214	1.38679
10	1215	-0.326851
10	1216	0.716152
10	1217	0.540599
10	1218	-1.64719
10	1219	-0.608118
10	1220	-0.0680164
10	1221	-3.91762
10	1222	-0.461804
10	1223	-0.604328
10	1224	-1.38328
10	1225	-4.50092
10	1226	0.0323782
10	1227	0.314609
10	1228	-0.973541
10	1229	0.361538
10	1230	-0.00540535
10	1231	-1.03521
10	1232	2.38623
10	1233	-0.652163
10	1234	0.823547
10	1235	-0.356114
10	1236	-12.1945
10	1237	0.700882
10	1238	5.12577
10	1239	0.375979
10	1240	-0.323
10	1241	-0.408604
10	1242	0.662127
10	1243	0.932632
10	1244	1.67744
10	1245	2.29256
10	1246	-1.45522
10	1247	-1.80801
10	1248	0.392687
10	1249	0.116509
10	1250	-2.69457
10	1251	1.72862
10	1252	-0.081306
10	1253	3.97191
10	1254	-14.0209
10	1255	-0.10901
10	1256	-0.248253
10	1257	-0.431898
10	1258	0.296105
10	1259	-10.5147
10	1260	2.90847
10	1261	0.777914
10	1262	0.446748
10	1263	-1.81654
10	1264	0.241763
10	1265	-0.0443591
10	1266	-0.143331
10	1267	-9.03233
10	1268	3.25867
10	1269	0.665369
10	1270	-0.10261
10	1271	-0.873826
10	1272	0.825791
10	1273	0.918117
10	1274	0.451855
10	1275	0.0127489
10	1276	-0.497923
10	1277	-0.862493
10	1278	6.47826
10	1279	0.352947
10	1280	-6.58314
10	1281	-1.61214
10	1282	-0.418334
10	1283	0.248202
10	1284	1.16191
10	1285	0.628688
10	1286	-1.36971
10	1287	-82.7139
10	1288	-2.51284
10	1289	-2.71594
10	1290	3.61948
10	1291	1.49061
10	1292	-0.730633
10	1293	1.54472
10	1294	8.32608
10	1295	2.08017
10	1296	-1.84864
10	1297	-4.66374
10	1298	0.844335
10	1299	-2.95767
10	1300	-5.22296
10	1301	-0.55833
10	1302	4.06607
10	1303	5.31755
10	1304	-0.537959
10	1305	-0.578224
10	1306	0.695636
10	1307	3.47631
10	1308	0.777851
10	1309	-0.444454
10	1310	-1.22282
10	1311	1.67023
10	1312	-2.82379
10	1313	-0.361149
10	1314	1.11627
10	1315	0.50321
10	1316	1.10954
10	1317	-0.435172
10	1318	-1.04695
10	1319	-2.38608
10	1320	-0.389682
10	1321	0.577049
10	1322	0.0115726
10	1323	-0.610838
10	1324	1.88876
10	1325	-13.9724
10	1326	0.102866
10	1327	2.59106
10	1328	-0.158022
10	1329	-2.32534
10	1330	4.38428
10	1331	-0.388847
10	1332	-3.41605
10	1333	1.11547
10	1334	6.04161
10	1335	68.3226
10	1336	1.76666
10	1337	0.550795
10	1338	-0.980734
10	1339	-0.731268
10	1340	-0.76784
10	1341	0.79239
10	1342	0.182537
10	1343	0.0430152
10	1344	-5.76464
10	1345	-0.707783
10	1346	1.30143
10	1347	0.473197
10	1348	0.306173
10	1349	8.8122
10	1350	0.434315
10	1351	-2.40749
10	1352	-2.52522
10	1353	0.39352
10	1354	-0.799888
10	1355	-0.0877786
10	1356	0.0774324
10	1357	1.04287
10	1358	0.0307776
10	1359	0.235595
10	1360	7.53176
10	1361	7.1829
10	1362	7.46692
10	1363	1.76385
10	1364	0.00977438
10	1365	0.709041
10	1366	-5.89952
10	1367	17.5727
10	1368	-0.125929
10	1369	0.122471
10	1370	0.0747818
10	1371	-0.777149
10	1372	-0.16551
10	1373	-2.19089
10	1374	-2.21726
10	1375	-8.19846
10	1376	-1.68261
10	1377	2.60535
10	1378	-1.66089
10	1379	-6.0901
10	1380	1.72199
10	1381	-0.138201
10	1382	1.87811
10	1383	-0.448365
10	1384	-0.143049
10	1385	0.333447
10	1386	-0.551994
10	1387	0.150235
10	1388	-1.10787
10	1389	-1.26434
10	1390	-4.35976
10	1391	0.269591
10	1392	0.362737
10	1393	0.0504414
10	1394	2.81021
10	1395	-4.82247
10	1396	-0.168234
10	1397	-0.808628
10	1398	1.96888
10	1399	-1.37729
10	1400	-0.445275
10	1401	0.409423
10	1402	-5.64299
10	1403	0.141391
10	1404	0.314003
10	1405	4.1188
10	1406	-0.0112491
10	1407	-0.782119
10	1408	-2.16634
10	1409	-31.1796
10	1410	0.498027
10	1411	-0.700448
10	1412	-0.248006
10	1413	0.041534
10	1414	-0.386833
10	1415	-0.499874
10	1416	1.41455
10	1417	-2.5596
10	1418	3.58298
10	1419	-4.29808
10	1420	-0.248846
10	1421	2.63056
10	1422	-1.51026
10	1423	0.0596076
10	1424	-0.0306428
10	1425	0.749543
10	1426	-0.986547
10	1427	-1.55641
10	1428	1.19544
10	1429	-0.0381182
10	1430	0.519073
10	1431	1.10985
10	1432	-2.23238
10	1433	-2.05354
10	1434	-0.251642
10	1435	-0.353147
10	1436	-0.0316605
10	1437	-0.487802
10	1438	0.204176
10	1439	-0.987358
10	1440	0.671683
10	1441	1.60163
10	1442	0.333722
10	1443	0.40556
10	1444	0.165289
10	1445	-4.82381
10	1446	0.589296
10	1447	1.26649
10	1448	-6.03299
10	1449	1.04876
10	1450	7.4983
10	1451	0.358558
10	1452	-1.11507
10	1453	0.462604
10	1454	-0.765222
10	1455	0.00998715
10	1456	0.808222
10	1457	1.58326
10	1458	-2.65965
10	1459	0.479035
10	1460	0.43269
10	1461	-2.53395
10	1462	0.474057
10	1463	1.07132
10	1464	1.00913
10	1465	1.56273
10	1466	0.894143
10	1467	1.17592
10	1468	-1.87882
10	1469	-1.26986
10	1470	-1.42418
10	1471	0.639843
10	1472	-0.158381
10	1473	0.476052
10	1474	-0.562313
10	1475	-3.62601
10	1476	-1.0387
10	1477	0.537422
10	1478	6.12484
10	1479	-0.493574
10	1480	-2.63663
10	1481	-1.52015
10	1482	-0.497962
10	1483	0.615381
10	1484	2.87571
10	1485	-3.47066
10	1486	0.163893
10	1487	4.45313
10	1488	1.05964
10	1489	2.64808
10	1490	125.232
10	1491	-0.0701832
10	1492	-0.310057
10	1493	-2.78315
10	1494	-0.0557353
10	1495	-1.41175
10	1496	107.508
10	1497	2.56602
10	1498	-0.290903
10	1499	-0.600256
10	1500	0.281225
10	1501	6.49221
10	1502	0.124176
10	1503	0.397548
10	1504	-0.30747
10	1505	4.6838
10	1506	0.25591
10	1507	2.27882
10	1508	8.04032
10	1509	0.838682
10	1510	0.166104
10	1511	-1.24412
10	1512	0.196712
10	1513	-0.409925
10	1514	0.0737057
10	1515	2.60864
10	1516	-0.654819
10	1517	35.6204
10	1518	0.265039
10	1519	0.0438903
10	1520	-1.08029
10	1521	-0.128453
10	1522	-2.02586
10	1523	1.86729
10	1524	-5.63783
10	1525	-3.57659
10	1526	1.04959
10	1527	8.19494
10	1528	-0.0204097
10	1529	1.0605
10	1530	-0.885632
10	1531	0.10461
10	1532	1.32414
10	1533	-1.74001
10	1534	2.01802
10	1535	-1.38834
10	1536	0.406622
10	1537	1.50714
10	1538	1.11798
10	1539	-0.850909
10	1540	-4.05831
10	1541	-0.704523
10	1542	-16.998
10	1543	-0.790321
10	1544	-0.648672
10	1545	-0.142544
10	1546	0.954097
10	1547	-0.592622
10	1548	-0.140662
10	1549	-0.180882
10	1550	-4.78994
10	1551	-2.48907
10	1552	-0.0594528
10	1553	6.06638
10	1554	1.79699
10	1555	-0.46914
10	1556	21.4449
10	1557	-0.575835
10	1558	0.86486
10	1559	0.0759789
10	1560	-0.767143
10	1561	0.0421259
10	1562	-0.890383
10	1563	0.761059
10	1564	36.3874
10	1565	0.752884
10	1566	48.0583
10	1567	-0.411679
10	1568	-0.325864
10	1569	-0.0304635
10	1570	0.192254
10	1571	0.298355
10	1572	-2.2699
10	1573	0.173304
10	1574	-1.86393
10	1575	1.15929
10	1576	-0.505336
10	1577	0.925223
10	1578	0.482069
10	1579	2.77812
10	1580	3.39395
10	1581	-0.0907063
10	1582	0.286537
10	1583	4.14918
10	1584	-0.617536
10	1585	-1.13091
10	1586	-0.0508801
10	1587	-5.35854
10	1588	2.06034
10	1589	0.439014
10	1590	3.71499
10	1591	-0.155942
10	1592	0.379505
10	1593	-0.444901
10	1594	0.0107823
10	1595	-8.6925
10	1596	0.00757241
10	1597	-3.19534
10	1598	2.72764
10	1599	-0.897946
10	1600	-0.551614
10	1601	0.162962
10	1602	-2.98112
10	1603	1.35834
10	1604	-0.00403891
10	1605	2.42357
10	1606	-0.170897
10	1607	-1.01226
10	1608	-0.440126
10	1609	-1.29403
10	1610	1.67108
10	1611	0.602827
10	1612	84.5161
10	1613	-1.40106
10	1614	3.62662
10	1615	-2.27323
10	1616	0.00380303
10	1617	-0.467629
10	1618	0.731353
10	1619	0.41496
10	1620	-0.74754
10	1621	-78.2945
10	1622	0.122461
10	1623	-0.613061
10	1624	-0.050645
10	1625	1.7449
10	1626	-24.7609
10	1627	0.565633
10	1628	4.00967
10	1629	6.9692
10	1630	-0.671384
10	1631	0.213205
10	1632	-3.32703
10	1633	18.9345
10	1634	-1.06171
10	1635	-1.18827
10	1636	-0.282316
10	1637	-0.0119504
10	1638	1.66975
10	1639	0.114505
10	1640	-9.95803
10	1641	-0.398804
10	1642	7.79141
10	1643	0.895397
10	1644	-0.631608
10	1645	-5.62722
10	1646	1.14177
10	1647	-4.95692
10	1648	1.36023
10	1649	-8.26028
10	1650	-3.09568
10	1651	-1.50167
10	1652	-0.704836
10	1653	0.206852
10	1654	-0.743058
10	1655	0.925965
10	1656	-0.816578
10	1657	5.84805
10	1658	0.837148
10	1659	-1.71713
10	1660	0.76087
10	1661	-0.024583
10	1662	1.19033
10	1663	-6.25629
10	1664	1.03502
10	1665	-2.53848
10	1666	4.32011
10	1667	-0.412975
10	1668	4.22294
10	1669	-0.449952
10	1670	0.0769827
10	1671	0.551685
10	1672	-0.179885
10	1673	2.45468
10	1674	-0.202323
10	1675	-7.56724
10	1676	-0.519465
10	1677	-7.00884
10	1678	11.5915
10	1679	-0.889911
10	1680	-0.171541
10	1681	-37.5756
10	1682	-5.7701
10	1683	2.0615
10	1684	-0.480756
10	1685	1.10906
10	1686	-2.10946
10	1687	-0.507659
10	1688	-0.923094
10	1689	0.107273
10	1690	-1.56828
10	1691	8.14285
10	1692	-3.15632
10	1693	-0.629237
10	1694	-0.0952251
10	1695	5.12612
10	1696	-5.20335
10	1697	-1.68732
10	1698	0.397111
10	1699	0.687383
10	1700	0.696643
10	1701	1.45034
10	1702	11.4347
10	1703	4.19957
10	1704	1.38646
10	1705	0.836896
10	1706	2.4467
10	1707	4.01319
10	1708	-0.93121
10	1709	-0.326841
10	1710	-1.60023
10	1711	11.8299
10	1712	0.997651
10	1713	-0.125403
10	1714	0.947792
10	1715	0.395464
10	1716	0.297647
10	1717	-3.30128
10	1718	8.04829
10	1719	-0.36392
10	1720	-1.72786
10	1721	4.13744
10	1722	0.0566048
10	1723	1.12031
10	1724	0.345098
10	1725	-9.7909
10	1726	1.03034
10	1727	-54.4544
10	1728	0.340858
10	1729	46.5677
10	1730	-0.171895
10	1731	0.670942
10	1732	-1.01048
10	1733	-3.15228
10	1734	-0.271611
10	1735	1.1369
10	1736	0.736658
10	1737	-0.972982
10	1738	-1.55954
10	1739	-0.191624
10	1740	-1.09182
10	1741	-1.12634
10	1742	-0.409792
10	1743	1.42439
10	1744	1.67754
10	1745	-0.2834
10	1746	0.220971
10	1747	-0.48154
10	1748	-1.18689
10	1749	-0.429871
10	1750	-0.11119
10	1751	-0.276302
10	1752	2.93633
10	1753	8.17498
10	1754	0.141998
10	1755	4.4942
10	1756	1.03656
10	1757	1.59163
10	1758	0.769946
10	1759	1.13264
10	1760	-0.187809
10	1761	-0.399643
10	1762	-0.316632
10	1763	0.0956776
10	1764	3.98192
10	1765	-1.9741
10	1766	-0.910482
10	1767	2.64904
10	1768	0.808052
10	1769	1.10644
10	1770	-0.448559
10	1771	1.56245
10	1772	-1.27111
10	1773	1.45408
10	1774	2.25863
10	1775	0.492498
10	1776	-35.6893
10	1777	0.0934128
10	1778	2.46928
10	1779	-2.45449
10	1780	0.326258
10	1781	-1.71675
10	1782	30.6799
10	1783	-0.966978
10	1784	-3.08529
10	1785	0.467127
10	1786	0.110786
10	1787	-0.534826
10	1788	0.137995
10	1789	-1.51999
10	1790	7.68825
10	1791	9.634
10	1792	-2.04852
10	1793	-0.523387
10	1794	-4.29944
10	1795	0.402033
10	1796	0.299761
10	1797	-0.397293
10	1798	-0.56966
10	1799	-1.26752
10	1800	1.04324
10	1801	-0.565697
10	1802	-0.730883
10	1803	-1.16198
10	1804	-0.141908
10	1805	0.543831
10	1806	-1.91779
10	1807	-0.261193
10	1808	-0.341756
10	1809	0.548483
10	1810	0.981724
10	1811	0.666941
10	1812	-0.813183
10	1813	1.84236
10	1814	-1.99523
10	1815	0.427827
10	1816	-1.26497
10	1817	-4.57803
10	1818	-2.0251
10	1819	0.16761
10	1820	0.122004
10	1821	-1.35034
10	1822	-0.248753
10	1823	-0.592112
10	1824	7.71575
10	1825	3.98663
10	1826	0.0381445
10	1827	0.737142
10	1828	0.0115195
10	1829	-1.00176
10	1830	5.79598
10	1831	5.16843
10	1832	-3.54141
10	1833	-8.15073
10	1834	-70.1828
10	1835	2.29875
10	1836	-3.25603
10	1837	-0.954506
10	1838	-0.856854
10	1839	-4.85903
10	1840	-2.30898
10	1841	0.0897255
10	1842	-0.675167
10	1843	0.0355161
10	1844	-1.22566
10	1845	-0.91239
10	1846	0.719579
10	1847	-0.309437
10	1848	-2.51691
10	1849	-0.725058
10	1850	2.54088
10	1851	0.349218
10	1852	-1.02324
10	1853	0.34308
10	1854	-1.87921
10	1855	-0.495745
10	1856	1.30218
10	1857	2.64155
10	1858	-11.6805
10	1859	-0.425462
10	1860	0.491157
10	1861	-1.47336
10	1862	0.0298095
10	1863	-7.10701
10	1864	0.485308
10	1865	-25.233
10	1866	-1.67394
10	1867	-0.984603
10	1868	-1.20322
10	1869	45.4946
10	1870	0.621335
10	1871	0.235882
10	1872	0.613691
10	1873	0.250207
10	1874	-1.05488
10	1875	0.570637
10	1876	0.00978689
10	1877	125.376
10	1878	0.606612
10	1879	-25.699
10	1880	6.51886
10	1881	0.101061
10	1882	-2.53277
10	1883	1.08276
10	1884	0.726697
10	1885	0.0181148
10	1886	0.248286
10	1887	-0.108432
10	1888	-0.915924
10	1889	-10.3543
10	1890	0.875654
10	1891	-0.0465856
10	1892	1.72554
10	1893	-0.464794
10	1894	0.931216
10	1895	0.483602
10	1896	-2.46923
10	1897	0.470556
10	1898	-18.2779
10	1899	-0.113061
10	1900	-16.0571
10	1901	0.115484
10	1902	-7.43666
10	1903	0.234667
10	1904	-0.238726
10	1905	1.62342
10	1906	-0.355885
10	1907	-1.50172
10	1908	0.457068
10	1909	1.13867
10	1910	-0.420253
10	1911	0.164301
10	1912	1.19325
10	1913	-0.189068
10	1914	-1.19661
10	1915	1.14284
10	1916	0.474585
10	1917	-1.42517
10	1918	0.549203
10	1919	-1.17307
10	1920	-0.00898258
10	1921	-0.607364
10	1922	1.58202
10	1923	-1.21244
10	1924	13.401
10	1925	-1.61156
10	1926	-4.46559
10	1927	-13.5968
10	1928	1.68573
10	1929	-0.248913
10	1930	-0.874823
10	1931	0.858904
10	1932	1.07237
10	1933	-0.619357
10	1934	0.372786
10	1935	-0.18482
10	1936	-0.431438
10	1937	1.2331
10	1938	0.48035
10	1939	1.44502
10	1940	-1.78355
10	1941	9.9478
10	1942	-50.8757
10	1943	-1.2705
10	1944	-0.378669
10	1945	2.06611
10	1946	3.28157
10	1947	-7.38967
10	1948	0.476414
10	1949	1.00989
10	1950	1.81592
10	1951	0.372503
10	1952	2.55675
10	1953	0.699807
10	1954	-1.10215
10	1955	-0.29086
10	1956	4.96814
10	1957	-2.20164
10	1958	0.853375
10	1959	-8.42116
10	1960	0.697307
10	1961	-0.738246
10	1962	-0.405711
10	1963	4.8978
10	1964	-0.259562
10	1965	-1.40354
10	1966	0.516126
10	1967	1.4492
10	1968	1.21044
10	1969	-0.477955
10	1970	0.344554
10	1971	-1.14994
10	1972	-1.09928
10	1973	0.0822855
10	1974	1.02898
10	1975	-1.21563
10	1976	1.28918
10	1977	4.50906
10	1978	-2.13702
10	1979	3.17234
10	1980	-1.24098
10	1981	16.2771
10	1982	-1.22447
10	1983	1.99927
10	1984	0.876055
10	1985	-0.850978
10	1986	3.15747
10	1987	-0.0714589
10	1988	0.486452
10	1989	0.435989
10	1990	1.47642
10	1991	-0.912887
10	1992	0.483698
10	1993	1.57586
10	1994	-0.410514
10	1995	-0.477488
10	1996	0.214834
10	1997	0.360578
10	1998	-0.889373
10	1999	-0.79794
10	2000	0.0292335
10	2001	1.30379
10	2002	-9.264
10	2003	0.922996
10	2004	6.20544
10	2005	0.0427404
10	2006	-0.868796
10	2007	-1.71769
10	2008	14.0545
10	2009	0.132568
10	2010	2.30465
10	2011	-3.24422
10	2012	-6.99306
10	2013	0.948042
10	2014	-5.47491
10	2015	-3.75922
10	2016	0.191513
10	2017	0.987223
10	2018	-4.69718
10	2019	-1.11538
10	2020	-2.68219
10	2021	-0.377518
10	2022	0.605041
10	2023	0.767734
10	2024	9.03768
10	2025	-0.313328
10	2026	1.34342
10	2027	4.06661
10	2028	6.70353
10	2029	-2.81228
10	2030	0.467209
10	2031	0.611708
10	2032	-0.0863058
10	2033	1.05878
10	2034	0.901995
10	2035	0.350945
10	2036	34.5626
10	2037	9.77215
10	2038	0.933372
10	2039	7.03497
10	2040	-3.88095
10	2041	0.263166
10	2042	-1.14621
10	2043	-3.93008
10	2044	-3.34137
10	2045	0.630852
10	2046	0.206132
10	2047	-0.641419
10	2048	40.8335
10	2049	-1.40887
10	2050	13.73
10	2051	0.108542
10	2052	0.0700764
10	2053	-1.30848
10	2054	-0.592153
10	2055	-1.01392
10	2056	-0.471532
10	2057	0.0354966
10	2058	-0.766225
10	2059	8.04366
10	2060	-2.63949
10	2061	-4.56482
10	2062	-3.40525
10	2063	-1.79144
10	2064	-1.72159
10	2065	-1.18061
10	2066	-3.10282
10	2067	0.0147602
10	2068	-1.09688
10	2069	3.9786
10	2070	-1.40303
10	2071	0.384527
10	2072	7.272
10	2073	0.218511
10	2074	-2.87701
10	2075	4.92007
10	2076	2.027
10	2077	-3.05847
10	2078	-0.035447
10	2079	7.08927
10	2080	-4.38493
10	2081	1.2144
10	2082	3.04474
10	2083	0.568136
10	2084	-1.23558
10	2085	3.10979
10	2086	0.233707
10	2087	-4.36522
10	2088	-0.0337943
10	2089	-1.45553
10	2090	0.733118
10	2091	0.173909
10	2092	-0.0925788
10	2093	-0.17473
10	2094	1.17824
10	2095	0.306198
10	2096	-0.561614
10	2097	-0.323821
10	2098	-0.619344
10	2099	2.31878
10	2100	0.092663
10	2101	5.54534
10	2102	-0.0328424
10	2103	4.10344
10	2104	-0.442195
10	2105	-2.36948
10	2106	1.90482
10	2107	0.310987
10	2108	-12.6481
10	2109	4.47852
10	2110	-8.00683
10	2111	0.264867
10	2112	131.115
10	2113	-1.26927
10	2114	0.612816
10	2115	3.64132
10	2116	7.22836
10	2117	4.65287
10	2118	3.54815
10	2119	-0.0572412
10	2120	-0.664874
10	2121	-5.38878
10	2122	0.555809
10	2123	-3.90202
10	2124	1.68062
10	2125	-0.630868
10	2126	2.26474
10	2127	0.200281
10	2128	-0.356881
10	2129	-0.158456
10	2130	1.36406
10	2131	1.19391
10	2132	-0.0392772
10	2133	-10.1383
10	2134	0.188665
10	2135	-21.3196
10	2136	0.827955
10	2137	0.389779
10	2138	3.15571
10	2139	0.0787918
10	2140	1.70844
10	2141	-0.874084
10	2142	-3.75556
10	2143	0.539823
10	2144	0.902086
10	2145	-1.39577
10	2146	-2.13764
10	2147	0.384828
10	2148	-8.05078
10	2149	-0.370863
10	2150	0.936726
10	2151	0.877231
10	2152	0.106412
10	2153	0.492534
10	2154	-0.391642
10	2155	2.7601
10	2156	0.807159
10	2157	0.000111136
10	2158	1.38977
10	2159	-8.65854
10	2160	2.50698
10	2161	87.7736
10	2162	-0.502568
10	2163	-0.225521
10	2164	-0.575236
10	2165	3.63754
10	2166	-2.74223
10	2167	11.1671
10	2168	-4.06665
10	2169	-0.208441
10	2170	-1.22049
10	2171	-0.489843
10	2172	2.83967
10	2173	-0.0271315
10	2174	-0.301297
10	2175	-1.25128
10	2176	0.343847
10	2177	4.64469
10	2178	-1.18882
10	2179	0.184514
10	2180	-50.801
10	2181	2.34973
10	2182	-3.25223
10	2183	-1.90258
10	2184	-3.36
10	2185	103.587
10	2186	-0.80336
10	2187	-0.567057
10	2188	5.23051
10	2189	0.701755
10	2190	-1.57713
10	2191	118.124
10	2192	-6.07864
10	2193	0.66593
10	2194	0.858447
10	2195	1.14454
10	2196	11.0024
10	2197	-1.34474
10	2198	0.613372
10	2199	-1.79563
10	2200	1.55463
10	2201	0.49699
10	2202	-3.73167
10	2203	-1.36929
10	2204	5.10834
10	2205	0.811943
10	2206	-4.67996
10	2207	0.9053
10	2208	-0.201132
10	2209	-0.751086
10	2210	-0.00849833
10	2211	-0.641397
10	2212	0.637388
10	2213	-0.0758199
10	2214	-0.189397
10	2215	-0.723945
10	2216	-1.56628
10	2217	-0.560159
10	2218	0.644882
10	2219	1.49809
10	2220	0.426774
10	2221	-2.5486
10	2222	3.03786
10	2223	-0.260774
10	2224	1.29247
10	2225	-0.00404016
10	2226	1.26339
10	2227	5.25485
10	2228	0.566793
10	2229	6.40482
10	2230	1.60192
10	2231	0.0987015
10	2232	-0.461198
10	2233	-2.4458
10	2234	-0.727933
10	2235	-2.2113
10	2236	-0.195724
10	2237	3.08914
10	2238	-0.909464
10	2239	-1.48844
10	2240	-1.59023
10	2241	1.22105
10	2242	-1.93535
10	2243	0.55193
10	2244	2.21287
10	2245	-5.43967
10	2246	-0.228608
10	2247	-1.33614
10	2248	-1.25301
10	2249	2.3562
10	2250	-1.53928
10	2251	0.165204
10	2252	7.29247
10	2253	0.102649
10	2254	2.90503
10	2255	-1.39913
10	2256	-2.84161
10	2257	0.654373
10	2258	1.32821
10	2259	-9.84612
10	2260	-0.538746
10	2261	-0.229475
10	2262	-1.22397
10	2263	-4.19535
10	2264	-0.612881
10	2265	0.279053
10	2266	-0.924405
10	2267	-7.71787
10	2268	-0.674398
10	2269	9.63181
10	2270	1.56931
10	2271	0.230086
10	2272	0.925579
10	2273	2.49439
10	2274	0.489141
10	2275	-1.56826
10	2276	-0.407846
10	2277	-0.866447
10	2278	-0.0591617
10	2279	-0.430211
10	2280	-0.456934
10	2281	0.493561
10	2282	-0.00445376
10	2283	0.180005
10	2284	-1.90472
10	2285	0.36302
10	2286	-0.150542
10	2287	4.65865
10	2288	0.946252
10	2289	-0.457348
10	2290	1.146
10	2291	-2.34859
10	2292	0.301683
10	2293	1.8184
10	2294	2.66226
10	2295	3.33726
10	2296	-1.82221
10	2297	-2.36019
10	2298	0.301671
10	2299	3.35088
10	2300	0.669022
10	2301	-0.132427
10	2302	2.27385
10	2303	9.81323
10	2304	0.961415
10	2305	-1.71683
10	2306	0.550936
10	2307	-1.33694
10	2308	-0.412366
10	2309	1.33086
10	2310	-0.527205
10	2311	2.81658
10	2312	0.856295
10	2313	2.28404
10	2314	-19.8014
10	2315	-0.173012
10	2316	-1.42879
10	2317	0.564416
10	2318	-0.210449
10	2319	-0.48232
10	2320	-0.771714
10	2321	0.503551
10	2322	-1.66628
10	2323	-0.855246
10	2324	0.228027
10	2325	0.278148
10	2326	-1.48916
10	2327	-1.7116
10	2328	18.5501
10	2329	5.4751
10	2330	-0.606592
10	2331	-0.722578
10	2332	1.63851
10	2333	0.424864
10	2334	-0.0139548
10	2335	3.28452
10	2336	2.72669
10	2337	9.5721
10	2338	-0.547763
10	2339	1.40116
10	2340	0.537418
10	2341	-0.511253
10	2342	0.282316
10	2343	-0.264408
10	2344	-0.218571
10	2345	0.822559
10	2346	1.07739
10	2347	9.52806
10	2348	2.24463
10	2349	-4.83012
10	2350	0.461412
10	2351	-8.56506
10	2352	-0.411199
10	2353	0.0361897
10	2354	0.307473
10	2355	-0.694014
10	2356	-0.823861
10	2357	0.964674
10	2358	3.10028
10	2359	1.56651
10	2360	0.80872
10	2361	9.66005
10	2362	-8.12277
10	2363	0.328192
10	2364	0.550729
10	2365	0.291109
10	2366	-6.27641
10	2367	0.825742
10	2368	0.0398258
10	2369	0.481405
10	2370	-0.699022
10	2371	-2.74316
10	2372	0.89357
10	2373	1.25387
10	2374	-3.91976
10	2375	-2.49525
10	2376	2.3505
10	2377	4.28364
10	2378	3.26538
10	2379	-6.36308
10	2380	0.661915
10	2381	0.0341222
10	2382	1.61945
10	2383	25.2327
10	2384	-1.09476
10	2385	-0.465119
10	2386	6.43441
10	2387	-2.51545
10	2388	1.09626
10	2389	-1.41442
10	2390	1.20217
10	2391	1.5969
10	2392	-0.0602773
10	2393	8.06066
10	2394	7.81406
10	2395	5.83269
10	2396	16.1816
10	2397	-0.851272
10	2398	-2.51908
10	2399	-89.2369
10	2400	0.471417
10	2401	-2.59573
10	2402	-6.31247
10	2403	-2.05342
10	2404	0.334332
10	2405	1.43666
10	2406	-0.106454
10	2407	-0.887674
10	2408	-6.57399
10	2409	-1.57465
10	2410	-2.28947
10	2411	2.28355
10	2412	0.124816
10	2413	-0.571143
10	2414	-7.95103
10	2415	-6.09757
10	2416	-1.55321
10	2417	0.215306
10	2418	0.599839
10	2419	3.36034
10	2420	-0.506968
10	2421	0.127203
10	2422	-0.208931
10	2423	0.345543
10	2424	-2.02599
10	2425	0.652893
10	2426	1.17479
10	2427	-0.162087
10	2428	2.02482
10	2429	-1.12314
10	2430	-0.272856
10	2431	-2.02634
10	2432	-1.835
10	2433	-0.732181
10	2434	-0.398164
10	2435	-58.7842
10	2436	1.67835
10	2437	5.44207
10	2438	-0.968402
10	2439	-0.247031
10	2440	0.00243468
10	2441	-1.7762
10	2442	-0.683448
10	2443	-0.874171
10	2444	0.710571
10	2445	3.19681
10	2446	-0.203186
10	2447	0.75696
10	2448	0.351106
10	2449	-1.71409
10	2450	-0.944958
10	2451	0.389808
10	2452	-0.070324
10	2453	0.0847345
10	2454	0.249123
10	2455	-22.4632
10	2456	0.0555021
10	2457	1.71556
10	2458	0.833306
10	2459	-53.1169
10	2460	-1.22339
10	2461	-12.4214
10	2462	1.27664
10	2463	0.49093
10	2464	-2.6857
10	2465	-1.40918
10	2466	-0.350756
10	2467	-1.23972
10	2468	-3.72529
10	2469	-2.21176
10	2470	-154.917
10	2471	-0.243404
10	2472	-1.16985
10	2473	-2.05452
10	2474	0.725035
10	2475	0.460072
10	2476	1.27271
10	2477	2.05249
10	2478	1.0164
10	2479	2.37734
10	2480	-2.48516
10	2481	-4.36981
10	2482	-0.328038
10	2483	1.87477
10	2484	0.667243
10	2485	4.44472
10	2486	2.58573
10	2487	-0.548485
10	2488	0.760507
10	2489	-6.34608
10	2490	-1.79725
10	2491	0.807939
10	2492	17.8409
10	2493	-1.16362
10	2494	0.497535
10	2495	-0.797118
10	2496	-0.741234
10	2497	-3.42396
10	2498	0.0498334
10	2499	-0.842136
10	2500	-4.72689
10	2501	0.512806
10	2502	-0.486336
10	2503	5.34505
10	2504	2.14591
10	2505	-1.59541
10	2506	0.826663
10	2507	-0.135161
10	2508	0.514844
10	2509	-3.00225
10	2510	-0.0869315
10	2511	0.292933
10	2512	-27.1843
10	2513	-0.0306394
10	2514	-1.57656
10	2515	-2.37541
10	2516	7.817
10	2517	0.510197
10	2518	0.0723374
10	2519	-0.508044
10	2520	-0.972473
10	2521	1.46306
10	2522	0.0366296
10	2523	1.42711
10	2524	0.15927
10	2525	0.439736
10	2526	-0.381224
10	2527	0.96929
10	2528	8.05253
10	2529	-2.34426
10	2530	0.848912
10	2531	3.84029
10	2532	10.1006
10	2533	-24.5093
10	2534	0.444351
10	2535	0.568805
10	2536	-1.07879
10	2537	-0.283985
10	2538	-1.05452
10	2539	0.0879245
10	2540	-0.483176
10	2541	-0.247253
10	2542	-0.630373
10	2543	0.816573
10	2544	0.255507
10	2545	0.0044651
10	2546	-0.195809
10	2547	-0.253975
10	2548	10.3021
10	2549	2.42971
10	2550	1.40833
10	2551	-0.782397
10	2552	0.646146
10	2553	0.860611
10	2554	0.282379
10	2555	-0.059373
10	2556	-0.107327
10	2557	1.35969
10	2558	-2.90312
10	2559	-0.143347
10	2560	-0.721651
10	2561	0.353257
10	2562	1.16855
10	2563	2.3838
10	2564	-0.833389
10	2565	4.43905
10	2566	-0.521995
10	2567	-0.0325109
10	2568	-0.648519
10	2569	2.61828
10	2570	0.508742
10	2571	-0.458868
10	2572	-20.0814
10	2573	-0.618344
10	2574	1.08859
10	2575	-3.99461
10	2576	-2.78182
10	2577	0.425094
10	2578	-1.28896
10	2579	-0.0161369
10	2580	0.755893
10	2581	-0.419375
10	2582	-54.3869
10	2583	0.201404
10	2584	0.942282
10	2585	-7.07034
10	2586	10.5597
10	2587	-0.918705
10	2588	0.0836343
10	2589	1.08423
10	2590	0.641812
10	2591	-0.410142
10	2592	1.76272
10	2593	-1.00095
10	2594	-0.0603317
10	2595	-20.4088
10	2596	-0.508453
10	2597	-0.251022
10	2598	-0.598362
10	2599	1.36362
10	2600	-1.17697
10	2601	0.193909
10	2602	0.588592
10	2603	-2.90416
10	2604	2.94397
10	2605	-0.00600173
10	2606	13.2605
10	2607	0.406617
10	2608	0.297434
10	2609	0.120863
10	2610	-0.698502
10	2611	0.6671
10	2612	-3.13252
10	2613	-1.13229
10	2614	0.254825
10	2615	-1.61384
10	2616	-0.950807
10	2617	2.1382
10	2618	1.54673
10	2619	1.6481
10	2620	0.399458
10	2621	0.22963
10	2622	0.0375477
10	2623	0.0503202
10	2624	15.9743
10	2625	0.228038
10	2626	-0.78246
10	2627	9.22475
10	2628	-0.792485
10	2629	0.822388
10	2630	0.640896
10	2631	-1.45696
10	2632	0.505155
10	2633	-1.81878
10	2634	0.318617
10	2635	1.37665
10	2636	0.146391
10	2637	5.69612
10	2638	45.5412
10	2639	2.267
10	2640	4.46721
10	2641	25.3773
10	2642	-0.0672856
10	2643	1.45109
10	2644	-0.461238
10	2645	2.93293
10	2646	-1.3659
10	2647	0.284392
10	2648	0.473389
10	2649	1.55508
10	2650	0.375447
10	2651	-0.0880319
10	2652	-2.23396
10	2653	0.462244
10	2654	-0.552543
10	2655	2.58644
10	2656	7.38339
10	2657	-1.14668
10	2658	1.86522
10	2659	-0.158439
10	2660	16.3077
10	2661	-14.4088
10	2662	-0.0656495
10	2663	2.28092
10	2664	0.381206
10	2665	-0.694184
10	2666	0.559737
10	2667	-11.2997
10	2668	1.13841
10	2669	0.331036
10	2670	-0.292884
10	2671	-0.937154
10	2672	2.68455
10	2673	-0.506015
10	2674	-1.22481
10	2675	-0.585136
10	2676	-1.43121
10	2677	-0.210017
10	2678	1.17006
10	2679	-2.73455
10	2680	-0.565274
10	2681	-13.0713
10	2682	13.455
10	2683	1.8834
10	2684	-3.7326
10	2685	4.46302
10	2686	-0.602869
10	2687	-0.303962
10	2688	-0.938216
10	2689	1.16041
10	2690	-13.4385
10	2691	1.06177
10	2692	3.61971
10	2693	-0.35789
10	2694	0.165696
10	2695	0.432427
10	2696	-2.78011
10	2697	0.187845
10	2698	-1.02985
10	2699	1.52956
10	2700	-1.5588
10	2701	0.158936
10	2702	0.486719
10	2703	3.55404
10	2704	0.153088
10	2705	0.367909
10	2706	0.351088
10	2707	-1.38687
10	2708	1.93993
10	2709	-2.53719
10	2710	-1.72209
10	2711	-1.87483
10	2712	-0.345945
10	2713	-8.83177
10	2714	-2.20335
10	2715	-7.56209
10	2716	-0.23297
10	2717	3.44526
10	2718	-0.993741
10	2719	-3.94437
10	2720	-21.8025
10	2721	1.26928
10	2722	4.14284
10	2723	-0.261943
10	2724	0.154147
10	2725	1.66258
10	2726	0.15789
10	2727	-2.53448
10	2728	-6.56612
10	2729	1.42542
10	2730	0.492022
10	2731	0.0333523
10	2732	1.1311
10	2733	-0.775679
10	2734	31.3587
10	2735	-0.877629
10	2736	0.852116
10	2737	1.60053
10	2738	1.0737
10	2739	-4.04054
10	2740	-4.51671
10	2741	0.823869
10	2742	-1.80264
10	2743	0.0166286
10	2744	0.256696
10	2745	4.12389
10	2746	0.502516
10	2747	0.315027
10	2748	-2556.95
10	2749	0.136358
10	2750	-4.58076
10	2751	-1.6702
10	2752	-2.67333
10	2753	-2.2967
10	2754	-1.06305
10	2755	19.8663
10	2756	2.19359
10	2757	-0.873779
10	2758	0.326651
10	2759	0.91746
10	2760	0.153228
10	2761	-0.41475
10	2762	-3.65376
10	2763	12.6811
10	2764	-3.35748
10	2765	2.23653
10	2766	0.342105
10	2767	0.271422
10	2768	2.4758
10	2769	4.32259
10	2770	-2.664
10	2771	0.546429
10	2772	15.5657
10	2773	-0.943548
10	2774	2.72211
10	2775	-0.0886821
10	2776	0.482946
10	2777	-0.939697
10	2778	0.550689
10	2779	0.122989
10	2780	-2.26816
10	2781	-1.23108
10	2782	-0.257328
10	2783	1.25716
10	2784	-14.478
10	2785	0.306787
10	2786	-0.455968
10	2787	-1.33715
10	2788	15.0641
10	2789	-0.24264
10	2790	0.607548
10	2791	56.3365
10	2792	0.287426
10	2793	-2.29496
10	2794	0.309759
10	2795	0.474151
10	2796	0.402906
10	2797	-1.01193
10	2798	-1.5575
10	2799	-0.578564
10	2800	-0.891515
10	2801	-1.25842
10	2802	1.9588
10	2803	0.53457
10	2804	-0.676283
10	2805	-1.07031
10	2806	2.33965
10	2807	0.782737
10	2808	-2.31419
10	2809	-3.96595
10	2810	1.24296
10	2811	-16.1218
10	2812	13.0171
10	2813	-0.654051
10	2814	-0.767647
10	2815	-0.235917
10	2816	-0.235017
10	2817	1.96911
10	2818	5.2616
10	2819	0.0689148
10	2820	-5.22371
10	2821	-0.406169
10	2822	1.71206
10	2823	-1.45603
10	2824	3.11858
10	2825	-0.401287
10	2826	-0.44416
10	2827	5.53227
10	2828	1.9766
10	2829	-5.44943
10	2830	-1.18531
10	2831	0.0862835
10	2832	-2.27952
10	2833	0.526691
10	2834	-8.75869
10	2835	-1.75871
10	2836	5.77354
10	2837	5.74852
10	2838	0.355252
10	2839	3.23747
10	2840	-1.86854
10	2841	-0.870427
10	2842	1.97229
10	2843	-2.12282
10	2844	-0.882722
10	2845	-0.976612
10	2846	1.13521
10	2847	-0.710514
10	2848	-0.907376
10	2849	0.673681
10	2850	0.166018
10	2851	0.477973
10	2852	-5.85885
10	2853	0.226922
10	2854	9.2953
10	2855	-0.34507
10	2856	2.42279
10	2857	-0.462998
10	2858	1.75176
10	2859	-0.462654
10	2860	9.19451
10	2861	1.42612
10	2862	-13.5054
10	2863	0.808799
10	2864	3.91681
10	2865	3.9762
10	2866	-0.843785
10	2867	-1.35734
10	2868	-0.463013
10	2869	-1.61108
10	2870	1.91395
10	2871	-1.688
10	2872	-0.264128
10	2873	0.314723
10	2874	0.640379
10	2875	0.869091
10	2876	-0.621996
10	2877	0.486064
10	2878	-2.67564
10	2879	0.825159
10	2880	-1.40974
10	2881	0.487335
10	2882	0.129533
10	2883	2.45003
10	2884	-10.4626
10	2885	2.00753
10	2886	-0.457531
10	2887	0.208733
10	2888	-1.29732
10	2889	-37.4673
10	2890	-1.02205
10	2891	0.188688
10	2892	0.296833
10	2893	-0.792521
10	2894	0.281635
10	2895	-0.314197
10	2896	-1.77501
10	2897	-0.384465
10	2898	-1.58857
10	2899	2.78156
10	2900	0.902552
10	2901	-0.315837
10	2902	-0.471877
10	2903	0.580824
10	2904	0.0203621
10	2905	0.199179
10	2906	0.508437
10	2907	-0.142178
10	2908	0.853153
10	2909	-2.97404
10	2910	-1.05567
10	2911	-0.255148
10	2912	19.7163
10	2913	7.06319
10	2914	1.15594
10	2915	-0.955797
10	2916	0.135222
10	2917	-0.632553
10	2918	-6.29584
10	2919	0.0925258
10	2920	21.5685
10	2921	-33.5545
10	2922	2.92885
10	2923	-0.0819184
10	2924	-1.73542
10	2925	-3.58649
10	2926	0.437454
10	2927	0.143394
10	2928	-0.136077
10	2929	2.0499
10	2930	-0.965968
10	2931	1.08345
10	2932	0.154581
10	2933	14.8417
10	2934	0.720477
10	2935	0.783077
10	2936	1.02652
10	2937	0.13007
10	2938	1.76085
10	2939	1.19094
10	2940	0.086323
10	2941	-1.76064
10	2942	-1.72909
10	2943	-2.11214
10	2944	-6.33022
10	2945	-6.26318
10	2946	-0.372785
10	2947	-1.89601
10	2948	-1.31131
10	2949	266.414
10	2950	-0.634269
10	2951	-0.410459
10	2952	1.07673
10	2953	-0.746489
10	2954	-4.31186
10	2955	-0.437149
10	2956	4.45639
10	2957	-0.999137
10	2958	-0.495026
10	2959	4.01051
10	2960	2.47726
10	2961	2.02997
10	2962	19.0966
10	2963	-4.09646
10	2964	49.974
10	2965	-30.6049
10	2966	-0.569546
10	2967	1.05927
10	2968	-2.38061
10	2969	3.3354
10	2970	0.84659
10	2971	-0.808674
10	2972	2.13802
10	2973	3.43707
10	2974	3.07467
10	2975	-0.324807
10	2976	3.95353
10	2977	0.545036
10	2978	0.808346
10	2979	-0.330686
10	2980	-1.67285
10	2981	0.0868712
10	2982	-0.390064
10	2983	0.207548
10	2984	-2.58603
10	2985	0.224468
10	2986	5.72605
10	2987	0.446715
10	2988	0.109074
10	2989	-1.02998
10	2990	1.46966
10	2991	114.506
10	2992	-3.03014
10	2993	1.33396
10	2994	1.32886
10	2995	-0.701594
10	2996	-6.52607
10	2997	-1.39867
10	2998	-0.229488
10	2999	0.146674
10	3000	-2.08295
10	3001	-6.20705
10	3002	5.74435
10	3003	4.47897
10	3004	0.421222
10	3005	-0.487009
10	3006	-0.149356
10	3007	-2.59689
10	3008	1.92047
10	3009	-0.826697
10	3010	-4.78056
10	3011	-0.440498
10	3012	0.190704
10	3013	0.380502
10	3014	0.411043
10	3015	-0.737274
10	3016	4.81712
10	3017	-0.81596
10	3018	3.97936
10	3019	-0.354675
10	3020	0.334739
10	3021	11.3475
10	3022	-3.18626
10	3023	1.09459
10	3024	3.52732
10	3025	-0.118758
10	3026	0.0987795
10	3027	-21.1046
10	3028	-19.8105
10	3029	1.15023
10	3030	0.258136
10	3031	-0.399267
10	3032	0.914671
10	3033	-1.07558
10	3034	2.69683
10	3035	0.000194912
10	3036	2.01443
10	3037	2.30838
10	3038	-2.61306
10	3039	-3.37184
10	3040	2.02791
10	3041	1.18868
10	3042	0.0595785
10	3043	1.12466
10	3044	-4.51423
10	3045	-0.364738
10	3046	0.237993
10	3047	-2.27714
10	3048	-0.817689
10	3049	0.693105
10	3050	2.03508
10	3051	-0.432707
10	3052	0.220992
10	3053	4.08494
10	3054	1.92472
10	3055	0.204373
10	3056	-1.71871
10	3057	-1.15747
10	3058	-25.0905
10	3059	0.313789
10	3060	0.249903
10	3061	-0.196382
10	3062	-3.24303
10	3063	-5.24145
10	3064	-2.09595
10	3065	-8.61641
10	3066	0.1056
10	3067	-7.76564
10	3068	-1.21484
10	3069	0.179973
10	3070	1.83634
10	3071	-0.0160037
10	3072	-0.245351
10	3073	0.597169
10	3074	0.293255
10	3075	-3.02714
10	3076	2.96489
10	3077	-1.74963
10	3078	0.229167
10	3079	-0.0501622
10	3080	-0.563998
10	3081	-35.2441
10	3082	-0.627548
10	3083	-1.25306
10	3084	-1.551
10	3085	-3.50018
10	3086	12.8936
10	3087	-0.044674
10	3088	0.13788
10	3089	-0.938328
10	3090	2.25681
10	3091	1.35094
10	3092	4.27817
10	3093	-24.2793
10	3094	3.82995
10	3095	-0.0836162
10	3096	-0.832081
10	3097	2.51476
10	3098	14.8565
10	3099	-1.52711
10	3100	-2.2255
10	3101	2.63835
10	3102	-1.49717
10	3103	0.493499
10	3104	0.454718
10	3105	-5.51078
10	3106	-0.705306
10	3107	-0.574533
10	3108	-0.135822
10	3109	-5.66401
10	3110	0.259863
10	3111	1.06919
10	3112	2.8209
10	3113	-1.62291
10	3114	1.11742
10	3115	1.43504
10	3116	1.40535
10	3117	1.27842
10	3118	0.695375
10	3119	0.186817
10	3120	6.41864
10	3121	-3.21335
10	3122	-0.170126
10	3123	2.84107
10	3124	1.51116
10	3125	0.843956
10	3126	-0.793518
10	3127	0.94274
10	3128	0.150859
10	3129	0.62178
10	3130	1.56475
10	3131	-0.780225
10	3132	-0.863595
10	3133	10.9977
10	3134	3.05284
10	3135	-1.22281
10	3136	-0.732704
10	3137	0.898506
10	3138	12.7001
10	3139	0.213802
10	3140	-2.23603
10	3141	1.59296
10	3142	-1.87547
10	3143	0.250986
10	3144	-1.48662
10	3145	2.57106
10	3146	1.75545
10	3147	-1.96245
10	3148	-0.120831
10	3149	2.06157
10	3150	0.470778
10	3151	1.10256
10	3152	2.84775
10	3153	-3.57085
10	3154	-2.03562
10	3155	0.609683
10	3156	-0.640188
10	3157	-0.0378991
10	3158	-0.868452
10	3159	0.187811
10	3160	0.643038
10	3161	1.29127
10	3162	-2.26069
10	3163	0.379581
10	3164	-0.438131
10	3165	1.19149
10	3166	-0.137257
10	3167	-0.12435
10	3168	-0.592477
10	3169	-0.241239
10	3170	0.752574
10	3171	-2.5934
10	3172	-0.143992
10	3173	-0.270031
10	3174	-9.62287
10	3175	-0.578173
10	3176	2.60174
10	3177	-0.255733
10	3178	0.228396
10	3179	-3.31351
10	3180	-2.2529
10	3181	-0.0669371
10	3182	-2.76579
10	3183	-0.164299
10	3184	0.376412
10	3185	0.263013
10	3186	-0.756848
10	3187	-0.477824
10	3188	-0.267915
10	3189	0.108062
10	3190	0.799978
10	3191	-79.2383
10	3192	0.110183
10	3193	2.7993
10	3194	3.36403
10	3195	0.525706
10	3196	-91.267
10	3197	0.593038
10	3198	-2.14085
10	3199	8.20105
10	3200	4.19199
10	3201	-0.00445088
10	3202	2.27142
10	3203	0.299266
10	3204	0.862122
10	3205	-0.0599375
10	3206	-0.915941
10	3207	0.278162
10	3208	0.826096
10	3209	-0.510756
10	3210	-0.0250648
10	3211	0.187809
10	3212	0.124509
10	3213	0.00083988
10	3214	-0.00751141
10	3215	1.76429
10	3216	2.64876
10	3217	2.51734
10	3218	1.16314
10	3219	1.3989
10	3220	0.615969
10	3221	2.92372
10	3222	1.32551
10	3223	-2.0472
10	3224	3.01565
10	3225	-0.951082
10	3226	-0.154228
10	3227	-0.292084
10	3228	0.40343
10	3229	-26.4143
10	3230	0.89461
10	3231	0.436776
10	3232	-3.77783
10	3233	0.684429
10	3234	-2.45476
10	3235	0.211217
10	3236	93.764
10	3237	8.25644
10	3238	-1.4731
10	3239	7.87468
10	3240	1.36937
10	3241	-29.406
10	3242	-0.359999
10	3243	0.798363
10	3244	6.57761
10	3245	0.302925
10	3246	2.14981
10	3247	-0.110045
10	3248	0.865091
10	3249	-2.63572
10	3250	-1.47921
10	3251	0.402337
10	3252	0.0949988
10	3253	-2.67252
10	3254	-0.0329814
10	3255	0.129711
10	3256	0.509504
10	3257	-0.505898
10	3258	-14.3597
10	3259	1.80526
10	3260	-1.74093
10	3261	-0.0264914
10	3262	-0.213292
10	3263	1.61965
10	3264	-0.406144
10	3265	0.0490248
10	3266	-0.409185
10	3267	-0.436668
10	3268	2.12937
10	3269	-0.104254
10	3270	0.435755
10	3271	-0.529514
10	3272	0.241034
10	3273	0.417133
10	3274	0.888105
10	3275	-0.345723
10	3276	-0.243168
10	3277	-0.844959
10	3278	-2.22769
10	3279	-0.0397903
10	3280	0.0948259
10	3281	-1.26886
10	3282	1.38462
10	3283	-1.31425
10	3284	-1.48275
10	3285	8.84809
10	3286	0.494815
10	3287	-0.539278
10	3288	0.0760276
10	3289	13.201
10	3290	-1.91006
10	3291	-2.11196
10	3292	2.6445
10	3293	-0.905971
10	3294	-0.728431
10	3295	4.39792
10	3296	-2.19094
10	3297	-3.97098
10	3298	-0.0877349
10	3299	1.66728
10	3300	0.659881
10	3301	2.57333
10	3302	-1.45961
10	3303	-2.2589
10	3304	0.489101
10	3305	-4.43274
10	3306	-1.20862
10	3307	0.148172
10	3308	-5.43914
10	3309	-0.0294483
10	3310	-1.20008
10	3311	-0.0661469
10	3312	1.10329
10	3313	0.126513
10	3314	1.48101
10	3315	1.25722
10	3316	1.63609
10	3317	-0.352652
10	3318	0.249244
10	3319	0.448866
10	3320	10.1651
10	3321	-3.18068
10	3322	0.65915
10	3323	0.289452
10	3324	1.23138
10	3325	-0.735029
10	3326	0.149188
10	3327	1.6174
10	3328	-0.35159
10	3329	0.411992
10	3330	1.19327
10	3331	0.992766
10	3332	1.84545
10	3333	-3.11529
10	3334	147.584
10	3335	7.01546
10	3336	-3.87367
10	3337	-0.0425087
10	3338	-8.1172
10	3339	-1.69574
10	3340	5.27746
10	3341	4.94754
10	3342	-0.78256
10	3343	-0.894506
10	3344	-1.12881
10	3345	132.134
10	3346	-0.750229
10	3347	3.94269
10	3348	2.71772
10	3349	83.8511
10	3350	-0.502446
10	3351	-0.388913
10	3352	-1.58187
10	3353	-0.685375
10	3354	-0.050401
10	3355	0.603232
10	3356	0.275028
10	3357	-1.89854
10	3358	-7.39709
10	3359	0.611092
10	3360	11.1475
10	3361	-1.0228
10	3362	-0.287557
10	3363	3.12785
10	3364	-1.57828
10	3365	3.72091
10	3366	-0.615144
10	3367	0.706581
10	3368	2.14547
10	3369	0.956147
10	3370	-0.52133
10	3371	-0.020382
10	3372	0.593859
10	3373	1.36417
10	3374	-1.13179
10	3375	0.547862
10	3376	0.0889797
10	3377	0.910504
10	3378	-18.8005
10	3379	0.205735
10	3380	-0.323826
10	3381	-1.78251
10	3382	-1.03948
10	3383	-1.76518
10	3384	-2.63261
10	3385	0.0152179
10	3386	0.656493
10	3387	0.836635
10	3388	0.764431
10	3389	7.14114
10	3390	-0.176197
10	3391	1.49953
10	3392	1.38293
10	3393	-0.0774611
10	3394	0.223457
10	3395	-1.40015
10	3396	-0.0573865
10	3397	-1.90316
10	3398	2.03629
10	3399	-2.36421
10	3400	0.0807729
10	3401	-0.325635
10	3402	-1.73141
10	3403	1.0895
10	3404	6.10742
10	3405	-4.29361
10	3406	-9.97501
10	3407	0.081583
10	3408	0.215676
10	3409	-1.12321
10	3410	0.781253
10	3411	1.21142
10	3412	1.57872
10	3413	5.30189
10	3414	-0.170167
10	3415	-2.41003
10	3416	2.15295
10	3417	-5.13132
10	3418	11.1901
10	3419	0.904318
10	3420	1.49824
10	3421	3.23347
10	3422	0.336096
10	3423	2.28799
10	3424	-77.5584
10	3425	0.0999747
10	3426	-2.85512
10	3427	1.68838
10	3428	-1.02882
10	3429	-16.4217
10	3430	-0.858654
10	3431	-0.617648
10	3432	-1.32049
10	3433	0.128469
10	3434	0.424126
10	3435	0.198525
10	3436	-0.126771
10	3437	0.546217
10	3438	0.475057
10	3439	-1.66612
10	3440	7.46494
10	3441	2.46896
10	3442	0.944661
10	3443	0.00176344
10	3444	-0.978573
10	3445	-0.215896
10	3446	-0.465453
10	3447	-4.83787
10	3448	-0.260376
10	3449	3.81106
10	3450	-2.64839
10	3451	2.24856
10	3452	-0.0198192
10	3453	-1.31656
10	3454	-0.559898
10	3455	4.44426
10	3456	-0.241658
10	3457	0.589679
10	3458	-0.507949
10	3459	1.55726
10	3460	-5.46756
10	3461	-0.850609
10	3462	1.77285
10	3463	-3.99044
10	3464	0.138665
10	3465	0.428585
10	3466	-0.425256
10	3467	-0.525212
10	3468	-5.35511
10	3469	-2.58722
10	3470	3.88833
10	3471	-3.74498
10	3472	4.46408
10	3473	-3.00976
10	3474	0.569381
10	3475	2.31029
10	3476	-174.053
10	3477	-79.2416
10	3478	-4.48325
10	3479	3.1167
10	3480	-2.39854
10	3481	8.25705
10	3482	-0.207063
10	3483	-0.101226
10	3484	-2.38475
10	3485	-15.7534
10	3486	-0.922961
10	3487	-11.1739
10	3488	-0.185581
10	3489	0.411736
10	3490	0.519147
10	3491	-0.860966
10	3492	0.418428
10	3493	0.224261
10	3494	0.452753
10	3495	2.53868
10	3496	0.622301
10	3497	-5.12237
10	3498	3.67758
10	3499	-0.0275284
10	3500	-1.09449
10	3501	-3.55835
10	3502	0.40323
10	3503	1.7309
10	3504	0.916964
10	3505	-1.0969
10	3506	-1.58872
10	3507	-0.700346
10	3508	1.67969
10	3509	-11.5738
10	3510	1.13328
10	3511	0.885162
10	3512	0.234618
10	3513	-0.541036
10	3514	-0.192021
10	3515	-0.912801
10	3516	-0.0912958
10	3517	-2.58196
10	3518	0.0132482
10	3519	-0.427491
10	3520	0.0770697
10	3521	3.45467
10	3522	0.576106
10	3523	3.14085
10	3524	2.57761
10	3525	20.6776
10	3526	-1.37487
10	3527	0.0622244
10	3528	654.377
10	3529	-2.24195
10	3530	-2.20283
10	3531	0.0964412
10	3532	0.981548
10	3533	-3.30324
10	3534	0.708072
10	3535	2.10927
10	3536	-0.499242
10	3537	3.20516
10	3538	-2.79786
10	3539	2.03887
10	3540	1.83695
10	3541	-0.340663
10	3542	-0.197483
10	3543	0.675023
10	3544	1.17989
10	3545	-9.89652
10	3546	-1.70489
10	3547	0.910832
10	3548	0.513604
10	3549	-4.60467
10	3550	0.478036
10	3551	37.7335
10	3552	-0.383954
10	3553	-2.72703
10	3554	-2.92083
10	3555	-1.16483
10	3556	0.0128392
10	3557	-4.00408
10	3558	-6.20076
10	3559	-1.74272
10	3560	0.247047
10	3561	-1.89384
10	3562	-1.99801
10	3563	1.17037
10	3564	-0.18929
10	3565	-1.41458
10	3566	8.1909
10	3567	-0.490969
10	3568	7.80893
10	3569	0.329784
10	3570	0.0821412
10	3571	0.555671
10	3572	1.77454
10	3573	1.08155
10	3574	0.137901
10	3575	-0.237536
10	3576	-1.79036
10	3577	0.0831882
10	3578	-0.40722
10	3579	0.538575
10	3580	0.293417
10	3581	-4.05099
10	3582	-0.532595
10	3583	-0.752132
10	3584	-2.07329
10	3585	-2.35294
10	3586	-42.3705
10	3587	1.81049
10	3588	0.432226
10	3589	-53.2606
10	3590	-0.985779
10	3591	1.78742
10	3592	0.248221
10	3593	-0.453967
10	3594	0.725061
10	3595	-1.19998
10	3596	2.70292
10	3597	0.539804
10	3598	-0.355548
10	3599	3.26939
10	3600	0.840508
10	3601	-2.02986
10	3602	1.88454
10	3603	1.12055
10	3604	-0.00372154
10	3605	0.534671
10	3606	-1.0137
10	3607	0.215414
10	3608	0.0966771
10	3609	-3.47709
10	3610	3.89819
10	3611	-1.23197
10	3612	2.63394
10	3613	1.27995
10	3614	-0.622967
10	3615	0.0623512
10	3616	-0.769114
10	3617	1.25042
10	3618	-0.388278
10	3619	-0.508304
10	3620	-0.390888
10	3621	-0.540613
10	3622	-1.02463
10	3623	1.97977
10	3624	-3.2264
10	3625	1.95967
10	3626	-1.03025
10	3627	-0.450531
10	3628	-2.25627
10	3629	1.145
10	3630	0.638857
10	3631	2.4316
10	3632	-2.16159
10	3633	-0.213979
10	3634	-1.07269
10	3635	0.345258
10	3636	0.208737
10	3637	0.768836
10	3638	1.97699
10	3639	2.55802
10	3640	1.2504
10	3641	-22.6627
10	3642	1.34546
10	3643	4.90175
10	3644	0.14765
10	3645	0.378331
10	3646	-0.260781
10	3647	-2.12455
10	3648	0.806027
10	3649	-0.0602068
10	3650	0.636947
10	3651	-0.321497
10	3652	-7.08784
10	3653	-259.107
10	3654	0.491739
10	3655	0.86646
10	3656	0.428571
10	3657	1.79872
10	3658	1.26414
10	3659	1.02293
10	3660	1.09214
10	3661	3.49417
10	3662	1.64175
10	3663	-0.378512
10	3664	-9.72513
10	3665	-1.43874
10	3666	-10.3897
10	3667	-0.813798
10	3668	-0.131698
10	3669	-0.452828
10	3670	-2.74162
10	3671	-0.686982
10	3672	1.52876
10	3673	-1.12315
10	3674	1.96471
10	3675	-0.231073
10	3676	0.293297
10	3677	1.34449
10	3678	-0.269434
10	3679	23.483
10	3680	-1.23825
10	3681	-3.88763
10	3682	0.261059
10	3683	3.48487
10	3684	-1.21568
10	3685	-2.07438
10	3686	-0.770401
10	3687	-0.209073
10	3688	-2.87305
10	3689	-0.463889
10	3690	0.11093
10	3691	-0.50746
10	3692	1.20989
10	3693	133.757
10	3694	0.18098
10	3695	-0.892562
10	3696	3.70181
10	3697	0.0313216
10	3698	0.951084
10	3699	-0.500502
10	3700	1.50403
10	3701	0.22545
10	3702	-0.129896
10	3703	0.511664
10	3704	-0.223071
10	3705	1.06044
10	3706	1.89575
10	3707	-0.377907
10	3708	1.3533
10	3709	0.903196
10	3710	-1.70766
10	3711	0.707791
10	3712	-8.38453
10	3713	-0.117676
10	3714	1.23826
10	3715	0.870934
10	3716	-0.910884
10	3717	0.673387
10	3718	0.0723314
10	3719	0.301029
10	3720	-0.381955
10	3721	4.86592
10	3722	-10.9026
10	3723	-3.96727
10	3724	-0.697894
10	3725	3.18514
10	3726	3.72654
10	3727	0.06641
10	3728	-0.946781
10	3729	1.34291
10	3730	0.123553
10	3731	-0.0937077
10	3732	0.528372
10	3733	1.90036
10	3734	0.345988
10	3735	2.71219
10	3736	10.8879
10	3737	1.82608
10	3738	0.814084
10	3739	1.08277
10	3740	2.14755
10	3741	0.936762
10	3742	-1.90268
10	3743	0.580048
10	3744	-0.345281
10	3745	0.770117
10	3746	0.578721
10	3747	-1.96623
10	3748	-4.17573
10	3749	-0.697894
10	3750	0.764004
10	3751	-0.433392
10	3752	-1.24312
10	3753	-0.321623
10	3754	-2.24129
10	3755	-1.23053
10	3756	3.05382
10	3757	-0.350383
10	3758	0.123518
10	3759	-1.63421
10	3760	3.10304
10	3761	0.468531
10	3762	0.29801
10	3763	0.533447
10	3764	3.09984
10	3765	4.92955
10	3766	-0.91259
10	3767	-1.89459
10	3768	-1.53531
10	3769	4.70958
10	3770	-0.627209
10	3771	0.524952
10	3772	1.55478
10	3773	4.56308
10	3774	1.79666
10	3775	0.249845
10	3776	0.0121103
10	3777	0.856351
10	3778	0.395337
10	3779	1.2705
10	3780	-0.459584
10	3781	-0.617626
10	3782	0.636115
10	3783	-0.335722
10	3784	-0.291262
10	3785	0.659577
10	3786	-10.3985
10	3787	-0.769886
10	3788	0.778626
10	3789	-0.428027
10	3790	0.368039
10	3791	0.0638452
10	3792	0.291661
10	3793	10.5021
10	3794	0.226774
10	3795	-11.3515
10	3796	2.06429
10	3797	-0.93281
10	3798	0.294368
10	3799	-0.512546
10	3800	0.708323
10	3801	-0.827653
10	3802	-11.0208
10	3803	-0.782694
10	3804	7.08529
10	3805	-0.656602
10	3806	-1.18192
10	3807	-0.754842
10	3808	-0.778767
10	3809	-1.31228
10	3810	-0.366268
10	3811	-3.82869
10	3812	0.696696
10	3813	-0.377008
10	3814	-0.406592
10	3815	0.755582
10	3816	-0.929886
10	3817	0.467494
10	3818	-0.101588
10	3819	2.13124
10	3820	-0.62367
10	3821	1.84494
10	3822	-0.429043
10	3823	0.217643
10	3824	-1.21236
10	3825	-10.432
10	3826	1.96088
10	3827	-2.05705
10	3828	0.378366
10	3829	-1.32409
10	3830	-0.723362
10	3831	21.0325
10	3832	10.2099
10	3833	-1.97657
10	3834	2.33606
10	3835	-0.0754177
10	3836	-0.0961726
10	3837	-0.192013
10	3838	-1.14231
10	3839	-1.291
10	3840	1.56697
10	3841	2.38073
10	3842	4.14648
10	3843	-0.553575
10	3844	-1.94533
10	3845	-0.336384
10	3846	1.00464
10	3847	-2.84306
10	3848	-0.119482
10	3849	0.53529
10	3850	-2.00922
10	3851	1.24593
10	3852	0.365172
10	3853	-2.6959
10	3854	2.34583
10	3855	-0.429585
10	3856	-0.154581
10	3857	-1.32204
10	3858	2.23996
10	3859	-0.448327
10	3860	-0.467555
10	3861	0.414052
10	3862	1.76281
10	3863	-2.32795
10	3864	4.51852
10	3865	-0.824907
10	3866	-2.0639
10	3867	0.467598
10	3868	1.23222
10	3869	-10.2097
10	3870	-0.855874
10	3871	-16.14
10	3872	-1.32198
10	3873	-1.35509
10	3874	-0.680927
10	3875	-0.608284
10	3876	-1.38682
10	3877	-1.52733
10	3878	-0.630987
10	3879	1.4764
10	3880	-1.19017
10	3881	1.19553
10	3882	2.24909
10	3883	0.0360688
10	3884	0.852772
10	3885	-2.4367
10	3886	12.2773
10	3887	0.381498
10	3888	-0.000373579
10	3889	-0.231058
10	3890	-1.87662
10	3891	3.63818
10	3892	0.356595
10	3893	-28.1053
10	3894	1.85994
10	3895	-2.79649
10	3896	7.17937
10	3897	-0.265476
10	3898	0.7431
10	3899	0.181767
10	3900	2.93907
10	3901	-0.0695326
10	3902	-2.12705
10	3903	-0.0395074
10	3904	2.17474
10	3905	-0.235951
10	3906	0.0539252
10	3907	-1.10187
10	3908	-0.319301
10	3909	-16.2599
10	3910	0.789685
10	3911	6.00109
10	3912	2.91862
10	3913	0.821184
10	3914	7.60307
10	3915	-6.55912
10	3916	1.54943
10	3917	0.146438
10	3918	-3.82264
10	3919	-0.496915
10	3920	0.431297
10	3921	-0.301382
10	3922	0.44081
10	3923	18.1098
10	3924	0.963261
10	3925	-24.7366
10	3926	0.00449521
10	3927	-0.612648
10	3928	3.08712
10	3929	0.69206
10	3930	183.387
10	3931	-1.81011
10	3932	-1.3291
10	3933	0.1324
10	3934	-2.5257
10	3935	1.55402
10	3936	0.345762
10	3937	1.16443
10	3938	0.529788
10	3939	-0.765158
10	3940	-2.58351
10	3941	0.356699
10	3942	2.31104
10	3943	-1.72963
10	3944	3.07431
10	3945	0.342389
10	3946	0.710253
10	3947	-0.221485
10	3948	0.0909867
10	3949	-2.66858
10	3950	-2.23213
10	3951	0.180584
10	3952	-0.97281
10	3953	1.5984
10	3954	1.62508
10	3955	1.11416
10	3956	0.544745
10	3957	-2.01582
10	3958	-5.05107
10	3959	0.00199239
10	3960	-0.772383
10	3961	0.386697
10	3962	-0.157544
10	3963	-5.47374
10	3964	-1.47776
10	3965	-0.420969
10	3966	-0.0297853
10	3967	-2.76359
10	3968	0.137218
10	3969	0.551763
10	3970	1.8404
10	3971	-0.416688
10	3972	2.84724
10	3973	1.29906
10	3974	1.53865
10	3975	0.010131
10	3976	-0.770773
10	3977	-0.051241
10	3978	-3.16334
10	3979	0.0962035
10	3980	0.237997
10	3981	-1.52587
10	3982	-0.0115427
10	3983	0.033554
10	3984	0.705569
10	3985	-0.302539
10	3986	-0.880871
10	3987	36.9499
10	3988	-0.18294
10	3989	-0.698153
10	3990	-0.378024
10	3991	-0.769373
10	3992	-0.871671
10	3993	0.187256
10	3994	1.70347
10	3995	-2.59062
10	3996	2.096
10	3997	-0.285691
10	3998	-0.86449
10	3999	0.213422
10	4000	-2.6719
10	4001	0.484943
10	4002	2.2635
10	4003	0.978688
10	4004	-0.71162
10	4005	-661.215
10	4006	14.0606
10	4007	-2.16343
10	4008	-0.240822
10	4009	0.252361
10	4010	0.857048
10	4011	1.98457
10	4012	-1.02419
10	4013	-0.685286
10	4014	1.71565
10	4015	2.59996
10	4016	2.37154
10	4017	0.884624
10	4018	0.754177
10	4019	-2.1174
10	4020	3.21787
10	4021	0.283546
10	4022	2.02469
10	4023	-2.8725
10	4024	4.07473
10	4025	2.69597
10	4026	-0.71508
10	4027	0.204457
10	4028	5.23491
10	4029	0.549567
10	4030	-4.08579
10	4031	0.0696788
10	4032	0.4613
10	4033	0.967793
10	4034	-0.556737
10	4035	-3.63606
10	4036	-1.83974
10	4037	12.2473
10	4038	0.0792161
10	4039	1.33909
10	4040	2.29514
10	4041	-0.775725
10	4042	-1.12631
10	4043	10.2967
10	4044	-1.73464
10	4045	0.209586
10	4046	0.437504
10	4047	-2.87155
10	4048	-4.45316
10	4049	2.86427
10	4050	0.0431746
10	4051	1.19534
10	4052	-1.03606
10	4053	6.24803
10	4054	-1.27603
10	4055	-1.97238
10	4056	0.351403
10	4057	-3.57779
10	4058	-0.789556
10	4059	-13.1605
10	4060	3.25506
10	4061	2.35783
10	4062	-0.836814
10	4063	-102.36
10	4064	0.197469
10	4065	2.31479
10	4066	3.82924
10	4067	2.37723
10	4068	-0.58949
10	4069	-7.62544
10	4070	-0.72842
10	4071	-0.127193
10	4072	-1.9566
10	4073	0.352802
10	4074	3.89361
10	4075	0.601418
10	4076	-0.549198
10	4077	1.49324
10	4078	-0.936652
10	4079	-0.74597
10	4080	0.684028
10	4081	0.257694
10	4082	0.571078
10	4083	-0.637985
10	4084	0.122217
10	4085	40.8771
10	4086	0.222008
10	4087	1.11897
10	4088	-1.03092
10	4089	-0.421405
10	4090	-0.995022
10	4091	-1.87119
10	4092	1.40662
10	4093	-0.325137
10	4094	1.44979
10	4095	0.0730749
10	4096	-0.581243
10	4097	3.7924
10	4098	0.0948707
10	4099	-3.64924
10	4100	1.35526
10	4101	-0.712908
10	4102	0.267776
10	4103	2.63818
10	4104	-0.495702
10	4105	0.179209
10	4106	-2.00678
10	4107	-0.949183
10	4108	7.64595
10	4109	-1.10948
10	4110	0.167115
10	4111	0.186552
10	4112	2.2154
10	4113	0.775805
10	4114	-0.470946
10	4115	1.24496
10	4116	-3.87336
10	4117	-0.651376
10	4118	0.613435
10	4119	-2.2648
10	4120	1.42485
10	4121	-0.506909
10	4122	0.666031
10	4123	-0.565026
10	4124	-1.00655
10	4125	2.66734
10	4126	2.56652
10	4127	1.53029
10	4128	-0.87882
10	4129	5.04713
10	4130	1.75623
10	4131	-0.225133
10	4132	-0.172906
10	4133	-0.747546
10	4134	0.301752
10	4135	-1.54577
10	4136	-2.53998
10	4137	0.138052
10	4138	1.70191
10	4139	-0.254116
10	4140	5.9321
10	4141	0.0894623
10	4142	1.68667
10	4143	-1.14923
10	4144	-0.995575
10	4145	-0.192313
10	4146	-2.08864
10	4147	-0.102646
10	4148	-4.15399
10	4149	6.18299
10	4150	0.786248
10	4151	0.269275
10	4152	0.166986
10	4153	-2.87597
10	4154	-0.211816
10	4155	-0.763297
10	4156	4.59607
10	4157	0.476049
10	4158	-0.451124
10	4159	-2.3964
10	4160	-1.12805
10	4161	-3.19901
10	4162	-0.193612
10	4163	1.88594
10	4164	0.353294
10	4165	-1.17303
10	4166	-0.0580226
10	4167	-5.20282
10	4168	-0.0156518
10	4169	-1.90032
10	4170	2.56276
10	4171	-0.144589
10	4172	0.638892
10	4173	0.274896
10	4174	4.31993
10	4175	-1.24566
10	4176	6.63479
10	4177	-0.0370703
10	4178	-0.437638
10	4179	-0.377558
10	4180	1.16125
10	4181	1.21892
10	4182	1.08967
10	4183	-0.468071
10	4184	0.100565
10	4185	1.68494
10	4186	0.0449587
10	4187	-2.81716
10	4188	-0.18143
10	4189	-0.225007
10	4190	-1.65188
10	4191	-0.478794
10	4192	-2.41608
10	4193	-1.12556
10	4194	-0.952508
10	4195	-4.21029
10	4196	5.09717
10	4197	1.02781
10	4198	-0.257531
10	4199	-1.71467
10	4200	-0.652251
10	4201	-2.1296
10	4202	-5.19357
10	4203	0.454673
10	4204	-18.1129
10	4205	-28.6117
10	4206	-2.81344
10	4207	0.148434
10	4208	-1.39517
10	4209	-0.350888
10	4210	1.54438
10	4211	-0.0873477
10	4212	0.436575
10	4213	1.1244
10	4214	-1.54258
10	4215	2.05544
10	4216	3.39672
10	4217	-0.206442
10	4218	0.844015
10	4219	-38.6866
10	4220	0.326305
10	4221	7.25194
10	4222	-1.00632
10	4223	-9.1159
10	4224	0.438079
10	4225	1.46121
10	4226	-2.91555
10	4227	1.2701
10	4228	0.898993
10	4229	4.21112
10	4230	-0.0271364
10	4231	-0.999475
10	4232	9.00636
10	4233	1.51752
10	4234	1.00419
10	4235	-0.361363
10	4236	3.42053
10	4237	-0.64762
10	4238	-0.683022
10	4239	1.95312
10	4240	2.51369
10	4241	-25.5127
10	4242	-0.129254
10	4243	0.393294
10	4244	-0.356163
10	4245	-0.609943
10	4246	-19.0162
10	4247	1.05303
10	4248	-0.268094
10	4249	0.543616
10	4250	1.68882
10	4251	-0.555861
10	4252	1.91581
10	4253	0.590247
10	4254	0.101487
10	4255	-5.65185
10	4256	1.25054
10	4257	-0.0226922
10	4258	1.0948
10	4259	-3.25033
10	4260	-0.30749
10	4261	-1.45947
10	4262	-2.5568
10	4263	1.30177
10	4264	-1.76171
10	4265	0.70079
10	4266	-0.0251111
10	4267	0.0848701
10	4268	-0.978999
10	4269	-6.06544
10	4270	-0.833796
10	4271	0.974059
10	4272	2.35915
10	4273	0.579446
10	4274	1.83148
10	4275	-0.921545
10	4276	3.31498
10	4277	0.0292555
10	4278	-0.596863
10	4279	1.56099
10	4280	4.02489
10	4281	0.405211
10	4282	5.50572
10	4283	-3.2961
10	4284	0.598906
10	4285	0.150104
10	4286	23.679
10	4287	-0.140529
10	4288	2.81248
10	4289	2.84801
10	4290	2.35773
10	4291	-1.55654
10	4292	-1.98979
10	4293	-0.616544
10	4294	3.514
10	4295	4.50008
10	4296	4.30987
10	4297	-1.38906
10	4298	12.2657
10	4299	0.363604
10	4300	-8.41305
10	4301	-0.372932
10	4302	49.8949
10	4303	2.20079
10	4304	-10.3613
10	4305	-0.771081
10	4306	-0.985505
10	4307	-1.69384
10	4308	1.37399
10	4309	-0.240952
10	4310	0.141568
10	4311	1.048
10	4312	0.163175
10	4313	-4.64675
10	4314	-0.419016
10	4315	-2.95568
10	4316	-0.344953
10	4317	0.929602
10	4318	-1.84464
10	4319	-3.33399
10	4320	-0.592349
10	4321	1.24244
10	4322	-18.7477
10	4323	0.567971
10	4324	0.331678
10	4325	-6.78977
10	4326	0.665436
10	4327	1.52597
10	4328	-8.07722
10	4329	0.457694
10	4330	12.3607
10	4331	6.99691
10	4332	-2.15728
10	4333	-0.728021
10	4334	-1.20389
10	4335	2.80856
10	4336	-9.38778
10	4337	11.6708
10	4338	35.0632
10	4339	2.60513
10	4340	-65.9795
10	4341	-2.82728
10	4342	2.02752
10	4343	-2.10612
10	4344	0.0854034
10	4345	0.192869
10	4346	0.596711
10	4347	0.0024725
10	4348	0.165381
10	4349	-8.11558
10	4350	-2.23504
10	4351	-0.974063
10	4352	0.846674
10	4353	-0.887545
10	4354	-1.75501
10	4355	0.551705
10	4356	-0.12527
10	4357	-0.318485
10	4358	-0.112707
10	4359	-1.44739
10	4360	-0.626316
10	4361	1.32497
10	4362	0.632234
10	4363	0.68604
10	4364	6.76797
10	4365	12.0537
10	4366	-0.237876
10	4367	-1.19085
10	4368	-0.54643
10	4369	8.03884
10	4370	-1.29751
10	4371	39.7851
10	4372	-0.0475821
10	4373	0.752447
10	4374	0.808474
10	4375	-2.30505
10	4376	-52.9165
10	4377	-18.9646
10	4378	2.36706
10	4379	-0.745566
10	4380	0.0273354
10	4381	-0.354203
10	4382	-0.5989
10	4383	26.1901
10	4384	1.25653
10	4385	-3.89185
10	4386	-0.430314
10	4387	-0.426468
10	4388	-1.01593
10	4389	-66.5898
10	4390	-1.53652
10	4391	0.421515
10	4392	0.0797155
10	4393	0.793504
10	4394	-3.90246
10	4395	-0.72387
10	4396	0.717604
10	4397	0.359916
10	4398	0.532647
10	4399	5.39757
10	4400	-1.81533
10	4401	0.905784
10	4402	-1.18139
10	4403	0.95439
10	4404	11.8734
10	4405	1.68037
10	4406	-5.14592
10	4407	-2.35344
10	4408	0.420129
10	4409	-9.82203
10	4410	1.07028
10	4411	-2.86263
10	4412	0.891558
10	4413	-0.782782
10	4414	1.7513
10	4415	0.253538
10	4416	-1.09574
10	4417	-0.050834
10	4418	-0.573823
10	4419	-0.620685
10	4420	0.959827
10	4421	0.287347
10	4422	-0.0561118
10	4423	1.37106
10	4424	0.420103
10	4425	-1.23447
10	4426	-0.865428
10	4427	1.55912
10	4428	1.00111
10	4429	0.91628
10	4430	-0.244046
10	4431	36.1486
10	4432	-0.881301
10	4433	73.993
10	4434	-0.843187
10	4435	-0.894942
10	4436	-0.937086
10	4437	-17.8616
10	4438	-0.273651
10	4439	3.33268
10	4440	-0.946842
10	4441	-2.9316
10	4442	1.17139
10	4443	-0.924954
10	4444	0.323292
10	4445	-0.0277317
10	4446	-0.327494
10	4447	0.950523
10	4448	1.18906
10	4449	-0.616781
10	4450	3.26854
10	4451	-1.63434
10	4452	-0.11206
10	4453	-0.0755585
10	4454	1.56844
10	4455	-1.103
10	4456	1.41393
10	4457	0.528383
10	4458	-1.62244
10	4459	1.43722
10	4460	1.20923
10	4461	-1.15263
10	4462	1.8097
10	4463	-0.572293
10	4464	0.00570773
10	4465	-2.26719
10	4466	-0.42743
10	4467	-0.680001
10	4468	-0.219519
10	4469	0.0101553
10	4470	1.41373
10	4471	1.27968
10	4472	-7.30528
10	4473	-0.0173022
10	4474	-0.0888724
10	4475	-0.0901557
10	4476	1.70246
10	4477	-2.50653
10	4478	0.20915
10	4479	-3.36553
10	4480	-0.0725278
10	4481	-1.14078
10	4482	-0.112018
10	4483	-0.633515
10	4484	1.33952
10	4485	-0.285169
10	4486	-4.62837
10	4487	-0.374957
10	4488	0.0856792
10	4489	2.41096
10	4490	0.378514
10	4491	1.07815
10	4492	-0.657681
10	4493	-17.4716
10	4494	0.368361
10	4495	-0.0140355
10	4496	-1.60601
10	4497	-0.673761
10	4498	-0.0526137
10	4499	0.0127405
10	4500	1.52756
10	4501	0.0230954
10	4502	0.356559
10	4503	-0.230817
10	4504	-0.714505
10	4505	-0.0535384
10	4506	-4.33217
10	4507	-0.307629
10	4508	0.599076
10	4509	1.48669
10	4510	-0.650985
10	4511	-0.979706
10	4512	-2.56422
10	4513	0.119284
10	4514	-4.06127
10	4515	5.30674
10	4516	0.226981
10	4517	0.100283
10	4518	2.86515
10	4519	1.43944
10	4520	-1.31966
10	4521	-1.39918
10	4522	-0.0406479
10	4523	-0.670963
10	4524	0.732454
10	4525	-0.0490949
10	4526	-7.99946
10	4527	-1.67154
10	4528	3.11619
10	4529	-0.924837
10	4530	-3.15499
10	4531	-8.28183
10	4532	0.0857445
10	4533	-0.236526
10	4534	1.59621
10	4535	2.01275
10	4536	0.446589
10	4537	-1.28734
10	4538	-0.201317
10	4539	1.7059
10	4540	-1.29313
10	4541	0.35257
10	4542	8.23185
10	4543	-32.0223
10	4544	0.149464
10	4545	-0.933886
10	4546	-3.27894
10	4547	-0.506303
10	4548	0.662298
10	4549	0.402057
10	4550	-1.0972
10	4551	-0.300932
10	4552	0.686125
10	4553	-0.6838
10	4554	-1.70263
10	4555	-2.01948
10	4556	-1.32816
10	4557	-30.3766
10	4558	-0.216709
10	4559	0.193227
10	4560	-1.83689
10	4561	-18.9837
10	4562	0.829387
10	4563	-0.50916
10	4564	-0.312378
10	4565	-0.841602
10	4566	-0.437934
10	4567	5.21319
10	4568	-1.75071
10	4569	2.77171
10	4570	-0.198715
10	4571	-2.78614
10	4572	-0.662123
10	4573	-21.7579
10	4574	2.47101
10	4575	1.21219
10	4576	-2.19624
10	4577	-0.799182
10	4578	0.134247
10	4579	-2.30891
10	4580	-1.01791
10	4581	0.0983426
10	4582	-4.62004
10	4583	0.802079
10	4584	-0.409369
10	4585	-3.83327
10	4586	-26.5753
10	4587	-1.19457
10	4588	0.317807
10	4589	1.97276
10	4590	0.605046
10	4591	-3.76259
10	4592	-0.506506
10	4593	0.864976
10	4594	-0.20575
10	4595	0.0310235
10	4596	-0.806414
10	4597	-0.608625
10	4598	-1.18981
10	4599	-1.80366
10	4600	-0.019751
10	4601	-2.55879
10	4602	-62.2502
10	4603	0.260333
10	4604	0.213903
10	4605	-0.177906
10	4606	0.732611
10	4607	0.819183
10	4608	-8.70041
10	4609	1.43961
10	4610	-3.27546
10	4611	0.185366
10	4612	1.11709
10	4613	-0.62077
10	4614	-0.454854
10	4615	-0.847939
10	4616	-0.464467
10	4617	-0.230968
10	4618	-0.278392
10	4619	0.489351
10	4620	7.61905
10	4621	2.25884
10	4622	-2.85124
10	4623	0.571264
10	4624	-0.687441
10	4625	-6.6436
10	4626	0.508925
10	4627	-1.10137
10	4628	-0.655489
10	4629	-0.683653
10	4630	7.13334
10	4631	3.28034
10	4632	1.07797
10	4633	0.0087196
10	4634	0.334618
10	4635	0.671776
10	4636	-1.16347
10	4637	0.464798
10	4638	-1.83497
10	4639	-0.138766
10	4640	1.29624
10	4641	-0.854643
10	4642	-1.20164
10	4643	16.7597
10	4644	-14.4708
10	4645	-1.75557
10	4646	0.336809
10	4647	0.601985
10	4648	0.253418
10	4649	-0.418493
10	4650	-0.315418
10	4651	-0.357521
10	4652	-0.482645
10	4653	-0.800964
10	4654	-0.611559
10	4655	0.211293
10	4656	-0.0306157
10	4657	-0.928027
10	4658	-4.36273
10	4659	0.0862513
10	4660	-1.45351
10	4661	0.674881
10	4662	-0.511262
10	4663	-0.803749
10	4664	-3.50946
10	4665	-0.589373
10	4666	0.0402145
10	4667	1.68352
10	4668	0.790452
10	4669	3.02013
10	4670	-5.649
10	4671	-0.788575
10	4672	-2.34455
10	4673	0.212264
10	4674	-0.325172
10	4675	-0.628069
10	4676	-2.21671
10	4677	-0.0802669
10	4678	3.27621
10	4679	-1.254
10	4680	0.701027
10	4681	1.97201
10	4682	1.82684
10	4683	1.37381
10	4684	0.288348
10	4685	0.295535
10	4686	0.0697237
10	4687	-3.7558
10	4688	0.984947
10	4689	2.68583
10	4690	-0.235811
10	4691	1.46583
10	4692	-8.01329
10	4693	0.632984
10	4694	0.435571
10	4695	-4.03641
10	4696	1.46713
10	4697	-0.717873
10	4698	0.583627
10	4699	-1.92887
10	4700	-0.51588
10	4701	0.464652
10	4702	-0.0775209
10	4703	-0.0954074
10	4704	-1.19544
10	4705	0.938537
10	4706	-202.041
10	4707	-1.50353
10	4708	1.51973
10	4709	-0.779419
10	4710	-1.48179
10	4711	10.4924
10	4712	-0.520283
10	4713	-0.00985211
10	4714	-1.55639
10	4715	-1.27622
10	4716	-0.781128
10	4717	2.91849
10	4718	2.33723
10	4719	12.274
10	4720	-0.872064
10	4721	0.447198
10	4722	0.359773
10	4723	-2.37025
10	4724	0.39121
10	4725	-0.183082
10	4726	2.46894
10	4727	4.00867
10	4728	0.155094
10	4729	-38.5239
10	4730	-1.46791
10	4731	-0.590033
10	4732	92.4386
10	4733	2.77631
10	4734	-12.0186
10	4735	-0.604307
10	4736	0.0503844
10	4737	0.0571738
10	4738	-7.38184
10	4739	-1.12598
10	4740	-0.34917
10	4741	-0.0495119
10	4742	0.11598
10	4743	-0.166593
10	4744	0.685412
10	4745	-1.89726
10	4746	1.07526
10	4747	-2.97122
10	4748	-3.5428
10	4749	10.9616
10	4750	-0.304195
10	4751	-1.65395
10	4752	1.52958
10	4753	2.04767
10	4754	-0.396576
10	4755	-1.86511
10	4756	-0.716702
10	4757	0.06033
10	4758	1.15069
10	4759	-4.42613
10	4760	-1.94678
10	4761	0.0403738
10	4762	-3.25946
10	4763	-0.234413
10	4764	0.273737
10	4765	-0.405753
10	4766	6.46315
10	4767	-3.77147
10	4768	1.39129
10	4769	1.5363
10	4770	-0.452299
10	4771	-0.908041
10	4772	-0.354333
10	4773	-1.45161
10	4774	-1.34284
10	4775	64.4537
10	4776	0.0257792
10	4777	0.182582
10	4778	3.99267
10	4779	-0.158757
10	4780	0.834154
10	4781	-1.09061
10	4782	-0.756295
10	4783	-0.531427
10	4784	-0.776913
10	4785	0.674482
10	4786	-1.29866
10	4787	0.966539
10	4788	-2.43393
10	4789	0.506734
10	4790	-2.04799
10	4791	-0.343851
10	4792	-0.714062
10	4793	7.08921
10	4794	1.13632
10	4795	1.13243
10	4796	-0.461827
10	4797	0.422647
10	4798	0.851741
10	4799	2.6536
10	4800	-0.187044
10	4801	0.139145
10	4802	-1.27009
10	4803	-4.24385
10	4804	0.719379
10	4805	0.415944
10	4806	2.04361
10	4807	-1.6295
10	4808	0.339882
10	4809	-4.11697
10	4810	0.347931
10	4811	-2.58121
10	4812	-43.5819
10	4813	-1.27236
10	4814	0.09664
10	4815	2.39677
10	4816	0.965912
10	4817	-0.131784
10	4818	0.878972
10	4819	-113.44
10	4820	-0.559461
10	4821	1.16917
10	4822	-18.8715
10	4823	3.99413
10	4824	-0.806683
10	4825	0.964623
10	4826	-0.0781272
10	4827	0.067953
10	4828	-0.0182364
10	4829	-24.4974
10	4830	0.107353
10	4831	-0.547054
10	4832	-1.09666
10	4833	-7.46079
10	4834	0.569869
10	4835	0.36843
10	4836	-0.0738323
10	4837	-2.76068
10	4838	-0.565631
10	4839	-0.141334
10	4840	7.97167
10	4841	-0.0607224
10	4842	1.27103
10	4843	-42.3085
10	4844	0.415292
10	4845	0.490799
10	4846	1.09395
10	4847	-2.12216
10	4848	0.0994836
10	4849	-0.227406
10	4850	-0.609803
10	4851	-0.728891
10	4852	-0.631394
10	4853	1.60457
10	4854	0.354048
10	4855	8.08491
10	4856	1.32611
10	4857	0.378862
10	4858	1.34564
10	4859	-13.1242
10	4860	3.28822
10	4861	0.696591
10	4862	1.49788
10	4863	0.578266
10	4864	7.53119
10	4865	0.681674
10	4866	0.0788424
10	4867	2.35542
10	4868	5.66528
10	4869	-0.57248
10	4870	-0.488171
10	4871	-1.03528
10	4872	0.102043
10	4873	-4.30922
10	4874	-2.45291
10	4875	0.606826
10	4876	0.868505
10	4877	-0.406253
10	4878	0.482884
10	4879	0.35865
10	4880	-0.14572
10	4881	1.69392
10	4882	1.24125
10	4883	-0.649713
10	4884	-2.85666
10	4885	-27.5633
10	4886	0.166404
10	4887	-14.6074
10	4888	1.20043
10	4889	0.985721
10	4890	-1.43948
10	4891	0.417777
10	4892	-2.77899
10	4893	-0.297153
10	4894	-1.09452
10	4895	0.468318
10	4896	-0.141985
10	4897	-0.512667
10	4898	-1.7824
10	4899	-0.636573
10	4900	0.85492
10	4901	5.25472
10	4902	1.28407
10	4903	-0.294649
10	4904	19.489
10	4905	-0.614571
10	4906	-8.52475
10	4907	-0.364768
10	4908	-0.813372
10	4909	1.93173
10	4910	-8.26132
10	4911	-0.480758
10	4912	4.23204
10	4913	-6.58833
10	4914	-1.68099
10	4915	-0.091651
10	4916	1.48967
10	4917	-0.456881
10	4918	0.847333
10	4919	-3.49067
10	4920	-0.00322521
10	4921	0.383126
10	4922	0.0831675
10	4923	-0.587515
10	4924	-1.78036
10	4925	-0.978137
10	4926	27.38
10	4927	0.965573
10	4928	-0.826969
10	4929	-1.83912
10	4930	16.6146
10	4931	-0.4105
10	4932	-221.478
10	4933	-0.389263
10	4934	0.799075
10	4935	5.38507
10	4936	-0.327555
10	4937	-0.633064
10	4938	33.8887
10	4939	-1.03113
10	4940	0.423987
10	4941	0.607366
10	4942	0.0331775
10	4943	-0.116537
10	4944	-0.355343
10	4945	-1.76332
10	4946	1.0333
10	4947	-1.26377
10	4948	-0.365268
10	4949	0.442597
10	4950	-0.993857
10	4951	6.66914
10	4952	-0.41328
10	4953	0.784805
10	4954	-8.27246
10	4955	1.27555
10	4956	4.44253
10	4957	-0.453534
10	4958	-6.10254
10	4959	-2.29472
10	4960	-1.44824
10	4961	-0.144068
10	4962	-4.39612
10	4963	-8.67632
10	4964	-1.03251
10	4965	-0.726131
10	4966	0.0593223
10	4967	-0.900032
10	4968	-0.963036
10	4969	-0.145791
10	4970	4.4405
10	4971	2.62009
10	4972	0.577741
10	4973	-5.97806
10	4974	-0.191123
10	4975	0.414316
10	4976	-1.15589
10	4977	-0.628702
10	4978	1.01383
10	4979	0.450743
10	4980	1.57189
10	4981	2.16777
10	4982	0.875792
10	4983	1401.96
10	4984	0.852355
10	4985	0.197318
10	4986	-1.44066
10	4987	0.386469
10	4988	-3.59081
10	4989	3.27115
10	4990	5.78193
10	4991	0.0474228
10	4992	0.174875
10	4993	4.31314
10	4994	-2.52426
10	4995	-0.654325
10	4996	0.709562
10	4997	0.441802
10	4998	2.01139
10	4999	-1.14846
10	5000	-4.22923
10	5001	0.435927
10	5002	-4.44494
10	5003	-1.30323
10	5004	-0.70931
10	5005	3.89931
10	5006	0.151321
10	5007	0.529212
10	5008	0.822364
10	5009	0.889927
10	5010	-1.72451
10	5011	-0.0115592
10	5012	-0.466574
10	5013	-1.30876
10	5014	-1.18899
10	5015	-1.45827
10	5016	-0.319405
10	5017	-0.0464921
10	5018	-1.54689
10	5019	0.701568
10	5020	0.453734
10	5021	-26.6246
10	5022	-0.776591
10	5023	2.36107
10	5024	-2.19923
10	5025	1.50295
10	5026	-1.36156
10	5027	0.934938
10	5028	-1.10214
10	5029	-2.29598
10	5030	-0.711404
10	5031	-6.96815
10	5032	0.692121
10	5033	-2.48284
10	5034	0.436948
10	5035	-1.06033
10	5036	-2.32095
10	5037	1.86067
10	5038	-0.611888
10	5039	0.550278
10	5040	-1.34939
10	5041	-0.252095
10	5042	-1.29399
10	5043	4.87147
10	5044	-1.24029
10	5045	-0.142191
10	5046	-0.231018
10	5047	0.989378
10	5048	3.26446
10	5049	0.159555
10	5050	-1.33142
10	5051	0.429304
10	5052	-34.2233
10	5053	-0.494638
10	5054	-0.174458
10	5055	0.155759
10	5056	0.984945
10	5057	0.45823
10	5058	-4.87078
10	5059	-0.188255
10	5060	8.53175
10	5061	2.18503
10	5062	39.0652
10	5063	3.2634
10	5064	0.255366
10	5065	0.732402
10	5066	3.37856
10	5067	0.8005
10	5068	-9.48759
10	5069	1.08364
10	5070	-3.10298
10	5071	2.31019
10	5072	2.65914
10	5073	0.593594
10	5074	-1.47422
10	5075	0.126852
10	5076	-3.81359
10	5077	0.444666
10	5078	-0.31795
10	5079	1.06172
10	5080	-14.4788
10	5081	-0.198449
10	5082	-0.594326
10	5083	2.7256
10	5084	0.476977
10	5085	0.248452
10	5086	-3.3169
10	5087	2.55924
10	5088	-0.590425
10	5089	-1.47057
10	5090	1.01262
10	5091	-0.361648
10	5092	-0.821612
10	5093	0.471167
10	5094	1.13602
10	5095	0.279219
10	5096	0.863706
10	5097	-2.39388
10	5098	19.1828
10	5099	49.9448
10	5100	0.0233352
10	5101	0.231598
10	5102	0.980923
10	5103	24.6153
10	5104	5.01699
10	5105	0.443497
10	5106	-128.339
10	5107	16.5734
10	5108	-2.19361
10	5109	-4.1084
10	5110	-0.837956
10	5111	0.00814742
10	5112	-0.373734
10	5113	1.72287
10	5114	4.85032
10	5115	-5.21942
10	5116	-2.43706
10	5117	-0.96358
10	5118	-2.19333
10	5119	-0.990327
10	5120	0.74999
10	5121	-0.270841
10	5122	-1.18858
10	5123	2.3396
10	5124	0.820699
10	5125	-0.724301
10	5126	4.10255
10	5127	6.1279
10	5128	-0.612623
10	5129	0.957474
10	5130	-9.20193
10	5131	0.343152
10	5132	84.9528
10	5133	2.79702
10	5134	-1.20991
10	5135	1.71883
10	5136	-1.86127
10	5137	0.827569
10	5138	-0.115009
10	5139	1.90391
10	5140	-0.0642467
10	5141	1.22144
10	5142	2.61855
10	5143	-0.132896
10	5144	2.88205
10	5145	0.536374
10	5146	0.529455
10	5147	-2.06247
10	5148	12.6149
10	5149	0.230533
10	5150	-5.02452
10	5151	-0.82912
10	5152	-0.131671
10	5153	0.792169
10	5154	-0.605054
10	5155	-6.75673
10	5156	-0.440906
10	5157	-0.707105
10	5158	-0.593087
10	5159	-0.640933
10	5160	-0.118507
10	5161	1.0793
10	5162	0.0991045
10	5163	-1.84686
10	5164	-1.71397
10	5165	-1.05496
10	5166	-0.97071
10	5167	0.23195
10	5168	-0.83397
10	5169	-0.26826
10	5170	-3.40153
10	5171	0.794347
10	5172	1.29552
10	5173	1.94195
10	5174	3.17406
10	5175	-0.540661
10	5176	0.721484
10	5177	-0.411809
10	5178	0.0372376
10	5179	0.516408
10	5180	1.62211
10	5181	-0.50718
10	5182	-1.39398
10	5183	-0.222914
10	5184	-0.0547552
10	5185	1.00111
10	5186	-1.17044
10	5187	2.75233
10	5188	1.594
10	5189	0.817166
10	5190	-0.366086
10	5191	0.0914188
10	5192	-0.390728
10	5193	1.77461
10	5194	-1.59889
10	5195	0.364155
10	5196	-0.995334
10	5197	3.89568
10	5198	0.534926
10	5199	-4.34909
10	5200	-5.3787
10	5201	0.380265
10	5202	0.355585
10	5203	7.49886
10	5204	1.10052
10	5205	3.6999
10	5206	1.82201
10	5207	-4.88095
10	5208	1.96555
10	5209	-1.3217
10	5210	-0.332578
10	5211	1.61852
10	5212	1.38634
10	5213	-0.256923
10	5214	0.230208
10	5215	13.7695
10	5216	-2.43716
10	5217	2.08349
10	5218	0.271579
10	5219	-2.02468
10	5220	2.82989
10	5221	0.438261
10	5222	-0.330248
10	5223	-0.0261208
10	5224	-1.03479
10	5225	-0.29399
10	5226	0.902411
10	5227	-0.665836
10	5228	6.95874
10	5229	-9.05857
10	5230	-3.04522
10	5231	0.130355
10	5232	0.72768
10	5233	-0.190425
10	5234	8.74164
10	5235	0.748165
10	5236	-1.52481
10	5237	-2.47732
10	5238	3.96892
10	5239	-8.99856
10	5240	4.18809
10	5241	-0.82024
10	5242	-2.95845
10	5243	-1.02102
10	5244	-1.53827
10	5245	3.00739
10	5246	0.530555
10	5247	9.15506
10	5248	3.54871
10	5249	1.60393
10	5250	-0.226538
10	5251	0.256452
10	5252	-0.834942
10	5253	2.40942
10	5254	0.39488
10	5255	1.20953
10	5256	-1.3338
10	5257	-1.60955
10	5258	-2.31342
10	5259	0.22088
10	5260	0.287553
10	5261	0.298599
10	5262	1.20572
10	5263	-2.94983
10	5264	-1.47822
10	5265	0.347436
10	5266	3.30924
10	5267	-2.48708
10	5268	-0.305914
10	5269	0.365927
10	5270	1.45142
10	5271	0.765067
10	5272	0.083875
10	5273	-4.06507
10	5274	-7.67717
10	5275	-0.294067
10	5276	-0.0676609
10	5277	1.52168
10	5278	-1.77965
10	5279	1.07833
10	5280	0.436744
10	5281	-0.0793726
10	5282	-9.98282
10	5283	0.315135
10	5284	0.155851
10	5285	3.76588
10	5286	0.413606
10	5287	0.581785
10	5288	-0.578794
10	5289	-1.56901
10	5290	-0.911196
10	5291	-1.20429
10	5292	-5.05422
10	5293	-7.89744
10	5294	5.65574
10	5295	-2.13603
10	5296	1.49819
10	5297	-0.902104
10	5298	-2.41168
10	5299	-0.040276
10	5300	0.262733
10	5301	0.495423
10	5302	-15.237
10	5303	0.392147
10	5304	0.0472758
10	5305	0.770844
10	5306	-0.137481
10	5307	0.500267
10	5308	0.174019
10	5309	-0.487593
10	5310	0.411018
10	5311	-4.0731
10	5312	0.0947815
10	5313	3.71949
10	5314	37.3574
10	5315	0.0837114
10	5316	-3.35141
10	5317	0.058148
10	5318	-0.0970002
10	5319	-0.186241
10	5320	2.25994
10	5321	40.6379
10	5322	0.129826
10	5323	-27.3633
10	5324	-0.176283
10	5325	-3.77451
10	5326	2.44047
10	5327	-0.0433673
10	5328	-1.00589
10	5329	-0.790594
10	5330	-2.42789
10	5331	9.92903
10	5332	2.02565
10	5333	-0.982689
10	5334	-0.0405604
10	5335	0.15436
10	5336	1.51782
10	5337	0.589601
10	5338	1.21769
10	5339	0.151221
10	5340	1.1504
10	5341	-0.436665
10	5342	-1.35448
10	5343	-0.596673
10	5344	-0.935117
10	5345	0.399443
10	5346	0.612458
10	5347	3.049
10	5348	-0.379819
10	5349	0.419524
10	5350	-1.40819
10	5351	1.15213
10	5352	-2.65627
10	5353	-25.3522
10	5354	-14.8711
10	5355	10.3681
10	5356	0.0464223
10	5357	4.74537
10	5358	0.10663
10	5359	1.02741
10	5360	-0.660156
10	5361	10.0059
10	5362	0.459778
10	5363	-4.34254
10	5364	0.460418
10	5365	1.43256
10	5366	-0.381498
10	5367	-1.10834
10	5368	3.14208
10	5369	4.28694
10	5370	-1.05988
10	5371	-5.70979
10	5372	-2.54697
10	5373	-0.980206
10	5374	0.721451
10	5375	0.244111
10	5376	-0.387554
10	5377	0.790524
10	5378	0.22459
10	5379	14.892
10	5380	0.413736
10	5381	-0.0143285
10	5382	-0.489526
10	5383	-2.12602
10	5384	-1.23077
10	5385	-0.120412
10	5386	-0.801085
10	5387	0.568646
10	5388	-0.3511
10	5389	2.58118
10	5390	40.2578
10	5391	0.33139
10	5392	0.719679
10	5393	-77.4773
10	5394	-13.8265
10	5395	-0.339373
10	5396	3.72363
10	5397	-0.982604
10	5398	6.03271
10	5399	-1.03946
10	5400	-0.869778
10	5401	-0.233781
10	5402	0.73078
10	5403	1.0128
10	5404	-0.299539
10	5405	3.68305
10	5406	-1.02125
10	5407	0.0964565
10	5408	-0.365072
10	5409	-0.465186
10	5410	-4.69705
10	5411	0.291636
10	5412	-0.386058
10	5413	1.80306
10	5414	1.22035
10	5415	-2.91146
10	5416	-0.267044
10	5417	1.26443
10	5418	8.77331
10	5419	-2.25287
10	5420	2.36959
10	5421	-1.72972
10	5422	0.66935
10	5423	2.18319
10	5424	-0.388273
10	5425	-0.986456
10	5426	0.359792
10	5427	-2.50559
10	5428	0.14137
10	5429	1.82692
10	5430	-5.16342
10	5431	1.59326
10	5432	4.47038
10	5433	-1.38612
10	5434	-8.85597
10	5435	-0.0985672
10	5436	-0.903605
10	5437	0.119302
10	5438	-1.14953
10	5439	0.121297
10	5440	0.612564
10	5441	1.9133
10	5442	-0.28522
10	5443	13.166
10	5444	-0.705039
10	5445	-1.8269
10	5446	0.739967
10	5447	7.55281
10	5448	11.0034
10	5449	-4.0025
10	5450	-1.98737
10	5451	2.40138
10	5452	10.689
10	5453	1.67471
10	5454	1.65894
10	5455	0.141279
10	5456	1.28598
10	5457	-0.330013
10	5458	2.1611
10	5459	-1.16489
10	5460	0.307806
10	5461	3.43794
10	5462	-1.23873
10	5463	-0.0114809
10	5464	216.783
10	5465	-25.7748
10	5466	1.06521
10	5467	-0.555078
10	5468	-0.483631
10	5469	2.44435
10	5470	-3.13477
10	5471	-1.30371
10	5472	-5.54742
10	5473	-0.420029
10	5474	0.584824
10	5475	-1.42756
10	5476	-0.748697
10	5477	-0.552772
10	5478	0.05011
10	5479	0.283509
10	5480	-4.7969
10	5481	-2.52217
10	5482	0.562123
10	5483	0.0194348
10	5484	-1.97866
10	5485	0.217682
10	5486	1.45738
10	5487	0.337982
10	5488	0.963015
10	5489	0.446049
10	5490	0.530222
10	5491	-0.251966
10	5492	1.6244
10	5493	-1.94482
10	5494	0.348464
10	5495	0.230956
10	5496	-2.8052
10	5497	0.879286
10	5498	-0.178834
10	5499	-1.34428
10	5500	-0.0699631
10	5501	-0.28692
10	5502	-57.1507
10	5503	-0.261005
10	5504	0.160486
10	5505	-1.93267
10	5506	-0.261744
10	5507	0.0760706
10	5508	0.325666
10	5509	1.90324
10	5510	-0.484498
10	5511	-0.684834
10	5512	0.944894
10	5513	-0.841092
10	5514	4.48522
10	5515	-0.00285978
10	5516	0.60903
10	5517	-0.763041
10	5518	-9.33644
10	5519	-1.11694
10	5520	-0.362611
10	5521	-1.08323
10	5522	1.5848
10	5523	-1.61003
10	5524	-1.26984
10	5525	0.268506
10	5526	-1.92052
10	5527	1.9516
10	5528	-10.5649
10	5529	0.344434
10	5530	-1.87937
10	5531	-1.01305
10	5532	-0.84086
10	5533	-0.856159
10	5534	3.74615
10	5535	-2.00902
10	5536	0.206754
10	5537	-57.7269
10	5538	-162.685
10	5539	0.512982
10	5540	-7.32155
10	5541	-2.62487
10	5542	171.662
10	5543	0.466873
10	5544	-1.86696
10	5545	-1.13745
10	5546	2.55151
10	5547	0.00360336
10	5548	0.00683998
10	5549	-0.169171
10	5550	-0.788136
10	5551	1.97813
10	5552	-0.342575
10	5553	-1.49592
10	5554	0.491802
10	5555	-0.23665
10	5556	-0.106687
10	5557	-1.87066
10	5558	0.0695076
10	5559	0.195761
10	5560	-2.24197
10	5561	5.8976
10	5562	-0.397099
10	5563	-1.02403
10	5564	0.502741
10	5565	-0.447616
10	5566	-0.47479
10	5567	-9.0951
10	5568	1.05111
10	5569	-12.8509
10	5570	0.705693
10	5571	-0.438334
10	5572	0.559561
10	5573	2.01697
10	5574	0.785259
10	5575	-0.117097
10	5576	1.18819
10	5577	0.772398
10	5578	-0.902653
10	5579	4.01999
10	5580	-1.58956
10	5581	0.46313
10	5582	-0.682499
10	5583	-2.84776
10	5584	0.679374
10	5585	-0.47621
10	5586	3.65951
10	5587	1.22724
10	5588	1.85594
10	5589	-0.358818
10	5590	-0.668696
10	5591	0.150082
10	5592	1.49037
10	5593	-0.236721
10	5594	0.905805
10	5595	-0.161672
10	5596	0.108793
10	5597	6.71041
10	5598	1.33022
10	5599	0.573762
10	5600	18.2751
10	5601	1.60596
10	5602	-0.693867
10	5603	2.11374
10	5604	0.468527
10	5605	-1.68352
10	5606	0.414138
10	5607	-1.4473
10	5608	1.68948
10	5609	-0.0672834
10	5610	2.01092
10	5611	-0.648925
10	5612	0.122496
10	5613	-1.65996
10	5614	-0.0738145
10	5615	-1.82635
10	5616	-6.01793
10	5617	0.291416
10	5618	1.54447
10	5619	2.13476
10	5620	-5.03305
10	5621	-0.0279367
10	5622	1.33582
10	5623	-2.28288
10	5624	-2.35908
10	5625	1.77585
10	5626	0.611268
10	5627	2.8155
10	5628	0.902558
10	5629	-1.35695
10	5630	3.48337
10	5631	-4.89688
10	5632	1.76819
10	5633	5.92906
10	5634	1.72989
10	5635	-0.91614
10	5636	0.858342
10	5637	-1.27302
10	5638	2.17287
10	5639	2.6655
10	5640	0.17644
10	5641	-0.149817
10	5642	1.89325
10	5643	0.896891
10	5644	5.78495
10	5645	0.845505
10	5646	-5.31171
10	5647	-0.061957
10	5648	-0.800265
10	5649	-1.81652
10	5650	0.378533
10	5651	0.942044
10	5652	1.1428
10	5653	-2.12427
10	5654	-1.1462
10	5655	20.9932
10	5656	-0.109742
10	5657	-0.584385
10	5658	0.0599228
10	5659	3.79828
10	5660	-0.400869
10	5661	-1.46921
10	5662	0.654078
10	5663	1.70751
10	5664	-1.18229
10	5665	0.777751
10	5666	-0.0132614
10	5667	-1.21203
10	5668	-1.06385
10	5669	2.12951
10	5670	-1.37918
10	5671	261.898
10	5672	1.58412
10	5673	1.38058
10	5674	1.00922
10	5675	-1.09572
10	5676	1.19955
10	5677	1.56312
10	5678	0.164469
10	5679	5.25344
10	5680	-0.317464
10	5681	-0.41625
10	5682	49.4906
10	5683	0.190769
10	5684	-0.114374
10	5685	-0.600244
10	5686	0.128402
10	5687	0.176035
10	5688	-12.3443
10	5689	-28.4221
10	5690	0.241565
10	5691	-0.422117
10	5692	-0.452264
10	5693	2.5637
10	5694	-1.32209
10	5695	7.17475
10	5696	1.24799
10	5697	0.840666
10	5698	0.091761
10	5699	-0.637518
10	5700	2.50345
10	5701	-0.801842
10	5702	0.48701
10	5703	0.73545
10	5704	-0.17963
10	5705	0.841492
10	5706	2.30066
10	5707	-1.62721
10	5708	0.0216579
10	5709	2.60125
10	5710	-1.23154
10	5711	0.859962
10	5712	-1.84218
10	5713	0.0509975
10	5714	0.581508
10	5715	-0.609511
10	5716	-0.358255
10	5717	-0.0607616
10	5718	1.66579
10	5719	0.719346
10	5720	-0.714623
10	5721	0.225331
10	5722	-2.44695
10	5723	-2.00371
10	5724	-141.228
10	5725	-4.64689
10	5726	-1.40224
10	5727	10.6899
10	5728	-0.152413
10	5729	1.05014
10	5730	-1.21789
10	5731	-0.713409
10	5732	2.41329
10	5733	-0.256129
10	5734	-0.275505
10	5735	-0.858557
10	5736	0.75045
10	5737	0.230307
10	5738	-0.403954
10	5739	0.736561
10	5740	0.334565
10	5741	1.23551
10	5742	0.572242
10	5743	-3.30366
10	5744	-0.0833735
10	5745	2.68721
10	5746	0.0953976
10	5747	0.0716679
10	5748	-0.926795
10	5749	-0.968466
10	5750	14.6866
10	5751	0.459901
10	5752	-1.49442
10	5753	-2.77922
10	5754	0.00336048
10	5755	8.91261
10	5756	-0.355511
10	5757	10.1069
10	5758	-0.0385695
10	5759	-0.23594
10	5760	-0.697862
10	5761	0.0450311
10	5762	1.72273
10	5763	0.304158
10	5764	1.2213
10	5765	0.149687
10	5766	-0.175169
10	5767	1.08448
10	5768	-0.514175
10	5769	8.24965
10	5770	1.93813
10	5771	-225.652
10	5772	0.565858
10	5773	-1.01531
10	5774	1.53146
10	5775	-0.246927
10	5776	-0.230162
10	5777	-3.35227
10	5778	1.77361
10	5779	0.0346568
10	5780	-0.210739
10	5781	-0.0365862
10	5782	2.26701
10	5783	-1.25408
10	5784	0.396111
10	5785	-0.980054
10	5786	-0.0023588
10	5787	1.53821
10	5788	1.87573
10	5789	-4.21465
10	5790	-0.375483
10	5791	-4.7103
10	5792	0.893475
10	5793	13.1799
10	5794	-0.000425918
10	5795	0.716571
10	5796	0.523505
10	5797	-1.75393
10	5798	1.26102
10	5799	-2.79417
10	5800	1.48228
10	5801	2.72645
10	5802	38.3406
10	5803	28.1801
10	5804	2.57621
10	5805	-0.658818
10	5806	1.09139
10	5807	-0.00783911
10	5808	-1.40798
10	5809	1.24177
10	5810	1.48994
10	5811	0.494253
10	5812	-6.74655
10	5813	2.88129
10	5814	-5.88683
10	5815	0.15793
10	5816	-0.664604
10	5817	-0.322351
10	5818	-2.13671
10	5819	0.890761
10	5820	0.633259
10	5821	-0.658284
10	5822	0.165133
10	5823	-2.10816
10	5824	-0.587271
10	5825	-8.72283
10	5826	3.00436
10	5827	0.148286
10	5828	1.26762
10	5829	1.69718
10	5830	-1.31505
10	5831	-1.91613
10	5832	0.256182
10	5833	-0.53003
10	5834	0.331741
10	5835	3.70062
10	5836	-0.77126
10	5837	2.91043
10	5838	1.82494
10	5839	-5.5207
10	5840	-2.17231
10	5841	-0.652512
10	5842	-243.499
10	5843	0.0267048
10	5844	0.202321
10	5845	-0.769592
10	5846	-0.894313
10	5847	-3.31759
10	5848	-0.756489
10	5849	10.2111
10	5850	-24.4986
10	5851	-14.3226
10	5852	1.1409
10	5853	-2.41952
10	5854	-5.94423
10	5855	4.87764
10	5856	-0.112803
10	5857	-0.258834
10	5858	-0.245632
10	5859	7.71572
10	5860	-4.89428
10	5861	1.4942
10	5862	0.408112
10	5863	2.60421
10	5864	-1.68683
10	5865	0.909174
10	5866	5.71243
10	5867	1.1254
10	5868	0.350101
10	5869	2.78868
10	5870	-0.624814
10	5871	-0.8636
10	5872	0.917
10	5873	-0.456128
10	5874	-0.246706
10	5875	1.68011
10	5876	3.60967
10	5877	1.19608
10	5878	72.4856
10	5879	-0.121135
10	5880	43.4461
10	5881	-0.0233798
10	5882	0.634184
10	5883	-0.908182
10	5884	2.84521
10	5885	4.3832
10	5886	-1.6884
10	5887	-0.0645036
10	5888	-0.0256967
10	5889	-0.249851
10	5890	-0.687305
10	5891	-0.740491
10	5892	0.427081
10	5893	-1.12011
10	5894	0.950887
10	5895	-0.331145
10	5896	-4.442
10	5897	0.172928
10	5898	-0.259236
10	5899	-0.207345
10	5900	0.280799
10	5901	0.819775
10	5902	0.175037
10	5903	0.471088
10	5904	-1.8174
10	5905	-0.0207817
10	5906	4.20178
10	5907	0.106047
10	5908	-0.313478
10	5909	2.55609
10	5910	-0.344353
10	5911	1.3382
10	5912	0.721386
10	5913	0.64423
10	5914	-3.82069
10	5915	-40.5197
10	5916	-1.74511
10	5917	3.46482
10	5918	23.5776
10	5919	1.41132
10	5920	1.0737
10	5921	3.42926
10	5922	-1.43298
10	5923	-0.229298
10	5924	0.717967
10	5925	0.348983
10	5926	-1.07561
10	5927	-0.564667
10	5928	1.26476
10	5929	-1.20397
10	5930	-1.89218
10	5931	1.62449
10	5932	-2.32918
10	5933	-0.469425
10	5934	0.798869
10	5935	-0.931843
10	5936	-6.64331
10	5937	1.28491
10	5938	-1.17325
10	5939	0.222045
10	5940	0.0832801
10	5941	0.0221645
10	5942	-19.6713
10	5943	-0.800998
10	5944	2.32704
10	5945	1.91382
10	5946	1.91866
10	5947	-2.11241
10	5948	-6.55636
10	5949	0.539785
10	5950	4.4529
10	5951	2.46775
10	5952	-0.86357
10	5953	2.81899
10	5954	0.913494
10	5955	-0.0682592
10	5956	1.07619
10	5957	2.58249
10	5958	0.198503
10	5959	3.80673
10	5960	-11.2884
10	5961	2.00887
10	5962	-13.0813
10	5963	1.42264
10	5964	-1.55971
10	5965	-0.517633
10	5966	-0.422974
10	5967	0.159351
10	5968	1.11745
10	5969	0.932893
10	5970	-6.38961
10	5971	-0.397927
10	5972	3.88279
10	5973	0.0563074
10	5974	-1.4487
10	5975	-0.730795
10	5976	0.413305
10	5977	-0.0311421
10	5978	0.929636
10	5979	-0.547657
10	5980	-88.3368
10	5981	0.470958
10	5982	-0.801468
10	5983	-0.0560338
10	5984	-0.706063
10	5985	1.58793
10	5986	0.960485
10	5987	0.210508
10	5988	4.69857
10	5989	-0.630405
10	5990	0.114753
10	5991	-0.8457
10	5992	-0.52069
10	5993	1.35626
10	5994	0.576094
10	5995	1.40543
10	5996	14.2567
10	5997	-1.01979
10	5998	-8.35111
10	5999	9.30005
10	6000	-4.89903
10	6001	-0.293566
10	6002	-0.672627
10	6003	2.61328
10	6004	0.068261
10	6005	0.0421114
10	6006	-9.3384
10	6007	-2.12789
10	6008	4.37276
10	6009	6.28722
10	6010	3.90569
10	6011	-1.81974
10	6012	-3.62624
10	6013	-0.124633
10	6014	-263.914
10	6015	-0.0815435
10	6016	1.83214
10	6017	1.07275
10	6018	-0.174234
10	6019	-0.834919
10	6020	6.96107
10	6021	4.21581
10	6022	-0.319641
10	6023	0.142717
10	6024	6.06019
10	6025	-367.216
10	6026	1.17289
10	6027	0.356972
10	6028	1.07459
10	6029	-0.128386
10	6030	-8.5566
10	6031	-0.944324
10	6032	1.73512
10	6033	0.635
10	6034	-4.41977
10	6035	-3.81255
10	6036	-0.233151
10	6037	1.84551
10	6038	-63.8565
10	6039	0.650831
10	6040	-0.448946
10	6041	0.10863
10	6042	-3.33592
10	6043	-3.09634
10	6044	0.492351
10	6045	4.2983
10	6046	-2.07416
10	6047	2.2248
10	6048	3.21434
10	6049	-12.5789
10	6050	-0.0575028
10	6051	-0.216131
10	6052	0.777165
10	6053	3.51257
10	6054	1.472
10	6055	4.00849
10	6056	5.09482
10	6057	-0.83294
10	6058	1.48634
10	6059	2.0763
10	6060	4.99255
10	6061	3.98155
10	6062	0.455435
10	6063	-0.760951
10	6064	4.43103
10	6065	-0.769485
10	6066	1.4333
10	6067	-1.41415
10	6068	-0.512905
10	6069	3.72506
10	6070	2.24441
10	6071	-2.94552
10	6072	-0.192579
10	6073	-3.28167
10	6074	-4.99652
10	6075	-2.03145
10	6076	-0.377728
10	6077	1.6258
10	6078	12.0226
10	6079	1.03121
10	6080	0.500813
10	6081	0.55702
10	6082	0.275695
10	6083	0.368926
10	6084	-1.25409
10	6085	0.191791
10	6086	-3.15202
10	6087	-0.394521
10	6088	-0.830631
10	6089	1.44349
10	6090	0.947036
10	6091	1.10142
10	6092	6.99152
10	6093	0.555473
10	6094	0.516288
10	6095	-0.129656
10	6096	-6.08806
10	6097	-0.0156343
10	6098	0.0692937
10	6099	1.35122
10	6100	-0.320237
10	6101	-2.28317
10	6102	-0.533811
10	6103	-2.06927
10	6104	23.6441
10	6105	2.0629
10	6106	-0.625593
10	6107	-1.03965
10	6108	3.65717
10	6109	1.79024
10	6110	13.2926
10	6111	0.828505
10	6112	-0.388631
10	6113	-2.55242
10	6114	-0.342341
10	6115	0.299024
10	6116	0.468562
10	6117	0.26915
10	6118	-1.26227
10	6119	0.978409
10	6120	2.2851
10	6121	1.72238
10	6122	0.630522
10	6123	12.2606
10	6124	0.206796
10	6125	3.26044
10	6126	-0.279101
10	6127	0.212922
10	6128	-1.10961
10	6129	-10.1984
10	6130	0.0257701
10	6131	4.02221
10	6132	-0.197657
10	6133	-0.6572
10	6134	1.11241
10	6135	0.794568
10	6136	0.811202
10	6137	1.26131
10	6138	0.532417
10	6139	-94.2775
10	6140	-1.12679
10	6141	2.44605
10	6142	2.829
10	6143	-0.726894
10	6144	0.46165
10	6145	-5.9011
10	6146	0.137932
10	6147	0.121476
10	6148	6.17792
10	6149	-0.162526
10	6150	-3.01173
10	6151	-302.933
10	6152	0.656585
10	6153	0.0619088
10	6154	-0.201845
10	6155	0.979673
10	6156	2.96218
10	6157	1.94015
10	6158	0.199384
10	6159	1.60783
10	6160	-10.1706
10	6161	-11.0915
10	6162	1.7308
10	6163	-0.66662
10	6164	0.222928
10	6165	-8.64495
10	6166	-2.5111
10	6167	-0.638958
10	6168	2.59114
10	6169	-0.714497
10	6170	5.25195
10	6171	0.3161
10	6172	-0.0512659
10	6173	-0.942812
10	6174	0.0303997
10	6175	0.723589
10	6176	0.307084
10	6177	0.0762035
10	6178	0.873436
10	6179	15.3789
10	6180	-4.26752
10	6181	-1.4276
10	6182	-1.46536
10	6183	0.181436
10	6184	0.556329
10	6185	6.3549
10	6186	-25.5613
10	6187	-0.719938
10	6188	5.66811
10	6189	-0.739611
10	6190	3.20249
10	6191	-0.166702
10	6192	11.4818
10	6193	-2.44789
10	6194	-0.940417
10	6195	6.41343e-05
10	6196	0.309363
10	6197	-0.767975
10	6198	0.644798
10	6199	-4.13521
10	6200	4.01084
10	6201	-1.7507
10	6202	4.24815
10	6203	1.53959
10	6204	-3.19975
10	6205	-0.447102
10	6206	-1.01933
10	6207	-10.7528
10	6208	0.610134
10	6209	0.258215
10	6210	-0.514784
10	6211	0.977519
10	6212	-0.441802
10	6213	-0.429105
10	6214	-1.83164
10	6215	17.6685
10	6216	-1.18773
10	6217	1.20796
10	6218	-18.2491
10	6219	-0.719797
10	6220	-1.75565
10	6221	0.105149
10	6222	1.92247
10	6223	0.651445
10	6224	-2.54143
10	6225	-4.97724
10	6226	2.52559
10	6227	0.946735
10	6228	0.378215
10	6229	0.375067
10	6230	2.04123
10	6231	6.67081
10	6232	-0.938402
10	6233	3.84587
10	6234	0.955108
10	6235	-0.0369937
10	6236	0.258081
10	6237	2.48898
10	6238	-0.279033
10	6239	0.88131
10	6240	0.82926
10	6241	-0.22091
10	6242	2.79735
10	6243	3.17037
10	6244	-48.5158
10	6245	0.406316
10	6246	5.86301
10	6247	-1.20075
10	6248	1.48517
10	6249	1.41787
10	6250	33.0489
10	6251	-3.56333
10	6252	2.2537
10	6253	0.378142
10	6254	-0.505513
10	6255	-0.891557
10	6256	16.5789
10	6257	0.441446
10	6258	3.17707
10	6259	73.1265
10	6260	0.712256
10	6261	1.29108
10	6262	-2.54045
10	6263	1.29978
10	6264	-1.04566
10	6265	0.820094
10	6266	0.702534
10	6267	-0.652698
10	6268	-0.887345
10	6269	-3.31038
10	6270	0.899997
10	6271	2.53552
10	6272	-0.0367178
10	6273	-1.81018
10	6274	6.00462
10	6275	3.35443
10	6276	-2.73819
10	6277	0.634277
10	6278	4.48945
10	6279	1.01043
10	6280	-1.10148
10	6281	1.12177
10	6282	-1.38839
10	6283	-0.569654
10	6284	-2.00158
10	6285	1.0307
10	6286	-1.10858
10	6287	0.131667
10	6288	-1.56253
10	6289	-2.09798
10	6290	0.0255089
10	6291	-1.64448
10	6292	-0.466116
10	6293	0.687844
10	6294	-1.17735
10	6295	1.53621
10	6296	-3.83539
10	6297	-1.82616
10	6298	-0.651111
10	6299	0.624898
10	6300	-0.293041
10	6301	-0.0555532
10	6302	0.736034
10	6303	0.357265
10	6304	0.705644
10	6305	0.255485
10	6306	-1.13593
10	6307	-0.659275
10	6308	0.0820975
10	6309	-0.00304665
10	6310	-1.62379
10	6311	-0.580023
10	6312	1.19972
10	6313	0.080881
10	6314	-0.0279878
10	6315	1.50833
10	6316	1.95406
10	6317	0.13427
10	6318	0.225436
10	6319	0.641122
10	6320	-0.295115
10	6321	-1.38919
10	6322	2.64682
10	6323	0.700582
10	6324	0.583451
10	6325	0.276066
10	6326	-2.08214
10	6327	1.72411
10	6328	-0.557689
10	6329	-1.53632
10	6330	-0.346177
10	6331	-0.520026
10	6332	-0.495138
10	6333	0.20479
10	6334	4.48309
10	6335	-2.66803
10	6336	-0.98125
10	6337	3.718
10	6338	0.471163
10	6339	0.146721
10	6340	0.559308
10	6341	6.0497
10	6342	-0.761136
10	6343	-1.91253
10	6344	-0.104683
10	6345	-1.19938
10	6346	-0.569508
10	6347	-113.843
10	6348	0.545689
10	6349	-13.4688
10	6350	1.2811
10	6351	0.61579
10	6352	0.800415
10	6353	-0.388826
10	6354	-0.689979
10	6355	-2.86073
10	6356	1.81307
10	6357	0.56703
10	6358	2.61779
10	6359	0.348718
10	6360	-16.0702
10	6361	0.96136
10	6362	-14.4089
10	6363	0.732128
10	6364	-0.360071
10	6365	0.136141
10	6366	-3.03315
10	6367	0.980114
10	6368	-33.8985
10	6369	3.05939
10	6370	0.331361
10	6371	-26.7096
10	6372	-0.560327
10	6373	-2.10887
10	6374	-0.315265
10	6375	0.278926
10	6376	1.36477
10	6377	1.90011
10	6378	0.395717
10	6379	-0.426835
10	6380	-1.2373
10	6381	0.819737
10	6382	0.376466
10	6383	0.0919362
10	6384	9.77331
10	6385	1.52485
10	6386	1.58229
10	6387	0.807784
10	6388	1.61544
10	6389	-1.03197
10	6390	-10.1085
10	6391	-1.34037
10	6392	0.113786
10	6393	-0.95412
10	6394	2.7748
10	6395	2.13523
10	6396	0.635693
10	6397	-5.45965
10	6398	-1.87069
10	6399	2.49915
10	6400	-2.42604
10	6401	0.23774
10	6402	1.15324
10	6403	7.22066
10	6404	-1.27852
10	6405	0.210063
10	6406	0.178677
10	6407	-1.48978
10	6408	0.760251
10	6409	-0.438844
10	6410	2.78584
10	6411	-1.17014
10	6412	0.528783
10	6413	9.42996
10	6414	0.654629
10	6415	0.803722
10	6416	0.384936
10	6417	0.47231
10	6418	3.9214
10	6419	-0.295557
10	6420	-0.892741
10	6421	4.44726
10	6422	2.66015
10	6423	0.0484229
10	6424	2.2445
10	6425	0.909067
10	6426	7.13765
10	6427	1.14745
10	6428	-0.632024
10	6429	-0.00852291
10	6430	-0.587069
10	6431	-2.08966
10	6432	0.0743724
10	6433	1.72886
10	6434	6.29853
10	6435	0.640502
10	6436	-0.533972
10	6437	0.176845
10	6438	-0.761602
10	6439	1.25579
10	6440	0.746122
10	6441	-5.2232
10	6442	1.46217
10	6443	-0.769776
10	6444	0.143942
10	6445	-1.29128
10	6446	1.06167
10	6447	0.968933
10	6448	0.504598
10	6449	-1.86747
10	6450	5.99386
10	6451	7.21389
10	6452	-0.547156
10	6453	-8.27033
10	6454	1.15988
10	6455	0.574412
10	6456	-0.833068
10	6457	-0.446953
10	6458	-1.44575
10	6459	47.4439
10	6460	-29.0023
10	6461	-0.548721
10	6462	-22.0465
10	6463	0.391122
10	6464	2.49796
10	6465	-0.262981
10	6466	-0.47511
10	6467	1.23268
10	6468	-1.64757
10	6469	2.32441
10	6470	1.66034
10	6471	2.26095
10	6472	3.11109
10	6473	0.161466
10	6474	-68.2037
10	6475	-2.34262
10	6476	-1.99261
10	6477	-1.22995
10	6478	3.19769
10	6479	6.59204
10	6480	0.440961
10	6481	-0.427584
10	6482	-1.08904
10	6483	0.253896
10	6484	0.405101
10	6485	-6.63676
10	6486	6.70995
10	6487	-4.9769
10	6488	-0.128886
10	6489	-0.46247
10	6490	0.253808
10	6491	-0.0436774
10	6492	1.29885
10	6493	0.709657
10	6494	0.484377
10	6495	3.20399
10	6496	-0.240934
10	6497	-1.04672
10	6498	1.2321
10	6499	9.03328
10	6500	11.6939
10	6501	-0.51946
10	6502	-0.966024
10	6503	1.3092
10	6504	-42.7794
10	6505	0.912961
10	6506	0.560071
10	6507	1.06534
10	6508	1.30692
10	6509	0.0736413
10	6510	0.502728
10	6511	0.72109
10	6512	-0.552179
10	6513	-1.09772
10	6514	-6.9204
10	6515	1.56539
10	6516	-1.21351
10	6517	2.68036
10	6518	-1.32086
10	6519	-0.00169778
10	6520	-2.08466
10	6521	0.524648
10	6522	0.95311
10	6523	4.07968
10	6524	-0.25281
10	6525	2.33369
10	6526	76.9973
10	6527	0.0170253
10	6528	-2.0251
10	6529	2.0123
10	6530	1.74648
10	6531	-2.33869
10	6532	0.557213
10	6533	0.976382
10	6534	1.04888
10	6535	2.26279
10	6536	0.199729
10	6537	-0.438294
10	6538	-4.24649
10	6539	0.590789
10	6540	-0.628194
10	6541	2.99884
10	6542	-3.18684
10	6543	-0.846258
10	6544	-0.202536
10	6545	0.10415
10	6546	-2.83892
10	6547	-0.262516
10	6548	3.2171
10	6549	0.375937
10	6550	3.41902
10	6551	-1.67333
10	6552	1.34817
10	6553	-0.988727
10	6554	1.6743
10	6555	-0.31741
10	6556	0.00585148
10	6557	-0.0483374
10	6558	-4.53695
10	6559	39.8846
10	6560	-21.3945
10	6561	-0.0977163
10	6562	-0.0842534
10	6563	2.40659
10	6564	-0.0737771
10	6565	-0.115877
10	6566	0.526636
10	6567	0.436283
10	6568	-0.61116
10	6569	0.181019
10	6570	-0.132535
10	6571	4.3558
10	6572	-0.839576
10	6573	-1.45058
10	6574	-0.229551
10	6575	-3.49789
10	6576	-0.354925
10	6577	-0.577608
10	6578	-0.332026
10	6579	2.12908
10	6580	2.51683
10	6581	-1.84714
10	6582	0.0896146
10	6583	-0.172301
10	6584	-7.37814
10	6585	-3.45356
10	6586	-0.735568
10	6587	0.351575
10	6588	2.42151
10	6589	-13.1459
10	6590	-47.2112
10	6591	-3.03772
10	6592	0.815142
10	6593	80.188
10	6594	0.477422
10	6595	2.82937
10	6596	2.48545
10	6597	-0.513331
10	6598	-1.48707
10	6599	0.349059
10	6600	1.03994
10	6601	0.785209
10	6602	0.741004
10	6603	-0.464954
10	6604	-0.483654
10	6605	0.244205
10	6606	1.2059
10	6607	-0.370224
10	6608	-0.10184
10	6609	19.8085
10	6610	-2.84074
10	6611	0.459046
10	6612	-0.464655
10	6613	-0.676734
10	6614	3.71572
10	6615	-70.9079
10	6616	-0.485819
10	6617	-1.9545
10	6618	1.83641
10	6619	0.194828
10	6620	-0.418753
10	6621	0.899518
10	6622	0.293516
10	6623	78.8348
10	6624	0.816968
10	6625	0.691528
10	6626	0.66617
10	6627	0.966112
10	6628	-0.051267
10	6629	1.95236
10	6630	-0.435425
10	6631	-0.62843
10	6632	0.123821
10	6633	-0.0977504
10	6634	17.1939
10	6635	2.07832
10	6636	0.339379
10	6637	3.09749
10	6638	0.612121
10	6639	1.14912
10	6640	-0.890167
10	6641	2.35864
10	6642	-0.195882
10	6643	2.56809
10	6644	-0.0755221
10	6645	-1.46575
10	6646	-78.5355
10	6647	1.44951
10	6648	1.33842
10	6649	0.3999
10	6650	-0.308771
10	6651	-2.82851
10	6652	30.0606
10	6653	-0.446589
10	6654	4.21317
10	6655	-14.7755
10	6656	0.0961811
10	6657	-0.521436
10	6658	0.0192158
10	6659	1.51171
10	6660	-2.96402
10	6661	0.123501
10	6662	0.316915
10	6663	0.065701
10	6664	0.475292
10	6665	-0.745582
10	6666	0.538123
10	6667	0.512933
10	6668	-0.157329
10	6669	-6.48792
10	6670	0.375613
10	6671	-0.0501197
10	6672	2.23666
10	6673	0.501343
10	6674	-2.88212
10	6675	0.64008
10	6676	1.17444
10	6677	1.14886
10	6678	-0.978647
10	6679	2.41393
10	6680	0.0391723
10	6681	-0.317194
10	6682	-0.433332
10	6683	-0.501876
10	6684	-4.08993
10	6685	-4.74747
10	6686	0.0988434
10	6687	0.00469263
10	6688	-0.625948
10	6689	-0.389719
10	6690	-1.62162
10	6691	-0.432901
10	6692	-0.842131
10	6693	0.868965
10	6694	3.30583
10	6695	-24.0371
10	6696	6.89548
10	6697	7.25373
10	6698	2.94711
10	6699	0.342127
10	6700	3.38172
10	6701	0.625381
10	6702	0.306948
10	6703	-0.488797
10	6704	-0.911876
10	6705	18.6077
10	6706	2.38702
10	6707	-1.16508
10	6708	-0.939488
10	6709	-1.88503
10	6710	1.07464
10	6711	-7.09488
10	6712	-0.439609
10	6713	128.182
10	6714	0.504907
10	6715	-2.9678
10	6716	1.20465
10	6717	-3.23837
10	6718	3.6286
10	6719	0.253804
10	6720	0.317901
10	6721	4.36653
10	6722	-2.45852
10	6723	0.448901
10	6724	2.65828
10	6725	-1.06916
10	6726	0.926975
10	6727	-1.03649
10	6728	0.235846
10	6729	9.05615
10	6730	5.53492
10	6731	0.549364
10	6732	1.51676
10	6733	0.937256
10	6734	0.0890439
10	6735	-0.438891
10	6736	0.404442
10	6737	-0.383697
10	6738	0.184724
10	6739	-1.01431
10	6740	-3.41639
10	6741	0.921625
10	6742	-2.27113
10	6743	-5.67796
10	6744	0.42503
10	6745	0.277291
10	6746	0.871241
10	6747	2.44562
10	6748	-0.850897
10	6749	-2.38224
10	6750	-0.332977
10	6751	-1.47338
10	6752	0.851557
10	6753	1.94153
10	6754	-0.543959
10	6755	5.9971
10	6756	2.79739
10	6757	-0.0385521
10	6758	2.24613
10	6759	-0.37753
10	6760	-10.4973
10	6761	-0.393653
10	6762	2.60313
10	6763	1.06954
10	6764	0.802021
10	6765	2.32258
10	6766	-3.84546
10	6767	-0.39081
10	6768	0.362487
10	6769	0.0320558
10	6770	2.25647
10	6771	-1.06054
10	6772	0.939486
10	6773	0.257894
10	6774	-0.93155
10	6775	1.38882
10	6776	-2.55244
10	6777	0.999496
10	6778	0.917316
10	6779	-1.65744
10	6780	-0.865042
10	6781	4.05146
10	6782	-4.36172
10	6783	0.91953
10	6784	1.53966
10	6785	-0.225831
10	6786	2.12564
10	6787	0.0986858
10	6788	0.105669
10	6789	-0.120719
10	6790	4.36571
10	6791	2.84742
10	6792	1.07999
10	6793	0.597243
10	6794	0.295584
10	6795	-0.444225
10	6796	0.0130329
10	6797	9.50385
10	6798	-1.42877
10	6799	-3.77076
10	6800	0.723898
10	6801	0.357155
10	6802	-0.136042
10	6803	1.0337
10	6804	17.6331
10	6805	0.131487
10	6806	-5.65061
10	6807	1.09606
10	6808	-0.736529
10	6809	-0.995668
10	6810	1.81683
10	6811	-0.0162697
10	6812	0.494797
10	6813	-1.05004
10	6814	0.11965
10	6815	2.49091
10	6816	-15.6829
10	6817	0.668211
10	6818	-5.19241
10	6819	-0.100079
10	6820	-0.343301
10	6821	-0.748596
10	6822	6.65034
10	6823	3.61161
10	6824	-0.687615
10	6825	-0.759438
10	6826	0.226075
10	6827	507.969
10	6828	0.578544
10	6829	0.60074
10	6830	-2.21108
10	6831	7.02159
10	6832	-3.20907
10	6833	-9.35072
10	6834	-2.62475
10	6835	0.784322
10	6836	1.45583
10	6837	-2.39126
10	6838	-0.181519
10	6839	0.476693
10	6840	-1.21385
10	6841	8.7864
10	6842	-5.19526
10	6843	-1.26591
10	6844	-0.19256
10	6845	-0.201885
10	6846	-0.124038
10	6847	2.90888
10	6848	0.623541
10	6849	-8.13292
10	6850	-1.08819
10	6851	6.30479
10	6852	-0.91662
10	6853	-0.289278
10	6854	0.0812596
10	6855	-0.737512
10	6856	-0.659545
10	6857	0.52521
10	6858	-2.7463
10	6859	6.86318
10	6860	-9.36046
10	6861	-0.407666
10	6862	1.73682
10	6863	1.18996
10	6864	4.26982
10	6865	-0.0750637
10	6866	-4.65416
10	6867	-2.03724
10	6868	-0.367516
10	6869	3.23029
10	6870	4.56149
10	6871	2.4776
10	6872	-2.15916
10	6873	-7.81368
10	6874	3.02291
10	6875	-0.81643
10	6876	-1.96779
10	6877	17.5747
10	6878	0.366483
10	6879	-6.31351
10	6880	-0.113535
10	6881	-0.981014
10	6882	-0.0974026
10	6883	-1.87841
10	6884	2.43485
10	6885	0.773582
10	6886	-2.80052
10	6887	1.9791
10	6888	37.2411
10	6889	0.303993
10	6890	-0.0116697
10	6891	-1.47904
10	6892	-0.762491
10	6893	0.0374464
10	6894	-0.129546
10	6895	-0.414227
10	6896	7.91448
10	6897	0.0730575
10	6898	0.638331
10	6899	1.37554
10	6900	-0.391566
10	6901	-3.84626
10	6902	0.327816
10	6903	1.9659
10	6904	-0.279785
10	6905	-14.506
10	6906	-2.12323
10	6907	-1.64625
10	6908	-0.754929
10	6909	1.86007
10	6910	2.43852
10	6911	0.672793
10	6912	-0.810967
10	6913	-2.62025
10	6914	-0.217684
10	6915	15.8455
10	6916	-0.311482
10	6917	-0.26405
10	6918	4.0318
10	6919	-2.7594
10	6920	3.73305
10	6921	0.144951
10	6922	-1.6579
10	6923	-117.175
10	6924	-1.76523
10	6925	-5.10555
10	6926	-1.17813
10	6927	-0.711093
10	6928	1.04576
10	6929	-4.41267
10	6930	-1.15249
10	6931	-20.932
10	6932	-0.0346846
10	6933	-2.58377
10	6934	0.463806
10	6935	-7.09783
10	6936	4.46626
10	6937	-3.34566
10	6938	0.0595026
10	6939	-0.230785
10	6940	-0.036945
10	6941	-0.0929501
10	6942	-1.6025
10	6943	-4.43716
10	6944	-0.186083
10	6945	-1.10816
10	6946	1.2996
10	6947	-1.37461
10	6948	0.35555
10	6949	1.89723
10	6950	6.63141
10	6951	11.4354
10	6952	1.23816
10	6953	0.0709047
10	6954	13.4939
10	6955	-1.32406
10	6956	0.990211
10	6957	5.74994
10	6958	-0.488549
10	6959	-6.85371
10	6960	12.8714
10	6961	-1.51397
10	6962	2.47291
10	6963	-1.50039
10	6964	-0.929592
10	6965	2.36911
10	6966	-0.782759
10	6967	-9.52838
10	6968	-0.296502
10	6969	-0.65466
10	6970	-3.63803
10	6971	-3.76891
10	6972	-0.310693
10	6973	-0.959154
10	6974	-0.588221
10	6975	0.0961887
10	6976	-0.276094
10	6977	-0.456601
10	6978	2.20785
10	6979	0.329701
10	6980	-3.12345
10	6981	-1.9871
10	6982	0.708736
10	6983	-0.0202986
10	6984	1.72285
10	6985	-4.46156
10	6986	0.601878
10	6987	-2.28475
10	6988	-0.959352
10	6989	-3.24688
10	6990	-0.129106
10	6991	-0.889244
10	6992	0.298773
10	6993	-5.35245
10	6994	1.78269
10	6995	0.717832
10	6996	-0.383822
10	6997	1.12811
10	6998	0.807811
10	6999	7.79892
10	7000	0.0369919
10	7001	3.03309
10	7002	-23.3668
10	7003	1.34643
10	7004	1.16147
10	7005	-4.78457
10	7006	-5.13862
10	7007	0.634192
10	7008	0.576653
10	7009	0.4198
10	7010	-0.215485
10	7011	-0.17411
10	7012	1.79658
10	7013	0.997481
10	7014	2.11021
10	7015	-0.112119
10	7016	0.28476
10	7017	1.45094
10	7018	-1.00574
10	7019	0.872637
10	7020	0.775952
10	7021	-0.136287
10	7022	-1.53581
10	7023	1.30902
10	7024	-0.537397
10	7025	1.05178
10	7026	-1.94025
10	7027	8.86578
10	7028	6.99258
10	7029	-2.65016
10	7030	-1.2427
10	7031	0.223246
10	7032	-1.5861
10	7033	1.07176
10	7034	-1.09686
10	7035	2.63144
10	7036	-2.54618
10	7037	2.93021
10	7038	-17.2044
10	7039	0.210193
10	7040	-11.692
10	7041	0.502013
10	7042	5.05722
10	7043	10.9895
10	7044	1.61511
10	7045	18.8032
10	7046	-1.16752
10	7047	-0.301707
10	7048	-1.09594
10	7049	0.398678
10	7050	0.700506
10	7051	0.285605
10	7052	9.77138
10	7053	0.953292
10	7054	5.24392
10	7055	2.01705
10	7056	0.577607
10	7057	-0.263858
10	7058	-2.47231
10	7059	1.89742
10	7060	0.0878041
10	7061	-0.528638
10	7062	1.02373
10	7063	-0.977203
10	7064	0.0110085
10	7065	-0.881822
10	7066	-0.482546
10	7067	0.639948
10	7068	0.537815
10	7069	0.654002
10	7070	-1.27437
10	7071	-0.398164
10	7072	0.910727
10	7073	-38.1239
10	7074	0.680942
10	7075	1.22428
10	7076	0.366507
10	7077	0.840221
10	7078	-2.72727
10	7079	-0.920496
10	7080	-1.97006
10	7081	-2.98839
10	7082	2.98098
10	7083	-0.244857
10	7084	-0.351345
10	7085	-1.46099
10	7086	0.324262
10	7087	0.259951
10	7088	0.346927
10	7089	1.82277
10	7090	1.18984
10	7091	0.52101
10	7092	-0.631739
10	7093	0.46474
10	7094	1.04616
10	7095	0.456902
10	7096	0.499583
10	7097	-0.793434
10	7098	-0.241445
10	7099	-0.289906
10	7100	-0.758757
10	7101	-0.149632
10	7102	0.106715
10	7103	-3.14478
10	7104	3.81869
10	7105	1.14705
10	7106	1.00741
10	7107	-0.53741
10	7108	-0.217415
10	7109	9.53959
10	7110	-1.73322
10	7111	-1.34765
10	7112	0.119553
10	7113	-5.37283
10	7114	0.571022
10	7115	-0.338995
10	7116	-0.988216
10	7117	0.286979
10	7118	10.6946
10	7119	-1.21267
10	7120	1.0462
10	7121	0.812722
10	7122	-0.278168
10	7123	0.626406
10	7124	1.83807
10	7125	-0.289589
10	7126	1.57571
10	7127	-0.114225
10	7128	-0.665084
10	7129	1.54294
10	7130	-0.897449
10	7131	-0.152548
10	7132	-2.05899
10	7133	4.82563
10	7134	0.0933138
10	7135	-1.78035
10	7136	1.9556
10	7137	1.49703
10	7138	1.83662
10	7139	0.620708
10	7140	4.83185
10	7141	7.09542
10	7142	1.62264
10	7143	1.60006
10	7144	1.02594
10	7145	-1.14971
10	7146	-1.56923
10	7147	-0.231356
10	7148	0.537321
10	7149	-0.718422
10	7150	3.20374
10	7151	0.236496
10	7152	0.214005
10	7153	1.32089
10	7154	1.85616
10	7155	-0.814983
10	7156	0.421028
10	7157	1.88176
10	7158	-0.363418
10	7159	-1.67195
10	7160	-1.32776
10	7161	0.214513
10	7162	-0.55993
10	7163	1.25383
10	7164	-2.80328
10	7165	-0.289354
10	7166	0.464757
10	7167	2.70466
10	7168	13.5137
10	7169	5.9975
10	7170	-1.76801
10	7171	-20.2661
10	7172	-0.617632
10	7173	-2.59251
10	7174	-3.51019
10	7175	1.74035
10	7176	2.95248
10	7177	-0.725459
10	7178	0.630349
10	7179	0.781623
10	7180	0.404683
10	7181	0.919977
10	7182	0.951055
10	7183	-0.380982
10	7184	4.90372
10	7185	-1.14303
10	7186	0.0376699
10	7187	-2.8776
10	7188	-0.972967
10	7189	-1.19174
10	7190	79.2277
10	7191	0.821759
10	7192	0.473545
10	7193	2.53772
10	7194	0.930753
10	7195	-0.808669
10	7196	0.162951
10	7197	-7.84994
10	7198	0.552049
10	7199	0.00447795
10	7200	8.3775
10	7201	-1.288
10	7202	1.11295
10	7203	-1.56644
10	7204	-0.945172
10	7205	1.28664
10	7206	-2.97545
10	7207	-0.17691
10	7208	0.681918
10	7209	-0.185157
10	7210	-0.20181
10	7211	-0.682754
10	7212	1.91409
10	7213	1.55153
10	7214	-0.20721
10	7215	0.377307
10	7216	1.67133
10	7217	-0.181537
10	7218	-1.83403
10	7219	0.256322
10	7220	0.16285
10	7221	-1.07705
10	7222	1.05901
10	7223	-1.57379
10	7224	1.79363
10	7225	4.20251
10	7226	-3.69071
10	7227	1.15415
10	7228	1.1642
10	7229	0.500409
10	7230	-1.38513
10	7231	-0.641578
10	7232	5.24139
10	7233	-0.413237
10	7234	-0.00208698
10	7235	-166.062
10	7236	0.0173222
10	7237	-2.06089
10	7238	-0.342462
10	7239	-3.02835
10	7240	-0.863828
10	7241	1.27322
10	7242	-1.12251
10	7243	-3.00631
10	7244	1.2285
10	7245	5.27691
10	7246	0.330252
10	7247	-2.50686
10	7248	1.41014
10	7249	0.384335
10	7250	0.0845583
10	7251	-1.12282
10	7252	1.08118
10	7253	0.711888
10	7254	0.387966
10	7255	-8.14656
10	7256	4.01923
10	7257	1.29247
10	7258	41.1762
10	7259	-0.722016
10	7260	-3.25457
10	7261	-1.8691
10	7262	0.0916718
10	7263	-0.924005
10	7264	-0.0064442
10	7265	-10.8788
10	7266	7.38063
10	7267	0.779572
10	7268	6.55139
10	7269	-0.642215
10	7270	-1.19856
10	7271	0.021211
10	7272	16.3618
10	7273	0.365311
10	7274	-0.410274
10	7275	-4.87119
10	7276	0.669303
10	7277	0.637014
10	7278	-1.9782
10	7279	-0.413662
10	7280	-0.397757
10	7281	-0.10155
10	7282	-2.69303
10	7283	-6.028
10	7284	0.506773
10	7285	0.178499
10	7286	-1.65129
10	7287	3.74152
10	7288	0.366918
10	7289	0.24439
10	7290	-1.12023
10	7291	-0.847748
10	7292	0.272233
10	7293	-0.954271
10	7294	-1.58703
10	7295	-0.943915
10	7296	-1.92867
10	7297	2.35034
10	7298	-0.518825
10	7299	0.657239
10	7300	4.25002
10	7301	-0.105053
10	7302	-0.33405
10	7303	0.40202
10	7304	-1.40611
10	7305	-1.40019
10	7306	0.641077
10	7307	0.847226
10	7308	0.738339
10	7309	-1.27218
10	7310	2.05071
10	7311	-0.884363
10	7312	-0.55672
10	7313	-1.55624
10	7314	-1.66556
10	7315	-0.273374
10	7316	0.511668
10	7317	-0.213632
10	7318	0.106004
10	7319	0.142508
10	7320	0.327182
10	7321	-0.679655
10	7322	0.388275
10	7323	1.37269
10	7324	1.84952
10	7325	-52.0362
10	7326	2.17257
10	7327	4.09994
10	7328	-5.14661
10	7329	0.236187
10	7330	1.49532
10	7331	0.810353
10	7332	-1.08074
10	7333	0.0772166
10	7334	-3.41366
10	7335	-0.89368
10	7336	-1414.03
10	7337	0.136204
10	7338	0.321963
10	7339	-0.314738
10	7340	1.58263
10	7341	-1.15797
10	7342	-5.88229
10	7343	-1.12111
10	7344	-0.5561
10	7345	7.14014
10	7346	2.17673
10	7347	2.95502
10	7348	0.925381
10	7349	2.00894
10	7350	0.266795
10	7351	-1.76201
10	7352	0.431801
10	7353	-0.322
10	7354	1.45645
10	7355	-15.5733
10	7356	3.50952
10	7357	1.13406
10	7358	1.40533
10	7359	0.225945
10	7360	0.0183147
10	7361	0.460668
10	7362	2.07039
10	7363	-0.169047
10	7364	-1.34504
10	7365	-0.744614
10	7366	0.772689
10	7367	0.285545
10	7368	-1.3901
10	7369	-3.26239
10	7370	-0.764292
10	7371	-1.08233
10	7372	-0.647969
10	7373	-2.43304
10	7374	0.905853
10	7375	24.0984
10	7376	-10.7126
10	7377	-0.179132
10	7378	-0.143703
10	7379	-1.29486
10	7380	-2.17526
10	7381	0.190564
10	7382	-1.55757
10	7383	-0.86442
10	7384	-1.47792
10	7385	-0.464796
10	7386	1.31093
10	7387	5.20876
10	7388	1.94293
10	7389	-0.663862
10	7390	-3.24173
10	7391	0.634275
10	7392	-0.781533
10	7393	1.29666
10	7394	-0.0209212
10	7395	0.71219
10	7396	1.07077
10	7397	-38.9723
10	7398	-0.666057
10	7399	-1.57957
10	7400	0.245722
10	7401	0.470071
10	7402	1.02595
10	7403	-0.661482
10	7404	2.29881
10	7405	3.01036
10	7406	0.19948
10	7407	11.9582
10	7408	9.85181
10	7409	4.88739
10	7410	0.245083
10	7411	0.379743
10	7412	-0.422366
10	7413	-0.568072
10	7414	-0.185996
10	7415	0.640373
10	7416	0.774571
10	7417	-0.204926
10	7418	-0.86564
10	7419	-2.14646
10	7420	0.710898
10	7421	-1.13909
10	7422	-1.10214
10	7423	-0.928623
10	7424	2.99828
10	7425	-13.81
10	7426	-2.20876
10	7427	-4.70147
10	7428	1.19137
10	7429	0.925419
10	7430	3.02154
10	7431	-0.901461
10	7432	0.397537
10	7433	-2.92265
10	7434	1.07486
10	7435	1.06235
10	7436	8.19977
10	7437	0.875777
10	7438	-0.738019
10	7439	0.0509357
10	7440	-1.33431
10	7441	-0.0216131
10	7442	1.43275
10	7443	-0.207475
10	7444	0.0705382
10	7445	10.0169
10	7446	-1.67803
10	7447	-0.955758
10	7448	-0.507712
10	7449	3.47064
10	7450	11.7385
10	7451	0.0734242
10	7452	-0.271321
10	7453	-0.366828
10	7454	0.397536
10	7455	-0.0932892
10	7456	-0.258
10	7457	1.89149
10	7458	-6.36931
10	7459	-2.85263
10	7460	-1.41162
10	7461	-0.260417
10	7462	0.131772
10	7463	5.93784
10	7464	1.48687
10	7465	0.431119
10	7466	-0.210469
10	7467	-0.900397
10	7468	3.19479
10	7469	0.207347
10	7470	-19.7451
10	7471	-3.32803
10	7472	-0.841864
10	7473	-3.23517
10	7474	0.546951
10	7475	-1.50101
10	7476	1.21053
10	7477	-7.08202
10	7478	-0.704429
10	7479	-1.28173
10	7480	3.83143
10	7481	0.070564
10	7482	0.749622
10	7483	-0.4619
10	7484	1.02483
10	7485	0.0879235
10	7486	0.43733
10	7487	0.282473
10	7488	0.463971
10	7489	-0.591723
10	7490	0.314274
10	7491	-1.08474
10	7492	0.240463
10	7493	1.18446
10	7494	-0.415495
10	7495	-1.45997
10	7496	8.17634
10	7497	-6.25873
10	7498	4.54127
10	7499	-4.39198
10	7500	-4.7733
10	7501	0.00196544
10	7502	-0.893436
10	7503	-0.908333
10	7504	1.8803
10	7505	-0.71102
10	7506	-0.576678
10	7507	-0.0457901
10	7508	-0.25232
10	7509	-0.382022
10	7510	1.03482
10	7511	-3.48911
10	7512	23.5029
10	7513	0.552964
10	7514	0.247933
10	7515	5.50216
10	7516	-0.969968
10	7517	-2.69457
10	7518	1.0613
10	7519	1.31338
10	7520	-1.99439
10	7521	-1.7115
10	7522	-3.40079
10	7523	0.0854687
10	7524	-13.9573
10	7525	7.67512
10	7526	-0.891424
10	7527	0.053739
10	7528	-0.412245
10	7529	-1.02033
10	7530	1.05078
10	7531	-0.783185
10	7532	-0.646479
10	7533	-0.794758
10	7534	0.947107
10	7535	-0.164941
10	7536	1.65789
10	7537	-0.39662
10	7538	-0.847724
10	7539	0.944679
10	7540	-5.17076
10	7541	-0.75543
10	7542	0.827196
10	7543	0.266216
10	7544	-0.775775
10	7545	-1.09124
10	7546	-0.448096
10	7547	-0.758925
10	7548	1.33008
10	7549	-7.01195
10	7550	-0.593053
10	7551	-0.144603
10	7552	0.587635
10	7553	0.232874
10	7554	0.392504
10	7555	4.08782
10	7556	-2.94501
10	7557	0.0559948
10	7558	-0.728984
10	7559	0.694708
10	7560	-2.77754
10	7561	0.613583
10	7562	0.307622
10	7563	0.298862
10	7564	19.5824
10	7565	-1.12271
10	7566	-1.85566
10	7567	-0.0069073
10	7568	2.45529
10	7569	-2.62384
10	7570	-0.826701
10	7571	-4.07829
10	7572	-0.471048
10	7573	-1.16685
10	7574	0.051731
10	7575	0.229654
10	7576	-0.00276877
10	7577	0.335464
10	7578	-0.167864
10	7579	2.09466
10	7580	-0.542596
10	7581	-0.742357
10	7582	0.845659
10	7583	-1.11362
10	7584	-2.0966
10	7585	1.79546
10	7586	-0.737521
10	7587	-1.90271
10	7588	-1.6552
10	7589	-0.370849
10	7590	-2.37019
10	7591	-0.549824
10	7592	-1.57832
10	7593	0.399756
10	7594	0.290451
10	7595	-2.15792
10	7596	-1.34251
10	7597	-2.40609
10	7598	-0.901769
10	7599	-0.723951
10	7600	-0.300869
10	7601	-3.44959
10	7602	-0.032475
10	7603	7.10904
10	7604	-0.49399
10	7605	0.0711453
10	7606	28.3005
10	7607	-0.771203
10	7608	1.84052
10	7609	29.1197
10	7610	-0.636282
10	7611	0.664697
10	7612	-3.24108
10	7613	-33.423
10	7614	1.72227
10	7615	0.358935
10	7616	-3.26375
10	7617	0.454081
10	7618	3.88432
10	7619	-9.91083
10	7620	-0.0837143
10	7621	-4.47656
10	7622	0.0344275
10	7623	0.294294
10	7624	5.03408
10	7625	-0.817033
10	7626	0.440007
10	7627	-0.597502
10	7628	-0.616888
10	7629	5.9616
10	7630	-3.2867
10	7631	1.75264
10	7632	3.41359
10	7633	-0.3576
10	7634	-0.622437
10	7635	1.03631
10	7636	-0.165457
10	7637	-1.58187
10	7638	-1.43376
10	7639	-30.3683
10	7640	-2.48471
10	7641	1.53946
10	7642	-0.247975
10	7643	0.0956513
10	7644	3.49736
10	7645	-1.33781
10	7646	-0.0206354
10	7647	-6.33349
10	7648	-0.848508
10	7649	1280.6
10	7650	-0.732691
10	7651	-2.42796
10	7652	-1.56575
10	7653	-1.28822
10	7654	6.36952
10	7655	-31.373
10	7656	12.0293
10	7657	0.466228
10	7658	0.6168
10	7659	-2.71125
10	7660	2.04144
10	7661	1.76102
10	7662	-0.229333
10	7663	6.84287
10	7664	1.18644
10	7665	0.985832
10	7666	2.5276
10	7667	-10.9158
10	7668	2.35274
10	7669	1.63767
10	7670	-0.0819257
10	7671	8.53166
10	7672	-2.80848
10	7673	0.218121
10	7674	0.551443
10	7675	-3.16801
10	7676	-0.00326639
10	7677	1.78743
10	7678	-0.819921
10	7679	-0.421312
10	7680	-1.25891
10	7681	-0.830169
10	7682	-0.263824
10	7683	0.0654547
10	7684	-0.671357
10	7685	7.80387
10	7686	0.867607
10	7687	-0.336541
10	7688	-0.683093
10	7689	2.10562
10	7690	0.729829
10	7691	-2.90109
10	7692	-0.333006
10	7693	-1.42485
10	7694	-3.09029
10	7695	6.17378
10	7696	-2.83537
10	7697	-5.21324
10	7698	-0.425522
10	7699	-1.50079
10	7700	2.37214
10	7701	-1.0886
10	7702	2.54063
10	7703	0.41053
10	7704	0.524737
10	7705	0.4578
10	7706	-2.88081
10	7707	-7.08774
10	7708	4.61341
10	7709	-2.11488
10	7710	-4.27666
10	7711	0.961984
10	7712	19.6695
10	7713	-30.5558
10	7714	0.811526
10	7715	1.17255
10	7716	-0.488072
10	7717	0.0911631
10	7718	-0.217263
10	7719	-2.97114
10	7720	0.0865655
10	7721	1.97218
10	7722	-2.09373
10	7723	2.42445
10	7724	0.280413
10	7725	1.50032
10	7726	0.878993
10	7727	-0.658285
10	7728	-0.790576
10	7729	-12.6901
10	7730	-0.736596
10	7731	2.98314
10	7732	-0.619979
10	7733	-1.77464
10	7734	-0.818233
10	7735	-1.21926
10	7736	-3.70358
10	7737	-1.77398
10	7738	1.12835
10	7739	5.98189
10	7740	1.75552
10	7741	-0.520628
10	7742	-1.02586
10	7743	-4.04646
10	7744	-4.27777
10	7745	-0.104431
10	7746	-1.74492
10	7747	1.42924
10	7748	-0.925406
10	7749	-7.85573
10	7750	-0.668669
10	7751	-1.26483
10	7752	-0.298541
10	7753	4.17004
10	7754	-2.75179
10	7755	3.55706
10	7756	-0.536893
10	7757	-2.31695
10	7758	-7.61281
10	7759	0.0905681
10	7760	-0.30078
10	7761	-0.415804
10	7762	-0.100301
10	7763	-2.46734
10	7764	-0.269106
10	7765	-0.948211
10	7766	-0.141352
10	7767	-2.84074
10	7768	1.20878
10	7769	-0.0356398
10	7770	0.73698
10	7771	0.0429747
10	7772	-0.545767
10	7773	0.53281
10	7774	1.57563
10	7775	1.30371
10	7776	-137.365
10	7777	0.350248
10	7778	1.67071
10	7779	-0.167575
10	7780	1.48288
10	7781	0.555525
10	7782	-0.990706
10	7783	1.97993
10	7784	-0.526515
10	7785	-0.189292
10	7786	-0.46151
10	7787	0.402047
10	7788	0.19185
10	7789	-0.602823
10	7790	-0.187543
10	7791	0.452661
10	7792	-2.70001
10	7793	0.345688
10	7794	-1.40916
10	7795	2.45201
10	7796	4.90037
10	7797	-6.49765
10	7798	2.5562
10	7799	-0.479762
10	7800	0.155715
10	7801	-0.334316
10	7802	-0.989901
10	7803	-10.8133
10	7804	-0.447925
10	7805	0.705141
10	7806	-0.565286
10	7807	4.34343
10	7808	-4.49792
10	7809	-0.8511
10	7810	-14.9859
10	7811	-1.50706
10	7812	-3.91406
10	7813	-55.2189
10	7814	-0.582548
10	7815	-2.31556
10	7816	-3.38626
10	7817	-0.349031
10	7818	0.403043
10	7819	-1.70551
10	7820	-1.74186
10	7821	-0.0603219
10	7822	-0.138905
10	7823	-2.196
10	7824	-0.255079
10	7825	19.444
10	7826	0.844776
10	7827	-0.0245477
10	7828	-6.92945
10	7829	0.318094
10	7830	31.7883
10	7831	-0.0990549
10	7832	0.79037
10	7833	19.5833
10	7834	1.51993
10	7835	0.0517912
10	7836	-0.0734789
10	7837	-1.40712
10	7838	4.73367
10	7839	0.170133
10	7840	-1.87529
10	7841	-6.93147
10	7842	-1.83715
10	7843	2.41719
10	7844	-5.85473
10	7845	0.343791
10	7846	1.38526
10	7847	2.12366
10	7848	-1.03177
10	7849	-0.242351
10	7850	-14.2866
10	7851	0.514817
10	7852	-7.6239
10	7853	1.2655
10	7854	0.798964
10	7855	0.597018
10	7856	-3.4663
10	7857	-1.79814
10	7858	-1.1644
10	7859	0.167818
10	7860	-0.705992
10	7861	7.17678
10	7862	2.0442
10	7863	3.06444
10	7864	-3.34213
10	7865	0.244933
10	7866	-7.64
10	7867	0.346648
10	7868	0.521957
10	7869	-3.19854
10	7870	-0.857281
10	7871	-3.07719
10	7872	-3.23762
10	7873	0.179715
10	7874	-0.238498
10	7875	0.599421
10	7876	-0.258481
10	7877	0.158855
10	7878	-2.15467
10	7879	-0.114
10	7880	0.0625783
10	7881	0.184843
10	7882	-0.387635
10	7883	1.95976
10	7884	-0.991792
10	7885	0.470392
10	7886	1.40413
10	7887	1.98556
10	7888	0.735164
10	7889	0.724111
10	7890	0.540234
10	7891	4.37846
10	7892	-6.04918
10	7893	-6.40659
10	7894	0.63826
10	7895	-0.549541
10	7896	0.30084
10	7897	0.615257
10	7898	1.52396
10	7899	-0.757176
10	7900	-0.319874
10	7901	0.134941
10	7902	-3.45889
10	7903	15.377
10	7904	1.59198
10	7905	-3.40344
10	7906	1.44032
10	7907	-0.64058
10	7908	-1.38967
10	7909	0.371782
10	7910	-3.66819
10	7911	-0.262404
10	7912	-17.3791
10	7913	0.369637
10	7914	0.188837
10	7915	0.444325
10	7916	-0.590747
10	7917	-0.412464
10	7918	-0.862397
10	7919	-0.389081
10	7920	-0.761876
10	7921	2.72476
10	7922	-6.51099
10	7923	-5.12157
10	7924	2.32881
10	7925	0.515371
10	7926	0.518845
10	7927	-0.106831
10	7928	-14.0886
10	7929	-0.14304
10	7930	-1.13899
10	7931	3.86381
10	7932	4.22926
10	7933	0.158248
10	7934	-0.359961
10	7935	-0.537266
10	7936	4.27034
10	7937	-0.107918
10	7938	-1.98982
10	7939	-0.287731
10	7940	-0.52577
10	7941	-30.0886
10	7942	2.42935
10	7943	1.54203
10	7944	0.323225
10	7945	-8.93063
10	7946	-1.82747
10	7947	4.64051
10	7948	-0.792971
10	7949	-0.973813
10	7950	-1.27727
10	7951	9.39255
10	7952	0.340876
10	7953	-2.49286
10	7954	-0.365864
10	7955	-0.639947
10	7956	0.887123
10	7957	-0.112281
10	7958	0.296745
10	7959	2.00793
10	7960	-2.48571
10	7961	4.83836
10	7962	-0.142029
10	7963	1.79235
10	7964	0.894366
10	7965	-0.293176
10	7966	-0.838257
10	7967	-0.016652
10	7968	-0.323743
10	7969	0.592609
10	7970	-1.17095
10	7971	-1.80318
10	7972	1.12225
10	7973	3.32394
10	7974	-5.46089
10	7975	-0.220171
10	7976	8.98512
10	7977	0.261475
10	7978	1.51802
10	7979	-4.13053
10	7980	0.85353
10	7981	-20.4406
10	7982	-0.110552
10	7983	0.908696
10	7984	-1.88838
10	7985	-0.304693
10	7986	0.49426
10	7987	3.1818
10	7988	-2.80706
10	7989	0.131675
10	7990	1.04818
10	7991	-0.181719
10	7992	0.185454
10	7993	0.0232104
10	7994	0.0389773
10	7995	1.58465
10	7996	0.542845
10	7997	1.44502
10	7998	1.6328
10	7999	-0.203734
10	8000	0.445624
10	8001	-0.686068
10	8002	-0.0730135
10	8003	-3.46739
10	8004	-1.6275
10	8005	1.24139
10	8006	0.36277
10	8007	-0.105054
10	8008	-0.475949
10	8009	0.0398932
10	8010	0.760211
10	8011	0.453743
10	8012	-0.516579
10	8013	3.6306
10	8014	-2.37177
10	8015	0.166042
10	8016	0.0887161
10	8017	-9.13531
10	8018	0.268917
10	8019	1.68073
10	8020	-0.994587
10	8021	1.40731
10	8022	-7.97196
10	8023	-11.9946
10	8024	-0.930831
10	8025	5.0466
10	8026	-92.9496
10	8027	-0.711919
10	8028	0.282311
10	8029	1.97456
10	8030	1.51991
10	8031	1.13428
10	8032	0.943334
10	8033	-0.893783
10	8034	0.438435
10	8035	-0.745073
10	8036	0.385393
10	8037	2.45256
10	8038	-0.168149
10	8039	2.29602
10	8040	0.260795
10	8041	-0.216176
10	8042	0.726112
10	8043	-1.81619
10	8044	0.819481
10	8045	1.94274
10	8046	-0.42105
10	8047	2.20725
10	8048	0.928376
10	8049	0.310863
10	8050	-1.11389
10	8051	-0.00823963
10	8052	-0.893798
10	8053	-0.464658
10	8054	7.14991
10	8055	-0.672676
10	8056	-1.32429
10	8057	0.133978
10	8058	0.296534
10	8059	-0.278353
10	8060	2.59489
10	8061	-0.791696
10	8062	-0.100541
10	8063	-2.28505
10	8064	0.302882
10	8065	-2.30553
10	8066	0.459206
10	8067	-0.00663704
10	8068	-11.1036
10	8069	0.426722
10	8070	-3.49894
10	8071	1.07938
10	8072	-0.826246
10	8073	6.2763
10	8074	-0.457278
10	8075	0.440554
10	8076	-5.92495
10	8077	-7.90658
10	8078	1.74054
10	8079	1.35898
10	8080	1.44498
10	8081	0.140655
10	8082	-16.2682
10	8083	-1.57746
10	8084	-0.747694
10	8085	0.709816
10	8086	2.49096
10	8087	-0.0965642
10	8088	0.272256
10	8089	0.888728
10	8090	0.33158
10	8091	-0.315045
10	8092	-2.07954
10	8093	-0.185426
10	8094	0.607879
10	8095	0.309578
10	8096	-0.323533
10	8097	-0.788941
10	8098	-0.13645
10	8099	0.721037
10	8100	0.222022
10	8101	-1.43792
10	8102	6.0814
10	8103	-2.01946
10	8104	-1.09806
10	8105	7.5593
10	8106	-2.88456
10	8107	-2.65838
10	8108	0.24804
10	8109	-0.0801571
10	8110	0.5093
10	8111	0.991785
10	8112	-0.844877
10	8113	-1.85151
10	8114	7.23477
10	8115	-2.30194
10	8116	0.1715
10	8117	-4.07816
10	8118	-0.315387
10	8119	-0.877203
10	8120	0.00836992
10	8121	1.73427
10	8122	1.65942
10	8123	-1.77267
10	8124	1.76038
10	8125	2.12119
10	8126	0.480794
10	8127	0.624066
10	8128	6.93724
10	8129	2.6448
10	8130	-1.27065
10	8131	0.720006
10	8132	0.503911
10	8133	0.347874
10	8134	-0.69017
10	8135	-1.86083
10	8136	-0.34689
10	8137	2.03954
10	8138	0.205273
10	8139	-0.211536
10	8140	-0.00779341
10	8141	-0.420478
10	8142	-1.27103
10	8143	-2.51375
10	8144	-0.294047
10	8145	-0.881055
10	8146	-1.87316
10	8147	0.650215
10	8148	-0.396532
10	8149	-2.14655
10	8150	2.79612
10	8151	-1.06918
10	8152	-0.0898035
10	8153	0.486634
10	8154	-3.38651
10	8155	0.306343
10	8156	-4.76752
10	8157	0.14301
10	8158	1.42046
10	8159	150.759
10	8160	-0.960594
10	8161	2.49676
10	8162	0.209906
10	8163	-0.359622
10	8164	0.278318
10	8165	-1.71785
10	8166	-2.10968
10	8167	-1.4199
10	8168	-0.0564321
10	8169	1.1758
10	8170	0.0358224
10	8171	0.359679
10	8172	2.1182
10	8173	0.703682
10	8174	1.27945
10	8175	-0.862028
10	8176	0.643757
10	8177	1.71319
10	8178	0.355112
10	8179	-0.340755
10	8180	1.50175
10	8181	-0.0298518
10	8182	1.67447
10	8183	-0.141185
10	8184	-0.521168
10	8185	3.04571
10	8186	-2.0818
10	8187	8.73972
10	8188	0.676834
10	8189	-2.89401
10	8190	-9.04591
10	8191	0.32014
10	8192	-0.0402693
10	8193	-9.88164
10	8194	-0.0119085
10	8195	2.14998
10	8196	-0.00781431
10	8197	0.585391
10	8198	0.56855
10	8199	0.179622
10	8200	2.42229
10	8201	-0.183553
10	8202	-0.548112
10	8203	-0.522835
10	8204	14.6317
10	8205	0.54379
10	8206	-0.899562
10	8207	0.453515
10	8208	-0.356412
10	8209	2.06566
10	8210	-0.595095
10	8211	0.46126
10	8212	-11.0623
10	8213	-0.238589
10	8214	-6.58523
10	8215	-0.619809
10	8216	0.245963
10	8217	-0.0801838
10	8218	-2.65518
10	8219	-1.27441
10	8220	0.167006
10	8221	-0.957846
10	8222	-3.13185
10	8223	-0.31075
10	8224	-3.50731
10	8225	-1.39342
10	8226	3.04682
10	8227	-0.46567
10	8228	-1.48429
10	8229	-3.58465
10	8230	-1.16563
10	8231	-2.71388
10	8232	-11.4934
10	8233	-0.791427
10	8234	3.63383
10	8235	-0.768596
10	8236	1.59507
10	8237	-0.914028
10	8238	0.124314
10	8239	-0.580557
10	8240	9.35153
10	8241	-11.315
10	8242	0.944904
10	8243	0.726129
10	8244	-0.632789
10	8245	-0.615838
10	8246	1.09377
10	8247	-9.13694
10	8248	0.727891
10	8249	-1.73959
10	8250	0.560246
10	8251	-1.32645
10	8252	-0.400682
10	8253	-1.466
10	8254	-0.533734
10	8255	0.75734
10	8256	34.1267
10	8257	-29.0451
10	8258	-0.718323
10	8259	0.993312
10	8260	-5.8022
10	8261	0.302121
10	8262	-145.166
10	8263	0.00794468
10	8264	-0.805958
10	8265	0.654048
10	8266	1.59098
10	8267	-0.576424
10	8268	0.797222
10	8269	-0.482633
10	8270	1.44802
10	8271	-1.04547
10	8272	-0.106722
10	8273	-0.587029
10	8274	0.0788494
10	8275	0.32555
10	8276	-6.46101
10	8277	-0.1673
10	8278	-1.50141
10	8279	0.924588
10	8280	6.22836
10	8281	-3.39901
10	8282	0.499805
10	8283	-0.0404249
10	8284	-0.0975707
10	8285	-1.04924
10	8286	-2.28909
10	8287	-0.294586
10	8288	-1.19296
10	8289	3.93905
10	8290	0.300098
10	8291	0.356134
10	8292	5.79792
10	8293	-0.051845
10	8294	62.9994
10	8295	-0.950346
10	8296	64.8041
10	8297	1.17842
10	8298	-2.09116
10	8299	-75.0751
10	8300	0.321054
10	8301	-0.933249
10	8302	-0.122142
10	8303	-0.96483
10	8304	7.52609
10	8305	1.45004
10	8306	-1.70502
10	8307	-1.83218
10	8308	-1.56259
10	8309	0.210458
10	8310	38.5514
10	8311	-0.982144
10	8312	0.0872801
10	8313	-0.877299
10	8314	-4.27164
10	8315	1.09399
10	8316	-0.93534
10	8317	-0.126801
10	8318	0.732989
10	8319	-1.41988
10	8320	2.04991
10	8321	1.45502
10	8322	0.0490953
10	8323	-0.48481
10	8324	0.670143
10	8325	0.388442
10	8326	-0.384429
10	8327	-0.818693
10	8328	7.39637
10	8329	0.162832
10	8330	0.650105
10	8331	3.7923
10	8332	-1.05845
10	8333	0.240271
10	8334	-1.72001
10	8335	5.53563
10	8336	-1.98458
10	8337	-0.66726
10	8338	-0.690475
10	8339	-0.904692
10	8340	0.800452
10	8341	-1.30249
10	8342	4.16581
10	8343	1.36356
10	8344	-0.944737
10	8345	0.696305
10	8346	1.76445
10	8347	-5.84841
10	8348	-1.47735
10	8349	1.03044
10	8350	0.852803
10	8351	-0.453472
10	8352	1.50991
10	8353	-4.31101
10	8354	-0.364346
10	8355	0.254144
10	8356	-0.163945
10	8357	0.803736
10	8358	-0.366634
10	8359	0.386311
10	8360	-0.404635
10	8361	-2.50248
10	8362	-0.0618381
10	8363	0.00557642
10	8364	-0.617701
10	8365	0.992576
10	8366	0.389708
10	8367	-0.229551
10	8368	-3.46567
10	8369	-0.141228
10	8370	-24.2526
10	8371	-3.04564
10	8372	-0.162239
10	8373	1.82609
10	8374	11.8842
10	8375	-5.69738
10	8376	-8.72663
10	8377	0.599816
10	8378	-0.285523
10	8379	0.0762717
10	8380	0.297339
10	8381	-3.1519
10	8382	-0.0841038
10	8383	5.10071
10	8384	0.867328
10	8385	-0.406901
10	8386	-0.27649
10	8387	-14.3638
10	8388	-0.197981
10	8389	-0.0609767
10	8390	2.8343
10	8391	-0.742569
10	8392	0.547961
10	8393	-0.489926
10	8394	-96.3006
10	8395	-0.743165
10	8396	0.123538
10	8397	0.114463
10	8398	0.87313
10	8399	-1.06224
10	8400	-1.29195
10	8401	0.064092
10	8402	-0.202413
10	8403	0.1229
10	8404	1.17324
10	8405	0.353856
10	8406	-2.2934
10	8407	-2.66326
10	8408	-0.247924
10	8409	0.384118
10	8410	-0.991688
10	8411	2.44453
10	8412	0.385481
10	8413	1.46619
10	8414	0.300565
10	8415	0.657285
10	8416	-0.0546159
10	8417	-0.0428639
10	8418	-0.558548
10	8419	-1.60939
10	8420	35.0255
10	8421	-0.866158
10	8422	-3.67879
10	8423	0.0110111
10	8424	1.65464
10	8425	2.39399
10	8426	0.458531
10	8427	-44.2817
10	8428	-0.709066
10	8429	0.807745
10	8430	-3.69438
10	8431	-9.61922
10	8432	0.981954
10	8433	0.0644333
10	8434	-0.562514
10	8435	-0.253426
10	8436	0.160619
10	8437	7.68582
10	8438	-1.20516
10	8439	-0.186122
10	8440	110.15
10	8441	9.31541
10	8442	-119.326
10	8443	0.771831
10	8444	1.35102
10	8445	-0.725964
10	8446	-1.90762
10	8447	43.849
10	8448	0.269277
10	8449	-0.628942
10	8450	-0.285231
10	8451	0.208993
10	8452	-1.20152
10	8453	0.605209
10	8454	17.1333
10	8455	-0.426553
10	8456	8.04735
10	8457	-8.12861
10	8458	2.0221
10	8459	0.391993
10	8460	-2.52035
10	8461	0.373917
10	8462	1.38527
10	8463	0.347313
10	8464	-0.232346
10	8465	-0.33347
10	8466	-0.703088
10	8467	-1.42183
10	8468	-0.444101
10	8469	-4.64841
10	8470	-4.67061
10	8471	-1.49723
10	8472	-1.14091
10	8473	2.0148
10	8474	0.656519
10	8475	-4.60183
10	8476	-0.900543
10	8477	-1.82748
10	8478	-0.927695
10	8479	1.11479
10	8480	-0.297683
10	8481	-0.840736
10	8482	-1.74462
10	8483	-4.23555
10	8484	-0.467592
10	8485	35.6635
10	8486	-1.07575
10	8487	4.65488
10	8488	4.08716
10	8489	0.0435032
10	8490	-3.15299
10	8491	-2.11797
10	8492	0.0318934
10	8493	-0.112639
10	8494	5.11822
10	8495	5.36275
10	8496	-0.754118
10	8497	-5.6095
10	8498	0.508669
10	8499	0.251798
10	8500	0.139512
10	8501	0.789654
10	8502	0.0530124
10	8503	977.526
10	8504	0.646056
10	8505	0.946149
10	8506	4.87774
10	8507	-0.90445
10	8508	-0.706664
10	8509	-1.15052
10	8510	0.0994787
10	8511	0.314667
10	8512	-4.94045
10	8513	0.912663
10	8514	2.10058
10	8515	-0.904834
10	8516	-0.410295
10	8517	0.906196
10	8518	0.175108
10	8519	-1.85348
10	8520	3.23945
10	8521	-5.05872
10	8522	-0.855069
10	8523	0.292528
10	8524	0.560949
10	8525	-3.70728
10	8526	0.511842
10	8527	1.18383
10	8528	-0.718173
10	8529	-1.11315
10	8530	1.33802
10	8531	-0.509652
10	8532	0.538962
10	8533	-0.873185
10	8534	-0.219384
10	8535	0.212711
10	8536	0.244982
10	8537	1.29154
10	8538	-7.33268
10	8539	1.98194
10	8540	-0.354288
10	8541	1.00306
10	8542	0.139863
10	8543	0.1047
10	8544	3.34075
10	8545	4.40821
10	8546	1.12285
10	8547	3.25234
10	8548	-0.956899
10	8549	4.6027
10	8550	-2.02847
10	8551	0.379993
10	8552	-1.7505
10	8553	0.222983
10	8554	0.332916
10	8555	0.387757
10	8556	0.336707
10	8557	0.22024
10	8558	11.0015
10	8559	0.329383
10	8560	1.59889
10	8561	0.500625
10	8562	0.257006
10	8563	-0.525753
10	8564	0.254489
10	8565	-7.49407
10	8566	568.667
10	8567	1.30611
10	8568	-0.226957
10	8569	-1.73522
10	8570	-0.960221
10	8571	-3.29395
10	8572	0.864602
10	8573	11.7398
10	8574	0.788696
10	8575	-6.39926
10	8576	3.09119
10	8577	0.23081
10	8578	1.31611
10	8579	3.17922
10	8580	-0.705367
10	8581	-0.742864
10	8582	-0.357252
10	8583	-0.349545
10	8584	-0.54723
10	8585	0.507394
10	8586	1.68382
10	8587	4.07602
10	8588	-0.189634
10	8589	0.0436442
10	8590	0.911991
10	8591	1.06094
10	8592	-0.263294
10	8593	0.632608
10	8594	4.87453
10	8595	0.847611
10	8596	-5.7159
10	8597	1.69142
10	8598	0.588573
10	8599	0.937829
10	8600	-1.26806
10	8601	-5.16534
10	8602	-1.63941
10	8603	-0.463401
10	8604	2.01713
10	8605	0.0538106
10	8606	-1.16343
10	8607	0.00498843
10	8608	-3.39284
10	8609	-2.53296
10	8610	-0.294059
10	8611	-1.80717
10	8612	-1.28522
10	8613	-0.22319
10	8614	-0.387294
10	8615	-0.0954885
10	8616	0.786562
10	8617	0.228711
10	8618	0.674089
10	8619	-0.720448
10	8620	0.778069
10	8621	-0.492526
10	8622	1.51183
10	8623	-391.435
10	8624	0.0765337
10	8625	-0.112002
10	8626	1.09108
10	8627	-1.03425
10	8628	-0.0124849
10	8629	0.268814
10	8630	-17.9999
10	8631	0.672416
10	8632	-0.525961
10	8633	18.4715
10	8634	-1.00468
10	8635	0.609316
10	8636	-2.51787
10	8637	0.117602
10	8638	0.535655
10	8639	-3.56145
10	8640	-1.27957
10	8641	-4.04975
10	8642	0.0580713
10	8643	-4.50539
10	8644	-0.813897
10	8645	0.442925
10	8646	0.637735
10	8647	-1.6307
10	8648	-0.0795174
10	8649	-0.387716
10	8650	2.61292
10	8651	-0.242953
10	8652	-1.07218
10	8653	-12.5798
10	8654	0.527364
10	8655	1.42201
10	8656	-3.07773
10	8657	0.961458
10	8658	6.04196
10	8659	-2.64771
10	8660	0.448791
10	8661	-1.39299
10	8662	0.219445
10	8663	1.20543
10	8664	0.676198
10	8665	0.286792
10	8666	0.748047
10	8667	-2.97971
10	8668	0.041569
10	8669	0.125562
10	8670	-15.4179
10	8671	4.67467
10	8672	-0.325217
10	8673	-4.08791
10	8674	0.451634
10	8675	3.85975
10	8676	0.536118
10	8677	-1.89644
10	8678	0.51845
10	8679	0.983258
10	8680	0.568657
10	8681	-1.73198
10	8682	0.366996
10	8683	-0.723765
10	8684	-173.397
10	8685	-0.119926
10	8686	-1.59717
10	8687	-1.46107
10	8688	1.31297
10	8689	0.287985
10	8690	-0.570207
10	8691	-0.711823
10	8692	-0.782367
10	8693	3.28912
10	8694	4.95729
10	8695	0.99646
10	8696	-0.683444
10	8697	-0.659052
10	8698	0.636223
10	8699	3.45664
10	8700	0.370532
10	8701	1.2528
10	8702	-4.31275
10	8703	0.466425
10	8704	-0.523831
10	8705	-2.21096
10	8706	0.0847011
10	8707	0.340483
10	8708	-0.382101
10	8709	0.600632
10	8710	-0.406524
10	8711	0.683643
10	8712	-0.544713
10	8713	4.64352
10	8714	1.28911
10	8715	1.875
10	8716	1.51809
10	8717	2.8356
10	8718	1.2609
10	8719	-0.0916719
10	8720	0.37423
10	8721	-0.354173
10	8722	1.57708
10	8723	-1.07203
10	8724	-4.39454
10	8725	-1.05406
10	8726	0.958219
10	8727	-2.27187
10	8728	-2.6742
10	8729	0.998407
10	8730	-2.05322
10	8731	-2.84539
10	8732	-5.3221
10	8733	-1.41938
10	8734	-7.84638
10	8735	0.255852
10	8736	-0.409674
10	8737	-3.4194
10	8738	-0.68663
10	8739	-0.415013
10	8740	3.9015
10	8741	-267.049
10	8742	-1.34257
10	8743	1.19579
10	8744	0.027312
10	8745	-1.52784
10	8746	4.2633
10	8747	4.86987
10	8748	5.5761
10	8749	1.01188
10	8750	-5.00702
10	8751	-5.70748
10	8752	1.74893
10	8753	0.637465
10	8754	1.69116
10	8755	-9.253
10	8756	1.51841
10	8757	-0.752638
10	8758	1.05742
10	8759	0.513053
10	8760	-1.72364
10	8761	1.70149
10	8762	1.0001
10	8763	0.282384
10	8764	1.27153
10	8765	-0.473297
10	8766	-2.20386
10	8767	1.50638
10	8768	0.308702
10	8769	-1.14728
10	8770	-0.36768
10	8771	1.43409
10	8772	0.276506
10	8773	-0.0117853
10	8774	4.22779
10	8775	3.64835
10	8776	-0.964465
10	8777	-0.158559
10	8778	-0.512966
10	8779	1.09079
10	8780	-1.35772
10	8781	9.40315
10	8782	-1.16247
10	8783	-6.66896
10	8784	7.93402
10	8785	-1.83724
10	8786	-2.86053
10	8787	-1.70051
10	8788	0.193797
10	8789	-1.18751
10	8790	-1.8986
10	8791	2.51412
10	8792	0.344298
10	8793	0.278333
10	8794	-0.192872
10	8795	-0.248773
10	8796	-0.470951
10	8797	4.59968
10	8798	0.835974
10	8799	0.530109
10	8800	-2.35624
10	8801	0.368519
10	8802	-0.247681
10	8803	-0.0896847
10	8804	-1.90566
10	8805	-1.76438
10	8806	0.992274
10	8807	1.29904
10	8808	11.9009
10	8809	-0.508843
10	8810	0.159121
10	8811	0.565152
10	8812	-3.58799
10	8813	-0.0594668
10	8814	0.179903
10	8815	0.0779102
10	8816	-0.44072
10	8817	3.36104
10	8818	0.834464
10	8819	-1.22721
10	8820	-1.30641
10	8821	-2.77146
10	8822	-1.48121
10	8823	-1.3336
10	8824	0.739652
10	8825	1.73705
10	8826	3.31005
10	8827	4.28752
10	8828	-0.249413
10	8829	0.347095
10	8830	1.81131
10	8831	-0.28734
10	8832	-1.11839
10	8833	-0.642364
10	8834	0.906814
10	8835	-1.74472
10	8836	-1.62176
10	8837	-0.627758
10	8838	29.0905
10	8839	1.16023
10	8840	-0.237197
10	8841	0.293921
10	8842	0.103276
10	8843	0.220639
10	8844	-0.129876
10	8845	1.65909
10	8846	-0.103052
10	8847	-3.89144
10	8848	-2.07886
10	8849	1.24983
10	8850	-1.03643
10	8851	1.93532
10	8852	-1.10889
10	8853	-2.08849
10	8854	-1.33859
10	8855	-1.6507
10	8856	0.843619
10	8857	13.233
10	8858	3.69792
10	8859	2.08084
10	8860	5.93179
10	8861	0.312968
10	8862	9.91744
10	8863	2.46021
10	8864	-5.57684
10	8865	0.680266
10	8866	-2.64219
10	8867	-0.843407
10	8868	-6.16489
10	8869	-0.433428
10	8870	0.0940019
10	8871	-0.38156
10	8872	-5.39638
10	8873	0.908698
10	8874	1.85092
10	8875	2.92732
10	8876	13.6368
10	8877	-0.630258
10	8878	-0.306301
10	8879	0.579374
10	8880	0.818109
10	8881	0.0987447
10	8882	-1.42692
10	8883	-0.363806
10	8884	4.18329
10	8885	-2.04981
10	8886	-0.829316
10	8887	-1.30829
10	8888	5.55373
10	8889	-0.279328
10	8890	10.172
10	8891	-17.2452
10	8892	-1.23173
10	8893	-0.443219
10	8894	-2.59899
10	8895	0.112849
10	8896	1.95416
10	8897	-0.531764
10	8898	-1.24067
10	8899	-0.882094
10	8900	0.459844
10	8901	-1.52742
10	8902	2.88062
10	8903	-6.28216
10	8904	1.76853
10	8905	1.80213
10	8906	0.942908
10	8907	-56.2798
10	8908	-0.279133
10	8909	0.0670591
10	8910	7.8112
10	8911	-1.08457
10	8912	-2.2571
10	8913	-0.602538
10	8914	1.28039
10	8915	-4.65358
10	8916	-0.199151
10	8917	-1.01137
10	8918	-3.64528
10	8919	0.317469
10	8920	1.67208
10	8921	-0.399766
10	8922	5.37839
10	8923	1.54113
10	8924	-3.13501
10	8925	-1.04402
10	8926	1.18423
10	8927	0.103881
10	8928	-4.06444
10	8929	-0.699212
10	8930	0.424993
10	8931	-15.6934
10	8932	-1.34654
10	8933	-0.805502
10	8934	6.65431
10	8935	0.641693
10	8936	0.0672919
10	8937	-0.669779
10	8938	-3.52791
10	8939	39.8316
10	8940	0.220455
10	8941	1.66534
10	8942	-0.191947
10	8943	2.37535
10	8944	0.370749
10	8945	-0.621963
10	8946	2.34761
10	8947	2.13587
10	8948	-2.6589
10	8949	-0.291406
10	8950	-1.12212
10	8951	-0.0736479
10	8952	1.42339
10	8953	-1.5282
10	8954	0.717866
10	8955	0.273721
10	8956	1.45147
10	8957	-1.52342
10	8958	0.424322
10	8959	-0.618171
10	8960	-0.340558
10	8961	1.19823
10	8962	1.95742
10	8963	5.57602
10	8964	4.89343
10	8965	0.411193
10	8966	-1.11519
10	8967	2.83906
10	8968	0.805543
10	8969	-2.06721
10	8970	0.559745
10	8971	17.7089
10	8972	-0.627342
10	8973	-0.770865
10	8974	-0.0607218
10	8975	-0.694257
10	8976	0.328645
10	8977	-0.344481
10	8978	-2.39672
10	8979	-2.79042
10	8980	-4.12471
10	8981	-0.833872
10	8982	1.43764
10	8983	-1.29835
10	8984	0.171335
10	8985	-0.369388
10	8986	0.965832
10	8987	-0.424973
10	8988	-3.90219
10	8989	-23.1694
10	8990	6.90525
10	8991	-0.28125
10	8992	0.725418
10	8993	-1.74866
10	8994	0.727374
10	8995	-0.632035
10	8996	-1.94132
10	8997	2.29054
10	8998	0.533689
10	8999	0.00777073
10	9000	-0.158587
10	9001	0.871038
10	9002	-0.432098
10	9003	1.51584
10	9004	1.526
10	9005	0.237829
10	9006	0.572229
10	9007	2.92345
10	9008	-4.87434
10	9009	1.53081
10	9010	-3.12261
10	9011	-0.789444
10	9012	5.51181
10	9013	1.74462
10	9014	-0.608664
10	9015	-4.2132
10	9016	-2.158
10	9017	2.50055
10	9018	-16.2277
10	9019	1.58564
10	9020	4.81711
10	9021	0.12525
10	9022	0.0338166
10	9023	0.073228
10	9024	-0.998472
10	9025	-1.15767
10	9026	0.0873791
10	9027	-0.744516
10	9028	0.580251
10	9029	-1.88677
10	9030	-2.35083
10	9031	-1.41706
10	9032	-0.291908
10	9033	-0.546436
10	9034	-0.389169
10	9035	15.7356
10	9036	1.39146
10	9037	-5.76995
10	9038	-0.96056
10	9039	1.01983
10	9040	-0.144033
10	9041	4.34222
10	9042	0.0871169
10	9043	-3.23482
10	9044	1.87934
10	9045	-3.86043
10	9046	0.360967
10	9047	0.133959
10	9048	-1.64777
10	9049	-1.15261
10	9050	-4.25111
10	9051	0.299753
10	9052	-0.783113
10	9053	0.185304
10	9054	-0.631373
10	9055	0.0295205
10	9056	66.1039
10	9057	-4.1838
10	9058	-0.250001
10	9059	-1.91709
10	9060	47.7693
10	9061	0.752249
10	9062	-0.951674
10	9063	0.0988086
10	9064	-2.86447
10	9065	2.22476
10	9066	0.393917
10	9067	-30.086
10	9068	2.58615
10	9069	-3.88924
10	9070	1.93457
10	9071	4.40803
10	9072	2.36765
10	9073	-1.1567
10	9074	0.62195
10	9075	-1.04854
10	9076	0.868794
10	9077	0.121288
10	9078	1.10452
10	9079	-2.45511
10	9080	0.101947
10	9081	0.624338
10	9082	47.2965
10	9083	1.89891
10	9084	0.106438
10	9085	-0.123763
10	9086	0.337391
10	9087	1.93615
10	9088	-0.74794
10	9089	10.4677
10	9090	-1.0807
10	9091	1.74279
10	9092	-3.95404
10	9093	-0.49098
10	9094	0.16898
10	9095	-0.0935851
10	9096	0.574538
10	9097	-35.1618
10	9098	0.13524
10	9099	3.77189
10	9100	0.35259
10	9101	0.523084
10	9102	1.21735
10	9103	5.58333
10	9104	0.597987
10	9105	-0.4559
10	9106	-0.165167
10	9107	-24.0225
10	9108	-5.60761
10	9109	-1.68278
10	9110	-0.395301
10	9111	0.950946
10	9112	1.59703
10	9113	-3.93853
10	9114	-0.200434
10	9115	0.628005
10	9116	2.99058
10	9117	18.2001
10	9118	-0.170291
10	9119	-0.125028
10	9120	-0.649957
10	9121	2.34444
10	9122	4.93065
10	9123	-0.649978
10	9124	-1.61046
10	9125	0.618929
10	9126	-0.20913
10	9127	1.15181
10	9128	8.15625
10	9129	-0.713463
10	9130	21.5219
10	9131	0.0388126
10	9132	-2.18938
10	9133	-4.02256
10	9134	-8.5014
10	9135	3.29254
10	9136	-0.252722
10	9137	0.311159
10	9138	-4.52015
10	9139	-3.11844
10	9140	-1.58405
10	9141	-8.8361
10	9142	2.26982
10	9143	1.03938
10	9144	1.90359
10	9145	0.853727
10	9146	0.622996
10	9147	0.404422
10	9148	-0.357722
10	9149	-3.32405
10	9150	-1.63318
10	9151	-0.163991
10	9152	1.39724
10	9153	-0.308553
10	9154	-0.59688
10	9155	0.625474
10	9156	1.16314
10	9157	6.41351
10	9158	0.614706
10	9159	0.833579
10	9160	0.724559
10	9161	0.0492183
10	9162	-0.183485
10	9163	-6.70075
10	9164	-2.07621
10	9165	1.06552
10	9166	0.888493
10	9167	-0.225812
10	9168	2.25262
10	9169	-0.958104
10	9170	-0.290497
10	9171	1.51102
10	9172	6.71515
10	9173	2.13661
10	9174	-0.669031
10	9175	-2.29277
10	9176	-1.27601
10	9177	0.366259
10	9178	0.447643
10	9179	1.86033
10	9180	-0.934746
10	9181	-2.74238
10	9182	-0.4463
10	9183	0.31898
10	9184	-2.27697
10	9185	-0.948221
10	9186	1.00479
10	9187	-0.886659
10	9188	4.98608
10	9189	-0.527118
10	9190	1.90023
10	9191	0.284591
10	9192	-0.860392
10	9193	-0.781363
10	9194	-0.158737
10	9195	0.293249
10	9196	0.409675
10	9197	0.4867
10	9198	2.89979
10	9199	0.572971
10	9200	0.538793
10	9201	9.2637
10	9202	2.05575
10	9203	-0.24245
10	9204	-0.761834
10	9205	1.49895
10	9206	-4.58629
10	9207	-0.861999
10	9208	-3.05695
10	9209	-0.511144
10	9210	-0.310417
10	9211	0.114866
10	9212	-1.36563
10	9213	-0.416058
10	9214	-0.0825779
10	9215	1.18278
10	9216	0.105651
10	9217	7.03943
10	9218	-0.192657
10	9219	0.0418872
10	9220	-0.111411
10	9221	-0.102258
10	9222	0.395772
10	9223	0.772966
10	9224	1.41194
10	9225	-7.44758
10	9226	0.742804
10	9227	1.62964
10	9228	0.0169554
10	9229	-0.743632
10	9230	0.382091
10	9231	-0.604994
10	9232	0.793411
10	9233	-1.74476
10	9234	0.64644
10	9235	-0.692887
10	9236	-2.96417
10	9237	-2.82369
10	9238	1.71955
10	9239	-0.845614
10	9240	-0.0821413
10	9241	-6.55944
10	9242	1.16057
10	9243	-0.178472
10	9244	-8.54673
10	9245	-9.28559
10	9246	-0.431371
10	9247	3.1068
10	9248	-0.328913
10	9249	-2.59466
10	9250	0.456646
10	9251	6.59567
10	9252	1.49246
10	9253	0.0958094
10	9254	0.00252024
10	9255	0.274597
10	9256	-0.840597
10	9257	1.70036
10	9258	0.491173
10	9259	1.86275
10	9260	-2.18417
10	9261	0.124613
10	9262	3.13495
10	9263	-0.356955
10	9264	2.90005
10	9265	14.0072
10	9266	-0.0834035
10	9267	1.22335
10	9268	-0.577283
10	9269	0.970897
10	9270	2.28682
10	9271	-4.57087
10	9272	0.0941179
10	9273	2.88155
10	9274	0.610519
10	9275	7.25062
10	9276	0.833846
10	9277	0.343456
10	9278	2.01085
10	9279	1.46017
10	9280	0.318009
10	9281	0.816295
10	9282	1.03761
10	9283	3.03988
10	9284	1.25562
10	9285	0.862708
10	9286	0.22875
10	9287	-0.588336
10	9288	0.873733
10	9289	3.66882
10	9290	-0.474036
10	9291	0.133399
10	9292	0.306337
10	9293	-0.0792127
10	9294	-2.1802
10	9295	-0.385215
10	9296	-19.4549
10	9297	-7.20902
10	9298	0.652213
10	9299	-0.557428
10	9300	0.309486
10	9301	-1.19326
10	9302	0.810588
10	9303	0.963651
10	9304	-0.412942
10	9305	-7.50497
10	9306	-1.58745
10	9307	0.822295
10	9308	14.6059
10	9309	1.0937
10	9310	-3.43237
10	9311	-0.801226
10	9312	1.98509
10	9313	-1.96898
10	9314	-5.39637
10	9315	-42.0268
10	9316	0.391422
10	9317	12.7655
10	9318	0.0869658
10	9319	0.24187
10	9320	-0.321056
10	9321	-179290
10	9322	1.21065
10	9323	0.685744
10	9324	0.687872
10	9325	2.78855
10	9326	-3.28354
10	9327	-0.958985
10	9328	1.10794
10	9329	0.222073
10	9330	-0.0300044
10	9331	-0.0858372
10	9332	-0.0839745
10	9333	1.12173
10	9334	5.06702
10	9335	-0.458619
10	9336	8.4718
10	9337	1.56797
10	9338	-0.00158816
10	9339	-10.9023
10	9340	3.83467
10	9341	-3.34815
10	9342	3.18747
10	9343	0.683987
10	9344	8.69616
10	9345	-0.0762198
10	9346	0.346583
10	9347	-2.41128
10	9348	-0.585231
10	9349	-0.100214
10	9350	-0.284
10	9351	-0.249969
10	9352	1.40186
10	9353	0.98537
10	9354	0.223967
10	9355	1.19522
10	9356	-1.26147
10	9357	-1.48272
10	9358	1.00329
10	9359	-1.90966
10	9360	0.0905485
10	9361	-12.3411
10	9362	-2.01561
10	9363	1.67041
10	9364	-1.91797
10	9365	0.113379
10	9366	0.373868
10	9367	8.62772
10	9368	-1.73106
10	9369	-42.8494
10	9370	3.52792
10	9371	4.11105
10	9372	11.3996
10	9373	1.60622
10	9374	0.125134
10	9375	-0.397082
10	9376	-0.63359
10	9377	-3.81713
10	9378	-0.118206
10	9379	1.8224
10	9380	0.925969
10	9381	1.08052
10	9382	6.25992
10	9383	0.545289
10	9384	1.28994
10	9385	0.632373
10	9386	-0.844357
10	9387	-17.9468
10	9388	-1.60722
10	9389	-0.338654
10	9390	26.5338
10	9391	-0.941525
10	9392	1.4557
10	9393	-0.20897
10	9394	-42.336
10	9395	-6.13271
10	9396	0.0405379
10	9397	-1.52886
10	9398	-2.14378
10	9399	-10.2396
10	9400	7.3919
10	9401	5.69085
10	9402	-0.992813
10	9403	0.830599
10	9404	-0.355846
10	9405	3.79754
10	9406	3.15559
10	9407	2.00966
10	9408	0.329299
10	9409	0.551285
10	9410	0.546168
10	9411	0.376056
10	9412	0.670274
10	9413	-0.739924
10	9414	0.276314
10	9415	0.457358
10	9416	0.0198363
10	9417	0.230234
10	9418	-0.30829
10	9419	0.200025
10	9420	1.44716
10	9421	0.505747
10	9422	0.378641
10	9423	1.11511
10	9424	-3.25472
10	9425	0.156031
10	9426	4.83453
10	9427	0.995211
10	9428	-2.1967
10	9429	0.511179
10	9430	-0.280118
10	9431	0.775607
10	9432	1.78467
10	9433	1.90416
10	9434	1.6464
10	9435	-0.523603
10	9436	-2.47313
10	9437	-0.138383
10	9438	0.672752
10	9439	-0.667499
10	9440	-0.396839
10	9441	10.8069
10	9442	-0.584969
10	9443	45.724
10	9444	-2.11321
10	9445	-3.09052
10	9446	-1.15142
10	9447	0.798993
10	9448	1.8869
10	9449	0.488635
10	9450	0.304394
10	9451	0.304478
10	9452	-0.689482
10	9453	0.110709
10	9454	2.26184
10	9455	0.199451
10	9456	-0.0250929
10	9457	-27.5195
10	9458	1.00362
10	9459	0.438742
10	9460	-1.49655
10	9461	2.43852
10	9462	-0.0375556
10	9463	-0.111076
10	9464	-0.537059
10	9465	0.482696
10	9466	-4.31272
10	9467	0.174661
10	9468	0.896185
10	9469	3.1055
10	9470	2.51137
10	9471	0.0321345
10	9472	8.30989
10	9473	1.20508
10	9474	180.114
10	9475	0.477428
10	9476	0.502398
10	9477	-3.19921
10	9478	0.634368
10	9479	-2.15397
10	9480	-3.53646
10	9481	-2.65637
10	9482	0.18427
10	9483	14.6492
10	9484	-12.6225
10	9485	-6.2391
10	9486	-9.26074
10	9487	0.768586
10	9488	-0.648948
10	9489	-2.5697
10	9490	0.73867
10	9491	-0.417557
10	9492	-0.618265
10	9493	6.23041
10	9494	0.188279
10	9495	-1.15001
10	9496	-0.918135
10	9497	-0.659118
10	9498	-0.521758
10	9499	2.41444
10	9500	3.52204
10	9501	-0.902282
10	9502	7.02719
10	9503	1.98974
10	9504	-2.18292
10	9505	3.02046
10	9506	-1.00984
10	9507	0.0381875
10	9508	-1.07751
10	9509	-0.270046
10	9510	0.240446
10	9511	-0.398982
10	9512	-0.634507
10	9513	0.233454
10	9514	0.0998421
10	9515	5.42101
10	9516	-0.151425
10	9517	10.1068
10	9518	0.714486
10	9519	-0.900433
10	9520	7.08244
10	9521	0.642202
10	9522	-0.0877633
10	9523	1.27904
10	9524	1.03134
10	9525	-1.30934
10	9526	0.198151
10	9527	-9.68645
10	9528	-0.163071
10	9529	0.940661
10	9530	-0.269355
10	9531	0.447123
10	9532	-4.20979
10	9533	-3.22332
10	9534	1.00191
10	9535	6.05458
10	9536	7.71069
10	9537	-0.234181
10	9538	0.529693
10	9539	0.656543
10	9540	-0.0893345
10	9541	-1.44317
10	9542	0.94786
10	9543	-1.88828
10	9544	6.65272
10	9545	0.661178
10	9546	1.52907
10	9547	-15.1782
10	9548	-0.565807
10	9549	-0.0979473
10	9550	-0.749451
10	9551	0.0963875
10	9552	-0.0496933
10	9553	-1.18898
10	9554	3.22295
10	9555	-1.22377
10	9556	-3.45497
10	9557	-3.88182
10	9558	-0.383488
10	9559	0.890352
10	9560	-3.39429
10	9561	1.49851
10	9562	1.46615
10	9563	-0.805512
10	9564	0.268953
10	9565	0.783263
10	9566	0.853279
10	9567	0.167015
10	9568	-1.65591
10	9569	0.823023
10	9570	0.745402
10	9571	-0.157161
10	9572	-0.471927
10	9573	0.243519
10	9574	1.13882
10	9575	0.831738
10	9576	0.468457
10	9577	2.70636
10	9578	3.40215
10	9579	-0.223339
10	9580	-0.147522
10	9581	17.0735
10	9582	-1.08219
10	9583	-3.32899
10	9584	-0.0924552
10	9585	1.93343
10	9586	-0.0865372
10	9587	0.366616
10	9588	-0.248921
10	9589	-1.21127
10	9590	-1.69097
10	9591	-0.107118
10	9592	-5.82032
10	9593	-2.88708
10	9594	-0.694574
10	9595	12.0984
10	9596	0.657328
10	9597	0.760351
10	9598	-1.22146
10	9599	-10.5058
10	9600	1.90128
10	9601	-1.04639
10	9602	-0.720422
10	9603	9.02057
10	9604	2.7528
10	9605	1.06431
10	9606	-0.949029
10	9607	0.603443
10	9608	5.86413
10	9609	1.39992
10	9610	0.472717
10	9611	0.482491
10	9612	1.95613
10	9613	0.384385
10	9614	2.71709
10	9615	-1.19968
10	9616	-1.06152
10	9617	1.78298
10	9618	-4.53598
10	9619	-0.596707
10	9620	0.825422
10	9621	-0.961471
10	9622	6.08728
10	9623	-0.634082
10	9624	-1.50016
10	9625	-102.431
10	9626	1.53986
10	9627	2.53515
10	9628	-1.30974
10	9629	1.16158
10	9630	-0.130446
10	9631	-0.270484
10	9632	-2.86952
10	9633	-0.327641
10	9634	-1.62731
10	9635	-1.3662
10	9636	-275.208
10	9637	-0.100844
10	9638	0.311643
10	9639	5.95429
10	9640	-1.01227
10	9641	-68.6404
10	9642	-1.97673
10	9643	0.210463
10	9644	0.208813
10	9645	1.0788
10	9646	0.720979
10	9647	1.44106
10	9648	-0.184986
10	9649	-0.956871
10	9650	14.2513
10	9651	-0.492144
10	9652	0.0858481
10	9653	1.64295
10	9654	3.24414
10	9655	0.186915
10	9656	-0.332844
10	9657	1.32646
10	9658	-1.38655
10	9659	0.441891
10	9660	0.869182
10	9661	2.53474
10	9662	1.19208
10	9663	1.84777
10	9664	6.90316
10	9665	1.13874
10	9666	-0.200124
10	9667	-0.277561
10	9668	-1.84763
10	9669	-1.87746
10	9670	-1.96258
10	9671	0.948094
10	9672	0.152691
10	9673	4.7755
10	9674	-0.17376
10	9675	-7.3243
10	9676	-0.514141
10	9677	1.55387
10	9678	0.552949
10	9679	-0.235694
10	9680	2.86776
10	9681	-3.12766
10	9682	0.323607
10	9683	-0.254476
10	9684	-6.83633
10	9685	-3.38202
10	9686	0.210746
10	9687	1.88437
10	9688	3.70725
10	9689	0.0978068
10	9690	-0.603549
10	9691	-12.7143
10	9692	-18.9811
10	9693	0.0573741
10	9694	0.553333
10	9695	-4.99342
10	9696	1.29837
10	9697	2.27991
10	9698	1.39002
10	9699	0.186321
10	9700	1.86587
10	9701	-1.65761
10	9702	0.693561
10	9703	33.9057
10	9704	2.0446
10	9705	0.255159
10	9706	1.70505
10	9707	1.01806
10	9708	0.482634
10	9709	0.793247
10	9710	1.14955
10	9711	19.1041
10	9712	4.74187
10	9713	0.368228
10	9714	-17.5243
10	9715	1.12424
10	9716	-0.416641
10	9717	0.507232
10	9718	1.29037
10	9719	1.41904
10	9720	-0.110292
10	9721	1.54118
10	9722	-0.431582
10	9723	3.4601
10	9724	-1.33238
10	9725	-0.603205
10	9726	-0.697562
10	9727	-0.191823
10	9728	-0.92893
10	9729	-0.163519
10	9730	0.602839
10	9731	-0.467737
10	9732	0.177118
10	9733	0.17563
10	9734	1.33962
10	9735	-1.00856
10	9736	0.283282
10	9737	1.59074
10	9738	0.151532
10	9739	-0.752053
10	9740	-0.0570432
10	9741	-0.76492
10	9742	-2.65368
10	9743	-1.11547
10	9744	1.65696
10	9745	-5.04172
10	9746	8.01762
10	9747	0.451451
10	9748	-0.962995
10	9749	0.606061
10	9750	-0.041369
10	9751	3.23147
10	9752	1.60191
10	9753	3.83566
10	9754	2.35056
10	9755	0.507483
10	9756	2.07343
10	9757	0.777853
10	9758	-1.07042
10	9759	-0.13765
10	9760	2.07638
10	9761	1.25108
10	9762	2.55068
10	9763	-0.590857
10	9764	-0.423681
10	9765	260.478
10	9766	-0.0166665
10	9767	-0.81381
10	9768	3.9513
10	9769	-1.23055
10	9770	0.353632
10	9771	-0.354971
10	9772	-1.96271
10	9773	1.33207
10	9774	19.8143
10	9775	-1.09324
10	9776	-23.5609
10	9777	-0.889486
10	9778	-5.51748
10	9779	-0.502794
10	9780	1.81961
10	9781	-0.294537
10	9782	0.697187
10	9783	-0.98716
10	9784	5.14691
10	9785	-8.80682
10	9786	4.32094
10	9787	0.0197633
10	9788	-1.48382
10	9789	0.528679
10	9790	-0.289663
10	9791	1.15841
10	9792	-0.86689
10	9793	2.22397
10	9794	-3.88293
10	9795	1.40011
10	9796	2.5806
10	9797	1.47959
10	9798	1.86512
10	9799	1.43
10	9800	0.865557
10	9801	-7.84228
10	9802	1.07145
10	9803	-5.04888
10	9804	1.57836
10	9805	0.0857282
10	9806	-4.59158
10	9807	0.0932132
10	9808	-0.166592
10	9809	-1.87612
10	9810	-2.12949
10	9811	2.00388
10	9812	-1.24227
10	9813	0.0707455
10	9814	0.138886
10	9815	-0.727201
10	9816	-0.143785
10	9817	6.07543
10	9818	-2.9292
10	9819	2.09682
10	9820	0.46651
10	9821	3.82157
10	9822	0.535771
10	9823	0.638247
10	9824	0.416154
10	9825	1.05019
10	9826	1.53082
10	9827	1.17715
10	9828	-0.188982
10	9829	0.339604
10	9830	-0.314034
10	9831	1.3467
10	9832	-0.850035
10	9833	-0.309179
10	9834	1.56197
10	9835	-5.84189
10	9836	0.576165
10	9837	0.360182
10	9838	-0.608978
10	9839	-0.0537003
10	9840	-0.154588
10	9841	0.772383
10	9842	11.7897
10	9843	6.0537
10	9844	0.260597
10	9845	-0.768033
10	9846	-1.1346
10	9847	-3.81717
10	9848	0.356711
10	9849	-0.0912342
10	9850	-0.353566
10	9851	-0.420221
10	9852	-12.7082
10	9853	-0.236081
10	9854	-1.13066
10	9855	9.64329
10	9856	-198.801
10	9857	-0.616919
10	9858	-2.61038
10	9859	2.7281
10	9860	1.8826
10	9861	6.93825
10	9862	5.87991
10	9863	-0.0293858
10	9864	-0.528214
10	9865	1.13782
10	9866	-0.0238864
10	9867	-0.471934
10	9868	-0.276164
10	9869	-0.461118
10	9870	0.600253
10	9871	-0.421804
10	9872	-1.06728
10	9873	-10.1598
10	9874	0.203339
10	9875	-0.0266258
10	9876	0.0932597
10	9877	-0.78699
10	9878	-0.421238
10	9879	0.187089
10	9880	0.443382
10	9881	0.0905026
10	9882	-0.18536
10	9883	0.198132
10	9884	0.148486
10	9885	-0.504265
10	9886	-1.37806
10	9887	-0.942099
10	9888	4.29724
10	9889	-0.13677
10	9890	1.52269
10	9891	0.821569
10	9892	-1.54138
10	9893	0.021617
10	9894	0.615857
10	9895	1.78608
10	9896	58.1825
10	9897	-0.961639
10	9898	-0.835651
10	9899	-0.203493
10	9900	2.91517
10	9901	0.437153
10	9902	0.813336
10	9903	-12.7681
10	9904	2.42341
10	9905	0.414341
10	9906	-1.32949
10	9907	-2.34002
10	9908	-0.0681452
10	9909	1.18609
10	9910	0.307536
10	9911	0.0106864
10	9912	0.425298
10	9913	0.433077
10	9914	0.0842738
10	9915	-0.70584
10	9916	-0.994756
10	9917	-0.627071
10	9918	-2.45041
10	9919	1.12504
10	9920	-1.22223
10	9921	1.52789
10	9922	1.64744
10	9923	19.3421
10	9924	1.62792
10	9925	8.51121
10	9926	-0.428487
10	9927	-0.589201
10	9928	-0.930282
10	9929	0.232219
10	9930	0.0275268
10	9931	-0.0373985
10	9932	-0.810969
10	9933	-0.0502713
10	9934	-0.115285
10	9935	-1.7305
10	9936	-3.62718
10	9937	-1.46564
10	9938	1.27986
10	9939	-4.51428
10	9940	3.44967
10	9941	-2.17551
10	9942	0.0603132
10	9943	-1.78636
10	9944	-1.28259
10	9945	-0.201445
10	9946	-0.460101
10	9947	-0.329886
10	9948	0.793898
10	9949	-0.603631
10	9950	-1.95326
10	9951	8.91805
10	9952	-0.953363
10	9953	0.335654
10	9954	14.2685
10	9955	0.989501
10	9956	-0.333454
10	9957	9.93654
10	9958	0.745759
10	9959	-2.47629
10	9960	0.925676
10	9961	-29.0173
10	9962	-1.4342
10	9963	-1.15122
10	9964	-0.600371
10	9965	1.2854
10	9966	1.78011
10	9967	-0.282818
10	9968	-2.37962
10	9969	2.00022
10	9970	3.67697
10	9971	-0.735375
10	9972	-0.141044
10	9973	-0.00420201
10	9974	0.145074
10	9975	-0.899805
10	9976	-0.242897
10	9977	-0.783154
10	9978	1.65503
10	9979	0.473168
10	9980	1.02149
10	9981	0.640082
10	9982	-1.9356
10	9983	1.11787
10	9984	-0.0537231
10	9985	0.976851
10	9986	-7.18926
10	9987	-0.706984
10	9988	-0.180678
10	9989	-3.98269
10	9990	-1.38057
10	9991	-2.43406
10	9992	-0.652997
10	9993	0.642086
10	9994	0.523567
10	9995	0.131902
10	9996	1.23034
10	9997	1.42613
10	9998	-7.45797
10	9999	4.55853
100	0	0.912742
100	1	1.49152
100	2	1.359
100	3	0.952276
100	4	0.556908
100	5	-0.0900764
100	6	-0.670609
100	7	0.0447805
100	8	0.379737
100	9	0.677131
100	10	0.0704706
100	11	-2.59274
100	12	-1.91622
100	13	-0.105393
100	14	-2.87195
100	15	-10.8495
100	16	-2.50707
100	17	1.54959
100	18	-2.07763
100	19	0.86804
100	20	-1.94563
100	21	-0.251682
100	22	-1.30612
100	23	-2.29731
100	24	1.33178
100	25	-1.57673
100	26	-1.68229
100	27	-0.355531
100	28	-0.993964
100	29	-38.4993
100	30	-3.0473
100	31	6.32517
100	32	-6.07471
100	33	-0.05739
100	34	-4.35757
100	35	1.97005
100	36	-1.21794
100	37	0.18887
100	38	3.25494
100	39	0.0668134
100	40	1.01363
100	41	1.3044
100	42	-0.883394
100	43	0.0864002
100	44	0.345499
100	45	8.73043
100	46	-1.43669
100	47	-1.85007
100	48	-5.46717
100	49	-0.702866
100	50	1.92164
100	51	1.44116
100	52	0.47425
100	53	0.910363
100	54	1.2182
100	55	0.142216
100	56	0.131084
100	57	-0.000202663
100	58	0.827642
100	59	8.19954
100	60	6.59165
100	61	-3.29568
100	62	0.160364
100	63	0.162845
100	64	7.20641
100	65	-0.65346
100	66	3.01703
100	67	-3.05618
100	68	-11.8199
100	69	-0.318145
100	70	-0.868381
100	71	0.461797
100	72	-2.20666
100	73	-0.842534
100	74	-1.03318
100	75	0.694215
100	76	13.7418
100	77	0.274699
100	78	-1.59712
100	79	-0.560516
100	80	0.853308
100	81	0.0402222
100	82	1.65259
100	83	-0.381616
100	84	1.80901
100	85	0.117255
100	86	0.610302
100	87	-3.16949
100	88	0.683957
100	89	-0.536345
100	90	-0.15117
100	91	0.773839
100	92	0.63215
100	93	0.15114
100	94	-0.548978
100	95	0.337484
100	96	3.05012
100	97	2.87845
100	98	0.514768
100	99	5.48236
100	100	0.626183
100	101	-3.118
100	102	-0.393653
100	103	0.703125
100	104	-0.138816
100	105	8.07868
100	106	6.22736
100	107	1.29471
100	108	-1.26663
100	109	3.11496
100	110	-1.52273
100	111	-6.87754
100	112	0.776364
100	113	-2.1296
100	114	0.698635
100	115	1.42504
100	116	2.05371
100	117	-0.359066
100	118	-0.148336
100	119	-0.163363
100	120	-4.08092
100	121	1.35463
100	122	0.189895
100	123	0.226822
100	124	-4.37344
100	125	-3.07416
100	126	-0.800791
100	127	1.08731
100	128	-0.121835
100	129	0.715308
100	130	1.27678
100	131	0.537028
100	132	-0.242352
100	133	0.705984
100	134	0.695829
100	135	-6.48598
100	136	7.91648
100	137	-2.82457
100	138	0.198387
100	139	-0.290716
100	140	0.0666064
100	141	-0.43653
100	142	-1.27641
100	143	0.853022
100	144	0.715075
100	145	-0.385244
100	146	-3.86761
100	147	-7.38206
100	148	-0.175682
100	149	1.88357
100	150	0.390283
100	151	3.65892
100	152	-0.694192
100	153	3.00231
100	154	-0.603081
100	155	-2.23918
100	156	5.07802
100	157	-0.400454
100	158	-3.62379
100	159	-1.05155
100	160	0.440544
100	161	-12.2173
100	162	0.406887
100	163	-1.30655
100	164	-0.476852
100	165	0.55808
100	166	-0.0296215
100	167	4.13505
100	168	-0.321571
100	169	-0.454093
100	170	-1.3872
100	171	0.181428
100	172	3.41218
100	173	0.250471
100	174	-2.63611
100	175	1.01765
100	176	3.84193
100	177	-0.340792
100	178	2.5449
100	179	-0.371131
100	180	-0.855239
100	181	1.66515
100	182	6.38821
100	183	2.23314
100	184	0.253944
100	185	4.63166
100	186	-1.42396
100	187	0.850363
100	188	2.15072
100	189	-1.4188
100	190	-2.04795
100	191	-17.5505
100	192	0.701159
100	193	2.19081
100	194	0.040116
100	195	1.10084
100	196	17.1662
100	197	0.684966
100	198	0.691943
100	199	1.15927
100	200	4.55015
100	201	6.44131
100	202	-0.187008
100	203	-0.447381
100	204	-1.64529
100	205	-0.424586
100	206	0.80763
100	207	-4.41636
100	208	-3.42623
100	209	2.29089
100	210	0.022335
100	211	0.067457
100	212	-1.32807
100	213	-2.45439
100	214	0.649552
100	215	-1.5519
100	216	10.3331
100	217	-5.05603
100	218	-0.11857
100	219	-1.96799
100	220	1.60328
100	221	-0.772059
100	222	-3.38627
100	223	0.711505
100	224	0.62147
100	225	0.178683
100	226	-114.42
100	227	-2.49414
100	228	-1.46025
100	229	-6.88202
100	230	0.0476919
100	231	1.2175
100	232	0.035035
100	233	-1.06967
100	234	28.1706
100	235	0.225924
100	236	-0.119189
100	237	0.319292
100	238	2.52861
100	239	-0.28829
100	240	-0.196824
100	241	0.883791
100	242	0.0494168
100	243	0.274681
100	244	-0.918211
100	245	-0.323925
100	246	0.0428569
100	247	0.561379
100	248	-0.214318
100	249	2.62222
100	250	0.457958
100	251	0.0787292
100	252	0.0516042
100	253	0.183021
100	254	-0.657832
100	255	0.578488
100	256	0.735943
100	257	0.385564
100	258	0.731708
100	259	-36.0414
100	260	-8.99859
100	261	-3.44529
100	262	0.666644
100	263	-0.824982
100	264	-0.183686
100	265	0.157635
100	266	3.16413
100	267	-2.4092
100	268	-0.331391
100	269	-0.147978
100	270	8.88255
100	271	-0.59637
100	272	-1.15684
100	273	0.0884295
100	274	0.3962
100	275	-0.456201
100	276	1.04029
100	277	-1.10025
100	278	2.23704
100	279	-0.863631
100	280	0.415329
100	281	2.2784
100	282	0.0194884
100	283	1.48507
100	284	-1.92557
100	285	-9.87843
100	286	-12.8748
100	287	0.208262
100	288	2.36451
100	289	-3.0848
100	290	0.872211
100	291	0.50177
100	292	-0.471949
100	293	0.746861
100	294	0.278664
100	295	0.464162
100	296	-0.291337
100	297	9.78845
100	298	-0.801713
100	299	-0.354865
100	300	-2.14174
100	301	-1.27689
100	302	-0.126714
100	303	1.39772
100	304	-0.787034
100	305	0.466874
100	306	-0.1419
100	307	0.56911
100	308	-1.70035
100	309	7.93896
100	310	0.399858
100	311	-8.49761
100	312	-0.888362
100	313	-6.19671
100	314	6.57089
100	315	0.275358
100	316	0.949095
100	317	-5.95758
100	318	0.358462
100	319	-9.71008
100	320	-3.74536
100	321	0.0615347
100	322	2.06223
100	323	-0.06902
100	324	0.434193
100	325	1.93065
100	326	0.00874301
100	327	2.16205
100	328	-2.2855
100	329	-0.00304295
100	330	3.4409
100	331	0.0115671
100	332	-0.802282
100	333	1.58009
100	334	-1.95016
100	335	0.217307
100	336	-0.407733
100	337	-0.634413
100	338	-1.04748
100	339	1.30782
100	340	0.670541
100	341	2.56053
100	342	-0.189993
100	343	1.12168
100	344	1.15303
100	345	0.546777
100	346	-0.683149
100	347	0.6961
100	348	3.66357
100	349	1.79293
100	350	-0.110131
100	351	0.29964
100	352	-1.99056
100	353	-0.387746
100	354	-2.48653
100	355	1.73317
100	356	0.00859016
100	357	0.411113
100	358	-1.6103
100	359	-0.606799
100	360	1.84625
100	361	-0.218208
100	362	0.580522
100	363	1.22207
100	364	-1.93615
100	365	-0.125375
100	366	-0.0985761
100	367	0.675398
100	368	-5.71131
100	369	-0.26346
100	370	-0.969304
100	371	0.870452
100	372	2.66267
100	373	0.251178
100	374	-1.06712
100	375	-1.25188
100	376	0.55792
100	377	0.706018
100	378	-2.08615
100	379	1.2699
100	380	-0.240812
100	381	0.754147
100	382	-0.600683
100	383	-0.0162156
100	384	2.95001
100	385	1.04774
100	386	-3.063
100	387	0.439646
100	388	-2.46817
100	389	1.20528
100	390	-0.648973
100	391	-0.132173
100	392	-0.549914
100	393	-0.248936
100	394	0.513135
100	395	-11.4668
100	396	-1.25036
100	397	2.24301
100	398	-3.28498
100	399	0.162801
100	400	-4.55989
100	401	1.53084
100	402	-0.212021
100	403	-2.43405
100	404	8.42338
100	405	-2.76407
100	406	2.40757
100	407	-0.451369
100	408	0.809912
100	409	-0.694678
100	410	0.0210651
100	411	17.675
100	412	-1.43562
100	413	1.56258
100	414	9.008
100	415	0.0545461
100	416	-0.0577369
100	417	0.452378
100	418	-0.097391
100	419	1.31822
100	420	1.59551
100	421	0.431428
100	422	-2.97142
100	423	-1.01532
100	424	7.0381
100	425	-0.336193
100	426	-4.06768
100	427	-4.4268
100	428	-2.81532
100	429	-0.50961
100	430	-0.28701
100	431	21.3609
100	432	0.426867
100	433	2.53078
100	434	-0.718851
100	435	-2.46946
100	436	-0.697487
100	437	1.43641
100	438	0.326593
100	439	-0.086762
100	440	-2.5167
100	441	-1.72376
100	442	2.17938
100	443	0.232203
100	444	-0.315603
100	445	-0.186314
100	446	1.32177
100	447	-0.633043
100	448	-0.0585157
100	449	-0.51126
100	450	0.121326
100	451	-6.53475
100	452	0.509535
100	453	-0.110101
100	454	1.24614
100	455	-0.0570788
100	456	-2.90161
100	457	0.542208
100	458	-1.47291
100	459	1.36099
100	460	-7.21599
100	461	1.57907
100	462	1.89425
100	463	22.9346
100	464	-1.9965
100	465	-0.176344
100	466	0.616294
100	467	-1.15875
100	468	0.477335
100	469	-0.313157
100	470	-169.448
100	471	0.912294
100	472	3.49684
100	473	-0.7959
100	474	-32.3498
100	475	-0.326249
100	476	0.789048
100	477	-1.66444
100	478	-15.9829
100	479	1.92276
100	480	16.6853
100	481	0.919563
100	482	1.16771
100	483	-0.240311
100	484	0.489497
100	485	0.0181872
100	486	-0.396207
100	487	-2.0793
100	488	-2.22152
100	489	0.761205
100	490	0.539459
100	491	16.0652
100	492	0.830464
100	493	0.41847
100	494	1.40367
100	495	-0.275352
100	496	2.41422
100	497	-0.200995
100	498	-1.99615
100	499	2.61446
100	500	0.0132395
100	501	-0.298728
100	502	-0.648566
100	503	0.0437899
100	504	0.906866
100	505	-0.945891
100	506	-4.676
100	507	-0.70467
100	508	-1.11003
100	509	22.2804
100	510	0.728232
100	511	1.70887
100	512	-0.988494
100	513	1.72968
100	514	-0.524126
100	515	1.13719
100	516	0.378774
100	517	-0.187294
100	518	0.460697
100	519	-17.3338
100	520	-8.07313
100	521	0.286016
100	522	-0.279224
100	523	0.491881
100	524	0.13073
100	525	5.41163
100	526	0.377426
100	527	-0.458852
100	528	0.682562
100	529	0.677573
100	530	-1.44555
100	531	-22.7013
100	532	-0.912207
100	533	-0.892335
100	534	1.0059
100	535	1.38696
100	536	-0.475997
100	537	0.153262
100	538	-0.590942
100	539	-8.03365
100	540	3.50989
100	541	0.481695
100	542	-2.58136
100	543	-0.242736
100	544	0.337934
100	545	1391.3
100	546	0.182071
100	547	0.224754
100	548	1.82632
100	549	-0.212281
100	550	9.00972
100	551	-9.84756
100	552	5.82504
100	553	-1.78108
100	554	-1.61756
100	555	-0.293277
100	556	-0.587175
100	557	0.372173
100	558	24.4827
100	559	15.9069
100	560	0.09002
100	561	-6.90798
100	562	-9.46544
100	563	0.218746
100	564	132.415
100	565	-1.23343
100	566	-1.21716
100	567	5.27614
100	568	1.79434
100	569	0.0525132
100	570	-1.84215
100	571	-4.63178
100	572	0.867096
100	573	-0.604711
100	574	-1.37915
100	575	-6.02943
100	576	0.114021
100	577	0.160292
100	578	-1.9916
100	579	8.55132
100	580	2.86524
100	581	-0.319281
100	582	0.955654
100	583	0.500624
100	584	2.97697
100	585	-4.39023
100	586	-1.34484
100	587	-0.796906
100	588	0.00322973
100	589	0.438179
100	590	-0.0646921
100	591	-1.2816
100	592	21.9667
100	593	0.317957
100	594	-1.10563
100	595	-0.187586
100	596	-0.600736
100	597	-0.0935535
100	598	-0.0385634
100	599	0.154792
100	600	-0.485268
100	601	0.207154
100	602	0.583202
100	603	0.0292713
100	604	1.23568
100	605	4.62617
100	606	0.433516
100	607	-2.19836
100	608	-4.58812
100	609	0.720125
100	610	-2.80452
100	611	1.96318
100	612	-0.0712465
100	613	0.904572
100	614	-1.5973
100	615	1.73871
100	616	0.14146
100	617	3.96032
100	618	0.20042
100	619	-0.425212
100	620	-1.17135
100	621	4.11032
100	622	0.941781
100	623	-1.05081
100	624	0.878806
100	625	-1.55072
100	626	-0.532903
100	627	-3.53264
100	628	0.932092
100	629	3.41956
100	630	8.73925
100	631	1.71115
100	632	-0.728191
100	633	0.463969
100	634	-1.65495
100	635	40.347
100	636	-0.0515449
100	637	-0.293147
100	638	0.851567
100	639	-3.33392
100	640	0.678882
100	641	-0.741458
100	642	-0.162776
100	643	0.433828
100	644	3.65133
100	645	0.499622
100	646	0.615787
100	647	0.0527065
100	648	-0.349022
100	649	-2.30103
100	650	1.8999
100	651	0.791999
100	652	-0.922463
100	653	-0.161431
100	654	0.178031
100	655	0.392264
100	656	0.315881
100	657	-6.26109
100	658	-2.85285
100	659	1.87933
100	660	2.14217
100	661	-3.59733
100	662	-0.515147
100	663	2.15981
100	664	6.2337
100	665	-0.666428
100	666	0.128628
100	667	0.315594
100	668	-1.89806
100	669	1.13183
100	670	-0.0675059
100	671	6.68653
100	672	2.48207
100	673	0.797215
100	674	0.242661
100	675	-4.10884
100	676	-2.36992
100	677	-23.2709
100	678	0.717875
100	679	-0.74494
100	680	0.799949
100	681	0.678025
100	682	0.374142
100	683	1.28404
100	684	-2.08979
100	685	-0.150137
100	686	-46.1755
100	687	-36.3496
100	688	-3.13936
100	689	3.08613
100	690	22.7403
100	691	-1.2432
100	692	4.5059
100	693	0.51434
100	694	-2.60483
100	695	-1.15751
100	696	-0.26665
100	697	-2.55405
100	698	0.535469
100	699	4.64068
100	700	-0.009405
100	701	-1.22249
100	702	0.224571
100	703	1.16292
100	704	-0.121809
100	705	0.688494
100	706	3.21206
100	707	0.856626
100	708	0.373024
100	709	1.92742
100	710	0.103256
100	711	-2.72312
100	712	1.16498
100	713	0.105914
100	714	2.48496
100	715	28.4591
100	716	0.0842385
100	717	0.19853
100	718	-0.747779
100	719	1.36848
100	720	5.85237
100	721	0.544981
100	722	-6.40551
100	723	-0.359327
100	724	1.00814
100	725	0.415278
100	726	-2.66795
100	727	6.91148
100	728	-10.5677
100	729	10.022
100	730	2.17688
100	731	5.50303
100	732	1.53394
100	733	-2.14478
100	734	-0.617036
100	735	-1.73845
100	736	1.7945
100	737	0.267848
100	738	0.340007
100	739	-3.57142
100	740	0.704807
100	741	-0.818088
100	742	15.0259
100	743	-8.51857
100	744	-0.409031
100	745	0.949679
100	746	-1.49082
100	747	-1.53622
100	748	-47.6301
100	749	0.376859
100	750	-1.10896
100	751	0.0881681
100	752	0.103654
100	753	6.66046
100	754	-3.2132
100	755	-1.97028
100	756	0.283056
100	757	-0.627768
100	758	-0.971518
100	759	-4.42545
100	760	1.63333
100	761	-0.0773463
100	762	1.09527
100	763	-4.37033
100	764	3.04122
100	765	0.625021
100	766	-0.62639
100	767	-0.192599
100	768	14.901
100	769	-0.0589349
100	770	-5.70822
100	771	-0.519465
100	772	1.67916
100	773	0.305725
100	774	0.103035
100	775	-6.89866
100	776	1.98585
100	777	-2.21186
100	778	0.487505
100	779	3.07083
100	780	0.232956
100	781	0.768207
100	782	-0.694231
100	783	14.5121
100	784	5.75413
100	785	-1.25098
100	786	0.16367
100	787	-0.926765
100	788	-3.35161
100	789	0.703723
100	790	0.331157
100	791	0.989392
100	792	-0.449797
100	793	-1.39606
100	794	0.651103
100	795	-1.28334
100	796	-2.21111
100	797	1.07251
100	798	-54.1248
100	799	3.18311
100	800	1.05731
100	801	0.880759
100	802	-0.985697
100	803	12.2653
100	804	-1.35986
100	805	3.15541
100	806	2.66962
100	807	1.94266
100	808	1.35605
100	809	-0.223972
100	810	1.45491
100	811	-1.00841
100	812	-0.441603
100	813	11.1182
100	814	-4.42811
100	815	-0.34379
100	816	0.648979
100	817	-0.301104
100	818	8.36006
100	819	3.69421
100	820	0.73743
100	821	-2.31573
100	822	0.20087
100	823	5.03407
100	824	6.78067
100	825	0.0559092
100	826	3.86428
100	827	-3.88021
100	828	4.32978
100	829	-10.3403
100	830	0.532648
100	831	1.88464
100	832	0.0982233
100	833	0.101611
100	834	1.30556
100	835	0.429878
100	836	1.7273
100	837	0.103936
100	838	-0.853129
100	839	0.408227
100	840	0.26761
100	841	0.907011
100	842	-0.88249
100	843	-1.35047
100	844	-0.182067
100	845	3.13927
100	846	0.848195
100	847	-15.5209
100	848	0.78361
100	849	0.0911896
100	850	-0.748031
100	851	0.455728
100	852	-7.2738
100	853	0.591584
100	854	21.8339
100	855	-2.53719
100	856	2.98296
100	857	1.84003
100	858	-0.190741
100	859	-0.802527
100	860	20.7187
100	861	-0.79003
100	862	-7.6773
100	863	1.09718
100	864	9.52982
100	865	9.65272
100	866	-0.599414
100	867	0.164359
100	868	-0.425249
100	869	0.457947
100	870	17.1994
100	871	0.72934
100	872	0.745283
100	873	9.69925e-05
100	874	0.954846
100	875	-0.869893
100	876	-0.658478
100	877	0.647841
100	878	-1.4501
100	879	0.130699
100	880	38.8012
100	881	-0.249755
100	882	-1.64481
100	883	-2.44809
100	884	0.848034
100	885	-8.96633
100	886	0.551135
100	887	-0.0286837
100	888	7.92267
100	889	1.22982
100	890	-2.72197
100	891	-0.0972919
100	892	0.0469243
100	893	3.29472
100	894	-1.27479
100	895	-0.0332763
100	896	-0.723959
100	897	1.66155
100	898	-1.8742
100	899	0.807684
100	900	-0.556313
100	901	1.65289
100	902	0.878648
100	903	-1.21998
100	904	0.607664
100	905	1.27036
100	906	2.42883
100	907	3.28872
100	908	-0.222755
100	909	1.21184
100	910	1.06306
100	911	0.380773
100	912	-0.0786656
100	913	-0.543862
100	914	-0.664796
100	915	1.66989
100	916	-6.51115
100	917	-0.529181
100	918	1.95939
100	919	2.52911
100	920	0.792228
100	921	10.9143
100	922	-1.26775
100	923	-0.810185
100	924	-37.8849
100	925	1.6745
100	926	-17.2346
100	927	2.09675
100	928	1.31148
100	929	15.5438
100	930	0.356886
100	931	2.80144
100	932	0.713284
100	933	0.0168726
100	934	-178.864
100	935	-0.96557
100	936	-9.93726
100	937	-2.23616
100	938	-2.60077
100	939	1.14937
100	940	1.46835
100	941	0.395833
100	942	-1.7841
100	943	-24.0584
100	944	10.7742
100	945	-0.937191
100	946	-18.9272
100	947	0.54469
100	948	0.545986
100	949	1.23301
100	950	98.3736
100	951	0.506229
100	952	2.65258
100	953	-0.0736244
100	954	0.451627
100	955	0.544726
100	956	6.68114
100	957	-0.408956
100	958	-1.94061
100	959	-2.22442
100	960	-0.756841
100	961	3.98649
100	962	0.391583
100	963	-3.1073
100	964	-0.0215802
100	965	0.695503
100	966	0.781391
100	967	0.289116
100	968	-0.630623
100	969	0.824747
100	970	1.74884
100	971	-3.76435
100	972	-0.33944
100	973	-0.0764705
100	974	-3.19559
100	975	-0.940131
100	976	2.85327
100	977	3.88614
100	978	-0.47793
100	979	0.0973591
100	980	-0.939252
100	981	-0.0895187
100	982	-0.608974
100	983	-1.08039
100	984	-0.924407
100	985	-1.26623
100	986	-0.477315
100	987	0.315026
100	988	-20.671
100	989	-0.19979
100	990	-1.09838
100	991	0.627521
100	992	-0.093902
100	993	-1.18875
100	994	-6.10473
100	995	0.412271
100	996	0.478461
100	997	0.0511417
100	998	0.124031
100	999	0.21751
100	1000	-0.811381
100	1001	-2.97981
100	1002	1.05711
100	1003	-0.254016
100	1004	-0.26788
100	1005	0.699745
100	1006	2.64769
100	1007	-5.2455
100	1008	2.14545
100	1009	0.954957
100	1010	-3.55814
100	1011	4.99699
100	1012	-2.11413
100	1013	-0.182679
100	1014	0.338607
100	1015	0.385994
100	1016	0.883776
100	1017	24.4618
100	1018	-0.657259
100	1019	2.14543
100	1020	-1.33094
100	1021	-0.329329
100	1022	-2.74375
100	1023	1.18985
100	1024	-8.42764
100	1025	0.50819
100	1026	-1.23567
100	1027	0.287791
100	1028	1.91364
100	1029	0.0229888
100	1030	14.8127
100	1031	-0.796053
100	1032	-0.3322
100	1033	-1.53436
100	1034	-1.81819
100	1035	-0.457427
100	1036	0.684941
100	1037	-0.574807
100	1038	-2.11751
100	1039	4.52305
100	1040	-0.489997
100	1041	1.85335
100	1042	-0.476003
100	1043	-1.94328
100	1044	-7.15184
100	1045	-0.444141
100	1046	2307.77
100	1047	3.89158
100	1048	-0.145725
100	1049	-137.238
100	1050	1.48033
100	1051	-1.18617
100	1052	2.68963
100	1053	-6.23434
100	1054	0.378333
100	1055	-83.6947
100	1056	-0.312298
100	1057	1.80771
100	1058	0.390724
100	1059	-0.18383
100	1060	0.592767
100	1061	1.00399
100	1062	-6.21896
100	1063	-3.88164
100	1064	-21.7528
100	1065	0.945801
100	1066	0.364097
100	1067	-0.754175
100	1068	-0.722672
100	1069	-2.76338
100	1070	-0.618572
100	1071	0.618295
100	1072	0.0495488
100	1073	-0.906133
100	1074	-0.370187
100	1075	6.06263
100	1076	1.4948
100	1077	-0.0908746
100	1078	-0.408415
100	1079	3.00749
100	1080	-1.50597
100	1081	1.02534
100	1082	0.497823
100	1083	3.92461
100	1084	-3.13416
100	1085	1.13069
100	1086	0.738274
100	1087	5.73735
100	1088	-1.93263
100	1089	0.335639
100	1090	-0.170497
100	1091	-0.685842
100	1092	3.32875
100	1093	1.33275
100	1094	-0.0994835
100	1095	-1.14079
100	1096	1.53016
100	1097	0.671322
100	1098	9.07371
100	1099	0.101702
100	1100	-2.05964
100	1101	-1.51301
100	1102	2.80123
100	1103	1.62413
100	1104	0.58648
100	1105	0.0155387
100	1106	-0.360571
100	1107	1.22928
100	1108	-2.72217
100	1109	2.86068
100	1110	-0.633428
100	1111	-0.789661
100	1112	0.306997
100	1113	1.20586
100	1114	0.20692
100	1115	6.71261
100	1116	0.178808
100	1117	0.664575
100	1118	-0.876161
100	1119	1.01299
100	1120	-0.02423
100	1121	-1.60812
100	1122	0.820092
100	1123	-0.522931
100	1124	-0.0734799
100	1125	0.841976
100	1126	-1.61856
100	1127	-0.462152
100	1128	-13.6072
100	1129	-0.0716768
100	1130	-0.323134
100	1131	-5.67577
100	1132	1.31048
100	1133	-1.50772
100	1134	-0.680503
100	1135	-3.54611
100	1136	0.365706
100	1137	0.488715
100	1138	-1.36825
100	1139	1.91315
100	1140	-0.670859
100	1141	-2.10471
100	1142	16.3205
100	1143	-0.702565
100	1144	0.370138
100	1145	1.11486
100	1146	-17.1841
100	1147	3.71459
100	1148	5.06447
100	1149	0.00887951
100	1150	-0.551379
100	1151	3.8671
100	1152	-0.602054
100	1153	0.927808
100	1154	-1.57069
100	1155	0.714387
100	1156	-0.0613476
100	1157	16.7561
100	1158	-0.795124
100	1159	0.383422
100	1160	0.0756211
100	1161	0.54832
100	1162	-0.0453005
100	1163	-0.361665
100	1164	0.473333
100	1165	2.40478
100	1166	-0.0246594
100	1167	2.11088
100	1168	-0.523266
100	1169	-3.13151
100	1170	-1.41117
100	1171	-2.0869
100	1172	0.700305
100	1173	38.4897
100	1174	2.91877
100	1175	3.48626
100	1176	2.51066
100	1177	-0.0333472
100	1178	1.48128
100	1179	1.03201
100	1180	6.02976
100	1181	4.44718
100	1182	0.373764
100	1183	0.27756
100	1184	-2.3802
100	1185	-0.180118
100	1186	0.960914
100	1187	2.55541
100	1188	3.982
100	1189	-0.974611
100	1190	-8.5487
100	1191	-0.8058
100	1192	-0.53244
100	1193	2.85746
100	1194	1.85247
100	1195	-0.279559
100	1196	-0.824594
100	1197	-12.4567
100	1198	0.198786
100	1199	1.04759
100	1200	-1.31136
100	1201	-9.82288
100	1202	0.660137
100	1203	-3.83175
100	1204	0.900874
100	1205	2.51861
100	1206	0.788704
100	1207	0.17704
100	1208	1.21961
100	1209	1.14114
100	1210	-2.12262
100	1211	-4.67153
100	1212	0.867166
100	1213	-0.02959
100	1214	-1.27652
100	1215	-2.23556
100	1216	0.157814
100	1217	0.426398
100	1218	-0.828211
100	1219	-0.124757
100	1220	-0.885545
100	1221	-2.26384
100	1222	0.576652
100	1223	-3.63699
100	1224	1.43086
100	1225	0.492211
100	1226	-2.12902
100	1227	-0.581937
100	1228	-0.704672
100	1229	1.4551
100	1230	-6.72819
100	1231	0.371194
100	1232	2.28583
100	1233	-2.11924
100	1234	-2.16919
100	1235	-1.90306
100	1236	3.50713
100	1237	-0.134496
100	1238	-0.225397
100	1239	-0.00291787
100	1240	-7.58058
100	1241	0.102296
100	1242	-0.462132
100	1243	0.0212853
100	1244	-0.741003
100	1245	1.55694
100	1246	0.0516418
100	1247	-1.11238
100	1248	0.147017
100	1249	0.224755
100	1250	-3.21671
100	1251	-3.08724
100	1252	-0.0115099
100	1253	-0.169645
100	1254	0.956854
100	1255	-5.00305
100	1256	-1.41234
100	1257	0.114691
100	1258	3.58602
100	1259	-11.8556
100	1260	0.67956
100	1261	0.0556485
100	1262	-0.597733
100	1263	-6.77103
100	1264	-1.46467
100	1265	1.27144
100	1266	15.4941
100	1267	7.76635
100	1268	0.97502
100	1269	0.135489
100	1270	-0.140472
100	1271	-1.56068
100	1272	2.25102
100	1273	0.175456
100	1274	0.321255
100	1275	32.3911
100	1276	-1.03148
100	1277	-1.52435
100	1278	-1.85709
100	1279	0.539908
100	1280	1.34031
100	1281	2.07079
100	1282	-0.288194
100	1283	0.835322
100	1284	2.26676
100	1285	1.91921
100	1286	-0.0219032
100	1287	-0.282487
100	1288	2.59353
100	1289	3.99699
100	1290	-0.483474
100	1291	-0.417897
100	1292	0.800541
100	1293	-0.306815
100	1294	1.95527
100	1295	1.60605
100	1296	10.5753
100	1297	0.520295
100	1298	2.43969
100	1299	-0.905563
100	1300	0.012446
100	1301	1.25048
100	1302	0.13232
100	1303	0.558797
100	1304	-0.134276
100	1305	-2.48201
100	1306	-1.03841
100	1307	0.176834
100	1308	-75.6519
100	1309	-0.365028
100	1310	-1.96854
100	1311	-3.09098
100	1312	0.122346
100	1313	-1.78751
100	1314	-0.0359147
100	1315	-4.5281
100	1316	0.796636
100	1317	-0.177565
100	1318	-5.08107
100	1319	-2.51897
100	1320	1.77404
100	1321	2.45444
100	1322	-2.65939
100	1323	1.66885
100	1324	-0.365653
100	1325	2.43611
100	1326	0.26154
100	1327	-12.9462
100	1328	-2.37381
100	1329	32.6285
100	1330	1.70614
100	1331	-0.900405
100	1332	-1.20133
100	1333	1.46028
100	1334	34.7378
100	1335	-5.32933
100	1336	0.194715
100	1337	0.0833846
100	1338	4.54421
100	1339	2.29031
100	1340	-0.230378
100	1341	0.403768
100	1342	-4.83122
100	1343	1.89031
100	1344	5.67848
100	1345	14.3896
100	1346	-0.220503
100	1347	-0.0486125
100	1348	-1.0533
100	1349	0.650071
100	1350	1.53444
100	1351	-0.513263
100	1352	-1.13783
100	1353	-0.476297
100	1354	-0.143247
100	1355	-2.4398
100	1356	-18.8896
100	1357	0.994381
100	1358	-0.832474
100	1359	1.80872
100	1360	0.497544
100	1361	-2.01454
100	1362	-0.778647
100	1363	0.00063613
100	1364	-1.93409
100	1365	-1.33377
100	1366	-1.81725
100	1367	0.0852703
100	1368	2.44611
100	1369	-1.05885
100	1370	4.19552
100	1371	-0.0654523
100	1372	-3.59555
100	1373	-1.57891
100	1374	0.398704
100	1375	1.70244
100	1376	-0.743379
100	1377	0.570524
100	1378	-0.541441
100	1379	-3.03893
100	1380	0.807181
100	1381	-0.699483
100	1382	-0.709415
100	1383	-1.61509
100	1384	-0.256065
100	1385	-0.253742
100	1386	-0.272654
100	1387	-0.178892
100	1388	1.70176
100	1389	1.711
100	1390	0.359048
100	1391	1.52953
100	1392	-35.8737
100	1393	0.420551
100	1394	0.779565
100	1395	3.42374
100	1396	-0.924079
100	1397	0.0892281
100	1398	-2.54864
100	1399	-0.623992
100	1400	-5.1206
100	1401	-0.296253
100	1402	-5.23286
100	1403	-3.60527
100	1404	0.39642
100	1405	-0.887652
100	1406	-2.44376
100	1407	-1.17714
100	1408	-0.964893
100	1409	-1.80852
100	1410	-1.70745
100	1411	-0.236839
100	1412	-16.4098
100	1413	-0.488521
100	1414	-1.13655
100	1415	0.462138
100	1416	-0.504963
100	1417	0.601906
100	1418	0.124432
100	1419	-1.34951
100	1420	-0.379406
100	1421	-8.63507
100	1422	10.7158
100	1423	2.14153
100	1424	0.17784
100	1425	9.06283
100	1426	0.293113
100	1427	-0.241011
100	1428	-0.649545
100	1429	-0.207115
100	1430	-0.539025
100	1431	0.235971
100	1432	0.255009
100	1433	-0.746976
100	1434	1.13682
100	1435	-0.588337
100	1436	-0.35113
100	1437	-4.96517
100	1438	-53.4954
100	1439	-2.67027
100	1440	1.24524
100	1441	2.16472
100	1442	1.6811
100	1443	0.280624
100	1444	-24.7226
100	1445	3.617
100	1446	-69.4595
100	1447	-1.16771
100	1448	1.62969
100	1449	-0.599237
100	1450	0.329679
100	1451	1.16002
100	1452	-7.31826
100	1453	-1.61376
100	1454	-1.31872
100	1455	9.09402
100	1456	-2.45515
100	1457	-0.21295
100	1458	-0.536523
100	1459	-0.549878
100	1460	0.190416
100	1461	0.0727737
100	1462	-15.8734
100	1463	3.11601
100	1464	5.56537
100	1465	-1.88979
100	1466	2.65147
100	1467	3.16839
100	1468	0.750148
100	1469	0.16066
100	1470	-0.676822
100	1471	0.358244
100	1472	-1.40398
100	1473	50.5138
100	1474	5.17361
100	1475	1.02724
100	1476	-0.960139
100	1477	-1.78959
100	1478	-3.6151
100	1479	-1.90787
100	1480	2.49294
100	1481	0.894901
100	1482	-0.488533
100	1483	-1.24863
100	1484	3.42112
100	1485	0.980782
100	1486	-0.475008
100	1487	-0.881521
100	1488	-0.138053
100	1489	-0.216283
100	1490	0.636119
100	1491	0.701023
100	1492	-0.520422
100	1493	-2.34469
100	1494	-0.0598742
100	1495	0.570036
100	1496	-0.105952
100	1497	-17.3752
100	1498	-0.224561
100	1499	9.27058
100	1500	-3.14085
100	1501	0.406109
100	1502	7.50042
100	1503	0.659473
100	1504	2.51234
100	1505	2.5264
100	1506	-0.350842
100	1507	3.12688
100	1508	3.1617
100	1509	0.0909098
100	1510	1.5752
100	1511	4.75911
100	1512	63.2152
100	1513	-0.498806
100	1514	-2.26695
100	1515	-2.9846
100	1516	0.232857
100	1517	0.760545
100	1518	-0.0585574
100	1519	0.343064
100	1520	-0.113813
100	1521	-0.509924
100	1522	-2.44675
100	1523	-0.823996
100	1524	-3.7602
100	1525	-0.610678
100	1526	1.90181
100	1527	-0.789426
100	1528	-0.0220674
100	1529	-5.09922
100	1530	-0.417986
100	1531	-0.427287
100	1532	-0.975431
100	1533	-0.237309
100	1534	0.155724
100	1535	-4.95078
100	1536	0.153762
100	1537	-2.99806
100	1538	1.02873
100	1539	-0.335573
100	1540	0.966649
100	1541	0.382464
100	1542	-1.67362
100	1543	-12.3394
100	1544	-0.191966
100	1545	-0.186098
100	1546	-0.648012
100	1547	-0.708562
100	1548	-2.42377
100	1549	11.5356
100	1550	0.423374
100	1551	-1.56609
100	1552	0.0320232
100	1553	-2.90696
100	1554	6.85697
100	1555	-73.1578
100	1556	-0.59703
100	1557	0.933504
100	1558	0.340989
100	1559	17.8966
100	1560	45.2881
100	1561	-0.296881
100	1562	-0.324172
100	1563	1.53665
100	1564	-29.7908
100	1565	0.911525
100	1566	0.480123
100	1567	-3.34707
100	1568	0.385165
100	1569	-0.504243
100	1570	0.906981
100	1571	1.20433
100	1572	-0.956182
100	1573	7.52702
100	1574	1.08309
100	1575	0.392555
100	1576	1.66367
100	1577	-0.233464
100	1578	1.63845
100	1579	0.19198
100	1580	-0.401667
100	1581	-2.05712
100	1582	-0.926145
100	1583	-0.0778279
100	1584	-1.1833
100	1585	2.19197
100	1586	0.16538
100	1587	0.525957
100	1588	-0.186293
100	1589	123.61
100	1590	-17.2164
100	1591	0.288633
100	1592	-0.651456
100	1593	-2.01241
100	1594	2.92632
100	1595	1.57014
100	1596	-1.69369
100	1597	0.383745
100	1598	-0.479049
100	1599	-1.4245
100	1600	1.36778
100	1601	0.734284
100	1602	-0.477605
100	1603	0.178975
100	1604	0.680744
100	1605	-1.04062
100	1606	-0.304591
100	1607	-0.565609
100	1608	-1.05212
100	1609	1.14974
100	1610	-3.19327
100	1611	-0.0117178
100	1612	8.34403
100	1613	0.129624
100	1614	-0.892641
100	1615	-0.415351
100	1616	0.475797
100	1617	4.24995
100	1618	37.144
100	1619	1.86081
100	1620	-0.55173
100	1621	-1.00709
100	1622	-0.231437
100	1623	-1.31542
100	1624	0.773741
100	1625	36.0081
100	1626	42.076
100	1627	0.691938
100	1628	0.56319
100	1629	0.612416
100	1630	1.10075
100	1631	-1.48904
100	1632	-0.108848
100	1633	-2.63341
100	1634	3.43335
100	1635	-0.227595
100	1636	0.673903
100	1637	-0.555159
100	1638	1.30808
100	1639	0.108653
100	1640	-0.0357612
100	1641	1.5225
100	1642	1.00692
100	1643	-0.985201
100	1644	-0.190873
100	1645	-1.29285
100	1646	1.41261
100	1647	-100.096
100	1648	-0.782197
100	1649	-4.267
100	1650	0.0872073
100	1651	2.35313
100	1652	-1.17683
100	1653	5.0985
100	1654	0.809848
100	1655	-2.64265
100	1656	2.09154
100	1657	-1.85839
100	1658	-0.183986
100	1659	1.12553
100	1660	-0.509151
100	1661	0.880276
100	1662	-0.375457
100	1663	0.189211
100	1664	-1.43388
100	1665	1.12544
100	1666	-0.149587
100	1667	2.17584
100	1668	-20.2166
100	1669	-2.31529
100	1670	-2.83526
100	1671	-1.03707
100	1672	0.0613222
100	1673	-0.926667
100	1674	3.8541
100	1675	4.66002
100	1676	2.92366
100	1677	0.059248
100	1678	-0.504924
100	1679	-4.47557
100	1680	0.475217
100	1681	-0.132957
100	1682	-0.708433
100	1683	-0.0852437
100	1684	1.57881
100	1685	0.091466
100	1686	-3.48034
100	1687	3.49714
100	1688	-0.161192
100	1689	-1.01105
100	1690	0.390335
100	1691	0.400699
100	1692	-0.484838
100	1693	-1.21803
100	1694	0.101303
100	1695	-0.543914
100	1696	-1.435
100	1697	0.0657009
100	1698	-8.84026
100	1699	-0.802749
100	1700	6.33594
100	1701	-2.96911
100	1702	-24.137
100	1703	-36.2197
100	1704	-0.689914
100	1705	35.3715
100	1706	2.48562
100	1707	0.683818
100	1708	0.723434
100	1709	0.247619
100	1710	1.25968
100	1711	-0.307176
100	1712	-0.171812
100	1713	-0.185714
100	1714	-14.7068
100	1715	3.68491
100	1716	-3.20494
100	1717	-15.9769
100	1718	1.3711
100	1719	0.364719
100	1720	-1.43965
100	1721	-1.12333
100	1722	-1.78431
100	1723	-0.587938
100	1724	-6.49233
100	1725	0.335297
100	1726	-1.55249
100	1727	-26.4576
100	1728	0.230916
100	1729	-4.06048
100	1730	-0.198273
100	1731	-0.468168
100	1732	0.432313
100	1733	0.871832
100	1734	-1.78215
100	1735	10.0088
100	1736	-0.197336
100	1737	0.0184229
100	1738	1.11949
100	1739	0.694839
100	1740	0.198154
100	1741	1.02591
100	1742	-0.707813
100	1743	3.78602
100	1744	-2.77457
100	1745	2.21923
100	1746	0.131923
100	1747	-8.02485
100	1748	0.997982
100	1749	9.36079
100	1750	-1.52438
100	1751	0.0242478
100	1752	-0.704187
100	1753	-3.12289
100	1754	0.126116
100	1755	0.658529
100	1756	1.1771
100	1757	-2.02865
100	1758	8.07998
100	1759	-1.11438
100	1760	4.60646
100	1761	-0.255591
100	1762	4.12913
100	1763	8.71531
100	1764	-0.354856
100	1765	0.999315
100	1766	3.84707
100	1767	-1.57174
100	1768	-0.359595
100	1769	1.49777
100	1770	2.98805
100	1771	-1.77903
100	1772	0.0402637
100	1773	1.24667
100	1774	0.749102
100	1775	-2.21657
100	1776	-0.542285
100	1777	-2.15385
100	1778	0.862073
100	1779	-9.55541
100	1780	1.1425
100	1781	-1.324
100	1782	2.05521
100	1783	-6.71375
100	1784	4.63669
100	1785	-3.49567
100	1786	0.735714
100	1787	-1.15963
100	1788	0.953829
100	1789	0.00951301
100	1790	2.01919
100	1791	3.73563
100	1792	0.61918
100	1793	0.996127
100	1794	1.88921
100	1795	-0.450417
100	1796	-0.220282
100	1797	-3.92457
100	1798	-0.919962
100	1799	0.463867
100	1800	5.47004
100	1801	1.59429
100	1802	-1.42691
100	1803	-4.21127
100	1804	1.19763
100	1805	0.0809533
100	1806	0.0501235
100	1807	332.682
100	1808	-3.79462
100	1809	-0.196351
100	1810	3.21558
100	1811	-11.3596
100	1812	-0.654892
100	1813	0.440099
100	1814	-1.0954
100	1815	-0.280151
100	1816	-0.268128
100	1817	-0.322896
100	1818	119.936
100	1819	1.5006
100	1820	1.92841
100	1821	-0.491583
100	1822	8.17075
100	1823	0.368105
100	1824	0.369469
100	1825	-0.0100662
100	1826	-1.24998
100	1827	-3.2702
100	1828	-0.0419925
100	1829	-11.7886
100	1830	0.391981
100	1831	0.537336
100	1832	-0.394711
100	1833	-0.318683
100	1834	-2.12655
100	1835	-0.282784
100	1836	0.594825
100	1837	1.55562
100	1838	-0.833358
100	1839	-1.27802
100	1840	-0.322854
100	1841	-0.545369
100	1842	0.682135
100	1843	-0.0744019
100	1844	2.50626
100	1845	0.654852
100	1846	4.99249
100	1847	-2.02937
100	1848	-0.14501
100	1849	-2.30637
100	1850	-0.0587178
100	1851	-0.240716
100	1852	3.3122
100	1853	-2.56055
100	1854	-0.0298434
100	1855	-6.74705
100	1856	-3.06896
100	1857	0.355132
100	1858	0.374246
100	1859	23.9838
100	1860	-0.827236
100	1861	-0.517915
100	1862	-1.07095
100	1863	-0.625584
100	1864	-0.584509
100	1865	0.402578
100	1866	-0.297404
100	1867	-0.270767
100	1868	0.702154
100	1869	-3.54158
100	1870	0.0865756
100	1871	0.451589
100	1872	-0.481728
100	1873	-1.00963
100	1874	-12.1108
100	1875	-0.0120949
100	1876	-0.144936
100	1877	-1.10745
100	1878	-0.672015
100	1879	-0.0173647
100	1880	27.4458
100	1881	1.1056
100	1882	22.5019
100	1883	60.6363
100	1884	-0.342528
100	1885	0.665125
100	1886	-0.787615
100	1887	0.743676
100	1888	-0.370136
100	1889	-1.87894
100	1890	-2.6052
100	1891	1.13094
100	1892	-0.531982
100	1893	0.114601
100	1894	-0.792418
100	1895	0.252862
100	1896	-0.593713
100	1897	0.170474
100	1898	-66.6304
100	1899	0.647848
100	1900	-0.271028
100	1901	-1.20882
100	1902	-1.7219
100	1903	-0.707694
100	1904	0.171731
100	1905	0.310104
100	1906	0.884645
100	1907	0.161853
100	1908	0.302647
100	1909	-1.44667
100	1910	0.809479
100	1911	-0.525865
100	1912	1.48294
100	1913	0.62725
100	1914	0.380072
100	1915	-0.261116
100	1916	-0.254595
100	1917	-3.63004
100	1918	-0.912238
100	1919	-0.0475324
100	1920	-0.637633
100	1921	4.82015
100	1922	-0.800253
100	1923	-1.26411
100	1924	-1.32677
100	1925	-4.60201
100	1926	0.0337651
100	1927	-7.05723
100	1928	1.53987
100	1929	0.233273
100	1930	0.433398
100	1931	0.230616
100	1932	0.663414
100	1933	1.14929
100	1934	0.597532
100	1935	-2.59057
100	1936	0.824029
100	1937	2.32863
100	1938	2.11347
100	1939	0.245182
100	1940	2.7722
100	1941	-2.31083
100	1942	3.21329
100	1943	-0.247579
100	1944	-1.96765
100	1945	-0.872148
100	1946	0.231467
100	1947	0.400936
100	1948	1.59965
100	1949	0.30039
100	1950	0.69538
100	1951	-0.966482
100	1952	-0.846859
100	1953	2.09722
100	1954	0.45426
100	1955	0.363519
100	1956	3.51884
100	1957	-0.0345444
100	1958	3.18951
100	1959	0.607852
100	1960	-0.10765
100	1961	-1.03577
100	1962	-1.12853
100	1963	0.220637
100	1964	5.33412
100	1965	0.693691
100	1966	-0.833585
100	1967	-10.848
100	1968	0.129235
100	1969	-1.26148
100	1970	1.11274
100	1971	1.63276
100	1972	0.511224
100	1973	5.14062
100	1974	-0.192291
100	1975	0.15614
100	1976	-0.433521
100	1977	-1.17517
100	1978	-1.72413
100	1979	-0.13121
100	1980	-0.889036
100	1981	-0.457142
100	1982	-83.1885
100	1983	0.0353924
100	1984	2.41604
100	1985	0.590972
100	1986	2.17762
100	1987	0.191479
100	1988	-0.897747
100	1989	8.9385
100	1990	-0.0216047
100	1991	-0.477657
100	1992	-2.98192
100	1993	0.493914
100	1994	0.570717
100	1995	0.762404
100	1996	0.569599
100	1997	0.399079
100	1998	3.64265
100	1999	-0.83447
100	2000	-1.60177
100	2001	0.853645
100	2002	-3.89576
100	2003	-0.108701
100	2004	-1.11083
100	2005	-1.33714
100	2006	0.744268
100	2007	0.118844
100	2008	3.76822
100	2009	0.703007
100	2010	0.439289
100	2011	-2.03263
100	2012	0.429813
100	2013	-10.1973
100	2014	-0.504644
100	2015	0.760589
100	2016	-2.39229
100	2017	0.663193
100	2018	9.44778
100	2019	1.24671
100	2020	-0.296322
100	2021	1.63312
100	2022	-1.20627
100	2023	3.51902
100	2024	-1.67782
100	2025	0.512311
100	2026	2.80267
100	2027	4.12219
100	2028	-1.34957
100	2029	-3.50753
100	2030	0.931568
100	2031	0.333621
100	2032	0.258159
100	2033	1.31398
100	2034	4.6626
100	2035	1.22208
100	2036	0.480038
100	2037	1.11623
100	2038	-12.435
100	2039	4.34365
100	2040	0.623551
100	2041	0.542821
100	2042	-1.68509
100	2043	-0.432499
100	2044	-1.08764
100	2045	1.70073
100	2046	-3.00479
100	2047	0.996182
100	2048	-1.21633
100	2049	1.55137
100	2050	-0.824968
100	2051	-0.129494
100	2052	9.13606
100	2053	0.407531
100	2054	-2.96814
100	2055	-2.64579
100	2056	0.32608
100	2057	-2.14451
100	2058	-2.69851
100	2059	-0.0131642
100	2060	0.00655474
100	2061	-0.236408
100	2062	-0.161331
100	2063	-0.897759
100	2064	0.138485
100	2065	0.386122
100	2066	0.514891
100	2067	0.689227
100	2068	1.08002
100	2069	-3.02979
100	2070	-2.79626
100	2071	0.637016
100	2072	-0.199542
100	2073	-1.88332
100	2074	-1.14654
100	2075	-8.91412
100	2076	-4.95865
100	2077	-1.74207
100	2078	-1.05133
100	2079	8.32599
100	2080	-13.7563
100	2081	-0.0587024
100	2082	1.75584
100	2083	2.86905
100	2084	-3.6264
100	2085	-0.656727
100	2086	-0.934592
100	2087	0.601374
100	2088	0.875202
100	2089	-1.3069
100	2090	4.67545
100	2091	0.39551
100	2092	1.88703
100	2093	-6.91171
100	2094	0.403038
100	2095	-0.996347
100	2096	-2.7358
100	2097	-0.145535
100	2098	0.294269
100	2099	2.4845
100	2100	9.57672
100	2101	-0.577812
100	2102	4.64265
100	2103	-2.41299
100	2104	0.493764
100	2105	-3.37227
100	2106	0.293684
100	2107	-3.11962
100	2108	0.63412
100	2109	0.694853
100	2110	3.82948
100	2111	0.642141
100	2112	0.250972
100	2113	0.712671
100	2114	-0.0270325
100	2115	1.08236
100	2116	-0.606012
100	2117	-0.774439
100	2118	0.795159
100	2119	0.830108
100	2120	-1.41849
100	2121	-1.93891
100	2122	-3.24605
100	2123	1.05844
100	2124	-32.7512
100	2125	-0.0469362
100	2126	-1.27156
100	2127	-2.20006
100	2128	-0.108728
100	2129	-0.430437
100	2130	1.2824
100	2131	0.103189
100	2132	1.94488
100	2133	-0.59252
100	2134	12.2821
100	2135	0.937024
100	2136	0.643103
100	2137	0.122983
100	2138	-1.54422
100	2139	2.36036
100	2140	-0.179958
100	2141	-0.361004
100	2142	-1.458
100	2143	-2.51121
100	2144	-7.77289
100	2145	0.22077
100	2146	-0.203279
100	2147	-0.0414394
100	2148	-75.4618
100	2149	-1.00884
100	2150	0.0430547
100	2151	0.534783
100	2152	-0.44906
100	2153	-0.215568
100	2154	0.472825
100	2155	-0.0914212
100	2156	-11.3266
100	2157	0.426858
100	2158	0.616112
100	2159	-1.87174
100	2160	2.14346
100	2161	1.41093
100	2162	1.09896
100	2163	-8.07817
100	2164	-9.97173
100	2165	1.90207
100	2166	0.593558
100	2167	11.0863
100	2168	0.872251
100	2169	-0.845879
100	2170	-2.04983
100	2171	-0.741133
100	2172	1.88799
100	2173	-0.547262
100	2174	2.51608
100	2175	0.242225
100	2176	6.40243
100	2177	0.0778072
100	2178	-1.62696
100	2179	2.79642
100	2180	0.161214
100	2181	-2.29037
100	2182	-1.24486
100	2183	1.68345
100	2184	-1.18976
100	2185	-1.82561
100	2186	-2.26321
100	2187	-0.563137
100	2188	0.085442
100	2189	-1.57876
100	2190	0.156938
100	2191	-3.28416
100	2192	-0.472344
100	2193	1.30888
100	2194	-0.807824
100	2195	1.42736
100	2196	-0.224119
100	2197	39.0746
100	2198	-1.21829
100	2199	-0.325622
100	2200	-1.54228
100	2201	-2.34462
100	2202	0.457518
100	2203	9.24849
100	2204	1.18249
100	2205	-0.327171
100	2206	-0.905093
100	2207	-0.234301
100	2208	0.391577
100	2209	-5.01418
100	2210	-0.734424
100	2211	1.09813
100	2212	0.0229187
100	2213	1.27578
100	2214	-6.89728
100	2215	4.53269
100	2216	0.501794
100	2217	0.171322
100	2218	-1.34477
100	2219	-4.13301
100	2220	1.08897
100	2221	0.205394
100	2222	-1.05199
100	2223	-0.0250859
100	2224	0.148942
100	2225	-0.0703135
100	2226	-0.885129
100	2227	2.22411
100	2228	0.0645727
100	2229	-2.14799
100	2230	0.26126
100	2231	0.239852
100	2232	0.375138
100	2233	0.560031
100	2234	-1.8885
100	2235	-20.8952
100	2236	0.167339
100	2237	1.65802
100	2238	0.768263
100	2239	0.497331
100	2240	0.0550328
100	2241	-1.29445
100	2242	2.83166
100	2243	-0.0371823
100	2244	-0.640758
100	2245	0.6741
100	2246	-1.62346
100	2247	1.13532
100	2248	3.64914
100	2249	-0.0452815
100	2250	1.36497
100	2251	-0.324394
100	2252	-0.196401
100	2253	0.0579798
100	2254	4.18911
100	2255	-1.0299
100	2256	-8.42901
100	2257	-0.077037
100	2258	1.88349
100	2259	-10.7284
100	2260	2.29351
100	2261	-2.34601
100	2262	-0.499094
100	2263	0.388199
100	2264	0.671362
100	2265	-0.791885
100	2266	0.0126651
100	2267	-0.164457
100	2268	0.411841
100	2269	-5.48398
100	2270	0.556686
100	2271	-0.129236
100	2272	0.440517
100	2273	-0.2306
100	2274	0.708406
100	2275	4.73601
100	2276	-0.732622
100	2277	-3.68171
100	2278	0.651211
100	2279	6.63181
100	2280	-1.26973
100	2281	-0.931401
100	2282	0.238618
100	2283	-0.971166
100	2284	-0.505063
100	2285	-1.23373
100	2286	-0.801237
100	2287	0.304719
100	2288	-0.756497
100	2289	-0.297747
100	2290	-1.77966
100	2291	2.94071
100	2292	-0.331519
100	2293	3.02765
100	2294	-1.54823
100	2295	0.287832
100	2296	-0.496626
100	2297	-1.87123
100	2298	-0.150998
100	2299	-0.186628
100	2300	-0.0210395
100	2301	-0.00341518
100	2302	-0.301256
100	2303	-0.382907
100	2304	15.3906
100	2305	-37.7658
100	2306	-1.07169
100	2307	-0.952847
100	2308	-0.142426
100	2309	0.404088
100	2310	0.958915
100	2311	-0.0567801
100	2312	-0.173453
100	2313	0.648277
100	2314	-0.192961
100	2315	0.0767989
100	2316	-1.40469
100	2317	0.47481
100	2318	-0.289693
100	2319	-0.615026
100	2320	0.00850828
100	2321	-1.26531
100	2322	-5.38238
100	2323	2.9231
100	2324	18.9406
100	2325	-0.874644
100	2326	3.98074
100	2327	-3.65908
100	2328	0.556005
100	2329	-0.134621
100	2330	-0.324378
100	2331	-4.08574
100	2332	1.95597
100	2333	-1.73613
100	2334	-0.774191
100	2335	-0.847884
100	2336	-0.112708
100	2337	1.26742
100	2338	-2.68495
100	2339	-1.03209
100	2340	-0.228003
100	2341	-0.408154
100	2342	-2.13181
100	2343	3.08066
100	2344	-2.94076
100	2345	0.715236
100	2346	0.991074
100	2347	-2.75965
100	2348	-1.87687
100	2349	0.234731
100	2350	-0.81823
100	2351	0.624004
100	2352	0.246256
100	2353	4.16522
100	2354	-0.612082
100	2355	0.186752
100	2356	1.81431
100	2357	-16.7586
100	2358	5.40363
100	2359	-4.03047
100	2360	1.22504
100	2361	1.59567
100	2362	7.19592
100	2363	-0.533808
100	2364	-2.65075
100	2365	3.51243
100	2366	2.49796
100	2367	1.37253
100	2368	3.72687
100	2369	1.94431
100	2370	-0.671104
100	2371	1.89054
100	2372	0.163828
100	2373	1.13218
100	2374	-0.487465
100	2375	-1.9199
100	2376	-0.0283625
100	2377	0.161845
100	2378	2.07793
100	2379	-1.58245
100	2380	-0.674475
100	2381	-0.131076
100	2382	-1.71765
100	2383	-0.900203
100	2384	0.42033
100	2385	-0.309193
100	2386	-1.03094
100	2387	-0.364869
100	2388	-0.0379793
100	2389	0.707801
100	2390	-0.122029
100	2391	1.28172
100	2392	1.32381
100	2393	1.94856
100	2394	0.4125
100	2395	-0.970358
100	2396	-0.68362
100	2397	-1.83569
100	2398	0.813779
100	2399	0.866979
100	2400	-0.420723
100	2401	2.2916
100	2402	1.57301
100	2403	3.51096
100	2404	-0.0924709
100	2405	0.067802
100	2406	-0.63112
100	2407	2.30548
100	2408	0.548162
100	2409	-2.8007
100	2410	-0.235356
100	2411	0.234186
100	2412	0.797439
100	2413	-0.661126
100	2414	0.139688
100	2415	-0.344137
100	2416	-1.36944
100	2417	1.09201
100	2418	-0.681726
100	2419	-0.480956
100	2420	0.687232
100	2421	0.211391
100	2422	0.145648
100	2423	-17.0616
100	2424	0.675893
100	2425	-0.353329
100	2426	-10.516
100	2427	-0.830279
100	2428	0.0194867
100	2429	0.499356
100	2430	1.63192
100	2431	0.709466
100	2432	-1.27662
100	2433	-4.80283
100	2434	-0.393904
100	2435	0.471852
100	2436	2.48999
100	2437	123.346
100	2438	2.63342
100	2439	-5.74657
100	2440	2.38103
100	2441	0.983866
100	2442	0.35958
100	2443	-1.48148
100	2444	-8.82704
100	2445	-0.316284
100	2446	-4.71411
100	2447	0.882227
100	2448	0.658819
100	2449	1.14001
100	2450	0.525846
100	2451	0.442389
100	2452	1.44826
100	2453	-1.69231
100	2454	0.826652
100	2455	0.81666
100	2456	0.983631
100	2457	0.0194187
100	2458	-1.31388
100	2459	-0.828116
100	2460	-8.22664
100	2461	-2.83219
100	2462	1.88312
100	2463	-1.76374
100	2464	-2.42443
100	2465	-65.1764
100	2466	1.13307
100	2467	-1.83857
100	2468	1.48711
100	2469	0.606901
100	2470	-0.365463
100	2471	-0.588416
100	2472	1.58347
100	2473	0.754673
100	2474	-0.232684
100	2475	0.441256
100	2476	3.48497
100	2477	2.32145
100	2478	0.741845
100	2479	-1.4388
100	2480	-7.08307
100	2481	-8.10136
100	2482	0.100338
100	2483	-3.45205
100	2484	-1.83733
100	2485	-0.417691
100	2486	-0.450722
100	2487	1.41753
100	2488	-1.40551
100	2489	1.00018
100	2490	-0.99132
100	2491	2.93432
100	2492	-2.20622
100	2493	-0.157679
100	2494	3.5359
100	2495	0.362568
100	2496	-2.72903
100	2497	1.85647
100	2498	-0.156605
100	2499	0.337041
100	2500	0.857119
100	2501	0.708892
100	2502	-0.290333
100	2503	-0.574037
100	2504	-0.183866
100	2505	-7.3447
100	2506	-1.65437
100	2507	-7.01911
100	2508	0.634464
100	2509	-0.0679073
100	2510	-0.657959
100	2511	-0.689428
100	2512	-1.55483
100	2513	-1.34822
100	2514	-1098.24
100	2515	0.646029
100	2516	0.0402941
100	2517	-0.653109
100	2518	-0.328568
100	2519	0.112215
100	2520	0.413085
100	2521	-3.13264
100	2522	-15.438
100	2523	-2.39903
100	2524	-3.10025
100	2525	0.243231
100	2526	1.30835
100	2527	-0.200574
100	2528	0.239679
100	2529	-3.04357
100	2530	-0.177494
100	2531	-0.100624
100	2532	0.117625
100	2533	-0.168172
100	2534	-5.49046
100	2535	-2.26389
100	2536	-3.02497
100	2537	1.14981
100	2538	0.197149
100	2539	0.683751
100	2540	1.62491
100	2541	-0.272687
100	2542	1.61532
100	2543	1.38119
100	2544	-1.85167
100	2545	0.275626
100	2546	-0.299025
100	2547	-2.50061
100	2548	-0.530817
100	2549	11.7875
100	2550	0.479158
100	2551	0.332905
100	2552	1.15718
100	2553	-0.251536
100	2554	-3.23224
100	2555	-1.17565
100	2556	-1.09337
100	2557	0.680344
100	2558	-0.659213
100	2559	-8.33943
100	2560	1.31015
100	2561	-0.691125
100	2562	3.9301
100	2563	-2.15886
100	2564	0.376551
100	2565	7.69051
100	2566	0.463832
100	2567	-7.34605
100	2568	-0.0358806
100	2569	-0.257725
100	2570	12.143
100	2571	9.11839
100	2572	-1.79428
100	2573	5.60069
100	2574	0.269684
100	2575	3.73208
100	2576	-6.46801
100	2577	-3.88938
100	2578	-0.689498
100	2579	3.3596
100	2580	-183.78
100	2581	0.138135
100	2582	0.212838
100	2583	2.46126
100	2584	3.77132
100	2585	3.59309
100	2586	0.433354
100	2587	-0.727835
100	2588	-1.33029
100	2589	-1.07492
100	2590	0.143569
100	2591	0.499352
100	2592	-0.0106391
100	2593	-1.18683
100	2594	-0.206541
100	2595	0.167966
100	2596	1.72648
100	2597	-0.205576
100	2598	-0.182453
100	2599	-6.22206
100	2600	-4.03498
100	2601	-1.72927
100	2602	-0.743203
100	2603	-0.0100573
100	2604	1.62054
100	2605	-1.5652
100	2606	-0.221765
100	2607	-0.521731
100	2608	-0.694062
100	2609	-0.3497
100	2610	-0.243698
100	2611	0.381008
100	2612	0.703967
100	2613	0.592079
100	2614	1.60503
100	2615	2.95017
100	2616	4.01852
100	2617	-3.51848
100	2618	-0.481828
100	2619	-0.567905
100	2620	3.1235
100	2621	-0.16853
100	2622	-0.114012
100	2623	0.174819
100	2624	-2.74037
100	2625	-0.299563
100	2626	0.0160455
100	2627	-0.708611
100	2628	1.13909
100	2629	0.718043
100	2630	-5.06677
100	2631	-0.981452
100	2632	3.06715
100	2633	6.28311
100	2634	-4.39317
100	2635	-3.13809
100	2636	-6.52668
100	2637	1.56402
100	2638	-4.73581
100	2639	0.761952
100	2640	-0.188941
100	2641	5.79496
100	2642	0.437649
100	2643	0.469012
100	2644	1.02638
100	2645	-1.78271
100	2646	9.31039
100	2647	-2.85586
100	2648	-15.944
100	2649	0.864491
100	2650	-1.70717
100	2651	0.814096
100	2652	-2.04824
100	2653	0.0584496
100	2654	3.30166
100	2655	-0.893189
100	2656	0.383382
100	2657	0.505838
100	2658	-9.21025
100	2659	-0.0674114
100	2660	-0.168092
100	2661	-5.87225
100	2662	-2.44524
100	2663	-0.742305
100	2664	-1.02721
100	2665	2.00318
100	2666	-38.5313
100	2667	-1.36393
100	2668	1.61106
100	2669	0.758007
100	2670	0.884362
100	2671	-0.356001
100	2672	-2.44959
100	2673	-0.602195
100	2674	0.0405514
100	2675	-0.157258
100	2676	-3.11438
100	2677	-3.83012
100	2678	0.434798
100	2679	1.6402
100	2680	-0.106088
100	2681	-16.3641
100	2682	0.539623
100	2683	3.17769
100	2684	0.100935
100	2685	0.853111
100	2686	-0.271965
100	2687	-0.724023
100	2688	0.337638
100	2689	-1.2385
100	2690	-1.6245
100	2691	-13.7466
100	2692	-0.0345657
100	2693	4.30815
100	2694	0.757131
100	2695	0.788589
100	2696	-0.108106
100	2697	-2.4283
100	2698	-1.46174
100	2699	-1.72062
100	2700	-2.48184
100	2701	0.878051
100	2702	6.27052
100	2703	-0.706133
100	2704	-2.68581
100	2705	2.02857
100	2706	-1.32972
100	2707	-7.68758
100	2708	2.44342
100	2709	-705.325
100	2710	4.74382
100	2711	1.28648
100	2712	-0.137789
100	2713	-1.41858
100	2714	-1.83882
100	2715	0.490997
100	2716	-0.423656
100	2717	1.12733
100	2718	-8.51521
100	2719	8.49726
100	2720	-0.213475
100	2721	0.0213327
100	2722	-2.1408
100	2723	1.56944
100	2724	0.636493
100	2725	-0.88524
100	2726	-0.387455
100	2727	1.30535
100	2728	-2.55095
100	2729	2.99724
100	2730	-0.804375
100	2731	1.31649
100	2732	-0.158102
100	2733	1.026
100	2734	-0.327539
100	2735	-1.61177
100	2736	2.42369
100	2737	-0.950456
100	2738	-1.75982
100	2739	0.593626
100	2740	-9.98847
100	2741	0.190636
100	2742	4.14541
100	2743	-0.226004
100	2744	0.742777
100	2745	-1.53913
100	2746	-0.0401441
100	2747	2.0132
100	2748	0.843273
100	2749	-17.9012
100	2750	-1.77128
100	2751	9.12002
100	2752	-1.73449
100	2753	-3.31151
100	2754	-0.681111
100	2755	1.33175
100	2756	4.69969
100	2757	-0.378707
100	2758	1.93551
100	2759	0.933574
100	2760	-0.849592
100	2761	2.06144
100	2762	2.37312
100	2763	2.72875
100	2764	0.729252
100	2765	0.931481
100	2766	0.995928
100	2767	0.627286
100	2768	-0.424665
100	2769	-2.5466
100	2770	-3.35229
100	2771	5.27924
100	2772	-0.161429
100	2773	-0.847072
100	2774	-1.76416
100	2775	-1.03843
100	2776	-0.881661
100	2777	0.338896
100	2778	4.28851
100	2779	-0.356081
100	2780	0.660075
100	2781	-1.34915
100	2782	-1.41549
100	2783	-9.86986
100	2784	1.96841
100	2785	-10.0787
100	2786	2.05572
100	2787	-0.607413
100	2788	-1.44305
100	2789	-0.541242
100	2790	0.847606
100	2791	1.52745
100	2792	-1.91202
100	2793	2.50947
100	2794	-1.20244
100	2795	-0.0836362
100	2796	-0.420794
100	2797	0.48696
100	2798	-0.922882
100	2799	-0.0197412
100	2800	1.05578
100	2801	-1.11447
100	2802	-0.0377553
100	2803	2.0768
100	2804	-0.206233
100	2805	4.42137
100	2806	74.8021
100	2807	-3.79943
100	2808	-0.911017
100	2809	28.6353
100	2810	0.925239
100	2811	0.135841
100	2812	1.52749
100	2813	0.483632
100	2814	0.599823
100	2815	-0.95463
100	2816	-0.860377
100	2817	0.372109
100	2818	1.12108
100	2819	-0.205921
100	2820	-2.9094
100	2821	0.540782
100	2822	-0.882844
100	2823	-18.6024
100	2824	1.43819
100	2825	-0.657234
100	2826	0.799649
100	2827	1.16276
100	2828	-2.01537
100	2829	-2.18232
100	2830	0.970233
100	2831	0.00287934
100	2832	1.12597
100	2833	49.0527
100	2834	-0.257511
100	2835	4.68701
100	2836	0.736407
100	2837	-1.40842
100	2838	-1.16899
100	2839	-1.73963
100	2840	-0.686545
100	2841	-0.422331
100	2842	0.00117728
100	2843	-1.06446
100	2844	-1.19814
100	2845	2.69729
100	2846	-0.0413903
100	2847	-0.851343
100	2848	0.372608
100	2849	-4.14707
100	2850	0.215118
100	2851	-3.75969
100	2852	-1.37378
100	2853	0.790203
100	2854	0.0704321
100	2855	-1.96179
100	2856	0.524549
100	2857	0.179529
100	2858	-1.21005
100	2859	-0.208649
100	2860	-7.08285
100	2861	-0.542812
100	2862	2.05257
100	2863	1.76175
100	2864	0.346327
100	2865	0.383359
100	2866	-1.82105
100	2867	-0.506933
100	2868	1.87791
100	2869	3.79399
100	2870	2.76695
100	2871	-1.96066
100	2872	-1.644
100	2873	0.828273
100	2874	-0.147744
100	2875	1.57242
100	2876	-0.485061
100	2877	2.35126
100	2878	-4.41583
100	2879	-1.5193
100	2880	0.447567
100	2881	0.312086
100	2882	-0.948772
100	2883	2.10128
100	2884	1.06753
100	2885	-9.7202
100	2886	-0.112199
100	2887	0.678576
100	2888	1.21744
100	2889	-0.0812898
100	2890	2.69483
100	2891	-1.13896
100	2892	-2.11037
100	2893	2.12566
100	2894	1.23619
100	2895	0.990581
100	2896	-5.83069
100	2897	-12.7915
100	2898	4.58603
100	2899	-0.242053
100	2900	-0.497346
100	2901	0.189708
100	2902	-530.242
100	2903	0.37743
100	2904	0.795084
100	2905	0.354787
100	2906	0.060081
100	2907	-1.8106
100	2908	-0.402463
100	2909	-0.361266
100	2910	-0.568202
100	2911	-1.16259
100	2912	-1.08008
100	2913	0.664213
100	2914	2.09744
100	2915	0.013796
100	2916	1.04883
100	2917	-0.372369
100	2918	0.982271
100	2919	-2.12578
100	2920	-7.65613
100	2921	-1.60747
100	2922	0.165963
100	2923	10.6962
100	2924	0.785672
100	2925	0.839017
100	2926	-1.65479
100	2927	-0.961005
100	2928	1.44697
100	2929	-4.50851
100	2930	0.98573
100	2931	0.697923
100	2932	-0.379785
100	2933	-0.322872
100	2934	0.777418
100	2935	0.533158
100	2936	-0.173121
100	2937	0.860349
100	2938	-2.90051
100	2939	-0.0971838
100	2940	1.44999
100	2941	-1.32119
100	2942	19.6017
100	2943	-9.61439
100	2944	0.920352
100	2945	-0.725817
100	2946	0.118691
100	2947	0.14707
100	2948	0.871377
100	2949	0.178
100	2950	2.2041
100	2951	-3.0763
100	2952	-2.20426
100	2953	-0.771128
100	2954	-1.2453
100	2955	0.33647
100	2956	1.12024
100	2957	7.21768
100	2958	0.285313
100	2959	-0.396263
100	2960	0.192442
100	2961	0.166243
100	2962	-0.359887
100	2963	0.598655
100	2964	-3.50038
100	2965	16.1595
100	2966	0.577663
100	2967	0.927013
100	2968	0.111629
100	2969	-1.67111
100	2970	1.09524
100	2971	0.100519
100	2972	2.44658
100	2973	-2.40828
100	2974	0.071518
100	2975	2.20493
100	2976	-2.34655
100	2977	-0.05976
100	2978	0.418636
100	2979	-9.91548
100	2980	-0.464436
100	2981	2.65124
100	2982	10.5722
100	2983	-0.400561
100	2984	0.450865
100	2985	-0.801587
100	2986	0.0171609
100	2987	0.744491
100	2988	-1.04243
100	2989	2.32951
100	2990	1.14544
100	2991	0.50032
100	2992	2.35081
100	2993	0.983625
100	2994	-19.5406
100	2995	1.29048
100	2996	0.41392
100	2997	0.0728085
100	2998	-0.491975
100	2999	1.61962
100	3000	-0.731343
100	3001	-0.805146
100	3002	-2.27087
100	3003	-0.346745
100	3004	-2.00507
100	3005	0.211364
100	3006	-1.18235
100	3007	-1.41249
100	3008	-0.616703
100	3009	20.3186
100	3010	0.37736
100	3011	1.39745
100	3012	-0.446129
100	3013	0.244256
100	3014	0.0822285
100	3015	0.194029
100	3016	0.209743
100	3017	-0.806498
100	3018	-0.782706
100	3019	-0.603165
100	3020	-0.310695
100	3021	-2.40964
100	3022	-0.959025
100	3023	-3.15843
100	3024	-0.574072
100	3025	1.25358
100	3026	-1.55259
100	3027	1.79904
100	3028	-0.0853515
100	3029	399.755
100	3030	-0.932074
100	3031	-1.60478
100	3032	-0.330888
100	3033	1.04386
100	3034	-1.13985
100	3035	-5.20574
100	3036	0.221109
100	3037	-1.50376
100	3038	-0.439968
100	3039	0.349645
100	3040	-2.48274
100	3041	2.86112
100	3042	-3.21273
100	3043	-0.0454088
100	3044	0.310621
100	3045	-0.0782216
100	3046	3.99428
100	3047	-0.0301327
100	3048	-3.88145
100	3049	-0.860263
100	3050	-2.49142
100	3051	1.41638
100	3052	-0.168331
100	3053	0.741644
100	3054	-8.7438
100	3055	1.19682
100	3056	0.37688
100	3057	-0.370295
100	3058	2.98931
100	3059	-0.347051
100	3060	-0.513182
100	3061	-0.904397
100	3062	3.89062
100	3063	0.0105546
100	3064	0.951416
100	3065	0.0499869
100	3066	-0.166508
100	3067	-1.67778
100	3068	-1.42895
100	3069	3.11789
100	3070	0.02629
100	3071	5.43575
100	3072	-1.67844
100	3073	-0.534024
100	3074	-1.11235
100	3075	1.32913
100	3076	0.0246198
100	3077	-0.762592
100	3078	-0.327963
100	3079	-1.03966
100	3080	0.822506
100	3081	0.868677
100	3082	0.423053
100	3083	2.56955
100	3084	-2.64802
100	3085	8.50173
100	3086	-0.998456
100	3087	2.30724
100	3088	0.685029
100	3089	0.305198
100	3090	-6.85537
100	3091	-1.00496
100	3092	0.832467
100	3093	3.44943
100	3094	-2.90423
100	3095	-0.588041
100	3096	-0.633217
100	3097	4.46685
100	3098	0.601553
100	3099	-3.1413
100	3100	-1.36877
100	3101	-33.074
100	3102	-5.20606
100	3103	27.8553
100	3104	-0.740701
100	3105	-0.82558
100	3106	3.47027
100	3107	-7.34396
100	3108	3.54377
100	3109	4.70304
100	3110	13.4299
100	3111	0.194293
100	3112	1.11978
100	3113	2.57644
100	3114	-0.358245
100	3115	1.15057
100	3116	2.02749
100	3117	0.202781
100	3118	0.160603
100	3119	-3.25785
100	3120	0.296683
100	3121	7.42701
100	3122	0.00727129
100	3123	2.59741
100	3124	-0.257743
100	3125	1.03734
100	3126	1.17083
100	3127	-6.58672
100	3128	-25.2566
100	3129	1.48724
100	3130	-1.42086
100	3131	0.362519
100	3132	0.122848
100	3133	0.000161475
100	3134	-0.571021
100	3135	-2.85329
100	3136	-14.2034
100	3137	4.03533
100	3138	0.24732
100	3139	0.391535
100	3140	1.73875
100	3141	0.92749
100	3142	-0.859236
100	3143	-0.46597
100	3144	15.5613
100	3145	2.42342
100	3146	1.56013
100	3147	0.0304561
100	3148	-0.536659
100	3149	0.7698
100	3150	1.43272
100	3151	0.370258
100	3152	-49.4013
100	3153	-0.279646
100	3154	5.82002
100	3155	18.1051
100	3156	0.492475
100	3157	1.36182
100	3158	-2.13265
100	3159	0.380443
100	3160	-1.52481
100	3161	-0.8152
100	3162	-15.3719
100	3163	1.5975
100	3164	0.0095355
100	3165	0.938846
100	3166	-0.822748
100	3167	1.63414
100	3168	-0.54725
100	3169	-1.10255
100	3170	-0.0971645
100	3171	-0.786413
100	3172	0.756078
100	3173	-0.613753
100	3174	-1.25812
100	3175	-0.259349
100	3176	-0.437004
100	3177	-2.17277
100	3178	-0.434762
100	3179	-0.367977
100	3180	-5.60508
100	3181	-0.236743
100	3182	1.95735
100	3183	-1.77349
100	3184	0.802418
100	3185	-1.43167
100	3186	2.11394
100	3187	-15.1113
100	3188	-0.317205
100	3189	3.69292
100	3190	1.68296
100	3191	-4.13017
100	3192	0.830822
100	3193	0.403581
100	3194	-2.75674
100	3195	1.6691
100	3196	1.89674
100	3197	1.8345
100	3198	2.5746
100	3199	0.660187
100	3200	-0.0268075
100	3201	-0.793115
100	3202	1.37126
100	3203	-3.95673
100	3204	-7.94852
100	3205	-1.16369
100	3206	-0.224276
100	3207	4.76342
100	3208	-3.61601
100	3209	1.70592
100	3210	101.075
100	3211	-1.20776
100	3212	-1.63231
100	3213	-0.550597
100	3214	3.00044
100	3215	0.65969
100	3216	0.132039
100	3217	0.709692
100	3218	-5.70543
100	3219	1.53608
100	3220	0.363633
100	3221	-0.25738
100	3222	-15.0919
100	3223	-0.000296158
100	3224	5.69882
100	3225	22.2505
100	3226	-0.204137
100	3227	-1.24607
100	3228	0.890186
100	3229	-0.0388844
100	3230	1.86544
100	3231	1.14016
100	3232	23.5459
100	3233	2.2591
100	3234	-19.0248
100	3235	-0.271742
100	3236	12.7174
100	3237	-1.97362
100	3238	-0.685257
100	3239	1.00224
100	3240	-0.00579484
100	3241	1.31183
100	3242	-1.2699
100	3243	-2.04658
100	3244	-4.34493
100	3245	-0.207623
100	3246	-0.0533758
100	3247	-0.479141
100	3248	-43.8729
100	3249	-0.483212
100	3250	-2.78722
100	3251	0.977758
100	3252	-58.2656
100	3253	-0.495509
100	3254	-34.4016
100	3255	0.88037
100	3256	1.22603
100	3257	-0.247989
100	3258	1.15279
100	3259	-0.505722
100	3260	-0.0883189
100	3261	0.562301
100	3262	-2.20433
100	3263	-1.03367
100	3264	-0.873345
100	3265	-4.26736
100	3266	0.260283
100	3267	0.499421
100	3268	0.264212
100	3269	-1.70632
100	3270	-0.814143
100	3271	0.590743
100	3272	-1.11904
100	3273	1.17914
100	3274	0.156471
100	3275	-4.17925
100	3276	5.08426
100	3277	0.877131
100	3278	-1.45207
100	3279	1.40683
100	3280	-4.56046
100	3281	1.53876
100	3282	-0.514034
100	3283	125.463
100	3284	0.905607
100	3285	1.02323
100	3286	40.3415
100	3287	1.33405
100	3288	0.787431
100	3289	3.58134
100	3290	-3.3293
100	3291	-0.455576
100	3292	-1.15948
100	3293	-0.584876
100	3294	1.11297
100	3295	-62.8717
100	3296	-0.0437497
100	3297	-13.7036
100	3298	-5.37729
100	3299	1.59426
100	3300	16.0681
100	3301	0.915273
100	3302	-0.284084
100	3303	-3.5972
100	3304	-1.11321
100	3305	-2.58776
100	3306	-2.16709
100	3307	0.90288
100	3308	2.08354
100	3309	-3.45175
100	3310	0.652124
100	3311	2.22662
100	3312	-0.645321
100	3313	-1.34822
100	3314	-179.265
100	3315	2.48723
100	3316	-1.05239
100	3317	0.637732
100	3318	1.61403
100	3319	0.113997
100	3320	-1.85995
100	3321	-8.83347
100	3322	2.25986
100	3323	-4.85436
100	3324	0.0231879
100	3325	-1.70765
100	3326	0.739237
100	3327	24.6962
100	3328	4.02801
100	3329	0.534637
100	3330	0.432139
100	3331	-1.27857
100	3332	3.41315
100	3333	0.901919
100	3334	0.342377
100	3335	-4.29472
100	3336	2.60045
100	3337	-0.0526291
100	3338	-2.04133
100	3339	-0.298103
100	3340	0.278192
100	3341	-2.22921
100	3342	-1.06602
100	3343	-75.3153
100	3344	6.91189
100	3345	4.62699
100	3346	0.169353
100	3347	-2.50272
100	3348	-4.74683
100	3349	1.46686
100	3350	-8.71323
100	3351	0.213576
100	3352	-0.861319
100	3353	-0.190875
100	3354	1.2221
100	3355	6.49803
100	3356	0.321741
100	3357	-0.575171
100	3358	1.69613
100	3359	-0.662787
100	3360	1.84093
100	3361	1.48385
100	3362	-1.77677
100	3363	1.49928
100	3364	0.688882
100	3365	-0.973347
100	3366	-0.252612
100	3367	-0.937764
100	3368	0.392869
100	3369	0.618188
100	3370	1.54495
100	3371	-0.00956219
100	3372	-4677.19
100	3373	-0.442378
100	3374	1.73665
100	3375	-2.42896
100	3376	0.477552
100	3377	-7.33421
100	3378	1.20371
100	3379	-0.558612
100	3380	-14.4428
100	3381	-1.08266
100	3382	0.077982
100	3383	-5.84355
100	3384	0.295841
100	3385	-0.451034
100	3386	58.0194
100	3387	-0.875513
100	3388	-1.15181
100	3389	1.67357
100	3390	-1.45602
100	3391	1.06948
100	3392	-1.13298
100	3393	1.59531
100	3394	0.122112
100	3395	-1.5045
100	3396	-0.559035
100	3397	-0.686536
100	3398	-0.138232
100	3399	0.207292
100	3400	-0.0828199
100	3401	0.403959
100	3402	-5.26588
100	3403	-1.77444
100	3404	-1.69885
100	3405	-0.728877
100	3406	-0.0109792
100	3407	-0.864064
100	3408	-0.137575
100	3409	0.0559908
100	3410	0.421873
100	3411	1.53304
100	3412	1.2946
100	3413	0.314924
100	3414	-4.92061
100	3415	-1.53974
100	3416	-0.675732
100	3417	-2.03145
100	3418	0.197197
100	3419	-2.79842
100	3420	-1.53802
100	3421	-0.373682
100	3422	-0.727176
100	3423	0.532252
100	3424	-0.635653
100	3425	0.503963
100	3426	0.115731
100	3427	-0.127268
100	3428	0.299735
100	3429	0.0555331
100	3430	17.2031
100	3431	-0.0425095
100	3432	0.233775
100	3433	-6.51013
100	3434	-222.889
100	3435	-1.23508
100	3436	-4.64062
100	3437	3.77324
100	3438	-4.83367
100	3439	-0.211757
100	3440	1.52601
100	3441	-0.899125
100	3442	-0.0725361
100	3443	2.95162
100	3444	1.58725
100	3445	-7.30821
100	3446	0.414483
100	3447	2.39447
100	3448	-0.319993
100	3449	-5.17165
100	3450	-2.16353
100	3451	-0.251224
100	3452	-1.84234
100	3453	0.169815
100	3454	0.828919
100	3455	0.960663
100	3456	2.22375
100	3457	-2.97595
100	3458	3.77367
100	3459	16.0875
100	3460	-4.71758
100	3461	1.83141
100	3462	1.57727
100	3463	-2.25109
100	3464	-0.344884
100	3465	-1.64285
100	3466	0.345292
100	3467	-10.3524
100	3468	5.22836
100	3469	-0.279986
100	3470	0.916601
100	3471	77.4327
100	3472	-1.87849
100	3473	-16.6943
100	3474	0.0374138
100	3475	2.53116
100	3476	-4.01499
100	3477	4.52818
100	3478	8.8933
100	3479	5.57224
100	3480	-7.54973
100	3481	0.0365451
100	3482	-0.127083
100	3483	2.21382
100	3484	2.94414
100	3485	-1.23715
100	3486	2.09747
100	3487	0.990218
100	3488	-0.901685
100	3489	0.763796
100	3490	0.159253
100	3491	0.173541
100	3492	-1.18059
100	3493	0.343142
100	3494	-0.0181034
100	3495	1.81873
100	3496	-13.1382
100	3497	0.315463
100	3498	-1.00654
100	3499	-4.1133
100	3500	-548.13
100	3501	0.0937638
100	3502	-0.227715
100	3503	8.13737
100	3504	2.2753
100	3505	0.246316
100	3506	-0.0622014
100	3507	0.650408
100	3508	-7.86482
100	3509	-0.493385
100	3510	0.469418
100	3511	0.46918
100	3512	-0.0509977
100	3513	-0.755083
100	3514	-1.14778
100	3515	-1.29914
100	3516	1.3879
100	3517	-8.69655
100	3518	-10.1717
100	3519	-1.17309
100	3520	1.21234
100	3521	4.10003
100	3522	0.34213
100	3523	-1.57096
100	3524	2.27149
100	3525	-7.62317
100	3526	-0.249262
100	3527	0.722253
100	3528	1.78767
100	3529	2.07973
100	3530	3.34115
100	3531	-1.2
100	3532	104.336
100	3533	0.667519
100	3534	0.433018
100	3535	-8.02656
100	3536	-1.4323
100	3537	0.145444
100	3538	3.19834
100	3539	3.45541
100	3540	1.19755
100	3541	-2.98373
100	3542	-0.404191
100	3543	0.789175
100	3544	0.226452
100	3545	-1.91667
100	3546	0.534434
100	3547	-2.10359
100	3548	-0.334798
100	3549	3.03551
100	3550	-0.32507
100	3551	-1.02872
100	3552	-0.309469
100	3553	0.234985
100	3554	-1.29663
100	3555	-1.70255
100	3556	-1.10955
100	3557	0.842216
100	3558	1.09511
100	3559	-2.38546
100	3560	11.0803
100	3561	2.19057
100	3562	1.66283
100	3563	-2.34014
100	3564	1.1063
100	3565	1.10281
100	3566	20.7377
100	3567	-0.31532
100	3568	0.771759
100	3569	0.746901
100	3570	0.870651
100	3571	0.381542
100	3572	-0.712134
100	3573	1.60947
100	3574	0.40911
100	3575	-4.72638
100	3576	-0.314788
100	3577	-0.256616
100	3578	-0.1576
100	3579	-0.0579752
100	3580	3.11557
100	3581	0.23827
100	3582	-1.10802
100	3583	9.85244
100	3584	4.26275
100	3585	44.5237
100	3586	-0.104795
100	3587	-0.496415
100	3588	-1.57348
100	3589	0.280591
100	3590	0.798488
100	3591	1.46199
100	3592	0.425431
100	3593	0.545755
100	3594	-1.10387
100	3595	-0.46273
100	3596	0.519643
100	3597	0.0043556
100	3598	-0.167665
100	3599	0.624614
100	3600	-18.2609
100	3601	-2.27499
100	3602	1.95533
100	3603	-2.22632
100	3604	-0.556203
100	3605	-1.38629
100	3606	-2.60876
100	3607	0.0974958
100	3608	0.833238
100	3609	-81.1242
100	3610	-1.18441
100	3611	-3.5145
100	3612	0.587674
100	3613	-0.250768
100	3614	-0.231665
100	3615	-6.45374
100	3616	4.48038
100	3617	-1.11759
100	3618	-0.895263
100	3619	5.5623
100	3620	-2.80558
100	3621	1.38191
100	3622	-0.767343
100	3623	-1.26536
100	3624	2.08804
100	3625	-0.112535
100	3626	-0.284543
100	3627	-0.264393
100	3628	-0.968445
100	3629	2.75368
100	3630	-6.82326
100	3631	-3.97919
100	3632	-0.813599
100	3633	-1.39091
100	3634	-1.04192
100	3635	-0.0771494
100	3636	5.69305
100	3637	1.91724
100	3638	-0.0989548
100	3639	-0.26266
100	3640	-8.58097
100	3641	-0.138467
100	3642	9.62371
100	3643	2.09374
100	3644	-1.28271
100	3645	1.20538
100	3646	-2.42743
100	3647	2.84406
100	3648	2.3016
100	3649	-3.6473
100	3650	3.71689
100	3651	-1.30148
100	3652	1.1571
100	3653	-1.92105
100	3654	6.88476
100	3655	-0.542623
100	3656	0.857593
100	3657	-5.09426
100	3658	0.0855894
100	3659	4.38751
100	3660	-0.756219
100	3661	0.988072
100	3662	-0.956555
100	3663	-1.47206
100	3664	-3.4961
100	3665	-5.48708
100	3666	-1.97997
100	3667	0.174503
100	3668	-0.338176
100	3669	-3.5351
100	3670	0.816166
100	3671	1.20293
100	3672	-0.219923
100	3673	-5.60999
100	3674	-2.29284
100	3675	-1.69719
100	3676	-0.143458
100	3677	50.1053
100	3678	0.6694
100	3679	-0.524639
100	3680	0.15366
100	3681	1.74486
100	3682	-0.242851
100	3683	-1.11132
100	3684	36.7114
100	3685	-2.60349
100	3686	-1.33491
100	3687	0.110371
100	3688	-0.150363
100	3689	0.369918
100	3690	-1.1641
100	3691	-0.300752
100	3692	1.07104
100	3693	2.10266
100	3694	-7.24467
100	3695	-27.0835
100	3696	4.64378
100	3697	2.97125
100	3698	0.307555
100	3699	2.26755
100	3700	0.0404426
100	3701	-3.24593
100	3702	0.0366117
100	3703	0.972236
100	3704	0.55712
100	3705	3.96679
100	3706	0.436684
100	3707	-3.30114
100	3708	1.74668
100	3709	-0.686124
100	3710	0.901122
100	3711	-0.589857
100	3712	7.95529
100	3713	-0.755638
100	3714	-0.934922
100	3715	0.246275
100	3716	-116.008
100	3717	-0.104061
100	3718	0.691612
100	3719	2.5216
100	3720	-0.18995
100	3721	-0.0278509
100	3722	0.237441
100	3723	2.97057
100	3724	2.74231
100	3725	-1.05749
100	3726	-0.941877
100	3727	1.86266
100	3728	0.0334561
100	3729	-0.919139
100	3730	-1.53651
100	3731	4.446
100	3732	-0.787088
100	3733	20.7545
100	3734	-1.0584
100	3735	0.837519
100	3736	0.749842
100	3737	-1.08536
100	3738	-1.208
100	3739	-1.57516
100	3740	1.27319
100	3741	-0.684633
100	3742	4.87889
100	3743	-1.32166
100	3744	-5.42024
100	3745	-1.07575
100	3746	-1.3823
100	3747	1.17405
100	3748	0.700917
100	3749	0.775968
100	3750	0.698886
100	3751	-0.817694
100	3752	16.4414
100	3753	0.25331
100	3754	-1.18725
100	3755	0.0224295
100	3756	0.766299
100	3757	-0.615621
100	3758	1.46745
100	3759	-1.56069
100	3760	1.43825
100	3761	1.71512
100	3762	-7.04912
100	3763	87.0312
100	3764	-2.04222
100	3765	-11.3254
100	3766	0.423956
100	3767	-0.373372
100	3768	-0.194553
100	3769	-0.145729
100	3770	0.282411
100	3771	0.0589071
100	3772	-0.86508
100	3773	0.182449
100	3774	1.08604
100	3775	0.0685749
100	3776	1.77111
100	3777	-1.94575
100	3778	-0.849154
100	3779	0.538052
100	3780	-0.820275
100	3781	-1.80023
100	3782	0.05187
100	3783	1.42925
100	3784	2.19025
100	3785	-0.552944
100	3786	-0.927302
100	3787	-1.33859
100	3788	0.551707
100	3789	0.223646
100	3790	1.14011
100	3791	-1.51885
100	3792	-0.809919
100	3793	-3.1262
100	3794	-0.238833
100	3795	0.14848
100	3796	0.696002
100	3797	-0.148787
100	3798	0.90399
100	3799	196.209
100	3800	0.552682
100	3801	0.301985
100	3802	1.14857
100	3803	-3.34192
100	3804	-0.809483
100	3805	2.96423
100	3806	8.98783
100	3807	0.370355
100	3808	0.418093
100	3809	0.937037
100	3810	0.0554322
100	3811	-1.3822
100	3812	0.204578
100	3813	-3.5533
100	3814	2.75255
100	3815	6.59219
100	3816	-2.32819
100	3817	-2.81537
100	3818	-9.58352
100	3819	0.3496
100	3820	-0.420263
100	3821	-0.323789
100	3822	4.21891
100	3823	-0.656962
100	3824	-0.976222
100	3825	2.90914
100	3826	-2.42886
100	3827	-0.186173
100	3828	12.0735
100	3829	-2.2814
100	3830	-0.790034
100	3831	0.589291
100	3832	0.177197
100	3833	-0.407985
100	3834	-0.331556
100	3835	3.17674
100	3836	-11.8084
100	3837	0.97139
100	3838	-9.21826
100	3839	-0.0457983
100	3840	-0.962691
100	3841	0.824745
100	3842	-1.14007
100	3843	-1.41181
100	3844	0.658009
100	3845	2.02222
100	3846	-0.42313
100	3847	-0.324295
100	3848	-0.254322
100	3849	0.52632
100	3850	-2.14788
100	3851	1.33431
100	3852	1.09252
100	3853	1.3613
100	3854	-0.561241
100	3855	-0.951635
100	3856	0.312676
100	3857	-1.87473
100	3858	-0.857025
100	3859	-0.865388
100	3860	0.897099
100	3861	-18.6997
100	3862	-27.5986
100	3863	0.306866
100	3864	6.48505
100	3865	0.82243
100	3866	-0.21596
100	3867	-0.47112
100	3868	0.978038
100	3869	0.717287
100	3870	0.138456
100	3871	1.27372
100	3872	20.1986
100	3873	1.10601
100	3874	-2.11955
100	3875	-0.0782232
100	3876	-0.7991
100	3877	-0.0124189
100	3878	-31.0398
100	3879	1.61694
100	3880	-1.40721
100	3881	-0.0739381
100	3882	2.15727
100	3883	2.89379
100	3884	-0.531702
100	3885	0.0782027
100	3886	0.429081
100	3887	-10.0824
100	3888	0.700614
100	3889	2.77195
100	3890	2.03024
100	3891	6.43616
100	3892	-1.15984
100	3893	0.0529527
100	3894	-2.21175
100	3895	1.54173
100	3896	-1.37226
100	3897	-1.12191
100	3898	0.213212
100	3899	0.819133
100	3900	0.470854
100	3901	-0.312164
100	3902	-0.377658
100	3903	0.562152
100	3904	0.826492
100	3905	0.281025
100	3906	-2.28372
100	3907	-5.67441
100	3908	1.70134
100	3909	3.21076
100	3910	0.401106
100	3911	1.00334
100	3912	-0.459571
100	3913	0.405586
100	3914	0.476356
100	3915	-3.99027
100	3916	-17.6954
100	3917	0.350028
100	3918	-1.26998
100	3919	-0.234886
100	3920	-16.1605
100	3921	-1.82997
100	3922	-0.827326
100	3923	-0.0412275
100	3924	-1.28894
100	3925	0.473472
100	3926	110.295
100	3927	-0.0942876
100	3928	-3.66955
100	3929	0.331705
100	3930	-1.5532
100	3931	5.20926
100	3932	-1.23544
100	3933	0.108272
100	3934	0.00629397
100	3935	-0.544291
100	3936	0.777124
100	3937	1.96705
100	3938	0.739521
100	3939	2.36495
100	3940	7.00826
100	3941	-2.15309
100	3942	-6.65796
100	3943	-0.554121
100	3944	-1.65721
100	3945	0.289679
100	3946	-0.0106263
100	3947	-0.171854
100	3948	-1.53898
100	3949	0.518002
100	3950	0.333187
100	3951	-0.680734
100	3952	0.483251
100	3953	1.97884
100	3954	-0.329383
100	3955	0.16974
100	3956	0.602355
100	3957	-0.716114
100	3958	-0.711499
100	3959	1.943
100	3960	-1.19061
100	3961	-1.33222
100	3962	-0.160718
100	3963	-0.732199
100	3964	4.31088
100	3965	-0.316992
100	3966	-6.82228
100	3967	2.61172
100	3968	1.94318
100	3969	-0.534863
100	3970	-0.50148
100	3971	0.732962
100	3972	0.386891
100	3973	3.63324
100	3974	6.29381
100	3975	0.786992
100	3976	-0.263421
100	3977	-11.4771
100	3978	-0.1143
100	3979	-1.64759
100	3980	-0.955337
100	3981	0.0308503
100	3982	5.52529
100	3983	0.162344
100	3984	0.283909
100	3985	-1.32573
100	3986	-0.179688
100	3987	2.09005
100	3988	-1.12422
100	3989	-0.150389
100	3990	-1.14321
100	3991	20.8844
100	3992	-3.23482
100	3993	-0.199634
100	3994	3.07106
100	3995	1.1662
100	3996	-41.5632
100	3997	-0.011095
100	3998	-0.309763
100	3999	-23.2304
100	4000	0.902315
100	4001	0.798134
100	4002	0.061785
100	4003	-1.45277
100	4004	2.43699
100	4005	-1.55031
100	4006	-0.807442
100	4007	-0.335265
100	4008	0.369146
100	4009	0.515205
100	4010	-5.94822
100	4011	-3.7535
100	4012	-10.5038
100	4013	0.0755628
100	4014	-0.196115
100	4015	-1.13607
100	4016	0.410032
100	4017	-10.4079
100	4018	-0.950812
100	4019	0.0407123
100	4020	0.312802
100	4021	-0.343987
100	4022	0.118237
100	4023	0.0524858
100	4024	-1.60309
100	4025	0.551573
100	4026	0.0374856
100	4027	1.09764
100	4028	1.85124
100	4029	-1.27004
100	4030	0.403386
100	4031	-1.94043
100	4032	-0.909274
100	4033	0.557518
100	4034	-0.123907
100	4035	0.0237636
100	4036	5.49693
100	4037	1.06296
100	4038	-0.0554647
100	4039	0.874519
100	4040	0.416147
100	4041	0.0175051
100	4042	-0.748314
100	4043	-5.28647
100	4044	-0.537739
100	4045	-0.537473
100	4046	-0.386893
100	4047	-8.39825
100	4048	1.20683
100	4049	-0.621384
100	4050	-2.28647
100	4051	-0.356712
100	4052	-0.24557
100	4053	3.76973
100	4054	-3.1586
100	4055	2.84411
100	4056	-4.63451
100	4057	-1.26952
100	4058	1.31088
100	4059	-2.69974
100	4060	1.55231
100	4061	-1.76784
100	4062	0.284068
100	4063	0.0976141
100	4064	-4.40763
100	4065	0.171465
100	4066	0.696318
100	4067	25.6791
100	4068	0.614438
100	4069	-51.9444
100	4070	-4.51122
100	4071	-7.4015
100	4072	-0.462981
100	4073	0.869023
100	4074	3.06413
100	4075	-0.339535
100	4076	-0.978724
100	4077	-4.58576
100	4078	0.408275
100	4079	-1.22177
100	4080	2.31375
100	4081	4.23961
100	4082	-0.599484
100	4083	-0.205985
100	4084	2.45571
100	4085	4.39001
100	4086	-0.228669
100	4087	2.86452
100	4088	7.30901
100	4089	-2.72686
100	4090	-0.0794061
100	4091	0.764388
100	4092	-0.40657
100	4093	0.30323
100	4094	1.00524
100	4095	-0.513299
100	4096	1.47041
100	4097	16.9516
100	4098	-0.472942
100	4099	-5.69479
100	4100	0.839399
100	4101	-3.29108
100	4102	-2.34812
100	4103	-1.0488
100	4104	-0.666726
100	4105	-3.76711
100	4106	-0.298858
100	4107	0.729422
100	4108	-1.41155
100	4109	-0.204885
100	4110	1.80501
100	4111	-0.511603
100	4112	-0.658265
100	4113	2.40645
100	4114	-3.45015
100	4115	-2.00191
100	4116	5.98819
100	4117	0.454383
100	4118	0.918568
100	4119	5.91454
100	4120	-0.0853346
100	4121	0.016136
100	4122	-2.67835
100	4123	2.38431
100	4124	5.47547
100	4125	-0.482031
100	4126	0.535488
100	4127	2.28142
100	4128	-0.601868
100	4129	0.750049
100	4130	8.24342
100	4131	0.803996
100	4132	-1.39045
100	4133	-10.8409
100	4134	0.75624
100	4135	-0.58614
100	4136	0.340238
100	4137	2.14677
100	4138	7.21245
100	4139	0.166197
100	4140	-2.54232
100	4141	0.571163
100	4142	0.280104
100	4143	0.278146
100	4144	-4.21817
100	4145	3.0926
100	4146	0.78371
100	4147	4.16275
100	4148	0.419044
100	4149	-0.589048
100	4150	1.10897
100	4151	1.59507
100	4152	-0.248464
100	4153	-0.337964
100	4154	-0.925545
100	4155	-1.50758
100	4156	-1.42103
100	4157	1.81426
100	4158	0.372566
100	4159	0.582247
100	4160	-0.459747
100	4161	-23.473
100	4162	-0.340587
100	4163	2.39881
100	4164	-1.41315
100	4165	-18.5238
100	4166	0.51012
100	4167	3.94759
100	4168	0.493561
100	4169	0.41068
100	4170	0.622864
100	4171	-3.65672
100	4172	9.18829
100	4173	6.38163
100	4174	-0.134082
100	4175	0.0246773
100	4176	-1.07108
100	4177	0.508788
100	4178	-0.402663
100	4179	0.321782
100	4180	-0.994093
100	4181	0.0460638
100	4182	0.451244
100	4183	1.49508
100	4184	-0.106237
100	4185	-0.197858
100	4186	-1.65797
100	4187	-10.2115
100	4188	36.473
100	4189	-0.334944
100	4190	0.556899
100	4191	1.08598
100	4192	-0.602628
100	4193	0.220954
100	4194	-1.02675
100	4195	-3.22194
100	4196	1.02871
100	4197	-1.6301
100	4198	-3.02758
100	4199	1.46119
100	4200	0.137323
100	4201	-1.17537
100	4202	-0.454157
100	4203	2.81506
100	4204	6.87765
100	4205	-0.581114
100	4206	-1.39595
100	4207	6.07208
100	4208	-0.554432
100	4209	-0.971843
100	4210	-0.496141
100	4211	4.18594
100	4212	-48.8042
100	4213	1.21709
100	4214	0.128227
100	4215	6.06938
100	4216	0.98027
100	4217	0.145559
100	4218	1.27925
100	4219	0.260786
100	4220	0.345255
100	4221	-0.167152
100	4222	-1.28698
100	4223	-0.581634
100	4224	-0.559292
100	4225	6.22501
100	4226	-4.66853
100	4227	0.700221
100	4228	0.572856
100	4229	3.87818
100	4230	69.5753
100	4231	4.85223
100	4232	-1.65337
100	4233	-1.32419
100	4234	-1.55476
100	4235	-43.3842
100	4236	2.35793
100	4237	-0.850351
100	4238	-5.11722
100	4239	2.32916
100	4240	-9.97134
100	4241	3.67381
100	4242	-0.988557
100	4243	1.12554
100	4244	4.60815
100	4245	1.51959
100	4246	-5.20382
100	4247	0.423997
100	4248	-0.920876
100	4249	0.937766
100	4250	-0.267058
100	4251	-9.14949
100	4252	-2.6065
100	4253	0.149414
100	4254	-1.27264
100	4255	-4.06746
100	4256	0.341246
100	4257	-2.75372
100	4258	1.74466
100	4259	0.102684
100	4260	10.7776
100	4261	-1.75363
100	4262	-0.968511
100	4263	-1.86655
100	4264	-0.148628
100	4265	4.13758
100	4266	1.03365
100	4267	-1.53174
100	4268	0.280924
100	4269	-1.99957
100	4270	-0.711443
100	4271	-0.265563
100	4272	0.19544
100	4273	0.156304
100	4274	0.313504
100	4275	-5.9335
100	4276	-0.365487
100	4277	0.417967
100	4278	-0.432315
100	4279	-4.28569
100	4280	-1.39521
100	4281	21.9016
100	4282	-0.244849
100	4283	-1.23379
100	4284	0.390138
100	4285	0.569194
100	4286	-0.646732
100	4287	-1.94012
100	4288	0.482766
100	4289	0.909761
100	4290	-13.1249
100	4291	-0.052307
100	4292	-0.907091
100	4293	-1.31936
100	4294	1.5667
100	4295	-1.69861
100	4296	-1.37129
100	4297	0.221519
100	4298	2.91034
100	4299	1.84331
100	4300	-13.5398
100	4301	0.602698
100	4302	-0.392655
100	4303	-1.83841
100	4304	5.894
100	4305	-2.29236
100	4306	-2.09577
100	4307	-3.04003
100	4308	0.708797
100	4309	1.14688
100	4310	-0.466016
100	4311	-0.0396474
100	4312	-0.60683
100	4313	0.468127
100	4314	-2.07397
100	4315	0.947442
100	4316	-0.18999
100	4317	-1.01891
100	4318	-0.573074
100	4319	-15.7468
100	4320	-1.12647
100	4321	-0.567957
100	4322	0.336353
100	4323	9.67146
100	4324	-0.437792
100	4325	-0.31588
100	4326	5.36466
100	4327	-0.841559
100	4328	-0.715452
100	4329	0.151763
100	4330	-9.9361
100	4331	1.15787
100	4332	1.02127
100	4333	-0.131661
100	4334	-1.21607
100	4335	0.590173
100	4336	-1.41154
100	4337	-4.78109
100	4338	0.437496
100	4339	2.68303
100	4340	0.727952
100	4341	-2.73063
100	4342	0.842062
100	4343	-1.56538
100	4344	-1.60138
100	4345	0.0884423
100	4346	4.21106
100	4347	-0.480432
100	4348	-0.382687
100	4349	-0.841972
100	4350	-0.17307
100	4351	-0.789056
100	4352	-0.880365
100	4353	-1.08191
100	4354	0.542092
100	4355	-0.359983
100	4356	-0.0917878
100	4357	-0.0355972
100	4358	-0.341254
100	4359	0.908738
100	4360	0.291012
100	4361	1.46794
100	4362	-0.519019
100	4363	1.4071
100	4364	-0.0210317
100	4365	1.74229
100	4366	0.510498
100	4367	0.107858
100	4368	-0.161024
100	4369	-1.22525
100	4370	0.851913
100	4371	0.858783
100	4372	-2.65012
100	4373	-0.424568
100	4374	-0.235681
100	4375	-51.4093
100	4376	-1.26399
100	4377	0.217019
100	4378	1.93477
100	4379	0.0195136
100	4380	-0.826486
100	4381	-21.2184
100	4382	-0.328804
100	4383	1.27211
100	4384	-0.387576
100	4385	2.54625
100	4386	1.76369
100	4387	0.621632
100	4388	0.762053
100	4389	6.24797
100	4390	2.21105
100	4391	0.622614
100	4392	0.206642
100	4393	32.1988
100	4394	-1.72009
100	4395	-1.67898
100	4396	0.830796
100	4397	-0.10658
100	4398	-0.280009
100	4399	10.967
100	4400	-0.294296
100	4401	0.837931
100	4402	-0.969057
100	4403	6.20919
100	4404	-0.937078
100	4405	1.00035
100	4406	0.54529
100	4407	-0.503539
100	4408	0.802473
100	4409	0.42405
100	4410	1.01439
100	4411	0.297119
100	4412	-52.4991
100	4413	2.92536
100	4414	1.69757
100	4415	-0.325446
100	4416	0.696861
100	4417	-0.139685
100	4418	3.37961
100	4419	0.504933
100	4420	-0.219227
100	4421	0.489649
100	4422	-4.57863
100	4423	5.41801
100	4424	1.77796
100	4425	5.66183
100	4426	-0.421021
100	4427	43.3925
100	4428	-1.10317
100	4429	-1.52622
100	4430	0.555067
100	4431	-0.138765
100	4432	9.54292
100	4433	-0.0746673
100	4434	-3.13627
100	4435	0.359689
100	4436	-0.401453
100	4437	0.938303
100	4438	1.57234
100	4439	0.814181
100	4440	0.0785513
100	4441	-0.426418
100	4442	-0.106371
100	4443	-2.5076
100	4444	-1.24051
100	4445	1.77468
100	4446	0.346966
100	4447	0.889711
100	4448	-3.74956
100	4449	5.16048
100	4450	-2.52896
100	4451	0.235958
100	4452	-0.607322
100	4453	-2.6914
100	4454	4.37318
100	4455	-0.321048
100	4456	4.29391
100	4457	-2.28865
100	4458	-0.965426
100	4459	-0.758965
100	4460	2.60593
100	4461	-0.119869
100	4462	52.7845
100	4463	0.894016
100	4464	-3.50298
100	4465	1.11686
100	4466	4.81104
100	4467	0.281731
100	4468	-0.807695
100	4469	0.700419
100	4470	2.03735
100	4471	-0.080475
100	4472	-0.86331
100	4473	-0.843988
100	4474	0.197746
100	4475	-0.562771
100	4476	2.85769
100	4477	-0.0989431
100	4478	1.91388
100	4479	0.274303
100	4480	1.93278
100	4481	0.169531
100	4482	-0.836649
100	4483	-0.125719
100	4484	-9.61724
100	4485	0.057497
100	4486	0.241912
100	4487	-1.68306
100	4488	-0.626427
100	4489	-2.04971
100	4490	0.608223
100	4491	0.927062
100	4492	-0.025504
100	4493	-0.130961
100	4494	-0.633882
100	4495	0.703257
100	4496	-5.43242
100	4497	13.4443
100	4498	0.43902
100	4499	1.03889
100	4500	0.184563
100	4501	-0.470371
100	4502	-0.200385
100	4503	0.672346
100	4504	-1.23049
100	4505	-151.539
100	4506	1.13476
100	4507	0.352811
100	4508	-5.20949
100	4509	-0.41303
100	4510	-0.249167
100	4511	12.4638
100	4512	1.10955
100	4513	1.54647
100	4514	4.28805
100	4515	5.43261
100	4516	-0.65868
100	4517	0.789905
100	4518	-0.31359
100	4519	-0.581713
100	4520	2.38536
100	4521	0.555786
100	4522	-1.40764
100	4523	-0.475682
100	4524	-1.21746
100	4525	-20.5247
100	4526	0.822302
100	4527	-4.384
100	4528	-6.22573
100	4529	0.74365
100	4530	0.133426
100	4531	-1.13095
100	4532	-0.131841
100	4533	0.845748
100	4534	0.881536
100	4535	0.307732
100	4536	0.664337
100	4537	0.0808349
100	4538	0.394173
100	4539	-3.89747
100	4540	1.44349
100	4541	33.6161
100	4542	18.8538
100	4543	-1.31222
100	4544	0.538046
100	4545	-0.749727
100	4546	-1.15252
100	4547	-0.0139987
100	4548	-0.183729
100	4549	-1.5301
100	4550	-4.18639
100	4551	0.103415
100	4552	0.760132
100	4553	0.847362
100	4554	2.04579
100	4555	0.628651
100	4556	-4.42592
100	4557	-1.42872
100	4558	0.419098
100	4559	0.332715
100	4560	1.15626
100	4561	-2.10859
100	4562	-0.249818
100	4563	0.957864
100	4564	5.91742
100	4565	-0.528413
100	4566	1.66725
100	4567	3.23581
100	4568	-0.200492
100	4569	-0.965016
100	4570	-1.05973
100	4571	-0.956745
100	4572	0.0623611
100	4573	-0.367967
100	4574	-2.25862
100	4575	0.747309
100	4576	-0.245094
100	4577	0.0392506
100	4578	-1.07557
100	4579	-1.66223
100	4580	1.43339
100	4581	1.87097
100	4582	3.92085
100	4583	-0.817492
100	4584	1.69796
100	4585	1.94521
100	4586	-0.00762598
100	4587	4.5251
100	4588	1.1532
100	4589	-0.662543
100	4590	4.48607
100	4591	-0.641945
100	4592	3.26244
100	4593	0.243403
100	4594	-7.06706
100	4595	-0.363918
100	4596	0.607014
100	4597	-0.392052
100	4598	2.64709
100	4599	2.09595
100	4600	0.165235
100	4601	-0.0346018
100	4602	-1.03502
100	4603	3.63129
100	4604	-1.53861
100	4605	3.44873
100	4606	-2.29333
100	4607	-1.91819
100	4608	0.635135
100	4609	-1.02176
100	4610	3.18088
100	4611	-3.85405
100	4612	-0.319041
100	4613	-1.05771
100	4614	0.360475
100	4615	-1.69059
100	4616	2.52108
100	4617	8.73509
100	4618	-0.292511
100	4619	-2.02512
100	4620	-0.187346
100	4621	-5.53896
100	4622	3.02518
100	4623	-0.248705
100	4624	-3.54785
100	4625	-0.0511057
100	4626	20.5403
100	4627	0.967376
100	4628	-0.180437
100	4629	-0.31339
100	4630	-0.899587
100	4631	0.90458
100	4632	0.0605326
100	4633	1.66221
100	4634	0.862089
100	4635	-0.366648
100	4636	1.09507
100	4637	2.12174
100	4638	-3.0494
100	4639	-12.1807
100	4640	-1.33926
100	4641	-0.556524
100	4642	0.415437
100	4643	-1.77536
100	4644	3.95098
100	4645	-1.91712
100	4646	-1.90383
100	4647	-0.649161
100	4648	1.08483
100	4649	-1.584
100	4650	-0.520026
100	4651	-0.682229
100	4652	-0.722004
100	4653	1.14189
100	4654	-4.47868
100	4655	2.3152
100	4656	1.52121
100	4657	1.45897
100	4658	1.19515
100	4659	-0.731445
100	4660	0.309812
100	4661	-0.143255
100	4662	-0.0531183
100	4663	4.17761
100	4664	3.94585
100	4665	1.47941
100	4666	-0.546542
100	4667	-0.007062
100	4668	-0.774248
100	4669	4.67147
100	4670	-1.9778
100	4671	1.20527
100	4672	0.0489047
100	4673	-1.22433
100	4674	2.82733
100	4675	0.171712
100	4676	1.25225
100	4677	-0.759966
100	4678	-0.785182
100	4679	3.41069
100	4680	0.699683
100	4681	-1.75917
100	4682	1.00493
100	4683	0.290354
100	4684	-0.508329
100	4685	-17.9369
100	4686	-0.455338
100	4687	-1.97291
100	4688	-0.43879
100	4689	-0.0873789
100	4690	-0.17383
100	4691	-7.31663
100	4692	0.794556
100	4693	1.08011
100	4694	1.11485
100	4695	0.902415
100	4696	19.3919
100	4697	3.07092
100	4698	-0.362443
100	4699	2.35484
100	4700	1.59434
100	4701	0.453279
100	4702	0.996219
100	4703	-0.696445
100	4704	-0.72233
100	4705	-5.02046
100	4706	-0.919424
100	4707	2.64102
100	4708	-0.0923483
100	4709	-2.27466
100	4710	0.479056
100	4711	0.337243
100	4712	-0.122353
100	4713	-0.258084
100	4714	0.0346464
100	4715	-4.24866
100	4716	0.203446
100	4717	0.452864
100	4718	-0.257795
100	4719	2.20372
100	4720	0.117513
100	4721	-2.86784
100	4722	-2.10006
100	4723	-1.07537
100	4724	1.14204
100	4725	-25.6453
100	4726	0.149223
100	4727	1.18885
100	4728	1.51448
100	4729	-2.06225
100	4730	0.792211
100	4731	-1.82806
100	4732	0.33514
100	4733	0.634525
100	4734	25.1944
100	4735	-0.204606
100	4736	0.432635
100	4737	-1.21678
100	4738	1.75717
100	4739	0.905075
100	4740	-3.3579
100	4741	1.57291
100	4742	-2.08647
100	4743	0.0547498
100	4744	-0.561944
100	4745	0.60686
100	4746	0.644716
100	4747	-1.0963
100	4748	-1.83489
100	4749	0.11275
100	4750	-2.32046
100	4751	-0.347438
100	4752	8.02875
100	4753	-1.30812
100	4754	-0.857505
100	4755	-0.339314
100	4756	-0.385678
100	4757	-2.32981
100	4758	-0.549818
100	4759	1.12772
100	4760	0.488281
100	4761	-1.46722
100	4762	1.71136
100	4763	16.9841
100	4764	-3.51115
100	4765	18.3712
100	4766	-0.233766
100	4767	-0.176141
100	4768	0.662604
100	4769	-1.07186
100	4770	2.66016
100	4771	2.86537
100	4772	-3.03813
100	4773	-1.9669
100	4774	0.72279
100	4775	-1.06538
100	4776	0.519564
100	4777	-2.99168
100	4778	-1.65266
100	4779	1.72252
100	4780	0.88782
100	4781	11.0669
100	4782	-0.368614
100	4783	-0.194168
100	4784	0.271065
100	4785	0.904721
100	4786	-0.529732
100	4787	3.68038
100	4788	-0.216389
100	4789	1.09098
100	4790	-1.37032
100	4791	1.69873
100	4792	0.260033
100	4793	-37.4597
100	4794	-12.7042
100	4795	-0.0135081
100	4796	-2.25497
100	4797	-0.386759
100	4798	0.0333671
100	4799	0.379705
100	4800	-0.0420645
100	4801	-0.859671
100	4802	-1.13112
100	4803	-3.01516
100	4804	8.31235
100	4805	-0.378395
100	4806	14.3471
100	4807	1.03236
100	4808	-1.04621
100	4809	7.57048
100	4810	0.489053
100	4811	9.94663
100	4812	0.306267
100	4813	2.35111
100	4814	-4.48242
100	4815	0.618783
100	4816	0.67275
100	4817	-1.15745
100	4818	-9.06837
100	4819	-0.179248
100	4820	-0.360176
100	4821	-121.555
100	4822	3.9469
100	4823	-0.825643
100	4824	-0.481995
100	4825	-1.46925
100	4826	-0.563037
100	4827	2.27935
100	4828	-8.73042
100	4829	0.54873
100	4830	-0.394314
100	4831	-0.200814
100	4832	-0.717958
100	4833	2.54115
100	4834	0.845077
100	4835	-0.853178
100	4836	0.295284
100	4837	-0.193305
100	4838	0.807967
100	4839	0.171154
100	4840	-0.335952
100	4841	-4.50121
100	4842	-0.105314
100	4843	0.887739
100	4844	-1.11248
100	4845	-1.5855
100	4846	5.46037
100	4847	-4.58609
100	4848	-0.74806
100	4849	6.67429
100	4850	-0.99439
100	4851	1.16686
100	4852	2.7876
100	4853	-0.698998
100	4854	0.733144
100	4855	-0.125726
100	4856	-3.50824
100	4857	0.72792
100	4858	0.972376
100	4859	0.342799
100	4860	-3.16598
100	4861	0.732371
100	4862	43.312
100	4863	-0.54036
100	4864	2.96944
100	4865	5.7165
100	4866	0.357883
100	4867	0.473253
100	4868	-4.79899
100	4869	-1.08219
100	4870	0.772848
100	4871	-0.4932
100	4872	2.02274
100	4873	-0.0860267
100	4874	3.13686
100	4875	-0.503538
100	4876	0.908962
100	4877	0.0947149
100	4878	-0.268756
100	4879	-0.379724
100	4880	-0.0298795
100	4881	11.0345
100	4882	-2.74923
100	4883	8.26062
100	4884	-0.682634
100	4885	-1.61945
100	4886	1.97016
100	4887	0.227154
100	4888	-0.424313
100	4889	2.15218
100	4890	1.4075
100	4891	3.2508
100	4892	-0.835641
100	4893	-1.34151
100	4894	-0.00676535
100	4895	8.39574
100	4896	0.577902
100	4897	-1.40072
100	4898	1.00257
100	4899	5.35674
100	4900	-170.091
100	4901	2.42227
100	4902	-272.566
100	4903	0.718832
100	4904	-0.772281
100	4905	0.270101
100	4906	-0.602634
100	4907	0.607884
100	4908	-1.54571
100	4909	4.80875
100	4910	-1.07911
100	4911	-1.78187
100	4912	1.32059
100	4913	1.02695
100	4914	-1.46301
100	4915	0.946008
100	4916	0.212522
100	4917	2.69733
100	4918	2.99473
100	4919	2.71684
100	4920	-0.978296
100	4921	0.727879
100	4922	0.253016
100	4923	0.43113
100	4924	2.69442
100	4925	0.0375429
100	4926	48.832
100	4927	0.402653
100	4928	0.00620244
100	4929	5.22394
100	4930	1.28239
100	4931	0.945075
100	4932	-0.545573
100	4933	0.312301
100	4934	2.44823
100	4935	0.67398
100	4936	-7.99158
100	4937	0.335074
100	4938	-0.45193
100	4939	0.168893
100	4940	0.790727
100	4941	0.0566159
100	4942	0.806905
100	4943	-3.83153
100	4944	0.534825
100	4945	-0.425405
100	4946	-1.48216
100	4947	0.840707
100	4948	-0.890372
100	4949	-1.97157
100	4950	0.336732
100	4951	0.434
100	4952	0.185249
100	4953	2.40341
100	4954	-0.938731
100	4955	-1.42708
100	4956	4.10841
100	4957	5.00287
100	4958	0.0969201
100	4959	0.924625
100	4960	-1.22465
100	4961	2.12837
100	4962	117.229
100	4963	-1.05549
100	4964	-0.762184
100	4965	0.557984
100	4966	-0.368645
100	4967	0.419022
100	4968	-15.2092
100	4969	-3.15983
100	4970	-0.524378
100	4971	0.465088
100	4972	2.70784
100	4973	0.727392
100	4974	-0.819271
100	4975	-0.800574
100	4976	-0.508551
100	4977	-0.143726
100	4978	-0.0398163
100	4979	-1.82787
100	4980	-2.85527
100	4981	2.42886
100	4982	1.91345
100	4983	13.7326
100	4984	0.996275
100	4985	1.63104
100	4986	1.09261
100	4987	0.394724
100	4988	113.196
100	4989	-8.5941
100	4990	-4.78698
100	4991	-0.683735
100	4992	-0.115892
100	4993	1.85315
100	4994	-0.376948
100	4995	0.09168
100	4996	1.77934
100	4997	1.052
100	4998	0.639858
100	4999	-0.884681
100	5000	-3.2081
100	5001	-1.71477
100	5002	-0.572195
100	5003	0.41773
100	5004	-0.905138
100	5005	-0.272966
100	5006	0.614477
100	5007	-1.03489
100	5008	1.17781
100	5009	0.851012
100	5010	0.61467
100	5011	86.3244
100	5012	-7.29808
100	5013	0.340758
100	5014	-1.46833
100	5015	-0.571318
100	5016	-1.32212
100	5017	1.69098
100	5018	-40.5516
100	5019	6.1359
100	5020	-0.592757
100	5021	2.1974
100	5022	0.0904019
100	5023	-2.42413
100	5024	-0.162848
100	5025	-0.203787
100	5026	-15.9383
100	5027	0.586599
100	5028	-2.41899
100	5029	3.12007
100	5030	-1.98279
100	5031	-0.396655
100	5032	0.0139144
100	5033	-0.862293
100	5034	-0.632883
100	5035	-1.77427
100	5036	1.70891
100	5037	-0.220946
100	5038	-5.38743
100	5039	1.17687
100	5040	-20.6737
100	5041	3.02295
100	5042	-5.09427
100	5043	0.173135
100	5044	0.850655
100	5045	-0.491633
100	5046	-0.279342
100	5047	1.69013
100	5048	1.19145
100	5049	-0.46721
100	5050	-48.9326
100	5051	-0.546734
100	5052	0.249845
100	5053	-2.3109
100	5054	0.412182
100	5055	-0.604066
100	5056	-0.466486
100	5057	-0.755649
100	5058	1.6186
100	5059	-1.26644
100	5060	-1.39363
100	5061	2.13757
100	5062	-0.0615598
100	5063	-0.884185
100	5064	1.6193
100	5065	-5.45979
100	5066	-14.6772
100	5067	-0.325328
100	5068	-0.251269
100	5069	4.00101
100	5070	0.136877
100	5071	-1.1869
100	5072	0.415973
100	5073	-0.363744
100	5074	-0.745261
100	5075	-0.104979
100	5076	-0.836198
100	5077	-2.95945
100	5078	-2.14306
100	5079	0.558965
100	5080	-2.07135
100	5081	0.251619
100	5082	-0.192056
100	5083	0.361585
100	5084	-0.174938
100	5085	-1.71717
100	5086	1.23724
100	5087	-2.34105
100	5088	-0.357776
100	5089	0.473098
100	5090	-3.53939
100	5091	-3.88326
100	5092	-1.31786
100	5093	-0.746899
100	5094	0.428012
100	5095	0.22807
100	5096	-0.553173
100	5097	-4.40898
100	5098	0.453847
100	5099	-1.00223
100	5100	1.46194
100	5101	-1.05537
100	5102	0.469646
100	5103	-0.308355
100	5104	-2.60424
100	5105	0.128956
100	5106	-0.259007
100	5107	1.48781
100	5108	-0.320551
100	5109	1.8338
100	5110	2.36548
100	5111	-3.14472
100	5112	1.64773
100	5113	-0.398709
100	5114	1.10061
100	5115	7.43271
100	5116	0.611624
100	5117	-0.120308
100	5118	0.180567
100	5119	-2.26778
100	5120	2.65463
100	5121	-0.0334362
100	5122	0.132528
100	5123	-26.718
100	5124	-0.435457
100	5125	-3.60239
100	5126	-2.58961
100	5127	0.343633
100	5128	-1.95114
100	5129	1.1203
100	5130	-2.97155
100	5131	-1.94373
100	5132	-3.86592
100	5133	-0.126437
100	5134	-1.31339
100	5135	-14.6838
100	5136	0.641277
100	5137	-35.2493
100	5138	-1.6051
100	5139	-0.763695
100	5140	1.27238
100	5141	0.4465
100	5142	0.302259
100	5143	-0.853765
100	5144	1.0378
100	5145	-0.115024
100	5146	1.15485
100	5147	1.23283
100	5148	9.01097
100	5149	0.444854
100	5150	-1.59529
100	5151	-0.216176
100	5152	0.74565
100	5153	-0.229178
100	5154	-0.0345278
100	5155	0.657165
100	5156	-1.86676
100	5157	0.692497
100	5158	-0.610436
100	5159	0.0225647
100	5160	-2.53045
100	5161	0.903638
100	5162	-0.770478
100	5163	-0.357337
100	5164	3.07517
100	5165	-0.817056
100	5166	4.0964
100	5167	0.803255
100	5168	-7.77696
100	5169	3.6903
100	5170	-0.200649
100	5171	1.11795
100	5172	-1.41813
100	5173	-0.782468
100	5174	-1.51339
100	5175	-2.03351
100	5176	-4.05509
100	5177	0.26977
100	5178	1.13541
100	5179	0.896092
100	5180	-0.213895
100	5181	-2.53445
100	5182	-0.6758
100	5183	-1.13718
100	5184	0.42493
100	5185	-26.4459
100	5186	-1.22795
100	5187	-1.73702
100	5188	-0.0449988
100	5189	1.76771
100	5190	3.43452
100	5191	-0.820492
100	5192	0.637351
100	5193	0.149033
100	5194	-2.85802
100	5195	-0.348317
100	5196	0.344944
100	5197	-1.65014
100	5198	2.47327
100	5199	1.42452
100	5200	-1.09306
100	5201	0.532276
100	5202	-0.963891
100	5203	-4.29631
100	5204	1.23677
100	5205	2.24862
100	5206	0.130963
100	5207	0.445154
100	5208	3.39998
100	5209	0.0816429
100	5210	18.1191
100	5211	0.838064
100	5212	-0.83311
100	5213	-0.346421
100	5214	-0.414892
100	5215	0.449713
100	5216	-0.225668
100	5217	-0.485119
100	5218	0.0684942
100	5219	1.19459
100	5220	0.593022
100	5221	0.41232
100	5222	2.06103
100	5223	0.588047
100	5224	-0.198264
100	5225	-6.25695
100	5226	-0.660518
100	5227	6.34825
100	5228	0.584293
100	5229	3.50747
100	5230	-0.336751
100	5231	0.770648
100	5232	-0.295583
100	5233	0.575425
100	5234	-19.9329
100	5235	1.24852
100	5236	-4.72911
100	5237	-0.289959
100	5238	4.67739
100	5239	-0.782759
100	5240	-0.349003
100	5241	-269.59
100	5242	-0.996088
100	5243	-2.00577
100	5244	0.0178372
100	5245	4.46894
100	5246	-0.180886
100	5247	-14.6281
100	5248	0.598822
100	5249	11.077
100	5250	1.2661
100	5251	7.98046
100	5252	-2.14473
100	5253	-0.00356949
100	5254	-3.73207
100	5255	3.67141
100	5256	0.638185
100	5257	-0.550249
100	5258	-3.32181
100	5259	-5.74983
100	5260	-0.125916
100	5261	-2.37902
100	5262	2.01537
100	5263	0.494975
100	5264	-0.836483
100	5265	0.739484
100	5266	6.54482
100	5267	-0.57118
100	5268	-1.24326
100	5269	4.2876
100	5270	1.45643
100	5271	-2.77118
100	5272	5.06707
100	5273	0.420018
100	5274	-0.807578
100	5275	-1.96578
100	5276	0.0841083
100	5277	-1.5567
100	5278	-1.13244
100	5279	-0.252781
100	5280	0.784226
100	5281	0.974135
100	5282	-0.846982
100	5283	0.483224
100	5284	1.92192
100	5285	-5.88439
100	5286	-1.43907
100	5287	-1.96662
100	5288	4.63976
100	5289	30.3746
100	5290	-0.426321
100	5291	0.382278
100	5292	-0.219989
100	5293	3.41219
100	5294	-1.92805
100	5295	-2.73257
100	5296	1.46977
100	5297	0.214156
100	5298	-0.0766878
100	5299	0.166125
100	5300	0.525931
100	5301	-1.39891
100	5302	1.45047
100	5303	0.280844
100	5304	0.16978
100	5305	1.22772
100	5306	0.918932
100	5307	-0.0274593
100	5308	0.686217
100	5309	-1.6321
100	5310	3.02714
100	5311	-0.200584
100	5312	0.803466
100	5313	0.420832
100	5314	-0.653064
100	5315	-7.32789
100	5316	0.213997
100	5317	-7.45288
100	5318	-3.54402
100	5319	-0.932543
100	5320	7.68175
100	5321	1.20397
100	5322	0.771153
100	5323	2.87287
100	5324	1.03608
100	5325	17.3372
100	5326	0.964836
100	5327	0.541286
100	5328	-0.334791
100	5329	1.43335
100	5330	-0.457179
100	5331	-0.24228
100	5332	0.41956
100	5333	-8.26275
100	5334	1.20157
100	5335	-0.627248
100	5336	-1.1383
100	5337	0.612456
100	5338	1.25631
100	5339	0.502498
100	5340	-0.115942
100	5341	0.773942
100	5342	-0.395237
100	5343	0.160202
100	5344	-0.135216
100	5345	0.263702
100	5346	-1.25937
100	5347	-0.393711
100	5348	-1.331
100	5349	-0.168667
100	5350	-13.5074
100	5351	0.628823
100	5352	0.302657
100	5353	0.586513
100	5354	-0.383708
100	5355	7.77286
100	5356	-0.754533
100	5357	-42.3366
100	5358	23.7444
100	5359	-1.41448
100	5360	0.425814
100	5361	43.0854
100	5362	0.444252
100	5363	2.76413
100	5364	-0.356229
100	5365	1.87948
100	5366	-0.317221
100	5367	1.6006
100	5368	-0.0909323
100	5369	-5.12331
100	5370	2.9896
100	5371	-4.99378
100	5372	0.47283
100	5373	-4.64866
100	5374	-0.698871
100	5375	-1.84244
100	5376	-1.47908
100	5377	0.924272
100	5378	-4.4446
100	5379	0.274895
100	5380	-2.49813
100	5381	-2.70091
100	5382	0.946242
100	5383	-0.136156
100	5384	-3.47896
100	5385	0.491727
100	5386	-4.32966
100	5387	0.246321
100	5388	1.06598
100	5389	-0.472668
100	5390	1.05129
100	5391	-0.875374
100	5392	-9.23391
100	5393	-1.80596
100	5394	0.288981
100	5395	-0.546657
100	5396	-1.34802
100	5397	0.57861
100	5398	1.38003
100	5399	1.71547
100	5400	-0.635375
100	5401	0.0785984
100	5402	0.174077
100	5403	0.569223
100	5404	1.08184
100	5405	-0.661352
100	5406	93.8165
100	5407	2.89442
100	5408	0.920488
100	5409	17.9475
100	5410	-1.27549
100	5411	0.481174
100	5412	0.469726
100	5413	-3.44557
100	5414	-0.275482
100	5415	-0.0187878
100	5416	-0.0334596
100	5417	0.0106735
100	5418	0.0144883
100	5419	1.68785
100	5420	-1.77672
100	5421	4.24311
100	5422	0.488483
100	5423	4.75582
100	5424	-0.876415
100	5425	1.61393
100	5426	-4.01547
100	5427	0.510393
100	5428	-2.92467
100	5429	-13.773
100	5430	0.770451
100	5431	2.6485
100	5432	0.372852
100	5433	-12.0439
100	5434	0.273045
100	5435	-1.20945
100	5436	-0.225699
100	5437	-0.173811
100	5438	-0.561292
100	5439	2.37786
100	5440	2.43448
100	5441	-1.61737
100	5442	5.57871
100	5443	2.69973
100	5444	-3.91767
100	5445	-4.28993
100	5446	-0.519235
100	5447	0.635908
100	5448	0.595241
100	5449	1.08969
100	5450	1.09557
100	5451	-0.834488
100	5452	11.0461
100	5453	-0.170024
100	5454	2.87339
100	5455	-0.606063
100	5456	1.51887
100	5457	-2.78368
100	5458	-0.137812
100	5459	0.24672
100	5460	0.835145
100	5461	-3.0949
100	5462	-71.5515
100	5463	-0.731385
100	5464	-0.329704
100	5465	0.782082
100	5466	1.23039
100	5467	0.243386
100	5468	-3.47072
100	5469	-0.511848
100	5470	0.425492
100	5471	2.41585
100	5472	-14.6153
100	5473	-0.124162
100	5474	-1.30433
100	5475	-0.394534
100	5476	-0.680499
100	5477	0.351426
100	5478	-0.412112
100	5479	-0.13415
100	5480	-2.32617
100	5481	-1.34152
100	5482	0.0762973
100	5483	2.47101
100	5484	3.38928
100	5485	-1.44087
100	5486	0.628169
100	5487	-0.17585
100	5488	-0.181214
100	5489	-0.692321
100	5490	0.177175
100	5491	2.23354
100	5492	-0.578136
100	5493	-0.821866
100	5494	1.53919
100	5495	-2.64135
100	5496	0.447192
100	5497	1.00665
100	5498	3.81871
100	5499	-1.13662
100	5500	5.23438
100	5501	8.54272
100	5502	-3.71272
100	5503	1.40613
100	5504	-0.149352
100	5505	0.7451
100	5506	-1.55789
100	5507	-0.259249
100	5508	-0.612374
100	5509	-0.329547
100	5510	0.0788244
100	5511	1.60223
100	5512	2.07742
100	5513	2.39556
100	5514	-0.173388
100	5515	-4.96683
100	5516	4.18248
100	5517	-0.515775
100	5518	-21.1786
100	5519	0.296645
100	5520	3.02087
100	5521	-1.68712
100	5522	-1.5807
100	5523	-0.1366
100	5524	-1.54369
100	5525	1.63984
100	5526	-3.52171
100	5527	-0.35034
100	5528	-1.22468
100	5529	0.108849
100	5530	4.36056
100	5531	7.77683
100	5532	-1.79215
100	5533	-6.23196
100	5534	2.89634
100	5535	-0.932499
100	5536	-0.682994
100	5537	-0.575604
100	5538	0.957727
100	5539	-0.17577
100	5540	0.937659
100	5541	-0.520795
100	5542	0.586811
100	5543	-0.134095
100	5544	2.14647
100	5545	-0.356952
100	5546	-2.22865
100	5547	-30.776
100	5548	1.25496
100	5549	0.236436
100	5550	0.022123
100	5551	-10.7453
100	5552	-12.6538
100	5553	0.416197
100	5554	-0.346079
100	5555	0.787912
100	5556	-4.90736
100	5557	-1.06689
100	5558	0.253276
100	5559	0.921177
100	5560	-0.129549
100	5561	-1.98983
100	5562	1.95669
100	5563	-0.926486
100	5564	-0.723468
100	5565	1.05519
100	5566	-1.43227
100	5567	0.30718
100	5568	0.865095
100	5569	-0.835262
100	5570	-2.61609
100	5571	1.30835
100	5572	0.943972
100	5573	1.06739
100	5574	-0.0936942
100	5575	-1.07831
100	5576	-0.0140099
100	5577	1.36291
100	5578	-0.0793461
100	5579	1.35267
100	5580	3.16724
100	5581	-0.816813
100	5582	0.0624066
100	5583	-0.322466
100	5584	3.22355
100	5585	1.60501
100	5586	-0.499255
100	5587	-0.872899
100	5588	-3.04114
100	5589	-0.116651
100	5590	0.313379
100	5591	-0.522991
100	5592	3.23238
100	5593	-6.20391
100	5594	1.00088
100	5595	0.2024
100	5596	-0.781473
100	5597	-1.41986
100	5598	-0.979517
100	5599	-1.09325
100	5600	-2.18663
100	5601	0.787737
100	5602	-0.783739
100	5603	4.40566
100	5604	9.13261
100	5605	0.292128
100	5606	-4.02668
100	5607	-0.613821
100	5608	5.69266
100	5609	-0.837518
100	5610	0.354944
100	5611	0.613815
100	5612	-0.0930463
100	5613	0.910734
100	5614	-1.70848
100	5615	-2.75637
100	5616	0.696345
100	5617	0.337737
100	5618	14.7999
100	5619	-6.17563
100	5620	-2.08628
100	5621	0.429294
100	5622	-135.689
100	5623	19.7208
100	5624	-0.616435
100	5625	-0.436974
100	5626	-0.280774
100	5627	0.656463
100	5628	-0.389872
100	5629	3.19973
100	5630	-39.7224
100	5631	-0.546581
100	5632	1.28305
100	5633	-8.27784
100	5634	0.131198
100	5635	1.27195
100	5636	4.77357
100	5637	1.12008
100	5638	-1.00938
100	5639	-1.41063
100	5640	0.554359
100	5641	-2.29627
100	5642	5.21654
100	5643	0.807765
100	5644	0.645302
100	5645	-0.155341
100	5646	-0.293687
100	5647	5.66147
100	5648	-0.437497
100	5649	-0.88239
100	5650	1.47707
100	5651	-3.5665
100	5652	1.31652
100	5653	1.70336
100	5654	2.29778
100	5655	-0.0109127
100	5656	-0.323512
100	5657	2.54938
100	5658	0.665559
100	5659	1.65857
100	5660	-1.70871
100	5661	0.253062
100	5662	-0.230005
100	5663	1.46618
100	5664	0.495891
100	5665	6.02017
100	5666	-3.07132
100	5667	-1.36998
100	5668	1.24323
100	5669	-17.7988
100	5670	3.17715
100	5671	-0.621965
100	5672	-0.00317851
100	5673	-0.542136
100	5674	0.551151
100	5675	0.509392
100	5676	-1.06187
100	5677	0.684757
100	5678	1.77377
100	5679	-1.95433
100	5680	-1.12828
100	5681	0.671296
100	5682	0.79253
100	5683	-0.501426
100	5684	-3.5267
100	5685	-5.20523
100	5686	-29.1306
100	5687	-4.22179
100	5688	0.644201
100	5689	6.45569
100	5690	2.4741
100	5691	1.76601
100	5692	-0.262621
100	5693	-1.79012
100	5694	-0.376164
100	5695	2.91709
100	5696	-1.28511
100	5697	-0.689191
100	5698	1.67442
100	5699	6.26427
100	5700	0.414416
100	5701	0.807518
100	5702	-37.4337
100	5703	-1.62948
100	5704	-0.275009
100	5705	-0.417501
100	5706	1.07189
100	5707	4.02965
100	5708	1.56323
100	5709	0.295612
100	5710	14.4774
100	5711	-0.590812
100	5712	1.76497
100	5713	12.4677
100	5714	2.69574
100	5715	1.73666
100	5716	-1.24705
100	5717	-1.40993
100	5718	-0.482869
100	5719	0.981412
100	5720	-0.828798
100	5721	-0.28261
100	5722	-1.69317
100	5723	1.21875
100	5724	-13.6958
100	5725	-1.07146
100	5726	0.153045
100	5727	-1.011
100	5728	-2.55768
100	5729	-0.144447
100	5730	-0.87481
100	5731	0.856304
100	5732	27.9863
100	5733	0.357461
100	5734	-1.35648
100	5735	-1.44101
100	5736	1.43711
100	5737	1.82543
100	5738	-0.156653
100	5739	-2.05057
100	5740	0.712046
100	5741	-1.78763
100	5742	-0.96625
100	5743	-2.66736
100	5744	-2.64387
100	5745	-0.255228
100	5746	0.0922037
100	5747	-7.47229
100	5748	1.07259
100	5749	0.905308
100	5750	4.6998
100	5751	-0.443216
100	5752	-1.4697
100	5753	0.0364477
100	5754	2.14373
100	5755	-0.41536
100	5756	0.548285
100	5757	-0.394162
100	5758	-1.10938
100	5759	0.82046
100	5760	0.244508
100	5761	0.772926
100	5762	0.617804
100	5763	2.09358
100	5764	-0.750674
100	5765	-4.51239
100	5766	0.610833
100	5767	-1.3817
100	5768	0.797724
100	5769	-2.01401
100	5770	-0.12632
100	5771	-3.53314
100	5772	3.07555
100	5773	-0.108529
100	5774	-17.4028
100	5775	-0.411329
100	5776	0.822254
100	5777	-1.42958
100	5778	-0.294788
100	5779	1.06302
100	5780	-0.219143
100	5781	0.143972
100	5782	0.228557
100	5783	-1.60284
100	5784	-0.0439886
100	5785	0.360093
100	5786	-26.7926
100	5787	0.0230467
100	5788	-0.206953
100	5789	1.01715
100	5790	-3.6675
100	5791	0.601718
100	5792	-8.73968
100	5793	-0.00850157
100	5794	27.1609
100	5795	-7.05672
100	5796	0.370571
100	5797	-0.964925
100	5798	0.178301
100	5799	-61.9644
100	5800	0.350303
100	5801	0.88703
100	5802	-4.6603
100	5803	-1.19359
100	5804	1.6119
100	5805	-1.47029
100	5806	-0.680111
100	5807	-0.422745
100	5808	-1.37887
100	5809	-4.84543
100	5810	2.80487
100	5811	-0.590809
100	5812	1.56423
100	5813	1.37422
100	5814	0.794723
100	5815	-0.653458
100	5816	-1.82754
100	5817	0.513025
100	5818	6.79627
100	5819	3.04931
100	5820	-5.78181
100	5821	-2.47865
100	5822	25.5468
100	5823	-2.96643
100	5824	-0.494142
100	5825	-1.02298
100	5826	-2.27821
100	5827	-0.15104
100	5828	0.964381
100	5829	-3.61082
100	5830	0.279261
100	5831	-0.435768
100	5832	-5.70867
100	5833	2.53279
100	5834	1.32291
100	5835	0.54527
100	5836	31.1808
100	5837	-0.873019
100	5838	-0.53492
100	5839	-0.219009
100	5840	-0.472264
100	5841	-0.102987
100	5842	-1.12484
100	5843	-0.590236
100	5844	0.335955
100	5845	0.762936
100	5846	0.356779
100	5847	-0.183071
100	5848	-1.74743
100	5849	0.646544
100	5850	3.46838
100	5851	-3.63508
100	5852	-1.17512
100	5853	0.946268
100	5854	-1.00711
100	5855	-0.0135237
100	5856	0.205267
100	5857	3.54374
100	5858	0.457981
100	5859	0.976345
100	5860	-0.102587
100	5861	-1.09622
100	5862	3.93197
100	5863	4.25309
100	5864	0.606901
100	5865	-2.82027
100	5866	0.294143
100	5867	-3.56483
100	5868	-1.51185
100	5869	1.789
100	5870	-1.97453
100	5871	-1.0208
100	5872	-1.59956
100	5873	-1.00945
100	5874	14.2068
100	5875	-0.381729
100	5876	17.2056
100	5877	-0.326301
100	5878	1.20226
100	5879	0.860831
100	5880	7.29078
100	5881	-2.39383
100	5882	0.093188
100	5883	-8.33629
100	5884	-1.84315
100	5885	0.308243
100	5886	0.857704
100	5887	6.76531
100	5888	-0.585953
100	5889	1.56015
100	5890	-0.0579474
100	5891	-0.340324
100	5892	0.479975
100	5893	-1.28341
100	5894	-15.372
100	5895	3.52835
100	5896	14.7987
100	5897	0.533355
100	5898	-1.09306
100	5899	-1.67353
100	5900	-0.69679
100	5901	-1.55637
100	5902	-36.5238
100	5903	-0.590876
100	5904	1.17108
100	5905	1.18059
100	5906	-0.0869347
100	5907	0.135047
100	5908	5.06111
100	5909	0.703194
100	5910	1.40235
100	5911	-0.911339
100	5912	-0.764246
100	5913	-0.488413
100	5914	-0.592621
100	5915	0.607605
100	5916	-0.58353
100	5917	0.523754
100	5918	0.828458
100	5919	0.132624
100	5920	0.496409
100	5921	-0.115096
100	5922	-0.226412
100	5923	-0.482957
100	5924	-0.41095
100	5925	0.351833
100	5926	0.588137
100	5927	-0.820298
100	5928	-0.310367
100	5929	0.936717
100	5930	0.678215
100	5931	-0.9247
100	5932	0.243043
100	5933	1.39495
100	5934	-4.2697
100	5935	-0.161183
100	5936	-0.102025
100	5937	-2.21016
100	5938	-2.58309
100	5939	-1.2958
100	5940	-0.670382
100	5941	12.7117
100	5942	-3.30023
100	5943	0.556018
100	5944	8.73833
100	5945	-0.516701
100	5946	1.42994
100	5947	-2.85962
100	5948	-0.534612
100	5949	-0.39895
100	5950	0.613694
100	5951	0.0779878
100	5952	2.74722
100	5953	-0.304949
100	5954	1.36318
100	5955	-1.3722
100	5956	-0.15876
100	5957	-24.2811
100	5958	0.614544
100	5959	0.361219
100	5960	-11.2699
100	5961	3.72667
100	5962	-0.213149
100	5963	1.82535
100	5964	2.60515
100	5965	0.396726
100	5966	-0.808987
100	5967	1.49377
100	5968	-9.48733
100	5969	-11.4746
100	5970	0.551153
100	5971	0.254705
100	5972	0.620939
100	5973	0.791522
100	5974	21.8053
100	5975	1.33311
100	5976	-6.04071
100	5977	2.93285
100	5978	1.13206
100	5979	0.0467172
100	5980	5.18568
100	5981	12.3082
100	5982	0.791339
100	5983	-0.382383
100	5984	-33.3268
100	5985	12.9283
100	5986	-1.72623
100	5987	0.202886
100	5988	-0.380136
100	5989	-1.33556
100	5990	2.80247
100	5991	-3.02765
100	5992	24.1082
100	5993	0.0469944
100	5994	1.5533
100	5995	-1714.04
100	5996	-1.09259
100	5997	-10.014
100	5998	-0.104585
100	5999	-4.7651
100	6000	-0.0915362
100	6001	-0.28342
100	6002	2.65118
100	6003	-1.05073
100	6004	0.595113
100	6005	0.726113
100	6006	-1.07692
100	6007	4.43828
100	6008	0.585427
100	6009	0.816425
100	6010	0.488528
100	6011	-0.96098
100	6012	-0.362112
100	6013	-1.13903
100	6014	0.36972
100	6015	-3.55004
100	6016	-1.12361
100	6017	0.0581285
100	6018	2.27995
100	6019	-0.242553
100	6020	0.161667
100	6021	1.05037
100	6022	-2.4284
100	6023	1.20227
100	6024	-0.742784
100	6025	0.323524
100	6026	-1.02038
100	6027	-0.936441
100	6028	-2.21286
100	6029	0.765083
100	6030	-0.337459
100	6031	-1.67166
100	6032	5.02777
100	6033	0.632553
100	6034	-7.2055
100	6035	-1.83326
100	6036	-116.643
100	6037	1.12163
100	6038	-0.297568
100	6039	0.203547
100	6040	0.699347
100	6041	-1.15367
100	6042	-0.495756
100	6043	-0.230264
100	6044	-0.723449
100	6045	0.496991
100	6046	-0.805038
100	6047	0.275061
100	6048	1.02216
100	6049	-0.412608
100	6050	-1.73856
100	6051	-1.45215
100	6052	-2.89071
100	6053	-1.77724
100	6054	-2.09524
100	6055	0.115217
100	6056	0.0982927
100	6057	-0.279102
100	6058	-4.86873
100	6059	-0.78654
100	6060	-1.94074
100	6061	0.559648
100	6062	0.710381
100	6063	-0.914051
100	6064	-9.81324
100	6065	0.774167
100	6066	-0.0312646
100	6067	17.6793
100	6068	-1.85865
100	6069	0.499024
100	6070	20.7502
100	6071	1.03083
100	6072	1.7469
100	6073	-7.99668
100	6074	-1.73236
100	6075	-0.0338202
100	6076	1.89813
100	6077	1.96413
100	6078	-1.26424
100	6079	-2.21226
100	6080	5.05956
100	6081	-1.49624
100	6082	-2.47044
100	6083	-8.95159
100	6084	-1.08808
100	6085	-25.0486
100	6086	-0.195354
100	6087	2.35372
100	6088	-2.78624
100	6089	-0.627967
100	6090	0.381237
100	6091	-0.29267
100	6092	-11.6322
100	6093	0.71398
100	6094	0.153186
100	6095	-5.51874
100	6096	1.00745
100	6097	-1.61659
100	6098	0.850129
100	6099	0.0468239
100	6100	0.0219963
100	6101	1.76286
100	6102	0.296597
100	6103	0.274257
100	6104	2.83951
100	6105	-0.186309
100	6106	2.52204
100	6107	0.0686048
100	6108	2.72239
100	6109	-1.00498
100	6110	2.35737
100	6111	-67.8104
100	6112	-5.68902
100	6113	-0.971984
100	6114	0.163702
100	6115	-0.409903
100	6116	-0.755472
100	6117	-0.270747
100	6118	-0.501515
100	6119	-2.30677
100	6120	0.62469
100	6121	1.96972
100	6122	0.538213
100	6123	0.000650678
100	6124	0.925721
100	6125	-3.31133
100	6126	0.205979
100	6127	1.17938
100	6128	-0.349212
100	6129	-1.29978
100	6130	1.63305
100	6131	0.676712
100	6132	-49.2512
100	6133	-1.5948
100	6134	2.51108
100	6135	1.97403
100	6136	0.0222863
100	6137	-6.37019
100	6138	-0.222215
100	6139	1.72998
100	6140	1.49293
100	6141	-2.26916
100	6142	11.9051
100	6143	2.13658
100	6144	0.780321
100	6145	0.793068
100	6146	0.739518
100	6147	1.05295
100	6148	-0.54932
100	6149	0.0783154
100	6150	-2.75957
100	6151	0.735416
100	6152	3.56463
100	6153	-10.8072
100	6154	-0.432774
100	6155	-0.158687
100	6156	-0.183283
100	6157	0.506165
100	6158	-0.608018
100	6159	-0.178103
100	6160	2.66778
100	6161	0.855384
100	6162	0.636926
100	6163	-0.511933
100	6164	4.5712
100	6165	-2.73377
100	6166	-2.78171
100	6167	2.93453
100	6168	1.67248
100	6169	-1.4564
100	6170	1.74059
100	6171	-1.76651
100	6172	0.0851308
100	6173	-1.37574
100	6174	82.736
100	6175	-30.9379
100	6176	1.31793
100	6177	0.514597
100	6178	2.20876
100	6179	1.82366
100	6180	1.94873
100	6181	0.586681
100	6182	-3.48852
100	6183	0.641134
100	6184	-11.7551
100	6185	-1.18033
100	6186	-6.31055
100	6187	-0.37951
100	6188	-0.80608
100	6189	15.2035
100	6190	0.452244
100	6191	-14.4381
100	6192	-0.813375
100	6193	-0.627757
100	6194	-0.208047
100	6195	1.69682
100	6196	9.09995
100	6197	2.12054
100	6198	3.6489
100	6199	-3.22333
100	6200	-0.581312
100	6201	2.67585
100	6202	-0.572588
100	6203	0.922677
100	6204	-3.2265
100	6205	-0.52358
100	6206	9.10555
100	6207	8.07645
100	6208	-1.05605
100	6209	-0.937264
100	6210	-0.360011
100	6211	0.131116
100	6212	-3.12268
100	6213	-0.34211
100	6214	-84.107
100	6215	0.139566
100	6216	-10.5712
100	6217	1.13217
100	6218	1.38261
100	6219	-5.19633
100	6220	-2.09895
100	6221	-0.332219
100	6222	7.60707
100	6223	16.7429
100	6224	1.06597
100	6225	-0.837797
100	6226	0.462767
100	6227	-0.615389
100	6228	-2.40287
100	6229	-0.249184
100	6230	-0.483204
100	6231	-0.93386
100	6232	0.821978
100	6233	-2.2962
100	6234	-1.62972
100	6235	-0.069282
100	6236	-1.47102
100	6237	-9.73506
100	6238	4.94593
100	6239	1.31312
100	6240	-1.76593
100	6241	-0.34223
100	6242	0.259036
100	6243	-4.21557
100	6244	1.23826
100	6245	0.227251
100	6246	0.566239
100	6247	1.17824
100	6248	-17.6139
100	6249	7.32455
100	6250	4.15715
100	6251	0.169753
100	6252	0.22052
100	6253	-0.756253
100	6254	0.483
100	6255	3.95462
100	6256	0.389374
100	6257	-2.65017
100	6258	2.32963
100	6259	-0.747353
100	6260	0.157429
100	6261	64.5634
100	6262	2.50359
100	6263	1.10147
100	6264	-0.295853
100	6265	1.02742
100	6266	0.892602
100	6267	-0.707017
100	6268	-0.831006
100	6269	1.41096
100	6270	3.90635
100	6271	-4.75227
100	6272	0.298463
100	6273	-7.25622
100	6274	-3.07668
100	6275	-1.22595
100	6276	-0.793603
100	6277	1.16312
100	6278	-0.814888
100	6279	26.781
100	6280	0.37939
100	6281	-2.93285
100	6282	-8.5962
100	6283	-0.2529
100	6284	-0.559584
100	6285	1.15471
100	6286	-0.356056
100	6287	-0.535869
100	6288	-0.825799
100	6289	-0.0209217
100	6290	5.04029
100	6291	-0.0849369
100	6292	-0.948815
100	6293	-0.162672
100	6294	1.58425
100	6295	17.6634
100	6296	2.31398
100	6297	2.45023
100	6298	-1.69373
100	6299	0.822347
100	6300	0.544319
100	6301	-2.97794
100	6302	0.635364
100	6303	7.92876
100	6304	-15.5201
100	6305	-0.172515
100	6306	-0.166148
100	6307	-0.244397
100	6308	-0.0480924
100	6309	-0.239592
100	6310	0.895238
100	6311	4.17236
100	6312	0.706104
100	6313	-0.321516
100	6314	6.69294
100	6315	1.86296
100	6316	-4.4038
100	6317	-2.58828
100	6318	-1.82828
100	6319	-3.63474
100	6320	345.168
100	6321	3.64363
100	6322	3.10425
100	6323	1.22287
100	6324	-2.22035
100	6325	-0.17875
100	6326	-0.605164
100	6327	0.0136257
100	6328	-0.691342
100	6329	1.13264
100	6330	-2.64155
100	6331	20.3583
100	6332	1.83197
100	6333	2.09384
100	6334	-0.405311
100	6335	0.338593
100	6336	8.69241
100	6337	0.264874
100	6338	0.0744548
100	6339	1.36693
100	6340	-0.629759
100	6341	-0.877454
100	6342	0.504155
100	6343	-8.77698
100	6344	1.71369
100	6345	1.91282
100	6346	0.525686
100	6347	-1.60317
100	6348	0.186967
100	6349	-0.878028
100	6350	1.07557
100	6351	-0.675603
100	6352	-1.93603
100	6353	-0.197235
100	6354	-2.36661
100	6355	-1.42771
100	6356	-0.352688
100	6357	5.2364
100	6358	14.5494
100	6359	1.82814
100	6360	-0.367121
100	6361	-0.014797
100	6362	0.813688
100	6363	0.416912
100	6364	0.0466931
100	6365	-5.66536
100	6366	-0.61132
100	6367	1.16504
100	6368	-38.8459
100	6369	0.237119
100	6370	3.03507
100	6371	-3.47303
100	6372	-1.56432
100	6373	0.709704
100	6374	-0.80727
100	6375	0.891476
100	6376	-0.235611
100	6377	29.435
100	6378	-44.4206
100	6379	-2.78084
100	6380	-0.148981
100	6381	-1.51846
100	6382	0.473934
100	6383	-0.887969
100	6384	0.140383
100	6385	1.7001
100	6386	-5.0237
100	6387	-2.13052
100	6388	-1.66128
100	6389	-2.61842
100	6390	0.293074
100	6391	8.2261
100	6392	-0.975308
100	6393	7.77362
100	6394	0.488276
100	6395	0.782089
100	6396	0.480307
100	6397	2.89889
100	6398	-0.385293
100	6399	-1.16905
100	6400	-6.04877
100	6401	-1.24972
100	6402	-3.01362
100	6403	0.932375
100	6404	2.75125
100	6405	0.0987068
100	6406	-0.276605
100	6407	0.0396784
100	6408	-0.830516
100	6409	-0.460191
100	6410	-3.02455
100	6411	-0.413845
100	6412	-0.312662
100	6413	7.06946
100	6414	2.49394
100	6415	1.01836
100	6416	17.3481
100	6417	0.554467
100	6418	32.4641
100	6419	0.46869
100	6420	-3.76106
100	6421	0.198237
100	6422	-56.5393
100	6423	-0.576921
100	6424	0.684405
100	6425	0.984523
100	6426	0.803423
100	6427	-9.71278
100	6428	1.06922
100	6429	-0.227659
100	6430	0.975982
100	6431	-5.69633
100	6432	-25.2034
100	6433	1.93531
100	6434	0.13927
100	6435	-0.0402581
100	6436	3.69473
100	6437	-0.528443
100	6438	-0.30964
100	6439	18.4862
100	6440	0.482527
100	6441	-0.200302
100	6442	-3.26155
100	6443	-0.378989
100	6444	0.358257
100	6445	-24.8652
100	6446	-0.355774
100	6447	-1.72383
100	6448	-0.112379
100	6449	1.55795
100	6450	-0.471244
100	6451	-7.14512
100	6452	-16.898
100	6453	10.5748
100	6454	-0.297407
100	6455	-0.813779
100	6456	0.798704
100	6457	-0.93017
100	6458	-0.328048
100	6459	1.96483
100	6460	7.19251
100	6461	-1.45731
100	6462	145.06
100	6463	0.622026
100	6464	1.42913
100	6465	1.97059
100	6466	-4.82722
100	6467	1.79389
100	6468	-1.99101
100	6469	-0.0297044
100	6470	-2.77656
100	6471	0.27641
100	6472	32.392
100	6473	-1.42646
100	6474	-3.00424
100	6475	-0.840169
100	6476	0.965858
100	6477	0.977028
100	6478	-1.32598
100	6479	1.25487
100	6480	-5.92498
100	6481	-0.268827
100	6482	-0.120382
100	6483	-0.976496
100	6484	-0.128453
100	6485	-1.28053
100	6486	-1.65444
100	6487	-2.36184
100	6488	-15.4331
100	6489	-2.26256
100	6490	1.03004
100	6491	2.09467
100	6492	-0.402849
100	6493	0.730484
100	6494	0.0345702
100	6495	1.82019
100	6496	-2.46439
100	6497	-0.419727
100	6498	1.54751
100	6499	-1.48345
100	6500	1.96767
100	6501	5.01771
100	6502	-1.13653
100	6503	-1.68037
100	6504	5.71694
100	6505	-0.716798
100	6506	-0.0951017
100	6507	-0.993553
100	6508	0.591239
100	6509	11.2449
100	6510	-1.84956
100	6511	0.471902
100	6512	0.0335462
100	6513	-0.699475
100	6514	0.136429
100	6515	-1.23822
100	6516	-0.532589
100	6517	-0.0233944
100	6518	-0.696444
100	6519	5.61504
100	6520	1.39652
100	6521	0.147303
100	6522	0.120346
100	6523	-2.05266
100	6524	3.62692
100	6525	1.41246
100	6526	0.278796
100	6527	0.690737
100	6528	-0.349621
100	6529	-0.437174
100	6530	8.98149
100	6531	-5.26654
100	6532	0.589672
100	6533	0.101921
100	6534	-1.24568
100	6535	0.749421
100	6536	-0.896371
100	6537	-0.368894
100	6538	-0.571207
100	6539	-0.73189
100	6540	0.0656603
100	6541	-1.30389
100	6542	3.93693
100	6543	-1.68316
100	6544	0.188543
100	6545	0.60992
100	6546	4.95494
100	6547	-0.152541
100	6548	1.83303
100	6549	0.678267
100	6550	0.704639
100	6551	0.203891
100	6552	1.21993
100	6553	4.51164
100	6554	-6.88269
100	6555	0.934595
100	6556	-92.1484
100	6557	-1.62215
100	6558	-0.276119
100	6559	7.34299
100	6560	-0.138236
100	6561	1.31143
100	6562	-1.01543
100	6563	5.8869
100	6564	-0.307602
100	6565	0.35028
100	6566	-0.339037
100	6567	-0.426566
100	6568	-3.31289
100	6569	-1.25382
100	6570	2.76247
100	6571	0.624072
100	6572	6.46379
100	6573	0.0444048
100	6574	3.51115
100	6575	-0.815384
100	6576	-1.77238
100	6577	3.24044
100	6578	-0.461649
100	6579	-2.1677
100	6580	1.48242
100	6581	-0.220049
100	6582	0.361596
100	6583	-0.789546
100	6584	0.680875
100	6585	0.965389
100	6586	-1.3206
100	6587	0.0543511
100	6588	-0.60109
100	6589	0.76914
100	6590	-1.46605
100	6591	1.55268
100	6592	-0.734056
100	6593	4.81941
100	6594	6.93007
100	6595	-24.9568
100	6596	-1.76911
100	6597	1.47161
100	6598	-0.125806
100	6599	16.9679
100	6600	-0.649079
100	6601	-1.11037
100	6602	0.946369
100	6603	-0.019222
100	6604	3.05065
100	6605	0.223998
100	6606	-5.76224
100	6607	1.13883
100	6608	0.0572002
100	6609	-0.187223
100	6610	2.18472
100	6611	0.429518
100	6612	-4.76085
100	6613	36.178
100	6614	0.226591
100	6615	-1.04733
100	6616	-0.356416
100	6617	-0.497459
100	6618	-1.09973
100	6619	0.469261
100	6620	-4.1687
100	6621	3.60642
100	6622	2.8895
100	6623	-0.870695
100	6624	2.64505
100	6625	-2.19773
100	6626	-0.0850198
100	6627	-1.03246
100	6628	-0.343598
100	6629	-5.67638
100	6630	-0.0180943
100	6631	-0.0622332
100	6632	-2.07768
100	6633	-8.16914
100	6634	-4.66765
100	6635	-5.74746
100	6636	-2.23506
100	6637	1.15073
100	6638	-1.97674
100	6639	-5.24005
100	6640	0.51726
100	6641	-1.81721
100	6642	-1.7462
100	6643	0.454723
100	6644	13.7091
100	6645	-1.12035
100	6646	1.7241
100	6647	-0.177322
100	6648	-3.25064
100	6649	6.67759
100	6650	0.0332292
100	6651	0.281565
100	6652	-1.9178
100	6653	0.390246
100	6654	-0.179502
100	6655	0.849398
100	6656	3.02119
100	6657	-2.87982
100	6658	0.636116
100	6659	1.97224
100	6660	-0.787571
100	6661	-1.63587
100	6662	-2.60923
100	6663	0.724326
100	6664	-0.981821
100	6665	-2.6726
100	6666	0.0751497
100	6667	0.618854
100	6668	-1.02715
100	6669	-0.731343
100	6670	-1.37898
100	6671	2.01634
100	6672	-0.00964275
100	6673	4.54445
100	6674	-10.2208
100	6675	0.0426468
100	6676	0.67515
100	6677	-0.146981
100	6678	2.08977
100	6679	-1.0541
100	6680	-0.299998
100	6681	0.569751
100	6682	-0.323997
100	6683	-1.79011
100	6684	-0.364674
100	6685	-0.741309
100	6686	-1.41656
100	6687	-1.49248
100	6688	9.28096
100	6689	-0.953996
100	6690	0.0366738
100	6691	10.0577
100	6692	3.87572
100	6693	0.358272
100	6694	-0.444237
100	6695	-8.09649
100	6696	-0.857424
100	6697	-0.915271
100	6698	-3.15407
100	6699	-0.255854
100	6700	-0.521945
100	6701	0.821016
100	6702	1.36982
100	6703	0.267079
100	6704	-1.62292
100	6705	0.201551
100	6706	0.223244
100	6707	-4.31364
100	6708	-1.5584
100	6709	-1.0605
100	6710	0.485908
100	6711	-4.98706
100	6712	1.0241
100	6713	-5.78365
100	6714	0.975442
100	6715	-2.49106
100	6716	-29.2797
100	6717	-0.927175
100	6718	-0.216498
100	6719	-0.0275909
100	6720	1.60211
100	6721	1.30938
100	6722	-0.0537753
100	6723	-0.510936
100	6724	0.326329
100	6725	-3.56753
100	6726	0.819636
100	6727	0.897874
100	6728	-0.618127
100	6729	1.95481
100	6730	1.74035
100	6731	-0.850554
100	6732	1.15934
100	6733	-0.691003
100	6734	-0.592228
100	6735	-0.519163
100	6736	0.605085
100	6737	2.0666
100	6738	-1.54616
100	6739	-0.873028
100	6740	-0.721854
100	6741	0.785791
100	6742	8.72526
100	6743	0.457136
100	6744	-1.13892
100	6745	0.510546
100	6746	-0.371673
100	6747	3.48069
100	6748	1.05378
100	6749	0.211282
100	6750	4.45276
100	6751	-2.84346
100	6752	2.63973
100	6753	2.57546
100	6754	1.15552
100	6755	0.496559
100	6756	0.866962
100	6757	-10.0009
100	6758	-5.78248
100	6759	-0.6575
100	6760	-2.42331
100	6761	1.83437
100	6762	-0.506747
100	6763	-4.50162
100	6764	-0.0896664
100	6765	0.898803
100	6766	1.00591
100	6767	-0.513524
100	6768	8.68048
100	6769	0.643555
100	6770	0.0441805
100	6771	-0.24816
100	6772	9.14385
100	6773	-0.0338171
100	6774	0.313266
100	6775	-0.428794
100	6776	-0.0723905
100	6777	-0.669429
100	6778	-9.83859
100	6779	-0.261887
100	6780	-0.523385
100	6781	-1.80901
100	6782	1.65249
100	6783	11.8239
100	6784	-4.93589
100	6785	-3.13365
100	6786	-5.33107
100	6787	1.05086
100	6788	-2.79235
100	6789	-0.309463
100	6790	-1.00196
100	6791	-44.6584
100	6792	1.57023
100	6793	-0.750313
100	6794	0.273601
100	6795	0.00240772
100	6796	0.0936964
100	6797	-1.01571
100	6798	-0.487365
100	6799	0.529489
100	6800	0.268032
100	6801	-1.28412
100	6802	-1.0653
100	6803	-1.65289
100	6804	-0.08912
100	6805	-0.829598
100	6806	-2.05245
100	6807	-1.60492
100	6808	0.0555818
100	6809	2.41712
100	6810	0.556742
100	6811	0.783398
100	6812	-0.576986
100	6813	-0.319695
100	6814	-0.51967
100	6815	-0.409182
100	6816	-0.0791397
100	6817	-124.867
100	6818	0.0130649
100	6819	0.301614
100	6820	-6.45428
100	6821	0.564327
100	6822	-0.758184
100	6823	3.47133
100	6824	25.9998
100	6825	0.536084
100	6826	0.903405
100	6827	-0.85878
100	6828	4.92585
100	6829	-0.371119
100	6830	-1.1526
100	6831	33.6543
100	6832	2.41515
100	6833	-2.44482
100	6834	-3.1851
100	6835	7.061
100	6836	-2.47431
100	6837	1.44029
100	6838	-0.27562
100	6839	-0.0760962
100	6840	0.249455
100	6841	-0.0168951
100	6842	-0.92349
100	6843	-0.857753
100	6844	-0.118184
100	6845	2.86826
100	6846	1.52293
100	6847	-10.6685
100	6848	-2.10348
100	6849	-1.72704
100	6850	-2.89921
100	6851	0.653066
100	6852	-2.90076
100	6853	-0.312245
100	6854	-0.687845
100	6855	-1.20749
100	6856	0.115033
100	6857	-3.08919
100	6858	-0.574833
100	6859	1.58785
100	6860	0.0393691
100	6861	-1.74597
100	6862	-16.2946
100	6863	21.5047
100	6864	-3.88053
100	6865	-1.14282
100	6866	0.678958
100	6867	0.88695
100	6868	0.649414
100	6869	-0.676964
100	6870	-0.105098
100	6871	1.43223
100	6872	0.860716
100	6873	0.0144419
100	6874	-0.694736
100	6875	0.235502
100	6876	-0.366302
100	6877	1.83415
100	6878	0.951637
100	6879	1.96446
100	6880	2.29228
100	6881	-0.395705
100	6882	0.313944
100	6883	-3.56181
100	6884	-0.00175378
100	6885	0.998156
100	6886	-8.00867
100	6887	-0.877017
100	6888	7.14756
100	6889	25.6286
100	6890	-0.447957
100	6891	1.83237
100	6892	0.898156
100	6893	-0.00170097
100	6894	-2.17605
100	6895	-1.04685
100	6896	-0.186913
100	6897	11.4567
100	6898	-0.372125
100	6899	0.643649
100	6900	0.108231
100	6901	-2.0976
100	6902	0.307731
100	6903	0.236673
100	6904	-1.81829
100	6905	1.04896
100	6906	-39.4885
100	6907	0.0476733
100	6908	-0.677002
100	6909	0.46774
100	6910	-0.85345
100	6911	273.569
100	6912	-0.16395
100	6913	-0.62218
100	6914	2.72923
100	6915	1.2808
100	6916	0.789491
100	6917	-3.92328
100	6918	15.3116
100	6919	-2.26631
100	6920	0.0509168
100	6921	0.896849
100	6922	0.586462
100	6923	1.26437
100	6924	-0.174983
100	6925	-2.32414
100	6926	0.837605
100	6927	-0.211877
100	6928	-3.66229
100	6929	5.6746
100	6930	-17.9961
100	6931	0.804822
100	6932	0.676772
100	6933	2.60862
100	6934	-2.54182
100	6935	-5.60313
100	6936	5.5883
100	6937	0.161109
100	6938	1.8554
100	6939	0.28423
100	6940	-7.25583
100	6941	0.795787
100	6942	-0.256908
100	6943	-1.33855
100	6944	-1.51844
100	6945	0.742215
100	6946	-9.9442
100	6947	-1.15828
100	6948	-2.29074
100	6949	-0.310082
100	6950	1.19975
100	6951	3.43968
100	6952	1.55839
100	6953	1.1446
100	6954	3.1149
100	6955	3.13942
100	6956	-0.367238
100	6957	-1.36349
100	6958	0.332507
100	6959	-2.07384
100	6960	0.18935
100	6961	0.333847
100	6962	-5.27213
100	6963	-0.109639
100	6964	-3.70719
100	6965	1.13104
100	6966	1.82148
100	6967	-0.324143
100	6968	-0.282163
100	6969	-0.573961
100	6970	0.221146
100	6971	0.244905
100	6972	1.01477
100	6973	9.09735
100	6974	-0.317833
100	6975	-1.9936
100	6976	0.938747
100	6977	1.73064
100	6978	0.0717767
100	6979	-1.31606
100	6980	-2.26588
100	6981	0.311523
100	6982	-1.66632
100	6983	-1.78644
100	6984	1.51822
100	6985	2.30105
100	6986	-2.46684
100	6987	-16.9247
100	6988	-7.6427
100	6989	-0.337765
100	6990	-0.192168
100	6991	-0.231029
100	6992	-0.150454
100	6993	-3.27137
100	6994	-0.594458
100	6995	-3.929
100	6996	0.865407
100	6997	-0.290903
100	6998	-0.873856
100	6999	1.34411
100	7000	-0.822066
100	7001	-1.74391
100	7002	1.93903
100	7003	5.38963
100	7004	1.18598
100	7005	-0.1596
100	7006	-0.368381
100	7007	-1.76406
100	7008	3.24095
100	7009	0.245151
100	7010	-2.90828
100	7011	1.0611
100	7012	-0.304856
100	7013	0.984717
100	7014	0.305817
100	7015	10.1579
100	7016	-0.632177
100	7017	0.497599
100	7018	0.531295
100	7019	-1.516
100	7020	3.27077
100	7021	0.162583
100	7022	0.691436
100	7023	-0.20277
100	7024	1.41025
100	7025	4.06844
100	7026	9.83723
100	7027	-0.776938
100	7028	0.352672
100	7029	-0.705592
100	7030	0.908134
100	7031	0.34239
100	7032	0.8636
100	7033	13.8318
100	7034	-1.0669
100	7035	4.03464
100	7036	0.586505
100	7037	-0.885347
100	7038	-0.3445
100	7039	-2.06005
100	7040	0.567273
100	7041	-0.326512
100	7042	1.24652
100	7043	-1.56664
100	7044	0.103524
100	7045	-1.73009
100	7046	-0.872924
100	7047	0.656056
100	7048	0.599988
100	7049	-6.12835
100	7050	0.0283632
100	7051	0.534695
100	7052	-0.0805204
100	7053	2.15875
100	7054	0.613425
100	7055	-4.95743
100	7056	2.66888
100	7057	-0.988682
100	7058	1.76342
100	7059	-0.210206
100	7060	-1.22485
100	7061	-6.66188
100	7062	1.06239
100	7063	-0.681148
100	7064	2.66391
100	7065	3.00173
100	7066	-0.808643
100	7067	-0.547914
100	7068	1.65027
100	7069	-29.4938
100	7070	2.42571
100	7071	-1.06853
100	7072	-0.826559
100	7073	3.51301
100	7074	0.450545
100	7075	-0.0644758
100	7076	1.15677
100	7077	1.47513
100	7078	7.39002
100	7079	-1.24912
100	7080	-1.38311
100	7081	2.2701
100	7082	-0.837234
100	7083	1.52375
100	7084	0.19847
100	7085	-0.0773788
100	7086	2.54335
100	7087	-0.702251
100	7088	12.4726
100	7089	-3.58828
100	7090	-0.635065
100	7091	0.01433
100	7092	-0.838071
100	7093	-2.74226
100	7094	0.0837778
100	7095	-12.3825
100	7096	-1.03059
100	7097	0.0771322
100	7098	-0.107901
100	7099	-0.653488
100	7100	-1.46511
100	7101	-5.91904
100	7102	-1.41167
100	7103	13.0015
100	7104	4.46378
100	7105	-0.127632
100	7106	3.51617
100	7107	-1.85365
100	7108	0.301482
100	7109	-1.11204
100	7110	-0.692105
100	7111	0.580067
100	7112	-4.10031
100	7113	-1.76292
100	7114	0.477818
100	7115	-0.894751
100	7116	0.177126
100	7117	-1.72965
100	7118	0.616786
100	7119	-2.43045
100	7120	-0.659938
100	7121	0.251683
100	7122	0.841352
100	7123	0.567677
100	7124	-1.12755
100	7125	-0.758749
100	7126	0.508025
100	7127	0.383059
100	7128	-1.70057
100	7129	-1.21691
100	7130	0.632441
100	7131	-1.50094
100	7132	-46.8283
100	7133	-13.0762
100	7134	-1.71501
100	7135	0.249606
100	7136	-2.85148
100	7137	-0.342901
100	7138	9.71415
100	7139	-0.144692
100	7140	-0.213565
100	7141	0.206325
100	7142	0.63804
100	7143	0.761341
100	7144	-25.4305
100	7145	0.340107
100	7146	-0.835228
100	7147	-4.63104
100	7148	0.888131
100	7149	1.58802
100	7150	0.73313
100	7151	-0.946246
100	7152	-1.67152
100	7153	2.36163
100	7154	3.26283
100	7155	0.928629
100	7156	-2.32957
100	7157	51.1498
100	7158	0.349353
100	7159	-20.8493
100	7160	-0.751735
100	7161	0.290488
100	7162	1.38294
100	7163	0.977426
100	7164	-5.69081
100	7165	-0.469353
100	7166	-0.0651894
100	7167	1.85256
100	7168	7.29308
100	7169	-2.78274
100	7170	-1.96819
100	7171	-0.374889
100	7172	-0.826512
100	7173	-0.641496
100	7174	-1.52256
100	7175	-1.31546
100	7176	-0.258606
100	7177	-2.19575
100	7178	-1.18604
100	7179	0.310584
100	7180	-3.13416
100	7181	0.107102
100	7182	0.23367
100	7183	-1.13592
100	7184	-2.47451
100	7185	-0.334557
100	7186	0.0380973
100	7187	-0.484647
100	7188	-0.541312
100	7189	-1.78415
100	7190	-6.73069
100	7191	-0.505913
100	7192	-2.44506
100	7193	-2.47308
100	7194	0.483921
100	7195	-0.10337
100	7196	-2.02424
100	7197	0.0614182
100	7198	-46.1004
100	7199	-1.10844
100	7200	-1.28931
100	7201	3.87675
100	7202	5.94445
100	7203	-0.285706
100	7204	0.966125
100	7205	16.908
100	7206	1.51451
100	7207	-3.11124
100	7208	1.25725
100	7209	0.237993
100	7210	0.838637
100	7211	-0.00190375
100	7212	0.617657
100	7213	2.44652
100	7214	0.420928
100	7215	1.16521
100	7216	0.979217
100	7217	0.994833
100	7218	3.35162
100	7219	-50.4943
100	7220	0.298982
100	7221	4.17379
100	7222	-1.00991
100	7223	1.65111
100	7224	1.71029
100	7225	0.301187
100	7226	-1.66436
100	7227	0.333088
100	7228	-1.01811
100	7229	-0.396439
100	7230	-0.992707
100	7231	1.49996
100	7232	-2.80678
100	7233	0.8471
100	7234	-1.68154
100	7235	-2.4173
100	7236	-0.889432
100	7237	-0.305336
100	7238	11.2446
100	7239	-0.307387
100	7240	-0.185326
100	7241	4.71107
100	7242	-0.267766
100	7243	0.956457
100	7244	-1.12206
100	7245	-9.89154
100	7246	-4.77948
100	7247	-0.210153
100	7248	8.37345
100	7249	-0.26059
100	7250	1.23176
100	7251	6.7462
100	7252	-1.4284
100	7253	1.10497
100	7254	0.121444
100	7255	0.551315
100	7256	59.34
100	7257	0.665965
100	7258	1.02933
100	7259	1.21826
100	7260	6.94896
100	7261	1.23752
100	7262	0.328544
100	7263	0.640595
100	7264	-0.378557
100	7265	-0.717667
100	7266	-1.88519
100	7267	-0.0945231
100	7268	5.64638
100	7269	-0.0530913
100	7270	0.935264
100	7271	1.73075
100	7272	-1.3345
100	7273	6.71179
100	7274	-1.07346
100	7275	0.787185
100	7276	2.64704
100	7277	0.268322
100	7278	-1.10524
100	7279	-0.241479
100	7280	0.0282074
100	7281	-0.122895
100	7282	-1.30776
100	7283	-0.327875
100	7284	0.650585
100	7285	32.3475
100	7286	0.816492
100	7287	15.4528
100	7288	-0.49461
100	7289	-2.29676
100	7290	0.20909
100	7291	-0.260963
100	7292	-1.64124
100	7293	2.22358
100	7294	-13.0286
100	7295	1.30536
100	7296	0.447533
100	7297	4.03747
100	7298	0.0671731
100	7299	0.836562
100	7300	0.947213
100	7301	-2.91823
100	7302	-0.431885
100	7303	-0.43712
100	7304	-0.231578
100	7305	-0.330477
100	7306	-0.428477
100	7307	0.979646
100	7308	0.359152
100	7309	5.59774
100	7310	0.20362
100	7311	2.13723
100	7312	0.688019
100	7313	-1.24661
100	7314	-0.340833
100	7315	0.948201
100	7316	-0.61504
100	7317	-0.106983
100	7318	1.17107
100	7319	1.01575
100	7320	-0.984373
100	7321	1.84868
100	7322	-1.52403
100	7323	-1.61852
100	7324	0.40976
100	7325	1.95877
100	7326	2.29132
100	7327	-6.45815
100	7328	1.16414
100	7329	-0.607028
100	7330	-0.407014
100	7331	0.390995
100	7332	-1.04901
100	7333	0.435729
100	7334	10.7176
100	7335	-0.796699
100	7336	-0.599213
100	7337	-1.77079
100	7338	-1.37279
100	7339	-0.503926
100	7340	0.857853
100	7341	-0.358901
100	7342	0.612965
100	7343	-1.38869
100	7344	0.591302
100	7345	-0.920289
100	7346	3.2064
100	7347	1.31337
100	7348	1.65303
100	7349	-3.16706
100	7350	-1.05334
100	7351	-3.16941
100	7352	3.13676
100	7353	0.324558
100	7354	2.00257
100	7355	1.60549
100	7356	5.35414
100	7357	12.6055
100	7358	-0.502452
100	7359	1.12435
100	7360	-0.632538
100	7361	-0.219117
100	7362	1.48928
100	7363	-0.450906
100	7364	0.591586
100	7365	5.35991
100	7366	0.304782
100	7367	0.249856
100	7368	0.539624
100	7369	1.61599
100	7370	-16.9096
100	7371	-2.53057
100	7372	-1.19607
100	7373	46.1074
100	7374	0.478525
100	7375	1.88987
100	7376	-0.971538
100	7377	-0.710518
100	7378	-0.687496
100	7379	0.303793
100	7380	3.05762
100	7381	0.614193
100	7382	-0.8093
100	7383	0.403013
100	7384	0.778725
100	7385	1.31783
100	7386	-0.0354518
100	7387	2.25409
100	7388	-0.457203
100	7389	0.461933
100	7390	-0.492442
100	7391	-3.0593
100	7392	-0.112327
100	7393	1.18952
100	7394	0.933795
100	7395	3.45407
100	7396	-1.21138
100	7397	1.05422
100	7398	0.467058
100	7399	0.48968
100	7400	0.834919
100	7401	-0.164627
100	7402	-1.37856
100	7403	-2.45955
100	7404	0.215256
100	7405	-0.605292
100	7406	0.00817627
100	7407	8.37754
100	7408	-0.246844
100	7409	2.65066
100	7410	2.0371
100	7411	-0.00207482
100	7412	2.78353
100	7413	0.290524
100	7414	-5.63602
100	7415	0.653901
100	7416	2.41506
100	7417	-1.87787
100	7418	-0.904446
100	7419	0.242332
100	7420	-0.0495476
100	7421	-0.197759
100	7422	-5.13863
100	7423	-1.262
100	7424	0.407769
100	7425	-0.436581
100	7426	0.660158
100	7427	4.75569
100	7428	3.57092
100	7429	7.8281
100	7430	0.0417099
100	7431	-0.74786
100	7432	-0.751832
100	7433	-0.591678
100	7434	0.0142423
100	7435	9.04353
100	7436	-3.6049
100	7437	0.100627
100	7438	0.506051
100	7439	1.25107
100	7440	0.296535
100	7441	5.14285
100	7442	1.23848
100	7443	-12.3934
100	7444	1.06619
100	7445	-0.405924
100	7446	-0.352262
100	7447	1.17797
100	7448	-0.733555
100	7449	0.304472
100	7450	-0.15331
100	7451	-1.06699
100	7452	7.71136
100	7453	0.731852
100	7454	-0.688028
100	7455	0.0391773
100	7456	-0.229831
100	7457	-1.22252
100	7458	5.2824
100	7459	0.277229
100	7460	11.319
100	7461	0.709315
100	7462	1.29221
100	7463	2.87623
100	7464	-12.8454
100	7465	-5.21591
100	7466	-0.393277
100	7467	0.0824719
100	7468	0.832607
100	7469	0.468728
100	7470	-0.476969
100	7471	-1.41913
100	7472	-0.689985
100	7473	-0.539977
100	7474	0.0468426
100	7475	0.323351
100	7476	-7.1111
100	7477	0.372917
100	7478	0.218238
100	7479	0.283702
100	7480	-69.7388
100	7481	0.469296
100	7482	-30.2274
100	7483	-0.391216
100	7484	0.107843
100	7485	0.86049
100	7486	-0.384819
100	7487	-10.9789
100	7488	-2.1172
100	7489	1.08317
100	7490	1.08264
100	7491	0.273829
100	7492	-0.57048
100	7493	-1.66818
100	7494	-4.60225
100	7495	2.19692
100	7496	-9.02201
100	7497	-3.61311
100	7498	8.633
100	7499	0.640973
100	7500	-0.260977
100	7501	-0.809138
100	7502	-0.0445717
100	7503	-2.58175
100	7504	-1.17654
100	7505	-0.964754
100	7506	-1.00407
100	7507	-0.734018
100	7508	0.34639
100	7509	-0.31228
100	7510	-0.298787
100	7511	-0.332263
100	7512	-10.8764
100	7513	-0.89416
100	7514	-1.00661
100	7515	-0.760261
100	7516	0.387434
100	7517	3.24507
100	7518	-5.43327
100	7519	11.5337
100	7520	0.353858
100	7521	1.10135
100	7522	-0.226639
100	7523	0.21817
100	7524	-1.06933
100	7525	-1.04945
100	7526	6.67238
100	7527	-0.101576
100	7528	-2.40818
100	7529	-1.52658
100	7530	0.175876
100	7531	0.485693
100	7532	-0.284641
100	7533	-16.8847
100	7534	-3.33774
100	7535	-2.51855
100	7536	-3.26466
100	7537	0.667515
100	7538	0.72568
100	7539	0.763736
100	7540	-0.356994
100	7541	1.74274
100	7542	-0.390376
100	7543	0.526018
100	7544	-0.139519
100	7545	9.42569
100	7546	0.326918
100	7547	-1.2888
100	7548	0.614658
100	7549	3.85546
100	7550	0.870348
100	7551	-8.77075
100	7552	-0.232693
100	7553	-7.15078
100	7554	0.69576
100	7555	-1.1878
100	7556	-1.51226
100	7557	-31.508
100	7558	-0.427519
100	7559	1.04923
100	7560	-1.03805
100	7561	-0.821703
100	7562	-17.8609
100	7563	4.47285
100	7564	1.30018
100	7565	6.64603
100	7566	2.36981
100	7567	0.761551
100	7568	0.71229
100	7569	4.69633
100	7570	1.26173
100	7571	1.36434
100	7572	-1.0383
100	7573	-2.13389
100	7574	4.44675
100	7575	0.0189421
100	7576	-3.70746
100	7577	0.207992
100	7578	-0.157409
100	7579	1.77977
100	7580	-18.9495
100	7581	25.7601
100	7582	0.847149
100	7583	-1.68414
100	7584	0.0305299
100	7585	-0.077023
100	7586	-0.549877
100	7587	-0.39873
100	7588	-1.34004
100	7589	-0.222476
100	7590	0.526382
100	7591	-40.3316
100	7592	25.5709
100	7593	0.272727
100	7594	-0.712487
100	7595	-0.0434086
100	7596	-1.52708
100	7597	2.02336
100	7598	-1.83747
100	7599	-2.07288
100	7600	-0.903543
100	7601	0.0640862
100	7602	-4.96447
100	7603	-4.82549
100	7604	0.231625
100	7605	-0.649165
100	7606	0.18773
100	7607	0.535248
100	7608	1.05675
100	7609	4.55192
100	7610	1.10274
100	7611	-4.1664
100	7612	6.30703
100	7613	-0.364252
100	7614	-0.77117
100	7615	0.814258
100	7616	-0.482502
100	7617	0.0516551
100	7618	-0.116977
100	7619	-1.35209
100	7620	0.531176
100	7621	-9.02822
100	7622	-0.471349
100	7623	0.402943
100	7624	-0.608382
100	7625	0.00433749
100	7626	-0.302026
100	7627	0.62565
100	7628	-0.357944
100	7629	0.892542
100	7630	-0.733056
100	7631	23.9057
100	7632	-0.830495
100	7633	1.95416
100	7634	9.04629
100	7635	-1.51284
100	7636	0.847075
100	7637	-0.839883
100	7638	-0.625304
100	7639	2.0062
100	7640	1.92398
100	7641	0.550903
100	7642	6.40891
100	7643	0.0809342
100	7644	-74.1745
100	7645	0.380129
100	7646	-0.424152
100	7647	-3.10462
100	7648	-1.06938
100	7649	-3.21012
100	7650	-2.462
100	7651	1.313
100	7652	-2.0675
100	7653	-0.785418
100	7654	61.2195
100	7655	1.29023
100	7656	2.57585
100	7657	1.39418
100	7658	-39.6424
100	7659	-0.131044
100	7660	2.45333
100	7661	-2.17812
100	7662	-1.52413
100	7663	-0.405958
100	7664	0.138049
100	7665	-0.398021
100	7666	-0.282095
100	7667	2.9917
100	7668	0.124691
100	7669	-9.3933
100	7670	28.3049
100	7671	1.16833
100	7672	-1.31634
100	7673	-0.114909
100	7674	1.21501
100	7675	1.28894
100	7676	2.00443
100	7677	-0.190425
100	7678	-1.04575
100	7679	0.478364
100	7680	-0.0801354
100	7681	1.92581
100	7682	-0.296701
100	7683	-0.867018
100	7684	-1.40426
100	7685	-0.00597198
100	7686	-0.0955375
100	7687	-1.42682
100	7688	-1.67698
100	7689	-0.300076
100	7690	-1.03849
100	7691	-3.41045
100	7692	0.653982
100	7693	-0.921148
100	7694	1.85452
100	7695	0.966192
100	7696	-0.539598
100	7697	0.542703
100	7698	-1.02838
100	7699	0.405435
100	7700	-3.54919
100	7701	-1.80314
100	7702	0.438836
100	7703	65.0742
100	7704	-2.56039
100	7705	-1.18783
100	7706	-4.66299
100	7707	-6.26862
100	7708	2.98822
100	7709	0.637799
100	7710	-1.83033
100	7711	-0.852554
100	7712	2.54454
100	7713	-3.73083
100	7714	-2.47622
100	7715	2.71182
100	7716	-0.318301
100	7717	-0.863188
100	7718	1.83914
100	7719	0.350219
100	7720	0.571715
100	7721	0.987664
100	7722	-0.607332
100	7723	11.3832
100	7724	-0.565726
100	7725	0.672796
100	7726	17.4987
100	7727	-0.564978
100	7728	0.0327409
100	7729	1.10245
100	7730	0.901862
100	7731	1.12097
100	7732	1.10857
100	7733	1.13708
100	7734	-1.14389
100	7735	0.795529
100	7736	-1.65585
100	7737	0.615885
100	7738	-3.70112
100	7739	-0.4338
100	7740	0.995291
100	7741	34.0175
100	7742	-6.95526
100	7743	-0.581836
100	7744	5.1063
100	7745	0.193165
100	7746	-0.0424165
100	7747	0.248482
100	7748	-0.167406
100	7749	0.254967
100	7750	3.11752
100	7751	-1.25161
100	7752	-0.674656
100	7753	-0.294566
100	7754	1.33088
100	7755	1.36614
100	7756	-0.637564
100	7757	0.959476
100	7758	24.8684
100	7759	-5.3459
100	7760	-17.538
100	7761	0.421088
100	7762	-15.7587
100	7763	0.615433
100	7764	0.349788
100	7765	-0.513012
100	7766	-0.912671
100	7767	2.22198
100	7768	-0.257897
100	7769	6.78772
100	7770	-2.3342
100	7771	1.3886
100	7772	0.352582
100	7773	1.94219
100	7774	2.67014
100	7775	1.3132
100	7776	-0.459138
100	7777	-0.928874
100	7778	-0.683151
100	7779	0.642921
100	7780	7.74276
100	7781	-0.402067
100	7782	-0.438464
100	7783	-1.37856
100	7784	-2.7198
100	7785	1.8545
100	7786	-0.307639
100	7787	-2.79291
100	7788	-3.62089
100	7789	2.18116
100	7790	1.07629
100	7791	0.940819
100	7792	-0.791509
100	7793	6.27467
100	7794	-0.0952677
100	7795	0.820958
100	7796	-2.60242
100	7797	1.68701
100	7798	1.76897
100	7799	0.771211
100	7800	-1.02743
100	7801	-0.331216
100	7802	2.59497
100	7803	0.673222
100	7804	0.705189
100	7805	0.48452
100	7806	1.52237
100	7807	7.685
100	7808	-0.344047
100	7809	0.683725
100	7810	0.294067
100	7811	1.0852
100	7812	0.250107
100	7813	-6.98297
100	7814	6.54969
100	7815	-1.80939
100	7816	-0.229562
100	7817	-6.50107
100	7818	-2.58898
100	7819	0.764146
100	7820	-7.09744
100	7821	-1.81485
100	7822	-2.25155
100	7823	0.0564499
100	7824	-0.666484
100	7825	-0.612977
100	7826	0.766909
100	7827	0.404221
100	7828	-6.14244
100	7829	0.475006
100	7830	-0.223866
100	7831	-22.548
100	7832	-0.642554
100	7833	-20.0368
100	7834	3.55848
100	7835	-0.240607
100	7836	0.0126143
100	7837	-0.530157
100	7838	-3.52917
100	7839	-2.25458
100	7840	2.08696
100	7841	0.147416
100	7842	1.07514
100	7843	22.9741
100	7844	1.57764
100	7845	-0.879517
100	7846	0.450127
100	7847	-2.02289
100	7848	1.25219
100	7849	-0.625619
100	7850	0.878827
100	7851	2.40653
100	7852	-0.313849
100	7853	-0.372032
100	7854	0.68805
100	7855	-1.91239
100	7856	11.0505
100	7857	0.0863243
100	7858	-0.828487
100	7859	-2.59578
100	7860	-2.11356
100	7861	-2.00836
100	7862	-6.6174
100	7863	-1.05856
100	7864	3.1644
100	7865	0.0551787
100	7866	1.32274
100	7867	-1.30644
100	7868	1.34939
100	7869	6.60258
100	7870	1.0477
100	7871	-4.69019
100	7872	-0.497804
100	7873	3.66606
100	7874	0.86255
100	7875	-0.437074
100	7876	0.242346
100	7877	0.955827
100	7878	0.0518407
100	7879	-0.202731
100	7880	-0.0293335
100	7881	-0.598803
100	7882	-2.37012
100	7883	-0.438068
100	7884	0.125536
100	7885	-2.09345
100	7886	-0.16275
100	7887	1.13148
100	7888	-0.118505
100	7889	-3.24428
100	7890	0.370554
100	7891	0.0144714
100	7892	2.08974
100	7893	-0.558266
100	7894	-2.93604
100	7895	0.303705
100	7896	0.799633
100	7897	0.374958
100	7898	0.611607
100	7899	0.582626
100	7900	26.6096
100	7901	3.65501
100	7902	0.0502662
100	7903	-0.619856
100	7904	-0.0534744
100	7905	0.330147
100	7906	671.41
100	7907	-24.625
100	7908	-1.30268
100	7909	0.0762783
100	7910	0.934377
100	7911	0.221005
100	7912	0.703086
100	7913	11.1275
100	7914	0.0593219
100	7915	0.627045
100	7916	0.400434
100	7917	-1.90824
100	7918	0.422512
100	7919	2.91573
100	7920	3.90266
100	7921	0.947528
100	7922	1.64178
100	7923	-0.230057
100	7924	-3.91966
100	7925	-1.75311
100	7926	-0.180723
100	7927	-2.14846
100	7928	0.23857
100	7929	2.60535
100	7930	-3.28838
100	7931	19.3221
100	7932	8.29064
100	7933	0.175341
100	7934	-0.0257376
100	7935	-0.590494
100	7936	-0.26927
100	7937	1.09405
100	7938	-0.0573294
100	7939	-1.41513
100	7940	-0.173991
100	7941	2.38061
100	7942	0.475528
100	7943	-1.02335
100	7944	-1.77951
100	7945	0.410047
100	7946	0.555398
100	7947	-1.16077
100	7948	-2.45251
100	7949	-0.0841788
100	7950	-0.72398
100	7951	0.902911
100	7952	-0.663072
100	7953	-0.625642
100	7954	4.70457
100	7955	-0.0629119
100	7956	-0.184693
100	7957	0.257284
100	7958	9.00638
100	7959	0.549788
100	7960	-0.287255
100	7961	-0.523686
100	7962	-49.8833
100	7963	0.283283
100	7964	4.17134
100	7965	4.98745
100	7966	0.19278
100	7967	-0.441437
100	7968	2.18138
100	7969	-4.98719
100	7970	-1.30335
100	7971	-2.35681
100	7972	-0.980881
100	7973	0.237509
100	7974	-13.7626
100	7975	-0.710845
100	7976	2.76829
100	7977	-0.138416
100	7978	2.4859
100	7979	1.6664
100	7980	-0.666371
100	7981	-5.09212
100	7982	1.7286
100	7983	0.832237
100	7984	0.927158
100	7985	0.401645
100	7986	-0.318572
100	7987	-1.75428
100	7988	-0.363721
100	7989	0.160049
100	7990	0.267318
100	7991	-2.47157
100	7992	0.212051
100	7993	2.17716
100	7994	-0.0412329
100	7995	-0.261052
100	7996	-0.724541
100	7997	-1.69233
100	7998	-1.26949
100	7999	-0.666312
100	8000	-0.837205
100	8001	0.19693
100	8002	-2.35821
100	8003	-1.94061
100	8004	0.0579784
100	8005	1.61334
100	8006	0.157559
100	8007	0.338991
100	8008	0.339411
100	8009	-0.778121
100	8010	-0.509016
100	8011	-7.24849
100	8012	-1.99626
100	8013	0.257245
100	8014	1.53135
100	8015	0.454677
100	8016	-12.0258
100	8017	-0.48591
100	8018	1.98745
100	8019	-33.3826
100	8020	0.0514924
100	8021	1.06878
100	8022	0.229779
100	8023	-0.572078
100	8024	-2.43241
100	8025	4.00617
100	8026	2.25675
100	8027	-0.463815
100	8028	-3.25733
100	8029	-7.93569
100	8030	-1.38555
100	8031	4.85194
100	8032	1.86687
100	8033	0.486908
100	8034	0.65727
100	8035	-0.142689
100	8036	2.69302
100	8037	-1.4451
100	8038	1.68055
100	8039	-0.268283
100	8040	-1.2388
100	8041	-0.120932
100	8042	-1.37864
100	8043	-2.75381
100	8044	-3.75177
100	8045	1.28055
100	8046	1.20791
100	8047	-2.03449
100	8048	2.21373
100	8049	0.746877
100	8050	-0.947174
100	8051	-7.07719
100	8052	0.594584
100	8053	-0.800378
100	8054	6.12991
100	8055	1.69465
100	8056	4.67738
100	8057	-0.42483
100	8058	-0.981234
100	8059	1.36877
100	8060	-0.425505
100	8061	3.39463
100	8062	6.02663
100	8063	0.531321
100	8064	-0.151787
100	8065	-0.954769
100	8066	-7.13841
100	8067	1.38617
100	8068	1.49232
100	8069	0.201824
100	8070	2.74381
100	8071	3.52242
100	8072	-0.964799
100	8073	0.00223022
100	8074	1.90084
100	8075	-1.15537
100	8076	-1.62375
100	8077	0.230638
100	8078	1.80667
100	8079	4.66638
100	8080	9.23105
100	8081	-1.19674
100	8082	-0.0375815
100	8083	-0.635216
100	8084	1.01158
100	8085	-1.41774
100	8086	-0.0708659
100	8087	0.637287
100	8088	-1.1498
100	8089	-1.54042
100	8090	0.346204
100	8091	-0.0019257
100	8092	0.131666
100	8093	-0.899572
100	8094	-0.131681
100	8095	-0.499684
100	8096	0.340565
100	8097	1.41319
100	8098	-0.362994
100	8099	2.68736
100	8100	1.23511
100	8101	-1.13403
100	8102	1.38366
100	8103	1.78989
100	8104	-1.35649
100	8105	-1.19112
100	8106	-0.629209
100	8107	0.144973
100	8108	0.408031
100	8109	2.30105
100	8110	58.7788
100	8111	-2.48822
100	8112	0.00267261
100	8113	20.1225
100	8114	0.148059
100	8115	-2.85988
100	8116	0.25675
100	8117	3.3801
100	8118	2.79009
100	8119	-0.429564
100	8120	0.160729
100	8121	-10.3824
100	8122	-0.995466
100	8123	-1.02977
100	8124	-5.85155
100	8125	1.69081
100	8126	-437.154
100	8127	-3.19216
100	8128	-3.47426
100	8129	-0.573072
100	8130	0.175597
100	8131	-11.7479
100	8132	3.37652
100	8133	-0.252325
100	8134	-3.26275
100	8135	1.25133
100	8136	2.00246
100	8137	0.601711
100	8138	1.02051
100	8139	0.151957
100	8140	0.10905
100	8141	0.0874934
100	8142	-0.420246
100	8143	-0.133756
100	8144	-8.14619
100	8145	0.666737
100	8146	-0.596604
100	8147	-2.3214
100	8148	4.17881
100	8149	0.121937
100	8150	0.517803
100	8151	-1.06106
100	8152	-0.568032
100	8153	3.74286
100	8154	0.278684
100	8155	0.0924067
100	8156	0.626814
100	8157	0.0958564
100	8158	-0.187145
100	8159	-5.7306
100	8160	0.558691
100	8161	-0.162574
100	8162	2.31812
100	8163	1.35009
100	8164	1.58777
100	8165	0.616907
100	8166	-0.535173
100	8167	-0.493026
100	8168	17.2514
100	8169	-0.288861
100	8170	1.41316
100	8171	-2.09999
100	8172	-0.869949
100	8173	6.69852
100	8174	-4.28489
100	8175	-1.60756
100	8176	2.12911
100	8177	2.63617
100	8178	0.59633
100	8179	0.235546
100	8180	0.253964
100	8181	1.88787
100	8182	-1.40229
100	8183	-5.10437
100	8184	2.16665
100	8185	11.1774
100	8186	1.13922
100	8187	-9.42915
100	8188	-0.227113
100	8189	0.520821
100	8190	-2.77516
100	8191	1.25983
100	8192	2.99591
100	8193	0.981555
100	8194	-1.35313
100	8195	0.583752
100	8196	2.61192
100	8197	1.50212
100	8198	1.1782
100	8199	-1.20069
100	8200	-0.776678
100	8201	-9.46496
100	8202	-1.02216
100	8203	-0.264945
100	8204	8.29539
100	8205	1.57979
100	8206	0.825743
100	8207	-0.87052
100	8208	0.312875
100	8209	-48.8067
100	8210	0.344788
100	8211	-43.4506
100	8212	2.10361
100	8213	-0.741502
100	8214	0.881356
100	8215	-0.318575
100	8216	0.369099
100	8217	1.33226
100	8218	0.485648
100	8219	-0.198993
100	8220	0.9959
100	8221	0.39494
100	8222	1.04424
100	8223	-1.96585
100	8224	6.67066
100	8225	1.10987
100	8226	-5.36513
100	8227	-2.39764
100	8228	-2.23105
100	8229	36.6691
100	8230	-2.39053
100	8231	0.176289
100	8232	-1.00915
100	8233	-0.536794
100	8234	1.82285
100	8235	2.00274
100	8236	0.190379
100	8237	-1.3178
100	8238	-1.2532
100	8239	-0.207964
100	8240	3.83608
100	8241	-5.60638
100	8242	-18.0575
100	8243	-1.65197
100	8244	-0.237752
100	8245	-0.184567
100	8246	0.624221
100	8247	-0.270279
100	8248	-0.0949866
100	8249	-1.01025
100	8250	-2.46392
100	8251	-0.446337
100	8252	-2.36667
100	8253	1.77592
100	8254	0.847835
100	8255	-1.12567
100	8256	-5.24138
100	8257	-0.109686
100	8258	4.5695
100	8259	-21.7256
100	8260	-0.402501
100	8261	1.22398
100	8262	0.412022
100	8263	-1.70541
100	8264	-0.0581632
100	8265	-0.267383
100	8266	-1.06968
100	8267	-0.73426
100	8268	-0.72105
100	8269	6.17772
100	8270	1.37769
100	8271	-1.05773
100	8272	-1.074
100	8273	-2.42183
100	8274	1.46739
100	8275	0.746867
100	8276	0.778661
100	8277	-0.343816
100	8278	0.979887
100	8279	-2.38025
100	8280	-3.06192
100	8281	0.419348
100	8282	-0.764788
100	8283	0.516329
100	8284	-3.38844
100	8285	0.283354
100	8286	0.0628873
100	8287	8.57442
100	8288	0.0703089
100	8289	7.08632
100	8290	2.71798
100	8291	0.238673
100	8292	1.76838
100	8293	0.619386
100	8294	-0.208723
100	8295	-0.817925
100	8296	-1.82244
100	8297	-1.57282
100	8298	17.5203
100	8299	-0.759767
100	8300	-6.04065
100	8301	-0.583987
100	8302	-3.51692
100	8303	-1.9554
100	8304	0.309269
100	8305	-3.43629
100	8306	-0.237033
100	8307	0.0378463
100	8308	30.1677
100	8309	0.138231
100	8310	0.138518
100	8311	3.11969
100	8312	13.5967
100	8313	0.568164
100	8314	-0.508294
100	8315	1.48108
100	8316	0.951085
100	8317	-1.33757
100	8318	-0.975171
100	8319	-9.70267
100	8320	-0.283949
100	8321	-0.823439
100	8322	0.8996
100	8323	1.34438
100	8324	-13.0185
100	8325	-0.134811
100	8326	-1.2607
100	8327	-0.526275
100	8328	1.32256
100	8329	2.74004
100	8330	-2.83509
100	8331	0.61179
100	8332	1.26361
100	8333	-0.954366
100	8334	-0.926501
100	8335	3.21126
100	8336	1.83528
100	8337	-0.214988
100	8338	-8.14118
100	8339	0.400521
100	8340	0.56482
100	8341	6.05083
100	8342	0.808856
100	8343	-3.42681
100	8344	-2.17484
100	8345	-29.5097
100	8346	-0.165806
100	8347	-1.77491
100	8348	-1.8576
100	8349	-1.26755
100	8350	-1.21312
100	8351	-1.15614
100	8352	-2.36923
100	8353	-1.75317
100	8354	-1.29437
100	8355	0.0432585
100	8356	-1.97578
100	8357	1.03066
100	8358	-2.10347
100	8359	2.29502
100	8360	-0.714207
100	8361	320.468
100	8362	-0.755545
100	8363	-2.37371
100	8364	4.4238
100	8365	3.75779
100	8366	0.053806
100	8367	-0.19138
100	8368	2.80822
100	8369	-0.336985
100	8370	0.375191
100	8371	-2.68779
100	8372	1.72337
100	8373	4.00101
100	8374	-2.27485
100	8375	0.318749
100	8376	-0.517899
100	8377	-0.0900727
100	8378	1.34153
100	8379	-0.221269
100	8380	-1.13044
100	8381	-3.23374
100	8382	-1.42279
100	8383	-1.23575
100	8384	0.274478
100	8385	-2.10979
100	8386	0.249223
100	8387	0.292284
100	8388	-2.09825
100	8389	0.295841
100	8390	-1.01157
100	8391	5.86439
100	8392	3.26942
100	8393	1.77913
100	8394	0.298714
100	8395	0.0914612
100	8396	2.17093
100	8397	-0.833977
100	8398	0.507186
100	8399	1.94689
100	8400	4.74492
100	8401	0.443758
100	8402	-2.72425
100	8403	1.16459
100	8404	1.77262
100	8405	-130.455
100	8406	0.550276
100	8407	-1.60145
100	8408	0.0684845
100	8409	-0.0986774
100	8410	-0.0129206
100	8411	0.905963
100	8412	5.0522
100	8413	2.91042
100	8414	2.06482
100	8415	0.137807
100	8416	-0.840303
100	8417	-6.48687
100	8418	0.91311
100	8419	-5.89838
100	8420	-0.720198
100	8421	-3.0711
100	8422	-2.37331
100	8423	0.64664
100	8424	0.0519829
100	8425	11.6828
100	8426	-2.15649
100	8427	-2.89931
100	8428	1.52683
100	8429	1.03216
100	8430	0.565419
100	8431	1.92029
100	8432	6.40059
100	8433	7.0903
100	8434	1.80682
100	8435	-0.29591
100	8436	-0.370357
100	8437	-17.3789
100	8438	0.786809
100	8439	0.290714
100	8440	1.26153
100	8441	1.82882
100	8442	0.229108
100	8443	-0.244644
100	8444	8.56508
100	8445	0.0620262
100	8446	-0.350492
100	8447	-0.319966
100	8448	-0.104236
100	8449	-0.486009
100	8450	-0.956988
100	8451	36.2014
100	8452	0.270618
100	8453	-1.2967
100	8454	12.2285
100	8455	0.951907
100	8456	0.71103
100	8457	-0.571925
100	8458	-1.15624
100	8459	-4.04954
100	8460	0.251519
100	8461	79.0927
100	8462	0.140604
100	8463	2.19363
100	8464	2.48565
100	8465	-0.600118
100	8466	1.5608
100	8467	1.59675
100	8468	0.263179
100	8469	0.57619
100	8470	0.389573
100	8471	-224.742
100	8472	-3.4942
100	8473	3.22684
100	8474	0.613165
100	8475	0.360482
100	8476	8.20425
100	8477	4.77309
100	8478	-0.335975
100	8479	-2.34525
100	8480	-3.36187
100	8481	-3.37854
100	8482	2.58598
100	8483	-0.196642
100	8484	-2.91675
100	8485	-0.11111
100	8486	-0.00434163
100	8487	-33.0268
100	8488	-0.95854
100	8489	-0.0557208
100	8490	-10.4425
100	8491	0.657085
100	8492	1.62925
100	8493	-2.90166
100	8494	-0.314898
100	8495	-0.163834
100	8496	-0.117193
100	8497	-0.167194
100	8498	-1.98674
100	8499	12.7486
100	8500	0.09338
100	8501	2.6907
100	8502	0.20936
100	8503	-1.88472
100	8504	-7.31789
100	8505	-0.410678
100	8506	0.352815
100	8507	-0.943425
100	8508	1.61985
100	8509	14.8471
100	8510	17.5548
100	8511	0.638985
100	8512	12.8045
100	8513	-0.00176634
100	8514	0.821655
100	8515	0.857727
100	8516	18.7653
100	8517	-4.39492
100	8518	1.63925
100	8519	-0.287889
100	8520	-0.197471
100	8521	0.213464
100	8522	0.927056
100	8523	-0.702762
100	8524	2.47185
100	8525	-2.65096
100	8526	-0.299602
100	8527	0.839248
100	8528	1.83241
100	8529	-0.992253
100	8530	0.985388
100	8531	-0.951763
100	8532	-3.10968
100	8533	-0.97218
100	8534	-0.480577
100	8535	8.18238
100	8536	0.681172
100	8537	0.105237
100	8538	0.129091
100	8539	-4.2871
100	8540	15.6054
100	8541	-2.08927
100	8542	0.10106
100	8543	1.28348
100	8544	-0.429467
100	8545	4.91111
100	8546	8.87993
100	8547	53.7003
100	8548	-2.19894
100	8549	-0.312028
100	8550	0.253979
100	8551	-6.14314
100	8552	-0.499103
100	8553	-0.454488
100	8554	0.319033
100	8555	38.8449
100	8556	-0.335237
100	8557	-1.95389
100	8558	7.54671
100	8559	-0.209217
100	8560	2.14067
100	8561	-1.62152
100	8562	0.536558
100	8563	2.12401
100	8564	-3.24218
100	8565	0.450759
100	8566	-0.103123
100	8567	-0.859149
100	8568	2.67925
100	8569	-0.375035
100	8570	-56.6845
100	8571	5.80184
100	8572	-0.234699
100	8573	3.60037
100	8574	-0.0541262
100	8575	-59.6542
100	8576	0.996482
100	8577	0.00534631
100	8578	-0.252778
100	8579	-0.078819
100	8580	-0.537694
100	8581	0.0876318
100	8582	-0.337984
100	8583	2.01473
100	8584	-2.03317
100	8585	0.112031
100	8586	-0.402719
100	8587	-1.96156
100	8588	2.41967
100	8589	-1.46946
100	8590	0.254621
100	8591	-2.65453
100	8592	-0.813116
100	8593	-1.88588
100	8594	1.13444
100	8595	3.89984
100	8596	-0.73232
100	8597	0.567826
100	8598	0.223076
100	8599	0.103084
100	8600	-3.2037
100	8601	-4.46975
100	8602	-0.306175
100	8603	1.53269
100	8604	0.431012
100	8605	0.725465
100	8606	0.931172
100	8607	0.241927
100	8608	-0.248964
100	8609	1.00797
100	8610	14.3508
100	8611	-4.90673
100	8612	-0.220092
100	8613	-0.275227
100	8614	1.30042
100	8615	-0.346516
100	8616	0.531006
100	8617	-1.60993
100	8618	1.79134
100	8619	-68.148
100	8620	1.76334
100	8621	1.77472
100	8622	-1.4687
100	8623	-2.21855
100	8624	2.38168
100	8625	-2.11944
100	8626	0.746739
100	8627	-0.419643
100	8628	-0.0644976
100	8629	27.7568
100	8630	-1.70334
100	8631	-1.76158
100	8632	-0.952596
100	8633	-0.0303271
100	8634	-9.5598
100	8635	4.42663
100	8636	1.75083
100	8637	-1.21933
100	8638	0.08693
100	8639	-2.217
100	8640	-1.2083
100	8641	1.25882
100	8642	1.72301
100	8643	1.91326
100	8644	0.097033
100	8645	0.111396
100	8646	7.84385
100	8647	2.16161
100	8648	-2.07147
100	8649	-3.00294
100	8650	4.19135
100	8651	0.903856
100	8652	0.280652
100	8653	-11.0085
100	8654	-1.73243
100	8655	-4.65749
100	8656	1.06155
100	8657	-0.865935
100	8658	-1.96525
100	8659	1.76656
100	8660	1.36318
100	8661	-0.467248
100	8662	82.1591
100	8663	0.708556
100	8664	0.938105
100	8665	-6.09071
100	8666	6.71877
100	8667	0.374242
100	8668	0.651711
100	8669	0.166425
100	8670	0.0113697
100	8671	1.19958
100	8672	-6.36281
100	8673	9.82285
100	8674	-0.931949
100	8675	0.917179
100	8676	3.43444
100	8677	-0.599644
100	8678	-2.82573
100	8679	2.76001
100	8680	0.234502
100	8681	2.65132
100	8682	-819.424
100	8683	-0.332029
100	8684	-0.726103
100	8685	-0.9282
100	8686	0.728697
100	8687	-5.05372
100	8688	6.41813
100	8689	-0.655945
100	8690	-0.592056
100	8691	-0.379046
100	8692	-1.48859
100	8693	-0.142555
100	8694	-0.668087
100	8695	-2.13515
100	8696	-1.04663
100	8697	-0.139449
100	8698	6.00705
100	8699	94.3509
100	8700	0.14962
100	8701	2.37212
100	8702	-0.459003
100	8703	2.34161
100	8704	-0.0355065
100	8705	2.71825
100	8706	-0.619495
100	8707	1.2868
100	8708	2.80987
100	8709	-1.00201
100	8710	1.51948
100	8711	0.898531
100	8712	1.07476
100	8713	-1.21708
100	8714	0.663126
100	8715	-0.641836
100	8716	-7.45839
100	8717	-1.19317
100	8718	0.254475
100	8719	-37.8075
100	8720	6.5492
100	8721	-3.15592
100	8722	-0.294639
100	8723	0.70656
100	8724	-0.750015
100	8725	0.0720313
100	8726	-0.305086
100	8727	-1.36985
100	8728	-0.981606
100	8729	-0.584583
100	8730	-0.816241
100	8731	-0.478854
100	8732	-1.28073
100	8733	-0.32549
100	8734	-0.01771
100	8735	0.360067
100	8736	1.13084
100	8737	-1.77943
100	8738	-1.45261
100	8739	-0.628331
100	8740	35.7681
100	8741	-0.275407
100	8742	0.178812
100	8743	-0.0586639
100	8744	0.0359811
100	8745	7.0577
100	8746	0.0759873
100	8747	-3.372
100	8748	4.77137
100	8749	2.46479
100	8750	2.02648
100	8751	1.87833
100	8752	-0.360426
100	8753	-5.06182
100	8754	0.316718
100	8755	-0.0870773
100	8756	2.95983
100	8757	-4.57747
100	8758	-0.703423
100	8759	-1.20116
100	8760	-8.98089
100	8761	-0.359966
100	8762	2.32635
100	8763	2.18393
100	8764	0.86559
100	8765	-14.1153
100	8766	-1.25233
100	8767	-6.99826
100	8768	-0.366655
100	8769	0.879879
100	8770	1.16052
100	8771	0.389545
100	8772	0.199109
100	8773	15.0724
100	8774	-0.12344
100	8775	0.495983
100	8776	-0.529696
100	8777	0.204743
100	8778	2.96317
100	8779	13.4
100	8780	0.43531
100	8781	-0.303432
100	8782	1.61851
100	8783	2.23804
100	8784	-0.0117424
100	8785	-30.2979
100	8786	-0.510264
100	8787	1.23999
100	8788	0.413977
100	8789	-0.608144
100	8790	0.511806
100	8791	-0.257077
100	8792	-0.236648
100	8793	-0.385279
100	8794	0.255666
100	8795	-1.07786
100	8796	-0.851772
100	8797	-0.754687
100	8798	-0.629416
100	8799	0.368484
100	8800	1.37313
100	8801	0.570756
100	8802	-1.91032
100	8803	21.3728
100	8804	-2.31524
100	8805	0.474372
100	8806	-1.26229
100	8807	-8.6718
100	8808	-0.442135
100	8809	-0.68691
100	8810	-1.42138
100	8811	5.57445
100	8812	-0.0528073
100	8813	-1.70197
100	8814	0.448823
100	8815	-0.45365
100	8816	-1.28
100	8817	-8.89369
100	8818	1.40899
100	8819	0.947905
100	8820	-0.175724
100	8821	-3.42855
100	8822	0.164793
100	8823	-0.235739
100	8824	-5.56404
100	8825	-49.6987
100	8826	-16.6509
100	8827	0.60863
100	8828	-2.44296
100	8829	0.072458
100	8830	2.88291
100	8831	-0.671199
100	8832	-0.592663
100	8833	-0.009362
100	8834	1.00322
100	8835	0.12459
100	8836	0.620129
100	8837	-0.69283
100	8838	0.758913
100	8839	0.117894
100	8840	1.68666
100	8841	-0.893194
100	8842	-4.52242
100	8843	0.609676
100	8844	0.0829111
100	8845	0.688652
100	8846	-0.0159004
100	8847	-7.45239
100	8848	-0.0751728
100	8849	-0.742785
100	8850	-3.6746
100	8851	5.201
100	8852	-0.0605944
100	8853	-3.56553
100	8854	-0.852992
100	8855	-0.203103
100	8856	3.50607
100	8857	-0.293514
100	8858	-0.00168727
100	8859	-0.93016
100	8860	-0.695732
100	8861	-0.875517
100	8862	0.619158
100	8863	-0.512782
100	8864	-2.59033
100	8865	-0.504824
100	8866	-1.11258
100	8867	13.5806
100	8868	7.61933
100	8869	0.687903
100	8870	0.765462
100	8871	11.8993
100	8872	1.83249
100	8873	0.264868
100	8874	-0.645526
100	8875	-9.35892
100	8876	-1.68807
100	8877	4.52896
100	8878	0.568839
100	8879	0.807838
100	8880	22.6977
100	8881	-2.34214
100	8882	0.778334
100	8883	0.770317
100	8884	-0.134861
100	8885	-1.84266
100	8886	-3.45578
100	8887	0.93816
100	8888	0.173639
100	8889	-0.430806
100	8890	-0.0803315
100	8891	-0.773408
100	8892	-1.45935
100	8893	-2.69612
100	8894	-0.488983
100	8895	0.264337
100	8896	1.07055
100	8897	-0.517948
100	8898	-1.46944
100	8899	-0.50513
100	8900	-13.4971
100	8901	-1.10587
100	8902	0.53375
100	8903	0.294489
100	8904	-2.36205
100	8905	0.183067
100	8906	0.790507
100	8907	0.301321
100	8908	-0.603495
100	8909	-0.111551
100	8910	0.932972
100	8911	-0.430996
100	8912	2.13098
100	8913	-0.168055
100	8914	-1.48403
100	8915	-1.17698
100	8916	-0.0459142
100	8917	-0.82833
100	8918	-2.09827
100	8919	2.68407
100	8920	-1.46285
100	8921	-1.26813
100	8922	2.17135
100	8923	-1.29696
100	8924	0.392374
100	8925	-0.179325
100	8926	-0.966555
100	8927	-0.885666
100	8928	0.71227
100	8929	-5.6688
100	8930	1.07129
100	8931	-0.435629
100	8932	-1.8402
100	8933	-0.251676
100	8934	3.70251
100	8935	-0.661504
100	8936	-2.58614
100	8937	-6.7628
100	8938	-0.0231295
100	8939	-0.612694
100	8940	-2.71037
100	8941	0.963589
100	8942	3.87771
100	8943	2.56745
100	8944	1.05045
100	8945	-43.2339
100	8946	-0.280181
100	8947	-4.69883
100	8948	-0.378475
100	8949	-1.6191
100	8950	0.507356
100	8951	-1.20763
100	8952	0.473825
100	8953	2.88733
100	8954	-0.173631
100	8955	-0.0470677
100	8956	8.35738
100	8957	0.178895
100	8958	0.993946
100	8959	0.815215
100	8960	-1.26521
100	8961	-5.499
100	8962	2.30857
100	8963	0.449883
100	8964	0.393177
100	8965	-3.13954
100	8966	0.265173
100	8967	-12.798
100	8968	-0.25256
100	8969	-1.15012
100	8970	-1.14859
100	8971	1007.78
100	8972	-2.40603
100	8973	1.57743
100	8974	-0.0377011
100	8975	-0.425023
100	8976	-0.389465
100	8977	-1.94882
100	8978	-0.879145
100	8979	-1.02235
100	8980	-0.173133
100	8981	0.385149
100	8982	1.76457
100	8983	-0.191912
100	8984	-3.1962
100	8985	0.321593
100	8986	-1.81782
100	8987	1.56748
100	8988	3.60575
100	8989	-0.863054
100	8990	0.797863
100	8991	1.74856
100	8992	1.16293
100	8993	0.227641
100	8994	-0.305781
100	8995	0.605619
100	8996	-0.380602
100	8997	0.174186
100	8998	-17.0098
100	8999	0.17924
100	9000	-15.3767
100	9001	0.113877
100	9002	-1.6181
100	9003	-0.808901
100	9004	-1.40731
100	9005	4.23839
100	9006	-2.19455
100	9007	-18.2852
100	9008	-0.180653
100	9009	0.607016
100	9010	-2.20008
100	9011	0.227618
100	9012	-0.983834
100	9013	2.34371
100	9014	-0.0696825
100	9015	-0.572984
100	9016	0.136307
100	9017	-0.840936
100	9018	0.192056
100	9019	1.14822
100	9020	6.91575
100	9021	5.63274
100	9022	1.03054
100	9023	0.434438
100	9024	-3.26323
100	9025	-0.485378
100	9026	-2.73087
100	9027	-0.48572
100	9028	9.58676
100	9029	-0.721517
100	9030	-1.38974
100	9031	-38.4536
100	9032	-0.00941788
100	9033	-0.22984
100	9034	3.47377
100	9035	0.492555
100	9036	2.98752
100	9037	0.334614
100	9038	0.126144
100	9039	11.967
100	9040	-0.290339
100	9041	1.96793
100	9042	-1.33649
100	9043	0.138354
100	9044	-0.480885
100	9045	0.805228
100	9046	2.11163
100	9047	-3.49215
100	9048	0.265706
100	9049	0.0365807
100	9050	1.44752
100	9051	-0.289038
100	9052	-0.0818111
100	9053	3.76938
100	9054	-0.620349
100	9055	0.221661
100	9056	0.241565
100	9057	0.0134553
100	9058	-1.33122
100	9059	0.918344
100	9060	2.59663
100	9061	-0.641778
100	9062	-1.11425
100	9063	0.355933
100	9064	-1.29393
100	9065	-1.30965
100	9066	-15.2111
100	9067	-3.2322
100	9068	0.210213
100	9069	0.0959071
100	9070	0.789825
100	9071	-1.33049
100	9072	-0.654552
100	9073	-1.90063
100	9074	1.35369
100	9075	0.254564
100	9076	-0.369204
100	9077	1.21043
100	9078	0.0584842
100	9079	0.211133
100	9080	-0.132634
100	9081	0.586591
100	9082	-0.209059
100	9083	-0.398004
100	9084	8.34906
100	9085	0.415595
100	9086	0.172842
100	9087	-0.80819
100	9088	-2.38922
100	9089	-0.238443
100	9090	1.92913
100	9091	0.372897
100	9092	0.850279
100	9093	0.956267
100	9094	98.5153
100	9095	6.29807
100	9096	4.59884
100	9097	-3.85664
100	9098	2.0026
100	9099	-1.28044
100	9100	0.459689
100	9101	-0.497802
100	9102	-0.359134
100	9103	-1.33319
100	9104	0.828212
100	9105	-0.464621
100	9106	3.6444
100	9107	-0.483322
100	9108	0.891209
100	9109	-0.267483
100	9110	-1.84374
100	9111	-11.5289
100	9112	-0.265161
100	9113	2.71499
100	9114	-2.36527
100	9115	-1.78494
100	9116	0.248059
100	9117	0.321626
100	9118	0.513056
100	9119	-0.0664286
100	9120	2.63585
100	9121	0.136169
100	9122	-0.739242
100	9123	0.847921
100	9124	0.303948
100	9125	1.53175
100	9126	6.9917
100	9127	-4.26806
100	9128	-3.03541
100	9129	1.04126
100	9130	12.6266
100	9131	0.237488
100	9132	-0.329951
100	9133	-0.0827544
100	9134	0.133737
100	9135	-0.258042
100	9136	7.19177
100	9137	0.504047
100	9138	-1.65102
100	9139	0.204524
100	9140	0.797068
100	9141	1.4664
100	9142	1.73171
100	9143	-1.68201
100	9144	3.31527
100	9145	-2.66662
100	9146	-0.800873
100	9147	-1.96579
100	9148	0.0630723
100	9149	16.7272
100	9150	-0.253683
100	9151	3.77589
100	9152	0.774493
100	9153	1.56833
100	9154	-4.89397
100	9155	0.435351
100	9156	2.19874
100	9157	12.7598
100	9158	1.49607
100	9159	0.15001
100	9160	-9.21296
100	9161	1.54171
100	9162	25.067
100	9163	0.336988
100	9164	0.183276
100	9165	3.56215
100	9166	-1.28487
100	9167	-1.43837
100	9168	-2.63887
100	9169	-1.48371
100	9170	16.6791
100	9171	22.7822
100	9172	-1.40983
100	9173	-2.14348
100	9174	-1.38717
100	9175	-0.0952798
100	9176	2.11371
100	9177	0.663906
100	9178	-0.264602
100	9179	-0.183605
100	9180	1.04187
100	9181	-4.96268
100	9182	0.897235
100	9183	0.408137
100	9184	-0.248789
100	9185	2.67005
100	9186	1.31745
100	9187	-1.47134
100	9188	-1.88384
100	9189	1.57605
100	9190	0.514618
100	9191	-0.972659
100	9192	0.195686
100	9193	-0.206273
100	9194	6.05079
100	9195	1.73643
100	9196	0.0285345
100	9197	-1.56588
100	9198	1.13856
100	9199	-0.284293
100	9200	0.594608
100	9201	0.815073
100	9202	0.274183
100	9203	-1.96709
100	9204	-0.640822
100	9205	4.06474
100	9206	0.691493
100	9207	-0.411176
100	9208	-5.95789
100	9209	-2.26654
100	9210	-0.0101529
100	9211	-0.13117
100	9212	0.531696
100	9213	0.479576
100	9214	3.46116
100	9215	-0.22395
100	9216	-1.32855
100	9217	-0.310534
100	9218	-2.76457
100	9219	1.15282
100	9220	-0.495399
100	9221	0.673758
100	9222	-0.662054
100	9223	5.98577
100	9224	-0.43698
100	9225	1.88459
100	9226	0.212731
100	9227	16.6513
100	9228	-4.94474
100	9229	-1.4647
100	9230	0.053557
100	9231	3.32697
100	9232	5.96979
100	9233	1.72769
100	9234	0.0615442
100	9235	-0.385162
100	9236	0.0345351
100	9237	-12.1667
100	9238	-0.708326
100	9239	-0.319869
100	9240	0.337508
100	9241	-0.429237
100	9242	1.41647
100	9243	5.27103
100	9244	0.804049
100	9245	-4.63226
100	9246	-2.53826
100	9247	0.279579
100	9248	0.123351
100	9249	-2.59468
100	9250	0.729336
100	9251	26.3191
100	9252	-4.93385
100	9253	-1.63348
100	9254	-0.139072
100	9255	0.603308
100	9256	0.681727
100	9257	-1.90359
100	9258	-0.187325
100	9259	-0.269779
100	9260	1.49261
100	9261	-0.505375
100	9262	-2.45598
100	9263	2.15328
100	9264	-3.33879
100	9265	1.44031
100	9266	1.73239
100	9267	2.58364
100	9268	5.04174
100	9269	-11.8511
100	9270	-0.457437
100	9271	0.481026
100	9272	1.49494
100	9273	-0.425033
100	9274	-0.546845
100	9275	33.6825
100	9276	0.351999
100	9277	1338.76
100	9278	-13.0893
100	9279	-4.32866
100	9280	0.167101
100	9281	0.656141
100	9282	0.0463897
100	9283	-0.339583
100	9284	-3.17372
100	9285	-0.835542
100	9286	1.34346
100	9287	1.37174
100	9288	0.636076
100	9289	-0.703815
100	9290	-11.5032
100	9291	-1.78446
100	9292	-0.0457844
100	9293	-3.36821
100	9294	77.634
100	9295	0.383323
100	9296	12.6758
100	9297	0.489855
100	9298	1.25067
100	9299	2.24102
100	9300	-0.662593
100	9301	-0.947427
100	9302	1.50919
100	9303	-0.591012
100	9304	-0.991663
100	9305	-0.0742919
100	9306	-2.3475
100	9307	1.11193
100	9308	1.37062
100	9309	-0.113802
100	9310	-0.993779
100	9311	0.752212
100	9312	9.24647
100	9313	-5.14767
100	9314	1.69529
100	9315	-1.2934
100	9316	-4.25382
100	9317	0.267043
100	9318	0.340136
100	9319	-0.91021
100	9320	-1.08302
100	9321	2.34602
100	9322	1.8173
100	9323	0.673742
100	9324	-3.10384
100	9325	0.00682986
100	9326	1.2466
100	9327	-0.591799
100	9328	185.496
100	9329	-1.72579
100	9330	-0.181448
100	9331	1.18706
100	9332	-49.2243
100	9333	1.21358
100	9334	10.9004
100	9335	-0.0476118
100	9336	1.05214
100	9337	-11.9535
100	9338	-0.570794
100	9339	3.92445
100	9340	-10.2356
100	9341	0.010381
100	9342	-0.653056
100	9343	-11.0019
100	9344	-0.652927
100	9345	0.437712
100	9346	-1.53358
100	9347	3.89614
100	9348	0.273473
100	9349	-3.77182
100	9350	7.08547
100	9351	0.0733851
100	9352	27.5514
100	9353	-0.337143
100	9354	-0.215068
100	9355	-0.658332
100	9356	1.78717
100	9357	6.55951
100	9358	0.021307
100	9359	-3.58949
100	9360	-18.2713
100	9361	-6.97671
100	9362	-0.238426
100	9363	3.24629
100	9364	-2.66075
100	9365	0.792805
100	9366	-1.59679
100	9367	-0.28488
100	9368	-0.810134
100	9369	-0.143279
100	9370	-0.152403
100	9371	0.0225598
100	9372	5.71125
100	9373	0.10178
100	9374	-1.05198
100	9375	0.682875
100	9376	-1.36769
100	9377	-25.4797
100	9378	-0.253116
100	9379	0.164559
100	9380	0.000593703
100	9381	-29.4554
100	9382	-0.00609299
100	9383	2.65896
100	9384	-0.436984
100	9385	0.0631854
100	9386	0.426957
100	9387	-2.66744
100	9388	-0.537591
100	9389	-6.02396
100	9390	3.35045
100	9391	-0.383657
100	9392	-2.56448
100	9393	0.223063
100	9394	-13.504
100	9395	0.885425
100	9396	-15.4156
100	9397	-5.85065
100	9398	-2.59868
100	9399	-1.98589
100	9400	0.646248
100	9401	0.221483
100	9402	-1.08697
100	9403	1.38649
100	9404	-0.9644
100	9405	2.96753
100	9406	-1.80523
100	9407	-1.23503
100	9408	-0.0531243
100	9409	0.166452
100	9410	-0.549889
100	9411	-1.23714
100	9412	0.428031
100	9413	-0.530099
100	9414	1.07947
100	9415	0.729624
100	9416	-0.537319
100	9417	-4.05301
100	9418	1.16051
100	9419	3.87623
100	9420	-0.949935
100	9421	0.41065
100	9422	-2.35349
100	9423	0.540114
100	9424	9.06912
100	9425	-1.65172
100	9426	2.01728
100	9427	0.730114
100	9428	-0.391785
100	9429	2.03397
100	9430	4.08312
100	9431	-4.18961
100	9432	-10.9744
100	9433	0.575803
100	9434	-1.43064
100	9435	-0.505411
100	9436	-1.68201
100	9437	0.00497555
100	9438	1.51874
100	9439	0.388382
100	9440	-6.83365
100	9441	-0.384347
100	9442	-0.564497
100	9443	1.9816
100	9444	0.693887
100	9445	14.1554
100	9446	-0.696811
100	9447	-1.70434
100	9448	-2.55414
100	9449	-1.14523
100	9450	-0.579154
100	9451	1.17089
100	9452	0.876197
100	9453	1.24219
100	9454	0.171286
100	9455	0.110261
100	9456	1.68739
100	9457	5.46914
100	9458	0.107113
100	9459	-0.603179
100	9460	-2.30367
100	9461	2.54828
100	9462	2.40353
100	9463	0.572144
100	9464	-30.7049
100	9465	-0.237897
100	9466	1.22574
100	9467	2.21096
100	9468	0.54669
100	9469	-0.636863
100	9470	0.254872
100	9471	1.87751
100	9472	-1.44823
100	9473	6.39376
100	9474	0.00488139
100	9475	-5.29002
100	9476	0.862476
100	9477	0.276964
100	9478	-1.55958
100	9479	-10.0455
100	9480	0.548833
100	9481	-2.02441
100	9482	-0.181352
100	9483	0.574208
100	9484	-0.246436
100	9485	-4.94841
100	9486	24.2463
100	9487	0.449518
100	9488	1.52944
100	9489	-1.29119
100	9490	0.593195
100	9491	-0.628788
100	9492	-0.187071
100	9493	0.351075
100	9494	-0.281621
100	9495	1.20341
100	9496	-0.670252
100	9497	-0.588295
100	9498	-0.529373
100	9499	-0.0766923
100	9500	0.594015
100	9501	-9.66459
100	9502	1.40955
100	9503	-0.531998
100	9504	-0.0318609
100	9505	0.00841635
100	9506	0.952058
100	9507	0.604291
100	9508	0.202939
100	9509	-0.774045
100	9510	0.417395
100	9511	-1.47054
100	9512	-1.54331
100	9513	-9.99431
100	9514	-0.268277
100	9515	1.02867
100	9516	-5.18893
100	9517	1.30975
100	9518	0.620264
100	9519	4.42888
100	9520	483.616
100	9521	0.169999
100	9522	11.8875
100	9523	-0.726458
100	9524	-0.57806
100	9525	3.1059
100	9526	-20.2939
100	9527	-1.73546
100	9528	3.45334
100	9529	-2.99346
100	9530	0.287691
100	9531	-0.664242
100	9532	0.710485
100	9533	-3.47071
100	9534	-0.821022
100	9535	-0.569539
100	9536	-0.727518
100	9537	0.0880042
100	9538	-6.74517
100	9539	-0.116921
100	9540	-0.113
100	9541	-0.405778
100	9542	-0.457971
100	9543	-24.1416
100	9544	-1.72572
100	9545	-2.04475
100	9546	-15.6029
100	9547	9.26086
100	9548	-1.56964
100	9549	1.05043
100	9550	5.10377
100	9551	1.42595
100	9552	0.00299177
100	9553	-1.16416
100	9554	-1.23367
100	9555	1.47919
100	9556	1.0457
100	9557	-0.350516
100	9558	13.6743
100	9559	-2.84049
100	9560	2.06478
100	9561	0.136378
100	9562	2.77372
100	9563	8.44876
100	9564	-0.726974
100	9565	-3.37679
100	9566	-0.0255814
100	9567	-0.722624
100	9568	-0.130644
100	9569	8.39552
100	9570	-0.40161
100	9571	-0.188779
100	9572	0.148363
100	9573	0.174353
100	9574	1.28525
100	9575	0.0861127
100	9576	-0.246969
100	9577	0.220468
100	9578	1.20164
100	9579	-0.0780809
100	9580	-1.36539
100	9581	1.15838
100	9582	-3.9718
100	9583	-4.66356
100	9584	-2.4258
100	9585	1.82504
100	9586	0.462725
100	9587	0.12275
100	9588	-0.41908
100	9589	1.38201
100	9590	0.292721
100	9591	-2.59359
100	9592	233.878
100	9593	-1.9572
100	9594	-1.61553
100	9595	-0.440851
100	9596	-0.228405
100	9597	0.589877
100	9598	1.59723
100	9599	1.28304
100	9600	-12.4769
100	9601	-1.66008
100	9602	0.530059
100	9603	1.52318
100	9604	-0.0581511
100	9605	-0.425815
100	9606	0.480837
100	9607	-3.02624
100	9608	-1.72691
100	9609	-0.695221
100	9610	-0.262429
100	9611	-0.474479
100	9612	-11.9589
100	9613	1.41011
100	9614	2.19179
100	9615	0.0466967
100	9616	1.34799
100	9617	-23.0522
100	9618	-4.82764
100	9619	1.35199
100	9620	0.364459
100	9621	2.5942
100	9622	3.08993
100	9623	0.192852
100	9624	0.292414
100	9625	2.15416
100	9626	3.09976
100	9627	0.806145
100	9628	-0.187968
100	9629	-0.140593
100	9630	-1.6787
100	9631	0.210901
100	9632	3.27879
100	9633	-0.106589
100	9634	-2.06781
100	9635	0.0209127
100	9636	2.54012
100	9637	-1.26654
100	9638	0.708076
100	9639	0.741212
100	9640	-4.45904
100	9641	1.30884
100	9642	33.0739
100	9643	2.1241
100	9644	0.938259
100	9645	-0.226408
100	9646	0.210219
100	9647	21.7403
100	9648	-3.45411
100	9649	-2.40467
100	9650	1.22061
100	9651	-0.432397
100	9652	4.13409
100	9653	-0.628042
100	9654	0.600747
100	9655	3.15053
100	9656	-2.54835
100	9657	-0.445081
100	9658	-3.02654
100	9659	0.399409
100	9660	1.12798
100	9661	0.25569
100	9662	-0.923741
100	9663	0.316913
100	9664	-0.506938
100	9665	-0.33348
100	9666	-14.0434
100	9667	6.4251
100	9668	0.731814
100	9669	-0.231842
100	9670	-3.64519
100	9671	-0.0687885
100	9672	0.683704
100	9673	-1.75654
100	9674	-0.50954
100	9675	0.438032
100	9676	0.771103
100	9677	-0.102852
100	9678	0.780768
100	9679	-2.87915
100	9680	0.599205
100	9681	-1.0972
100	9682	1.87192
100	9683	-7.90749
100	9684	-1.08133
100	9685	0.384941
100	9686	-0.412062
100	9687	1.52236
100	9688	-0.52843
100	9689	-4.07418
100	9690	-4.3773
100	9691	8.16309
100	9692	5.96464
100	9693	0.481893
100	9694	-70.1584
100	9695	-1.25148
100	9696	1.07416
100	9697	0.0932543
100	9698	0.178051
100	9699	-0.200142
100	9700	3.41824
100	9701	-0.965112
100	9702	0.300829
100	9703	2.05561
100	9704	-0.148604
100	9705	0.553678
100	9706	0.406853
100	9707	0.910062
100	9708	-0.0666543
100	9709	-3.91551
100	9710	-0.173292
100	9711	-0.449222
100	9712	3.3616
100	9713	-0.918878
100	9714	4.54713
100	9715	-1.76372
100	9716	1.74692
100	9717	1.05967
100	9718	-0.856144
100	9719	0.879913
100	9720	-1.90328
100	9721	0.179307
100	9722	0.602039
100	9723	-0.264894
100	9724	0.324183
100	9725	-9.07253
100	9726	2.471
100	9727	-1.44317
100	9728	-0.467397
100	9729	0.208458
100	9730	0.11
100	9731	0.143684
100	9732	-4.71611
100	9733	0.970354
100	9734	-1.01304
100	9735	-1.2026
100	9736	10.8837
100	9737	90.8792
100	9738	0.629933
100	9739	0.342858
100	9740	54.2703
100	9741	-1.78699
100	9742	-2.61138
100	9743	0.366755
100	9744	-9.85833
100	9745	0.612788
100	9746	-0.983966
100	9747	-0.850354
100	9748	-2.76003
100	9749	6.96518
100	9750	-0.129478
100	9751	0.909849
100	9752	0.965079
100	9753	0.345105
100	9754	0.298287
100	9755	0.623344
100	9756	-0.423907
100	9757	0.722129
100	9758	0.627157
100	9759	-1.02057
100	9760	-2.38544
100	9761	-0.0569183
100	9762	1.30248
100	9763	-3.07145
100	9764	-0.743476
100	9765	-1.01644
100	9766	3.85627
100	9767	1.16627
100	9768	-28.482
100	9769	-1.30667
100	9770	-5.88017
100	9771	0.149066
100	9772	-0.12509
100	9773	-2.73234
100	9774	-13.1076
100	9775	7.02641
100	9776	6.34374
100	9777	-1.18992
100	9778	-4.71102
100	9779	0.79639
100	9780	-0.499778
100	9781	0.320081
100	9782	-1.87023
100	9783	0.992228
100	9784	0.260774
100	9785	-1.52196
100	9786	-66.8313
100	9787	-0.346377
100	9788	-1.47385
100	9789	-0.972436
100	9790	0.346101
100	9791	2.00137
100	9792	0.876092
100	9793	-7.18511
100	9794	0.488207
100	9795	-1.82513
100	9796	-0.216993
100	9797	-0.575325
100	9798	-1.65867
100	9799	-0.199443
100	9800	0.423274
100	9801	0.818279
100	9802	-0.485074
100	9803	0.790247
100	9804	3.1183
100	9805	-5.12545
100	9806	-0.866935
100	9807	0.262444
100	9808	-0.546438
100	9809	-0.208668
100	9810	-0.123455
100	9811	1.37054
100	9812	-0.369793
100	9813	-1.58759
100	9814	-2.12397
100	9815	0.698824
100	9816	-0.241484
100	9817	14.7042
100	9818	-3.31604
100	9819	-1.88271
100	9820	-5.57417
100	9821	-0.325716
100	9822	17.0917
100	9823	0.891509
100	9824	2.60598
100	9825	-1.35547
100	9826	-0.380489
100	9827	127.824
100	9828	-0.536098
100	9829	-1.50239
100	9830	1.82736
100	9831	3.35679
100	9832	0.630608
100	9833	5.76857
100	9834	-1.52156
100	9835	-0.781437
100	9836	-0.460264
100	9837	-0.87167
100	9838	-1.36994
100	9839	-1.29057
100	9840	-1.42903
100	9841	23.6035
100	9842	0.710963
100	9843	-10.2253
100	9844	0.909566
100	9845	1.3437
100	9846	1.56807
100	9847	-0.930812
100	9848	2.7561
100	9849	0.238138
100	9850	-4.94444
100	9851	-0.0178926
100	9852	1.54512
100	9853	6.7122
100	9854	6.54178
100	9855	-0.218618
100	9856	-0.536808
100	9857	-1.03514
100	9858	1.29635
100	9859	0.110345
100	9860	0.285459
100	9861	-0.579527
100	9862	-0.175562
100	9863	2.9161
100	9864	0.156297
100	9865	0.171142
100	9866	-0.435761
100	9867	-4.03509
100	9868	0.149089
100	9869	0.702679
100	9870	0.618638
100	9871	0.0477124
100	9872	1.71457
100	9873	-1.94117
100	9874	0.557416
100	9875	-0.381114
100	9876	0.953786
100	9877	0.743796
100	9878	-0.600129
100	9879	14.5299
100	9880	-0.720271
100	9881	-2.46708
100	9882	-0.255711
100	9883	0.224813
100	9884	-3.78528
100	9885	2.27949
100	9886	0.897785
100	9887	-0.647689
100	9888	-1.14409
100	9889	-3.14443
100	9890	1.09871
100	9891	-0.325845
100	9892	1.01601
100	9893	0.138865
100	9894	-0.242339
100	9895	2.67794
100	9896	2.99757
100	9897	0.447105
100	9898	-0.469739
100	9899	-0.182539
100	9900	1.54889
100	9901	-0.667601
100	9902	-25.7511
100	9903	-7.67893
100	9904	-0.0117153
100	9905	3.33412
100	9906	-0.547789
100	9907	-0.0117817
100	9908	1.21489
100	9909	-0.471271
100	9910	0.115769
100	9911	1.26009
100	9912	-0.242386
100	9913	0.403917
100	9914	0.310281
100	9915	0.938524
100	9916	-27.1266
100	9917	-0.651381
100	9918	-0.477721
100	9919	0.619588
100	9920	-0.855348
100	9921	-0.729205
100	9922	0.0987496
100	9923	-0.770906
100	9924	-101.21
100	9925	-1.14055
100	9926	-0.982686
100	9927	1.05749
100	9928	0.0308662
100	9929	0.296203
100	9930	-0.598811
100	9931	0.980447
100	9932	0.0929654
100	9933	-0.373111
100	9934	0.329731
100	9935	-0.120798
100	9936	2.06229
100	9937	-0.00373663
100	9938	-1.47942
100	9939	0.6676
100	9940	1.73837
100	9941	-1.46537
100	9942	-3.96343
100	9943	1.60521
100	9944	1.14326
100	9945	1.51841
100	9946	0.566576
100	9947	-2.27449
100	9948	-0.305341
100	9949	0.26885
100	9950	-0.900406
100	9951	-3.63802
100	9952	-1.10278
100	9953	0.914988
100	9954	3.78715
100	9955	0.023153
100	9956	-1.36758
100	9957	-2.32062
100	9958	0.683917
100	9959	-2.08258
100	9960	-0.575159
100	9961	0.522936
100	9962	0.634014
100	9963	-0.133952
100	9964	0.0791715
100	9965	11.1194
100	9966	13.1378
100	9967	0.539638
100	9968	0.545103
100	9969	-1.24206
100	9970	0.364307
100	9971	0.476018
100	9972	15.1919
100	9973	0.0178038
100	9974	0.63732
100	9975	0.0907675
100	9976	0.975738
100	9977	-0.803782
100	9978	-3.32412
100	9979	1.14197
100	9980	2.04146
100	9981	-4.14404
100	9982	1.72735
100	9983	2.41047
100	9984	0.697936
100	9985	-0.234354
100	9986	-6.5709
100	9987	-1.27831
100	9988	-6.62365
100	9989	7.80625
100	9990	-0.290541
100	9991	2.53237
100	9992	18.0708
100	9993	-1.87589
100	9994	-0.524589
100	9995	-0.914452
100	9996	3.45093
100	9997	-0.375465
100	9998	1.23613
100	9999	-1.81372
