N	real_index	SN
1	0	0.130849
1	1	0.402219
1	2	1.22088
1	3	2.35898
1	4	1.49632
1	5	0.849658
1	6	0.0174531
1	7	1.40508
1	8	0.679691
1	9	0.681732
1	10	0.638274
1	11	0.868616
1	12	2.68627
1	13	0.0245837
1	14	1.05542
1	15	0.103379
1	16	0.86102
1	17	0.604235
1	18	0.256325
1	19	2.81134
1	20	0.143644
1	21	0.118532
1	22	0.318487
1	23	0.331554
1	24	0.241713
1	25	0.795229
1	26	2.32546
1	27	1.78202
1	28	0.224668
1	29	0.0663717
1	30	4.30208
1	31	0.0291159
1	32	0.858075
1	33	1.88426
1	34	3.03198
1	35	0.343082
1	36	1.77329
1	37	0.15639
1	38	0.793632
1	39	0.977176
1	40	0.417997
1	41	0.948839
1	42	1.82326
1	43	0.0810128
1	44	1.57532
1	45	1.70404
1	46	2.4787
1	47	0.314088
1	48	1.73886
1	49	0.299432
1	50	0.0130448
1	51	3.79873
1	52	5.19409
1	53	1.27864
1	54	1.4201
1	55	2.1847
1	56	1.57836
1	57	0.832507
1	58	1.35671
1	59	1.06862
1	60	0.978939
1	61	1.66694
1	62	1.25252
1	63	0.209922
1	64	0.403283
1	65	3.00251
1	66	0.773713
1	67	0.470891
1	68	0.201868
1	69	0.0370704
1	70	0.395059
1	71	0.633703
1	72	0.0543469
1	73	0.035047
1	74	0.25703
1	75	0.125436
1	76	0.138319
1	77	0.224682
1	78	0.810221
1	79	0.00272649
1	80	0.624193
1	81	0.521997
1	82	2.82011
1	83	1.58972
1	84	0.380926
1	85	0.323588
1	86	1.43617
1	87	0.212107
1	88	0.137599
1	89	0.777363
1	90	0.707627
1	91	0.115074
1	92	0.257876
1	93	0.436604
1	94	2.76626
1	95	1.07875
1	96	0.918097
1	97	0.131268
1	98	1.59909
1	99	0.413997
1	100	0.362479
1	101	1.10417
1	102	1.52988
1	103	0.491513
1	104	2.07992
1	105	1.2498
1	106	1.12141
1	107	2.50065
1	108	0.524485
1	109	1.09695
1	110	0.0436977
1	111	1.02795
1	112	0.309162
1	113	0.900785
1	114	0.165301
1	115	2.58007
1	116	0.878604
1	117	2.98
1	118	0.164842
1	119	4.21151
1	120	0.328351
1	121	2.99728
1	122	0.405237
1	123	1.88272
1	124	2.58117
1	125	0.123158
1	126	3.55706
1	127	3.01768
1	128	0.109391
1	129	0.102001
1	130	0.713568
1	131	2.49491
1	132	0.42217
1	133	4.2627
1	134	2.3751
1	135	0.101084
1	136	1.82515
1	137	0.43496
1	138	1.11753
1	139	0.0766335
1	140	0.881701
1	141	0.715092
1	142	0.313782
1	143	0.084926
1	144	0.816099
1	145	0.474477
1	146	0.450792
1	147	0.308999
1	148	1.01615
1	149	1.49058
1	150	0.19253
1	151	0.214067
1	152	1.00939
1	153	0.36603
1	154	0.721182
1	155	0.172423
1	156	0.160056
1	157	2.48554
1	158	1.16623
1	159	0.311081
1	160	0.994881
1	161	1.78178
1	162	0.751734
1	163	0.811193
1	164	0.179117
1	165	0.781281
1	166	0.269909
1	167	0.470135
1	168	0.278701
1	169	0.786847
1	170	0.497847
1	171	2.14117
1	172	1.52686
1	173	0.273342
1	174	0.929105
1	175	1.55762
1	176	0.867028
1	177	0.341709
1	178	0.124166
1	179	2.3882
1	180	2.70542
1	181	0.194513
1	182	0.0274248
1	183	1.54872
1	184	0.0666161
1	185	0.0553001
1	186	0.26692
1	187	0.81637
1	188	0.99671
1	189	0.574509
1	190	0.0259293
1	191	1.00078
1	192	2.70005
1	193	0.00569726
1	194	0.555229
1	195	0.134172
1	196	0.852369
1	197	1.2651
1	198	1.40946
1	199	1.25919
1	200	0.258204
1	201	1.10937
1	202	1.12619
1	203	0.665809
1	204	2.53079
1	205	0.41989
1	206	0.943257
1	207	0.333565
1	208	1.1075
1	209	3.03036
1	210	0.852741
1	211	0.00237417
1	212	0.721015
1	213	0.135963
1	214	1.70329
1	215	0.525997
1	216	1.06753
1	217	1.27425
1	218	0.86797
1	219	1.29409
1	220	1.04699
1	221	0.839131
1	222	1.0411
1	223	3.19496
1	224	3.12479
1	225	0.0152137
1	226	0.182466
1	227	0.24394
1	228	1.54169
1	229	0.0736546
1	230	1.1494
1	231	0.170529
1	232	0.560005
1	233	0.809354
1	234	1.67325
1	235	1.80374
1	236	0.385625
1	237	0.629725
1	238	0.504623
1	239	0.0491278
1	240	0.336933
1	241	0.232098
1	242	1.69296
1	243	1.2478
1	244	1.18067
1	245	2.785
1	246	2.77802
1	247	1.11788
1	248	0.047709
1	249	0.399656
1	250	1.71482
1	251	1.39349
1	252	1.28835
1	253	1.02923
1	254	1.39264
1	255	0.0666979
1	256	0.515996
1	257	0.653217
1	258	1.60703
1	259	5.32474
1	260	0.0818088
1	261	1.72365
1	262	0.176734
1	263	0.377107
1	264	1.29209
1	265	2.14914
1	266	0.0829595
1	267	0.640768
1	268	0.302742
1	269	3.19866
1	270	0.993549
1	271	2.25619
1	272	2.02187
1	273	0.291641
1	274	1.13698
1	275	0.271967
1	276	0.59125
1	277	1.16565
1	278	1.71745
1	279	0.194709
1	280	0.399887
1	281	0.069777
1	282	3.22827
1	283	1.2214
1	284	1.55915
1	285	0.801802
1	286	0.0311336
1	287	0.998287
1	288	1.0138
1	289	0.296542
1	290	0.193434
1	291	1.0112
1	292	1.09907
1	293	0.629764
1	294	1.88094
1	295	0.94989
1	296	0.0686781
1	297	0.465447
1	298	0.0631322
1	299	0.150197
1	300	0.697787
1	301	1.59993
1	302	0.213815
1	303	1.49704
1	304	0.749287
1	305	1.53232
1	306	0.112995
1	307	2.31368
1	308	0.725974
1	309	0.326829
1	310	0.111027
1	311	0.224381
1	312	0.808356
1	313	0.235352
1	314	0.856459
1	315	0.743452
1	316	1.68483
1	317	1.34079
1	318	1.48147
1	319	0.120942
1	320	2.51809
1	321	3.29147
1	322	1.17563
1	323	0.390245
1	324	1.55494
1	325	0.761825
1	326	0.500443
1	327	1.23945
1	328	0.490437
1	329	1.19953
1	330	1.33816
1	331	0.217866
1	332	1.43076
1	333	2.40551
1	334	0.662209
1	335	0.0334025
1	336	0.875668
1	337	0.154485
1	338	0.0285983
1	339	0.371433
1	340	0.255764
1	341	0.134399
1	342	0.219402
1	343	0.110451
1	344	1.65576
1	345	0.363765
1	346	2.39408
1	347	0.257781
1	348	2.21419
1	349	0.0853673
1	350	0.125022
1	351	0.888012
1	352	4.04218
1	353	0.00395775
1	354	0.0512972
1	355	1.70923
1	356	0.00035801
1	357	0.604881
1	358	1.8182
1	359	0.119757
1	360	0.948108
1	361	0.210466
1	362	0.432
1	363	2.03884
1	364	0.169235
1	365	1.98782
1	366	0.471908
1	367	0.102751
1	368	2.60469
1	369	0.654398
1	370	1.42543
1	371	0.893441
1	372	0.00550251
1	373	0.659656
1	374	0.256909
1	375	0.540823
1	376	2.20525
1	377	0.958309
1	378	0.287921
1	379	0.579239
1	380	1.51568
1	381	1.07187
1	382	0.613413
1	383	0.801845
1	384	2.81611
1	385	0.119068
1	386	0.0536701
1	387	0.937291
1	388	1.14419
1	389	0.88745
1	390	2.1447
1	391	4.85145
1	392	1.34538
1	393	0.310831
1	394	0.0418302
1	395	0.387221
1	396	0.940456
1	397	2.97333
1	398	1.67212
1	399	1.0157
1	400	0.248242
1	401	2.50207
1	402	2.64771
1	403	1.15868
1	404	0.994278
1	405	0.508216
1	406	0.521668
1	407	0.989312
1	408	0.812702
1	409	1.72541
1	410	0.87784
1	411	0.284497
1	412	2.56981
1	413	0.485573
1	414	5.00124
1	415	1.08013
1	416	0.761613
1	417	0.496848
1	418	0.521862
1	419	0.937673
1	420	1.40104
1	421	0.458355
1	422	0.0843091
1	423	0.216287
1	424	0.0157802
1	425	1.05168
1	426	0.299002
1	427	0.746792
1	428	0.239451
1	429	1.03014
1	430	0.0607323
1	431	0.156827
1	432	2.85065
1	433	1.29709
1	434	2.59153
1	435	1.30926
1	436	0.180623
1	437	0.361729
1	438	1.54925
1	439	1.089
1	440	0.467223
1	441	3.52533
1	442	0.720972
1	443	0.457104
1	444	2.38231
1	445	0.806342
1	446	0.549745
1	447	0.547761
1	448	1.23767
1	449	2.04326
1	450	0.830834
1	451	0.601223
1	452	0.935728
1	453	0.857929
1	454	2.41907
1	455	0.589005
1	456	0.217347
1	457	0.38511
1	458	2.95204
1	459	4.17985
1	460	0.795592
1	461	0.599332
1	462	0.927418
1	463	3.52831
1	464	0.298514
1	465	0.703536
1	466	2.01774
1	467	0.670405
1	468	0.987322
1	469	0.267894
1	470	0.533063
1	471	0.0710324
1	472	0.147326
1	473	1.19903
1	474	0.607047
1	475	1.00646
1	476	0.507621
1	477	0.271798
1	478	1.60692
1	479	1.73272
1	480	0.787565
1	481	0.827503
1	482	0.862664
1	483	0.412921
1	484	0.278628
1	485	1.44082
1	486	1.4238
1	487	1.38158
1	488	2.17093
1	489	0.263954
1	490	0.704725
1	491	0.28206
1	492	3.79591
1	493	0.144949
1	494	1.2193
1	495	1.6355
1	496	1.31006
1	497	0.464617
1	498	0.106941
1	499	2.06092
1	500	0.4347
1	501	1.17052
1	502	2.05271
1	503	2.11038
1	504	2.19864
1	505	1.2093
1	506	0.115097
1	507	1.71406
1	508	0.751509
1	509	0.889926
1	510	0.738574
1	511	2.42901
1	512	0.676684
1	513	0.0379599
1	514	4.07641
1	515	0.611677
1	516	0.963133
1	517	1.57061
1	518	1.58315
1	519	4.22069
1	520	3.84135
1	521	1.6148
1	522	0.719213
1	523	0.293093
1	524	2.16015
1	525	0.394856
1	526	0.863903
1	527	0.928232
1	528	2.00514
1	529	0.175039
1	530	0.248159
1	531	0.736517
1	532	0.0799924
1	533	0.119421
1	534	0.284178
1	535	0.208151
1	536	0.723779
1	537	0.62765
1	538	0.225729
1	539	1.41296
1	540	1.39715
1	541	0.0132746
1	542	0.657232
1	543	0.381981
1	544	3.55568
1	545	0.678347
1	546	1.21472
1	547	4.04664
1	548	0.236894
1	549	0.726244
1	550	1.3675
1	551	1.20436
1	552	0.180559
1	553	0.139572
1	554	0.271833
1	555	0.727333
1	556	2.18259
1	557	0.727964
1	558	0.290709
1	559	3.26395
1	560	0.686709
1	561	0.989963
1	562	0.918032
1	563	0.604763
1	564	1.3036
1	565	0.016343
1	566	0.636217
1	567	0.530331
1	568	2.6574
1	569	0.297947
1	570	0.704826
1	571	1.58119
1	572	0.172974
1	573	0.260956
1	574	0.43564
1	575	1.27617
1	576	0.355667
1	577	0.419634
1	578	3.86378
1	579	1.00052
1	580	1.56274
1	581	0.89878
1	582	0.846837
1	583	0.0950726
1	584	0.780417
1	585	0.00559942
1	586	2.48732
1	587	0.0954113
1	588	0.0026198
1	589	0.57602
1	590	0.0523836
1	591	2.53741
1	592	0.00221257
1	593	1.09831
1	594	0.644915
1	595	1.58151
1	596	2.65035
1	597	1.32819
1	598	0.0678568
1	599	0.282741
1	600	1.8854
1	601	0.457412
1	602	0.13246
1	603	0.846181
1	604	0.276841
1	605	0.243267
1	606	0.0381267
1	607	0.311938
1	608	2.89962
1	609	0.36932
1	610	0.385517
1	611	1.63988
1	612	0.511902
1	613	0.556846
1	614	0.0382079
1	615	0.208124
1	616	0.352293
1	617	1.03816
1	618	1.62702
1	619	0.49547
1	620	1.50428
1	621	1.69137
1	622	1.34531
1	623	0.275694
1	624	0.443441
1	625	0.739279
1	626	0.72544
1	627	0.832124
1	628	0.234714
1	629	1.66525
1	630	0.351214
1	631	0.390562
1	632	0.153068
1	633	0.954803
1	634	0.0595017
1	635	0.111573
1	636	0.1495
1	637	0.0321379
1	638	0.288968
1	639	2.64281
1	640	0.139119
1	641	0.0190104
1	642	0.653497
1	643	0.337544
1	644	0.80638
1	645	0.285918
1	646	0.203572
1	647	0.264932
1	648	0.667164
1	649	0.2371
1	650	5.40348
1	651	1.68679
1	652	0.477736
1	653	0.727303
1	654	0.372733
1	655	0.106873
1	656	0.0304168
1	657	0.0291434
1	658	2.96269
1	659	0.797647
1	660	2.64742
1	661	0.01185
1	662	1.24307
1	663	0.817178
1	664	1.52536
1	665	0.121256
1	666	0.0424002
1	667	0.236935
1	668	0.393119
1	669	0.749302
1	670	0.306615
1	671	1.6212
1	672	1.42842
1	673	0.12282
1	674	0.608724
1	675	0.723036
1	676	1.00508
1	677	0.39129
1	678	1.19021
1	679	0.285696
1	680	2.26444
1	681	0.0704095
1	682	0.0332143
1	683	0.217388
1	684	1.04027
1	685	0.0733308
1	686	0.553895
1	687	0.293893
1	688	1.1962
1	689	1.82637
1	690	0.207774
1	691	0.260444
1	692	2.49334
1	693	4.13246
1	694	0.093235
1	695	0.218076
1	696	0.46173
1	697	0.340159
1	698	1.06089
1	699	0.257453
1	700	1.46995
1	701	2.74125
1	702	1.5484
1	703	0.455493
1	704	1.19178
1	705	2.05616
1	706	0.716554
1	707	0.569697
1	708	0.72461
1	709	0.352215
1	710	0.184907
1	711	1.65085
1	712	4.16223
1	713	1.68254
1	714	0.313191
1	715	0.0675892
1	716	0.104939
1	717	0.863372
1	718	0.679895
1	719	0.977504
1	720	1.70448
1	721	1.11853
1	722	5.83575
1	723	1.54133
1	724	1.68693
1	725	0.767917
1	726	1.49686
1	727	0.798274
1	728	0.283872
1	729	0.163474
1	730	1.20736
1	731	0.0770178
1	732	0.811371
1	733	0.422694
1	734	0.00726112
1	735	1.11014
1	736	0.441073
1	737	0.378187
1	738	0.250248
1	739	2.36724
1	740	0.488855
1	741	1.09916
1	742	0.32477
1	743	5.75155
1	744	2.51584
1	745	0.0609785
1	746	0.0178008
1	747	1.37811
1	748	2.4818
1	749	0.00169078
1	750	0.532516
1	751	0.422911
1	752	0.0231471
1	753	0.84283
1	754	0.187426
1	755	0.195663
1	756	0.142702
1	757	0.812839
1	758	0.563169
1	759	0.576939
1	760	0.224898
1	761	1.82972
1	762	2.07209
1	763	0.987006
1	764	3.09457
1	765	0.0577252
1	766	1.46464
1	767	0.656618
1	768	1.07776
1	769	1.93458
1	770	0.779005
1	771	1.18506
1	772	1.55537
1	773	0.504181
1	774	1.81833
1	775	0.84462
1	776	1.18482
1	777	3.33824
1	778	0.636538
1	779	0.308242
1	780	2.00265
1	781	1.81911
1	782	3.00657
1	783	0.295032
1	784	0.43368
1	785	0.155689
1	786	1.3476
1	787	0.334841
1	788	0.0210714
1	789	0.828814
1	790	0.172907
1	791	0.377919
1	792	1.38595
1	793	0.528373
1	794	1.13808
1	795	0.527697
1	796	3.49799
1	797	1.73171
1	798	2.39216
1	799	0.452021
1	800	0.356639
1	801	0.56049
1	802	2.30405
1	803	0.0203295
1	804	2.00006
1	805	1.05366
1	806	1.47597
1	807	0.367926
1	808	0.406508
1	809	0.777078
1	810	0.496491
1	811	0.0701038
1	812	0.221658
1	813	0.191295
1	814	1.48336
1	815	1.75966
1	816	0.390584
1	817	1.96451
1	818	1.21092
1	819	0.131797
1	820	1.36564
1	821	2.19164
1	822	0.0545277
1	823	0.097949
1	824	0.0129206
1	825	2.19336
1	826	1.03142
1	827	0.938731
1	828	0.406962
1	829	3.63158
1	830	1.32507
1	831	1.24924
1	832	0.448522
1	833	0.152308
1	834	0.382068
1	835	1.16963
1	836	1.69907
1	837	1.13624
1	838	3.38946
1	839	0.823656
1	840	0.204122
1	841	1.205
1	842	0.863482
1	843	0.876033
1	844	0.718122
1	845	0.136181
1	846	0.136115
1	847	0.793624
1	848	1.82883
1	849	0.357697
1	850	0.319101
1	851	0.144731
1	852	2.10347
1	853	0.674559
1	854	0.135985
1	855	1.11168
1	856	0.188289
1	857	0.859238
1	858	1.55527
1	859	0.524623
1	860	3.64804
1	861	0.53689
1	862	1.06094
1	863	1.32266
1	864	0.308631
1	865	0.549888
1	866	0.78058
1	867	1.55197
1	868	0.868407
1	869	1.66731
1	870	0.0366052
1	871	6.38679
1	872	0.342075
1	873	0.0781141
1	874	0.11298
1	875	0.889161
1	876	0.816902
1	877	1.09419
1	878	0.183239
1	879	1.34101
1	880	2.62805
1	881	0.610239
1	882	1.0949
1	883	0.772213
1	884	0.224778
1	885	0.523088
1	886	1.04978
1	887	0.15507
1	888	0.720294
1	889	0.973333
1	890	0.488641
1	891	1.03675
1	892	2.63711
1	893	0.743152
1	894	3.06164
1	895	0.441436
1	896	0.0578889
1	897	1.17966
1	898	0.240773
1	899	2.9608
1	900	1.20622
1	901	0.933103
1	902	3.83328
1	903	0.782712
1	904	1.91721
1	905	0.873297
1	906	0.416005
1	907	0.507871
1	908	0.0251693
1	909	1.66513
1	910	2.69604
1	911	1.771
1	912	0.384708
1	913	0.0145524
1	914	0.487594
1	915	1.42278
1	916	0.378593
1	917	1.79358
1	918	2.10539
1	919	1.26613
1	920	0.0631743
1	921	1.84646
1	922	3.89343
1	923	1.54201
1	924	1.32848
1	925	2.46082
1	926	1.27704
1	927	0.118303
1	928	0.0205551
1	929	0.747329
1	930	0.0551763
1	931	0.204552
1	932	0.559975
1	933	0.130929
1	934	1.31739
1	935	0.710244
1	936	1.54448
1	937	1.4084
1	938	1.26109
1	939	2.0724
1	940	0.321944
1	941	0.26129
1	942	3.5319
1	943	0.0764906
1	944	1.97789
1	945	1.06721
1	946	0.0619998
1	947	2.6059
1	948	3.27334
1	949	1.81719
1	950	0.206829
1	951	0.384646
1	952	1.56263
1	953	1.63413
1	954	1.14337
1	955	0.248293
1	956	0.319008
1	957	0.0972622
1	958	2.57871
1	959	2.72288
1	960	1.03302
1	961	0.409894
1	962	0.072032
1	963	0.362379
1	964	0.0233304
1	965	0.387728
1	966	0.998985
1	967	2.64556
1	968	0.423363
1	969	1.76862
1	970	0.367682
1	971	0.299844
1	972	0.0476838
1	973	0.224163
1	974	0.949329
1	975	1.21366
1	976	1.46226
1	977	0.456687
1	978	1.50778
1	979	0.576788
1	980	0.0623881
1	981	1.22592
1	982	0.912852
1	983	2.23579
1	984	0.563322
1	985	0.186505
1	986	1.36977
1	987	2.09248
1	988	0.0708693
1	989	5.06978
1	990	0.990541
1	991	2.6278
1	992	2.35869
1	993	0.812056
1	994	1.57053
1	995	2.10609
1	996	0.305991
1	997	0.935584
1	998	1.43002
1	999	0.0872708
1	1000	1.87162
1	1001	0.880485
1	1002	0.164977
1	1003	1.74965
1	1004	0.11729
1	1005	3.41772
1	1006	2.25079
1	1007	0.770967
1	1008	1.21889
1	1009	1.38166
1	1010	3.40877
1	1011	0.920422
1	1012	0.595963
1	1013	2.62541
1	1014	1.24344
1	1015	0.517176
1	1016	1.92594
1	1017	0.339108
1	1018	0.533863
1	1019	0.177297
1	1020	0.0617055
1	1021	0.512262
1	1022	0.465487
1	1023	0.0655744
1	1024	2.33007
1	1025	0.407596
1	1026	0.756909
1	1027	1.59069
1	1028	0.195102
1	1029	0.694129
1	1030	0.22778
1	1031	0.244531
1	1032	0.645669
1	1033	3.04319
1	1034	0.449359
1	1035	0.431861
1	1036	2.2612
1	1037	0.642477
1	1038	0.134649
1	1039	0.035084
1	1040	1.23125
1	1041	0.423757
1	1042	1.51047
1	1043	0.412377
1	1044	0.418792
1	1045	1.60822
1	1046	0.0256475
1	1047	0.749879
1	1048	0.0512547
1	1049	0.0536276
1	1050	0.0295203
1	1051	0.24418
1	1052	1.74961
1	1053	0.284005
1	1054	1.14843
1	1055	1.77285
1	1056	1.70656
1	1057	1.34035
1	1058	1.06293
1	1059	0.476897
1	1060	3.63247
1	1061	0.574716
1	1062	0.219248
1	1063	0.608006
1	1064	0.199547
1	1065	0.456484
1	1066	0.00244556
1	1067	0.514116
1	1068	0.0712789
1	1069	0.664895
1	1070	0.117101
1	1071	1.5348
1	1072	2.94207
1	1073	3.49239
1	1074	0.0151473
1	1075	3.2811
1	1076	0.687061
1	1077	1.13779
1	1078	1.09448
1	1079	0.0417102
1	1080	1.14947
1	1081	0.0181561
1	1082	0.565651
1	1083	0.670284
1	1084	0.32013
1	1085	1.61365
1	1086	1.37542
1	1087	1.75587
1	1088	0.248756
1	1089	0.613454
1	1090	2.24824
1	1091	0.0731649
1	1092	0.212825
1	1093	1.23697
1	1094	0.194233
1	1095	2.50958
1	1096	1.04304
1	1097	2.20071
1	1098	1.36669
1	1099	0.607702
1	1100	0.0820874
1	1101	0.0915905
1	1102	0.0125473
1	1103	0.602383
1	1104	0.375863
1	1105	0.0441693
1	1106	0.820734
1	1107	0.032955
1	1108	0.0942237
1	1109	1.95816
1	1110	0.705258
1	1111	2.34472
1	1112	0.27691
1	1113	1.46665
1	1114	0.975174
1	1115	1.00618
1	1116	1.54395
1	1117	1.31762
1	1118	0.257139
1	1119	0.362103
1	1120	1.19108
1	1121	0.0312638
1	1122	1.11356
1	1123	1.18135
1	1124	0.0601661
1	1125	0.765867
1	1126	1.296
1	1127	0.0250742
1	1128	0.453221
1	1129	0.0858472
1	1130	0.348682
1	1131	1.74282
1	1132	1.08276
1	1133	0.84361
1	1134	2.0574
1	1135	0.179705
1	1136	1.89736
1	1137	2.86336
1	1138	0.429066
1	1139	0.309283
1	1140	0.364821
1	1141	0.0799858
1	1142	1.17912
1	1143	0.0419547
1	1144	1.46242
1	1145	0.798792
1	1146	1.20759
1	1147	1.33169
1	1148	1.79257
1	1149	0.0672249
1	1150	0.251329
1	1151	1.02899
1	1152	1.75655
1	1153	0.817227
1	1154	0.593586
1	1155	0.327422
1	1156	0.058237
1	1157	0.297012
1	1158	0.550164
1	1159	4.98833
1	1160	1.48035
1	1161	1.02291
1	1162	0.887315
1	1163	0.537834
1	1164	0.361938
1	1165	1.18678
1	1166	1.47068
1	1167	0.414569
1	1168	0.0189058
1	1169	0.43669
1	1170	1.9243
1	1171	0.757549
1	1172	1.01085
1	1173	1.08742
1	1174	0.820488
1	1175	1.67685
1	1176	0.19486
1	1177	0.163784
1	1178	0.0799724
1	1179	1.81678
1	1180	0.0428383
1	1181	0.00924187
1	1182	0.490222
1	1183	1.56023
1	1184	0.685624
1	1185	2.90769
1	1186	0.103548
1	1187	0.633445
1	1188	1.22146
1	1189	1.14441
1	1190	0.86919
1	1191	0.779692
1	1192	0.695422
1	1193	1.52855
1	1194	1.47492
1	1195	0.353977
1	1196	1.11179
1	1197	0.42483
1	1198	1.02051
1	1199	3.38508
1	1200	1.60536
1	1201	0.997453
1	1202	0.0997173
1	1203	2.35474
1	1204	2.21167
1	1205	0.376534
1	1206	3.03234
1	1207	0.209039
1	1208	0.172593
1	1209	0.0557393
1	1210	3.13531
1	1211	1.63022
1	1212	1.30102
1	1213	1.13095
1	1214	0.211701
1	1215	0.993968
1	1216	0.754883
1	1217	1.01477
1	1218	0.372909
1	1219	0.656692
1	1220	0.798248
1	1221	0.788593
1	1222	2.23088
1	1223	1.50296
1	1224	1.17125
1	1225	0.51538
1	1226	2.84099
1	1227	0.10396
1	1228	5.07261
1	1229	0.824779
1	1230	1.2976
1	1231	0.394834
1	1232	0.985304
1	1233	0.186134
1	1234	0.189749
1	1235	1.62887
1	1236	2.48619
1	1237	0.698996
1	1238	2.77383
1	1239	0.938906
1	1240	1.10512
1	1241	1.80626
1	1242	0.106693
1	1243	0.694705
1	1244	2.19201
1	1245	1.1494
1	1246	0.392852
1	1247	0.363965
1	1248	1.14146
1	1249	2.04028
1	1250	0.00647373
1	1251	1.05473
1	1252	0.453328
1	1253	0.124002
1	1254	3.60487
1	1255	0.339043
1	1256	0.504687
1	1257	3.54634
1	1258	1.11514
1	1259	0.244247
1	1260	0.536626
1	1261	2.97134
1	1262	1.20803
1	1263	0.176025
1	1264	0.180122
1	1265	1.52096
1	1266	0.398029
1	1267	0.201596
1	1268	0.0341187
1	1269	0.740073
1	1270	2.61311
1	1271	0.793617
1	1272	0.00534986
1	1273	1.75094
1	1274	1.9594
1	1275	0.343408
1	1276	1.06739
1	1277	0.978208
1	1278	0.308736
1	1279	0.657167
1	1280	2.83531
1	1281	0.551848
1	1282	1.51782
1	1283	0.784821
1	1284	0.829393
1	1285	2.62808
1	1286	1.58724
1	1287	0.542711
1	1288	0.0926671
1	1289	0.228727
1	1290	0.361557
1	1291	1.93973
1	1292	0.358643
1	1293	0.658456
1	1294	0.532074
1	1295	0.338121
1	1296	2.45886
1	1297	0.0831503
1	1298	0.738738
1	1299	1.63799
1	1300	0.189989
1	1301	0.174936
1	1302	0.201881
1	1303	1.45869
1	1304	0.631502
1	1305	0.0302422
1	1306	0.636447
1	1307	1.92741
1	1308	0.239717
1	1309	0.58821
1	1310	3.86324
1	1311	0.821732
1	1312	0.219894
1	1313	2.21596
1	1314	0.471266
1	1315	0.993546
1	1316	1.75101
1	1317	1.03114
1	1318	0.0330996
1	1319	1.41975
1	1320	0.256113
1	1321	0.663041
1	1322	0.0116931
1	1323	2.13176
1	1324	0.713094
1	1325	1.1582
1	1326	0.353189
1	1327	1.04888
1	1328	1.07394
1	1329	2.06467
1	1330	0.776745
1	1331	0.885038
1	1332	1.32836
1	1333	0.00442393
1	1334	1.33075
1	1335	0.314236
1	1336	0.936319
1	1337	0.354501
1	1338	1.04669
1	1339	0.40047
1	1340	0.182116
1	1341	1.15571
1	1342	1.49795
1	1343	1.78488
1	1344	0.241748
1	1345	0.585747
1	1346	0.184536
1	1347	0.778002
1	1348	2.6628
1	1349	0.0605083
1	1350	0.342374
1	1351	1.63863
1	1352	2.58037
1	1353	0.0410882
1	1354	1.04734
1	1355	0.674086
1	1356	0.97204
1	1357	0.217489
1	1358	0.569013
1	1359	1.78539
1	1360	1.35423
1	1361	0.833527
1	1362	0.967168
1	1363	0.00274967
1	1364	0.164936
1	1365	0.488257
1	1366	1.17723
1	1367	2.84417
1	1368	0.0605379
1	1369	1.46027
1	1370	0.561715
1	1371	1.47723
1	1372	0.485344
1	1373	0.943639
1	1374	0.383603
1	1375	0.868176
1	1376	3.30047
1	1377	0.122468
1	1378	1.15956
1	1379	2.189
1	1380	1.59389
1	1381	0.26392
1	1382	0.27752
1	1383	1.85512
1	1384	1.22671
1	1385	2.14837
1	1386	0.444218
1	1387	1.24095
1	1388	0.14228
1	1389	1.22333
1	1390	0.279689
1	1391	0.00179413
1	1392	0.21035
1	1393	0.831882
1	1394	0.924841
1	1395	0.842224
1	1396	0.179798
1	1397	3.0821
1	1398	2.86869
1	1399	2.29014
1	1400	3.16997
1	1401	0.793538
1	1402	0.356624
1	1403	2.67475
1	1404	0.348487
1	1405	0.255137
1	1406	1.46054
1	1407	0.134972
1	1408	0.322858
1	1409	0.890588
1	1410	0.156754
1	1411	1.06306
1	1412	1.37917
1	1413	1.38362
1	1414	1.09812
1	1415	0.000205768
1	1416	0.418195
1	1417	0.70475
1	1418	3.24508
1	1419	1.25544
1	1420	0.931738
1	1421	0.356747
1	1422	1.87041
1	1423	0.362791
1	1424	1.07418
1	1425	1.20153
1	1426	0.944907
1	1427	0.507165
1	1428	1.65193
1	1429	2.10875
1	1430	0.321157
1	1431	0.732951
1	1432	3.02578
1	1433	1.11554
1	1434	0.904867
1	1435	0.441134
1	1436	1.0206
1	1437	0.18167
1	1438	0.0931452
1	1439	1.72779
1	1440	1.86823
1	1441	0.679159
1	1442	0.0101504
1	1443	0.170692
1	1444	3.64134
1	1445	0.130907
1	1446	0.466149
1	1447	0.713757
1	1448	1.45237
1	1449	0.404111
1	1450	0.123399
1	1451	3.1033
1	1452	1.54667
1	1453	0.176953
1	1454	0.0553272
1	1455	1.21841
1	1456	0.254827
1	1457	1.02641
1	1458	0.275429
1	1459	1.6873
1	1460	0.118538
1	1461	1.17869
1	1462	2.03916
1	1463	0.198074
1	1464	1.53556
1	1465	0.36634
1	1466	0.191381
1	1467	1.68867
1	1468	1.20614
1	1469	0.661863
1	1470	0.688917
1	1471	4.47356
1	1472	0.81028
1	1473	0.221928
1	1474	0.871165
1	1475	0.859583
1	1476	0.234174
1	1477	0.386029
1	1478	0.0349006
1	1479	0.185064
1	1480	0.0982646
1	1481	2.69438
1	1482	0.297502
1	1483	0.126963
1	1484	1.12764
1	1485	1.11349
1	1486	0.0262304
1	1487	0.314778
1	1488	0.0110865
1	1489	0.417404
1	1490	0.33896
1	1491	0.0567471
1	1492	0.702772
1	1493	1.43441
1	1494	0.242439
1	1495	1.13611
1	1496	0.653697
1	1497	0.239678
1	1498	0.450665
1	1499	0.032904
1	1500	3.63144
1	1501	0.362204
1	1502	0.0617882
1	1503	1.58826
1	1504	0.157866
1	1505	0.149959
1	1506	0.922604
1	1507	0.0654324
1	1508	0.976015
1	1509	0.561824
1	1510	2.49282
1	1511	4.0709
1	1512	1.24293
1	1513	4.4342
1	1514	0.356391
1	1515	2.38378
1	1516	0.834809
1	1517	2.13019
1	1518	0.82422
1	1519	2.33837
1	1520	1.03173
1	1521	0.622112
1	1522	4.66944
1	1523	0.0233046
1	1524	2.78276
1	1525	0.497653
1	1526	0.516069
1	1527	0.452273
1	1528	0.104747
1	1529	0.640339
1	1530	0.193358
1	1531	1.40289
1	1532	0.373498
1	1533	0.459696
1	1534	0.57157
1	1535	0.0974186
1	1536	0.248993
1	1537	0.971756
1	1538	2.21581
1	1539	0.522356
1	1540	2.54927
1	1541	0.607311
1	1542	0.70565
1	1543	0.015373
1	1544	0.616658
1	1545	0.0224259
1	1546	0.129532
1	1547	0.993664
1	1548	0.0378253
1	1549	0.474825
1	1550	0.047091
1	1551	0.725952
1	1552	0.801177
1	1553	1.81154
1	1554	1.61564
1	1555	0.135123
1	1556	1.25197
1	1557	0.831634
1	1558	1.78562
1	1559	2.91926
1	1560	0.0995253
1	1561	0.630714
1	1562	1.65535
1	1563	0.137547
1	1564	0.750309
1	1565	0.628788
1	1566	1.48765
1	1567	0.199383
1	1568	0.871279
1	1569	0.170663
1	1570	5.23367
1	1571	0.329371
1	1572	1.06547
1	1573	0.280969
1	1574	0.0301699
1	1575	0.555864
1	1576	2.31688
1	1577	2.13692
1	1578	1.70462
1	1579	0.966599
1	1580	2.47176
1	1581	0.747976
1	1582	0.0462205
1	1583	1.04896
1	1584	0.101029
1	1585	2.40399
1	1586	1.12175
1	1587	0.197608
1	1588	0.0281116
1	1589	0.367821
1	1590	0.368124
1	1591	0.0159578
1	1592	0.275948
1	1593	0.12608
1	1594	0.520427
1	1595	0.523486
1	1596	0.610002
1	1597	1.35718
1	1598	1.42086
1	1599	0.756488
1	1600	2.39289
1	1601	0.347187
1	1602	2.04196
1	1603	0.0561635
1	1604	1.3559
1	1605	0.808519
1	1606	2.15902
1	1607	1.23976
1	1608	1.10922
1	1609	4.03667
1	1610	1.31518
1	1611	0.643105
1	1612	0.21255
1	1613	0.100592
1	1614	0.790939
1	1615	0.782118
1	1616	0.782179
1	1617	0.239297
1	1618	2.15417
1	1619	0.47092
1	1620	0.247874
1	1621	1.2021
1	1622	0.77558
1	1623	0.288889
1	1624	0.173262
1	1625	0.479318
1	1626	0.102294
1	1627	3.48992
1	1628	0.652261
1	1629	2.19095
1	1630	1.58354
1	1631	0.594068
1	1632	1.45988
1	1633	3.17867
1	1634	0.879121
1	1635	0.197478
1	1636	0.22483
1	1637	0.275122
1	1638	3.16133
1	1639	0.135551
1	1640	2.45862
1	1641	0.364864
1	1642	0.289322
1	1643	0.117607
1	1644	2.28552
1	1645	0.309982
1	1646	1.90082
1	1647	1.02498
1	1648	1.97425
1	1649	1.77163
1	1650	0.45041
1	1651	0.40414
1	1652	1.34152
1	1653	0.700771
1	1654	0.0379278
1	1655	0.386289
1	1656	0.546075
1	1657	0.000195281
1	1658	0.379407
1	1659	1.08308
1	1660	0.707038
1	1661	0.247396
1	1662	0.434913
1	1663	1.14307
1	1664	3.20014
1	1665	0.369226
1	1666	0.0429372
1	1667	0.149612
1	1668	0.100847
1	1669	0.888229
1	1670	1.87489
1	1671	0.394568
1	1672	1.71271
1	1673	0.174706
1	1674	0.493436
1	1675	1.03349
1	1676	3.05647
1	1677	0.0258765
1	1678	0.11549
1	1679	0.814219
1	1680	0.459464
1	1681	2.09546
1	1682	0.827263
1	1683	0.229106
1	1684	1.69627
1	1685	0.579442
1	1686	0.521895
1	1687	0.66264
1	1688	0.27859
1	1689	0.741416
1	1690	0.480356
1	1691	0.620366
1	1692	0.558921
1	1693	1.0027
1	1694	0.604986
1	1695	3.77103
1	1696	0.224071
1	1697	0.0922998
1	1698	1.311
1	1699	3.76858
1	1700	1.16607
1	1701	1.48462
1	1702	3.87035
1	1703	0.190167
1	1704	0.247724
1	1705	1.19081
1	1706	0.13936
1	1707	0.088594
1	1708	3.15249
1	1709	2.79117
1	1710	0.719943
1	1711	0.632168
1	1712	0.22716
1	1713	4.48203
1	1714	1.85097
1	1715	2.03446
1	1716	1.92217
1	1717	0.0865281
1	1718	0.0431645
1	1719	2.19776
1	1720	1.45459
1	1721	0.841974
1	1722	0.450689
1	1723	0.626812
1	1724	0.014543
1	1725	0.598918
1	1726	0.369037
1	1727	0.866558
1	1728	0.157857
1	1729	0.679095
1	1730	0.68602
1	1731	0.492832
1	1732	1.63949
1	1733	0.600965
1	1734	0.99479
1	1735	1.44536
1	1736	0.346111
1	1737	0.19633
1	1738	0.799104
1	1739	1.94746
1	1740	3.21654
1	1741	0.369502
1	1742	0.138198
1	1743	3.47256
1	1744	1.01801
1	1745	1.6768
1	1746	0.472825
1	1747	0.197629
1	1748	0.721317
1	1749	0.510141
1	1750	0.247493
1	1751	0.81025
1	1752	2.51645
1	1753	0.437233
1	1754	0.236097
1	1755	0.203472
1	1756	0.339701
1	1757	0.149811
1	1758	0.10585
1	1759	1.12742
1	1760	1.3472
1	1761	0.787744
1	1762	0.415062
1	1763	0.493344
1	1764	0.539451
1	1765	0.67021
1	1766	1.82107
1	1767	1.02062
1	1768	0.423781
1	1769	0.0195551
1	1770	1.25918
1	1771	0.150387
1	1772	0.197988
1	1773	1.26192
1	1774	0.481266
1	1775	0.44429
1	1776	0.261295
1	1777	0.720433
1	1778	0.880908
1	1779	0.342537
1	1780	0.76039
1	1781	2.46138
1	1782	0.87577
1	1783	0.0683079
1	1784	2.02897
1	1785	0.654652
1	1786	0.178501
1	1787	0.188829
1	1788	0.431782
1	1789	2.5249
1	1790	2.52913
1	1791	1.54594
1	1792	2.40428
1	1793	3.64817
1	1794	0.264953
1	1795	0.786945
1	1796	0.542652
1	1797	1.68785
1	1798	0.247335
1	1799	0.212183
1	1800	1.14151
1	1801	0.839502
1	1802	0.43306
1	1803	0.0213017
1	1804	1.16845
1	1805	2.87741
1	1806	0.209998
1	1807	0.484201
1	1808	1.59956
1	1809	0.327105
1	1810	0.09912
1	1811	0.054873
1	1812	0.266824
1	1813	0.716181
1	1814	0.0409413
1	1815	2.91212
1	1816	0.0584077
1	1817	3.77959
1	1818	0.565081
1	1819	3.53023
1	1820	1.1177
1	1821	0.297705
1	1822	1.88398
1	1823	0.106716
1	1824	0.893164
1	1825	0.927887
1	1826	3.31059
1	1827	1.51671
1	1828	1.0112
1	1829	0.547628
1	1830	1.1389
1	1831	0.309894
1	1832	0.802246
1	1833	1.06906
1	1834	0.328927
1	1835	0.658555
1	1836	0.0621374
1	1837	0.324574
1	1838	1.35467
1	1839	0.543164
1	1840	0.287114
1	1841	1.84566
1	1842	0.237128
1	1843	0.661742
1	1844	1.43426
1	1845	1.99695
1	1846	0.0417094
1	1847	1.33262
1	1848	1.73757
1	1849	0.923321
1	1850	0.16022
1	1851	0.465288
1	1852	1.86394
1	1853	0.263808
1	1854	0.202224
1	1855	1.42111
1	1856	0.0944895
1	1857	0.294488
1	1858	0.00143982
1	1859	1.41281
1	1860	0.0311519
1	1861	0.655272
1	1862	0.0292647
1	1863	3.41049
1	1864	0.227094
1	1865	2.36408
1	1866	1.0283
1	1867	0.217014
1	1868	3.4915
1	1869	0.223594
1	1870	2.70576
1	1871	0.10207
1	1872	0.26483
1	1873	0.00431484
1	1874	2.65648
1	1875	0.349833
1	1876	0.0160581
1	1877	0.703016
1	1878	0.31363
1	1879	1.46502
1	1880	0.959385
1	1881	0.51625
1	1882	0.908654
1	1883	0.00388392
1	1884	1.54744
1	1885	1.58018
1	1886	1.73299
1	1887	0.0777221
1	1888	1.54006
1	1889	0.151757
1	1890	0.489758
1	1891	1.67563
1	1892	0.12868
1	1893	0.927352
1	1894	0.666067
1	1895	1.0275
1	1896	5.95877
1	1897	1.55178
1	1898	2.14174
1	1899	0.152368
1	1900	1.44991
1	1901	0.622526
1	1902	0.575348
1	1903	0.480849
1	1904	0.989715
1	1905	0.186206
1	1906	0.610073
1	1907	0.70291
1	1908	0.366167
1	1909	0.735252
1	1910	1.28938
1	1911	0.995946
1	1912	1.52403
1	1913	0.752672
1	1914	1.255
1	1915	0.267592
1	1916	0.550639
1	1917	2.34122
1	1918	1.56957
1	1919	1.25154
1	1920	0.173449
1	1921	1.54648
1	1922	1.0377
1	1923	0.666156
1	1924	0.950429
1	1925	0.267545
1	1926	0.0964616
1	1927	0.0817317
1	1928	0.985613
1	1929	0.59293
1	1930	0.720138
1	1931	0.0558595
1	1932	5.44868
1	1933	0.771775
1	1934	0.574072
1	1935	0.0924634
1	1936	2.10491
1	1937	2.18076
1	1938	0.301098
1	1939	0.119307
1	1940	1.25233
1	1941	2.16807
1	1942	0.22871
1	1943	0.394161
1	1944	2.95286
1	1945	0.369749
1	1946	2.00333
1	1947	0.510094
1	1948	1.67904
1	1949	0.799513
1	1950	2.44963
1	1951	1.63592
1	1952	0.184538
1	1953	0.595991
1	1954	1.28185
1	1955	0.910245
1	1956	0.282799
1	1957	0.181711
1	1958	0.0120558
1	1959	2.15898
1	1960	0.530807
1	1961	0.325702
1	1962	1.05251
1	1963	1.13571
1	1964	2.2679
1	1965	0.604458
1	1966	5.35265
1	1967	1.88067
1	1968	0.159971
1	1969	0.505897
1	1970	1.0304
1	1971	1.86904
1	1972	0.177114
1	1973	0.553835
1	1974	0.20505
1	1975	0.143395
1	1976	4.49207
1	1977	0.878213
1	1978	2.16224
1	1979	0.423053
1	1980	1.37663
1	1981	1.06917
1	1982	1.01859
1	1983	0.00533669
1	1984	3.05319
1	1985	0.0409613
1	1986	2.87442
1	1987	2.38239
1	1988	1.83795
1	1989	0.224539
1	1990	1.36163
1	1991	0.0730623
1	1992	1.15756
1	1993	0.302923
1	1994	0.392967
1	1995	1.90985
1	1996	1.84287
1	1997	0.0197844
1	1998	0.0865928
1	1999	0.725054
1	2000	0.395428
1	2001	0.212203
1	2002	1.84091
1	2003	3.80981
1	2004	0.225383
1	2005	0.532928
1	2006	0.107773
1	2007	0.175295
1	2008	0.866262
1	2009	0.352561
1	2010	0.523158
1	2011	0.3505
1	2012	1.61751
1	2013	2.00181
1	2014	0.0159749
1	2015	0.705214
1	2016	2.08473
1	2017	0.838838
1	2018	6.84124
1	2019	0.424133
1	2020	0.835401
1	2021	2.78915
1	2022	0.247727
1	2023	1.73283
1	2024	0.306732
1	2025	0.0610652
1	2026	0.823406
1	2027	0.518057
1	2028	1.40057
1	2029	0.554912
1	2030	0.284181
1	2031	0.0306364
1	2032	1.98502
1	2033	0.857234
1	2034	1.0262
1	2035	0.2421
1	2036	0.70286
1	2037	1.61264
1	2038	0.0257379
1	2039	0.889822
1	2040	0.402901
1	2041	0.413214
1	2042	0.608027
1	2043	0.0415353
1	2044	1.91687
1	2045	0.231137
1	2046	1.67122
1	2047	4.3484
1	2048	2.33603
1	2049	0.0800063
1	2050	2.98125
1	2051	1.64107
1	2052	0.535919
1	2053	1.18725
1	2054	1.64913
1	2055	0.648732
1	2056	0.00155742
1	2057	2.01043
1	2058	0.271295
1	2059	2.13618
1	2060	0.64337
1	2061	0.261117
1	2062	2.7162
1	2063	1.2369
1	2064	0.56964
1	2065	0.279631
1	2066	0.747548
1	2067	1.06211
1	2068	0.073364
1	2069	0.0832126
1	2070	1.33851
1	2071	0.965921
1	2072	0.730886
1	2073	1.06483
1	2074	0.372683
1	2075	0.579763
1	2076	0.0592202
1	2077	1.0596
1	2078	1.52947
1	2079	0.722925
1	2080	0.383818
1	2081	0.106995
1	2082	0.295856
1	2083	0.729068
1	2084	2.18634
1	2085	0.81773
1	2086	0.241554
1	2087	1.14068
1	2088	0.567734
1	2089	0.0186595
1	2090	1.25634
1	2091	0.091375
1	2092	0.104432
1	2093	1.28846
1	2094	0.605712
1	2095	0.000552081
1	2096	0.611503
1	2097	1.9468
1	2098	0.416334
1	2099	1.66913
1	2100	0.153481
1	2101	1.50829
1	2102	0.23374
1	2103	0.11466
1	2104	0.486072
1	2105	0.948596
1	2106	1.06524
1	2107	0.289537
1	2108	0.339327
1	2109	0.807949
1	2110	0.097066
1	2111	0.485767
1	2112	1.47932
1	2113	0.977993
1	2114	1.80489
1	2115	3.91619
1	2116	2.22222
1	2117	0.85825
1	2118	0.330395
1	2119	1.40505
1	2120	0.699211
1	2121	0.450779
1	2122	0.275168
1	2123	0.584005
1	2124	0.31212
1	2125	1.16848
1	2126	0.926753
1	2127	1.10121
1	2128	0.560065
1	2129	1.00204
1	2130	0.656189
1	2131	1.27425
1	2132	1.79045
1	2133	0.890204
1	2134	0.627641
1	2135	2.34474
1	2136	0.0441522
1	2137	0.958539
1	2138	4.16763
1	2139	0.325754
1	2140	0.031991
1	2141	3.00835
1	2142	2.07827
1	2143	2.43181
1	2144	1.10006
1	2145	0.781258
1	2146	0.145218
1	2147	0.642892
1	2148	1.87941
1	2149	0.0750974
1	2150	1.14738
1	2151	0.291705
1	2152	0.474251
1	2153	0.479055
1	2154	0.130255
1	2155	0.186476
1	2156	0.548129
1	2157	0.744769
1	2158	2.63225
1	2159	0.563325
1	2160	0.110745
1	2161	2.81188
1	2162	0.947209
1	2163	0.105533
1	2164	0.627473
1	2165	0.13861
1	2166	2.04497
1	2167	2.07587
1	2168	3.09563
1	2169	4.78384
1	2170	0.353906
1	2171	1.80609
1	2172	1.39297
1	2173	1.50718
1	2174	3.06707
1	2175	0.179583
1	2176	2.14082
1	2177	1.0341
1	2178	0.267777
1	2179	0.151036
1	2180	0.00779064
1	2181	0.108384
1	2182	0.736367
1	2183	1.24165
1	2184	0.424871
1	2185	0.0740208
1	2186	1.14348
1	2187	0.353897
1	2188	0.0169675
1	2189	1.4738
1	2190	1.00493
1	2191	0.0482249
1	2192	0.727492
1	2193	2.33641
1	2194	2.31307
1	2195	0.905819
1	2196	0.973897
1	2197	0.408381
1	2198	1.52485
1	2199	0.998747
1	2200	6.38864
1	2201	0.127042
1	2202	0.0624946
1	2203	0.778711
1	2204	1.22808
1	2205	3.01597
1	2206	1.21123
1	2207	1.02629
1	2208	1.77428
1	2209	0.0967114
1	2210	3.5309
1	2211	0.985355
1	2212	4.43474
1	2213	0.0392086
1	2214	1.73109
1	2215	0.901901
1	2216	1.63909
1	2217	0.900594
1	2218	3.70471
1	2219	0.655415
1	2220	1.20519
1	2221	0.00280002
1	2222	0.168637
1	2223	1.81989
1	2224	1.72772
1	2225	0.0156046
1	2226	1.51251
1	2227	0.0907043
1	2228	2.32286
1	2229	0.671947
1	2230	0.996911
1	2231	3.02602
1	2232	0.131742
1	2233	1.78439
1	2234	0.574586
1	2235	0.543624
1	2236	0.26706
1	2237	0.393052
1	2238	0.0591593
1	2239	2.31616
1	2240	1.90205
1	2241	0.528333
1	2242	0.0855799
1	2243	0.372093
1	2244	0.706202
1	2245	0.335075
1	2246	2.64084
1	2247	0.579387
1	2248	0.406531
1	2249	1.09091
1	2250	0.349353
1	2251	1.03157
1	2252	0.596112
1	2253	0.124538
1	2254	0.449159
1	2255	1.08241
1	2256	4.75098
1	2257	1.40895
1	2258	0.259227
1	2259	0.0690386
1	2260	0.501819
1	2261	2.11256
1	2262	0.481296
1	2263	2.1995
1	2264	0.892067
1	2265	0.0687665
1	2266	1.61751
1	2267	0.40596
1	2268	0.673289
1	2269	0.797856
1	2270	1.13409
1	2271	0.137181
1	2272	2.82264
1	2273	4.28413
1	2274	0.482271
1	2275	0.0912725
1	2276	0.408328
1	2277	0.140985
1	2278	1.53963
1	2279	0.216902
1	2280	1.86868
1	2281	1.24988
1	2282	0.568523
1	2283	0.590555
1	2284	1.0972
1	2285	5.45337
1	2286	0.544196
1	2287	0.399323
1	2288	0.400516
1	2289	0.244632
1	2290	0.876096
1	2291	0.0986187
1	2292	1.97747
1	2293	0.0940875
1	2294	0.514126
1	2295	0.889426
1	2296	1.58413
1	2297	1.48342
1	2298	0.733183
1	2299	1.32078
1	2300	1.06223
1	2301	1.60214
1	2302	0.29418
1	2303	1.04918
1	2304	1.7154
1	2305	0.077779
1	2306	3.09987
1	2307	1.3074
1	2308	0.623287
1	2309	1.33674
1	2310	0.146165
1	2311	1.38615
1	2312	1.81323
1	2313	1.61651
1	2314	1.32093
1	2315	0.83459
1	2316	0.275725
1	2317	0.807818
1	2318	0.354011
1	2319	0.638401
1	2320	1.82593
1	2321	1.35569
1	2322	2.03137
1	2323	0.372692
1	2324	0.992536
1	2325	2.6494
1	2326	1.28022
1	2327	1.56533
1	2328	1.14412
1	2329	0.0894155
1	2330	0.00340704
1	2331	1.28075
1	2332	0.906374
1	2333	0.484003
1	2334	3.36471
1	2335	0.506319
1	2336	0.407483
1	2337	0.376382
1	2338	0.458469
1	2339	1.7113
1	2340	0.638821
1	2341	0.281915
1	2342	0.931267
1	2343	1.09635
1	2344	1.25363
1	2345	0.340349
1	2346	2.29648
1	2347	1.6295
1	2348	0.840294
1	2349	0.189422
1	2350	2.60773
1	2351	1.86423
1	2352	0.524347
1	2353	0.834403
1	2354	1.04712
1	2355	0.0371347
1	2356	0.214472
1	2357	4.27166
1	2358	1.204
1	2359	0.0308883
1	2360	1.34442
1	2361	1.36934
1	2362	0.0420494
1	2363	0.598632
1	2364	5.92672
1	2365	0.292376
1	2366	0.0853267
1	2367	0.373319
1	2368	0.213507
1	2369	1.36274
1	2370	2.49222
1	2371	0.285446
1	2372	0.121876
1	2373	0.0350954
1	2374	1.17429
1	2375	0.104104
1	2376	0.237945
1	2377	0.309433
1	2378	0.901559
1	2379	0.00784336
1	2380	0.755551
1	2381	0.712108
1	2382	6.08127
1	2383	0.0878622
1	2384	1.88029
1	2385	0.625997
1	2386	0.525122
1	2387	0.552125
1	2388	0.757906
1	2389	1.71356
1	2390	0.0844233
1	2391	0.766693
1	2392	0.882454
1	2393	1.55303
1	2394	0.510157
1	2395	1.72607
1	2396	2.82293
1	2397	0.466295
1	2398	1.28407
1	2399	1.18558
1	2400	0.0379368
1	2401	0.41682
1	2402	2.22403
1	2403	0.340169
1	2404	0.12409
1	2405	0.103343
1	2406	1.02416
1	2407	2.50897
1	2408	2.20046
1	2409	1.36487
1	2410	1.60165
1	2411	1.70047
1	2412	0.574074
1	2413	1.19777
1	2414	0.550536
1	2415	2.3381
1	2416	1.40191
1	2417	0.543152
1	2418	0.60183
1	2419	0.218749
1	2420	0.142225
1	2421	1.5379
1	2422	0.6088
1	2423	1.70439
1	2424	0.148779
1	2425	0.658809
1	2426	1.20278
1	2427	0.746172
1	2428	3.10874
1	2429	4.21251
1	2430	1.41939
1	2431	0.704201
1	2432	1.96602
1	2433	0.051251
1	2434	1.96481
1	2435	0.265906
1	2436	0.197664
1	2437	0.826943
1	2438	0.278538
1	2439	0.0233695
1	2440	1.28261
1	2441	0.912218
1	2442	3.01858
1	2443	0.261491
1	2444	2.65389
1	2445	2.61249
1	2446	0.567679
1	2447	1.34866
1	2448	0.239984
1	2449	0.319572
1	2450	0.401114
1	2451	0.587069
1	2452	1.31368
1	2453	0.669648
1	2454	0.1275
1	2455	3.25316
1	2456	0.453575
1	2457	0.757091
1	2458	0.834628
1	2459	0.487625
1	2460	0.748335
1	2461	1.42796
1	2462	1.93861
1	2463	0.926501
1	2464	1.35664
1	2465	0.40552
1	2466	3.97428
1	2467	0.945522
1	2468	0.220416
1	2469	0.404784
1	2470	0.701142
1	2471	1.88183
1	2472	1.49601
1	2473	0.314442
1	2474	1.96013
1	2475	4.28566
1	2476	1.86734
1	2477	0.50984
1	2478	0.394435
1	2479	1.86371
1	2480	0.415126
1	2481	0.538879
1	2482	1.54716
1	2483	0.691049
1	2484	1.40875
1	2485	2.07875
1	2486	0.394415
1	2487	0.919404
1	2488	0.992571
1	2489	0.750157
1	2490	0.050978
1	2491	0.0327832
1	2492	0.0672239
1	2493	1.7183
1	2494	1.15727
1	2495	2.75645
1	2496	2.80773
1	2497	0.251475
1	2498	0.419185
1	2499	3.38229
1	2500	1.16817
1	2501	2.07043
1	2502	0.260042
1	2503	0.0730052
1	2504	3.2309
1	2505	0.261668
1	2506	0.482005
1	2507	1.49169
1	2508	0.0415067
1	2509	1.14733
1	2510	2.02331
1	2511	1.68568
1	2512	1.04726
1	2513	0.615993
1	2514	0.263292
1	2515	2.09022
1	2516	0.666841
1	2517	3.08522
1	2518	2.84706
1	2519	0.927867
1	2520	0.962698
1	2521	1.11798
1	2522	0.392573
1	2523	2.22267
1	2524	0.40743
1	2525	1.06306
1	2526	0.304671
1	2527	1.10498
1	2528	0.352326
1	2529	2.10558
1	2530	0.377847
1	2531	0.234125
1	2532	0.56397
1	2533	0.132015
1	2534	0.695345
1	2535	0.717344
1	2536	2.12154
1	2537	0.221983
1	2538	2.22376
1	2539	0.301969
1	2540	0.194581
1	2541	0.564869
1	2542	0.41379
1	2543	0.856704
1	2544	0.314925
1	2545	2.63813
1	2546	1.31978
1	2547	0.338361
1	2548	2.6258
1	2549	0.165006
1	2550	0.695915
1	2551	0.58304
1	2552	1.9075
1	2553	1.37291
1	2554	1.07035
1	2555	0.691755
1	2556	0.425315
1	2557	2.40474
1	2558	0.590572
1	2559	0.307346
1	2560	0.0035744
1	2561	1.08199
1	2562	2.74478
1	2563	0.781297
1	2564	0.375058
1	2565	0.77605
1	2566	0.059474
1	2567	0.263039
1	2568	1.43827
1	2569	0.128595
1	2570	0.693565
1	2571	2.64358
1	2572	0.629925
1	2573	0.697711
1	2574	0.259644
1	2575	1.64226
1	2576	4.66428
1	2577	3.18209
1	2578	0.774887
1	2579	1.27468
1	2580	0.484671
1	2581	0.35541
1	2582	1.06389
1	2583	0.294306
1	2584	1.53337
1	2585	0.412602
1	2586	1.046
1	2587	0.1394
1	2588	1.23446
1	2589	0.072635
1	2590	0.873021
1	2591	0.710209
1	2592	1.14518
1	2593	1.22487
1	2594	0.378635
1	2595	3.05182
1	2596	0.502691
1	2597	0.32586
1	2598	0.834848
1	2599	1.6952
1	2600	0.647016
1	2601	2.29272
1	2602	0.0701709
1	2603	1.40192
1	2604	0.486074
1	2605	0.586963
1	2606	0.866901
1	2607	1.66865
1	2608	0.149956
1	2609	0.00234992
1	2610	0.127377
1	2611	0.910345
1	2612	1.41019
1	2613	0.289309
1	2614	0.020311
1	2615	0.971291
1	2616	0.672609
1	2617	0.409001
1	2618	1.39838
1	2619	1.39028
1	2620	0.583024
1	2621	0.016287
1	2622	0.354846
1	2623	0.643017
1	2624	1.67343
1	2625	0.00844269
1	2626	0.0651447
1	2627	0.319916
1	2628	0.202046
1	2629	0.70271
1	2630	1.59318
1	2631	2.04525
1	2632	1.00355
1	2633	2.2089
1	2634	3.9055
1	2635	1.15566
1	2636	0.400347
1	2637	0.471476
1	2638	3.89982
1	2639	1.80205
1	2640	0.363149
1	2641	0.781081
1	2642	1.3046
1	2643	5.22002
1	2644	0.774932
1	2645	0.154108
1	2646	0.56114
1	2647	0.0126325
1	2648	2.67799
1	2649	1.1172
1	2650	0.068078
1	2651	0.34663
1	2652	0.286248
1	2653	0.630338
1	2654	0.587351
1	2655	0.578714
1	2656	0.684005
1	2657	0.0142019
1	2658	1.35422
1	2659	1.71208
1	2660	0.114139
1	2661	1.83763
1	2662	1.1911
1	2663	1.18371
1	2664	1.507
1	2665	0.16569
1	2666	1.20043
1	2667	3.10529
1	2668	0.300426
1	2669	0.282738
1	2670	0.225744
1	2671	1.73618
1	2672	2.19145
1	2673	1.66266
1	2674	0.685785
1	2675	2.75529
1	2676	0.776941
1	2677	0.318583
1	2678	0.859295
1	2679	2.95514
1	2680	1.71171
1	2681	0.4035
1	2682	0.491284
1	2683	0.279284
1	2684	0.29307
1	2685	0.368942
1	2686	0.197738
1	2687	1.36058
1	2688	0.793243
1	2689	1.27736
1	2690	0.418729
1	2691	0.888277
1	2692	0.251009
1	2693	2.80677
1	2694	0.441569
1	2695	0.173683
1	2696	1.0892
1	2697	0.608062
1	2698	0.0937967
1	2699	0.232058
1	2700	0.326079
1	2701	0.642784
1	2702	0.682835
1	2703	1.00409
1	2704	0.6851
1	2705	0.732362
1	2706	0.0399436
1	2707	1.4313
1	2708	0.354834
1	2709	0.976825
1	2710	0.0630874
1	2711	1.86205
1	2712	0.0553771
1	2713	0.934456
1	2714	0.828679
1	2715	0.822332
1	2716	0.218124
1	2717	1.58998
1	2718	0.241927
1	2719	0.899923
1	2720	2.74044
1	2721	0.338251
1	2722	1.52072
1	2723	0.0395393
1	2724	0.108332
1	2725	0.219543
1	2726	2.1847
1	2727	1.54314
1	2728	0.939078
1	2729	0.0454236
1	2730	0.72763
1	2731	0.584652
1	2732	0.20969
1	2733	3.6613
1	2734	0.730276
1	2735	1.14434
1	2736	0.177729
1	2737	0.908253
1	2738	0.90844
1	2739	0.806632
1	2740	0.253702
1	2741	0.0122302
1	2742	1.786
1	2743	0.825837
1	2744	1.39727
1	2745	0.976358
1	2746	0.0913833
1	2747	2.34254
1	2748	0.0894148
1	2749	1.05352
1	2750	0.220253
1	2751	1.67522
1	2752	0.785157
1	2753	0.154727
1	2754	0.556541
1	2755	0.563687
1	2756	3.44862
1	2757	0.903872
1	2758	0.196985
1	2759	0.00627634
1	2760	2.99933
1	2761	0.180149
1	2762	1.27012
1	2763	1.56485
1	2764	0.00584611
1	2765	0.831293
1	2766	2.66755
1	2767	0.0444142
1	2768	0.537222
1	2769	2.68218
1	2770	1.17393
1	2771	1.05447
1	2772	0.581407
1	2773	2.0846
1	2774	0.0309713
1	2775	1.02772
1	2776	2.01872
1	2777	0.121172
1	2778	4.85182
1	2779	0.211024
1	2780	0.390104
1	2781	0.0338312
1	2782	0.283033
1	2783	0.770161
1	2784	0.330873
1	2785	0.968798
1	2786	1.02289
1	2787	1.36355
1	2788	0.0044174
1	2789	1.12852
1	2790	0.846182
1	2791	0.985648
1	2792	0.84365
1	2793	0.422249
1	2794	0.602387
1	2795	0.101253
1	2796	0.554298
1	2797	1.41119
1	2798	0.974194
1	2799	5.67792
1	2800	0.187078
1	2801	0.133542
1	2802	0.36685
1	2803	0.247549
1	2804	0.424895
1	2805	1.16354
1	2806	0.25758
1	2807	0.280126
1	2808	0.481287
1	2809	0.611676
1	2810	0.00353411
1	2811	0.628116
1	2812	0.324066
1	2813	0.503783
1	2814	1.00844
1	2815	1.92662
1	2816	0.737562
1	2817	0.0809425
1	2818	0.429384
1	2819	0.176121
1	2820	2.32398
1	2821	1.06444
1	2822	0.540086
1	2823	0.671485
1	2824	0.727908
1	2825	0.565204
1	2826	2.40897
1	2827	0.398017
1	2828	0.305492
1	2829	2.61978
1	2830	0.915587
1	2831	0.00794579
1	2832	0.629947
1	2833	0.289282
1	2834	0.921121
1	2835	2.23814
1	2836	2.09828
1	2837	0.0087277
1	2838	0.0657122
1	2839	1.49815
1	2840	0.107854
1	2841	3.47703
1	2842	3.54029
1	2843	0.109354
1	2844	0.38985
1	2845	0.25725
1	2846	0.980297
1	2847	0.495539
1	2848	2.10552
1	2849	0.782968
1	2850	1.01259
1	2851	0.132557
1	2852	0.930689
1	2853	1.06732
1	2854	0.792614
1	2855	0.387294
1	2856	1.24329
1	2857	0.500503
1	2858	2.46082
1	2859	1.66345
1	2860	1.87487
1	2861	2.10539
1	2862	0.72201
1	2863	0.183214
1	2864	0.0393263
1	2865	0.980883
1	2866	0.141126
1	2867	0.690152
1	2868	0.675709
1	2869	0.185487
1	2870	0.340369
1	2871	0.249668
1	2872	0.0258923
1	2873	0.602914
1	2874	0.849353
1	2875	0.373713
1	2876	0.423267
1	2877	1.11219
1	2878	0.586647
1	2879	1.84267
1	2880	0.384696
1	2881	1.958
1	2882	0.447385
1	2883	3.18148
1	2884	0.318185
1	2885	0.095279
1	2886	0.988731
1	2887	1.54513
1	2888	1.32507
1	2889	2.04584
1	2890	2.15344
1	2891	0.314652
1	2892	0.465056
1	2893	1.47488
1	2894	1.85749
1	2895	0.0691105
1	2896	1.25739
1	2897	0.862121
1	2898	0.929262
1	2899	1.7923
1	2900	1.92295
1	2901	0.880679
1	2902	0.213993
1	2903	0.169342
1	2904	0.357814
1	2905	0.0101878
1	2906	0.34355
1	2907	3.67966
1	2908	1.19361
1	2909	0.0359482
1	2910	0.539859
1	2911	0.593951
1	2912	0.956724
1	2913	0.412414
1	2914	1.56712
1	2915	0.0741874
1	2916	0.585482
1	2917	0.179359
1	2918	0.550134
1	2919	1.30637
1	2920	1.21574
1	2921	0.671337
1	2922	0.844125
1	2923	1.22913
1	2924	0.249326
1	2925	0.599885
1	2926	1.2756
1	2927	0.131827
1	2928	1.10975
1	2929	0.275113
1	2930	0.175041
1	2931	0.748648
1	2932	0.276155
1	2933	1.22918
1	2934	0.585759
1	2935	0.637344
1	2936	1.47967
1	2937	0.113024
1	2938	1.09688
1	2939	1.63356
1	2940	0.975924
1	2941	0.193156
1	2942	0.279016
1	2943	0.540874
1	2944	0.134343
1	2945	2.58755
1	2946	0.32159
1	2947	1.26399
1	2948	0.54955
1	2949	0.721356
1	2950	3.03877
1	2951	0.943524
1	2952	0.271599
1	2953	2.68236
1	2954	0.84908
1	2955	0.0917319
1	2956	0.271449
1	2957	0.162948
1	2958	0.52254
1	2959	0.431133
1	2960	0.678594
1	2961	0.409107
1	2962	0.179997
1	2963	3.34909
1	2964	1.05433
1	2965	0.918512
1	2966	0.380521
1	2967	1.52363
1	2968	0.116736
1	2969	2.27715
1	2970	1.70875
1	2971	1.70529
1	2972	0.155274
1	2973	1.46622
1	2974	0.545944
1	2975	0.347938
1	2976	2.46097
1	2977	2.01205
1	2978	2.53109
1	2979	0.407343
1	2980	2.06666
1	2981	4.12913
1	2982	0.789554
1	2983	0.15898
1	2984	0.700773
1	2985	1.45604
1	2986	0.974037
1	2987	1.89464
1	2988	3.49691
1	2989	0.857757
1	2990	0.545533
1	2991	0.84247
1	2992	0.109693
1	2993	3.73923
1	2994	0.768779
1	2995	0.33749
1	2996	0.986363
1	2997	0.175676
1	2998	0.397048
1	2999	0.763887
1	3000	0.747997
1	3001	1.64653
1	3002	0.285587
1	3003	0.141094
1	3004	0.507213
1	3005	0.629777
1	3006	1.71705
1	3007	0.308301
1	3008	0.239054
1	3009	2.20423
1	3010	0.369267
1	3011	0.601502
1	3012	0.959472
1	3013	0.754221
1	3014	1.62239
1	3015	0.147205
1	3016	0.43138
1	3017	0.0349547
1	3018	1.03714
1	3019	0.271491
1	3020	2.00098
1	3021	0.47694
1	3022	0.367796
1	3023	0.0758771
1	3024	0.705885
1	3025	0.638651
1	3026	0.899114
1	3027	0.601284
1	3028	1.55295
1	3029	3.22243
1	3030	0.302746
1	3031	1.64803
1	3032	0.0814978
1	3033	0.467034
1	3034	2.34038
1	3035	0.079953
1	3036	0.594824
1	3037	2.68722
1	3038	0.52805
1	3039	0.55427
1	3040	0.231019
1	3041	2.19277
1	3042	0.257253
1	3043	0.183064
1	3044	1.04789
1	3045	0.296336
1	3046	0.580135
1	3047	0.669323
1	3048	0.753275
1	3049	0.889717
1	3050	0.895672
1	3051	0.603119
1	3052	0.567876
1	3053	0.00982349
1	3054	0.0682608
1	3055	1.30419
1	3056	0.459876
1	3057	0.156885
1	3058	0.545999
1	3059	0.477803
1	3060	0.0820647
1	3061	1.29624
1	3062	0.910714
1	3063	1.68367
1	3064	0.806865
1	3065	0.416808
1	3066	0.751482
1	3067	1.01708
1	3068	0.795758
1	3069	1.40697
1	3070	0.13363
1	3071	3.69105
1	3072	0.182998
1	3073	0.123076
1	3074	0.551523
1	3075	0.215598
1	3076	0.45529
1	3077	0.893974
1	3078	0.0504058
1	3079	0.574022
1	3080	0.000396175
1	3081	0.228031
1	3082	0.043896
1	3083	0.977851
1	3084	0.460507
1	3085	2.98604
1	3086	0.239806
1	3087	0.752573
1	3088	0.592658
1	3089	0.165592
1	3090	1.45943
1	3091	0.168609
1	3092	1.27228
1	3093	0.611628
1	3094	0.41646
1	3095	0.0958275
1	3096	2.96393
1	3097	0.0214392
1	3098	0.326418
1	3099	0.234825
1	3100	2.03818
1	3101	0.302281
1	3102	2.17528
1	3103	0.46199
1	3104	2.48222
1	3105	2.17667
1	3106	0.497647
1	3107	0.652989
1	3108	5.60043
1	3109	0.87918
1	3110	1.35646
1	3111	3.3453
1	3112	0.392979
1	3113	0.558265
1	3114	0.899378
1	3115	0.914626
1	3116	0.99989
1	3117	0.404079
1	3118	0.707298
1	3119	0.887297
1	3120	1.85218
1	3121	0.379827
1	3122	0.618109
1	3123	0.366712
1	3124	2.10047
1	3125	0.180828
1	3126	0.274655
1	3127	0.493251
1	3128	0.742062
1	3129	2.33856
1	3130	0.953358
1	3131	1.10457
1	3132	1.16178
1	3133	0.210864
1	3134	1.47104
1	3135	0.536648
1	3136	0.979242
1	3137	1.54203
1	3138	0.185694
1	3139	0.500577
1	3140	0.291912
1	3141	0.433707
1	3142	1.21805
1	3143	0.52674
1	3144	0.153649
1	3145	0.229228
1	3146	0.00113472
1	3147	0.820496
1	3148	0.677023
1	3149	2.90471
1	3150	0.373452
1	3151	0.87704
1	3152	0.10083
1	3153	3.23009
1	3154	0.427227
1	3155	0.17118
1	3156	0.0412083
1	3157	0.294146
1	3158	0.539308
1	3159	0.295969
1	3160	0.605591
1	3161	0.748793
1	3162	0.627364
1	3163	1.50725
1	3164	0.0310837
1	3165	0.312484
1	3166	0.391128
1	3167	0.36233
1	3168	2.94351
1	3169	0.489865
1	3170	0.183864
1	3171	0.668603
1	3172	0.208614
1	3173	1.01446
1	3174	1.01375
1	3175	0.315973
1	3176	1.32776
1	3177	0.286075
1	3178	0.124721
1	3179	0.598051
1	3180	0.758641
1	3181	0.946127
1	3182	0.950784
1	3183	1.02905
1	3184	0.11905
1	3185	1.42762
1	3186	1.41697
1	3187	0.274076
1	3188	0.112806
1	3189	0.764129
1	3190	0.482296
1	3191	0.380183
1	3192	0.0595435
1	3193	0.942054
1	3194	1.10831
1	3195	2.31819
1	3196	1.57994
1	3197	1.06785
1	3198	0.0296756
1	3199	0.918616
1	3200	0.691569
1	3201	0.646309
1	3202	0.0234188
1	3203	1.72209
1	3204	0.304175
1	3205	0.735747
1	3206	0.114415
1	3207	0.240001
1	3208	1.13006
1	3209	0.193917
1	3210	0.876549
1	3211	0.264348
1	3212	0.951716
1	3213	3.20991
1	3214	1.15675
1	3215	1.11457
1	3216	2.67494
1	3217	0.897279
1	3218	0.675543
1	3219	1.55289
1	3220	0.204182
1	3221	1.96487
1	3222	0.617783
1	3223	0.280885
1	3224	0.954174
1	3225	0.575189
1	3226	1.14773
1	3227	0.0399584
1	3228	0.364607
1	3229	0.332366
1	3230	2.50653
1	3231	0.189737
1	3232	1.0787
1	3233	1.52955
1	3234	0.632306
1	3235	1.99939
1	3236	0.978226
1	3237	0.289109
1	3238	1.57085
1	3239	0.304432
1	3240	0.84699
1	3241	0.507156
1	3242	0.368637
1	3243	3.18041
1	3244	1.64097
1	3245	0.844343
1	3246	0.508882
1	3247	0.148373
1	3248	0.392815
1	3249	0.509183
1	3250	0.400529
1	3251	0.353047
1	3252	0.108004
1	3253	0.530943
1	3254	0.927668
1	3255	0.576229
1	3256	1.47649
1	3257	0.701738
1	3258	0.833415
1	3259	0.21007
1	3260	0.445745
1	3261	0.0634621
1	3262	0.405614
1	3263	0.0646594
1	3264	1.27049
1	3265	0.256648
1	3266	0.265657
1	3267	3.36836
1	3268	0.920006
1	3269	0.241202
1	3270	0.954448
1	3271	0.220089
1	3272	2.04369
1	3273	1.45436
1	3274	1.24087
1	3275	1.09114
1	3276	0.312869
1	3277	0.714882
1	3278	0.20399
1	3279	0.33874
1	3280	0.269447
1	3281	0.0579219
1	3282	0.0739094
1	3283	0.163624
1	3284	0.990621
1	3285	0.928451
1	3286	0.949407
1	3287	0.47351
1	3288	0.753926
1	3289	0.544682
1	3290	0.278165
1	3291	0.0262429
1	3292	1.23696
1	3293	4.5486
1	3294	1.81364
1	3295	0.37079
1	3296	0.441198
1	3297	1.06804
1	3298	3.27438
1	3299	0.495642
1	3300	0.516143
1	3301	0.0358242
1	3302	1.58034
1	3303	0.150227
1	3304	1.5352
1	3305	4.16611
1	3306	1.36347
1	3307	0.0859355
1	3308	0.107457
1	3309	0.288126
1	3310	1.02833
1	3311	1.69114
1	3312	0.0523823
1	3313	0.289788
1	3314	0.0883339
1	3315	0.389326
1	3316	0.519921
1	3317	0.990923
1	3318	1.37577
1	3319	1.1717
1	3320	1.72224
1	3321	0.0701771
1	3322	0.035604
1	3323	2.26404
1	3324	0.0217823
1	3325	0.137883
1	3326	0.315963
1	3327	1.25843
1	3328	0.61132
1	3329	0.122175
1	3330	0.175142
1	3331	2.74247
1	3332	0.0312704
1	3333	1.6624
1	3334	1.50519
1	3335	0.405813
1	3336	0.321559
1	3337	1.45957
1	3338	1.16456
1	3339	0.194812
1	3340	0.16968
1	3341	3.15781
1	3342	1.60379
1	3343	3.91582
1	3344	1.2285
1	3345	0.460191
1	3346	0.500179
1	3347	0.157631
1	3348	0.893137
1	3349	0.981422
1	3350	1.36126
1	3351	2.36765
1	3352	1.11618
1	3353	0.023606
1	3354	0.622198
1	3355	0.151877
1	3356	0.339348
1	3357	0.63801
1	3358	3.309
1	3359	0.809877
1	3360	0.306158
1	3361	0.912786
1	3362	0.177189
1	3363	0.109992
1	3364	0.515132
1	3365	0.644126
1	3366	0.0879546
1	3367	0.136849
1	3368	0.143386
1	3369	1.45858
1	3370	1.25722
1	3371	0.68859
1	3372	1.61377
1	3373	0.200146
1	3374	0.0132675
1	3375	0.171603
1	3376	1.02056
1	3377	0.480154
1	3378	0.328864
1	3379	0.168917
1	3380	0.238407
1	3381	0.682787
1	3382	0.255355
1	3383	2.38289
1	3384	2.96457
1	3385	0.26237
1	3386	0.399268
1	3387	1.32472
1	3388	1.21537
1	3389	1.16211
1	3390	0.0879638
1	3391	0.261852
1	3392	1.99147
1	3393	0.399692
1	3394	0.128016
1	3395	1.97123
1	3396	1.16431
1	3397	0.359443
1	3398	0.0358628
1	3399	0.159051
1	3400	0.160706
1	3401	0.288941
1	3402	0.26845
1	3403	0.437187
1	3404	1.06813
1	3405	2.47279
1	3406	0.759303
1	3407	1.89408
1	3408	0.821543
1	3409	1.3955
1	3410	0.532134
1	3411	5.92452
1	3412	0.264744
1	3413	0.412366
1	3414	0.720645
1	3415	0.0785455
1	3416	1.16565
1	3417	2.75818
1	3418	0.0694913
1	3419	0.277056
1	3420	0.00216029
1	3421	1.39386
1	3422	0.160477
1	3423	2.07893
1	3424	0.0132767
1	3425	0.767516
1	3426	0.0209467
1	3427	3.00437
1	3428	1.91268
1	3429	0.764787
1	3430	0.500218
1	3431	1.08171
1	3432	0.438858
1	3433	0.773991
1	3434	0.00492955
1	3435	1.66635
1	3436	0.335221
1	3437	0.0458934
1	3438	1.17935
1	3439	0.13871
1	3440	0.0785128
1	3441	0.420995
1	3442	0.685696
1	3443	0.528565
1	3444	0.393662
1	3445	0.751695
1	3446	1.80812
1	3447	0.141019
1	3448	0.0244359
1	3449	2.13161
1	3450	0.462012
1	3451	0.109177
1	3452	0.292691
1	3453	0.621123
1	3454	1.10378
1	3455	2.29071
1	3456	0.353396
1	3457	1.34363
1	3458	1.28264
1	3459	1.5649
1	3460	0.534905
1	3461	0.163495
1	3462	2.25217
1	3463	0.161769
1	3464	0.469019
1	3465	0.224202
1	3466	0.0181294
1	3467	0.700227
1	3468	1.85518
1	3469	0.191158
1	3470	1.48673
1	3471	0.773686
1	3472	0.148991
1	3473	0.403392
1	3474	0.595651
1	3475	0.326522
1	3476	0.448375
1	3477	0.544606
1	3478	2.72662
1	3479	1.12391
1	3480	1.15947
1	3481	1.38319
1	3482	0.0928302
1	3483	0.261907
1	3484	0.130239
1	3485	1.787
1	3486	3.11797
1	3487	0.655634
1	3488	0.98331
1	3489	0.796615
1	3490	0.0181941
1	3491	2.71545
1	3492	0.530964
1	3493	1.43346
1	3494	1.13637
1	3495	0.0630359
1	3496	1.79924
1	3497	0.00932464
1	3498	0.181813
1	3499	0.318111
1	3500	1.19941
1	3501	1.83689
1	3502	0.687597
1	3503	0.553373
1	3504	0.411331
1	3505	0.142725
1	3506	0.103515
1	3507	1.39129
1	3508	0.931913
1	3509	1.15495
1	3510	0.0733248
1	3511	0.536219
1	3512	0.0995739
1	3513	2.08188
1	3514	0.518861
1	3515	2.64086
1	3516	0.87857
1	3517	0.460996
1	3518	0.0716249
1	3519	0.00629046
1	3520	0.0642325
1	3521	3.42141
1	3522	1.26214
1	3523	0.102186
1	3524	0.871418
1	3525	1.02373
1	3526	0.969944
1	3527	1.46637
1	3528	2.1356
1	3529	1.05043
1	3530	1.11967
1	3531	0.96916
1	3532	7.33519
1	3533	0.116754
1	3534	0.191075
1	3535	1.30269
1	3536	0.0200495
1	3537	0.40558
1	3538	0.519122
1	3539	0.574482
1	3540	0.993156
1	3541	0.338074
1	3542	0.562252
1	3543	0.103294
1	3544	0.0366799
1	3545	0.236717
1	3546	0.324492
1	3547	0.149449
1	3548	0.118975
1	3549	0.270661
1	3550	2.43503
1	3551	0.595764
1	3552	5.0769
1	3553	0.219859
1	3554	1.41172
1	3555	1.45793
1	3556	1.37328
1	3557	2.20132
1	3558	0.817024
1	3559	1.2774
1	3560	1.49026
1	3561	0.213881
1	3562	0.362532
1	3563	4.46523
1	3564	0.240856
1	3565	0.805833
1	3566	0.698311
1	3567	0.235982
1	3568	0.293358
1	3569	0.995558
1	3570	0.230394
1	3571	1.09468
1	3572	2.58218
1	3573	0.0886839
1	3574	2.59043
1	3575	0.140344
1	3576	2.61015
1	3577	0.789441
1	3578	0.175421
1	3579	5.97115
1	3580	0.371404
1	3581	0.357247
1	3582	0.655324
1	3583	1.20168
1	3584	1.00514
1	3585	3.32331
1	3586	0.40225
1	3587	0.465075
1	3588	0.540948
1	3589	1.31321
1	3590	0.542762
1	3591	1.53438
1	3592	0.833159
1	3593	0.37824
1	3594	0.420411
1	3595	1.90523
1	3596	0.984813
1	3597	0.933621
1	3598	0.0141835
1	3599	0.139977
1	3600	0.980208
1	3601	1.51333
1	3602	0.660625
1	3603	1.71326
1	3604	0.270847
1	3605	0.0740913
1	3606	0.503616
1	3607	2.28773
1	3608	1.08313
1	3609	4.67877
1	3610	0.00127271
1	3611	1.26962
1	3612	0.0210904
1	3613	0.0525877
1	3614	0.2942
1	3615	1.82199
1	3616	1.97985
1	3617	0.4145
1	3618	0.0517578
1	3619	0.0231428
1	3620	0.925391
1	3621	2.83904
1	3622	0.282042
1	3623	1.54546
1	3624	2.01411
1	3625	0.342996
1	3626	0.435295
1	3627	1.00788
1	3628	1.57686
1	3629	0.381995
1	3630	0.180866
1	3631	0.458382
1	3632	1.99813
1	3633	0.800032
1	3634	0.172184
1	3635	1.34929
1	3636	0.941972
1	3637	0.278006
1	3638	0.235139
1	3639	1.50397
1	3640	0.0514825
1	3641	1.25062
1	3642	0.692428
1	3643	1.59887
1	3644	2.16831
1	3645	0.543145
1	3646	1.36339
1	3647	0.438604
1	3648	0.506134
1	3649	0.0805943
1	3650	0.122203
1	3651	1.76906
1	3652	1.78975
1	3653	0.52796
1	3654	0.129046
1	3655	0.292042
1	3656	1.22017
1	3657	1.30461
1	3658	1.20304
1	3659	0.606065
1	3660	3.2891
1	3661	0.630397
1	3662	0.0854245
1	3663	4.168
1	3664	0.390115
1	3665	1.16849
1	3666	0.515633
1	3667	0.221748
1	3668	0.142209
1	3669	0.10751
1	3670	0.300473
1	3671	1.87271
1	3672	1.81176
1	3673	2.78161
1	3674	1.06043
1	3675	0.755344
1	3676	0.461138
1	3677	0.622746
1	3678	0.196042
1	3679	0.372973
1	3680	0.373157
1	3681	0.609037
1	3682	0.734521
1	3683	1.52426
1	3684	0.490459
1	3685	1.80118
1	3686	4.43648
1	3687	0.411062
1	3688	0.61444
1	3689	0.0802326
1	3690	1.94104
1	3691	1.10903
1	3692	0.603588
1	3693	0.0884733
1	3694	2.94333
1	3695	0.275195
1	3696	0.316657
1	3697	2.20022
1	3698	0.658188
1	3699	0.579582
1	3700	0.519204
1	3701	1.58619
1	3702	0.446756
1	3703	0.3376
1	3704	0.366065
1	3705	0.218359
1	3706	0.845887
1	3707	1.94327
1	3708	0.281531
1	3709	2.99072
1	3710	0.42359
1	3711	0.598577
1	3712	2.08238
1	3713	0.986319
1	3714	0.330297
1	3715	0.231223
1	3716	1.37053
1	3717	0.796972
1	3718	0.46574
1	3719	2.92741
1	3720	2.16781
1	3721	2.10266
1	3722	0.648909
1	3723	0.308977
1	3724	5.16369
1	3725	0.404985
1	3726	0.0444372
1	3727	0.0498128
1	3728	0.0423754
1	3729	1.47617
1	3730	0.121835
1	3731	1.59499
1	3732	1.24885
1	3733	2.12772
1	3734	0.0441036
1	3735	0.663667
1	3736	0.654169
1	3737	1.84078
1	3738	0.809628
1	3739	0.74681
1	3740	0.777482
1	3741	1.64415
1	3742	0.874628
1	3743	0.29014
1	3744	1.35357
1	3745	0.641268
1	3746	1.14589
1	3747	1.54566
1	3748	0.271773
1	3749	0.660154
1	3750	8.73753
1	3751	0.0693189
1	3752	0.259828
1	3753	1.53547
1	3754	0.283483
1	3755	0.048232
1	3756	0.0281905
1	3757	1.5541
1	3758	0.574926
1	3759	2.09303
1	3760	0.00219347
1	3761	2.03958
1	3762	0.443888
1	3763	0.472931
1	3764	2.4431
1	3765	1.31071
1	3766	1.38354
1	3767	1.75691
1	3768	2.21511
1	3769	1.7021
1	3770	0.629127
1	3771	0.861268
1	3772	2.851
1	3773	0.63277
1	3774	2.43669
1	3775	2.67504
1	3776	0.623971
1	3777	3.70145
1	3778	0.793471
1	3779	0.176544
1	3780	2.41282
1	3781	0.295249
1	3782	0.379017
1	3783	0.326583
1	3784	0.541428
1	3785	0.409502
1	3786	0.695462
1	3787	1.0773
1	3788	3.49622
1	3789	0.10162
1	3790	0.380773
1	3791	0.100757
1	3792	0.464423
1	3793	0.984049
1	3794	0.0204862
1	3795	1.67548
1	3796	0.0278155
1	3797	0.828797
1	3798	0.547691
1	3799	0.208547
1	3800	2.99877
1	3801	1.165
1	3802	0.443301
1	3803	0.155405
1	3804	1.09805
1	3805	0.10428
1	3806	0.393323
1	3807	0.485719
1	3808	0.434855
1	3809	0.0871847
1	3810	0.77761
1	3811	0.0927156
1	3812	0.926482
1	3813	0.511947
1	3814	2.28713
1	3815	0.632458
1	3816	0.431065
1	3817	0.667688
1	3818	0.978512
1	3819	0.557148
1	3820	0.567916
1	3821	0.0117418
1	3822	3.69225
1	3823	1.48158
1	3824	1.99742
1	3825	0.497707
1	3826	0.887208
1	3827	0.0955041
1	3828	0.803671
1	3829	0.122268
1	3830	0.683455
1	3831	0.123781
1	3832	2.28259
1	3833	2.51527
1	3834	0.474022
1	3835	0.861145
1	3836	1.54068
1	3837	1.19103
1	3838	0.242445
1	3839	0.0843686
1	3840	1.08959
1	3841	0.105492
1	3842	0.651774
1	3843	0.195827
1	3844	0.275338
1	3845	1.29522
1	3846	1.49991
1	3847	1.34663
1	3848	0.298435
1	3849	2.29193
1	3850	0.243262
1	3851	0.0119821
1	3852	0.533305
1	3853	1.72065
1	3854	0.587034
1	3855	2.38283
1	3856	0.1939
1	3857	0.578635
1	3858	1.16316
1	3859	0.589921
1	3860	0.645388
1	3861	2.74638
1	3862	0.335167
1	3863	1.25871
1	3864	0.414664
1	3865	0.553267
1	3866	3.05007
1	3867	2.21947
1	3868	0.0190248
1	3869	0.0879618
1	3870	3.28162
1	3871	2.25374
1	3872	0.136308
1	3873	0.839204
1	3874	1.14074
1	3875	0.223031
1	3876	0.388431
1	3877	1.63637
1	3878	1.02291
1	3879	0.720224
1	3880	0.18048
1	3881	4.23927
1	3882	0.0360594
1	3883	2.23029
1	3884	0.563654
1	3885	0.163323
1	3886	1.48874
1	3887	0.125995
1	3888	0.361636
1	3889	3.80593
1	3890	0.0620501
1	3891	0.391115
1	3892	0.00543071
1	3893	0.392352
1	3894	1.4846
1	3895	0.250931
1	3896	0.457664
1	3897	0.458438
1	3898	0.278819
1	3899	0.747566
1	3900	3.97196
1	3901	1.53782
1	3902	1.08403
1	3903	2.2144
1	3904	1.66371
1	3905	1.09982
1	3906	0.397253
1	3907	3.21875
1	3908	1.01696
1	3909	0.918677
1	3910	3.03571
1	3911	1.75821
1	3912	0.55537
1	3913	1.27024
1	3914	1.25832
1	3915	1.09146
1	3916	1.01943
1	3917	0.167119
1	3918	3.37689
1	3919	1.46181
1	3920	1.19819
1	3921	0.199417
1	3922	0.0700787
1	3923	0.548042
1	3924	0.0107296
1	3925	2.24553
1	3926	1.59328
1	3927	0.316927
1	3928	0.314922
1	3929	0.244791
1	3930	2.03428
1	3931	0.570557
1	3932	2.26525
1	3933	1.48535
1	3934	0.0029074
1	3935	0.047913
1	3936	0.377863
1	3937	0.127299
1	3938	1.9563
1	3939	1.36471
1	3940	0.210833
1	3941	0.251907
1	3942	3.1403
1	3943	1.78673
1	3944	0.43568
1	3945	0.214352
1	3946	0.293325
1	3947	0.173255
1	3948	2.21339
1	3949	0.0866898
1	3950	0.788257
1	3951	0.777614
1	3952	0.302207
1	3953	0.247234
1	3954	1.26373
1	3955	1.57278
1	3956	0.187867
1	3957	1.47071
1	3958	0.987335
1	3959	2.05081
1	3960	1.75663
1	3961	0.0690071
1	3962	2.41695
1	3963	0.663341
1	3964	1.45997
1	3965	0.122148
1	3966	0.352602
1	3967	2.63045
1	3968	0.372518
1	3969	0.920603
1	3970	0.474892
1	3971	0.411896
1	3972	0.382873
1	3973	1.6974
1	3974	0.893842
1	3975	0.650343
1	3976	2.63389
1	3977	2.834
1	3978	0.319747
1	3979	0.48698
1	3980	1.446
1	3981	0.279503
1	3982	1.57623
1	3983	0.612445
1	3984	0.182381
1	3985	0.358997
1	3986	0.238613
1	3987	0.0201528
1	3988	1.83371
1	3989	0.549024
1	3990	3.15607
1	3991	0.060144
1	3992	0.209283
1	3993	0.233695
1	3994	0.202916
1	3995	0.207452
1	3996	0.0133174
1	3997	0.66658
1	3998	1.05912
1	3999	0.360512
1	4000	0.529285
1	4001	1.09251
1	4002	0.100542
1	4003	0.935382
1	4004	0.0472749
1	4005	0.889798
1	4006	0.339753
1	4007	0.510644
1	4008	0.919553
1	4009	0.018736
1	4010	0.0616134
1	4011	0.341831
1	4012	0.810582
1	4013	0.404486
1	4014	0.96314
1	4015	0.426481
1	4016	0.756034
1	4017	1.29197
1	4018	0.0243221
1	4019	0.630478
1	4020	0.957177
1	4021	0.137758
1	4022	0.326663
1	4023	0.298304
1	4024	0.417709
1	4025	3.35596
1	4026	1.54303
1	4027	1.34917
1	4028	0.815897
1	4029	0.869181
1	4030	0.358879
1	4031	1.22115
1	4032	0.466291
1	4033	0.176559
1	4034	1.53767
1	4035	1.09118
1	4036	1.0059
1	4037	3.24053
1	4038	1.15218
1	4039	6.24682
1	4040	0.192248
1	4041	1.80536
1	4042	0.461838
1	4043	0.408308
1	4044	0.252758
1	4045	0.170306
1	4046	0.0846859
1	4047	1.38092
1	4048	2.35371
1	4049	2.67801
1	4050	0.672874
1	4051	0.904908
1	4052	0.985541
1	4053	0.0745431
1	4054	1.08633
1	4055	0.409473
1	4056	0.175897
1	4057	1.5172
1	4058	2.54211
1	4059	0.505072
1	4060	0.493231
1	4061	0.497049
1	4062	0.0689
1	4063	2.86063
1	4064	1.03079
1	4065	0.20515
1	4066	0.311459
1	4067	0.881771
1	4068	0.419512
1	4069	1.93799
1	4070	0.249327
1	4071	1.24874
1	4072	1.48674
1	4073	1.39896
1	4074	0.0163618
1	4075	2.36544
1	4076	0.362457
1	4077	1.33226
1	4078	0.835226
1	4079	0.317483
1	4080	0.959462
1	4081	0.844785
1	4082	2.68874
1	4083	0.42581
1	4084	0.742814
1	4085	0.0724246
1	4086	2.76997
1	4087	0.426328
1	4088	0.0531472
1	4089	0.838837
1	4090	4.62653
1	4091	0.159558
1	4092	0.85551
1	4093	0.485529
1	4094	4.43248
1	4095	0.797421
1	4096	0.270996
1	4097	0.712783
1	4098	2.50843
1	4099	1.26507
1	4100	0.522027
1	4101	0.132121
1	4102	1.04249
1	4103	0.68575
1	4104	2.32048
1	4105	0.569503
1	4106	0.251275
1	4107	0.747578
1	4108	1.51635
1	4109	1.56523
1	4110	0.920265
1	4111	0.50546
1	4112	2.78026
1	4113	0.855593
1	4114	0.360038
1	4115	0.933482
1	4116	0.210273
1	4117	2.78573
1	4118	0.307122
1	4119	3.79092
1	4120	0.183401
1	4121	0.376742
1	4122	3.25397
1	4123	1.31774
1	4124	1.33692
1	4125	0.793588
1	4126	0.0949673
1	4127	0.203067
1	4128	3.02265
1	4129	0.781831
1	4130	0.220627
1	4131	0.774255
1	4132	0.252505
1	4133	0.0963657
1	4134	0.54794
1	4135	0.644835
1	4136	0.873793
1	4137	3.067
1	4138	1.39493
1	4139	2.33771
1	4140	2.47067
1	4141	0.937639
1	4142	0.397625
1	4143	1.26611
1	4144	0.0968644
1	4145	0.274421
1	4146	0.427839
1	4147	1.3111
1	4148	0.162571
1	4149	0.664984
1	4150	0.1198
1	4151	1.15007
1	4152	0.254624
1	4153	2.89622
1	4154	0.0117049
1	4155	3.30959
1	4156	5.00052
1	4157	0.39642
1	4158	0.358218
1	4159	3.58081
1	4160	2.44667
1	4161	1.53412
1	4162	0.227915
1	4163	0.106955
1	4164	1.37392
1	4165	0.292458
1	4166	0.00842285
1	4167	1.68972
1	4168	0.889517
1	4169	1.09322
1	4170	1.68605
1	4171	1.55505
1	4172	0.0459462
1	4173	0.34932
1	4174	0.957738
1	4175	1.01617
1	4176	0.10491
1	4177	0.372109
1	4178	0.360757
1	4179	0.151768
1	4180	1.22319
1	4181	0.152962
1	4182	1.00077
1	4183	0.745231
1	4184	2.27108
1	4185	0.590222
1	4186	0.582051
1	4187	0.469484
1	4188	0.433965
1	4189	0.58854
1	4190	0.724758
1	4191	1.60065
1	4192	0.635045
1	4193	1.59083
1	4194	0.2868
1	4195	0.039231
1	4196	0.103987
1	4197	0.0913409
1	4198	0.0784383
1	4199	1.49776
1	4200	1.41245
1	4201	1.75453
1	4202	1.34556
1	4203	1.08372
1	4204	0.403768
1	4205	0.526555
1	4206	1.78288
1	4207	0.697494
1	4208	0.605424
1	4209	0.0822661
1	4210	0.105713
1	4211	6.14188
1	4212	1.46282
1	4213	0.246826
1	4214	0.552825
1	4215	1.19372
1	4216	1.59017
1	4217	0.276164
1	4218	1.9829
1	4219	0.208274
1	4220	0.85714
1	4221	0.9123
1	4222	1.68072
1	4223	0.769746
1	4224	0.52427
1	4225	1.12019
1	4226	0.622832
1	4227	0.15492
1	4228	0.485204
1	4229	0.00909436
1	4230	0.894378
1	4231	3.31112
1	4232	0.481314
1	4233	4.27705
1	4234	0.557613
1	4235	0.262717
1	4236	0.660714
1	4237	3.97449
1	4238	0.287671
1	4239	0.200124
1	4240	1.02203
1	4241	0.667204
1	4242	0.118149
1	4243	2.77492
1	4244	0.528893
1	4245	1.63253
1	4246	1.24956
1	4247	1.38241
1	4248	0.0431206
1	4249	1.78121
1	4250	1.08087
1	4251	0.921549
1	4252	0.691293
1	4253	0.0462226
1	4254	1.72801
1	4255	0.266058
1	4256	0.717752
1	4257	0.0307732
1	4258	0.536534
1	4259	0.73283
1	4260	1.28753
1	4261	0.612035
1	4262	1.70022
1	4263	1.49319
1	4264	1.24284
1	4265	0.124461
1	4266	0.852337
1	4267	1.42311
1	4268	0.551622
1	4269	2.39881
1	4270	0.124974
1	4271	0.104203
1	4272	0.658643
1	4273	0.272383
1	4274	0.519426
1	4275	2.13431
1	4276	0.13494
1	4277	0.343014
1	4278	2.43431
1	4279	0.713468
1	4280	0.536635
1	4281	1.16336
1	4282	1.31366
1	4283	0.511188
1	4284	1.6737
1	4285	0.0704233
1	4286	0.257019
1	4287	0.260761
1	4288	0.615693
1	4289	0.668124
1	4290	1.42754
1	4291	0.354024
1	4292	0.679164
1	4293	0.120196
1	4294	0.225962
1	4295	0.0467394
1	4296	0.713463
1	4297	0.73804
1	4298	1.09401
1	4299	0.228357
1	4300	2.73097
1	4301	1.36344
1	4302	0.452115
1	4303	1.21469
1	4304	0.406066
1	4305	2.51528
1	4306	0.760232
1	4307	2.48319
1	4308	1.61213
1	4309	0.753849
1	4310	0.897482
1	4311	1.20613
1	4312	0.100881
1	4313	0.517068
1	4314	0.666037
1	4315	2.11101
1	4316	0.361451
1	4317	0.391866
1	4318	0.563165
1	4319	0.263215
1	4320	0.0514729
1	4321	1.11757
1	4322	2.42974
1	4323	2.66324
1	4324	1.48402
1	4325	0.284029
1	4326	0.187785
1	4327	2.13209
1	4328	1.27561
1	4329	0.667493
1	4330	1.39127
1	4331	0.204578
1	4332	0.289722
1	4333	1.92979
1	4334	3.21957
1	4335	0.486267
1	4336	0.102328
1	4337	0.131387
1	4338	1.79586
1	4339	0.279595
1	4340	0.500036
1	4341	0.993435
1	4342	1.87401
1	4343	0.279894
1	4344	4.69305
1	4345	0.114689
1	4346	0.148962
1	4347	0.101659
1	4348	0.821893
1	4349	0.0804872
1	4350	0.454806
1	4351	0.396227
1	4352	1.47368
1	4353	1.30147
1	4354	1.3345
1	4355	0.0466274
1	4356	0.016551
1	4357	0.231951
1	4358	1.69409
1	4359	1.18951
1	4360	0.23243
1	4361	1.19271
1	4362	4.3506
1	4363	1.4451
1	4364	0.97468
1	4365	3.69368
1	4366	2.62267
1	4367	1.84159
1	4368	0.0896643
1	4369	0.887078
1	4370	0.316312
1	4371	0.224398
1	4372	0.403615
1	4373	0.47599
1	4374	0.0547433
1	4375	0.317771
1	4376	1.03322
1	4377	0.141415
1	4378	0.295026
1	4379	0.585773
1	4380	0.148375
1	4381	0.37358
1	4382	0.59162
1	4383	2.92701
1	4384	1.20156
1	4385	0.385088
1	4386	0.315116
1	4387	2.14691
1	4388	2.48394
1	4389	0.0323725
1	4390	0.661246
1	4391	0.572371
1	4392	0.878329
1	4393	0.520194
1	4394	3.02051
1	4395	0.0545169
1	4396	1.77281
1	4397	0.146057
1	4398	4.91281
1	4399	2.14822
1	4400	1.25931
1	4401	0.413458
1	4402	1.5154
1	4403	0.432419
1	4404	0.953191
1	4405	0.359231
1	4406	0.0399812
1	4407	1.74866
1	4408	1.32855
1	4409	2.70222
1	4410	0.89151
1	4411	0.753568
1	4412	0.199742
1	4413	1.30908
1	4414	1.13648
1	4415	1.45667
1	4416	1.34745
1	4417	0.179225
1	4418	0.615567
1	4419	0.346058
1	4420	0.683571
1	4421	0.22626
1	4422	0.302548
1	4423	0.00757266
1	4424	0.142346
1	4425	0.460939
1	4426	1.33261
1	4427	1.00914
1	4428	1.10804
1	4429	3.83179
1	4430	2.23603
1	4431	1.17027
1	4432	0.0411032
1	4433	1.80993
1	4434	0.163312
1	4435	1.03391
1	4436	0.980302
1	4437	0.434593
1	4438	1.0188
1	4439	0.290542
1	4440	0.176303
1	4441	0.331803
1	4442	0.200001
1	4443	0.503408
1	4444	0.718506
1	4445	1.00188
1	4446	2.42333
1	4447	0.834185
1	4448	0.222511
1	4449	0.0568818
1	4450	2.62346
1	4451	0.363138
1	4452	0.504463
1	4453	0.740605
1	4454	0.447328
1	4455	2.23918
1	4456	1.60881
1	4457	0.757838
1	4458	1.6764
1	4459	1.67975
1	4460	0.499943
1	4461	0.598995
1	4462	0.399976
1	4463	0.706571
1	4464	0.118236
1	4465	0.149367
1	4466	0.554985
1	4467	1.04862
1	4468	1.07584
1	4469	0.26958
1	4470	1.06282
1	4471	0.349086
1	4472	1.23554
1	4473	1.22008
1	4474	1.31592
1	4475	0.0443835
1	4476	0.197927
1	4477	1.14766
1	4478	0.2715
1	4479	0.0159065
1	4480	1.18551
1	4481	0.515407
1	4482	1.42697
1	4483	0.318464
1	4484	0.498085
1	4485	0.146938
1	4486	0.517116
1	4487	3.42645
1	4488	0.340977
1	4489	0.633158
1	4490	1.1034
1	4491	1.11679
1	4492	0.118262
1	4493	2.18422
1	4494	0.839783
1	4495	1.56787
1	4496	0.207513
1	4497	0.067779
1	4498	1.76362
1	4499	1.93181
1	4500	0.176234
1	4501	0.457377
1	4502	0.238628
1	4503	2.13501
1	4504	0.366842
1	4505	0.196278
1	4506	0.295873
1	4507	0.335945
1	4508	0.620663
1	4509	0.79581
1	4510	0.796111
1	4511	0.558643
1	4512	0.507803
1	4513	0.32385
1	4514	0.383733
1	4515	0.88037
1	4516	0.108066
1	4517	1.1145
1	4518	0.920496
1	4519	0.702248
1	4520	0.262302
1	4521	0.90974
1	4522	0.243252
1	4523	3.40466
1	4524	0.170736
1	4525	0.638628
1	4526	1.16992
1	4527	1.62252
1	4528	1.46135
1	4529	0.466176
1	4530	0.233671
1	4531	0.0421076
1	4532	1.11894
1	4533	0.608768
1	4534	0.732106
1	4535	0.936574
1	4536	2.02678
1	4537	0.0957895
1	4538	0.0040216
1	4539	2.46921
1	4540	0.420586
1	4541	0.573641
1	4542	0.262864
1	4543	0.57768
1	4544	0.972933
1	4545	3.24325
1	4546	0.0781077
1	4547	2.94045
1	4548	2.52067
1	4549	0.744058
1	4550	1.80727
1	4551	0.486462
1	4552	0.586002
1	4553	0.13867
1	4554	3.97704
1	4555	1.74061
1	4556	0.526913
1	4557	0.0846981
1	4558	0.66973
1	4559	1.00584
1	4560	0.636385
1	4561	2.71927
1	4562	0.0139424
1	4563	1.28065
1	4564	0.673488
1	4565	1.32321
1	4566	0.0164889
1	4567	2.43158
1	4568	1.26501
1	4569	0.613852
1	4570	1.06847
1	4571	0.22336
1	4572	0.574201
1	4573	0.689796
1	4574	0.0140904
1	4575	1.02839
1	4576	1.31842
1	4577	0.0143921
1	4578	0.633413
1	4579	0.263664
1	4580	0.162709
1	4581	0.316631
1	4582	1.01205
1	4583	0.685523
1	4584	0.325391
1	4585	1.59134
1	4586	0.0608194
1	4587	0.322382
1	4588	0.872015
1	4589	0.720632
1	4590	0.0184343
1	4591	1.19432
1	4592	1.34817
1	4593	2.68882
1	4594	1.54811
1	4595	1.07447
1	4596	0.0323625
1	4597	1.63564
1	4598	2.69852
1	4599	2.98435
1	4600	0.929781
1	4601	0.500492
1	4602	1.58689
1	4603	1.17302
1	4604	0.47914
1	4605	0.137098
1	4606	3.38749
1	4607	0.185174
1	4608	0.518489
1	4609	1.82308
1	4610	1.56554
1	4611	2.34834
1	4612	0.452325
1	4613	0.241001
1	4614	0.0609966
1	4615	0.393968
1	4616	0.0489892
1	4617	0.390604
1	4618	1.86273
1	4619	0.907738
1	4620	0.62649
1	4621	0.104949
1	4622	1.5597
1	4623	1.03152
1	4624	0.50263
1	4625	0.0556273
1	4626	0.202852
1	4627	0.580449
1	4628	2.57475
1	4629	0.147402
1	4630	0.268084
1	4631	0.174944
1	4632	0.363206
1	4633	1.82878
1	4634	1.04118
1	4635	0.435361
1	4636	1.16428
1	4637	0.148986
1	4638	1.02245
1	4639	0.233192
1	4640	0.237667
1	4641	1.40699
1	4642	0.0899205
1	4643	0.0152363
1	4644	3.09475
1	4645	0.0629694
1	4646	0.616732
1	4647	1.40281
1	4648	0.794869
1	4649	1.09375
1	4650	0.775943
1	4651	0.650998
1	4652	0.149345
1	4653	1.18968
1	4654	0.946059
1	4655	1.34253
1	4656	0.00977384
1	4657	1.20006
1	4658	0.716581
1	4659	0.150884
1	4660	1.54918
1	4661	0.196433
1	4662	3.84827
1	4663	0.764236
1	4664	1.59795
1	4665	0.81359
1	4666	0.102777
1	4667	0.0216915
1	4668	0.0613688
1	4669	1.71574
1	4670	0.454679
1	4671	0.646906
1	4672	0.797563
1	4673	0.891303
1	4674	0.0873157
1	4675	1.43312
1	4676	2.44218
1	4677	1.33643
1	4678	0.187474
1	4679	0.0414764
1	4680	1.07204
1	4681	6.03513
1	4682	0.560527
1	4683	0.0135799
1	4684	0.144656
1	4685	0.061753
1	4686	0.0880382
1	4687	1.13057
1	4688	0.142875
1	4689	0.209287
1	4690	1.60899
1	4691	0.0365894
1	4692	1.36041
1	4693	0.120494
1	4694	0.0556471
1	4695	0.837458
1	4696	0.0479725
1	4697	0.464432
1	4698	4.18516
1	4699	0.186379
1	4700	0.173047
1	4701	2.16646
1	4702	1.16626
1	4703	1.00157
1	4704	2.29575
1	4705	1.44619
1	4706	0.161891
1	4707	0.974515
1	4708	1.65115
1	4709	0.400254
1	4710	0.0715066
1	4711	0.0042331
1	4712	0.0268831
1	4713	0.633351
1	4714	2.71199
1	4715	0.69808
1	4716	0.846118
1	4717	0.945261
1	4718	1.34496
1	4719	1.8533
1	4720	0.419407
1	4721	4.81914
1	4722	0.487206
1	4723	0.520765
1	4724	0.977892
1	4725	0.285802
1	4726	0.407466
1	4727	2.48756
1	4728	0.43187
1	4729	1.1338
1	4730	1.07734
1	4731	0.00525141
1	4732	1.87104
1	4733	0.346493
1	4734	3.33799
1	4735	1.01202
1	4736	0.549595
1	4737	2.27235
1	4738	0.302172
1	4739	0.0653757
1	4740	4.03917
1	4741	0.180829
1	4742	0.0510842
1	4743	0.511852
1	4744	1.91641
1	4745	1.23101
1	4746	0.57048
1	4747	0.0862928
1	4748	0.273884
1	4749	0.849568
1	4750	1.77245
1	4751	0.0195194
1	4752	0.143584
1	4753	2.99195
1	4754	0.0269455
1	4755	0.497169
1	4756	2.2805
1	4757	0.0304306
1	4758	0.249316
1	4759	1.39436
1	4760	0.338858
1	4761	0.225744
1	4762	1.73668
1	4763	2.11183
1	4764	2.06794
1	4765	3.12408
1	4766	0.0989552
1	4767	0.0539466
1	4768	2.26957
1	4769	2.39358
1	4770	0.00542614
1	4771	1.64842
1	4772	3.11279
1	4773	0.0202633
1	4774	0.502828
1	4775	0.681902
1	4776	1.35781
1	4777	0.0923893
1	4778	2.06643
1	4779	0.193462
1	4780	1.07463
1	4781	0.678395
1	4782	1.45782
1	4783	0.769938
1	4784	1.04113
1	4785	0.723167
1	4786	0.769637
1	4787	2.70556
1	4788	0.364492
1	4789	1.19124
1	4790	0.874631
1	4791	1.59337
1	4792	0.278752
1	4793	0.019289
1	4794	1.02491
1	4795	0.0220902
1	4796	0.044307
1	4797	0.407416
1	4798	0.529471
1	4799	0.357443
1	4800	3.95449
1	4801	1.02384
1	4802	0.926762
1	4803	1.15237
1	4804	0.0415338
1	4805	0.621023
1	4806	0.0419291
1	4807	1.74966
1	4808	1.0703
1	4809	1.40196
1	4810	0.129646
1	4811	1.4137
1	4812	0.0875032
1	4813	0.170609
1	4814	0.230878
1	4815	2.07813
1	4816	0.259852
1	4817	5.14563
1	4818	2.91837
1	4819	1.48187
1	4820	0.229461
1	4821	0.82595
1	4822	0.110591
1	4823	0.0736354
1	4824	0.749586
1	4825	1.79276
1	4826	0.12715
1	4827	0.907723
1	4828	1.73812
1	4829	2.38939
1	4830	1.25968
1	4831	1.90149
1	4832	1.73624
1	4833	3.76475
1	4834	3.14018
1	4835	0.0409401
1	4836	0.187333
1	4837	0.401235
1	4838	1.36006
1	4839	0.193276
1	4840	2.88396
1	4841	0.511089
1	4842	0.137371
1	4843	0.58236
1	4844	0.657984
1	4845	2.08488
1	4846	1.51613
1	4847	1.20876
1	4848	1.77454
1	4849	1.62241
1	4850	0.200563
1	4851	0.75723
1	4852	0.992573
1	4853	2.76385
1	4854	0.0215041
1	4855	0.393875
1	4856	0.0753264
1	4857	0.72
1	4858	1.46399
1	4859	0.0745547
1	4860	0.5624
1	4861	0.76241
1	4862	0.620179
1	4863	0.451969
1	4864	0.00329606
1	4865	0.642994
1	4866	1.24088
1	4867	1.29929
1	4868	2.75405
1	4869	0.413275
1	4870	0.153584
1	4871	1.27183
1	4872	0.612577
1	4873	1.67652
1	4874	1.8215
1	4875	0.505157
1	4876	0.626415
1	4877	0.172174
1	4878	0.663413
1	4879	0.451157
1	4880	0.275671
1	4881	1.27994
1	4882	0.322658
1	4883	1.90709
1	4884	0.0556038
1	4885	1.1188
1	4886	0.300028
1	4887	0.18998
1	4888	1.27771
1	4889	2.14865
1	4890	0.758829
1	4891	2.48392
1	4892	0.447017
1	4893	1.14812
1	4894	0.0882006
1	4895	1.49901
1	4896	1.62449
1	4897	0.700058
1	4898	0.438834
1	4899	1.06974
1	4900	1.79222
1	4901	1.71603
1	4902	1.29335
1	4903	0.485884
1	4904	1.44313
1	4905	0.18164
1	4906	2.15192
1	4907	0.0712952
1	4908	0.205692
1	4909	1.46133
1	4910	1.22681
1	4911	1.7012
1	4912	0.171305
1	4913	0.18569
1	4914	0.0979443
1	4915	0.958415
1	4916	2.0914
1	4917	0.432428
1	4918	3.61246
1	4919	2.4488
1	4920	0.104217
1	4921	1.50039
1	4922	4.43239
1	4923	0.952647
1	4924	0.509999
1	4925	0.838443
1	4926	0.658461
1	4927	0.407097
1	4928	1.74542
1	4929	2.24617
1	4930	0.408473
1	4931	2.60062
1	4932	1.28583
1	4933	0.922177
1	4934	1.16867
1	4935	0.505873
1	4936	0.557288
1	4937	0.0791709
1	4938	0.0525662
1	4939	1.32468
1	4940	0.212252
1	4941	0.177419
1	4942	2.35638
1	4943	0.0124896
1	4944	0.0950351
1	4945	0.641062
1	4946	0.881434
1	4947	0.265486
1	4948	0.930111
1	4949	0.0971074
1	4950	0.655445
1	4951	0.0581583
1	4952	0.0743961
1	4953	0.421869
1	4954	1.77936
1	4955	6.1333
1	4956	0.0816538
1	4957	0.154623
1	4958	1.04329
1	4959	0.833611
1	4960	2.8231
1	4961	0.0950177
1	4962	0.214913
1	4963	0.717923
1	4964	0.70115
1	4965	0.0119948
1	4966	1.19506
1	4967	0.0251699
1	4968	0.496927
1	4969	0.536605
1	4970	0.733655
1	4971	2.02425
1	4972	0.277168
1	4973	0.376679
1	4974	2.80631
1	4975	1.23614
1	4976	0.112714
1	4977	0.169483
1	4978	0.838109
1	4979	4.56402
1	4980	1.43724
1	4981	0.0113564
1	4982	0.911474
1	4983	0.768966
1	4984	1.56571
1	4985	0.964676
1	4986	0.967211
1	4987	2.34983
1	4988	0.909639
1	4989	5.75193
1	4990	0.583424
1	4991	0.228295
1	4992	0.845051
1	4993	1.67936
1	4994	1.31343
1	4995	0.782286
1	4996	4.48168
1	4997	0.0163568
1	4998	0.777613
1	4999	0.732185
1	5000	0.579708
1	5001	2.13751
1	5002	2.07509
1	5003	0.408372
1	5004	0.0938021
1	5005	2.44846
1	5006	0.0466944
1	5007	1.4023
1	5008	0.517623
1	5009	0.255775
1	5010	0.014945
1	5011	0.656625
1	5012	0.678752
1	5013	0.347281
1	5014	0.462385
1	5015	0.983335
1	5016	0.391968
1	5017	0.420387
1	5018	1.6195
1	5019	0.164763
1	5020	0.23403
1	5021	0.125685
1	5022	0.738756
1	5023	0.0586026
1	5024	0.370647
1	5025	0.261833
1	5026	0.218494
1	5027	0.137038
1	5028	0.000882324
1	5029	0.684263
1	5030	1.17852
1	5031	0.284217
1	5032	1.35994
1	5033	0.399953
1	5034	2.22062
1	5035	0.513284
1	5036	0.240761
1	5037	3.2181
1	5038	0.617546
1	5039	1.55625
1	5040	1.30285
1	5041	0.645948
1	5042	2.20743
1	5043	0.115135
1	5044	2.19665
1	5045	2.4261
1	5046	0.227196
1	5047	0.780575
1	5048	2.04375
1	5049	0.0511025
1	5050	0.0130661
1	5051	1.78725
1	5052	0.063178
1	5053	0.805707
1	5054	0.536473
1	5055	1.69053
1	5056	2.13733
1	5057	1.00422
1	5058	0.678505
1	5059	1.47554
1	5060	1.12726
1	5061	1.04625
1	5062	1.44411
1	5063	0.0240355
1	5064	0.68338
1	5065	1.91176
1	5066	0.103633
1	5067	0.827548
1	5068	0.743551
1	5069	1.30194
1	5070	1.1945
1	5071	0.53804
1	5072	0.96787
1	5073	1.56735
1	5074	0.668124
1	5075	1.03119
1	5076	0.0237443
1	5077	3.59107
1	5078	0.499171
1	5079	1.38087
1	5080	0.827419
1	5081	0.51443
1	5082	1.03995
1	5083	2.6758
1	5084	0.703953
1	5085	2.83104
1	5086	1.34557
1	5087	1.68331
1	5088	0.566747
1	5089	0.9852
1	5090	0.533049
1	5091	0.422294
1	5092	3.73738
1	5093	0.758682
1	5094	1.95652
1	5095	1.00555
1	5096	0.996923
1	5097	0.990889
1	5098	0.113269
1	5099	0.220784
1	5100	0.0202121
1	5101	0.130246
1	5102	0.623226
1	5103	1.60793
1	5104	0.696793
1	5105	0.623694
1	5106	0.361444
1	5107	2.01249
1	5108	1.18595
1	5109	1.18998
1	5110	0.054241
1	5111	3.11969
1	5112	1.94347
1	5113	1.57191
1	5114	1.20227
1	5115	0.301228
1	5116	1.95945
1	5117	2.69456
1	5118	0.862052
1	5119	1.31877
1	5120	0.170299
1	5121	1.69758
1	5122	2.27345
1	5123	1.01106
1	5124	0.53536
1	5125	1.30379
1	5126	1.72702
1	5127	0.814009
1	5128	1.00855
1	5129	0.745141
1	5130	1.27138
1	5131	0.0403472
1	5132	0.527443
1	5133	0.531006
1	5134	0.269904
1	5135	1.26726
1	5136	0.911442
1	5137	0.722701
1	5138	0.562665
1	5139	0.322248
1	5140	2.1244
1	5141	0.0280764
1	5142	0.579379
1	5143	1.6677
1	5144	0.701311
1	5145	0.219396
1	5146	2.20652
1	5147	1.26061
1	5148	1.00738
1	5149	0.677839
1	5150	5.18176
1	5151	0.279454
1	5152	0.305332
1	5153	0.0180392
1	5154	0.37042
1	5155	0.6349
1	5156	4.81718
1	5157	0.16883
1	5158	0.501487
1	5159	2.10804
1	5160	0.566805
1	5161	0.605899
1	5162	1.65186
1	5163	0.625738
1	5164	1.19489
1	5165	0.432147
1	5166	0.648069
1	5167	0.0625245
1	5168	1.1818
1	5169	0.0236141
1	5170	0.641004
1	5171	1.99444
1	5172	2.37256
1	5173	2.16912
1	5174	1.1365
1	5175	0.34226
1	5176	0.119469
1	5177	0.343534
1	5178	0.0498473
1	5179	1.95989
1	5180	0.258381
1	5181	0.0882667
1	5182	1.22142
1	5183	0.938219
1	5184	0.322752
1	5185	3.17764
1	5186	1.37045
1	5187	0.498567
1	5188	0.420641
1	5189	6.01273
1	5190	0.297459
1	5191	0.5188
1	5192	0.456487
1	5193	0.678322
1	5194	3.48567
1	5195	0.942942
1	5196	1.28016
1	5197	1.13022
1	5198	0.691688
1	5199	1.45155
1	5200	1.29064
1	5201	0.632028
1	5202	4.61616
1	5203	3.45118
1	5204	0.390301
1	5205	0.0378974
1	5206	2.18135
1	5207	1.49946
1	5208	0.346158
1	5209	1.70206
1	5210	1.53318
1	5211	1.63725
1	5212	0.0662467
1	5213	1.34514
1	5214	2.23184
1	5215	0.24074
1	5216	1.10542
1	5217	0.691414
1	5218	0.444252
1	5219	2.69141
1	5220	0.101135
1	5221	1.50993
1	5222	4.05405
1	5223	3.41824
1	5224	0.304374
1	5225	1.40871
1	5226	2.97627
1	5227	0.358776
1	5228	1.09408
1	5229	6.0683
1	5230	4.27866
1	5231	0.237002
1	5232	0.238895
1	5233	0.0745974
1	5234	0.608396
1	5235	0.207807
1	5236	0.677629
1	5237	0.942092
1	5238	1.18061
1	5239	1.87844
1	5240	0.491497
1	5241	0.249258
1	5242	0.546764
1	5243	0.59715
1	5244	0.237773
1	5245	0.00494564
1	5246	0.187706
1	5247	0.0584742
1	5248	1.82757
1	5249	0.443884
1	5250	1.22914
1	5251	0.558149
1	5252	0.577272
1	5253	0.832407
1	5254	2.09827
1	5255	2.59092
1	5256	0.863554
1	5257	0.0322746
1	5258	1.85748
1	5259	1.6431
1	5260	0.721876
1	5261	0.0576274
1	5262	0.165466
1	5263	0.0437122
1	5264	0.739837
1	5265	0.166024
1	5266	1.383
1	5267	0.465803
1	5268	2.19222
1	5269	0.271134
1	5270	0.171874
1	5271	1.34862
1	5272	1.58878
1	5273	0.750758
1	5274	0.23876
1	5275	9.50358
1	5276	0.597399
1	5277	1.50885
1	5278	1.20371
1	5279	0.19144
1	5280	0.53475
1	5281	0.422125
1	5282	0.143434
1	5283	0.558361
1	5284	2.29685
1	5285	0.352125
1	5286	1.30035
1	5287	1.98042
1	5288	1.02221
1	5289	0.189804
1	5290	0.0777019
1	5291	0.528554
1	5292	0.671625
1	5293	0.479326
1	5294	0.816617
1	5295	0.605487
1	5296	3.53261
1	5297	0.67417
1	5298	0.17914
1	5299	1.15115
1	5300	0.114535
1	5301	1.79079
1	5302	0.0991031
1	5303	0.754268
1	5304	2.01729
1	5305	0.690731
1	5306	1.73599
1	5307	1.81623
1	5308	1.61757
1	5309	0.0261508
1	5310	0.588736
1	5311	0.0181213
1	5312	2.2645
1	5313	0.100155
1	5314	0.171292
1	5315	1.08071
1	5316	0.413993
1	5317	0.301718
1	5318	0.582287
1	5319	0.651704
1	5320	3.31521
1	5321	0.278021
1	5322	0.14284
1	5323	1.64562
1	5324	0.56198
1	5325	0.384324
1	5326	0.839858
1	5327	2.38025
1	5328	1.41262
1	5329	1.17616
1	5330	2.86257
1	5331	1.28535
1	5332	0.895862
1	5333	0.00215788
1	5334	1.52297
1	5335	4.34929
1	5336	0.508944
1	5337	0.0255043
1	5338	0.0979478
1	5339	1.18418
1	5340	0.747624
1	5341	0.471553
1	5342	0.889192
1	5343	1.48941
1	5344	1.02675
1	5345	0.398449
1	5346	2.29099
1	5347	0.851914
1	5348	0.163076
1	5349	1.16235
1	5350	0.89063
1	5351	1.143
1	5352	1.08417
1	5353	0.551264
1	5354	0.107597
1	5355	0.375671
1	5356	0.155835
1	5357	0.600376
1	5358	0.622284
1	5359	0.359079
1	5360	1.33991
1	5361	0.842939
1	5362	0.407689
1	5363	1.32347
1	5364	0.0556729
1	5365	0.0860575
1	5366	0.0867127
1	5367	0.155749
1	5368	1.23624
1	5369	1.57487
1	5370	0.0652441
1	5371	0.164717
1	5372	0.852123
1	5373	0.933086
1	5374	0.0943554
1	5375	0.995902
1	5376	0.196764
1	5377	0.907936
1	5378	0.737791
1	5379	0.584838
1	5380	1.11638
1	5381	0.6686
1	5382	1.86573
1	5383	1.98168
1	5384	2.79158
1	5385	1.14446
1	5386	2.99196
1	5387	2.32867
1	5388	1.26193
1	5389	0.494169
1	5390	0.218502
1	5391	0.881521
1	5392	0.041547
1	5393	0.752236
1	5394	0.193945
1	5395	2.0239
1	5396	0.991654
1	5397	1.7166
1	5398	3.13247
1	5399	0.793162
1	5400	0.355961
1	5401	0.222962
1	5402	0.335902
1	5403	0.620023
1	5404	0.684943
1	5405	0.00709451
1	5406	0.491522
1	5407	4.13994
1	5408	1.93817
1	5409	0.79974
1	5410	1.21107
1	5411	0.0570021
1	5412	1.67565
1	5413	0.124876
1	5414	0.387442
1	5415	0.48011
1	5416	1.10505
1	5417	0.206987
1	5418	0.909998
1	5419	0.0623552
1	5420	1.51041
1	5421	3.20724
1	5422	1.60521
1	5423	1.70036
1	5424	0.694832
1	5425	3.14697
1	5426	5.44248
1	5427	0.755535
1	5428	1.28119
1	5429	1.13365
1	5430	0.460332
1	5431	0.235322
1	5432	0.104635
1	5433	0.75834
1	5434	0.511705
1	5435	1.15292
1	5436	1.75256
1	5437	0.982306
1	5438	0.303427
1	5439	0.915645
1	5440	1.79354
1	5441	1.246
1	5442	0.125885
1	5443	3.18054
1	5444	2.13964
1	5445	0.861758
1	5446	1.64422
1	5447	0.271295
1	5448	0.0647895
1	5449	0.684915
1	5450	1.42443
1	5451	0.612203
1	5452	1.34854
1	5453	1.43344
1	5454	0.575132
1	5455	1.09598
1	5456	2.948
1	5457	0.986686
1	5458	1.02449
1	5459	1.5509
1	5460	0.860353
1	5461	1.49246
1	5462	0.932624
1	5463	0.294803
1	5464	0.361046
1	5465	0.503644
1	5466	4.70113
1	5467	0.158461
1	5468	2.46384
1	5469	0.510585
1	5470	1.7701
1	5471	1.24101
1	5472	0.518543
1	5473	1.4038
1	5474	3.39199
1	5475	0.329735
1	5476	1.02365
1	5477	0.789793
1	5478	2.3261
1	5479	2.79575
1	5480	0.541938
1	5481	0.668093
1	5482	0.815057
1	5483	0.591765
1	5484	3.87732
1	5485	0.128044
1	5486	0.119896
1	5487	0.448968
1	5488	0.383892
1	5489	0.110846
1	5490	0.564712
1	5491	1.90834
1	5492	0.796679
1	5493	0.618291
1	5494	4.05149
1	5495	0.305474
1	5496	1.54842
1	5497	0.533452
1	5498	1.22344
1	5499	0.255269
1	5500	0.252218
1	5501	0.186446
1	5502	1.22218
1	5503	0.0682972
1	5504	1.06555
1	5505	0.337721
1	5506	0.688899
1	5507	0.133464
1	5508	0.804702
1	5509	1.02936
1	5510	0.0534157
1	5511	0.834725
1	5512	3.17903
1	5513	0.0607855
1	5514	2.39383
1	5515	0.469772
1	5516	5.82882
1	5517	0.531535
1	5518	0.0162883
1	5519	0.0957172
1	5520	0.95209
1	5521	0.18072
1	5522	1.78349
1	5523	0.987268
1	5524	0.0994544
1	5525	0.739172
1	5526	2.91777
1	5527	0.360906
1	5528	0.124829
1	5529	0.185299
1	5530	1.0818
1	5531	0.590264
1	5532	0.088533
1	5533	0.854697
1	5534	0.351841
1	5535	2.53411
1	5536	0.618896
1	5537	0.165115
1	5538	0.870597
1	5539	0.750159
1	5540	0.294945
1	5541	1.75677
1	5542	0.646148
1	5543	0.0326606
1	5544	1.3998
1	5545	0.868887
1	5546	1.16091
1	5547	1.2805
1	5548	0.756884
1	5549	1.51075
1	5550	0.744559
1	5551	1.80639
1	5552	1.14865
1	5553	0.244685
1	5554	1.05362
1	5555	0.412896
1	5556	0.628695
1	5557	0.021927
1	5558	0.882021
1	5559	1.10005
1	5560	0.147511
1	5561	0.540682
1	5562	0.118627
1	5563	2.33265
1	5564	2.59055
1	5565	1.76293
1	5566	0.293894
1	5567	3.68564
1	5568	1.70484
1	5569	0.261643
1	5570	0.338221
1	5571	5.00006
1	5572	0.269188
1	5573	2.65942
1	5574	8.76622
1	5575	0.772292
1	5576	1.31368
1	5577	0.111139
1	5578	1.06672
1	5579	0.057155
1	5580	0.99058
1	5581	0.251218
1	5582	1.92605
1	5583	1.06864
1	5584	1.89367
1	5585	1.32497
1	5586	1.44427
1	5587	0.244294
1	5588	0.133106
1	5589	1.46584
1	5590	0.771346
1	5591	0.35533
1	5592	0.15974
1	5593	0.797099
1	5594	0.509431
1	5595	0.00213918
1	5596	2.80352
1	5597	0.486285
1	5598	0.0748903
1	5599	0.295617
1	5600	0.711242
1	5601	1.37275
1	5602	0.683937
1	5603	0.903858
1	5604	1.27768
1	5605	0.377461
1	5606	1.5308
1	5607	0.251196
1	5608	1.47862
1	5609	0.412804
1	5610	0.197104
1	5611	1.64034
1	5612	1.15371
1	5613	0.0829359
1	5614	0.433293
1	5615	0.554043
1	5616	0.466305
1	5617	1.19102
1	5618	0.43901
1	5619	0.31085
1	5620	1.91986
1	5621	0.558445
1	5622	0.332817
1	5623	2.47042
1	5624	1.10662
1	5625	0.375859
1	5626	0.185147
1	5627	0.735381
1	5628	0.2684
1	5629	0.654659
1	5630	1.76648
1	5631	2.91667
1	5632	0.114437
1	5633	0.097421
1	5634	0.7529
1	5635	1.04496
1	5636	1.50385
1	5637	1.1218
1	5638	2.96208
1	5639	0.0059472
1	5640	2.20434
1	5641	0.453041
1	5642	1.20067
1	5643	2.00086
1	5644	0.571908
1	5645	2.19271
1	5646	0.585907
1	5647	0.000102619
1	5648	1.35768
1	5649	0.035516
1	5650	1.16898
1	5651	0.103815
1	5652	0.901528
1	5653	0.28972
1	5654	1.92363
1	5655	1.74151
1	5656	1.56766
1	5657	1.59856
1	5658	2.00906
1	5659	4.55515
1	5660	0.569952
1	5661	0.820479
1	5662	0.0910951
1	5663	0.168753
1	5664	0.386293
1	5665	0.165385
1	5666	1.64761
1	5667	3.06844
1	5668	0.973062
1	5669	3.28151
1	5670	0.106637
1	5671	1.00783
1	5672	0.689616
1	5673	0.141638
1	5674	5.16145
1	5675	8.23054
1	5676	2.51259
1	5677	0.986156
1	5678	0.258813
1	5679	1.8669
1	5680	1.67855
1	5681	0.0953287
1	5682	0.513113
1	5683	1.75971
1	5684	4.2236
1	5685	0.605584
1	5686	2.65865
1	5687	0.580742
1	5688	0.113206
1	5689	1.10623
1	5690	0.691398
1	5691	0.50254
1	5692	1.32741
1	5693	0.887195
1	5694	2.69599
1	5695	1.02571
1	5696	1.06765
1	5697	0.145286
1	5698	0.747192
1	5699	0.939702
1	5700	0.155039
1	5701	0.601954
1	5702	1.42597
1	5703	2.46509
1	5704	1.44965
1	5705	1.19227
1	5706	0.230603
1	5707	0.0978054
1	5708	0.495306
1	5709	0.418251
1	5710	1.2668
1	5711	0.104358
1	5712	1.46924
1	5713	0.0789295
1	5714	0.375786
1	5715	0.0546819
1	5716	0.956958
1	5717	0.241204
1	5718	0.411762
1	5719	0.673946
1	5720	0.266143
1	5721	1.10289
1	5722	1.14877
1	5723	0.225015
1	5724	0.571928
1	5725	0.277928
1	5726	0.183695
1	5727	0.639601
1	5728	0.584277
1	5729	2.51861
1	5730	0.444452
1	5731	0.504228
1	5732	1.013
1	5733	2.69891
1	5734	1.1205
1	5735	0.154604
1	5736	0.0523718
1	5737	0.247468
1	5738	1.02228
1	5739	0.221777
1	5740	0.228758
1	5741	0.16989
1	5742	1.31562
1	5743	0.0874173
1	5744	2.71187
1	5745	0.785032
1	5746	1.47822
1	5747	2.28003
1	5748	4.40265
1	5749	0.371163
1	5750	2.91514
1	5751	2.52225
1	5752	2.53279
1	5753	0.452047
1	5754	2.99506
1	5755	1.18289
1	5756	2.54001
1	5757	4.40801
1	5758	1.05298
1	5759	1.01173
1	5760	0.186715
1	5761	2.3186
1	5762	0.200723
1	5763	1.30971
1	5764	1.36805
1	5765	0.0362701
1	5766	0.047608
1	5767	1.32949
1	5768	0.566441
1	5769	1.29783
1	5770	0.420575
1	5771	0.544806
1	5772	1.05757
1	5773	1.0867
1	5774	0.561683
1	5775	0.305498
1	5776	0.513378
1	5777	2.042
1	5778	0.717398
1	5779	0.13207
1	5780	0.211071
1	5781	0.492215
1	5782	3.26347
1	5783	0.677009
1	5784	1.35187
1	5785	0.181172
1	5786	0.412161
1	5787	1.01975
1	5788	0.113515
1	5789	0.03492
1	5790	1.53526
1	5791	0.905468
1	5792	0.195473
1	5793	0.437422
1	5794	1.74083
1	5795	0.20797
1	5796	0.958488
1	5797	1.19044
1	5798	1.05698
1	5799	0.0487083
1	5800	0.378091
1	5801	0.985444
1	5802	0.59801
1	5803	0.934172
1	5804	1.4564
1	5805	1.19439
1	5806	0.703565
1	5807	1.0368
1	5808	0.739726
1	5809	1.3396
1	5810	0.0418365
1	5811	0.381292
1	5812	0.336515
1	5813	2.0259
1	5814	0.976325
1	5815	0.0856471
1	5816	0.465769
1	5817	0.902272
1	5818	0.28707
1	5819	0.318972
1	5820	0.427364
1	5821	0.198234
1	5822	0.163897
1	5823	1.54601
1	5824	1.10256
1	5825	0.344961
1	5826	1.83963
1	5827	0.916017
1	5828	0.310647
1	5829	1.36566
1	5830	1.941
1	5831	0.500317
1	5832	0.136993
1	5833	3.94196
1	5834	0.365251
1	5835	2.08972
1	5836	0.083834
1	5837	0.686697
1	5838	0.0180526
1	5839	0.991726
1	5840	0.235926
1	5841	1.00181
1	5842	0.796029
1	5843	0.152715
1	5844	0.51957
1	5845	0.637054
1	5846	0.344219
1	5847	1.10262
1	5848	0.613017
1	5849	1.6494
1	5850	0.885579
1	5851	0.915084
1	5852	1.61828
1	5853	0.761483
1	5854	0.355907
1	5855	0.0685536
1	5856	0.0684966
1	5857	1.85193
1	5858	0.365283
1	5859	1.26141
1	5860	0.173988
1	5861	1.00936
1	5862	0.751659
1	5863	0.298766
1	5864	0.115707
1	5865	0.768605
1	5866	0.450209
1	5867	2.96201
1	5868	0.432526
1	5869	0.274928
1	5870	2.11419
1	5871	0.352383
1	5872	0.0925516
1	5873	0.422242
1	5874	0.416266
1	5875	1.09288
1	5876	0.811337
1	5877	0.499355
1	5878	2.79985
1	5879	0.0150159
1	5880	0.0638761
1	5881	0.490854
1	5882	0.174771
1	5883	0.0171299
1	5884	0.304622
1	5885	0.128267
1	5886	1.13142
1	5887	0.104927
1	5888	1.23272
1	5889	0.143267
1	5890	1.0046
1	5891	0.585541
1	5892	4.69793
1	5893	0.360005
1	5894	1.95523
1	5895	1.21891
1	5896	0.18841
1	5897	0.728326
1	5898	1.87183
1	5899	0.367034
1	5900	0.282049
1	5901	3.55316
1	5902	4.1959
1	5903	0.167252
1	5904	0.649509
1	5905	0.649253
1	5906	1.56749
1	5907	1.39495
1	5908	0.148774
1	5909	0.107197
1	5910	0.0433289
1	5911	0.0580526
1	5912	1.20701
1	5913	0.483007
1	5914	0.451881
1	5915	0.303785
1	5916	0.59275
1	5917	0.471063
1	5918	1.25275
1	5919	1.19879
1	5920	2.03734
1	5921	1.11871
1	5922	0.547706
1	5923	1.03332
1	5924	1.168
1	5925	0.164399
1	5926	0.0719333
1	5927	3.78119
1	5928	1.95937
1	5929	0.185527
1	5930	0.224008
1	5931	0.198332
1	5932	4.17844
1	5933	2.34163
1	5934	5.5122
1	5935	0.371658
1	5936	0.240338
1	5937	3.48373
1	5938	1.75786
1	5939	0.763072
1	5940	0.194262
1	5941	1.46978
1	5942	2.00048
1	5943	3.52048
1	5944	3.5277
1	5945	0.94106
1	5946	0.143532
1	5947	1.1193
1	5948	1.37231
1	5949	0.718131
1	5950	0.0522854
1	5951	0.106329
1	5952	0.134133
1	5953	0.293992
1	5954	0.379354
1	5955	0.734971
1	5956	0.977983
1	5957	0.206402
1	5958	0.0284882
1	5959	0.359664
1	5960	0.487485
1	5961	0.0682894
1	5962	0.360821
1	5963	0.408795
1	5964	2.95311
1	5965	0.117985
1	5966	1.46287
1	5967	0.117229
1	5968	0.360739
1	5969	0.954385
1	5970	2.63086
1	5971	2.80761
1	5972	0.297459
1	5973	0.419283
1	5974	0.15558
1	5975	3.00563
1	5976	1.39503
1	5977	0.237276
1	5978	0.19327
1	5979	1.50411
1	5980	0.574032
1	5981	1.50854
1	5982	2.51134
1	5983	0.220704
1	5984	0.0534336
1	5985	0.440669
1	5986	2.30289
1	5987	0.809394
1	5988	0.0276822
1	5989	0.306485
1	5990	1.40692
1	5991	2.11333
1	5992	1.44385
1	5993	0.187822
1	5994	0.601103
1	5995	1.22297
1	5996	0.276487
1	5997	0.912083
1	5998	0.56486
1	5999	0.232294
1	6000	0.535469
1	6001	0.920044
1	6002	1.05295
1	6003	0.365642
1	6004	0.199215
1	6005	0.26527
1	6006	0.194063
1	6007	1.11599
1	6008	0.00699336
1	6009	0.642609
1	6010	0.623655
1	6011	0.215063
1	6012	0.433853
1	6013	0.906816
1	6014	1.10029
1	6015	1.22358
1	6016	0.300351
1	6017	0.057502
1	6018	0.942689
1	6019	0.0289134
1	6020	0.977841
1	6021	0.663079
1	6022	1.78945
1	6023	0.0750207
1	6024	0.0152314
1	6025	1.07872
1	6026	0.140722
1	6027	1.73853
1	6028	0.256726
1	6029	1.40609
1	6030	0.121248
1	6031	0.0840504
1	6032	0.233826
1	6033	0.0502189
1	6034	1.15383
1	6035	0.0544253
1	6036	0.388687
1	6037	1.06886
1	6038	0.353786
1	6039	0.608983
1	6040	0.170793
1	6041	2.33358
1	6042	0.0167484
1	6043	1.94558
1	6044	0.0172537
1	6045	0.866449
1	6046	0.577803
1	6047	0.330993
1	6048	1.44005
1	6049	0.597546
1	6050	1.10989
1	6051	0.113871
1	6052	0.641921
1	6053	1.25892
1	6054	1.24677
1	6055	1.57808
1	6056	0.632619
1	6057	0.686391
1	6058	0.789984
1	6059	0.0925619
1	6060	0.00586077
1	6061	0.215318
1	6062	0.385212
1	6063	0.00302136
1	6064	0.688872
1	6065	0.820026
1	6066	0.542045
1	6067	0.560496
1	6068	1.22117
1	6069	0.900205
1	6070	1.45372
1	6071	0.131117
1	6072	0.0524545
1	6073	0.805618
1	6074	2.86636
1	6075	0.840406
1	6076	0.277189
1	6077	0.581842
1	6078	5.15753
1	6079	0.885654
1	6080	1.17051
1	6081	0.872504
1	6082	0.0526337
1	6083	0.694512
1	6084	0.0256946
1	6085	0.283989
1	6086	2.506
1	6087	0.0874014
1	6088	0.158746
1	6089	1.47521
1	6090	2.68385
1	6091	1.82822
1	6092	2.08583
1	6093	3.51037
1	6094	2.98385
1	6095	0.596189
1	6096	0.286664
1	6097	1.48985
1	6098	0.0426086
1	6099	0.401773
1	6100	1.53713
1	6101	0.488055
1	6102	0.04005
1	6103	0.794191
1	6104	0.72795
1	6105	0.967691
1	6106	1.45156
1	6107	1.94535
1	6108	0.194982
1	6109	1.50034
1	6110	1.15232
1	6111	0.351552
1	6112	0.386127
1	6113	2.11592
1	6114	0.607687
1	6115	1.15711
1	6116	0.477928
1	6117	0.863095
1	6118	0.164677
1	6119	2.175
1	6120	0.265467
1	6121	1.57894
1	6122	1.01222
1	6123	0.30538
1	6124	1.32941
1	6125	0.204556
1	6126	3.66423
1	6127	3.01425
1	6128	0.540946
1	6129	2.79981
1	6130	0.177258
1	6131	0.209758
1	6132	2.86701
1	6133	3.47505
1	6134	0.602959
1	6135	2.3935
1	6136	0.693095
1	6137	0.339145
1	6138	0.0145438
1	6139	0.184166
1	6140	1.76471
1	6141	1.33196
1	6142	0.845118
1	6143	0.0473293
1	6144	0.630541
1	6145	0.100356
1	6146	0.390072
1	6147	1.22938
1	6148	1.45304
1	6149	0.416051
1	6150	0.346801
1	6151	0.0198437
1	6152	0.995336
1	6153	2.91326
1	6154	3.87553
1	6155	0.119774
1	6156	0.613015
1	6157	3.52103
1	6158	1.40926
1	6159	0.508553
1	6160	0.964071
1	6161	0.64421
1	6162	3.02
1	6163	2.62261
1	6164	1.17977
1	6165	1.31355
1	6166	0.352555
1	6167	0.985837
1	6168	1.54125
1	6169	1.79683
1	6170	0.0990042
1	6171	0.46157
1	6172	0.0373448
1	6173	0.849892
1	6174	1.19168
1	6175	0.412148
1	6176	0.212631
1	6177	1.43451
1	6178	1.98323
1	6179	0.791282
1	6180	0.256569
1	6181	0.432509
1	6182	0.358731
1	6183	0.417329
1	6184	0.920019
1	6185	0.342122
1	6186	2.10163
1	6187	0.287459
1	6188	0.255382
1	6189	1.95322
1	6190	0.0131362
1	6191	1.54351
1	6192	1.00545
1	6193	0.821513
1	6194	1.65054
1	6195	4.52335
1	6196	0.903582
1	6197	0.0116175
1	6198	0.343976
1	6199	0.00819031
1	6200	0.374254
1	6201	5.466
1	6202	0.557826
1	6203	0.864851
1	6204	2.42739
1	6205	0.0839394
1	6206	0.699222
1	6207	0.47518
1	6208	1.88575
1	6209	0.159484
1	6210	0.109332
1	6211	0.0586778
1	6212	0.719923
1	6213	1.61077
1	6214	0.01438
1	6215	0.116235
1	6216	0.688736
1	6217	2.77249
1	6218	0.291621
1	6219	0.00598112
1	6220	1.70362
1	6221	0.757024
1	6222	0.583499
1	6223	0.516604
1	6224	1.4142
1	6225	1.26774
1	6226	0.804951
1	6227	0.574928
1	6228	2.17775
1	6229	0.258287
1	6230	0.607447
1	6231	0.856544
1	6232	0.0654981
1	6233	0.886
1	6234	2.0296
1	6235	0.370783
1	6236	1.32783
1	6237	2.42673
1	6238	0.506339
1	6239	2.0408
1	6240	0.648768
1	6241	1.29484
1	6242	3.70489
1	6243	0.64265
1	6244	0.22068
1	6245	0.843505
1	6246	1.85788
1	6247	0.779535
1	6248	0.850973
1	6249	0.191942
1	6250	0.229825
1	6251	0.456074
1	6252	2.05754
1	6253	3.13345
1	6254	3.89389
1	6255	0.636697
1	6256	3.47968
1	6257	0.534887
1	6258	0.14994
1	6259	0.130332
1	6260	1.70847
1	6261	1.01067
1	6262	0.48369
1	6263	0.102859
1	6264	0.805149
1	6265	0.48398
1	6266	0.497921
1	6267	2.82829
1	6268	0.381408
1	6269	1.49555
1	6270	0.626459
1	6271	1.3677
1	6272	0.740462
1	6273	0.163438
1	6274	0.52093
1	6275	0.682957
1	6276	4.51258
1	6277	1.15954
1	6278	0.468081
1	6279	0.824276
1	6280	2.14542
1	6281	0.421726
1	6282	3.35308
1	6283	3.55314
1	6284	0.0991572
1	6285	2.34694
1	6286	1.26618
1	6287	0.253022
1	6288	3.16743
1	6289	1.06918
1	6290	2.22119
1	6291	2.54174
1	6292	1.22152
1	6293	1.29674
1	6294	2.43654
1	6295	0.3788
1	6296	2.21859
1	6297	0.291523
1	6298	0.0569794
1	6299	0.698754
1	6300	1.71246
1	6301	0.743224
1	6302	0.411178
1	6303	1.86381
1	6304	2.23756
1	6305	1.33503
1	6306	0.592279
1	6307	2.6082
1	6308	0.302942
1	6309	2.3702
1	6310	1.90872
1	6311	1.39238
1	6312	0.316814
1	6313	0.667202
1	6314	0.955664
1	6315	2.82862
1	6316	0.574553
1	6317	1.87079
1	6318	0.630299
1	6319	0.573808
1	6320	3.36622
1	6321	0.945793
1	6322	0.308854
1	6323	0.0491616
1	6324	1.1488
1	6325	0.286305
1	6326	0.211298
1	6327	0.444237
1	6328	0.578094
1	6329	0.809163
1	6330	0.264991
1	6331	1.54492
1	6332	0.036698
1	6333	0.123522
1	6334	0.21852
1	6335	0.784664
1	6336	0.434725
1	6337	0.601945
1	6338	0.54518
1	6339	2.35641
1	6340	1.59785
1	6341	0.570661
1	6342	0.875194
1	6343	0.676962
1	6344	0.583612
1	6345	1.35051
1	6346	0.892242
1	6347	0.726893
1	6348	0.269427
1	6349	0.270429
1	6350	3.4076
1	6351	0.508856
1	6352	0.648213
1	6353	0.249364
1	6354	0.143276
1	6355	0.565098
1	6356	0.203084
1	6357	2.05729
1	6358	0.154801
1	6359	1.99555
1	6360	0.0486326
1	6361	1.56909
1	6362	0.133945
1	6363	1.48126
1	6364	0.145021
1	6365	0.628492
1	6366	2.84646
1	6367	0.386393
1	6368	0.291268
1	6369	0.537954
1	6370	0.0939902
1	6371	1.16472
1	6372	1.34605
1	6373	1.49044
1	6374	0.251045
1	6375	0.355317
1	6376	0.122748
1	6377	0.688283
1	6378	2.88024
1	6379	0.746629
1	6380	0.370158
1	6381	0.201218
1	6382	1.35814
1	6383	0.400132
1	6384	1.35883
1	6385	1.7649
1	6386	0.890985
1	6387	0.183612
1	6388	0.123079
1	6389	0.648017
1	6390	0.41661
1	6391	1.53071
1	6392	2.14997
1	6393	0.733285
1	6394	0.782071
1	6395	0.475938
1	6396	1.99092
1	6397	0.197609
1	6398	0.68594
1	6399	0.319362
1	6400	0.912054
1	6401	2.34928
1	6402	1.92945
1	6403	0.0108107
1	6404	1.39023
1	6405	1.24541
1	6406	3.20839
1	6407	0.44498
1	6408	0.319367
1	6409	0.379885
1	6410	0.502997
1	6411	1.09881
1	6412	0.0148446
1	6413	0.663058
1	6414	0.962599
1	6415	0.278685
1	6416	0.148911
1	6417	1.70934
1	6418	0.333582
1	6419	0.0383719
1	6420	1.41353
1	6421	0.0839221
1	6422	0.299161
1	6423	2.21811
1	6424	1.84236
1	6425	0.725625
1	6426	3.16638
1	6427	0.754549
1	6428	0.237268
1	6429	0.17532
1	6430	0.304036
1	6431	0.869185
1	6432	0.595526
1	6433	2.00458
1	6434	3.45699
1	6435	0.0201648
1	6436	0.494245
1	6437	0.566169
1	6438	0.949144
1	6439	0.295627
1	6440	0.669165
1	6441	0.90527
1	6442	0.157122
1	6443	0.942507
1	6444	0.315942
1	6445	0.0787963
1	6446	2.01845
1	6447	0.29496
1	6448	0.441368
1	6449	0.295188
1	6450	0.318817
1	6451	0.105154
1	6452	0.442655
1	6453	0.502487
1	6454	2.84691
1	6455	4.08797
1	6456	0.778536
1	6457	0.230589
1	6458	1.81958
1	6459	0.792526
1	6460	0.769162
1	6461	0.125354
1	6462	1.30041
1	6463	2.3749
1	6464	1.06623
1	6465	2.79268
1	6466	1.50738
1	6467	1.4833
1	6468	1.18674
1	6469	1.46378
1	6470	0.943891
1	6471	2.24898
1	6472	0.410891
1	6473	0.00526498
1	6474	0.63079
1	6475	2.62227
1	6476	0.771999
1	6477	1.76779
1	6478	0.0213101
1	6479	0.413879
1	6480	0.583645
1	6481	0.764964
1	6482	0.514375
1	6483	0.431517
1	6484	0.612804
1	6485	0.0179482
1	6486	0.0676142
1	6487	1.4923
1	6488	2.40001
1	6489	0.425338
1	6490	0.280995
1	6491	1.95838
1	6492	0.165479
1	6493	2.77129
1	6494	0.249047
1	6495	1.40369
1	6496	2.7649
1	6497	4.42887
1	6498	4.80694
1	6499	0.370857
1	6500	3.83591
1	6501	0.880157
1	6502	2.11037
1	6503	0.968351
1	6504	2.36375
1	6505	1.11496
1	6506	0.0758575
1	6507	1.78369
1	6508	1.42325
1	6509	1.4197
1	6510	0.386678
1	6511	0.736976
1	6512	1.06208
1	6513	0.0434821
1	6514	0.227199
1	6515	0.606868
1	6516	2.42903
1	6517	0.294787
1	6518	0.496695
1	6519	0.679031
1	6520	0.433938
1	6521	3.43622
1	6522	1.24753
1	6523	0.0289987
1	6524	0.468281
1	6525	2.99801
1	6526	1.66319
1	6527	1.42341
1	6528	0.337154
1	6529	0.146669
1	6530	3.28767
1	6531	0.347337
1	6532	1.80195
1	6533	0.345099
1	6534	0.972038
1	6535	0.762259
1	6536	0.469679
1	6537	0.135124
1	6538	0.28245
1	6539	1.37599
1	6540	0.306104
1	6541	0.901211
1	6542	1.70289
1	6543	0.755882
1	6544	0.189001
1	6545	1.72813
1	6546	0.387279
1	6547	0.7967
1	6548	0.976509
1	6549	0.865644
1	6550	0.990376
1	6551	0.174236
1	6552	0.708596
1	6553	0.851451
1	6554	0.504169
1	6555	0.113172
1	6556	0.0263916
1	6557	0.0786092
1	6558	0.446019
1	6559	2.71906
1	6560	1.26579
1	6561	0.37424
1	6562	0.00399295
1	6563	0.251526
1	6564	0.441856
1	6565	0.6758
1	6566	0.00579707
1	6567	6.22785
1	6568	1.17575
1	6569	0.00543727
1	6570	1.41656
1	6571	1.17567
1	6572	0.996438
1	6573	1.38018
1	6574	0.134119
1	6575	2.14124
1	6576	1.00095
1	6577	0.285032
1	6578	0.618492
1	6579	0.118462
1	6580	5.48775
1	6581	1.25763
1	6582	1.15985
1	6583	0.865887
1	6584	0.888853
1	6585	0.906437
1	6586	0.67899
1	6587	0.359978
1	6588	0.533641
1	6589	1.90654
1	6590	1.28185
1	6591	1.93426
1	6592	0.430508
1	6593	0.359627
1	6594	1.28168
1	6595	0.23905
1	6596	0.829978
1	6597	1.42819
1	6598	1.34165
1	6599	0.426981
1	6600	0.401665
1	6601	0.722469
1	6602	0.793824
1	6603	0.657921
1	6604	0.721214
1	6605	1.07762
1	6606	1.69349
1	6607	0.542395
1	6608	0.700045
1	6609	1.22429
1	6610	1.97757
1	6611	2.36222
1	6612	0.0940654
1	6613	0.457731
1	6614	0.401428
1	6615	0.011638
1	6616	0.370894
1	6617	0.122297
1	6618	2.84043
1	6619	3.54396
1	6620	1.38863
1	6621	0.422112
1	6622	0.096131
1	6623	1.58894
1	6624	1.71093
1	6625	0.373782
1	6626	0.472564
1	6627	0.430417
1	6628	0.0409783
1	6629	0.827588
1	6630	0.792575
1	6631	1.53473
1	6632	0.151123
1	6633	1.03816
1	6634	0.205906
1	6635	1.44487
1	6636	0.555388
1	6637	0.731056
1	6638	0.631799
1	6639	0.334566
1	6640	0.350768
1	6641	0.336238
1	6642	0.338995
1	6643	4.81912
1	6644	0.678
1	6645	0.839147
1	6646	0.267734
1	6647	0.792298
1	6648	0.509998
1	6649	1.75778
1	6650	0.494148
1	6651	2.65631
1	6652	0.0533883
1	6653	2.89537
1	6654	0.685062
1	6655	1.61921
1	6656	0.0382319
1	6657	0.0358887
1	6658	0.299563
1	6659	0.946223
1	6660	1.54299
1	6661	0.351922
1	6662	0.8115
1	6663	0.646889
1	6664	0.31539
1	6665	0.169823
1	6666	0.105588
1	6667	1.9358
1	6668	0.668633
1	6669	0.479613
1	6670	0.450125
1	6671	0.438868
1	6672	0.939296
1	6673	0.645725
1	6674	0.799167
1	6675	1.66454
1	6676	2.28481
1	6677	1.10965
1	6678	0.566522
1	6679	0.192443
1	6680	1.20464
1	6681	0.32805
1	6682	0.57659
1	6683	0.090206
1	6684	0.663855
1	6685	0.0444322
1	6686	0.586497
1	6687	1.26538
1	6688	0.326165
1	6689	0.261514
1	6690	0.105963
1	6691	0.449546
1	6692	0.327694
1	6693	0.637761
1	6694	0.820524
1	6695	1.87143
1	6696	0.213957
1	6697	0.357301
1	6698	0.873768
1	6699	0.53484
1	6700	0.141497
1	6701	1.07849
1	6702	1.73616
1	6703	0.114257
1	6704	0.0135518
1	6705	2.04917
1	6706	0.796518
1	6707	0.409463
1	6708	0.511853
1	6709	3.39708
1	6710	0.181254
1	6711	0.789242
1	6712	1.91792
1	6713	0.439092
1	6714	0.169631
1	6715	0.49724
1	6716	0.202034
1	6717	0.896297
1	6718	1.25922
1	6719	0.166969
1	6720	0.925333
1	6721	1.62429
1	6722	0.694358
1	6723	0.532109
1	6724	1.36785
1	6725	0.0219931
1	6726	0.224079
1	6727	0.0604158
1	6728	1.615
1	6729	0.392953
1	6730	0.8399
1	6731	2.58555
1	6732	1.49307
1	6733	0.00246326
1	6734	0.242302
1	6735	2.75697
1	6736	1.4625
1	6737	2.16394
1	6738	1.80991
1	6739	0.354143
1	6740	0.681345
1	6741	2.83157
1	6742	0.143868
1	6743	0.563357
1	6744	0.841365
1	6745	0.02302
1	6746	2.0571
1	6747	0.120367
1	6748	0.729101
1	6749	0.78663
1	6750	0.368605
1	6751	0.510296
1	6752	0.979355
1	6753	0.512347
1	6754	0.474349
1	6755	1.07214
1	6756	1.02502
1	6757	1.38856
1	6758	0.0387565
1	6759	1.21065
1	6760	0.923173
1	6761	1.26394
1	6762	0.20601
1	6763	0.00618256
1	6764	0.589684
1	6765	0.795946
1	6766	0.860948
1	6767	2.44913
1	6768	0.472248
1	6769	0.635903
1	6770	1.22558
1	6771	0.650725
1	6772	1.54869
1	6773	0.170911
1	6774	0.150684
1	6775	2.08512
1	6776	0.663085
1	6777	0.412775
1	6778	0.271807
1	6779	0.555814
1	6780	1.80655
1	6781	0.204232
1	6782	0.732469
1	6783	0.335033
1	6784	0.91186
1	6785	0.716937
1	6786	0.590141
1	6787	0.325464
1	6788	0.429839
1	6789	2.38147
1	6790	0.732944
1	6791	1.0915
1	6792	4.75787
1	6793	0.242551
1	6794	0.0886696
1	6795	0.777062
1	6796	0.465528
1	6797	0.853704
1	6798	2.49542
1	6799	6.09205
1	6800	3.63468
1	6801	1.88909
1	6802	1.65062
1	6803	0.0744393
1	6804	0.559463
1	6805	1.49235
1	6806	0.144357
1	6807	0.0522642
1	6808	0.934239
1	6809	1.23235
1	6810	0.830776
1	6811	0.396395
1	6812	1.06042
1	6813	0.404001
1	6814	0.210896
1	6815	3.98733
1	6816	1.97791
1	6817	0.0742274
1	6818	1.24764
1	6819	0.721016
1	6820	0.0857674
1	6821	2.29358
1	6822	1.9022
1	6823	0.230272
1	6824	0.938857
1	6825	0.847664
1	6826	0.75636
1	6827	0.963937
1	6828	0.772786
1	6829	0.719915
1	6830	0.160142
1	6831	1.15544
1	6832	0.810306
1	6833	0.282851
1	6834	0.328482
1	6835	0.130964
1	6836	0.272643
1	6837	1.22044
1	6838	1.07939
1	6839	1.58634
1	6840	0.416218
1	6841	0.528086
1	6842	0.564894
1	6843	2.01673
1	6844	0.377431
1	6845	0.572211
1	6846	0.0950769
1	6847	1.41074
1	6848	0.915624
1	6849	0.86794
1	6850	0.00359877
1	6851	0.0114088
1	6852	6.01269
1	6853	0.14056
1	6854	1.43738
1	6855	0.255991
1	6856	1.56873
1	6857	0.0814963
1	6858	0.328189
1	6859	0.373416
1	6860	0.21305
1	6861	0.458806
1	6862	1.1107
1	6863	0.113381
1	6864	0.0387581
1	6865	1.01979
1	6866	0.527507
1	6867	0.0297184
1	6868	0.819865
1	6869	0.493609
1	6870	1.18124
1	6871	1.94375
1	6872	0.107529
1	6873	0.4597
1	6874	0.853
1	6875	1.21807
1	6876	0.110993
1	6877	0.787597
1	6878	0.606185
1	6879	1.08774
1	6880	3.01126
1	6881	1.29031
1	6882	0.703586
1	6883	1.33271
1	6884	0.74569
1	6885	4.22334
1	6886	0.194019
1	6887	1.29703
1	6888	0.109149
1	6889	1.8866
1	6890	0.253505
1	6891	0.297
1	6892	0.385
1	6893	0.689101
1	6894	0.947445
1	6895	0.85256
1	6896	0.171506
1	6897	0.704277
1	6898	1.69991
1	6899	0.125381
1	6900	1.65961
1	6901	0.252748
1	6902	2.14145
1	6903	1.75818
1	6904	0.738283
1	6905	0.212174
1	6906	0.0364257
1	6907	3.90014
1	6908	1.806
1	6909	0.185589
1	6910	1.08692
1	6911	0.205738
1	6912	0.592622
1	6913	0.715242
1	6914	0.410135
1	6915	0.614388
1	6916	2.36639
1	6917	2.62787
1	6918	1.46857
1	6919	0.635221
1	6920	3.07089
1	6921	1.93263
1	6922	1.65531
1	6923	0.0710819
1	6924	0.0835886
1	6925	1.57738
1	6926	1.22655
1	6927	0.82174
1	6928	0.226682
1	6929	0.878836
1	6930	0.173342
1	6931	0.340891
1	6932	1.39942
1	6933	0.919542
1	6934	0.210632
1	6935	1.49131
1	6936	0.262914
1	6937	0.621344
1	6938	0.924194
1	6939	0.713684
1	6940	2.10798
1	6941	0.0161689
1	6942	0.0785245
1	6943	1.73211
1	6944	1.57049
1	6945	2.31632
1	6946	0.151493
1	6947	1.66482
1	6948	2.77091
1	6949	1.38727
1	6950	0.576621
1	6951	1.78412
1	6952	0.359955
1	6953	1.30673
1	6954	0.257944
1	6955	0.83523
1	6956	0.223246
1	6957	0.263207
1	6958	1.75077
1	6959	0.153773
1	6960	0.88003
1	6961	1.03971
1	6962	0.445631
1	6963	1.31812
1	6964	0.649658
1	6965	0.9226
1	6966	2.60328
1	6967	0.836553
1	6968	0.264084
1	6969	0.350325
1	6970	0.707506
1	6971	0.360074
1	6972	1.10398
1	6973	0.949552
1	6974	0.0130095
1	6975	0.963582
1	6976	3.59204
1	6977	3.29979
1	6978	1.20869
1	6979	2.39462
1	6980	2.73246
1	6981	2.89721
1	6982	1.06977
1	6983	1.8978
1	6984	0.598254
1	6985	0.376215
1	6986	0.484341
1	6987	1.74106
1	6988	0.398611
1	6989	1.6828
1	6990	0.176437
1	6991	2.07116
1	6992	0.280817
1	6993	0.308747
1	6994	0.450402
1	6995	1.25126
1	6996	0.0889524
1	6997	0.36484
1	6998	0.205684
1	6999	2.24111
1	7000	1.95436
1	7001	0.148752
1	7002	0.513472
1	7003	0.491907
1	7004	1.09201
1	7005	1.68464
1	7006	2.15043
1	7007	1.017
1	7008	1.22931
1	7009	0.737904
1	7010	0.874473
1	7011	0.804644
1	7012	2.32788
1	7013	0.236836
1	7014	1.34836
1	7015	0.631667
1	7016	2.47107
1	7017	3.73372
1	7018	1.00756
1	7019	0.0449951
1	7020	0.43974
1	7021	2.21732
1	7022	0.0507946
1	7023	0.117263
1	7024	2.22339
1	7025	0.932054
1	7026	0.525218
1	7027	0.563259
1	7028	0.0962836
1	7029	1.33839
1	7030	1.15067
1	7031	4.18388
1	7032	0.383798
1	7033	1.85034
1	7034	0.952081
1	7035	3.96723
1	7036	1.47777
1	7037	0.208395
1	7038	0.619721
1	7039	0.498722
1	7040	0.265636
1	7041	0.392403
1	7042	1.57138
1	7043	4.7223
1	7044	2.44193
1	7045	0.0998899
1	7046	0.000373527
1	7047	3.73107
1	7048	0.503851
1	7049	1.14212
1	7050	0.357853
1	7051	0.274057
1	7052	1.16696
1	7053	1.98892
1	7054	0.596046
1	7055	1.51558
1	7056	0.0875281
1	7057	0.238953
1	7058	1.79382
1	7059	2.78699
1	7060	0.778395
1	7061	0.607152
1	7062	4.11748
1	7063	0.0203645
1	7064	1.7575
1	7065	4.52149
1	7066	1.10903
1	7067	2.95764
1	7068	0.255599
1	7069	0.337631
1	7070	0.376856
1	7071	0.226292
1	7072	0.550455
1	7073	1.23587
1	7074	0.627687
1	7075	0.298144
1	7076	1.20696
1	7077	1.44422
1	7078	1.62426
1	7079	1.02922
1	7080	1.6965
1	7081	1.69259
1	7082	3.04514
1	7083	1.39953
1	7084	0.676181
1	7085	0.314547
1	7086	0.0694956
1	7087	0.908959
1	7088	0.150793
1	7089	1.65116
1	7090	0.499826
1	7091	0.160151
1	7092	1.74033
1	7093	1.41878
1	7094	0.142473
1	7095	0.271738
1	7096	0.386774
1	7097	0.629335
1	7098	0.0955561
1	7099	0.938957
1	7100	2.72136
1	7101	1.6129
1	7102	0.464548
1	7103	0.717212
1	7104	0.281106
1	7105	1.53299
1	7106	0.87002
1	7107	0.0826889
1	7108	0.625921
1	7109	2.4104
1	7110	0.740221
1	7111	0.793277
1	7112	0.626978
1	7113	1.51407
1	7114	0.635083
1	7115	0.874828
1	7116	2.15677
1	7117	0.300478
1	7118	0.141327
1	7119	1.27749
1	7120	2.20638
1	7121	0.108882
1	7122	0.115234
1	7123	2.23265
1	7124	0.245763
1	7125	0.770731
1	7126	1.16545
1	7127	1.33486
1	7128	1.4204
1	7129	0.38092
1	7130	0.626427
1	7131	1.90163
1	7132	0.336055
1	7133	0.906998
1	7134	1.06363
1	7135	0.1575
1	7136	0.803628
1	7137	0.118337
1	7138	1.1587
1	7139	0.434158
1	7140	2.15276
1	7141	1.55994
1	7142	0.507415
1	7143	0.92941
1	7144	0.239626
1	7145	0.39462
1	7146	2.0961
1	7147	0.766654
1	7148	0.110131
1	7149	0.583294
1	7150	1.68032
1	7151	2.00221
1	7152	0.300106
1	7153	0.93824
1	7154	1.01379
1	7155	0.0682754
1	7156	0.131686
1	7157	1.40458
1	7158	0.157875
1	7159	3.64466
1	7160	0.0125076
1	7161	1.75252
1	7162	1.57668
1	7163	0.829718
1	7164	0.530428
1	7165	1.00237
1	7166	0.154451
1	7167	0.718825
1	7168	0.240232
1	7169	2.34115
1	7170	1.07938
1	7171	0.211065
1	7172	0.412963
1	7173	0.50172
1	7174	0.327987
1	7175	1.5393
1	7176	1.69708
1	7177	1.0897
1	7178	2.90964
1	7179	0.218556
1	7180	0.985449
1	7181	0.132536
1	7182	0.351753
1	7183	1.84762
1	7184	1.17468
1	7185	0.615437
1	7186	0.179958
1	7187	1.76474
1	7188	0.0267273
1	7189	0.807796
1	7190	1.45693
1	7191	3.16777
1	7192	0.417078
1	7193	2.1995
1	7194	0.110443
1	7195	0.50994
1	7196	2.49286
1	7197	1.45537
1	7198	1.5839
1	7199	1.40001
1	7200	0.858782
1	7201	1.28358
1	7202	0.677401
1	7203	0.783455
1	7204	0.43081
1	7205	1.40647
1	7206	0.334832
1	7207	0.754795
1	7208	0.379133
1	7209	0.383334
1	7210	0.859307
1	7211	1.28375
1	7212	0.284681
1	7213	2.64228
1	7214	0.684881
1	7215	0.834458
1	7216	0.515874
1	7217	0.28083
1	7218	1.73779
1	7219	2.18971
1	7220	0.176221
1	7221	0.0093646
1	7222	1.61597
1	7223	0.148249
1	7224	0.595
1	7225	0.952393
1	7226	0.431446
1	7227	1.87088
1	7228	0.069061
1	7229	0.569407
1	7230	1.25521
1	7231	1.79663
1	7232	0.31106
1	7233	1.17484
1	7234	0.0877184
1	7235	0.484957
1	7236	0.257445
1	7237	0.475051
1	7238	0.419587
1	7239	0.450333
1	7240	0.705919
1	7241	1.38383
1	7242	3.06743
1	7243	0.60923
1	7244	0.136523
1	7245	1.5878
1	7246	0.554998
1	7247	0.667811
1	7248	0.654987
1	7249	1.86855
1	7250	1.00684
1	7251	1.86553
1	7252	2.2109
1	7253	0.692939
1	7254	0.117819
1	7255	4.29124
1	7256	0.140358
1	7257	0.224095
1	7258	0.840559
1	7259	0.984914
1	7260	0.567125
1	7261	0.249481
1	7262	0.638121
1	7263	0.880843
1	7264	0.398551
1	7265	0.232091
1	7266	0.0820886
1	7267	0.633813
1	7268	2.54762
1	7269	1.69569
1	7270	1.03484
1	7271	1.19302
1	7272	0.710094
1	7273	1.28946
1	7274	0.631818
1	7275	0.434885
1	7276	1.58528
1	7277	0.454635
1	7278	0.242749
1	7279	0.661277
1	7280	1.64045
1	7281	0.330635
1	7282	3.38182
1	7283	0.953579
1	7284	1.55752
1	7285	1.28591
1	7286	0.213942
1	7287	0.327558
1	7288	0.710908
1	7289	0.0683232
1	7290	0.387411
1	7291	0.538409
1	7292	0.00721189
1	7293	0.37288
1	7294	0.823317
1	7295	1.16154
1	7296	1.17148
1	7297	0.188108
1	7298	1.23977
1	7299	1.09625
1	7300	0.105509
1	7301	0.463384
1	7302	4.39317
1	7303	1.80923
1	7304	0.532767
1	7305	0.605102
1	7306	0.548884
1	7307	0.271287
1	7308	0.119669
1	7309	1.37266
1	7310	1.47772
1	7311	0.212098
1	7312	1.73818
1	7313	0.83035
1	7314	0.745812
1	7315	2.44282
1	7316	0.596337
1	7317	0.41527
1	7318	0.904557
1	7319	0.0726699
1	7320	1.85753
1	7321	0.264505
1	7322	0.523104
1	7323	2.12737
1	7324	1.47193
1	7325	1.72922
1	7326	0.02021
1	7327	0.906074
1	7328	3.75776
1	7329	1.26998
1	7330	1.1341
1	7331	1.90676
1	7332	0.546548
1	7333	2.5936
1	7334	0.0190161
1	7335	0.190016
1	7336	0.0195642
1	7337	0.654838
1	7338	0.691593
1	7339	2.10437
1	7340	0.227119
1	7341	1.09581
1	7342	0.0975064
1	7343	1.51089
1	7344	0.153421
1	7345	0.818087
1	7346	2.03483
1	7347	1.70801
1	7348	4.21058
1	7349	0.28286
1	7350	1.34942
1	7351	0.444915
1	7352	2.87902
1	7353	3.58723
1	7354	1.88212
1	7355	0.0345027
1	7356	1.28934
1	7357	0.0206452
1	7358	0.208865
1	7359	0.54937
1	7360	1.05885
1	7361	0.616488
1	7362	0.0445911
1	7363	0.484666
1	7364	0.0274371
1	7365	2.46945
1	7366	0.475811
1	7367	0.866096
1	7368	1.06773
1	7369	0.398391
1	7370	0.0121373
1	7371	2.08901
1	7372	0.40937
1	7373	7.38695
1	7374	0.259414
1	7375	0.193449
1	7376	3.43706
1	7377	1.92377
1	7378	0.571276
1	7379	0.512919
1	7380	0.298668
1	7381	0.671042
1	7382	0.149234
1	7383	0.614597
1	7384	0.163708
1	7385	1.24108
1	7386	0.155293
1	7387	2.4795
1	7388	0.48537
1	7389	0.541311
1	7390	0.965407
1	7391	1.38988
1	7392	0.700588
1	7393	0.258494
1	7394	0.164209
1	7395	0.152964
1	7396	0.282381
1	7397	0.56079
1	7398	1.35157
1	7399	5.40678
1	7400	0.0937817
1	7401	2.42041
1	7402	2.57944
1	7403	0.482584
1	7404	1.49578
1	7405	1.17004
1	7406	2.20237
1	7407	1.32286
1	7408	0.480292
1	7409	1.0182
1	7410	0.107169
1	7411	0.547092
1	7412	1.64428
1	7413	1.62426
1	7414	0.00315155
1	7415	0.0570996
1	7416	2.51246
1	7417	0.206463
1	7418	1.65978
1	7419	0.901831
1	7420	1.31987
1	7421	1.41799
1	7422	0.14629
1	7423	0.515121
1	7424	0.593888
1	7425	0.407741
1	7426	0.85397
1	7427	0.142515
1	7428	0.700342
1	7429	0.581607
1	7430	1.40211
1	7431	0.239058
1	7432	0.725891
1	7433	1.18205
1	7434	1.02928
1	7435	0.998541
1	7436	0.897127
1	7437	0.0432928
1	7438	1.22225
1	7439	0.420778
1	7440	0.588827
1	7441	0.885913
1	7442	0.31184
1	7443	0.107128
1	7444	0.674133
1	7445	1.55942
1	7446	0.308326
1	7447	3.26584
1	7448	3.62364
1	7449	2.03207
1	7450	0.196322
1	7451	0.652187
1	7452	1.00347
1	7453	2.08837
1	7454	0.0425534
1	7455	0.161407
1	7456	1.17791
1	7457	0.411958
1	7458	0.0833582
1	7459	1.12661
1	7460	0.591956
1	7461	0.195273
1	7462	2.08287
1	7463	1.90645
1	7464	1.03042
1	7465	0.955541
1	7466	0.882102
1	7467	0.347021
1	7468	0.559003
1	7469	0.524373
1	7470	0.140477
1	7471	4.96346
1	7472	0.159365
1	7473	1.40071
1	7474	0.613961
1	7475	3.40053
1	7476	1.85002
1	7477	1.28521
1	7478	4.25173
1	7479	0.846441
1	7480	0.0616016
1	7481	1.00895
1	7482	0.652248
1	7483	3.3999
1	7484	1.22828
1	7485	0.598734
1	7486	0.638713
1	7487	0.457346
1	7488	0.245761
1	7489	0.367808
1	7490	0.975088
1	7491	0.163966
1	7492	0.326033
1	7493	0.959975
1	7494	0.118311
1	7495	0.766679
1	7496	1.92149
1	7497	1.47883
1	7498	0.743593
1	7499	1.0501
1	7500	0.264204
1	7501	0.282027
1	7502	0.000587552
1	7503	1.47082
1	7504	0.203406
1	7505	0.632056
1	7506	0.602245
1	7507	1.40436
1	7508	0.14777
1	7509	4.83301
1	7510	0.180276
1	7511	0.00167309
1	7512	0.324458
1	7513	1.21957
1	7514	0.213602
1	7515	0.50506
1	7516	1.10448
1	7517	0.993983
1	7518	2.31213
1	7519	1.02152
1	7520	0.929323
1	7521	0.94571
1	7522	0.443519
1	7523	0.388197
1	7524	0.359141
1	7525	0.131127
1	7526	1.0508
1	7527	0.301661
1	7528	0.611981
1	7529	1.90278
1	7530	1.18676
1	7531	0.894725
1	7532	2.98463
1	7533	0.842655
1	7534	1.31293
1	7535	0.374885
1	7536	0.855263
1	7537	0.290409
1	7538	2.68112
1	7539	0.506672
1	7540	0.177913
1	7541	0.187764
1	7542	3.04196
1	7543	2.80267
1	7544	5.75929
1	7545	1.76338
1	7546	1.11953
1	7547	0.404666
1	7548	0.130879
1	7549	0.7934
1	7550	1.5705
1	7551	0.363344
1	7552	0.213165
1	7553	0.22054
1	7554	1.14123
1	7555	0.253774
1	7556	1.13436
1	7557	0.231411
1	7558	0.502346
1	7559	3.17357
1	7560	0.0307266
1	7561	0.396342
1	7562	1.16158
1	7563	0.558032
1	7564	0.192348
1	7565	1.50349
1	7566	0.19035
1	7567	1.20829
1	7568	0.122875
1	7569	1.30096
1	7570	1.07355
1	7571	0.0770828
1	7572	1.23949
1	7573	1.31022
1	7574	0.291938
1	7575	0.191049
1	7576	0.459692
1	7577	1.35322
1	7578	0.0551995
1	7579	0.179164
1	7580	1.73363
1	7581	1.26396
1	7582	0.510144
1	7583	2.87214
1	7584	0.843908
1	7585	0.499138
1	7586	0.335286
1	7587	0.996831
1	7588	0.500592
1	7589	0.556496
1	7590	0.502827
1	7591	0.296165
1	7592	1.79479
1	7593	0.541976
1	7594	0.112577
1	7595	0.749926
1	7596	1.4575
1	7597	2.00677
1	7598	0.119829
1	7599	1.61366
1	7600	1.10061
1	7601	0.792197
1	7602	0.188965
1	7603	0.401867
1	7604	1.47171
1	7605	0.464498
1	7606	1.329
1	7607	1.78082
1	7608	0.528985
1	7609	2.0275
1	7610	0.530297
1	7611	0.0244502
1	7612	0.498797
1	7613	0.373454
1	7614	1.26422
1	7615	1.72202
1	7616	0.537844
1	7617	0.227513
1	7618	0.289724
1	7619	0.0860124
1	7620	0.573584
1	7621	0.54384
1	7622	0.19599
1	7623	0.568072
1	7624	0.39771
1	7625	1.58185
1	7626	0.00782627
1	7627	1.48161
1	7628	0.549002
1	7629	0.0203434
1	7630	0.540456
1	7631	0.0452918
1	7632	0.328776
1	7633	0.388461
1	7634	0.0123979
1	7635	0.320574
1	7636	0.583466
1	7637	0.00246814
1	7638	0.26426
1	7639	0.359826
1	7640	1.1672
1	7641	0.340282
1	7642	0.248689
1	7643	0.0340305
1	7644	0.695389
1	7645	0.390024
1	7646	0.860982
1	7647	0.312906
1	7648	1.07712
1	7649	0.13667
1	7650	0.168144
1	7651	0.67112
1	7652	0.20655
1	7653	0.0634174
1	7654	3.70124
1	7655	0.840763
1	7656	1.44848
1	7657	0.048312
1	7658	0.108624
1	7659	1.79694
1	7660	0.236878
1	7661	0.910798
1	7662	1.7968
1	7663	1.08854
1	7664	0.167473
1	7665	0.828575
1	7666	0.619381
1	7667	1.79206
1	7668	0.803468
1	7669	0.415665
1	7670	0.791274
1	7671	1.98673
1	7672	0.860429
1	7673	3.21026
1	7674	0.0686965
1	7675	1.96563
1	7676	0.709412
1	7677	0.938181
1	7678	2.2393
1	7679	0.00935163
1	7680	4.23783
1	7681	0.642416
1	7682	0.216094
1	7683	0.361549
1	7684	0.0164145
1	7685	1.45422
1	7686	1.90608
1	7687	2.18764
1	7688	2.03892
1	7689	2.49337
1	7690	1.35696
1	7691	0.313511
1	7692	0.0754804
1	7693	0.664057
1	7694	0.570102
1	7695	0.452298
1	7696	0.571647
1	7697	0.994586
1	7698	1.69406
1	7699	0.0975372
1	7700	4.30963
1	7701	0.161282
1	7702	1.05394
1	7703	5.3508
1	7704	0.115137
1	7705	0.221479
1	7706	1.0329
1	7707	0.918594
1	7708	0.831057
1	7709	1.7016
1	7710	0.0605716
1	7711	0.568237
1	7712	1.12366
1	7713	0.207051
1	7714	0.431972
1	7715	0.307743
1	7716	0.105851
1	7717	2.45486
1	7718	1.30095
1	7719	0.362464
1	7720	0.936381
1	7721	0.327352
1	7722	1.11137
1	7723	0.575255
1	7724	0.322488
1	7725	1.85051
1	7726	1.23269
1	7727	0.592522
1	7728	1.88518
1	7729	1.15102
1	7730	0.193994
1	7731	1.19131
1	7732	1.31121
1	7733	0.118013
1	7734	0.340463
1	7735	0.51021
1	7736	0.528873
1	7737	0.544039
1	7738	0.0206073
1	7739	4.20496
1	7740	0.19258
1	7741	0.223314
1	7742	0.666564
1	7743	1.69624
1	7744	1.50699
1	7745	0.201536
1	7746	0.83013
1	7747	1.24218
1	7748	0.577669
1	7749	0.531245
1	7750	0.367263
1	7751	0.166955
1	7752	0.0390408
1	7753	2.14263
1	7754	0.807342
1	7755	0.273095
1	7756	1.79329
1	7757	0.262591
1	7758	0.365769
1	7759	0.470906
1	7760	0.178533
1	7761	1.05362
1	7762	1.43793
1	7763	0.383382
1	7764	0.972421
1	7765	0.401288
1	7766	3.43758
1	7767	1.21554
1	7768	1.28814
1	7769	0.139782
1	7770	0.193934
1	7771	2.25059
1	7772	0.252856
1	7773	0.357733
1	7774	0.359828
1	7775	0.660145
1	7776	0.990618
1	7777	0.209595
1	7778	2.74097
1	7779	0.621788
1	7780	0.0928241
1	7781	0.495018
1	7782	2.26946
1	7783	0.137365
1	7784	0.290184
1	7785	1.92524
1	7786	0.330287
1	7787	1.11151
1	7788	2.16852
1	7789	0.126635
1	7790	0.560868
1	7791	1.53638
1	7792	0.698991
1	7793	0.219755
1	7794	1.40378
1	7795	0.236843
1	7796	1.68173
1	7797	0.629348
1	7798	0.451086
1	7799	2.00647
1	7800	0.0119377
1	7801	0.207396
1	7802	1.71132
1	7803	0.233337
1	7804	0.607123
1	7805	0.762666
1	7806	0.202304
1	7807	2.47616
1	7808	1.16115
1	7809	0.103315
1	7810	3.0727
1	7811	0.324802
1	7812	0.938246
1	7813	0.0294256
1	7814	0.13462
1	7815	0.512176
1	7816	0.505514
1	7817	3.08756
1	7818	0.0418895
1	7819	0.230171
1	7820	0.0372998
1	7821	1.50155
1	7822	2.02888
1	7823	2.81717
1	7824	0.651564
1	7825	1.20908
1	7826	1.05566
1	7827	1.68488
1	7828	2.99847
1	7829	0.707746
1	7830	0.112876
1	7831	0.322264
1	7832	0.163143
1	7833	0.365764
1	7834	0.636892
1	7835	3.29571
1	7836	0.552836
1	7837	1.02385
1	7838	0.425955
1	7839	1.66151
1	7840	1.29509
1	7841	1.72465
1	7842	1.35911
1	7843	2.05663
1	7844	1.2508
1	7845	0.729629
1	7846	0.841542
1	7847	2.95453
1	7848	1.55588
1	7849	0.902229
1	7850	0.184585
1	7851	4.45857
1	7852	1.07307
1	7853	0.802556
1	7854	1.17957
1	7855	1.01887
1	7856	0.186538
1	7857	0.282904
1	7858	0.177823
1	7859	0.588273
1	7860	0.0499959
1	7861	0.180439
1	7862	4.10868
1	7863	0.795037
1	7864	1.23786
1	7865	1.79378
1	7866	1.75339
1	7867	1.82654
1	7868	2.32297
1	7869	0.0341897
1	7870	1.1633
1	7871	0.076647
1	7872	0.431065
1	7873	1.07313
1	7874	0.410331
1	7875	0.735316
1	7876	0.151217
1	7877	0.163179
1	7878	0.301042
1	7879	0.069871
1	7880	0.115309
1	7881	0.939155
1	7882	1.46293
1	7883	1.94051
1	7884	0.163093
1	7885	0.738202
1	7886	0.875462
1	7887	0.81615
1	7888	2.73237
1	7889	0.944408
1	7890	0.941706
1	7891	0.046819
1	7892	0.104707
1	7893	2.48545
1	7894	0.738376
1	7895	0.0151669
1	7896	0.382258
1	7897	1.48291
1	7898	0.494005
1	7899	3.27007
1	7900	1.34617
1	7901	0.0164581
1	7902	0.0633073
1	7903	1.48027
1	7904	1.8871
1	7905	0.179933
1	7906	3.54639
1	7907	0.243848
1	7908	1.28551
1	7909	0.797331
1	7910	0.116429
1	7911	0.0957308
1	7912	1.15263
1	7913	1.55654
1	7914	0.116477
1	7915	0.194357
1	7916	0.182159
1	7917	0.778024
1	7918	1.71558
1	7919	0.0468602
1	7920	0.0591845
1	7921	0.319958
1	7922	2.00213
1	7923	0.0160393
1	7924	0.461909
1	7925	1.1014
1	7926	4.19618
1	7927	2.37478
1	7928	0.939686
1	7929	0.0738175
1	7930	0.475173
1	7931	0.0275669
1	7932	0.225708
1	7933	2.23487
1	7934	1.27208
1	7935	0.0199506
1	7936	0.489401
1	7937	0.776221
1	7938	0.523417
1	7939	0.524582
1	7940	1.15216
1	7941	0.0253402
1	7942	0.2495
1	7943	0.346561
1	7944	1.95403
1	7945	0.186581
1	7946	1.58895
1	7947	0.70445
1	7948	1.5839
1	7949	1.07107
1	7950	2.43898
1	7951	0.44938
1	7952	0.264753
1	7953	0.548171
1	7954	1.62767
1	7955	0.108535
1	7956	0.552387
1	7957	0.0542069
1	7958	1.416
1	7959	0.271026
1	7960	1.44892
1	7961	0.175741
1	7962	2.36099
1	7963	1.3617
1	7964	1.4021
1	7965	3.14766
1	7966	2.22239
1	7967	1.67834
1	7968	0.765737
1	7969	0.716398
1	7970	0.317984
1	7971	0.364922
1	7972	0.136122
1	7973	0.0693172
1	7974	0.103726
1	7975	4.71338
1	7976	0.588733
1	7977	0.0833747
1	7978	1.22024
1	7979	0.070675
1	7980	1.22097
1	7981	2.58095
1	7982	2.14056
1	7983	0.445411
1	7984	2.16605
1	7985	3.50779
1	7986	0.336645
1	7987	0.460676
1	7988	1.91246
1	7989	0.461503
1	7990	0.144046
1	7991	0.47352
1	7992	1.00304
1	7993	1.44198
1	7994	0.571646
1	7995	0.9143
1	7996	0.373651
1	7997	0.451984
1	7998	0.720904
1	7999	1.69055
1	8000	0.136758
1	8001	1.3237
1	8002	0.553352
1	8003	1.40805
1	8004	1.3951
1	8005	3.46625
1	8006	1.44416
1	8007	1.88591
1	8008	0.313
1	8009	2.87099
1	8010	1.22818
1	8011	0.0592626
1	8012	0.292783
1	8013	0.88002
1	8014	0.212595
1	8015	0.950873
1	8016	0.395529
1	8017	0.879727
1	8018	1.07347
1	8019	0.259122
1	8020	1.23083
1	8021	0.155387
1	8022	0.704343
1	8023	0.394619
1	8024	0.574402
1	8025	2.90223
1	8026	0.708648
1	8027	2.88229
1	8028	3.09596
1	8029	2.16133
1	8030	0.115571
1	8031	0.083733
1	8032	0.626373
1	8033	1.17836
1	8034	0.425291
1	8035	1.15892
1	8036	1.47853
1	8037	0.878771
1	8038	1.44069
1	8039	0.454324
1	8040	1.56716
1	8041	1.86501
1	8042	0.167213
1	8043	1.40514
1	8044	0.801772
1	8045	1.0411
1	8046	0.388118
1	8047	5.6169
1	8048	1.36634
1	8049	1.27506
1	8050	1.51513
1	8051	0.800492
1	8052	1.08416
1	8053	0.397278
1	8054	2.82651
1	8055	1.1371
1	8056	0.0725422
1	8057	0.572115
1	8058	1.35004
1	8059	0.505548
1	8060	0.102063
1	8061	0.793216
1	8062	1.68845
1	8063	1.28848
1	8064	1.87948
1	8065	0.122506
1	8066	0.804774
1	8067	0.135111
1	8068	0.0464688
1	8069	0.248308
1	8070	0.0778302
1	8071	0.841451
1	8072	1.73759
1	8073	1.90114
1	8074	0.150628
1	8075	0.633116
1	8076	0.673125
1	8077	1.79385
1	8078	0.000178108
1	8079	1.18906
1	8080	0.0343524
1	8081	1.07128
1	8082	0.854095
1	8083	1.84141
1	8084	1.98001
1	8085	0.141432
1	8086	0.186908
1	8087	0.341699
1	8088	3.74406
1	8089	0.226435
1	8090	0.111148
1	8091	0.843824
1	8092	0.128941
1	8093	0.168071
1	8094	0.817913
1	8095	0.78595
1	8096	0.584505
1	8097	2.25804
1	8098	0.0322124
1	8099	1.56135
1	8100	0.542335
1	8101	1.05825
1	8102	2.49335
1	8103	2.29045
1	8104	0.394361
1	8105	0.0879534
1	8106	0.773999
1	8107	0.355343
1	8108	1.31378
1	8109	2.58267
1	8110	0.0779705
1	8111	1.13702
1	8112	0.607434
1	8113	0.805821
1	8114	0.104071
1	8115	0.663288
1	8116	0.706708
1	8117	0.670745
1	8118	3.43005
1	8119	0.978108
1	8120	0.959187
1	8121	0.33301
1	8122	0.637946
1	8123	0.121995
1	8124	0.637646
1	8125	1.16534
1	8126	0.47818
1	8127	0.866122
1	8128	0.686988
1	8129	0.727099
1	8130	1.21057
1	8131	0.267305
1	8132	0.326772
1	8133	0.344839
1	8134	0.604507
1	8135	0.335958
1	8136	0.339589
1	8137	0.833489
1	8138	1.68272
1	8139	1.24742
1	8140	1.07117
1	8141	0.640266
1	8142	0.0388914
1	8143	0.932113
1	8144	0.150402
1	8145	0.691952
1	8146	0.156243
1	8147	0.0662148
1	8148	0.137718
1	8149	0.162645
1	8150	2.61231
1	8151	1.70077
1	8152	0.735892
1	8153	2.07772
1	8154	0.565723
1	8155	0.092526
1	8156	0.236874
1	8157	0.906117
1	8158	2.36961
1	8159	0.964084
1	8160	2.07586
1	8161	4.66866
1	8162	2.27495
1	8163	0.884331
1	8164	0.382508
1	8165	0.618757
1	8166	0.502087
1	8167	0.555124
1	8168	1.21555
1	8169	1.62601
1	8170	0.918439
1	8171	2.97888
1	8172	0.329802
1	8173	2.41004
1	8174	0.219916
1	8175	0.199816
1	8176	0.545764
1	8177	0.880612
1	8178	0.438979
1	8179	1.3755
1	8180	0.888421
1	8181	0.53976
1	8182	1.02489
1	8183	0.543962
1	8184	2.59412
1	8185	1.14744
1	8186	0.501649
1	8187	1.01884
1	8188	0.0359633
1	8189	3.23909
1	8190	3.58286
1	8191	1.06125
1	8192	2.76477
1	8193	0.35667
1	8194	2.0588
1	8195	1.85054
1	8196	0.709053
1	8197	1.74958
1	8198	0.696179
1	8199	0.294883
1	8200	0.978065
1	8201	0.159775
1	8202	0.0645547
1	8203	0.274043
1	8204	0.123602
1	8205	0.031406
1	8206	0.686629
1	8207	3.09147
1	8208	0.0066219
1	8209	3.57981
1	8210	2.04393
1	8211	1.36989
1	8212	1.52294
1	8213	0.69766
1	8214	0.328663
1	8215	1.82152
1	8216	5.99202
1	8217	0.745681
1	8218	3.01537
1	8219	0.0135347
1	8220	1.39161
1	8221	0.804917
1	8222	0.491853
1	8223	0.326312
1	8224	1.4154
1	8225	0.431237
1	8226	0.406829
1	8227	1.32191
1	8228	0.337957
1	8229	2.8607
1	8230	4.21052
1	8231	0.944796
1	8232	0.358501
1	8233	2.29714
1	8234	0.0210198
1	8235	1.89778
1	8236	0.0123625
1	8237	1.97473
1	8238	4.18594
1	8239	0.843271
1	8240	4.43429
1	8241	3.5519
1	8242	0.679065
1	8243	1.84821
1	8244	0.0554599
1	8245	0.744761
1	8246	0.826047
1	8247	0.650386
1	8248	1.03904
1	8249	0.223514
1	8250	0.732511
1	8251	2.15222
1	8252	0.240865
1	8253	1.4445
1	8254	1.97644
1	8255	0.0302237
1	8256	1.10739
1	8257	0.560262
1	8258	5.24864
1	8259	0.179285
1	8260	3.10671
1	8261	2.94929
1	8262	1.6392
1	8263	0.100448
1	8264	0.53696
1	8265	0.195811
1	8266	1.95802
1	8267	2.85425
1	8268	2.91354
1	8269	2.40994
1	8270	2.69121
1	8271	0.603472
1	8272	1.14242
1	8273	0.144599
1	8274	0.476025
1	8275	4.56316
1	8276	0.397866
1	8277	0.151683
1	8278	0.138174
1	8279	0.854793
1	8280	2.48908
1	8281	0.920866
1	8282	0.29815
1	8283	5.21107
1	8284	1.29475
1	8285	0.555575
1	8286	0.0599322
1	8287	1.13756
1	8288	0.170303
1	8289	0.189268
1	8290	0.160526
1	8291	0.252969
1	8292	0.335138
1	8293	0.472105
1	8294	2.04051
1	8295	0.140476
1	8296	0.492346
1	8297	0.788788
1	8298	0.220648
1	8299	0.297674
1	8300	1.49371
1	8301	1.62994
1	8302	0.908891
1	8303	3.02267
1	8304	0.364109
1	8305	0.429402
1	8306	0.28956
1	8307	3.82033
1	8308	2.89188
1	8309	1.61085
1	8310	0.380388
1	8311	1.28221
1	8312	3.66469
1	8313	0.109027
1	8314	0.292895
1	8315	0.139781
1	8316	2.27289
1	8317	0.715569
1	8318	1.72486
1	8319	0.628209
1	8320	0.0731041
1	8321	0.0421434
1	8322	0.317797
1	8323	1.43403
1	8324	0.409794
1	8325	0.123428
1	8326	0.13463
1	8327	0.23936
1	8328	1.53956
1	8329	0.49812
1	8330	0.427398
1	8331	0.961448
1	8332	3.16699
1	8333	0.361006
1	8334	1.01838
1	8335	2.44039
1	8336	0.693965
1	8337	2.83356
1	8338	0.149374
1	8339	0.194249
1	8340	0.233152
1	8341	1.03636
1	8342	0.391832
1	8343	0.106514
1	8344	1.10697
1	8345	0.214188
1	8346	4.25831
1	8347	0.517898
1	8348	3.34002
1	8349	1.25159
1	8350	0.76477
1	8351	0.324856
1	8352	0.212642
1	8353	0.360453
1	8354	1.05211
1	8355	0.775915
1	8356	0.672799
1	8357	0.675794
1	8358	0.816136
1	8359	0.439632
1	8360	1.59781
1	8361	0.0782154
1	8362	0.754354
1	8363	0.287699
1	8364	0.252235
1	8365	1.20718
1	8366	0.19971
1	8367	1.25601
1	8368	1.12913
1	8369	1.55294
1	8370	1.00465
1	8371	0.41626
1	8372	1.04812
1	8373	0.0346072
1	8374	1.5357
1	8375	0.49904
1	8376	1.18317
1	8377	0.459307
1	8378	0.0598965
1	8379	2.00141
1	8380	0.85808
1	8381	2.52314
1	8382	0.99281
1	8383	1.47264
1	8384	0.130088
1	8385	0.736067
1	8386	0.0227221
1	8387	2.98357
1	8388	1.15601
1	8389	0.655747
1	8390	0.0816836
1	8391	1.33294
1	8392	1.69697
1	8393	1.70364
1	8394	2.07124
1	8395	2.65189
1	8396	0.23758
1	8397	0.936431
1	8398	0.73794
1	8399	1.3369
1	8400	0.22501
1	8401	0.577235
1	8402	1.13614
1	8403	0.67749
1	8404	5.64785
1	8405	1.20822
1	8406	1.30705
1	8407	0.51064
1	8408	0.383819
1	8409	0.342657
1	8410	0.235882
1	8411	0.555285
1	8412	0.0313372
1	8413	0.803185
1	8414	0.288264
1	8415	0.592694
1	8416	0.725396
1	8417	0.812893
1	8418	0.288862
1	8419	0.36061
1	8420	2.0736
1	8421	0.0729513
1	8422	0.385359
1	8423	0.756964
1	8424	0.0959849
1	8425	0.457595
1	8426	0.211048
1	8427	2.85947
1	8428	0.0759445
1	8429	0.123013
1	8430	0.680776
1	8431	0.325095
1	8432	0.549248
1	8433	0.270953
1	8434	2.06558
1	8435	2.04244
1	8436	1.93568
1	8437	0.799404
1	8438	3.07913
1	8439	0.435503
1	8440	1.27981
1	8441	0.212766
1	8442	0.911965
1	8443	0.12252
1	8444	4.15416
1	8445	1.63301
1	8446	0.0627331
1	8447	1.0944
1	8448	1.03572
1	8449	0.0733594
1	8450	0.0192791
1	8451	1.17911
1	8452	1.14625
1	8453	1.32512
1	8454	0.389872
1	8455	2.9675
1	8456	0.6375
1	8457	0.522321
1	8458	0.71616
1	8459	2.05535
1	8460	0.0258518
1	8461	0.424169
1	8462	0.636479
1	8463	2.4827
1	8464	0.748624
1	8465	0.622075
1	8466	0.362036
1	8467	3.01452
1	8468	0.111339
1	8469	0.0818083
1	8470	1.52429
1	8471	2.50533
1	8472	2.28057
1	8473	0.792804
1	8474	0.433374
1	8475	1.02907
1	8476	0.946483
1	8477	1.41107
1	8478	0.22352
1	8479	0.9209
1	8480	0.357834
1	8481	0.779798
1	8482	0.792415
1	8483	0.54848
1	8484	0.331121
1	8485	0.0549392
1	8486	0.133748
1	8487	0.614858
1	8488	0.269291
1	8489	1.31106
1	8490	0.528697
1	8491	0.222498
1	8492	2.07207
1	8493	0.477872
1	8494	0.0256815
1	8495	0.39398
1	8496	0.268421
1	8497	0.635049
1	8498	2.29905
1	8499	0.771305
1	8500	8.18379
1	8501	0.570139
1	8502	0.258376
1	8503	2.27912
1	8504	0.16923
1	8505	7.21741
1	8506	0.512853
1	8507	0.343227
1	8508	0.267688
1	8509	0.457854
1	8510	0.495035
1	8511	0.1723
1	8512	0.0323327
1	8513	1.53176
1	8514	0.40612
1	8515	0.00748591
1	8516	0.650436
1	8517	0.624337
1	8518	0.28404
1	8519	0.245545
1	8520	0.0111231
1	8521	0.187576
1	8522	0.0971988
1	8523	1.31726
1	8524	0.679238
1	8525	0.855594
1	8526	0.264227
1	8527	0.736011
1	8528	0.405465
1	8529	1.82349
1	8530	0.371548
1	8531	2.55652
1	8532	4.11084
1	8533	0.116165
1	8534	0.808593
1	8535	0.980744
1	8536	0.227149
1	8537	0.776967
1	8538	0.872043
1	8539	0.131579
1	8540	0.521622
1	8541	0.448945
1	8542	0.20878
1	8543	1.67027
1	8544	1.26432
1	8545	3.91273
1	8546	2.52478
1	8547	1.37348
1	8548	0.00309752
1	8549	0.151929
1	8550	0.0803023
1	8551	1.14623
1	8552	1.4651
1	8553	0.340947
1	8554	0.297654
1	8555	1.8724
1	8556	0.310719
1	8557	0.299159
1	8558	0.972921
1	8559	0.825692
1	8560	0.0381161
1	8561	0.763172
1	8562	0.366161
1	8563	0.124948
1	8564	0.246402
1	8565	0.302652
1	8566	0.2694
1	8567	0.060065
1	8568	1.68978
1	8569	3.12726
1	8570	0.00893397
1	8571	0.728697
1	8572	0.614886
1	8573	4.41185
1	8574	0.493197
1	8575	0.531438
1	8576	0.650347
1	8577	0.244386
1	8578	1.13277
1	8579	1.98752
1	8580	0.0224019
1	8581	0.00970188
1	8582	0.166911
1	8583	0.559979
1	8584	2.48682
1	8585	1.7002
1	8586	1.34041
1	8587	0.805085
1	8588	0.682167
1	8589	1.65447
1	8590	1.52643
1	8591	1.19188
1	8592	0.220752
1	8593	0.0751657
1	8594	1.22232
1	8595	0.169774
1	8596	1.70769
1	8597	1.10425
1	8598	0.375209
1	8599	0.835377
1	8600	0.0947775
1	8601	0.745509
1	8602	1.29755
1	8603	0.0121182
1	8604	0.720821
1	8605	1.09614
1	8606	0.860163
1	8607	2.57656
1	8608	2.52137
1	8609	0.756793
1	8610	0.973028
1	8611	0.242014
1	8612	1.90814
1	8613	2.27604
1	8614	0.427898
1	8615	0.175767
1	8616	0.634071
1	8617	2.01013
1	8618	2.43552
1	8619	0.484
1	8620	1.38798
1	8621	0.123922
1	8622	0.939677
1	8623	2.97277
1	8624	0.412778
1	8625	1.19118
1	8626	1.70489
1	8627	0.626004
1	8628	1.61028
1	8629	0.389993
1	8630	0.159403
1	8631	0.528686
1	8632	0.34291
1	8633	3.74485
1	8634	1.00099
1	8635	0.652514
1	8636	2.92807
1	8637	0.724547
1	8638	1.73
1	8639	0.120185
1	8640	1.25812
1	8641	0.618907
1	8642	0.280058
1	8643	0.867056
1	8644	2.17818
1	8645	1.66934
1	8646	2.88024
1	8647	2.46954
1	8648	0.369659
1	8649	2.13872
1	8650	2.17201
1	8651	0.101033
1	8652	0.238061
1	8653	0.562759
1	8654	0.225998
1	8655	0.170895
1	8656	0.749281
1	8657	0.807618
1	8658	0.548513
1	8659	0.36696
1	8660	1.33915
1	8661	1.0467
1	8662	0.865525
1	8663	2.57069
1	8664	0.312689
1	8665	1.20986
1	8666	1.1126
1	8667	0.956067
1	8668	0.388242
1	8669	1.46038
1	8670	0.762947
1	8671	0.199506
1	8672	0.745078
1	8673	0.118556
1	8674	0.464821
1	8675	0.703401
1	8676	1.34964
1	8677	0.437898
1	8678	0.95535
1	8679	0.616004
1	8680	0.753288
1	8681	0.461682
1	8682	0.601042
1	8683	0.223399
1	8684	2.86463
1	8685	0.878015
1	8686	0.535711
1	8687	0.600534
1	8688	0.0966612
1	8689	2.22886
1	8690	0.29539
1	8691	0.345532
1	8692	0.146575
1	8693	0.445199
1	8694	0.648745
1	8695	0.479031
1	8696	0.659717
1	8697	0.264769
1	8698	0.366344
1	8699	1.39882
1	8700	1.51981
1	8701	0.0615821
1	8702	0.594714
1	8703	0.415626
1	8704	0.281212
1	8705	1.26314
1	8706	0.0504452
1	8707	1.31505
1	8708	0.902931
1	8709	0.312991
1	8710	0.363097
1	8711	2.22013
1	8712	2.01927
1	8713	0.456088
1	8714	1.71635
1	8715	0.36371
1	8716	0.153075
1	8717	0.939084
1	8718	0.0483642
1	8719	0.199445
1	8720	0.177875
1	8721	0.289884
1	8722	0.0374848
1	8723	3.25634
1	8724	0.712096
1	8725	2.86264
1	8726	1.17529
1	8727	0.841988
1	8728	0.904218
1	8729	3.45753
1	8730	0.305909
1	8731	4.72375
1	8732	2.27066
1	8733	0.942576
1	8734	1.5174
1	8735	0.415253
1	8736	0.916152
1	8737	1.28016
1	8738	0.586631
1	8739	0.205788
1	8740	1.42236
1	8741	0.123335
1	8742	5.62914
1	8743	0.554165
1	8744	0.249345
1	8745	1.13094
1	8746	0.133712
1	8747	0.335183
1	8748	0.427718
1	8749	1.28847
1	8750	1.1762
1	8751	0.33299
1	8752	0.0573431
1	8753	1.11679
1	8754	0.00463885
1	8755	0.58039
1	8756	0.188945
1	8757	1.53582
1	8758	0.51203
1	8759	0.0527835
1	8760	1.06375
1	8761	0.181743
1	8762	0.785852
1	8763	1.0445
1	8764	4.06969
1	8765	0.330742
1	8766	0.721815
1	8767	2.70854
1	8768	0.0696159
1	8769	0.45167
1	8770	1.48725
1	8771	0.786944
1	8772	0.587967
1	8773	0.0941051
1	8774	0.49915
1	8775	0.482331
1	8776	0.287952
1	8777	2.03444
1	8778	1.20746
1	8779	0.310958
1	8780	0.942185
1	8781	1.25998
1	8782	0.252392
1	8783	0.108027
1	8784	0.674152
1	8785	2.40002
1	8786	4.2294
1	8787	0.175982
1	8788	1.35972
1	8789	2.5189
1	8790	1.99062
1	8791	0.131939
1	8792	2.05134
1	8793	0.205947
1	8794	1.27015
1	8795	0.0347563
1	8796	2.04863
1	8797	0.7348
1	8798	1.84376
1	8799	0.34544
1	8800	0.149174
1	8801	1.44417
1	8802	0.303191
1	8803	0.457596
1	8804	1.37292
1	8805	3.20396
1	8806	0.663518
1	8807	0.462322
1	8808	0.0710732
1	8809	0.0197698
1	8810	0.145472
1	8811	0.579695
1	8812	0.958731
1	8813	1.19155
1	8814	2.83079
1	8815	1.0473
1	8816	1.03573
1	8817	1.0485
1	8818	3.96467
1	8819	1.07437
1	8820	0.443275
1	8821	0.5401
1	8822	0.824442
1	8823	0.634686
1	8824	3.52572
1	8825	5.68026
1	8826	0.673082
1	8827	0.783684
1	8828	0.15567
1	8829	0.203833
1	8830	1.41413
1	8831	0.45374
1	8832	2.48436
1	8833	0.758268
1	8834	0.11313
1	8835	1.60739
1	8836	1.81787
1	8837	0.159625
1	8838	0.0231961
1	8839	1.07429
1	8840	0.0158137
1	8841	0.254622
1	8842	0.0982315
1	8843	1.13459
1	8844	1.5348
1	8845	0.277287
1	8846	0.442798
1	8847	0.368326
1	8848	0.0468826
1	8849	1.36448
1	8850	0.329989
1	8851	0.563602
1	8852	0.898968
1	8853	0.515826
1	8854	1.37334
1	8855	0.717218
1	8856	0.147331
1	8857	2.74453
1	8858	0.746054
1	8859	0.0688713
1	8860	1.78546
1	8861	0.288038
1	8862	1.56421
1	8863	0.200841
1	8864	0.0494302
1	8865	2.01238
1	8866	0.670648
1	8867	1.89338
1	8868	0.465735
1	8869	2.82461
1	8870	2.17207
1	8871	1.39962
1	8872	0.731859
1	8873	2.01354
1	8874	2.49437
1	8875	5.19777
1	8876	0.373472
1	8877	2.57581
1	8878	1.01052
1	8879	4.6244
1	8880	0.346866
1	8881	0.58849
1	8882	0.104034
1	8883	2.09781
1	8884	0.106229
1	8885	1.22872
1	8886	0.483446
1	8887	0.603934
1	8888	0.783782
1	8889	1.31446
1	8890	0.855126
1	8891	1.29184
1	8892	0.842927
1	8893	0.518793
1	8894	2.29869
1	8895	0.112036
1	8896	5.02515
1	8897	0.195241
1	8898	0.879597
1	8899	0.261326
1	8900	0.10922
1	8901	1.78388
1	8902	0.430475
1	8903	0.17831
1	8904	0.0413384
1	8905	1.00802
1	8906	5.97296
1	8907	1.63016
1	8908	0.208905
1	8909	0.236417
1	8910	1.12298
1	8911	1.30845
1	8912	0.976708
1	8913	1.03666
1	8914	1.3099
1	8915	0.358086
1	8916	3.13384
1	8917	0.164624
1	8918	0.673438
1	8919	0.0204271
1	8920	0.624991
1	8921	1.50855
1	8922	1.87599
1	8923	2.58098
1	8924	0.237789
1	8925	0.731279
1	8926	0.692231
1	8927	0.0262686
1	8928	0.995156
1	8929	0.229723
1	8930	0.969712
1	8931	1.49168
1	8932	1.23217
1	8933	5.97672
1	8934	0.290076
1	8935	0.450273
1	8936	0.115785
1	8937	0.372901
1	8938	2.50007
1	8939	0.0166697
1	8940	0.18784
1	8941	1.43016
1	8942	1.8552
1	8943	1.30039
1	8944	0.367295
1	8945	0.147572
1	8946	0.269528
1	8947	4.17199
1	8948	1.25363
1	8949	0.626842
1	8950	2.12144
1	8951	2.26395
1	8952	3.8901
1	8953	1.12675
1	8954	1.11165
1	8955	1.29568
1	8956	2.45675
1	8957	0.00374001
1	8958	1.05005
1	8959	0.689357
1	8960	0.21815
1	8961	1.05988
1	8962	2.74509
1	8963	0.551865
1	8964	1.75052
1	8965	2.34622
1	8966	0.0579083
1	8967	2.96728
1	8968	0.580395
1	8969	0.3647
1	8970	0.471689
1	8971	2.86572
1	8972	1.2578
1	8973	0.100736
1	8974	0.455188
1	8975	1.82541
1	8976	2.14831
1	8977	2.02408
1	8978	1.0484
1	8979	0.408502
1	8980	0.194802
1	8981	1.81119
1	8982	0.356835
1	8983	1.915
1	8984	0.295529
1	8985	0.0170766
1	8986	0.555641
1	8987	0.788463
1	8988	1.11746
1	8989	0.0532293
1	8990	0.488053
1	8991	1.78283
1	8992	0.828281
1	8993	0.396804
1	8994	0.0809652
1	8995	1.50573
1	8996	0.367193
1	8997	0.0540123
1	8998	1.69744
1	8999	5.45877
1	9000	0.149111
1	9001	3.11083
1	9002	2.07316
1	9003	0.0267408
1	9004	2.0598
1	9005	1.06692
1	9006	0.428581
1	9007	0.706554
1	9008	0.257759
1	9009	0.234784
1	9010	1.21375
1	9011	0.10644
1	9012	2.05747
1	9013	0.0971585
1	9014	3.40199
1	9015	0.85811
1	9016	0.551554
1	9017	0.585388
1	9018	1.3687
1	9019	0.177024
1	9020	0.389843
1	9021	1.41784
1	9022	0.221414
1	9023	0.128438
1	9024	1.91873
1	9025	1.52059
1	9026	2.51201
1	9027	0.254788
1	9028	1.1125
1	9029	1.89548
1	9030	0.0386054
1	9031	0.926251
1	9032	4.57651
1	9033	0.867691
1	9034	0.205417
1	9035	0.49471
1	9036	0.154114
1	9037	0.272615
1	9038	0.623726
1	9039	0.151616
1	9040	0.613232
1	9041	0.265468
1	9042	0.0867196
1	9043	1.06531
1	9044	0.280821
1	9045	0.731673
1	9046	0.697845
1	9047	0.207969
1	9048	0.035387
1	9049	3.03278
1	9050	4.95574
1	9051	0.0597845
1	9052	0.000920231
1	9053	0.132601
1	9054	1.08718
1	9055	0.245922
1	9056	0.485166
1	9057	0.639599
1	9058	1.58429
1	9059	1.00906
1	9060	1.50665
1	9061	0.961047
1	9062	0.569217
1	9063	1.02869
1	9064	1.81243
1	9065	0.347466
1	9066	0.901161
1	9067	0.234909
1	9068	0.349901
1	9069	1.71773
1	9070	0.323217
1	9071	2.83389
1	9072	1.14296
1	9073	5.27942
1	9074	0.231103
1	9075	0.438639
1	9076	0.813241
1	9077	0.364898
1	9078	0.313582
1	9079	0.619101
1	9080	0.110177
1	9081	0.622151
1	9082	0.0150254
1	9083	0.0728697
1	9084	0.0700204
1	9085	2.99001
1	9086	0.243637
1	9087	1.0796
1	9088	3.14504
1	9089	0.551302
1	9090	1.10375
1	9091	0.994929
1	9092	1.23927
1	9093	1.31628
1	9094	0.888111
1	9095	1.16933
1	9096	0.042856
1	9097	0.855868
1	9098	2.35398
1	9099	2.29872
1	9100	0.154987
1	9101	1.43469
1	9102	0.245583
1	9103	0.18457
1	9104	0.825926
1	9105	1.74108
1	9106	0.731302
1	9107	3.37389
1	9108	0.689241
1	9109	0.99412
1	9110	0.106821
1	9111	1.32897
1	9112	1.36241
1	9113	1.03494
1	9114	0.179696
1	9115	0.458664
1	9116	0.674079
1	9117	0.915545
1	9118	0.0875966
1	9119	0.760152
1	9120	0.640977
1	9121	0.501329
1	9122	0.37848
1	9123	0.538191
1	9124	1.98834
1	9125	2.26283
1	9126	0.712982
1	9127	0.18146
1	9128	0.0360208
1	9129	0.9109
1	9130	0.266587
1	9131	0.137771
1	9132	0.336212
1	9133	0.499752
1	9134	0.242402
1	9135	1.94882
1	9136	1.36396
1	9137	0.985005
1	9138	0.384082
1	9139	0.173183
1	9140	0.716113
1	9141	0.460725
1	9142	0.572161
1	9143	0.729647
1	9144	0.472568
1	9145	5.04513
1	9146	0.914024
1	9147	1.37388
1	9148	1.16379
1	9149	1.07845
1	9150	0.434875
1	9151	0.329889
1	9152	2.24871
1	9153	0.813764
1	9154	0.763603
1	9155	0.214986
1	9156	0.286362
1	9157	0.788533
1	9158	0.0902021
1	9159	1.0983
1	9160	2.97639
1	9161	0.378113
1	9162	0.830656
1	9163	1.04114
1	9164	1.62136
1	9165	4.31527
1	9166	3.27747
1	9167	3.80745
1	9168	0.100904
1	9169	0.205302
1	9170	0.111006
1	9171	0.0831571
1	9172	1.73619
1	9173	0.595602
1	9174	1.84076
1	9175	1.57299
1	9176	0.77429
1	9177	0.194238
1	9178	1.90948
1	9179	0.283097
1	9180	1.79797
1	9181	0.640132
1	9182	0.215553
1	9183	0.638105
1	9184	0.761529
1	9185	1.15238
1	9186	0.478908
1	9187	0.142557
1	9188	0.0120038
1	9189	0.489895
1	9190	0.579664
1	9191	0.661888
1	9192	0.410939
1	9193	0.361301
1	9194	0.0837139
1	9195	2.78882
1	9196	2.51942
1	9197	0.1131
1	9198	1.84048
1	9199	0.0394318
1	9200	1.59078
1	9201	0.658656
1	9202	0.588218
1	9203	4.11639
1	9204	0.213761
1	9205	1.72404
1	9206	2.93448
1	9207	0.0140353
1	9208	0.314269
1	9209	0.989821
1	9210	1.12732
1	9211	0.0895877
1	9212	0.987273
1	9213	0.81418
1	9214	0.267093
1	9215	0.677725
1	9216	1.14227
1	9217	1.84739
1	9218	0.550497
1	9219	2.57251
1	9220	0.164522
1	9221	0.0730644
1	9222	0.196399
1	9223	0.401061
1	9224	3.99034
1	9225	0.455746
1	9226	0.320896
1	9227	1.18041
1	9228	0.988742
1	9229	0.428685
1	9230	0.680828
1	9231	0.150908
1	9232	0.296385
1	9233	0.016163
1	9234	0.459249
1	9235	2.89873
1	9236	0.445644
1	9237	0.0843629
1	9238	1.45606
1	9239	1.61767
1	9240	0.0869775
1	9241	0.522924
1	9242	0.178699
1	9243	2.5167
1	9244	0.719777
1	9245	2.39974
1	9246	0.0788733
1	9247	0.223814
1	9248	0.852889
1	9249	0.898051
1	9250	0.0248345
1	9251	2.21994
1	9252	0.616694
1	9253	4.63148
1	9254	0.786967
1	9255	0.290173
1	9256	1.53769
1	9257	2.22438
1	9258	1.75215
1	9259	0.101563
1	9260	0.310509
1	9261	0.604857
1	9262	0.0401195
1	9263	0.631734
1	9264	2.10066
1	9265	0.143707
1	9266	0.336961
1	9267	1.00594
1	9268	0.247406
1	9269	1.22133
1	9270	0.555531
1	9271	0.398556
1	9272	0.755827
1	9273	0.368793
1	9274	0.146393
1	9275	0.53689
1	9276	0.470103
1	9277	0.20983
1	9278	3.2909
1	9279	0.730756
1	9280	1.17645
1	9281	1.20504
1	9282	1.03101
1	9283	1.1591
1	9284	1.10449
1	9285	0.255055
1	9286	0.629575
1	9287	1.35068
1	9288	1.38032
1	9289	3.59268
1	9290	0.297225
1	9291	2.91052
1	9292	0.0694431
1	9293	1.68034
1	9294	2.85082
1	9295	0.27099
1	9296	1.03037
1	9297	0.462449
1	9298	0.559837
1	9299	0.183797
1	9300	1.18506
1	9301	2.76303
1	9302	0.33307
1	9303	0.519845
1	9304	0.420579
1	9305	0.268978
1	9306	1.66258
1	9307	0.165753
1	9308	1.14805
1	9309	1.54864
1	9310	0.91362
1	9311	3.52484
1	9312	0.501588
1	9313	0.434005
1	9314	0.178232
1	9315	0.780057
1	9316	1.63255
1	9317	0.931934
1	9318	0.703579
1	9319	0.0432534
1	9320	0.0350197
1	9321	0.3257
1	9322	0.437021
1	9323	0.86115
1	9324	1.06411
1	9325	0.434419
1	9326	0.749349
1	9327	0.0782927
1	9328	0.794791
1	9329	1.57209
1	9330	1.66456
1	9331	0.0259569
1	9332	0.3935
1	9333	0.347347
1	9334	0.599766
1	9335	0.298691
1	9336	0.184361
1	9337	1.77788
1	9338	1.33225
1	9339	1.81884
1	9340	0.107155
1	9341	1.49345
1	9342	0.118761
1	9343	0.184258
1	9344	2.25064
1	9345	2.12769
1	9346	0.277575
1	9347	0.108841
1	9348	1.43381
1	9349	2.52383
1	9350	1.1903
1	9351	1.0639
1	9352	0.125061
1	9353	1.17122
1	9354	0.466662
1	9355	0.977823
1	9356	0.730225
1	9357	1.5801
1	9358	0.155605
1	9359	1.93956
1	9360	2.00558
1	9361	0.437002
1	9362	1.26587
1	9363	0.0412311
1	9364	0.842493
1	9365	1.24074
1	9366	1.26333
1	9367	0.00447813
1	9368	2.14765
1	9369	0.446661
1	9370	0.00867101
1	9371	1.85199
1	9372	0.829436
1	9373	1.34398
1	9374	0.182478
1	9375	0.273867
1	9376	0.832811
1	9377	6.59413
1	9378	1.16345
1	9379	1.75863
1	9380	0.0818211
1	9381	0.278179
1	9382	0.353521
1	9383	0.0290792
1	9384	0.0205475
1	9385	1.17977
1	9386	0.0104768
1	9387	0.878672
1	9388	0.565213
1	9389	0.374913
1	9390	3.85852
1	9391	3.7913
1	9392	0.280376
1	9393	0.29739
1	9394	1.26711
1	9395	0.611538
1	9396	1.66259
1	9397	0.386406
1	9398	1.98514
1	9399	1.72553
1	9400	0.695272
1	9401	1.9622
1	9402	1.4005
1	9403	0.0674899
1	9404	1.60609
1	9405	0.684288
1	9406	0.257593
1	9407	0.2276
1	9408	0.875058
1	9409	0.76951
1	9410	1.90933
1	9411	3.06375
1	9412	2.66415
1	9413	0.528497
1	9414	0.568324
1	9415	0.611125
1	9416	1.00673
1	9417	0.7364
1	9418	0.164225
1	9419	0.248523
1	9420	1.86488
1	9421	0.830846
1	9422	0.725506
1	9423	0.0853785
1	9424	1.05127
1	9425	0.388334
1	9426	0.217732
1	9427	0.0664022
1	9428	0.0835459
1	9429	1.95748
1	9430	0.47394
1	9431	1.68129
1	9432	1.0786
1	9433	0.769558
1	9434	2.16836
1	9435	0.109447
1	9436	0.400023
1	9437	1.17363
1	9438	3.36695
1	9439	0.343575
1	9440	2.40948
1	9441	1.18607
1	9442	0.0564918
1	9443	0.039277
1	9444	0.399659
1	9445	0.961331
1	9446	0.995937
1	9447	0.181063
1	9448	0.13836
1	9449	0.0710293
1	9450	0.493411
1	9451	1.44776
1	9452	0.261579
1	9453	0.108457
1	9454	1.0399
1	9455	0.255914
1	9456	0.146304
1	9457	0.450187
1	9458	0.523307
1	9459	0.494472
1	9460	0.674667
1	9461	1.235
1	9462	0.860267
1	9463	0.842784
1	9464	1.19924
1	9465	0.567528
1	9466	0.152174
1	9467	1.42348
1	9468	2.53147
1	9469	0.331855
1	9470	1.72685
1	9471	0.233879
1	9472	0.935889
1	9473	1.5869
1	9474	0.028364
1	9475	0.0758421
1	9476	0.773445
1	9477	0.164923
1	9478	0.302433
1	9479	0.898884
1	9480	0.586626
1	9481	0.798437
1	9482	0.38628
1	9483	3.2879
1	9484	0.495222
1	9485	0.195426
1	9486	0.556727
1	9487	0.677636
1	9488	0.598785
1	9489	0.853502
1	9490	0.068122
1	9491	3.76808
1	9492	0.473004
1	9493	0.861375
1	9494	0.121943
1	9495	0.543948
1	9496	0.382636
1	9497	0.415733
1	9498	0.483347
1	9499	1.91813
1	9500	0.685593
1	9501	2.34318
1	9502	1.2434
1	9503	0.433526
1	9504	0.672645
1	9505	0.800056
1	9506	0.479506
1	9507	0.171884
1	9508	1.18434
1	9509	0.302879
1	9510	2.10941
1	9511	2.04973
1	9512	2.02583
1	9513	2.58738
1	9514	0.941884
1	9515	2.52106
1	9516	1.31447
1	9517	2.46169
1	9518	0.66258
1	9519	0.0500668
1	9520	0.662233
1	9521	2.58113
1	9522	0.58357
1	9523	1.27123
1	9524	0.16332
1	9525	1.60711
1	9526	2.25568
1	9527	0.489975
1	9528	1.76392
1	9529	3.76636
1	9530	0.199914
1	9531	0.457703
1	9532	0.725472
1	9533	0.118999
1	9534	2.10563
1	9535	3.1948
1	9536	0.115483
1	9537	1.78084
1	9538	0.0984871
1	9539	1.41253
1	9540	1.02237
1	9541	0.164791
1	9542	0.609347
1	9543	0.690289
1	9544	1.22966
1	9545	0.079801
1	9546	1.80105
1	9547	1.51204
1	9548	0.673644
1	9549	2.12902
1	9550	0.0749905
1	9551	1.0562
1	9552	0.798537
1	9553	0.808666
1	9554	5.16779
1	9555	0.324084
1	9556	2.00914
1	9557	0.331891
1	9558	0.483433
1	9559	1.8024
1	9560	4.15973
1	9561	0.550033
1	9562	1.08645
1	9563	2.33389
1	9564	1.65668
1	9565	0.728181
1	9566	2.30404
1	9567	0.240586
1	9568	0.0862787
1	9569	2.96478
1	9570	0.0317919
1	9571	0.724266
1	9572	3.68807
1	9573	0.12955
1	9574	0.732917
1	9575	0.233741
1	9576	0.0354031
1	9577	1.39231
1	9578	0.100752
1	9579	0.246651
1	9580	2.64033
1	9581	0.0307679
1	9582	1.47863
1	9583	0.907659
1	9584	0.690917
1	9585	0.208603
1	9586	0.731541
1	9587	0.805015
1	9588	0.681204
1	9589	0.0807115
1	9590	0.377373
1	9591	1.63688
1	9592	0.513255
1	9593	1.6674
1	9594	1.0204
1	9595	0.620056
1	9596	2.07068
1	9597	1.58793
1	9598	1.84143
1	9599	0.344562
1	9600	1.38638
1	9601	0.577766
1	9602	0.655394
1	9603	1.06668
1	9604	0.364851
1	9605	1.73578
1	9606	0.198811
1	9607	0.0343728
1	9608	0.747737
1	9609	0.291239
1	9610	0.521786
1	9611	1.42959
1	9612	0.665023
1	9613	0.0332871
1	9614	1.87078
1	9615	0.114272
1	9616	1.11894
1	9617	0.792892
1	9618	1.74311
1	9619	0.286077
1	9620	2.41783
1	9621	0.884593
1	9622	1.61251
1	9623	0.0601301
1	9624	0.829832
1	9625	0.32316
1	9626	0.00796143
1	9627	0.790069
1	9628	1.00486
1	9629	0.882783
1	9630	0.80472
1	9631	0.432184
1	9632	0.185411
1	9633	0.449723
1	9634	1.2507
1	9635	2.74794
1	9636	1.26164
1	9637	1.097
1	9638	0.0710474
1	9639	0.836337
1	9640	0.490296
1	9641	2.25201
1	9642	1.92394
1	9643	2.43733
1	9644	2.21594
1	9645	4.37008
1	9646	0.269734
1	9647	0.20397
1	9648	1.18974
1	9649	1.49895
1	9650	2.70861
1	9651	0.661866
1	9652	0.902912
1	9653	0.516603
1	9654	1.81799
1	9655	1.6277
1	9656	0.535719
1	9657	0.17666
1	9658	0.544967
1	9659	0.863717
1	9660	1.07493
1	9661	0.313487
1	9662	0.128847
1	9663	0.63896
1	9664	0.594888
1	9665	0.108674
1	9666	0.8454
1	9667	0.200875
1	9668	0.593817
1	9669	0.416448
1	9670	0.176902
1	9671	0.533163
1	9672	0.445148
1	9673	0.242001
1	9674	0.761683
1	9675	0.128696
1	9676	0.273453
1	9677	0.727454
1	9678	0.241099
1	9679	2.12635
1	9680	0.096802
1	9681	2.07837
1	9682	1.59524
1	9683	0.672287
1	9684	0.0345666
1	9685	1.518
1	9686	0.233522
1	9687	0.137056
1	9688	0.762324
1	9689	0.668551
1	9690	0.263133
1	9691	1.03258
1	9692	1.85289
1	9693	0.983284
1	9694	0.626959
1	9695	0.774095
1	9696	0.532576
1	9697	1.14459
1	9698	0.071949
1	9699	0.496379
1	9700	1.52448
1	9701	0.667349
1	9702	0.723808
1	9703	1.85606
1	9704	1.68893
1	9705	2.8386
1	9706	0.294253
1	9707	0.790664
1	9708	0.0269342
1	9709	0.281833
1	9710	1.12636
1	9711	0.0389521
1	9712	1.4027
1	9713	0.145631
1	9714	0.792815
1	9715	0.460224
1	9716	1.88454
1	9717	1.34862
1	9718	1.53829
1	9719	0.126319
1	9720	2.28849
1	9721	1.10724
1	9722	1.2702
1	9723	0.801511
1	9724	0.796596
1	9725	0.486842
1	9726	0.0910356
1	9727	0.0686358
1	9728	0.939221
1	9729	0.851554
1	9730	0.0378722
1	9731	0.518566
1	9732	0.160299
1	9733	0.671041
1	9734	2.16145
1	9735	1.01635
1	9736	2.85269
1	9737	1.27722
1	9738	0.0279715
1	9739	1.08729
1	9740	0.15822
1	9741	1.0792
1	9742	0.0921905
1	9743	0.618185
1	9744	0.265299
1	9745	0.901
1	9746	0.303363
1	9747	2.69675
1	9748	0.95958
1	9749	1.6483
1	9750	0.264667
1	9751	1.14114
1	9752	0.270967
1	9753	0.698852
1	9754	0.860155
1	9755	0.241425
1	9756	0.231503
1	9757	1.04957
1	9758	3.17179
1	9759	3.67452
1	9760	1.03039
1	9761	0.0345081
1	9762	1.44924
1	9763	0.161845
1	9764	0.559258
1	9765	0.515928
1	9766	0.297498
1	9767	0.135758
1	9768	0.00728348
1	9769	0.925695
1	9770	0.373257
1	9771	1.11399
1	9772	1.87677
1	9773	0.435024
1	9774	0.0860181
1	9775	0.769953
1	9776	2.07317
1	9777	0.658329
1	9778	0.295089
1	9779	0.916986
1	9780	0.549471
1	9781	0.482668
1	9782	0.110576
1	9783	0.0519267
1	9784	3.22634
1	9785	0.509913
1	9786	1.1384
1	9787	0.437297
1	9788	0.474062
1	9789	0.229557
1	9790	0.842366
1	9791	0.367205
1	9792	1.94262
1	9793	2.73575
1	9794	1.16507
1	9795	0.603057
1	9796	0.660053
1	9797	0.0214697
1	9798	0.315869
1	9799	0.55785
1	9800	1.23845
1	9801	0.334563
1	9802	0.0486328
1	9803	1.3492
1	9804	1.0499
1	9805	1.04338
1	9806	1.19294
1	9807	0.361218
1	9808	1.53295
1	9809	1.18347
1	9810	2.28605
1	9811	0.469152
1	9812	0.108016
1	9813	1.36473
1	9814	0.422946
1	9815	0.0062526
1	9816	1.14663
1	9817	2.16037
1	9818	0.133356
1	9819	0.735608
1	9820	0.32698
1	9821	1.24827
1	9822	0.127022
1	9823	2.25621
1	9824	0.412041
1	9825	0.111964
1	9826	0.0890817
1	9827	0.554368
1	9828	2.1424
1	9829	0.066672
1	9830	0.772712
1	9831	2.08239
1	9832	0.975855
1	9833	0.109782
1	9834	0.613089
1	9835	0.061715
1	9836	0.261462
1	9837	0.942826
1	9838	0.308809
1	9839	3.17587
1	9840	1.00695
1	9841	0.291304
1	9842	3.03237
1	9843	2.15632
1	9844	0.23665
1	9845	1.15588
1	9846	0.200181
1	9847	1.46741
1	9848	0.399697
1	9849	0.43327
1	9850	0.788016
1	9851	0.57343
1	9852	1.46152
1	9853	1.54749
1	9854	1.92788
1	9855	3.37359
1	9856	0.311711
1	9857	0.201601
1	9858	1.64392
1	9859	0.537013
1	9860	1.90075
1	9861	0.715155
1	9862	2.0215
1	9863	1.05192
1	9864	1.25574
1	9865	1.64751
1	9866	0.978635
1	9867	1.27692
1	9868	0.293579
1	9869	0.578644
1	9870	3.22763
1	9871	1.70813
1	9872	0.361665
1	9873	1.57845
1	9874	0.566237
1	9875	0.691964
1	9876	1.18703
1	9877	1.5159
1	9878	0.548985
1	9879	0.9325
1	9880	1.78382
1	9881	0.0755375
1	9882	1.19085
1	9883	1.07349
1	9884	1.55336
1	9885	3.02489
1	9886	0.816067
1	9887	1.19435
1	9888	0.929303
1	9889	3.39883
1	9890	0.022732
1	9891	0.759831
1	9892	0.543362
1	9893	0.05728
1	9894	0.479733
1	9895	0.918909
1	9896	3.29236
1	9897	0.0613895
1	9898	1.77739
1	9899	0.535658
1	9900	0.20401
1	9901	0.275013
1	9902	3.69151
1	9903	1.27904
1	9904	0.430349
1	9905	0.0495202
1	9906	5.72317
1	9907	0.723174
1	9908	0.327564
1	9909	0.342816
1	9910	0.161857
1	9911	0.130098
1	9912	0.515547
1	9913	0.635294
1	9914	0.3783
1	9915	0.823909
1	9916	0.322746
1	9917	0.654785
1	9918	0.204282
1	9919	1.2676
1	9920	0.109332
1	9921	0.342583
1	9922	5.12077
1	9923	1.35281
1	9924	1.58484
1	9925	1.21882
1	9926	0.761095
1	9927	0.298535
1	9928	0.0484181
1	9929	1.26743
1	9930	1.17852
1	9931	2.96414
1	9932	0.0390556
1	9933	0.204704
1	9934	0.451885
1	9935	2.05199
1	9936	0.394671
1	9937	0.414665
1	9938	1.90517
1	9939	0.519207
1	9940	0.825864
1	9941	1.18434
1	9942	1.65394
1	9943	0.287548
1	9944	0.514767
1	9945	1.03061
1	9946	0.29597
1	9947	1.02863
1	9948	0.747367
1	9949	0.132518
1	9950	1.04675
1	9951	0.809688
1	9952	1.10044
1	9953	0.492878
1	9954	2.04772
1	9955	0.754759
1	9956	2.73487
1	9957	0.690918
1	9958	0.0250592
1	9959	0.0521327
1	9960	0.146767
1	9961	2.02165
1	9962	0.0462275
1	9963	0.881515
1	9964	0.119786
1	9965	0.0516194
1	9966	0.740834
1	9967	0.143119
1	9968	2.61452
1	9969	0.0872874
1	9970	0.203377
1	9971	0.161873
1	9972	1.72608
1	9973	1.94903
1	9974	1.20987
1	9975	2.78255
1	9976	1.55645
1	9977	0.166665
1	9978	2.27625
1	9979	0.155571
1	9980	0.025334
1	9981	1.2522
1	9982	1.40799
1	9983	0.0182602
1	9984	0.0428417
1	9985	1.5375
1	9986	0.713219
1	9987	0.151096
1	9988	0.407693
1	9989	0.471111
1	9990	0.969458
1	9991	1.24897
1	9992	1.40349
1	9993	0.928301
1	9994	0.964312
1	9995	0.230369
1	9996	1.10542
1	9997	0.152834
1	9998	0.397549
1	9999	1.4734
2	0	1.9536
2	1	0.558675
2	2	1.27946
2	3	1.41215
2	4	0.12058
2	5	3.92926
2	6	1.19387
2	7	0.555841
2	8	1.47996
2	9	0.427509
2	10	0.099233
2	11	2.07567
2	12	1.10824
2	13	0.488717
2	14	0.886185
2	15	1.69672
2	16	0.198273
2	17	0.160459
2	18	0.64341
2	19	1.16562
2	20	0.371519
2	21	0.770313
2	22	1.11256
2	23	0.429466
2	24	2.06338
2	25	2.07234
2	26	1.34346
2	27	1.83996
2	28	0.365636
2	29	0.700224
2	30	1.28224
2	31	0.771811
2	32	0.256348
2	33	0.811007
2	34	0.637717
2	35	1.29491
2	36	2.51525
2	37	1.90068
2	38	2.87106
2	39	0.2001
2	40	1.72975
2	41	0.451396
2	42	0.43607
2	43	2.02699
2	44	3.08361
2	45	0.184241
2	46	1.41066
2	47	0.660105
2	48	3.13518
2	49	0.50934
2	50	1.74453
2	51	0.722055
2	52	1.23028
2	53	0.126914
2	54	1.37976
2	55	1.07051
2	56	1.93194
2	57	0.378944
2	58	0.0530611
2	59	0.989724
2	60	0.886297
2	61	0.488986
2	62	0.683389
2	63	0.047983
2	64	1.09113
2	65	0.762469
2	66	0.337374
2	67	0.565634
2	68	1.97938
2	69	0.439488
2	70	0.869964
2	71	1.29166
2	72	0.598727
2	73	0.936482
2	74	1.08894
2	75	0.779509
2	76	0.414168
2	77	0.392583
2	78	0.3869
2	79	1.11975
2	80	1.04786
2	81	0.453034
2	82	0.381554
2	83	0.647383
2	84	0.432675
2	85	0.882825
2	86	1.98248
2	87	0.532707
2	88	0.344653
2	89	1.17205
2	90	0.735046
2	91	0.587616
2	92	0.795727
2	93	1.04123
2	94	0.843837
2	95	0.716211
2	96	1.29766
2	97	0.857149
2	98	0.143919
2	99	0.0995935
2	100	0.487724
2	101	0.613081
2	102	0.660122
2	103	2.36495
2	104	1.14195
2	105	1.44791
2	106	1.78579
2	107	0.469189
2	108	0.399866
2	109	0.333784
2	110	0.120997
2	111	1.66109
2	112	1.02434
2	113	0.393911
2	114	0.372388
2	115	0.436775
2	116	1.81337
2	117	2.87974
2	118	1.18962
2	119	0.864849
2	120	2.66005
2	121	0.268071
2	122	0.552374
2	123	0.280129
2	124	0.96567
2	125	0.365199
2	126	0.359382
2	127	1.47844
2	128	0.549764
2	129	0.412609
2	130	0.714053
2	131	1.60458
2	132	0.876138
2	133	0.937022
2	134	0.753873
2	135	1.73807
2	136	1.37334
2	137	0.771693
2	138	1.11101
2	139	0.945949
2	140	0.871746
2	141	0.337492
2	142	0.152883
2	143	0.917615
2	144	0.523294
2	145	0.490383
2	146	0.163874
2	147	1.0203
2	148	2.60259
2	149	1.71277
2	150	0.23589
2	151	0.605728
2	152	0.528879
2	153	0.87973
2	154	1.18754
2	155	1.23487
2	156	0.617565
2	157	1.67201
2	158	2.22455
2	159	1.54596
2	160	0.990515
2	161	1.41263
2	162	2.11873
2	163	0.964643
2	164	0.915367
2	165	0.66599
2	166	1.05778
2	167	0.770929
2	168	3.72759
2	169	1.11488
2	170	0.570897
2	171	0.0867332
2	172	0.756928
2	173	0.437156
2	174	1.19219
2	175	1.60954
2	176	0.231463
2	177	1.63701
2	178	0.389762
2	179	0.909142
2	180	0.872957
2	181	1.62712
2	182	0.136831
2	183	1.03073
2	184	1.30356
2	185	0.516782
2	186	1.57602
2	187	0.546645
2	188	0.250602
2	189	0.652761
2	190	1.50708
2	191	2.71141
2	192	1.19181
2	193	0.897094
2	194	0.540501
2	195	2.16235
2	196	0.656362
2	197	0.422524
2	198	1.52869
2	199	0.808825
2	200	1.3433
2	201	0.499794
2	202	0.369074
2	203	0.692405
2	204	0.606494
2	205	1.88721
2	206	0.37851
2	207	0.935114
2	208	0.284873
2	209	1.12238
2	210	0.242931
2	211	0.362038
2	212	0.599412
2	213	1.46389
2	214	1.37694
2	215	1.01238
2	216	1.42442
2	217	0.516471
2	218	0.602544
2	219	1.26118
2	220	0.337236
2	221	0.976628
2	222	1.65497
2	223	0.85406
2	224	0.38561
2	225	2.74758
2	226	1.41876
2	227	0.22206
2	228	2.35522
2	229	0.275899
2	230	0.103482
2	231	0.794662
2	232	1.10914
2	233	1.28651
2	234	1.18508
2	235	1.47607
2	236	1.25232
2	237	1.7494
2	238	1.53593
2	239	1.603
2	240	0.317385
2	241	0.834151
2	242	1.02301
2	243	0.756163
2	244	0.88809
2	245	1.01883
2	246	0.740775
2	247	0.888089
2	248	0.735586
2	249	1.48969
2	250	1.57291
2	251	1.10084
2	252	0.765347
2	253	3.02078
2	254	1.01222
2	255	0.494153
2	256	1.15951
2	257	0.689349
2	258	0.703627
2	259	0.524931
2	260	0.670775
2	261	0.859623
2	262	1.35395
2	263	0.211845
2	264	3.21064
2	265	0.213784
2	266	2.35633
2	267	0.320782
2	268	1.0852
2	269	0.955645
2	270	0.774174
2	271	1.73771
2	272	0.221368
2	273	1.54179
2	274	0.507808
2	275	2.30074
2	276	1.1201
2	277	1.52603
2	278	0.575918
2	279	2.36299
2	280	1.89337
2	281	0.627897
2	282	0.481533
2	283	0.850769
2	284	1.20549
2	285	2.3719
2	286	1.77066
2	287	0.882418
2	288	2.58204
2	289	0.685272
2	290	1.35914
2	291	0.373243
2	292	0.545255
2	293	0.153802
2	294	2.83556
2	295	0.389241
2	296	1.03211
2	297	0.425289
2	298	0.494475
2	299	1.45123
2	300	1.85269
2	301	0.908924
2	302	0.971172
2	303	0.446466
2	304	1.24761
2	305	0.22611
2	306	1.73904
2	307	1.21516
2	308	1.16245
2	309	2.54036
2	310	2.99086
2	311	1.61981
2	312	0.530425
2	313	0.459211
2	314	0.474271
2	315	0.372788
2	316	1.73174
2	317	0.214751
2	318	1.39157
2	319	0.0472193
2	320	0.385727
2	321	1.23895
2	322	0.397281
2	323	1.14318
2	324	1.03003
2	325	2.37826
2	326	0.642348
2	327	0.446197
2	328	0.136678
2	329	0.856657
2	330	3.15682
2	331	1.0282
2	332	1.44733
2	333	0.213573
2	334	3.87287
2	335	1.06645
2	336	0.402872
2	337	1.37294
2	338	1.55534
2	339	3.10824
2	340	0.410182
2	341	1.04628
2	342	1.53029
2	343	0.183191
2	344	0.719647
2	345	1.46424
2	346	1.28891
2	347	0.330757
2	348	0.687716
2	349	0.811086
2	350	0.485325
2	351	3.85334
2	352	0.343001
2	353	1.03043
2	354	1.32184
2	355	0.856657
2	356	0.478313
2	357	0.598822
2	358	0.320076
2	359	1.18348
2	360	1.55548
2	361	1.29054
2	362	1.11136
2	363	0.590722
2	364	0.798551
2	365	0.0470993
2	366	1.17173
2	367	0.624849
2	368	0.700538
2	369	1.042
2	370	0.834199
2	371	1.10547
2	372	0.844054
2	373	0.862073
2	374	2.36658
2	375	1.74654
2	376	0.44677
2	377	1.2289
2	378	1.28692
2	379	0.78651
2	380	0.763479
2	381	0.800366
2	382	0.0426067
2	383	1.67001
2	384	0.706041
2	385	0.0320643
2	386	4.91228
2	387	0.779219
2	388	0.596498
2	389	0.878711
2	390	1.17987
2	391	0.524832
2	392	1.98501
2	393	0.680564
2	394	1.22258
2	395	2.03313
2	396	0.844298
2	397	0.89089
2	398	0.897438
2	399	1.08204
2	400	0.169672
2	401	1.14114
2	402	1.37816
2	403	0.645301
2	404	0.388393
2	405	1.48414
2	406	1.41214
2	407	1.4169
2	408	2.19457
2	409	0.548487
2	410	1.30508
2	411	0.46491
2	412	0.600174
2	413	1.17373
2	414	3.68549
2	415	2.13639
2	416	0.821144
2	417	0.253637
2	418	0.502497
2	419	0.377916
2	420	0.472532
2	421	1.29111
2	422	1.81865
2	423	1.8663
2	424	1.79452
2	425	0.612671
2	426	0.991092
2	427	0.620422
2	428	2.46571
2	429	1.05922
2	430	1.43877
2	431	0.574355
2	432	2.15993
2	433	0.958394
2	434	0.840829
2	435	0.304049
2	436	0.613548
2	437	1.00887
2	438	0.927635
2	439	0.84933
2	440	1.4006
2	441	0.412012
2	442	2.63963
2	443	0.896646
2	444	3.0376
2	445	0.814429
2	446	0.646675
2	447	1.28095
2	448	0.3298
2	449	0.262171
2	450	0.354796
2	451	1.18017
2	452	0.592016
2	453	0.447699
2	454	0.628553
2	455	0.405959
2	456	0.802864
2	457	1.60297
2	458	0.773298
2	459	1.82849
2	460	0.978927
2	461	0.684902
2	462	0.783918
2	463	0.306153
2	464	0.875333
2	465	1.6688
2	466	1.97039
2	467	0.586014
2	468	1.46059
2	469	1.17608
2	470	0.915458
2	471	0.509759
2	472	1.22489
2	473	0.270062
2	474	1.28442
2	475	1.2841
2	476	1.31847
2	477	0.477924
2	478	1.94247
2	479	1.07862
2	480	1.50673
2	481	0.71921
2	482	1.45662
2	483	0.541007
2	484	0.402569
2	485	0.831838
2	486	0.364349
2	487	3.46234
2	488	1.59817
2	489	0.560806
2	490	0.864537
2	491	0.307559
2	492	0.276323
2	493	0.354073
2	494	0.966617
2	495	0.27398
2	496	0.744803
2	497	0.382254
2	498	0.531032
2	499	0.607599
2	500	0.674632
2	501	1.32935
2	502	0.712653
2	503	1.23166
2	504	0.678373
2	505	0.708964
2	506	1.31341
2	507	0.936327
2	508	1.42932
2	509	0.530799
2	510	2.16709
2	511	0.701286
2	512	1.29529
2	513	0.142313
2	514	0.649778
2	515	0.581993
2	516	1.23867
2	517	0.714196
2	518	0.865423
2	519	0.871335
2	520	1.13168
2	521	0.840971
2	522	0.405355
2	523	2.62841
2	524	0.674321
2	525	0.794123
2	526	0.383744
2	527	0.851339
2	528	2.24602
2	529	3.02127
2	530	2.82086
2	531	1.43511
2	532	1.09075
2	533	2.1488
2	534	1.89797
2	535	0.268682
2	536	0.44457
2	537	0.403178
2	538	0.622233
2	539	0.268941
2	540	1.16309
2	541	0.878103
2	542	3.89084
2	543	0.723106
2	544	0.536725
2	545	1.41271
2	546	0.0319783
2	547	0.797126
2	548	2.05543
2	549	1.70099
2	550	0.581961
2	551	1.34098
2	552	1.05368
2	553	0.659036
2	554	0.204366
2	555	0.609702
2	556	0.967173
2	557	0.245258
2	558	1.46271
2	559	1.77753
2	560	0.715407
2	561	0.48592
2	562	0.402828
2	563	1.7638
2	564	1.22581
2	565	0.221332
2	566	0.588766
2	567	1.05662
2	568	0.47885
2	569	0.435286
2	570	2.32288
2	571	0.641573
2	572	1.02425
2	573	0.94181
2	574	0.64624
2	575	2.05898
2	576	1.46417
2	577	1.81942
2	578	0.259008
2	579	0.940474
2	580	0.173792
2	581	0.438188
2	582	0.41892
2	583	1.00701
2	584	0.800989
2	585	0.373967
2	586	3.25422
2	587	0.819213
2	588	0.644851
2	589	0.785997
2	590	0.164422
2	591	1.34834
2	592	1.90441
2	593	2.53496
2	594	0.280698
2	595	0.444565
2	596	0.799981
2	597	0.909446
2	598	2.88668
2	599	0.0363342
2	600	0.366711
2	601	1.52329
2	602	0.943584
2	603	0.515353
2	604	2.03655
2	605	0.156441
2	606	1.34926
2	607	0.483532
2	608	0.858608
2	609	0.109982
2	610	0.520903
2	611	1.77348
2	612	0.774853
2	613	0.553451
2	614	0.189181
2	615	1.18007
2	616	0.787356
2	617	1.38587
2	618	0.570617
2	619	0.446546
2	620	0.133819
2	621	2.19351
2	622	0.747437
2	623	0.444309
2	624	2.39602
2	625	1.17941
2	626	1.49933
2	627	0.49694
2	628	1.2907
2	629	0.344951
2	630	1.56965
2	631	1.09549
2	632	1.21022
2	633	2.30384
2	634	1.15339
2	635	0.416012
2	636	0.655854
2	637	0.219067
2	638	0.225115
2	639	2.27278
2	640	0.989527
2	641	0.989255
2	642	0.570506
2	643	1.54956
2	644	0.250537
2	645	1.56722
2	646	0.806696
2	647	1.58108
2	648	1.93587
2	649	3.0223
2	650	0.938139
2	651	0.420264
2	652	0.553083
2	653	0.519076
2	654	0.85833
2	655	0.508175
2	656	0.939303
2	657	0.720533
2	658	0.611315
2	659	0.38284
2	660	1.04643
2	661	0.229284
2	662	0.373886
2	663	0.519204
2	664	1.11777
2	665	1.55582
2	666	0.440969
2	667	3.14033
2	668	0.250407
2	669	1.41118
2	670	1.28527
2	671	1.49703
2	672	0.532823
2	673	0.556879
2	674	1.09446
2	675	0.859735
2	676	0.510406
2	677	0.522367
2	678	0.58439
2	679	2.10361
2	680	0.948627
2	681	0.74339
2	682	1.08088
2	683	0.737527
2	684	0.642947
2	685	1.65643
2	686	2.36473
2	687	0.537409
2	688	0.0534946
2	689	1.65735
2	690	0.94959
2	691	0.299664
2	692	0.17327
2	693	0.709786
2	694	0.72389
2	695	0.765614
2	696	0.476492
2	697	0.542925
2	698	1.49476
2	699	0.196431
2	700	2.66323
2	701	0.724554
2	702	2.53626
2	703	1.77075
2	704	0.591039
2	705	0.369009
2	706	2.63254
2	707	0.504288
2	708	0.657579
2	709	0.732919
2	710	1.02856
2	711	1.46728
2	712	0.413135
2	713	0.711355
2	714	0.93694
2	715	0.261018
2	716	1.64643
2	717	0.719981
2	718	0.654274
2	719	1.32668
2	720	0.710951
2	721	2.2756
2	722	1.18538
2	723	1.59636
2	724	0.069013
2	725	0.658204
2	726	1.75493
2	727	0.296066
2	728	0.552775
2	729	0.493111
2	730	2.08123
2	731	0.511085
2	732	0.631116
2	733	0.322937
2	734	0.859297
2	735	1.23624
2	736	1.47309
2	737	1.47541
2	738	1.5386
2	739	0.144292
2	740	1.21697
2	741	1.3807
2	742	0.995553
2	743	0.843638
2	744	0.918951
2	745	1.5588
2	746	0.489928
2	747	0.670976
2	748	1.28906
2	749	1.91647
2	750	1.55591
2	751	1.42292
2	752	0.602243
2	753	0.678256
2	754	1.98646
2	755	1.92599
2	756	0.807928
2	757	1.38554
2	758	1.47039
2	759	0.539617
2	760	0.294315
2	761	0.650143
2	762	0.839385
2	763	0.184379
2	764	3.34763
2	765	0.725626
2	766	0.666752
2	767	0.467539
2	768	0.805822
2	769	2.20367
2	770	0.466192
2	771	1.59562
2	772	2.8602
2	773	0.217051
2	774	2.2987
2	775	1.22524
2	776	2.45631
2	777	1.17741
2	778	3.30105
2	779	1.0539
2	780	2.26353
2	781	1.00028
2	782	1.56668
2	783	0.418697
2	784	0.756993
2	785	0.655341
2	786	0.165511
2	787	1.2697
2	788	2.58936
2	789	0.623491
2	790	0.686979
2	791	1.32648
2	792	4.19198
2	793	2.40887
2	794	1.88431
2	795	0.653432
2	796	1.09473
2	797	3.14289
2	798	1.12985
2	799	1.15656
2	800	0.2864
2	801	0.931021
2	802	2.03647
2	803	0.465909
2	804	0.860782
2	805	0.680114
2	806	1.14486
2	807	2.30455
2	808	0.647065
2	809	1.04009
2	810	1.0591
2	811	0.47633
2	812	0.807309
2	813	0.469156
2	814	0.601105
2	815	1.18896
2	816	0.876275
2	817	1.49446
2	818	1.47467
2	819	0.861847
2	820	0.717318
2	821	2.27614
2	822	0.31394
2	823	1.33479
2	824	1.94367
2	825	2.24757
2	826	1.81486
2	827	0.894426
2	828	0.285076
2	829	0.384085
2	830	1.4282
2	831	0.529546
2	832	0.274005
2	833	0.8902
2	834	0.760581
2	835	1.02905
2	836	1.31508
2	837	0.853908
2	838	1.18947
2	839	1.47183
2	840	0.405826
2	841	0.373963
2	842	0.588123
2	843	0.863902
2	844	0.8879
2	845	0.274687
2	846	0.259935
2	847	1.9764
2	848	0.504313
2	849	0.518446
2	850	0.779931
2	851	0.445498
2	852	0.654757
2	853	1.10116
2	854	0.332082
2	855	1.03135
2	856	0.43279
2	857	0.172091
2	858	1.67644
2	859	1.88504
2	860	1.35485
2	861	0.315452
2	862	2.03079
2	863	0.53624
2	864	0.128131
2	865	1.404
2	866	1.35985
2	867	0.88496
2	868	0.521071
2	869	1.42829
2	870	1.02275
2	871	0.810637
2	872	1.35956
2	873	0.567253
2	874	1.5516
2	875	0.838073
2	876	2.58927
2	877	1.10914
2	878	0.314594
2	879	1.00661
2	880	0.388315
2	881	1.55766
2	882	0.816599
2	883	0.916468
2	884	1.56669
2	885	2.6061
2	886	1.11355
2	887	1.0391
2	888	1.16443
2	889	0.739057
2	890	0.299066
2	891	1.13152
2	892	0.762183
2	893	0.574369
2	894	0.716982
2	895	0.729861
2	896	2.09152
2	897	0.963066
2	898	0.739723
2	899	0.103145
2	900	0.818031
2	901	1.51878
2	902	1.1535
2	903	0.46752
2	904	1.59818
2	905	0.876452
2	906	2.72028
2	907	1.14937
2	908	2.25943
2	909	1.20948
2	910	0.871797
2	911	1.19897
2	912	1.30736
2	913	1.05761
2	914	0.797728
2	915	0.887912
2	916	0.724894
2	917	0.219124
2	918	0.762512
2	919	0.59938
2	920	2.11601
2	921	0.304141
2	922	0.0266993
2	923	0.193468
2	924	2.85776
2	925	2.60794
2	926	0.16593
2	927	0.905222
2	928	1.54355
2	929	1.47193
2	930	0.698617
2	931	1.8014
2	932	0.66594
2	933	2.722
2	934	0.484445
2	935	0.236265
2	936	0.376513
2	937	1.16242
2	938	0.920168
2	939	2.0379
2	940	0.695446
2	941	1.15598
2	942	1.92904
2	943	0.437162
2	944	2.13193
2	945	1.36406
2	946	0.593697
2	947	1.91882
2	948	0.876532
2	949	0.608192
2	950	2.24699
2	951	0.742276
2	952	0.769367
2	953	2.13089
2	954	2.43151
2	955	0.482821
2	956	0.57669
2	957	0.112906
2	958	0.532933
2	959	0.690869
2	960	1.74403
2	961	1.51958
2	962	0.765073
2	963	1.10685
2	964	1.36274
2	965	1.78739
2	966	0.513416
2	967	0.641458
2	968	1.07493
2	969	1.12738
2	970	0.755878
2	971	1.55387
2	972	0.33079
2	973	1.06269
2	974	1.41134
2	975	0.907827
2	976	1.11179
2	977	1.00916
2	978	1.24597
2	979	0.889213
2	980	1.78513
2	981	1.53399
2	982	1.83752
2	983	0.704353
2	984	0.626335
2	985	0.784001
2	986	0.850109
2	987	1.858
2	988	1.31622
2	989	1.41252
2	990	0.806265
2	991	1.02724
2	992	0.542875
2	993	1.31416
2	994	0.595448
2	995	1.18294
2	996	0.766381
2	997	0.593141
2	998	0.398756
2	999	0.366286
2	1000	1.31039
2	1001	0.665648
2	1002	1.20175
2	1003	0.655879
2	1004	0.625269
2	1005	0.737268
2	1006	1.46272
2	1007	1.18675
2	1008	1.51924
2	1009	0.229388
2	1010	1.74049
2	1011	0.232994
2	1012	1.80636
2	1013	1.60889
2	1014	0.249689
2	1015	0.268225
2	1016	0.212059
2	1017	1.13969
2	1018	2.48647
2	1019	0.938944
2	1020	0.595316
2	1021	1.01771
2	1022	0.904614
2	1023	0.684945
2	1024	0.203754
2	1025	0.381587
2	1026	0.896747
2	1027	1.01861
2	1028	0.613229
2	1029	0.792186
2	1030	0.274465
2	1031	0.664309
2	1032	1.04555
2	1033	0.538903
2	1034	0.763049
2	1035	0.331728
2	1036	0.809401
2	1037	0.684725
2	1038	0.624061
2	1039	0.733944
2	1040	0.546083
2	1041	1.59609
2	1042	0.627318
2	1043	1.01991
2	1044	0.464014
2	1045	2.00773
2	1046	0.510014
2	1047	0.500746
2	1048	0.547358
2	1049	1.3057
2	1050	0.367084
2	1051	2.35546
2	1052	0.562565
2	1053	0.125348
2	1054	0.243958
2	1055	0.209426
2	1056	0.841252
2	1057	0.699074
2	1058	2.01862
2	1059	0.168149
2	1060	2.23092
2	1061	0.367228
2	1062	0.659038
2	1063	0.453407
2	1064	0.118574
2	1065	1.36154
2	1066	0.728092
2	1067	3.544
2	1068	2.15322
2	1069	0.920246
2	1070	3.13418
2	1071	0.262138
2	1072	1.16798
2	1073	0.772484
2	1074	0.261019
2	1075	1.36434
2	1076	1.63646
2	1077	1.61057
2	1078	1.24152
2	1079	0.156552
2	1080	1.40947
2	1081	1.09906
2	1082	1.02529
2	1083	0.494322
2	1084	0.723608
2	1085	1.60915
2	1086	1.64925
2	1087	1.99829
2	1088	0.507761
2	1089	0.223252
2	1090	3.29242
2	1091	0.381854
2	1092	1.51117
2	1093	0.740705
2	1094	0.863197
2	1095	1.59644
2	1096	0.60244
2	1097	0.621746
2	1098	0.512866
2	1099	0.536788
2	1100	0.186799
2	1101	1.65873
2	1102	1.80312
2	1103	0.923664
2	1104	2.12436
2	1105	1.40794
2	1106	0.547177
2	1107	0.839075
2	1108	1.37792
2	1109	0.411662
2	1110	0.22026
2	1111	1.53134
2	1112	2.3066
2	1113	3.42657
2	1114	0.716353
2	1115	1.31817
2	1116	1.50135
2	1117	2.34417
2	1118	0.475332
2	1119	0.306426
2	1120	1.18321
2	1121	0.471971
2	1122	0.212834
2	1123	0.47665
2	1124	2.74707
2	1125	0.462783
2	1126	1.01457
2	1127	0.427399
2	1128	1.21139
2	1129	1.48755
2	1130	0.376334
2	1131	1.58686
2	1132	1.40611
2	1133	0.274568
2	1134	1.19678
2	1135	3.02557
2	1136	0.724765
2	1137	0.648538
2	1138	1.5189
2	1139	1.21285
2	1140	0.742117
2	1141	0.619552
2	1142	3.20344
2	1143	2.28749
2	1144	1.93808
2	1145	0.997938
2	1146	0.488364
2	1147	1.09828
2	1148	0.554815
2	1149	0.630314
2	1150	1.75546
2	1151	0.655253
2	1152	1.03882
2	1153	0.310528
2	1154	0.459543
2	1155	1.05212
2	1156	1.13613
2	1157	2.47308
2	1158	1.04262
2	1159	0.750786
2	1160	3.82751
2	1161	0.286688
2	1162	0.472615
2	1163	0.767738
2	1164	2.56904
2	1165	0.65201
2	1166	2.07122
2	1167	1.25776
2	1168	1.26974
2	1169	0.710708
2	1170	0.301559
2	1171	0.827049
2	1172	0.851324
2	1173	0.721494
2	1174	1.17287
2	1175	1.35066
2	1176	0.681342
2	1177	0.501459
2	1178	3.05069
2	1179	2.56452
2	1180	0.41134
2	1181	1.00638
2	1182	0.680557
2	1183	0.408647
2	1184	0.354885
2	1185	0.453806
2	1186	1.29871
2	1187	1.17153
2	1188	0.431898
2	1189	1.23702
2	1190	1.779
2	1191	1.6508
2	1192	2.16932
2	1193	0.379735
2	1194	2.18199
2	1195	0.18735
2	1196	1.08816
2	1197	0.667059
2	1198	1.98035
2	1199	1.24784
2	1200	0.529652
2	1201	1.94093
2	1202	0.678211
2	1203	0.368754
2	1204	0.828649
2	1205	1.95261
2	1206	0.451517
2	1207	0.262102
2	1208	2.19741
2	1209	0.664548
2	1210	0.276951
2	1211	0.772408
2	1212	0.786809
2	1213	1.00797
2	1214	1.47562
2	1215	0.242898
2	1216	1.9509
2	1217	0.500677
2	1218	1.04309
2	1219	0.679254
2	1220	1.36405
2	1221	1.23298
2	1222	1.58458
2	1223	0.906996
2	1224	0.499534
2	1225	1.31621
2	1226	0.772443
2	1227	1.11722
2	1228	2.81838
2	1229	0.663867
2	1230	0.653534
2	1231	0.860382
2	1232	0.350002
2	1233	2.21887
2	1234	0.775851
2	1235	0.569003
2	1236	1.53702
2	1237	0.21609
2	1238	0.621068
2	1239	0.941094
2	1240	1.43764
2	1241	1.59837
2	1242	0.713803
2	1243	0.589805
2	1244	0.893381
2	1245	0.95827
2	1246	0.49864
2	1247	1.28153
2	1248	1.02862
2	1249	0.838108
2	1250	3.20579
2	1251	1.32074
2	1252	1.15964
2	1253	1.10638
2	1254	1.06999
2	1255	0.275049
2	1256	0.299014
2	1257	2.02655
2	1258	0.364108
2	1259	0.834853
2	1260	0.111313
2	1261	1.54823
2	1262	0.744367
2	1263	1.32021
2	1264	1.09976
2	1265	0.558764
2	1266	0.623127
2	1267	0.933317
2	1268	0.160738
2	1269	0.120132
2	1270	0.503406
2	1271	0.416355
2	1272	0.86347
2	1273	0.519576
2	1274	0.254269
2	1275	1.33482
2	1276	2.34634
2	1277	0.482822
2	1278	0.300054
2	1279	0.051029
2	1280	0.339336
2	1281	1.94326
2	1282	0.316735
2	1283	0.576591
2	1284	0.824975
2	1285	0.546954
2	1286	0.765378
2	1287	0.45974
2	1288	0.624923
2	1289	1.36577
2	1290	1.30167
2	1291	1.08921
2	1292	0.555257
2	1293	1.24586
2	1294	0.847259
2	1295	0.058778
2	1296	0.457706
2	1297	0.863625
2	1298	0.185095
2	1299	0.561319
2	1300	1.90821
2	1301	1.44777
2	1302	0.355426
2	1303	0.723904
2	1304	0.782474
2	1305	2.51196
2	1306	1.05881
2	1307	0.263825
2	1308	0.403687
2	1309	0.295653
2	1310	0.859276
2	1311	0.473339
2	1312	0.846098
2	1313	0.681876
2	1314	1.94934
2	1315	0.589682
2	1316	1.70618
2	1317	0.621854
2	1318	2.42464
2	1319	0.820951
2	1320	0.514726
2	1321	1.19136
2	1322	1.47928
2	1323	0.0985763
2	1324	0.295105
2	1325	0.767599
2	1326	0.761936
2	1327	0.127805
2	1328	2.57148
2	1329	0.452373
2	1330	1.37778
2	1331	1.404
2	1332	1.05084
2	1333	0.0874273
2	1334	2.25654
2	1335	0.20705
2	1336	0.18202
2	1337	1.58333
2	1338	0.613103
2	1339	0.124259
2	1340	0.231542
2	1341	1.26583
2	1342	1.33364
2	1343	0.305688
2	1344	0.431016
2	1345	1.16736
2	1346	0.654636
2	1347	1.08732
2	1348	1.35217
2	1349	1.93297
2	1350	0.499584
2	1351	0.653746
2	1352	1.97827
2	1353	2.83212
2	1354	1.19188
2	1355	1.11657
2	1356	0.41092
2	1357	1.16909
2	1358	1.55201
2	1359	0.831639
2	1360	2.41304
2	1361	1.38214
2	1362	0.236697
2	1363	0.262864
2	1364	0.553204
2	1365	0.412982
2	1366	0.292721
2	1367	1.32888
2	1368	0.712995
2	1369	1.79451
2	1370	0.662038
2	1371	0.772473
2	1372	0.571297
2	1373	0.491884
2	1374	1.32287
2	1375	0.702746
2	1376	1.00189
2	1377	0.324645
2	1378	2.42135
2	1379	0.689257
2	1380	1.93281
2	1381	0.373443
2	1382	0.794621
2	1383	1.50165
2	1384	0.98411
2	1385	2.27722
2	1386	1.06993
2	1387	0.874956
2	1388	1.39243
2	1389	0.887334
2	1390	1.61382
2	1391	2.61922
2	1392	0.340284
2	1393	1.41705
2	1394	0.77476
2	1395	0.236063
2	1396	0.954175
2	1397	0.600556
2	1398	2.17499
2	1399	1.07278
2	1400	0.95985
2	1401	0.61231
2	1402	1.10269
2	1403	0.65295
2	1404	2.50665
2	1405	1.10884
2	1406	2.32061
2	1407	0.154458
2	1408	2.21496
2	1409	1.66333
2	1410	1.3665
2	1411	0.524695
2	1412	0.43849
2	1413	3.60564
2	1414	0.701933
2	1415	0.184337
2	1416	1.11916
2	1417	0.322089
2	1418	1.05513
2	1419	0.499966
2	1420	0.63846
2	1421	0.920979
2	1422	0.850479
2	1423	0.531482
2	1424	1.79688
2	1425	0.400389
2	1426	0.449434
2	1427	0.2402
2	1428	0.753545
2	1429	2.39971
2	1430	0.297035
2	1431	0.407666
2	1432	0.698422
2	1433	1.02285
2	1434	0.697615
2	1435	0.93159
2	1436	1.28884
2	1437	0.601341
2	1438	0.531249
2	1439	0.217459
2	1440	0.218062
2	1441	0.236533
2	1442	0.745864
2	1443	0.0661059
2	1444	0.358075
2	1445	0.449632
2	1446	1.32524
2	1447	1.3495
2	1448	0.27681
2	1449	0.636893
2	1450	0.294123
2	1451	1.7039
2	1452	1.3945
2	1453	3.33796
2	1454	0.856111
2	1455	0.505595
2	1456	0.994355
2	1457	0.55297
2	1458	0.566854
2	1459	0.458179
2	1460	2.55795
2	1461	0.329972
2	1462	0.439761
2	1463	1.72476
2	1464	0.741801
2	1465	0.616184
2	1466	0.158732
2	1467	0.640981
2	1468	0.984821
2	1469	0.504958
2	1470	1.56148
2	1471	1.66762
2	1472	0.514039
2	1473	1.72232
2	1474	0.829234
2	1475	0.931276
2	1476	0.979678
2	1477	0.0723521
2	1478	0.425978
2	1479	1.00106
2	1480	2.20399
2	1481	0.538784
2	1482	1.38474
2	1483	0.710984
2	1484	0.869453
2	1485	0.741519
2	1486	0.634299
2	1487	1.28013
2	1488	2.0211
2	1489	0.0804196
2	1490	1.49656
2	1491	0.222965
2	1492	1.31204
2	1493	0.734553
2	1494	1.31728
2	1495	0.517109
2	1496	0.440236
2	1497	0.543888
2	1498	1.00856
2	1499	0.411557
2	1500	0.777586
2	1501	3.01696
2	1502	1.08416
2	1503	0.662138
2	1504	1.09989
2	1505	0.640206
2	1506	1.11386
2	1507	0.746021
2	1508	0.337334
2	1509	1.05069
2	1510	0.795953
2	1511	1.01331
2	1512	1.01394
2	1513	1.64392
2	1514	0.428097
2	1515	1.0986
2	1516	1.92104
2	1517	0.998633
2	1518	1.66228
2	1519	0.467022
2	1520	1.39984
2	1521	0.79163
2	1522	0.343718
2	1523	0.601037
2	1524	2.04519
2	1525	1.41626
2	1526	0.779681
2	1527	0.684649
2	1528	2.01841
2	1529	1.32492
2	1530	1.87756
2	1531	1.7716
2	1532	0.342913
2	1533	0.952493
2	1534	1.02768
2	1535	0.70747
2	1536	1.19483
2	1537	0.767231
2	1538	0.262691
2	1539	1.26913
2	1540	0.381743
2	1541	0.613816
2	1542	0.539662
2	1543	1.49801
2	1544	0.689198
2	1545	1.96962
2	1546	0.369982
2	1547	0.868825
2	1548	2.5821
2	1549	1.43989
2	1550	1.46778
2	1551	1.17837
2	1552	0.860696
2	1553	1.0985
2	1554	0.526934
2	1555	0.584628
2	1556	2.1807
2	1557	1.32413
2	1558	0.397507
2	1559	0.436386
2	1560	0.480463
2	1561	0.756346
2	1562	0.9104
2	1563	0.97025
2	1564	0.331056
2	1565	0.473601
2	1566	0.438798
2	1567	1.40634
2	1568	0.924538
2	1569	1.73732
2	1570	0.331158
2	1571	0.816129
2	1572	1.07095
2	1573	1.16528
2	1574	1.66408
2	1575	0.0575036
2	1576	0.382019
2	1577	0.609969
2	1578	0.694215
2	1579	0.541102
2	1580	0.642315
2	1581	0.968237
2	1582	0.608569
2	1583	2.22094
2	1584	1.23191
2	1585	1.27697
2	1586	0.626072
2	1587	0.166215
2	1588	0.794152
2	1589	0.6303
2	1590	2.70026
2	1591	0.509443
2	1592	1.72707
2	1593	1.30457
2	1594	2.50237
2	1595	0.730023
2	1596	0.590155
2	1597	2.05054
2	1598	0.333262
2	1599	2.34155
2	1600	0.0376112
2	1601	0.184732
2	1602	1.58896
2	1603	0.609886
2	1604	0.313735
2	1605	3.50325
2	1606	3.09481
2	1607	2.13915
2	1608	0.828496
2	1609	0.490987
2	1610	0.167589
2	1611	1.45379
2	1612	0.46875
2	1613	1.0273
2	1614	0.720132
2	1615	0.127208
2	1616	0.286345
2	1617	0.435488
2	1618	0.708573
2	1619	0.554076
2	1620	0.238838
2	1621	0.375505
2	1622	0.373871
2	1623	0.703567
2	1624	1.16816
2	1625	1.0911
2	1626	1.97422
2	1627	0.897898
2	1628	0.218868
2	1629	0.250933
2	1630	0.728205
2	1631	0.299593
2	1632	1.03575
2	1633	1.60636
2	1634	0.374814
2	1635	0.449618
2	1636	1.96712
2	1637	0.231612
2	1638	0.38024
2	1639	0.364227
2	1640	1.79044
2	1641	0.996969
2	1642	0.347917
2	1643	0.586131
2	1644	0.744888
2	1645	1.25321
2	1646	0.575741
2	1647	0.983454
2	1648	0.901167
2	1649	2.8875
2	1650	0.945092
2	1651	2.16019
2	1652	0.203315
2	1653	1.47741
2	1654	1.70277
2	1655	1.2271
2	1656	0.196967
2	1657	0.889184
2	1658	0.589881
2	1659	0.310283
2	1660	0.30312
2	1661	0.357346
2	1662	0.513414
2	1663	0.72617
2	1664	1.33882
2	1665	0.983964
2	1666	0.438841
2	1667	0.955196
2	1668	0.84359
2	1669	0.817466
2	1670	0.933486
2	1671	0.192692
2	1672	0.444211
2	1673	0.426898
2	1674	1.13099
2	1675	0.743636
2	1676	1.1882
2	1677	0.378357
2	1678	1.65004
2	1679	1.73484
2	1680	1.05341
2	1681	0.688923
2	1682	0.36242
2	1683	0.503442
2	1684	1.71698
2	1685	0.785254
2	1686	0.674224
2	1687	2.63482
2	1688	0.38246
2	1689	0.491895
2	1690	0.307346
2	1691	1.43354
2	1692	0.350716
2	1693	0.162923
2	1694	2.44474
2	1695	0.838923
2	1696	2.03191
2	1697	0.58324
2	1698	2.06039
2	1699	1.68401
2	1700	0.590982
2	1701	2.17813
2	1702	0.329558
2	1703	2.72104
2	1704	0.667062
2	1705	0.75517
2	1706	1.19147
2	1707	1.44183
2	1708	0.58667
2	1709	1.69098
2	1710	1.00936
2	1711	0.735176
2	1712	0.253495
2	1713	1.30476
2	1714	0.599531
2	1715	0.657008
2	1716	1.02848
2	1717	0.53359
2	1718	2.93066
2	1719	0.463039
2	1720	1.62176
2	1721	1.58906
2	1722	0.172089
2	1723	2.2928
2	1724	1.51769
2	1725	0.998963
2	1726	0.106325
2	1727	0.99074
2	1728	0.271761
2	1729	1.83545
2	1730	0.460787
2	1731	1.51987
2	1732	0.348776
2	1733	0.784979
2	1734	1.03354
2	1735	0.304112
2	1736	1.0915
2	1737	0.406412
2	1738	0.454995
2	1739	0.823668
2	1740	0.263898
2	1741	0.474167
2	1742	0.367312
2	1743	0.912204
2	1744	1.07839
2	1745	1.54151
2	1746	0.544145
2	1747	0.964299
2	1748	0.501549
2	1749	1.3127
2	1750	0.628551
2	1751	1.38115
2	1752	0.785762
2	1753	1.18198
2	1754	1.23038
2	1755	1.52294
2	1756	0.229224
2	1757	0.345558
2	1758	0.310772
2	1759	0.955271
2	1760	0.569542
2	1761	1.06113
2	1762	3.83006
2	1763	0.309519
2	1764	1.23264
2	1765	0.271534
2	1766	0.676991
2	1767	0.867525
2	1768	0.721965
2	1769	0.524948
2	1770	0.721473
2	1771	0.34122
2	1772	1.24065
2	1773	1.88832
2	1774	0.390585
2	1775	0.969868
2	1776	0.703906
2	1777	0.752906
2	1778	2.31562
2	1779	3.84609
2	1780	1.79803
2	1781	0.268161
2	1782	0.178891
2	1783	1.22414
2	1784	2.45632
2	1785	3.74578
2	1786	0.904403
2	1787	0.212311
2	1788	0.821637
2	1789	1.80511
2	1790	1.57094
2	1791	2.46231
2	1792	0.536153
2	1793	0.325789
2	1794	0.781859
2	1795	0.515966
2	1796	1.67268
2	1797	0.783228
2	1798	1.10306
2	1799	0.186562
2	1800	1.39867
2	1801	0.371633
2	1802	1.74922
2	1803	1.82631
2	1804	0.751482
2	1805	0.468686
2	1806	0.662351
2	1807	0.235387
2	1808	0.952384
2	1809	0.138391
2	1810	1.14403
2	1811	2.71884
2	1812	0.834309
2	1813	1.81795
2	1814	1.14635
2	1815	1.53011
2	1816	1.13918
2	1817	1.0663
2	1818	0.695421
2	1819	0.31899
2	1820	0.928345
2	1821	0.322399
2	1822	1.20308
2	1823	0.688762
2	1824	1.21051
2	1825	1.33588
2	1826	0.655553
2	1827	1.36316
2	1828	0.24756
2	1829	0.435129
2	1830	0.700755
2	1831	1.2496
2	1832	0.94842
2	1833	0.481297
2	1834	2.0735
2	1835	0.270398
2	1836	0.553078
2	1837	1.10429
2	1838	1.32738
2	1839	0.497299
2	1840	1.81164
2	1841	0.645586
2	1842	0.562972
2	1843	0.924322
2	1844	0.908686
2	1845	1.34908
2	1846	1.08414
2	1847	0.449615
2	1848	0.920758
2	1849	1.51421
2	1850	0.143918
2	1851	0.0910483
2	1852	0.419406
2	1853	1.61923
2	1854	1.55393
2	1855	0.231791
2	1856	0.0783836
2	1857	0.914335
2	1858	1.31222
2	1859	1.74562
2	1860	0.483776
2	1861	1.88457
2	1862	1.3435
2	1863	0.462915
2	1864	1.56774
2	1865	1.31261
2	1866	0.659412
2	1867	0.867325
2	1868	0.232604
2	1869	0.213884
2	1870	1.75774
2	1871	2.99905
2	1872	0.747994
2	1873	0.327366
2	1874	0.164627
2	1875	0.798366
2	1876	0.478521
2	1877	0.0845588
2	1878	0.418335
2	1879	1.38044
2	1880	0.496618
2	1881	0.632175
2	1882	1.88461
2	1883	0.735681
2	1884	0.453587
2	1885	0.246801
2	1886	0.770632
2	1887	2.17799
2	1888	4.29127
2	1889	1.63515
2	1890	1.02902
2	1891	0.961744
2	1892	0.847169
2	1893	0.91982
2	1894	0.521076
2	1895	0.424492
2	1896	1.01403
2	1897	2.36975
2	1898	2.08561
2	1899	0.449454
2	1900	0.94758
2	1901	2.82996
2	1902	0.635203
2	1903	0.740322
2	1904	0.0192491
2	1905	0.915197
2	1906	0.959176
2	1907	0.386057
2	1908	0.76485
2	1909	0.778159
2	1910	1.0619
2	1911	1.374
2	1912	1.09205
2	1913	0.17097
2	1914	0.775128
2	1915	0.660229
2	1916	0.0944119
2	1917	1.22355
2	1918	0.810593
2	1919	1.60651
2	1920	0.826938
2	1921	1.14898
2	1922	0.694511
2	1923	0.93577
2	1924	0.306986
2	1925	1.07534
2	1926	0.325671
2	1927	0.615663
2	1928	0.547876
2	1929	0.65829
2	1930	0.377259
2	1931	0.820297
2	1932	1.42697
2	1933	0.387786
2	1934	1.23683
2	1935	0.775084
2	1936	0.55361
2	1937	0.652716
2	1938	1.86877
2	1939	0.249655
2	1940	1.55821
2	1941	1.47494
2	1942	0.805428
2	1943	3.24288
2	1944	0.417454
2	1945	0.0844488
2	1946	1.1124
2	1947	1.5368
2	1948	3.51697
2	1949	0.693958
2	1950	0.967834
2	1951	0.204442
2	1952	1.05175
2	1953	1.09217
2	1954	0.688722
2	1955	1.70685
2	1956	0.697586
2	1957	0.339298
2	1958	1.39139
2	1959	1.60787
2	1960	0.24893
2	1961	1.11548
2	1962	0.362852
2	1963	2.64387
2	1964	1.44403
2	1965	0.402344
2	1966	1.57954
2	1967	0.247201
2	1968	0.216726
2	1969	0.243758
2	1970	1.98916
2	1971	0.194614
2	1972	0.800844
2	1973	0.114459
2	1974	0.391642
2	1975	0.199202
2	1976	3.60216
2	1977	1.11634
2	1978	1.38082
2	1979	0.892795
2	1980	0.32501
2	1981	0.747003
2	1982	0.796188
2	1983	0.426251
2	1984	1.22583
2	1985	0.581836
2	1986	3.16993
2	1987	2.6419
2	1988	0.992995
2	1989	1.06874
2	1990	3.0482
2	1991	0.635136
2	1992	0.655137
2	1993	0.400477
2	1994	0.729283
2	1995	0.468246
2	1996	2.30385
2	1997	0.781753
2	1998	0.594849
2	1999	1.12287
2	2000	1.38269
2	2001	1.45126
2	2002	0.903679
2	2003	0.191199
2	2004	1.50835
2	2005	0.818393
2	2006	1.63053
2	2007	1.40265
2	2008	0.229112
2	2009	0.721368
2	2010	0.454266
2	2011	0.637037
2	2012	0.620704
2	2013	1.06781
2	2014	0.925924
2	2015	2.23823
2	2016	0.216737
2	2017	0.315544
2	2018	0.732679
2	2019	0.510291
2	2020	0.886028
2	2021	0.539709
2	2022	1.24401
2	2023	0.708572
2	2024	1.37143
2	2025	0.855747
2	2026	2.31367
2	2027	0.812221
2	2028	3.54159
2	2029	1.0283
2	2030	0.344478
2	2031	0.824512
2	2032	3.76351
2	2033	0.939783
2	2034	2.02266
2	2035	4.39774
2	2036	0.168059
2	2037	1.10514
2	2038	0.182842
2	2039	1.87336
2	2040	1.06061
2	2041	0.485319
2	2042	1.50844
2	2043	1.47754
2	2044	2.08857
2	2045	0.404484
2	2046	1.28024
2	2047	0.0921458
2	2048	2.22654
2	2049	0.787817
2	2050	0.0527923
2	2051	0.423144
2	2052	0.625559
2	2053	0.971797
2	2054	1.75817
2	2055	0.997537
2	2056	0.343739
2	2057	0.565367
2	2058	0.897262
2	2059	0.598564
2	2060	1.67694
2	2061	0.813712
2	2062	0.91558
2	2063	0.340873
2	2064	0.780847
2	2065	0.47444
2	2066	1.33111
2	2067	0.463235
2	2068	1.72094
2	2069	2.96498
2	2070	0.453125
2	2071	1.97649
2	2072	0.670323
2	2073	0.612568
2	2074	1.34131
2	2075	4.04575
2	2076	0.848204
2	2077	0.992421
2	2078	0.806326
2	2079	2.50171
2	2080	0.971546
2	2081	0.756429
2	2082	1.28478
2	2083	1.39164
2	2084	0.3971
2	2085	0.759822
2	2086	1.30438
2	2087	1.1122
2	2088	0.894692
2	2089	0.59366
2	2090	1.71694
2	2091	1.16985
2	2092	0.255335
2	2093	0.568047
2	2094	0.652067
2	2095	0.295412
2	2096	0.592391
2	2097	1.05107
2	2098	0.567706
2	2099	0.37102
2	2100	0.363383
2	2101	0.631953
2	2102	0.480023
2	2103	2.38596
2	2104	1.47916
2	2105	1.05665
2	2106	0.597174
2	2107	0.633381
2	2108	2.12551
2	2109	0.96154
2	2110	0.149807
2	2111	1.11428
2	2112	1.70837
2	2113	0.661303
2	2114	1.24585
2	2115	0.332216
2	2116	1.63678
2	2117	0.622301
2	2118	2.39752
2	2119	0.83976
2	2120	0.542644
2	2121	1.54658
2	2122	0.392581
2	2123	1.21716
2	2124	1.62444
2	2125	1.42999
2	2126	0.366602
2	2127	0.59276
2	2128	0.205123
2	2129	1.16305
2	2130	1.88304
2	2131	1.17104
2	2132	0.846048
2	2133	1.60102
2	2134	0.21927
2	2135	0.524356
2	2136	1.18691
2	2137	2.99353
2	2138	1.14996
2	2139	1.4437
2	2140	0.484688
2	2141	0.292448
2	2142	0.36333
2	2143	0.692108
2	2144	1.79123
2	2145	0.158401
2	2146	0.829984
2	2147	0.54942
2	2148	0.736693
2	2149	0.52502
2	2150	0.403018
2	2151	1.66949
2	2152	0.45918
2	2153	0.42351
2	2154	1.85646
2	2155	0.874274
2	2156	1.79701
2	2157	0.842186
2	2158	1.44692
2	2159	0.200281
2	2160	0.233011
2	2161	2.07574
2	2162	0.225257
2	2163	1.43569
2	2164	1.12496
2	2165	0.261321
2	2166	1.48248
2	2167	1.33661
2	2168	0.28296
2	2169	1.13201
2	2170	0.719807
2	2171	0.228037
2	2172	0.638534
2	2173	1.7669
2	2174	0.0954709
2	2175	0.349454
2	2176	0.831061
2	2177	0.462097
2	2178	0.511029
2	2179	0.632432
2	2180	0.923915
2	2181	0.611971
2	2182	0.538989
2	2183	1.91155
2	2184	0.575533
2	2185	0.465182
2	2186	1.3659
2	2187	0.195786
2	2188	0.507049
2	2189	1.1864
2	2190	0.190988
2	2191	1.19304
2	2192	2.03579
2	2193	0.8519
2	2194	0.742735
2	2195	0.694939
2	2196	0.104886
2	2197	0.802169
2	2198	1.21909
2	2199	0.997987
2	2200	1.66677
2	2201	0.542658
2	2202	2.19756
2	2203	2.4132
2	2204	0.609261
2	2205	1.04
2	2206	0.0380053
2	2207	1.2357
2	2208	1.09286
2	2209	2.74163
2	2210	1.43408
2	2211	0.431504
2	2212	0.52842
2	2213	0.593511
2	2214	0.828089
2	2215	0.0762551
2	2216	1.18403
2	2217	1.35118
2	2218	1.1874
2	2219	0.753375
2	2220	0.305904
2	2221	0.840831
2	2222	3.57158
2	2223	0.833547
2	2224	1.55104
2	2225	2.20571
2	2226	1.68823
2	2227	0.781441
2	2228	1.05315
2	2229	0.909342
2	2230	1.07776
2	2231	0.463908
2	2232	1.61726
2	2233	1.01132
2	2234	2.61228
2	2235	1.15008
2	2236	0.236843
2	2237	1.9796
2	2238	2.02108
2	2239	0.21346
2	2240	1.48107
2	2241	1.56082
2	2242	3.04371
2	2243	0.489243
2	2244	0.979752
2	2245	0.902961
2	2246	0.977401
2	2247	0.420759
2	2248	0.761198
2	2249	0.469538
2	2250	0.189686
2	2251	0.167828
2	2252	1.19867
2	2253	0.886938
2	2254	0.553775
2	2255	1.06237
2	2256	0.691166
2	2257	0.72603
2	2258	0.772008
2	2259	0.950557
2	2260	1.789
2	2261	0.567878
2	2262	1.04037
2	2263	0.317419
2	2264	0.835712
2	2265	1.09388
2	2266	0.503207
2	2267	1.10584
2	2268	0.401843
2	2269	1.37328
2	2270	0.786679
2	2271	0.608258
2	2272	0.779926
2	2273	0.985346
2	2274	0.403775
2	2275	0.807517
2	2276	0.805568
2	2277	0.0546226
2	2278	0.537087
2	2279	0.629759
2	2280	0.946233
2	2281	2.70692
2	2282	0.644094
2	2283	2.04778
2	2284	0.281535
2	2285	0.261192
2	2286	2.68311
2	2287	0.9983
2	2288	0.747235
2	2289	0.661514
2	2290	0.492102
2	2291	0.708263
2	2292	0.737108
2	2293	0.472676
2	2294	1.17634
2	2295	0.49832
2	2296	0.466211
2	2297	1.71967
2	2298	1.43937
2	2299	0.395815
2	2300	2.03393
2	2301	0.688283
2	2302	1.50784
2	2303	1.58494
2	2304	0.0922501
2	2305	0.540975
2	2306	0.802299
2	2307	0.697225
2	2308	0.793377
2	2309	0.745072
2	2310	0.826078
2	2311	0.500236
2	2312	0.677388
2	2313	0.347925
2	2314	0.409641
2	2315	0.763534
2	2316	0.919779
2	2317	1.51179
2	2318	0.557794
2	2319	1.81644
2	2320	0.498914
2	2321	0.565678
2	2322	1.31706
2	2323	0.503567
2	2324	1.86792
2	2325	0.738744
2	2326	0.825211
2	2327	1.536
2	2328	2.10338
2	2329	0.270083
2	2330	2.41628
2	2331	1.68497
2	2332	1.48483
2	2333	0.844599
2	2334	0.495415
2	2335	1.1066
2	2336	0.775708
2	2337	0.799194
2	2338	1.21101
2	2339	0.417113
2	2340	0.39601
2	2341	0.974981
2	2342	0.241345
2	2343	0.906681
2	2344	3.29784
2	2345	0.171391
2	2346	0.271637
2	2347	1.03984
2	2348	0.483797
2	2349	0.53624
2	2350	2.1131
2	2351	2.515
2	2352	1.17815
2	2353	0.974848
2	2354	0.903198
2	2355	0.324453
2	2356	0.546878
2	2357	0.528
2	2358	0.80257
2	2359	0.629576
2	2360	0.152455
2	2361	3.52238
2	2362	0.327222
2	2363	0.207744
2	2364	0.931706
2	2365	0.344383
2	2366	0.748762
2	2367	1.91104
2	2368	0.904244
2	2369	0.801274
2	2370	1.38789
2	2371	0.420516
2	2372	1.09559
2	2373	1.07455
2	2374	0.36202
2	2375	1.23685
2	2376	2.63157
2	2377	1.42299
2	2378	1.15708
2	2379	3.52799
2	2380	1.94551
2	2381	0.56149
2	2382	1.37253
2	2383	0.672032
2	2384	0.411106
2	2385	0.878094
2	2386	2.30213
2	2387	0.341192
2	2388	0.787847
2	2389	0.535414
2	2390	0.36693
2	2391	0.373999
2	2392	0.426684
2	2393	0.847652
2	2394	0.521517
2	2395	1.18574
2	2396	1.48921
2	2397	0.507762
2	2398	0.313146
2	2399	2.39328
2	2400	0.420791
2	2401	1.44701
2	2402	0.535217
2	2403	1.70647
2	2404	0.553215
2	2405	1.45033
2	2406	0.167208
2	2407	0.417605
2	2408	1.37594
2	2409	0.615454
2	2410	0.228842
2	2411	0.944037
2	2412	0.321291
2	2413	2.32923
2	2414	1.36435
2	2415	0.761606
2	2416	0.479486
2	2417	0.129366
2	2418	0.340024
2	2419	1.08024
2	2420	1.67221
2	2421	0.576462
2	2422	0.482732
2	2423	1.86709
2	2424	0.883245
2	2425	0.439982
2	2426	0.534188
2	2427	1.31078
2	2428	0.810884
2	2429	0.937912
2	2430	2.48616
2	2431	1.41815
2	2432	2.32723
2	2433	0.356277
2	2434	0.60728
2	2435	0.825308
2	2436	0.849118
2	2437	0.433116
2	2438	1.13157
2	2439	2.16592
2	2440	0.274642
2	2441	0.467951
2	2442	0.376131
2	2443	0.791344
2	2444	2.52958
2	2445	0.695759
2	2446	0.343416
2	2447	2.25975
2	2448	0.557602
2	2449	1.16099
2	2450	0.175062
2	2451	0.775622
2	2452	0.384612
2	2453	1.40147
2	2454	0.305357
2	2455	0.208592
2	2456	1.09741
2	2457	0.202237
2	2458	0.4323
2	2459	0.743273
2	2460	0.921229
2	2461	0.282917
2	2462	1.4739
2	2463	1.34918
2	2464	2.6275
2	2465	0.521963
2	2466	0.602077
2	2467	1.35506
2	2468	0.3244
2	2469	2.07087
2	2470	0.274095
2	2471	0.318737
2	2472	0.535476
2	2473	1.79477
2	2474	1.10536
2	2475	0.372388
2	2476	0.588889
2	2477	1.52683
2	2478	0.885859
2	2479	2.54723
2	2480	0.53995
2	2481	1.82212
2	2482	1.10908
2	2483	0.48991
2	2484	0.839573
2	2485	1.75697
2	2486	0.997568
2	2487	2.25834
2	2488	0.653358
2	2489	1.09429
2	2490	0.649143
2	2491	0.236026
2	2492	1.39652
2	2493	0.915263
2	2494	1.7872
2	2495	1.29554
2	2496	2.19264
2	2497	1.93537
2	2498	1.22024
2	2499	0.5478
2	2500	0.14947
2	2501	0.593992
2	2502	0.984507
2	2503	0.62958
2	2504	1.5651
2	2505	0.447713
2	2506	0.119418
2	2507	1.45837
2	2508	0.702969
2	2509	2.25442
2	2510	1.11356
2	2511	0.68272
2	2512	0.619005
2	2513	0.703093
2	2514	0.24454
2	2515	0.693234
2	2516	1.23236
2	2517	0.30439
2	2518	1.49731
2	2519	1.4409
2	2520	0.733526
2	2521	0.272888
2	2522	1.92754
2	2523	0.998515
2	2524	0.761088
2	2525	0.643379
2	2526	0.580003
2	2527	1.17076
2	2528	1.38964
2	2529	0.183685
2	2530	3.44583
2	2531	2.01323
2	2532	0.982302
2	2533	0.56676
2	2534	1.56417
2	2535	2.33622
2	2536	0.841367
2	2537	0.86857
2	2538	1.16222
2	2539	0.552888
2	2540	0.867179
2	2541	0.832155
2	2542	0.810918
2	2543	0.116508
2	2544	0.648259
2	2545	0.458599
2	2546	0.0866809
2	2547	1.78705
2	2548	1.9527
2	2549	0.518934
2	2550	0.854053
2	2551	0.38725
2	2552	0.837959
2	2553	0.813096
2	2554	2.06862
2	2555	1.17802
2	2556	0.548448
2	2557	0.835708
2	2558	1.3897
2	2559	2.18434
2	2560	0.757172
2	2561	0.947528
2	2562	1.72201
2	2563	0.600915
2	2564	1.02625
2	2565	2.07404
2	2566	1.051
2	2567	0.586083
2	2568	1.2624
2	2569	0.856762
2	2570	1.34899
2	2571	0.217247
2	2572	0.600038
2	2573	1.54282
2	2574	0.98562
2	2575	0.368891
2	2576	1.79691
2	2577	1.42101
2	2578	1.01695
2	2579	1.42117
2	2580	0.212112
2	2581	1.90477
2	2582	0.354344
2	2583	0.303808
2	2584	1.98073
2	2585	0.375962
2	2586	0.710574
2	2587	0.796263
2	2588	0.796957
2	2589	0.56786
2	2590	0.291384
2	2591	0.235778
2	2592	1.89996
2	2593	0.26196
2	2594	0.249084
2	2595	0.0409769
2	2596	0.57075
2	2597	1.76877
2	2598	2.28905
2	2599	0.876408
2	2600	1.34664
2	2601	1.0389
2	2602	1.07082
2	2603	0.374634
2	2604	0.460836
2	2605	0.431107
2	2606	0.309079
2	2607	1.29899
2	2608	1.36141
2	2609	0.45565
2	2610	0.160636
2	2611	1.00163
2	2612	0.743511
2	2613	0.939767
2	2614	1.64702
2	2615	0.617983
2	2616	2.46388
2	2617	0.396229
2	2618	1.15049
2	2619	0.885619
2	2620	0.513155
2	2621	0.448066
2	2622	1.40361
2	2623	1.77626
2	2624	0.643113
2	2625	1.41666
2	2626	1.49259
2	2627	1.63369
2	2628	0.844804
2	2629	2.82057
2	2630	1.19609
2	2631	0.595864
2	2632	0.719177
2	2633	2.27725
2	2634	0.393678
2	2635	1.26882
2	2636	0.855679
2	2637	1.08631
2	2638	0.828739
2	2639	3.41373
2	2640	1.10531
2	2641	0.642104
2	2642	1.27619
2	2643	1.59935
2	2644	0.518885
2	2645	1.10334
2	2646	1.67119
2	2647	0.212034
2	2648	1.06315
2	2649	0.49378
2	2650	0.125049
2	2651	0.650103
2	2652	0.587159
2	2653	0.56556
2	2654	0.653074
2	2655	0.417688
2	2656	0.98908
2	2657	0.882199
2	2658	0.612538
2	2659	0.670586
2	2660	0.0816608
2	2661	0.456576
2	2662	0.503781
2	2663	2.73202
2	2664	0.39657
2	2665	0.594023
2	2666	0.818546
2	2667	0.509322
2	2668	0.499769
2	2669	0.203136
2	2670	0.443423
2	2671	0.358783
2	2672	0.865216
2	2673	1.40869
2	2674	0.511681
2	2675	0.808722
2	2676	0.406454
2	2677	0.830224
2	2678	0.867485
2	2679	1.04205
2	2680	2.08382
2	2681	1.86923
2	2682	1.83371
2	2683	1.48402
2	2684	0.872227
2	2685	0.385807
2	2686	0.916428
2	2687	1.54782
2	2688	0.55368
2	2689	2.47246
2	2690	0.405231
2	2691	0.265024
2	2692	2.02056
2	2693	0.915215
2	2694	0.874782
2	2695	0.6768
2	2696	0.999218
2	2697	0.78025
2	2698	0.538766
2	2699	1.09244
2	2700	1.32916
2	2701	0.782786
2	2702	2.20831
2	2703	0.537848
2	2704	1.64202
2	2705	0.734935
2	2706	3.19948
2	2707	1.58654
2	2708	1.77061
2	2709	0.736824
2	2710	1.11782
2	2711	1.17247
2	2712	0.72883
2	2713	0.63739
2	2714	3.27881
2	2715	2.01566
2	2716	1.80372
2	2717	0.782146
2	2718	0.806994
2	2719	0.785641
2	2720	0.708441
2	2721	0.571436
2	2722	0.0409857
2	2723	0.349168
2	2724	2.61906
2	2725	0.145261
2	2726	0.794629
2	2727	1.16784
2	2728	1.45958
2	2729	1.76856
2	2730	0.134688
2	2731	0.516213
2	2732	1.73894
2	2733	2.77564
2	2734	1.73842
2	2735	1.29447
2	2736	0.214237
2	2737	0.548052
2	2738	1.84412
2	2739	1.65247
2	2740	1.3618
2	2741	0.766042
2	2742	0.306837
2	2743	1.32363
2	2744	0.0533997
2	2745	0.224801
2	2746	2.02934
2	2747	2.37987
2	2748	1.54154
2	2749	2.88144
2	2750	1.14832
2	2751	0.978241
2	2752	0.821303
2	2753	0.861698
2	2754	1.22379
2	2755	0.579196
2	2756	0.343307
2	2757	1.42655
2	2758	2.58147
2	2759	0.664561
2	2760	0.641328
2	2761	3.05365
2	2762	0.970716
2	2763	0.345371
2	2764	1.34153
2	2765	0.45166
2	2766	0.199722
2	2767	0.647783
2	2768	0.654949
2	2769	2.4027
2	2770	0.797235
2	2771	1.84321
2	2772	0.237258
2	2773	1.30361
2	2774	0.698654
2	2775	0.718207
2	2776	0.31547
2	2777	1.46145
2	2778	0.576261
2	2779	0.436775
2	2780	0.699613
2	2781	0.337103
2	2782	1.02034
2	2783	0.88496
2	2784	0.408439
2	2785	1.13124
2	2786	0.116801
2	2787	0.438589
2	2788	0.61472
2	2789	0.514236
2	2790	0.597481
2	2791	0.993181
2	2792	1.23748
2	2793	0.075217
2	2794	1.4469
2	2795	0.904761
2	2796	1.14574
2	2797	0.651237
2	2798	1.72364
2	2799	0.201885
2	2800	0.826669
2	2801	0.781442
2	2802	0.913589
2	2803	1.32782
2	2804	1.56295
2	2805	1.69195
2	2806	1.04265
2	2807	1.40859
2	2808	1.07501
2	2809	1.1676
2	2810	0.525154
2	2811	3.91906
2	2812	1.13062
2	2813	1.20714
2	2814	0.317436
2	2815	1.59069
2	2816	0.476413
2	2817	1.25351
2	2818	0.287722
2	2819	0.925839
2	2820	1.02243
2	2821	0.818253
2	2822	0.358501
2	2823	0.719035
2	2824	1.41387
2	2825	1.15482
2	2826	0.644745
2	2827	1.56641
2	2828	1.06938
2	2829	0.353308
2	2830	0.794676
2	2831	0.356253
2	2832	0.708209
2	2833	0.413023
2	2834	2.92708
2	2835	0.792746
2	2836	2.61539
2	2837	0.181193
2	2838	0.607713
2	2839	2.67155
2	2840	0.766988
2	2841	1.29968
2	2842	0.114778
2	2843	2.40722
2	2844	0.430798
2	2845	0.200321
2	2846	1.15265
2	2847	1.8957
2	2848	0.162225
2	2849	2.22045
2	2850	0.818028
2	2851	1.44938
2	2852	0.639518
2	2853	0.494457
2	2854	1.04432
2	2855	1.13028
2	2856	1.10347
2	2857	0.33248
2	2858	0.431949
2	2859	1.0709
2	2860	1.60348
2	2861	1.21135
2	2862	1.12844
2	2863	1.02941
2	2864	1.61559
2	2865	0.661209
2	2866	0.121298
2	2867	3.48118
2	2868	0.167332
2	2869	0.313839
2	2870	1.01591
2	2871	1.48955
2	2872	2.78233
2	2873	1.06275
2	2874	1.04061
2	2875	1.00517
2	2876	1.60261
2	2877	0.970485
2	2878	0.898401
2	2879	1.9931
2	2880	3.05002
2	2881	0.498891
2	2882	0.35973
2	2883	0.542645
2	2884	0.717777
2	2885	0.697278
2	2886	1.11211
2	2887	1.25618
2	2888	0.445104
2	2889	2.21867
2	2890	0.75525
2	2891	1.5563
2	2892	1.04656
2	2893	0.97516
2	2894	0.56521
2	2895	0.765837
2	2896	0.30212
2	2897	0.545905
2	2898	1.78542
2	2899	0.398194
2	2900	1.09663
2	2901	1.59053
2	2902	1.88394
2	2903	0.83006
2	2904	0.405905
2	2905	0.778054
2	2906	2.47517
2	2907	0.299693
2	2908	2.18216
2	2909	0.38986
2	2910	0.462415
2	2911	2.19793
2	2912	0.540333
2	2913	1.99394
2	2914	2.1152
2	2915	1.41854
2	2916	0.786271
2	2917	0.223081
2	2918	0.329806
2	2919	1.1032
2	2920	2.51681
2	2921	1.01908
2	2922	0.942935
2	2923	0.0578877
2	2924	2.86844
2	2925	1.3752
2	2926	0.602267
2	2927	0.540212
2	2928	0.0694295
2	2929	2.09252
2	2930	0.475603
2	2931	0.128573
2	2932	0.919264
2	2933	1.08283
2	2934	0.807518
2	2935	2.12571
2	2936	1.152
2	2937	0.685252
2	2938	0.170869
2	2939	0.303838
2	2940	0.0982013
2	2941	1.74297
2	2942	0.200612
2	2943	0.410014
2	2944	2.34205
2	2945	1.19434
2	2946	2.35312
2	2947	0.442014
2	2948	1.99396
2	2949	1.19826
2	2950	1.025
2	2951	0.161537
2	2952	0.482633
2	2953	0.135251
2	2954	0.346233
2	2955	1.38171
2	2956	0.255281
2	2957	0.429247
2	2958	0.943721
2	2959	0.431349
2	2960	2.03823
2	2961	0.0617641
2	2962	1.96034
2	2963	0.396291
2	2964	0.0703604
2	2965	3.49736
2	2966	0.196247
2	2967	1.8939
2	2968	1.14125
2	2969	0.682651
2	2970	0.739611
2	2971	0.664738
2	2972	2.78792
2	2973	1.29399
2	2974	1.3954
2	2975	1.18691
2	2976	1.09285
2	2977	1.18987
2	2978	1.84741
2	2979	1.68436
2	2980	0.395002
2	2981	0.533352
2	2982	1.23323
2	2983	0.0535578
2	2984	0.244097
2	2985	0.253138
2	2986	2.11593
2	2987	1.15632
2	2988	0.955297
2	2989	2.75708
2	2990	0.933875
2	2991	1.29886
2	2992	2.57537
2	2993	0.0913123
2	2994	1.18286
2	2995	1.24442
2	2996	0.732663
2	2997	1.09594
2	2998	1.24489
2	2999	1.25372
2	3000	1.1437
2	3001	1.55433
2	3002	3.16418
2	3003	2.69743
2	3004	0.533608
2	3005	0.6285
2	3006	2.86612
2	3007	0.116374
2	3008	1.67126
2	3009	1.2948
2	3010	2.68851
2	3011	1.35178
2	3012	0.818578
2	3013	0.642017
2	3014	0.285767
2	3015	1.92575
2	3016	0.491557
2	3017	1.2137
2	3018	0.0568905
2	3019	0.617754
2	3020	0.886833
2	3021	0.843254
2	3022	0.36745
2	3023	0.160064
2	3024	0.762034
2	3025	1.65722
2	3026	0.592517
2	3027	0.85121
2	3028	0.519155
2	3029	0.635896
2	3030	1.07706
2	3031	0.0723251
2	3032	2.02767
2	3033	0.623888
2	3034	0.470024
2	3035	0.862909
2	3036	1.48656
2	3037	0.397613
2	3038	0.175336
2	3039	0.352665
2	3040	1.00381
2	3041	0.0755888
2	3042	1.60744
2	3043	1.79344
2	3044	0.853726
2	3045	0.6902
2	3046	1.75022
2	3047	1.74172
2	3048	1.10418
2	3049	0.949216
2	3050	1.02604
2	3051	0.808246
2	3052	0.395751
2	3053	1.22719
2	3054	0.156323
2	3055	0.733665
2	3056	1.21678
2	3057	0.245173
2	3058	0.220558
2	3059	0.617907
2	3060	0.987889
2	3061	1.63248
2	3062	0.319997
2	3063	1.66996
2	3064	0.292505
2	3065	1.57394
2	3066	0.103805
2	3067	0.49942
2	3068	0.0686929
2	3069	1.17683
2	3070	0.202893
2	3071	0.803849
2	3072	1.12965
2	3073	1.47112
2	3074	1.38372
2	3075	0.791083
2	3076	0.924123
2	3077	0.12047
2	3078	1.1525
2	3079	0.755519
2	3080	0.770522
2	3081	2.11709
2	3082	0.639953
2	3083	1.07547
2	3084	1.68259
2	3085	0.631265
2	3086	1.54853
2	3087	0.708048
2	3088	0.24393
2	3089	0.355116
2	3090	0.661161
2	3091	0.582598
2	3092	1.07376
2	3093	0.876465
2	3094	2.35449
2	3095	0.372529
2	3096	2.07113
2	3097	0.93392
2	3098	2.67788
2	3099	1.50299
2	3100	1.32202
2	3101	0.700142
2	3102	1.63594
2	3103	0.0611283
2	3104	0.373115
2	3105	0.713239
2	3106	1.16275
2	3107	2.06303
2	3108	0.893527
2	3109	1.25992
2	3110	1.49766
2	3111	1.78328
2	3112	1.05535
2	3113	1.22076
2	3114	1.26537
2	3115	0.60223
2	3116	1.56372
2	3117	0.734482
2	3118	1.34614
2	3119	0.824088
2	3120	1.88315
2	3121	1.9799
2	3122	1.20296
2	3123	0.949179
2	3124	0.435519
2	3125	1.31974
2	3126	0.0849891
2	3127	0.969472
2	3128	0.937928
2	3129	1.85632
2	3130	0.410217
2	3131	0.772909
2	3132	0.165006
2	3133	0.752296
2	3134	0.691001
2	3135	1.10779
2	3136	0.9026
2	3137	0.228185
2	3138	0.712576
2	3139	1.25359
2	3140	0.654079
2	3141	0.955345
2	3142	1.06105
2	3143	0.387507
2	3144	0.833055
2	3145	0.128054
2	3146	0.58791
2	3147	0.146012
2	3148	2.8384
2	3149	0.738107
2	3150	0.202378
2	3151	1.11194
2	3152	0.275918
2	3153	0.760836
2	3154	0.93652
2	3155	1.32624
2	3156	0.461652
2	3157	0.609452
2	3158	0.544201
2	3159	0.158919
2	3160	0.955414
2	3161	0.553112
2	3162	0.685012
2	3163	0.940053
2	3164	0.31777
2	3165	1.52123
2	3166	0.636201
2	3167	0.914029
2	3168	1.48843
2	3169	0.432205
2	3170	0.690071
2	3171	1.37192
2	3172	0.479904
2	3173	1.51713
2	3174	1.26627
2	3175	0.962221
2	3176	0.398439
2	3177	1.20159
2	3178	1.67765
2	3179	1.25762
2	3180	3.06602
2	3181	0.622162
2	3182	0.358632
2	3183	1.84534
2	3184	0.412093
2	3185	0.244789
2	3186	2.00917
2	3187	1.36142
2	3188	0.84721
2	3189	1.48088
2	3190	1.27679
2	3191	0.672926
2	3192	0.517145
2	3193	0.739187
2	3194	0.494092
2	3195	0.381962
2	3196	2.71712
2	3197	0.723995
2	3198	0.838454
2	3199	0.560207
2	3200	0.481123
2	3201	0.566113
2	3202	0.165717
2	3203	1.08457
2	3204	0.256684
2	3205	1.32572
2	3206	0.953877
2	3207	2.19646
2	3208	0.615681
2	3209	2.78299
2	3210	1.84467
2	3211	0.503206
2	3212	0.436212
2	3213	0.361547
2	3214	0.542683
2	3215	0.219212
2	3216	0.946163
2	3217	1.51102
2	3218	1.33282
2	3219	2.29685
2	3220	0.420447
2	3221	2.37355
2	3222	1.39038
2	3223	0.556142
2	3224	0.590063
2	3225	0.86332
2	3226	0.837369
2	3227	1.75022
2	3228	1.89703
2	3229	0.978472
2	3230	0.15356
2	3231	0.560171
2	3232	0.823176
2	3233	0.466292
2	3234	2.13239
2	3235	0.446028
2	3236	0.997299
2	3237	0.449591
2	3238	0.900042
2	3239	0.34472
2	3240	2.90183
2	3241	0.119494
2	3242	1.95362
2	3243	0.355288
2	3244	1.64917
2	3245	0.0943723
2	3246	2.12279
2	3247	0.320256
2	3248	1.74939
2	3249	1.91013
2	3250	0.860828
2	3251	0.329183
2	3252	0.463424
2	3253	2.12558
2	3254	0.0262668
2	3255	0.410295
2	3256	0.316582
2	3257	0.296186
2	3258	2.51555
2	3259	2.05697
2	3260	0.357171
2	3261	0.393552
2	3262	1.24485
2	3263	2.28913
2	3264	1.15574
2	3265	1.04851
2	3266	0.301778
2	3267	2.95953
2	3268	0.604535
2	3269	1.23968
2	3270	0.655265
2	3271	1.36482
2	3272	3.04995
2	3273	2.27249
2	3274	0.247943
2	3275	1.29158
2	3276	0.815973
2	3277	0.463138
2	3278	0.748406
2	3279	0.470575
2	3280	1.65158
2	3281	1.52008
2	3282	0.935027
2	3283	0.79296
2	3284	0.750784
2	3285	2.12008
2	3286	0.780313
2	3287	0.358717
2	3288	0.942312
2	3289	0.955481
2	3290	0.608613
2	3291	1.17939
2	3292	0.842732
2	3293	0.960985
2	3294	0.0791562
2	3295	0.341335
2	3296	0.383631
2	3297	0.912467
2	3298	1.15204
2	3299	0.751041
2	3300	0.474348
2	3301	1.86655
2	3302	0.9786
2	3303	0.349589
2	3304	1.5642
2	3305	0.379259
2	3306	1.11894
2	3307	1.00125
2	3308	1.07116
2	3309	1.08061
2	3310	1.5116
2	3311	0.828359
2	3312	2.14099
2	3313	1.07911
2	3314	0.71407
2	3315	2.99616
2	3316	0.457812
2	3317	0.741515
2	3318	0.425451
2	3319	1.35888
2	3320	2.52863
2	3321	1.54951
2	3322	1.03263
2	3323	0.70505
2	3324	0.464872
2	3325	0.659655
2	3326	0.682878
2	3327	0.418641
2	3328	0.695904
2	3329	1.98709
2	3330	1.98285
2	3331	1.83825
2	3332	0.312306
2	3333	0.983537
2	3334	0.315119
2	3335	1.85245
2	3336	0.277272
2	3337	0.609437
2	3338	1.91536
2	3339	1.23817
2	3340	1.28144
2	3341	0.918985
2	3342	2.89775
2	3343	1.03228
2	3344	0.363913
2	3345	0.270309
2	3346	0.338494
2	3347	0.460582
2	3348	0.612478
2	3349	0.207177
2	3350	3.16766
2	3351	1.13121
2	3352	3.00993
2	3353	0.949147
2	3354	0.773287
2	3355	0.809481
2	3356	0.111872
2	3357	0.482444
2	3358	0.927172
2	3359	1.48754
2	3360	0.81666
2	3361	0.622158
2	3362	0.511262
2	3363	0.619092
2	3364	1.0074
2	3365	0.599736
2	3366	1.03888
2	3367	0.991817
2	3368	0.711033
2	3369	2.26849
2	3370	0.471543
2	3371	1.59356
2	3372	1.60141
2	3373	1.03968
2	3374	1.66743
2	3375	0.447994
2	3376	0.331102
2	3377	0.567818
2	3378	0.750062
2	3379	1.20209
2	3380	1.93239
2	3381	0.684479
2	3382	1.00247
2	3383	0.550653
2	3384	0.248495
2	3385	2.88204
2	3386	0.427407
2	3387	0.72334
2	3388	1.21663
2	3389	1.32486
2	3390	0.23571
2	3391	1.08816
2	3392	0.613846
2	3393	0.244399
2	3394	2.48272
2	3395	1.55875
2	3396	0.69537
2	3397	1.34862
2	3398	0.57617
2	3399	0.864311
2	3400	1.18061
2	3401	0.508561
2	3402	0.374837
2	3403	0.760604
2	3404	2.34739
2	3405	0.318211
2	3406	0.368584
2	3407	0.608168
2	3408	0.735328
2	3409	1.49147
2	3410	0.704339
2	3411	0.32877
2	3412	2.53199
2	3413	0.841085
2	3414	0.616441
2	3415	0.474745
2	3416	0.726297
2	3417	0.428342
2	3418	0.96588
2	3419	1.57157
2	3420	1.05323
2	3421	0.0616333
2	3422	0.645427
2	3423	0.495034
2	3424	0.235468
2	3425	1.25962
2	3426	1.04859
2	3427	0.867227
2	3428	0.533928
2	3429	1.06524
2	3430	0.726991
2	3431	0.651954
2	3432	1.21454
2	3433	1.53868
2	3434	0.819288
2	3435	0.640524
2	3436	0.732279
2	3437	1.42608
2	3438	0.376133
2	3439	0.675644
2	3440	2.03611
2	3441	0.299597
2	3442	0.152368
2	3443	2.11489
2	3444	0.7355
2	3445	0.839671
2	3446	0.949263
2	3447	0.725703
2	3448	1.04207
2	3449	1.07712
2	3450	2.54268
2	3451	1.78452
2	3452	1.90962
2	3453	2.12415
2	3454	0.282455
2	3455	1.51854
2	3456	0.553423
2	3457	1.75908
2	3458	0.408912
2	3459	0.34497
2	3460	0.778496
2	3461	1.05372
2	3462	0.464233
2	3463	2.18632
2	3464	1.34329
2	3465	0.864823
2	3466	0.0975468
2	3467	0.856229
2	3468	0.277336
2	3469	1.44753
2	3470	0.727186
2	3471	0.33183
2	3472	0.763943
2	3473	0.324326
2	3474	0.911049
2	3475	1.41045
2	3476	0.308365
2	3477	0.785189
2	3478	0.354866
2	3479	0.758889
2	3480	1.28591
2	3481	0.629247
2	3482	0.988427
2	3483	2.42672
2	3484	0.983024
2	3485	1.43346
2	3486	0.418191
2	3487	0.497182
2	3488	1.90954
2	3489	0.660688
2	3490	0.856685
2	3491	0.546057
2	3492	0.311459
2	3493	1.00075
2	3494	0.129859
2	3495	1.11716
2	3496	0.469286
2	3497	0.822547
2	3498	1.39463
2	3499	0.845313
2	3500	0.1469
2	3501	1.8012
2	3502	1.43851
2	3503	0.466889
2	3504	0.381025
2	3505	0.438922
2	3506	0.364698
2	3507	0.860897
2	3508	0.448111
2	3509	0.991914
2	3510	2.1624
2	3511	1.18434
2	3512	2.19676
2	3513	0.808438
2	3514	0.801589
2	3515	0.410015
2	3516	0.729738
2	3517	0.782227
2	3518	1.14135
2	3519	1.06777
2	3520	1.13899
2	3521	0.167039
2	3522	0.983571
2	3523	0.279689
2	3524	1.05393
2	3525	0.346186
2	3526	1.2194
2	3527	0.664622
2	3528	0.32786
2	3529	2.05031
2	3530	2.60296
2	3531	2.01278
2	3532	1.34453
2	3533	0.383442
2	3534	0.130078
2	3535	0.128569
2	3536	2.34189
2	3537	0.947801
2	3538	0.2573
2	3539	0.510909
2	3540	0.252116
2	3541	3.88139
2	3542	2.61309
2	3543	2.70137
2	3544	0.402525
2	3545	1.56055
2	3546	0.629427
2	3547	0.642073
2	3548	1.26277
2	3549	0.450978
2	3550	0.210701
2	3551	1.24097
2	3552	1.13399
2	3553	0.444212
2	3554	0.284929
2	3555	1.50557
2	3556	0.389331
2	3557	1.55481
2	3558	1.00579
2	3559	0.363398
2	3560	0.286653
2	3561	0.416726
2	3562	1.04707
2	3563	0.74568
2	3564	1.57825
2	3565	1.86495
2	3566	2.00385
2	3567	0.455266
2	3568	0.144833
2	3569	0.322868
2	3570	0.298211
2	3571	1.16525
2	3572	1.25394
2	3573	0.983202
2	3574	0.436527
2	3575	0.75121
2	3576	0.508757
2	3577	1.84221
2	3578	0.367019
2	3579	1.51203
2	3580	0.0840153
2	3581	0.860622
2	3582	0.633102
2	3583	0.643466
2	3584	0.988727
2	3585	0.614999
2	3586	0.74066
2	3587	0.476072
2	3588	2.13337
2	3589	0.229021
2	3590	1.02323
2	3591	0.813421
2	3592	0.938841
2	3593	0.52006
2	3594	0.197354
2	3595	0.818329
2	3596	1.92361
2	3597	1.74353
2	3598	1.47404
2	3599	2.36164
2	3600	0.265131
2	3601	0.287441
2	3602	2.14409
2	3603	0.294068
2	3604	0.719223
2	3605	0.144258
2	3606	0.321677
2	3607	1.63041
2	3608	1.42193
2	3609	0.440711
2	3610	0.728389
2	3611	1.66318
2	3612	1.07676
2	3613	0.321545
2	3614	1.4609
2	3615	0.0998632
2	3616	0.632191
2	3617	0.709222
2	3618	0.795136
2	3619	0.941035
2	3620	0.512959
2	3621	0.935795
2	3622	0.877279
2	3623	2.37065
2	3624	0.563913
2	3625	0.552391
2	3626	1.24088
2	3627	0.400864
2	3628	1.06916
2	3629	0.428052
2	3630	2.75471
2	3631	1.91387
2	3632	5.5099
2	3633	2.33926
2	3634	0.42038
2	3635	3.98804
2	3636	1.28025
2	3637	0.166817
2	3638	1.67216
2	3639	0.943557
2	3640	0.198959
2	3641	0.66024
2	3642	1.621
2	3643	0.380221
2	3644	0.174888
2	3645	0.130046
2	3646	0.63637
2	3647	1.65048
2	3648	0.0831735
2	3649	1.25652
2	3650	0.516133
2	3651	0.466754
2	3652	0.416767
2	3653	0.482677
2	3654	2.2829
2	3655	1.26862
2	3656	0.252393
2	3657	0.213306
2	3658	1.40791
2	3659	1.48518
2	3660	0.516246
2	3661	0.283075
2	3662	0.924036
2	3663	1.286
2	3664	0.985095
2	3665	0.599157
2	3666	1.10652
2	3667	0.97413
2	3668	1.58095
2	3669	0.651964
2	3670	1.41498
2	3671	1.25429
2	3672	0.22209
2	3673	0.13551
2	3674	0.790261
2	3675	0.511783
2	3676	0.98286
2	3677	0.324018
2	3678	0.183335
2	3679	0.327041
2	3680	1.87417
2	3681	1.5828
2	3682	0.548854
2	3683	1.30856
2	3684	2.56575
2	3685	1.97436
2	3686	1.10178
2	3687	0.921264
2	3688	0.822745
2	3689	0.931462
2	3690	0.546589
2	3691	0.828691
2	3692	0.628607
2	3693	1.37616
2	3694	1.8836
2	3695	0.191579
2	3696	1.13604
2	3697	2.33525
2	3698	0.669595
2	3699	0.655365
2	3700	0.28675
2	3701	0.312853
2	3702	0.726538
2	3703	1.46848
2	3704	0.637038
2	3705	3.55686
2	3706	0.800232
2	3707	1.09239
2	3708	0.820063
2	3709	0.619202
2	3710	1.00675
2	3711	1.50839
2	3712	2.21726
2	3713	1.3714
2	3714	0.505242
2	3715	0.645736
2	3716	1.77204
2	3717	0.997566
2	3718	2.02018
2	3719	0.984097
2	3720	1.09977
2	3721	1.28782
2	3722	0.390816
2	3723	1.63503
2	3724	1.35468
2	3725	0.248309
2	3726	1.35505
2	3727	1.96818
2	3728	0.659859
2	3729	1.98301
2	3730	0.456035
2	3731	0.490555
2	3732	0.509833
2	3733	0.430463
2	3734	0.791729
2	3735	0.691276
2	3736	1.27455
2	3737	0.385294
2	3738	1.36567
2	3739	0.823258
2	3740	0.634243
2	3741	0.863525
2	3742	0.273767
2	3743	1.42055
2	3744	2.08001
2	3745	0.386839
2	3746	0.375285
2	3747	0.649564
2	3748	0.312742
2	3749	0.47659
2	3750	0.530636
2	3751	0.78485
2	3752	0.100314
2	3753	0.941458
2	3754	0.874074
2	3755	0.561095
2	3756	0.842021
2	3757	0.64694
2	3758	0.17446
2	3759	1.28194
2	3760	1.28595
2	3761	2.52048
2	3762	0.618404
2	3763	0.708155
2	3764	0.849583
2	3765	1.80701
2	3766	1.20587
2	3767	0.179332
2	3768	3.47764
2	3769	1.07607
2	3770	0.698086
2	3771	0.607483
2	3772	0.852008
2	3773	2.3369
2	3774	1.05791
2	3775	0.412674
2	3776	1.03073
2	3777	0.459146
2	3778	1.29381
2	3779	1.50547
2	3780	0.459656
2	3781	0.830074
2	3782	0.746473
2	3783	0.799278
2	3784	2.32527
2	3785	0.0933544
2	3786	1.36558
2	3787	1.71608
2	3788	0.334368
2	3789	0.503651
2	3790	0.247023
2	3791	1.16535
2	3792	0.307021
2	3793	0.0800124
2	3794	0.538103
2	3795	1.58339
2	3796	0.495715
2	3797	0.517635
2	3798	0.132444
2	3799	0.939142
2	3800	1.25933
2	3801	0.368562
2	3802	2.50675
2	3803	2.85858
2	3804	0.251742
2	3805	0.434911
2	3806	1.33381
2	3807	2.49226
2	3808	1.44364
2	3809	1.10373
2	3810	1.71693
2	3811	0.337863
2	3812	0.964422
2	3813	1.09751
2	3814	1.59907
2	3815	0.224316
2	3816	0.233502
2	3817	1.75155
2	3818	1.86383
2	3819	0.146928
2	3820	1.42781
2	3821	1.25329
2	3822	1.56595
2	3823	0.38444
2	3824	1.25205
2	3825	0.413157
2	3826	0.464185
2	3827	1.20861
2	3828	0.857613
2	3829	0.736953
2	3830	0.296096
2	3831	0.313392
2	3832	0.10324
2	3833	0.603052
2	3834	0.117881
2	3835	0.689172
2	3836	0.473538
2	3837	1.69343
2	3838	2.78698
2	3839	1.0615
2	3840	0.270595
2	3841	0.495907
2	3842	0.901637
2	3843	0.867037
2	3844	1.36925
2	3845	0.156863
2	3846	0.11993
2	3847	0.620226
2	3848	0.851528
2	3849	0.760368
2	3850	2.14905
2	3851	0.0667017
2	3852	0.6181
2	3853	1.40263
2	3854	0.244715
2	3855	0.713056
2	3856	1.19367
2	3857	2.5173
2	3858	1.58814
2	3859	0.993741
2	3860	2.00989
2	3861	1.43935
2	3862	0.369085
2	3863	0.700749
2	3864	0.82981
2	3865	1.44307
2	3866	1.05482
2	3867	0.321869
2	3868	0.69934
2	3869	0.972263
2	3870	0.320078
2	3871	0.977203
2	3872	2.44433
2	3873	0.637731
2	3874	0.381022
2	3875	0.97709
2	3876	0.929953
2	3877	0.661149
2	3878	0.163492
2	3879	3.85992
2	3880	1.2548
2	3881	0.680589
2	3882	0.748518
2	3883	2.23193
2	3884	1.59552
2	3885	1.22194
2	3886	1.14442
2	3887	0.781474
2	3888	3.08371
2	3889	0.334984
2	3890	0.403616
2	3891	0.0794827
2	3892	1.5779
2	3893	2.09023
2	3894	1.17585
2	3895	1.46024
2	3896	0.0348995
2	3897	0.0572358
2	3898	0.370032
2	3899	1.27811
2	3900	0.648492
2	3901	1.74315
2	3902	0.24188
2	3903	0.940992
2	3904	1.73078
2	3905	1.80542
2	3906	0.703187
2	3907	0.239674
2	3908	0.284304
2	3909	1.53506
2	3910	1.23471
2	3911	1.27568
2	3912	1.09214
2	3913	0.250287
2	3914	0.603817
2	3915	1.61104
2	3916	0.910549
2	3917	1.23325
2	3918	1.75681
2	3919	0.561476
2	3920	0.921546
2	3921	1.69179
2	3922	1.16364
2	3923	0.660176
2	3924	0.931224
2	3925	1.95389
2	3926	0.999319
2	3927	0.788923
2	3928	0.919185
2	3929	0.463728
2	3930	2.88456
2	3931	0.381716
2	3932	0.487976
2	3933	1.08234
2	3934	1.85374
2	3935	1.03355
2	3936	0.895036
2	3937	0.516548
2	3938	0.231917
2	3939	0.874899
2	3940	0.318668
2	3941	0.0535402
2	3942	3.80743
2	3943	0.608739
2	3944	1.12817
2	3945	3.31047
2	3946	0.205349
2	3947	1.89057
2	3948	1.69396
2	3949	1.24863
2	3950	2.03752
2	3951	0.185368
2	3952	0.680701
2	3953	0.250244
2	3954	0.853602
2	3955	1.11244
2	3956	1.08418
2	3957	0.529417
2	3958	2.83689
2	3959	0.992979
2	3960	0.587241
2	3961	0.722625
2	3962	1.34296
2	3963	0.638174
2	3964	1.32906
2	3965	0.589765
2	3966	2.06987
2	3967	1.96466
2	3968	0.642753
2	3969	0.307266
2	3970	1.76798
2	3971	2.11147
2	3972	1.65468
2	3973	1.78969
2	3974	0.97693
2	3975	1.26448
2	3976	0.228373
2	3977	1.05394
2	3978	0.997549
2	3979	0.502035
2	3980	0.718826
2	3981	0.0706292
2	3982	1.49932
2	3983	0.0454643
2	3984	3.50627
2	3985	0.591287
2	3986	2.57936
2	3987	0.531117
2	3988	0.637034
2	3989	0.221504
2	3990	0.214303
2	3991	1.91634
2	3992	0.629429
2	3993	0.231339
2	3994	0.727671
2	3995	0.289027
2	3996	2.25885
2	3997	0.562362
2	3998	1.78636
2	3999	0.358603
2	4000	0.129364
2	4001	0.201954
2	4002	0.990205
2	4003	0.486793
2	4004	0.561083
2	4005	0.606082
2	4006	0.311742
2	4007	2.31749
2	4008	0.741622
2	4009	0.101725
2	4010	0.187059
2	4011	1.40677
2	4012	0.612919
2	4013	0.201504
2	4014	1.67629
2	4015	0.896528
2	4016	1.52222
2	4017	0.371521
2	4018	0.42143
2	4019	2.00316
2	4020	0.983834
2	4021	0.324035
2	4022	1.20935
2	4023	0.366385
2	4024	0.675583
2	4025	0.258773
2	4026	2.65757
2	4027	0.981217
2	4028	0.419472
2	4029	1.11237
2	4030	1.35108
2	4031	1.09228
2	4032	0.779655
2	4033	1.92893
2	4034	0.59392
2	4035	1.00336
2	4036	1.15724
2	4037	0.442604
2	4038	1.16409
2	4039	0.528219
2	4040	0.833648
2	4041	1.05045
2	4042	0.402042
2	4043	0.382717
2	4044	1.2891
2	4045	0.361928
2	4046	0.233279
2	4047	0.548826
2	4048	0.490311
2	4049	1.34208
2	4050	0.572354
2	4051	0.401695
2	4052	1.18281
2	4053	1.26956
2	4054	0.355912
2	4055	0.286891
2	4056	1.36029
2	4057	2.1057
2	4058	0.38245
2	4059	0.517676
2	4060	1.24341
2	4061	0.301698
2	4062	1.68339
2	4063	1.22985
2	4064	0.279835
2	4065	2.78708
2	4066	0.076332
2	4067	0.578969
2	4068	0.54896
2	4069	0.832576
2	4070	0.221361
2	4071	0.340452
2	4072	0.614372
2	4073	1.09693
2	4074	0.784912
2	4075	1.37159
2	4076	2.55353
2	4077	0.486476
2	4078	2.41613
2	4079	0.402873
2	4080	0.465972
2	4081	1.43257
2	4082	0.484031
2	4083	0.774842
2	4084	0.931357
2	4085	0.44207
2	4086	0.756468
2	4087	0.247648
2	4088	0.483409
2	4089	0.30576
2	4090	1.40324
2	4091	1.69301
2	4092	0.141829
2	4093	3.43338
2	4094	0.628648
2	4095	1.15437
2	4096	0.881698
2	4097	0.288443
2	4098	0.233629
2	4099	0.262768
2	4100	0.419469
2	4101	1.61799
2	4102	0.242295
2	4103	1.16647
2	4104	1.12532
2	4105	0.541693
2	4106	0.271902
2	4107	2.66257
2	4108	0.11646
2	4109	1.79183
2	4110	0.59259
2	4111	1.46557
2	4112	0.541624
2	4113	2.7947
2	4114	4.83067
2	4115	0.953202
2	4116	1.07628
2	4117	0.846215
2	4118	0.734598
2	4119	1.63625
2	4120	1.00131
2	4121	1.19394
2	4122	0.457846
2	4123	0.621898
2	4124	0.133979
2	4125	0.549997
2	4126	0.691238
2	4127	0.783422
2	4128	0.515259
2	4129	0.743717
2	4130	0.877739
2	4131	1.22624
2	4132	2.66547
2	4133	0.144602
2	4134	0.59846
2	4135	0.7361
2	4136	0.190908
2	4137	1.55828
2	4138	2.98841
2	4139	1.62137
2	4140	2.15187
2	4141	2.73118
2	4142	0.201963
2	4143	0.808852
2	4144	2.28001
2	4145	0.778646
2	4146	1.91675
2	4147	1.51794
2	4148	1.31841
2	4149	0.844069
2	4150	0.540172
2	4151	0.159728
2	4152	1.21686
2	4153	0.585613
2	4154	1.30849
2	4155	0.389834
2	4156	0.701569
2	4157	0.33358
2	4158	0.777325
2	4159	1.67961
2	4160	1.84378
2	4161	0.683423
2	4162	0.0928568
2	4163	2.00192
2	4164	0.157946
2	4165	0.46901
2	4166	0.859931
2	4167	0.238658
2	4168	0.350581
2	4169	0.153169
2	4170	0.141827
2	4171	0.857702
2	4172	0.80377
2	4173	0.273784
2	4174	0.845553
2	4175	1.29746
2	4176	0.91664
2	4177	0.65591
2	4178	2.06004
2	4179	0.97683
2	4180	1.4383
2	4181	1.21628
2	4182	0.487717
2	4183	1.70863
2	4184	0.80347
2	4185	2.00037
2	4186	2.79708
2	4187	1.48655
2	4188	1.24628
2	4189	0.955816
2	4190	1.12813
2	4191	1.04149
2	4192	0.491648
2	4193	0.77892
2	4194	0.650025
2	4195	0.875132
2	4196	1.26397
2	4197	0.275029
2	4198	0.761521
2	4199	0.69925
2	4200	1.22159
2	4201	0.566156
2	4202	1.90796
2	4203	0.896199
2	4204	0.318627
2	4205	2.00765
2	4206	1.45636
2	4207	1.7986
2	4208	1.5915
2	4209	0.68352
2	4210	0.118883
2	4211	0.236781
2	4212	0.41558
2	4213	1.84352
2	4214	0.635721
2	4215	1.04586
2	4216	2.19387
2	4217	0.547083
2	4218	0.389214
2	4219	0.577994
2	4220	1.47126
2	4221	2.04361
2	4222	0.937077
2	4223	0.646005
2	4224	0.322958
2	4225	1.24297
2	4226	0.473639
2	4227	0.784138
2	4228	1.0373
2	4229	0.695958
2	4230	0.81954
2	4231	0.865656
2	4232	0.800165
2	4233	0.798742
2	4234	0.10507
2	4235	0.608779
2	4236	0.694275
2	4237	2.51623
2	4238	1.05081
2	4239	2.40199
2	4240	1.1966
2	4241	1.69582
2	4242	1.58481
2	4243	3.25381
2	4244	2.64871
2	4245	0.728409
2	4246	0.563776
2	4247	1.79841
2	4248	0.742632
2	4249	0.315657
2	4250	0.207753
2	4251	0.449483
2	4252	1.33767
2	4253	0.0790586
2	4254	1.43729
2	4255	0.109173
2	4256	0.10184
2	4257	1.26513
2	4258	0.992495
2	4259	0.0469491
2	4260	0.643461
2	4261	0.597036
2	4262	1.42266
2	4263	1.12286
2	4264	0.438455
2	4265	1.48756
2	4266	0.411005
2	4267	1.61299
2	4268	0.0698359
2	4269	1.30541
2	4270	1.28217
2	4271	0.861615
2	4272	0.204731
2	4273	1.26824
2	4274	0.417855
2	4275	1.16922
2	4276	0.347158
2	4277	1.33986
2	4278	0.873696
2	4279	0.367422
2	4280	1.12416
2	4281	1.40392
2	4282	1.28695
2	4283	0.298262
2	4284	0.556946
2	4285	1.96261
2	4286	1.04219
2	4287	1.43941
2	4288	0.943714
2	4289	1.21444
2	4290	0.401777
2	4291	0.656022
2	4292	0.916108
2	4293	0.893075
2	4294	0.864475
2	4295	1.78313
2	4296	0.143
2	4297	2.03467
2	4298	0.171303
2	4299	1.68839
2	4300	1.05436
2	4301	0.485157
2	4302	1.39492
2	4303	0.529595
2	4304	1.36368
2	4305	0.550966
2	4306	0.930877
2	4307	1.14654
2	4308	1.34229
2	4309	0.577011
2	4310	0.363083
2	4311	1.58177
2	4312	2.86414
2	4313	0.922732
2	4314	0.638184
2	4315	0.665105
2	4316	0.541151
2	4317	1.41413
2	4318	0.180617
2	4319	1.53157
2	4320	1.3128
2	4321	0.865034
2	4322	1.52399
2	4323	0.573598
2	4324	0.400993
2	4325	0.683106
2	4326	0.190526
2	4327	0.347591
2	4328	0.554445
2	4329	0.500583
2	4330	0.699478
2	4331	1.87754
2	4332	1.16121
2	4333	0.99919
2	4334	1.11478
2	4335	0.122087
2	4336	1.00753
2	4337	2.65317
2	4338	1.05366
2	4339	0.810887
2	4340	2.11807
2	4341	1.96069
2	4342	0.613459
2	4343	1.26778
2	4344	0.115013
2	4345	0.357462
2	4346	1.10262
2	4347	1.34514
2	4348	0.676725
2	4349	0.295783
2	4350	0.592467
2	4351	1.2313
2	4352	1.07372
2	4353	0.400422
2	4354	0.793176
2	4355	1.16884
2	4356	1.3033
2	4357	0.752506
2	4358	1.06543
2	4359	0.224437
2	4360	0.535891
2	4361	0.568538
2	4362	1.12948
2	4363	1.08318
2	4364	0.0809445
2	4365	1.68058
2	4366	2.03952
2	4367	1.76714
2	4368	1.29639
2	4369	2.07063
2	4370	1.79461
2	4371	0.594236
2	4372	2.18239
2	4373	0.617765
2	4374	1.73968
2	4375	0.505015
2	4376	0.0985987
2	4377	1.15376
2	4378	1.56591
2	4379	0.576739
2	4380	2.51582
2	4381	0.221957
2	4382	0.614187
2	4383	0.579513
2	4384	1.49745
2	4385	1.03109
2	4386	0.338269
2	4387	3.25255
2	4388	1.60031
2	4389	0.244858
2	4390	3.59504
2	4391	0.976914
2	4392	0.655624
2	4393	1.76932
2	4394	0.70282
2	4395	0.347759
2	4396	0.820783
2	4397	2.15005
2	4398	2.24568
2	4399	1.09566
2	4400	1.59221
2	4401	1.58657
2	4402	0.707579
2	4403	2.12898
2	4404	1.20611
2	4405	0.778912
2	4406	0.998329
2	4407	0.209046
2	4408	1.87053
2	4409	0.979925
2	4410	0.319303
2	4411	0.856709
2	4412	0.418484
2	4413	3.42129
2	4414	0.600116
2	4415	1.03924
2	4416	0.120165
2	4417	1.59942
2	4418	0.419959
2	4419	1.15728
2	4420	2.04064
2	4421	0.382551
2	4422	1.59251
2	4423	1.01674
2	4424	1.15099
2	4425	0.780085
2	4426	0.33267
2	4427	0.239837
2	4428	1.96517
2	4429	1.22785
2	4430	1.79357
2	4431	1.30483
2	4432	0.806644
2	4433	1.75525
2	4434	2.82364
2	4435	0.846336
2	4436	2.48768
2	4437	0.216536
2	4438	0.217792
2	4439	0.851457
2	4440	1.04966
2	4441	0.821335
2	4442	1.6728
2	4443	0.919834
2	4444	1.43162
2	4445	0.794282
2	4446	1.00417
2	4447	0.928535
2	4448	0.967189
2	4449	0.668245
2	4450	0.795675
2	4451	0.319543
2	4452	0.641864
2	4453	0.300783
2	4454	1.0878
2	4455	0.639269
2	4456	0.548816
2	4457	1.11791
2	4458	0.950304
2	4459	0.963934
2	4460	1.41733
2	4461	0.151952
2	4462	1.28477
2	4463	4.22175
2	4464	0.272519
2	4465	1.48767
2	4466	1.22725
2	4467	0.220148
2	4468	1.73796
2	4469	0.274184
2	4470	0.494908
2	4471	0.797404
2	4472	1.77179
2	4473	1.62053
2	4474	1.58896
2	4475	0.310682
2	4476	0.799828
2	4477	0.953353
2	4478	0.184212
2	4479	0.807118
2	4480	0.732263
2	4481	1.8003
2	4482	1.4581
2	4483	0.90873
2	4484	2.11237
2	4485	0.34115
2	4486	0.160494
2	4487	0.616254
2	4488	0.143305
2	4489	0.140663
2	4490	0.0995668
2	4491	1.1192
2	4492	0.48361
2	4493	3.06573
2	4494	0.16862
2	4495	5.27905
2	4496	0.708132
2	4497	0.799137
2	4498	0.604495
2	4499	2.65019
2	4500	1.34503
2	4501	0.663798
2	4502	0.765005
2	4503	1.44538
2	4504	1.03183
2	4505	0.420046
2	4506	1.37802
2	4507	0.865306
2	4508	1.14873
2	4509	1.23288
2	4510	0.942881
2	4511	0.63384
2	4512	0.70425
2	4513	1.20671
2	4514	1.01255
2	4515	0.169859
2	4516	0.258113
2	4517	0.125501
2	4518	1.30287
2	4519	1.49296
2	4520	2.44441
2	4521	1.03026
2	4522	0.948922
2	4523	1.25771
2	4524	0.723129
2	4525	0.551358
2	4526	1.60805
2	4527	1.20566
2	4528	0.385078
2	4529	2.41646
2	4530	1.26205
2	4531	1.34052
2	4532	1.24206
2	4533	1.43088
2	4534	1.41798
2	4535	1.40828
2	4536	0.436435
2	4537	2.22207
2	4538	0.148353
2	4539	0.24654
2	4540	0.411165
2	4541	0.267875
2	4542	1.05909
2	4543	1.64868
2	4544	2.05876
2	4545	0.58827
2	4546	1.20209
2	4547	0.327917
2	4548	0.289976
2	4549	1.17837
2	4550	0.241923
2	4551	0.488745
2	4552	1.65375
2	4553	1.12466
2	4554	0.453187
2	4555	1.13625
2	4556	0.883743
2	4557	1.40318
2	4558	1.4894
2	4559	0.95127
2	4560	0.652826
2	4561	1.39071
2	4562	0.0429487
2	4563	2.90715
2	4564	3.24696
2	4565	0.655645
2	4566	0.0596822
2	4567	0.66538
2	4568	0.639087
2	4569	1.04151
2	4570	1.34915
2	4571	0.658788
2	4572	0.193442
2	4573	0.437894
2	4574	0.600158
2	4575	0.2226
2	4576	0.550815
2	4577	1.4812
2	4578	0.999685
2	4579	1.29822
2	4580	0.613433
2	4581	0.624412
2	4582	1.09044
2	4583	1.73916
2	4584	0.474857
2	4585	0.329032
2	4586	1.3965
2	4587	1.1367
2	4588	2.86466
2	4589	0.884374
2	4590	1.18466
2	4591	0.88339
2	4592	1.81055
2	4593	1.59528
2	4594	0.127219
2	4595	1.08273
2	4596	0.596071
2	4597	1.39146
2	4598	0.609743
2	4599	1.38398
2	4600	0.509662
2	4601	0.30212
2	4602	0.403241
2	4603	1.38912
2	4604	0.885313
2	4605	0.565334
2	4606	1.16973
2	4607	1.54205
2	4608	0.923736
2	4609	0.206414
2	4610	0.223998
2	4611	0.987392
2	4612	1.56411
2	4613	0.485366
2	4614	1.04499
2	4615	1.21664
2	4616	0.570237
2	4617	0.407744
2	4618	1.00045
2	4619	0.311658
2	4620	0.507272
2	4621	0.138464
2	4622	1.10007
2	4623	1.06124
2	4624	0.769108
2	4625	1.00659
2	4626	1.44174
2	4627	0.90833
2	4628	1.00417
2	4629	0.578136
2	4630	0.349586
2	4631	1.45012
2	4632	0.448185
2	4633	2.25074
2	4634	2.56698
2	4635	2.29786
2	4636	1.78726
2	4637	1.01066
2	4638	2.32524
2	4639	0.847054
2	4640	0.417823
2	4641	0.423878
2	4642	1.45723
2	4643	0.684039
2	4644	2.10572
2	4645	1.90665
2	4646	1.09012
2	4647	0.407821
2	4648	1.07588
2	4649	0.3584
2	4650	0.791022
2	4651	1.43767
2	4652	0.37768
2	4653	2.33496
2	4654	0.0604298
2	4655	0.0460402
2	4656	0.560097
2	4657	2.03461
2	4658	0.507639
2	4659	1.49866
2	4660	0.381718
2	4661	3.16586
2	4662	0.646191
2	4663	2.65794
2	4664	2.4888
2	4665	0.880537
2	4666	1.3258
2	4667	1.37095
2	4668	0.326668
2	4669	2.36164
2	4670	0.127171
2	4671	0.678141
2	4672	3.17661
2	4673	0.822156
2	4674	1.01447
2	4675	0.228228
2	4676	1.25823
2	4677	2.09978
2	4678	1.7373
2	4679	0.588164
2	4680	0.29075
2	4681	1.65906
2	4682	0.813139
2	4683	1.02288
2	4684	1.77179
2	4685	1.67229
2	4686	1.45501
2	4687	0.238502
2	4688	1.95976
2	4689	0.965739
2	4690	1.40198
2	4691	0.659156
2	4692	1.96108
2	4693	1.56567
2	4694	1.17441
2	4695	1.43701
2	4696	0.285989
2	4697	1.31368
2	4698	0.495864
2	4699	0.746732
2	4700	0.381396
2	4701	0.869379
2	4702	5.37821
2	4703	0.279075
2	4704	0.581851
2	4705	1.27454
2	4706	3.38675
2	4707	1.56104
2	4708	1.49466
2	4709	1.04855
2	4710	0.818055
2	4711	1.32318
2	4712	0.904465
2	4713	1.6226
2	4714	1.62012
2	4715	0.660513
2	4716	0.221941
2	4717	1.3138
2	4718	0.34883
2	4719	0.768438
2	4720	0.728165
2	4721	0.59468
2	4722	0.343209
2	4723	2.85406
2	4724	1.26222
2	4725	0.795403
2	4726	0.261453
2	4727	0.438188
2	4728	0.569182
2	4729	0.55383
2	4730	0.33801
2	4731	0.798593
2	4732	1.2219
2	4733	1.05918
2	4734	0.807953
2	4735	0.498833
2	4736	2.26814
2	4737	0.564691
2	4738	1.35742
2	4739	1.71333
2	4740	0.246283
2	4741	0.537974
2	4742	0.398652
2	4743	0.190353
2	4744	1.52276
2	4745	1.54107
2	4746	2.64545
2	4747	0.434693
2	4748	1.4896
2	4749	0.841543
2	4750	1.8032
2	4751	0.738611
2	4752	1.84461
2	4753	0.240284
2	4754	1.26344
2	4755	0.888275
2	4756	0.452511
2	4757	1.47265
2	4758	1.56895
2	4759	1.03869
2	4760	1.85737
2	4761	2.57467
2	4762	0.0341251
2	4763	2.03834
2	4764	0.33725
2	4765	0.800989
2	4766	0.398373
2	4767	0.468042
2	4768	1.69161
2	4769	1.53669
2	4770	0.455972
2	4771	1.07896
2	4772	0.80511
2	4773	0.570581
2	4774	0.528712
2	4775	0.433251
2	4776	0.132891
2	4777	0.424287
2	4778	2.5287
2	4779	0.792716
2	4780	0.408311
2	4781	0.255124
2	4782	1.56505
2	4783	0.310056
2	4784	2.25624
2	4785	0.563694
2	4786	0.547067
2	4787	1.49181
2	4788	0.992873
2	4789	0.232738
2	4790	0.487814
2	4791	0.151685
2	4792	1.2023
2	4793	0.17215
2	4794	0.130574
2	4795	0.184572
2	4796	0.958985
2	4797	0.645894
2	4798	0.332166
2	4799	1.01633
2	4800	0.454525
2	4801	0.568373
2	4802	0.574734
2	4803	1.14976
2	4804	0.74824
2	4805	0.387553
2	4806	2.59496
2	4807	1.18989
2	4808	0.445286
2	4809	0.230215
2	4810	1.51063
2	4811	0.983665
2	4812	0.358757
2	4813	1.40739
2	4814	0.14268
2	4815	1.05052
2	4816	1.20006
2	4817	1.02692
2	4818	0.992955
2	4819	2.69257
2	4820	1.72078
2	4821	1.1413
2	4822	2.25025
2	4823	0.131068
2	4824	0.508963
2	4825	0.2434
2	4826	1.8326
2	4827	0.641349
2	4828	1.25235
2	4829	1.23266
2	4830	0.383224
2	4831	1.29951
2	4832	0.623931
2	4833	2.09884
2	4834	0.899033
2	4835	0.449646
2	4836	1.03694
2	4837	1.28463
2	4838	2.25921
2	4839	0.8873
2	4840	2.34764
2	4841	0.310661
2	4842	2.18275
2	4843	1.0653
2	4844	1.11051
2	4845	1.88073
2	4846	0.476932
2	4847	1.22574
2	4848	0.276464
2	4849	1.31088
2	4850	0.981943
2	4851	0.726743
2	4852	2.26856
2	4853	1.18795
2	4854	0.0144828
2	4855	1.55313
2	4856	0.861
2	4857	1.17225
2	4858	1.44385
2	4859	0.277339
2	4860	1.00672
2	4861	1.44355
2	4862	0.536973
2	4863	0.99663
2	4864	0.291361
2	4865	0.78299
2	4866	0.349832
2	4867	0.890924
2	4868	1.85545
2	4869	0.502633
2	4870	0.578763
2	4871	1.45741
2	4872	0.587231
2	4873	0.738727
2	4874	0.885927
2	4875	1.1669
2	4876	0.201682
2	4877	0.893442
2	4878	1.4225
2	4879	0.288321
2	4880	0.82576
2	4881	0.192212
2	4882	1.01167
2	4883	0.427571
2	4884	1.03348
2	4885	1.01107
2	4886	0.4411
2	4887	0.533465
2	4888	0.549048
2	4889	0.0625653
2	4890	1.58077
2	4891	0.561189
2	4892	1.58221
2	4893	0.209751
2	4894	1.00357
2	4895	1.82228
2	4896	0.323309
2	4897	1.23184
2	4898	0.287015
2	4899	0.469858
2	4900	1.14941
2	4901	0.766995
2	4902	0.56821
2	4903	0.556972
2	4904	2.89328
2	4905	1.06012
2	4906	0.53584
2	4907	1.09244
2	4908	0.948157
2	4909	1.39021
2	4910	1.37757
2	4911	0.480346
2	4912	0.902922
2	4913	0.104231
2	4914	0.343169
2	4915	1.82024
2	4916	0.530649
2	4917	0.752111
2	4918	0.553312
2	4919	0.405875
2	4920	0.471835
2	4921	0.589106
2	4922	2.01513
2	4923	0.957305
2	4924	0.326051
2	4925	0.0425901
2	4926	1.08881
2	4927	3.32419
2	4928	3.20732
2	4929	0.142935
2	4930	0.668838
2	4931	0.632929
2	4932	0.650862
2	4933	0.106724
2	4934	0.178461
2	4935	0.208972
2	4936	0.269602
2	4937	0.755339
2	4938	0.239977
2	4939	1.40879
2	4940	1.13853
2	4941	0.581632
2	4942	0.784647
2	4943	0.515124
2	4944	0.737181
2	4945	1.10262
2	4946	0.240937
2	4947	0.934949
2	4948	3.02001
2	4949	1.07315
2	4950	1.60328
2	4951	0.432079
2	4952	1.0685
2	4953	0.336887
2	4954	1.68946
2	4955	0.324741
2	4956	0.605942
2	4957	1.47906
2	4958	1.92182
2	4959	2.03215
2	4960	0.323671
2	4961	0.929907
2	4962	1.88617
2	4963	0.662737
2	4964	1.47019
2	4965	0.942992
2	4966	1.69555
2	4967	2.89341
2	4968	1.82389
2	4969	0.116008
2	4970	0.20959
2	4971	0.832576
2	4972	1.73395
2	4973	2.05452
2	4974	0.617251
2	4975	2.24954
2	4976	0.414633
2	4977	1.00613
2	4978	0.261092
2	4979	0.0760953
2	4980	0.780738
2	4981	0.529317
2	4982	0.356189
2	4983	0.590622
2	4984	1.30996
2	4985	2.3381
2	4986	0.895239
2	4987	0.939381
2	4988	2.24356
2	4989	0.57981
2	4990	0.474837
2	4991	1.03224
2	4992	1.55506
2	4993	0.318402
2	4994	0.295483
2	4995	0.468923
2	4996	1.37025
2	4997	0.30503
2	4998	1.77826
2	4999	1.61602
2	5000	0.907314
2	5001	2.22134
2	5002	0.368749
2	5003	0.148012
2	5004	0.959388
2	5005	0.390127
2	5006	1.27855
2	5007	3.92066
2	5008	1.72955
2	5009	0.577254
2	5010	1.19511
2	5011	1.01859
2	5012	1.72653
2	5013	0.731115
2	5014	1.04851
2	5015	0.768932
2	5016	1.10291
2	5017	1.60358
2	5018	0.872322
2	5019	0.25073
2	5020	0.710937
2	5021	0.367506
2	5022	1.49947
2	5023	1.19456
2	5024	0.582282
2	5025	0.853887
2	5026	1.9217
2	5027	0.175116
2	5028	0.912782
2	5029	0.629351
2	5030	1.19934
2	5031	0.331676
2	5032	0.927453
2	5033	0.614328
2	5034	1.56583
2	5035	1.41363
2	5036	1.52779
2	5037	0.974579
2	5038	0.614542
2	5039	0.539121
2	5040	1.11049
2	5041	0.496865
2	5042	0.334381
2	5043	0.268268
2	5044	0.514793
2	5045	1.31231
2	5046	0.714986
2	5047	0.454129
2	5048	1.15187
2	5049	1.39298
2	5050	1.15159
2	5051	0.640618
2	5052	0.306049
2	5053	1.2067
2	5054	1.05522
2	5055	0.192574
2	5056	1.13777
2	5057	1.27717
2	5058	1.07853
2	5059	0.764344
2	5060	1.03665
2	5061	0.288268
2	5062	0.837304
2	5063	0.442448
2	5064	0.448376
2	5065	0.790113
2	5066	0.232628
2	5067	2.50931
2	5068	1.15891
2	5069	0.207394
2	5070	0.306752
2	5071	2.23464
2	5072	0.465339
2	5073	0.51314
2	5074	0.774547
2	5075	1.54838
2	5076	0.734078
2	5077	0.713029
2	5078	1.49243
2	5079	0.857606
2	5080	2.84071
2	5081	1.74051
2	5082	0.820387
2	5083	0.43736
2	5084	1.11786
2	5085	0.395407
2	5086	1.13323
2	5087	1.61351
2	5088	0.762864
2	5089	1.14112
2	5090	0.342106
2	5091	0.545305
2	5092	1.32526
2	5093	0.791115
2	5094	0.881473
2	5095	0.459338
2	5096	2.13531
2	5097	0.644701
2	5098	0.198016
2	5099	2.18109
2	5100	0.891889
2	5101	2.06218
2	5102	2.31649
2	5103	1.5424
2	5104	1.66043
2	5105	0.974796
2	5106	1.0665
2	5107	0.912847
2	5108	1.11729
2	5109	0.248329
2	5110	0.0941849
2	5111	0.402182
2	5112	2.74897
2	5113	1.35474
2	5114	0.568001
2	5115	0.984486
2	5116	1.05409
2	5117	0.220527
2	5118	0.778405
2	5119	0.248798
2	5120	2.57044
2	5121	0.378683
2	5122	1.02702
2	5123	0.0829092
2	5124	1.20725
2	5125	2.69293
2	5126	1.1542
2	5127	1.4277
2	5128	0.0661901
2	5129	0.755065
2	5130	0.355051
2	5131	0.308872
2	5132	0.591803
2	5133	1.35128
2	5134	0.685245
2	5135	0.818336
2	5136	1.16253
2	5137	1.57753
2	5138	1.41409
2	5139	1.01507
2	5140	0.89124
2	5141	0.625184
2	5142	0.208606
2	5143	2.1789
2	5144	1.00542
2	5145	0.29904
2	5146	0.908462
2	5147	0.437095
2	5148	0.357433
2	5149	2.0877
2	5150	2.23468
2	5151	0.50644
2	5152	1.88613
2	5153	0.690207
2	5154	0.88908
2	5155	1.18522
2	5156	0.815087
2	5157	0.535025
2	5158	1.03722
2	5159	0.567327
2	5160	1.23209
2	5161	2.37708
2	5162	0.269686
2	5163	0.541566
2	5164	0.415703
2	5165	1.85057
2	5166	1.43272
2	5167	0.834355
2	5168	0.406789
2	5169	1.75736
2	5170	1.25167
2	5171	1.4634
2	5172	1.54831
2	5173	0.0689823
2	5174	0.570001
2	5175	0.866211
2	5176	3.37908
2	5177	1.0582
2	5178	0.875266
2	5179	1.26969
2	5180	0.841633
2	5181	0.336084
2	5182	3.21409
2	5183	1.32787
2	5184	1.96091
2	5185	2.00399
2	5186	0.866084
2	5187	0.747962
2	5188	0.642893
2	5189	1.10617
2	5190	1.68451
2	5191	2.02505
2	5192	0.817374
2	5193	0.658741
2	5194	0.882781
2	5195	1.29445
2	5196	1.27896
2	5197	0.73447
2	5198	1.47336
2	5199	0.646829
2	5200	0.875586
2	5201	0.332777
2	5202	0.679292
2	5203	0.0974839
2	5204	3.33754
2	5205	1.91684
2	5206	1.34459
2	5207	0.891045
2	5208	0.877416
2	5209	0.437403
2	5210	0.939254
2	5211	0.662617
2	5212	0.181021
2	5213	1.07952
2	5214	0.629141
2	5215	1.28785
2	5216	1.97909
2	5217	1.0316
2	5218	0.764186
2	5219	1.74743
2	5220	0.361294
2	5221	0.687522
2	5222	0.961525
2	5223	0.824114
2	5224	1.19734
2	5225	0.976937
2	5226	0.623001
2	5227	0.763442
2	5228	0.134235
2	5229	0.821686
2	5230	0.758087
2	5231	0.551241
2	5232	1.27638
2	5233	2.26456
2	5234	0.439681
2	5235	1.18731
2	5236	1.83638
2	5237	1.92472
2	5238	1.94161
2	5239	1.01697
2	5240	2.17466
2	5241	2.11827
2	5242	1.04154
2	5243	1.70771
2	5244	1.04461
2	5245	1.30458
2	5246	1.09953
2	5247	1.35773
2	5248	1.1113
2	5249	0.439198
2	5250	1.56418
2	5251	0.037129
2	5252	1.02016
2	5253	0.819349
2	5254	0.825987
2	5255	0.546425
2	5256	0.736372
2	5257	1.30216
2	5258	0.844608
2	5259	0.448989
2	5260	0.213243
2	5261	0.329471
2	5262	1.12338
2	5263	0.893456
2	5264	2.33965
2	5265	1.08017
2	5266	1.11147
2	5267	0.355812
2	5268	2.92755
2	5269	0.856762
2	5270	1.01531
2	5271	2.71157
2	5272	0.600218
2	5273	1.9808
2	5274	0.741968
2	5275	0.387924
2	5276	1.15864
2	5277	0.117386
2	5278	1.29399
2	5279	0.367581
2	5280	0.618545
2	5281	2.07648
2	5282	1.03614
2	5283	1.81975
2	5284	0.472133
2	5285	1.1909
2	5286	0.658389
2	5287	1.63372
2	5288	1.15635
2	5289	0.241397
2	5290	2.19185
2	5291	1.35171
2	5292	0.676097
2	5293	0.153903
2	5294	2.33198
2	5295	2.63829
2	5296	0.220776
2	5297	1.32842
2	5298	1.80689
2	5299	0.341227
2	5300	1.31576
2	5301	1.46114
2	5302	1.3374
2	5303	1.39855
2	5304	0.578176
2	5305	0.714902
2	5306	1.20223
2	5307	1.35899
2	5308	0.0481847
2	5309	0.278816
2	5310	0.609572
2	5311	0.198159
2	5312	0.606604
2	5313	1.16547
2	5314	1.65081
2	5315	0.498905
2	5316	0.826834
2	5317	1.15293
2	5318	2.54042
2	5319	0.111201
2	5320	1.16529
2	5321	0.342221
2	5322	0.95016
2	5323	1.01981
2	5324	0.59545
2	5325	0.388417
2	5326	1.00079
2	5327	1.03973
2	5328	0.466949
2	5329	0.720711
2	5330	0.643504
2	5331	1.53969
2	5332	0.314124
2	5333	1.26604
2	5334	0.861146
2	5335	0.160999
2	5336	0.32109
2	5337	0.187626
2	5338	1.38891
2	5339	1.36907
2	5340	0.888918
2	5341	0.0809091
2	5342	2.44107
2	5343	0.872352
2	5344	0.72415
2	5345	0.453057
2	5346	0.333404
2	5347	1.42924
2	5348	1.818
2	5349	0.635586
2	5350	0.238324
2	5351	2.95054
2	5352	1.29141
2	5353	1.21281
2	5354	1.39333
2	5355	0.71452
2	5356	0.766218
2	5357	1.22179
2	5358	0.483221
2	5359	1.91156
2	5360	1.19639
2	5361	1.85707
2	5362	2.17533
2	5363	0.404653
2	5364	0.425152
2	5365	0.121175
2	5366	1.01352
2	5367	0.733929
2	5368	1.99848
2	5369	1.12397
2	5370	0.696571
2	5371	0.780464
2	5372	1.62511
2	5373	2.13124
2	5374	0.542775
2	5375	0.516173
2	5376	0.9213
2	5377	1.11097
2	5378	1.96989
2	5379	1.14985
2	5380	0.669755
2	5381	1.82419
2	5382	0.426274
2	5383	1.07892
2	5384	0.999382
2	5385	0.258139
2	5386	0.374947
2	5387	0.728803
2	5388	1.34496
2	5389	1.6528
2	5390	2.24738
2	5391	1.23332
2	5392	0.556717
2	5393	1.84379
2	5394	0.0284781
2	5395	1.29029
2	5396	0.764135
2	5397	1.21455
2	5398	0.19982
2	5399	1.4183
2	5400	0.356189
2	5401	0.253412
2	5402	0.343378
2	5403	2.02566
2	5404	0.298217
2	5405	1.42957
2	5406	0.46223
2	5407	1.16391
2	5408	2.20148
2	5409	1.66038
2	5410	2.34164
2	5411	1.24987
2	5412	0.959141
2	5413	1.34995
2	5414	0.748683
2	5415	1.86651
2	5416	0.496972
2	5417	0.357113
2	5418	0.958598
2	5419	2.03274
2	5420	1.03759
2	5421	0.990692
2	5422	0.245184
2	5423	1.12044
2	5424	0.827882
2	5425	0.244014
2	5426	0.677837
2	5427	0.484514
2	5428	1.04871
2	5429	1.23233
2	5430	0.605205
2	5431	0.27082
2	5432	0.313577
2	5433	0.768918
2	5434	0.503889
2	5435	0.426832
2	5436	0.460014
2	5437	1.30659
2	5438	0.791449
2	5439	0.156823
2	5440	1.57013
2	5441	3.21688
2	5442	0.673199
2	5443	2.26456
2	5444	0.571642
2	5445	0.252132
2	5446	0.959794
2	5447	1.67043
2	5448	1.67223
2	5449	0.828759
2	5450	1.03863
2	5451	1.2884
2	5452	0.374746
2	5453	0.901477
2	5454	1.65744
2	5455	0.389486
2	5456	4.47983
2	5457	1.07541
2	5458	0.681532
2	5459	2.06814
2	5460	2.04104
2	5461	0.600011
2	5462	1.71855
2	5463	0.336158
2	5464	0.938625
2	5465	0.934615
2	5466	1.23263
2	5467	1.80269
2	5468	0.79412
2	5469	0.314786
2	5470	2.21701
2	5471	0.245002
2	5472	0.975193
2	5473	0.418479
2	5474	1.93436
2	5475	0.890117
2	5476	0.59214
2	5477	2.06981
2	5478	1.16683
2	5479	1.91689
2	5480	1.98701
2	5481	4.07079
2	5482	1.19135
2	5483	0.785724
2	5484	1.4301
2	5485	1.79385
2	5486	1.82446
2	5487	0.0951446
2	5488	0.772364
2	5489	0.637711
2	5490	0.187945
2	5491	0.734747
2	5492	0.25403
2	5493	2.06565
2	5494	1.57124
2	5495	0.417141
2	5496	0.746683
2	5497	1.27235
2	5498	0.910776
2	5499	0.755792
2	5500	0.93242
2	5501	1.54232
2	5502	0.689648
2	5503	1.36721
2	5504	1.54978
2	5505	1.02818
2	5506	1.43359
2	5507	0.296071
2	5508	0.7861
2	5509	0.314104
2	5510	0.974731
2	5511	0.271117
2	5512	0.100618
2	5513	1.34553
2	5514	1.58753
2	5515	0.807775
2	5516	1.33581
2	5517	1.60541
2	5518	1.55356
2	5519	0.719498
2	5520	1.00532
2	5521	1.01153
2	5522	1.06788
2	5523	1.06918
2	5524	0.5309
2	5525	1.03064
2	5526	1.60108
2	5527	1.40833
2	5528	0.57712
2	5529	0.203528
2	5530	1.76763
2	5531	0.464446
2	5532	1.20323
2	5533	1.41957
2	5534	1.92683
2	5535	0.573139
2	5536	0.581946
2	5537	0.482535
2	5538	0.285109
2	5539	1.6559
2	5540	0.160004
2	5541	0.366374
2	5542	0.432354
2	5543	0.323291
2	5544	2.37167
2	5545	0.456583
2	5546	1.90303
2	5547	0.702093
2	5548	3.19288
2	5549	0.366479
2	5550	2.02067
2	5551	1.09117
2	5552	1.08074
2	5553	1.4092
2	5554	1.39552
2	5555	1.63076
2	5556	0.266678
2	5557	1.57749
2	5558	0.682724
2	5559	1.37001
2	5560	0.14985
2	5561	0.980816
2	5562	0.0725166
2	5563	0.546031
2	5564	0.655302
2	5565	0.772456
2	5566	1.63098
2	5567	0.408658
2	5568	0.532272
2	5569	1.20902
2	5570	0.209318
2	5571	2.69526
2	5572	1.31236
2	5573	0.801434
2	5574	1.13063
2	5575	2.21854
2	5576	2.41823
2	5577	1.18421
2	5578	0.643434
2	5579	0.675348
2	5580	0.574369
2	5581	0.648792
2	5582	0.951091
2	5583	0.66131
2	5584	0.913075
2	5585	1.36706
2	5586	0.0797148
2	5587	0.34696
2	5588	1.66438
2	5589	0.312985
2	5590	0.740725
2	5591	1.55261
2	5592	1.401
2	5593	0.548594
2	5594	1.15081
2	5595	0.946178
2	5596	0.826244
2	5597	1.82605
2	5598	1.27783
2	5599	0.571306
2	5600	1.00682
2	5601	1.48042
2	5602	1.24846
2	5603	0.421962
2	5604	1.63397
2	5605	0.596335
2	5606	1.23418
2	5607	0.753024
2	5608	0.759437
2	5609	3.89741
2	5610	0.387949
2	5611	0.903645
2	5612	0.361564
2	5613	1.81189
2	5614	0.871183
2	5615	1.80934
2	5616	0.105201
2	5617	0.512742
2	5618	0.866483
2	5619	0.6883
2	5620	1.90345
2	5621	1.55343
2	5622	0.292665
2	5623	0.535222
2	5624	1.0274
2	5625	1.76643
2	5626	1.03666
2	5627	0.698533
2	5628	0.750409
2	5629	1.84646
2	5630	0.513708
2	5631	0.549269
2	5632	2.66239
2	5633	1.02162
2	5634	0.235847
2	5635	0.78245
2	5636	0.166837
2	5637	0.569229
2	5638	0.96731
2	5639	2.41807
2	5640	1.24227
2	5641	0.810344
2	5642	1.86363
2	5643	0.8653
2	5644	0.998759
2	5645	0.446099
2	5646	0.8596
2	5647	1.63427
2	5648	2.00004
2	5649	1.63027
2	5650	0.473038
2	5651	1.53066
2	5652	1.73316
2	5653	2.30354
2	5654	2.4886
2	5655	0.583371
2	5656	1.03694
2	5657	2.09218
2	5658	1.38327
2	5659	0.291257
2	5660	0.857531
2	5661	1.13358
2	5662	0.831619
2	5663	1.55165
2	5664	0.753576
2	5665	0.473956
2	5666	0.969852
2	5667	0.661313
2	5668	0.560708
2	5669	1.86441
2	5670	0.673988
2	5671	1.20881
2	5672	0.7867
2	5673	0.832096
2	5674	1.28981
2	5675	1.08956
2	5676	1.36308
2	5677	0.387387
2	5678	0.560243
2	5679	0.844358
2	5680	0.591819
2	5681	0.405502
2	5682	1.29603
2	5683	0.128272
2	5684	1.03897
2	5685	1.44937
2	5686	2.20758
2	5687	1.04274
2	5688	1.04368
2	5689	0.93866
2	5690	0.655761
2	5691	0.110985
2	5692	1.7415
2	5693	0.300682
2	5694	2.01761
2	5695	0.414741
2	5696	1.26516
2	5697	0.27968
2	5698	0.796904
2	5699	1.37956
2	5700	1.06291
2	5701	0.782273
2	5702	1.62295
2	5703	0.401901
2	5704	1.70837
2	5705	0.873744
2	5706	0.978028
2	5707	1.04162
2	5708	1.13486
2	5709	0.671856
2	5710	3.06168
2	5711	0.254179
2	5712	0.259335
2	5713	4.02246
2	5714	1.05526
2	5715	2.3401
2	5716	0.9982
2	5717	0.204919
2	5718	1.18502
2	5719	1.2999
2	5720	0.212873
2	5721	0.522294
2	5722	0.629948
2	5723	1.04347
2	5724	0.0863147
2	5725	0.503168
2	5726	0.147523
2	5727	2.2293
2	5728	0.884425
2	5729	0.208765
2	5730	0.806578
2	5731	1.12952
2	5732	0.668412
2	5733	0.971702
2	5734	1.37928
2	5735	0.662869
2	5736	0.617005
2	5737	0.948547
2	5738	0.161047
2	5739	0.816032
2	5740	2.22596
2	5741	0.411771
2	5742	0.160213
2	5743	1.72913
2	5744	0.530882
2	5745	1.26547
2	5746	1.21972
2	5747	1.34216
2	5748	2.21552
2	5749	0.884512
2	5750	0.273722
2	5751	1.89275
2	5752	0.471204
2	5753	1.70349
2	5754	0.557332
2	5755	1.23797
2	5756	0.182565
2	5757	0.472974
2	5758	0.188767
2	5759	1.89883
2	5760	0.91076
2	5761	1.26569
2	5762	1.09035
2	5763	1.2657
2	5764	0.449466
2	5765	1.21628
2	5766	0.251966
2	5767	2.4799
2	5768	0.284311
2	5769	0.574967
2	5770	1.28863
2	5771	0.778091
2	5772	0.264509
2	5773	0.473666
2	5774	0.289371
2	5775	1.9739
2	5776	0.366491
2	5777	0.922356
2	5778	0.902986
2	5779	1.34965
2	5780	0.959016
2	5781	0.414864
2	5782	0.821358
2	5783	0.520555
2	5784	0.887047
2	5785	1.03496
2	5786	1.00684
2	5787	0.608363
2	5788	1.08097
2	5789	2.06712
2	5790	2.48498
2	5791	0.706383
2	5792	1.09254
2	5793	1.12069
2	5794	1.14937
2	5795	0.373356
2	5796	0.591872
2	5797	0.31193
2	5798	0.254338
2	5799	0.310911
2	5800	0.686614
2	5801	2.06161
2	5802	0.120618
2	5803	0.731299
2	5804	0.975033
2	5805	0.277771
2	5806	2.60131
2	5807	1.34474
2	5808	1.58357
2	5809	0.367373
2	5810	1.75535
2	5811	1.57042
2	5812	0.282791
2	5813	1.80225
2	5814	0.406167
2	5815	2.22906
2	5816	0.707257
2	5817	0.746271
2	5818	1.15698
2	5819	1.23843
2	5820	0.0456383
2	5821	1.50671
2	5822	1.8231
2	5823	0.913698
2	5824	0.71549
2	5825	1.24772
2	5826	0.240834
2	5827	0.924322
2	5828	1.27578
2	5829	0.750327
2	5830	1.59893
2	5831	0.932285
2	5832	1.6224
2	5833	0.1835
2	5834	1.03302
2	5835	0.191479
2	5836	1.17587
2	5837	1.41636
2	5838	0.921385
2	5839	1.32548
2	5840	0.209476
2	5841	0.122435
2	5842	2.70487
2	5843	0.34035
2	5844	1.16909
2	5845	0.944652
2	5846	0.525172
2	5847	1.35498
2	5848	2.3882
2	5849	2.02472
2	5850	2.75747
2	5851	1.07459
2	5852	2.22521
2	5853	0.742427
2	5854	0.644609
2	5855	0.203563
2	5856	0.276876
2	5857	0.523297
2	5858	0.501898
2	5859	0.615544
2	5860	1.13556
2	5861	0.592837
2	5862	0.497485
2	5863	0.997832
2	5864	2.29697
2	5865	1.20759
2	5866	0.295497
2	5867	1.75248
2	5868	1.81927
2	5869	0.669005
2	5870	1.85679
2	5871	1.65667
2	5872	0.620318
2	5873	1.0945
2	5874	0.669748
2	5875	0.805081
2	5876	0.263357
2	5877	2.71126
2	5878	0.448981
2	5879	0.893305
2	5880	1.15951
2	5881	2.03545
2	5882	1.125
2	5883	0.226651
2	5884	0.988298
2	5885	0.10041
2	5886	1.40442
2	5887	3.71414
2	5888	1.21807
2	5889	3.30208
2	5890	1.86898
2	5891	0.423949
2	5892	0.484486
2	5893	1.04284
2	5894	0.802273
2	5895	0.269366
2	5896	1.52561
2	5897	1.4449
2	5898	1.18388
2	5899	0.721725
2	5900	1.36851
2	5901	0.668063
2	5902	1.30432
2	5903	0.739967
2	5904	0.85489
2	5905	0.455292
2	5906	0.374367
2	5907	2.40511
2	5908	0.444258
2	5909	2.7531
2	5910	1.28299
2	5911	1.06338
2	5912	0.581097
2	5913	2.64621
2	5914	1.91433
2	5915	1.82185
2	5916	0.666066
2	5917	0.796179
2	5918	0.539408
2	5919	1.39025
2	5920	0.882303
2	5921	1.14784
2	5922	0.0615162
2	5923	1.12224
2	5924	0.976326
2	5925	0.725809
2	5926	1.17813
2	5927	0.412483
2	5928	1.65383
2	5929	1.19665
2	5930	1.38948
2	5931	1.14685
2	5932	0.29153
2	5933	0.537553
2	5934	0.72738
2	5935	0.971619
2	5936	2.3797
2	5937	0.482362
2	5938	1.04055
2	5939	0.546294
2	5940	2.68696
2	5941	1.813
2	5942	1.63216
2	5943	1.19858
2	5944	1.80003
2	5945	0.00481289
2	5946	0.745574
2	5947	0.756723
2	5948	1.28395
2	5949	0.433842
2	5950	1.7133
2	5951	0.772752
2	5952	1.43204
2	5953	1.09733
2	5954	1.48046
2	5955	0.803152
2	5956	0.367769
2	5957	0.835299
2	5958	0.579751
2	5959	1.28115
2	5960	0.56764
2	5961	0.908607
2	5962	0.565093
2	5963	1.28923
2	5964	3.96077
2	5965	1.36853
2	5966	0.303361
2	5967	1.53883
2	5968	0.823743
2	5969	0.842246
2	5970	1.01363
2	5971	0.905483
2	5972	2.25429
2	5973	1.01385
2	5974	0.544369
2	5975	0.368468
2	5976	1.68426
2	5977	1.32018
2	5978	1.34298
2	5979	0.865756
2	5980	1.4
2	5981	2.16763
2	5982	1.65561
2	5983	1.01502
2	5984	0.577051
2	5985	0.243391
2	5986	0.777265
2	5987	1.32847
2	5988	1.83678
2	5989	1.14282
2	5990	1.15651
2	5991	2.31919
2	5992	1.42105
2	5993	1.27311
2	5994	1.36858
2	5995	0.811993
2	5996	0.737775
2	5997	2.24715
2	5998	0.45014
2	5999	1.55959
2	6000	1.72629
2	6001	1.19926
2	6002	1.28797
2	6003	0.587204
2	6004	0.76883
2	6005	0.0675333
2	6006	1.39031
2	6007	0.143652
2	6008	0.323945
2	6009	0.516165
2	6010	0.375449
2	6011	0.128944
2	6012	1.23555
2	6013	1.04543
2	6014	1.28019
2	6015	1.33976
2	6016	1.85368
2	6017	3.78046
2	6018	0.743433
2	6019	0.724807
2	6020	2.9075
2	6021	3.00644
2	6022	1.5003
2	6023	2.20684
2	6024	0.534588
2	6025	0.336591
2	6026	0.462419
2	6027	2.19914
2	6028	1.38652
2	6029	0.461413
2	6030	1.12667
2	6031	1.28946
2	6032	0.489231
2	6033	0.262935
2	6034	1.00607
2	6035	0.841165
2	6036	0.511663
2	6037	1.54975
2	6038	0.691196
2	6039	0.929039
2	6040	0.66965
2	6041	0.0595428
2	6042	0.33859
2	6043	0.394311
2	6044	0.444425
2	6045	0.719704
2	6046	1.71771
2	6047	1.78344
2	6048	1.96162
2	6049	0.689871
2	6050	1.59215
2	6051	1.0547
2	6052	1.15253
2	6053	2.19533
2	6054	1.7113
2	6055	0.928585
2	6056	0.897158
2	6057	1.50734
2	6058	1.00399
2	6059	0.421399
2	6060	1.25405
2	6061	0.860403
2	6062	0.410644
2	6063	1.07963
2	6064	1.81689
2	6065	1.92905
2	6066	1.79577
2	6067	0.563251
2	6068	2.23022
2	6069	1.10618
2	6070	0.674161
2	6071	1.62903
2	6072	0.451121
2	6073	0.525533
2	6074	0.523567
2	6075	0.502116
2	6076	1.4969
2	6077	1.19536
2	6078	0.563962
2	6079	1.61789
2	6080	0.781241
2	6081	1.55776
2	6082	0.158946
2	6083	0.901816
2	6084	0.516936
2	6085	0.8601
2	6086	1.20352
2	6087	0.453176
2	6088	0.0863212
2	6089	0.727489
2	6090	0.301688
2	6091	2.18126
2	6092	0.151173
2	6093	0.794193
2	6094	1.15948
2	6095	0.512208
2	6096	0.647193
2	6097	3.43929
2	6098	1.92708
2	6099	3.09967
2	6100	3.3727
2	6101	1.17403
2	6102	1.05383
2	6103	4.31236
2	6104	0.876708
2	6105	0.128496
2	6106	1.57188
2	6107	1.99514
2	6108	0.3165
2	6109	1.57496
2	6110	0.62491
2	6111	0.23761
2	6112	0.248894
2	6113	0.453922
2	6114	1.57227
2	6115	0.734884
2	6116	0.5567
2	6117	0.462756
2	6118	0.557811
2	6119	1.22076
2	6120	1.15124
2	6121	1.70889
2	6122	1.65541
2	6123	1.19606
2	6124	0.996561
2	6125	0.693049
2	6126	0.593441
2	6127	0.335308
2	6128	0.68842
2	6129	0.552887
2	6130	0.719696
2	6131	2.00658
2	6132	0.277237
2	6133	0.992422
2	6134	1.06852
2	6135	2.01716
2	6136	2.14268
2	6137	1.03699
2	6138	0.587495
2	6139	0.324117
2	6140	2.10892
2	6141	1.47006
2	6142	1.20127
2	6143	1.50695
2	6144	1.47728
2	6145	1.22311
2	6146	1.25268
2	6147	1.8248
2	6148	0.608679
2	6149	1.22528
2	6150	0.525258
2	6151	0.719594
2	6152	0.57851
2	6153	0.377414
2	6154	1.45917
2	6155	0.407799
2	6156	0.617854
2	6157	1.80273
2	6158	0.0720516
2	6159	0.703465
2	6160	1.59943
2	6161	0.715573
2	6162	0.144949
2	6163	1.94689
2	6164	1.96621
2	6165	2.12483
2	6166	0.488466
2	6167	1.15276
2	6168	0.198694
2	6169	1.5648
2	6170	1.28787
2	6171	1.77004
2	6172	2.30742
2	6173	2.1915
2	6174	0.562123
2	6175	2.5233
2	6176	1.46707
2	6177	1.04054
2	6178	0.607257
2	6179	0.808186
2	6180	1.00159
2	6181	1.40783
2	6182	1.549
2	6183	0.232367
2	6184	0.729626
2	6185	2.16984
2	6186	0.520315
2	6187	0.74961
2	6188	0.440712
2	6189	1.63239
2	6190	0.432648
2	6191	0.862313
2	6192	0.0529453
2	6193	0.0971096
2	6194	1.70734
2	6195	0.702795
2	6196	0.193913
2	6197	1.21245
2	6198	0.198507
2	6199	0.489669
2	6200	1.0071
2	6201	1.55963
2	6202	0.901023
2	6203	0.983168
2	6204	0.314405
2	6205	1.4141
2	6206	1.28519
2	6207	1.38005
2	6208	0.432725
2	6209	1.32806
2	6210	1.30816
2	6211	0.364902
2	6212	1.77867
2	6213	0.257593
2	6214	3.21262
2	6215	2.07043
2	6216	0.611867
2	6217	1.54362
2	6218	1.04707
2	6219	0.533786
2	6220	0.477965
2	6221	0.609322
2	6222	1.63047
2	6223	1.29668
2	6224	2.21703
2	6225	2.01681
2	6226	3.11199
2	6227	0.192542
2	6228	1.34353
2	6229	0.256362
2	6230	0.622434
2	6231	0.388691
2	6232	0.984428
2	6233	0.626953
2	6234	0.43623
2	6235	0.382386
2	6236	1.82048
2	6237	0.630133
2	6238	1.16909
2	6239	0.616439
2	6240	0.619385
2	6241	0.591196
2	6242	1.36328
2	6243	0.732096
2	6244	0.23124
2	6245	1.09916
2	6246	0.882017
2	6247	0.667158
2	6248	0.509329
2	6249	0.489562
2	6250	0.939651
2	6251	1.42633
2	6252	0.464229
2	6253	3.09391
2	6254	1.34295
2	6255	1.24829
2	6256	0.781435
2	6257	0.442673
2	6258	1.42397
2	6259	1.28941
2	6260	1.05975
2	6261	1.17806
2	6262	1.17544
2	6263	1.27726
2	6264	0.716558
2	6265	0.642011
2	6266	0.618969
2	6267	0.370409
2	6268	1.06895
2	6269	0.564946
2	6270	0.264188
2	6271	0.725911
2	6272	0.439238
2	6273	0.351343
2	6274	2.8701
2	6275	0.792145
2	6276	0.443741
2	6277	0.455235
2	6278	0.471482
2	6279	1.10435
2	6280	0.351057
2	6281	0.358257
2	6282	0.22575
2	6283	1.0023
2	6284	0.324596
2	6285	1.82883
2	6286	0.717988
2	6287	1.28286
2	6288	0.303214
2	6289	1.36398
2	6290	1.82141
2	6291	1.12913
2	6292	1.1076
2	6293	1.15993
2	6294	0.553753
2	6295	0.485746
2	6296	0.156892
2	6297	1.35031
2	6298	0.248245
2	6299	2.15914
2	6300	1.33335
2	6301	1.46523
2	6302	1.55346
2	6303	1.23504
2	6304	0.625447
2	6305	1.88621
2	6306	0.839884
2	6307	3.79371
2	6308	0.463468
2	6309	0.283256
2	6310	0.971253
2	6311	0.80952
2	6312	0.258095
2	6313	0.271776
2	6314	0.176449
2	6315	0.399114
2	6316	0.167012
2	6317	1.57581
2	6318	1.66764
2	6319	0.142891
2	6320	0.991103
2	6321	2.81936
2	6322	0.29375
2	6323	1.90186
2	6324	1.12275
2	6325	0.842977
2	6326	0.821059
2	6327	1.30968
2	6328	2.79191
2	6329	2.17722
2	6330	1.28065
2	6331	0.739276
2	6332	0.842395
2	6333	0.904073
2	6334	0.422314
2	6335	1.67599
2	6336	0.440665
2	6337	0.531812
2	6338	0.948027
2	6339	0.64167
2	6340	0.577657
2	6341	0.87656
2	6342	1.40551
2	6343	0.647121
2	6344	1.65232
2	6345	0.76517
2	6346	0.293472
2	6347	0.319617
2	6348	1.01618
2	6349	0.946152
2	6350	3.34823
2	6351	0.64697
2	6352	0.304291
2	6353	0.38648
2	6354	1.21598
2	6355	0.509059
2	6356	1.01537
2	6357	1.38762
2	6358	0.782213
2	6359	0.930283
2	6360	0.954191
2	6361	0.2298
2	6362	0.677258
2	6363	0.350229
2	6364	0.421169
2	6365	1.51413
2	6366	1.00468
2	6367	0.470396
2	6368	3.45125
2	6369	0.24657
2	6370	1.42414
2	6371	0.251072
2	6372	1.47081
2	6373	1.21305
2	6374	2.58242
2	6375	1.983
2	6376	0.386908
2	6377	0.747301
2	6378	0.590813
2	6379	1.54482
2	6380	0.947281
2	6381	1.00069
2	6382	0.883944
2	6383	1.27247
2	6384	0.627294
2	6385	0.370418
2	6386	0.451147
2	6387	0.515259
2	6388	2.85593
2	6389	2.59862
2	6390	0.573791
2	6391	1.60373
2	6392	1.22145
2	6393	0.156573
2	6394	2.18974
2	6395	0.774719
2	6396	2.66866
2	6397	0.571973
2	6398	0.540684
2	6399	0.476784
2	6400	1.39363
2	6401	0.278218
2	6402	0.281705
2	6403	0.731413
2	6404	1.84108
2	6405	1.27352
2	6406	0.35994
2	6407	1.58121
2	6408	0.692392
2	6409	1.1321
2	6410	2.20639
2	6411	0.800059
2	6412	0.421288
2	6413	0.156289
2	6414	0.303767
2	6415	1.62834
2	6416	0.146251
2	6417	1.4663
2	6418	0.334075
2	6419	1.38341
2	6420	0.506251
2	6421	2.278
2	6422	0.0678639
2	6423	2.40737
2	6424	1.02389
2	6425	0.590636
2	6426	0.646208
2	6427	0.270501
2	6428	1.67253
2	6429	2.17448
2	6430	1.85736
2	6431	1.1726
2	6432	1.0247
2	6433	0.33504
2	6434	0.255738
2	6435	0.327016
2	6436	2.20493
2	6437	2.3406
2	6438	3.51412
2	6439	1.58952
2	6440	0.685805
2	6441	0.693936
2	6442	0.958713
2	6443	0.757305
2	6444	0.200762
2	6445	0.767659
2	6446	0.913429
2	6447	0.32232
2	6448	0.352117
2	6449	0.114086
2	6450	0.278745
2	6451	2.69568
2	6452	2.14166
2	6453	0.589204
2	6454	0.72902
2	6455	0.370632
2	6456	0.750442
2	6457	1.60483
2	6458	0.390343
2	6459	0.393419
2	6460	0.297725
2	6461	1.57782
2	6462	0.746667
2	6463	1.22723
2	6464	0.042432
2	6465	1.74425
2	6466	1.00603
2	6467	1.98649
2	6468	0.975798
2	6469	0.647611
2	6470	1.63295
2	6471	1.24279
2	6472	1.03922
2	6473	0.276788
2	6474	0.764899
2	6475	0.0603135
2	6476	2.66706
2	6477	0.161538
2	6478	1.03027
2	6479	0.666211
2	6480	1.74329
2	6481	0.224916
2	6482	0.600604
2	6483	0.649455
2	6484	0.973801
2	6485	1.48086
2	6486	3.89059
2	6487	0.349686
2	6488	1.89114
2	6489	0.54773
2	6490	0.541076
2	6491	0.470644
2	6492	0.882121
2	6493	0.539793
2	6494	1.04423
2	6495	2.13538
2	6496	7.38637
2	6497	0.655925
2	6498	0.779311
2	6499	1.56529
2	6500	1.52076
2	6501	0.400514
2	6502	0.365279
2	6503	0.629805
2	6504	0.310763
2	6505	2.14713
2	6506	0.964924
2	6507	4.05016
2	6508	0.181457
2	6509	0.527356
2	6510	3.54244
2	6511	1.3831
2	6512	0.356983
2	6513	1.0534
2	6514	1.26463
2	6515	0.214141
2	6516	0.77309
2	6517	1.54192
2	6518	1.0169
2	6519	0.699332
2	6520	0.552284
2	6521	0.894637
2	6522	0.446175
2	6523	0.654596
2	6524	0.185964
2	6525	0.269942
2	6526	1.13427
2	6527	0.421378
2	6528	2.09205
2	6529	0.852664
2	6530	0.594849
2	6531	0.96065
2	6532	0.848848
2	6533	0.695354
2	6534	1.17985
2	6535	0.262086
2	6536	0.319866
2	6537	0.419434
2	6538	0.162647
2	6539	0.469523
2	6540	0.40133
2	6541	1.49831
2	6542	1.00797
2	6543	0.605494
2	6544	1.07606
2	6545	0.774214
2	6546	0.730769
2	6547	0.63983
2	6548	0.623026
2	6549	0.319331
2	6550	1.56469
2	6551	0.246067
2	6552	0.505438
2	6553	0.634343
2	6554	2.38487
2	6555	1.57259
2	6556	0.839972
2	6557	1.68303
2	6558	4.09961
2	6559	0.846644
2	6560	0.874227
2	6561	1.80695
2	6562	0.852912
2	6563	1.58565
2	6564	0.710566
2	6565	0.997435
2	6566	0.405235
2	6567	0.475315
2	6568	0.232697
2	6569	1.6557
2	6570	1.20277
2	6571	0.142852
2	6572	1.39291
2	6573	0.357044
2	6574	0.737954
2	6575	0.0997166
2	6576	0.3257
2	6577	0.55771
2	6578	0.292722
2	6579	0.968482
2	6580	0.108497
2	6581	2.06399
2	6582	0.442147
2	6583	1.14051
2	6584	1.49811
2	6585	1.24259
2	6586	1.17848
2	6587	0.426653
2	6588	0.58399
2	6589	2.85149
2	6590	0.976963
2	6591	1.75926
2	6592	0.636917
2	6593	1.22947
2	6594	0.432948
2	6595	4.6656
2	6596	0.715788
2	6597	1.91281
2	6598	0.134596
2	6599	0.581966
2	6600	1.6543
2	6601	3.99526
2	6602	1.26412
2	6603	2.14316
2	6604	1.36458
2	6605	0.420294
2	6606	0.387649
2	6607	0.0659036
2	6608	1.41882
2	6609	1.14784
2	6610	1.16515
2	6611	0.906356
2	6612	1.28528
2	6613	0.197552
2	6614	0.338571
2	6615	1.36393
2	6616	1.30881
2	6617	0.484885
2	6618	0.187779
2	6619	0.313812
2	6620	1.31231
2	6621	0.891
2	6622	1.05119
2	6623	0.20852
2	6624	3.91684
2	6625	0.590661
2	6626	1.39313
2	6627	0.438044
2	6628	0.427848
2	6629	1.45549
2	6630	1.38694
2	6631	0.657309
2	6632	0.694616
2	6633	1.10227
2	6634	1.17324
2	6635	1.01386
2	6636	0.132462
2	6637	0.793449
2	6638	0.126533
2	6639	0.625256
2	6640	0.574493
2	6641	2.51044
2	6642	0.894699
2	6643	0.656694
2	6644	0.284788
2	6645	0.419234
2	6646	0.669913
2	6647	0.311798
2	6648	1.42575
2	6649	0.250501
2	6650	0.0681343
2	6651	0.129771
2	6652	0.664653
2	6653	0.413138
2	6654	2.51478
2	6655	0.641058
2	6656	3.64031
2	6657	0.803945
2	6658	1.01842
2	6659	0.565326
2	6660	0.25813
2	6661	0.941387
2	6662	1.0453
2	6663	0.717548
2	6664	0.738401
2	6665	0.347879
2	6666	0.421293
2	6667	0.203087
2	6668	0.562916
2	6669	3.45775
2	6670	0.535905
2	6671	0.819258
2	6672	0.999207
2	6673	0.173769
2	6674	0.446544
2	6675	1.27476
2	6676	0.647555
2	6677	0.206081
2	6678	0.253198
2	6679	0.830928
2	6680	0.705501
2	6681	1.52298
2	6682	0.937539
2	6683	1.69601
2	6684	1.138
2	6685	1.6642
2	6686	2.35317
2	6687	0.485858
2	6688	0.257361
2	6689	1.39148
2	6690	0.853227
2	6691	0.807616
2	6692	0.570623
2	6693	2.09406
2	6694	0.458682
2	6695	1.22797
2	6696	1.30335
2	6697	0.698745
2	6698	0.126947
2	6699	0.613443
2	6700	1.97468
2	6701	2.45011
2	6702	1.15633
2	6703	0.277767
2	6704	1.23582
2	6705	1.04802
2	6706	0.0615923
2	6707	0.970211
2	6708	0.944611
2	6709	1.77657
2	6710	1.13066
2	6711	1.16232
2	6712	0.995445
2	6713	0.203784
2	6714	1.87934
2	6715	1.23825
2	6716	0.562511
2	6717	2.0624
2	6718	0.840406
2	6719	0.22438
2	6720	3.56181
2	6721	1.56151
2	6722	1.72439
2	6723	0.523043
2	6724	0.43542
2	6725	0.454779
2	6726	0.164076
2	6727	0.246813
2	6728	0.635189
2	6729	0.800718
2	6730	1.91325
2	6731	0.369275
2	6732	1.27438
2	6733	0.364513
2	6734	1.69199
2	6735	1.72129
2	6736	1.19346
2	6737	1.32498
2	6738	1.03343
2	6739	0.92349
2	6740	0.650901
2	6741	2.53062
2	6742	2.25963
2	6743	0.8716
2	6744	0.510162
2	6745	0.150277
2	6746	1.99638
2	6747	0.566908
2	6748	1.04637
2	6749	2.12163
2	6750	2.20157
2	6751	0.540553
2	6752	0.813797
2	6753	1.98133
2	6754	0.545553
2	6755	0.949336
2	6756	1.35348
2	6757	1.71591
2	6758	0.0964276
2	6759	1.97811
2	6760	1.54769
2	6761	0.355202
2	6762	0.840164
2	6763	1.08513
2	6764	0.524059
2	6765	0.763276
2	6766	3.09034
2	6767	2.68694
2	6768	1.39514
2	6769	1.42469
2	6770	0.674975
2	6771	0.175998
2	6772	1.0276
2	6773	1.67934
2	6774	0.0836594
2	6775	0.934169
2	6776	0.37995
2	6777	0.924687
2	6778	2.47239
2	6779	0.577139
2	6780	1.08198
2	6781	3.53546
2	6782	0.812442
2	6783	0.19365
2	6784	2.33892
2	6785	0.469345
2	6786	1.56514
2	6787	2.76583
2	6788	0.112798
2	6789	0.702224
2	6790	0.567243
2	6791	1.92069
2	6792	1.25638
2	6793	0.686702
2	6794	0.247204
2	6795	0.958187
2	6796	0.563175
2	6797	0.708163
2	6798	0.190963
2	6799	0.677944
2	6800	1.84024
2	6801	0.698652
2	6802	1.21628
2	6803	0.940222
2	6804	1.24945
2	6805	2.17299
2	6806	0.532944
2	6807	0.0332627
2	6808	0.925906
2	6809	0.331181
2	6810	1.00916
2	6811	0.510755
2	6812	2.07736
2	6813	1.48924
2	6814	0.703882
2	6815	0.611652
2	6816	1.03222
2	6817	1.26907
2	6818	3.02622
2	6819	1.53755
2	6820	1.31435
2	6821	0.487492
2	6822	1.91473
2	6823	0.263924
2	6824	0.491985
2	6825	0.151352
2	6826	0.266312
2	6827	0.666881
2	6828	1.37578
2	6829	1.64915
2	6830	0.724337
2	6831	2.36376
2	6832	2.04926
2	6833	2.85689
2	6834	0.286249
2	6835	0.713657
2	6836	1.08358
2	6837	1.26432
2	6838	0.483607
2	6839	0.219136
2	6840	0.0504331
2	6841	0.515559
2	6842	0.489651
2	6843	1.90226
2	6844	1.10951
2	6845	1.7744
2	6846	0.1295
2	6847	0.206213
2	6848	1.28304
2	6849	0.205224
2	6850	0.395244
2	6851	0.144869
2	6852	0.260464
2	6853	1.22451
2	6854	1.32887
2	6855	0.574608
2	6856	1.84048
2	6857	1.32458
2	6858	0.729644
2	6859	2.08387
2	6860	1.17839
2	6861	0.0195659
2	6862	0.414388
2	6863	1.90829
2	6864	0.591293
2	6865	0.717627
2	6866	0.866042
2	6867	1.00114
2	6868	0.822098
2	6869	0.988446
2	6870	1.37961
2	6871	0.331934
2	6872	0.724412
2	6873	1.80665
2	6874	1.28586
2	6875	1.49307
2	6876	0.555043
2	6877	1.80129
2	6878	0.477201
2	6879	0.61815
2	6880	0.468861
2	6881	0.3788
2	6882	1.12069
2	6883	0.700623
2	6884	1.02663
2	6885	2.49898
2	6886	0.373745
2	6887	0.399974
2	6888	0.507243
2	6889	1.22383
2	6890	0.418046
2	6891	0.61911
2	6892	0.724558
2	6893	2.35812
2	6894	0.330969
2	6895	1.63353
2	6896	0.940076
2	6897	0.676721
2	6898	1.17862
2	6899	0.794564
2	6900	0.414964
2	6901	0.551064
2	6902	0.369757
2	6903	0.665215
2	6904	0.544092
2	6905	0.231919
2	6906	1.41068
2	6907	0.49028
2	6908	1.83568
2	6909	0.356287
2	6910	1.91583
2	6911	1.46286
2	6912	1.87579
2	6913	2.76963
2	6914	0.746201
2	6915	0.781747
2	6916	1.39037
2	6917	0.854851
2	6918	1.59373
2	6919	0.129903
2	6920	0.625109
2	6921	1.1671
2	6922	0.508079
2	6923	0.633254
2	6924	0.501083
2	6925	0.819564
2	6926	1.27551
2	6927	0.930756
2	6928	0.446979
2	6929	0.900949
2	6930	0.263264
2	6931	0.195023
2	6932	1.09914
2	6933	0.555307
2	6934	2.6556
2	6935	1.20229
2	6936	0.68752
2	6937	0.157903
2	6938	0.420141
2	6939	0.622109
2	6940	0.77254
2	6941	0.875149
2	6942	1.45206
2	6943	0.740988
2	6944	0.409791
2	6945	0.754397
2	6946	0.564665
2	6947	1.51019
2	6948	2.35032
2	6949	0.772646
2	6950	0.626145
2	6951	0.541938
2	6952	0.544678
2	6953	0.883364
2	6954	1.71067
2	6955	0.25948
2	6956	0.391903
2	6957	1.37928
2	6958	0.594691
2	6959	1.31929
2	6960	1.25724
2	6961	1.68188
2	6962	0.291572
2	6963	0.803646
2	6964	0.525199
2	6965	0.0658137
2	6966	0.832129
2	6967	3.67342
2	6968	0.357437
2	6969	0.527409
2	6970	1.90795
2	6971	0.610801
2	6972	1.48758
2	6973	0.309314
2	6974	1.13153
2	6975	0.510631
2	6976	1.61197
2	6977	1.94838
2	6978	0.845638
2	6979	0.788504
2	6980	2.39003
2	6981	0.770758
2	6982	0.285593
2	6983	0.326307
2	6984	0.349443
2	6985	1.14626
2	6986	1.15831
2	6987	1.87327
2	6988	0.799258
2	6989	0.644939
2	6990	0.373307
2	6991	0.12853
2	6992	0.386204
2	6993	1.3593
2	6994	1.50344
2	6995	0.332654
2	6996	1.02227
2	6997	0.529734
2	6998	0.162816
2	6999	2.12911
2	7000	0.816073
2	7001	1.11698
2	7002	0.497598
2	7003	0.167283
2	7004	0.503364
2	7005	0.782955
2	7006	1.09995
2	7007	1.00508
2	7008	3.10735
2	7009	0.798253
2	7010	1.03174
2	7011	0.692003
2	7012	0.953345
2	7013	1.68348
2	7014	1.60988
2	7015	2.63157
2	7016	1.01392
2	7017	0.761962
2	7018	0.459745
2	7019	0.740513
2	7020	1.8932
2	7021	0.944885
2	7022	2.14276
2	7023	0.473014
2	7024	1.91414
2	7025	0.85289
2	7026	0.317957
2	7027	1.15788
2	7028	1.80403
2	7029	0.28296
2	7030	1.41206
2	7031	0.7797
2	7032	0.885519
2	7033	0.545387
2	7034	0.692214
2	7035	0.77799
2	7036	0.672291
2	7037	0.437174
2	7038	2.32279
2	7039	1.29034
2	7040	0.195455
2	7041	0.824591
2	7042	0.831791
2	7043	0.892046
2	7044	1.4816
2	7045	0.659589
2	7046	2.21134
2	7047	0.597451
2	7048	1.34753
2	7049	0.508019
2	7050	0.967452
2	7051	0.287234
2	7052	0.0928909
2	7053	1.0606
2	7054	0.946952
2	7055	0.8334
2	7056	1.58306
2	7057	0.330613
2	7058	0.726099
2	7059	0.413888
2	7060	0.573644
2	7061	2.03851
2	7062	0.364598
2	7063	0.806763
2	7064	1.7276
2	7065	0.594155
2	7066	1.17975
2	7067	0.931536
2	7068	1.22361
2	7069	0.39075
2	7070	1.57373
2	7071	0.276421
2	7072	0.309581
2	7073	1.1575
2	7074	1.22548
2	7075	0.343201
2	7076	1.34912
2	7077	1.15438
2	7078	0.899859
2	7079	0.309241
2	7080	0.293707
2	7081	0.444715
2	7082	1.45985
2	7083	1.15602
2	7084	0.283067
2	7085	0.768332
2	7086	1.12679
2	7087	4.05028
2	7088	0.963323
2	7089	0.18848
2	7090	0.35649
2	7091	1.75167
2	7092	1.21689
2	7093	0.259309
2	7094	0.180614
2	7095	0.738356
2	7096	2.04692
2	7097	1.03002
2	7098	0.236035
2	7099	0.231297
2	7100	0.395243
2	7101	0.03278
2	7102	0.452988
2	7103	0.826946
2	7104	0.463134
2	7105	0.13574
2	7106	0.93762
2	7107	2.42763
2	7108	2.17357
2	7109	0.364701
2	7110	0.423082
2	7111	0.296716
2	7112	0.609915
2	7113	0.628505
2	7114	0.875393
2	7115	0.249603
2	7116	1.74346
2	7117	1.49009
2	7118	2.03483
2	7119	0.664482
2	7120	1.11149
2	7121	1.33939
2	7122	0.707414
2	7123	0.812277
2	7124	0.463561
2	7125	3.32168
2	7126	0.1245
2	7127	0.20786
2	7128	0.255047
2	7129	0.948691
2	7130	0.426081
2	7131	0.60593
2	7132	0.658807
2	7133	0.450182
2	7134	0.844741
2	7135	1.581
2	7136	1.0066
2	7137	2.12309
2	7138	0.241065
2	7139	0.922225
2	7140	0.679189
2	7141	1.17138
2	7142	1.0953
2	7143	0.409335
2	7144	1.6422
2	7145	1.60038
2	7146	0.209745
2	7147	1.07135
2	7148	0.794908
2	7149	1.16581
2	7150	0.027771
2	7151	1.5555
2	7152	0.317233
2	7153	0.659509
2	7154	0.205465
2	7155	0.362312
2	7156	0.826168
2	7157	2.72945
2	7158	1.56552
2	7159	0.384947
2	7160	0.774978
2	7161	0.292054
2	7162	2.32277
2	7163	0.296472
2	7164	0.575898
2	7165	0.498133
2	7166	4.09866
2	7167	0.423231
2	7168	3.66945
2	7169	0.217855
2	7170	0.385566
2	7171	0.411791
2	7172	0.337487
2	7173	2.57504
2	7174	0.241215
2	7175	0.195337
2	7176	0.472125
2	7177	0.471658
2	7178	2.03756
2	7179	1.69774
2	7180	0.59363
2	7181	0.758225
2	7182	0.453852
2	7183	2.10128
2	7184	0.794457
2	7185	0.444553
2	7186	2.85927
2	7187	0.792931
2	7188	3.13861
2	7189	0.694544
2	7190	0.623876
2	7191	1.4922
2	7192	0.420741
2	7193	4.75923
2	7194	0.599032
2	7195	0.848344
2	7196	2.1305
2	7197	1.16629
2	7198	0.819414
2	7199	2.15577
2	7200	0.160192
2	7201	1.39813
2	7202	1.62702
2	7203	1.15882
2	7204	0.50513
2	7205	0.153018
2	7206	1.03907
2	7207	0.589509
2	7208	1.05605
2	7209	0.826057
2	7210	2.16068
2	7211	0.125652
2	7212	1.73989
2	7213	0.278214
2	7214	1.12737
2	7215	0.804466
2	7216	0.682985
2	7217	0.654465
2	7218	0.765054
2	7219	0.533483
2	7220	0.279355
2	7221	1.56543
2	7222	0.276648
2	7223	1.10947
2	7224	0.770943
2	7225	1.46203
2	7226	0.384622
2	7227	3.34967
2	7228	0.562435
2	7229	1.12693
2	7230	0.585872
2	7231	0.370445
2	7232	1.60339
2	7233	1.59765
2	7234	1.47711
2	7235	0.536831
2	7236	0.400854
2	7237	1.71998
2	7238	0.103707
2	7239	0.0920105
2	7240	0.873234
2	7241	1.45865
2	7242	0.268062
2	7243	0.500646
2	7244	0.342071
2	7245	0.599685
2	7246	0.749357
2	7247	0.450892
2	7248	0.755247
2	7249	1.60647
2	7250	1.15027
2	7251	3.04183
2	7252	1.16594
2	7253	0.593408
2	7254	0.752574
2	7255	2.86284
2	7256	0.911394
2	7257	1.80831
2	7258	0.677354
2	7259	0.264329
2	7260	1.44042
2	7261	1.88391
2	7262	1.30415
2	7263	0.717896
2	7264	0.688907
2	7265	0.630699
2	7266	1.46804
2	7267	0.999417
2	7268	0.7268
2	7269	0.183475
2	7270	1.69321
2	7271	0.178869
2	7272	0.802712
2	7273	1.42744
2	7274	0.053533
2	7275	1.35444
2	7276	0.401024
2	7277	0.136807
2	7278	0.826773
2	7279	0.679922
2	7280	0.287969
2	7281	0.548748
2	7282	0.111646
2	7283	0.665118
2	7284	0.418058
2	7285	1.54046
2	7286	0.466563
2	7287	0.789337
2	7288	0.337525
2	7289	0.720329
2	7290	1.73516
2	7291	0.833119
2	7292	0.495614
2	7293	1.6381
2	7294	1.26441
2	7295	0.52258
2	7296	1.05882
2	7297	1.34875
2	7298	1.07012
2	7299	0.687323
2	7300	1.57148
2	7301	1.47148
2	7302	2.18283
2	7303	0.676045
2	7304	0.211881
2	7305	0.929417
2	7306	0.717038
2	7307	0.291477
2	7308	0.951302
2	7309	0.631237
2	7310	0.708404
2	7311	0.253176
2	7312	1.91351
2	7313	1.26367
2	7314	0.657765
2	7315	1.56618
2	7316	0.399362
2	7317	0.703096
2	7318	2.29197
2	7319	1.51226
2	7320	0.683901
2	7321	0.420796
2	7322	0.799021
2	7323	1.05068
2	7324	0.754548
2	7325	0.194725
2	7326	1.1645
2	7327	1.70023
2	7328	0.27338
2	7329	0.379338
2	7330	0.694075
2	7331	0.434089
2	7332	0.376987
2	7333	2.22121
2	7334	0.198288
2	7335	2.89061
2	7336	1.38476
2	7337	1.29823
2	7338	0.322638
2	7339	0.435855
2	7340	0.15914
2	7341	1.83547
2	7342	1.36322
2	7343	1.63307
2	7344	0.930064
2	7345	1.01375
2	7346	1.40158
2	7347	0.232626
2	7348	0.862569
2	7349	0.627979
2	7350	0.469815
2	7351	1.63672
2	7352	1.56814
2	7353	1.90814
2	7354	0.731658
2	7355	1.19052
2	7356	1.09716
2	7357	0.301863
2	7358	1.77272
2	7359	0.516627
2	7360	1.09462
2	7361	0.934937
2	7362	2.19931
2	7363	1.12966
2	7364	0.50791
2	7365	2.45459
2	7366	1.05564
2	7367	0.505935
2	7368	1.19014
2	7369	2.26535
2	7370	2.4248
2	7371	0.831185
2	7372	0.268253
2	7373	0.668243
2	7374	0.270074
2	7375	0.396215
2	7376	0.496231
2	7377	1.22594
2	7378	0.452464
2	7379	0.961277
2	7380	1.35481
2	7381	0.802845
2	7382	1.20874
2	7383	0.751668
2	7384	2.33285
2	7385	1.55228
2	7386	0.98581
2	7387	2.06347
2	7388	1.94443
2	7389	0.921844
2	7390	0.800393
2	7391	0.356999
2	7392	0.820418
2	7393	0.772888
2	7394	0.182255
2	7395	3.15669
2	7396	1.32726
2	7397	1.25553
2	7398	0.126808
2	7399	2.12421
2	7400	2.44534
2	7401	0.161875
2	7402	1.70353
2	7403	1.01296
2	7404	1.26499
2	7405	1.29007
2	7406	1.75396
2	7407	0.846973
2	7408	0.733785
2	7409	0.963825
2	7410	0.953201
2	7411	0.611236
2	7412	0.27435
2	7413	0.912618
2	7414	1.71612
2	7415	0.723543
2	7416	1.28576
2	7417	0.121144
2	7418	1.89237
2	7419	3.2695
2	7420	0.79832
2	7421	0.374243
2	7422	0.510598
2	7423	0.881606
2	7424	1.34551
2	7425	0.745672
2	7426	0.27161
2	7427	0.872706
2	7428	0.224523
2	7429	1.10398
2	7430	0.318661
2	7431	1.78002
2	7432	1.84843
2	7433	0.202986
2	7434	0.814918
2	7435	1.83043
2	7436	0.332714
2	7437	1.50917
2	7438	0.702545
2	7439	1.08022
2	7440	0.483107
2	7441	0.562842
2	7442	0.749369
2	7443	1.82493
2	7444	0.170124
2	7445	0.68645
2	7446	0.810108
2	7447	0.483663
2	7448	2.6285
2	7449	0.383606
2	7450	0.683506
2	7451	0.639668
2	7452	0.729193
2	7453	0.903948
2	7454	0.318877
2	7455	3.11871
2	7456	0.937671
2	7457	1.37684
2	7458	0.544418
2	7459	0.548644
2	7460	1.24088
2	7461	0.294502
2	7462	0.0701283
2	7463	0.84999
2	7464	1.95649
2	7465	1.50225
2	7466	1.15264
2	7467	1.89963
2	7468	0.188312
2	7469	0.822106
2	7470	0.956624
2	7471	0.536307
2	7472	2.26713
2	7473	1.40402
2	7474	1.03534
2	7475	0.258666
2	7476	1.55755
2	7477	1.69044
2	7478	0.670849
2	7479	1.29612
2	7480	0.833624
2	7481	0.175767
2	7482	0.795106
2	7483	0.654326
2	7484	0.144369
2	7485	0.0965422
2	7486	0.317112
2	7487	0.249614
2	7488	0.490343
2	7489	0.745283
2	7490	0.157386
2	7491	1.83318
2	7492	0.469888
2	7493	0.552327
2	7494	0.695372
2	7495	0.67271
2	7496	1.00089
2	7497	0.230417
2	7498	0.130705
2	7499	0.958905
2	7500	0.940882
2	7501	1.02576
2	7502	2.71215
2	7503	0.765032
2	7504	1.35194
2	7505	0.0986769
2	7506	2.61685
2	7507	0.968093
2	7508	0.634366
2	7509	0.620413
2	7510	1.09876
2	7511	0.610237
2	7512	0.745966
2	7513	0.205429
2	7514	0.758174
2	7515	0.301665
2	7516	1.73782
2	7517	0.999598
2	7518	0.121792
2	7519	0.369819
2	7520	0.341119
2	7521	1.57963
2	7522	1.64907
2	7523	1.69202
2	7524	0.0244389
2	7525	0.712624
2	7526	2.28986
2	7527	1.53617
2	7528	0.792628
2	7529	0.681
2	7530	0.48231
2	7531	1.22257
2	7532	2.00581
2	7533	0.500415
2	7534	1.03798
2	7535	1.51178
2	7536	0.868632
2	7537	0.441767
2	7538	2.69118
2	7539	2.87371
2	7540	0.74044
2	7541	0.713272
2	7542	0.801725
2	7543	1.24567
2	7544	1.03769
2	7545	0.584837
2	7546	1.5523
2	7547	0.690168
2	7548	0.49795
2	7549	1.12938
2	7550	0.0985551
2	7551	0.952609
2	7552	0.783085
2	7553	2.31975
2	7554	0.440927
2	7555	1.10759
2	7556	0.90145
2	7557	0.699161
2	7558	3.69962
2	7559	0.55936
2	7560	0.416898
2	7561	0.140557
2	7562	1.5974
2	7563	0.711931
2	7564	0.534674
2	7565	1.80958
2	7566	0.287988
2	7567	0.452781
2	7568	0.338943
2	7569	0.662561
2	7570	0.760619
2	7571	0.40673
2	7572	0.995365
2	7573	1.65551
2	7574	1.15527
2	7575	0.450836
2	7576	0.678724
2	7577	2.18282
2	7578	0.478523
2	7579	1.98355
2	7580	0.705487
2	7581	2.18947
2	7582	0.804506
2	7583	2.05709
2	7584	0.194789
2	7585	1.49873
2	7586	1.73759
2	7587	2.37692
2	7588	0.200196
2	7589	3.47979
2	7590	0.693744
2	7591	0.509119
2	7592	1.43376
2	7593	0.329474
2	7594	0.830739
2	7595	0.518173
2	7596	0.126793
2	7597	0.275503
2	7598	2.14056
2	7599	1.08022
2	7600	1.64923
2	7601	0.535349
2	7602	1.17975
2	7603	0.703351
2	7604	0.478222
2	7605	1.57263
2	7606	0.49032
2	7607	1.5496
2	7608	0.772549
2	7609	0.732434
2	7610	1.72106
2	7611	1.06719
2	7612	0.336808
2	7613	0.430572
2	7614	0.136218
2	7615	0.825691
2	7616	0.589756
2	7617	0.738275
2	7618	2.39499
2	7619	0.401684
2	7620	1.85214
2	7621	0.853744
2	7622	0.120416
2	7623	0.946239
2	7624	1.55892
2	7625	0.386332
2	7626	1.34615
2	7627	1.09096
2	7628	0.767349
2	7629	0.920701
2	7630	1.31496
2	7631	1.10825
2	7632	0.722318
2	7633	0.943177
2	7634	1.34086
2	7635	1.93215
2	7636	2.26701
2	7637	0.487447
2	7638	0.67455
2	7639	0.643674
2	7640	0.473338
2	7641	2.19002
2	7642	0.275692
2	7643	2.09384
2	7644	0.427828
2	7645	0.400729
2	7646	0.201854
2	7647	0.427849
2	7648	1.12444
2	7649	1.30778
2	7650	1.35171
2	7651	0.830014
2	7652	1.12492
2	7653	0.326243
2	7654	0.483249
2	7655	1.91771
2	7656	0.238409
2	7657	0.439067
2	7658	1.31887
2	7659	1.13002
2	7660	0.113068
2	7661	1.53672
2	7662	0.64512
2	7663	0.906831
2	7664	0.71052
2	7665	0.768349
2	7666	0.218357
2	7667	0.220886
2	7668	1.51764
2	7669	1.63259
2	7670	1.09771
2	7671	1.20686
2	7672	0.531868
2	7673	2.47004
2	7674	0.366254
2	7675	2.54745
2	7676	0.396295
2	7677	0.906417
2	7678	0.434307
2	7679	0.904809
2	7680	1.43168
2	7681	0.188436
2	7682	1.22735
2	7683	1.67467
2	7684	1.60021
2	7685	0.0444631
2	7686	0.858796
2	7687	2.16416
2	7688	0.538247
2	7689	1.23417
2	7690	0.978394
2	7691	0.548903
2	7692	1.49614
2	7693	0.377475
2	7694	1.67896
2	7695	0.435102
2	7696	0.725661
2	7697	1.92036
2	7698	1.96214
2	7699	2.05854
2	7700	1.83071
2	7701	0.75551
2	7702	1.77631
2	7703	1.02118
2	7704	0.4096
2	7705	1.24219
2	7706	0.181928
2	7707	1.04031
2	7708	0.428362
2	7709	2.30856
2	7710	2.0161
2	7711	0.883795
2	7712	1.95547
2	7713	0.584731
2	7714	0.499882
2	7715	0.524721
2	7716	0.411758
2	7717	1.0491
2	7718	0.592175
2	7719	0.204161
2	7720	1.14697
2	7721	1.33011
2	7722	0.713422
2	7723	0.311943
2	7724	1.75456
2	7725	2.05349
2	7726	0.699868
2	7727	0.928741
2	7728	0.922478
2	7729	1.31256
2	7730	0.533517
2	7731	0.886838
2	7732	1.34837
2	7733	1.25272
2	7734	0.637504
2	7735	1.11834
2	7736	0.207218
2	7737	0.711382
2	7738	0.743101
2	7739	1.10967
2	7740	1.13098
2	7741	0.558644
2	7742	0.966652
2	7743	0.452546
2	7744	1.23605
2	7745	1.2305
2	7746	0.822309
2	7747	0.672671
2	7748	1.13929
2	7749	0.830453
2	7750	0.228478
2	7751	0.0228568
2	7752	0.722647
2	7753	0.885364
2	7754	1.22316
2	7755	1.54616
2	7756	0.332322
2	7757	1.89227
2	7758	0.245958
2	7759	3.23178
2	7760	0.116107
2	7761	1.33366
2	7762	0.214487
2	7763	0.619989
2	7764	0.522196
2	7765	0.154641
2	7766	1.7027
2	7767	0.694009
2	7768	0.39984
2	7769	0.441285
2	7770	1.01849
2	7771	0.229441
2	7772	0.573189
2	7773	1.15616
2	7774	0.375933
2	7775	3.63208
2	7776	2.24583
2	7777	1.40793
2	7778	1.01472
2	7779	0.22784
2	7780	0.779836
2	7781	1.33006
2	7782	0.589673
2	7783	0.434635
2	7784	0.546208
2	7785	0.353929
2	7786	0.740256
2	7787	0.675119
2	7788	1.04997
2	7789	0.918978
2	7790	0.95539
2	7791	0.397862
2	7792	0.839261
2	7793	1.24509
2	7794	1.38084
2	7795	0.522376
2	7796	1.86096
2	7797	0.342104
2	7798	0.673782
2	7799	0.947979
2	7800	1.39655
2	7801	0.843375
2	7802	0.762019
2	7803	0.058454
2	7804	1.42107
2	7805	0.689947
2	7806	1.13508
2	7807	0.375863
2	7808	1.3168
2	7809	1.07701
2	7810	0.445066
2	7811	0.233419
2	7812	0.626278
2	7813	2.37731
2	7814	0.23292
2	7815	0.780989
2	7816	0.428097
2	7817	0.586892
2	7818	0.473255
2	7819	1.11111
2	7820	0.574906
2	7821	0.52606
2	7822	0.339664
2	7823	0.805585
2	7824	1.48414
2	7825	0.668521
2	7826	0.991158
2	7827	1.47059
2	7828	1.54387
2	7829	0.942251
2	7830	1.09277
2	7831	0.684216
2	7832	1.29117
2	7833	0.38854
2	7834	0.440521
2	7835	1.60036
2	7836	0.801886
2	7837	1.51091
2	7838	1.82372
2	7839	2.43307
2	7840	0.287857
2	7841	1.22783
2	7842	1.91837
2	7843	0.776049
2	7844	0.3211
2	7845	0.130277
2	7846	1.48067
2	7847	1.94749
2	7848	0.625977
2	7849	0.392814
2	7850	1.33282
2	7851	1.71787
2	7852	0.860071
2	7853	0.341273
2	7854	0.888316
2	7855	2.40958
2	7856	0.380971
2	7857	0.376554
2	7858	0.722532
2	7859	0.216553
2	7860	0.774417
2	7861	1.62944
2	7862	0.173951
2	7863	2.11111
2	7864	0.898123
2	7865	1.61405
2	7866	1.73657
2	7867	1.51608
2	7868	0.671041
2	7869	2.25375
2	7870	1.23483
2	7871	0.515226
2	7872	0.929169
2	7873	2.00568
2	7874	1.78429
2	7875	1.15813
2	7876	1.46311
2	7877	1.06472
2	7878	0.642233
2	7879	1.00714
2	7880	0.812745
2	7881	1.06164
2	7882	2.43997
2	7883	1.47116
2	7884	1.25566
2	7885	1.11971
2	7886	0.805993
2	7887	1.3632
2	7888	1.45598
2	7889	0.408192
2	7890	2.78645
2	7891	0.937508
2	7892	2.64808
2	7893	1.19737
2	7894	0.713667
2	7895	0.76547
2	7896	0.797078
2	7897	0.631527
2	7898	0.791889
2	7899	1.59879
2	7900	0.47236
2	7901	0.645586
2	7902	0.812927
2	7903	2.69599
2	7904	0.930719
2	7905	0.767248
2	7906	1.46443
2	7907	1.32465
2	7908	1.18101
2	7909	1.1087
2	7910	0.496225
2	7911	0.639463
2	7912	1.86253
2	7913	1.26563
2	7914	1.90936
2	7915	0.243854
2	7916	1.04126
2	7917	1.79762
2	7918	0.461464
2	7919	0.598574
2	7920	0.913876
2	7921	2.47392
2	7922	1.92916
2	7923	0.927501
2	7924	0.363826
2	7925	1.0515
2	7926	2.95104
2	7927	1.3196
2	7928	0.287902
2	7929	0.758072
2	7930	2.34734
2	7931	1.12501
2	7932	1.28881
2	7933	0.57406
2	7934	0.0920811
2	7935	1.54082
2	7936	0.878888
2	7937	0.96879
2	7938	0.96783
2	7939	0.642915
2	7940	0.128919
2	7941	0.130921
2	7942	1.02136
2	7943	0.528178
2	7944	0.815216
2	7945	0.183252
2	7946	0.776756
2	7947	1.86636
2	7948	0.757871
2	7949	1.76394
2	7950	1.06087
2	7951	1.20417
2	7952	0.643086
2	7953	1.29347
2	7954	1.27099
2	7955	0.717303
2	7956	1.98895
2	7957	0.195722
2	7958	1.5905
2	7959	1.14497
2	7960	0.692112
2	7961	1.31875
2	7962	0.0568895
2	7963	0.381457
2	7964	0.20967
2	7965	0.489015
2	7966	1.37441
2	7967	0.27239
2	7968	1.0379
2	7969	0.220219
2	7970	0.376292
2	7971	0.167596
2	7972	1.3173
2	7973	0.399879
2	7974	0.409869
2	7975	1.14865
2	7976	0.822607
2	7977	1.18687
2	7978	0.445574
2	7979	0.715194
2	7980	1.66743
2	7981	0.436112
2	7982	0.588623
2	7983	0.67498
2	7984	0.757202
2	7985	0.226483
2	7986	0.675618
2	7987	0.553916
2	7988	0.544148
2	7989	0.621336
2	7990	0.095633
2	7991	0.513033
2	7992	0.135589
2	7993	0.27451
2	7994	0.380928
2	7995	0.236273
2	7996	1.74131
2	7997	0.550432
2	7998	1.21122
2	7999	1.6659
2	8000	1.51316
2	8001	0.345238
2	8002	0.896385
2	8003	0.121716
2	8004	0.205269
2	8005	1.73119
2	8006	0.719617
2	8007	0.642544
2	8008	0.85816
2	8009	0.942656
2	8010	0.857137
2	8011	0.337137
2	8012	0.345504
2	8013	0.629314
2	8014	1.62444
2	8015	0.447291
2	8016	0.32048
2	8017	0.2696
2	8018	0.43156
2	8019	0.236989
2	8020	0.486008
2	8021	2.92422
2	8022	0.0283023
2	8023	1.69826
2	8024	0.72148
2	8025	0.331684
2	8026	0.342577
2	8027	1.17813
2	8028	0.889619
2	8029	0.575545
2	8030	0.559556
2	8031	0.31923
2	8032	1.79726
2	8033	0.366217
2	8034	2.37011
2	8035	1.15749
2	8036	0.835494
2	8037	0.682541
2	8038	0.222094
2	8039	1.5772
2	8040	0.29693
2	8041	0.739517
2	8042	3.15302
2	8043	0.388605
2	8044	0.807777
2	8045	0.684016
2	8046	2.30361
2	8047	0.830483
2	8048	0.856433
2	8049	0.172356
2	8050	2.4613
2	8051	0.710157
2	8052	0.911843
2	8053	0.0944454
2	8054	1.75968
2	8055	1.3153
2	8056	0.507032
2	8057	0.450153
2	8058	0.721723
2	8059	1.54689
2	8060	1.00835
2	8061	0.451107
2	8062	0.55394
2	8063	0.353044
2	8064	1.72386
2	8065	2.74423
2	8066	1.03267
2	8067	0.349135
2	8068	0.683785
2	8069	0.789701
2	8070	0.181045
2	8071	2.06188
2	8072	1.9829
2	8073	1.95778
2	8074	0.529792
2	8075	0.984396
2	8076	0.140336
2	8077	0.471534
2	8078	0.470253
2	8079	0.576527
2	8080	0.822494
2	8081	1.00162
2	8082	1.68557
2	8083	0.768405
2	8084	0.568068
2	8085	1.59446
2	8086	1.65359
2	8087	1.72187
2	8088	0.157613
2	8089	2.48583
2	8090	0.439596
2	8091	1.64869
2	8092	2.06046
2	8093	0.820611
2	8094	0.850442
2	8095	1.7818
2	8096	0.543615
2	8097	1.29495
2	8098	0.198704
2	8099	0.474931
2	8100	0.460154
2	8101	0.325144
2	8102	1.76905
2	8103	1.75894
2	8104	2.21083
2	8105	0.358459
2	8106	0.19617
2	8107	0.560731
2	8108	1.1466
2	8109	0.485336
2	8110	1.07565
2	8111	0.0419004
2	8112	0.840405
2	8113	2.62395
2	8114	1.28322
2	8115	1.87827
2	8116	1.19353
2	8117	0.245027
2	8118	1.07336
2	8119	1.01814
2	8120	0.862487
2	8121	1.75978
2	8122	0.741092
2	8123	0.835202
2	8124	1.05342
2	8125	2.07048
2	8126	1.81268
2	8127	1.00628
2	8128	0.486341
2	8129	0.487331
2	8130	1.04674
2	8131	0.538686
2	8132	2.74761
2	8133	2.02883
2	8134	1.87908
2	8135	0.212273
2	8136	0.813002
2	8137	0.307943
2	8138	1.77915
2	8139	2.50942
2	8140	1.50226
2	8141	0.570137
2	8142	0.336856
2	8143	0.830257
2	8144	0.709146
2	8145	2.77073
2	8146	0.357562
2	8147	0.816309
2	8148	0.482819
2	8149	1.75981
2	8150	0.443129
2	8151	1.93279
2	8152	1.7032
2	8153	0.418404
2	8154	1.39738
2	8155	1.11154
2	8156	0.666655
2	8157	0.47307
2	8158	2.28287
2	8159	1.7236
2	8160	0.45836
2	8161	1.70833
2	8162	0.174787
2	8163	0.678269
2	8164	0.240436
2	8165	1.31469
2	8166	1.38791
2	8167	1.26899
2	8168	0.98669
2	8169	0.895082
2	8170	0.692161
2	8171	0.227773
2	8172	1.64808
2	8173	0.774673
2	8174	0.363345
2	8175	1.21557
2	8176	1.81587
2	8177	1.76156
2	8178	1.00993
2	8179	1.76243
2	8180	1.26195
2	8181	1.06398
2	8182	1.3102
2	8183	0.245722
2	8184	1.34455
2	8185	0.817292
2	8186	1.15306
2	8187	4.51751
2	8188	1.94105
2	8189	0.65367
2	8190	0.397049
2	8191	2.28639
2	8192	1.54909
2	8193	0.793513
2	8194	0.378429
2	8195	0.637474
2	8196	1.42805
2	8197	0.426427
2	8198	0.476712
2	8199	1.08216
2	8200	0.711346
2	8201	1.77324
2	8202	2.3219
2	8203	0.896238
2	8204	1.76557
2	8205	1.00359
2	8206	1.50738
2	8207	0.459241
2	8208	1.00532
2	8209	1.57624
2	8210	1.45114
2	8211	1.9844
2	8212	1.10456
2	8213	0.780108
2	8214	0.703997
2	8215	1.37527
2	8216	0.403449
2	8217	1.16792
2	8218	0.738753
2	8219	1.0336
2	8220	0.516567
2	8221	1.12401
2	8222	0.598088
2	8223	0.204846
2	8224	0.751501
2	8225	0.721573
2	8226	0.711573
2	8227	1.72609
2	8228	0.380894
2	8229	0.966569
2	8230	1.33416
2	8231	3.09118
2	8232	1.95461
2	8233	0.402307
2	8234	0.442185
2	8235	1.36015
2	8236	0.502332
2	8237	0.396375
2	8238	0.535829
2	8239	2.19035
2	8240	1.10108
2	8241	2.93087
2	8242	0.810562
2	8243	0.660774
2	8244	3.96124
2	8245	0.419505
2	8246	2.33295
2	8247	1.07507
2	8248	1.91514
2	8249	1.90195
2	8250	2.48167
2	8251	0.81105
2	8252	0.484587
2	8253	1.89673
2	8254	2.2129
2	8255	1.31943
2	8256	0.65303
2	8257	1.28746
2	8258	0.109238
2	8259	1.12053
2	8260	0.663105
2	8261	0.969707
2	8262	0.814018
2	8263	1.62113
2	8264	0.596785
2	8265	0.353476
2	8266	2.72755
2	8267	0.249293
2	8268	2.38863
2	8269	3.00754
2	8270	0.304166
2	8271	0.326152
2	8272	0.653775
2	8273	0.801488
2	8274	0.530005
2	8275	0.806022
2	8276	0.716592
2	8277	0.497399
2	8278	1.16406
2	8279	0.513509
2	8280	1.05843
2	8281	0.195058
2	8282	2.52131
2	8283	1.64924
2	8284	0.525733
2	8285	1.43127
2	8286	0.131271
2	8287	1.2779
2	8288	0.382593
2	8289	1.2744
2	8290	0.24178
2	8291	0.422418
2	8292	1.91124
2	8293	0.895208
2	8294	0.332143
2	8295	0.785853
2	8296	2.9665
2	8297	0.584749
2	8298	1.20355
2	8299	0.78603
2	8300	0.507097
2	8301	0.177461
2	8302	1.37131
2	8303	1.68128
2	8304	1.45511
2	8305	0.809325
2	8306	0.788846
2	8307	0.709261
2	8308	0.870747
2	8309	1.14115
2	8310	0.969214
2	8311	0.647523
2	8312	1.25179
2	8313	0.987273
2	8314	1.50991
2	8315	1.14052
2	8316	0.54124
2	8317	1.28022
2	8318	0.797042
2	8319	0.326772
2	8320	3.57456
2	8321	2.61019
2	8322	0.824424
2	8323	0.655073
2	8324	0.791651
2	8325	0.114455
2	8326	0.492148
2	8327	1.75046
2	8328	1.97251
2	8329	1.48858
2	8330	0.776979
2	8331	0.135325
2	8332	0.513463
2	8333	0.241251
2	8334	1.56286
2	8335	1.20112
2	8336	0.0789286
2	8337	0.338637
2	8338	0.348874
2	8339	0.586912
2	8340	0.973556
2	8341	0.511208
2	8342	0.678575
2	8343	0.237845
2	8344	0.407909
2	8345	0.561261
2	8346	2.77559
2	8347	1.76642
2	8348	1.23502
2	8349	2.50038
2	8350	0.328451
2	8351	0.708759
2	8352	0.239026
2	8353	0.112524
2	8354	0.117178
2	8355	0.492294
2	8356	0.314315
2	8357	0.577852
2	8358	0.522662
2	8359	1.05681
2	8360	0.687678
2	8361	0.477475
2	8362	0.768152
2	8363	0.789651
2	8364	0.254087
2	8365	1.09097
2	8366	0.247692
2	8367	0.876146
2	8368	0.421103
2	8369	1.90102
2	8370	0.299186
2	8371	1.69675
2	8372	0.507913
2	8373	0.52623
2	8374	0.936161
2	8375	0.839637
2	8376	0.366209
2	8377	1.99623
2	8378	1.55042
2	8379	1.33842
2	8380	0.885592
2	8381	0.906763
2	8382	2.06241
2	8383	0.368901
2	8384	1.23469
2	8385	0.81009
2	8386	1.96367
2	8387	0.36005
2	8388	1.91767
2	8389	0.808539
2	8390	0.12811
2	8391	0.680718
2	8392	0.0653292
2	8393	1.149
2	8394	0.56926
2	8395	0.599627
2	8396	0.714185
2	8397	1.23304
2	8398	0.99921
2	8399	1.39196
2	8400	0.326762
2	8401	0.794857
2	8402	0.906828
2	8403	0.855248
2	8404	0.953584
2	8405	1.32437
2	8406	0.511715
2	8407	1.6061
2	8408	0.453769
2	8409	1.19812
2	8410	1.00302
2	8411	2.14813
2	8412	0.318084
2	8413	0.682955
2	8414	1.93738
2	8415	1.53592
2	8416	0.512602
2	8417	1.94702
2	8418	0.16174
2	8419	0.303268
2	8420	0.646713
2	8421	0.240215
2	8422	0.95697
2	8423	0.954954
2	8424	1.51173
2	8425	1.25746
2	8426	0.16474
2	8427	1.73104
2	8428	0.441426
2	8429	0.329101
2	8430	0.481737
2	8431	1.1876
2	8432	1.01789
2	8433	1.0839
2	8434	0.775823
2	8435	1.05941
2	8436	1.50289
2	8437	0.755498
2	8438	0.5589
2	8439	1.08382
2	8440	1.8702
2	8441	0.746565
2	8442	0.697547
2	8443	0.365308
2	8444	0.727469
2	8445	0.806819
2	8446	0.360358
2	8447	0.571138
2	8448	0.891465
2	8449	0.288186
2	8450	0.616453
2	8451	0.164822
2	8452	0.027164
2	8453	2.20362
2	8454	1.11163
2	8455	2.47069
2	8456	2.19476
2	8457	0.908325
2	8458	0.794831
2	8459	0.98083
2	8460	1.32847
2	8461	0.335331
2	8462	1.35459
2	8463	0.903511
2	8464	0.167564
2	8465	0.399253
2	8466	0.451795
2	8467	0.431945
2	8468	1.4898
2	8469	0.403848
2	8470	0.168402
2	8471	2.13855
2	8472	0.851452
2	8473	1.25371
2	8474	1.84216
2	8475	0.544773
2	8476	3.16941
2	8477	0.0517239
2	8478	0.151546
2	8479	1.1282
2	8480	1.1699
2	8481	0.856827
2	8482	2.1115
2	8483	1.93018
2	8484	0.37529
2	8485	1.38719
2	8486	2.04829
2	8487	0.522961
2	8488	1.17044
2	8489	1.24543
2	8490	0.64483
2	8491	2.20192
2	8492	0.404309
2	8493	0.631873
2	8494	0.681839
2	8495	0.65965
2	8496	1.67195
2	8497	1.63827
2	8498	1.16844
2	8499	0.592983
2	8500	0.645994
2	8501	0.557885
2	8502	0.169601
2	8503	1.51789
2	8504	1.32327
2	8505	1.04181
2	8506	0.711733
2	8507	0.376548
2	8508	1.13436
2	8509	1.74921
2	8510	3.0763
2	8511	0.929945
2	8512	0.742882
2	8513	0.733784
2	8514	0.885099
2	8515	0.28253
2	8516	3.60596
2	8517	0.795796
2	8518	0.517205
2	8519	1.34382
2	8520	0.858731
2	8521	0.815252
2	8522	1.43859
2	8523	1.28461
2	8524	0.316969
2	8525	0.557093
2	8526	0.531221
2	8527	0.432478
2	8528	0.450167
2	8529	1.97659
2	8530	1.11662
2	8531	0.324416
2	8532	0.0437249
2	8533	1.11043
2	8534	2.32148
2	8535	0.49341
2	8536	0.584584
2	8537	0.783457
2	8538	2.39835
2	8539	0.597149
2	8540	0.61097
2	8541	0.257157
2	8542	1.00591
2	8543	1.73028
2	8544	0.0653025
2	8545	1.37727
2	8546	0.433523
2	8547	0.314368
2	8548	1.02114
2	8549	0.588447
2	8550	0.804995
2	8551	0.574012
2	8552	0.357463
2	8553	0.435602
2	8554	0.844067
2	8555	0.712873
2	8556	2.04607
2	8557	1.58768
2	8558	0.729461
2	8559	3.31567
2	8560	1.42444
2	8561	0.856305
2	8562	0.801547
2	8563	0.604148
2	8564	0.230383
2	8565	3.45326
2	8566	0.284244
2	8567	0.152419
2	8568	0.778991
2	8569	1.18629
2	8570	0.865176
2	8571	1.08502
2	8572	0.396103
2	8573	0.987326
2	8574	1.48607
2	8575	1.07424
2	8576	2.32086
2	8577	1.24966
2	8578	1.23993
2	8579	0.933516
2	8580	0.324874
2	8581	1.44246
2	8582	0.952709
2	8583	1.71256
2	8584	0.502792
2	8585	1.03362
2	8586	0.556621
2	8587	1.30735
2	8588	0.716219
2	8589	1.09263
2	8590	1.19984
2	8591	0.460807
2	8592	0.732459
2	8593	0.418565
2	8594	0.560524
2	8595	1.02956
2	8596	0.802591
2	8597	0.794118
2	8598	1.30854
2	8599	2.28735
2	8600	2.05531
2	8601	1.23072
2	8602	1.75021
2	8603	0.543532
2	8604	0.892844
2	8605	1.42253
2	8606	0.295253
2	8607	0.11679
2	8608	0.890363
2	8609	1.17614
2	8610	0.380463
2	8611	1.05685
2	8612	0.298268
2	8613	0.550923
2	8614	2.63777
2	8615	0.393723
2	8616	0.621595
2	8617	0.381199
2	8618	3.09287
2	8619	0.507834
2	8620	1.64666
2	8621	0.942917
2	8622	0.947242
2	8623	0.458268
2	8624	0.88702
2	8625	0.721586
2	8626	1.3985
2	8627	1.26888
2	8628	1.53462
2	8629	1.33077
2	8630	0.148657
2	8631	0.267116
2	8632	0.333168
2	8633	1.48115
2	8634	0.9834
2	8635	0.47604
2	8636	1.03233
2	8637	0.96536
2	8638	1.74557
2	8639	0.180758
2	8640	0.967458
2	8641	0.751984
2	8642	0.669636
2	8643	0.400504
2	8644	0.882531
2	8645	0.536833
2	8646	0.49524
2	8647	0.634756
2	8648	0.791377
2	8649	0.330054
2	8650	0.17734
2	8651	1.10891
2	8652	0.328733
2	8653	1.85184
2	8654	0.657779
2	8655	1.13498
2	8656	0.0897979
2	8657	1.40149
2	8658	1.11047
2	8659	1.35263
2	8660	0.870174
2	8661	1.37342
2	8662	1.26313
2	8663	0.534861
2	8664	0.836725
2	8665	0.356386
2	8666	1.04992
2	8667	1.68627
2	8668	0.659254
2	8669	1.67684
2	8670	0.935537
2	8671	0.966306
2	8672	0.645576
2	8673	2.33432
2	8674	0.0639142
2	8675	1.47092
2	8676	0.846058
2	8677	0.913458
2	8678	1.36189
2	8679	2.66926
2	8680	0.820309
2	8681	0.318704
2	8682	3.00112
2	8683	1.39172
2	8684	1.01201
2	8685	0.764956
2	8686	2.80597
2	8687	0.998717
2	8688	0.71614
2	8689	1.78655
2	8690	1.51802
2	8691	0.289688
2	8692	1.19641
2	8693	1.57158
2	8694	2.04749
2	8695	0.413014
2	8696	0.539369
2	8697	0.824767
2	8698	0.577175
2	8699	0.295689
2	8700	2.61098
2	8701	1.16119
2	8702	0.809246
2	8703	0.745704
2	8704	0.919223
2	8705	2.03542
2	8706	1.52191
2	8707	1.03087
2	8708	1.93149
2	8709	1.19016
2	8710	0.512045
2	8711	0.456102
2	8712	1.33004
2	8713	1.12718
2	8714	1.57951
2	8715	2.0463
2	8716	2.30347
2	8717	1.53986
2	8718	1.4241
2	8719	1.02904
2	8720	0.292907
2	8721	1.57143
2	8722	0.273044
2	8723	1.72607
2	8724	1.25684
2	8725	1.61786
2	8726	0.886803
2	8727	1.14781
2	8728	1.99518
2	8729	0.322624
2	8730	2.53053
2	8731	0.929321
2	8732	1.81389
2	8733	1.55497
2	8734	0.3104
2	8735	0.796628
2	8736	0.861622
2	8737	0.619934
2	8738	1.66458
2	8739	1.45871
2	8740	1.37532
2	8741	2.5191
2	8742	1.04921
2	8743	1.39346
2	8744	0.540589
2	8745	0.486428
2	8746	1.47478
2	8747	0.481545
2	8748	0.745408
2	8749	1.1038
2	8750	1.40016
2	8751	0.827595
2	8752	0.202815
2	8753	1.17285
2	8754	1.10464
2	8755	2.46752
2	8756	1.15384
2	8757	0.475185
2	8758	0.418711
2	8759	0.795423
2	8760	0.23228
2	8761	1.46322
2	8762	0.405305
2	8763	0.338642
2	8764	0.871511
2	8765	0.173365
2	8766	0.756678
2	8767	1.84873
2	8768	1.32135
2	8769	1.50819
2	8770	1.43757
2	8771	1.22054
2	8772	0.436999
2	8773	0.848654
2	8774	1.40692
2	8775	0.461152
2	8776	3.0681
2	8777	0.611575
2	8778	1.56083
2	8779	1.5757
2	8780	1.65623
2	8781	0.60174
2	8782	0.727297
2	8783	1.23105
2	8784	1.18477
2	8785	0.857674
2	8786	0.668037
2	8787	0.566433
2	8788	1.27524
2	8789	0.896954
2	8790	0.892258
2	8791	0.856219
2	8792	0.350659
2	8793	0.48631
2	8794	0.810161
2	8795	0.764035
2	8796	0.818367
2	8797	1.00593
2	8798	1.15196
2	8799	0.247584
2	8800	0.897735
2	8801	0.797889
2	8802	0.396384
2	8803	0.882163
2	8804	0.216427
2	8805	1.24786
2	8806	1.61627
2	8807	0.859679
2	8808	0.788955
2	8809	1.29501
2	8810	1.43303
2	8811	1.73143
2	8812	2.28929
2	8813	1.68113
2	8814	0.749368
2	8815	0.386327
2	8816	0.313406
2	8817	0.887367
2	8818	0.334624
2	8819	0.519423
2	8820	1.02699
2	8821	0.0548731
2	8822	1.29347
2	8823	1.35429
2	8824	1.53693
2	8825	0.903043
2	8826	1.29486
2	8827	0.787638
2	8828	0.865168
2	8829	0.261123
2	8830	0.929852
2	8831	0.0816371
2	8832	0.169308
2	8833	1.81162
2	8834	0.121454
2	8835	0.466196
2	8836	0.503864
2	8837	0.551359
2	8838	0.446909
2	8839	0.267648
2	8840	0.937829
2	8841	0.516249
2	8842	1.19106
2	8843	1.2052
2	8844	1.20798
2	8845	2.8183
2	8846	1.51911
2	8847	0.420283
2	8848	1.70514
2	8849	2.30805
2	8850	0.500398
2	8851	1.66335
2	8852	2.0415
2	8853	0.85391
2	8854	0.321754
2	8855	1.51049
2	8856	0.374856
2	8857	1.04522
2	8858	1.64831
2	8859	2.37446
2	8860	2.08792
2	8861	0.534954
2	8862	0.597466
2	8863	0.322846
2	8864	1.06842
2	8865	1.34842
2	8866	0.692907
2	8867	0.749128
2	8868	0.929225
2	8869	1.65418
2	8870	0.608047
2	8871	0.148773
2	8872	0.315138
2	8873	0.194387
2	8874	1.27937
2	8875	0.610438
2	8876	0.606597
2	8877	0.823665
2	8878	0.342911
2	8879	0.201447
2	8880	0.357187
2	8881	0.740075
2	8882	1.08431
2	8883	1.08889
2	8884	1.52874
2	8885	0.0639403
2	8886	0.259944
2	8887	2.21571
2	8888	2.27831
2	8889	0.792331
2	8890	0.631732
2	8891	0.791425
2	8892	0.181495
2	8893	0.603886
2	8894	0.289482
2	8895	0.358571
2	8896	0.948008
2	8897	0.500712
2	8898	1.66498
2	8899	1.00013
2	8900	0.258354
2	8901	0.694173
2	8902	2.06589
2	8903	0.314494
2	8904	1.80441
2	8905	0.763015
2	8906	1.72836
2	8907	0.922823
2	8908	0.866624
2	8909	0.60417
2	8910	1.38141
2	8911	1.17532
2	8912	1.87632
2	8913	1.04777
2	8914	0.56329
2	8915	0.172313
2	8916	0.859963
2	8917	0.786748
2	8918	0.565802
2	8919	0.189578
2	8920	1.39407
2	8921	0.00640304
2	8922	1.26752
2	8923	0.477185
2	8924	0.469809
2	8925	0.782828
2	8926	0.516676
2	8927	0.176376
2	8928	1.29549
2	8929	1.77931
2	8930	1.42901
2	8931	0.833937
2	8932	0.410329
2	8933	0.66698
2	8934	0.485403
2	8935	0.474877
2	8936	1.26687
2	8937	0.916039
2	8938	0.160618
2	8939	2.08294
2	8940	0.263691
2	8941	0.268628
2	8942	1.20134
2	8943	0.159505
2	8944	0.652063
2	8945	0.482415
2	8946	0.959184
2	8947	0.654327
2	8948	0.648316
2	8949	0.34943
2	8950	0.41007
2	8951	1.65234
2	8952	0.766444
2	8953	1.39913
2	8954	0.340271
2	8955	1.06739
2	8956	0.829335
2	8957	0.881719
2	8958	0.647988
2	8959	1.22934
2	8960	1.00618
2	8961	0.561307
2	8962	1.58631
2	8963	0.324265
2	8964	1.1267
2	8965	0.269433
2	8966	0.43354
2	8967	0.915294
2	8968	0.29464
2	8969	0.525255
2	8970	0.922755
2	8971	1.6742
2	8972	0.177759
2	8973	1.0912
2	8974	0.114953
2	8975	0.207868
2	8976	2.06814
2	8977	0.869732
2	8978	1.13335
2	8979	0.599827
2	8980	2.04202
2	8981	0.135619
2	8982	1.06345
2	8983	0.987538
2	8984	0.424992
2	8985	0.696198
2	8986	1.82272
2	8987	2.67437
2	8988	0.478152
2	8989	0.231652
2	8990	2.65673
2	8991	1.62058
2	8992	1.38397
2	8993	0.592131
2	8994	0.661632
2	8995	0.132314
2	8996	0.547548
2	8997	0.602224
2	8998	0.742228
2	8999	0.571114
2	9000	0.187628
2	9001	0.424966
2	9002	0.751553
2	9003	0.245693
2	9004	0.13275
2	9005	0.540235
2	9006	1.35374
2	9007	0.592959
2	9008	3.38122
2	9009	1.97782
2	9010	0.756071
2	9011	0.628066
2	9012	0.350674
2	9013	0.984339
2	9014	1.27615
2	9015	0.507551
2	9016	1.60864
2	9017	0.125647
2	9018	0.926127
2	9019	0.562677
2	9020	1.75599
2	9021	0.559131
2	9022	0.197874
2	9023	0.561425
2	9024	0.688991
2	9025	1.00965
2	9026	1.19815
2	9027	0.929162
2	9028	1.7779
2	9029	0.389003
2	9030	2.88702
2	9031	1.13158
2	9032	1.39326
2	9033	0.65295
2	9034	0.740076
2	9035	0.76806
2	9036	0.221108
2	9037	0.256022
2	9038	0.684419
2	9039	0.314094
2	9040	0.863239
2	9041	0.918149
2	9042	0.797276
2	9043	0.750644
2	9044	1.93169
2	9045	0.577837
2	9046	0.911953
2	9047	0.623792
2	9048	0.389846
2	9049	1.0464
2	9050	0.744772
2	9051	0.327928
2	9052	1.60112
2	9053	0.654168
2	9054	0.521881
2	9055	1.54773
2	9056	0.803716
2	9057	1.5139
2	9058	0.380911
2	9059	1.8417
2	9060	0.837535
2	9061	1.42014
2	9062	1.05798
2	9063	0.0509353
2	9064	0.569937
2	9065	0.276409
2	9066	0.938912
2	9067	0.833733
2	9068	4.22905
2	9069	1.34712
2	9070	1.62583
2	9071	0.350776
2	9072	0.485498
2	9073	0.521185
2	9074	2.32838
2	9075	0.322671
2	9076	0.584042
2	9077	0.405542
2	9078	1.49952
2	9079	1.10917
2	9080	0.730623
2	9081	1.05461
2	9082	2.27426
2	9083	2.14275
2	9084	1.10022
2	9085	1.21263
2	9086	1.3526
2	9087	1.0971
2	9088	0.865706
2	9089	1.70555
2	9090	0.354063
2	9091	0.540659
2	9092	2.74911
2	9093	1.92731
2	9094	0.306257
2	9095	1.19528
2	9096	0.856124
2	9097	1.15022
2	9098	1.18272
2	9099	0.523933
2	9100	0.638644
2	9101	0.606337
2	9102	1.2477
2	9103	0.338289
2	9104	0.173223
2	9105	0.320614
2	9106	0.566663
2	9107	0.309342
2	9108	0.970699
2	9109	0.64028
2	9110	1.21659
2	9111	0.215306
2	9112	1.50793
2	9113	0.604321
2	9114	0.983465
2	9115	0.185974
2	9116	0.392949
2	9117	0.250926
2	9118	2.07458
2	9119	1.10765
2	9120	0.891898
2	9121	0.285888
2	9122	1.34329
2	9123	0.782467
2	9124	0.10393
2	9125	0.92109
2	9126	1.85582
2	9127	2.52001
2	9128	0.404079
2	9129	2.51963
2	9130	0.416268
2	9131	0.588288
2	9132	0.256272
2	9133	0.402818
2	9134	0.129648
2	9135	0.216885
2	9136	0.391843
2	9137	0.78336
2	9138	0.662442
2	9139	0.7609
2	9140	1.67849
2	9141	0.449016
2	9142	2.02095
2	9143	1.55208
2	9144	0.447552
2	9145	1.7851
2	9146	2.68475
2	9147	0.641153
2	9148	0.275862
2	9149	0.763756
2	9150	1.56923
2	9151	0.904087
2	9152	0.604633
2	9153	0.411104
2	9154	1.90012
2	9155	0.932
2	9156	1.18579
2	9157	0.205715
2	9158	1.8706
2	9159	0.23202
2	9160	0.860053
2	9161	0.668176
2	9162	1.90735
2	9163	0.949735
2	9164	0.282408
2	9165	0.0985211
2	9166	0.445955
2	9167	0.769404
2	9168	0.919712
2	9169	0.396002
2	9170	0.0963648
2	9171	1.44767
2	9172	1.77736
2	9173	1.21668
2	9174	0.442571
2	9175	0.569707
2	9176	1.51928
2	9177	0.505569
2	9178	0.752541
2	9179	0.314926
2	9180	1.19043
2	9181	0.445283
2	9182	1.80414
2	9183	1.28123
2	9184	0.468744
2	9185	1.70999
2	9186	1.72219
2	9187	0.907356
2	9188	0.377698
2	9189	3.38457
2	9190	0.283404
2	9191	0.667107
2	9192	0.383656
2	9193	1.10946
2	9194	0.683468
2	9195	0.190548
2	9196	1.14786
2	9197	0.661913
2	9198	0.764335
2	9199	1.05141
2	9200	1.08937
2	9201	0.592864
2	9202	0.286813
2	9203	1.1156
2	9204	1.78208
2	9205	0.332167
2	9206	1.36542
2	9207	1.93079
2	9208	0.742323
2	9209	0.455349
2	9210	0.733963
2	9211	0.920589
2	9212	1.72078
2	9213	1.55205
2	9214	1.13782
2	9215	2.20308
2	9216	1.63053
2	9217	0.668722
2	9218	0.301596
2	9219	0.970002
2	9220	0.290908
2	9221	0.534389
2	9222	0.280782
2	9223	0.621335
2	9224	1.13611
2	9225	0.44176
2	9226	1.47391
2	9227	0.767894
2	9228	1.1572
2	9229	0.716101
2	9230	0.337278
2	9231	1.4835
2	9232	0.642535
2	9233	0.922881
2	9234	0.209656
2	9235	1.59435
2	9236	0.205245
2	9237	1.01531
2	9238	1.09728
2	9239	0.497084
2	9240	0.245413
2	9241	0.255972
2	9242	0.431246
2	9243	1.26726
2	9244	1.35413
2	9245	1.08828
2	9246	0.383269
2	9247	0.626295
2	9248	3.03291
2	9249	0.18667
2	9250	1.33846
2	9251	1.74167
2	9252	0.679939
2	9253	0.374837
2	9254	2.50882
2	9255	0.670312
2	9256	0.914257
2	9257	2.63467
2	9258	1.39972
2	9259	0.763946
2	9260	0.952915
2	9261	0.182335
2	9262	1.39597
2	9263	0.727151
2	9264	1.34709
2	9265	0.876621
2	9266	0.370596
2	9267	0.62151
2	9268	0.111589
2	9269	1.4592
2	9270	3.9492
2	9271	1.59694
2	9272	0.509016
2	9273	0.31192
2	9274	1.05132
2	9275	3.81868
2	9276	0.573761
2	9277	1.7564
2	9278	0.538969
2	9279	0.0624148
2	9280	0.221841
2	9281	1.97741
2	9282	2.13546
2	9283	1.23115
2	9284	0.584094
2	9285	0.426866
2	9286	2.40087
2	9287	0.438038
2	9288	0.614888
2	9289	2.2902
2	9290	2.84551
2	9291	1.2877
2	9292	1.89716
2	9293	0.640571
2	9294	0.521901
2	9295	0.727442
2	9296	2.69288
2	9297	0.608808
2	9298	0.739112
2	9299	0.83646
2	9300	3.28687
2	9301	0.750439
2	9302	0.52167
2	9303	0.395132
2	9304	1.81955
2	9305	1.09945
2	9306	0.523681
2	9307	1.27532
2	9308	0.0648571
2	9309	0.356592
2	9310	0.387255
2	9311	1.47543
2	9312	0.986684
2	9313	2.19755
2	9314	0.236098
2	9315	0.609875
2	9316	0.565542
2	9317	0.361256
2	9318	0.195834
2	9319	1.09953
2	9320	0.437965
2	9321	1.93711
2	9322	1.96027
2	9323	1.95057
2	9324	0.417872
2	9325	0.374465
2	9326	0.758092
2	9327	2.4615
2	9328	0.644262
2	9329	0.802352
2	9330	0.477369
2	9331	1.46668
2	9332	0.837975
2	9333	0.225817
2	9334	0.220073
2	9335	1.98628
2	9336	1.07422
2	9337	0.395003
2	9338	0.358345
2	9339	0.428104
2	9340	0.435162
2	9341	1.86373
2	9342	1.38246
2	9343	0.681665
2	9344	0.305954
2	9345	1.34076
2	9346	0.830333
2	9347	0.300285
2	9348	1.60201
2	9349	0.392516
2	9350	1.22232
2	9351	0.503462
2	9352	0.49357
2	9353	0.800115
2	9354	1.13795
2	9355	0.82988
2	9356	1.27184
2	9357	0.659265
2	9358	0.789022
2	9359	1.06148
2	9360	1.05238
2	9361	0.612389
2	9362	0.340272
2	9363	0.613746
2	9364	0.378101
2	9365	0.907635
2	9366	2.30865
2	9367	2.67593
2	9368	0.160962
2	9369	0.744742
2	9370	0.954895
2	9371	0.981705
2	9372	0.154235
2	9373	2.01291
2	9374	0.660101
2	9375	0.469449
2	9376	2.14713
2	9377	0.778435
2	9378	0.687706
2	9379	0.444371
2	9380	1.23133
2	9381	0.428775
2	9382	0.781021
2	9383	1.77818
2	9384	0.878962
2	9385	0.256426
2	9386	0.671885
2	9387	0.694657
2	9388	0.271272
2	9389	0.779369
2	9390	0.125243
2	9391	0.143879
2	9392	2.18999
2	9393	1.14413
2	9394	0.777802
2	9395	0.50151
2	9396	0.901218
2	9397	3.09963
2	9398	0.696191
2	9399	0.727293
2	9400	0.748464
2	9401	1.80922
2	9402	1.65816
2	9403	0.603654
2	9404	1.465
2	9405	0.792204
2	9406	0.33846
2	9407	1.03609
2	9408	1.6729
2	9409	0.824804
2	9410	0.279385
2	9411	1.45061
2	9412	1.04496
2	9413	2.06527
2	9414	1.10016
2	9415	0.366399
2	9416	0.485919
2	9417	1.16699
2	9418	0.482622
2	9419	0.53451
2	9420	1.54621
2	9421	2.13158
2	9422	1.39182
2	9423	1.57786
2	9424	0.673731
2	9425	0.25945
2	9426	1.20681
2	9427	1.75702
2	9428	0.731471
2	9429	1.08693
2	9430	2.2596
2	9431	0.272345
2	9432	0.544394
2	9433	0.170399
2	9434	1.53863
2	9435	1.79459
2	9436	1.48406
2	9437	0.309375
2	9438	1.32582
2	9439	0.466488
2	9440	0.177065
2	9441	0.902188
2	9442	0.382699
2	9443	0.852965
2	9444	1.46685
2	9445	0.6113
2	9446	1.33918
2	9447	0.498547
2	9448	1.0281
2	9449	1.729
2	9450	0.694009
2	9451	2.20238
2	9452	0.311134
2	9453	1.62211
2	9454	1.11411
2	9455	1.07721
2	9456	0.757656
2	9457	1.3686
2	9458	1.24728
2	9459	1.71045
2	9460	2.14365
2	9461	0.692284
2	9462	1.82764
2	9463	2.24137
2	9464	0.944214
2	9465	0.92924
2	9466	0.195321
2	9467	0.780563
2	9468	1.13674
2	9469	0.436355
2	9470	0.0435496
2	9471	0.142269
2	9472	1.40926
2	9473	1.26056
2	9474	1.09845
2	9475	0.249865
2	9476	2.35509
2	9477	0.806541
2	9478	0.811834
2	9479	0.927132
2	9480	0.548085
2	9481	0.534843
2	9482	2.29316
2	9483	1.08703
2	9484	1.82039
2	9485	0.190282
2	9486	0.791934
2	9487	1.32856
2	9488	0.770205
2	9489	1.40729
2	9490	0.913563
2	9491	0.853282
2	9492	0.521796
2	9493	1.86907
2	9494	0.722035
2	9495	1.15068
2	9496	0.824949
2	9497	0.541765
2	9498	0.831028
2	9499	1.15706
2	9500	0.693656
2	9501	0.746467
2	9502	0.579062
2	9503	0.191313
2	9504	1.12047
2	9505	2.46615
2	9506	0.830135
2	9507	0.995699
2	9508	0.947348
2	9509	0.18156
2	9510	1.48395
2	9511	0.749869
2	9512	0.87626
2	9513	0.349916
2	9514	0.334127
2	9515	2.61345
2	9516	0.762015
2	9517	1.76106
2	9518	0.458142
2	9519	0.575405
2	9520	0.477936
2	9521	1.72833
2	9522	0.834436
2	9523	2.25345
2	9524	0.438344
2	9525	1.03735
2	9526	1.98497
2	9527	1.26973
2	9528	1.26772
2	9529	0.537486
2	9530	0.0554527
2	9531	0.301762
2	9532	1.66393
2	9533	1.0787
2	9534	2.46953
2	9535	1.45907
2	9536	1.54987
2	9537	0.0254201
2	9538	0.765933
2	9539	0.634733
2	9540	0.946682
2	9541	0.512542
2	9542	0.640061
2	9543	1.17561
2	9544	0.945227
2	9545	0.807803
2	9546	1.13126
2	9547	1.32374
2	9548	0.264964
2	9549	1.01944
2	9550	0.901925
2	9551	0.613886
2	9552	1.14414
2	9553	0.545231
2	9554	0.75955
2	9555	0.101614
2	9556	0.410179
2	9557	0.766173
2	9558	1.36594
2	9559	1.02001
2	9560	1.48049
2	9561	1.25547
2	9562	0.593011
2	9563	0.616866
2	9564	1.79059
2	9565	0.759436
2	9566	0.953538
2	9567	0.77678
2	9568	1.73151
2	9569	1.58421
2	9570	0.970255
2	9571	0.250808
2	9572	1.08898
2	9573	0.738472
2	9574	0.355407
2	9575	0.31821
2	9576	1.03412
2	9577	1.21116
2	9578	0.136858
2	9579	2.18129
2	9580	1.58935
2	9581	1.01724
2	9582	1.34588
2	9583	0.894703
2	9584	0.789402
2	9585	0.881951
2	9586	0.516421
2	9587	1.59073
2	9588	0.192068
2	9589	0.768253
2	9590	1.52553
2	9591	0.300877
2	9592	0.815764
2	9593	1.35397
2	9594	0.966455
2	9595	0.296688
2	9596	0.714424
2	9597	1.75848
2	9598	0.878411
2	9599	0.31059
2	9600	0.67973
2	9601	3.0075
2	9602	2.94248
2	9603	1.3944
2	9604	0.671596
2	9605	1.60701
2	9606	1.27449
2	9607	1.0978
2	9608	1.0799
2	9609	2.51925
2	9610	1.719
2	9611	1.35637
2	9612	0.1208
2	9613	0.675415
2	9614	0.154845
2	9615	0.385326
2	9616	0.721181
2	9617	0.70395
2	9618	1.20056
2	9619	0.679897
2	9620	0.751569
2	9621	1.18201
2	9622	1.40061
2	9623	1.90119
2	9624	0.92193
2	9625	0.885985
2	9626	0.967968
2	9627	0.817716
2	9628	0.90373
2	9629	0.407724
2	9630	0.374591
2	9631	0.693684
2	9632	0.347461
2	9633	0.328278
2	9634	0.61763
2	9635	0.603293
2	9636	0.106837
2	9637	0.31489
2	9638	0.250319
2	9639	1.16787
2	9640	0.653858
2	9641	1.98945
2	9642	1.18705
2	9643	0.720732
2	9644	1.08142
2	9645	0.219443
2	9646	2.12857
2	9647	0.716494
2	9648	0.846391
2	9649	0.379023
2	9650	0.652634
2	9651	1.59829
2	9652	1.69618
2	9653	1.77536
2	9654	0.298403
2	9655	1.23791
2	9656	0.563613
2	9657	0.730186
2	9658	1.39906
2	9659	0.656004
2	9660	0.172996
2	9661	0.744858
2	9662	0.295783
2	9663	0.355089
2	9664	0.811556
2	9665	1.80951
2	9666	1.55041
2	9667	0.41823
2	9668	1.91855
2	9669	1.45925
2	9670	1.20979
2	9671	1.70973
2	9672	0.407162
2	9673	0.688446
2	9674	2.79297
2	9675	0.40217
2	9676	0.6051
2	9677	0.290324
2	9678	1.14595
2	9679	0.859427
2	9680	1.21443
2	9681	0.666914
2	9682	1.17708
2	9683	0.440472
2	9684	0.686528
2	9685	4.0439
2	9686	1.97646
2	9687	2.51534
2	9688	2.36665
2	9689	0.617061
2	9690	0.824092
2	9691	1.26985
2	9692	1.14135
2	9693	3.63747
2	9694	1.1173
2	9695	0.391492
2	9696	1.65947
2	9697	0.596827
2	9698	1.63254
2	9699	1.90868
2	9700	0.725624
2	9701	1.24981
2	9702	0.971203
2	9703	0.30147
2	9704	0.814624
2	9705	0.74361
2	9706	0.901991
2	9707	0.745599
2	9708	0.611473
2	9709	0.707605
2	9710	2.04373
2	9711	1.8299
2	9712	0.270514
2	9713	0.367692
2	9714	0.933462
2	9715	1.14727
2	9716	1.10409
2	9717	1.05987
2	9718	0.371061
2	9719	0.854552
2	9720	1.27154
2	9721	1.2251
2	9722	1.44929
2	9723	0.941369
2	9724	1.43584
2	9725	0.908642
2	9726	0.489996
2	9727	0.726872
2	9728	1.05203
2	9729	1.28067
2	9730	1.37776
2	9731	0.200844
2	9732	0.214059
2	9733	0.55099
2	9734	1.66324
2	9735	0.429328
2	9736	0.176716
2	9737	0.704133
2	9738	1.99401
2	9739	0.317179
2	9740	0.647981
2	9741	0.958692
2	9742	0.111116
2	9743	0.497608
2	9744	0.614095
2	9745	0.908217
2	9746	0.43453
2	9747	0.455813
2	9748	0.284637
2	9749	0.239239
2	9750	1.15321
2	9751	1.69791
2	9752	0.818938
2	9753	0.438431
2	9754	0.766811
2	9755	0.338594
2	9756	0.988905
2	9757	1.88824
2	9758	0.978983
2	9759	0.725293
2	9760	1.10778
2	9761	2.81947
2	9762	0.831577
2	9763	0.762696
2	9764	0.525649
2	9765	0.452795
2	9766	1.72573
2	9767	0.804627
2	9768	0.430992
2	9769	0.976613
2	9770	0.730755
2	9771	1.00463
2	9772	1.665
2	9773	1.57441
2	9774	1.05414
2	9775	0.447022
2	9776	1.81559
2	9777	0.827442
2	9778	0.779576
2	9779	1.91352
2	9780	1.37887
2	9781	2.02791
2	9782	2.03017
2	9783	0.435201
2	9784	1.63522
2	9785	0.498002
2	9786	1.9152
2	9787	0.606095
2	9788	0.415581
2	9789	1.08098
2	9790	1.13912
2	9791	0.514455
2	9792	1.74751
2	9793	0.401345
2	9794	1.1239
2	9795	0.730737
2	9796	2.17018
2	9797	0.670554
2	9798	1.16549
2	9799	1.85586
2	9800	0.629461
2	9801	1.36013
2	9802	0.55497
2	9803	0.828074
2	9804	1.07292
2	9805	0.587743
2	9806	2.74145
2	9807	0.398556
2	9808	0.552587
2	9809	1.4556
2	9810	1.16854
2	9811	0.438587
2	9812	1.04836
2	9813	2.68083
2	9814	1.54354
2	9815	1.24793
2	9816	2.63493
2	9817	1.15369
2	9818	0.24188
2	9819	0.519182
2	9820	0.263608
2	9821	0.27534
2	9822	1.20891
2	9823	0.443291
2	9824	0.681205
2	9825	0.11415
2	9826	2.36415
2	9827	0.617412
2	9828	1.81704
2	9829	3.1248
2	9830	2.14027
2	9831	1.01001
2	9832	0.585702
2	9833	0.858507
2	9834	0.367663
2	9835	0.671088
2	9836	1.40048
2	9837	0.916877
2	9838	0.502202
2	9839	1.05391
2	9840	0.138775
2	9841	1.0115
2	9842	0.100184
2	9843	0.574008
2	9844	0.426734
2	9845	0.452373
2	9846	1.04366
2	9847	1.56762
2	9848	0.603581
2	9849	1.55913
2	9850	0.461555
2	9851	2.81167
2	9852	1.3956
2	9853	0.0470861
2	9854	0.914118
2	9855	0.26127
2	9856	0.689835
2	9857	1.03074
2	9858	0.331237
2	9859	0.402296
2	9860	0.501093
2	9861	0.604048
2	9862	1.30106
2	9863	1.08319
2	9864	0.245076
2	9865	1.04212
2	9866	1.16669
2	9867	0.830368
2	9868	0.51553
2	9869	0.328867
2	9870	0.486377
2	9871	1.86428
2	9872	1.26619
2	9873	2.6818
2	9874	1.45712
2	9875	0.490692
2	9876	0.238148
2	9877	0.149318
2	9878	1.05539
2	9879	0.595202
2	9880	0.401482
2	9881	0.917406
2	9882	0.153315
2	9883	0.497531
2	9884	1.49764
2	9885	1.95924
2	9886	0.707366
2	9887	2.17527
2	9888	1.75001
2	9889	0.354206
2	9890	0.536082
2	9891	1.672
2	9892	0.597816
2	9893	0.825747
2	9894	1.26817
2	9895	1.67885
2	9896	1.01585
2	9897	0.673504
2	9898	0.527136
2	9899	0.537394
2	9900	0.954532
2	9901	0.975816
2	9902	1.12157
2	9903	1.35346
2	9904	0.291632
2	9905	0.651463
2	9906	0.937753
2	9907	0.0803202
2	9908	0.650423
2	9909	0.747099
2	9910	0.117978
2	9911	0.788494
2	9912	1.52089
2	9913	1.03891
2	9914	0.562594
2	9915	0.454695
2	9916	0.110653
2	9917	0.733156
2	9918	1.37646
2	9919	0.678731
2	9920	0.692243
2	9921	1.64785
2	9922	1.00096
2	9923	0.27554
2	9924	0.0555981
2	9925	0.533352
2	9926	0.734802
2	9927	0.489032
2	9928	1.16267
2	9929	0.201516
2	9930	1.62024
2	9931	1.06221
2	9932	0.99518
2	9933	3.17369
2	9934	2.29978
2	9935	0.822143
2	9936	0.989879
2	9937	0.513737
2	9938	0.539097
2	9939	0.525168
2	9940	0.209475
2	9941	1.19339
2	9942	0.974582
2	9943	1.07988
2	9944	2.14527
2	9945	3.01008
2	9946	0.350131
2	9947	2.27756
2	9948	0.650135
2	9949	0.895881
2	9950	2.11785
2	9951	0.929914
2	9952	0.0469086
2	9953	2.58823
2	9954	1.02059
2	9955	0.290641
2	9956	1.00176
2	9957	0.609598
2	9958	1.0812
2	9959	0.144725
2	9960	1.31598
2	9961	0.675028
2	9962	0.442461
2	9963	0.167568
2	9964	0.857526
2	9965	2.4027
2	9966	0.304877
2	9967	0.475757
2	9968	1.99969
2	9969	0.504538
2	9970	0.44449
2	9971	1.39239
2	9972	0.784681
2	9973	0.152909
2	9974	1.56158
2	9975	0.731308
2	9976	0.942495
2	9977	0.900699
2	9978	1.14482
2	9979	1.49109
2	9980	1.41416
2	9981	0.0847998
2	9982	3.05285
2	9983	0.365638
2	9984	0.697493
2	9985	0.652214
2	9986	0.117553
2	9987	1.19536
2	9988	1.60081
2	9989	1.11221
2	9990	0.369161
2	9991	1.52741
2	9992	0.196479
2	9993	1.53733
2	9994	1.38852
2	9995	0.892052
2	9996	0.486112
2	9997	0.0779173
2	9998	0.362436
2	9999	0.973294
10	0	1.48849
10	1	0.658003
10	2	0.724468
10	3	1.59181
10	4	1.27094
10	5	1.22065
10	6	0.785623
10	7	1.41752
10	8	1.09649
10	9	0.537053
10	10	0.837855
10	11	0.972288
10	12	0.768603
10	13	1.17413
10	14	0.978973
10	15	1.90409
10	16	1.30144
10	17	1.03986
10	18	1.5609
10	19	0.80644
10	20	1.01097
10	21	1.63413
10	22	1.44908
10	23	0.995335
10	24	0.95217
10	25	1.00863
10	26	1.19975
10	27	1.15252
10	28	0.622358
10	29	1.0578
10	30	0.904281
10	31	1.45361
10	32	0.78783
10	33	1.17205
10	34	0.995687
10	35	1.15807
10	36	0.963988
10	37	1.05204
10	38	0.867031
10	39	1.1254
10	40	0.948398
10	41	0.848297
10	42	1.09716
10	43	1.13838
10	44	1.04076
10	45	0.553075
10	46	0.994194
10	47	0.595151
10	48	0.853642
10	49	0.966314
10	50	0.939294
10	51	0.849041
10	52	0.580202
10	53	0.914534
10	54	0.962736
10	55	1.24691
10	56	1.01487
10	57	1.65823
10	58	0.980414
10	59	1.04429
10	60	0.674852
10	61	1.54606
10	62	0.735521
10	63	0.784484
10	64	0.837378
10	65	0.782356
10	66	0.37843
10	67	1.05582
10	68	0.916799
10	69	0.957909
10	70	0.872229
10	71	1.02068
10	72	0.943095
10	73	1.29451
10	74	1.26708
10	75	0.757997
10	76	0.461941
10	77	0.749468
10	78	0.9715
10	79	0.71164
10	80	0.980833
10	81	1.04309
10	82	0.85833
10	83	1.61956
10	84	1.34969
10	85	0.794062
10	86	0.745279
10	87	0.883859
10	88	0.732207
10	89	0.583832
10	90	0.515154
10	91	1.55426
10	92	1.31551
10	93	0.940035
10	94	0.793071
10	95	1.31276
10	96	0.60229
10	97	1.41356
10	98	0.907927
10	99	0.982201
10	100	0.726489
10	101	1.24746
10	102	0.767874
10	103	0.971551
10	104	0.669364
10	105	0.787991
10	106	0.908983
10	107	1.03047
10	108	0.837527
10	109	0.649525
10	110	0.59857
10	111	0.980767
10	112	0.731995
10	113	1.27562
10	114	1.03521
10	115	1.208
10	116	0.77029
10	117	0.883501
10	118	0.767509
10	119	1.20321
10	120	1.45893
10	121	1.0958
10	122	0.915394
10	123	0.827361
10	124	0.881734
10	125	0.968398
10	126	0.731897
10	127	1.22512
10	128	0.905641
10	129	0.898522
10	130	0.481534
10	131	0.941295
10	132	1.07687
10	133	0.663256
10	134	0.511245
10	135	1.15486
10	136	0.804105
10	137	0.816324
10	138	0.670776
10	139	0.626694
10	140	0.749449
10	141	1.19142
10	142	1.59604
10	143	1.30193
10	144	0.986374
10	145	0.603318
10	146	0.612525
10	147	1.0208
10	148	0.92685
10	149	1.14028
10	150	0.744244
10	151	1.29395
10	152	0.963788
10	153	1.26339
10	154	0.957963
10	155	0.720113
10	156	0.896434
10	157	0.902973
10	158	1.50842
10	159	1.60729
10	160	1.18656
10	161	1.44842
10	162	1.19379
10	163	1.52221
10	164	0.754588
10	165	0.642258
10	166	0.822467
10	167	1.29461
10	168	0.658736
10	169	1.12091
10	170	1.03296
10	171	0.998679
10	172	0.75177
10	173	1.04334
10	174	1.33083
10	175	1.13756
10	176	0.479761
10	177	2.00398
10	178	1.6039
10	179	1.12347
10	180	1.16524
10	181	0.843221
10	182	0.594174
10	183	0.715858
10	184	1.15913
10	185	1.38559
10	186	0.738002
10	187	0.637929
10	188	0.722495
10	189	0.893575
10	190	0.760936
10	191	1.1236
10	192	0.89714
10	193	0.742407
10	194	1.30525
10	195	0.687097
10	196	0.739852
10	197	0.648974
10	198	1.41075
10	199	1.12735
10	200	0.789096
10	201	0.615923
10	202	0.899355
10	203	1.00772
10	204	1.60214
10	205	1.47665
10	206	1.40684
10	207	1.29726
10	208	0.641775
10	209	1.1236
10	210	0.553132
10	211	0.909667
10	212	1.0485
10	213	0.905989
10	214	0.78402
10	215	1.05041
10	216	1.69743
10	217	0.882906
10	218	0.680167
10	219	0.836142
10	220	0.719048
10	221	0.984069
10	222	0.971746
10	223	1.70282
10	224	1.127
10	225	1.23183
10	226	1.16412
10	227	0.924878
10	228	0.824336
10	229	0.843569
10	230	0.875823
10	231	1.63924
10	232	0.719306
10	233	1.29261
10	234	0.353569
10	235	0.5901
10	236	0.869122
10	237	1.44523
10	238	1.32477
10	239	1.32183
10	240	1.05561
10	241	0.6699
10	242	0.618136
10	243	0.671591
10	244	0.944304
10	245	1.07586
10	246	0.643968
10	247	0.784699
10	248	1.0892
10	249	0.996725
10	250	0.723039
10	251	1.20687
10	252	1.18458
10	253	0.724491
10	254	1.18575
10	255	0.328313
10	256	1.38516
10	257	0.698241
10	258	1.26125
10	259	0.799269
10	260	0.674731
10	261	1.55148
10	262	0.746398
10	263	0.840291
10	264	1.01515
10	265	0.639797
10	266	1.11341
10	267	1.39741
10	268	1.52212
10	269	0.83766
10	270	1.191
10	271	1.89631
10	272	1.00416
10	273	1.51639
10	274	0.893413
10	275	0.895477
10	276	1.21602
10	277	0.704794
10	278	1.30756
10	279	1.44752
10	280	1.47106
10	281	0.601448
10	282	1.17237
10	283	0.747881
10	284	0.516476
10	285	1.09364
10	286	1.48923
10	287	1.01309
10	288	1.04618
10	289	0.87406
10	290	1.32561
10	291	0.711596
10	292	1.01695
10	293	1.22364
10	294	0.813099
10	295	0.947769
10	296	0.652092
10	297	0.859386
10	298	0.834231
10	299	1.12014
10	300	0.695328
10	301	0.92334
10	302	0.485282
10	303	1.34732
10	304	0.997487
10	305	1.6604
10	306	0.533321
10	307	0.903111
10	308	1.00689
10	309	1.04085
10	310	0.922302
10	311	0.562708
10	312	0.80063
10	313	0.669462
10	314	0.632105
10	315	0.823197
10	316	1.19633
10	317	1.00545
10	318	0.735116
10	319	1.26976
10	320	0.969026
10	321	0.909872
10	322	1.01046
10	323	1.43931
10	324	1.62761
10	325	1.06371
10	326	0.861437
10	327	1.03856
10	328	0.62304
10	329	1.08632
10	330	0.823549
10	331	0.63707
10	332	0.749059
10	333	0.917947
10	334	0.633713
10	335	1.07623
10	336	0.837455
10	337	1.21614
10	338	1.07484
10	339	1.05249
10	340	1.33408
10	341	0.563881
10	342	1.19553
10	343	0.66704
10	344	0.852869
10	345	0.897011
10	346	1.28285
10	347	0.703459
10	348	1.01694
10	349	1.12269
10	350	1.21153
10	351	1.51334
10	352	1.81044
10	353	0.735203
10	354	0.391042
10	355	1.01358
10	356	1.09532
10	357	0.726271
10	358	0.472087
10	359	0.860329
10	360	1.32272
10	361	0.689115
10	362	1.02124
10	363	1.12309
10	364	1.63042
10	365	0.911201
10	366	0.688897
10	367	1.03569
10	368	1.28451
10	369	0.924961
10	370	0.965006
10	371	0.977589
10	372	1.19479
10	373	1.0246
10	374	1.21527
10	375	0.936847
10	376	0.7881
10	377	0.610824
10	378	1.26996
10	379	0.539876
10	380	0.927606
10	381	1.0348
10	382	1.03468
10	383	0.832818
10	384	0.864589
10	385	1.33799
10	386	1.3076
10	387	0.472805
10	388	0.428898
10	389	0.85168
10	390	0.849024
10	391	1.38292
10	392	1.27716
10	393	1.0389
10	394	0.823415
10	395	1.78972
10	396	0.910409
10	397	1.05381
10	398	0.819975
10	399	1.12472
10	400	0.982811
10	401	0.672189
10	402	0.899328
10	403	0.994386
10	404	0.659442
10	405	0.784943
10	406	0.844899
10	407	2.01941
10	408	1.12837
10	409	1.83017
10	410	1.13301
10	411	0.710987
10	412	1.6977
10	413	0.563595
10	414	1.24414
10	415	0.909604
10	416	1.07473
10	417	1.258
10	418	0.813633
10	419	0.851124
10	420	0.855281
10	421	0.94467
10	422	1.33721
10	423	0.592773
10	424	0.635895
10	425	0.857187
10	426	1.45185
10	427	1.61488
10	428	1.21076
10	429	0.705041
10	430	0.920647
10	431	1.41829
10	432	0.248929
10	433	1.22903
10	434	0.798963
10	435	0.814028
10	436	0.646858
10	437	1.12405
10	438	1.25168
10	439	1.2186
10	440	1.52845
10	441	0.783978
10	442	0.708109
10	443	1.46176
10	444	0.758534
10	445	0.645331
10	446	0.907798
10	447	1.11813
10	448	0.756933
10	449	1.33554
10	450	1.15477
10	451	1.02286
10	452	1.07576
10	453	1.70202
10	454	0.450994
10	455	0.897603
10	456	1.17248
10	457	1.31156
10	458	1.25593
10	459	1.41702
10	460	1.23158
10	461	0.41863
10	462	0.847694
10	463	0.952446
10	464	1.3782
10	465	0.853536
10	466	1.19427
10	467	1.63619
10	468	1.2608
10	469	0.77028
10	470	0.742294
10	471	0.685915
10	472	1.08441
10	473	0.78033
10	474	1.52224
10	475	0.852291
10	476	0.66247
10	477	0.722399
10	478	0.729689
10	479	0.98199
10	480	1.05178
10	481	1.237
10	482	1.02233
10	483	0.911164
10	484	1.48172
10	485	0.921856
10	486	0.999951
10	487	1.4227
10	488	0.330542
10	489	1.16428
10	490	1.01543
10	491	1.46392
10	492	1.40492
10	493	0.831347
10	494	1.34153
10	495	1.01859
10	496	1.36027
10	497	0.561554
10	498	1.04708
10	499	0.609825
10	500	0.63052
10	501	0.550022
10	502	1.24825
10	503	0.642573
10	504	1.72977
10	505	1.21303
10	506	1.62862
10	507	0.622084
10	508	0.443127
10	509	0.867105
10	510	0.722465
10	511	1.03057
10	512	1.08559
10	513	0.743494
10	514	1.48134
10	515	2.19198
10	516	1.67732
10	517	1.26101
10	518	1.25943
10	519	0.767621
10	520	0.368681
10	521	1.14898
10	522	1.03695
10	523	0.95615
10	524	0.787035
10	525	1.18106
10	526	0.484635
10	527	0.835448
10	528	0.650942
10	529	0.815812
10	530	0.73297
10	531	1.48784
10	532	0.635489
10	533	1.44358
10	534	0.643212
10	535	0.998011
10	536	1.10216
10	537	0.735205
10	538	0.9706
10	539	1.05075
10	540	0.510314
10	541	0.78353
10	542	0.46841
10	543	0.80344
10	544	0.757538
10	545	0.751703
10	546	0.620116
10	547	1.53214
10	548	0.718452
10	549	1.59281
10	550	1.21349
10	551	1.3242
10	552	1.05768
10	553	1.00472
10	554	1.00598
10	555	0.482876
10	556	0.884367
10	557	1.3889
10	558	1.12333
10	559	0.786816
10	560	0.771474
10	561	0.941981
10	562	1.12078
10	563	0.937943
10	564	0.780388
10	565	0.803908
10	566	0.481678
10	567	1.34581
10	568	1.15388
10	569	0.719227
10	570	1.72614
10	571	0.79454
10	572	0.583854
10	573	1.12358
10	574	0.642661
10	575	1.38961
10	576	0.906066
10	577	0.847451
10	578	0.39978
10	579	0.654015
10	580	1.20226
10	581	0.613906
10	582	0.583302
10	583	0.790224
10	584	0.784141
10	585	1.23128
10	586	0.931266
10	587	1.18149
10	588	0.828196
10	589	1.2046
10	590	0.687114
10	591	0.559376
10	592	0.816352
10	593	0.851417
10	594	1.27587
10	595	1.50065
10	596	0.824655
10	597	0.461025
10	598	1.12594
10	599	0.643718
10	600	0.79913
10	601	0.880829
10	602	1.21759
10	603	0.788183
10	604	1.4353
10	605	0.901613
10	606	0.866824
10	607	0.375873
10	608	0.646635
10	609	1.09142
10	610	1.33238
10	611	1.05909
10	612	1.14009
10	613	1.22732
10	614	0.941585
10	615	0.84879
10	616	1.17908
10	617	0.875565
10	618	0.663782
10	619	0.487987
10	620	0.873913
10	621	1.10439
10	622	0.473345
10	623	1.05793
10	624	0.486199
10	625	0.846512
10	626	0.841771
10	627	0.837129
10	628	1.37411
10	629	1.2063
10	630	0.972461
10	631	0.420041
10	632	1.29326
10	633	1.29764
10	634	0.53129
10	635	0.926322
10	636	0.981249
10	637	0.962762
10	638	0.626144
10	639	1.05436
10	640	0.583704
10	641	0.926391
10	642	1.00473
10	643	1.36317
10	644	1.55643
10	645	0.793199
10	646	0.781171
10	647	1.33535
10	648	0.698104
10	649	1.17083
10	650	0.97311
10	651	1.24725
10	652	1.1436
10	653	1.22831
10	654	1.27889
10	655	0.926629
10	656	0.894814
10	657	1.15581
10	658	1.35996
10	659	0.832087
10	660	0.978601
10	661	0.650561
10	662	0.890561
10	663	1.04739
10	664	0.791193
10	665	1.17131
10	666	1.06728
10	667	0.79814
10	668	0.910448
10	669	1.49297
10	670	1.03462
10	671	0.868885
10	672	0.871592
10	673	1.07639
10	674	0.524198
10	675	0.901551
10	676	1.0702
10	677	0.666468
10	678	1.00312
10	679	1.90944
10	680	0.67537
10	681	1.90594
10	682	0.661593
10	683	0.942933
10	684	0.671848
10	685	1.28675
10	686	1.67221
10	687	1.95173
10	688	0.921241
10	689	0.879245
10	690	0.931904
10	691	0.977407
10	692	1.07561
10	693	1.06759
10	694	1.42462
10	695	0.957591
10	696	0.407285
10	697	0.609136
10	698	0.772952
10	699	0.897051
10	700	1.00621
10	701	0.522855
10	702	0.520846
10	703	0.497972
10	704	0.992433
10	705	1.21426
10	706	1.15674
10	707	1.21894
10	708	0.563775
10	709	0.887449
10	710	1.63603
10	711	1.38583
10	712	0.985189
10	713	1.33997
10	714	0.61881
10	715	1.14677
10	716	1.12567
10	717	0.85557
10	718	1.02896
10	719	0.390493
10	720	0.692403
10	721	1.1824
10	722	0.892704
10	723	0.962885
10	724	0.897158
10	725	0.753222
10	726	0.976441
10	727	1.01032
10	728	0.769855
10	729	2.04206
10	730	1.50165
10	731	1.2972
10	732	0.701637
10	733	1.30448
10	734	0.929021
10	735	1.32402
10	736	0.745945
10	737	0.865572
10	738	1.3482
10	739	1.13155
10	740	1.07871
10	741	0.76408
10	742	1.53279
10	743	1.23498
10	744	1.09945
10	745	1.148
10	746	1.00079
10	747	0.754132
10	748	1.00725
10	749	0.958922
10	750	0.884057
10	751	1.25012
10	752	0.621222
10	753	0.707485
10	754	0.754062
10	755	0.766448
10	756	0.986079
10	757	1.00205
10	758	0.62874
10	759	0.964946
10	760	0.661657
10	761	0.854895
10	762	1.42506
10	763	0.726453
10	764	1.11924
10	765	0.980093
10	766	1.41491
10	767	0.914638
10	768	1.38361
10	769	1.07366
10	770	0.61088
10	771	1.29388
10	772	1.29279
10	773	1.21585
10	774	1.03277
10	775	0.986285
10	776	0.575429
10	777	1.04477
10	778	1.37966
10	779	0.980351
10	780	1.16349
10	781	0.883959
10	782	0.528094
10	783	1.62308
10	784	1.22554
10	785	1.55037
10	786	1.35072
10	787	0.861879
10	788	1.53744
10	789	1.40618
10	790	1.41421
10	791	1.242
10	792	1.05182
10	793	1.97752
10	794	0.743699
10	795	0.699101
10	796	1.16384
10	797	1.54951
10	798	0.77273
10	799	0.660125
10	800	0.916868
10	801	1.36337
10	802	0.961307
10	803	0.494995
10	804	1.43986
10	805	0.902864
10	806	0.398092
10	807	0.462485
10	808	0.905798
10	809	0.824422
10	810	1.05393
10	811	1.627
10	812	0.954586
10	813	0.877156
10	814	1.16238
10	815	0.653772
10	816	1.11869
10	817	0.391602
10	818	0.903241
10	819	0.470196
10	820	1.57375
10	821	0.657304
10	822	1.16375
10	823	0.818096
10	824	1.52544
10	825	0.803832
10	826	1.08646
10	827	1.2119
10	828	0.749526
10	829	0.927428
10	830	0.585043
10	831	1.04471
10	832	0.855035
10	833	0.981096
10	834	1.16121
10	835	0.882124
10	836	0.742496
10	837	0.891394
10	838	0.556115
10	839	0.616913
10	840	1.19745
10	841	0.891035
10	842	1.48359
10	843	0.457292
10	844	0.523842
10	845	1.11255
10	846	1.11456
10	847	1.82881
10	848	1.00046
10	849	1.2179
10	850	0.592723
10	851	1.53588
10	852	1.34863
10	853	1.00933
10	854	0.475898
10	855	1.08958
10	856	1.12395
10	857	1.58682
10	858	1.23346
10	859	0.771416
10	860	0.425774
10	861	1.14977
10	862	0.805727
10	863	1.0727
10	864	0.793769
10	865	0.762393
10	866	1.69911
10	867	1.6834
10	868	1.28523
10	869	1.02132
10	870	1.66736
10	871	0.756913
10	872	0.827841
10	873	0.470312
10	874	0.792298
10	875	1.48233
10	876	1.08936
10	877	1.01618
10	878	0.638685
10	879	1.19404
10	880	0.563584
10	881	0.859882
10	882	1.01352
10	883	1.46712
10	884	0.761316
10	885	0.616396
10	886	0.964606
10	887	0.8548
10	888	0.965961
10	889	1.09564
10	890	1.39643
10	891	0.815319
10	892	0.683667
10	893	1.48715
10	894	0.749247
10	895	1.21907
10	896	0.85755
10	897	0.931909
10	898	0.791362
10	899	1.73431
10	900	1.12539
10	901	1.13546
10	902	1.40289
10	903	0.991059
10	904	1.17333
10	905	1.12631
10	906	0.726381
10	907	0.988003
10	908	0.600384
10	909	0.888975
10	910	1.82355
10	911	1.06486
10	912	0.737084
10	913	1.12917
10	914	0.744217
10	915	0.985131
10	916	0.41419
10	917	0.814213
10	918	0.831986
10	919	0.915704
10	920	0.88825
10	921	1.0352
10	922	1.10911
10	923	1.39192
10	924	1.03467
10	925	0.772245
10	926	0.735811
10	927	1.08257
10	928	1.05044
10	929	1.00401
10	930	0.718932
10	931	1.1093
10	932	0.754273
10	933	0.903016
10	934	0.586202
10	935	0.761375
10	936	1.42591
10	937	0.768543
10	938	1.85678
10	939	0.877671
10	940	0.585627
10	941	0.664077
10	942	1.89808
10	943	1.19971
10	944	1.38959
10	945	1.05005
10	946	0.587944
10	947	1.03824
10	948	0.914588
10	949	0.65818
10	950	1.05148
10	951	1.50613
10	952	1.12094
10	953	1.07006
10	954	0.455605
10	955	1.19276
10	956	0.880095
10	957	1.11625
10	958	0.744668
10	959	0.975143
10	960	1.37987
10	961	1.36564
10	962	0.876379
10	963	0.894093
10	964	0.789964
10	965	0.704228
10	966	1.10026
10	967	0.563596
10	968	0.732947
10	969	1.04631
10	970	1.12982
10	971	0.939089
10	972	1.40611
10	973	0.898824
10	974	0.959319
10	975	1.81448
10	976	0.714478
10	977	1.05232
10	978	0.708064
10	979	1.01844
10	980	0.965322
10	981	0.967968
10	982	0.894928
10	983	1.14535
10	984	0.939895
10	985	0.983491
10	986	1.09018
10	987	0.833766
10	988	1.08972
10	989	1.07899
10	990	0.70649
10	991	0.996499
10	992	0.934054
10	993	0.829766
10	994	1.20691
10	995	1.46965
10	996	0.869586
10	997	1.74053
10	998	1.17644
10	999	0.484482
10	1000	0.539905
10	1001	1.21666
10	1002	0.870261
10	1003	1.12853
10	1004	1.05618
10	1005	0.799472
10	1006	1.06044
10	1007	1.292
10	1008	1.56079
10	1009	0.851685
10	1010	0.790335
10	1011	1.42324
10	1012	0.653912
10	1013	0.431632
10	1014	0.759442
10	1015	1.89054
10	1016	0.787321
10	1017	1.15944
10	1018	1.26122
10	1019	0.964948
10	1020	0.891827
10	1021	0.937516
10	1022	1.29446
10	1023	0.680947
10	1024	1.30932
10	1025	1.31551
10	1026	1.27688
10	1027	1.15247
10	1028	1.08189
10	1029	0.672284
10	1030	1.0655
10	1031	0.998248
10	1032	1.21375
10	1033	1.03668
10	1034	1.28651
10	1035	0.933068
10	1036	1.68353
10	1037	0.908567
10	1038	1.4049
10	1039	1.27421
10	1040	1.16172
10	1041	0.90822
10	1042	0.700551
10	1043	0.958652
10	1044	1.57695
10	1045	1.14963
10	1046	0.801879
10	1047	1.11697
10	1048	1.05277
10	1049	1.10597
10	1050	0.890079
10	1051	0.673184
10	1052	0.774121
10	1053	0.785286
10	1054	0.873374
10	1055	1.84515
10	1056	1.20668
10	1057	0.619238
10	1058	1.23746
10	1059	1.03984
10	1060	0.474241
10	1061	0.880396
10	1062	0.702077
10	1063	1.15383
10	1064	0.718457
10	1065	0.767134
10	1066	1.13897
10	1067	0.844072
10	1068	0.836811
10	1069	0.816425
10	1070	1.73344
10	1071	1.36289
10	1072	1.62638
10	1073	0.507033
10	1074	1.39184
10	1075	1.22733
10	1076	0.717607
10	1077	0.900002
10	1078	1.19464
10	1079	1.07537
10	1080	1.54346
10	1081	1.12423
10	1082	0.622672
10	1083	1.80943
10	1084	0.697235
10	1085	0.717945
10	1086	1.64505
10	1087	1.11866
10	1088	0.773542
10	1089	0.920436
10	1090	0.939139
10	1091	0.595792
10	1092	1.01598
10	1093	0.927322
10	1094	1.79238
10	1095	1.26162
10	1096	1.39711
10	1097	0.51032
10	1098	1.14716
10	1099	0.640444
10	1100	0.972963
10	1101	1.06993
10	1102	1.36262
10	1103	0.803753
10	1104	0.453683
10	1105	0.734955
10	1106	0.895531
10	1107	0.988673
10	1108	1.43372
10	1109	0.7189
10	1110	0.861278
10	1111	0.807671
10	1112	0.789375
10	1113	1.09572
10	1114	1.39784
10	1115	0.928723
10	1116	1.11434
10	1117	0.959365
10	1118	1.37248
10	1119	1.19625
10	1120	0.702132
10	1121	0.936971
10	1122	0.828252
10	1123	1.20099
10	1124	1.5546
10	1125	0.956186
10	1126	0.506
10	1127	0.646492
10	1128	1.51984
10	1129	1.33952
10	1130	1.19079
10	1131	0.814238
10	1132	1.61679
10	1133	0.901893
10	1134	1.12974
10	1135	1.11919
10	1136	0.629305
10	1137	0.813162
10	1138	0.966074
10	1139	0.843547
10	1140	0.745842
10	1141	0.806615
10	1142	0.898502
10	1143	0.766127
10	1144	0.870212
10	1145	0.466048
10	1146	1.1512
10	1147	1.09353
10	1148	1.11233
10	1149	0.971513
10	1150	1.64166
10	1151	1.15931
10	1152	0.576521
10	1153	1.03457
10	1154	1.20111
10	1155	1.41772
10	1156	0.678452
10	1157	1.09299
10	1158	0.988431
10	1159	1.27356
10	1160	0.68357
10	1161	1.36167
10	1162	1.11286
10	1163	1.38673
10	1164	0.721782
10	1165	1.1692
10	1166	1.25564
10	1167	1.33878
10	1168	1.22268
10	1169	1.28402
10	1170	0.576394
10	1171	1.59245
10	1172	0.74673
10	1173	0.964566
10	1174	0.670961
10	1175	0.874118
10	1176	0.882146
10	1177	1.4004
10	1178	1.22057
10	1179	1.05027
10	1180	0.848817
10	1181	0.516744
10	1182	0.838326
10	1183	1.54262
10	1184	1.48603
10	1185	1.05346
10	1186	0.700579
10	1187	0.988053
10	1188	0.742876
10	1189	1.35738
10	1190	1.05005
10	1191	1.40967
10	1192	0.776802
10	1193	0.703282
10	1194	0.996377
10	1195	1.47763
10	1196	0.850291
10	1197	0.892175
10	1198	0.864846
10	1199	1.33581
10	1200	0.780912
10	1201	0.637836
10	1202	0.436559
10	1203	0.537542
10	1204	0.582949
10	1205	0.814326
10	1206	1.18789
10	1207	1.32499
10	1208	0.686985
10	1209	0.484121
10	1210	0.685616
10	1211	1.91386
10	1212	0.844952
10	1213	1.12356
10	1214	1.22097
10	1215	1.45395
10	1216	0.957981
10	1217	0.581887
10	1218	1.12733
10	1219	0.721343
10	1220	1.23009
10	1221	0.851318
10	1222	0.963075
10	1223	1.76384
10	1224	0.582254
10	1225	0.844255
10	1226	1.19688
10	1227	1.60887
10	1228	1.59369
10	1229	0.56815
10	1230	1.02116
10	1231	1.33092
10	1232	0.637261
10	1233	0.480925
10	1234	0.596637
10	1235	0.740012
10	1236	0.883703
10	1237	1.12911
10	1238	1.21403
10	1239	1.07291
10	1240	1.85673
10	1241	0.704563
10	1242	1.21923
10	1243	0.775128
10	1244	1.15697
10	1245	1.17473
10	1246	1.65485
10	1247	0.809665
10	1248	0.919614
10	1249	1.87216
10	1250	0.751867
10	1251	0.847294
10	1252	0.965216
10	1253	0.975141
10	1254	1.02562
10	1255	1.31629
10	1256	1.16952
10	1257	1.78761
10	1258	0.997823
10	1259	0.663759
10	1260	1.22881
10	1261	0.829907
10	1262	1.03429
10	1263	0.843753
10	1264	0.962043
10	1265	0.911675
10	1266	0.919443
10	1267	1.22124
10	1268	1.76222
10	1269	0.680654
10	1270	0.952592
10	1271	0.976468
10	1272	0.814735
10	1273	1.21249
10	1274	1.53819
10	1275	0.995596
10	1276	0.850149
10	1277	1.32415
10	1278	0.908623
10	1279	0.600232
10	1280	1.32659
10	1281	1.09775
10	1282	0.900082
10	1283	0.735006
10	1284	1.15422
10	1285	1.62107
10	1286	0.501896
10	1287	0.930598
10	1288	0.750605
10	1289	0.541571
10	1290	1.09853
10	1291	0.755306
10	1292	1.041
10	1293	1.01504
10	1294	0.97606
10	1295	1.05275
10	1296	1.29923
10	1297	1.1051
10	1298	1.38797
10	1299	1.17824
10	1300	1.09729
10	1301	1.03585
10	1302	0.936324
10	1303	1.16851
10	1304	0.803072
10	1305	0.453164
10	1306	0.708191
10	1307	0.87314
10	1308	0.631802
10	1309	0.750964
10	1310	1.14965
10	1311	0.534309
10	1312	1.06689
10	1313	0.767646
10	1314	0.728226
10	1315	1.21193
10	1316	1.31422
10	1317	0.997032
10	1318	0.866981
10	1319	0.689693
10	1320	0.691409
10	1321	0.774628
10	1322	0.993408
10	1323	0.702366
10	1324	0.588056
10	1325	1.3158
10	1326	0.799927
10	1327	0.902528
10	1328	1.62947
10	1329	0.682314
10	1330	0.939811
10	1331	1.06655
10	1332	1.06204
10	1333	0.731693
10	1334	1.05904
10	1335	1.04179
10	1336	1.96199
10	1337	0.850269
10	1338	0.745289
10	1339	0.849049
10	1340	0.540626
10	1341	0.801809
10	1342	0.854541
10	1343	1.74904
10	1344	1.07672
10	1345	0.953281
10	1346	0.74377
10	1347	0.881622
10	1348	0.996327
10	1349	0.678948
10	1350	0.931877
10	1351	0.886386
10	1352	1.52896
10	1353	0.885508
10	1354	0.532722
10	1355	0.948273
10	1356	0.979167
10	1357	1.35883
10	1358	1.17825
10	1359	0.919781
10	1360	1.31607
10	1361	0.736347
10	1362	1.05568
10	1363	0.705446
10	1364	1.37154
10	1365	0.720388
10	1366	0.997412
10	1367	0.92079
10	1368	0.944441
10	1369	1.02304
10	1370	1.5438
10	1371	1.37794
10	1372	1.04026
10	1373	0.795375
10	1374	1.19717
10	1375	1.53638
10	1376	0.980928
10	1377	0.494418
10	1378	0.702255
10	1379	1.15624
10	1380	0.776098
10	1381	0.830992
10	1382	0.969045
10	1383	0.973892
10	1384	1.57912
10	1385	1.04445
10	1386	2.56887
10	1387	0.489087
10	1388	1.53711
10	1389	0.772808
10	1390	1.6097
10	1391	0.581651
10	1392	0.791749
10	1393	0.9589
10	1394	1.3209
10	1395	1.98851
10	1396	0.490391
10	1397	0.888924
10	1398	0.930704
10	1399	0.7686
10	1400	1.2056
10	1401	1.20636
10	1402	1.14538
10	1403	0.797719
10	1404	0.750038
10	1405	1.21696
10	1406	1.52011
10	1407	0.958985
10	1408	1.32184
10	1409	1.47361
10	1410	0.718515
10	1411	1.1163
10	1412	1.00009
10	1413	1.15892
10	1414	1.32555
10	1415	1.15355
10	1416	1.39283
10	1417	0.953525
10	1418	1.09081
10	1419	0.622806
10	1420	0.721916
10	1421	1.00235
10	1422	0.828187
10	1423	1.43527
10	1424	1.05704
10	1425	1.29967
10	1426	0.974139
10	1427	1.08287
10	1428	1.22287
10	1429	0.831538
10	1430	1.26801
10	1431	1.20223
10	1432	1.05306
10	1433	1.49907
10	1434	0.583767
10	1435	1.07319
10	1436	0.844956
10	1437	0.83735
10	1438	0.903254
10	1439	0.8603
10	1440	0.992984
10	1441	0.650215
10	1442	1.19455
10	1443	1.02902
10	1444	0.99974
10	1445	0.888715
10	1446	0.982369
10	1447	0.99943
10	1448	0.976746
10	1449	0.705382
10	1450	1.95423
10	1451	1.03149
10	1452	0.508363
10	1453	1.29883
10	1454	0.716658
10	1455	0.924994
10	1456	0.876356
10	1457	0.979334
10	1458	0.703672
10	1459	1.17672
10	1460	0.892819
10	1461	1.29043
10	1462	0.888201
10	1463	1.29856
10	1464	0.515091
10	1465	0.810369
10	1466	0.69296
10	1467	0.937315
10	1468	0.868003
10	1469	0.930953
10	1470	1.14395
10	1471	1.04949
10	1472	0.577345
10	1473	0.458563
10	1474	1.19739
10	1475	0.916657
10	1476	1.23579
10	1477	0.765144
10	1478	1.2272
10	1479	1.16075
10	1480	0.890088
10	1481	1.07841
10	1482	0.890341
10	1483	0.733963
10	1484	1.17542
10	1485	0.862946
10	1486	0.554751
10	1487	1.34805
10	1488	1.64483
10	1489	1.3208
10	1490	0.932091
10	1491	1.2065
10	1492	1.30706
10	1493	0.954692
10	1494	0.816469
10	1495	0.909213
10	1496	0.814545
10	1497	1.39545
10	1498	1.2555
10	1499	1.40831
10	1500	0.602152
10	1501	1.54076
10	1502	0.525599
10	1503	0.882744
10	1504	1.09371
10	1505	1.16663
10	1506	0.726793
10	1507	0.799564
10	1508	0.976344
10	1509	1.13627
10	1510	1.00141
10	1511	0.957383
10	1512	0.879675
10	1513	0.847645
10	1514	0.838666
10	1515	0.91346
10	1516	0.654375
10	1517	0.713883
10	1518	0.916978
10	1519	1.23097
10	1520	1.14277
10	1521	0.974994
10	1522	1.0351
10	1523	0.785922
10	1524	0.919171
10	1525	1.04422
10	1526	1.31994
10	1527	0.78065
10	1528	0.546668
10	1529	0.773679
10	1530	0.696939
10	1531	0.547958
10	1532	0.687131
10	1533	1.01769
10	1534	0.541344
10	1535	0.550566
10	1536	1.51348
10	1537	0.978185
10	1538	0.999745
10	1539	0.819472
10	1540	0.516444
10	1541	1.186
10	1542	1.19091
10	1543	1.05901
10	1544	1.34449
10	1545	0.375556
10	1546	0.697824
10	1547	0.847268
10	1548	1.07183
10	1549	1.48122
10	1550	0.474541
10	1551	0.76763
10	1552	0.982981
10	1553	1.19798
10	1554	0.842085
10	1555	0.940738
10	1556	1.16924
10	1557	0.888761
10	1558	0.61355
10	1559	1.293
10	1560	0.82752
10	1561	1.0266
10	1562	1.25428
10	1563	1.53688
10	1564	1.5788
10	1565	0.832379
10	1566	1.05391
10	1567	1.15381
10	1568	1.45341
10	1569	1.04857
10	1570	1.46416
10	1571	0.845813
10	1572	0.67595
10	1573	1.00763
10	1574	1.22269
10	1575	1.59706
10	1576	0.720337
10	1577	1.06725
10	1578	1.16103
10	1579	1.21063
10	1580	0.958992
10	1581	1.08718
10	1582	0.768277
10	1583	0.885694
10	1584	1.21871
10	1585	0.789858
10	1586	0.883365
10	1587	0.874115
10	1588	1.26891
10	1589	0.657406
10	1590	1.49139
10	1591	1.26964
10	1592	0.905822
10	1593	0.914346
10	1594	0.807511
10	1595	0.773155
10	1596	0.612106
10	1597	0.72706
10	1598	1.40987
10	1599	1.55785
10	1600	0.88396
10	1601	1.30192
10	1602	1.27774
10	1603	0.857009
10	1604	0.74032
10	1605	0.865868
10	1606	1.2383
10	1607	1.3732
10	1608	0.739996
10	1609	0.879428
10	1610	0.962571
10	1611	1.2729
10	1612	1.09909
10	1613	0.662161
10	1614	1.9809
10	1615	0.892726
10	1616	0.434193
10	1617	0.696704
10	1618	0.58353
10	1619	0.803394
10	1620	1.18684
10	1621	0.878942
10	1622	1.00025
10	1623	1.34496
10	1624	0.54109
10	1625	0.661829
10	1626	1.14763
10	1627	0.799793
10	1628	0.938946
10	1629	0.903049
10	1630	1.20871
10	1631	0.475094
10	1632	1.05535
10	1633	1.01483
10	1634	0.652698
10	1635	0.811083
10	1636	0.777816
10	1637	0.899504
10	1638	1.38223
10	1639	0.850826
10	1640	0.969578
10	1641	1.45467
10	1642	0.634376
10	1643	0.895323
10	1644	1.37014
10	1645	1.52486
10	1646	0.784791
10	1647	0.978887
10	1648	1.26056
10	1649	0.755654
10	1650	1.08001
10	1651	0.782945
10	1652	1.2491
10	1653	1.45981
10	1654	0.477585
10	1655	0.774022
10	1656	1.16544
10	1657	0.572601
10	1658	0.615369
10	1659	1.0793
10	1660	0.771942
10	1661	1.0251
10	1662	0.776224
10	1663	1.58138
10	1664	1.51729
10	1665	1.04304
10	1666	0.80167
10	1667	0.641384
10	1668	1.18224
10	1669	0.930411
10	1670	1.21565
10	1671	1.21513
10	1672	0.84276
10	1673	1.11204
10	1674	1.08901
10	1675	1.00294
10	1676	1.0819
10	1677	0.880254
10	1678	1.36342
10	1679	0.793718
10	1680	1.69004
10	1681	1.2898
10	1682	1.36178
10	1683	1.7597
10	1684	0.733037
10	1685	1.28035
10	1686	1.57471
10	1687	0.679391
10	1688	0.352858
10	1689	1.15587
10	1690	1.16621
10	1691	0.428537
10	1692	0.501726
10	1693	1.03861
10	1694	0.816365
10	1695	0.256126
10	1696	0.557665
10	1697	1.18798
10	1698	1.06013
10	1699	1.6188
10	1700	0.654842
10	1701	2.06538
10	1702	1.33238
10	1703	0.759721
10	1704	1.62621
10	1705	1.39873
10	1706	0.688526
10	1707	1.23328
10	1708	1.49783
10	1709	0.914566
10	1710	0.750146
10	1711	1.42059
10	1712	0.897589
10	1713	1.28088
10	1714	0.932682
10	1715	0.762838
10	1716	0.398455
10	1717	0.591291
10	1718	0.815177
10	1719	0.455479
10	1720	0.74668
10	1721	0.692549
10	1722	1.01953
10	1723	0.724588
10	1724	1.04095
10	1725	1.22307
10	1726	1.533
10	1727	1.14313
10	1728	0.985745
10	1729	1.01002
10	1730	0.571455
10	1731	1.04743
10	1732	1.77188
10	1733	1.00991
10	1734	0.920172
10	1735	1.06418
10	1736	0.839411
10	1737	1.23793
10	1738	0.946903
10	1739	1.95702
10	1740	1.97946
10	1741	0.991489
10	1742	0.857508
10	1743	0.987364
10	1744	0.739174
10	1745	0.869903
10	1746	1.12019
10	1747	0.813635
10	1748	0.86181
10	1749	1.37618
10	1750	1.43566
10	1751	0.561183
10	1752	0.939108
10	1753	1.30175
10	1754	0.655093
10	1755	0.774059
10	1756	1.00225
10	1757	0.945812
10	1758	0.975461
10	1759	1.19567
10	1760	1.19053
10	1761	0.870394
10	1762	0.827507
10	1763	1.57819
10	1764	1.06045
10	1765	0.961507
10	1766	0.622738
10	1767	0.813953
10	1768	1.26305
10	1769	1.16782
10	1770	0.606464
10	1771	1.09204
10	1772	1.21594
10	1773	0.608267
10	1774	0.767755
10	1775	1.65922
10	1776	1.00869
10	1777	0.956034
10	1778	0.891563
10	1779	0.991719
10	1780	0.757543
10	1781	1.47304
10	1782	1.41194
10	1783	0.559953
10	1784	1.54546
10	1785	0.985992
10	1786	1.22236
10	1787	0.913258
10	1788	1.43789
10	1789	0.970556
10	1790	0.721454
10	1791	1.42859
10	1792	0.706066
10	1793	0.734354
10	1794	0.771167
10	1795	0.895688
10	1796	0.66561
10	1797	0.988071
10	1798	0.880845
10	1799	0.861701
10	1800	0.577158
10	1801	0.923464
10	1802	0.640404
10	1803	1.2702
10	1804	0.901101
10	1805	1.43223
10	1806	0.92238
10	1807	0.993601
10	1808	1.28604
10	1809	0.626749
10	1810	0.728385
10	1811	0.983099
10	1812	0.596686
10	1813	0.701608
10	1814	1.50621
10	1815	0.892709
10	1816	0.697526
10	1817	0.63823
10	1818	0.851191
10	1819	0.962636
10	1820	1.21698
10	1821	0.788641
10	1822	1.39809
10	1823	0.744087
10	1824	0.875712
10	1825	0.888561
10	1826	1.05765
10	1827	0.926589
10	1828	2.12522
10	1829	0.869926
10	1830	0.246129
10	1831	1.02204
10	1832	1.35758
10	1833	0.84421
10	1834	1.44351
10	1835	0.641013
10	1836	1.65135
10	1837	0.82781
10	1838	0.915353
10	1839	1.08514
10	1840	0.672662
10	1841	1.03649
10	1842	1.11399
10	1843	0.721855
10	1844	0.792202
10	1845	0.88535
10	1846	0.951631
10	1847	0.885795
10	1848	1.65004
10	1849	1.01829
10	1850	1.22774
10	1851	0.829071
10	1852	0.599527
10	1853	1.07907
10	1854	1.11806
10	1855	0.98962
10	1856	1.55405
10	1857	0.881046
10	1858	0.701497
10	1859	1.6867
10	1860	1.18444
10	1861	0.829321
10	1862	0.676287
10	1863	0.930614
10	1864	0.815915
10	1865	0.94834
10	1866	0.665055
10	1867	0.679967
10	1868	1.23351
10	1869	2.08534
10	1870	0.640738
10	1871	1.12997
10	1872	0.998611
10	1873	1.00737
10	1874	0.628138
10	1875	0.834746
10	1876	0.561589
10	1877	1.0665
10	1878	0.750496
10	1879	1.05693
10	1880	1.14169
10	1881	1.8401
10	1882	0.545285
10	1883	0.942706
10	1884	1.36008
10	1885	1.05035
10	1886	0.879753
10	1887	0.757662
10	1888	0.587379
10	1889	1.01185
10	1890	1.03371
10	1891	1.19209
10	1892	0.679786
10	1893	1.04495
10	1894	0.836128
10	1895	1.12885
10	1896	0.90296
10	1897	0.872386
10	1898	2.36325
10	1899	0.923869
10	1900	0.896075
10	1901	1.20998
10	1902	1.22568
10	1903	0.771382
10	1904	0.97491
10	1905	0.586839
10	1906	0.883648
10	1907	1.52082
10	1908	0.924307
10	1909	1.42954
10	1910	1.26008
10	1911	1.11353
10	1912	1.34323
10	1913	1.45625
10	1914	0.796381
10	1915	0.927801
10	1916	1.4527
10	1917	1.16942
10	1918	1.37408
10	1919	0.613784
10	1920	0.618284
10	1921	0.605552
10	1922	1.11406
10	1923	1.17335
10	1924	0.893476
10	1925	1.14419
10	1926	1.15974
10	1927	0.890782
10	1928	0.971215
10	1929	0.421137
10	1930	1.22444
10	1931	0.833118
10	1932	1.22084
10	1933	0.819772
10	1934	0.998867
10	1935	0.780755
10	1936	0.875164
10	1937	1.20454
10	1938	0.994297
10	1939	1.68196
10	1940	0.935988
10	1941	0.517117
10	1942	1.11821
10	1943	1.19216
10	1944	1.11064
10	1945	0.658808
10	1946	0.68459
10	1947	0.95907
10	1948	1.20485
10	1949	0.83189
10	1950	0.813366
10	1951	1.08926
10	1952	1.14638
10	1953	1.53839
10	1954	0.975085
10	1955	0.683478
10	1956	1.86221
10	1957	0.661425
10	1958	0.811143
10	1959	1.25204
10	1960	0.910814
10	1961	0.745314
10	1962	0.325057
10	1963	0.409093
10	1964	1.18961
10	1965	0.765534
10	1966	1.33499
10	1967	0.730064
10	1968	0.868195
10	1969	1.05992
10	1970	0.892173
10	1971	1.02842
10	1972	0.812569
10	1973	1.19057
10	1974	1.055
10	1975	0.879237
10	1976	0.925833
10	1977	1.30513
10	1978	0.741496
10	1979	0.949056
10	1980	0.820258
10	1981	1.36484
10	1982	0.926376
10	1983	0.677783
10	1984	0.768371
10	1985	0.678288
10	1986	0.406835
10	1987	1.20255
10	1988	0.66912
10	1989	1.22135
10	1990	1.21432
10	1991	0.678404
10	1992	0.698094
10	1993	0.953894
10	1994	0.813126
10	1995	0.739841
10	1996	1.48266
10	1997	0.864275
10	1998	0.791247
10	1999	0.760343
10	2000	1.09774
10	2001	0.745816
10	2002	1.12641
10	2003	1.1256
10	2004	0.629366
10	2005	0.978825
10	2006	1.18965
10	2007	0.80114
10	2008	0.980881
10	2009	1.15018
10	2010	1.31745
10	2011	0.682054
10	2012	1.50164
10	2013	0.738547
10	2014	1.12102
10	2015	0.822142
10	2016	0.613228
10	2017	1.09558
10	2018	1.4386
10	2019	0.451777
10	2020	1.10228
10	2021	0.560237
10	2022	1.29387
10	2023	0.670874
10	2024	1.27612
10	2025	1.70528
10	2026	1.11865
10	2027	0.813582
10	2028	0.766555
10	2029	0.656954
10	2030	0.821187
10	2031	1.52677
10	2032	1.23839
10	2033	0.607418
10	2034	0.792343
10	2035	1.36205
10	2036	0.584956
10	2037	1.1651
10	2038	1.00155
10	2039	1.00349
10	2040	0.707111
10	2041	0.954631
10	2042	0.723836
10	2043	0.981691
10	2044	0.935462
10	2045	1.0777
10	2046	0.710219
10	2047	0.983707
10	2048	1.34499
10	2049	0.785506
10	2050	0.69193
10	2051	0.438257
10	2052	0.90354
10	2053	0.711357
10	2054	0.924639
10	2055	1.32582
10	2056	1.11826
10	2057	0.605077
10	2058	1.39605
10	2059	1.65896
10	2060	1.10347
10	2061	0.907992
10	2062	1.22495
10	2063	0.57472
10	2064	0.764618
10	2065	1.04418
10	2066	0.744959
10	2067	0.782833
10	2068	1.18816
10	2069	1.11973
10	2070	0.856471
10	2071	0.526038
10	2072	0.980813
10	2073	1.03558
10	2074	1.2034
10	2075	0.889453
10	2076	0.488523
10	2077	0.86255
10	2078	0.647197
10	2079	0.976707
10	2080	0.911373
10	2081	1.2015
10	2082	1.00962
10	2083	1.21064
10	2084	1.63388
10	2085	0.967845
10	2086	1.5436
10	2087	0.792445
10	2088	1.28534
10	2089	1.18326
10	2090	0.9372
10	2091	1.56046
10	2092	1.17909
10	2093	0.99562
10	2094	0.754897
10	2095	0.960507
10	2096	1.11183
10	2097	1.19416
10	2098	1.00176
10	2099	1.14757
10	2100	0.459862
10	2101	0.853543
10	2102	0.873713
10	2103	0.93472
10	2104	1.15733
10	2105	1.11832
10	2106	1.10631
10	2107	0.877736
10	2108	0.694673
10	2109	1.44413
10	2110	0.888404
10	2111	0.857834
10	2112	1.25333
10	2113	0.974021
10	2114	1.12278
10	2115	0.879194
10	2116	0.613688
10	2117	0.827959
10	2118	0.578501
10	2119	1.23288
10	2120	0.923523
10	2121	1.40659
10	2122	0.714235
10	2123	1.04774
10	2124	0.803816
10	2125	1.27057
10	2126	1.11128
10	2127	0.816716
10	2128	0.850719
10	2129	1.17596
10	2130	1.22295
10	2131	0.825086
10	2132	1.69302
10	2133	0.690596
10	2134	0.561329
10	2135	1.5144
10	2136	1.33108
10	2137	0.713615
10	2138	1.01365
10	2139	1.16818
10	2140	1.21895
10	2141	2.30719
10	2142	1.73326
10	2143	1.23532
10	2144	1.18511
10	2145	1.07481
10	2146	0.595038
10	2147	1.22801
10	2148	1.55614
10	2149	0.812541
10	2150	0.521919
10	2151	0.909241
10	2152	1.14578
10	2153	0.815951
10	2154	0.767869
10	2155	0.929833
10	2156	0.805382
10	2157	0.7272
10	2158	1.2328
10	2159	1.04627
10	2160	0.81495
10	2161	0.523082
10	2162	0.610911
10	2163	0.766562
10	2164	0.682368
10	2165	0.726338
10	2166	0.639274
10	2167	0.775773
10	2168	0.681611
10	2169	1.64805
10	2170	1.04534
10	2171	0.952856
10	2172	1.36361
10	2173	0.830013
10	2174	1.27856
10	2175	1.24382
10	2176	0.500027
10	2177	1.18566
10	2178	1.08739
10	2179	0.671805
10	2180	1.13316
10	2181	1.67649
10	2182	0.69067
10	2183	1.32096
10	2184	1.20073
10	2185	0.930774
10	2186	0.901556
10	2187	0.964906
10	2188	0.689158
10	2189	0.985185
10	2190	1.02728
10	2191	0.942412
10	2192	1.12708
10	2193	0.736784
10	2194	0.703419
10	2195	1.5955
10	2196	0.503287
10	2197	1.04304
10	2198	0.448051
10	2199	1.18118
10	2200	0.690373
10	2201	0.720386
10	2202	0.625059
10	2203	0.858621
10	2204	1.45381
10	2205	0.999146
10	2206	1.07567
10	2207	0.824451
10	2208	0.983752
10	2209	1.30107
10	2210	1.32886
10	2211	0.789134
10	2212	0.924118
10	2213	1.18173
10	2214	0.67677
10	2215	0.987633
10	2216	0.569702
10	2217	1.02651
10	2218	1.55815
10	2219	0.992908
10	2220	0.876297
10	2221	0.931247
10	2222	0.652423
10	2223	0.715121
10	2224	0.899037
10	2225	1.09384
10	2226	1.07731
10	2227	0.90842
10	2228	1.44119
10	2229	1.12613
10	2230	1.14771
10	2231	1.19476
10	2232	1.01708
10	2233	1.10068
10	2234	0.85623
10	2235	0.704741
10	2236	0.705562
10	2237	1.11539
10	2238	1.02636
10	2239	0.44977
10	2240	1.01575
10	2241	1.31779
10	2242	0.661632
10	2243	0.92939
10	2244	0.534156
10	2245	1.47454
10	2246	1.08643
10	2247	0.828186
10	2248	1.40012
10	2249	1.20701
10	2250	1.44851
10	2251	0.649517
10	2252	0.718983
10	2253	0.459034
10	2254	1.3415
10	2255	0.869182
10	2256	0.860543
10	2257	0.918991
10	2258	0.880108
10	2259	0.942748
10	2260	1.11773
10	2261	0.69538
10	2262	1.60373
10	2263	0.581173
10	2264	0.638354
10	2265	1.22489
10	2266	1.57076
10	2267	0.339348
10	2268	1.39653
10	2269	0.854698
10	2270	1.08574
10	2271	0.666779
10	2272	0.748317
10	2273	1.80922
10	2274	1.29878
10	2275	0.958837
10	2276	1.08075
10	2277	0.932926
10	2278	0.637044
10	2279	1.4513
10	2280	0.811035
10	2281	1.39773
10	2282	0.992625
10	2283	1.73128
10	2284	1.0956
10	2285	0.696819
10	2286	0.844731
10	2287	0.943469
10	2288	0.974824
10	2289	0.284214
10	2290	0.814938
10	2291	1.27442
10	2292	0.92473
10	2293	0.534221
10	2294	0.855387
10	2295	0.439629
10	2296	0.90032
10	2297	0.879963
10	2298	1.16076
10	2299	0.618435
10	2300	1.5234
10	2301	0.640577
10	2302	0.796197
10	2303	0.482388
10	2304	0.792267
10	2305	1.19502
10	2306	0.696753
10	2307	0.548743
10	2308	1.26731
10	2309	1.37248
10	2310	0.948474
10	2311	1.20149
10	2312	1.06239
10	2313	0.639355
10	2314	1.14272
10	2315	1.11294
10	2316	1.20539
10	2317	0.741678
10	2318	1.2823
10	2319	0.816637
10	2320	1.17288
10	2321	1.06714
10	2322	1.12609
10	2323	1.34644
10	2324	1.53582
10	2325	0.388157
10	2326	1.92534
10	2327	0.91897
10	2328	1.07941
10	2329	1.42919
10	2330	0.875832
10	2331	0.923143
10	2332	0.835165
10	2333	0.775338
10	2334	1.27207
10	2335	0.955872
10	2336	1.23287
10	2337	1.61478
10	2338	0.636742
10	2339	1.22042
10	2340	1.24073
10	2341	1.48003
10	2342	0.614242
10	2343	0.869352
10	2344	0.800624
10	2345	0.528947
10	2346	1.19361
10	2347	0.878924
10	2348	1.20358
10	2349	1.19465
10	2350	0.977983
10	2351	1.2559
10	2352	0.778872
10	2353	1.24528
10	2354	1.65876
10	2355	0.91855
10	2356	0.625065
10	2357	0.842315
10	2358	1.48106
10	2359	0.752607
10	2360	1.15211
10	2361	0.954348
10	2362	1.23456
10	2363	0.676931
10	2364	1.24045
10	2365	0.65865
10	2366	0.980095
10	2367	0.497208
10	2368	1.67201
10	2369	0.947032
10	2370	0.86851
10	2371	0.596454
10	2372	1.48185
10	2373	0.963407
10	2374	1.1609
10	2375	0.953711
10	2376	1.43768
10	2377	1.25977
10	2378	0.893317
10	2379	0.962529
10	2380	0.735096
10	2381	0.64415
10	2382	0.958755
10	2383	1.55222
10	2384	0.864543
10	2385	1.12461
10	2386	1.48117
10	2387	0.673048
10	2388	0.923406
10	2389	0.866434
10	2390	0.883178
10	2391	1.30846
10	2392	1.28259
10	2393	1.167
10	2394	0.434194
10	2395	1.33243
10	2396	0.852119
10	2397	0.911057
10	2398	0.783509
10	2399	1.09698
10	2400	1.64187
10	2401	1.17861
10	2402	0.858515
10	2403	1.26069
10	2404	1.01253
10	2405	0.70282
10	2406	0.804568
10	2407	0.418922
10	2408	0.840652
10	2409	0.853941
10	2410	0.983274
10	2411	0.879645
10	2412	0.744715
10	2413	1.35101
10	2414	0.473343
10	2415	0.709959
10	2416	0.806308
10	2417	0.826799
10	2418	1.47266
10	2419	1.3111
10	2420	1.147
10	2421	1.02429
10	2422	0.870007
10	2423	1.36715
10	2424	0.764364
10	2425	0.807664
10	2426	1.9105
10	2427	0.965058
10	2428	0.85306
10	2429	0.519722
10	2430	1.50469
10	2431	0.642308
10	2432	1.2392
10	2433	0.914355
10	2434	0.696612
10	2435	1.08143
10	2436	0.622805
10	2437	0.984659
10	2438	1.36918
10	2439	0.770423
10	2440	0.925369
10	2441	1.03463
10	2442	1.44157
10	2443	0.861484
10	2444	1.07056
10	2445	1.06647
10	2446	1.21751
10	2447	1.617
10	2448	0.629149
10	2449	0.538428
10	2450	0.74211
10	2451	1.26106
10	2452	0.64494
10	2453	1.1752
10	2454	1.76442
10	2455	1.52436
10	2456	1.04034
10	2457	0.939759
10	2458	0.67953
10	2459	1.3337
10	2460	1.14841
10	2461	0.44809
10	2462	1.13792
10	2463	0.658435
10	2464	1.21557
10	2465	1.20411
10	2466	0.831084
10	2467	0.889448
10	2468	0.736891
10	2469	0.819027
10	2470	1.0196
10	2471	0.396526
10	2472	0.657247
10	2473	1.2845
10	2474	1.63699
10	2475	1.00366
10	2476	1.67487
10	2477	1.5843
10	2478	0.998642
10	2479	0.908908
10	2480	0.758611
10	2481	2.39651
10	2482	0.472815
10	2483	1.02606
10	2484	0.963082
10	2485	1.15834
10	2486	0.744804
10	2487	1.11847
10	2488	0.547131
10	2489	0.723097
10	2490	1.49348
10	2491	0.771156
10	2492	0.959796
10	2493	1.29092
10	2494	0.431334
10	2495	1.13561
10	2496	1.07009
10	2497	0.793585
10	2498	1.26456
10	2499	0.702589
10	2500	0.883669
10	2501	1.54392
10	2502	1.17159
10	2503	1.1148
10	2504	1.53693
10	2505	0.808224
10	2506	0.63948
10	2507	0.967208
10	2508	1.0733
10	2509	1.12947
10	2510	0.573346
10	2511	0.955125
10	2512	0.817345
10	2513	1.06799
10	2514	0.947397
10	2515	0.603477
10	2516	0.658206
10	2517	0.626715
10	2518	1.14647
10	2519	1.30237
10	2520	0.716729
10	2521	0.468173
10	2522	0.548715
10	2523	1.03333
10	2524	0.927057
10	2525	0.752875
10	2526	0.586976
10	2527	0.755756
10	2528	0.720762
10	2529	0.841976
10	2530	0.86265
10	2531	1.4676
10	2532	0.898531
10	2533	0.862833
10	2534	1.4133
10	2535	0.791532
10	2536	0.504453
10	2537	0.723764
10	2538	0.918825
10	2539	1.14773
10	2540	1.58461
10	2541	0.961348
10	2542	1.35701
10	2543	1.19026
10	2544	1.4543
10	2545	0.690009
10	2546	0.73076
10	2547	0.690361
10	2548	0.660427
10	2549	1.1061
10	2550	0.8911
10	2551	1.59623
10	2552	0.780118
10	2553	0.92542
10	2554	0.497284
10	2555	0.503913
10	2556	0.706878
10	2557	0.950582
10	2558	0.617757
10	2559	1.05055
10	2560	0.873272
10	2561	0.733681
10	2562	0.923387
10	2563	0.482801
10	2564	1.21636
10	2565	1.02266
10	2566	0.699444
10	2567	0.986955
10	2568	0.734159
10	2569	1.38056
10	2570	1.47544
10	2571	1.77406
10	2572	1.17253
10	2573	1.4655
10	2574	1.04647
10	2575	1.08336
10	2576	0.957525
10	2577	1.67198
10	2578	0.844331
10	2579	0.541954
10	2580	0.431497
10	2581	1.10371
10	2582	0.526734
10	2583	0.69556
10	2584	0.5918
10	2585	0.956375
10	2586	1.06167
10	2587	0.576881
10	2588	0.964416
10	2589	0.821274
10	2590	0.908869
10	2591	1.13299
10	2592	1.22304
10	2593	0.848854
10	2594	0.801318
10	2595	0.62754
10	2596	1.29619
10	2597	0.825377
10	2598	0.725565
10	2599	0.574662
10	2600	0.72727
10	2601	0.890173
10	2602	1.05581
10	2603	0.824795
10	2604	0.902055
10	2605	0.95289
10	2606	1.26648
10	2607	0.929814
10	2608	0.70617
10	2609	1.21197
10	2610	0.926543
10	2611	0.772901
10	2612	1.75669
10	2613	0.857473
10	2614	1.01979
10	2615	0.572991
10	2616	0.917543
10	2617	0.5298
10	2618	0.929479
10	2619	0.967839
10	2620	0.627143
10	2621	1.00471
10	2622	0.799598
10	2623	1.56574
10	2624	1.31985
10	2625	1.06689
10	2626	0.814361
10	2627	1.34563
10	2628	0.852514
10	2629	1.22226
10	2630	0.787275
10	2631	1.20752
10	2632	0.792329
10	2633	0.82457
10	2634	0.694385
10	2635	1.03249
10	2636	1.07885
10	2637	0.262248
10	2638	0.816258
10	2639	1.56086
10	2640	0.883154
10	2641	0.559161
10	2642	1.51172
10	2643	0.703412
10	2644	1.41055
10	2645	1.30702
10	2646	0.871021
10	2647	0.752947
10	2648	2.06755
10	2649	0.902881
10	2650	1.19788
10	2651	0.916377
10	2652	0.908692
10	2653	1.11382
10	2654	1.63201
10	2655	1.09756
10	2656	0.823504
10	2657	0.671416
10	2658	1.05001
10	2659	1.13415
10	2660	0.670149
10	2661	1.61159
10	2662	0.81601
10	2663	0.881255
10	2664	0.843462
10	2665	0.744328
10	2666	1.55391
10	2667	0.906635
10	2668	0.611821
10	2669	0.960126
10	2670	0.785926
10	2671	0.932385
10	2672	1.1995
10	2673	1.03722
10	2674	0.860907
10	2675	1.35734
10	2676	0.942175
10	2677	1.87573
10	2678	0.969347
10	2679	1.07068
10	2680	1.50481
10	2681	1.0045
10	2682	1.02596
10	2683	0.928434
10	2684	0.72963
10	2685	0.929989
10	2686	0.729204
10	2687	0.90643
10	2688	0.802486
10	2689	0.864845
10	2690	1.16304
10	2691	0.83678
10	2692	1.46102
10	2693	0.525263
10	2694	0.341913
10	2695	1.12058
10	2696	0.95563
10	2697	2.03205
10	2698	1.35798
10	2699	0.923265
10	2700	1.30186
10	2701	0.505137
10	2702	1.16348
10	2703	1.32176
10	2704	0.861284
10	2705	1.20848
10	2706	1.14921
10	2707	1.07955
10	2708	1.09407
10	2709	0.729705
10	2710	1.64375
10	2711	1.05552
10	2712	0.589182
10	2713	0.876254
10	2714	0.866595
10	2715	1.18276
10	2716	0.868577
10	2717	0.721419
10	2718	1.23675
10	2719	0.694928
10	2720	0.83423
10	2721	1.15373
10	2722	0.912556
10	2723	0.816856
10	2724	0.975329
10	2725	1.09774
10	2726	0.880579
10	2727	1.00664
10	2728	0.583924
10	2729	1.82562
10	2730	1.00032
10	2731	1.15819
10	2732	0.875046
10	2733	0.891343
10	2734	1.02762
10	2735	1.29812
10	2736	0.766154
10	2737	1.11793
10	2738	1.17534
10	2739	1.48573
10	2740	1.5695
10	2741	0.580961
10	2742	1.25662
10	2743	1.27736
10	2744	1.24984
10	2745	0.62214
10	2746	1.09881
10	2747	1.28723
10	2748	0.892068
10	2749	0.695588
10	2750	0.69014
10	2751	1.00422
10	2752	0.913335
10	2753	1.02203
10	2754	1.17432
10	2755	1.14565
10	2756	0.657879
10	2757	0.733587
10	2758	0.451506
10	2759	0.572149
10	2760	0.802782
10	2761	0.601687
10	2762	0.477511
10	2763	0.978294
10	2764	1.26804
10	2765	0.612457
10	2766	0.878179
10	2767	0.965339
10	2768	0.965331
10	2769	1.10781
10	2770	0.539299
10	2771	0.504483
10	2772	0.567873
10	2773	1.37654
10	2774	0.912257
10	2775	0.617465
10	2776	1.1725
10	2777	0.710642
10	2778	1.07547
10	2779	0.732803
10	2780	0.806208
10	2781	0.985896
10	2782	0.751825
10	2783	0.868985
10	2784	0.448373
10	2785	0.906824
10	2786	1.27549
10	2787	0.708934
10	2788	1.42129
10	2789	1.50402
10	2790	0.770175
10	2791	1.34431
10	2792	0.611521
10	2793	0.808682
10	2794	1.08214
10	2795	0.884992
10	2796	1.36679
10	2797	0.769356
10	2798	0.62589
10	2799	0.985381
10	2800	0.716815
10	2801	1.21917
10	2802	1.00916
10	2803	0.824055
10	2804	1.23216
10	2805	0.465983
10	2806	0.922011
10	2807	0.764043
10	2808	1.05419
10	2809	1.41784
10	2810	0.520675
10	2811	1.17328
10	2812	1.18539
10	2813	1.53522
10	2814	0.970551
10	2815	0.492025
10	2816	0.994426
10	2817	1.16614
10	2818	1.38106
10	2819	1.35603
10	2820	0.935261
10	2821	0.576197
10	2822	1.06317
10	2823	1.51411
10	2824	1.02073
10	2825	0.745931
10	2826	0.470097
10	2827	0.849727
10	2828	1.31338
10	2829	1.61494
10	2830	1.05384
10	2831	0.73915
10	2832	1.38606
10	2833	0.884734
10	2834	0.819682
10	2835	0.909818
10	2836	1.82825
10	2837	1.38987
10	2838	0.743026
10	2839	0.849064
10	2840	1.39134
10	2841	0.807345
10	2842	0.782853
10	2843	1.39862
10	2844	0.923826
10	2845	1.39279
10	2846	1.4457
10	2847	0.811991
10	2848	0.891444
10	2849	0.962087
10	2850	1.34264
10	2851	1.00233
10	2852	0.842967
10	2853	0.941161
10	2854	0.84113
10	2855	0.616628
10	2856	0.764409
10	2857	0.60866
10	2858	0.965567
10	2859	1.02851
10	2860	0.657355
10	2861	1.13649
10	2862	0.865671
10	2863	1.58038
10	2864	0.854197
10	2865	0.75593
10	2866	0.484983
10	2867	1.14059
10	2868	0.579997
10	2869	0.357677
10	2870	0.875272
10	2871	1.03406
10	2872	0.969707
10	2873	1.10973
10	2874	0.935883
10	2875	2.39357
10	2876	0.792673
10	2877	1.0929
10	2878	1.99506
10	2879	0.899152
10	2880	0.866453
10	2881	1.28029
10	2882	0.50155
10	2883	0.698711
10	2884	1.64012
10	2885	1.37978
10	2886	1.0417
10	2887	0.460379
10	2888	1.1931
10	2889	1.37564
10	2890	0.889032
10	2891	1.03906
10	2892	0.781404
10	2893	0.986389
10	2894	0.660851
10	2895	1.74474
10	2896	0.713441
10	2897	0.658746
10	2898	1.09588
10	2899	0.956312
10	2900	1.54313
10	2901	0.792303
10	2902	1.33562
10	2903	0.635858
10	2904	1.86332
10	2905	1.65101
10	2906	0.681241
10	2907	0.546407
10	2908	0.917309
10	2909	0.812515
10	2910	0.943502
10	2911	1.27475
10	2912	0.871498
10	2913	0.975922
10	2914	1.89947
10	2915	0.845881
10	2916	1.1023
10	2917	1.21113
10	2918	0.695227
10	2919	0.589276
10	2920	1.41066
10	2921	1.50245
10	2922	0.715547
10	2923	1.09328
10	2924	0.886278
10	2925	1.80403
10	2926	0.730007
10	2927	0.662452
10	2928	1.20624
10	2929	0.951787
10	2930	0.893533
10	2931	0.444205
10	2932	0.865682
10	2933	1.35385
10	2934	1.02
10	2935	1.16219
10	2936	0.603712
10	2937	0.874199
10	2938	1.51814
10	2939	1.04048
10	2940	0.772684
10	2941	1.59682
10	2942	0.671496
10	2943	1.88804
10	2944	0.780471
10	2945	1.01563
10	2946	0.818681
10	2947	0.687123
10	2948	1.30729
10	2949	1.27415
10	2950	1.05387
10	2951	0.7547
10	2952	0.728009
10	2953	0.982911
10	2954	0.890916
10	2955	0.971816
10	2956	1.32079
10	2957	1.51667
10	2958	0.765598
10	2959	0.669258
10	2960	1.05525
10	2961	0.919146
10	2962	1.08574
10	2963	0.998112
10	2964	0.862753
10	2965	0.652803
10	2966	1.36737
10	2967	0.844747
10	2968	0.355382
10	2969	1.33665
10	2970	1.01592
10	2971	0.953183
10	2972	1.1119
10	2973	0.735217
10	2974	0.94746
10	2975	1.02163
10	2976	0.587603
10	2977	1.52406
10	2978	1.34232
10	2979	1.20492
10	2980	0.482986
10	2981	0.845444
10	2982	1.24451
10	2983	0.835717
10	2984	0.560556
10	2985	0.964987
10	2986	0.990835
10	2987	1.25323
10	2988	0.745125
10	2989	0.809634
10	2990	2.05756
10	2991	0.778683
10	2992	0.706611
10	2993	1.37315
10	2994	0.941221
10	2995	0.659843
10	2996	0.980538
10	2997	0.724053
10	2998	1.07508
10	2999	0.689625
10	3000	0.646143
10	3001	1.26367
10	3002	1.09657
10	3003	0.981449
10	3004	1.21864
10	3005	0.948406
10	3006	0.917757
10	3007	0.822326
10	3008	0.615194
10	3009	0.564921
10	3010	0.840695
10	3011	1.03955
10	3012	1.01741
10	3013	0.645426
10	3014	1.10024
10	3015	1.11154
10	3016	0.692216
10	3017	1.2091
10	3018	1.03104
10	3019	0.940115
10	3020	0.870219
10	3021	1.49198
10	3022	1.32721
10	3023	1.06035
10	3024	0.669055
10	3025	0.734599
10	3026	0.751085
10	3027	1.00656
10	3028	0.886915
10	3029	1.15424
10	3030	1.02238
10	3031	0.983816
10	3032	0.850176
10	3033	1.28313
10	3034	0.968014
10	3035	0.951953
10	3036	1.07377
10	3037	0.548451
10	3038	0.927117
10	3039	0.898284
10	3040	0.965376
10	3041	0.882196
10	3042	0.79226
10	3043	1.34746
10	3044	0.958611
10	3045	1.06945
10	3046	0.68033
10	3047	0.788
10	3048	1.01991
10	3049	0.554966
10	3050	0.771759
10	3051	1.56642
10	3052	0.820316
10	3053	1.14445
10	3054	0.886027
10	3055	1.89385
10	3056	0.880877
10	3057	0.890278
10	3058	1.17612
10	3059	0.916384
10	3060	0.862311
10	3061	1.10829
10	3062	1.13954
10	3063	1.70582
10	3064	1.2675
10	3065	0.75976
10	3066	1.55427
10	3067	0.941553
10	3068	1.23415
10	3069	0.868115
10	3070	1.62503
10	3071	0.857207
10	3072	1.49103
10	3073	0.797125
10	3074	0.916128
10	3075	0.605883
10	3076	0.407625
10	3077	1.53993
10	3078	1.10286
10	3079	0.667544
10	3080	1.17084
10	3081	0.875473
10	3082	0.619585
10	3083	0.990287
10	3084	0.943992
10	3085	1.412
10	3086	1.15987
10	3087	0.956102
10	3088	1.25884
10	3089	0.926117
10	3090	0.431229
10	3091	0.878857
10	3092	1.14695
10	3093	0.643812
10	3094	0.951007
10	3095	0.700335
10	3096	0.87157
10	3097	1.01515
10	3098	0.984235
10	3099	1.36522
10	3100	0.818975
10	3101	0.996035
10	3102	0.546068
10	3103	0.545993
10	3104	1.17137
10	3105	1.08271
10	3106	0.781364
10	3107	0.965271
10	3108	0.872879
10	3109	1.28482
10	3110	1.09764
10	3111	0.76049
10	3112	1.48768
10	3113	1.3841
10	3114	0.58014
10	3115	0.789536
10	3116	0.947823
10	3117	0.864111
10	3118	0.876426
10	3119	0.636021
10	3120	2.0058
10	3121	0.382327
10	3122	0.962775
10	3123	0.782732
10	3124	0.792786
10	3125	0.841195
10	3126	1.04987
10	3127	0.87905
10	3128	0.811265
10	3129	1.6007
10	3130	0.880215
10	3131	0.969205
10	3132	1.22535
10	3133	0.745128
10	3134	0.921234
10	3135	0.960687
10	3136	0.880978
10	3137	1.16018
10	3138	0.851086
10	3139	0.944981
10	3140	0.934429
10	3141	1.29353
10	3142	0.965568
10	3143	0.967726
10	3144	1.56497
10	3145	0.70913
10	3146	0.984037
10	3147	0.904886
10	3148	1.0695
10	3149	0.859556
10	3150	1.41784
10	3151	1.08925
10	3152	1.11555
10	3153	0.830299
10	3154	1.11015
10	3155	1.28568
10	3156	1.27669
10	3157	1.51558
10	3158	1.04028
10	3159	0.927232
10	3160	0.855253
10	3161	1.32641
10	3162	1.12335
10	3163	0.792263
10	3164	0.594146
10	3165	1.36765
10	3166	0.859374
10	3167	0.935741
10	3168	1.29695
10	3169	0.66764
10	3170	1.39666
10	3171	1.08054
10	3172	0.861257
10	3173	0.954727
10	3174	1.00039
10	3175	0.98819
10	3176	0.861195
10	3177	0.973226
10	3178	1.19146
10	3179	1.11872
10	3180	0.738595
10	3181	0.653885
10	3182	1.02269
10	3183	1.21763
10	3184	1.09572
10	3185	0.655007
10	3186	1.27078
10	3187	1.04664
10	3188	0.768404
10	3189	1.30168
10	3190	0.734612
10	3191	1.75324
10	3192	1.82456
10	3193	1.04796
10	3194	1.53974
10	3195	1.45845
10	3196	0.840057
10	3197	0.828536
10	3198	0.936331
10	3199	0.715122
10	3200	0.891736
10	3201	0.77797
10	3202	1.14109
10	3203	1.33128
10	3204	0.964812
10	3205	1.65706
10	3206	0.704253
10	3207	0.964615
10	3208	0.644675
10	3209	0.709363
10	3210	1.02649
10	3211	1.78903
10	3212	1.37562
10	3213	0.722593
10	3214	0.547144
10	3215	1.71226
10	3216	1.02157
10	3217	0.836322
10	3218	1.29636
10	3219	1.14038
10	3220	0.729794
10	3221	0.540199
10	3222	1.36996
10	3223	1.25967
10	3224	1.07944
10	3225	0.475149
10	3226	0.901453
10	3227	0.32578
10	3228	1.07854
10	3229	0.940375
10	3230	1.00193
10	3231	0.705866
10	3232	1.06645
10	3233	1.03814
10	3234	1.2647
10	3235	1.32604
10	3236	1.20973
10	3237	1.09156
10	3238	0.956357
10	3239	0.879723
10	3240	0.745345
10	3241	0.739252
10	3242	0.589139
10	3243	1.87065
10	3244	0.965813
10	3245	0.980498
10	3246	0.886169
10	3247	2.00323
10	3248	1.20509
10	3249	0.656458
10	3250	1.32843
10	3251	0.753362
10	3252	1.43392
10	3253	0.635931
10	3254	1.61905
10	3255	0.711146
10	3256	0.679862
10	3257	1.01778
10	3258	1.063
10	3259	1.21381
10	3260	1.15556
10	3261	0.896452
10	3262	0.656056
10	3263	0.795124
10	3264	1.33032
10	3265	0.667859
10	3266	1.02419
10	3267	0.598605
10	3268	0.855412
10	3269	1.5823
10	3270	0.808815
10	3271	1.00543
10	3272	0.792141
10	3273	0.770247
10	3274	0.89147
10	3275	0.741299
10	3276	0.883993
10	3277	1.40047
10	3278	0.619001
10	3279	0.664834
10	3280	0.858697
10	3281	1.19241
10	3282	0.745877
10	3283	0.707594
10	3284	0.838655
10	3285	0.969303
10	3286	1.11333
10	3287	1.32343
10	3288	0.977326
10	3289	1.1959
10	3290	0.486689
10	3291	1.4069
10	3292	0.904039
10	3293	0.72289
10	3294	1.10999
10	3295	1.01727
10	3296	0.905785
10	3297	0.530307
10	3298	0.722512
10	3299	1.28345
10	3300	1.02798
10	3301	1.42987
10	3302	1.04544
10	3303	1.28521
10	3304	1.24925
10	3305	1.40044
10	3306	1.65618
10	3307	0.605478
10	3308	0.684883
10	3309	0.917131
10	3310	0.742228
10	3311	1.17583
10	3312	1.0962
10	3313	1.00366
10	3314	1.80933
10	3315	0.51704
10	3316	0.667884
10	3317	0.768231
10	3318	0.884348
10	3319	0.910189
10	3320	0.9094
10	3321	1.01435
10	3322	1.2975
10	3323	0.602092
10	3324	1.20506
10	3325	0.762334
10	3326	0.500429
10	3327	1.34107
10	3328	0.792023
10	3329	1.485
10	3330	0.389706
10	3331	0.64492
10	3332	0.906124
10	3333	0.738342
10	3334	0.543867
10	3335	1.0637
10	3336	1.0062
10	3337	0.588356
10	3338	0.992392
10	3339	0.497644
10	3340	1.142
10	3341	1.23758
10	3342	1.00161
10	3343	1.19746
10	3344	0.651388
10	3345	1.38216
10	3346	0.569172
10	3347	0.680799
10	3348	1.50706
10	3349	1.34494
10	3350	0.975872
10	3351	0.528487
10	3352	0.886651
10	3353	1.88173
10	3354	1.11549
10	3355	1.01233
10	3356	0.858612
10	3357	0.620741
10	3358	0.715904
10	3359	0.720341
10	3360	0.82878
10	3361	0.576488
10	3362	1.04797
10	3363	0.747935
10	3364	1.10468
10	3365	0.897922
10	3366	2.25311
10	3367	1.03867
10	3368	0.540575
10	3369	1.109
10	3370	1.14466
10	3371	1.19864
10	3372	1.58078
10	3373	1.23051
10	3374	0.759563
10	3375	1.20979
10	3376	0.674985
10	3377	0.680476
10	3378	1.03906
10	3379	1.06786
10	3380	0.957251
10	3381	1.05075
10	3382	1.52436
10	3383	0.972553
10	3384	0.693743
10	3385	1.08121
10	3386	0.550181
10	3387	1.52114
10	3388	1.66164
10	3389	0.53648
10	3390	0.725406
10	3391	1.05698
10	3392	0.463226
10	3393	0.928211
10	3394	0.671856
10	3395	1.13369
10	3396	1.09865
10	3397	0.562788
10	3398	1.41324
10	3399	0.944276
10	3400	0.965438
10	3401	1.00315
10	3402	0.684304
10	3403	1.17938
10	3404	1.15694
10	3405	1.35924
10	3406	1.19349
10	3407	1.92395
10	3408	0.958308
10	3409	1.19195
10	3410	0.943286
10	3411	0.709115
10	3412	1.67298
10	3413	0.972014
10	3414	0.591687
10	3415	1.10481
10	3416	1.37758
10	3417	0.493818
10	3418	1.26989
10	3419	0.809923
10	3420	1.15622
10	3421	1.2445
10	3422	1.2825
10	3423	0.933142
10	3424	0.940916
10	3425	1.03399
10	3426	0.737856
10	3427	1.22085
10	3428	0.868731
10	3429	0.724305
10	3430	0.758618
10	3431	0.702402
10	3432	0.827516
10	3433	1.04765
10	3434	1.43322
10	3435	0.940399
10	3436	1.29099
10	3437	1.05708
10	3438	1.24313
10	3439	1.51426
10	3440	1.49563
10	3441	0.664192
10	3442	1.28773
10	3443	1.45696
10	3444	0.718701
10	3445	1.08413
10	3446	0.967307
10	3447	0.687478
10	3448	0.894216
10	3449	0.373364
10	3450	0.819466
10	3451	1.19079
10	3452	1.00689
10	3453	1.12306
10	3454	0.963816
10	3455	0.711996
10	3456	0.40022
10	3457	1.18558
10	3458	0.729116
10	3459	1.39847
10	3460	0.613552
10	3461	1.24203
10	3462	0.526786
10	3463	0.738571
10	3464	1.14789
10	3465	1.00837
10	3466	0.993816
10	3467	0.867123
10	3468	0.705647
10	3469	1.30335
10	3470	1.28104
10	3471	0.506789
10	3472	1.08223
10	3473	1.67643
10	3474	0.932009
10	3475	0.846888
10	3476	0.780665
10	3477	1.14591
10	3478	1.14319
10	3479	1.32895
10	3480	1.71309
10	3481	0.708535
10	3482	1.17164
10	3483	1.12269
10	3484	0.983579
10	3485	1.68755
10	3486	1.50467
10	3487	0.757051
10	3488	0.827371
10	3489	1.62425
10	3490	0.694052
10	3491	1.28913
10	3492	1.19949
10	3493	1.46397
10	3494	1.12628
10	3495	0.683685
10	3496	0.768801
10	3497	1.23081
10	3498	1.06048
10	3499	1.11167
10	3500	0.794413
10	3501	0.902685
10	3502	1.28017
10	3503	0.823439
10	3504	0.73958
10	3505	0.917427
10	3506	1.34921
10	3507	1.13031
10	3508	0.677048
10	3509	1.25186
10	3510	1.00927
10	3511	1.12997
10	3512	1.11353
10	3513	0.99706
10	3514	0.89185
10	3515	0.69889
10	3516	1.29048
10	3517	0.963074
10	3518	0.524446
10	3519	0.782195
10	3520	1.71137
10	3521	1.07587
10	3522	1.15178
10	3523	0.828057
10	3524	1.19052
10	3525	0.977854
10	3526	0.708513
10	3527	0.874739
10	3528	0.573812
10	3529	0.630862
10	3530	0.98376
10	3531	0.805831
10	3532	0.972609
10	3533	1.02357
10	3534	0.920322
10	3535	0.715744
10	3536	1.3195
10	3537	0.646651
10	3538	0.503764
10	3539	1.38521
10	3540	1.08387
10	3541	1.22637
10	3542	0.784478
10	3543	0.802858
10	3544	1.26514
10	3545	1.22545
10	3546	1.37195
10	3547	1.42822
10	3548	1.04597
10	3549	0.735261
10	3550	0.726
10	3551	0.510928
10	3552	1.42804
10	3553	1.23117
10	3554	1.35722
10	3555	1.03282
10	3556	0.758526
10	3557	0.831748
10	3558	1.55327
10	3559	0.518151
10	3560	1.18263
10	3561	1.52291
10	3562	1.23543
10	3563	0.804563
10	3564	1.18578
10	3565	1.37281
10	3566	0.674511
10	3567	1.01199
10	3568	1.08372
10	3569	1.03865
10	3570	0.875147
10	3571	0.600202
10	3572	0.849398
10	3573	0.699933
10	3574	1.02926
10	3575	0.875793
10	3576	1.02331
10	3577	0.883663
10	3578	1.52897
10	3579	1.35751
10	3580	1.23835
10	3581	1.25952
10	3582	0.959202
10	3583	1.26372
10	3584	0.990302
10	3585	0.762014
10	3586	1.24813
10	3587	0.723209
10	3588	0.718738
10	3589	0.399858
10	3590	1.52326
10	3591	0.562567
10	3592	1.04358
10	3593	0.986738
10	3594	0.773191
10	3595	0.676949
10	3596	1.05685
10	3597	0.702968
10	3598	1.10966
10	3599	0.86682
10	3600	0.641397
10	3601	0.837954
10	3602	1.19033
10	3603	0.581469
10	3604	0.659382
10	3605	0.657859
10	3606	1.48647
10	3607	1.05457
10	3608	1.28739
10	3609	0.900918
10	3610	0.870779
10	3611	0.721038
10	3612	1.28483
10	3613	1.78216
10	3614	0.985806
10	3615	0.536115
10	3616	0.828725
10	3617	1.77242
10	3618	1.8261
10	3619	0.89124
10	3620	0.9484
10	3621	1.1501
10	3622	0.800542
10	3623	0.773588
10	3624	0.557444
10	3625	1.0783
10	3626	0.863073
10	3627	1.1524
10	3628	1.02427
10	3629	0.744653
10	3630	1.23521
10	3631	0.808964
10	3632	0.797922
10	3633	0.959744
10	3634	0.883568
10	3635	0.736152
10	3636	1.04602
10	3637	0.996137
10	3638	1.0147
10	3639	0.671806
10	3640	1.12153
10	3641	1.0232
10	3642	0.783751
10	3643	1.36877
10	3644	0.743284
10	3645	0.627642
10	3646	0.827267
10	3647	0.993917
10	3648	1.19475
10	3649	0.744649
10	3650	0.87694
10	3651	0.85591
10	3652	1.37915
10	3653	1.40877
10	3654	0.832664
10	3655	1.72877
10	3656	0.545538
10	3657	0.911509
10	3658	1.40037
10	3659	1.12635
10	3660	0.955825
10	3661	1.27676
10	3662	1.29986
10	3663	0.540527
10	3664	1.22484
10	3665	0.798998
10	3666	0.847648
10	3667	1.01514
10	3668	1.73818
10	3669	0.832749
10	3670	0.778712
10	3671	1.6182
10	3672	0.77371
10	3673	0.572927
10	3674	1.46331
10	3675	0.671792
10	3676	0.743406
10	3677	1.01393
10	3678	0.96331
10	3679	0.465432
10	3680	1.99288
10	3681	0.465803
10	3682	0.955519
10	3683	0.764669
10	3684	0.710607
10	3685	0.863279
10	3686	1.1645
10	3687	1.54505
10	3688	0.729478
10	3689	1.14153
10	3690	0.642572
10	3691	0.91821
10	3692	1.69156
10	3693	0.700259
10	3694	0.629385
10	3695	0.711013
10	3696	1.42755
10	3697	0.902131
10	3698	0.93224
10	3699	0.798964
10	3700	1.01629
10	3701	0.994913
10	3702	1.01973
10	3703	1.1178
10	3704	0.497044
10	3705	1.07744
10	3706	1.04037
10	3707	1.17603
10	3708	0.764582
10	3709	1.30087
10	3710	0.466627
10	3711	0.804509
10	3712	0.82238
10	3713	1.41699
10	3714	0.754424
10	3715	0.888307
10	3716	1.01012
10	3717	1.28131
10	3718	1.4771
10	3719	0.74777
10	3720	0.731802
10	3721	1.20983
10	3722	0.915948
10	3723	0.768998
10	3724	0.673263
10	3725	1.54092
10	3726	0.750521
10	3727	1.72915
10	3728	0.735392
10	3729	1.66409
10	3730	0.870695
10	3731	0.92305
10	3732	0.733938
10	3733	1.17857
10	3734	0.943175
10	3735	0.93535
10	3736	0.754387
10	3737	1.09656
10	3738	0.975101
10	3739	0.686565
10	3740	1.317
10	3741	0.945498
10	3742	1.66627
10	3743	0.840296
10	3744	1.04919
10	3745	1.11466
10	3746	0.64084
10	3747	1.03339
10	3748	0.540343
10	3749	1.09764
10	3750	1.48077
10	3751	1.09588
10	3752	1.11208
10	3753	1.00051
10	3754	0.783043
10	3755	1.19125
10	3756	1.03737
10	3757	1.41155
10	3758	0.88996
10	3759	1.24092
10	3760	1.02544
10	3761	1.01862
10	3762	0.613322
10	3763	1.27206
10	3764	0.751299
10	3765	1.16108
10	3766	1.36915
10	3767	0.843854
10	3768	1.039
10	3769	0.908257
10	3770	0.901498
10	3771	0.829256
10	3772	0.855099
10	3773	1.01455
10	3774	1.35787
10	3775	0.852202
10	3776	1.10189
10	3777	0.545691
10	3778	0.843436
10	3779	1.31643
10	3780	0.732847
10	3781	1.19666
10	3782	1.63231
10	3783	1.32105
10	3784	0.514396
10	3785	1.63345
10	3786	0.915051
10	3787	0.849423
10	3788	0.791712
10	3789	1.44679
10	3790	1.03375
10	3791	1.33772
10	3792	0.843402
10	3793	1.38874
10	3794	1.43865
10	3795	1.10686
10	3796	0.782744
10	3797	0.524469
10	3798	1.16031
10	3799	0.74999
10	3800	0.889124
10	3801	0.768316
10	3802	0.916783
10	3803	0.885397
10	3804	1.07472
10	3805	0.745647
10	3806	0.777062
10	3807	1.12182
10	3808	0.729973
10	3809	0.682853
10	3810	1.46564
10	3811	1.17913
10	3812	0.59782
10	3813	0.990886
10	3814	1.46212
10	3815	0.752967
10	3816	1.31597
10	3817	0.68991
10	3818	0.926408
10	3819	1.13425
10	3820	0.723865
10	3821	1.28577
10	3822	1.42021
10	3823	0.998861
10	3824	0.730808
10	3825	0.567387
10	3826	0.93875
10	3827	1.98165
10	3828	1.04989
10	3829	1.01898
10	3830	0.813449
10	3831	0.845461
10	3832	1.44607
10	3833	1.17458
10	3834	0.923199
10	3835	0.760702
10	3836	1.58318
10	3837	1.03281
10	3838	0.990919
10	3839	0.859784
10	3840	0.55328
10	3841	0.80433
10	3842	0.628139
10	3843	0.907243
10	3844	0.97518
10	3845	0.947088
10	3846	1.25841
10	3847	2.04147
10	3848	1.28118
10	3849	1.12709
10	3850	0.899102
10	3851	0.719091
10	3852	0.92864
10	3853	1.12871
10	3854	0.732643
10	3855	0.939495
10	3856	0.599637
10	3857	1.09247
10	3858	0.80759
10	3859	1.41143
10	3860	0.59028
10	3861	0.763323
10	3862	1.20433
10	3863	1.04617
10	3864	0.631977
10	3865	0.996358
10	3866	1.34471
10	3867	0.685136
10	3868	0.920705
10	3869	0.664412
10	3870	0.491436
10	3871	0.970544
10	3872	0.436603
10	3873	1.17804
10	3874	0.883519
10	3875	1.95727
10	3876	1.56159
10	3877	0.87241
10	3878	0.978589
10	3879	1.25294
10	3880	0.887167
10	3881	1.04252
10	3882	1.00029
10	3883	0.978787
10	3884	0.682112
10	3885	0.964628
10	3886	1.48119
10	3887	1.50619
10	3888	0.909359
10	3889	0.823243
10	3890	0.534319
10	3891	1.6855
10	3892	0.985671
10	3893	0.899668
10	3894	1.03314
10	3895	1.30099
10	3896	0.684737
10	3897	1.44002
10	3898	1.31177
10	3899	0.589654
10	3900	0.578961
10	3901	1.10136
10	3902	0.931236
10	3903	0.76511
10	3904	1.15882
10	3905	0.992382
10	3906	1.09244
10	3907	0.86996
10	3908	0.822083
10	3909	1.41392
10	3910	1.14635
10	3911	1.22168
10	3912	0.818161
10	3913	1.3401
10	3914	0.987799
10	3915	1.46812
10	3916	1.2667
10	3917	1.02427
10	3918	1.0246
10	3919	0.943473
10	3920	0.480657
10	3921	1.30418
10	3922	0.670466
10	3923	1.03639
10	3924	1.13802
10	3925	1.15079
10	3926	1.57024
10	3927	1.14061
10	3928	0.708979
10	3929	1.06845
10	3930	0.580272
10	3931	0.879766
10	3932	0.976944
10	3933	0.857548
10	3934	0.735823
10	3935	0.784681
10	3936	0.844323
10	3937	1.06573
10	3938	1.23853
10	3939	1.0385
10	3940	1.33151
10	3941	1.32089
10	3942	0.693508
10	3943	1.15561
10	3944	1.03638
10	3945	0.902184
10	3946	1.30803
10	3947	0.693816
10	3948	0.967506
10	3949	1.74676
10	3950	1.55524
10	3951	2.28015
10	3952	1.47375
10	3953	0.71561
10	3954	1.27995
10	3955	1.12023
10	3956	1.21426
10	3957	0.752232
10	3958	0.940624
10	3959	1.08712
10	3960	1.07245
10	3961	0.737066
10	3962	1.02308
10	3963	0.7857
10	3964	1.2654
10	3965	0.659417
10	3966	0.823871
10	3967	0.560549
10	3968	0.575909
10	3969	1.01753
10	3970	1.19569
10	3971	1.242
10	3972	0.572449
10	3973	1.05637
10	3974	0.95183
10	3975	0.884062
10	3976	0.896856
10	3977	0.783106
10	3978	0.595388
10	3979	0.640499
10	3980	1.05474
10	3981	0.874163
10	3982	1.02322
10	3983	1.28501
10	3984	0.602437
10	3985	1.00941
10	3986	1.54276
10	3987	1.12555
10	3988	0.979188
10	3989	1.31992
10	3990	0.978396
10	3991	0.921514
10	3992	0.745857
10	3993	1.0872
10	3994	0.921465
10	3995	0.76475
10	3996	1.40234
10	3997	0.733198
10	3998	0.76071
10	3999	1.37604
10	4000	0.810463
10	4001	0.867174
10	4002	0.629504
10	4003	0.642036
10	4004	1.00409
10	4005	0.934821
10	4006	1.12175
10	4007	1.21917
10	4008	0.934652
10	4009	1.38243
10	4010	1.16133
10	4011	0.704756
10	4012	0.693721
10	4013	0.693171
10	4014	0.765173
10	4015	1.67044
10	4016	1.55577
10	4017	1.22934
10	4018	0.552023
10	4019	0.711461
10	4020	1.47911
10	4021	0.466226
10	4022	0.818279
10	4023	1.01336
10	4024	0.656022
10	4025	0.745512
10	4026	0.772442
10	4027	1.11829
10	4028	0.876516
10	4029	1.23158
10	4030	1.23262
10	4031	0.833194
10	4032	1.13646
10	4033	0.522223
10	4034	1.10791
10	4035	0.796376
10	4036	0.400198
10	4037	0.604037
10	4038	0.418416
10	4039	0.675648
10	4040	0.697545
10	4041	0.447877
10	4042	0.95079
10	4043	0.789414
10	4044	0.840725
10	4045	1.1225
10	4046	0.856044
10	4047	0.989186
10	4048	1.34568
10	4049	2.07919
10	4050	0.536563
10	4051	0.529684
10	4052	1.47877
10	4053	0.540131
10	4054	0.781606
10	4055	1.07761
10	4056	0.903763
10	4057	1.38887
10	4058	0.497688
10	4059	1.29361
10	4060	1.20863
10	4061	2.25329
10	4062	0.478779
10	4063	0.881168
10	4064	1.14239
10	4065	0.605606
10	4066	0.895639
10	4067	0.652442
10	4068	1.21331
10	4069	0.720186
10	4070	1.18835
10	4071	0.822064
10	4072	1.02104
10	4073	0.749991
10	4074	0.726433
10	4075	0.615714
10	4076	0.796964
10	4077	0.831416
10	4078	0.668233
10	4079	1.23638
10	4080	1.22152
10	4081	0.845738
10	4082	0.517654
10	4083	1.03205
10	4084	0.469947
10	4085	1.24796
10	4086	0.915616
10	4087	1.73241
10	4088	1.09878
10	4089	1.11197
10	4090	1.40718
10	4091	1.73683
10	4092	1.07876
10	4093	1.15212
10	4094	1.13908
10	4095	1.88583
10	4096	1.2576
10	4097	0.940802
10	4098	1.21963
10	4099	0.752608
10	4100	1.27981
10	4101	0.740539
10	4102	0.773828
10	4103	1.11716
10	4104	0.758452
10	4105	0.531227
10	4106	0.818981
10	4107	0.871186
10	4108	0.723647
10	4109	1.33066
10	4110	0.734838
10	4111	0.541857
10	4112	0.878806
10	4113	0.62191
10	4114	1.00973
10	4115	1.62641
10	4116	2.07577
10	4117	0.6866
10	4118	0.959613
10	4119	1.0538
10	4120	1.36395
10	4121	1.03129
10	4122	0.98517
10	4123	1.66329
10	4124	0.758983
10	4125	1.75854
10	4126	1.54846
10	4127	0.978291
10	4128	0.456055
10	4129	1.07773
10	4130	1.1246
10	4131	1.17943
10	4132	1.09117
10	4133	1.26689
10	4134	0.390024
10	4135	1.12045
10	4136	0.817445
10	4137	1.0882
10	4138	0.751203
10	4139	0.454744
10	4140	1.15213
10	4141	0.852202
10	4142	1.69452
10	4143	1.42704
10	4144	1.17546
10	4145	0.754642
10	4146	1.33051
10	4147	1.11849
10	4148	0.743516
10	4149	0.592959
10	4150	1.019
10	4151	0.905327
10	4152	1.15009
10	4153	0.889741
10	4154	0.894725
10	4155	0.66424
10	4156	0.818363
10	4157	0.59797
10	4158	0.822348
10	4159	1.14517
10	4160	0.935585
10	4161	1.22032
10	4162	0.811637
10	4163	1.03517
10	4164	1.0889
10	4165	0.844044
10	4166	0.958375
10	4167	1.44254
10	4168	0.816767
10	4169	0.388962
10	4170	0.980714
10	4171	0.918585
10	4172	1.24076
10	4173	1.5497
10	4174	1.0761
10	4175	1.03127
10	4176	0.868805
10	4177	1.16569
10	4178	1.22153
10	4179	1.19172
10	4180	0.655415
10	4181	0.900042
10	4182	0.877412
10	4183	0.825191
10	4184	1.4191
10	4185	0.642998
10	4186	1.09633
10	4187	1.09475
10	4188	0.723699
10	4189	0.806963
10	4190	0.996947
10	4191	1.10346
10	4192	1.06101
10	4193	0.76277
10	4194	1.4618
10	4195	0.985018
10	4196	1.10636
10	4197	0.911256
10	4198	0.809885
10	4199	0.664194
10	4200	0.560454
10	4201	1.18249
10	4202	1.19806
10	4203	1.95532
10	4204	0.878766
10	4205	0.917801
10	4206	0.751923
10	4207	0.973279
10	4208	1.0114
10	4209	2.01829
10	4210	0.670406
10	4211	0.610141
10	4212	1.40148
10	4213	0.972579
10	4214	0.992464
10	4215	0.938991
10	4216	1.15237
10	4217	1.697
10	4218	1.29416
10	4219	0.817555
10	4220	1.28119
10	4221	0.990817
10	4222	1.39837
10	4223	0.682038
10	4224	0.917817
10	4225	0.954824
10	4226	0.507183
10	4227	1.08336
10	4228	0.423754
10	4229	0.411241
10	4230	1.01972
10	4231	0.979857
10	4232	0.8101
10	4233	1.13487
10	4234	0.928083
10	4235	0.83429
10	4236	1.32574
10	4237	1.03218
10	4238	1.22222
10	4239	1.01888
10	4240	1.35503
10	4241	1.16493
10	4242	1.4904
10	4243	1.57236
10	4244	1.21502
10	4245	0.891962
10	4246	0.64927
10	4247	1.11116
10	4248	1.33181
10	4249	1.03164
10	4250	0.345713
10	4251	0.78467
10	4252	0.834078
10	4253	1.92825
10	4254	1.96154
10	4255	1.43688
10	4256	1.12378
10	4257	0.997334
10	4258	1.37666
10	4259	1.38229
10	4260	1.03551
10	4261	0.902044
10	4262	1.37741
10	4263	1.04411
10	4264	0.797885
10	4265	0.943748
10	4266	1.18559
10	4267	0.941908
10	4268	0.590224
10	4269	0.944218
10	4270	1.04097
10	4271	0.986516
10	4272	0.830363
10	4273	1.16667
10	4274	0.872304
10	4275	0.850132
10	4276	1.23903
10	4277	0.7363
10	4278	1.1217
10	4279	1.10826
10	4280	1.36469
10	4281	1.0733
10	4282	0.725646
10	4283	0.698332
10	4284	0.797482
10	4285	0.627821
10	4286	1.79951
10	4287	0.873912
10	4288	0.996205
10	4289	0.943686
10	4290	0.591804
10	4291	1.07669
10	4292	1.15723
10	4293	1.02869
10	4294	1.65194
10	4295	0.590495
10	4296	1.09953
10	4297	2.0824
10	4298	0.956409
10	4299	0.696796
10	4300	1.89224
10	4301	0.608994
10	4302	1.18216
10	4303	0.945693
10	4304	1.00741
10	4305	1.20156
10	4306	0.582066
10	4307	0.957054
10	4308	1.35999
10	4309	0.654264
10	4310	0.508385
10	4311	0.777095
10	4312	0.72407
10	4313	0.637067
10	4314	0.506195
10	4315	1.2612
10	4316	1.07241
10	4317	1.49601
10	4318	1.99136
10	4319	0.724192
10	4320	0.613453
10	4321	0.925709
10	4322	0.801229
10	4323	0.833194
10	4324	1.24702
10	4325	1.17807
10	4326	0.789462
10	4327	0.623519
10	4328	0.923239
10	4329	1.19196
10	4330	0.899391
10	4331	0.745628
10	4332	1.44506
10	4333	1.00307
10	4334	0.753108
10	4335	1.17917
10	4336	0.745546
10	4337	1.02742
10	4338	0.56201
10	4339	1.03731
10	4340	1.33399
10	4341	0.575584
10	4342	0.947199
10	4343	0.878613
10	4344	0.749594
10	4345	1.26296
10	4346	0.839748
10	4347	1.29999
10	4348	1.22828
10	4349	1.16732
10	4350	0.773307
10	4351	0.577979
10	4352	0.891536
10	4353	0.670857
10	4354	1.05931
10	4355	0.816199
10	4356	1.15259
10	4357	0.895079
10	4358	1.18874
10	4359	0.35082
10	4360	0.500173
10	4361	1.12091
10	4362	1.04165
10	4363	0.529489
10	4364	1.40978
10	4365	0.386127
10	4366	1.32146
10	4367	0.957136
10	4368	1.45685
10	4369	1.21916
10	4370	1.42049
10	4371	0.772648
10	4372	0.583755
10	4373	0.832441
10	4374	0.553069
10	4375	0.68551
10	4376	0.550725
10	4377	0.815924
10	4378	1.30415
10	4379	1.176
10	4380	1.09714
10	4381	1.47305
10	4382	0.605035
10	4383	0.462793
10	4384	0.970813
10	4385	1.89898
10	4386	0.779042
10	4387	1.80463
10	4388	0.731719
10	4389	1.16079
10	4390	0.759739
10	4391	1.05505
10	4392	0.783087
10	4393	0.98857
10	4394	1.91421
10	4395	0.625628
10	4396	1.48309
10	4397	0.882545
10	4398	0.716038
10	4399	1.04349
10	4400	0.976217
10	4401	1.23156
10	4402	0.680756
10	4403	1.06844
10	4404	0.671411
10	4405	0.882428
10	4406	1.08184
10	4407	0.704319
10	4408	0.716175
10	4409	0.486857
10	4410	1.1009
10	4411	0.849159
10	4412	0.756079
10	4413	0.74765
10	4414	1.26829
10	4415	0.715302
10	4416	1.29517
10	4417	0.321837
10	4418	0.5715
10	4419	0.900311
10	4420	0.849022
10	4421	1.11407
10	4422	1.0577
10	4423	0.775423
10	4424	0.727537
10	4425	0.601542
10	4426	1.04971
10	4427	0.75742
10	4428	1.88254
10	4429	0.953909
10	4430	1.24117
10	4431	0.548807
10	4432	1.01478
10	4433	0.971738
10	4434	1.00282
10	4435	0.670787
10	4436	1.14123
10	4437	1.06247
10	4438	0.740888
10	4439	0.647783
10	4440	0.904265
10	4441	1.60531
10	4442	1.18421
10	4443	1.11845
10	4444	1.18008
10	4445	0.501813
10	4446	1.00312
10	4447	1.04189
10	4448	1.71191
10	4449	1.00717
10	4450	0.980423
10	4451	0.797765
10	4452	1.02658
10	4453	0.525586
10	4454	1.02617
10	4455	1.10457
10	4456	0.86013
10	4457	1.00398
10	4458	0.832024
10	4459	0.704864
10	4460	1.16809
10	4461	1.34656
10	4462	1.10237
10	4463	0.510097
10	4464	0.82479
10	4465	0.562855
10	4466	1.27807
10	4467	1.53505
10	4468	0.276862
10	4469	1.08272
10	4470	0.472721
10	4471	1.11825
10	4472	0.872932
10	4473	1.24656
10	4474	0.743477
10	4475	1.01707
10	4476	0.576656
10	4477	1.07219
10	4478	1.17623
10	4479	0.600014
10	4480	0.538445
10	4481	0.957087
10	4482	0.698615
10	4483	0.524605
10	4484	1.2426
10	4485	1.62144
10	4486	2.03747
10	4487	1.2059
10	4488	1.12935
10	4489	0.747333
10	4490	0.930303
10	4491	0.666707
10	4492	0.66344
10	4493	0.728569
10	4494	1.13503
10	4495	0.699199
10	4496	0.835495
10	4497	1.08227
10	4498	0.634909
10	4499	0.879196
10	4500	0.985171
10	4501	1.42332
10	4502	1.38204
10	4503	0.946815
10	4504	1.32782
10	4505	0.727318
10	4506	0.774454
10	4507	1.07301
10	4508	2.19171
10	4509	0.921165
10	4510	1.12693
10	4511	0.749416
10	4512	0.956626
10	4513	0.509887
10	4514	1.35728
10	4515	0.536547
10	4516	0.935673
10	4517	0.755464
10	4518	1.03051
10	4519	0.453966
10	4520	0.516862
10	4521	0.919793
10	4522	1.11329
10	4523	1.06949
10	4524	0.928254
10	4525	1.13246
10	4526	0.573258
10	4527	0.968265
10	4528	0.717819
10	4529	1.00425
10	4530	1.59171
10	4531	1.15212
10	4532	0.989821
10	4533	0.562457
10	4534	0.90878
10	4535	0.861226
10	4536	0.937748
10	4537	1.16342
10	4538	1.32284
10	4539	1.28452
10	4540	1.38532
10	4541	0.915059
10	4542	1.14499
10	4543	0.464391
10	4544	0.866248
10	4545	1.23788
10	4546	1.24768
10	4547	0.907309
10	4548	0.698013
10	4549	0.849163
10	4550	0.753013
10	4551	1.65598
10	4552	0.650748
10	4553	0.950142
10	4554	1.02513
10	4555	0.749175
10	4556	1.01635
10	4557	0.931171
10	4558	1.25215
10	4559	0.710199
10	4560	1.22641
10	4561	0.746676
10	4562	0.851307
10	4563	0.680005
10	4564	0.897347
10	4565	1.4529
10	4566	0.799857
10	4567	0.610898
10	4568	1.03701
10	4569	1.56274
10	4570	0.995441
10	4571	1.11251
10	4572	0.744382
10	4573	1.4348
10	4574	0.831589
10	4575	0.741384
10	4576	1.04868
10	4577	1.85286
10	4578	1.07797
10	4579	0.567137
10	4580	1.18109
10	4581	1.25822
10	4582	1.22949
10	4583	0.995695
10	4584	0.648187
10	4585	1.01721
10	4586	0.939727
10	4587	0.6791
10	4588	0.933842
10	4589	0.919856
10	4590	1.58829
10	4591	0.886909
10	4592	0.698926
10	4593	1.12283
10	4594	0.815026
10	4595	1.06824
10	4596	1.86482
10	4597	0.709603
10	4598	0.540823
10	4599	1.14904
10	4600	0.507947
10	4601	0.583632
10	4602	1.0172
10	4603	0.543534
10	4604	0.868365
10	4605	1.4613
10	4606	1.33857
10	4607	1.03462
10	4608	1.18702
10	4609	0.658905
10	4610	0.729053
10	4611	1.29051
10	4612	0.47885
10	4613	0.942137
10	4614	1.16832
10	4615	1.46406
10	4616	1.37027
10	4617	1.26789
10	4618	1.33821
10	4619	0.766922
10	4620	0.751324
10	4621	0.864659
10	4622	0.499024
10	4623	0.967461
10	4624	0.738993
10	4625	1.72976
10	4626	0.819143
10	4627	1.02832
10	4628	0.951169
10	4629	0.912298
10	4630	1.68416
10	4631	0.967187
10	4632	0.848799
10	4633	0.982758
10	4634	1.00016
10	4635	0.886385
10	4636	0.867987
10	4637	1.09446
10	4638	0.584412
10	4639	1.20967
10	4640	1.17912
10	4641	1.11396
10	4642	0.881521
10	4643	0.955309
10	4644	0.943186
10	4645	0.644141
10	4646	0.860509
10	4647	0.783873
10	4648	1.189
10	4649	1.02076
10	4650	0.683071
10	4651	0.864809
10	4652	1.10478
10	4653	0.660591
10	4654	0.767581
10	4655	0.930345
10	4656	0.897659
10	4657	0.963866
10	4658	1.11717
10	4659	0.554225
10	4660	0.486039
10	4661	1.0017
10	4662	0.592405
10	4663	1.93288
10	4664	1.1148
10	4665	1.3252
10	4666	0.481728
10	4667	1.5304
10	4668	0.669073
10	4669	1.01528
10	4670	1.21723
10	4671	0.828221
10	4672	1.1551
10	4673	1.24846
10	4674	0.792899
10	4675	1.08076
10	4676	1.2208
10	4677	1.22488
10	4678	0.932624
10	4679	0.877018
10	4680	0.948251
10	4681	1.21615
10	4682	0.992223
10	4683	1.5733
10	4684	1.10691
10	4685	0.959828
10	4686	1.23718
10	4687	1.05723
10	4688	0.890856
10	4689	0.787831
10	4690	0.835092
10	4691	0.784787
10	4692	0.950392
10	4693	1.58706
10	4694	1.38591
10	4695	0.910556
10	4696	1.24716
10	4697	1.10606
10	4698	1.45622
10	4699	2.18001
10	4700	0.477817
10	4701	1.14547
10	4702	1.24695
10	4703	0.363043
10	4704	0.593531
10	4705	0.903201
10	4706	1.06408
10	4707	1.00269
10	4708	0.714887
10	4709	0.691071
10	4710	1.79971
10	4711	0.596409
10	4712	1.15115
10	4713	0.774401
10	4714	1.49351
10	4715	1.43656
10	4716	1.00573
10	4717	0.87109
10	4718	1.46655
10	4719	1.045
10	4720	0.878473
10	4721	0.953369
10	4722	0.715713
10	4723	0.626168
10	4724	1.41516
10	4725	0.915583
10	4726	1.54295
10	4727	0.446844
10	4728	0.945499
10	4729	1.43307
10	4730	1.11994
10	4731	1.15372
10	4732	0.746986
10	4733	1.32461
10	4734	0.656387
10	4735	0.556933
10	4736	0.945762
10	4737	1.37696
10	4738	0.983411
10	4739	1.22234
10	4740	1.2735
10	4741	1.02049
10	4742	0.861919
10	4743	1.04608
10	4744	1.05782
10	4745	0.95397
10	4746	0.847477
10	4747	1.559
10	4748	0.795176
10	4749	0.505091
10	4750	0.961525
10	4751	0.939984
10	4752	1.35084
10	4753	1.19288
10	4754	1.37726
10	4755	1.10657
10	4756	1.22581
10	4757	1.00341
10	4758	1.42245
10	4759	1.04689
10	4760	0.857024
10	4761	0.874988
10	4762	0.94123
10	4763	0.497177
10	4764	0.929268
10	4765	1.13585
10	4766	0.983514
10	4767	0.871381
10	4768	1.25527
10	4769	0.591509
10	4770	1.07982
10	4771	0.814324
10	4772	1.1095
10	4773	0.890604
10	4774	0.914026
10	4775	0.554432
10	4776	0.813247
10	4777	0.475079
10	4778	0.539005
10	4779	0.748831
10	4780	0.567031
10	4781	1.03888
10	4782	0.862381
10	4783	1.16862
10	4784	1.25852
10	4785	0.744635
10	4786	0.890105
10	4787	1.82133
10	4788	0.958122
10	4789	1.60208
10	4790	1.24307
10	4791	0.732119
10	4792	0.928913
10	4793	0.694488
10	4794	1.08451
10	4795	0.78276
10	4796	1.05376
10	4797	1.19851
10	4798	0.905238
10	4799	0.78234
10	4800	1.00375
10	4801	0.556711
10	4802	0.936121
10	4803	0.67609
10	4804	0.795189
10	4805	1.04917
10	4806	1.22425
10	4807	1.79231
10	4808	0.594884
10	4809	0.900542
10	4810	0.700089
10	4811	1.05904
10	4812	1.1769
10	4813	0.79153
10	4814	1.22196
10	4815	0.91216
10	4816	1.62545
10	4817	0.67967
10	4818	0.965325
10	4819	0.726252
10	4820	1.36545
10	4821	1.0183
10	4822	0.493071
10	4823	1.06444
10	4824	1.02262
10	4825	0.818854
10	4826	0.843498
10	4827	1.10639
10	4828	0.848112
10	4829	1.17509
10	4830	1.21756
10	4831	1.15493
10	4832	0.894836
10	4833	0.958249
10	4834	0.664783
10	4835	0.870392
10	4836	1.10493
10	4837	1.03057
10	4838	1.20563
10	4839	1.06744
10	4840	0.864743
10	4841	1.37802
10	4842	1.0517
10	4843	1.31124
10	4844	1.17828
10	4845	1.04174
10	4846	0.392628
10	4847	0.478284
10	4848	1.53702
10	4849	0.615303
10	4850	0.814265
10	4851	1.05424
10	4852	0.889557
10	4853	1.24213
10	4854	1.12365
10	4855	1.19195
10	4856	0.662108
10	4857	1.28343
10	4858	0.470282
10	4859	0.81521
10	4860	1.57572
10	4861	0.92002
10	4862	0.733347
10	4863	0.902988
10	4864	0.879708
10	4865	0.89476
10	4866	0.626291
10	4867	0.817369
10	4868	0.763953
10	4869	1.07163
10	4870	0.747001
10	4871	0.821124
10	4872	1.44877
10	4873	1.35289
10	4874	0.590538
10	4875	0.83484
10	4876	0.718079
10	4877	0.975851
10	4878	0.832125
10	4879	0.92782
10	4880	0.790963
10	4881	1.07835
10	4882	0.61567
10	4883	0.55609
10	4884	0.82079
10	4885	1.0389
10	4886	1.11151
10	4887	1.08947
10	4888	1.59089
10	4889	0.959831
10	4890	0.792358
10	4891	1.30511
10	4892	0.647239
10	4893	0.826977
10	4894	0.686453
10	4895	0.781496
10	4896	1.12704
10	4897	1.36038
10	4898	0.600855
10	4899	1.90102
10	4900	1.47963
10	4901	1.23193
10	4902	1.50477
10	4903	1.68595
10	4904	1.00517
10	4905	1.10335
10	4906	1.03296
10	4907	0.929575
10	4908	1.25326
10	4909	0.643529
10	4910	0.781262
10	4911	0.806623
10	4912	1.45086
10	4913	0.642079
10	4914	0.842591
10	4915	1.72819
10	4916	1.31233
10	4917	0.613067
10	4918	0.560609
10	4919	1.38245
10	4920	1.3397
10	4921	0.658558
10	4922	0.867832
10	4923	1.39799
10	4924	1.22002
10	4925	1.04362
10	4926	0.959487
10	4927	1.12852
10	4928	0.447522
10	4929	0.987507
10	4930	0.756289
10	4931	1.09497
10	4932	0.704703
10	4933	0.850161
10	4934	0.953215
10	4935	0.568199
10	4936	0.470905
10	4937	1.67506
10	4938	1.55635
10	4939	1.05246
10	4940	0.965232
10	4941	1.08004
10	4942	0.897002
10	4943	0.967585
10	4944	0.810342
10	4945	0.678544
10	4946	0.863496
10	4947	1.1899
10	4948	1.26398
10	4949	1.28148
10	4950	1.21184
10	4951	1.05997
10	4952	0.563686
10	4953	1.45356
10	4954	0.803844
10	4955	1.18201
10	4956	1.28438
10	4957	0.981757
10	4958	1.08843
10	4959	1.03607
10	4960	0.552906
10	4961	1.09639
10	4962	0.892775
10	4963	1.32638
10	4964	1.30608
10	4965	1.06656
10	4966	1.05032
10	4967	0.872294
10	4968	0.829616
10	4969	0.965549
10	4970	0.910618
10	4971	1.06562
10	4972	0.45734
10	4973	1.07679
10	4974	1.03047
10	4975	1.08159
10	4976	1.55036
10	4977	1.16238
10	4978	1.19393
10	4979	0.920767
10	4980	0.873601
10	4981	0.986188
10	4982	0.61006
10	4983	1.01413
10	4984	0.924668
10	4985	0.99639
10	4986	1.43303
10	4987	1.4365
10	4988	1.20692
10	4989	1.20647
10	4990	0.750696
10	4991	1.15993
10	4992	0.971679
10	4993	0.893457
10	4994	1.8951
10	4995	1.15466
10	4996	1.40116
10	4997	0.72475
10	4998	1.33163
10	4999	0.82318
10	5000	1.25357
10	5001	0.602399
10	5002	0.848397
10	5003	1.18655
10	5004	0.688435
10	5005	1.21849
10	5006	1.60437
10	5007	0.871969
10	5008	0.638118
10	5009	1.02266
10	5010	0.732176
10	5011	1.62491
10	5012	1.13234
10	5013	1.1695
10	5014	0.959725
10	5015	1.76326
10	5016	1.19436
10	5017	1.06322
10	5018	1.04457
10	5019	1.02317
10	5020	1.20455
10	5021	0.778228
10	5022	0.715269
10	5023	0.93485
10	5024	1.1628
10	5025	1.16936
10	5026	0.81306
10	5027	0.875421
10	5028	0.850327
10	5029	1.15205
10	5030	1.24515
10	5031	0.801773
10	5032	1.69315
10	5033	0.81473
10	5034	1.23254
10	5035	1.71596
10	5036	1.11536
10	5037	0.879565
10	5038	1.15021
10	5039	0.650204
10	5040	1.06975
10	5041	0.74631
10	5042	1.02245
10	5043	0.632217
10	5044	0.90749
10	5045	1.07293
10	5046	1.30862
10	5047	0.630511
10	5048	0.771895
10	5049	1.3078
10	5050	0.955472
10	5051	1.40913
10	5052	0.745739
10	5053	1.00849
10	5054	0.919971
10	5055	0.818007
10	5056	1.22217
10	5057	0.93941
10	5058	1.01541
10	5059	1.44355
10	5060	1.2633
10	5061	0.75966
10	5062	0.820281
10	5063	1.02095
10	5064	1.75148
10	5065	0.866575
10	5066	0.620484
10	5067	0.770687
10	5068	0.590074
10	5069	0.950681
10	5070	1.1758
10	5071	1.02492
10	5072	1.68836
10	5073	0.69438
10	5074	0.609893
10	5075	0.617818
10	5076	1.55115
10	5077	0.671651
10	5078	0.792388
10	5079	1.09903
10	5080	1.00622
10	5081	1.1546
10	5082	0.608069
10	5083	1.12212
10	5084	0.935804
10	5085	0.920932
10	5086	1.08207
10	5087	0.635267
10	5088	0.87318
10	5089	0.825063
10	5090	1.70998
10	5091	1.05077
10	5092	0.638572
10	5093	0.826671
10	5094	0.754452
10	5095	0.908377
10	5096	0.926019
10	5097	0.40159
10	5098	0.953934
10	5099	0.788612
10	5100	0.772786
10	5101	1.14256
10	5102	0.991751
10	5103	0.633421
10	5104	1.19197
10	5105	0.736503
10	5106	1.1355
10	5107	0.311663
10	5108	1.52021
10	5109	1.12437
10	5110	0.904751
10	5111	0.875892
10	5112	0.710275
10	5113	0.731217
10	5114	1.14248
10	5115	0.777411
10	5116	1.28683
10	5117	1.03077
10	5118	0.800085
10	5119	0.930387
10	5120	0.995977
10	5121	0.926467
10	5122	1.45194
10	5123	1.33667
10	5124	1.05094
10	5125	0.580591
10	5126	1.19856
10	5127	1.50724
10	5128	1.09608
10	5129	0.86248
10	5130	1.32216
10	5131	1.29138
10	5132	1.08158
10	5133	0.667218
10	5134	1.8531
10	5135	1.22182
10	5136	0.878368
10	5137	0.418623
10	5138	0.885004
10	5139	0.754843
10	5140	1.49114
10	5141	0.817428
10	5142	1.09537
10	5143	0.925903
10	5144	0.695105
10	5145	0.602445
10	5146	0.912272
10	5147	0.814387
10	5148	1.09298
10	5149	1.3066
10	5150	0.551887
10	5151	1.05586
10	5152	0.955942
10	5153	1.50065
10	5154	1.12642
10	5155	1.04674
10	5156	0.75653
10	5157	0.977936
10	5158	0.67572
10	5159	1.02488
10	5160	1.20704
10	5161	0.984274
10	5162	0.845278
10	5163	1.06752
10	5164	1.52739
10	5165	0.571435
10	5166	0.710921
10	5167	1.41542
10	5168	0.955541
10	5169	2.00244
10	5170	0.597324
10	5171	0.911127
10	5172	1.03264
10	5173	1.0702
10	5174	1.09943
10	5175	1.08694
10	5176	1.011
10	5177	0.401695
10	5178	1.62205
10	5179	0.907321
10	5180	1.06389
10	5181	0.526556
10	5182	1.06722
10	5183	0.980685
10	5184	1.05566
10	5185	0.849775
10	5186	0.611567
10	5187	1.046
10	5188	0.936132
10	5189	1.49089
10	5190	1.48099
10	5191	0.947526
10	5192	0.756798
10	5193	0.575223
10	5194	0.984425
10	5195	1.24019
10	5196	0.97426
10	5197	1.08177
10	5198	1.03964
10	5199	1.75651
10	5200	1.04036
10	5201	0.597151
10	5202	0.450384
10	5203	0.921562
10	5204	0.714416
10	5205	0.854636
10	5206	0.883935
10	5207	1.15715
10	5208	0.570488
10	5209	0.711622
10	5210	1.1965
10	5211	1.18854
10	5212	1.06625
10	5213	0.757473
10	5214	0.654376
10	5215	0.960851
10	5216	0.639938
10	5217	1.52855
10	5218	1.23387
10	5219	0.730108
10	5220	1.32265
10	5221	1.06581
10	5222	0.783918
10	5223	0.68672
10	5224	0.955992
10	5225	0.750118
10	5226	0.900846
10	5227	0.749287
10	5228	0.827598
10	5229	1.15477
10	5230	1.26109
10	5231	0.758075
10	5232	1.28141
10	5233	0.879251
10	5234	1.03
10	5235	1.40494
10	5236	1.05904
10	5237	1.44495
10	5238	0.79592
10	5239	1.67633
10	5240	1.52282
10	5241	1.0146
10	5242	0.972297
10	5243	0.945716
10	5244	1.06649
10	5245	1.16067
10	5246	0.446689
10	5247	0.843248
10	5248	0.938232
10	5249	0.658972
10	5250	0.608041
10	5251	0.340789
10	5252	0.883982
10	5253	1.18938
10	5254	1.2491
10	5255	0.9502
10	5256	0.767738
10	5257	1.00291
10	5258	1.12765
10	5259	1.10198
10	5260	0.875176
10	5261	1.21955
10	5262	1.37362
10	5263	0.933571
10	5264	1.3821
10	5265	0.4629
10	5266	1.04843
10	5267	0.800777
10	5268	1.75302
10	5269	0.480181
10	5270	1.08702
10	5271	0.761934
10	5272	0.865545
10	5273	1.09996
10	5274	1.07314
10	5275	1.92466
10	5276	1.13902
10	5277	0.706344
10	5278	1.34855
10	5279	1.62913
10	5280	1.03009
10	5281	0.345948
10	5282	1.37038
10	5283	0.584637
10	5284	1.13476
10	5285	1.00623
10	5286	1.22886
10	5287	1.6573
10	5288	1.347
10	5289	0.325819
10	5290	0.864302
10	5291	1.26836
10	5292	0.913781
10	5293	1.49
10	5294	0.707457
10	5295	1.14233
10	5296	0.766926
10	5297	1.24256
10	5298	0.777071
10	5299	0.504851
10	5300	0.906493
10	5301	0.840379
10	5302	1.15916
10	5303	0.431455
10	5304	1.19498
10	5305	0.741322
10	5306	0.916897
10	5307	0.550323
10	5308	1.17048
10	5309	1.38306
10	5310	0.94759
10	5311	0.877737
10	5312	0.769004
10	5313	1.72854
10	5314	0.787495
10	5315	0.801082
10	5316	0.682899
10	5317	0.81883
10	5318	0.909851
10	5319	1.16568
10	5320	1.37494
10	5321	0.921979
10	5322	0.761191
10	5323	0.744311
10	5324	0.800582
10	5325	0.911581
10	5326	1.07165
10	5327	0.554477
10	5328	1.21159
10	5329	0.995423
10	5330	1.7026
10	5331	1.25745
10	5332	0.759877
10	5333	0.813385
10	5334	1.46026
10	5335	1.6673
10	5336	0.855657
10	5337	0.941718
10	5338	0.61641
10	5339	0.761513
10	5340	1.07284
10	5341	0.899173
10	5342	0.591453
10	5343	0.825236
10	5344	0.959035
10	5345	1.35643
10	5346	1.30959
10	5347	0.701401
10	5348	0.610531
10	5349	0.748395
10	5350	1.02008
10	5351	1.19112
10	5352	0.892492
10	5353	1.13203
10	5354	1.50718
10	5355	0.810923
10	5356	0.774882
10	5357	0.969715
10	5358	0.959248
10	5359	0.776648
10	5360	1.67951
10	5361	0.934862
10	5362	1.01974
10	5363	1.24193
10	5364	1.21183
10	5365	1.0858
10	5366	1.49343
10	5367	1.13426
10	5368	0.783215
10	5369	0.959141
10	5370	0.957113
10	5371	0.978225
10	5372	0.983884
10	5373	1.14268
10	5374	1.02373
10	5375	1.1209
10	5376	1.10663
10	5377	0.809238
10	5378	1.18592
10	5379	1.22151
10	5380	0.922619
10	5381	0.889633
10	5382	1.69036
10	5383	1.69208
10	5384	0.574008
10	5385	0.853839
10	5386	0.568565
10	5387	1.8812
10	5388	1.14401
10	5389	0.788853
10	5390	0.932855
10	5391	0.984409
10	5392	1.13287
10	5393	0.97275
10	5394	0.936719
10	5395	1.23999
10	5396	1.17954
10	5397	1.18838
10	5398	0.774215
10	5399	1.31136
10	5400	0.885878
10	5401	1.02074
10	5402	1.17574
10	5403	0.643826
10	5404	1.18237
10	5405	0.774883
10	5406	1.0707
10	5407	0.805133
10	5408	0.806403
10	5409	0.973065
10	5410	0.802998
10	5411	0.444533
10	5412	1.06317
10	5413	0.742411
10	5414	1.21679
10	5415	0.411402
10	5416	1.21861
10	5417	1.59716
10	5418	1.56274
10	5419	1.21106
10	5420	1.02439
10	5421	1.50227
10	5422	2.06447
10	5423	1.29155
10	5424	1.21621
10	5425	0.784673
10	5426	1.05817
10	5427	0.982134
10	5428	0.873358
10	5429	1.75071
10	5430	0.699615
10	5431	1.11812
10	5432	0.808776
10	5433	0.89155
10	5434	0.947381
10	5435	0.89546
10	5436	0.829962
10	5437	1.00082
10	5438	0.985402
10	5439	1.24812
10	5440	1.04539
10	5441	0.604082
10	5442	0.888078
10	5443	0.710105
10	5444	0.897951
10	5445	1.31314
10	5446	0.96153
10	5447	0.914852
10	5448	1.02262
10	5449	0.721738
10	5450	0.476076
10	5451	1.34644
10	5452	1.15856
10	5453	0.5573
10	5454	0.958656
10	5455	1.25292
10	5456	1.05492
10	5457	1.29282
10	5458	1.01938
10	5459	0.599956
10	5460	1.14683
10	5461	0.637977
10	5462	0.878873
10	5463	1.45389
10	5464	0.938217
10	5465	1.75742
10	5466	1.23858
10	5467	0.525756
10	5468	1.44833
10	5469	0.931317
10	5470	0.781343
10	5471	0.765997
10	5472	0.873708
10	5473	1.74033
10	5474	1.22827
10	5475	0.886255
10	5476	1.02075
10	5477	1.36841
10	5478	1.14246
10	5479	0.868739
10	5480	0.676035
10	5481	0.913502
10	5482	2.15596
10	5483	0.714573
10	5484	0.782343
10	5485	0.876652
10	5486	1.38278
10	5487	0.8091
10	5488	0.796494
10	5489	1.1798
10	5490	0.664118
10	5491	0.421317
10	5492	1.86686
10	5493	0.74162
10	5494	0.983534
10	5495	0.767845
10	5496	1.09939
10	5497	1.32766
10	5498	0.796123
10	5499	1.66918
10	5500	0.809655
10	5501	1.00587
10	5502	1.43228
10	5503	0.954732
10	5504	0.549969
10	5505	1.07192
10	5506	0.599717
10	5507	0.381219
10	5508	0.737727
10	5509	1.22102
10	5510	1.30364
10	5511	1.03903
10	5512	0.791676
10	5513	1.37875
10	5514	0.711877
10	5515	0.669138
10	5516	0.93611
10	5517	0.261828
10	5518	0.707991
10	5519	0.836775
10	5520	1.71936
10	5521	0.800781
10	5522	1.20771
10	5523	1.03832
10	5524	0.9635
10	5525	0.964208
10	5526	0.966005
10	5527	0.705
10	5528	1.11042
10	5529	0.764262
10	5530	1.13843
10	5531	0.819363
10	5532	0.392314
10	5533	1.04312
10	5534	1.09357
10	5535	0.952095
10	5536	1.38942
10	5537	0.967156
10	5538	0.68299
10	5539	1.03994
10	5540	0.261604
10	5541	1.21784
10	5542	0.83894
10	5543	1.03026
10	5544	0.958137
10	5545	1.2532
10	5546	0.911869
10	5547	1.06258
10	5548	0.564673
10	5549	0.849376
10	5550	0.766145
10	5551	1.07684
10	5552	0.979065
10	5553	1.40254
10	5554	0.677974
10	5555	1.05871
10	5556	0.74294
10	5557	1.11143
10	5558	0.819593
10	5559	1.02614
10	5560	0.65436
10	5561	0.665069
10	5562	0.766068
10	5563	0.250683
10	5564	0.815002
10	5565	0.606374
10	5566	0.830759
10	5567	0.976709
10	5568	0.850247
10	5569	1.54409
10	5570	0.846597
10	5571	0.833538
10	5572	0.971951
10	5573	1.18179
10	5574	0.848527
10	5575	0.746352
10	5576	0.779847
10	5577	0.688527
10	5578	1.05171
10	5579	0.412912
10	5580	1.22545
10	5581	0.939666
10	5582	0.942941
10	5583	1.27063
10	5584	0.781313
10	5585	0.913795
10	5586	0.91607
10	5587	1.01277
10	5588	0.420178
10	5589	1.33979
10	5590	0.848248
10	5591	0.634608
10	5592	0.499385
10	5593	1.26571
10	5594	0.781293
10	5595	1.19577
10	5596	1.2825
10	5597	0.799992
10	5598	0.969812
10	5599	0.640497
10	5600	0.788881
10	5601	0.844972
10	5602	0.58912
10	5603	1.21797
10	5604	0.753622
10	5605	0.530956
10	5606	0.408116
10	5607	0.970663
10	5608	0.732376
10	5609	1.21243
10	5610	0.779715
10	5611	0.934778
10	5612	1.37076
10	5613	1.16719
10	5614	1.12809
10	5615	1.6491
10	5616	0.831457
10	5617	0.868261
10	5618	1.40426
10	5619	0.912446
10	5620	0.639832
10	5621	0.736618
10	5622	1.07821
10	5623	1.29059
10	5624	0.613908
10	5625	0.531892
10	5626	0.914189
10	5627	1.55314
10	5628	1.32784
10	5629	1.27982
10	5630	0.944768
10	5631	0.469726
10	5632	1.76972
10	5633	0.607563
10	5634	0.856128
10	5635	1.82057
10	5636	0.81276
10	5637	1.03226
10	5638	1.01023
10	5639	0.869847
10	5640	0.905103
10	5641	0.819858
10	5642	0.955432
10	5643	0.768411
10	5644	1.01665
10	5645	0.944305
10	5646	0.532738
10	5647	0.771088
10	5648	1.15213
10	5649	1.293
10	5650	1.12678
10	5651	1.1398
10	5652	1.19342
10	5653	0.779884
10	5654	0.803186
10	5655	0.792959
10	5656	0.902398
10	5657	1.07551
10	5658	0.98421
10	5659	1.00436
10	5660	0.697429
10	5661	0.750721
10	5662	0.905774
10	5663	0.975987
10	5664	0.845414
10	5665	0.946513
10	5666	1.46467
10	5667	0.967578
10	5668	0.986111
10	5669	0.816853
10	5670	1.37815
10	5671	1.30688
10	5672	1.44743
10	5673	0.55824
10	5674	1.27625
10	5675	1.29774
10	5676	0.853932
10	5677	0.95478
10	5678	1.00094
10	5679	0.893469
10	5680	1.23359
10	5681	1.34795
10	5682	0.627937
10	5683	0.79854
10	5684	0.970942
10	5685	0.815109
10	5686	0.846131
10	5687	1.0482
10	5688	1.49884
10	5689	1.0483
10	5690	0.937199
10	5691	1.18956
10	5692	1.23548
10	5693	0.574414
10	5694	1.17414
10	5695	1.11632
10	5696	0.92773
10	5697	0.903615
10	5698	1.25199
10	5699	1.07205
10	5700	0.787219
10	5701	0.951678
10	5702	1.17964
10	5703	1.19914
10	5704	1.47756
10	5705	1.39998
10	5706	0.69191
10	5707	1.12537
10	5708	0.767842
10	5709	0.795414
10	5710	0.775544
10	5711	1.30242
10	5712	0.783065
10	5713	1.2944
10	5714	0.712936
10	5715	0.970944
10	5716	0.785417
10	5717	1.29248
10	5718	1.65827
10	5719	0.609922
10	5720	0.708687
10	5721	0.815465
10	5722	0.65839
10	5723	0.98862
10	5724	1.61421
10	5725	0.972531
10	5726	0.72701
10	5727	1.15456
10	5728	1.09244
10	5729	1.01255
10	5730	0.507583
10	5731	1.60397
10	5732	0.979261
10	5733	1.25096
10	5734	1.10676
10	5735	0.718553
10	5736	0.851601
10	5737	0.854013
10	5738	1.26509
10	5739	0.798764
10	5740	1.1172
10	5741	0.766071
10	5742	0.797699
10	5743	0.946808
10	5744	1.11168
10	5745	0.801161
10	5746	0.834804
10	5747	1.12742
10	5748	0.791808
10	5749	0.746373
10	5750	0.766583
10	5751	1.70562
10	5752	0.884078
10	5753	0.445307
10	5754	1.40938
10	5755	1.599
10	5756	0.706103
10	5757	1.40086
10	5758	1.10244
10	5759	0.57142
10	5760	0.564763
10	5761	0.886693
10	5762	1.33167
10	5763	0.915392
10	5764	0.912247
10	5765	1.24051
10	5766	0.809163
10	5767	2.13435
10	5768	1.09722
10	5769	0.739285
10	5770	1.08406
10	5771	0.696323
10	5772	1.6423
10	5773	1.76303
10	5774	0.618106
10	5775	1.18618
10	5776	1.00213
10	5777	0.739307
10	5778	0.903438
10	5779	0.842889
10	5780	1.06948
10	5781	0.588331
10	5782	1.11542
10	5783	1.28556
10	5784	1.11562
10	5785	0.912935
10	5786	0.975406
10	5787	0.446384
10	5788	1.48437
10	5789	0.487729
10	5790	0.994677
10	5791	1.01142
10	5792	0.942199
10	5793	0.749871
10	5794	1.04413
10	5795	0.782121
10	5796	1.14799
10	5797	1.01032
10	5798	0.860019
10	5799	1.37849
10	5800	1.07517
10	5801	1.47273
10	5802	1.28098
10	5803	0.963314
10	5804	0.540564
10	5805	1.59718
10	5806	1.7509
10	5807	0.808565
10	5808	0.780158
10	5809	0.864368
10	5810	0.935206
10	5811	0.943696
10	5812	0.467855
10	5813	1.01975
10	5814	0.873643
10	5815	0.855261
10	5816	0.942963
10	5817	1.52272
10	5818	1.27212
10	5819	1.44818
10	5820	0.771693
10	5821	0.839107
10	5822	1.12461
10	5823	0.813846
10	5824	0.771193
10	5825	1.17658
10	5826	1.17878
10	5827	1.13004
10	5828	0.48078
10	5829	0.786654
10	5830	1.00323
10	5831	0.974938
10	5832	1.56259
10	5833	1.2427
10	5834	1.2068
10	5835	0.976341
10	5836	0.572381
10	5837	0.385481
10	5838	1.05965
10	5839	0.894465
10	5840	1.1211
10	5841	1.19627
10	5842	1.22427
10	5843	0.515934
10	5844	0.726295
10	5845	0.786383
10	5846	0.916415
10	5847	0.877707
10	5848	1.08383
10	5849	0.765253
10	5850	0.741431
10	5851	1.20546
10	5852	1.13274
10	5853	0.865018
10	5854	1.24256
10	5855	0.913528
10	5856	0.626952
10	5857	0.716858
10	5858	0.964792
10	5859	1.00158
10	5860	0.695464
10	5861	0.97553
10	5862	0.909972
10	5863	1.24271
10	5864	0.565972
10	5865	0.615833
10	5866	0.985391
10	5867	1.24133
10	5868	1.21342
10	5869	1.60254
10	5870	1.16801
10	5871	1.31679
10	5872	0.774541
10	5873	1.4154
10	5874	0.666572
10	5875	0.763317
10	5876	0.90161
10	5877	0.996801
10	5878	1.14475
10	5879	1.05875
10	5880	0.665259
10	5881	0.731185
10	5882	0.626993
10	5883	0.724597
10	5884	1.02938
10	5885	0.987142
10	5886	1.1029
10	5887	0.899277
10	5888	0.670255
10	5889	1.56451
10	5890	1.19836
10	5891	0.723107
10	5892	1.4847
10	5893	0.610882
10	5894	1.39798
10	5895	1.56544
10	5896	1.67307
10	5897	0.951822
10	5898	1.01498
10	5899	0.81455
10	5900	1.11462
10	5901	1.01122
10	5902	0.732802
10	5903	0.873226
10	5904	0.78297
10	5905	1.50073
10	5906	1.17591
10	5907	1.65579
10	5908	1.42032
10	5909	0.850404
10	5910	0.451156
10	5911	1.04826
10	5912	0.939915
10	5913	0.761271
10	5914	0.846246
10	5915	0.96933
10	5916	0.768462
10	5917	0.874443
10	5918	0.855401
10	5919	1.67491
10	5920	0.906381
10	5921	0.717355
10	5922	0.587933
10	5923	0.481618
10	5924	0.970272
10	5925	1.28275
10	5926	0.718701
10	5927	1.543
10	5928	0.455935
10	5929	1.29253
10	5930	1.24657
10	5931	1.33068
10	5932	0.685277
10	5933	1.58949
10	5934	0.639803
10	5935	1.12316
10	5936	1.01064
10	5937	0.736003
10	5938	1.25301
10	5939	1.68878
10	5940	0.570882
10	5941	1.00422
10	5942	1.38212
10	5943	0.801124
10	5944	0.633505
10	5945	0.937191
10	5946	0.73648
10	5947	0.729616
10	5948	1.08068
10	5949	0.952529
10	5950	1.63142
10	5951	1.79638
10	5952	0.957503
10	5953	0.890419
10	5954	0.897096
10	5955	1.31541
10	5956	0.691134
10	5957	1.03124
10	5958	0.600027
10	5959	0.959016
10	5960	0.79715
10	5961	0.831537
10	5962	1.3952
10	5963	0.898343
10	5964	0.854645
10	5965	1.01078
10	5966	0.73118
10	5967	1.12716
10	5968	1.26318
10	5969	0.793579
10	5970	0.781484
10	5971	0.892011
10	5972	1.09593
10	5973	0.859913
10	5974	0.895857
10	5975	0.848035
10	5976	0.207975
10	5977	1.02643
10	5978	0.812351
10	5979	1.10998
10	5980	1.009
10	5981	1.43644
10	5982	0.760349
10	5983	1.13224
10	5984	0.884416
10	5985	0.537306
10	5986	0.562122
10	5987	1.05992
10	5988	0.972266
10	5989	0.960412
10	5990	1.05123
10	5991	1.52025
10	5992	1.14683
10	5993	1.12852
10	5994	0.81247
10	5995	1.84585
10	5996	0.982199
10	5997	1.04685
10	5998	1.60558
10	5999	0.915822
10	6000	0.578029
10	6001	0.814066
10	6002	0.655004
10	6003	0.524995
10	6004	1.33644
10	6005	1.23292
10	6006	0.817084
10	6007	0.673359
10	6008	1.14346
10	6009	0.650183
10	6010	1.65994
10	6011	0.755504
10	6012	0.948323
10	6013	1.11721
10	6014	0.775733
10	6015	1.21972
10	6016	0.741974
10	6017	1.18767
10	6018	0.810086
10	6019	1.14375
10	6020	0.938222
10	6021	1.06082
10	6022	0.64104
10	6023	1.02724
10	6024	0.730423
10	6025	1.04078
10	6026	2.22716
10	6027	0.647303
10	6028	0.751364
10	6029	0.887499
10	6030	0.923805
10	6031	0.988688
10	6032	0.708745
10	6033	0.658622
10	6034	1.22237
10	6035	0.70075
10	6036	0.794113
10	6037	1.15598
10	6038	0.39249
10	6039	1.13986
10	6040	0.735633
10	6041	1.33603
10	6042	0.849326
10	6043	1.34385
10	6044	0.97181
10	6045	0.550537
10	6046	1.28966
10	6047	0.762554
10	6048	0.307875
10	6049	1.03897
10	6050	0.771664
10	6051	0.557759
10	6052	0.621618
10	6053	1.03638
10	6054	1.41258
10	6055	0.705894
10	6056	0.968213
10	6057	1.44352
10	6058	0.994415
10	6059	1.00823
10	6060	1.45896
10	6061	1.48956
10	6062	0.729137
10	6063	0.56841
10	6064	1.53755
10	6065	1.31294
10	6066	1.02507
10	6067	1.54928
10	6068	0.729677
10	6069	0.760157
10	6070	0.710936
10	6071	0.702341
10	6072	1.03535
10	6073	1.12057
10	6074	1.3796
10	6075	1.78049
10	6076	1.80666
10	6077	0.542708
10	6078	1.00816
10	6079	0.892189
10	6080	1.55114
10	6081	0.724482
10	6082	0.964538
10	6083	1.10625
10	6084	1.68402
10	6085	1.32425
10	6086	0.458424
10	6087	0.826034
10	6088	1.25672
10	6089	1.31875
10	6090	1.77126
10	6091	0.902995
10	6092	1.66874
10	6093	0.976709
10	6094	0.615252
10	6095	1.19158
10	6096	0.924753
10	6097	1.02484
10	6098	0.810039
10	6099	1.1777
10	6100	1.01732
10	6101	0.955772
10	6102	0.867596
10	6103	1.19341
10	6104	0.731489
10	6105	0.391486
10	6106	1.38204
10	6107	0.957302
10	6108	0.883747
10	6109	0.715136
10	6110	1.06139
10	6111	0.655952
10	6112	0.741458
10	6113	2.00006
10	6114	0.429066
10	6115	1.10488
10	6116	1.1321
10	6117	1.81116
10	6118	1.13871
10	6119	0.574433
10	6120	1.59144
10	6121	1.03616
10	6122	0.733647
10	6123	0.664863
10	6124	1.65285
10	6125	0.955795
10	6126	0.769225
10	6127	1.11011
10	6128	1.08266
10	6129	0.71722
10	6130	1.1136
10	6131	0.502178
10	6132	1.02514
10	6133	1.04773
10	6134	0.881659
10	6135	0.565405
10	6136	1.02365
10	6137	1.52399
10	6138	1.1242
10	6139	0.671794
10	6140	0.894126
10	6141	0.91572
10	6142	1.212
10	6143	1.13841
10	6144	0.773537
10	6145	1.4891
10	6146	1.39633
10	6147	1.17413
10	6148	1.003
10	6149	1.12361
10	6150	1.28336
10	6151	0.790815
10	6152	1.62528
10	6153	0.537337
10	6154	1.64054
10	6155	1.26639
10	6156	1.40512
10	6157	1.03334
10	6158	0.786559
10	6159	1.20731
10	6160	1.00233
10	6161	0.623908
10	6162	0.601303
10	6163	0.977676
10	6164	0.940908
10	6165	0.910864
10	6166	0.813042
10	6167	1.38795
10	6168	0.590494
10	6169	0.478898
10	6170	1.16635
10	6171	1.14728
10	6172	1.15389
10	6173	0.71405
10	6174	1.09052
10	6175	0.85077
10	6176	0.495702
10	6177	1.15422
10	6178	0.860793
10	6179	1.40675
10	6180	1.42949
10	6181	1.42417
10	6182	1.57037
10	6183	0.728729
10	6184	1.414
10	6185	1.23378
10	6186	1.12373
10	6187	1.00223
10	6188	0.9856
10	6189	0.774564
10	6190	1.23808
10	6191	1.21066
10	6192	1.10351
10	6193	0.981609
10	6194	1.08341
10	6195	1.18084
10	6196	1.0317
10	6197	0.90807
10	6198	1.15219
10	6199	1.26518
10	6200	0.86485
10	6201	0.903624
10	6202	1.57926
10	6203	0.710372
10	6204	0.396496
10	6205	1.66297
10	6206	0.733214
10	6207	1.04002
10	6208	1.28133
10	6209	0.703494
10	6210	0.528258
10	6211	0.892595
10	6212	0.92522
10	6213	0.669807
10	6214	0.654666
10	6215	1.02453
10	6216	0.809451
10	6217	1.42294
10	6218	1.16991
10	6219	0.591162
10	6220	0.775517
10	6221	0.896277
10	6222	1.20557
10	6223	0.673159
10	6224	0.690249
10	6225	1.18067
10	6226	0.825813
10	6227	0.815471
10	6228	0.92754
10	6229	0.850259
10	6230	1.08518
10	6231	0.546443
10	6232	0.332594
10	6233	0.586472
10	6234	0.579636
10	6235	1.07147
10	6236	1.2487
10	6237	0.539769
10	6238	0.689487
10	6239	0.738901
10	6240	0.649907
10	6241	0.635617
10	6242	0.767038
10	6243	1.34892
10	6244	1.23385
10	6245	1.42485
10	6246	0.847125
10	6247	1.66979
10	6248	0.777571
10	6249	0.845466
10	6250	1.30521
10	6251	0.895998
10	6252	0.948335
10	6253	0.939051
10	6254	1.36905
10	6255	0.721134
10	6256	0.97263
10	6257	1.25713
10	6258	0.702918
10	6259	1.15033
10	6260	1.86377
10	6261	0.588519
10	6262	1.11878
10	6263	1.70482
10	6264	2.05763
10	6265	1.16441
10	6266	0.995507
10	6267	0.720198
10	6268	1.48001
10	6269	1.37783
10	6270	0.869291
10	6271	0.77812
10	6272	1.05971
10	6273	1.0534
10	6274	1.08891
10	6275	1.10601
10	6276	0.926954
10	6277	1.20721
10	6278	0.668254
10	6279	1.60297
10	6280	1.16863
10	6281	0.948742
10	6282	1.305
10	6283	0.688267
10	6284	0.649074
10	6285	0.562772
10	6286	0.943139
10	6287	1.44253
10	6288	0.862983
10	6289	1.37059
10	6290	2.36367
10	6291	1.06833
10	6292	1.57287
10	6293	1.09822
10	6294	1.25914
10	6295	0.620005
10	6296	0.705773
10	6297	0.738857
10	6298	1.04374
10	6299	1.14717
10	6300	0.622922
10	6301	1.35688
10	6302	0.873508
10	6303	1.08102
10	6304	0.50892
10	6305	1.18523
10	6306	0.675829
10	6307	1.11831
10	6308	0.739463
10	6309	1.02267
10	6310	1.13136
10	6311	0.972639
10	6312	0.806078
10	6313	0.818163
10	6314	0.834203
10	6315	1.28546
10	6316	1.20496
10	6317	1.06626
10	6318	1.24216
10	6319	0.551847
10	6320	0.81012
10	6321	1.31894
10	6322	0.51804
10	6323	1.00524
10	6324	1.36139
10	6325	1.03475
10	6326	0.895183
10	6327	1.05467
10	6328	0.64985
10	6329	0.84888
10	6330	0.5625
10	6331	0.804288
10	6332	0.673641
10	6333	0.809518
10	6334	0.388712
10	6335	1.03982
10	6336	0.855101
10	6337	0.738443
10	6338	0.564058
10	6339	1.00178
10	6340	1.08588
10	6341	0.870604
10	6342	0.604341
10	6343	1.01352
10	6344	0.809182
10	6345	0.265959
10	6346	1.06415
10	6347	1.20494
10	6348	1.00878
10	6349	0.757009
10	6350	1.19727
10	6351	1.74959
10	6352	1.3375
10	6353	1.59123
10	6354	0.751827
10	6355	0.738862
10	6356	0.997926
10	6357	0.675763
10	6358	1.20472
10	6359	0.864399
10	6360	1.06043
10	6361	0.881272
10	6362	0.81348
10	6363	1.06939
10	6364	1.5025
10	6365	0.852884
10	6366	0.908517
10	6367	1.00744
10	6368	0.765783
10	6369	0.692242
10	6370	0.814158
10	6371	1.23259
10	6372	0.757819
10	6373	1.75335
10	6374	1.34386
10	6375	1.16047
10	6376	0.741577
10	6377	0.895367
10	6378	1.17298
10	6379	0.932424
10	6380	0.371499
10	6381	1.25754
10	6382	1.45009
10	6383	1.40369
10	6384	0.839583
10	6385	0.731773
10	6386	0.466112
10	6387	0.85445
10	6388	1.67802
10	6389	0.711759
10	6390	0.572791
10	6391	1.07119
10	6392	1.20251
10	6393	0.682825
10	6394	1.1568
10	6395	0.933719
10	6396	0.731237
10	6397	0.792481
10	6398	1.1791
10	6399	0.836193
10	6400	1.0351
10	6401	0.639183
10	6402	0.656202
10	6403	0.947192
10	6404	1.06661
10	6405	1.00453
10	6406	1.21339
10	6407	1.42097
10	6408	0.403061
10	6409	1.70652
10	6410	1.2909
10	6411	1.15798
10	6412	0.844712
10	6413	0.527383
10	6414	1.77693
10	6415	0.514963
10	6416	0.77039
10	6417	0.727211
10	6418	0.726585
10	6419	0.625317
10	6420	0.802937
10	6421	1.0166
10	6422	0.949786
10	6423	0.678009
10	6424	1.17559
10	6425	1.17621
10	6426	1.25635
10	6427	1.18737
10	6428	0.538385
10	6429	0.844654
10	6430	0.806195
10	6431	1.08626
10	6432	0.842712
10	6433	0.990946
10	6434	1.62648
10	6435	0.888925
10	6436	1.68674
10	6437	1.24519
10	6438	1.09719
10	6439	0.783351
10	6440	1.08969
10	6441	0.682028
10	6442	1.13833
10	6443	1.69769
10	6444	1.25673
10	6445	1.05733
10	6446	0.983965
10	6447	1.22398
10	6448	1.17507
10	6449	1.38887
10	6450	0.562729
10	6451	0.819135
10	6452	1.14285
10	6453	1.73126
10	6454	1.19328
10	6455	0.475843
10	6456	1.03968
10	6457	1.01762
10	6458	0.553932
10	6459	0.509532
10	6460	1.13168
10	6461	0.713985
10	6462	1.40324
10	6463	1.23335
10	6464	0.503559
10	6465	0.842085
10	6466	1.08188
10	6467	1.43043
10	6468	0.960484
10	6469	1.51239
10	6470	1.25193
10	6471	1.72383
10	6472	0.940182
10	6473	0.805583
10	6474	1.72859
10	6475	0.659088
10	6476	1.30624
10	6477	0.919008
10	6478	1.43225
10	6479	0.995277
10	6480	1.24066
10	6481	0.62634
10	6482	0.913014
10	6483	0.58274
10	6484	0.611676
10	6485	1.26648
10	6486	1.06138
10	6487	0.885173
10	6488	0.773925
10	6489	1.23562
10	6490	0.762631
10	6491	0.804325
10	6492	1.37827
10	6493	0.846248
10	6494	1.16771
10	6495	1.24786
10	6496	0.967871
10	6497	1.12714
10	6498	1.14947
10	6499	0.98746
10	6500	1.03764
10	6501	1.2841
10	6502	0.764735
10	6503	0.797853
10	6504	0.689936
10	6505	0.996215
10	6506	1.42178
10	6507	0.945378
10	6508	0.820502
10	6509	0.959171
10	6510	0.684491
10	6511	1.04475
10	6512	1.11783
10	6513	0.559523
10	6514	0.586074
10	6515	0.960835
10	6516	0.713324
10	6517	0.73387
10	6518	0.653862
10	6519	0.647159
10	6520	1.11393
10	6521	0.682323
10	6522	1.54673
10	6523	1.1096
10	6524	0.78696
10	6525	1.04496
10	6526	0.887567
10	6527	0.473464
10	6528	1.18564
10	6529	1.36773
10	6530	1.17343
10	6531	0.894124
10	6532	1.05879
10	6533	1.20009
10	6534	1.76204
10	6535	0.954591
10	6536	0.950873
10	6537	0.855999
10	6538	1.35701
10	6539	1.48163
10	6540	1.75027
10	6541	1.04023
10	6542	0.991639
10	6543	0.383684
10	6544	1.25486
10	6545	1.24962
10	6546	0.523953
10	6547	0.981474
10	6548	1.10156
10	6549	0.751914
10	6550	1.10836
10	6551	0.87657
10	6552	0.861196
10	6553	0.894679
10	6554	1.2194
10	6555	0.859402
10	6556	1.00483
10	6557	0.881284
10	6558	1.19517
10	6559	0.635307
10	6560	1.26585
10	6561	0.602105
10	6562	1.33757
10	6563	1.76736
10	6564	1.07183
10	6565	0.894519
10	6566	0.80518
10	6567	1.23713
10	6568	0.971029
10	6569	1.09308
10	6570	0.732324
10	6571	1.06917
10	6572	0.768843
10	6573	0.855034
10	6574	1.22272
10	6575	0.8537
10	6576	1.39962
10	6577	1.26641
10	6578	1.69124
10	6579	0.717185
10	6580	0.840206
10	6581	1.1216
10	6582	1.42089
10	6583	0.512704
10	6584	1.0723
10	6585	1.03293
10	6586	0.61052
10	6587	1.05923
10	6588	0.90983
10	6589	0.832021
10	6590	1.16793
10	6591	1.14511
10	6592	1.0208
10	6593	0.836357
10	6594	1.09512
10	6595	0.995221
10	6596	1.17386
10	6597	1.00997
10	6598	1.06823
10	6599	1.17083
10	6600	1.5654
10	6601	0.652316
10	6602	0.525337
10	6603	1.4247
10	6604	0.781713
10	6605	1.14211
10	6606	1.12388
10	6607	0.787446
10	6608	0.574756
10	6609	1.1725
10	6610	0.800274
10	6611	1.39384
10	6612	0.675036
10	6613	0.950989
10	6614	1.1411
10	6615	1.13065
10	6616	1.08408
10	6617	0.845244
10	6618	1.40849
10	6619	0.830024
10	6620	0.731928
10	6621	0.561193
10	6622	0.528299
10	6623	0.964114
10	6624	1.52444
10	6625	0.623842
10	6626	1.29723
10	6627	1.89528
10	6628	1.05364
10	6629	0.780485
10	6630	1.77081
10	6631	1.08245
10	6632	0.861157
10	6633	0.736113
10	6634	0.982374
10	6635	1.27668
10	6636	0.978302
10	6637	0.602342
10	6638	0.725758
10	6639	1.03114
10	6640	0.712317
10	6641	1.15999
10	6642	0.891
10	6643	1.21391
10	6644	1.14045
10	6645	1.37916
10	6646	0.940943
10	6647	1.02041
10	6648	1.26606
10	6649	0.910094
10	6650	1.22424
10	6651	0.837695
10	6652	1.57479
10	6653	1.25409
10	6654	0.770412
10	6655	0.653176
10	6656	1.4895
10	6657	1.42783
10	6658	1.2587
10	6659	0.567342
10	6660	1.15014
10	6661	0.865847
10	6662	1.06788
10	6663	0.846332
10	6664	0.744386
10	6665	1.354
10	6666	0.93069
10	6667	0.544602
10	6668	1.45984
10	6669	1.18394
10	6670	1.14986
10	6671	0.942353
10	6672	0.815683
10	6673	1.30651
10	6674	1.25234
10	6675	0.800648
10	6676	0.650805
10	6677	0.477166
10	6678	0.935439
10	6679	0.897661
10	6680	1.31238
10	6681	1.01553
10	6682	0.447227
10	6683	1.53162
10	6684	1.53198
10	6685	0.875457
10	6686	0.939871
10	6687	1.37437
10	6688	0.961717
10	6689	1.01418
10	6690	0.610981
10	6691	0.960706
10	6692	1.41036
10	6693	1.31195
10	6694	0.960763
10	6695	1.6247
10	6696	0.965952
10	6697	0.936045
10	6698	0.509761
10	6699	2.21874
10	6700	1.04534
10	6701	0.938608
10	6702	1.39432
10	6703	1.07212
10	6704	1.17205
10	6705	1.29922
10	6706	1.75388
10	6707	1.24653
10	6708	0.597088
10	6709	0.488012
10	6710	1.33049
10	6711	0.753205
10	6712	0.778426
10	6713	0.898049
10	6714	1.19979
10	6715	0.8535
10	6716	0.54639
10	6717	1.02952
10	6718	0.481719
10	6719	1.22987
10	6720	0.824856
10	6721	0.937281
10	6722	0.743156
10	6723	1.08259
10	6724	1.42652
10	6725	0.782628
10	6726	0.559193
10	6727	0.638449
10	6728	1.04205
10	6729	0.658093
10	6730	0.68323
10	6731	1.1887
10	6732	1.24979
10	6733	0.708067
10	6734	1.6902
10	6735	1.25734
10	6736	0.883407
10	6737	1.03809
10	6738	0.700368
10	6739	0.955519
10	6740	0.883923
10	6741	1.32499
10	6742	0.53304
10	6743	0.794398
10	6744	0.622353
10	6745	0.827448
10	6746	0.898692
10	6747	0.790091
10	6748	1.85336
10	6749	0.741664
10	6750	1.36656
10	6751	1.26939
10	6752	1.25879
10	6753	0.856183
10	6754	1.4127
10	6755	1.23362
10	6756	0.722516
10	6757	0.982134
10	6758	1.21557
10	6759	0.705319
10	6760	0.906946
10	6761	0.875158
10	6762	0.786153
10	6763	0.518154
10	6764	0.936127
10	6765	0.842185
10	6766	0.959696
10	6767	0.99136
10	6768	0.321321
10	6769	1.08765
10	6770	0.578848
10	6771	0.51581
10	6772	0.56695
10	6773	1.68254
10	6774	1.02425
10	6775	1.00753
10	6776	1.32329
10	6777	0.658395
10	6778	1.17391
10	6779	0.764768
10	6780	0.779106
10	6781	1.1695
10	6782	0.632561
10	6783	0.967499
10	6784	0.798348
10	6785	0.500497
10	6786	1.33456
10	6787	0.896625
10	6788	1.98887
10	6789	0.836605
10	6790	1.06647
10	6791	1.22716
10	6792	0.916564
10	6793	0.568196
10	6794	1.35104
10	6795	0.938425
10	6796	0.877051
10	6797	0.720561
10	6798	1.28755
10	6799	1.76417
10	6800	1.22903
10	6801	0.851474
10	6802	1.41082
10	6803	1.37651
10	6804	1.16824
10	6805	0.65676
10	6806	1.73096
10	6807	1.17227
10	6808	1.1073
10	6809	0.659057
10	6810	1.77448
10	6811	1.27206
10	6812	2.08495
10	6813	1.32225
10	6814	0.851068
10	6815	0.50705
10	6816	0.782449
10	6817	0.701887
10	6818	0.702419
10	6819	1.52998
10	6820	0.91392
10	6821	1.25893
10	6822	0.588268
10	6823	1.06957
10	6824	1.49478
10	6825	1.10673
10	6826	1.443
10	6827	1.16455
10	6828	0.4948
10	6829	0.69728
10	6830	1.04141
10	6831	1.23688
10	6832	0.732854
10	6833	0.621973
10	6834	1.1442
10	6835	0.573052
10	6836	1.35511
10	6837	1.0854
10	6838	0.52463
10	6839	0.503394
10	6840	1.17245
10	6841	1.425
10	6842	0.980846
10	6843	0.977992
10	6844	0.744152
10	6845	1.55499
10	6846	0.862023
10	6847	1.27953
10	6848	0.984594
10	6849	0.859373
10	6850	0.914459
10	6851	0.7113
10	6852	1.24036
10	6853	0.734188
10	6854	1.0893
10	6855	0.594497
10	6856	0.824934
10	6857	1.16379
10	6858	0.713771
10	6859	0.923867
10	6860	0.823534
10	6861	0.61983
10	6862	0.820589
10	6863	1.36282
10	6864	1.39656
10	6865	1.04384
10	6866	0.716432
10	6867	1.17974
10	6868	0.50823
10	6869	1.25862
10	6870	1.23549
10	6871	1.09399
10	6872	1.30009
10	6873	1.04539
10	6874	0.7509
10	6875	0.983558
10	6876	0.807084
10	6877	1.28804
10	6878	0.860104
10	6879	1.40977
10	6880	0.70243
10	6881	0.735977
10	6882	0.904988
10	6883	1.15866
10	6884	1.84871
10	6885	1.60602
10	6886	0.863218
10	6887	0.511722
10	6888	0.54221
10	6889	0.953002
10	6890	0.86262
10	6891	1.47434
10	6892	0.978335
10	6893	1.06388
10	6894	1.44174
10	6895	1.04098
10	6896	1.0278
10	6897	1.15557
10	6898	0.956256
10	6899	1.0026
10	6900	0.483539
10	6901	1.00424
10	6902	1.17121
10	6903	0.792002
10	6904	0.681232
10	6905	1.1405
10	6906	0.689281
10	6907	1.29234
10	6908	0.697097
10	6909	0.924883
10	6910	1.05189
10	6911	0.477349
10	6912	0.517968
10	6913	1.04043
10	6914	0.871956
10	6915	1.53169
10	6916	0.546675
10	6917	0.976937
10	6918	0.459096
10	6919	0.485276
10	6920	0.683362
10	6921	1.06032
10	6922	0.496116
10	6923	0.816885
10	6924	0.934774
10	6925	1.2591
10	6926	0.92606
10	6927	0.86194
10	6928	1.38736
10	6929	1.19834
10	6930	1.04584
10	6931	0.606599
10	6932	0.869109
10	6933	0.621125
10	6934	0.985197
10	6935	0.62114
10	6936	1.27767
10	6937	0.840935
10	6938	1.3008
10	6939	0.775804
10	6940	0.94586
10	6941	1.31869
10	6942	1.62259
10	6943	0.616574
10	6944	0.755828
10	6945	0.601502
10	6946	1.00445
10	6947	1.1898
10	6948	0.756793
10	6949	0.770005
10	6950	1.10566
10	6951	1.16733
10	6952	0.298205
10	6953	1.22665
10	6954	1.54931
10	6955	1.45721
10	6956	1.24374
10	6957	0.948358
10	6958	0.628355
10	6959	0.792399
10	6960	1.00285
10	6961	1.03179
10	6962	1.41383
10	6963	0.848172
10	6964	0.498943
10	6965	0.829239
10	6966	1.29683
10	6967	0.762352
10	6968	0.883307
10	6969	0.977416
10	6970	0.779155
10	6971	1.36756
10	6972	1.21249
10	6973	0.742056
10	6974	0.731043
10	6975	0.871325
10	6976	0.631425
10	6977	1.24231
10	6978	1.4207
10	6979	1.67953
10	6980	1.69394
10	6981	1.40683
10	6982	0.66445
10	6983	0.980762
10	6984	1.37084
10	6985	1.75565
10	6986	0.774326
10	6987	1.495
10	6988	0.631836
10	6989	1.10102
10	6990	1.05224
10	6991	0.753008
10	6992	0.968489
10	6993	2.10104
10	6994	1.75952
10	6995	0.983452
10	6996	1.35103
10	6997	1.13677
10	6998	1.14192
10	6999	0.935252
10	7000	0.80715
10	7001	0.642452
10	7002	0.646256
10	7003	1.26905
10	7004	0.745537
10	7005	0.738632
10	7006	0.566126
10	7007	1.21019
10	7008	0.846426
10	7009	0.762857
10	7010	1.12669
10	7011	0.796344
10	7012	0.842518
10	7013	0.830659
10	7014	0.673187
10	7015	1.14243
10	7016	0.78477
10	7017	1.89593
10	7018	0.996423
10	7019	0.827463
10	7020	0.41828
10	7021	0.782318
10	7022	0.695292
10	7023	0.454924
10	7024	1.61093
10	7025	0.258821
10	7026	0.836375
10	7027	0.602255
10	7028	1.19425
10	7029	1.3211
10	7030	0.722885
10	7031	1.11699
10	7032	1.02439
10	7033	0.682913
10	7034	0.978807
10	7035	0.660039
10	7036	1.4195
10	7037	1.23169
10	7038	1.09526
10	7039	1.06628
10	7040	0.931179
10	7041	0.648389
10	7042	1.3004
10	7043	0.92533
10	7044	0.683046
10	7045	0.906051
10	7046	0.63484
10	7047	0.489995
10	7048	0.878255
10	7049	0.776446
10	7050	0.707876
10	7051	0.900561
10	7052	0.658952
10	7053	1.17618
10	7054	1.31206
10	7055	0.796672
10	7056	1.0706
10	7057	0.742743
10	7058	1.03208
10	7059	0.83704
10	7060	0.824057
10	7061	0.65034
10	7062	0.680552
10	7063	1.89516
10	7064	1.24503
10	7065	1.24232
10	7066	1.16342
10	7067	1.15525
10	7068	0.670989
10	7069	0.562443
10	7070	0.683895
10	7071	1.07316
10	7072	0.563033
10	7073	1.03789
10	7074	1.58826
10	7075	1.14256
10	7076	1.64059
10	7077	0.823253
10	7078	0.874618
10	7079	0.931931
10	7080	0.71784
10	7081	0.933016
10	7082	0.917407
10	7083	0.797291
10	7084	1.04245
10	7085	0.878028
10	7086	1.27161
10	7087	1.27413
10	7088	1.24255
10	7089	1.47276
10	7090	1.08062
10	7091	1.12611
10	7092	0.771046
10	7093	1.03906
10	7094	0.590424
10	7095	0.377336
10	7096	0.972619
10	7097	0.848263
10	7098	0.881301
10	7099	0.820651
10	7100	1.28933
10	7101	0.694679
10	7102	0.882627
10	7103	1.00434
10	7104	0.887939
10	7105	1.15467
10	7106	0.823518
10	7107	1.9423
10	7108	1.03321
10	7109	0.75123
10	7110	0.78214
10	7111	1.16199
10	7112	1.43964
10	7113	1.09233
10	7114	0.972633
10	7115	1.29118
10	7116	1.27634
10	7117	0.807561
10	7118	0.659116
10	7119	0.671319
10	7120	0.51589
10	7121	0.886509
10	7122	1.16373
10	7123	1.86943
10	7124	0.836458
10	7125	0.787291
10	7126	0.892399
10	7127	0.743043
10	7128	1.5332
10	7129	1.53708
10	7130	0.882284
10	7131	1.97482
10	7132	1.26862
10	7133	0.912499
10	7134	1.3524
10	7135	0.823722
10	7136	0.893398
10	7137	0.885682
10	7138	0.460941
10	7139	1.02992
10	7140	0.6802
10	7141	2.16656
10	7142	0.795823
10	7143	0.673016
10	7144	0.89154
10	7145	1.07828
10	7146	1.09473
10	7147	1.39344
10	7148	0.869138
10	7149	0.526604
10	7150	1.20127
10	7151	0.761524
10	7152	0.634364
10	7153	0.609812
10	7154	1.12177
10	7155	1.16734
10	7156	0.812106
10	7157	0.639816
10	7158	1.4624
10	7159	0.765473
10	7160	1.33398
10	7161	0.645404
10	7162	0.922008
10	7163	1.33735
10	7164	0.981232
10	7165	0.915947
10	7166	0.880861
10	7167	0.362277
10	7168	0.890763
10	7169	1.10976
10	7170	0.841559
10	7171	1.0828
10	7172	0.709434
10	7173	1.17511
10	7174	1.05012
10	7175	0.911983
10	7176	0.940297
10	7177	1.49181
10	7178	0.754564
10	7179	1.27376
10	7180	0.876387
10	7181	1.10793
10	7182	0.756078
10	7183	0.973781
10	7184	0.959144
10	7185	1.25778
10	7186	1.13217
10	7187	0.921626
10	7188	0.865861
10	7189	1.20573
10	7190	0.82931
10	7191	0.95365
10	7192	0.876055
10	7193	0.829328
10	7194	0.661397
10	7195	1.12409
10	7196	1.15996
10	7197	0.645185
10	7198	0.800061
10	7199	1.2532
10	7200	0.960256
10	7201	1.06196
10	7202	0.999156
10	7203	1.19061
10	7204	0.603653
10	7205	0.268651
10	7206	0.683175
10	7207	1.3505
10	7208	0.603314
10	7209	1.16954
10	7210	0.906296
10	7211	0.858633
10	7212	0.639196
10	7213	0.813501
10	7214	0.572591
10	7215	1.22813
10	7216	1.38494
10	7217	0.862227
10	7218	0.822891
10	7219	0.736883
10	7220	1.30455
10	7221	0.375354
10	7222	0.492184
10	7223	0.521914
10	7224	0.893763
10	7225	0.670897
10	7226	0.262024
10	7227	1.54626
10	7228	1.21064
10	7229	0.996088
10	7230	0.707592
10	7231	0.664833
10	7232	1.29918
10	7233	1.05532
10	7234	1.13918
10	7235	1.23938
10	7236	1.26831
10	7237	1.04912
10	7238	0.795905
10	7239	1.90359
10	7240	0.986091
10	7241	1.14325
10	7242	1.28375
10	7243	0.727214
10	7244	1.56177
10	7245	1.10409
10	7246	0.577483
10	7247	0.705732
10	7248	0.760775
10	7249	1.09235
10	7250	1.03376
10	7251	0.76977
10	7252	1.13182
10	7253	1.06359
10	7254	0.981275
10	7255	0.833597
10	7256	1.66678
10	7257	1.23772
10	7258	0.578329
10	7259	1.36586
10	7260	0.875678
10	7261	1.153
10	7262	0.684219
10	7263	0.795234
10	7264	0.987053
10	7265	0.666874
10	7266	0.506371
10	7267	0.777732
10	7268	1.42322
10	7269	0.625221
10	7270	0.976619
10	7271	0.703175
10	7272	1.27923
10	7273	0.738262
10	7274	1.00424
10	7275	1.83535
10	7276	1.29857
10	7277	0.846685
10	7278	0.950884
10	7279	1.00971
10	7280	0.72795
10	7281	1.12633
10	7282	1.13783
10	7283	0.634148
10	7284	1.17974
10	7285	0.786695
10	7286	0.682852
10	7287	0.941857
10	7288	1.143
10	7289	0.720585
10	7290	1.22866
10	7291	0.947961
10	7292	0.717149
10	7293	0.856242
10	7294	0.856767
10	7295	1.03817
10	7296	0.944867
10	7297	1.00501
10	7298	1.18469
10	7299	0.762287
10	7300	0.949362
10	7301	1.08091
10	7302	1.24533
10	7303	1.34544
10	7304	1.12473
10	7305	0.931888
10	7306	0.892624
10	7307	0.898478
10	7308	1.39545
10	7309	0.408065
10	7310	0.614128
10	7311	1.16282
10	7312	0.952381
10	7313	0.909329
10	7314	0.99729
10	7315	1.33421
10	7316	1.81907
10	7317	0.852636
10	7318	0.87282
10	7319	1.226
10	7320	0.643332
10	7321	1.16563
10	7322	1.31774
10	7323	0.579678
10	7324	1.13934
10	7325	0.930924
10	7326	0.791288
10	7327	1.31934
10	7328	1.55611
10	7329	0.854163
10	7330	1.20888
10	7331	1.06198
10	7332	0.862529
10	7333	0.804739
10	7334	0.566277
10	7335	0.866987
10	7336	1.17991
10	7337	1.16619
10	7338	1.19234
10	7339	0.928345
10	7340	0.898011
10	7341	0.890083
10	7342	1.03437
10	7343	0.973055
10	7344	1.41511
10	7345	0.755757
10	7346	1.47758
10	7347	0.645655
10	7348	1.07509
10	7349	0.629675
10	7350	0.783089
10	7351	0.8576
10	7352	0.930509
10	7353	0.98079
10	7354	1.01624
10	7355	0.910556
10	7356	1.4693
10	7357	1.01889
10	7358	0.913512
10	7359	0.707687
10	7360	0.668334
10	7361	1.38835
10	7362	0.566572
10	7363	1.90549
10	7364	0.75419
10	7365	1.14865
10	7366	1.02173
10	7367	1.41155
10	7368	1.23634
10	7369	1.23386
10	7370	0.781107
10	7371	0.676747
10	7372	0.96189
10	7373	0.962532
10	7374	1.25415
10	7375	1.32199
10	7376	0.792737
10	7377	0.906102
10	7378	1.08817
10	7379	0.737807
10	7380	1.09923
10	7381	1.51979
10	7382	0.668048
10	7383	1.19698
10	7384	1.02987
10	7385	0.659449
10	7386	0.401992
10	7387	1.23503
10	7388	0.853928
10	7389	0.722514
10	7390	0.831913
10	7391	0.937748
10	7392	1.09103
10	7393	1.65982
10	7394	0.36086
10	7395	1.12224
10	7396	0.935682
10	7397	0.819295
10	7398	0.819974
10	7399	0.819419
10	7400	1.3172
10	7401	0.67339
10	7402	1.30961
10	7403	1.07064
10	7404	1.07704
10	7405	1.13088
10	7406	0.518817
10	7407	1.17481
10	7408	1.3448
10	7409	0.679134
10	7410	0.96476
10	7411	0.789394
10	7412	0.649561
10	7413	1.42332
10	7414	0.532806
10	7415	1.48517
10	7416	0.643818
10	7417	0.855389
10	7418	1.0137
10	7419	0.938659
10	7420	1.39864
10	7421	0.732336
10	7422	1.56111
10	7423	0.932528
10	7424	1.13179
10	7425	1.75699
10	7426	1.01935
10	7427	0.744504
10	7428	0.737363
10	7429	0.572938
10	7430	0.601044
10	7431	1.38622
10	7432	0.710676
10	7433	1.03921
10	7434	0.626901
10	7435	0.978757
10	7436	1.17161
10	7437	1.17968
10	7438	0.942256
10	7439	1.11593
10	7440	1.3366
10	7441	1.18582
10	7442	0.907858
10	7443	1.45781
10	7444	0.526122
10	7445	0.713882
10	7446	1.4941
10	7447	0.953063
10	7448	1.51069
10	7449	0.564611
10	7450	0.644086
10	7451	1.23827
10	7452	0.613011
10	7453	1.33947
10	7454	1.43284
10	7455	0.891141
10	7456	1.08145
10	7457	0.871166
10	7458	0.457267
10	7459	0.746191
10	7460	0.587533
10	7461	0.809115
10	7462	0.654762
10	7463	0.588397
10	7464	0.407699
10	7465	0.911103
10	7466	1.60965
10	7467	0.822491
10	7468	0.985352
10	7469	1.00133
10	7470	1.12127
10	7471	0.573802
10	7472	1.13929
10	7473	0.981623
10	7474	1.04963
10	7475	0.8382
10	7476	0.555068
10	7477	0.85659
10	7478	1.2734
10	7479	0.811098
10	7480	0.680382
10	7481	0.665786
10	7482	0.65661
10	7483	0.903355
10	7484	1.0287
10	7485	0.961629
10	7486	0.950991
10	7487	1.37881
10	7488	0.686804
10	7489	0.480126
10	7490	1.37366
10	7491	0.544868
10	7492	0.470106
10	7493	1.00025
10	7494	1.26948
10	7495	0.649934
10	7496	1.03415
10	7497	0.651462
10	7498	1.0831
10	7499	0.803165
10	7500	1.53775
10	7501	2.33585
10	7502	0.936519
10	7503	0.419527
10	7504	0.696068
10	7505	0.960662
10	7506	1.59804
10	7507	1.17972
10	7508	1.25491
10	7509	1.18506
10	7510	0.717515
10	7511	1.46928
10	7512	0.345442
10	7513	0.878158
10	7514	0.642315
10	7515	0.619063
10	7516	1.12779
10	7517	1.31448
10	7518	0.56213
10	7519	0.905024
10	7520	0.687677
10	7521	0.799949
10	7522	1.50445
10	7523	0.600562
10	7524	0.340212
10	7525	1.18095
10	7526	1.03426
10	7527	0.732005
10	7528	1.34234
10	7529	0.855989
10	7530	1.49966
10	7531	1.3836
10	7532	1.34159
10	7533	1.282
10	7534	1.23127
10	7535	1.2259
10	7536	1.09285
10	7537	1.76788
10	7538	1.06226
10	7539	0.757146
10	7540	0.742439
10	7541	0.916338
10	7542	1.11485
10	7543	0.581287
10	7544	0.940252
10	7545	1.05703
10	7546	0.772752
10	7547	0.745258
10	7548	0.813919
10	7549	1.30123
10	7550	0.994321
10	7551	1.16043
10	7552	0.709962
10	7553	1.65007
10	7554	0.513889
10	7555	0.372582
10	7556	1.30389
10	7557	0.890049
10	7558	0.670421
10	7559	0.732551
10	7560	1.34092
10	7561	0.676848
10	7562	1.10053
10	7563	1.02246
10	7564	1.45598
10	7565	1.37309
10	7566	0.567612
10	7567	1.30468
10	7568	0.951806
10	7569	0.874914
10	7570	0.86683
10	7571	0.521355
10	7572	0.630051
10	7573	1.39642
10	7574	1.01673
10	7575	0.977007
10	7576	0.514169
10	7577	1.22472
10	7578	0.976342
10	7579	1.02536
10	7580	0.914083
10	7581	0.641066
10	7582	0.610218
10	7583	1.44281
10	7584	0.72804
10	7585	1.09024
10	7586	0.655505
10	7587	1.0246
10	7588	0.776774
10	7589	1.4611
10	7590	1.23846
10	7591	0.66023
10	7592	0.816668
10	7593	0.809107
10	7594	1.31226
10	7595	1.08795
10	7596	1.39953
10	7597	1.50517
10	7598	1.14358
10	7599	0.646761
10	7600	1.15054
10	7601	0.702128
10	7602	1.11928
10	7603	2.27881
10	7604	0.620741
10	7605	0.90347
10	7606	0.97801
10	7607	0.842765
10	7608	1.08353
10	7609	1.13971
10	7610	1.38457
10	7611	1.1514
10	7612	0.806084
10	7613	0.984529
10	7614	1.37011
10	7615	0.920498
10	7616	1.82656
10	7617	1.49592
10	7618	1.30639
10	7619	0.693979
10	7620	0.642677
10	7621	1.07144
10	7622	0.874112
10	7623	1.10676
10	7624	1.15483
10	7625	1.00186
10	7626	0.967325
10	7627	0.934734
10	7628	1.31085
10	7629	1.75485
10	7630	1.04231
10	7631	0.807505
10	7632	1.05923
10	7633	0.697565
10	7634	1.03784
10	7635	1.32177
10	7636	0.865373
10	7637	0.878387
10	7638	0.776815
10	7639	0.978513
10	7640	1.10384
10	7641	0.866162
10	7642	1.0076
10	7643	1.03554
10	7644	1.50745
10	7645	0.809065
10	7646	1.02671
10	7647	0.629483
10	7648	1.34546
10	7649	1.38987
10	7650	0.669646
10	7651	0.774665
10	7652	1.39967
10	7653	0.887702
10	7654	0.905807
10	7655	1.03092
10	7656	1.50393
10	7657	1.27858
10	7658	0.703065
10	7659	0.91674
10	7660	1.09458
10	7661	0.841472
10	7662	0.987342
10	7663	0.43921
10	7664	1.03889
10	7665	0.668771
10	7666	1.34433
10	7667	0.863182
10	7668	1.24872
10	7669	0.680964
10	7670	0.663659
10	7671	0.930904
10	7672	1.15615
10	7673	0.857566
10	7674	0.515238
10	7675	1.46971
10	7676	1.30641
10	7677	0.807117
10	7678	0.758278
10	7679	0.604596
10	7680	1.50113
10	7681	0.338178
10	7682	1.03689
10	7683	0.973641
10	7684	1.7316
10	7685	1.13186
10	7686	0.842173
10	7687	1.16871
10	7688	1.10548
10	7689	0.789
10	7690	1.16064
10	7691	0.797489
10	7692	1.41168
10	7693	0.521608
10	7694	0.731672
10	7695	0.720477
10	7696	1.02394
10	7697	0.68376
10	7698	1.12236
10	7699	1.57654
10	7700	0.519674
10	7701	0.696388
10	7702	0.944846
10	7703	1.10113
10	7704	0.76307
10	7705	0.839925
10	7706	1.46458
10	7707	0.988362
10	7708	0.937171
10	7709	1.28324
10	7710	0.730717
10	7711	1.02524
10	7712	1.08827
10	7713	0.953436
10	7714	1.52991
10	7715	1.20723
10	7716	1.30919
10	7717	1.20853
10	7718	0.603477
10	7719	0.682136
10	7720	1.03491
10	7721	1.31902
10	7722	1.35945
10	7723	0.683347
10	7724	1.00295
10	7725	0.989163
10	7726	1.08
10	7727	1.03417
10	7728	1.34297
10	7729	1.10196
10	7730	0.848739
10	7731	0.626749
10	7732	0.891866
10	7733	0.626163
10	7734	1.0848
10	7735	0.950356
10	7736	1.29996
10	7737	1.21872
10	7738	1.01423
10	7739	1.29757
10	7740	1.05619
10	7741	0.65553
10	7742	0.826902
10	7743	1.47672
10	7744	0.702013
10	7745	0.922604
10	7746	1.22185
10	7747	1.58206
10	7748	0.672966
10	7749	0.819257
10	7750	0.910825
10	7751	1.13954
10	7752	1.11912
10	7753	1.09944
10	7754	0.571986
10	7755	1.14059
10	7756	0.95062
10	7757	0.69623
10	7758	0.58354
10	7759	0.700644
10	7760	0.688824
10	7761	1.08698
10	7762	1.10269
10	7763	1.55297
10	7764	0.808333
10	7765	1.20505
10	7766	1.26279
10	7767	1.72647
10	7768	0.62572
10	7769	1.78748
10	7770	0.583685
10	7771	0.606219
10	7772	0.854431
10	7773	0.831278
10	7774	1.26356
10	7775	0.659343
10	7776	1.82008
10	7777	0.993388
10	7778	0.967294
10	7779	0.868382
10	7780	1.87905
10	7781	0.790985
10	7782	0.449235
10	7783	1.02835
10	7784	1.2297
10	7785	1.11981
10	7786	0.633523
10	7787	0.628334
10	7788	0.850029
10	7789	0.899791
10	7790	1.10777
10	7791	0.925628
10	7792	0.909746
10	7793	1.38177
10	7794	0.849442
10	7795	0.511194
10	7796	0.930023
10	7797	0.932394
10	7798	1.17057
10	7799	1.18723
10	7800	0.613835
10	7801	1.2389
10	7802	0.610864
10	7803	1.2312
10	7804	0.984192
10	7805	1.50474
10	7806	0.760785
10	7807	0.82374
10	7808	1.11197
10	7809	1.09173
10	7810	1.04301
10	7811	1.00214
10	7812	1.20879
10	7813	0.864165
10	7814	0.893701
10	7815	0.689122
10	7816	0.889307
10	7817	0.7833
10	7818	0.567862
10	7819	0.908654
10	7820	1.61855
10	7821	0.829433
10	7822	1.01377
10	7823	1.43072
10	7824	0.540213
10	7825	1.37304
10	7826	0.717739
10	7827	1.03053
10	7828	0.318676
10	7829	0.941022
10	7830	0.840059
10	7831	0.60763
10	7832	0.469847
10	7833	0.689385
10	7834	1.01537
10	7835	1.21845
10	7836	1.13756
10	7837	1.21149
10	7838	0.581651
10	7839	0.669053
10	7840	0.912014
10	7841	1.9011
10	7842	0.531153
10	7843	0.748261
10	7844	0.906989
10	7845	0.786076
10	7846	1.42921
10	7847	1.07096
10	7848	1.38032
10	7849	1.16952
10	7850	1.07667
10	7851	0.836372
10	7852	1.06145
10	7853	1.37048
10	7854	1.43624
10	7855	1.11741
10	7856	1.17681
10	7857	0.943358
10	7858	1.16178
10	7859	1.43976
10	7860	0.97703
10	7861	1.18295
10	7862	0.876999
10	7863	0.917804
10	7864	0.901854
10	7865	1.24948
10	7866	0.770846
10	7867	1.07198
10	7868	0.966738
10	7869	0.799274
10	7870	1.06145
10	7871	1.23759
10	7872	0.894322
10	7873	1.04097
10	7874	0.50748
10	7875	1.76051
10	7876	1.48638
10	7877	1.09395
10	7878	1.6599
10	7879	0.787335
10	7880	1.11938
10	7881	0.503366
10	7882	1.69848
10	7883	0.792235
10	7884	0.955335
10	7885	2.179
10	7886	1.10284
10	7887	1.3409
10	7888	0.840148
10	7889	0.663726
10	7890	0.868027
10	7891	0.779502
10	7892	1.16833
10	7893	1.33081
10	7894	0.535539
10	7895	0.854345
10	7896	1.25997
10	7897	1.75557
10	7898	0.789439
10	7899	0.744583
10	7900	0.865623
10	7901	1.11856
10	7902	1.19168
10	7903	0.862761
10	7904	0.919155
10	7905	1.11566
10	7906	1.132
10	7907	0.739811
10	7908	1.14513
10	7909	0.775776
10	7910	0.857178
10	7911	1.18213
10	7912	0.865254
10	7913	0.842396
10	7914	0.766174
10	7915	0.96699
10	7916	1.10939
10	7917	0.679765
10	7918	0.967525
10	7919	0.608814
10	7920	0.645617
10	7921	0.874107
10	7922	1.06918
10	7923	1.10644
10	7924	1.00262
10	7925	1.25483
10	7926	0.931626
10	7927	0.627206
10	7928	0.854376
10	7929	1.13174
10	7930	0.745078
10	7931	0.855211
10	7932	0.753701
10	7933	1.19589
10	7934	0.743658
10	7935	1.07857
10	7936	0.992145
10	7937	0.823448
10	7938	1.03285
10	7939	1.05199
10	7940	0.931061
10	7941	1.14648
10	7942	1.12942
10	7943	1.90726
10	7944	0.564451
10	7945	0.927395
10	7946	1.09334
10	7947	0.767668
10	7948	0.608969
10	7949	1.28676
10	7950	0.64191
10	7951	1.00921
10	7952	1.18312
10	7953	0.690079
10	7954	1.0077
10	7955	0.699438
10	7956	0.953268
10	7957	1.04159
10	7958	0.847137
10	7959	0.865316
10	7960	0.704921
10	7961	0.94175
10	7962	0.484116
10	7963	1.11994
10	7964	1.02955
10	7965	1.1959
10	7966	0.992791
10	7967	1.74121
10	7968	1.53114
10	7969	1.23106
10	7970	0.785075
10	7971	0.927646
10	7972	0.495815
10	7973	0.752525
10	7974	0.754256
10	7975	1.49268
10	7976	0.790495
10	7977	1.62142
10	7978	0.78745
10	7979	0.904166
10	7980	1.0625
10	7981	1.22191
10	7982	1.92359
10	7983	0.75229
10	7984	0.791814
10	7985	1.11289
10	7986	0.954502
10	7987	0.867607
10	7988	0.865792
10	7989	0.995758
10	7990	0.976378
10	7991	1.17311
10	7992	0.917478
10	7993	0.999943
10	7994	0.770286
10	7995	1.14172
10	7996	0.873599
10	7997	0.793623
10	7998	1.54372
10	7999	2.3485
10	8000	0.776414
10	8001	1.51457
10	8002	0.711285
10	8003	1.10343
10	8004	0.802302
10	8005	0.722034
10	8006	0.60282
10	8007	1.30075
10	8008	0.97086
10	8009	1.33536
10	8010	1.60259
10	8011	1.32485
10	8012	1.31292
10	8013	0.965613
10	8014	1.01827
10	8015	1.20538
10	8016	1.14397
10	8017	0.574429
10	8018	1.02707
10	8019	0.746145
10	8020	0.759384
10	8021	0.663251
10	8022	1.20124
10	8023	1.43184
10	8024	0.713731
10	8025	1.12594
10	8026	0.760039
10	8027	0.558139
10	8028	1.14643
10	8029	0.607443
10	8030	1.44114
10	8031	1.24424
10	8032	1.57094
10	8033	1.1873
10	8034	0.883093
10	8035	0.77473
10	8036	1.48085
10	8037	1.32489
10	8038	0.851158
10	8039	0.781755
10	8040	1.72387
10	8041	1.02051
10	8042	0.909349
10	8043	0.709707
10	8044	1.00505
10	8045	1.0957
10	8046	0.924892
10	8047	0.280031
10	8048	1.1574
10	8049	0.617516
10	8050	0.934127
10	8051	0.57374
10	8052	0.937877
10	8053	1.22734
10	8054	0.793993
10	8055	1.11527
10	8056	1.41314
10	8057	1.27687
10	8058	0.752159
10	8059	1.01165
10	8060	0.975029
10	8061	1.24523
10	8062	0.841304
10	8063	1.16668
10	8064	0.878955
10	8065	1.11598
10	8066	1.19368
10	8067	0.767535
10	8068	0.922185
10	8069	0.7485
10	8070	0.666561
10	8071	0.928291
10	8072	1.29326
10	8073	0.668948
10	8074	0.914359
10	8075	1.19501
10	8076	1.12871
10	8077	0.835127
10	8078	1.32971
10	8079	1.11215
10	8080	0.839286
10	8081	0.810538
10	8082	1.02175
10	8083	0.841817
10	8084	1.02956
10	8085	1.68522
10	8086	1.2197
10	8087	1.3813
10	8088	1.43155
10	8089	1.78889
10	8090	1.28914
10	8091	1.2956
10	8092	1.0363
10	8093	1.14918
10	8094	0.839849
10	8095	1.03421
10	8096	0.668493
10	8097	0.913341
10	8098	0.68999
10	8099	1.11927
10	8100	1.09918
10	8101	0.898276
10	8102	1.08246
10	8103	0.742466
10	8104	0.711495
10	8105	0.867396
10	8106	1.35123
10	8107	0.775568
10	8108	1.04022
10	8109	0.871201
10	8110	1.35755
10	8111	0.822575
10	8112	1.50278
10	8113	0.975655
10	8114	0.980608
10	8115	1.05408
10	8116	1.36223
10	8117	0.951794
10	8118	0.739161
10	8119	0.625571
10	8120	1.12117
10	8121	1.50851
10	8122	2.29028
10	8123	0.842958
10	8124	0.896709
10	8125	0.64974
10	8126	0.956197
10	8127	1.24833
10	8128	1.09465
10	8129	1.35994
10	8130	0.61673
10	8131	1.36537
10	8132	1.36495
10	8133	1.28629
10	8134	0.396514
10	8135	1.30487
10	8136	1.02485
10	8137	0.981371
10	8138	0.846622
10	8139	0.344624
10	8140	1.07618
10	8141	0.938006
10	8142	1.25696
10	8143	0.786945
10	8144	1.13498
10	8145	0.65339
10	8146	0.392471
10	8147	0.62704
10	8148	1.86485
10	8149	1.34291
10	8150	1.06061
10	8151	0.780488
10	8152	1.12873
10	8153	1.1016
10	8154	1.24569
10	8155	1.09642
10	8156	0.566718
10	8157	0.458584
10	8158	0.930992
10	8159	0.561039
10	8160	0.674899
10	8161	1.31802
10	8162	1.32196
10	8163	0.884637
10	8164	1.12711
10	8165	1.45432
10	8166	0.821783
10	8167	0.871159
10	8168	0.912984
10	8169	0.825532
10	8170	1.01604
10	8171	0.786664
10	8172	0.681148
10	8173	0.706036
10	8174	1.27323
10	8175	0.822452
10	8176	1.13635
10	8177	1.75821
10	8178	1.65822
10	8179	0.766264
10	8180	0.763758
10	8181	0.923424
10	8182	1.67168
10	8183	0.978729
10	8184	0.66622
10	8185	0.945335
10	8186	0.711498
10	8187	0.603307
10	8188	1.2255
10	8189	0.872601
10	8190	0.935684
10	8191	0.325909
10	8192	1.13415
10	8193	0.688994
10	8194	1.25788
10	8195	1.23236
10	8196	1.20043
10	8197	1.43154
10	8198	1.24858
10	8199	2.06016
10	8200	0.901247
10	8201	1.26653
10	8202	0.55285
10	8203	0.934149
10	8204	0.78319
10	8205	1.18426
10	8206	0.739131
10	8207	1.31296
10	8208	1.04288
10	8209	0.722944
10	8210	2.25583
10	8211	1.38518
10	8212	0.672937
10	8213	0.981206
10	8214	1.54808
10	8215	0.846765
10	8216	1.25101
10	8217	0.881739
10	8218	1.35123
10	8219	0.944417
10	8220	0.431484
10	8221	0.947763
10	8222	0.51855
10	8223	0.646907
10	8224	1.88499
10	8225	0.907863
10	8226	1.02725
10	8227	0.893075
10	8228	1.32184
10	8229	1.24704
10	8230	1.36276
10	8231	0.876018
10	8232	1.03206
10	8233	0.755979
10	8234	1.03061
10	8235	1.4638
10	8236	0.84514
10	8237	0.665515
10	8238	1.4289
10	8239	1.13268
10	8240	0.481073
10	8241	1.27432
10	8242	1.13465
10	8243	0.956508
10	8244	0.860556
10	8245	0.989857
10	8246	0.536111
10	8247	0.975972
10	8248	0.510089
10	8249	1.87663
10	8250	0.599053
10	8251	0.787854
10	8252	1.15975
10	8253	0.839971
10	8254	1.10696
10	8255	1.06576
10	8256	1.0435
10	8257	0.836823
10	8258	0.963868
10	8259	0.798945
10	8260	1.19301
10	8261	0.75172
10	8262	1.12904
10	8263	1.46312
10	8264	1.02789
10	8265	1.20679
10	8266	1.05657
10	8267	0.49944
10	8268	1.44384
10	8269	0.831571
10	8270	0.84994
10	8271	1.22104
10	8272	0.616187
10	8273	1.05113
10	8274	0.337385
10	8275	0.825814
10	8276	0.801759
10	8277	0.965918
10	8278	0.504348
10	8279	0.573759
10	8280	1.35506
10	8281	0.908375
10	8282	1.37629
10	8283	1.3317
10	8284	0.780181
10	8285	1.13356
10	8286	0.836494
10	8287	1.16002
10	8288	0.808879
10	8289	0.916028
10	8290	0.641334
10	8291	0.714042
10	8292	1.19681
10	8293	0.902959
10	8294	0.640212
10	8295	1.18759
10	8296	0.80652
10	8297	0.839943
10	8298	0.938427
10	8299	0.500421
10	8300	0.780502
10	8301	1.07785
10	8302	1.05557
10	8303	0.981013
10	8304	1.24119
10	8305	1.06621
10	8306	1.12492
10	8307	1.59167
10	8308	1.38155
10	8309	0.892143
10	8310	1.08488
10	8311	0.501363
10	8312	0.592893
10	8313	0.871833
10	8314	0.85265
10	8315	0.836883
10	8316	0.886298
10	8317	0.796439
10	8318	0.692368
10	8319	0.630334
10	8320	0.968987
10	8321	0.667253
10	8322	1.79371
10	8323	1.11772
10	8324	0.543041
10	8325	1.06773
10	8326	1.07888
10	8327	1.16385
10	8328	1.0904
10	8329	1.38178
10	8330	0.752695
10	8331	1.20328
10	8332	1.07348
10	8333	0.520398
10	8334	1.28273
10	8335	0.719601
10	8336	0.78624
10	8337	0.862288
10	8338	0.811413
10	8339	0.946287
10	8340	0.928881
10	8341	0.889816
10	8342	0.673894
10	8343	1.15727
10	8344	0.842242
10	8345	1.73842
10	8346	1.17037
10	8347	1.25123
10	8348	0.943152
10	8349	0.93943
10	8350	1.07078
10	8351	0.923715
10	8352	1.08034
10	8353	1.35182
10	8354	1.37138
10	8355	0.830188
10	8356	0.965071
10	8357	0.747613
10	8358	0.992362
10	8359	1.10486
10	8360	1.13027
10	8361	1.09741
10	8362	1.43054
10	8363	1.44767
10	8364	1.04401
10	8365	1.18164
10	8366	1.06558
10	8367	1.01716
10	8368	0.931344
10	8369	0.626093
10	8370	1.30671
10	8371	0.859909
10	8372	0.896628
10	8373	1.41655
10	8374	1.12968
10	8375	0.591581
10	8376	0.875489
10	8377	1.05011
10	8378	0.927988
10	8379	1.60294
10	8380	0.87396
10	8381	1.38669
10	8382	1.0147
10	8383	0.880185
10	8384	0.751779
10	8385	0.802399
10	8386	0.485584
10	8387	1.0748
10	8388	1.14013
10	8389	0.916816
10	8390	1.72468
10	8391	1.17826
10	8392	0.784083
10	8393	1.09275
10	8394	1.36331
10	8395	1.53218
10	8396	1.18714
10	8397	0.57043
10	8398	1.27302
10	8399	1.20665
10	8400	0.463978
10	8401	0.466633
10	8402	1.18361
10	8403	0.718177
10	8404	0.604556
10	8405	0.83341
10	8406	1.15681
10	8407	1.13183
10	8408	0.976734
10	8409	0.926237
10	8410	0.628992
10	8411	1.32535
10	8412	1.44992
10	8413	1.09997
10	8414	1.49339
10	8415	1.24117
10	8416	1.26378
10	8417	0.778881
10	8418	1.05033
10	8419	0.920769
10	8420	1.74698
10	8421	0.461759
10	8422	1.18989
10	8423	1.21712
10	8424	1.3163
10	8425	1.07597
10	8426	0.967241
10	8427	0.814879
10	8428	0.997665
10	8429	0.338708
10	8430	0.670687
10	8431	0.923883
10	8432	1.19586
10	8433	0.640044
10	8434	0.845538
10	8435	0.721509
10	8436	1.08321
10	8437	0.829574
10	8438	0.925207
10	8439	0.767314
10	8440	0.951136
10	8441	0.940893
10	8442	0.701079
10	8443	1.05497
10	8444	0.83743
10	8445	1.12489
10	8446	1.05787
10	8447	1.33839
10	8448	0.909369
10	8449	0.483956
10	8450	1.31705
10	8451	0.657978
10	8452	0.761273
10	8453	1.64505
10	8454	1.24682
10	8455	0.930753
10	8456	0.962808
10	8457	0.819907
10	8458	1.76224
10	8459	1.43388
10	8460	1.40761
10	8461	1.29253
10	8462	1.34606
10	8463	0.983427
10	8464	1.05036
10	8465	1.51158
10	8466	1.15146
10	8467	1.10545
10	8468	1.15253
10	8469	0.857483
10	8470	1.18535
10	8471	1.86217
10	8472	0.749284
10	8473	0.745756
10	8474	0.735974
10	8475	1.04014
10	8476	0.714576
10	8477	1.00684
10	8478	0.911108
10	8479	1.05103
10	8480	0.682822
10	8481	1.3239
10	8482	0.504189
10	8483	0.603393
10	8484	0.506764
10	8485	1.11403
10	8486	0.662165
10	8487	0.784771
10	8488	1.00977
10	8489	1.51202
10	8490	1.47615
10	8491	0.720352
10	8492	1.52507
10	8493	0.693336
10	8494	0.97769
10	8495	1.17066
10	8496	0.993396
10	8497	1.49311
10	8498	0.904929
10	8499	1.50287
10	8500	0.953621
10	8501	1.25273
10	8502	0.938806
10	8503	0.85148
10	8504	0.938078
10	8505	0.687618
10	8506	1.04306
10	8507	0.945485
10	8508	0.79422
10	8509	0.629112
10	8510	1.41191
10	8511	0.700798
10	8512	0.894304
10	8513	0.566583
10	8514	1.27006
10	8515	1.07424
10	8516	0.625375
10	8517	1.59529
10	8518	0.899484
10	8519	0.931856
10	8520	1.50064
10	8521	0.704697
10	8522	0.932197
10	8523	0.698993
10	8524	1.10939
10	8525	0.756573
10	8526	1.40106
10	8527	0.527738
10	8528	1.16647
10	8529	1.18067
10	8530	0.491661
10	8531	0.646564
10	8532	1.42967
10	8533	1.00106
10	8534	0.925194
10	8535	0.777006
10	8536	0.871539
10	8537	0.319946
10	8538	1.62851
10	8539	0.730618
10	8540	0.925748
10	8541	1.38366
10	8542	0.906078
10	8543	0.745105
10	8544	1.16847
10	8545	0.635572
10	8546	0.943683
10	8547	0.805108
10	8548	0.454074
10	8549	1.16582
10	8550	1.30426
10	8551	1.42344
10	8552	1.10978
10	8553	0.813731
10	8554	1.13311
10	8555	1.01508
10	8556	0.8668
10	8557	0.84106
10	8558	1.05176
10	8559	1.00788
10	8560	1.15007
10	8561	1.47838
10	8562	0.880001
10	8563	1.45085
10	8564	0.977696
10	8565	1.16577
10	8566	1.31137
10	8567	1.24862
10	8568	0.820134
10	8569	0.754831
10	8570	0.693949
10	8571	1.12398
10	8572	1.33598
10	8573	1.11722
10	8574	0.809728
10	8575	0.81873
10	8576	1.02907
10	8577	0.585904
10	8578	1.07341
10	8579	0.777143
10	8580	0.989836
10	8581	1.00561
10	8582	0.812491
10	8583	0.931733
10	8584	0.672554
10	8585	1.33311
10	8586	0.607698
10	8587	1.20038
10	8588	1.26983
10	8589	1.16728
10	8590	1.16152
10	8591	1.53931
10	8592	0.652896
10	8593	0.970723
10	8594	1.19042
10	8595	0.750985
10	8596	0.955446
10	8597	1.40162
10	8598	0.450408
10	8599	1.21327
10	8600	1.29471
10	8601	1.40127
10	8602	0.762167
10	8603	0.678177
10	8604	1.12189
10	8605	1.10542
10	8606	1.03002
10	8607	0.892118
10	8608	0.713317
10	8609	1.1198
10	8610	0.543468
10	8611	0.646913
10	8612	0.408097
10	8613	0.702407
10	8614	1.0935
10	8615	0.503416
10	8616	0.726385
10	8617	0.418009
10	8618	1.22765
10	8619	0.954718
10	8620	0.670018
10	8621	0.969594
10	8622	0.552959
10	8623	1.1181
10	8624	0.990682
10	8625	1.26862
10	8626	0.997284
10	8627	0.706705
10	8628	1.12078
10	8629	1.01941
10	8630	0.884024
10	8631	0.906092
10	8632	0.839409
10	8633	1.7008
10	8634	0.597668
10	8635	1.0887
10	8636	0.87572
10	8637	1.10354
10	8638	0.468605
10	8639	1.09926
10	8640	0.842008
10	8641	0.613003
10	8642	1.05461
10	8643	1.07893
10	8644	0.750716
10	8645	0.366108
10	8646	1.19005
10	8647	1.2018
10	8648	0.919801
10	8649	1.00669
10	8650	0.508302
10	8651	0.748574
10	8652	0.632268
10	8653	0.60084
10	8654	0.965674
10	8655	1.05047
10	8656	1.06485
10	8657	1.21392
10	8658	0.739278
10	8659	0.620596
10	8660	0.871503
10	8661	1.22345
10	8662	0.948344
10	8663	0.411731
10	8664	0.645271
10	8665	1.10696
10	8666	1.03816
10	8667	0.802877
10	8668	1.90121
10	8669	0.608703
10	8670	0.954681
10	8671	1.57711
10	8672	0.722265
10	8673	1.04173
10	8674	1.0927
10	8675	1.32585
10	8676	0.970655
10	8677	0.954393
10	8678	1.00767
10	8679	1.00928
10	8680	1.17673
10	8681	1.18543
10	8682	1.08105
10	8683	1.62143
10	8684	1.04072
10	8685	1.53229
10	8686	0.763653
10	8687	1.53311
10	8688	0.990635
10	8689	0.822535
10	8690	0.906214
10	8691	0.812848
10	8692	1.5955
10	8693	1.32599
10	8694	0.94875
10	8695	0.965066
10	8696	1.20235
10	8697	0.721182
10	8698	1.22598
10	8699	1.12887
10	8700	0.882681
10	8701	0.760956
10	8702	1.21169
10	8703	0.989092
10	8704	0.91787
10	8705	1.0649
10	8706	1.55487
10	8707	1.06867
10	8708	1.56608
10	8709	1.16764
10	8710	1.07705
10	8711	1.13445
10	8712	1.88349
10	8713	0.589156
10	8714	0.88771
10	8715	0.891118
10	8716	0.945403
10	8717	1.06806
10	8718	1.48663
10	8719	1.07951
10	8720	1.18007
10	8721	1.13982
10	8722	1.20681
10	8723	0.866943
10	8724	1.45216
10	8725	0.74477
10	8726	0.963046
10	8727	0.724907
10	8728	1.09813
10	8729	1.21613
10	8730	0.606631
10	8731	0.951868
10	8732	1.02907
10	8733	0.622297
10	8734	1.69302
10	8735	0.877545
10	8736	0.94504
10	8737	1.25395
10	8738	0.58849
10	8739	0.626127
10	8740	1.13076
10	8741	0.777116
10	8742	1.02816
10	8743	1.39221
10	8744	0.451573
10	8745	0.720149
10	8746	1.17519
10	8747	1.09703
10	8748	1.59161
10	8749	1.17275
10	8750	0.930877
10	8751	1.1403
10	8752	1.75178
10	8753	1.14157
10	8754	1.7127
10	8755	0.612593
10	8756	0.522374
10	8757	0.801269
10	8758	0.766827
10	8759	0.903345
10	8760	1.3547
10	8761	0.703609
10	8762	1.0834
10	8763	0.994903
10	8764	1.05528
10	8765	0.743755
10	8766	1.20274
10	8767	0.935504
10	8768	1.39922
10	8769	0.834453
10	8770	1.49899
10	8771	0.793234
10	8772	1.03249
10	8773	1.74304
10	8774	1.19175
10	8775	0.993068
10	8776	0.830827
10	8777	0.941483
10	8778	1.15621
10	8779	0.657005
10	8780	1.30338
10	8781	0.908864
10	8782	0.961645
10	8783	1.04472
10	8784	1.30039
10	8785	1.08258
10	8786	1.58703
10	8787	0.90123
10	8788	0.857725
10	8789	1.13687
10	8790	0.682994
10	8791	0.749012
10	8792	0.760993
10	8793	1.17885
10	8794	0.699408
10	8795	1.16725
10	8796	0.69714
10	8797	0.738642
10	8798	0.803338
10	8799	0.745461
10	8800	0.725844
10	8801	0.71123
10	8802	1.06882
10	8803	1.31319
10	8804	0.829793
10	8805	1.13366
10	8806	0.587877
10	8807	1.04598
10	8808	1.33426
10	8809	0.567853
10	8810	0.963005
10	8811	1.37787
10	8812	0.644519
10	8813	0.874567
10	8814	1.35263
10	8815	1.05714
10	8816	1.31259
10	8817	0.896127
10	8818	1.07701
10	8819	1.25515
10	8820	0.515571
10	8821	0.875252
10	8822	0.590495
10	8823	0.918924
10	8824	1.19995
10	8825	1.33359
10	8826	0.811783
10	8827	1.25011
10	8828	1.40696
10	8829	1.1646
10	8830	0.947403
10	8831	0.726586
10	8832	0.907811
10	8833	1.49497
10	8834	1.02425
10	8835	1.77534
10	8836	0.701323
10	8837	1.82187
10	8838	1.01166
10	8839	1.49526
10	8840	0.944482
10	8841	1.14061
10	8842	0.77018
10	8843	1.1517
10	8844	0.790949
10	8845	0.787416
10	8846	1.22322
10	8847	0.632733
10	8848	1.06659
10	8849	1.04231
10	8850	1.19126
10	8851	1.45215
10	8852	0.935272
10	8853	0.439313
10	8854	1.35794
10	8855	0.756438
10	8856	0.591748
10	8857	0.988308
10	8858	0.653119
10	8859	1.06297
10	8860	0.802718
10	8861	1.50764
10	8862	1.05828
10	8863	0.896236
10	8864	0.908951
10	8865	1.25074
10	8866	0.827977
10	8867	0.539755
10	8868	1.31491
10	8869	1.74805
10	8870	1.38861
10	8871	0.798849
10	8872	0.527311
10	8873	0.737963
10	8874	0.872376
10	8875	1.20299
10	8876	0.923624
10	8877	1.11813
10	8878	0.576721
10	8879	1.11493
10	8880	0.785352
10	8881	1.20345
10	8882	0.802637
10	8883	1.1515
10	8884	0.906336
10	8885	1.46647
10	8886	1.1379
10	8887	1.17246
10	8888	0.840977
10	8889	1.16532
10	8890	0.820874
10	8891	1.29374
10	8892	1.7785
10	8893	0.871779
10	8894	0.818671
10	8895	0.936768
10	8896	1.18908
10	8897	1.14023
10	8898	1.04309
10	8899	1.31475
10	8900	0.963992
10	8901	0.924384
10	8902	0.765191
10	8903	1.09638
10	8904	0.799425
10	8905	0.794542
10	8906	0.955787
10	8907	0.74776
10	8908	0.944246
10	8909	0.579458
10	8910	1.09702
10	8911	0.942744
10	8912	0.951266
10	8913	0.972299
10	8914	1.08667
10	8915	1.31009
10	8916	1.03547
10	8917	0.937865
10	8918	1.03965
10	8919	0.546731
10	8920	0.765923
10	8921	1.59379
10	8922	1.22636
10	8923	1.4548
10	8924	1.35262
10	8925	0.637373
10	8926	0.89735
10	8927	0.943918
10	8928	1.32523
10	8929	0.928652
10	8930	1.01613
10	8931	1.30745
10	8932	0.832917
10	8933	0.739537
10	8934	1.26263
10	8935	0.630879
10	8936	0.929562
10	8937	1.47713
10	8938	1.20719
10	8939	1.26899
10	8940	1.80075
10	8941	1.11872
10	8942	0.875181
10	8943	1.02255
10	8944	0.52725
10	8945	0.843362
10	8946	0.472031
10	8947	1.07107
10	8948	0.95894
10	8949	0.772288
10	8950	0.775312
10	8951	1.24044
10	8952	1.00156
10	8953	1.23291
10	8954	1.0632
10	8955	0.890021
10	8956	1.61663
10	8957	1.28292
10	8958	0.976996
10	8959	1.53497
10	8960	0.779232
10	8961	0.769501
10	8962	1.77105
10	8963	0.580548
10	8964	1.3731
10	8965	1.08229
10	8966	0.941554
10	8967	0.583771
10	8968	0.459276
10	8969	0.785173
10	8970	0.972238
10	8971	1.32332
10	8972	1.00748
10	8973	1.107
10	8974	1.4396
10	8975	0.879579
10	8976	1.22258
10	8977	1.50257
10	8978	0.430832
10	8979	0.846899
10	8980	1.26795
10	8981	1.24663
10	8982	0.390914
10	8983	0.509805
10	8984	1.03852
10	8985	0.710712
10	8986	0.895866
10	8987	0.711828
10	8988	0.872645
10	8989	0.89667
10	8990	1.55553
10	8991	1.0703
10	8992	0.946747
10	8993	0.977654
10	8994	0.583354
10	8995	1.41142
10	8996	0.748848
10	8997	0.878105
10	8998	1.08678
10	8999	1.15161
10	9000	0.584804
10	9001	1.1648
10	9002	1.01827
10	9003	1.36878
10	9004	0.491334
10	9005	1.18693
10	9006	1.04963
10	9007	0.818126
10	9008	0.506082
10	9009	0.569568
10	9010	1.18689
10	9011	1.10295
10	9012	0.968386
10	9013	1.67415
10	9014	0.980488
10	9015	0.897217
10	9016	1.05054
10	9017	0.885363
10	9018	0.705762
10	9019	0.709713
10	9020	2.201
10	9021	1.04929
10	9022	1.52312
10	9023	0.943708
10	9024	0.719457
10	9025	0.898957
10	9026	1.06243
10	9027	0.927488
10	9028	0.810333
10	9029	0.930512
10	9030	1.95046
10	9031	0.640436
10	9032	1.10847
10	9033	1.17095
10	9034	0.838176
10	9035	1.17244
10	9036	0.444883
10	9037	1.42561
10	9038	0.619299
10	9039	0.777667
10	9040	0.837344
10	9041	0.776085
10	9042	1.23186
10	9043	1.35468
10	9044	1.34947
10	9045	0.789798
10	9046	0.93245
10	9047	1.66886
10	9048	1.10298
10	9049	1.01922
10	9050	0.778239
10	9051	0.889875
10	9052	0.993647
10	9053	0.808727
10	9054	0.793858
10	9055	1.26023
10	9056	1.07835
10	9057	0.764606
10	9058	0.838182
10	9059	1.30143
10	9060	0.804056
10	9061	0.873038
10	9062	0.613074
10	9063	1.60484
10	9064	1.00176
10	9065	0.621575
10	9066	1.12503
10	9067	0.990068
10	9068	2.1314
10	9069	0.541817
10	9070	0.749019
10	9071	0.775869
10	9072	1.1042
10	9073	0.981664
10	9074	0.800191
10	9075	0.867358
10	9076	1.33279
10	9077	0.645413
10	9078	1.18688
10	9079	0.756059
10	9080	1.36652
10	9081	0.605853
10	9082	1.46764
10	9083	0.78052
10	9084	1.04839
10	9085	0.951877
10	9086	1.06049
10	9087	1.08488
10	9088	0.698952
10	9089	0.861848
10	9090	0.923815
10	9091	0.79754
10	9092	1.1355
10	9093	0.83119
10	9094	0.39772
10	9095	1.20651
10	9096	1.18906
10	9097	0.869851
10	9098	0.821
10	9099	0.642121
10	9100	0.910416
10	9101	0.957087
10	9102	0.92188
10	9103	0.701032
10	9104	1.05366
10	9105	0.561542
10	9106	1.77515
10	9107	0.816085
10	9108	1.22046
10	9109	0.555564
10	9110	1.20566
10	9111	1.25761
10	9112	1.1157
10	9113	0.610254
10	9114	1.08548
10	9115	0.655596
10	9116	1.1844
10	9117	1.31361
10	9118	0.987775
10	9119	1.08253
10	9120	0.681561
10	9121	1.31053
10	9122	1.21012
10	9123	1.48282
10	9124	1.18014
10	9125	0.620701
10	9126	1.02439
10	9127	1.0682
10	9128	0.870853
10	9129	0.804338
10	9130	1.13081
10	9131	1.15946
10	9132	1.07102
10	9133	0.821279
10	9134	0.848081
10	9135	0.735808
10	9136	1.33881
10	9137	0.67299
10	9138	1.09548
10	9139	1.43215
10	9140	0.601651
10	9141	0.653195
10	9142	0.998774
10	9143	1.58078
10	9144	0.760502
10	9145	0.682696
10	9146	1.23646
10	9147	0.51941
10	9148	1.07451
10	9149	1.16119
10	9150	0.876818
10	9151	0.664669
10	9152	0.958712
10	9153	0.827861
10	9154	0.553898
10	9155	0.772422
10	9156	1.13848
10	9157	0.80569
10	9158	0.720562
10	9159	0.994264
10	9160	1.11677
10	9161	0.585236
10	9162	1.60788
10	9163	1.4671
10	9164	1.23385
10	9165	1.04507
10	9166	0.770877
10	9167	0.681076
10	9168	0.993295
10	9169	1.77681
10	9170	0.595854
10	9171	0.73336
10	9172	1.99587
10	9173	0.944424
10	9174	1.0207
10	9175	1.13522
10	9176	0.5902
10	9177	1.27837
10	9178	0.924974
10	9179	0.854071
10	9180	1.18544
10	9181	0.692828
10	9182	0.66433
10	9183	1.10236
10	9184	0.567963
10	9185	2.08985
10	9186	0.915865
10	9187	1.18139
10	9188	0.846679
10	9189	0.924402
10	9190	0.769871
10	9191	1.03039
10	9192	1.03895
10	9193	0.918973
10	9194	0.775176
10	9195	0.903687
10	9196	0.729603
10	9197	1.45862
10	9198	0.43301
10	9199	0.604788
10	9200	0.809657
10	9201	1.55527
10	9202	0.755144
10	9203	0.551743
10	9204	0.890462
10	9205	0.736162
10	9206	0.650022
10	9207	0.542144
10	9208	1.93255
10	9209	0.514244
10	9210	1.40415
10	9211	0.842928
10	9212	0.667483
10	9213	1.01892
10	9214	1.01487
10	9215	1.04184
10	9216	0.861422
10	9217	1.16408
10	9218	1.83617
10	9219	1.08854
10	9220	0.697557
10	9221	0.696712
10	9222	1.03764
10	9223	0.855442
10	9224	1.00189
10	9225	0.836683
10	9226	0.774819
10	9227	1.47124
10	9228	0.759713
10	9229	1.51084
10	9230	0.613602
10	9231	0.916146
10	9232	1.67097
10	9233	0.772957
10	9234	1.10899
10	9235	1.51424
10	9236	0.624217
10	9237	2.00804
10	9238	0.633789
10	9239	0.347377
10	9240	0.897585
10	9241	0.732875
10	9242	1.05653
10	9243	1.00486
10	9244	1.12779
10	9245	1.00092
10	9246	1.61814
10	9247	1.2614
10	9248	0.664666
10	9249	0.957239
10	9250	0.82219
10	9251	1.11713
10	9252	1.29424
10	9253	1.09192
10	9254	0.860003
10	9255	0.699776
10	9256	0.992752
10	9257	0.824962
10	9258	1.19489
10	9259	1.35985
10	9260	0.768714
10	9261	0.658613
10	9262	1.1306
10	9263	0.435394
10	9264	0.881593
10	9265	0.953908
10	9266	0.677
10	9267	1.10037
10	9268	1.10365
10	9269	1.17882
10	9270	1.29291
10	9271	0.661171
10	9272	1.24874
10	9273	1.21985
10	9274	1.23417
10	9275	0.950233
10	9276	1.441
10	9277	1.11231
10	9278	0.661453
10	9279	0.812299
10	9280	0.986029
10	9281	0.71644
10	9282	0.710833
10	9283	0.993952
10	9284	1.10041
10	9285	0.847736
10	9286	1.54827
10	9287	0.857944
10	9288	0.758121
10	9289	1.01993
10	9290	1.31182
10	9291	1.01891
10	9292	1.2126
10	9293	1.16854
10	9294	0.515852
10	9295	0.895994
10	9296	0.885593
10	9297	1.13108
10	9298	0.528028
10	9299	1.15028
10	9300	0.741023
10	9301	1.3657
10	9302	0.948604
10	9303	0.816385
10	9304	0.727089
10	9305	0.812943
10	9306	1.4006
10	9307	1.12404
10	9308	0.948702
10	9309	0.75558
10	9310	1.26512
10	9311	0.774243
10	9312	1.53654
10	9313	1.35692
10	9314	1.29838
10	9315	1.41928
10	9316	0.676231
10	9317	1.75933
10	9318	0.722851
10	9319	1.3481
10	9320	0.926256
10	9321	0.81537
10	9322	0.565556
10	9323	1.01947
10	9324	0.827033
10	9325	1.03089
10	9326	0.939627
10	9327	1.62268
10	9328	1.24365
10	9329	0.728884
10	9330	1.47315
10	9331	0.862227
10	9332	1.5471
10	9333	0.868797
10	9334	1.38897
10	9335	1.25965
10	9336	1.91277
10	9337	2.12234
10	9338	1.68487
10	9339	1.13047
10	9340	1.04523
10	9341	0.659419
10	9342	1.30559
10	9343	1.47088
10	9344	0.883432
10	9345	1.12905
10	9346	0.585428
10	9347	1.33625
10	9348	0.764211
10	9349	1.02691
10	9350	0.925054
10	9351	0.842323
10	9352	1.05771
10	9353	0.999024
10	9354	0.71297
10	9355	0.761157
10	9356	0.985294
10	9357	0.834224
10	9358	0.835079
10	9359	1.14067
10	9360	0.899201
10	9361	1.16183
10	9362	0.675612
10	9363	1.25646
10	9364	1.03635
10	9365	1.43734
10	9366	0.975243
10	9367	0.910009
10	9368	0.887755
10	9369	1.43926
10	9370	0.657192
10	9371	1.39616
10	9372	0.728333
10	9373	0.900958
10	9374	1.37944
10	9375	1.11652
10	9376	0.64094
10	9377	0.693584
10	9378	1.03959
10	9379	1.09762
10	9380	0.668797
10	9381	0.91797
10	9382	0.364482
10	9383	1.46329
10	9384	0.746206
10	9385	1.13294
10	9386	2.38811
10	9387	1.78339
10	9388	1.3197
10	9389	0.733603
10	9390	0.658354
10	9391	0.594989
10	9392	1.44777
10	9393	1.67332
10	9394	0.682254
10	9395	0.666888
10	9396	1.42628
10	9397	1.58473
10	9398	1.00719
10	9399	1.79398
10	9400	1.01242
10	9401	1.58163
10	9402	1.04842
10	9403	0.609133
10	9404	0.580752
10	9405	0.584862
10	9406	1.25988
10	9407	1.56303
10	9408	0.947515
10	9409	0.580694
10	9410	1.62263
10	9411	0.87211
10	9412	0.748467
10	9413	0.859351
10	9414	0.791091
10	9415	1.1376
10	9416	1.48006
10	9417	1.0793
10	9418	0.71609
10	9419	1.22899
10	9420	1.09512
10	9421	0.781947
10	9422	0.72617
10	9423	0.501183
10	9424	0.910876
10	9425	0.68445
10	9426	1.08626
10	9427	0.792958
10	9428	1.65586
10	9429	0.988159
10	9430	1.11853
10	9431	0.734301
10	9432	0.909273
10	9433	1.21518
10	9434	1.12121
10	9435	0.971653
10	9436	0.979548
10	9437	0.957552
10	9438	0.844037
10	9439	0.693611
10	9440	1.05677
10	9441	0.632611
10	9442	1.08568
10	9443	0.807746
10	9444	0.73423
10	9445	1.06866
10	9446	1.27891
10	9447	0.924152
10	9448	1.44979
10	9449	0.700522
10	9450	0.684525
10	9451	0.959381
10	9452	1.27529
10	9453	0.724071
10	9454	1.38684
10	9455	1.23789
10	9456	0.725653
10	9457	0.91463
10	9458	1.74874
10	9459	0.805183
10	9460	1.00747
10	9461	0.522332
10	9462	0.869183
10	9463	0.675246
10	9464	0.79309
10	9465	0.935149
10	9466	0.888548
10	9467	0.921296
10	9468	0.80521
10	9469	1.63001
10	9470	1.44196
10	9471	0.669669
10	9472	0.922996
10	9473	1.27475
10	9474	0.612657
10	9475	0.80867
10	9476	0.986462
10	9477	1.26093
10	9478	1.10184
10	9479	0.795824
10	9480	0.786842
10	9481	1.18428
10	9482	0.874964
10	9483	0.724986
10	9484	0.817309
10	9485	0.908452
10	9486	1.5852
10	9487	0.899021
10	9488	0.645453
10	9489	1.01821
10	9490	1.10315
10	9491	0.876977
10	9492	1.00125
10	9493	1.05222
10	9494	1.0793
10	9495	1.07308
10	9496	1.40929
10	9497	0.892846
10	9498	0.88275
10	9499	0.858901
10	9500	1.01581
10	9501	0.733096
10	9502	0.758809
10	9503	1.07722
10	9504	0.593814
10	9505	0.505066
10	9506	0.498608
10	9507	1.11844
10	9508	0.88714
10	9509	1.05558
10	9510	0.984146
10	9511	1.04539
10	9512	1.33429
10	9513	0.781424
10	9514	1.00506
10	9515	1.07346
10	9516	1.00651
10	9517	1.14277
10	9518	1.53551
10	9519	1.40502
10	9520	0.452376
10	9521	0.596897
10	9522	0.819948
10	9523	1.33914
10	9524	1.70341
10	9525	0.968502
10	9526	1.04433
10	9527	0.747249
10	9528	0.829231
10	9529	1.1483
10	9530	1.12201
10	9531	0.852608
10	9532	1.2433
10	9533	1.02242
10	9534	1.41322
10	9535	1.10594
10	9536	0.642774
10	9537	1.44878
10	9538	0.678501
10	9539	0.436993
10	9540	1.03935
10	9541	0.859705
10	9542	1.00606
10	9543	0.831518
10	9544	1.2043
10	9545	0.850552
10	9546	1.09667
10	9547	1.65347
10	9548	0.986266
10	9549	1.13777
10	9550	1.07474
10	9551	0.523356
10	9552	0.842556
10	9553	1.09688
10	9554	1.32801
10	9555	0.898842
10	9556	1.02035
10	9557	1.1719
10	9558	0.692956
10	9559	0.906078
10	9560	0.743169
10	9561	0.937285
10	9562	0.771403
10	9563	1.44135
10	9564	1.09043
10	9565	0.883614
10	9566	0.991285
10	9567	1.15082
10	9568	0.664387
10	9569	0.891069
10	9570	1.65565
10	9571	1.2656
10	9572	0.758485
10	9573	0.857877
10	9574	1.16262
10	9575	0.947778
10	9576	0.947261
10	9577	0.665483
10	9578	1.0949
10	9579	1.41441
10	9580	1.19065
10	9581	0.973866
10	9582	0.565843
10	9583	1.44772
10	9584	1.02888
10	9585	0.647423
10	9586	1.2463
10	9587	0.803642
10	9588	0.742172
10	9589	1.13562
10	9590	0.884216
10	9591	0.712872
10	9592	0.976496
10	9593	1.47136
10	9594	0.408621
10	9595	0.827234
10	9596	0.737961
10	9597	0.681341
10	9598	0.576255
10	9599	1.50139
10	9600	0.939569
10	9601	0.53865
10	9602	1.68979
10	9603	1.71747
10	9604	0.624893
10	9605	1.02944
10	9606	0.801051
10	9607	1.2557
10	9608	0.980676
10	9609	0.974897
10	9610	0.616856
10	9611	1.1225
10	9612	0.825197
10	9613	0.997112
10	9614	0.60745
10	9615	0.699546
10	9616	0.826257
10	9617	0.855861
10	9618	0.848745
10	9619	1.25046
10	9620	0.794111
10	9621	0.731612
10	9622	0.922175
10	9623	0.882919
10	9624	0.96893
10	9625	1.26048
10	9626	0.649088
10	9627	1.3322
10	9628	1.0019
10	9629	0.679074
10	9630	1.38615
10	9631	1.27495
10	9632	1.15869
10	9633	1.46782
10	9634	1.32472
10	9635	1.06796
10	9636	0.594046
10	9637	1.08382
10	9638	0.861521
10	9639	1.0292
10	9640	1.18181
10	9641	0.996134
10	9642	1.21679
10	9643	0.878984
10	9644	0.454636
10	9645	1.02593
10	9646	1.01558
10	9647	0.780169
10	9648	0.773435
10	9649	0.733805
10	9650	1.04616
10	9651	0.922719
10	9652	1.14402
10	9653	0.556558
10	9654	0.953899
10	9655	1.25877
10	9656	0.827632
10	9657	1.10008
10	9658	1.57461
10	9659	0.865201
10	9660	0.588682
10	9661	0.692001
10	9662	1.03825
10	9663	0.947915
10	9664	0.756702
10	9665	0.933847
10	9666	0.620908
10	9667	0.680657
10	9668	0.503129
10	9669	1.14182
10	9670	1.04017
10	9671	0.933924
10	9672	1.45515
10	9673	0.937612
10	9674	0.917643
10	9675	1.64723
10	9676	0.930698
10	9677	0.945638
10	9678	0.842329
10	9679	1.30089
10	9680	0.921216
10	9681	0.844352
10	9682	1.11487
10	9683	0.985496
10	9684	0.926729
10	9685	1.80244
10	9686	0.806912
10	9687	1.28258
10	9688	0.910558
10	9689	0.85521
10	9690	0.685438
10	9691	1.20616
10	9692	0.998727
10	9693	1.03747
10	9694	0.676457
10	9695	0.765595
10	9696	1.66379
10	9697	1.56898
10	9698	1.83794
10	9699	1.06584
10	9700	1.17749
10	9701	1.23194
10	9702	1.19549
10	9703	1.3307
10	9704	1.36024
10	9705	0.805685
10	9706	0.972968
10	9707	1.08292
10	9708	0.816712
10	9709	1.20143
10	9710	0.701448
10	9711	1.11945
10	9712	1.17595
10	9713	1.21686
10	9714	0.75901
10	9715	1.8202
10	9716	0.696461
10	9717	1.32149
10	9718	1.10921
10	9719	0.682749
10	9720	1.01458
10	9721	1.1519
10	9722	0.862287
10	9723	1.24203
10	9724	1.34286
10	9725	0.958756
10	9726	1.35269
10	9727	0.923729
10	9728	0.899906
10	9729	1.16857
10	9730	0.543338
10	9731	0.811451
10	9732	2.02274
10	9733	1.26088
10	9734	0.748333
10	9735	0.492205
10	9736	0.916907
10	9737	1.29121
10	9738	1.09917
10	9739	1.42144
10	9740	0.637115
10	9741	1.15509
10	9742	1.14786
10	9743	1.39191
10	9744	1.18329
10	9745	1.44961
10	9746	1.12752
10	9747	1.26921
10	9748	1.50291
10	9749	0.935489
10	9750	0.579121
10	9751	1.78451
10	9752	0.602509
10	9753	1.40206
10	9754	0.868703
10	9755	1.27668
10	9756	0.817597
10	9757	1.17782
10	9758	1.11451
10	9759	0.987105
10	9760	1.34188
10	9761	1.13425
10	9762	1.01772
10	9763	0.867777
10	9764	0.778187
10	9765	1.19101
10	9766	0.544301
10	9767	0.706849
10	9768	1.7564
10	9769	1.52324
10	9770	0.666163
10	9771	0.570738
10	9772	0.999936
10	9773	0.662387
10	9774	0.681778
10	9775	0.58473
10	9776	1.03774
10	9777	0.516979
10	9778	1.09812
10	9779	0.493247
10	9780	1.03583
10	9781	1.24201
10	9782	0.707081
10	9783	1.37977
10	9784	0.846593
10	9785	0.89622
10	9786	0.931429
10	9787	1.60077
10	9788	1.05061
10	9789	1.73951
10	9790	1.07735
10	9791	1.46967
10	9792	0.727661
10	9793	0.881863
10	9794	0.965499
10	9795	1.18726
10	9796	1.0514
10	9797	0.61443
10	9798	0.766972
10	9799	0.789072
10	9800	0.874404
10	9801	0.512857
10	9802	1.17838
10	9803	0.774777
10	9804	0.472836
10	9805	0.688861
10	9806	1.08685
10	9807	0.992646
10	9808	0.887653
10	9809	1.17468
10	9810	1.50654
10	9811	0.691182
10	9812	0.909503
10	9813	1.11851
10	9814	0.687301
10	9815	0.786316
10	9816	1.43784
10	9817	0.878872
10	9818	1.25274
10	9819	0.984621
10	9820	1.17141
10	9821	0.866124
10	9822	1.07882
10	9823	0.903069
10	9824	1.20697
10	9825	0.933175
10	9826	0.848629
10	9827	0.523195
10	9828	0.612143
10	9829	0.643729
10	9830	1.12274
10	9831	1.39161
10	9832	1.50949
10	9833	0.531809
10	9834	0.915439
10	9835	1.44683
10	9836	0.971799
10	9837	1.32589
10	9838	0.891994
10	9839	1.04779
10	9840	0.810843
10	9841	1.05763
10	9842	0.778836
10	9843	0.811884
10	9844	1.2563
10	9845	1.2275
10	9846	0.88953
10	9847	1.18595
10	9848	0.764761
10	9849	0.692775
10	9850	1.16116
10	9851	1.16756
10	9852	0.801426
10	9853	1.39337
10	9854	0.916853
10	9855	1.7747
10	9856	1.09739
10	9857	1.09066
10	9858	0.483942
10	9859	0.828727
10	9860	0.737918
10	9861	1.07901
10	9862	1.47588
10	9863	0.838383
10	9864	0.889599
10	9865	0.613615
10	9866	1.87977
10	9867	0.720894
10	9868	1.39682
10	9869	0.978533
10	9870	1.21666
10	9871	0.905318
10	9872	1.24451
10	9873	1.02515
10	9874	1.33941
10	9875	1.08125
10	9876	0.720445
10	9877	1.16294
10	9878	1.23697
10	9879	1.22618
10	9880	0.948035
10	9881	1.01086
10	9882	1.10855
10	9883	0.957102
10	9884	0.940862
10	9885	0.922842
10	9886	1.74542
10	9887	0.760855
10	9888	0.756616
10	9889	1.21647
10	9890	1.29324
10	9891	1.14379
10	9892	1.14526
10	9893	0.844726
10	9894	0.467538
10	9895	1.17687
10	9896	0.610437
10	9897	0.947001
10	9898	0.954949
10	9899	0.82181
10	9900	0.645676
10	9901	0.927961
10	9902	0.651686
10	9903	0.431287
10	9904	0.587715
10	9905	0.719411
10	9906	0.775888
10	9907	1.01674
10	9908	0.691355
10	9909	1.00942
10	9910	0.574039
10	9911	0.934584
10	9912	1.05554
10	9913	0.968758
10	9914	1.32027
10	9915	1.18892
10	9916	1.44344
10	9917	0.689006
10	9918	0.781297
10	9919	0.688502
10	9920	0.491424
10	9921	1.16415
10	9922	1.35331
10	9923	0.892553
10	9924	0.641415
10	9925	1.08208
10	9926	0.913776
10	9927	0.877513
10	9928	0.505403
10	9929	0.989893
10	9930	1.32447
10	9931	0.9179
10	9932	1.0719
10	9933	1.22668
10	9934	0.839321
10	9935	0.526697
10	9936	0.653884
10	9937	0.870404
10	9938	1.46353
10	9939	0.802341
10	9940	0.804741
10	9941	0.699754
10	9942	1.31986
10	9943	0.532839
10	9944	0.879468
10	9945	0.793403
10	9946	1.53406
10	9947	1.78625
10	9948	0.794642
10	9949	0.84246
10	9950	0.807701
10	9951	1.46149
10	9952	1.08552
10	9953	1.01843
10	9954	0.575735
10	9955	0.873326
10	9956	1.11065
10	9957	0.988793
10	9958	0.79235
10	9959	1.40225
10	9960	1.06261
10	9961	1.23438
10	9962	0.870135
10	9963	0.656151
10	9964	0.965834
10	9965	1.27352
10	9966	0.839627
10	9967	0.857226
10	9968	1.05149
10	9969	1.83806
10	9970	0.69557
10	9971	0.889115
10	9972	1.34782
10	9973	0.851072
10	9974	0.655359
10	9975	1.19534
10	9976	1.06269
10	9977	1.18417
10	9978	0.571503
10	9979	0.592645
10	9980	1.15688
10	9981	1.09695
10	9982	1.45958
10	9983	0.906713
10	9984	0.730447
10	9985	1.00529
10	9986	1.37553
10	9987	0.987639
10	9988	1.31892
10	9989	0.85233
10	9990	1.07553
10	9991	0.905989
10	9992	1.38785
10	9993	1.19231
10	9994	1.36509
10	9995	0.754006
10	9996	0.999126
10	9997	0.700867
10	9998	1.03279
10	9999	1.76844
100	0	1.0246
100	1	1.06469
100	2	1.04279
100	3	0.976015
100	4	1.10606
100	5	0.981961
100	6	1.16001
100	7	0.987107
100	8	1.08848
100	9	0.914999
100	10	0.925986
100	11	0.945982
100	12	0.929878
100	13	0.858078
100	14	0.999067
100	15	1.06499
100	16	1.03638
100	17	1.06104
100	18	0.931105
100	19	0.945334
100	20	1.21396
100	21	0.835337
100	22	0.934226
100	23	0.940562
100	24	1.04824
100	25	1.06622
100	26	0.999301
100	27	1.14111
100	28	0.973101
100	29	1.10416
100	30	0.866919
100	31	1.05347
100	32	0.949744
100	33	0.919963
100	34	1.2868
100	35	1.00348
100	36	0.969305
100	37	0.9936
100	38	0.946736
100	39	1.00685
100	40	0.904475
100	41	1.0901
100	42	1.15218
100	43	1.19035
100	44	1.05993
100	45	0.982188
100	46	0.881195
100	47	1.04045
100	48	0.989375
100	49	0.895034
100	50	0.891378
100	51	1.05465
100	52	1.05325
100	53	1.01455
100	54	0.89028
100	55	0.993354
100	56	1.09952
100	57	0.798026
100	58	1.09733
100	59	1.23232
100	60	0.894123
100	61	1.11149
100	62	1.13303
100	63	0.995106
100	64	0.901264
100	65	0.985378
100	66	0.932994
100	67	0.996785
100	68	0.997752
100	69	1.19615
100	70	1.17116
100	71	1.17005
100	72	1.03145
100	73	1.06201
100	74	1.02139
100	75	1.08875
100	76	0.888055
100	77	1.12687
100	78	1.20935
100	79	0.778374
100	80	0.960227
100	81	1.1074
100	82	0.906345
100	83	0.931467
100	84	0.906599
100	85	0.996935
100	86	0.874259
100	87	1.0175
100	88	1.03206
100	89	0.979906
100	90	1.15055
100	91	0.936085
100	92	0.85088
100	93	1.1042
100	94	0.896369
100	95	0.88041
100	96	1.14385
100	97	0.885612
100	98	0.99236
100	99	0.875036
100	100	1.04226
100	101	1.05198
100	102	1.00212
100	103	0.928159
100	104	1.12708
100	105	1.08769
100	106	1.13928
100	107	0.934885
100	108	0.984947
100	109	1.08921
100	110	0.999697
100	111	1.05585
100	112	1.08807
100	113	1.02154
100	114	1.0748
100	115	0.961334
100	116	0.94559
100	117	0.8342
100	118	1.05333
100	119	0.801792
100	120	1.2523
100	121	1.02117
100	122	0.955313
100	123	0.921312
100	124	1.03025
100	125	0.970563
100	126	0.916936
100	127	0.909825
100	128	1.10613
100	129	0.981504
100	130	1.009
100	131	1.08565
100	132	1.04903
100	133	0.956927
100	134	0.938527
100	135	1.11321
100	136	1.01859
100	137	0.879333
100	138	0.960653
100	139	1.0812
100	140	0.948203
100	141	1.10552
100	142	1.04862
100	143	1.13282
100	144	1.01728
100	145	1.01198
100	146	0.990937
100	147	0.904416
100	148	1.02582
100	149	0.909282
100	150	0.97267
100	151	0.86443
100	152	0.869071
100	153	1.22675
100	154	1.15764
100	155	1.02812
100	156	0.975967
100	157	0.976668
100	158	1.07584
100	159	0.749771
100	160	0.924603
100	161	1.05818
100	162	0.883678
100	163	1.12907
100	164	0.9792
100	165	0.948564
100	166	1.06147
100	167	0.914942
100	168	0.875316
100	169	0.989158
100	170	1.01435
100	171	0.912998
100	172	1.05984
100	173	1.05445
100	174	1.10202
100	175	1.011
100	176	1.08221
100	177	1.01935
100	178	1.04211
100	179	1.04205
100	180	1.12149
100	181	1.01163
100	182	0.917868
100	183	0.992315
100	184	1.11815
100	185	0.914413
100	186	1.05813
100	187	1.04995
100	188	0.999307
100	189	1.03192
100	190	1.03465
100	191	1.07745
100	192	1.01136
100	193	1.01249
100	194	0.940855
100	195	0.971611
100	196	0.95436
100	197	0.889638
100	198	1.07783
100	199	0.932409
100	200	1.08082
100	201	0.985932
100	202	1.09805
100	203	0.871305
100	204	0.993658
100	205	1.10328
100	206	1.03135
100	207	1.22663
100	208	1.07654
100	209	0.876291
100	210	0.980243
100	211	0.795526
100	212	1.11547
100	213	1.07463
100	214	1.05501
100	215	1.06829
100	216	1.09492
100	217	0.921857
100	218	1.01068
100	219	1.08578
100	220	1.00521
100	221	0.854602
100	222	1.01455
100	223	1.19015
100	224	1.08411
100	225	0.989748
100	226	1.05591
100	227	0.903888
100	228	1.02349
100	229	0.998082
100	230	0.998552
100	231	0.932646
100	232	1.029
100	233	1.00662
100	234	0.940561
100	235	0.850486
100	236	0.891764
100	237	0.980109
100	238	1.11617
100	239	1.02143
100	240	1.0486
100	241	0.902489
100	242	0.972326
100	243	1.10436
100	244	1.15919
100	245	0.981199
100	246	0.990712
100	247	0.938321
100	248	1.02092
100	249	0.910453
100	250	1.05989
100	251	1.04556
100	252	0.930445
100	253	0.958326
100	254	0.946191
100	255	1.22541
100	256	0.956125
100	257	1.01986
100	258	0.952971
100	259	1.03583
100	260	0.962482
100	261	0.950898
100	262	1.00094
100	263	0.93804
100	264	0.803572
100	265	1.1225
100	266	1.07164
100	267	1.06534
100	268	0.842779
100	269	1.00321
100	270	1.13198
100	271	1.08155
100	272	0.993844
100	273	1.0186
100	274	0.818549
100	275	0.882894
100	276	1.07375
100	277	1.11313
100	278	0.842494
100	279	0.867991
100	280	0.926814
100	281	0.922454
100	282	0.818058
100	283	0.94073
100	284	1.14342
100	285	1.0327
100	286	0.796478
100	287	1.01363
100	288	0.974841
100	289	1.077
100	290	0.797719
100	291	1.03571
100	292	0.819976
100	293	1.0595
100	294	1.07618
100	295	0.978877
100	296	0.920674
100	297	0.887777
100	298	0.972208
100	299	1.03877
100	300	1.07208
100	301	1.12826
100	302	0.990743
100	303	0.959354
100	304	0.945624
100	305	1.07506
100	306	1.06328
100	307	1.01959
100	308	1.06538
100	309	0.952223
100	310	1.05274
100	311	1.05075
100	312	0.873772
100	313	0.899042
100	314	0.878283
100	315	0.95869
100	316	1.20376
100	317	0.925169
100	318	0.90675
100	319	0.959668
100	320	1.12997
100	321	1.1997
100	322	0.993851
100	323	0.99644
100	324	1.07605
100	325	1.05801
100	326	0.943861
100	327	1.10856
100	328	0.990157
100	329	0.982525
100	330	1.06329
100	331	0.930708
100	332	1.0622
100	333	1.09198
100	334	1.0675
100	335	1.06435
100	336	1.08877
100	337	0.82988
100	338	1.01186
100	339	1.02716
100	340	0.997553
100	341	0.911569
100	342	1.09531
100	343	1.07507
100	344	0.902425
100	345	0.987636
100	346	0.905439
100	347	1.15176
100	348	1.28605
100	349	0.920163
100	350	1.25049
100	351	1.07682
100	352	1.01412
100	353	0.943878
100	354	1.00191
100	355	0.998101
100	356	1.04777
100	357	1.14331
100	358	1.03578
100	359	1.04885
100	360	0.843412
100	361	1.0331
100	362	1.07848
100	363	1.00645
100	364	0.944104
100	365	1.09105
100	366	0.770203
100	367	0.953134
100	368	0.838522
100	369	1.04854
100	370	0.966155
100	371	1.06387
100	372	0.975307
100	373	1.12622
100	374	0.851608
100	375	0.99908
100	376	0.933822
100	377	1.12095
100	378	1.01998
100	379	0.870078
100	380	1.06556
100	381	0.94572
100	382	1.12777
100	383	1.12712
100	384	1.00647
100	385	1.00605
100	386	0.957846
100	387	1.10483
100	388	1.13126
100	389	1.04977
100	390	1.10562
100	391	1.00178
100	392	0.845207
100	393	0.838423
100	394	0.9335
100	395	0.902676
100	396	0.92552
100	397	1.00875
100	398	0.998523
100	399	1.13872
100	400	1.21116
100	401	1.11431
100	402	0.967808
100	403	1.05265
100	404	1.04644
100	405	0.852825
100	406	0.902195
100	407	0.960901
100	408	1.20378
100	409	1.16873
100	410	0.914205
100	411	1.02107
100	412	1.08156
100	413	0.857275
100	414	1.03479
100	415	0.996576
100	416	1.02442
100	417	1.0708
100	418	1.08709
100	419	1.0533
100	420	0.845223
100	421	0.89892
100	422	0.908417
100	423	1.03367
100	424	0.949847
100	425	1.20228
100	426	1.12913
100	427	0.935355
100	428	1.09376
100	429	1.02239
100	430	1.02901
100	431	1.05341
100	432	0.8906
100	433	0.992672
100	434	1.00454
100	435	0.959957
100	436	1.01539
100	437	1.00358
100	438	1.12648
100	439	1.01958
100	440	0.976126
100	441	1.3422
100	442	1.13391
100	443	0.951295
100	444	0.941733
100	445	1.11016
100	446	1.05928
100	447	0.974369
100	448	1.04336
100	449	1.07037
100	450	0.980159
100	451	1.07312
100	452	1.12323
100	453	0.953007
100	454	0.868214
100	455	1.02919
100	456	0.969037
100	457	0.839434
100	458	0.954853
100	459	0.961438
100	460	1.10069
100	461	1.24544
100	462	0.975382
100	463	0.998163
100	464	0.961775
100	465	0.992191
100	466	0.850035
100	467	1.08553
100	468	1.07613
100	469	1.01809
100	470	1.08559
100	471	1.00323
100	472	0.969746
100	473	0.958484
100	474	0.855605
100	475	0.905901
100	476	0.974187
100	477	0.944852
100	478	0.930538
100	479	0.943959
100	480	0.916407
100	481	1.10025
100	482	1.01934
100	483	1.09441
100	484	1.02203
100	485	1.17419
100	486	1.03669
100	487	0.963969
100	488	1.04539
100	489	1.0589
100	490	0.79688
100	491	0.993908
100	492	0.972806
100	493	0.859111
100	494	0.811587
100	495	0.863699
100	496	1.00095
100	497	0.938903
100	498	0.892002
100	499	0.859422
100	500	0.966932
100	501	1.05405
100	502	1.00139
100	503	0.925883
100	504	0.733985
100	505	0.888327
100	506	0.969982
100	507	1.06109
100	508	1.14547
100	509	0.976645
100	510	1.13544
100	511	0.902493
100	512	1.0232
100	513	0.865931
100	514	1.05318
100	515	1.09377
100	516	1.00813
100	517	1.13816
100	518	1.15172
100	519	0.985925
100	520	0.9756
100	521	1.06282
100	522	1.07444
100	523	0.965542
100	524	0.98796
100	525	1.02112
100	526	0.918013
100	527	1.12228
100	528	1.14477
100	529	0.999839
100	530	1.10368
100	531	1.01712
100	532	1.07861
100	533	0.962268
100	534	0.899529
100	535	1.07232
100	536	0.938142
100	537	0.980902
100	538	1.13361
100	539	0.859226
100	540	0.891719
100	541	0.871977
100	542	1.2724
100	543	1.09262
100	544	0.956039
100	545	0.915954
100	546	0.961054
100	547	0.98522
100	548	1.01812
100	549	1.07507
100	550	0.948391
100	551	1.00649
100	552	0.956054
100	553	0.928136
100	554	1.0404
100	555	0.921861
100	556	1.07599
100	557	0.890542
100	558	1.24064
100	559	1.06716
100	560	1.0943
100	561	1.0092
100	562	0.969454
100	563	0.984547
100	564	1.09694
100	565	1.00249
100	566	0.874142
100	567	0.994484
100	568	1.00818
100	569	0.908211
100	570	1.0335
100	571	0.884968
100	572	1.00246
100	573	0.94847
100	574	1.00858
100	575	1.10912
100	576	1.0743
100	577	1.06442
100	578	1.01672
100	579	1.12955
100	580	0.913469
100	581	1.0847
100	582	0.938895
100	583	0.888357
100	584	1.02251
100	585	1.08944
100	586	0.997147
100	587	1.10223
100	588	1.02058
100	589	0.897643
100	590	0.865977
100	591	0.826734
100	592	1.076
100	593	1.14932
100	594	0.936885
100	595	1.06513
100	596	0.971192
100	597	1.06263
100	598	0.911303
100	599	0.949786
100	600	0.902786
100	601	0.974038
100	602	1.14539
100	603	0.958332
100	604	1.01704
100	605	0.925882
100	606	0.96138
100	607	0.934746
100	608	1.10681
100	609	1.09428
100	610	1.1406
100	611	0.933567
100	612	0.95559
100	613	1.11273
100	614	0.97801
100	615	0.878264
100	616	0.863604
100	617	1.2356
100	618	1.06091
100	619	0.860578
100	620	0.910153
100	621	0.9075
100	622	0.805411
100	623	0.980713
100	624	1.08581
100	625	1.0294
100	626	0.884924
100	627	0.806538
100	628	0.962247
100	629	1.08405
100	630	0.965642
100	631	1.15435
100	632	1.0053
100	633	0.927186
100	634	0.946039
100	635	1.05138
100	636	0.869093
100	637	0.947433
100	638	1.06032
100	639	1.08278
100	640	0.950184
100	641	0.879647
100	642	1.28489
100	643	1.01616
100	644	1.12678
100	645	1.04072
100	646	1.04183
100	647	1.04595
100	648	1.20587
100	649	0.856313
100	650	0.934824
100	651	0.911942
100	652	1.03914
100	653	0.862893
100	654	0.997704
100	655	1.03207
100	656	1.09126
100	657	0.963754
100	658	1.03293
100	659	1.16743
100	660	0.81674
100	661	0.938562
100	662	0.994658
100	663	0.89653
100	664	1.07115
100	665	1.21124
100	666	1.08101
100	667	0.982127
100	668	1.17094
100	669	1.00374
100	670	0.947068
100	671	1.05399
100	672	1.12149
100	673	1.02012
100	674	1.03165
100	675	1.03877
100	676	0.933772
100	677	1.05827
100	678	1.00146
100	679	0.847616
100	680	0.955128
100	681	0.865885
100	682	1.10505
100	683	1.03191
100	684	1.0833
100	685	0.948281
100	686	0.849318
100	687	0.983285
100	688	0.895287
100	689	0.923698
100	690	0.870868
100	691	0.941641
100	692	0.846336
100	693	1.22693
100	694	1.00117
100	695	1.03626
100	696	1.09019
100	697	0.924138
100	698	1.03219
100	699	1.01493
100	700	1.32988
100	701	1.04781
100	702	0.940023
100	703	1.05133
100	704	1.02092
100	705	0.986156
100	706	1.08861
100	707	0.993735
100	708	0.93728
100	709	1.19886
100	710	1.06488
100	711	1.00671
100	712	0.969891
100	713	0.959169
100	714	1.02821
100	715	0.802935
100	716	0.929449
100	717	1.23961
100	718	1.26569
100	719	0.857267
100	720	0.978294
100	721	0.905903
100	722	1.11726
100	723	0.95377
100	724	0.887373
100	725	1.11386
100	726	0.997544
100	727	1.10483
100	728	0.91672
100	729	1.03731
100	730	0.878358
100	731	0.947653
100	732	0.951271
100	733	0.859542
100	734	0.92339
100	735	1.02214
100	736	0.854579
100	737	1.20294
100	738	0.955012
100	739	0.917498
100	740	1.05857
100	741	1.2489
100	742	1.10571
100	743	1.10811
100	744	0.846248
100	745	1.14072
100	746	0.946671
100	747	1.01184
100	748	0.822513
100	749	0.955589
100	750	1.22803
100	751	0.984121
100	752	1.06159
100	753	0.776887
100	754	0.980302
100	755	0.946136
100	756	0.881833
100	757	0.990539
100	758	1.04845
100	759	0.824648
100	760	1.33069
100	761	1.14926
100	762	0.96111
100	763	1.1855
100	764	1.01116
100	765	0.939004
100	766	1.03749
100	767	1.34407
100	768	0.995722
100	769	1.01333
100	770	1.0816
100	771	0.808593
100	772	1.06813
100	773	1.13853
100	774	0.926442
100	775	0.928912
100	776	1.03851
100	777	0.961542
100	778	1.10043
100	779	1.01866
100	780	1.06648
100	781	0.978666
100	782	0.915154
100	783	0.878415
100	784	0.948449
100	785	0.837164
100	786	0.973908
100	787	0.997407
100	788	1.0373
100	789	1.16027
100	790	0.94017
100	791	0.945681
100	792	0.937246
100	793	1.10311
100	794	1.01636
100	795	1.09509
100	796	1.06296
100	797	1.0705
100	798	1.02692
100	799	0.824142
100	800	1.0121
100	801	1.00656
100	802	0.940277
100	803	0.986659
100	804	0.910383
100	805	1.02109
100	806	0.995297
100	807	0.925705
100	808	1.0799
100	809	0.923923
100	810	1.02465
100	811	1.05203
100	812	0.994086
100	813	0.955409
100	814	0.986633
100	815	1.09536
100	816	1.0668
100	817	0.968847
100	818	1.16762
100	819	1.13529
100	820	0.951768
100	821	0.986283
100	822	0.929618
100	823	0.895267
100	824	1.10391
100	825	0.957778
100	826	1.15733
100	827	0.895356
100	828	1.31247
100	829	0.75196
100	830	0.908767
100	831	0.927747
100	832	1.08049
100	833	0.939199
100	834	0.871071
100	835	1.02891
100	836	0.961954
100	837	0.954243
100	838	0.958652
100	839	1.01689
100	840	0.941309
100	841	1.0835
100	842	0.986102
100	843	0.961036
100	844	1.04908
100	845	1.11106
100	846	0.975178
100	847	0.867769
100	848	1.02465
100	849	0.984066
100	850	1.13951
100	851	1.00298
100	852	1.00296
100	853	1.07436
100	854	1.03537
100	855	1.17944
100	856	1.22417
100	857	0.940614
100	858	1.10986
100	859	1.04227
100	860	1.20174
100	861	0.961264
100	862	0.83602
100	863	0.935047
100	864	0.996769
100	865	1.12673
100	866	0.98835
100	867	0.917368
100	868	1.1498
100	869	1.07599
100	870	0.975823
100	871	1.07676
100	872	0.920003
100	873	0.919706
100	874	0.928412
100	875	0.818961
100	876	1.29639
100	877	0.933982
100	878	1.00443
100	879	1.02042
100	880	0.940177
100	881	0.974903
100	882	1.06467
100	883	1.14515
100	884	0.811804
100	885	1.13479
100	886	1.02928
100	887	0.972595
100	888	1.0078
100	889	0.984826
100	890	0.933611
100	891	1.00981
100	892	0.928646
100	893	0.935267
100	894	0.942616
100	895	1.08346
100	896	0.91485
100	897	1.09164
100	898	0.945544
100	899	0.985124
100	900	0.858447
100	901	0.961346
100	902	0.90831
100	903	0.880512
100	904	0.960286
100	905	0.787719
100	906	0.909899
100	907	0.92978
100	908	0.894414
100	909	1.02113
100	910	0.873357
100	911	0.981939
100	912	1.05999
100	913	1.04517
100	914	0.86517
100	915	1.139
100	916	0.922492
100	917	1.01645
100	918	1.01334
100	919	1.1258
100	920	1.01282
100	921	0.977214
100	922	0.995483
100	923	0.780949
100	924	1.02932
100	925	0.982831
100	926	0.89902
100	927	1.1356
100	928	0.917029
100	929	1.10703
100	930	1.04368
100	931	0.96386
100	932	1.01553
100	933	0.822632
100	934	1.03086
100	935	0.870449
100	936	1.02331
100	937	0.997374
100	938	0.94612
100	939	1.10032
100	940	1.03783
100	941	0.954527
100	942	1.04847
100	943	0.840628
100	944	1.07577
100	945	1.10502
100	946	1.23561
100	947	1.07151
100	948	0.937836
100	949	1.07075
100	950	0.983439
100	951	1.16052
100	952	1.13315
100	953	0.978221
100	954	1.08188
100	955	1.03686
100	956	0.915937
100	957	1.12791
100	958	1.07318
100	959	0.996684
100	960	1.03603
100	961	0.961051
100	962	0.961455
100	963	1.05777
100	964	0.973738
100	965	0.862536
100	966	1.08791
100	967	1.08583
100	968	1.072
100	969	1.04385
100	970	0.983553
100	971	0.907873
100	972	1.01912
100	973	1.04669
100	974	0.898593
100	975	1.13871
100	976	0.832404
100	977	1.14363
100	978	1.1674
100	979	0.955217
100	980	0.989508
100	981	0.926206
100	982	1.14225
100	983	1.05883
100	984	0.961419
100	985	1.06777
100	986	1.09523
100	987	1.10628
100	988	0.969476
100	989	1.15545
100	990	1.05597
100	991	1.0728
100	992	0.932971
100	993	0.89414
100	994	0.872396
100	995	0.959531
100	996	0.851111
100	997	0.833027
100	998	1.20393
100	999	0.874613
100	1000	0.936081
100	1001	0.884409
100	1002	0.989349
100	1003	1.18132
100	1004	1.03704
100	1005	1.01644
100	1006	0.935531
100	1007	1.02615
100	1008	0.971648
100	1009	0.955499
100	1010	1.06489
100	1011	1.12894
100	1012	1.03596
100	1013	1.16486
100	1014	1.17939
100	1015	0.911921
100	1016	1.0605
100	1017	1.22269
100	1018	0.807183
100	1019	0.998131
100	1020	1.10955
100	1021	0.924379
100	1022	0.981173
100	1023	1.03536
100	1024	1.04886
100	1025	1.17753
100	1026	0.955213
100	1027	1.01655
100	1028	1.03538
100	1029	0.975202
100	1030	1.06641
100	1031	0.96457
100	1032	0.921008
100	1033	0.861882
100	1034	1.04797
100	1035	0.840074
100	1036	1.08909
100	1037	0.969935
100	1038	0.984874
100	1039	1.00729
100	1040	0.933775
100	1041	1.09302
100	1042	0.970951
100	1043	1.0449
100	1044	0.935767
100	1045	1.2374
100	1046	1.19514
100	1047	0.871262
100	1048	0.817376
100	1049	0.978854
100	1050	1.15342
100	1051	1.08428
100	1052	1.01141
100	1053	0.985959
100	1054	0.867367
100	1055	0.977351
100	1056	1.19392
100	1057	1.10712
100	1058	0.886782
100	1059	0.882927
100	1060	1.00619
100	1061	0.999247
100	1062	0.933004
100	1063	0.909899
100	1064	1.089
100	1065	0.959391
100	1066	1.01111
100	1067	1.04153
100	1068	0.991301
100	1069	0.903186
100	1070	1.06218
100	1071	1.1131
100	1072	0.979483
100	1073	1.0032
100	1074	0.96782
100	1075	0.894671
100	1076	1.14426
100	1077	0.988496
100	1078	0.960917
100	1079	1.11394
100	1080	0.867163
100	1081	0.971237
100	1082	0.916844
100	1083	1.15069
100	1084	0.944574
100	1085	1.20965
100	1086	0.750476
100	1087	1.12735
100	1088	1.06509
100	1089	1.07019
100	1090	1.04185
100	1091	1.09456
100	1092	0.951377
100	1093	0.96574
100	1094	0.989994
100	1095	1.07323
100	1096	0.934704
100	1097	1.0101
100	1098	0.881655
100	1099	0.987971
100	1100	0.911699
100	1101	0.978563
100	1102	1.13487
100	1103	0.934259
100	1104	0.876565
100	1105	1.10414
100	1106	1.07665
100	1107	1.13977
100	1108	0.837053
100	1109	1.0398
100	1110	1.06573
100	1111	0.959033
100	1112	1.01174
100	1113	1.0351
100	1114	1.04057
100	1115	1.06267
100	1116	0.90818
100	1117	1.00957
100	1118	1.05164
100	1119	0.868919
100	1120	1.0406
100	1121	0.867668
100	1122	1.00624
100	1123	0.979473
100	1124	0.913901
100	1125	1.04025
100	1126	0.882763
100	1127	0.918632
100	1128	0.941443
100	1129	1.04455
100	1130	1.03912
100	1131	0.902783
100	1132	1.05434
100	1133	0.961877
100	1134	1.07283
100	1135	1.05729
100	1136	1.09053
100	1137	0.994411
100	1138	0.950625
100	1139	0.904293
100	1140	1.03409
100	1141	0.944657
100	1142	0.987896
100	1143	1.04584
100	1144	0.96871
100	1145	0.963434
100	1146	1.31305
100	1147	0.814567
100	1148	1.07375
100	1149	1.05664
100	1150	0.934423
100	1151	1.10708
100	1152	0.956832
100	1153	1.03661
100	1154	0.994903
100	1155	0.952575
100	1156	0.903701
100	1157	0.866247
100	1158	1.33297
100	1159	0.912935
100	1160	1.07979
100	1161	1.0211
100	1162	0.981659
100	1163	0.949146
100	1164	0.910538
100	1165	1.07371
100	1166	1.0845
100	1167	1.09111
100	1168	1.20665
100	1169	0.948201
100	1170	1.01419
100	1171	0.977362
100	1172	0.958624
100	1173	1.14442
100	1174	1.06142
100	1175	1.07391
100	1176	0.806855
100	1177	1.10992
100	1178	1.12683
100	1179	0.933342
100	1180	1.05641
100	1181	1.07198
100	1182	0.842792
100	1183	0.929606
100	1184	0.939344
100	1185	0.982065
100	1186	0.961507
100	1187	0.966392
100	1188	0.845276
100	1189	0.981133
100	1190	1.17811
100	1191	1.02277
100	1192	1.22869
100	1193	1.02851
100	1194	0.99898
100	1195	1.00726
100	1196	0.963392
100	1197	0.762816
100	1198	0.969086
100	1199	1.14778
100	1200	0.972302
100	1201	1.11621
100	1202	1.00854
100	1203	1.15987
100	1204	1.07744
100	1205	1.00267
100	1206	1.02005
100	1207	0.930124
100	1208	0.975688
100	1209	0.983142
100	1210	0.879453
100	1211	1.13174
100	1212	1.11398
100	1213	1.0252
100	1214	0.913278
100	1215	0.984415
100	1216	0.988959
100	1217	1.00145
100	1218	1.14275
100	1219	0.989202
100	1220	0.988909
100	1221	0.971368
100	1222	0.993858
100	1223	0.911116
100	1224	0.899096
100	1225	0.885618
100	1226	1.04942
100	1227	1.00091
100	1228	1.04753
100	1229	0.849552
100	1230	1.01363
100	1231	0.8945
100	1232	1.13878
100	1233	0.8942
100	1234	0.935115
100	1235	0.990227
100	1236	0.98459
100	1237	0.962111
100	1238	0.989833
100	1239	0.88982
100	1240	0.924605
100	1241	0.905709
100	1242	1.04805
100	1243	1.24425
100	1244	1.09642
100	1245	1.01425
100	1246	1.04463
100	1247	0.816528
100	1248	1.08152
100	1249	0.887632
100	1250	1.05096
100	1251	1.04682
100	1252	1.03412
100	1253	0.884363
100	1254	1.17619
100	1255	1.11828
100	1256	1.02251
100	1257	1.03496
100	1258	0.939877
100	1259	0.885645
100	1260	1.04679
100	1261	1.05446
100	1262	0.925305
100	1263	0.954319
100	1264	0.811031
100	1265	0.891894
100	1266	1.01689
100	1267	0.962619
100	1268	0.955353
100	1269	0.914827
100	1270	0.983388
100	1271	0.885702
100	1272	0.973088
100	1273	1.15424
100	1274	0.863812
100	1275	0.895266
100	1276	0.975658
100	1277	1.18715
100	1278	0.910321
100	1279	0.998918
100	1280	1.13171
100	1281	0.79681
100	1282	1.07829
100	1283	1.00255
100	1284	0.995308
100	1285	1.12847
100	1286	1.03609
100	1287	1.04193
100	1288	0.981778
100	1289	0.930396
100	1290	0.865607
100	1291	0.968425
100	1292	0.978395
100	1293	0.936552
100	1294	1.05521
100	1295	1.08738
100	1296	1.06749
100	1297	0.811026
100	1298	0.887389
100	1299	0.84392
100	1300	0.862168
100	1301	1.06113
100	1302	1.30225
100	1303	1.02064
100	1304	1.05784
100	1305	1.01464
100	1306	0.927658
100	1307	1.07886
100	1308	0.889917
100	1309	1.05906
100	1310	1.14254
100	1311	1.053
100	1312	1.0741
100	1313	0.905337
100	1314	1.21546
100	1315	1.12222
100	1316	0.918163
100	1317	1.05707
100	1318	0.997346
100	1319	1.05162
100	1320	0.908964
100	1321	0.898892
100	1322	1.0907
100	1323	0.989047
100	1324	0.79618
100	1325	0.985967
100	1326	0.948449
100	1327	1.01993
100	1328	1.0601
100	1329	0.928333
100	1330	0.891587
100	1331	0.92109
100	1332	0.945609
100	1333	0.980142
100	1334	0.931804
100	1335	1.06609
100	1336	0.863426
100	1337	0.976584
100	1338	1.00192
100	1339	0.892229
100	1340	0.960095
100	1341	1.04107
100	1342	0.92367
100	1343	1.04607
100	1344	1.12794
100	1345	1.07795
100	1346	1.02888
100	1347	1.29801
100	1348	1.08256
100	1349	0.896134
100	1350	0.942828
100	1351	1.00071
100	1352	1.01014
100	1353	1.02548
100	1354	0.858951
100	1355	1.12497
100	1356	1.15815
100	1357	1.13547
100	1358	0.95852
100	1359	0.969966
100	1360	1.10828
100	1361	0.918363
100	1362	1.01213
100	1363	0.980744
100	1364	1.0023
100	1365	1.01773
100	1366	1.13454
100	1367	0.985825
100	1368	1.04133
100	1369	0.999772
100	1370	0.963685
100	1371	0.955815
100	1372	0.891259
100	1373	1.15759
100	1374	0.97378
100	1375	0.945808
100	1376	1.03699
100	1377	0.92018
100	1378	0.973864
100	1379	0.886809
100	1380	0.868136
100	1381	0.943781
100	1382	1.04838
100	1383	0.800622
100	1384	1.10811
100	1385	1.02009
100	1386	1.04074
100	1387	1.16337
100	1388	0.957004
100	1389	0.998811
100	1390	1.02018
100	1391	0.914795
100	1392	1.07117
100	1393	0.993006
100	1394	0.967809
100	1395	1.00145
100	1396	1.1105
100	1397	1.1036
100	1398	0.969351
100	1399	1.05762
100	1400	1.07854
100	1401	0.94974
100	1402	1.08375
100	1403	1.05254
100	1404	1.0382
100	1405	0.905996
100	1406	0.989567
100	1407	0.936773
100	1408	0.934099
100	1409	0.920643
100	1410	1.03341
100	1411	0.816768
100	1412	0.96284
100	1413	1.03153
100	1414	0.836961
100	1415	1.01018
100	1416	1.12755
100	1417	1.03739
100	1418	1.19442
100	1419	1.05428
100	1420	0.835248
100	1421	1.0587
100	1422	0.998649
100	1423	1.13606
100	1424	0.900546
100	1425	1.13851
100	1426	0.962647
100	1427	0.732824
100	1428	0.928791
100	1429	1.00306
100	1430	0.997283
100	1431	0.964869
100	1432	0.982596
100	1433	0.921268
100	1434	1.13056
100	1435	1.06965
100	1436	0.879995
100	1437	0.954166
100	1438	1.22004
100	1439	1.00993
100	1440	0.779459
100	1441	1.11104
100	1442	1.11459
100	1443	1.0419
100	1444	1.11335
100	1445	0.910853
100	1446	0.899593
100	1447	0.960945
100	1448	0.796798
100	1449	0.88686
100	1450	1.03132
100	1451	0.868115
100	1452	0.873409
100	1453	1.03921
100	1454	1.00378
100	1455	1.04794
100	1456	1.16628
100	1457	0.887584
100	1458	0.887474
100	1459	1.1108
100	1460	1.03746
100	1461	1.07652
100	1462	0.915628
100	1463	1.14513
100	1464	1.03955
100	1465	0.963377
100	1466	1.06471
100	1467	1.0665
100	1468	1.09255
100	1469	0.86104
100	1470	1.0201
100	1471	0.86585
100	1472	1.01539
100	1473	0.803587
100	1474	0.885966
100	1475	0.908865
100	1476	1.02018
100	1477	1.06846
100	1478	0.860475
100	1479	1.12006
100	1480	1.07329
100	1481	1.00184
100	1482	1.06282
100	1483	0.833105
100	1484	1.00174
100	1485	0.905804
100	1486	1.06407
100	1487	1.0372
100	1488	1.01957
100	1489	1.02392
100	1490	1.05817
100	1491	0.912771
100	1492	0.865247
100	1493	0.903462
100	1494	1.09869
100	1495	1.05364
100	1496	1.00967
100	1497	1.04525
100	1498	0.960201
100	1499	0.903775
100	1500	1.04271
100	1501	0.953274
100	1502	0.958665
100	1503	0.910911
100	1504	1.01743
100	1505	0.991448
100	1506	0.819046
100	1507	1.09355
100	1508	0.987451
100	1509	1.05349
100	1510	1.00646
100	1511	0.980506
100	1512	0.968423
100	1513	0.975709
100	1514	0.977921
100	1515	0.945781
100	1516	0.921878
100	1517	1.20295
100	1518	0.930112
100	1519	1.07011
100	1520	1.08232
100	1521	0.967448
100	1522	0.906679
100	1523	0.887898
100	1524	0.934622
100	1525	1.09013
100	1526	0.701676
100	1527	1.08232
100	1528	1.02785
100	1529	1.05128
100	1530	0.95827
100	1531	0.847928
100	1532	0.931767
100	1533	0.924162
100	1534	1.19973
100	1535	1.06825
100	1536	0.953041
100	1537	1.02217
100	1538	0.936938
100	1539	1.04734
100	1540	1.08291
100	1541	1.06407
100	1542	0.868294
100	1543	1.03295
100	1544	0.994702
100	1545	0.939272
100	1546	1.04185
100	1547	1.24815
100	1548	1.03441
100	1549	0.886418
100	1550	1.119
100	1551	0.906753
100	1552	0.960104
100	1553	1.02488
100	1554	0.839814
100	1555	0.940984
100	1556	1.12834
100	1557	0.880744
100	1558	0.936689
100	1559	0.907742
100	1560	0.971791
100	1561	1.02406
100	1562	0.897178
100	1563	0.973862
100	1564	0.908718
100	1565	0.96086
100	1566	1.02761
100	1567	1.03436
100	1568	0.85241
100	1569	0.980247
100	1570	1.04705
100	1571	0.964676
100	1572	1.04687
100	1573	0.927727
100	1574	0.897669
100	1575	0.922868
100	1576	1.0684
100	1577	0.98376
100	1578	1.00455
100	1579	1.00244
100	1580	0.922885
100	1581	1.08074
100	1582	0.934293
100	1583	0.987353
100	1584	1.0631
100	1585	0.908844
100	1586	0.86764
100	1587	1.03025
100	1588	1.06506
100	1589	1.20638
100	1590	1.01469
100	1591	0.933566
100	1592	1.00932
100	1593	0.892691
100	1594	1.06742
100	1595	0.882641
100	1596	1.11642
100	1597	0.985354
100	1598	1.04417
100	1599	0.996473
100	1600	0.918978
100	1601	0.996066
100	1602	0.976456
100	1603	0.994147
100	1604	1.01201
100	1605	1.0385
100	1606	0.973089
100	1607	0.981271
100	1608	1.10829
100	1609	0.987544
100	1610	0.916906
100	1611	0.943726
100	1612	0.940893
100	1613	1.04433
100	1614	1.22604
100	1615	0.979092
100	1616	0.96462
100	1617	0.904432
100	1618	1.01875
100	1619	1.09121
100	1620	0.797848
100	1621	0.932817
100	1622	1.06147
100	1623	1.20302
100	1624	1.02122
100	1625	0.905702
100	1626	0.981844
100	1627	0.990878
100	1628	1.08253
100	1629	1.02108
100	1630	0.967278
100	1631	0.814481
100	1632	0.949754
100	1633	0.931969
100	1634	0.993818
100	1635	0.790493
100	1636	0.978061
100	1637	0.877561
100	1638	0.968525
100	1639	0.930371
100	1640	0.921937
100	1641	1.03372
100	1642	0.918851
100	1643	0.96621
100	1644	0.977286
100	1645	0.946291
100	1646	0.989658
100	1647	1.11641
100	1648	0.895767
100	1649	0.852623
100	1650	0.992995
100	1651	1.03973
100	1652	1.10592
100	1653	0.94894
100	1654	1.13207
100	1655	1.17799
100	1656	0.852812
100	1657	0.977801
100	1658	1.09801
100	1659	0.960038
100	1660	1.18173
100	1661	1.02016
100	1662	1.03762
100	1663	0.958387
100	1664	0.90765
100	1665	1.18618
100	1666	0.901676
100	1667	1.168
100	1668	1.08919
100	1669	1.09711
100	1670	0.907627
100	1671	0.94958
100	1672	1.06732
100	1673	0.994723
100	1674	0.972713
100	1675	0.902467
100	1676	1.06214
100	1677	1.11826
100	1678	0.933764
100	1679	0.878961
100	1680	0.903275
100	1681	1.18095
100	1682	0.929444
100	1683	0.989081
100	1684	0.948697
100	1685	0.958431
100	1686	1.08445
100	1687	1.03556
100	1688	0.967838
100	1689	0.799888
100	1690	0.842277
100	1691	1.16067
100	1692	0.95913
100	1693	0.978417
100	1694	0.978143
100	1695	0.972656
100	1696	1.05039
100	1697	0.943101
100	1698	0.952114
100	1699	1.04523
100	1700	1.03924
100	1701	0.937603
100	1702	0.817812
100	1703	1.03745
100	1704	0.829888
100	1705	0.991187
100	1706	0.990372
100	1707	0.930266
100	1708	1.0915
100	1709	0.992132
100	1710	1.04375
100	1711	0.908754
100	1712	1.11206
100	1713	1.02415
100	1714	1.01792
100	1715	0.865832
100	1716	0.987309
100	1717	1.20781
100	1718	0.89422
100	1719	1.01648
100	1720	1.0335
100	1721	1.09078
100	1722	1.01312
100	1723	0.905499
100	1724	1.0534
100	1725	0.846046
100	1726	0.878753
100	1727	0.980093
100	1728	1.0985
100	1729	1.14533
100	1730	1.01182
100	1731	1.14955
100	1732	1.02591
100	1733	0.939919
100	1734	0.81814
100	1735	0.938469
100	1736	1.12947
100	1737	1.007
100	1738	0.895206
100	1739	0.981928
100	1740	0.928262
100	1741	0.974177
100	1742	0.962971
100	1743	1.01075
100	1744	0.948199
100	1745	0.962216
100	1746	0.973147
100	1747	0.981922
100	1748	0.918605
100	1749	1.11874
100	1750	1.14192
100	1751	0.909226
100	1752	0.849082
100	1753	1.09151
100	1754	1.06068
100	1755	1.08059
100	1756	1.24426
100	1757	0.988931
100	1758	0.85581
100	1759	0.950179
100	1760	1.19026
100	1761	1.00821
100	1762	1.19154
100	1763	0.974017
100	1764	1.03919
100	1765	0.987067
100	1766	1.0014
100	1767	1.09407
100	1768	1.06947
100	1769	0.958638
100	1770	0.914098
100	1771	0.848632
100	1772	1.03402
100	1773	0.905606
100	1774	0.937583
100	1775	1.01002
100	1776	0.936007
100	1777	1.01634
100	1778	0.918514
100	1779	0.948862
100	1780	1.06242
100	1781	1.05592
100	1782	0.991948
100	1783	0.791968
100	1784	0.905273
100	1785	0.938596
100	1786	0.973989
100	1787	1.05699
100	1788	1.02758
100	1789	0.94848
100	1790	1.03278
100	1791	0.972532
100	1792	0.841205
100	1793	0.95181
100	1794	1.01441
100	1795	1.08027
100	1796	0.877272
100	1797	0.997309
100	1798	1.09548
100	1799	1.08879
100	1800	0.991926
100	1801	0.993983
100	1802	1.14881
100	1803	1.17429
100	1804	1.02732
100	1805	0.762025
100	1806	1.0523
100	1807	1.05113
100	1808	1.06331
100	1809	0.880634
100	1810	0.931806
100	1811	1.04907
100	1812	0.961336
100	1813	0.870285
100	1814	1.09849
100	1815	1.1528
100	1816	0.875513
100	1817	0.895949
100	1818	0.952474
100	1819	0.962721
100	1820	0.961281
100	1821	0.977354
100	1822	0.982649
100	1823	0.972941
100	1824	1.13235
100	1825	0.798049
100	1826	0.96013
100	1827	1.21805
100	1828	0.952243
100	1829	1.13644
100	1830	0.973095
100	1831	0.917115
100	1832	1.19508
100	1833	1.16651
100	1834	1.04786
100	1835	1.08881
100	1836	1.04184
100	1837	1.04229
100	1838	1.14272
100	1839	0.96183
100	1840	1.0656
100	1841	1.1381
100	1842	0.89049
100	1843	1.08189
100	1844	1.00075
100	1845	0.909965
100	1846	1.04335
100	1847	1.07336
100	1848	1.14291
100	1849	0.834393
100	1850	0.921583
100	1851	1.06736
100	1852	0.848083
100	1853	0.883149
100	1854	0.920943
100	1855	0.993822
100	1856	0.970936
100	1857	1.04646
100	1858	0.893146
100	1859	1.17087
100	1860	1.08806
100	1861	1.04493
100	1862	1.07991
100	1863	0.87914
100	1864	0.947824
100	1865	1.10399
100	1866	0.87937
100	1867	1.11994
100	1868	1.09553
100	1869	1.00522
100	1870	0.985083
100	1871	0.983755
100	1872	0.857695
100	1873	0.901272
100	1874	0.964406
100	1875	0.869306
100	1876	1.07765
100	1877	1.01218
100	1878	0.929327
100	1879	0.814218
100	1880	1.01543
100	1881	1.12095
100	1882	0.973626
100	1883	1.0278
100	1884	0.952721
100	1885	1.10323
100	1886	1.11445
100	1887	1.23589
100	1888	0.85023
100	1889	0.806985
100	1890	1.06586
100	1891	1.07075
100	1892	1.01146
100	1893	1.07253
100	1894	1.01835
100	1895	0.933764
100	1896	0.876166
100	1897	1.02332
100	1898	0.918807
100	1899	0.968945
100	1900	1.08359
100	1901	1.0414
100	1902	0.862047
100	1903	1.04134
100	1904	1.05223
100	1905	1.11875
100	1906	1.09431
100	1907	0.979636
100	1908	0.939512
100	1909	1.06287
100	1910	1.11293
100	1911	1.09454
100	1912	0.861751
100	1913	1.0363
100	1914	0.991214
100	1915	1.02358
100	1916	0.857474
100	1917	1.05778
100	1918	0.961088
100	1919	1.04624
100	1920	1.11112
100	1921	0.904189
100	1922	0.976039
100	1923	0.946337
100	1924	0.970367
100	1925	0.947644
100	1926	0.961327
100	1927	1.03334
100	1928	1.00965
100	1929	1.02975
100	1930	1.03249
100	1931	0.965732
100	1932	0.856227
100	1933	1.16983
100	1934	0.965694
100	1935	0.910336
100	1936	0.982532
100	1937	1.07627
100	1938	0.965229
100	1939	1.0734
100	1940	1.05646
100	1941	0.98125
100	1942	1.11624
100	1943	1.04321
100	1944	0.8644
100	1945	0.916317
100	1946	1.09871
100	1947	0.815674
100	1948	0.824043
100	1949	0.905646
100	1950	0.934665
100	1951	1.00588
100	1952	1.05773
100	1953	1.08262
100	1954	0.993072
100	1955	0.880882
100	1956	0.870546
100	1957	0.848196
100	1958	1.12724
100	1959	0.877591
100	1960	0.969094
100	1961	0.915229
100	1962	1.04796
100	1963	1.05071
100	1964	1.0876
100	1965	1.16701
100	1966	0.974947
100	1967	1.17098
100	1968	0.970124
100	1969	0.95807
100	1970	1.06344
100	1971	0.845946
100	1972	0.892954
100	1973	0.928121
100	1974	1.09425
100	1975	0.941129
100	1976	0.989731
100	1977	0.86934
100	1978	1.01525
100	1979	0.867558
100	1980	1.10019
100	1981	0.982882
100	1982	0.978071
100	1983	0.938769
100	1984	1.02757
100	1985	1.04184
100	1986	1.02603
100	1987	0.924066
100	1988	1.08066
100	1989	1.16416
100	1990	1.13031
100	1991	1.04107
100	1992	0.960392
100	1993	0.635424
100	1994	0.970753
100	1995	1.01348
100	1996	0.765228
100	1997	1.15565
100	1998	0.92571
100	1999	0.93374
100	2000	1.06587
100	2001	0.877714
100	2002	1.04946
100	2003	0.992317
100	2004	1.05176
100	2005	0.983269
100	2006	0.965681
100	2007	1.03392
100	2008	0.87609
100	2009	1.12891
100	2010	1.06342
100	2011	1.05759
100	2012	1.00271
100	2013	0.957334
100	2014	1.11768
100	2015	1.19653
100	2016	0.972945
100	2017	1.06269
100	2018	0.98083
100	2019	1.01469
100	2020	1.17772
100	2021	0.897554
100	2022	0.917041
100	2023	1.05473
100	2024	1.11167
100	2025	1.05886
100	2026	1.09821
100	2027	0.871216
100	2028	0.962882
100	2029	0.949933
100	2030	0.981769
100	2031	0.808498
100	2032	0.980697
100	2033	0.915914
100	2034	0.965324
100	2035	1.1246
100	2036	0.782521
100	2037	0.97672
100	2038	1.1522
100	2039	0.98147
100	2040	1.01612
100	2041	0.962428
100	2042	0.900389
100	2043	1.13891
100	2044	0.851284
100	2045	0.947911
100	2046	0.919441
100	2047	0.929728
100	2048	1.00228
100	2049	1.0314
100	2050	0.929642
100	2051	0.928629
100	2052	1.03041
100	2053	0.838847
100	2054	1.00944
100	2055	1.15
100	2056	1.02804
100	2057	1.16079
100	2058	0.991912
100	2059	0.7623
100	2060	0.934328
100	2061	0.961211
100	2062	0.94894
100	2063	1.10783
100	2064	0.932682
100	2065	0.892422
100	2066	0.924523
100	2067	0.987342
100	2068	1.16883
100	2069	1.02019
100	2070	1.04879
100	2071	1.03722
100	2072	0.919324
100	2073	1.1698
100	2074	1.03809
100	2075	0.9482
100	2076	1.10998
100	2077	1.21892
100	2078	1.01223
100	2079	1.00202
100	2080	1.17258
100	2081	0.916932
100	2082	0.972162
100	2083	0.918526
100	2084	0.974869
100	2085	1.03841
100	2086	0.885956
100	2087	0.888147
100	2088	1.08845
100	2089	1.04097
100	2090	0.92403
100	2091	0.746499
100	2092	0.949507
100	2093	0.950549
100	2094	1.06259
100	2095	1.02397
100	2096	1.00383
100	2097	0.998975
100	2098	1.02423
100	2099	0.91603
100	2100	1.07571
100	2101	1.13412
100	2102	0.997515
100	2103	1.01767
100	2104	0.938503
100	2105	1.37924
100	2106	1.14748
100	2107	0.943479
100	2108	0.966182
100	2109	1.00131
100	2110	1.08704
100	2111	0.976367
100	2112	1.03798
100	2113	0.935826
100	2114	1.03347
100	2115	1.04394
100	2116	1.00663
100	2117	1.02265
100	2118	0.883948
100	2119	1.06346
100	2120	0.910465
100	2121	0.90543
100	2122	1.08357
100	2123	0.808702
100	2124	0.890886
100	2125	0.975877
100	2126	1.0323
100	2127	1.07243
100	2128	0.894512
100	2129	0.955093
100	2130	1.18942
100	2131	0.876632
100	2132	1.04917
100	2133	0.879888
100	2134	1.00158
100	2135	0.997991
100	2136	0.937563
100	2137	1.00296
100	2138	1.10737
100	2139	0.983589
100	2140	0.826666
100	2141	0.890061
100	2142	1.01118
100	2143	1.06675
100	2144	0.816431
100	2145	0.778718
100	2146	0.976105
100	2147	0.890929
100	2148	1.10229
100	2149	1.00404
100	2150	0.864239
100	2151	0.980288
100	2152	1.02831
100	2153	0.961064
100	2154	0.943416
100	2155	1.05296
100	2156	1.16265
100	2157	0.962824
100	2158	0.943843
100	2159	1.1397
100	2160	1.00367
100	2161	0.858243
100	2162	1.15755
100	2163	1.10279
100	2164	1.0305
100	2165	1.00482
100	2166	1.03198
100	2167	0.925862
100	2168	0.997568
100	2169	1.01429
100	2170	1.12055
100	2171	1.07579
100	2172	1.03838
100	2173	0.942685
100	2174	1.23157
100	2175	0.970311
100	2176	0.984464
100	2177	1.27002
100	2178	1.09352
100	2179	0.970497
100	2180	1.08491
100	2181	1.09087
100	2182	1.00046
100	2183	0.907259
100	2184	1.1802
100	2185	1.0283
100	2186	0.95979
100	2187	1.02233
100	2188	0.960081
100	2189	1.02072
100	2190	0.96086
100	2191	0.959001
100	2192	0.96492
100	2193	0.982435
100	2194	1.0953
100	2195	1.04977
100	2196	0.990677
100	2197	1.00107
100	2198	1.07433
100	2199	0.986319
100	2200	0.930741
100	2201	0.868482
100	2202	0.985964
100	2203	0.94716
100	2204	0.898903
100	2205	1.21301
100	2206	0.912498
100	2207	0.921686
100	2208	0.914143
100	2209	1.10138
100	2210	0.953523
100	2211	0.945336
100	2212	0.928286
100	2213	0.838122
100	2214	0.958524
100	2215	0.923336
100	2216	1.07367
100	2217	0.931588
100	2218	1.14067
100	2219	0.960353
100	2220	0.885346
100	2221	1.09766
100	2222	1.05244
100	2223	1.16273
100	2224	1.12816
100	2225	0.86499
100	2226	0.938269
100	2227	0.928905
100	2228	1.01197
100	2229	1.07954
100	2230	0.99729
100	2231	0.942695
100	2232	1.15295
100	2233	0.988142
100	2234	1.09885
100	2235	1.06952
100	2236	0.872046
100	2237	1.19995
100	2238	1.04133
100	2239	0.916559
100	2240	0.970519
100	2241	0.994499
100	2242	0.992764
100	2243	1.05697
100	2244	1.04426
100	2245	0.953624
100	2246	1.02598
100	2247	0.997673
100	2248	1.15606
100	2249	1.15977
100	2250	0.925174
100	2251	0.962287
100	2252	1.11242
100	2253	1.07322
100	2254	1.10268
100	2255	1.14458
100	2256	1.11141
100	2257	0.907241
100	2258	1.03782
100	2259	0.858658
100	2260	1.11041
100	2261	1.04996
100	2262	0.815169
100	2263	0.982741
100	2264	1.12512
100	2265	1.3253
100	2266	1.09142
100	2267	0.927322
100	2268	0.9805
100	2269	1.05592
100	2270	0.921982
100	2271	0.953596
100	2272	0.75414
100	2273	0.959851
100	2274	0.725385
100	2275	0.936887
100	2276	0.989838
100	2277	0.861314
100	2278	0.942529
100	2279	0.96331
100	2280	0.894945
100	2281	1.0179
100	2282	0.922816
100	2283	0.873444
100	2284	1.04473
100	2285	1.03202
100	2286	1.10805
100	2287	1.19823
100	2288	1.0036
100	2289	1.03946
100	2290	1.15306
100	2291	0.984359
100	2292	0.964104
100	2293	0.911556
100	2294	0.863658
100	2295	1.05267
100	2296	1.23487
100	2297	1.16043
100	2298	1.06162
100	2299	0.982203
100	2300	1.17326
100	2301	1.07932
100	2302	0.9025
100	2303	0.942552
100	2304	0.976644
100	2305	1.03204
100	2306	1.02999
100	2307	0.982049
100	2308	0.879398
100	2309	1.06237
100	2310	0.896853
100	2311	0.894429
100	2312	1.00783
100	2313	0.991217
100	2314	1.09452
100	2315	0.878128
100	2316	0.858869
100	2317	0.876766
100	2318	0.914816
100	2319	1.02221
100	2320	1.05504
100	2321	1.0004
100	2322	0.93697
100	2323	0.929867
100	2324	1.00201
100	2325	0.903908
100	2326	0.891865
100	2327	0.890994
100	2328	0.970552
100	2329	1.10646
100	2330	0.961639
100	2331	0.907816
100	2332	1.10345
100	2333	0.961413
100	2334	0.977051
100	2335	0.867284
100	2336	0.912626
100	2337	1.16709
100	2338	0.905983
100	2339	0.930555
100	2340	1.16052
100	2341	1.03261
100	2342	1.02761
100	2343	1.12274
100	2344	0.978144
100	2345	1.04287
100	2346	1.10292
100	2347	0.94112
100	2348	0.860122
100	2349	1.21807
100	2350	0.923045
100	2351	0.906917
100	2352	0.930786
100	2353	1.19615
100	2354	1.16245
100	2355	0.988862
100	2356	1.00085
100	2357	0.87732
100	2358	1.08802
100	2359	1.00548
100	2360	1.02483
100	2361	0.802052
100	2362	0.980903
100	2363	1.05079
100	2364	0.989681
100	2365	0.879709
100	2366	0.984358
100	2367	1.08677
100	2368	0.993876
100	2369	1.00107
100	2370	1.00233
100	2371	0.908851
100	2372	0.843665
100	2373	1.04708
100	2374	0.915319
100	2375	1.07937
100	2376	1.24586
100	2377	0.92668
100	2378	1.17258
100	2379	0.962018
100	2380	0.97265
100	2381	0.875291
100	2382	0.875126
100	2383	0.989889
100	2384	1.10953
100	2385	0.9119
100	2386	0.951616
100	2387	1.05859
100	2388	0.964677
100	2389	0.878292
100	2390	0.895433
100	2391	0.918072
100	2392	1.14284
100	2393	0.876256
100	2394	0.780821
100	2395	0.861797
100	2396	1.01411
100	2397	1.11868
100	2398	1.02368
100	2399	1.06995
100	2400	1.12833
100	2401	0.984183
100	2402	0.924342
100	2403	1.08741
100	2404	1.04251
100	2405	0.967153
100	2406	1.00427
100	2407	1.00113
100	2408	0.989558
100	2409	0.989032
100	2410	1.13203
100	2411	1.16048
100	2412	0.880048
100	2413	1.11746
100	2414	0.627503
100	2415	0.911196
100	2416	0.922896
100	2417	1.12539
100	2418	1.13149
100	2419	0.871164
100	2420	1.03007
100	2421	0.911509
100	2422	0.964506
100	2423	0.917562
100	2424	1.06508
100	2425	1.11767
100	2426	1.07564
100	2427	0.827702
100	2428	0.935563
100	2429	0.921548
100	2430	0.942575
100	2431	0.98939
100	2432	1.10165
100	2433	1.0622
100	2434	0.901998
100	2435	0.948984
100	2436	0.901564
100	2437	1.15205
100	2438	0.911897
100	2439	1.0746
100	2440	0.983458
100	2441	1.05403
100	2442	0.967067
100	2443	1.00792
100	2444	0.81294
100	2445	0.855511
100	2446	0.930446
100	2447	1.10318
100	2448	0.980579
100	2449	0.89857
100	2450	0.845876
100	2451	0.937157
100	2452	0.97227
100	2453	1.22351
100	2454	0.912237
100	2455	0.948808
100	2456	1.1801
100	2457	0.901815
100	2458	1.04527
100	2459	1.05561
100	2460	0.974929
100	2461	1.0872
100	2462	0.946118
100	2463	0.846643
100	2464	0.793654
100	2465	1.00448
100	2466	0.921942
100	2467	0.940556
100	2468	0.952582
100	2469	0.908109
100	2470	0.889933
100	2471	1.0962
100	2472	0.870365
100	2473	1.036
100	2474	1.06983
100	2475	0.948367
100	2476	0.788378
100	2477	0.90932
100	2478	1.1476
100	2479	1.05384
100	2480	0.916336
100	2481	1.11235
100	2482	0.965924
100	2483	0.925173
100	2484	1.07238
100	2485	1.0363
100	2486	0.805689
100	2487	0.925067
100	2488	0.898223
100	2489	1.09541
100	2490	1.06241
100	2491	0.968214
100	2492	1.06812
100	2493	0.941288
100	2494	0.975845
100	2495	0.890324
100	2496	1.00224
100	2497	0.94264
100	2498	0.960252
100	2499	1.00301
100	2500	0.876326
100	2501	1.01873
100	2502	0.954203
100	2503	0.937861
100	2504	0.855546
100	2505	1.14713
100	2506	0.865593
100	2507	0.919918
100	2508	1.0304
100	2509	1.09314
100	2510	1.01096
100	2511	1.07458
100	2512	0.948446
100	2513	0.879017
100	2514	0.969222
100	2515	0.785568
100	2516	0.896562
100	2517	1.10901
100	2518	0.970081
100	2519	1.07
100	2520	0.98694
100	2521	0.978581
100	2522	1.06262
100	2523	1.09359
100	2524	0.978822
100	2525	1.09325
100	2526	1.04049
100	2527	1.13552
100	2528	1.1096
100	2529	1.08016
100	2530	1.11605
100	2531	1.04858
100	2532	1.02854
100	2533	0.841065
100	2534	0.873264
100	2535	1.06797
100	2536	1.01813
100	2537	0.981545
100	2538	1.01731
100	2539	1.03251
100	2540	1.13078
100	2541	0.848822
100	2542	0.902156
100	2543	1.06797
100	2544	1.13264
100	2545	1.01392
100	2546	1.1155
100	2547	0.902705
100	2548	1.17683
100	2549	1.06382
100	2550	1.00152
100	2551	0.861626
100	2552	0.986382
100	2553	0.780926
100	2554	0.980375
100	2555	0.99524
100	2556	1.00761
100	2557	1.2187
100	2558	1.06459
100	2559	1.15352
100	2560	1.07665
100	2561	1.08159
100	2562	0.856928
100	2563	0.822341
100	2564	0.968889
100	2565	1.09836
100	2566	0.903397
100	2567	0.931284
100	2568	1.06417
100	2569	0.937334
100	2570	0.978237
100	2571	0.989868
100	2572	0.943554
100	2573	1.17878
100	2574	1.08003
100	2575	1.00255
100	2576	1.07398
100	2577	0.864062
100	2578	1.18211
100	2579	0.955146
100	2580	1.09918
100	2581	0.945427
100	2582	0.802051
100	2583	0.932602
100	2584	0.915406
100	2585	1.1397
100	2586	1.12013
100	2587	0.907545
100	2588	0.996042
100	2589	1.00486
100	2590	1.1018
100	2591	1.06946
100	2592	0.981749
100	2593	1.18107
100	2594	0.986773
100	2595	0.851105
100	2596	0.923007
100	2597	1.01709
100	2598	1.03441
100	2599	1.04879
100	2600	1.03248
100	2601	0.843463
100	2602	0.872403
100	2603	0.917557
100	2604	0.884152
100	2605	0.918028
100	2606	1.09427
100	2607	0.993215
100	2608	0.88388
100	2609	0.930177
100	2610	0.968242
100	2611	1.04939
100	2612	1.10634
100	2613	1.0503
100	2614	1.11291
100	2615	0.898583
100	2616	1.11744
100	2617	1.22912
100	2618	1.21197
100	2619	1.00784
100	2620	0.862494
100	2621	1.05517
100	2622	1.20191
100	2623	1.15956
100	2624	1.08673
100	2625	1.03683
100	2626	0.963217
100	2627	0.963274
100	2628	1.05289
100	2629	0.887979
100	2630	1.04167
100	2631	1.0674
100	2632	1.02611
100	2633	1.0299
100	2634	1.0663
100	2635	0.964758
100	2636	1.0935
100	2637	0.923763
100	2638	1.03352
100	2639	1.02835
100	2640	0.979204
100	2641	1.15837
100	2642	0.94363
100	2643	1.03572
100	2644	1.01218
100	2645	0.764622
100	2646	1.05146
100	2647	1.07866
100	2648	0.931555
100	2649	1.33926
100	2650	1.0863
100	2651	1.02251
100	2652	0.913692
100	2653	1.04045
100	2654	1.01397
100	2655	0.817235
100	2656	1.22499
100	2657	0.918602
100	2658	0.996322
100	2659	0.962115
100	2660	0.935346
100	2661	1.1496
100	2662	0.981611
100	2663	1.12095
100	2664	0.807861
100	2665	1.0292
100	2666	0.88163
100	2667	1.01211
100	2668	1.08614
100	2669	1.11755
100	2670	1.00373
100	2671	1.14454
100	2672	0.96585
100	2673	0.951983
100	2674	1.10522
100	2675	1.12186
100	2676	0.972181
100	2677	1.03337
100	2678	0.959799
100	2679	0.96787
100	2680	1.12494
100	2681	1.08657
100	2682	0.983639
100	2683	1.08265
100	2684	0.829206
100	2685	0.849813
100	2686	0.832712
100	2687	1.05563
100	2688	0.94884
100	2689	0.945283
100	2690	0.971526
100	2691	0.998145
100	2692	0.876438
100	2693	0.878209
100	2694	0.934418
100	2695	0.97983
100	2696	1.00668
100	2697	0.960245
100	2698	0.956243
100	2699	0.873575
100	2700	0.888313
100	2701	1.04555
100	2702	0.937186
100	2703	1.07952
100	2704	1.04056
100	2705	0.956042
100	2706	0.813704
100	2707	0.961584
100	2708	1.17166
100	2709	0.980703
100	2710	1.06996
100	2711	1.009
100	2712	1.08208
100	2713	0.995366
100	2714	0.936789
100	2715	1.08606
100	2716	0.830267
100	2717	0.878372
100	2718	0.960478
100	2719	0.963421
100	2720	1.16689
100	2721	0.923321
100	2722	0.953985
100	2723	1.04951
100	2724	0.980855
100	2725	0.93214
100	2726	0.975802
100	2727	0.882236
100	2728	1.13299
100	2729	0.984387
100	2730	0.964111
100	2731	0.827397
100	2732	0.93671
100	2733	0.97616
100	2734	0.907014
100	2735	1.08745
100	2736	0.992746
100	2737	1.02876
100	2738	1.09333
100	2739	0.896177
100	2740	0.954346
100	2741	1.05197
100	2742	0.947609
100	2743	0.946162
100	2744	0.882953
100	2745	1.10455
100	2746	1.14892
100	2747	1.00042
100	2748	0.984342
100	2749	1.04566
100	2750	0.918632
100	2751	0.968553
100	2752	0.816264
100	2753	0.808304
100	2754	0.858881
100	2755	1.12288
100	2756	1.05217
100	2757	1.12788
100	2758	0.908176
100	2759	1.04327
100	2760	0.886315
100	2761	0.782588
100	2762	0.786104
100	2763	1.14534
100	2764	1.06325
100	2765	0.820385
100	2766	0.891301
100	2767	0.93184
100	2768	0.760449
100	2769	0.784865
100	2770	0.98582
100	2771	0.977634
100	2772	1.13984
100	2773	1.09038
100	2774	1.06509
100	2775	0.83091
100	2776	0.951144
100	2777	0.988007
100	2778	1.11506
100	2779	0.892005
100	2780	1.00215
100	2781	0.999996
100	2782	1.07267
100	2783	1.11092
100	2784	0.985954
100	2785	0.929066
100	2786	0.88164
100	2787	0.925827
100	2788	1.04446
100	2789	1.03464
100	2790	0.938796
100	2791	0.954953
100	2792	1.0649
100	2793	0.993484
100	2794	0.967685
100	2795	1.20111
100	2796	1.02149
100	2797	0.986707
100	2798	0.9314
100	2799	1.16216
100	2800	1.12346
100	2801	1.00227
100	2802	1.05391
100	2803	1.1065
100	2804	0.868315
100	2805	1.06874
100	2806	0.795606
100	2807	0.945439
100	2808	1.11912
100	2809	1.03516
100	2810	0.990919
100	2811	0.827061
100	2812	1.08842
100	2813	0.963971
100	2814	0.901913
100	2815	1.09104
100	2816	1.03398
100	2817	0.986882
100	2818	0.959857
100	2819	0.928242
100	2820	1.17421
100	2821	1.14492
100	2822	1.05589
100	2823	0.908669
100	2824	1.08901
100	2825	0.943443
100	2826	0.878009
100	2827	0.922518
100	2828	0.989552
100	2829	1.06041
100	2830	0.875761
100	2831	1.32758
100	2832	1.05371
100	2833	0.831987
100	2834	0.985387
100	2835	0.842051
100	2836	0.994039
100	2837	1.04838
100	2838	0.903316
100	2839	1.184
100	2840	1.0958
100	2841	0.882335
100	2842	1.04834
100	2843	0.910078
100	2844	1.16052
100	2845	0.886723
100	2846	1.06951
100	2847	1.03731
100	2848	1.22086
100	2849	1.00462
100	2850	1.19408
100	2851	1.00461
100	2852	1.00176
100	2853	1.09527
100	2854	1.04221
100	2855	1.07753
100	2856	0.948064
100	2857	0.915882
100	2858	0.992977
100	2859	0.93192
100	2860	1.05645
100	2861	0.783052
100	2862	0.836143
100	2863	0.980068
100	2864	0.923697
100	2865	0.836181
100	2866	0.886725
100	2867	0.900427
100	2868	1.02277
100	2869	0.959291
100	2870	1.16259
100	2871	0.952624
100	2872	0.985997
100	2873	0.801262
100	2874	0.808741
100	2875	1.00654
100	2876	1.05438
100	2877	0.973194
100	2878	1.06634
100	2879	1.12738
100	2880	1.04689
100	2881	0.982965
100	2882	1.13947
100	2883	1.00601
100	2884	1.10292
100	2885	0.871876
100	2886	0.976047
100	2887	0.980621
100	2888	1.09387
100	2889	0.899687
100	2890	1.14541
100	2891	0.971368
100	2892	1.17199
100	2893	1.06639
100	2894	0.987792
100	2895	0.876151
100	2896	0.931641
100	2897	0.903199
100	2898	0.961984
100	2899	1.03381
100	2900	0.997368
100	2901	0.944009
100	2902	0.79944
100	2903	1.1553
100	2904	1.0307
100	2905	1.04599
100	2906	0.916515
100	2907	1.24613
100	2908	0.883295
100	2909	1.0628
100	2910	0.942907
100	2911	0.988294
100	2912	0.875876
100	2913	0.939268
100	2914	0.965176
100	2915	1.15278
100	2916	0.820247
100	2917	0.907879
100	2918	1.08984
100	2919	1.09704
100	2920	1.00158
100	2921	1.02884
100	2922	0.731721
100	2923	0.956984
100	2924	0.858313
100	2925	1.004
100	2926	0.930487
100	2927	0.933054
100	2928	0.996689
100	2929	1.05961
100	2930	1.0175
100	2931	0.943274
100	2932	1.11022
100	2933	0.973136
100	2934	1.03643
100	2935	1.12909
100	2936	1.21883
100	2937	0.948003
100	2938	1.05927
100	2939	1.06763
100	2940	1.01254
100	2941	0.930809
100	2942	0.9952
100	2943	0.930966
100	2944	0.958512
100	2945	1.04423
100	2946	0.906669
100	2947	1.0619
100	2948	0.943161
100	2949	1.07037
100	2950	0.988215
100	2951	0.867915
100	2952	0.918706
100	2953	0.772241
100	2954	0.94719
100	2955	1.08563
100	2956	0.982426
100	2957	0.989682
100	2958	0.903567
100	2959	1.03751
100	2960	1.0611
100	2961	0.870288
100	2962	0.997403
100	2963	0.758639
100	2964	0.997023
100	2965	0.942438
100	2966	0.934159
100	2967	0.820115
100	2968	0.909158
100	2969	1.08349
100	2970	1.0989
100	2971	0.897265
100	2972	0.963039
100	2973	1.04957
100	2974	0.992787
100	2975	1.14315
100	2976	0.840971
100	2977	1.07429
100	2978	0.958141
100	2979	1.0733
100	2980	1.01685
100	2981	0.983942
100	2982	1.03478
100	2983	1.0932
100	2984	1.06549
100	2985	1.04514
100	2986	0.886798
100	2987	0.908685
100	2988	1.1034
100	2989	0.928566
100	2990	1.00262
100	2991	0.997616
100	2992	0.898703
100	2993	1.01878
100	2994	1.05477
100	2995	0.998765
100	2996	1.14813
100	2997	1.05993
100	2998	1.02811
100	2999	1.08778
100	3000	0.980113
100	3001	0.893037
100	3002	0.944492
100	3003	1.17084
100	3004	0.794282
100	3005	1.11565
100	3006	0.938479
100	3007	0.950262
100	3008	0.989744
100	3009	1.07581
100	3010	0.948412
100	3011	1.02003
100	3012	0.884466
100	3013	1.06124
100	3014	1.05087
100	3015	1.03806
100	3016	1.00011
100	3017	1.06671
100	3018	1.00794
100	3019	1.14308
100	3020	1.18506
100	3021	0.945615
100	3022	1.26971
100	3023	1.05031
100	3024	1.02525
100	3025	0.926866
100	3026	0.747763
100	3027	1.05957
100	3028	0.970436
100	3029	0.928658
100	3030	0.989717
100	3031	0.878833
100	3032	0.861585
100	3033	0.932943
100	3034	1.18303
100	3035	1.15339
100	3036	1.05775
100	3037	0.852906
100	3038	0.947909
100	3039	1.31146
100	3040	0.963245
100	3041	1.04509
100	3042	1.06229
100	3043	1.12784
100	3044	0.899485
100	3045	1.1052
100	3046	1.22365
100	3047	0.910689
100	3048	1.14117
100	3049	1.0887
100	3050	0.962985
100	3051	0.88712
100	3052	0.947667
100	3053	1.13877
100	3054	1.07282
100	3055	1.02653
100	3056	1.03086
100	3057	0.972243
100	3058	0.998418
100	3059	1.2151
100	3060	1.09828
100	3061	0.792567
100	3062	0.986272
100	3063	1.04408
100	3064	0.826908
100	3065	1.05546
100	3066	0.968563
100	3067	0.775586
100	3068	1.24793
100	3069	1.0217
100	3070	0.98848
100	3071	1.03797
100	3072	1.10595
100	3073	1.07098
100	3074	1.23194
100	3075	1.12309
100	3076	1.2177
100	3077	1.02683
100	3078	0.930173
100	3079	1.06885
100	3080	1.15762
100	3081	1.15273
100	3082	1.0978
100	3083	1.04935
100	3084	0.957936
100	3085	0.963478
100	3086	1.05027
100	3087	0.946133
100	3088	1.04485
100	3089	1.03049
100	3090	0.990368
100	3091	1.05412
100	3092	0.78099
100	3093	0.939522
100	3094	1.09741
100	3095	1.024
100	3096	1.05295
100	3097	0.880303
100	3098	1.08367
100	3099	1.13928
100	3100	0.975021
100	3101	0.977866
100	3102	0.958912
100	3103	0.854937
100	3104	1.1429
100	3105	1.25496
100	3106	0.975976
100	3107	0.923892
100	3108	0.904577
100	3109	1.09002
100	3110	1.13445
100	3111	0.919267
100	3112	0.940697
100	3113	0.987966
100	3114	0.925152
100	3115	0.970937
100	3116	0.87948
100	3117	1.08804
100	3118	1.06828
100	3119	1.00186
100	3120	0.971769
100	3121	0.922713
100	3122	0.938333
100	3123	0.856905
100	3124	0.869217
100	3125	0.960141
100	3126	1.06049
100	3127	0.860037
100	3128	0.766734
100	3129	1.16046
100	3130	1.07083
100	3131	1.02548
100	3132	0.91711
100	3133	0.923734
100	3134	1.08135
100	3135	1.01762
100	3136	1.0951
100	3137	0.910218
100	3138	0.893312
100	3139	0.940539
100	3140	0.894006
100	3141	1.10262
100	3142	0.902315
100	3143	1.03248
100	3144	1.04075
100	3145	1.24291
100	3146	0.924908
100	3147	0.979217
100	3148	1.01909
100	3149	0.915464
100	3150	0.994252
100	3151	0.973211
100	3152	0.93393
100	3153	1.0645
100	3154	1.03106
100	3155	0.839461
100	3156	0.827879
100	3157	1.06029
100	3158	0.987636
100	3159	0.913619
100	3160	0.880426
100	3161	0.965606
100	3162	1.1349
100	3163	0.910177
100	3164	1.12642
100	3165	1.01
100	3166	0.965018
100	3167	0.821508
100	3168	1.03845
100	3169	1.03098
100	3170	1.1614
100	3171	0.867106
100	3172	0.971846
100	3173	0.961808
100	3174	0.96857
100	3175	0.906092
100	3176	0.986781
100	3177	1.11581
100	3178	1.14523
100	3179	0.973477
100	3180	0.980001
100	3181	1.01811
100	3182	1.00844
100	3183	0.904979
100	3184	1.02976
100	3185	1.04192
100	3186	0.995338
100	3187	1.05824
100	3188	0.977066
100	3189	0.996863
100	3190	1.05919
100	3191	1.12184
100	3192	1.14089
100	3193	1.11419
100	3194	0.885262
100	3195	1.03385
100	3196	1.04801
100	3197	1.01928
100	3198	0.906421
100	3199	0.921494
100	3200	1.06343
100	3201	0.928285
100	3202	0.947919
100	3203	0.967138
100	3204	0.883257
100	3205	0.951956
100	3206	1.13351
100	3207	0.978259
100	3208	0.980148
100	3209	0.864362
100	3210	0.859818
100	3211	1.11256
100	3212	0.848672
100	3213	1.06808
100	3214	0.956609
100	3215	0.889756
100	3216	1.01859
100	3217	0.972281
100	3218	1.05019
100	3219	1.08106
100	3220	0.968835
100	3221	1.02572
100	3222	1.09763
100	3223	1.1899
100	3224	0.880966
100	3225	1.10272
100	3226	1.0126
100	3227	0.94165
100	3228	0.767999
100	3229	0.992375
100	3230	0.998145
100	3231	0.906384
100	3232	0.915979
100	3233	0.822051
100	3234	0.87982
100	3235	0.999761
100	3236	0.879515
100	3237	0.964205
100	3238	1.09229
100	3239	1.0854
100	3240	0.977881
100	3241	0.912408
100	3242	1.09153
100	3243	0.909212
100	3244	1.07704
100	3245	0.953266
100	3246	0.948127
100	3247	0.872468
100	3248	1.12
100	3249	1.13084
100	3250	0.999431
100	3251	0.94585
100	3252	1.13192
100	3253	1.01236
100	3254	1.01449
100	3255	0.970584
100	3256	1.11032
100	3257	1.02073
100	3258	1.00013
100	3259	1.15556
100	3260	1.10599
100	3261	1.24625
100	3262	1.02534
100	3263	1.02706
100	3264	1.23863
100	3265	0.919316
100	3266	1.09829
100	3267	1.04943
100	3268	1.22045
100	3269	0.960575
100	3270	0.876575
100	3271	1.16049
100	3272	1.00573
100	3273	0.869626
100	3274	0.950292
100	3275	1.05775
100	3276	1.14597
100	3277	1.0712
100	3278	0.966616
100	3279	1.20956
100	3280	1.10325
100	3281	1.00952
100	3282	0.976869
100	3283	0.920814
100	3284	0.969836
100	3285	0.951722
100	3286	0.777138
100	3287	0.994352
100	3288	1.07489
100	3289	1.1955
100	3290	0.990808
100	3291	1.12273
100	3292	1.05511
100	3293	0.977311
100	3294	0.913157
100	3295	1.0281
100	3296	0.980488
100	3297	1.06757
100	3298	1.03659
100	3299	0.983973
100	3300	1.01198
100	3301	1.03821
100	3302	1.03916
100	3303	1.21342
100	3304	0.917725
100	3305	1.07729
100	3306	0.88414
100	3307	0.829746
100	3308	0.982267
100	3309	1.04289
100	3310	0.962302
100	3311	0.872762
100	3312	0.944405
100	3313	0.917738
100	3314	0.945914
100	3315	0.86767
100	3316	0.794232
100	3317	0.929641
100	3318	0.999599
100	3319	1.08604
100	3320	0.909598
100	3321	1.20125
100	3322	0.830426
100	3323	1.03429
100	3324	0.971854
100	3325	1.16659
100	3326	1.0573
100	3327	1.06656
100	3328	1.0419
100	3329	1.10702
100	3330	0.812297
100	3331	1.03366
100	3332	0.859985
100	3333	1.08091
100	3334	0.980062
100	3335	1.05929
100	3336	1.06862
100	3337	1.1089
100	3338	1.17325
100	3339	0.940742
100	3340	0.740146
100	3341	0.932855
100	3342	0.976952
100	3343	0.832816
100	3344	1.0258
100	3345	0.838053
100	3346	1.12786
100	3347	1.07516
100	3348	0.916843
100	3349	0.920353
100	3350	0.870714
100	3351	0.986487
100	3352	1.01966
100	3353	1.0901
100	3354	1.07869
100	3355	0.958893
100	3356	1.00317
100	3357	0.975932
100	3358	1.11802
100	3359	0.867471
100	3360	1.10926
100	3361	1.01431
100	3362	1.07965
100	3363	0.955644
100	3364	0.955829
100	3365	0.954663
100	3366	1.09192
100	3367	0.909782
100	3368	0.896353
100	3369	1.16708
100	3370	1.06369
100	3371	0.939037
100	3372	0.985404
100	3373	0.994042
100	3374	1.06134
100	3375	1.16269
100	3376	0.96617
100	3377	1.33677
100	3378	0.980515
100	3379	0.980479
100	3380	1.00696
100	3381	0.9063
100	3382	1.15511
100	3383	0.859406
100	3384	0.893948
100	3385	1.06308
100	3386	0.929096
100	3387	1.03665
100	3388	1.0973
100	3389	0.745142
100	3390	1.08443
100	3391	0.83757
100	3392	1.05493
100	3393	1.02996
100	3394	1.10974
100	3395	1.04666
100	3396	1.14756
100	3397	0.907867
100	3398	0.893884
100	3399	1.06089
100	3400	0.903743
100	3401	1.12518
100	3402	0.925584
100	3403	1.1664
100	3404	0.969092
100	3405	0.936644
100	3406	0.980551
100	3407	1.01269
100	3408	0.998147
100	3409	1.02946
100	3410	1.02813
100	3411	1.01606
100	3412	0.955303
100	3413	1.05238
100	3414	1.08901
100	3415	0.999796
100	3416	1.08308
100	3417	1.06626
100	3418	0.919086
100	3419	0.982651
100	3420	0.935519
100	3421	0.898221
100	3422	0.815515
100	3423	1.1986
100	3424	0.987757
100	3425	0.984719
100	3426	1.04502
100	3427	0.902624
100	3428	1.19143
100	3429	1.10831
100	3430	0.915241
100	3431	1.06742
100	3432	0.826088
100	3433	0.974873
100	3434	0.97447
100	3435	0.977987
100	3436	1.02387
100	3437	1.09243
100	3438	0.998587
100	3439	0.765173
100	3440	0.900829
100	3441	1.02542
100	3442	1.0843
100	3443	0.889141
100	3444	1.10969
100	3445	1.2393
100	3446	0.983646
100	3447	0.879377
100	3448	1.01735
100	3449	1.01399
100	3450	0.952623
100	3451	0.979196
100	3452	1.05339
100	3453	0.935596
100	3454	1.01146
100	3455	1.1381
100	3456	1.13024
100	3457	1.18305
100	3458	0.981381
100	3459	0.843967
100	3460	1.01691
100	3461	1.01551
100	3462	1.08462
100	3463	1.03615
100	3464	0.904327
100	3465	1.08376
100	3466	1.03297
100	3467	0.982989
100	3468	0.917616
100	3469	0.959971
100	3470	1.00594
100	3471	0.948111
100	3472	0.969632
100	3473	1.04861
100	3474	0.899237
100	3475	0.979876
100	3476	0.887534
100	3477	1.09725
100	3478	1.10139
100	3479	1.20083
100	3480	0.959288
100	3481	1.0833
100	3482	1.08542
100	3483	1.02443
100	3484	0.978102
100	3485	1.0943
100	3486	1.01942
100	3487	0.985003
100	3488	1.0133
100	3489	0.888537
100	3490	0.942971
100	3491	1.12863
100	3492	1.04997
100	3493	0.954655
100	3494	0.854741
100	3495	0.960596
100	3496	1.03226
100	3497	0.887526
100	3498	1.05899
100	3499	1.10891
100	3500	1.0547
100	3501	1.03949
100	3502	0.860611
100	3503	1.19125
100	3504	1.00975
100	3505	0.835533
100	3506	0.96815
100	3507	0.918687
100	3508	0.991057
100	3509	1.02293
100	3510	0.914305
100	3511	0.951288
100	3512	1.03372
100	3513	0.976843
100	3514	0.892773
100	3515	0.791183
100	3516	0.964593
100	3517	0.893841
100	3518	1.05805
100	3519	1.03262
100	3520	1.16371
100	3521	1.10618
100	3522	0.844278
100	3523	0.923799
100	3524	1.06553
100	3525	1.01588
100	3526	1.16466
100	3527	1.02447
100	3528	0.921728
100	3529	0.943269
100	3530	0.991473
100	3531	1.14198
100	3532	0.964077
100	3533	1.00143
100	3534	1.05437
100	3535	0.929612
100	3536	0.925505
100	3537	1.01001
100	3538	0.934995
100	3539	1.06107
100	3540	1.0185
100	3541	0.839328
100	3542	1.004
100	3543	1.00994
100	3544	1.15988
100	3545	0.987326
100	3546	0.951047
100	3547	0.980076
100	3548	1.11895
100	3549	0.910384
100	3550	1.16237
100	3551	1.19233
100	3552	0.949752
100	3553	1.06959
100	3554	1.17962
100	3555	0.853765
100	3556	0.891921
100	3557	1.03729
100	3558	0.971366
100	3559	0.983914
100	3560	0.88146
100	3561	0.904656
100	3562	1.02292
100	3563	0.888368
100	3564	1.02733
100	3565	1.01528
100	3566	1.10173
100	3567	1.09882
100	3568	0.953354
100	3569	0.864944
100	3570	1.08719
100	3571	0.957468
100	3572	1.01769
100	3573	1.00399
100	3574	1.06076
100	3575	0.755556
100	3576	0.922099
100	3577	1.06021
100	3578	1.16193
100	3579	1.07181
100	3580	1.00313
100	3581	0.854096
100	3582	1.03816
100	3583	0.945645
100	3584	1.01965
100	3585	1.06022
100	3586	0.937413
100	3587	1.05202
100	3588	1.11823
100	3589	0.892449
100	3590	1.09013
100	3591	1.06368
100	3592	1.0544
100	3593	0.933433
100	3594	0.864679
100	3595	0.879582
100	3596	1.00216
100	3597	1.006
100	3598	1.08279
100	3599	1.01436
100	3600	0.866017
100	3601	1.12953
100	3602	1.12257
100	3603	1.02086
100	3604	1.16501
100	3605	0.931986
100	3606	0.969831
100	3607	0.983625
100	3608	0.966826
100	3609	0.922735
100	3610	0.951303
100	3611	1.11975
100	3612	1.10475
100	3613	0.989683
100	3614	1.09119
100	3615	1.08172
100	3616	1.1565
100	3617	0.95168
100	3618	1.03588
100	3619	1.16941
100	3620	1.07055
100	3621	0.965654
100	3622	0.959786
100	3623	1.05443
100	3624	1.04991
100	3625	1.03545
100	3626	0.953409
100	3627	1.05796
100	3628	0.95713
100	3629	1.0445
100	3630	0.942541
100	3631	1.06219
100	3632	0.759791
100	3633	0.937353
100	3634	1.14028
100	3635	0.943346
100	3636	0.863908
100	3637	1.0712
100	3638	1.10165
100	3639	1.1186
100	3640	0.774665
100	3641	0.903987
100	3642	0.921284
100	3643	0.958257
100	3644	0.977583
100	3645	0.933615
100	3646	1.20172
100	3647	1.05183
100	3648	0.762394
100	3649	1.29312
100	3650	1.10274
100	3651	0.944421
100	3652	1.03719
100	3653	0.947966
100	3654	0.970262
100	3655	0.836543
100	3656	1.12451
100	3657	1.02251
100	3658	1.05199
100	3659	1.04627
100	3660	1.1316
100	3661	1.14762
100	3662	1.06673
100	3663	1.03578
100	3664	1.0857
100	3665	0.990295
100	3666	1.0569
100	3667	0.956546
100	3668	1.09485
100	3669	0.886419
100	3670	0.924381
100	3671	0.972228
100	3672	0.785525
100	3673	1.07703
100	3674	1.05848
100	3675	0.971725
100	3676	1.07239
100	3677	0.938649
100	3678	1.24118
100	3679	0.776939
100	3680	1.09056
100	3681	0.921706
100	3682	1.02361
100	3683	0.919321
100	3684	0.973467
100	3685	0.761305
100	3686	0.918962
100	3687	1.19841
100	3688	0.769209
100	3689	0.817893
100	3690	1.07173
100	3691	0.960884
100	3692	0.984329
100	3693	1.04822
100	3694	0.908038
100	3695	0.986969
100	3696	1.10454
100	3697	0.962212
100	3698	0.929672
100	3699	0.884147
100	3700	1.0422
100	3701	0.941094
100	3702	1.26631
100	3703	0.940913
100	3704	0.980499
100	3705	1.01242
100	3706	1.16578
100	3707	0.971401
100	3708	0.896481
100	3709	1.14632
100	3710	1.24979
100	3711	1.01757
100	3712	0.919707
100	3713	0.73275
100	3714	1.13597
100	3715	0.922272
100	3716	1.0402
100	3717	1.0889
100	3718	0.825589
100	3719	0.913919
100	3720	0.929946
100	3721	0.879042
100	3722	1.0951
100	3723	0.94344
100	3724	1.05807
100	3725	0.84897
100	3726	1.05686
100	3727	1.16411
100	3728	1.01556
100	3729	0.787577
100	3730	0.989362
100	3731	1.00136
100	3732	0.876822
100	3733	0.892135
100	3734	1.18106
100	3735	0.907877
100	3736	0.993574
100	3737	0.935643
100	3738	0.975411
100	3739	0.981901
100	3740	1.15458
100	3741	0.981718
100	3742	1.06425
100	3743	0.798888
100	3744	0.932526
100	3745	1.12414
100	3746	0.80483
100	3747	0.951225
100	3748	1.07863
100	3749	1.07474
100	3750	1.10141
100	3751	1.29616
100	3752	0.91503
100	3753	0.916101
100	3754	0.938941
100	3755	0.987847
100	3756	1.16369
100	3757	0.860864
100	3758	0.966331
100	3759	1.06584
100	3760	0.983693
100	3761	0.881004
100	3762	1.16315
100	3763	0.869397
100	3764	0.80351
100	3765	1.06692
100	3766	0.918814
100	3767	0.891322
100	3768	0.910612
100	3769	1.09236
100	3770	0.948975
100	3771	0.957456
100	3772	1.08498
100	3773	1.00105
100	3774	0.78641
100	3775	0.977075
100	3776	0.950758
100	3777	1.00382
100	3778	1.01006
100	3779	1.07558
100	3780	0.955931
100	3781	1.17817
100	3782	1.01526
100	3783	1.01884
100	3784	0.935796
100	3785	0.925605
100	3786	0.896934
100	3787	0.926935
100	3788	0.949052
100	3789	0.99631
100	3790	1.03145
100	3791	0.918408
100	3792	0.898094
100	3793	0.970293
100	3794	0.841378
100	3795	0.964731
100	3796	0.901382
100	3797	1.01927
100	3798	0.919708
100	3799	0.980583
100	3800	1.00534
100	3801	0.953035
100	3802	0.997636
100	3803	0.858873
100	3804	1.11539
100	3805	0.972493
100	3806	0.92529
100	3807	1.10039
100	3808	0.811877
100	3809	1.07056
100	3810	1.00714
100	3811	0.939401
100	3812	0.944947
100	3813	1.07334
100	3814	1.03863
100	3815	1.14233
100	3816	1.00502
100	3817	0.986316
100	3818	1.00346
100	3819	0.830091
100	3820	0.893858
100	3821	0.911143
100	3822	0.955355
100	3823	0.997546
100	3824	1.00118
100	3825	1.19995
100	3826	0.977879
100	3827	1.07113
100	3828	0.968962
100	3829	1.07605
100	3830	1.02852
100	3831	1.00341
100	3832	0.893142
100	3833	0.986811
100	3834	0.963815
100	3835	1.081
100	3836	1.17157
100	3837	0.990197
100	3838	0.900055
100	3839	1.05293
100	3840	1.19904
100	3841	0.836385
100	3842	1.11749
100	3843	1.01251
100	3844	0.846616
100	3845	0.981045
100	3846	0.856158
100	3847	0.907284
100	3848	0.81529
100	3849	1.11983
100	3850	1.08078
100	3851	0.818517
100	3852	0.956909
100	3853	1.10044
100	3854	0.828782
100	3855	0.950338
100	3856	0.993274
100	3857	1.0748
100	3858	1.10887
100	3859	0.8528
100	3860	0.962403
100	3861	0.895028
100	3862	0.951253
100	3863	1.07457
100	3864	1.04855
100	3865	1.03213
100	3866	0.906346
100	3867	1.04672
100	3868	1.02311
100	3869	1.00383
100	3870	0.953696
100	3871	0.974006
100	3872	1.11237
100	3873	0.935249
100	3874	0.990092
100	3875	1.0449
100	3876	0.823617
100	3877	1.09383
100	3878	1.07196
100	3879	1.01099
100	3880	1.02148
100	3881	1.08696
100	3882	0.876544
100	3883	0.832475
100	3884	1.03132
100	3885	0.998069
100	3886	0.995678
100	3887	1.05191
100	3888	0.850017
100	3889	0.915265
100	3890	1.00604
100	3891	1.03627
100	3892	1.03655
100	3893	0.914367
100	3894	0.962427
100	3895	0.958855
100	3896	0.993326
100	3897	1.29037
100	3898	1.12257
100	3899	1.09551
100	3900	1.04721
100	3901	0.989613
100	3902	1.05209
100	3903	0.877298
100	3904	0.958116
100	3905	1.05235
100	3906	1.01531
100	3907	0.948957
100	3908	0.979515
100	3909	1.03728
100	3910	1.01899
100	3911	0.98157
100	3912	1.09568
100	3913	1.03217
100	3914	1.0523
100	3915	0.961081
100	3916	1.02811
100	3917	0.985924
100	3918	1.04438
100	3919	1.15845
100	3920	1.06089
100	3921	0.990313
100	3922	1.03103
100	3923	0.854897
100	3924	1.13343
100	3925	0.98397
100	3926	0.929803
100	3927	1.16654
100	3928	1.04759
100	3929	1.24056
100	3930	0.925399
100	3931	0.998005
100	3932	0.897334
100	3933	0.957103
100	3934	0.992085
100	3935	0.879837
100	3936	1.04912
100	3937	1.1607
100	3938	1.01234
100	3939	1.13745
100	3940	0.971284
100	3941	0.902551
100	3942	0.940808
100	3943	1.01329
100	3944	0.908397
100	3945	0.942037
100	3946	0.985398
100	3947	0.938985
100	3948	1.04047
100	3949	0.98264
100	3950	1.0445
100	3951	0.784415
100	3952	0.902576
100	3953	1.11478
100	3954	1.06325
100	3955	0.775656
100	3956	1.05161
100	3957	1.10438
100	3958	1.0814
100	3959	1.16477
100	3960	0.859927
100	3961	0.963128
100	3962	0.940379
100	3963	1.07312
100	3964	0.892784
100	3965	0.796699
100	3966	0.838601
100	3967	1.06421
100	3968	1.08474
100	3969	1.04498
100	3970	0.972265
100	3971	1.1104
100	3972	1.05401
100	3973	0.852553
100	3974	1.28282
100	3975	0.921301
100	3976	1.02471
100	3977	0.898881
100	3978	1.0158
100	3979	1.05958
100	3980	0.873486
100	3981	0.933369
100	3982	1.09675
100	3983	0.909354
100	3984	1.12904
100	3985	1.0779
100	3986	0.883813
100	3987	1.07382
100	3988	0.937252
100	3989	1.00158
100	3990	1.14161
100	3991	1.02853
100	3992	0.957375
100	3993	0.970366
100	3994	0.959105
100	3995	1.06658
100	3996	0.877267
100	3997	0.878537
100	3998	1.12427
100	3999	1.01694
100	4000	0.946507
100	4001	1.06789
100	4002	1.03971
100	4003	1.0505
100	4004	0.947255
100	4005	1.02123
100	4006	0.931239
100	4007	0.916132
100	4008	0.793031
100	4009	0.968012
100	4010	1.00739
100	4011	0.895487
100	4012	1.14218
100	4013	0.968856
100	4014	0.931244
100	4015	1.23514
100	4016	0.953191
100	4017	0.93145
100	4018	1.05782
100	4019	1.1587
100	4020	0.968169
100	4021	1.10956
100	4022	1.03359
100	4023	0.855597
100	4024	1.02171
100	4025	0.867452
100	4026	1.10576
100	4027	0.92122
100	4028	1.08116
100	4029	1.10022
100	4030	1.12154
100	4031	0.876206
100	4032	1.06258
100	4033	0.92162
100	4034	0.857089
100	4035	1.17112
100	4036	1.06918
100	4037	0.752218
100	4038	0.987082
100	4039	1.10918
100	4040	1.12104
100	4041	1.03365
100	4042	1.04328
100	4043	1.08987
100	4044	0.973934
100	4045	1.06006
100	4046	1.08787
100	4047	0.981327
100	4048	0.962573
100	4049	0.955912
100	4050	0.992181
100	4051	1.0717
100	4052	1.13469
100	4053	1.05898
100	4054	0.908808
100	4055	0.908487
100	4056	0.958458
100	4057	1.09515
100	4058	0.954988
100	4059	0.960457
100	4060	0.92302
100	4061	0.903843
100	4062	1.24857
100	4063	1.20967
100	4064	0.997164
100	4065	0.98534
100	4066	0.99929
100	4067	1.03954
100	4068	1.16413
100	4069	1.07681
100	4070	1.08314
100	4071	0.984978
100	4072	0.966607
100	4073	1.11831
100	4074	1.00688
100	4075	0.835771
100	4076	1.10741
100	4077	0.95324
100	4078	0.904582
100	4079	1.01114
100	4080	1.16574
100	4081	1.05374
100	4082	1.07714
100	4083	1.10731
100	4084	1.03097
100	4085	0.989118
100	4086	1.06963
100	4087	0.929936
100	4088	1.19392
100	4089	0.845262
100	4090	0.997932
100	4091	0.974214
100	4092	0.883697
100	4093	0.892134
100	4094	0.891354
100	4095	0.780881
100	4096	0.960014
100	4097	0.902921
100	4098	1.01793
100	4099	1.15687
100	4100	0.970822
100	4101	0.995786
100	4102	1.01755
100	4103	0.83324
100	4104	0.990333
100	4105	0.986231
100	4106	1.03826
100	4107	1.23905
100	4108	0.984952
100	4109	1.18439
100	4110	0.771527
100	4111	0.911227
100	4112	1.12271
100	4113	1.0953
100	4114	0.850065
100	4115	0.831049
100	4116	0.895861
100	4117	1.19668
100	4118	1.0273
100	4119	1.06059
100	4120	0.921415
100	4121	1.02784
100	4122	0.925554
100	4123	0.750179
100	4124	0.856717
100	4125	0.932773
100	4126	0.823755
100	4127	0.887683
100	4128	0.937307
100	4129	0.890419
100	4130	0.884713
100	4131	1.09938
100	4132	1.02164
100	4133	0.838076
100	4134	1.04251
100	4135	0.957689
100	4136	0.986462
100	4137	1.00509
100	4138	0.762396
100	4139	1.14388
100	4140	0.876081
100	4141	0.894538
100	4142	1.09819
100	4143	0.928589
100	4144	1.02276
100	4145	0.992399
100	4146	1.05276
100	4147	0.97779
100	4148	0.915524
100	4149	0.979733
100	4150	0.960145
100	4151	1.04931
100	4152	0.845819
100	4153	1.00597
100	4154	1.02731
100	4155	0.843484
100	4156	0.977531
100	4157	0.963896
100	4158	0.897261
100	4159	0.911367
100	4160	1.00452
100	4161	0.852712
100	4162	0.930279
100	4163	1.01114
100	4164	0.956369
100	4165	0.936266
100	4166	1.03733
100	4167	0.931014
100	4168	0.869704
100	4169	0.900319
100	4170	0.871733
100	4171	1.15664
100	4172	1.10471
100	4173	1.25406
100	4174	0.949114
100	4175	0.841591
100	4176	0.942382
100	4177	0.871326
100	4178	0.987503
100	4179	1.16055
100	4180	0.876686
100	4181	0.8181
100	4182	1.0127
100	4183	1.066
100	4184	0.912911
100	4185	1.07934
100	4186	1.0353
100	4187	0.855877
100	4188	0.920068
100	4189	1.10519
100	4190	0.816375
100	4191	1.09498
100	4192	0.899784
100	4193	0.970977
100	4194	1.04798
100	4195	1.04442
100	4196	0.881656
100	4197	0.992675
100	4198	0.906833
100	4199	0.925703
100	4200	0.917752
100	4201	1.13797
100	4202	1.02706
100	4203	1.03377
100	4204	0.890168
100	4205	0.973952
100	4206	0.949903
100	4207	0.978055
100	4208	1.07772
100	4209	0.973219
100	4210	1.02703
100	4211	1.05375
100	4212	1.11396
100	4213	1.11969
100	4214	1.09584
100	4215	0.917334
100	4216	1.04764
100	4217	0.950586
100	4218	1.05634
100	4219	0.94166
100	4220	0.93006
100	4221	0.835166
100	4222	1.13764
100	4223	1.00742
100	4224	0.958005
100	4225	1.04973
100	4226	0.8176
100	4227	1.16144
100	4228	0.998782
100	4229	0.948007
100	4230	1.12098
100	4231	0.916453
100	4232	1.17829
100	4233	1.08013
100	4234	1.00415
100	4235	1.08442
100	4236	1.09536
100	4237	1.01771
100	4238	0.931074
100	4239	0.890475
100	4240	1.00435
100	4241	0.98823
100	4242	1.17161
100	4243	0.88045
100	4244	0.839665
100	4245	0.893101
100	4246	1.096
100	4247	0.967629
100	4248	1.03695
100	4249	0.796966
100	4250	1.12031
100	4251	1.27483
100	4252	0.97422
100	4253	0.88851
100	4254	1.09539
100	4255	0.945379
100	4256	0.865342
100	4257	1.07409
100	4258	1.02028
100	4259	1.09166
100	4260	0.900068
100	4261	0.978795
100	4262	1.28422
100	4263	0.99492
100	4264	1.07292
100	4265	0.923033
100	4266	1.10262
100	4267	1.06146
100	4268	1.11698
100	4269	0.93107
100	4270	1.02004
100	4271	1.06237
100	4272	1.25258
100	4273	1.11801
100	4274	0.994935
100	4275	1.14874
100	4276	1.35924
100	4277	0.964983
100	4278	0.968452
100	4279	0.901763
100	4280	1.03609
100	4281	1.08962
100	4282	0.967794
100	4283	0.963935
100	4284	0.963741
100	4285	1.0621
100	4286	0.972624
100	4287	1.05459
100	4288	1.03974
100	4289	0.920265
100	4290	1.07568
100	4291	0.801206
100	4292	1.00404
100	4293	0.941678
100	4294	1.14384
100	4295	1.10009
100	4296	0.650308
100	4297	0.939468
100	4298	0.929436
100	4299	0.888142
100	4300	1.08139
100	4301	0.86759
100	4302	0.777561
100	4303	0.970596
100	4304	0.913871
100	4305	0.798643
100	4306	0.985831
100	4307	1.03708
100	4308	0.934056
100	4309	1.02784
100	4310	0.879155
100	4311	1.09392
100	4312	1.00418
100	4313	1.13157
100	4314	1.12871
100	4315	0.851365
100	4316	1.10018
100	4317	1.02412
100	4318	0.926045
100	4319	1.01821
100	4320	0.920862
100	4321	1.00642
100	4322	1.26274
100	4323	0.876375
100	4324	1.01283
100	4325	0.895202
100	4326	1.04372
100	4327	1.03376
100	4328	1.17915
100	4329	1.01659
100	4330	1.04507
100	4331	1.03445
100	4332	1.0664
100	4333	0.947694
100	4334	0.810716
100	4335	0.781777
100	4336	0.991515
100	4337	1.06065
100	4338	1.09041
100	4339	0.854857
100	4340	1.05015
100	4341	1.2828
100	4342	1.11046
100	4343	1.06246
100	4344	0.940841
100	4345	0.951146
100	4346	0.908725
100	4347	0.943262
100	4348	0.809673
100	4349	0.914042
100	4350	0.973767
100	4351	1.01599
100	4352	1.05664
100	4353	0.936815
100	4354	0.889427
100	4355	1.10776
100	4356	0.821988
100	4357	0.961231
100	4358	1.0672
100	4359	1.10319
100	4360	0.957916
100	4361	1.09735
100	4362	1.06628
100	4363	1.04994
100	4364	1.05995
100	4365	0.986723
100	4366	1.09681
100	4367	0.952873
100	4368	0.952342
100	4369	0.943401
100	4370	0.99365
100	4371	1.03253
100	4372	1.1992
100	4373	1.04509
100	4374	1.12035
100	4375	1.08029
100	4376	0.940286
100	4377	1.07602
100	4378	0.795962
100	4379	1.00828
100	4380	0.794814
100	4381	0.917415
100	4382	1.02086
100	4383	0.76487
100	4384	1.03602
100	4385	1.01137
100	4386	1.08212
100	4387	0.826406
100	4388	1.11876
100	4389	1.02786
100	4390	0.934116
100	4391	1.02025
100	4392	0.993284
100	4393	1.01855
100	4394	1.05888
100	4395	0.976994
100	4396	1.0382
100	4397	1.15489
100	4398	0.980189
100	4399	0.933159
100	4400	1.02163
100	4401	0.951113
100	4402	0.962363
100	4403	1.08156
100	4404	1.06584
100	4405	1.003
100	4406	0.822766
100	4407	1.03671
100	4408	0.904897
100	4409	0.987935
100	4410	1.13143
100	4411	0.855747
100	4412	0.890984
100	4413	0.984909
100	4414	0.970138
100	4415	1.02612
100	4416	0.837685
100	4417	1.12977
100	4418	0.992098
100	4419	0.953096
100	4420	1.07511
100	4421	0.878565
100	4422	0.907123
100	4423	0.908252
100	4424	1.20163
100	4425	1.02535
100	4426	1.10501
100	4427	0.961197
100	4428	1.07031
100	4429	1.08485
100	4430	0.927148
100	4431	0.958901
100	4432	0.98039
100	4433	1.03315
100	4434	0.792187
100	4435	1.06416
100	4436	0.927145
100	4437	1.1667
100	4438	0.815746
100	4439	0.953779
100	4440	1.04698
100	4441	0.990017
100	4442	0.826772
100	4443	0.858674
100	4444	0.834415
100	4445	0.964885
100	4446	1.06128
100	4447	0.979218
100	4448	1.19954
100	4449	1.11438
100	4450	1.02556
100	4451	1.06957
100	4452	0.857609
100	4453	1.002
100	4454	1.0128
100	4455	1.1222
100	4456	0.98733
100	4457	1.04539
100	4458	1.35147
100	4459	1.05246
100	4460	1.02502
100	4461	0.8082
100	4462	0.957032
100	4463	0.989127
100	4464	1.01592
100	4465	0.994375
100	4466	1.04375
100	4467	0.998442
100	4468	1.25965
100	4469	1.03215
100	4470	1.03378
100	4471	1.11059
100	4472	0.79426
100	4473	1.03125
100	4474	1.05652
100	4475	0.999596
100	4476	0.829838
100	4477	1.01212
100	4478	1.02696
100	4479	1.23873
100	4480	0.90822
100	4481	0.934159
100	4482	0.947304
100	4483	0.899119
100	4484	0.935065
100	4485	0.992257
100	4486	1.12824
100	4487	1.07491
100	4488	0.865704
100	4489	0.955363
100	4490	0.948642
100	4491	0.86622
100	4492	0.955367
100	4493	0.800437
100	4494	0.894341
100	4495	0.968381
100	4496	1.05647
100	4497	1.04729
100	4498	1.16161
100	4499	0.848841
100	4500	0.95037
100	4501	1.01078
100	4502	0.895415
100	4503	0.949257
100	4504	1.15237
100	4505	1.15644
100	4506	1.09407
100	4507	1.05796
100	4508	1.01152
100	4509	0.799045
100	4510	1.08899
100	4511	0.920613
100	4512	1.10138
100	4513	1.26025
100	4514	1.06158
100	4515	1.09367
100	4516	0.949892
100	4517	0.934935
100	4518	1.01383
100	4519	1.08152
100	4520	0.804145
100	4521	1.23984
100	4522	1.06269
100	4523	1.0946
100	4524	1.02263
100	4525	0.90346
100	4526	0.886108
100	4527	0.870346
100	4528	1.12452
100	4529	0.836389
100	4530	0.960696
100	4531	1.1577
100	4532	0.950538
100	4533	1.02779
100	4534	0.83898
100	4535	1.15565
100	4536	1.01056
100	4537	0.880507
100	4538	1.02597
100	4539	1.08434
100	4540	1.02989
100	4541	0.89193
100	4542	0.998673
100	4543	0.95281
100	4544	0.942499
100	4545	0.930654
100	4546	1.07861
100	4547	1.05581
100	4548	0.994417
100	4549	1.03195
100	4550	0.884652
100	4551	1.01982
100	4552	0.865969
100	4553	1.06177
100	4554	1.06309
100	4555	0.922078
100	4556	1.05995
100	4557	0.944474
100	4558	0.920713
100	4559	1.1964
100	4560	0.805274
100	4561	0.973506
100	4562	1.09035
100	4563	1.20509
100	4564	1.00695
100	4565	1.1296
100	4566	1.18471
100	4567	1.05485
100	4568	1.17473
100	4569	1.13881
100	4570	0.99001
100	4571	0.933234
100	4572	1.05869
100	4573	0.910001
100	4574	1.05335
100	4575	1.10102
100	4576	0.996653
100	4577	0.926417
100	4578	1.0987
100	4579	1.12751
100	4580	0.952037
100	4581	0.969102
100	4582	0.883882
100	4583	1.08782
100	4584	0.881016
100	4585	0.883254
100	4586	0.869645
100	4587	0.917627
100	4588	1.10499
100	4589	1.02382
100	4590	0.958824
100	4591	1.18556
100	4592	0.988377
100	4593	1.11006
100	4594	0.942887
100	4595	0.916318
100	4596	0.887468
100	4597	1.06186
100	4598	0.896961
100	4599	0.942376
100	4600	0.987943
100	4601	0.936142
100	4602	1.18166
100	4603	0.99258
100	4604	0.834782
100	4605	0.975567
100	4606	0.97755
100	4607	0.932498
100	4608	1.0889
100	4609	1.04815
100	4610	1.07261
100	4611	1.17942
100	4612	0.96117
100	4613	1.02775
100	4614	1.03839
100	4615	0.984254
100	4616	0.97
100	4617	0.961893
100	4618	1.06891
100	4619	1.02627
100	4620	0.982387
100	4621	0.948832
100	4622	1.0976
100	4623	0.870273
100	4624	1.11642
100	4625	0.855135
100	4626	1.0623
100	4627	0.860888
100	4628	1.28845
100	4629	0.938771
100	4630	0.889975
100	4631	0.817387
100	4632	1.07953
100	4633	1.05226
100	4634	1.0128
100	4635	1.03504
100	4636	0.91385
100	4637	1.08856
100	4638	0.976953
100	4639	0.987754
100	4640	1.00832
100	4641	0.958774
100	4642	0.910312
100	4643	1.04646
100	4644	0.893722
100	4645	0.977376
100	4646	1.09435
100	4647	1.07419
100	4648	0.958344
100	4649	1.02045
100	4650	0.930127
100	4651	0.939274
100	4652	1.00548
100	4653	0.87784
100	4654	0.962776
100	4655	1.14387
100	4656	0.886351
100	4657	0.875685
100	4658	0.98694
100	4659	1.0017
100	4660	0.830642
100	4661	0.943806
100	4662	0.834209
100	4663	1.21971
100	4664	1.06768
100	4665	0.98567
100	4666	1.09744
100	4667	1.064
100	4668	0.919619
100	4669	1.10649
100	4670	1.14905
100	4671	0.944557
100	4672	0.886253
100	4673	1.05392
100	4674	0.887702
100	4675	0.960219
100	4676	0.942912
100	4677	0.981042
100	4678	0.994159
100	4679	0.777728
100	4680	0.795608
100	4681	0.982085
100	4682	1.06078
100	4683	0.992171
100	4684	0.989942
100	4685	1.00989
100	4686	0.987476
100	4687	0.986469
100	4688	0.895594
100	4689	0.984348
100	4690	0.95685
100	4691	0.869849
100	4692	0.8551
100	4693	1.23929
100	4694	1.02376
100	4695	1.02515
100	4696	1.00095
100	4697	1.0636
100	4698	1.11737
100	4699	0.971887
100	4700	0.932911
100	4701	1.08307
100	4702	1.05121
100	4703	0.999813
100	4704	0.993533
100	4705	0.834071
100	4706	1.18722
100	4707	0.95104
100	4708	0.795827
100	4709	1.0911
100	4710	1.25544
100	4711	1.18337
100	4712	1.06611
100	4713	0.927894
100	4714	0.988805
100	4715	0.864894
100	4716	0.993154
100	4717	1.13476
100	4718	1.05962
100	4719	0.822018
100	4720	1.04921
100	4721	0.957667
100	4722	0.949106
100	4723	1.01246
100	4724	1.12152
100	4725	0.918934
100	4726	0.988637
100	4727	0.983669
100	4728	1.07211
100	4729	0.869882
100	4730	1.02177
100	4731	1.05488
100	4732	0.985302
100	4733	0.963212
100	4734	0.890049
100	4735	1.01734
100	4736	0.918667
100	4737	0.966034
100	4738	0.89291
100	4739	1.18484
100	4740	0.858775
100	4741	0.927775
100	4742	0.759484
100	4743	0.917748
100	4744	0.819328
100	4745	1.05115
100	4746	1.13775
100	4747	1.02459
100	4748	1.2073
100	4749	1.05505
100	4750	0.978341
100	4751	0.920937
100	4752	0.8108
100	4753	1.02149
100	4754	1.05584
100	4755	0.915866
100	4756	0.909355
100	4757	1.15351
100	4758	1.05861
100	4759	0.879833
100	4760	0.935489
100	4761	1.00866
100	4762	0.937495
100	4763	1.07251
100	4764	0.991728
100	4765	0.792932
100	4766	1.0612
100	4767	1.13372
100	4768	0.988897
100	4769	0.885092
100	4770	1.09958
100	4771	1.18276
100	4772	1.05271
100	4773	0.993388
100	4774	1.17171
100	4775	1.04502
100	4776	1.23645
100	4777	0.922678
100	4778	1.0203
100	4779	0.976241
100	4780	1.01548
100	4781	1.03658
100	4782	1.00098
100	4783	1.04282
100	4784	1.19456
100	4785	0.879875
100	4786	1.08295
100	4787	0.864801
100	4788	1.06362
100	4789	1.04532
100	4790	1.01655
100	4791	1.0868
100	4792	0.878094
100	4793	1.1106
100	4794	1.05298
100	4795	1.00725
100	4796	1.12512
100	4797	1.06334
100	4798	1.12169
100	4799	0.918353
100	4800	0.921261
100	4801	1.02586
100	4802	1.12165
100	4803	0.991719
100	4804	0.928412
100	4805	1.05925
100	4806	0.948826
100	4807	0.836761
100	4808	1.12009
100	4809	1.09808
100	4810	1.00755
100	4811	0.902792
100	4812	0.861119
100	4813	0.929096
100	4814	0.913294
100	4815	0.919101
100	4816	1.1273
100	4817	0.809583
100	4818	0.915554
100	4819	0.883819
100	4820	0.914684
100	4821	1.11403
100	4822	1.00858
100	4823	1.00193
100	4824	1.0072
100	4825	1.03771
100	4826	0.857144
100	4827	1.05577
100	4828	0.989978
100	4829	0.846747
100	4830	0.966305
100	4831	1.03375
100	4832	1.04907
100	4833	0.936903
100	4834	0.958329
100	4835	0.96295
100	4836	1.07714
100	4837	1.04805
100	4838	1.15648
100	4839	0.931231
100	4840	1.03818
100	4841	0.952743
100	4842	0.923462
100	4843	0.977257
100	4844	0.869704
100	4845	0.901855
100	4846	1.13591
100	4847	0.913219
100	4848	0.970711
100	4849	0.930314
100	4850	0.800622
100	4851	0.799552
100	4852	0.908679
100	4853	1.30704
100	4854	1.08334
100	4855	1.01882
100	4856	1.01804
100	4857	1.07648
100	4858	0.965157
100	4859	0.866477
100	4860	0.915871
100	4861	0.88849
100	4862	0.993875
100	4863	0.842103
100	4864	1.03613
100	4865	0.984587
100	4866	0.832174
100	4867	0.967582
100	4868	1.11296
100	4869	0.95068
100	4870	0.91515
100	4871	0.910209
100	4872	1.11534
100	4873	1.02126
100	4874	0.820351
100	4875	0.957842
100	4876	0.996005
100	4877	1.08995
100	4878	0.906447
100	4879	0.997099
100	4880	1.00634
100	4881	1.02941
100	4882	0.97222
100	4883	0.938162
100	4884	0.98013
100	4885	0.961877
100	4886	0.915366
100	4887	1.01538
100	4888	1.05411
100	4889	1.12444
100	4890	0.855116
100	4891	0.825851
100	4892	1.02232
100	4893	1.00956
100	4894	1.09667
100	4895	0.93431
100	4896	1.12882
100	4897	0.867209
100	4898	0.978604
100	4899	1.08941
100	4900	1.0089
100	4901	1.02306
100	4902	1.03709
100	4903	1.07884
100	4904	0.957187
100	4905	0.983673
100	4906	0.873055
100	4907	1.11434
100	4908	0.972131
100	4909	1.03588
100	4910	1.10722
100	4911	0.85038
100	4912	0.868517
100	4913	0.810903
100	4914	0.985913
100	4915	0.942343
100	4916	0.963285
100	4917	0.828895
100	4918	0.896255
100	4919	0.83032
100	4920	1.13437
100	4921	1.00049
100	4922	0.799432
100	4923	1.00791
100	4924	1.17362
100	4925	0.950226
100	4926	0.782112
100	4927	0.926979
100	4928	0.958146
100	4929	0.962579
100	4930	0.892946
100	4931	0.841459
100	4932	0.933419
100	4933	1.00064
100	4934	0.835562
100	4935	0.906024
100	4936	1.05411
100	4937	0.981262
100	4938	0.962397
100	4939	1.15686
100	4940	1.07269
100	4941	1.14747
100	4942	1.07916
100	4943	1.10134
100	4944	0.86592
100	4945	0.963099
100	4946	0.942326
100	4947	1.02081
100	4948	0.964408
100	4949	1.01023
100	4950	1.08683
100	4951	1.22638
100	4952	0.978581
100	4953	1.00187
100	4954	0.959667
100	4955	1.08602
100	4956	0.997004
100	4957	1.13749
100	4958	1.13863
100	4959	0.980223
100	4960	0.959504
100	4961	0.905957
100	4962	0.834355
100	4963	1.00408
100	4964	0.950927
100	4965	1.00422
100	4966	0.921181
100	4967	1.06955
100	4968	1.08208
100	4969	1.23777
100	4970	0.937905
100	4971	0.918776
100	4972	0.883906
100	4973	1.13103
100	4974	1.04485
100	4975	1.03064
100	4976	0.842443
100	4977	0.889206
100	4978	0.894987
100	4979	0.950268
100	4980	0.863341
100	4981	1.04989
100	4982	0.850179
100	4983	1.11998
100	4984	1.09757
100	4985	1.01494
100	4986	0.869802
100	4987	0.888482
100	4988	1.09753
100	4989	0.941292
100	4990	0.948912
100	4991	1.19729
100	4992	1.17057
100	4993	0.991635
100	4994	0.830395
100	4995	1.0284
100	4996	1.19813
100	4997	1.04021
100	4998	1.04537
100	4999	1.07547
100	5000	1.07442
100	5001	1.05438
100	5002	1.07925
100	5003	1.29188
100	5004	0.971633
100	5005	1.10321
100	5006	1.07347
100	5007	1.1874
100	5008	0.976074
100	5009	1.01546
100	5010	1.05103
100	5011	1.02373
100	5012	0.785858
100	5013	0.998072
100	5014	0.88192
100	5015	0.945085
100	5016	0.962372
100	5017	0.936049
100	5018	1.08344
100	5019	1.00552
100	5020	0.985553
100	5021	1.11266
100	5022	0.985195
100	5023	1.0085
100	5024	1.02613
100	5025	1.05319
100	5026	0.960192
100	5027	0.980719
100	5028	1.08204
100	5029	0.960619
100	5030	1.14424
100	5031	1.03672
100	5032	1.12722
100	5033	0.978187
100	5034	1.00781
100	5035	0.891006
100	5036	0.903609
100	5037	1.18124
100	5038	1.16115
100	5039	1.02027
100	5040	0.871178
100	5041	1.05079
100	5042	1.04593
100	5043	0.929032
100	5044	0.821907
100	5045	0.990463
100	5046	1.02074
100	5047	0.989122
100	5048	1.00877
100	5049	0.827658
100	5050	0.993744
100	5051	0.909855
100	5052	1.17194
100	5053	0.839446
100	5054	0.991761
100	5055	0.987011
100	5056	1.01431
100	5057	0.873105
100	5058	0.966753
100	5059	0.893997
100	5060	0.999591
100	5061	0.970882
100	5062	0.867222
100	5063	1.16829
100	5064	1.12159
100	5065	0.829061
100	5066	0.99736
100	5067	0.821333
100	5068	0.962374
100	5069	1.1279
100	5070	0.915515
100	5071	0.986262
100	5072	1.03009
100	5073	0.894104
100	5074	1.07703
100	5075	0.934341
100	5076	0.912786
100	5077	1.01126
100	5078	0.953724
100	5079	1.0311
100	5080	1.13449
100	5081	1.10992
100	5082	1.12546
100	5083	1.10946
100	5084	0.933902
100	5085	1.03807
100	5086	0.93072
100	5087	0.954546
100	5088	1.08182
100	5089	0.96858
100	5090	1.13904
100	5091	1.19498
100	5092	1.02832
100	5093	0.974921
100	5094	0.970545
100	5095	0.927498
100	5096	0.992771
100	5097	1.04181
100	5098	1.05166
100	5099	1.02046
100	5100	1.13657
100	5101	0.943289
100	5102	0.772208
100	5103	0.937424
100	5104	0.945849
100	5105	0.970137
100	5106	0.855079
100	5107	0.901436
100	5108	0.982657
100	5109	0.869976
100	5110	0.981757
100	5111	0.979972
100	5112	1.08658
100	5113	1.03185
100	5114	0.900432
100	5115	1.01738
100	5116	0.991718
100	5117	1.06612
100	5118	1.07641
100	5119	1.02026
100	5120	1.03923
100	5121	0.879568
100	5122	0.967899
100	5123	1.01657
100	5124	1.04188
100	5125	1.04512
100	5126	1.10974
100	5127	0.996353
100	5128	1.06389
100	5129	0.984733
100	5130	1.09199
100	5131	1.01324
100	5132	0.910395
100	5133	0.917762
100	5134	0.990327
100	5135	0.809302
100	5136	0.94685
100	5137	0.89592
100	5138	0.973251
100	5139	0.987099
100	5140	0.830081
100	5141	1.19668
100	5142	1.13222
100	5143	0.873945
100	5144	1.0574
100	5145	0.881739
100	5146	1.01776
100	5147	1.06692
100	5148	0.93717
100	5149	0.892904
100	5150	0.952348
100	5151	1.12077
100	5152	1.10811
100	5153	0.832309
100	5154	1.13859
100	5155	1.08669
100	5156	0.812278
100	5157	0.991939
100	5158	1.20177
100	5159	0.993249
100	5160	1.06871
100	5161	0.993325
100	5162	0.960808
100	5163	0.987172
100	5164	1.08315
100	5165	0.93857
100	5166	0.873909
100	5167	0.970158
100	5168	0.997079
100	5169	0.839851
100	5170	1.00913
100	5171	1.06402
100	5172	1.22341
100	5173	0.876084
100	5174	1.14458
100	5175	1.05423
100	5176	1.06464
100	5177	1.02435
100	5178	0.991737
100	5179	1.0568
100	5180	1.16158
100	5181	0.893271
100	5182	0.933418
100	5183	0.963019
100	5184	1.20514
100	5185	1.02213
100	5186	1.09028
100	5187	1.16674
100	5188	0.837954
100	5189	0.837338
100	5190	1.02497
100	5191	1.05708
100	5192	0.941981
100	5193	0.963566
100	5194	1.0185
100	5195	1.00748
100	5196	1.10051
100	5197	0.824545
100	5198	0.993022
100	5199	0.962912
100	5200	1.00294
100	5201	1.00687
100	5202	0.78657
100	5203	1.0199
100	5204	0.83617
100	5205	0.834565
100	5206	1.05427
100	5207	1.01564
100	5208	0.751481
100	5209	0.816847
100	5210	1.06527
100	5211	0.907873
100	5212	1.03106
100	5213	0.899778
100	5214	1.06741
100	5215	1.15873
100	5216	1.11362
100	5217	0.986557
100	5218	0.978688
100	5219	0.902933
100	5220	1.02788
100	5221	1.04166
100	5222	1.02182
100	5223	1.16237
100	5224	1.02638
100	5225	0.972775
100	5226	1.09196
100	5227	0.926508
100	5228	1.0717
100	5229	1.15145
100	5230	0.937766
100	5231	0.870877
100	5232	0.8241
100	5233	1.09916
100	5234	1.06679
100	5235	1.07941
100	5236	0.913234
100	5237	1.10331
100	5238	1.02617
100	5239	1.03478
100	5240	0.957472
100	5241	0.995192
100	5242	0.965208
100	5243	0.966469
100	5244	1.05892
100	5245	1.03618
100	5246	0.933624
100	5247	1.01072
100	5248	1.05415
100	5249	0.954408
100	5250	0.973321
100	5251	1.14675
100	5252	0.931586
100	5253	0.770285
100	5254	0.952484
100	5255	0.939782
100	5256	1.15615
100	5257	1.16066
100	5258	0.872918
100	5259	0.850003
100	5260	1.1742
100	5261	0.972085
100	5262	1.06563
100	5263	1.10099
100	5264	0.906346
100	5265	0.904424
100	5266	1.17407
100	5267	1.01081
100	5268	0.960676
100	5269	0.835052
100	5270	1.08995
100	5271	1.07044
100	5272	1.18628
100	5273	0.988984
100	5274	0.956581
100	5275	1.03801
100	5276	1.1347
100	5277	1.15787
100	5278	0.793875
100	5279	0.879325
100	5280	1.08658
100	5281	1.167
100	5282	0.86603
100	5283	1.04809
100	5284	1.1087
100	5285	1.04592
100	5286	0.886718
100	5287	0.943389
100	5288	1.08839
100	5289	1.01553
100	5290	0.899332
100	5291	0.993136
100	5292	1.06802
100	5293	0.941008
100	5294	1.22777
100	5295	1.00763
100	5296	0.90825
100	5297	1.00226
100	5298	0.985936
100	5299	0.903172
100	5300	0.916188
100	5301	1.004
100	5302	0.960906
100	5303	0.97672
100	5304	1.02774
100	5305	0.973782
100	5306	1.08791
100	5307	0.958366
100	5308	0.935469
100	5309	1.08088
100	5310	1.3351
100	5311	1.00562
100	5312	1.12025
100	5313	0.931128
100	5314	0.962919
100	5315	1.15633
100	5316	1.00582
100	5317	0.818004
100	5318	0.997936
100	5319	1.16348
100	5320	1.03921
100	5321	0.936337
100	5322	0.926256
100	5323	0.86679
100	5324	1.24656
100	5325	0.926878
100	5326	0.855697
100	5327	1.00904
100	5328	0.969289
100	5329	0.997572
100	5330	1.07372
100	5331	0.968237
100	5332	0.886711
100	5333	0.906711
100	5334	1.18622
100	5335	0.896443
100	5336	0.965932
100	5337	1.0783
100	5338	1.06934
100	5339	1.02078
100	5340	0.830213
100	5341	0.939911
100	5342	1.01384
100	5343	0.961174
100	5344	1.03027
100	5345	0.933825
100	5346	0.992833
100	5347	0.96775
100	5348	1.0102
100	5349	1.03113
100	5350	0.958408
100	5351	0.963113
100	5352	0.946923
100	5353	1.06222
100	5354	1.04321
100	5355	0.952874
100	5356	1.00824
100	5357	0.994286
100	5358	0.961364
100	5359	0.960238
100	5360	0.987367
100	5361	1.28432
100	5362	0.87248
100	5363	1.03845
100	5364	1.05891
100	5365	1.05274
100	5366	1.02591
100	5367	0.987002
100	5368	1.0549
100	5369	1.02342
100	5370	0.960896
100	5371	0.97448
100	5372	0.961796
100	5373	0.96819
100	5374	1.03889
100	5375	1.05712
100	5376	1.07896
100	5377	0.885655
100	5378	0.959091
100	5379	0.949551
100	5380	1.00317
100	5381	1.04209
100	5382	0.953464
100	5383	1.10967
100	5384	0.972192
100	5385	0.81725
100	5386	0.964738
100	5387	0.857324
100	5388	1.20774
100	5389	0.901793
100	5390	1.0941
100	5391	0.994124
100	5392	0.835757
100	5393	0.914896
100	5394	0.961246
100	5395	0.876969
100	5396	1.00277
100	5397	0.802254
100	5398	1.04819
100	5399	1.14188
100	5400	0.901424
100	5401	0.912702
100	5402	0.980371
100	5403	0.825713
100	5404	1.00172
100	5405	1.04921
100	5406	0.907433
100	5407	0.957518
100	5408	0.922867
100	5409	0.98963
100	5410	1.097
100	5411	1.03344
100	5412	0.961674
100	5413	1.02004
100	5414	1.07186
100	5415	1.01256
100	5416	0.955428
100	5417	0.979698
100	5418	0.950368
100	5419	1.07426
100	5420	1.02491
100	5421	0.955029
100	5422	1.05693
100	5423	0.919413
100	5424	1.02433
100	5425	1.09364
100	5426	1.01447
100	5427	0.969094
100	5428	1.16067
100	5429	1.11631
100	5430	1.08531
100	5431	1.04113
100	5432	1.09827
100	5433	1.06717
100	5434	1.00302
100	5435	0.880384
100	5436	1.24575
100	5437	1.07296
100	5438	1.02134
100	5439	1.03571
100	5440	1.12291
100	5441	1.00492
100	5442	0.996776
100	5443	1.13751
100	5444	1.17631
100	5445	0.913653
100	5446	1.06063
100	5447	0.903024
100	5448	1.04154
100	5449	1.0446
100	5450	0.877451
100	5451	1.01663
100	5452	0.864708
100	5453	0.883749
100	5454	1.01444
100	5455	0.929969
100	5456	0.875198
100	5457	1.15251
100	5458	0.981586
100	5459	0.956656
100	5460	0.923551
100	5461	1.02346
100	5462	0.903955
100	5463	1.15615
100	5464	0.924252
100	5465	1.0471
100	5466	1.09985
100	5467	0.918586
100	5468	1.02657
100	5469	0.939225
100	5470	0.958797
100	5471	0.925081
100	5472	0.999957
100	5473	0.799973
100	5474	0.948986
100	5475	1.07292
100	5476	0.915481
100	5477	0.949487
100	5478	0.919048
100	5479	1.12714
100	5480	0.840005
100	5481	0.897757
100	5482	1.15397
100	5483	1.0011
100	5484	1.18189
100	5485	1.14747
100	5486	0.923656
100	5487	1.15857
100	5488	1.05132
100	5489	0.988971
100	5490	1.04051
100	5491	0.937051
100	5492	1.02764
100	5493	1.10952
100	5494	1.09233
100	5495	1.12003
100	5496	0.933561
100	5497	0.836463
100	5498	1.03789
100	5499	1.00731
100	5500	1.17083
100	5501	1.02782
100	5502	1.0285
100	5503	0.902653
100	5504	0.895454
100	5505	1.08079
100	5506	1.02822
100	5507	0.938111
100	5508	0.893868
100	5509	0.909167
100	5510	0.863953
100	5511	0.852365
100	5512	0.921163
100	5513	0.992007
100	5514	0.952358
100	5515	0.927597
100	5516	1.01598
100	5517	1.02874
100	5518	0.995028
100	5519	1.01461
100	5520	0.985927
100	5521	0.900895
100	5522	1.01015
100	5523	1.09534
100	5524	0.902348
100	5525	0.975917
100	5526	1.04743
100	5527	0.927925
100	5528	1.06034
100	5529	0.868773
100	5530	1.05798
100	5531	1.07527
100	5532	0.970506
100	5533	1.23339
100	5534	0.92871
100	5535	1.11601
100	5536	1.21992
100	5537	1.12119
100	5538	0.99471
100	5539	1.03304
100	5540	1.26725
100	5541	1.03169
100	5542	1.02795
100	5543	1.14844
100	5544	0.971667
100	5545	0.9137
100	5546	1.00616
100	5547	1.00303
100	5548	0.974259
100	5549	0.93287
100	5550	1.01715
100	5551	1.26842
100	5552	0.834826
100	5553	1.05135
100	5554	1.02142
100	5555	1.06144
100	5556	1.07739
100	5557	0.948493
100	5558	1.10128
100	5559	0.716654
100	5560	0.976992
100	5561	0.975055
100	5562	0.869979
100	5563	1.04129
100	5564	0.950218
100	5565	0.777595
100	5566	0.957535
100	5567	1.05396
100	5568	0.882037
100	5569	0.953881
100	5570	1.06526
100	5571	0.971562
100	5572	0.91278
100	5573	0.976784
100	5574	0.892024
100	5575	0.977826
100	5576	1.13769
100	5577	0.905646
100	5578	0.998696
100	5579	0.971665
100	5580	0.894257
100	5581	0.949462
100	5582	1.00317
100	5583	0.887192
100	5584	0.997912
100	5585	0.867029
100	5586	1.12249
100	5587	1.08569
100	5588	0.999218
100	5589	1.13519
100	5590	0.921544
100	5591	1.00148
100	5592	1.00314
100	5593	0.909581
100	5594	1.25085
100	5595	0.944822
100	5596	0.87474
100	5597	0.865595
100	5598	1.04973
100	5599	1.02053
100	5600	0.992854
100	5601	0.968782
100	5602	0.851209
100	5603	1.00435
100	5604	0.854634
100	5605	0.910849
100	5606	0.950547
100	5607	1.13024
100	5608	0.965595
100	5609	0.923769
100	5610	1.07952
100	5611	1.11901
100	5612	0.946434
100	5613	0.930314
100	5614	0.949134
100	5615	0.805811
100	5616	0.948143
100	5617	1.12826
100	5618	0.992744
100	5619	0.873935
100	5620	0.959994
100	5621	1.17982
100	5622	1.10226
100	5623	0.99787
100	5624	0.914665
100	5625	0.854417
100	5626	0.864307
100	5627	0.838513
100	5628	0.74723
100	5629	0.899132
100	5630	0.992358
100	5631	1.00627
100	5632	1.1237
100	5633	1.09834
100	5634	1.0016
100	5635	0.987301
100	5636	1.14432
100	5637	1.10439
100	5638	1.07909
100	5639	0.846584
100	5640	0.993868
100	5641	1.02218
100	5642	0.929972
100	5643	0.864933
100	5644	1.06379
100	5645	1.00407
100	5646	1.02314
100	5647	1.08768
100	5648	0.991085
100	5649	0.917071
100	5650	0.918198
100	5651	0.911992
100	5652	0.958826
100	5653	0.913608
100	5654	1.1929
100	5655	1.04451
100	5656	1.06258
100	5657	1.15915
100	5658	0.838859
100	5659	1.06354
100	5660	1.08188
100	5661	1.24039
100	5662	1.01541
100	5663	1.04644
100	5664	0.891123
100	5665	1.04928
100	5666	0.845173
100	5667	0.957667
100	5668	1.11343
100	5669	0.896825
100	5670	1.0043
100	5671	1.03695
100	5672	0.905222
100	5673	1.05205
100	5674	0.995261
100	5675	0.924926
100	5676	0.900601
100	5677	0.901565
100	5678	1.02794
100	5679	1.07441
100	5680	0.966267
100	5681	0.956454
100	5682	1.03673
100	5683	0.970869
100	5684	0.95591
100	5685	1.15167
100	5686	1.12756
100	5687	1.17
100	5688	0.97456
100	5689	1.03122
100	5690	0.777447
100	5691	0.863107
100	5692	1.11148
100	5693	0.918943
100	5694	1.05204
100	5695	0.935202
100	5696	1.2874
100	5697	0.980886
100	5698	1.16313
100	5699	1.0458
100	5700	0.876268
100	5701	0.884422
100	5702	0.915582
100	5703	1.15524
100	5704	0.841219
100	5705	1.2025
100	5706	1.08508
100	5707	0.965407
100	5708	1.06869
100	5709	1.0165
100	5710	0.963056
100	5711	0.99322
100	5712	1.06008
100	5713	1.02213
100	5714	1.18374
100	5715	0.981243
100	5716	1.0267
100	5717	1.00813
100	5718	1.06207
100	5719	1.0199
100	5720	0.798046
100	5721	1.02837
100	5722	1.03797
100	5723	0.955946
100	5724	0.993105
100	5725	0.904066
100	5726	1.09499
100	5727	0.94253
100	5728	0.956596
100	5729	0.81073
100	5730	1.04394
100	5731	0.876341
100	5732	1.18233
100	5733	1.10969
100	5734	0.973811
100	5735	0.965187
100	5736	0.961181
100	5737	0.992211
100	5738	1.04466
100	5739	0.938484
100	5740	0.965392
100	5741	0.95464
100	5742	1.07261
100	5743	0.966505
100	5744	1.03962
100	5745	1.13912
100	5746	0.929497
100	5747	0.899166
100	5748	1.09919
100	5749	0.893075
100	5750	0.897387
100	5751	1.04393
100	5752	0.849319
100	5753	1.07755
100	5754	1.17694
100	5755	0.976655
100	5756	1.13345
100	5757	1.14137
100	5758	0.956595
100	5759	1.03633
100	5760	0.822992
100	5761	1.03614
100	5762	1.06909
100	5763	0.844797
100	5764	1.16878
100	5765	0.95292
100	5766	0.994471
100	5767	1.16091
100	5768	1.00667
100	5769	0.937112
100	5770	0.957046
100	5771	0.915827
100	5772	0.963124
100	5773	0.94235
100	5774	1.11689
100	5775	1.02483
100	5776	1.01643
100	5777	1.14865
100	5778	0.936465
100	5779	0.971015
100	5780	1.0196
100	5781	1.23333
100	5782	0.773522
100	5783	0.908688
100	5784	0.929696
100	5785	1.22354
100	5786	1.07992
100	5787	0.956673
100	5788	0.983811
100	5789	0.938312
100	5790	1.07569
100	5791	1.00018
100	5792	0.86007
100	5793	0.969097
100	5794	1.09303
100	5795	0.989666
100	5796	0.925883
100	5797	0.822808
100	5798	0.963235
100	5799	0.914116
100	5800	1.00226
100	5801	1.06807
100	5802	1.07295
100	5803	1.07919
100	5804	0.989878
100	5805	1.16923
100	5806	0.834584
100	5807	1.07625
100	5808	1.01029
100	5809	1.18501
100	5810	0.953964
100	5811	0.868877
100	5812	1.00012
100	5813	0.88843
100	5814	0.927031
100	5815	0.898125
100	5816	1.06024
100	5817	1.03658
100	5818	0.984102
100	5819	0.926132
100	5820	0.995859
100	5821	0.881345
100	5822	1.03255
100	5823	1.0021
100	5824	0.910894
100	5825	0.890588
100	5826	0.998135
100	5827	1.10708
100	5828	0.904351
100	5829	0.977054
100	5830	0.923873
100	5831	1.13076
100	5832	1.04003
100	5833	0.927228
100	5834	0.90377
100	5835	0.91048
100	5836	1.12911
100	5837	1.00599
100	5838	1.04382
100	5839	0.853054
100	5840	0.863006
100	5841	0.992112
100	5842	0.978038
100	5843	0.980119
100	5844	0.945891
100	5845	0.989706
100	5846	1.13992
100	5847	0.955074
100	5848	1.14542
100	5849	0.956208
100	5850	0.888084
100	5851	0.968398
100	5852	0.935395
100	5853	1.05746
100	5854	0.941599
100	5855	1.12182
100	5856	1.04993
100	5857	1.00545
100	5858	1.06702
100	5859	0.851863
100	5860	1.01724
100	5861	1.17851
100	5862	1.03604
100	5863	1.07817
100	5864	0.99395
100	5865	1.04657
100	5866	1.12281
100	5867	0.969434
100	5868	1.06513
100	5869	0.956499
100	5870	0.917513
100	5871	1.06279
100	5872	0.90173
100	5873	1.14454
100	5874	1.19374
100	5875	1.15922
100	5876	1.01949
100	5877	1.08472
100	5878	0.948598
100	5879	0.98074
100	5880	1.03972
100	5881	1.02045
100	5882	1.06042
100	5883	1.08391
100	5884	1.12242
100	5885	0.908374
100	5886	0.827152
100	5887	1.00095
100	5888	1.18652
100	5889	1.04517
100	5890	0.971821
100	5891	0.741309
100	5892	0.921656
100	5893	1.14058
100	5894	0.999046
100	5895	1.28971
100	5896	0.922996
100	5897	1.03026
100	5898	1.02681
100	5899	1.08988
100	5900	0.994978
100	5901	0.94072
100	5902	1.18766
100	5903	0.983437
100	5904	1.02692
100	5905	1.03158
100	5906	0.981635
100	5907	0.84332
100	5908	0.957459
100	5909	1.03402
100	5910	0.907088
100	5911	1.06694
100	5912	1.03239
100	5913	1.10452
100	5914	0.879823
100	5915	0.96838
100	5916	0.894474
100	5917	1.06339
100	5918	0.887756
100	5919	0.955372
100	5920	0.876137
100	5921	1.1484
100	5922	1.02202
100	5923	1.17745
100	5924	1.11496
100	5925	1.0187
100	5926	0.982602
100	5927	1.07098
100	5928	0.98958
100	5929	1.00109
100	5930	0.98454
100	5931	0.985617
100	5932	1.06091
100	5933	1.05626
100	5934	1.152
100	5935	0.981845
100	5936	1.02076
100	5937	1.11821
100	5938	0.933225
100	5939	0.948668
100	5940	0.859257
100	5941	1.15093
100	5942	1.14837
100	5943	1.07493
100	5944	1.05767
100	5945	0.984104
100	5946	1.12446
100	5947	1.1454
100	5948	1.01219
100	5949	0.960723
100	5950	0.937882
100	5951	0.937299
100	5952	1.20564
100	5953	1.07121
100	5954	1.09952
100	5955	1.13362
100	5956	0.950671
100	5957	1.03525
100	5958	1.09952
100	5959	1.24652
100	5960	1.03159
100	5961	1.04753
100	5962	0.888371
100	5963	1.04567
100	5964	1.23066
100	5965	0.928177
100	5966	1.17795
100	5967	1.1231
100	5968	0.938859
100	5969	1.03423
100	5970	1.01957
100	5971	1.01428
100	5972	0.843432
100	5973	1.0889
100	5974	1.11066
100	5975	0.925266
100	5976	0.949154
100	5977	0.946727
100	5978	0.875313
100	5979	0.922267
100	5980	1.08736
100	5981	1.03367
100	5982	0.945954
100	5983	1.01224
100	5984	1.00935
100	5985	0.981198
100	5986	0.945339
100	5987	1.00418
100	5988	0.871058
100	5989	0.961843
100	5990	0.970593
100	5991	0.931908
100	5992	1.02031
100	5993	1.21939
100	5994	1.05061
100	5995	0.904239
100	5996	1.1634
100	5997	0.962771
100	5998	0.942979
100	5999	1.07257
100	6000	1.14016
100	6001	0.992596
100	6002	1.02081
100	6003	1.14182
100	6004	1.01061
100	6005	0.976316
100	6006	1.00566
100	6007	1.08156
100	6008	1.05283
100	6009	0.938022
100	6010	1.18471
100	6011	1.00876
100	6012	0.911394
100	6013	1.04443
100	6014	0.918102
100	6015	1.0204
100	6016	1.07736
100	6017	1.15031
100	6018	0.889747
100	6019	0.993943
100	6020	1.01398
100	6021	1.04784
100	6022	1.15932
100	6023	1.14132
100	6024	1.17492
100	6025	0.970753
100	6026	0.829641
100	6027	0.991139
100	6028	0.985058
100	6029	1.04975
100	6030	1.04861
100	6031	0.941862
100	6032	0.9658
100	6033	0.881479
100	6034	1.15001
100	6035	1.10777
100	6036	0.812446
100	6037	0.84399
100	6038	0.996979
100	6039	0.963746
100	6040	0.937235
100	6041	0.958251
100	6042	0.87365
100	6043	1.32402
100	6044	0.981542
100	6045	0.923857
100	6046	1.06067
100	6047	1.03045
100	6048	1.01866
100	6049	1.02143
100	6050	1.30607
100	6051	1.23338
100	6052	0.969496
100	6053	0.965972
100	6054	0.97431
100	6055	0.815982
100	6056	0.925073
100	6057	1.14188
100	6058	0.89149
100	6059	0.908692
100	6060	1.01089
100	6061	1.19325
100	6062	0.994666
100	6063	1.1123
100	6064	1.10429
100	6065	0.902291
100	6066	0.875086
100	6067	0.89007
100	6068	0.947061
100	6069	1.12229
100	6070	0.913966
100	6071	0.849182
100	6072	0.92545
100	6073	1.01783
100	6074	0.993213
100	6075	1.00246
100	6076	0.861388
100	6077	1.08613
100	6078	0.957116
100	6079	0.987893
100	6080	0.97887
100	6081	1.07818
100	6082	0.788198
100	6083	0.956259
100	6084	1.15858
100	6085	0.918918
100	6086	1.07425
100	6087	0.992329
100	6088	0.979313
100	6089	1.03932
100	6090	1.04674
100	6091	1.00865
100	6092	0.929995
100	6093	0.88935
100	6094	1.17742
100	6095	1.17292
100	6096	1.07886
100	6097	0.914798
100	6098	1.0491
100	6099	1.06654
100	6100	0.963931
100	6101	1.05359
100	6102	1.07024
100	6103	0.942024
100	6104	1.21354
100	6105	0.985479
100	6106	0.979021
100	6107	1.05856
100	6108	1.12541
100	6109	1.07683
100	6110	1.06842
100	6111	0.923416
100	6112	0.924308
100	6113	0.899786
100	6114	1.00129
100	6115	0.966208
100	6116	0.800248
100	6117	0.872957
100	6118	1.04951
100	6119	1.11583
100	6120	1.0604
100	6121	0.963591
100	6122	1.11133
100	6123	0.896326
100	6124	1.02282
100	6125	1.01817
100	6126	1.03925
100	6127	0.936735
100	6128	0.798944
100	6129	1.0434
100	6130	0.786939
100	6131	0.920135
100	6132	0.914835
100	6133	0.934652
100	6134	0.917962
100	6135	0.971775
100	6136	1.11174
100	6137	1.04551
100	6138	0.821368
100	6139	1.10667
100	6140	0.991354
100	6141	0.978226
100	6142	1.02928
100	6143	0.891401
100	6144	1.11524
100	6145	1.17238
100	6146	0.959659
100	6147	0.950328
100	6148	1.13184
100	6149	0.991643
100	6150	0.970211
100	6151	1.06903
100	6152	1.12557
100	6153	1.14586
100	6154	0.816139
100	6155	0.818574
100	6156	1.01713
100	6157	1.02611
100	6158	1.05461
100	6159	0.952123
100	6160	0.893377
100	6161	0.88954
100	6162	0.941066
100	6163	1.01003
100	6164	1.06866
100	6165	0.89636
100	6166	1.02419
100	6167	0.751599
100	6168	1.13058
100	6169	1.09578
100	6170	1.06052
100	6171	0.866939
100	6172	1.26542
100	6173	1.03125
100	6174	0.910022
100	6175	1.08718
100	6176	0.897453
100	6177	1.05011
100	6178	1.01128
100	6179	0.815118
100	6180	0.931339
100	6181	1.08292
100	6182	1.06204
100	6183	1.07674
100	6184	1.03224
100	6185	1.06567
100	6186	0.922315
100	6187	0.89662
100	6188	1.10498
100	6189	0.982219
100	6190	0.935506
100	6191	0.976858
100	6192	0.979772
100	6193	0.988514
100	6194	1.00234
100	6195	1.12787
100	6196	1.18972
100	6197	0.977607
100	6198	1.09043
100	6199	1.04287
100	6200	0.997699
100	6201	0.952169
100	6202	0.925662
100	6203	1.17626
100	6204	0.900439
100	6205	1.05249
100	6206	0.809165
100	6207	0.943876
100	6208	0.868922
100	6209	0.985329
100	6210	1.09884
100	6211	0.959349
100	6212	0.899908
100	6213	1.20363
100	6214	1.05135
100	6215	1.11349
100	6216	1.04244
100	6217	0.978339
100	6218	1.01249
100	6219	0.912797
100	6220	1.04466
100	6221	0.956508
100	6222	1.02237
100	6223	0.897673
100	6224	1.0179
100	6225	1.10196
100	6226	1.12558
100	6227	0.985078
100	6228	1.09666
100	6229	0.89267
100	6230	1.13651
100	6231	0.885104
100	6232	0.783789
100	6233	1.00059
100	6234	1.06459
100	6235	1.07996
100	6236	1.32395
100	6237	0.993472
100	6238	1.06274
100	6239	1.13102
100	6240	1.02568
100	6241	0.84702
100	6242	0.907249
100	6243	0.949511
100	6244	0.954253
100	6245	0.967793
100	6246	1.05562
100	6247	0.984173
100	6248	1.1065
100	6249	1.02421
100	6250	0.99211
100	6251	0.901013
100	6252	1.19497
100	6253	1.01042
100	6254	1.12306
100	6255	1.01458
100	6256	0.970845
100	6257	0.950105
100	6258	1.12541
100	6259	0.882149
100	6260	1.02403
100	6261	1.02684
100	6262	0.844477
100	6263	0.957796
100	6264	1.06621
100	6265	0.934523
100	6266	0.857633
100	6267	1.02005
100	6268	1.18704
100	6269	1.04895
100	6270	0.857018
100	6271	1.11892
100	6272	0.978107
100	6273	0.944039
100	6274	1.20116
100	6275	0.977853
100	6276	0.93359
100	6277	0.999027
100	6278	1.12311
100	6279	0.822103
100	6280	0.996109
100	6281	0.861941
100	6282	1.00194
100	6283	1.04251
100	6284	0.904773
100	6285	1.25928
100	6286	0.981736
100	6287	0.950635
100	6288	1.13081
100	6289	1.0733
100	6290	0.921568
100	6291	1.12763
100	6292	1.01604
100	6293	0.833874
100	6294	1.0723
100	6295	1.10434
100	6296	0.906521
100	6297	1.21245
100	6298	1.00942
100	6299	1.09455
100	6300	0.914849
100	6301	0.826044
100	6302	0.929419
100	6303	1.10684
100	6304	1.17317
100	6305	1.04413
100	6306	0.837566
100	6307	0.947529
100	6308	1.19654
100	6309	1.00823
100	6310	1.01164
100	6311	0.881331
100	6312	0.994637
100	6313	1.18116
100	6314	0.958785
100	6315	1.03901
100	6316	1.10427
100	6317	0.902647
100	6318	1.06861
100	6319	1.05278
100	6320	1.18934
100	6321	1.1997
100	6322	1.0562
100	6323	1.03301
100	6324	1.01886
100	6325	0.987148
100	6326	1.00286
100	6327	1.05453
100	6328	1.02309
100	6329	0.989472
100	6330	0.998783
100	6331	1.04668
100	6332	0.852465
100	6333	0.792679
100	6334	0.972649
100	6335	0.950964
100	6336	1.16983
100	6337	0.947663
100	6338	0.947555
100	6339	0.988653
100	6340	1.13164
100	6341	0.972693
100	6342	1.06669
100	6343	1.10692
100	6344	1.10626
100	6345	0.998247
100	6346	0.834232
100	6347	0.939639
100	6348	0.939471
100	6349	1.05364
100	6350	0.99691
100	6351	1.07865
100	6352	0.864186
100	6353	0.951313
100	6354	0.925041
100	6355	0.974433
100	6356	1.05764
100	6357	0.86822
100	6358	0.909496
100	6359	0.912717
100	6360	1.02493
100	6361	1.19206
100	6362	1.05125
100	6363	0.88969
100	6364	0.91188
100	6365	1.03012
100	6366	1.12506
100	6367	0.996863
100	6368	0.905461
100	6369	1.07028
100	6370	0.976127
100	6371	1.06967
100	6372	1.02376
100	6373	1.09132
100	6374	0.993815
100	6375	0.821269
100	6376	1.08573
100	6377	0.919775
100	6378	0.994719
100	6379	0.958086
100	6380	1.09758
100	6381	1.0686
100	6382	1.10322
100	6383	0.991035
100	6384	1.0001
100	6385	1.00214
100	6386	1.15883
100	6387	0.910214
100	6388	1.06202
100	6389	1.04403
100	6390	1.06611
100	6391	1.09948
100	6392	1.08681
100	6393	1.01764
100	6394	0.973376
100	6395	0.979013
100	6396	1.03807
100	6397	1.00197
100	6398	1.01808
100	6399	1.08526
100	6400	1.08495
100	6401	1.16101
100	6402	1.04321
100	6403	0.945512
100	6404	1.21311
100	6405	0.946323
100	6406	0.870789
100	6407	0.992536
100	6408	0.968715
100	6409	1.09596
100	6410	0.839645
100	6411	1.11138
100	6412	1.0483
100	6413	0.934741
100	6414	1.16814
100	6415	0.891347
100	6416	0.86818
100	6417	0.948329
100	6418	1.03879
100	6419	0.942124
100	6420	1.11054
100	6421	1.03911
100	6422	1.07916
100	6423	1.00249
100	6424	0.908127
100	6425	0.99402
100	6426	0.95438
100	6427	1.06639
100	6428	0.952893
100	6429	0.95351
100	6430	0.987653
100	6431	1.17807
100	6432	0.899262
100	6433	0.907107
100	6434	0.937702
100	6435	1.01659
100	6436	0.981146
100	6437	1.11718
100	6438	1.00027
100	6439	0.918237
100	6440	1.26547
100	6441	1.09948
100	6442	0.996332
100	6443	0.851425
100	6444	0.888032
100	6445	1.00655
100	6446	0.95451
100	6447	1.02615
100	6448	0.87301
100	6449	1.01422
100	6450	0.995087
100	6451	1.03974
100	6452	1.01204
100	6453	0.93971
100	6454	1.07625
100	6455	0.898746
100	6456	1.05618
100	6457	0.924825
100	6458	1.01539
100	6459	0.914838
100	6460	0.863299
100	6461	1.02777
100	6462	1.15441
100	6463	0.942857
100	6464	1.02313
100	6465	0.970179
100	6466	0.982617
100	6467	0.914063
100	6468	1.03101
100	6469	1.00123
100	6470	0.96247
100	6471	1.01809
100	6472	0.961674
100	6473	0.871861
100	6474	1.01034
100	6475	0.950427
100	6476	0.960093
100	6477	1.06871
100	6478	1.23385
100	6479	0.952715
100	6480	1.13449
100	6481	0.848005
100	6482	0.761374
100	6483	1.00974
100	6484	0.774891
100	6485	1.05816
100	6486	0.986569
100	6487	0.919474
100	6488	1.0096
100	6489	0.930073
100	6490	0.959623
100	6491	1.00593
100	6492	0.962454
100	6493	0.96261
100	6494	0.900617
100	6495	0.994368
100	6496	0.929045
100	6497	1.02306
100	6498	0.826105
100	6499	0.891764
100	6500	0.850565
100	6501	1.02983
100	6502	1.07958
100	6503	1.15397
100	6504	1.06046
100	6505	0.916274
100	6506	1.30321
100	6507	1.1623
100	6508	0.856854
100	6509	1.01282
100	6510	0.857839
100	6511	1.18141
100	6512	0.92721
100	6513	0.953221
100	6514	1.06287
100	6515	0.869709
100	6516	0.879423
100	6517	1.07513
100	6518	0.895819
100	6519	0.986073
100	6520	1.06918
100	6521	1.05129
100	6522	1.00189
100	6523	1.01252
100	6524	0.85964
100	6525	0.952006
100	6526	1.04525
100	6527	1.1868
100	6528	0.960532
100	6529	1.08624
100	6530	0.875068
100	6531	0.919684
100	6532	0.932397
100	6533	1.02132
100	6534	1.08435
100	6535	0.960663
100	6536	1.09477
100	6537	0.948111
100	6538	0.969921
100	6539	1.07893
100	6540	0.985199
100	6541	1.06923
100	6542	0.890433
100	6543	0.933429
100	6544	1.05831
100	6545	0.940651
100	6546	1.06053
100	6547	1.05228
100	6548	0.966224
100	6549	1.03117
100	6550	1.07596
100	6551	0.793705
100	6552	1.06086
100	6553	1.01563
100	6554	0.943854
100	6555	1.15294
100	6556	0.930565
100	6557	1.13177
100	6558	0.943021
100	6559	1.30677
100	6560	0.973764
100	6561	1.01069
100	6562	1.00735
100	6563	0.92757
100	6564	1.10979
100	6565	0.909963
100	6566	1.01345
100	6567	0.990569
100	6568	1.165
100	6569	1.00336
100	6570	1.13236
100	6571	0.819952
100	6572	0.889525
100	6573	1.02706
100	6574	0.937611
100	6575	0.813156
100	6576	1.08867
100	6577	1.14059
100	6578	1.08789
100	6579	1.05822
100	6580	0.959013
100	6581	0.939696
100	6582	1.06326
100	6583	0.909994
100	6584	0.860085
100	6585	0.929418
100	6586	0.932953
100	6587	1.00327
100	6588	0.883737
100	6589	0.982979
100	6590	0.797586
100	6591	0.888753
100	6592	0.964923
100	6593	0.921592
100	6594	1.07439
100	6595	1.03742
100	6596	0.857664
100	6597	0.997201
100	6598	1.02309
100	6599	1.11603
100	6600	1.10475
100	6601	0.894591
100	6602	1.13987
100	6603	1.1046
100	6604	0.907634
100	6605	0.945825
100	6606	1.01535
100	6607	1.1489
100	6608	0.888506
100	6609	1.05033
100	6610	1.02094
100	6611	0.923999
100	6612	0.85709
100	6613	0.842743
100	6614	0.972197
100	6615	0.867298
100	6616	0.901481
100	6617	1.10258
100	6618	0.952859
100	6619	0.824936
100	6620	0.889561
100	6621	1.14011
100	6622	0.983135
100	6623	0.990497
100	6624	1.04127
100	6625	1.05058
100	6626	0.978266
100	6627	0.945857
100	6628	0.936501
100	6629	1.01212
100	6630	0.961762
100	6631	0.96982
100	6632	0.837979
100	6633	0.853456
100	6634	0.969767
100	6635	1.14151
100	6636	1.06475
100	6637	1.02636
100	6638	0.916153
100	6639	0.895853
100	6640	1.03892
100	6641	0.996919
100	6642	0.946046
100	6643	0.924855
100	6644	1.02992
100	6645	1.18623
100	6646	1.08443
100	6647	0.915443
100	6648	0.890349
100	6649	1.0248
100	6650	0.916733
100	6651	1.17422
100	6652	0.920815
100	6653	0.907727
100	6654	0.891354
100	6655	0.931411
100	6656	0.996827
100	6657	0.963873
100	6658	1.14484
100	6659	1.13167
100	6660	1.00118
100	6661	1.1725
100	6662	1.14874
100	6663	1.04365
100	6664	1.03723
100	6665	1.10064
100	6666	1.06933
100	6667	0.960294
100	6668	0.940161
100	6669	0.900567
100	6670	1.04588
100	6671	0.945192
100	6672	1.00707
100	6673	0.929221
100	6674	1.10765
100	6675	1.03375
100	6676	0.908013
100	6677	0.970532
100	6678	1.05645
100	6679	0.96518
100	6680	0.945926
100	6681	1.06904
100	6682	0.819375
100	6683	1.00936
100	6684	0.807881
100	6685	0.799706
100	6686	1.02409
100	6687	0.996127
100	6688	1.006
100	6689	0.841177
100	6690	1.16948
100	6691	1.11224
100	6692	0.982046
100	6693	1.26009
100	6694	0.971732
100	6695	1.05105
100	6696	0.99876
100	6697	0.928415
100	6698	1.01136
100	6699	0.893768
100	6700	1.0178
100	6701	0.954072
100	6702	1.0481
100	6703	1.00432
100	6704	1.05467
100	6705	1.10406
100	6706	1.00294
100	6707	1.03287
100	6708	1.04478
100	6709	1.02795
100	6710	1.08009
100	6711	1.12277
100	6712	1.0222
100	6713	0.948057
100	6714	0.894642
100	6715	1.13651
100	6716	1.16083
100	6717	1.20487
100	6718	0.986619
100	6719	1.07484
100	6720	1.08188
100	6721	0.898865
100	6722	0.947149
100	6723	0.966889
100	6724	1.05187
100	6725	1.03951
100	6726	1.2345
100	6727	0.929792
100	6728	1.14094
100	6729	0.953258
100	6730	1.20379
100	6731	0.863094
100	6732	1.02544
100	6733	0.940751
100	6734	0.858276
100	6735	1.08422
100	6736	1.00949
100	6737	0.915538
100	6738	1.17129
100	6739	1.1591
100	6740	1.21532
100	6741	0.892005
100	6742	1.23848
100	6743	0.91454
100	6744	0.880851
100	6745	1.02895
100	6746	0.992001
100	6747	0.945292
100	6748	1.01557
100	6749	1.05964
100	6750	1.03418
100	6751	1.15772
100	6752	1.03426
100	6753	0.986681
100	6754	1.05112
100	6755	1.12448
100	6756	0.927925
100	6757	1.17437
100	6758	1.15612
100	6759	1.03766
100	6760	0.99978
100	6761	1.00004
100	6762	0.992755
100	6763	1.00254
100	6764	1.07549
100	6765	0.998549
100	6766	0.894123
100	6767	1.00416
100	6768	1.11962
100	6769	0.875174
100	6770	0.847296
100	6771	0.961247
100	6772	1.16762
100	6773	1.0769
100	6774	0.985779
100	6775	1.00933
100	6776	1.06257
100	6777	1.15402
100	6778	0.968287
100	6779	0.920576
100	6780	0.925056
100	6781	1.14807
100	6782	1.09035
100	6783	1.03113
100	6784	1.13947
100	6785	1.04943
100	6786	1.12364
100	6787	0.923356
100	6788	1.08327
100	6789	0.847105
100	6790	0.964548
100	6791	0.91417
100	6792	1.1143
100	6793	1.04717
100	6794	1.00433
100	6795	1.01168
100	6796	1.17608
100	6797	1.05047
100	6798	0.886463
100	6799	1.04469
100	6800	1.14063
100	6801	0.822536
100	6802	0.958718
100	6803	0.858902
100	6804	0.901829
100	6805	1.06332
100	6806	1.01477
100	6807	1.04902
100	6808	1.10814
100	6809	0.968527
100	6810	1.04567
100	6811	0.974301
100	6812	1.04519
100	6813	1.04955
100	6814	0.927218
100	6815	1.00632
100	6816	0.957794
100	6817	1.01436
100	6818	0.962877
100	6819	1.09801
100	6820	1.06983
100	6821	0.822896
100	6822	1.1001
100	6823	0.889298
100	6824	1.03085
100	6825	1.05187
100	6826	0.860757
100	6827	1.04645
100	6828	0.957194
100	6829	1.00903
100	6830	0.884883
100	6831	1.13236
100	6832	1.14494
100	6833	0.942326
100	6834	0.974178
100	6835	0.921644
100	6836	1.05522
100	6837	1.03898
100	6838	0.908662
100	6839	0.957149
100	6840	1.30386
100	6841	1.01984
100	6842	0.863322
100	6843	0.99509
100	6844	1.08138
100	6845	0.987838
100	6846	0.956793
100	6847	0.929118
100	6848	1.01181
100	6849	1.00117
100	6850	0.861554
100	6851	0.924574
100	6852	1.15779
100	6853	0.858153
100	6854	0.894393
100	6855	1.01424
100	6856	1.01384
100	6857	0.923818
100	6858	0.959301
100	6859	1.06924
100	6860	0.958394
100	6861	0.969926
100	6862	0.827651
100	6863	1.01671
100	6864	0.900579
100	6865	1.02903
100	6866	0.92896
100	6867	0.875192
100	6868	0.89746
100	6869	1.26374
100	6870	0.977027
100	6871	0.872968
100	6872	0.980075
100	6873	0.957577
100	6874	1.03178
100	6875	1.22312
100	6876	1.28342
100	6877	1.08779
100	6878	0.911682
100	6879	0.923241
100	6880	1.05338
100	6881	1.02538
100	6882	0.881082
100	6883	1.12755
100	6884	1.03272
100	6885	0.950845
100	6886	0.862163
100	6887	1.11361
100	6888	0.976844
100	6889	0.874396
100	6890	0.980314
100	6891	1.05287
100	6892	1.03424
100	6893	1.18475
100	6894	0.929556
100	6895	1.07234
100	6896	0.962253
100	6897	0.868459
100	6898	1.05937
100	6899	0.996417
100	6900	0.886635
100	6901	1.22607
100	6902	0.9427
100	6903	0.97939
100	6904	1.16061
100	6905	1.04945
100	6906	1.06219
100	6907	1.05208
100	6908	0.993336
100	6909	0.989376
100	6910	1.08253
100	6911	1.02789
100	6912	0.848138
100	6913	1.09226
100	6914	1.26333
100	6915	0.845665
100	6916	1.0581
100	6917	0.993751
100	6918	1.00684
100	6919	1.14304
100	6920	1.03542
100	6921	0.879957
100	6922	0.988343
100	6923	0.93982
100	6924	0.93811
100	6925	0.939013
100	6926	1.12361
100	6927	1.03867
100	6928	1.0567
100	6929	0.936929
100	6930	0.980697
100	6931	0.89312
100	6932	0.825158
100	6933	1.03523
100	6934	1.19824
100	6935	1.01146
100	6936	1.10474
100	6937	0.957841
100	6938	1.05503
100	6939	1.16735
100	6940	0.848348
100	6941	0.896887
100	6942	0.770809
100	6943	1.02405
100	6944	1.02227
100	6945	1.12446
100	6946	1.04133
100	6947	0.899808
100	6948	0.985745
100	6949	1.05079
100	6950	0.93005
100	6951	1.02921
100	6952	1.00648
100	6953	1.02237
100	6954	0.898883
100	6955	1.00568
100	6956	0.964996
100	6957	0.99443
100	6958	1.01498
100	6959	0.871332
100	6960	1.05396
100	6961	1.18121
100	6962	0.969569
100	6963	1.14587
100	6964	0.966327
100	6965	1.02439
100	6966	0.946481
100	6967	1.03412
100	6968	0.95831
100	6969	0.808251
100	6970	0.985852
100	6971	0.861034
100	6972	0.932867
100	6973	1.18116
100	6974	1.02125
100	6975	1.0607
100	6976	1.12201
100	6977	0.989266
100	6978	0.981747
100	6979	0.895125
100	6980	0.853902
100	6981	0.999558
100	6982	0.972741
100	6983	1.19274
100	6984	1.04504
100	6985	0.92261
100	6986	1.08886
100	6987	1.08836
100	6988	0.938629
100	6989	0.776078
100	6990	1.00011
100	6991	1.1054
100	6992	0.986663
100	6993	0.872298
100	6994	0.934705
100	6995	0.930238
100	6996	1.0097
100	6997	1.04081
100	6998	1.09095
100	6999	1.05514
100	7000	0.876675
100	7001	1.02481
100	7002	0.970462
100	7003	0.86599
100	7004	0.864943
100	7005	0.922636
100	7006	0.877462
100	7007	0.990404
100	7008	1.13756
100	7009	1.02261
100	7010	1.10562
100	7011	1.07533
100	7012	0.935046
100	7013	0.950947
100	7014	0.892905
100	7015	0.878824
100	7016	1.14501
100	7017	0.918718
100	7018	0.964739
100	7019	1.14293
100	7020	0.856776
100	7021	1.03048
100	7022	0.929704
100	7023	0.830823
100	7024	1.01743
100	7025	0.875805
100	7026	0.968336
100	7027	1.09683
100	7028	1.06936
100	7029	1.08508
100	7030	1.03052
100	7031	1.23585
100	7032	1.05862
100	7033	1.10807
100	7034	0.88949
100	7035	0.982345
100	7036	0.999301
100	7037	1.03379
100	7038	1.08724
100	7039	0.784837
100	7040	0.866344
100	7041	0.764453
100	7042	0.904532
100	7043	0.947592
100	7044	0.994601
100	7045	1.04149
100	7046	1.04502
100	7047	0.969793
100	7048	0.999587
100	7049	0.994916
100	7050	0.965993
100	7051	1.00649
100	7052	1.15457
100	7053	1.0391
100	7054	1.08715
100	7055	0.89943
100	7056	1.1282
100	7057	1.11233
100	7058	0.995597
100	7059	1.02508
100	7060	0.976138
100	7061	1.01218
100	7062	1.03049
100	7063	0.921914
100	7064	1.0834
100	7065	1.10889
100	7066	1.04677
100	7067	0.908582
100	7068	1.15306
100	7069	1.10016
100	7070	0.874707
100	7071	1.07482
100	7072	0.93255
100	7073	0.922709
100	7074	1.01202
100	7075	0.907948
100	7076	1.0076
100	7077	1.11305
100	7078	0.967124
100	7079	1.21437
100	7080	0.818343
100	7081	1.05531
100	7082	1.05174
100	7083	0.906676
100	7084	0.919483
100	7085	1.044
100	7086	0.938238
100	7087	0.951783
100	7088	0.932735
100	7089	0.907464
100	7090	1.0077
100	7091	0.97663
100	7092	1.00505
100	7093	1.07958
100	7094	0.86437
100	7095	1.09412
100	7096	1.05357
100	7097	0.889432
100	7098	0.978538
100	7099	0.930281
100	7100	0.978801
100	7101	0.996776
100	7102	1.06511
100	7103	0.964073
100	7104	1.01357
100	7105	1.0144
100	7106	1.09461
100	7107	0.98055
100	7108	0.938177
100	7109	1.04856
100	7110	0.95163
100	7111	1.07916
100	7112	1.07298
100	7113	0.827811
100	7114	1.14401
100	7115	0.811266
100	7116	1.04201
100	7117	0.9699
100	7118	1.18293
100	7119	1.04617
100	7120	1.05309
100	7121	1.24384
100	7122	1.02594
100	7123	1.2171
100	7124	1.02858
100	7125	1.15501
100	7126	1.02584
100	7127	1.03772
100	7128	1.11456
100	7129	1.01904
100	7130	0.914972
100	7131	0.950457
100	7132	1.01348
100	7133	1.04346
100	7134	1.11794
100	7135	0.99619
100	7136	0.976325
100	7137	1.13768
100	7138	1.0015
100	7139	1.03301
100	7140	0.901625
100	7141	1.09705
100	7142	0.922001
100	7143	1.04966
100	7144	0.831002
100	7145	0.877924
100	7146	0.991642
100	7147	1.10231
100	7148	1.05959
100	7149	1.06651
100	7150	1.09136
100	7151	0.938202
100	7152	0.974604
100	7153	0.931701
100	7154	1.03489
100	7155	0.890255
100	7156	1.05836
100	7157	0.990788
100	7158	0.992093
100	7159	0.926153
100	7160	0.914805
100	7161	1.21513
100	7162	0.915836
100	7163	1.07754
100	7164	0.914669
100	7165	1.04124
100	7166	1.02249
100	7167	1.03357
100	7168	1.09355
100	7169	0.889007
100	7170	1.0566
100	7171	0.875023
100	7172	1.05372
100	7173	0.972843
100	7174	1.02733
100	7175	1.20397
100	7176	0.925727
100	7177	0.94555
100	7178	1.04532
100	7179	1.09693
100	7180	0.945407
100	7181	1.12952
100	7182	0.981662
100	7183	0.980178
100	7184	0.961939
100	7185	1.06489
100	7186	1.08246
100	7187	1.08092
100	7188	0.9033
100	7189	1.20023
100	7190	1.08637
100	7191	1.12149
100	7192	0.921341
100	7193	1.0747
100	7194	1.01012
100	7195	0.904656
100	7196	1.08863
100	7197	0.93777
100	7198	0.963655
100	7199	0.930887
100	7200	0.717544
100	7201	0.993431
100	7202	1.12407
100	7203	0.997953
100	7204	0.982078
100	7205	0.925719
100	7206	1.03619
100	7207	1.10375
100	7208	1.0355
100	7209	0.977799
100	7210	0.984782
100	7211	0.941201
100	7212	0.911042
100	7213	0.975614
100	7214	1.07566
100	7215	0.993636
100	7216	0.77797
100	7217	0.876614
100	7218	1.04271
100	7219	0.868275
100	7220	1.04866
100	7221	1.0413
100	7222	0.938299
100	7223	1.0328
100	7224	1.02551
100	7225	1.08475
100	7226	1.05506
100	7227	0.973884
100	7228	1.08375
100	7229	0.959907
100	7230	1.0371
100	7231	0.908815
100	7232	0.849534
100	7233	1.04899
100	7234	0.974437
100	7235	0.97841
100	7236	0.941774
100	7237	0.941939
100	7238	0.810243
100	7239	1.0422
100	7240	1.0689
100	7241	0.979326
100	7242	0.954867
100	7243	1.11044
100	7244	1.01575
100	7245	0.995775
100	7246	0.794699
100	7247	1.10766
100	7248	0.972411
100	7249	1.02631
100	7250	0.952838
100	7251	0.965708
100	7252	0.889777
100	7253	1.06078
100	7254	0.883294
100	7255	0.793229
100	7256	1.00752
100	7257	0.962311
100	7258	0.922766
100	7259	1.08204
100	7260	0.853936
100	7261	0.82396
100	7262	1.00295
100	7263	1.03986
100	7264	1.02732
100	7265	0.892859
100	7266	0.963933
100	7267	1.00277
100	7268	1.0888
100	7269	0.832808
100	7270	1.18662
100	7271	1.1022
100	7272	0.811718
100	7273	0.966707
100	7274	0.826417
100	7275	1.0936
100	7276	1.00359
100	7277	1.11069
100	7278	0.94447
100	7279	0.975237
100	7280	1.05279
100	7281	0.992377
100	7282	0.983359
100	7283	0.850917
100	7284	0.946758
100	7285	1.08589
100	7286	1.00126
100	7287	0.848837
100	7288	0.893762
100	7289	0.909443
100	7290	1.04116
100	7291	1.10418
100	7292	0.958625
100	7293	0.904026
100	7294	0.981325
100	7295	1.0502
100	7296	0.90597
100	7297	1.19381
100	7298	0.863328
100	7299	1.08404
100	7300	1.182
100	7301	0.92202
100	7302	1.12265
100	7303	1.01104
100	7304	1.12514
100	7305	0.941238
100	7306	1.13268
100	7307	0.974282
100	7308	1.02635
100	7309	1.2271
100	7310	1.08736
100	7311	1.10986
100	7312	1.06279
100	7313	1.06173
100	7314	1.03343
100	7315	1.08187
100	7316	0.880578
100	7317	1.06636
100	7318	1.09821
100	7319	1.09791
100	7320	1.0304
100	7321	0.795071
100	7322	0.936362
100	7323	1.05344
100	7324	1.12895
100	7325	0.990867
100	7326	1.11072
100	7327	1.03425
100	7328	1.02258
100	7329	0.883425
100	7330	1.14306
100	7331	0.987372
100	7332	0.875221
100	7333	0.976243
100	7334	1.03314
100	7335	1.00953
100	7336	0.817683
100	7337	1.08741
100	7338	1.16673
100	7339	1.17314
100	7340	0.78051
100	7341	0.952719
100	7342	1.05814
100	7343	1.06652
100	7344	0.769963
100	7345	1.00726
100	7346	1.09166
100	7347	1.14491
100	7348	0.923855
100	7349	1.08127
100	7350	1.04692
100	7351	0.727166
100	7352	0.88036
100	7353	1.02909
100	7354	1.08059
100	7355	0.874886
100	7356	0.946241
100	7357	1.07154
100	7358	1.16964
100	7359	0.918076
100	7360	0.898218
100	7361	1.05142
100	7362	0.885837
100	7363	1.16993
100	7364	0.980449
100	7365	1.03689
100	7366	0.757929
100	7367	1.11134
100	7368	1.13222
100	7369	0.931111
100	7370	0.863824
100	7371	1.00728
100	7372	0.94288
100	7373	0.785931
100	7374	1.02199
100	7375	1.20153
100	7376	1.09029
100	7377	1.14436
100	7378	0.903549
100	7379	0.895521
100	7380	0.909272
100	7381	0.863166
100	7382	1.29041
100	7383	0.98402
100	7384	1.03704
100	7385	0.915626
100	7386	0.994645
100	7387	0.942025
100	7388	0.890471
100	7389	1.01195
100	7390	0.995833
100	7391	1.01143
100	7392	1.1173
100	7393	0.917988
100	7394	0.924251
100	7395	0.997954
100	7396	1.12634
100	7397	0.977199
100	7398	1.06284
100	7399	1.12798
100	7400	0.938067
100	7401	0.906519
100	7402	0.964195
100	7403	1.01656
100	7404	1.014
100	7405	0.942195
100	7406	0.993965
100	7407	1.13244
100	7408	0.918146
100	7409	1.11188
100	7410	0.860404
100	7411	0.911193
100	7412	1.02321
100	7413	0.899351
100	7414	0.975839
100	7415	0.891412
100	7416	0.911726
100	7417	1.00096
100	7418	0.935846
100	7419	0.893428
100	7420	0.944158
100	7421	0.941958
100	7422	1.13448
100	7423	1.04438
100	7424	0.881037
100	7425	0.99183
100	7426	0.968023
100	7427	1.205
100	7428	0.973954
100	7429	0.917432
100	7430	0.951201
100	7431	0.943992
100	7432	1.04503
100	7433	0.984094
100	7434	1.10271
100	7435	0.990753
100	7436	1.14762
100	7437	1.07974
100	7438	0.977331
100	7439	1.05579
100	7440	1.02765
100	7441	1.06066
100	7442	1.06046
100	7443	0.967163
100	7444	1.09818
100	7445	0.784859
100	7446	1.01616
100	7447	1.05776
100	7448	1.02544
100	7449	0.937593
100	7450	1.10466
100	7451	1.00269
100	7452	0.980884
100	7453	0.904143
100	7454	1.12561
100	7455	0.931883
100	7456	0.899533
100	7457	0.988287
100	7458	0.90308
100	7459	1.15029
100	7460	0.860491
100	7461	0.914248
100	7462	1.20018
100	7463	1.03745
100	7464	0.983453
100	7465	0.866348
100	7466	0.953504
100	7467	1.12603
100	7468	1.04955
100	7469	1.15179
100	7470	1.13945
100	7471	0.933843
100	7472	1.05877
100	7473	1.09308
100	7474	1.01165
100	7475	1.05572
100	7476	0.993248
100	7477	1.04794
100	7478	0.986448
100	7479	1.02916
100	7480	1.22291
100	7481	1.16381
100	7482	0.91668
100	7483	0.871163
100	7484	1.09311
100	7485	0.786042
100	7486	0.911032
100	7487	1.03295
100	7488	0.818961
100	7489	1.02049
100	7490	1.04613
100	7491	0.878897
100	7492	0.938821
100	7493	1.10397
100	7494	1.07789
100	7495	1.04921
100	7496	0.9942
100	7497	1.19194
100	7498	1.0751
100	7499	1.0503
100	7500	0.908495
100	7501	0.955071
100	7502	0.972152
100	7503	0.971903
100	7504	0.861397
100	7505	1.014
100	7506	1.1204
100	7507	1.07528
100	7508	1.01166
100	7509	0.949823
100	7510	0.997615
100	7511	1.01697
100	7512	0.978195
100	7513	0.883506
100	7514	1.06442
100	7515	0.99825
100	7516	1.07167
100	7517	1.05613
100	7518	1.09939
100	7519	1.07979
100	7520	1.07556
100	7521	1.11111
100	7522	0.797278
100	7523	0.936073
100	7524	0.957394
100	7525	0.929538
100	7526	0.921848
100	7527	1.0673
100	7528	0.876602
100	7529	1.05297
100	7530	0.93715
100	7531	0.955245
100	7532	1.19959
100	7533	0.935968
100	7534	0.926348
100	7535	1.0079
100	7536	0.919385
100	7537	1.08316
100	7538	0.971559
100	7539	1.01777
100	7540	1.01118
100	7541	1.15281
100	7542	1.05791
100	7543	1.06514
100	7544	0.903686
100	7545	1.05998
100	7546	1.15938
100	7547	0.942606
100	7548	1.10596
100	7549	0.891643
100	7550	1.09685
100	7551	0.953892
100	7552	0.921964
100	7553	0.887282
100	7554	1.02873
100	7555	0.946247
100	7556	1.14987
100	7557	0.863785
100	7558	1.00911
100	7559	0.912625
100	7560	0.825949
100	7561	1.03437
100	7562	1.0505
100	7563	0.944596
100	7564	0.847631
100	7565	1.09535
100	7566	0.973784
100	7567	0.99459
100	7568	1.0139
100	7569	0.8559
100	7570	1.12214
100	7571	0.877807
100	7572	0.966963
100	7573	0.943126
100	7574	1.00881
100	7575	1.10468
100	7576	0.948899
100	7577	0.932919
100	7578	1.14823
100	7579	0.811606
100	7580	0.966473
100	7581	1.0598
100	7582	1.03939
100	7583	0.873781
100	7584	0.908177
100	7585	1.10885
100	7586	0.890258
100	7587	0.926008
100	7588	1.11052
100	7589	0.906595
100	7590	0.969673
100	7591	1.05606
100	7592	1.10429
100	7593	1.1322
100	7594	1.01558
100	7595	1.077
100	7596	0.805467
100	7597	1.13139
100	7598	1.04068
100	7599	0.904514
100	7600	0.97191
100	7601	0.931366
100	7602	0.984424
100	7603	0.990115
100	7604	0.954279
100	7605	0.95663
100	7606	0.893795
100	7607	1.12683
100	7608	1.01982
100	7609	0.899127
100	7610	1.07651
100	7611	0.990016
100	7612	1.12712
100	7613	0.927627
100	7614	1.09329
100	7615	0.861317
100	7616	0.990678
100	7617	0.845121
100	7618	1.03274
100	7619	1.0328
100	7620	1.02124
100	7621	0.929017
100	7622	1.12227
100	7623	0.998136
100	7624	0.80891
100	7625	0.786727
100	7626	1.11676
100	7627	0.912716
100	7628	0.944408
100	7629	0.995689
100	7630	1.31886
100	7631	0.904569
100	7632	1.01133
100	7633	0.895695
100	7634	1.12303
100	7635	0.93484
100	7636	1.06049
100	7637	1.15022
100	7638	0.855206
100	7639	0.93908
100	7640	0.989176
100	7641	0.973879
100	7642	0.88347
100	7643	1.03931
100	7644	0.915251
100	7645	1.13654
100	7646	0.839929
100	7647	0.982993
100	7648	0.995884
100	7649	0.941594
100	7650	1.06314
100	7651	1.00241
100	7652	0.986965
100	7653	1.11435
100	7654	1.06693
100	7655	1.02261
100	7656	1.0146
100	7657	0.982298
100	7658	1.04705
100	7659	1.06215
100	7660	0.914988
100	7661	1.21063
100	7662	1.02437
100	7663	0.871247
100	7664	0.942232
100	7665	1.2312
100	7666	1.11263
100	7667	0.991868
100	7668	0.942084
100	7669	1.16819
100	7670	1.13684
100	7671	1.07897
100	7672	0.954568
100	7673	0.907186
100	7674	0.975411
100	7675	0.972747
100	7676	1.02007
100	7677	0.985043
100	7678	0.93489
100	7679	1.03687
100	7680	0.850273
100	7681	0.873119
100	7682	1.01896
100	7683	0.886582
100	7684	1.14224
100	7685	0.80818
100	7686	1.18754
100	7687	0.922578
100	7688	1.07477
100	7689	0.950241
100	7690	1.16032
100	7691	0.966099
100	7692	0.977969
100	7693	1.10401
100	7694	1.01409
100	7695	1.04872
100	7696	0.849823
100	7697	1.10828
100	7698	1.14195
100	7699	0.936346
100	7700	1.19886
100	7701	0.982464
100	7702	0.916251
100	7703	0.898527
100	7704	0.878168
100	7705	1.13185
100	7706	0.983577
100	7707	0.986388
100	7708	0.883884
100	7709	1.23709
100	7710	1.06934
100	7711	0.999077
100	7712	0.978874
100	7713	1.09505
100	7714	1.18349
100	7715	1.02604
100	7716	0.954405
100	7717	1.1079
100	7718	1.29008
100	7719	0.88845
100	7720	0.881689
100	7721	0.957349
100	7722	0.998729
100	7723	1.14179
100	7724	1.13058
100	7725	0.816039
100	7726	0.991063
100	7727	1.0372
100	7728	1.02668
100	7729	0.977174
100	7730	1.00466
100	7731	0.92318
100	7732	0.964211
100	7733	0.983255
100	7734	1.06809
100	7735	0.84287
100	7736	1.03228
100	7737	0.905603
100	7738	0.874384
100	7739	1.06501
100	7740	0.828866
100	7741	0.913576
100	7742	0.833872
100	7743	0.980535
100	7744	0.905649
100	7745	0.998316
100	7746	0.93435
100	7747	0.842909
100	7748	0.945357
100	7749	1.13206
100	7750	1.05702
100	7751	0.870704
100	7752	0.874408
100	7753	1.02958
100	7754	1.08627
100	7755	0.907848
100	7756	0.83682
100	7757	0.73985
100	7758	1.05272
100	7759	1.14259
100	7760	0.84752
100	7761	1.00887
100	7762	1.10719
100	7763	1.04308
100	7764	1.03653
100	7765	1.04728
100	7766	1.16576
100	7767	0.953809
100	7768	1.01345
100	7769	1.11529
100	7770	0.93291
100	7771	1.02249
100	7772	0.946708
100	7773	1.14963
100	7774	0.927485
100	7775	0.981885
100	7776	1.00343
100	7777	1.02843
100	7778	1.11893
100	7779	1.11762
100	7780	1.04133
100	7781	0.859003
100	7782	0.838095
100	7783	1.05717
100	7784	1.09192
100	7785	0.960894
100	7786	1.07235
100	7787	1.11502
100	7788	0.993934
100	7789	1.14501
100	7790	1.02733
100	7791	0.877365
100	7792	0.866558
100	7793	0.835176
100	7794	0.896629
100	7795	0.973497
100	7796	0.961089
100	7797	0.917706
100	7798	0.862102
100	7799	0.837027
100	7800	0.91568
100	7801	1.01669
100	7802	1.00602
100	7803	1.15209
100	7804	0.992748
100	7805	1.01108
100	7806	0.902804
100	7807	0.887397
100	7808	0.902919
100	7809	1.19045
100	7810	1.03886
100	7811	1.03777
100	7812	1.01522
100	7813	0.948132
100	7814	0.818554
100	7815	0.990746
100	7816	0.857748
100	7817	0.994023
100	7818	0.900757
100	7819	1.15537
100	7820	1.05641
100	7821	1.20823
100	7822	0.92883
100	7823	0.991404
100	7824	1.0632
100	7825	0.903784
100	7826	0.966705
100	7827	0.942618
100	7828	1.01857
100	7829	0.904791
100	7830	0.949331
100	7831	0.964515
100	7832	1.26921
100	7833	1.04062
100	7834	0.979535
100	7835	0.774196
100	7836	1.09142
100	7837	1.13246
100	7838	1.14079
100	7839	0.950256
100	7840	1.10508
100	7841	0.794141
100	7842	0.910366
100	7843	0.965512
100	7844	1.16269
100	7845	0.850548
100	7846	0.904626
100	7847	0.92316
100	7848	0.977688
100	7849	1.02871
100	7850	1.02826
100	7851	0.80451
100	7852	1.03489
100	7853	0.991164
100	7854	1.01177
100	7855	1.05564
100	7856	1.02947
100	7857	0.984574
100	7858	1.26097
100	7859	0.890364
100	7860	1.05511
100	7861	1.09405
100	7862	1.03468
100	7863	0.793413
100	7864	1.07366
100	7865	0.996403
100	7866	0.918724
100	7867	0.894423
100	7868	0.841184
100	7869	1.01833
100	7870	0.877612
100	7871	1.01348
100	7872	0.930875
100	7873	1.04955
100	7874	1.09438
100	7875	1.17859
100	7876	0.975911
100	7877	1.07703
100	7878	0.808802
100	7879	1.10074
100	7880	1.00454
100	7881	0.811
100	7882	0.878392
100	7883	1.04493
100	7884	0.867545
100	7885	0.935417
100	7886	0.914408
100	7887	0.964571
100	7888	0.980129
100	7889	0.994152
100	7890	0.973324
100	7891	0.918329
100	7892	0.8473
100	7893	0.940234
100	7894	1.2093
100	7895	0.862318
100	7896	0.839035
100	7897	1.02369
100	7898	0.941314
100	7899	0.948469
100	7900	1.03507
100	7901	1.06231
100	7902	0.975502
100	7903	1.02248
100	7904	0.864489
100	7905	1.01899
100	7906	0.828122
100	7907	0.769581
100	7908	0.951089
100	7909	1.15072
100	7910	1.08171
100	7911	0.965511
100	7912	0.986171
100	7913	1.03994
100	7914	1.02356
100	7915	1.11436
100	7916	1.01501
100	7917	1.19102
100	7918	1.1209
100	7919	0.864163
100	7920	0.879724
100	7921	1.06605
100	7922	1.1059
100	7923	1.01062
100	7924	0.955812
100	7925	0.931843
100	7926	0.885913
100	7927	1.03114
100	7928	0.999499
100	7929	0.887565
100	7930	1.20894
100	7931	1.05812
100	7932	1.01407
100	7933	1.04977
100	7934	1.01861
100	7935	1.03821
100	7936	0.936405
100	7937	0.982858
100	7938	1.01147
100	7939	1.03623
100	7940	0.8975
100	7941	1.03058
100	7942	1.2363
100	7943	1.03668
100	7944	0.999956
100	7945	1.04315
100	7946	1.00889
100	7947	1.12887
100	7948	1.03304
100	7949	0.827981
100	7950	1.06304
100	7951	1.06859
100	7952	1.01706
100	7953	1.03643
100	7954	0.978566
100	7955	1.04753
100	7956	1.14062
100	7957	0.91049
100	7958	0.962726
100	7959	1.20553
100	7960	0.980439
100	7961	0.989864
100	7962	1.02407
100	7963	0.960583
100	7964	0.803425
100	7965	0.855355
100	7966	1.00156
100	7967	1.02512
100	7968	1.00013
100	7969	0.868487
100	7970	1.13229
100	7971	1.03685
100	7972	0.953822
100	7973	1.08406
100	7974	1.12669
100	7975	1.08848
100	7976	0.980749
100	7977	0.914673
100	7978	1.13477
100	7979	1.07202
100	7980	1.0001
100	7981	1.05022
100	7982	0.926476
100	7983	0.98445
100	7984	0.941064
100	7985	1.09084
100	7986	1.00921
100	7987	0.873385
100	7988	1.09729
100	7989	0.983877
100	7990	1.005
100	7991	0.891246
100	7992	1.02114
100	7993	0.937642
100	7994	0.972285
100	7995	0.986886
100	7996	1.21403
100	7997	1.08979
100	7998	0.942987
100	7999	0.972453
100	8000	0.78099
100	8001	1.02497
100	8002	0.95827
100	8003	0.945085
100	8004	0.908488
100	8005	1.00012
100	8006	1.01553
100	8007	1.09676
100	8008	1.00211
100	8009	0.808951
100	8010	1.03441
100	8011	1.17583
100	8012	0.964865
100	8013	1.08726
100	8014	0.794747
100	8015	1.0027
100	8016	1.18879
100	8017	1.12231
100	8018	1.16943
100	8019	0.963923
100	8020	1.06286
100	8021	0.876924
100	8022	1.10085
100	8023	1.14546
100	8024	0.92034
100	8025	1.11067
100	8026	1.03313
100	8027	1.03222
100	8028	0.913155
100	8029	1.0141
100	8030	0.857926
100	8031	0.932838
100	8032	1.19213
100	8033	0.948021
100	8034	0.975898
100	8035	0.902003
100	8036	1.11349
100	8037	1.08791
100	8038	1.04275
100	8039	0.857161
100	8040	0.813397
100	8041	0.942852
100	8042	1.01308
100	8043	0.993256
100	8044	1.07702
100	8045	0.965642
100	8046	0.990083
100	8047	0.88863
100	8048	0.920121
100	8049	1.11881
100	8050	0.894063
100	8051	1.25745
100	8052	1.07976
100	8053	1.19208
100	8054	0.937641
100	8055	0.794878
100	8056	0.961662
100	8057	1.05495
100	8058	1.01272
100	8059	1.02046
100	8060	0.99889
100	8061	0.959343
100	8062	0.863081
100	8063	0.935834
100	8064	0.840645
100	8065	1.14944
100	8066	1.10627
100	8067	1.1301
100	8068	1.08724
100	8069	0.985359
100	8070	0.994962
100	8071	0.840097
100	8072	1.06424
100	8073	1.18003
100	8074	0.860909
100	8075	0.891375
100	8076	1.17656
100	8077	1.08415
100	8078	1.16615
100	8079	1.08597
100	8080	0.82798
100	8081	0.804157
100	8082	0.931981
100	8083	1.03644
100	8084	0.960928
100	8085	0.978485
100	8086	0.974838
100	8087	1.34266
100	8088	0.984111
100	8089	0.951103
100	8090	1.04072
100	8091	1.14562
100	8092	0.979364
100	8093	1.00237
100	8094	1.05033
100	8095	1.04085
100	8096	1.18582
100	8097	0.957908
100	8098	1.14855
100	8099	1.08331
100	8100	1.03372
100	8101	0.856816
100	8102	1.02241
100	8103	0.998405
100	8104	0.989829
100	8105	1.05769
100	8106	1.17254
100	8107	0.81433
100	8108	1.14645
100	8109	1.00566
100	8110	0.980057
100	8111	0.897951
100	8112	1.06152
100	8113	0.811321
100	8114	1.10055
100	8115	1.01241
100	8116	1.17992
100	8117	1.02908
100	8118	1.14752
100	8119	0.882048
100	8120	0.87854
100	8121	1.15892
100	8122	1.09675
100	8123	0.81415
100	8124	0.930906
100	8125	0.942431
100	8126	1.02212
100	8127	1.07735
100	8128	0.877151
100	8129	1.13249
100	8130	1.14314
100	8131	0.844414
100	8132	1.04548
100	8133	1.00522
100	8134	0.994187
100	8135	1.08691
100	8136	0.93564
100	8137	1.01832
100	8138	0.885782
100	8139	0.968303
100	8140	1.13486
100	8141	1.09668
100	8142	0.873654
100	8143	0.985056
100	8144	0.998745
100	8145	1.05237
100	8146	1.07408
100	8147	0.971718
100	8148	1.27818
100	8149	0.995225
100	8150	1.1405
100	8151	1.14876
100	8152	1.02761
100	8153	1.176
100	8154	0.98509
100	8155	1.04851
100	8156	1.09253
100	8157	0.985979
100	8158	1.00223
100	8159	1.01558
100	8160	0.868791
100	8161	0.954171
100	8162	1.09341
100	8163	1.17209
100	8164	0.953371
100	8165	1.10945
100	8166	0.982459
100	8167	1.1563
100	8168	0.983852
100	8169	1.02686
100	8170	0.913085
100	8171	1.05692
100	8172	1.05864
100	8173	1.19363
100	8174	0.994523
100	8175	0.857386
100	8176	0.829636
100	8177	1.234
100	8178	1.0226
100	8179	0.907671
100	8180	1.02307
100	8181	1.11568
100	8182	1.02615
100	8183	1.0844
100	8184	0.954935
100	8185	0.728255
100	8186	0.814431
100	8187	1.05722
100	8188	0.989742
100	8189	0.995168
100	8190	0.876188
100	8191	0.93215
100	8192	0.935674
100	8193	1.23397
100	8194	1.08711
100	8195	0.878717
100	8196	0.935997
100	8197	0.997223
100	8198	0.9038
100	8199	0.952344
100	8200	1.13902
100	8201	0.951904
100	8202	1.03368
100	8203	0.963967
100	8204	1.07656
100	8205	1.04936
100	8206	0.887676
100	8207	0.866079
100	8208	1.0114
100	8209	0.989669
100	8210	0.912938
100	8211	0.987406
100	8212	0.944609
100	8213	1.04941
100	8214	0.978151
100	8215	1.1082
100	8216	0.896444
100	8217	0.858691
100	8218	1.05537
100	8219	0.857477
100	8220	0.808356
100	8221	0.937602
100	8222	1.06146
100	8223	1.06045
100	8224	0.759505
100	8225	0.899102
100	8226	1.13113
100	8227	0.968982
100	8228	1.02828
100	8229	1.00227
100	8230	1.10216
100	8231	0.943542
100	8232	1.05276
100	8233	0.736538
100	8234	1.09548
100	8235	0.971845
100	8236	0.941217
100	8237	0.990102
100	8238	0.884463
100	8239	1.04516
100	8240	0.999592
100	8241	1.14376
100	8242	1.01115
100	8243	1.0961
100	8244	0.970437
100	8245	1.12582
100	8246	1.03102
100	8247	0.956028
100	8248	1.19584
100	8249	1.0711
100	8250	1.03004
100	8251	1.08234
100	8252	1.02172
100	8253	0.765298
100	8254	1.13576
100	8255	1.14462
100	8256	1.04985
100	8257	0.842798
100	8258	0.946035
100	8259	1.04955
100	8260	1.12847
100	8261	0.905426
100	8262	1.00049
100	8263	0.988096
100	8264	1.05372
100	8265	1.00136
100	8266	1.00724
100	8267	0.914567
100	8268	1.13385
100	8269	1.03826
100	8270	1.09959
100	8271	0.96323
100	8272	1.14834
100	8273	0.968592
100	8274	1.06025
100	8275	1.0655
100	8276	0.929183
100	8277	0.932564
100	8278	0.997082
100	8279	0.895935
100	8280	0.925921
100	8281	0.9494
100	8282	1.06776
100	8283	1.21639
100	8284	0.982269
100	8285	1.04456
100	8286	0.923841
100	8287	0.977483
100	8288	1.11281
100	8289	1.08037
100	8290	1.0468
100	8291	1.15839
100	8292	1.00965
100	8293	0.992933
100	8294	0.916723
100	8295	0.928161
100	8296	1.08838
100	8297	1.10736
100	8298	1.11801
100	8299	1.08473
100	8300	0.880884
100	8301	1.09068
100	8302	1.19565
100	8303	1.03278
100	8304	1.1167
100	8305	0.996567
100	8306	0.953631
100	8307	1.06594
100	8308	0.97013
100	8309	1.11204
100	8310	1.00305
100	8311	1.03732
100	8312	0.907218
100	8313	1.16883
100	8314	1.05082
100	8315	1.09625
100	8316	0.962151
100	8317	0.989373
100	8318	0.912226
100	8319	0.958227
100	8320	1.04298
100	8321	0.972086
100	8322	0.989053
100	8323	1.01442
100	8324	0.853761
100	8325	0.863658
100	8326	1.14249
100	8327	1.25177
100	8328	1.15271
100	8329	1.09022
100	8330	1.03277
100	8331	1.18763
100	8332	1.08357
100	8333	0.841973
100	8334	0.977446
100	8335	0.922834
100	8336	0.851127
100	8337	0.932479
100	8338	1.02618
100	8339	1.00463
100	8340	1.15584
100	8341	1.0236
100	8342	1.11954
100	8343	1.13436
100	8344	1.10122
100	8345	0.952214
100	8346	0.836755
100	8347	1.06393
100	8348	1.04766
100	8349	0.894381
100	8350	0.967985
100	8351	0.844099
100	8352	1.03661
100	8353	1.13686
100	8354	0.914284
100	8355	0.913896
100	8356	0.899384
100	8357	1.06463
100	8358	1.03211
100	8359	0.940241
100	8360	0.87045
100	8361	0.824031
100	8362	1.05872
100	8363	1.0015
100	8364	1.06881
100	8365	1.12132
100	8366	0.84957
100	8367	1.17347
100	8368	0.893669
100	8369	1.06733
100	8370	0.985668
100	8371	0.831601
100	8372	0.96506
100	8373	1.14505
100	8374	0.828742
100	8375	0.964514
100	8376	1.08537
100	8377	0.980613
100	8378	1.09645
100	8379	0.902488
100	8380	0.930827
100	8381	1.02919
100	8382	0.886264
100	8383	0.982186
100	8384	0.970495
100	8385	1.11313
100	8386	0.916161
100	8387	1.02649
100	8388	1.01676
100	8389	1.1095
100	8390	1.07226
100	8391	1.07825
100	8392	1.03448
100	8393	0.901041
100	8394	0.963308
100	8395	0.938043
100	8396	0.899221
100	8397	0.845867
100	8398	0.940645
100	8399	1.06385
100	8400	1.14321
100	8401	0.843725
100	8402	1.05247
100	8403	1.02434
100	8404	1.02622
100	8405	1.03694
100	8406	0.871813
100	8407	1.0226
100	8408	1.00689
100	8409	0.892516
100	8410	1.01501
100	8411	0.966749
100	8412	1.04616
100	8413	1.10244
100	8414	1.04225
100	8415	1.11509
100	8416	0.981919
100	8417	1.01545
100	8418	0.884462
100	8419	1.0933
100	8420	0.958396
100	8421	0.913955
100	8422	0.994134
100	8423	1.07937
100	8424	0.872924
100	8425	0.893803
100	8426	0.979923
100	8427	1.00548
100	8428	1.06626
100	8429	1.13119
100	8430	1.04519
100	8431	0.982761
100	8432	0.931635
100	8433	0.933812
100	8434	1.10824
100	8435	0.980566
100	8436	0.974278
100	8437	1.0487
100	8438	1.01297
100	8439	1.07368
100	8440	0.872732
100	8441	1.00266
100	8442	0.842534
100	8443	1.13118
100	8444	0.896421
100	8445	0.869337
100	8446	0.838247
100	8447	0.900097
100	8448	0.996859
100	8449	1.11778
100	8450	0.829853
100	8451	1.13153
100	8452	1.06933
100	8453	1.01707
100	8454	0.877919
100	8455	0.978197
100	8456	1.01558
100	8457	0.984885
100	8458	0.991367
100	8459	0.966602
100	8460	0.900932
100	8461	0.954071
100	8462	0.868712
100	8463	1.03379
100	8464	1.10846
100	8465	0.889765
100	8466	0.948556
100	8467	1.05175
100	8468	0.917545
100	8469	0.891745
100	8470	0.901245
100	8471	0.995868
100	8472	1.00811
100	8473	1.01133
100	8474	0.894298
100	8475	1.01765
100	8476	1.04977
100	8477	1.01168
100	8478	0.825025
100	8479	0.972077
100	8480	1.01376
100	8481	1.03786
100	8482	1.03202
100	8483	1.11334
100	8484	1.17941
100	8485	1.04173
100	8486	1.06452
100	8487	1.03129
100	8488	0.977251
100	8489	0.768579
100	8490	0.994729
100	8491	0.907152
100	8492	0.915034
100	8493	1.12348
100	8494	1.00922
100	8495	1.0946
100	8496	0.936548
100	8497	0.907698
100	8498	0.953388
100	8499	0.984879
100	8500	1.04481
100	8501	0.905917
100	8502	1.12095
100	8503	1.07245
100	8504	1.18107
100	8505	1.105
100	8506	0.972383
100	8507	1.06156
100	8508	1.20087
100	8509	0.954117
100	8510	1.02496
100	8511	1.0373
100	8512	0.839486
100	8513	1.07307
100	8514	0.901424
100	8515	0.85203
100	8516	0.957295
100	8517	1.11792
100	8518	1.24374
100	8519	0.831906
100	8520	0.861351
100	8521	0.975504
100	8522	0.882496
100	8523	1.0975
100	8524	1.12367
100	8525	1.06317
100	8526	1.02275
100	8527	1.0963
100	8528	0.950851
100	8529	1.01751
100	8530	0.880435
100	8531	0.938966
100	8532	1.11773
100	8533	1.05419
100	8534	0.953467
100	8535	1.02461
100	8536	0.928811
100	8537	1.13501
100	8538	0.975834
100	8539	1.05725
100	8540	0.89916
100	8541	1.10933
100	8542	0.925749
100	8543	1.05676
100	8544	0.914896
100	8545	0.878548
100	8546	0.993379
100	8547	0.962343
100	8548	1.07709
100	8549	1.14313
100	8550	1.20875
100	8551	1.06382
100	8552	1.08871
100	8553	0.970278
100	8554	1.03242
100	8555	0.999511
100	8556	1.00348
100	8557	1.00542
100	8558	0.972422
100	8559	0.977576
100	8560	1.07728
100	8561	1.21507
100	8562	1.00759
100	8563	0.83339
100	8564	1.08047
100	8565	1.06211
100	8566	0.988868
100	8567	1.07548
100	8568	0.920636
100	8569	0.970411
100	8570	1.04627
100	8571	1.03728
100	8572	0.917589
100	8573	0.98563
100	8574	0.982869
100	8575	1.11368
100	8576	0.892933
100	8577	0.868897
100	8578	1.26206
100	8579	1.16601
100	8580	0.961337
100	8581	1.02359
100	8582	1.17857
100	8583	0.98676
100	8584	1.14427
100	8585	0.952584
100	8586	0.996307
100	8587	1.00455
100	8588	0.993449
100	8589	0.943225
100	8590	0.742459
100	8591	0.98097
100	8592	0.933068
100	8593	1.22541
100	8594	1.13217
100	8595	1.00153
100	8596	0.836612
100	8597	0.989154
100	8598	0.999469
100	8599	1.07853
100	8600	1.18401
100	8601	0.919855
100	8602	1.10323
100	8603	0.95919
100	8604	1.02568
100	8605	1.01174
100	8606	1.0628
100	8607	1.07602
100	8608	0.960432
100	8609	1.03375
100	8610	1.01179
100	8611	0.984092
100	8612	0.943396
100	8613	0.816744
100	8614	0.853853
100	8615	0.913249
100	8616	1.04666
100	8617	0.987005
100	8618	0.924918
100	8619	0.806718
100	8620	0.892698
100	8621	0.997176
100	8622	0.925445
100	8623	1.00308
100	8624	1.17246
100	8625	1.18415
100	8626	1.00789
100	8627	0.931787
100	8628	0.978732
100	8629	0.951073
100	8630	1.0172
100	8631	1.03453
100	8632	1.15397
100	8633	1.02575
100	8634	0.992097
100	8635	0.988294
100	8636	0.940185
100	8637	1.08523
100	8638	1.22099
100	8639	0.989609
100	8640	1.01581
100	8641	0.915442
100	8642	1.04821
100	8643	1.10132
100	8644	0.956273
100	8645	1.10771
100	8646	0.96124
100	8647	1.04745
100	8648	1.0373
100	8649	0.949108
100	8650	1.0709
100	8651	0.974513
100	8652	1.16126
100	8653	0.879416
100	8654	1.06939
100	8655	1.01361
100	8656	1.06121
100	8657	0.884366
100	8658	1.13267
100	8659	0.94284
100	8660	0.771335
100	8661	0.945004
100	8662	0.972255
100	8663	0.762794
100	8664	0.791032
100	8665	1.09207
100	8666	0.937982
100	8667	1.05258
100	8668	1.06198
100	8669	0.90637
100	8670	1.11623
100	8671	0.898037
100	8672	1.09656
100	8673	1.00596
100	8674	1.16235
100	8675	0.994106
100	8676	0.963252
100	8677	1.05877
100	8678	1.17011
100	8679	1.182
100	8680	0.875293
100	8681	1.0569
100	8682	1.03711
100	8683	1.06406
100	8684	1.02146
100	8685	0.945656
100	8686	0.951072
100	8687	0.813696
100	8688	0.911671
100	8689	0.931378
100	8690	1.03448
100	8691	1.00757
100	8692	0.843881
100	8693	1.23823
100	8694	0.805343
100	8695	0.981609
100	8696	1.02588
100	8697	1.05395
100	8698	1.17002
100	8699	1.05451
100	8700	0.911919
100	8701	1.16632
100	8702	1.03352
100	8703	1.09975
100	8704	1.15414
100	8705	1.05138
100	8706	0.901389
100	8707	0.897428
100	8708	1.14476
100	8709	1.04951
100	8710	1.13868
100	8711	1.1392
100	8712	1.04202
100	8713	1.08989
100	8714	1.11819
100	8715	1.05579
100	8716	1.01347
100	8717	1.07358
100	8718	1.04096
100	8719	1.03645
100	8720	0.99768
100	8721	1.09011
100	8722	1.02851
100	8723	0.940613
100	8724	0.871334
100	8725	1.03751
100	8726	1.02247
100	8727	0.894899
100	8728	0.893068
100	8729	1.0112
100	8730	0.966757
100	8731	1.09126
100	8732	0.945121
100	8733	0.950973
100	8734	0.959214
100	8735	0.892238
100	8736	0.918783
100	8737	1.03321
100	8738	1.0114
100	8739	1.08029
100	8740	0.998006
100	8741	1.16906
100	8742	0.98
100	8743	0.929884
100	8744	1.24522
100	8745	1.03827
100	8746	0.958688
100	8747	0.846496
100	8748	0.924258
100	8749	1.02948
100	8750	0.970608
100	8751	0.930809
100	8752	0.909605
100	8753	0.948172
100	8754	0.998128
100	8755	0.935045
100	8756	0.949021
100	8757	0.975979
100	8758	0.822498
100	8759	0.970733
100	8760	0.92378
100	8761	0.825873
100	8762	0.89554
100	8763	0.972647
100	8764	1.03854
100	8765	0.96708
100	8766	1.01958
100	8767	1.19595
100	8768	1.06011
100	8769	0.967572
100	8770	0.954472
100	8771	0.98936
100	8772	1.13769
100	8773	0.960211
100	8774	0.965703
100	8775	0.906371
100	8776	0.834932
100	8777	0.829064
100	8778	1.00082
100	8779	0.919713
100	8780	0.860777
100	8781	0.94294
100	8782	1.00793
100	8783	0.903321
100	8784	0.879523
100	8785	0.946231
100	8786	1.03753
100	8787	0.888548
100	8788	1.05529
100	8789	0.948657
100	8790	0.988938
100	8791	0.953249
100	8792	1.20129
100	8793	0.804271
100	8794	1.1031
100	8795	1.06229
100	8796	0.822464
100	8797	0.915503
100	8798	1.1482
100	8799	0.949693
100	8800	0.942243
100	8801	1.1652
100	8802	1.09492
100	8803	0.923019
100	8804	0.888644
100	8805	1.04081
100	8806	0.931261
100	8807	1.19517
100	8808	0.95989
100	8809	1.11273
100	8810	1.22048
100	8811	0.975077
100	8812	0.855865
100	8813	1.20342
100	8814	0.995787
100	8815	1.09013
100	8816	0.997133
100	8817	0.934177
100	8818	1.01321
100	8819	0.929257
100	8820	1.03844
100	8821	1.08986
100	8822	0.878133
100	8823	0.800866
100	8824	0.819034
100	8825	1.15584
100	8826	0.97806
100	8827	1.09025
100	8828	0.967031
100	8829	0.891327
100	8830	1.12462
100	8831	0.98294
100	8832	1.11857
100	8833	0.861243
100	8834	1.259
100	8835	1.04498
100	8836	1.03127
100	8837	0.868011
100	8838	0.90795
100	8839	1.04166
100	8840	0.892042
100	8841	1.07409
100	8842	0.8755
100	8843	0.91863
100	8844	1.02783
100	8845	0.914077
100	8846	1.02269
100	8847	1.11042
100	8848	0.957007
100	8849	1.00094
100	8850	1.14924
100	8851	0.839465
100	8852	0.935739
100	8853	0.974211
100	8854	0.916898
100	8855	0.97778
100	8856	1.02253
100	8857	1.12297
100	8858	1.16668
100	8859	0.971353
100	8860	0.929152
100	8861	1.00353
100	8862	1.12291
100	8863	1.01759
100	8864	1.22237
100	8865	1.06831
100	8866	1.12583
100	8867	1.01449
100	8868	1.0419
100	8869	1.0569
100	8870	0.92879
100	8871	0.874895
100	8872	1.05284
100	8873	0.902222
100	8874	0.827532
100	8875	0.948729
100	8876	0.914309
100	8877	0.941349
100	8878	1.06564
100	8879	0.893535
100	8880	1.02059
100	8881	0.993414
100	8882	1.08112
100	8883	1.06917
100	8884	0.955195
100	8885	1.13005
100	8886	0.937628
100	8887	1.03774
100	8888	0.886878
100	8889	1.01629
100	8890	0.947822
100	8891	1.00487
100	8892	0.888885
100	8893	1.00722
100	8894	0.974857
100	8895	0.925328
100	8896	0.991212
100	8897	0.869603
100	8898	0.92978
100	8899	1.00415
100	8900	0.827941
100	8901	0.973093
100	8902	1.05021
100	8903	1.02925
100	8904	0.935574
100	8905	1.00201
100	8906	0.893175
100	8907	0.909425
100	8908	1.17557
100	8909	1.13918
100	8910	0.950481
100	8911	0.913337
100	8912	1.03192
100	8913	1.02925
100	8914	0.730686
100	8915	1.02075
100	8916	0.99253
100	8917	0.923255
100	8918	0.931769
100	8919	0.943334
100	8920	0.894482
100	8921	1.12084
100	8922	1.03949
100	8923	0.940245
100	8924	0.981891
100	8925	0.949166
100	8926	0.903984
100	8927	0.949602
100	8928	0.957863
100	8929	1.07361
100	8930	0.917824
100	8931	0.968902
100	8932	0.92281
100	8933	1.02433
100	8934	0.870502
100	8935	1.06789
100	8936	1.07239
100	8937	0.934451
100	8938	1.08536
100	8939	1.09675
100	8940	0.919879
100	8941	1.00892
100	8942	0.884709
100	8943	1.11887
100	8944	1.07801
100	8945	0.992976
100	8946	0.873521
100	8947	1.13606
100	8948	1.17528
100	8949	1.04106
100	8950	1.11114
100	8951	1.03546
100	8952	1.07211
100	8953	1.07616
100	8954	1.03746
100	8955	0.957835
100	8956	1.22723
100	8957	1.07864
100	8958	0.754435
100	8959	1.07508
100	8960	0.91155
100	8961	0.922342
100	8962	0.995942
100	8963	0.966058
100	8964	1.09736
100	8965	1.0322
100	8966	1.10014
100	8967	1.07903
100	8968	1.16222
100	8969	0.970997
100	8970	0.846524
100	8971	0.970742
100	8972	1.02881
100	8973	1.00579
100	8974	1.01246
100	8975	0.949145
100	8976	1.05172
100	8977	1.0005
100	8978	1.20782
100	8979	1.111
100	8980	1.01037
100	8981	1.13484
100	8982	1.06847
100	8983	0.975519
100	8984	1.02164
100	8985	0.938525
100	8986	0.941061
100	8987	1.16678
100	8988	1.05805
100	8989	1.03894
100	8990	0.929755
100	8991	1.01159
100	8992	1.00486
100	8993	0.959624
100	8994	0.732443
100	8995	0.885304
100	8996	0.973113
100	8997	1.05989
100	8998	0.974246
100	8999	1.03832
100	9000	1.00024
100	9001	0.9692
100	9002	1.08491
100	9003	0.953453
100	9004	0.920277
100	9005	1.05986
100	9006	0.917795
100	9007	1.19344
100	9008	1.16994
100	9009	1.0713
100	9010	0.93792
100	9011	0.873335
100	9012	0.963966
100	9013	1.12402
100	9014	0.893622
100	9015	1.12647
100	9016	1.01655
100	9017	0.991133
100	9018	1.03801
100	9019	0.958986
100	9020	0.967657
100	9021	1.16899
100	9022	0.982755
100	9023	1.18097
100	9024	0.902151
100	9025	0.978502
100	9026	0.895312
100	9027	0.862794
100	9028	1.14603
100	9029	0.96911
100	9030	0.939874
100	9031	1.19459
100	9032	0.891
100	9033	0.99408
100	9034	1.00436
100	9035	1.00782
100	9036	0.975534
100	9037	0.875151
100	9038	1.09304
100	9039	1.04361
100	9040	0.874811
100	9041	0.973569
100	9042	1.10232
100	9043	0.921503
100	9044	1.11151
100	9045	0.966239
100	9046	1.25452
100	9047	0.97062
100	9048	1.10638
100	9049	1.08298
100	9050	1.00976
100	9051	0.924948
100	9052	0.975619
100	9053	0.915971
100	9054	0.88406
100	9055	0.869984
100	9056	0.945905
100	9057	0.940101
100	9058	1.00855
100	9059	1.02081
100	9060	0.965727
100	9061	0.920105
100	9062	0.826384
100	9063	1.01664
100	9064	0.909279
100	9065	0.977668
100	9066	0.937996
100	9067	1.03433
100	9068	0.961334
100	9069	0.803984
100	9070	0.912614
100	9071	1.13473
100	9072	0.916205
100	9073	1.03527
100	9074	0.898087
100	9075	1.06812
100	9076	1.03346
100	9077	0.892591
100	9078	0.872445
100	9079	1.08076
100	9080	1.04745
100	9081	1.11748
100	9082	1.09068
100	9083	0.948669
100	9084	1.08519
100	9085	0.804577
100	9086	1.00492
100	9087	1.0079
100	9088	0.991826
100	9089	1.13733
100	9090	0.92908
100	9091	1.04639
100	9092	1.04573
100	9093	1.03231
100	9094	0.995697
100	9095	0.971328
100	9096	1.06693
100	9097	1.15081
100	9098	0.868613
100	9099	1.04157
100	9100	1.10943
100	9101	0.877262
100	9102	1.10268
100	9103	0.942466
100	9104	1.1586
100	9105	1.01406
100	9106	1.17408
100	9107	0.835039
100	9108	0.867751
100	9109	1.03001
100	9110	0.954731
100	9111	1.04883
100	9112	1.03821
100	9113	1.08347
100	9114	0.876453
100	9115	1.10816
100	9116	0.967994
100	9117	0.989844
100	9118	0.88451
100	9119	1.02533
100	9120	0.939968
100	9121	1.01666
100	9122	0.911565
100	9123	1.08608
100	9124	1.06161
100	9125	1.07279
100	9126	1.0233
100	9127	1.02444
100	9128	1.02711
100	9129	0.998295
100	9130	0.870507
100	9131	1.05057
100	9132	0.792389
100	9133	0.939334
100	9134	1.02237
100	9135	1.01972
100	9136	1.00673
100	9137	1.09166
100	9138	0.971061
100	9139	0.964986
100	9140	0.812416
100	9141	1.09084
100	9142	0.989281
100	9143	1.26744
100	9144	0.925967
100	9145	1.03427
100	9146	1.06583
100	9147	0.909184
100	9148	0.980287
100	9149	1.0033
100	9150	1.14471
100	9151	0.883067
100	9152	0.996281
100	9153	1.31345
100	9154	0.960674
100	9155	0.89271
100	9156	0.913219
100	9157	0.888479
100	9158	0.944968
100	9159	1.03497
100	9160	0.86994
100	9161	0.994755
100	9162	0.969992
100	9163	0.952323
100	9164	0.902414
100	9165	1.10869
100	9166	0.943986
100	9167	1.11577
100	9168	1.0359
100	9169	1.10915
100	9170	1.11874
100	9171	0.86327
100	9172	1.11062
100	9173	0.932434
100	9174	0.979539
100	9175	1.0194
100	9176	1.05428
100	9177	1.07966
100	9178	1.04953
100	9179	0.98829
100	9180	0.872585
100	9181	1.03241
100	9182	1.05212
100	9183	1.00591
100	9184	0.986604
100	9185	0.950762
100	9186	0.954898
100	9187	1.06931
100	9188	0.932033
100	9189	1.09239
100	9190	0.905676
100	9191	1.12924
100	9192	0.889868
100	9193	0.961478
100	9194	1.04292
100	9195	1.00062
100	9196	0.871586
100	9197	1.05946
100	9198	1.20172
100	9199	0.979389
100	9200	1.08443
100	9201	1.20009
100	9202	0.975573
100	9203	0.89656
100	9204	1.17054
100	9205	1.21883
100	9206	1.01382
100	9207	1.04001
100	9208	1.04564
100	9209	0.853274
100	9210	0.943781
100	9211	1.03231
100	9212	0.966227
100	9213	0.952197
100	9214	0.983291
100	9215	0.896601
100	9216	0.756527
100	9217	0.788449
100	9218	0.853553
100	9219	1.12553
100	9220	1.12581
100	9221	1.08136
100	9222	1.08526
100	9223	0.870685
100	9224	0.757784
100	9225	1.00615
100	9226	0.969366
100	9227	0.921455
100	9228	0.949941
100	9229	1.00455
100	9230	1.07758
100	9231	1.01132
100	9232	0.973165
100	9233	1.13901
100	9234	0.945439
100	9235	1.02009
100	9236	1.00105
100	9237	1.21016
100	9238	1.07832
100	9239	1.02907
100	9240	0.994408
100	9241	1.03696
100	9242	0.920896
100	9243	0.88807
100	9244	0.905756
100	9245	0.851008
100	9246	1.17878
100	9247	1.06952
100	9248	0.951643
100	9249	0.950102
100	9250	0.914435
100	9251	1.04107
100	9252	0.902673
100	9253	0.924982
100	9254	1.03861
100	9255	1.01751
100	9256	0.999675
100	9257	0.973975
100	9258	0.949083
100	9259	0.874862
100	9260	1.05473
100	9261	1.16599
100	9262	0.897151
100	9263	1.26827
100	9264	0.921566
100	9265	1.03991
100	9266	0.813472
100	9267	1.01136
100	9268	1.36167
100	9269	1.12656
100	9270	1.02588
100	9271	0.960739
100	9272	0.895084
100	9273	1.03829
100	9274	1.14972
100	9275	0.931095
100	9276	0.824846
100	9277	1.07414
100	9278	1.17677
100	9279	0.97634
100	9280	1.19458
100	9281	0.888722
100	9282	1.18522
100	9283	1.09008
100	9284	0.986744
100	9285	0.903899
100	9286	0.908519
100	9287	0.976434
100	9288	1.08724
100	9289	0.868872
100	9290	1.11798
100	9291	0.89684
100	9292	1.0444
100	9293	1.15102
100	9294	1.02338
100	9295	0.921372
100	9296	1.09782
100	9297	0.973469
100	9298	0.969417
100	9299	1.11686
100	9300	1.04427
100	9301	0.996656
100	9302	1.03027
100	9303	1.13389
100	9304	0.887781
100	9305	0.936041
100	9306	1.01005
100	9307	1.02736
100	9308	0.921992
100	9309	1.06553
100	9310	1.13028
100	9311	1.24171
100	9312	0.990753
100	9313	0.811856
100	9314	1.04536
100	9315	1.02721
100	9316	0.825914
100	9317	0.988501
100	9318	1.22875
100	9319	0.90691
100	9320	1.11673
100	9321	0.968071
100	9322	1.02685
100	9323	1.00469
100	9324	1.03195
100	9325	0.875263
100	9326	1.1784
100	9327	1.03078
100	9328	0.929167
100	9329	0.995306
100	9330	0.989919
100	9331	0.982795
100	9332	0.807783
100	9333	0.925277
100	9334	0.778092
100	9335	1.07397
100	9336	0.970662
100	9337	1.05039
100	9338	0.914893
100	9339	0.779658
100	9340	0.967683
100	9341	1.15161
100	9342	0.916588
100	9343	0.90073
100	9344	0.887462
100	9345	1.26419
100	9346	0.944478
100	9347	1.06846
100	9348	0.940167
100	9349	0.804276
100	9350	0.970605
100	9351	1.03294
100	9352	1.06145
100	9353	1.03186
100	9354	0.924025
100	9355	0.923968
100	9356	1.0259
100	9357	1.13717
100	9358	0.894525
100	9359	1.13591
100	9360	1.02331
100	9361	0.865827
100	9362	0.931313
100	9363	0.901745
100	9364	0.91048
100	9365	0.96146
100	9366	1.07477
100	9367	0.989641
100	9368	1.0659
100	9369	0.91735
100	9370	0.849192
100	9371	1.07824
100	9372	0.996057
100	9373	1.05586
100	9374	0.997314
100	9375	0.902668
100	9376	1.07006
100	9377	1.02848
100	9378	0.914642
100	9379	0.977363
100	9380	0.917344
100	9381	1.11957
100	9382	0.958945
100	9383	0.979887
100	9384	0.949947
100	9385	1.076
100	9386	0.964623
100	9387	1.03678
100	9388	1.07348
100	9389	1.02161
100	9390	1.05053
100	9391	1.01641
100	9392	0.954908
100	9393	0.865666
100	9394	0.878496
100	9395	0.777416
100	9396	1.10775
100	9397	0.935592
100	9398	1.09643
100	9399	0.895768
100	9400	1.16465
100	9401	0.893295
100	9402	1.08678
100	9403	0.902874
100	9404	1.11054
100	9405	0.856324
100	9406	0.965593
100	9407	0.990172
100	9408	0.942876
100	9409	0.992968
100	9410	1.17665
100	9411	0.902218
100	9412	1.07484
100	9413	0.838752
100	9414	1.0212
100	9415	1.04799
100	9416	0.93961
100	9417	1.05248
100	9418	0.859548
100	9419	0.886737
100	9420	1.12854
100	9421	1.02238
100	9422	1.00797
100	9423	0.788846
100	9424	1.03517
100	9425	1.05397
100	9426	1.11745
100	9427	1.16457
100	9428	1.0902
100	9429	1.05495
100	9430	0.911633
100	9431	0.996583
100	9432	1.21087
100	9433	0.785745
100	9434	1.34871
100	9435	1.10843
100	9436	1.02359
100	9437	1.04003
100	9438	0.837329
100	9439	1.04517
100	9440	1.0054
100	9441	1.14619
100	9442	0.855163
100	9443	1.01845
100	9444	1.05962
100	9445	0.978239
100	9446	0.944305
100	9447	1.00618
100	9448	0.993687
100	9449	0.980498
100	9450	1.0886
100	9451	1.00468
100	9452	1.06782
100	9453	0.918846
100	9454	1.03874
100	9455	0.996566
100	9456	0.932149
100	9457	0.94666
100	9458	1.24561
100	9459	0.898741
100	9460	0.984419
100	9461	1.10522
100	9462	1.14523
100	9463	0.873497
100	9464	0.976902
100	9465	0.818661
100	9466	1.01401
100	9467	0.974333
100	9468	0.983672
100	9469	1.07623
100	9470	0.949997
100	9471	0.903243
100	9472	1.01906
100	9473	1.19139
100	9474	1.00178
100	9475	1.00299
100	9476	1.00723
100	9477	1.01466
100	9478	1.23813
100	9479	0.95031
100	9480	0.909896
100	9481	0.990097
100	9482	1.03991
100	9483	0.993062
100	9484	0.923769
100	9485	1.14528
100	9486	1.0359
100	9487	0.893699
100	9488	0.930877
100	9489	1.20187
100	9490	0.80103
100	9491	1.22127
100	9492	0.947491
100	9493	1.07989
100	9494	1.0615
100	9495	1.02821
100	9496	1.08997
100	9497	1.18814
100	9498	1.05331
100	9499	0.920711
100	9500	0.886002
100	9501	1.20928
100	9502	1.10293
100	9503	1.03241
100	9504	0.96006
100	9505	0.884575
100	9506	1.29104
100	9507	0.89215
100	9508	0.955862
100	9509	1.01677
100	9510	1.0934
100	9511	0.922118
100	9512	0.976495
100	9513	1.09665
100	9514	0.883976
100	9515	0.955792
100	9516	1.00821
100	9517	1.11113
100	9518	1.03817
100	9519	1.0765
100	9520	1.07796
100	9521	1.03784
100	9522	0.962888
100	9523	1.05332
100	9524	1.00674
100	9525	1.07875
100	9526	1.00828
100	9527	1.09043
100	9528	1.06363
100	9529	0.940923
100	9530	0.889624
100	9531	0.870744
100	9532	1.03148
100	9533	0.990117
100	9534	0.883336
100	9535	0.961477
100	9536	0.981014
100	9537	1.13169
100	9538	1.05818
100	9539	0.819295
100	9540	1.11773
100	9541	1.02429
100	9542	0.904534
100	9543	1.05036
100	9544	0.991432
100	9545	1.05607
100	9546	0.974135
100	9547	0.939786
100	9548	0.996948
100	9549	0.984473
100	9550	0.915655
100	9551	0.95915
100	9552	0.915623
100	9553	1.05359
100	9554	0.803498
100	9555	1.0218
100	9556	0.973793
100	9557	0.920392
100	9558	1.21266
100	9559	0.94861
100	9560	0.954208
100	9561	0.883046
100	9562	1.08714
100	9563	1.25373
100	9564	0.935829
100	9565	0.92854
100	9566	0.956118
100	9567	1.07397
100	9568	0.829484
100	9569	0.971491
100	9570	0.893922
100	9571	1.04888
100	9572	0.948789
100	9573	0.965225
100	9574	0.91081
100	9575	0.935982
100	9576	1.04686
100	9577	1.08787
100	9578	0.900813
100	9579	0.838449
100	9580	0.948511
100	9581	0.884365
100	9582	1.03885
100	9583	1.12141
100	9584	0.803503
100	9585	1.23124
100	9586	1.11751
100	9587	1.00479
100	9588	1.0845
100	9589	0.907184
100	9590	1.20973
100	9591	0.855835
100	9592	1.02092
100	9593	1.03706
100	9594	0.896252
100	9595	0.941809
100	9596	1.02857
100	9597	1.01398
100	9598	0.893942
100	9599	1.03224
100	9600	1.10227
100	9601	0.910031
100	9602	1.0501
100	9603	1.01783
100	9604	1.08928
100	9605	1.09805
100	9606	1.03818
100	9607	1.01511
100	9608	1.07431
100	9609	1.09339
100	9610	0.944272
100	9611	1.33406
100	9612	0.822916
100	9613	0.977365
100	9614	1.1186
100	9615	1.03748
100	9616	1.16787
100	9617	1.28369
100	9618	1.1247
100	9619	1.04347
100	9620	1.03897
100	9621	0.982553
100	9622	1.0067
100	9623	1.01771
100	9624	1.07924
100	9625	0.87381
100	9626	1.01511
100	9627	0.861946
100	9628	1.00682
100	9629	0.983873
100	9630	1.15852
100	9631	0.946415
100	9632	1.18055
100	9633	0.881488
100	9634	1.05668
100	9635	1.14104
100	9636	0.787395
100	9637	0.987399
100	9638	1.07162
100	9639	1.10435
100	9640	1.01069
100	9641	1.08317
100	9642	0.959706
100	9643	1.10113
100	9644	0.927958
100	9645	0.914667
100	9646	1.22138
100	9647	1.01067
100	9648	0.957519
100	9649	1.12204
100	9650	0.958886
100	9651	0.991416
100	9652	0.860721
100	9653	1.03024
100	9654	1.0596
100	9655	0.961459
100	9656	1.05615
100	9657	1.10162
100	9658	1.06791
100	9659	1.04721
100	9660	0.934283
100	9661	1.18808
100	9662	1.06612
100	9663	1.17344
100	9664	0.959439
100	9665	0.914761
100	9666	0.96873
100	9667	0.915548
100	9668	0.95734
100	9669	0.962379
100	9670	1.03454
100	9671	0.92384
100	9672	1.41775
100	9673	0.938472
100	9674	0.884473
100	9675	0.833109
100	9676	0.835284
100	9677	1.05629
100	9678	0.869473
100	9679	0.852997
100	9680	1.05696
100	9681	1.07846
100	9682	1.0641
100	9683	1.01731
100	9684	0.929497
100	9685	1.09345
100	9686	0.79326
100	9687	0.966272
100	9688	0.919445
100	9689	0.958374
100	9690	1.12746
100	9691	0.989938
100	9692	1.02625
100	9693	0.997762
100	9694	1.08236
100	9695	1.04839
100	9696	1.18496
100	9697	1.00885
100	9698	0.946957
100	9699	1.03374
100	9700	0.917853
100	9701	0.996856
100	9702	1.00342
100	9703	1.12805
100	9704	1.12442
100	9705	1.01896
100	9706	0.947158
100	9707	0.849198
100	9708	1.14917
100	9709	0.964484
100	9710	1.03008
100	9711	0.984135
100	9712	0.833027
100	9713	1.08314
100	9714	0.977334
100	9715	1.02392
100	9716	1.00148
100	9717	0.850332
100	9718	1.05533
100	9719	0.959247
100	9720	1.12881
100	9721	1.00461
100	9722	0.83426
100	9723	1.03262
100	9724	0.905912
100	9725	0.88257
100	9726	0.97487
100	9727	0.90564
100	9728	1.04951
100	9729	1.02346
100	9730	1.09989
100	9731	0.971611
100	9732	0.967629
100	9733	1.02922
100	9734	1.10868
100	9735	1.21169
100	9736	1.00961
100	9737	1.02272
100	9738	0.960582
100	9739	1.14432
100	9740	1.17953
100	9741	0.9683
100	9742	1.08485
100	9743	1.10419
100	9744	0.898394
100	9745	1.03879
100	9746	0.956563
100	9747	0.924186
100	9748	1.05458
100	9749	0.946227
100	9750	1.22101
100	9751	0.888125
100	9752	1.17214
100	9753	1.10919
100	9754	0.985358
100	9755	1.03112
100	9756	0.965766
100	9757	0.942401
100	9758	1.10407
100	9759	1.01819
100	9760	0.950283
100	9761	0.881491
100	9762	1.00159
100	9763	1.12533
100	9764	0.978704
100	9765	1.02806
100	9766	1.14353
100	9767	0.88398
100	9768	0.988488
100	9769	0.90773
100	9770	0.944437
100	9771	0.989709
100	9772	1.12505
100	9773	1.06581
100	9774	0.928574
100	9775	1.0199
100	9776	1.11872
100	9777	0.970313
100	9778	0.851043
100	9779	0.955482
100	9780	1.03011
100	9781	0.842022
100	9782	1.11647
100	9783	1.08359
100	9784	1.01754
100	9785	0.960822
100	9786	0.944006
100	9787	1.12667
100	9788	1.01015
100	9789	1.01489
100	9790	1.0771
100	9791	0.946444
100	9792	1.17445
100	9793	1.09447
100	9794	1.03175
100	9795	1.0121
100	9796	0.970469
100	9797	1.05686
100	9798	0.98685
100	9799	1.05449
100	9800	1.03589
100	9801	0.964735
100	9802	1.06775
100	9803	1.0324
100	9804	0.97537
100	9805	0.891514
100	9806	1.02116
100	9807	0.964908
100	9808	1.09117
100	9809	0.996513
100	9810	0.916399
100	9811	1.27012
100	9812	0.963895
100	9813	0.833299
100	9814	1.0295
100	9815	0.986865
100	9816	0.986406
100	9817	0.833426
100	9818	1.20798
100	9819	1.01685
100	9820	0.942882
100	9821	1.11574
100	9822	0.889157
100	9823	0.98549
100	9824	0.952104
100	9825	1.11899
100	9826	0.904247
100	9827	1.02818
100	9828	0.907
100	9829	0.952715
100	9830	0.957086
100	9831	0.935367
100	9832	0.976204
100	9833	0.866256
100	9834	1.0861
100	9835	1.11701
100	9836	0.889489
100	9837	0.936803
100	9838	0.870552
100	9839	1.02448
100	9840	1.04609
100	9841	0.887943
100	9842	0.858652
100	9843	0.850199
100	9844	0.891198
100	9845	1.11796
100	9846	0.928482
100	9847	1.1291
100	9848	1.01095
100	9849	1.04878
100	9850	1.04054
100	9851	0.999783
100	9852	0.994527
100	9853	0.828825
100	9854	1.01726
100	9855	1.00722
100	9856	0.975401
100	9857	0.888108
100	9858	0.934448
100	9859	0.915636
100	9860	1.00777
100	9861	1.03058
100	9862	0.961711
100	9863	0.899294
100	9864	1.00653
100	9865	0.983978
100	9866	1.05652
100	9867	0.978267
100	9868	0.885876
100	9869	1.0164
100	9870	0.967847
100	9871	0.942203
100	9872	1.26811
100	9873	0.870258
100	9874	0.841137
100	9875	0.945334
100	9876	0.992136
100	9877	0.931393
100	9878	1.1229
100	9879	0.883097
100	9880	0.986444
100	9881	1.06821
100	9882	1.00665
100	9883	1.02234
100	9884	0.935338
100	9885	1.00343
100	9886	1.14436
100	9887	1.19392
100	9888	1.07102
100	9889	0.842783
100	9890	0.954136
100	9891	0.949988
100	9892	0.859413
100	9893	0.985242
100	9894	0.93245
100	9895	1.08526
100	9896	1.00138
100	9897	0.991738
100	9898	1.08686
100	9899	1.29621
100	9900	1.18799
100	9901	1.04908
100	9902	0.956838
100	9903	1.02521
100	9904	0.821606
100	9905	1.10754
100	9906	0.942416
100	9907	1.081
100	9908	1.08647
100	9909	1.03839
100	9910	1.07605
100	9911	0.949479
100	9912	0.969072
100	9913	1.0692
100	9914	0.981364
100	9915	0.960022
100	9916	1.0844
100	9917	1.01698
100	9918	1.05113
100	9919	1.17107
100	9920	0.958049
100	9921	0.986692
100	9922	0.916552
100	9923	1.26119
100	9924	0.899222
100	9925	1.02707
100	9926	0.792716
100	9927	1.28395
100	9928	0.946963
100	9929	0.952073
100	9930	1.04241
100	9931	1.14462
100	9932	1.0721
100	9933	1.09743
100	9934	1.11069
100	9935	1.29972
100	9936	1.0421
100	9937	1.06898
100	9938	0.89671
100	9939	0.997057
100	9940	0.838824
100	9941	0.97933
100	9942	0.980021
100	9943	0.974988
100	9944	0.981263
100	9945	0.943914
100	9946	1.0374
100	9947	0.833883
100	9948	0.973605
100	9949	0.767365
100	9950	0.94743
100	9951	1.14776
100	9952	1.11773
100	9953	1.06087
100	9954	1.12395
100	9955	1.05514
100	9956	1.08938
100	9957	0.860239
100	9958	1.06465
100	9959	1.00338
100	9960	0.937362
100	9961	1.06481
100	9962	0.878019
100	9963	0.983326
100	9964	1.14289
100	9965	1.24758
100	9966	1.142
100	9967	1.16966
100	9968	1.09687
100	9969	0.85891
100	9970	1.0122
100	9971	1.11274
100	9972	1.09742
100	9973	0.89897
100	9974	1.1608
100	9975	0.866107
100	9976	0.92849
100	9977	0.864208
100	9978	0.777873
100	9979	0.944246
100	9980	1.13292
100	9981	1.03746
100	9982	0.936244
100	9983	1.0216
100	9984	1.23663
100	9985	1.08743
100	9986	0.976233
100	9987	1.03261
100	9988	0.896144
100	9989	1.0455
100	9990	0.870537
100	9991	1.06917
100	9992	1.06887
100	9993	0.971148
100	9994	0.910392
100	9995	1.17867
100	9996	1.01214
100	9997	1.01022
100	9998	1.06971
100	9999	0.995718
