T_SIGN	BLOCK	ACTUAL_PE	PE_AVE	ERROR
1	1	-0.0318652	-0.0318652	0
1	2	-0.0320253	-0.0319453	5.65962e-05
1	3	-0.0323427	-0.0320777	0.000114548
1	4	-0.0328686	-0.0322755	0.000191579
1	5	-0.033681	-0.0325566	0.000294456
1	6	-0.0347389	-0.0329203	0.000412869
1	7	-0.0357947	-0.0333309	0.000519389
1	8	-0.037168	-0.0338106	0.000638619
1	9	-0.0388689	-0.0343726	0.000776549
1	10	-0.0407206	-0.0350074	0.000922563
1	11	-0.0428375	-0.0357192	0.00107891
1	12	-0.0453246	-0.0365197	0.00125117
1	13	-0.0482539	-0.0374223	0.00144428
1	14	-0.0515892	-0.0384342	0.00165814
1	15	-0.0557038	-0.0395855	0.00190583
1	16	-0.0607265	-0.0409068	0.00219752
1	17	-0.066901	-0.0424359	0.00254523
1	18	-0.07446	-0.044215	0.00296105
1	19	-0.0840415	-0.0463112	0.00346867
1	20	-0.0962077	-0.048806	0.00409531
1	21	-0.112063	-0.0518182	0.00488404
1	22	-0.132837	-0.0555009	0.00588898
1	23	-0.160474	-0.0600649	0.00718713
1	24	-0.197322	-0.065784	0.00887607
1	25	-0.245567	-0.0729753	0.0110569
1	26	-0.304533	-0.0818814	0.0137586
1	27	-0.35818	-0.0921147	0.0166246
1	28	-0.33401	-0.100754	0.0181372
1	29	-0.0366882	-0.0985446	0.0176458
1	30	0.526877	-0.0776972	0.0266662
1	31	0.528962	-0.0581276	0.0321958
1	32	-0.0344072	-0.0573863	0.0311982
1	33	-0.342223	-0.0660177	0.0314241
1	34	-0.323578	-0.0735931	0.0313997
1	35	-0.121586	-0.0749643	0.0305325
1	36	-0.0969228	-0.0755743	0.0296905
1	37	-0.19629	-0.0788368	0.0290667
1	38	-0.199042	-0.0820001	0.0284734
1	39	-0.170295	-0.0842641	0.0278332
1	40	-0.143727	-0.0857507	0.027177
1	41	-0.124319	-0.0866914	0.0265304
1	42	-0.111086	-0.0872722	0.0259051
1	43	-0.102487	-0.087626	0.0253051
1	44	-0.0972989	-0.0878459	0.0247309
1	45	-0.0946987	-0.0879982	0.0241818
1	46	-0.09426	-0.0881343	0.0236565
1	47	-0.0959813	-0.0883013	0.0231538
1	48	-0.100248	-0.0885501	0.0226727
1	49	-0.107446	-0.0889358	0.0222133
1	50	-0.117004	-0.0894971	0.0217761
1	51	-0.125725	-0.0902075	0.0213607
1	52	-0.122149	-0.0908217	0.0209588
1	53	-0.0974877	-0.0909475	0.0205637
1	54	-0.113278	-0.091361	0.0201871
1	55	-0.156415	-0.0925438	0.0198546
1	56	-0.177891	-0.0940679	0.0195585
1	57	-0.188165	-0.0957187	0.0192849
1	58	-0.188207	-0.0973133	0.0190182
1	59	-0.176258	-0.0986514	0.0187429
1	60	-0.16404	-0.0997412	0.0184622
1	61	-0.180748	-0.101069	0.0182072
1	62	-0.218887	-0.102969	0.0180124
1	63	-0.251636	-0.105329	0.0178804
1	64	-0.273508	-0.107957	0.0177931
1	65	-0.272899	-0.110495	0.0176994
1	66	-0.245999	-0.112548	0.0175499
1	67	-0.214136	-0.114064	0.0173533
1	68	-0.202553	-0.115365	0.0171469
1	69	-0.226954	-0.116982	0.0169744
1	70	-0.280881	-0.119324	0.0168927
1	71	-0.322616	-0.122187	0.0168957
1	72	-0.319736	-0.124931	0.0168823
1	73	-0.221816	-0.126258	0.0167031
1	74	-0.0603399	-0.125367	0.0165011
1	75	-0.037512	-0.124196	0.0163227
1	76	-0.179678	-0.124926	0.0161242
1	77	-0.279934	-0.126939	0.01604
1	78	-0.289989	-0.129029	0.01597
1	79	-0.24577	-0.130507	0.015836
1	80	-0.240996	-0.131888	0.0156982
1	81	-0.240334	-0.133227	0.0155614
1	82	-0.209279	-0.134155	0.0153992
1	83	-0.190782	-0.134837	0.0152288
1	84	-0.197403	-0.135582	0.0150657
1	85	-0.205663	-0.136406	0.014911
1	86	-0.2085	-0.137244	0.0147612
1	87	-0.207295	-0.13805	0.0146134
1	88	-0.197257	-0.138722	0.0144629
1	89	-0.171639	-0.139092	0.0143051
1	90	-0.15535	-0.139273	0.0141473
1	91	-0.17867	-0.139706	0.0139984
1	92	-0.212171	-0.140494	0.0138684
1	93	-0.224989	-0.141402	0.013749
1	94	-0.205462	-0.142084	0.0136196
1	95	-0.171401	-0.142392	0.0134798
1	96	-0.189953	-0.142888	0.0133485
1	97	-0.195815	-0.143433	0.013222
1	98	-0.206816	-0.14408	0.0131029
1	99	-0.23709	-0.145019	0.0130042
1	100	-0.249049	-0.14606	0.0129157
1	101	-0.236875	-0.146959	0.012819
1	102	-0.230737	-0.14778	0.0127197
1	103	-0.25391	-0.148811	0.0126378
1	104	-0.282332	-0.150095	0.0125814
1	105	-0.293896	-0.151464	0.0125359
1	106	-0.278361	-0.152661	0.0124746
1	107	-0.246425	-0.153538	0.0123888
1	108	-0.239568	-0.154334	0.0122996
1	109	-0.264181	-0.155342	0.012228
1	110	-0.293934	-0.156602	0.0121816
1	111	-0.314142	-0.158021	0.0121543
1	112	-0.318739	-0.159456	0.0121301
1	113	-0.307415	-0.160765	0.0120933
1	114	-0.293065	-0.161926	0.0120427
1	115	-0.272518	-0.162888	0.0119764
1	116	-0.250914	-0.163646	0.0118971
1	117	-0.264396	-0.164508	0.0118266
1	118	-0.292923	-0.165596	0.0117763
1	119	-0.299346	-0.16672	0.0117309
1	120	-0.313077	-0.167939	0.0116963
1	121	-0.332063	-0.169296	0.011678
1	122	-0.334282	-0.170648	0.0116604
1	123	-0.316308	-0.171832	0.0116255
1	124	-0.256546	-0.172516	0.0115518
1	125	-0.231452	-0.172987	0.011469
1	126	-0.32138	-0.174165	0.0114383
1	127	-0.345236	-0.175512	0.0114273
1	128	-0.32849	-0.176707	0.0114004
1	129	-0.306921	-0.177716	0.0113566
1	130	-0.304573	-0.178692	0.0113111
1	131	-0.268514	-0.179378	0.0112455
1	132	-0.233997	-0.179792	0.0111679
1	133	-0.306846	-0.180747	0.0111247
1	134	-0.343594	-0.181962	0.0111079
1	135	-0.347672	-0.18319	0.0110932
1	136	-0.341593	-0.184354	0.0110726
1	137	-0.330362	-0.18542	0.011043
1	138	-0.318913	-0.186388	0.0110052
1	139	-0.314177	-0.187307	0.0109644
1	140	-0.314486	-0.188215	0.0109236
1	141	-0.311154	-0.189087	0.0108809
1	142	-0.30443	-0.189899	0.0108346
1	143	-0.298856	-0.190661	0.0107856
1	144	-0.293109	-0.191373	0.0107341
1	145	-0.283297	-0.192007	0.0106788
1	146	-0.264794	-0.192505	0.0106173
1	147	-0.246376	-0.192872	0.0105514
1	148	-0.252147	-0.193272	0.0104877
1	149	-0.266789	-0.193766	0.0104289
1	150	-0.273067	-0.194294	0.0103727
1	151	-0.272619	-0.194813	0.010317
1	152	-0.264187	-0.195269	0.0102592
1	153	-0.243647	-0.195586	0.010197
1	154	-0.221383	-0.195753	0.0101322
1	155	-0.224137	-0.195936	0.0100685
1	156	-0.24241	-0.196234	0.0100084
1	157	-0.250653	-0.196581	0.0099506
1	158	-0.263725	-0.197006	0.0098967
1	159	-0.283613	-0.197551	0.00984943
1	160	-0.284417	-0.198093	0.00980282
1	161	-0.249527	-0.198413	0.00974714
1	162	-0.22347	-0.198568	0.0096882
1	163	-0.256691	-0.198924	0.00963532
1	164	-0.298672	-0.199532	0.00959575
1	165	-0.315746	-0.200237	0.00956341
1	166	-0.294674	-0.200806	0.0095227
1	167	-0.248082	-0.201089	0.00946989
1	168	-0.24615	-0.201357	0.00941732
1	169	-0.254436	-0.201671	0.00936683
1	170	-0.268852	-0.202066	0.00932006
1	171	-0.27812	-0.202511	0.00927616
1	172	-0.251001	-0.202793	0.00922652
1	173	-0.235882	-0.202984	0.00917517
1	174	-0.261674	-0.203321	0.00912863
1	175	-0.291784	-0.203827	0.00909046
1	176	-0.318534	-0.204479	0.00906214
1	177	-0.324657	-0.205158	0.00903634
1	178	-0.317525	-0.205789	0.0090076
1	179	-0.300034	-0.206315	0.00897265
1	180	-0.27213	-0.206681	0.00893025
1	181	-0.285806	-0.207118	0.0088916
1	182	-0.280084	-0.207519	0.00885178
1	183	-0.219748	-0.207586	0.00880366
1	184	-0.228103	-0.207697	0.00875652
1	185	-0.289033	-0.208137	0.00872022
1	186	-0.320247	-0.20874	0.00869414
1	187	-0.333785	-0.209409	0.00867333
1	188	-0.314456	-0.209967	0.00864517
1	189	-0.265648	-0.210262	0.00860445
1	190	-0.238185	-0.210409	0.00856042
1	191	-0.261798	-0.210678	0.00851983
1	192	-0.3048	-0.211168	0.00848955
1	193	-0.320519	-0.211735	0.00846444
1	194	-0.321059	-0.212298	0.00843955
1	195	-0.31942	-0.212848	0.00841413
1	196	-0.317869	-0.213383	0.00838824
1	197	-0.314902	-0.213899	0.00836148
1	198	-0.302218	-0.214345	0.00833114
1	199	-0.277541	-0.214662	0.00829532
1	200	-0.246933	-0.214824	0.00825542
1	201	-0.20819	-0.214791	0.00821441
1	202	-0.247343	-0.214952	0.00817533
1	203	-0.25177	-0.215133	0.00813707
1	204	-0.243491	-0.215272	0.00809836
1	205	-0.286173	-0.215618	0.00806624
1	206	-0.3203	-0.216126	0.00804308
1	207	-0.310495	-0.216582	0.00801713
1	208	-0.260587	-0.216794	0.00798138
1	209	-0.20482	-0.216736	0.0079434
1	210	-0.229117	-0.216795	0.00790579
1	211	-0.277075	-0.217081	0.00787348
1	212	-0.298319	-0.217464	0.00784566
1	213	-0.302862	-0.217865	0.00781906
1	214	-0.299317	-0.218246	0.00779178
1	215	-0.291884	-0.218588	0.00776307
1	216	-0.282205	-0.218883	0.00773271
1	217	-0.272426	-0.21913	0.00770101
1	218	-0.268506	-0.219356	0.00766902
1	219	-0.27475	-0.219609	0.00763817
1	220	-0.285627	-0.219909	0.00760934
1	221	-0.293196	-0.220241	0.00758213
1	222	-0.295415	-0.220579	0.00755554
1	223	-0.295279	-0.220914	0.00752908
1	224	-0.293931	-0.22124	0.00750252
1	225	-0.284056	-0.221519	0.00747437
1	226	-0.27078	-0.221737	0.00744447
1	227	-0.284879	-0.222016	0.00741687
1	228	-0.306917	-0.222388	0.00739368
1	229	-0.305208	-0.22275	0.00737024
1	230	-0.287475	-0.223031	0.00734356
1	231	-0.279538	-0.223276	0.00731585
1	232	-0.277525	-0.223509	0.00728805
1	233	-0.267519	-0.223698	0.00725922
1	234	-0.252513	-0.223822	0.00722924
1	235	-0.237797	-0.223881	0.00719872
1	236	-0.276447	-0.224104	0.00717166
1	237	-0.327878	-0.224542	0.00715476
1	238	-0.342402	-0.225037	0.00714181
1	239	-0.333648	-0.225491	0.00712637
1	240	-0.320274	-0.225886	0.00710761
1	241	-0.318741	-0.226271	0.00708856
1	242	-0.325735	-0.226682	0.00707117
1	243	-0.331265	-0.227113	0.00705516
1	244	-0.33677	-0.227562	0.00704054
1	245	-0.344088	-0.228038	0.00702785
1	246	-0.346752	-0.22852	0.00701583
1	247	-0.327718	-0.228922	0.00699891
1	248	-0.294241	-0.229185	0.00697565
1	249	-0.280425	-0.229391	0.00695067
1	250	-0.290663	-0.229636	0.00692718
1	251	-0.320152	-0.229997	0.00690896
1	252	-0.334395	-0.230411	0.00689396
1	253	-0.335983	-0.230828	0.00687933
1	254	-0.332513	-0.231229	0.00686388
1	255	-0.315892	-0.231561	0.00684499
1	256	-0.290683	-0.231792	0.00682214
1	257	-0.264646	-0.23192	0.0067968
1	258	-0.22902	-0.231908	0.00677046
1	259	-0.244555	-0.231957	0.0067445
1	260	-0.28548	-0.232163	0.0067217
1	261	-0.298758	-0.232418	0.00670079
1	262	-0.293212	-0.23265	0.00667923
1	263	-0.276259	-0.232816	0.00665589
1	264	-0.248955	-0.232877	0.00663096
1	265	-0.224287	-0.232845	0.00660601
1	266	-0.241034	-0.232876	0.00658125
1	267	-0.267344	-0.233005	0.00655787
1	268	-0.275977	-0.233165	0.00653536
1	269	-0.272581	-0.233312	0.00651271
1	270	-0.265281	-0.23343	0.00648966
1	271	-0.255133	-0.23351	0.00646621
1	272	-0.237998	-0.233527	0.00644246
1	273	-0.220743	-0.23348	0.00641903
1	274	-0.209781	-0.233393	0.00639618
1	275	-0.228158	-0.233374	0.00637295
1	276	-0.25186	-0.233441	0.00635021
1	277	-0.249764	-0.2335	0.00632756
1	278	-0.238409	-0.233518	0.00630483
1	279	-0.250664	-0.233579	0.00628253
1	280	-0.267872	-0.233702	0.00626128
1	281	-0.275641	-0.233851	0.00624078
1	282	-0.279573	-0.234013	0.00622076
1	283	-0.276174	-0.234162	0.00620056
1	284	-0.267169	-0.234278	0.00617981
1	285	-0.268902	-0.2344	0.00615932
1	286	-0.278216	-0.234553	0.00613969
1	287	-0.286133	-0.234733	0.00612093
1	288	-0.292746	-0.234934	0.00610299
1	289	-0.292961	-0.235135	0.00608518
1	290	-0.285561	-0.235309	0.00606668
1	291	-0.287056	-0.235487	0.00604843
1	292	-0.300843	-0.23571	0.00603186
1	293	-0.311465	-0.235969	0.00601681
1	294	-0.31867	-0.23625	0.00600292
1	295	-0.335367	-0.236586	0.00599197
1	296	-0.353013	-0.23698	0.00598462
1	297	-0.336436	-0.237314	0.00597383
1	298	-0.303167	-0.237535	0.00595787
1	299	-0.33183	-0.237851	0.00594628
1	300	-0.380889	-0.238328	0.00594555
1	301	-0.400642	-0.238867	0.0059502
1	302	-0.393751	-0.23938	0.00595256
1	303	-0.376133	-0.239831	0.00595
1	304	-0.374933	-0.240275	0.005947
1	305	-0.392771	-0.240775	0.00594848
1	306	-0.382082	-0.241237	0.00594694
1	307	-0.349539	-0.24159	0.00593802
1	308	-0.365292	-0.241992	0.00593231
1	309	-0.408767	-0.242531	0.00593761
1	310	-0.421262	-0.243108	0.00594639
1	311	-0.396853	-0.243602	0.00594778
1	312	-0.368585	-0.244003	0.00594219
1	313	-0.393697	-0.244481	0.00594242
1	314	-0.42532	-0.245057	0.00595134
1	315	-0.429346	-0.245642	0.00596113
1	316	-0.422458	-0.246202	0.00596847
1	317	-0.418746	-0.246746	0.00597441
1	318	-0.422277	-0.247298	0.00598107
1	319	-0.418382	-0.247834	0.00598632
1	320	-0.399069	-0.248307	0.00598624
1	321	-0.380193	-0.248718	0.00598167
1	322	-0.387841	-0.24915	0.00597868
1	323	-0.403051	-0.249626	0.00597912
1	324	-0.414039	-0.250134	0.00598216
1	325	-0.418971	-0.250653	0.00598627
1	326	-0.416781	-0.251163	0.00598956
1	327	-0.408636	-0.251644	0.00599057
1	328	-0.39784	-0.25209	0.00598887
1	329	-0.393964	-0.252521	0.00598617
1	330	-0.38941	-0.252936	0.00598238
1	331	-0.377511	-0.253312	0.00597614
1	332	-0.37809	-0.253688	0.00596994
1	333	-0.39015	-0.254098	0.00596606
1	334	-0.38443	-0.254488	0.00596095
1	335	-0.376695	-0.254853	0.00595431
1	336	-0.377123	-0.255217	0.00594769
1	337	-0.37228	-0.255564	0.00594018
1	338	-0.363027	-0.255882	0.00593111
1	339	-0.356378	-0.256179	0.00592102
1	340	-0.352382	-0.256462	0.00591036
1	341	-0.348015	-0.25673	0.00589912
1	342	-0.33706	-0.256965	0.00588655
1	343	-0.32291	-0.257157	0.00587252
1	344	-0.315742	-0.257328	0.00585792
1	345	-0.315695	-0.257497	0.00584338
1	346	-0.319844	-0.257677	0.00582927
1	347	-0.331109	-0.257889	0.00581631
1	348	-0.339233	-0.258122	0.0058043
1	349	-0.338229	-0.258352	0.0057922
1	350	-0.322074	-0.258534	0.00577851
1	351	-0.285315	-0.25861	0.00576255
1	352	-0.262599	-0.258622	0.00574619
1	353	-0.287453	-0.258703	0.0057305
1	354	-0.307061	-0.25884	0.00571594
1	355	-0.296875	-0.258947	0.00570084
1	356	-0.270063	-0.258978	0.00568491
1	357	-0.290857	-0.259068	0.00566969
1	358	-0.290556	-0.259155	0.00565453
1	359	-0.306528	-0.259287	0.00564032
1	360	-0.329148	-0.259481	0.00562799
1	361	-0.315447	-0.259637	0.00561454
1	362	-0.283259	-0.259702	0.00559941
1	363	-0.270805	-0.259732	0.00558406
1	364	-0.279469	-0.259787	0.00556899
1	365	-0.285712	-0.259858	0.00555418
1	366	-0.283055	-0.259921	0.00553937
1	367	-0.281265	-0.259979	0.00552458
1	368	-0.269881	-0.260006	0.00550963
1	369	-0.269787	-0.260033	0.00549477
1	370	-0.312716	-0.260175	0.00548176
1	371	-0.324947	-0.26035	0.00546976
1	372	-0.302999	-0.260464	0.00545626
1	373	-0.271139	-0.260493	0.00544171
1	374	-0.269923	-0.260518	0.00542722
1	375	-0.288727	-0.260593	0.00541326
1	376	-0.297877	-0.260692	0.00539978
1	377	-0.297697	-0.260791	0.00538634
1	378	-0.288036	-0.260863	0.00537258
1	379	-0.270019	-0.260887	0.00535846
1	380	-0.254776	-0.260871	0.00534438
1	381	-0.270687	-0.260896	0.00533041
1	382	-0.311686	-0.261029	0.00531812
1	383	-0.32235	-0.26119	0.00530664
1	384	-0.330569	-0.26137	0.0052959
1	385	-0.347128	-0.261593	0.00528682
1	386	-0.350328	-0.261823	0.00527812
1	387	-0.321554	-0.261977	0.00526674
1	388	-0.293016	-0.262057	0.00525377
1	389	-0.307467	-0.262174	0.00524157
1	390	-0.327629	-0.262342	0.00523081
1	391	-0.325057	-0.262502	0.00521989
1	392	-0.32457	-0.262661	0.00520898
1	393	-0.341562	-0.262861	0.00519959
1	394	-0.354812	-0.263095	0.00519163
1	395	-0.354529	-0.263326	0.00518364
1	396	-0.342859	-0.263527	0.00517444
1	397	-0.310224	-0.263645	0.00516274
1	398	-0.289548	-0.26371	0.00515018
1	399	-0.287896	-0.26377	0.00513763
1	400	-0.271997	-0.263791	0.00512483
1	401	-0.283746	-0.263841	0.00511229
1	402	-0.319503	-0.263979	0.00510145
1	403	-0.332231	-0.264148	0.0050916
1	404	-0.329401	-0.26431	0.00508156
1	405	-0.325154	-0.26446	0.00507123
1	406	-0.32338	-0.264605	0.00506082
1	407	-0.321936	-0.264746	0.00505034
1	408	-0.314398	-0.264868	0.00503943
1	409	-0.298532	-0.26495	0.00502778
1	410	-0.289789	-0.265011	0.00501588
1	411	-0.290786	-0.265073	0.00500407
1	412	-0.286102	-0.265125	0.00499219
1	413	-0.297303	-0.265202	0.00498071
1	414	-0.303574	-0.265295	0.00496954
1	415	-0.265029	-0.265294	0.00495756
1	416	-0.253731	-0.265267	0.00494572
1	417	-0.282957	-0.265309	0.00493405
1	418	-0.293975	-0.265378	0.00492272
1	419	-0.301778	-0.265465	0.00491174
1	420	-0.314014	-0.26558	0.0049014
1	421	-0.316613	-0.265701	0.00489126
1	422	-0.312369	-0.265812	0.00488092
1	423	-0.30379	-0.265902	0.0048702
1	424	-0.294842	-0.26597	0.0048592
1	425	-0.301127	-0.266053	0.00484847
1	426	-0.322578	-0.266185	0.0048389
1	427	-0.340936	-0.26636	0.00483073
1	428	-0.346995	-0.266549	0.00482312
1	429	-0.334785	-0.266708	0.0048145
1	430	-0.311964	-0.266813	0.00480445
1	431	-0.30814	-0.266909	0.00479426
1	432	-0.3046	-0.266996	0.00478396
1	433	-0.311289	-0.267099	0.004774
1	434	-0.311219	-0.2672	0.00476409
1	435	-0.298462	-0.267272	0.00475368
1	436	-0.296667	-0.26734	0.00474325
1	437	-0.317324	-0.267454	0.00473378
1	438	-0.340401	-0.26762	0.0047259
1	439	-0.36195	-0.267835	0.00472001
1	440	-0.35949	-0.268044	0.00471388
1	441	-0.34547	-0.268219	0.00470646
1	442	-0.345264	-0.268394	0.00469904
1	443	-0.353341	-0.268585	0.00469234
1	444	-0.350032	-0.268769	0.00468536
1	445	-0.331801	-0.26891	0.00467697
1	446	-0.302754	-0.268986	0.0046671
1	447	-0.290634	-0.269035	0.00465691
1	448	-0.319224	-0.269147	0.00464786
1	449	-0.339848	-0.269304	0.00464018
1	450	-0.344025	-0.26947	0.00463283
1	451	-0.340891	-0.269629	0.00462527
1	452	-0.334595	-0.269772	0.00461727
1	453	-0.329477	-0.269904	0.00460896
1	454	-0.327404	-0.270031	0.00460054
1	455	-0.321216	-0.270143	0.00459181
1	456	-0.305746	-0.270221	0.0045824
1	457	-0.286897	-0.270258	0.00457252
1	458	-0.276082	-0.270271	0.00456255
1	459	-0.275775	-0.270283	0.00455263
1	460	-0.28287	-0.27031	0.00454281
1	461	-0.297301	-0.270368	0.00453334
1	462	-0.323669	-0.270484	0.00452499
1	463	-0.347049	-0.270649	0.00451824
1	464	-0.345389	-0.27081	0.00451137
1	465	-0.295519	-0.270863	0.00450198
1	466	-0.22015	-0.270755	0.00449364
1	467	-0.246421	-0.270702	0.00448432
1	468	-0.285214	-0.270733	0.00447484
1	469	-0.282446	-0.270758	0.00446537
1	470	-0.252137	-0.270719	0.00445605
1	471	-0.251937	-0.270679	0.00444676
1	472	-0.345806	-0.270838	0.00444019
1	473	-0.345192	-0.270995	0.00443359
1	474	-0.342362	-0.271146	0.00442679
1	475	-0.347871	-0.271307	0.00442041
1	476	-0.319992	-0.27141	0.00441231
1	477	-0.289298	-0.271447	0.00440322
1	478	-0.294391	-0.271495	0.00439427
1	479	-0.315634	-0.271587	0.00438606
1	480	-0.333306	-0.271716	0.00437881
1	481	-0.336198	-0.27185	0.00437176
1	482	-0.348055	-0.272008	0.00436554
1	483	-0.373643	-0.272218	0.00436157
1	484	-0.384651	-0.272451	0.00435875
1	485	-0.371197	-0.272654	0.00435451
1	486	-0.36181	-0.272838	0.00434941
1	487	-0.379421	-0.273057	0.00434598
1	488	-0.388471	-0.273293	0.00434351
1	489	-0.375102	-0.273501	0.00433961
1	490	-0.369933	-0.273698	0.00433522
1	491	-0.368144	-0.273891	0.00433065
1	492	-0.342227	-0.274029	0.00432408
1	493	-0.356469	-0.274197	0.00431854
1	494	-0.403148	-0.274458	0.00431768
1	495	-0.415347	-0.274742	0.00431833
1	496	-0.378088	-0.274951	0.00431465
1	497	-0.348383	-0.275098	0.00430849
1	498	-0.366959	-0.275283	0.00430379
1	499	-0.38625	-0.275505	0.0043009
1	500	-0.405789	-0.275766	0.00430019
1	501	-0.42261	-0.276059	0.00430158
1	502	-0.413813	-0.276333	0.00430176
1	503	-0.383175	-0.276546	0.00429845
1	504	-0.38473	-0.27676	0.00429527
1	505	-0.37383	-0.276953	0.00429107
1	506	-0.340049	-0.277077	0.0042844
1	507	-0.353594	-0.277228	0.00427861
1	508	-0.39012	-0.27745	0.00427595
1	509	-0.40088	-0.277693	0.00427442
1	510	-0.375458	-0.277885	0.00427034
1	511	-0.31506	-0.277957	0.0042626
1	512	-0.322869	-0.278045	0.00425518
1	513	-0.343336	-0.278172	0.00424878
1	514	-0.341463	-0.278296	0.0042423
1	515	-0.342197	-0.27842	0.00423588
1	516	-0.342469	-0.278544	0.00422949
1	517	-0.336544	-0.278656	0.00422279
1	518	-0.32535	-0.278746	0.0042156
1	519	-0.316001	-0.278818	0.00420809
1	520	-0.313653	-0.278885	0.00420053
1	521	-0.311235	-0.278947	0.00419293
1	522	-0.303878	-0.278995	0.00418517
1	523	-0.298891	-0.279033	0.00417734
1	524	-0.30253	-0.279078	0.00416961
1	525	-0.309428	-0.279135	0.00416207
1	526	-0.314326	-0.279202	0.00415469
1	527	-0.315701	-0.279272	0.00414739
1	528	-0.312852	-0.279335	0.00414002
1	529	-0.308513	-0.27939	0.00413256
1	530	-0.308209	-0.279445	0.00412512
1	531	-0.3122	-0.279506	0.00411781
1	532	-0.316615	-0.279576	0.00411066
1	533	-0.318689	-0.279649	0.00410361
1	534	-0.314699	-0.279715	0.00409645
1	535	-0.308843	-0.27977	0.00408915
1	536	-0.309248	-0.279825	0.00408189
1	537	-0.309297	-0.279879	0.00407466
1	538	-0.296867	-0.279911	0.00406721
1	539	-0.270535	-0.279894	0.0040597
1	540	-0.258425	-0.279854	0.00405238
1	541	-0.24102	-0.279782	0.00404552
1	542	-0.269709	-0.279764	0.0040381
1	543	-0.30209	-0.279805	0.00403087
1	544	-0.320467	-0.279879	0.00402416
1	545	-0.349692	-0.280007	0.00401881
1	546	-0.357969	-0.28015	0.00401399
1	547	-0.339718	-0.280259	0.00400812
1	548	-0.309763	-0.280313	0.00400117
1	549	-0.308267	-0.280364	0.00399421
1	550	-0.323511	-0.280442	0.00398772
1	551	-0.340975	-0.280552	0.00398199
1	552	-0.363002	-0.280702	0.00397758
1	553	-0.376681	-0.280875	0.00397417
1	554	-0.369179	-0.281035	0.00397019
1	555	-0.350857	-0.28116	0.00396503
1	556	-0.347578	-0.28128	0.0039597
1	557	-0.350098	-0.281403	0.00395452
1	558	-0.33757	-0.281504	0.00394871
1	559	-0.342014	-0.281612	0.00394313
1	560	-0.348906	-0.281732	0.00393792
1	561	-0.368266	-0.281887	0.00393392
1	562	-0.387199	-0.282074	0.00393138
1	563	-0.385916	-0.282259	0.00392872
1	564	-0.376927	-0.282426	0.00392534
1	565	-0.329027	-0.282509	0.00391926
1	566	-0.321033	-0.282577	0.00391293
1	567	-0.361813	-0.282717	0.00390852
1	568	-0.345048	-0.282826	0.00390318
1	569	-0.332991	-0.282915	0.00389731
1	570	-0.348376	-0.283029	0.00389217
1	571	-0.347749	-0.283143	0.003887
1	572	-0.331679	-0.283228	0.00388113
1	573	-0.313437	-0.28328	0.00387472
1	574	-0.305263	-0.283319	0.00386816
1	575	-0.308281	-0.283362	0.00386167
1	576	-0.314247	-0.283416	0.00385534
1	577	-0.317359	-0.283474	0.00384911
1	578	-0.315636	-0.28353	0.00384285
1	579	-0.308032	-0.283572	0.00383645
1	580	-0.297616	-0.283597	0.00382991
1	581	-0.28712	-0.283603	0.00382332
1	582	-0.273641	-0.283586	0.00381679
1	583	-0.276541	-0.283574	0.00381026
1	584	-0.293863	-0.283591	0.00380378
1	585	-0.302332	-0.283623	0.00379741
1	586	-0.311997	-0.283672	0.00379124
1	587	-0.318314	-0.283731	0.00378524
1	588	-0.299647	-0.283758	0.0037789
1	589	-0.281115	-0.283753	0.00377249
1	590	-0.272777	-0.283735	0.00376614
1	591	-0.28521	-0.283737	0.00375977
1	592	-0.306841	-0.283776	0.00375362
1	593	-0.311521	-0.283823	0.00374758
1	594	-0.28816	-0.28383	0.00374128
1	595	-0.243848	-0.283763	0.00373559
1	596	-0.23611	-0.283683	0.00373018
1	597	-0.280068	-0.283677	0.00372394
1	598	-0.305201	-0.283713	0.00371788
1	599	-0.311419	-0.283759	0.00371197
1	600	-0.313309	-0.283808	0.00370611
1	601	-0.31532	-0.283861	0.00370031
1	602	-0.318574	-0.283919	0.00369461
1	603	-0.32398	-0.283985	0.00368908
1	604	-0.332061	-0.284065	0.00368383
1	605	-0.341939	-0.28416	0.00367899
1	606	-0.347868	-0.284265	0.00367442
1	607	-0.332507	-0.284345	0.00366922
1	608	-0.294762	-0.284362	0.00366323
1	609	-0.30727	-0.2844	0.00365741
1	610	-0.342973	-0.284496	0.00365267
1	611	-0.334574	-0.284578	0.00364761
1	612	-0.3087	-0.284617	0.00364186
1	613	-0.319441	-0.284674	0.00363637
1	614	-0.338527	-0.284762	0.0036315
1	615	-0.357827	-0.28488	0.00362754
1	616	-0.378683	-0.285033	0.00362485
1	617	-0.366769	-0.285165	0.00362139
1	618	-0.339704	-0.285253	0.00361661
1	619	-0.335875	-0.285335	0.00361169
1	620	-0.361571	-0.285458	0.00360796
1	621	-0.3868	-0.285621	0.00360583
1	622	-0.388737	-0.285787	0.00360385
1	623	-0.370008	-0.285922	0.0036006
1	624	-0.350218	-0.286025	0.0035963
1	625	-0.33853	-0.286109	0.00359153
1	626	-0.327087	-0.286175	0.00358639
1	627	-0.33123	-0.286247	0.00358139
1	628	-0.347936	-0.286345	0.00357703
1	629	-0.339166	-0.286429	0.00357233
1	630	-0.313091	-0.286471	0.00356691
1	631	-0.316448	-0.286519	0.00356157
1	632	-0.302993	-0.286545	0.00355603
1	633	-0.281304	-0.286536	0.00355042
1	634	-0.306506	-0.286568	0.00354496
1	635	-0.295333	-0.286582	0.00353941
1	636	-0.275365	-0.286564	0.00353389
1	637	-0.324606	-0.286624	0.00352884
1	638	-0.350969	-0.286725	0.00352475
1	639	-0.355257	-0.286832	0.00352087
1	640	-0.346327	-0.286925	0.00351659
1	641	-0.319036	-0.286975	0.00351147
1	642	-0.289166	-0.286978	0.003506
1	643	-0.282228	-0.286971	0.00350055
1	644	-0.272005	-0.286948	0.00349519
1	645	-0.254567	-0.286898	0.00349014
1	646	-0.280751	-0.286888	0.00348475
1	647	-0.326804	-0.28695	0.00347991
1	648	-0.342139	-0.287035	0.00347558
1	649	-0.331924	-0.287104	0.00347091
1	650	-0.264833	-0.28707	0.00346574
1	651	-0.158139	-0.286872	0.00346607
1	652	-0.265002	-0.286838	0.00346092
1	653	-0.311535	-0.286876	0.00345582
1	654	-0.324974	-0.286934	0.00345103
1	655	-0.329632	-0.286999	0.00344638
1	656	-0.324439	-0.287057	0.0034416
1	657	-0.31027	-0.287092	0.00343654
1	658	-0.30419	-0.287118	0.00343141
1	659	-0.300102	-0.287138	0.00342626
1	660	-0.267322	-0.287108	0.0034212
1	661	-0.237669	-0.287033	0.00341685
1	662	-0.275054	-0.287015	0.00341173
1	663	-0.325562	-0.287073	0.00340708
1	664	-0.345505	-0.287161	0.00340309
1	665	-0.347243	-0.287251	0.00339917
1	666	-0.340559	-0.287331	0.00339501
1	667	-0.323968	-0.287386	0.00339036
1	668	-0.301231	-0.287407	0.00338535
1	669	-0.293977	-0.287417	0.0033803
1	670	-0.278881	-0.287404	0.00337528
1	671	-0.252211	-0.287351	0.00337066
1	672	-0.252823	-0.2873	0.00336604
1	673	-0.282092	-0.287292	0.00336104
1	674	-0.329562	-0.287355	0.00335664
1	675	-0.354715	-0.287455	0.00335315
1	676	-0.35353	-0.287553	0.00334962
1	677	-0.330965	-0.287617	0.00334528
1	678	-0.291049	-0.287622	0.00334035
1	679	-0.271683	-0.287598	0.00333551
1	680	-0.27536	-0.28758	0.00333066
1	681	-0.26252	-0.287544	0.00332597
1	682	-0.289861	-0.287547	0.00332109
1	683	-0.343525	-0.287629	0.00331724
1	684	-0.350757	-0.287721	0.00331368
1	685	-0.330514	-0.287784	0.00330943
1	686	-0.31417	-0.287822	0.00330483
1	687	-0.304014	-0.287846	0.0033001
1	688	-0.29845	-0.287861	0.00329534
1	689	-0.307492	-0.28789	0.00329068
1	690	-0.326345	-0.287945	0.00328638
1	691	-0.316344	-0.287986	0.00328188
1	692	-0.308875	-0.288017	0.00327728
1	693	-0.33016	-0.288077	0.00327312
1	694	-0.347434	-0.288163	0.00326952
1	695	-0.343225	-0.288242	0.00326577
1	696	-0.309517	-0.288273	0.00326122
1	697	-0.340921	-0.288348	0.00325742
1	698	-0.370587	-0.288466	0.00325488
1	699	-0.368825	-0.288581	0.00325226
1	700	-0.335292	-0.288648	0.00324829
1	701	-0.275088	-0.288628	0.00324372
1	702	-0.34953	-0.288715	0.00324026
1	703	-0.398665	-0.288872	0.00323942
1	704	-0.382912	-0.289005	0.00323757
1	705	-0.290062	-0.289007	0.00323298
1	706	-0.349242	-0.289092	0.00322953
1	707	-0.384328	-0.289227	0.00322777
1	708	-0.355698	-0.289321	0.00322457
1	709	-0.331157	-0.28938	0.00322056
1	710	-0.307204	-0.289405	0.00321613
1	711	-0.293341	-0.28941	0.00321161
1	712	-0.345759	-0.289489	0.00320807
1	713	-0.378776	-0.289615	0.00320602
1	714	-0.381888	-0.289744	0.00320413
1	715	-0.373123	-0.28986	0.00320177
1	716	-0.350661	-0.289945	0.00319842
1	717	-0.31941	-0.289986	0.00319423
1	718	-0.3203	-0.290029	0.00319006
1	719	-0.324928	-0.290077	0.00318599
1	720	-0.302793	-0.290095	0.00318161
1	721	-0.348705	-0.290176	0.00317824
1	722	-0.358186	-0.29027	0.00317523
1	723	-0.341937	-0.290342	0.00317164
1	724	-0.347677	-0.290421	0.00316825
1	725	-0.349932	-0.290503	0.00316495
1	726	-0.315152	-0.290537	0.00316077
1	727	-0.268326	-0.290507	0.00315657
1	728	-0.28142	-0.290494	0.00315226
1	729	-0.31481	-0.290527	0.00314811
1	730	-0.323222	-0.290572	0.00314412
1	731	-0.335593	-0.290634	0.00314042
1	732	-0.321564	-0.290676	0.00313641
1	733	-0.325613	-0.290724	0.00313249
1	734	-0.357055	-0.290814	0.00312953
1	735	-0.385866	-0.290943	0.00312794
1	736	-0.387008	-0.291074	0.00312642
1	737	-0.363093	-0.291172	0.0031237
1	738	-0.331819	-0.291227	0.00311995
1	739	-0.316395	-0.291261	0.00311592
1	740	-0.31462	-0.291292	0.00311187
1	741	-0.322999	-0.291335	0.00310796
1	742	-0.337141	-0.291397	0.00310438
1	743	-0.355778	-0.291483	0.00310142
1	744	-0.363448	-0.29158	0.00309876
1	745	-0.348291	-0.291656	0.00309553
1	746	-0.313912	-0.291686	0.00309152
1	747	-0.295995	-0.291692	0.00308739
1	748	-0.309682	-0.291716	0.00308336
1	749	-0.307859	-0.291738	0.00307932
1	750	-0.281856	-0.291724	0.00307524
1	751	-0.256486	-0.291677	0.0030715
1	752	-0.280512	-0.291663	0.00306745
1	753	-0.320521	-0.291701	0.00306362
1	754	-0.335986	-0.29176	0.00306012
1	755	-0.336391	-0.291819	0.00305664
1	756	-0.331967	-0.291872	0.00305305
1	757	-0.328589	-0.29192	0.00304941
1	758	-0.324692	-0.291964	0.00304569
1	759	-0.317815	-0.291998	0.00304187
1	760	-0.317925	-0.292032	0.00303806
1	761	-0.328745	-0.29208	0.00303445
1	762	-0.314452	-0.292109	0.00303061
1	763	-0.276413	-0.292089	0.00302671
1	764	-0.315588	-0.29212	0.0030229
1	765	-0.349812	-0.292195	0.00301989
1	766	-0.325673	-0.292239	0.00301626
1	767	-0.289711	-0.292235	0.00301233
1	768	-0.3265	-0.29228	0.00300874
1	769	-0.354971	-0.292362	0.00300593
1	770	-0.354557	-0.292442	0.00300311
1	771	-0.344161	-0.292509	0.00299997
1	772	-0.336399	-0.292566	0.00299662
1	773	-0.332553	-0.292618	0.00299319
1	774	-0.328627	-0.292664	0.00298968
1	775	-0.332665	-0.292716	0.00298627
1	776	-0.337457	-0.292774	0.00298298
1	777	-0.326519	-0.292817	0.00297946
1	778	-0.301456	-0.292828	0.00297565
1	779	-0.288571	-0.292823	0.00297183
1	780	-0.300267	-0.292832	0.00296804
1	781	-0.30784	-0.292852	0.0029643
1	782	-0.302178	-0.292864	0.00296053
1	783	-0.294543	-0.292866	0.00295675
1	784	-0.290321	-0.292862	0.00295298
1	785	-0.287372	-0.292855	0.00294923
1	786	-0.281591	-0.292841	0.00294551
1	787	-0.2723	-0.292815	0.00294189
1	788	-0.261553	-0.292775	0.00293842
1	789	-0.263522	-0.292738	0.00293493
1	790	-0.271632	-0.292712	0.00293134
1	791	-0.277203	-0.292692	0.0029277
1	792	-0.284445	-0.292682	0.00292402
1	793	-0.287057	-0.292674	0.00292034
1	794	-0.27868	-0.292657	0.00291671
1	795	-0.263725	-0.29262	0.00291327
1	796	-0.258446	-0.292577	0.00290993
1	797	-0.246097	-0.292519	0.00290686
1	798	-0.213327	-0.29242	0.00290491
1	799	-0.228587	-0.29234	0.00290238
1	800	-0.260419	-0.2923	0.00289902
1	801	-0.280816	-0.292286	0.00289544
1	802	-0.295084	-0.292289	0.00289183
1	803	-0.30073	-0.2923	0.00288825
1	804	-0.291129	-0.292298	0.00288466
1	805	-0.253641	-0.29225	0.00288147
1	806	-0.243884	-0.29219	0.00287852
1	807	-0.280493	-0.292176	0.00287499
1	808	-0.299699	-0.292185	0.00287145
1	809	-0.315134	-0.292213	0.00286804
1	810	-0.328896	-0.292259	0.00286486
1	811	-0.33176	-0.292307	0.00286174
1	812	-0.319064	-0.29234	0.0028584
1	813	-0.291655	-0.29234	0.00285489
1	814	-0.260753	-0.292301	0.00285164
1	815	-0.269231	-0.292272	0.00284829
1	816	-0.298079	-0.29228	0.0028448
1	817	-0.315457	-0.292308	0.00284146
1	818	-0.334831	-0.29236	0.00283847
1	819	-0.341868	-0.29242	0.00283564
1	820	-0.341832	-0.292481	0.00283283
1	821	-0.344241	-0.292544	0.00283008
1	822	-0.351251	-0.292615	0.00282753
1	823	-0.359268	-0.292696	0.00282526
1	824	-0.361753	-0.29278	0.00282307
1	825	-0.345149	-0.292843	0.00282036
1	826	-0.30183	-0.292854	0.00281697
1	827	-0.30242	-0.292866	0.00281359
1	828	-0.340118	-0.292923	0.00281077
1	829	-0.356894	-0.293	0.00280844
1	830	-0.356143	-0.293076	0.00280608
1	831	-0.351646	-0.293147	0.00280359
1	832	-0.348267	-0.293213	0.002801
1	833	-0.336291	-0.293265	0.00279812
1	834	-0.319016	-0.293295	0.00279493
1	835	-0.323043	-0.293331	0.00279181
1	836	-0.338523	-0.293385	0.002789
1	837	-0.338149	-0.293439	0.00278618
1	838	-0.321283	-0.293472	0.00278305
1	839	-0.30036	-0.29348	0.00277975
1	840	-0.303937	-0.293493	0.00277647
1	841	-0.324444	-0.293529	0.00277341
1	842	-0.328941	-0.293571	0.00277043
1	843	-0.313326	-0.293595	0.00276725
1	844	-0.295073	-0.293597	0.00276397
1	845	-0.293961	-0.293597	0.0027607
1	846	-0.277894	-0.293578	0.0027575
1	847	-0.255958	-0.293534	0.0027546
1	848	-0.271911	-0.293509	0.00275147
1	849	-0.296546	-0.293512	0.00274823
1	850	-0.319019	-0.293542	0.00274516
1	851	-0.335924	-0.293592	0.00274239
1	852	-0.342922	-0.29365	0.00273978
1	853	-0.340657	-0.293705	0.00273712
1	854	-0.325641	-0.293742	0.00273417
1	855	-0.305297	-0.293756	0.00273101
1	856	-0.305671	-0.29377	0.00272785
1	857	-0.311443	-0.29379	0.00272475
1	858	-0.293982	-0.293791	0.00272157
1	859	-0.256485	-0.293747	0.00271875
1	860	-0.26708	-0.293716	0.00271576
1	861	-0.248301	-0.293663	0.00271312
1	862	-0.285978	-0.293654	0.00270999
1	863	-0.346778	-0.293716	0.00270755
1	864	-0.332812	-0.293761	0.00270479
1	865	-0.316285	-0.293787	0.00270179
1	866	-0.318649	-0.293816	0.00269882
1	867	-0.329856	-0.293858	0.00269603
1	868	-0.330016	-0.293899	0.00269325
1	869	-0.30404	-0.293911	0.00269017
1	870	-0.242885	-0.293852	0.00268772
1	871	-0.209958	-0.293756	0.00268636
1	872	-0.265479	-0.293724	0.00268347
1	873	-0.290404	-0.29372	0.0026804
1	874	-0.293435	-0.293719	0.00267734
1	875	-0.294685	-0.293721	0.00267428
1	876	-0.294891	-0.293722	0.00267122
1	877	-0.294558	-0.293723	0.00266818
1	878	-0.292945	-0.293722	0.00266514
1	879	-0.283987	-0.293711	0.00266213
1	880	-0.249546	-0.293661	0.00265958
1	881	-0.208323	-0.293564	0.00265832
1	882	-0.219963	-0.29348	0.00265662
1	883	-0.233595	-0.293413	0.00265448
1	884	-0.243504	-0.293356	0.00265207
1	885	-0.262543	-0.293321	0.00264931
1	886	-0.276852	-0.293303	0.00264638
1	887	-0.285964	-0.293294	0.00264341
1	888	-0.286879	-0.293287	0.00264044
1	889	-0.272573	-0.293264	0.00263758
1	890	-0.243977	-0.293208	0.00263519
1	891	-0.242869	-0.293152	0.00263284
1	892	-0.271256	-0.293127	0.00263
1	893	-0.29374	-0.293128	0.00262706
1	894	-0.301852	-0.293138	0.00262414
1	895	-0.297125	-0.293142	0.00262121
1	896	-0.286417	-0.293135	0.0026183
1	897	-0.278571	-0.293119	0.00261543
1	898	-0.274893	-0.293098	0.00261259
1	899	-0.26069	-0.293062	0.00260994
1	900	-0.246015	-0.29301	0.00260756
1	901	-0.246037	-0.292958	0.00260519
1	902	-0.255413	-0.292916	0.00260263
1	903	-0.281701	-0.292904	0.00259978
1	904	-0.305022	-0.292917	0.00259694
1	905	-0.310677	-0.292937	0.00259414
1	906	-0.304165	-0.292949	0.00259131
1	907	-0.296492	-0.292953	0.00258845
1	908	-0.291557	-0.292952	0.0025856
1	909	-0.285729	-0.292944	0.00258277
1	910	-0.274624	-0.292924	0.00258001
1	911	-0.273705	-0.292902	0.00257727
1	912	-0.296949	-0.292907	0.00257444
1	913	-0.314598	-0.292931	0.00257173
1	914	-0.320092	-0.29296	0.00256909
1	915	-0.320145	-0.29299	0.00256646
1	916	-0.317911	-0.293017	0.0025638
1	917	-0.316021	-0.293042	0.00256112
1	918	-0.316294	-0.293068	0.00255846
1	919	-0.318014	-0.293095	0.00255582
1	920	-0.318539	-0.293122	0.00255319
1	921	-0.298499	-0.293128	0.00255043
1	922	-0.254598	-0.293087	0.002548
1	923	-0.260649	-0.293051	0.00254548
1	924	-0.319286	-0.29308	0.00254289
1	925	-0.331197	-0.293121	0.00254047
1	926	-0.337768	-0.293169	0.00253819
1	927	-0.352141	-0.293233	0.00253625
1	928	-0.362707	-0.293308	0.00253462
1	929	-0.365856	-0.293386	0.00253309
1	930	-0.361461	-0.293459	0.00253143
1	931	-0.345858	-0.293515	0.00252933
1	932	-0.333131	-0.293558	0.00252698
1	933	-0.335103	-0.293602	0.00252466
1	934	-0.332252	-0.293644	0.00252229
1	935	-0.336367	-0.293689	0.00252001
1	936	-0.361102	-0.293761	0.00251835
1	937	-0.374343	-0.293847	0.00251713
1	938	-0.365252	-0.293923	0.0025156
1	939	-0.345306	-0.293978	0.00251351
1	940	-0.343721	-0.294031	0.00251139
1	941	-0.351473	-0.294092	0.00250947
1	942	-0.340285	-0.294141	0.00250728
1	943	-0.339272	-0.294189	0.00250508
1	944	-0.350196	-0.294248	0.00250313
1	945	-0.34582	-0.294303	0.00250108
1	946	-0.324903	-0.294335	0.00249864
1	947	-0.293072	-0.294334	0.002496
1	948	-0.264835	-0.294303	0.00249356
1	949	-0.264012	-0.294271	0.00249114
1	950	-0.272117	-0.294248	0.00248863
1	951	-0.292357	-0.294246	0.00248601
1	952	-0.303307	-0.294255	0.00248342
1	953	-0.307861	-0.294269	0.00248085
1	954	-0.317424	-0.294294	0.00247837
1	955	-0.303309	-0.294303	0.00247579
1	956	-0.249568	-0.294256	0.00247365
1	957	-0.226071	-0.294185	0.00247209
1	958	-0.233989	-0.294122	0.00247031
1	959	-0.264978	-0.294092	0.00246792
1	960	-0.290144	-0.294088	0.00246535
1	961	-0.297498	-0.294091	0.00246279
1	962	-0.295562	-0.294093	0.00246023
1	963	-0.293138	-0.294092	0.00245767
1	964	-0.288342	-0.294086	0.00245513
1	965	-0.280383	-0.294072	0.00245263
1	966	-0.275215	-0.294052	0.00245017
1	967	-0.268524	-0.294026	0.00244777
1	968	-0.272162	-0.294003	0.00244535
1	969	-0.294681	-0.294004	0.00244283
1	970	-0.311636	-0.294022	0.00244038
1	971	-0.316107	-0.294045	0.00243797
1	972	-0.309206	-0.29406	0.00243551
1	973	-0.286011	-0.294052	0.00243302
1	974	-0.255625	-0.294013	0.00243084
1	975	-0.254955	-0.293973	0.00242868
1	976	-0.261264	-0.293939	0.00242642
1	977	-0.305237	-0.293951	0.00242397
1	978	-0.339851	-0.293998	0.00242194
1	979	-0.352309	-0.294057	0.0024202
1	980	-0.334374	-0.294098	0.00241808
1	981	-0.279995	-0.294084	0.00241566
1	982	-0.266129	-0.294055	0.00241337
1	983	-0.289349	-0.294051	0.00241092
1	984	-0.296118	-0.294053	0.00240847
1	985	-0.330606	-0.29409	0.00240631
1	986	-0.353979	-0.294151	0.00240463
1	987	-0.35017	-0.294207	0.00240287
1	988	-0.334402	-0.294248	0.00240078
1	989	-0.321818	-0.294276	0.00239851
1	990	-0.332501	-0.294315	0.0023964
1	991	-0.357733	-0.294379	0.00239484
1	992	-0.372264	-0.294457	0.00239371
1	993	-0.372405	-0.294536	0.00239259
1	994	-0.365974	-0.294607	0.00239126
1	995	-0.358268	-0.294671	0.00238971
1	996	-0.348658	-0.294726	0.00238793
1	997	-0.333596	-0.294765	0.00238585
1	998	-0.318367	-0.294788	0.00238358
1	999	-0.312579	-0.294806	0.00238126
1	1000	-0.31274	-0.294824	0.00237894
1	1001	-0.309891	-0.294839	0.00237661
1	1002	-0.295232	-0.294839	0.00237424
1	1003	-0.265248	-0.29481	0.00237206
1	1004	-0.236735	-0.294752	0.0023704
1	1005	-0.26861	-0.294726	0.00236818
1	1006	-0.302808	-0.294734	0.00236584
1	1007	-0.298053	-0.294737	0.0023635
1	1008	-0.280373	-0.294723	0.0023612
1	1009	-0.271019	-0.2947	0.00235897
1	1010	-0.281458	-0.294687	0.00235667
1	1011	-0.294086	-0.294686	0.00235434
1	1012	-0.295398	-0.294687	0.00235202
1	1013	-0.289714	-0.294682	0.0023497
1	1014	-0.282865	-0.29467	0.00234741
1	1015	-0.278946	-0.294655	0.00234515
1	1016	-0.281276	-0.294641	0.00234288
1	1017	-0.287966	-0.294635	0.00234058
1	1018	-0.287773	-0.294628	0.00233829
1	1019	-0.272919	-0.294607	0.0023361
1	1020	-0.266192	-0.294579	0.00233397
1	1021	-0.28705	-0.294572	0.0023317
1	1022	-0.310164	-0.294587	0.00232947
1	1023	-0.315184	-0.294607	0.00232728
1	1024	-0.288292	-0.294601	0.00232501
1	1025	-0.270946	-0.294578	0.00232286
1	1026	-0.257895	-0.294542	0.00232087
1	1027	-0.24699	-0.294496	0.00231907
1	1028	-0.259818	-0.294462	0.00231706
1	1029	-0.27602	-0.294444	0.00231488
1	1030	-0.305444	-0.294455	0.00231266
1	1031	-0.309231	-0.294469	0.00231046
1	1032	-0.289923	-0.294465	0.00230822
1	1033	-0.226992	-0.294399	0.00230691
1	1034	-0.205808	-0.294314	0.00230627
1	1035	-0.277583	-0.294297	0.0023041
1	1036	-0.315906	-0.294318	0.00230197
1	1037	-0.309595	-0.294333	0.0022998
1	1038	-0.288513	-0.294327	0.00229759
1	1039	-0.265805	-0.2943	0.00229554
1	1040	-0.244544	-0.294252	0.00229383
1	1041	-0.23696	-0.294197	0.00229229
1	1042	-0.243122	-0.294148	0.00229061
1	1043	-0.243524	-0.2941	0.00228893
1	1044	-0.237676	-0.294046	0.00228738
1	1045	-0.23164	-0.293986	0.00228597
1	1046	-0.22898	-0.293924	0.00228463
1	1047	-0.225596	-0.293858	0.00228338
1	1048	-0.214154	-0.293782	0.00228246
1	1049	-0.189237	-0.293683	0.00228246
1	1050	-0.1697	-0.293565	0.00228334
1	1051	-0.197513	-0.293473	0.002283
1	1052	-0.221678	-0.293405	0.00228185
1	1053	-0.2287	-0.293344	0.00228051
1	1054	-0.229824	-0.293283	0.00227914
1	1055	-0.230249	-0.293224	0.00227776
1	1056	-0.232846	-0.293166	0.00227632
1	1057	-0.236936	-0.293113	0.00227479
1	1058	-0.237055	-0.29306	0.00227326
1	1059	-0.229382	-0.293	0.00227191
1	1060	-0.219919	-0.292931	0.00227081
1	1061	-0.21755	-0.29286	0.00226978
1	1062	-0.229164	-0.2928	0.00226843
1	1063	-0.251802	-0.292761	0.00226663
1	1064	-0.274502	-0.292744	0.00226456
1	1065	-0.289148	-0.292741	0.00226244
1	1066	-0.277561	-0.292727	0.00226036
1	1067	-0.250349	-0.292687	0.00225859
1	1068	-0.25913	-0.292656	0.0022567
1	1069	-0.285767	-0.292649	0.00225459
1	1070	-0.261752	-0.29262	0.00225267
1	1071	-0.24717	-0.292578	0.00225097
1	1072	-0.288187	-0.292574	0.00224887
1	1073	-0.332184	-0.292611	0.00224708
1	1074	-0.351495	-0.292665	0.00224565
1	1075	-0.345554	-0.292715	0.0022441
1	1076	-0.309132	-0.29273	0.00224207
1	1077	-0.279036	-0.292717	0.00224003
1	1078	-0.272515	-0.292698	0.00223803
1	1079	-0.245997	-0.292655	0.00223637
1	1080	-0.323221	-0.292683	0.00223448
1	1081	-0.342926	-0.29273	0.00223289
1	1082	-0.330872	-0.292765	0.00223111
1	1083	-0.308798	-0.29278	0.0022291
1	1084	-0.274548	-0.292763	0.00222711
1	1085	-0.21895	-0.292695	0.00222609
1	1086	-0.228477	-0.292636	0.00222483
1	1087	-0.283002	-0.292627	0.0022228
1	1088	-0.306814	-0.29264	0.00222079
1	1089	-0.325997	-0.292671	0.00221897
1	1090	-0.342036	-0.292716	0.00221739
1	1091	-0.33621	-0.292756	0.00221572
1	1092	-0.308012	-0.29277	0.00221373
1	1093	-0.279652	-0.292758	0.00221174
1	1094	-0.272163	-0.292739	0.0022098
1	1095	-0.290518	-0.292737	0.00220778
1	1096	-0.315346	-0.292758	0.00220586
1	1097	-0.329052	-0.292791	0.0022041
1	1098	-0.328923	-0.292824	0.00220234
1	1099	-0.318454	-0.292847	0.00220046
1	1100	-0.304533	-0.292858	0.00219848
1	1101	-0.297736	-0.292862	0.00219649
1	1102	-0.296182	-0.292865	0.0021945
1	1103	-0.302337	-0.292874	0.00219253
1	1104	-0.311305	-0.29289	0.0021906
1	1105	-0.315561	-0.292911	0.00218872
1	1106	-0.315204	-0.292931	0.00218683
1	1107	-0.309215	-0.292946	0.00218491
1	1108	-0.292652	-0.292946	0.00218293
1	1109	-0.263399	-0.292919	0.00218113
1	1110	-0.245895	-0.292877	0.00217957
1	1111	-0.259882	-0.292847	0.00217782
1	1112	-0.266676	-0.292823	0.00217598
1	1113	-0.253277	-0.292788	0.00217432
1	1114	-0.264773	-0.292763	0.00217251
1	1115	-0.282505	-0.292753	0.00217058
1	1116	-0.30072	-0.292761	0.00216865
1	1117	-0.295542	-0.292763	0.00216671
1	1118	-0.262898	-0.292736	0.00216494
1	1119	-0.295462	-0.292739	0.002163
1	1120	-0.321313	-0.292764	0.00216122
1	1121	-0.321356	-0.29279	0.00215945
1	1122	-0.320679	-0.292815	0.00215766
1	1123	-0.323889	-0.292842	0.00215592
1	1124	-0.316205	-0.292863	0.0021541
1	1125	-0.317672	-0.292885	0.0021523
1	1126	-0.340661	-0.292928	0.00215081
1	1127	-0.329958	-0.29296	0.00214915
1	1128	-0.300374	-0.292967	0.00214725
1	1129	-0.325608	-0.292996	0.00214555
1	1130	-0.36821	-0.293062	0.00214468
1	1131	-0.360091	-0.293122	0.0021436
1	1132	-0.312956	-0.293139	0.00214178
1	1133	-0.299182	-0.293145	0.0021399
1	1134	-0.332486	-0.293179	0.00213829
1	1135	-0.342065	-0.293222	0.00213684
1	1136	-0.342703	-0.293266	0.0021354
1	1137	-0.366766	-0.293331	0.0021345
1	1138	-0.390905	-0.293416	0.00213435
1	1139	-0.410726	-0.293519	0.00213496
1	1140	-0.413151	-0.293624	0.00213566
1	1141	-0.404618	-0.293721	0.00213601
1	1142	-0.380381	-0.293797	0.00213548
1	1143	-0.372116	-0.293866	0.00213471
1	1144	-0.390538	-0.29395	0.00213452
1	1145	-0.388738	-0.294033	0.00213426
1	1146	-0.361397	-0.294092	0.00213321
1	1147	-0.358561	-0.294148	0.00213209
1	1148	-0.371827	-0.294216	0.0021313
1	1149	-0.343989	-0.294259	0.00212989
1	1150	-0.320871	-0.294282	0.00212816
1	1151	-0.340281	-0.294322	0.00212669
1	1152	-0.357787	-0.294377	0.00212556
1	1153	-0.344789	-0.294421	0.00212416
1	1154	-0.328601	-0.294451	0.00212253
1	1155	-0.333737	-0.294485	0.00212096
1	1156	-0.346967	-0.29453	0.00211961
1	1157	-0.351966	-0.29458	0.00211836
1	1158	-0.349818	-0.294627	0.00211707
1	1159	-0.346097	-0.294672	0.00211571
1	1160	-0.345364	-0.294716	0.00211434
1	1161	-0.349162	-0.294762	0.00211304
1	1162	-0.352183	-0.294812	0.0021118
1	1163	-0.342628	-0.294853	0.00211038
1	1164	-0.325741	-0.29488	0.00210873
1	1165	-0.334872	-0.294914	0.0021072
1	1166	-0.345999	-0.294958	0.00210585
1	1167	-0.305436	-0.294967	0.00210407
1	1168	-0.299185	-0.29497	0.00210227
1	1169	-0.297482	-0.294972	0.00210047
1	1170	-0.202768	-0.294894	0.00210015
1	1171	-0.205104	-0.294817	0.00209976
1	1172	-0.30133	-0.294822	0.00209798
1	1173	-0.372044	-0.294888	0.00209722
1	1174	-0.369774	-0.294952	0.0020964
1	1175	-0.355725	-0.295004	0.00209526
1	1176	-0.353454	-0.295054	0.00209406
1	1177	-0.352183	-0.295102	0.00209285
1	1178	-0.339781	-0.29514	0.00209141
1	1179	-0.311339	-0.295154	0.00208969
1	1180	-0.315219	-0.295171	0.00208798
1	1181	-0.352579	-0.295219	0.00208678
1	1182	-0.371893	-0.295284	0.00208602
1	1183	-0.376892	-0.295353	0.0020854
1	1184	-0.37658	-0.295422	0.00208477
1	1185	-0.37056	-0.295485	0.00208397
1	1186	-0.355224	-0.295536	0.00208282
1	1187	-0.352887	-0.295584	0.00208163
1	1188	-0.374774	-0.295651	0.00208094
1	1189	-0.372374	-0.295715	0.00208019
1	1190	-0.326731	-0.295741	0.00207861
1	1191	-0.293742	-0.295739	0.00207687
1	1192	-0.321475	-0.295761	0.00207524
1	1193	-0.354413	-0.29581	0.00207408
1	1194	-0.325294	-0.295835	0.00207249
1	1195	-0.350035	-0.29588	0.00207125
1	1196	-0.39526	-0.295963	0.00207118
1	1197	-0.401185	-0.296051	0.00207132
1	1198	-0.388864	-0.296129	0.00207104
1	1199	-0.363526	-0.296185	0.00207007
1	1200	-0.324866	-0.296209	0.00206849
1	1201	-0.285697	-0.2962	0.00206678
1	1202	-0.286571	-0.296192	0.00206508
1	1203	-0.31806	-0.29621	0.00206344
1	1204	-0.306153	-0.296219	0.00206174
1	1205	-0.297757	-0.29622	0.00206003
1	1206	-0.321522	-0.296241	0.00205843
1	1207	-0.346609	-0.296283	0.00205715
1	1208	-0.34521	-0.296323	0.00205585
1	1209	-0.321207	-0.296344	0.00205425
1	1210	-0.298194	-0.296345	0.00205255
1	1211	-0.257585	-0.296313	0.00205111
1	1212	-0.260258	-0.296283	0.00204963
1	1213	-0.302453	-0.296288	0.00204795
1	1214	-0.328808	-0.296315	0.00204643
1	1215	-0.339847	-0.296351	0.00204506
1	1216	-0.342408	-0.296389	0.00204373
1	1217	-0.337189	-0.296422	0.00204233
1	1218	-0.323014	-0.296444	0.00204077
1	1219	-0.30809	-0.296454	0.00203912
1	1220	-0.308599	-0.296464	0.00203747
1	1221	-0.316903	-0.296481	0.00203587
1	1222	-0.313552	-0.296495	0.00203425
1	1223	-0.288752	-0.296488	0.0020326
1	1224	-0.260003	-0.296458	0.00203116
1	1225	-0.274303	-0.29644	0.00202958
1	1226	-0.304225	-0.296447	0.00202793
1	1227	-0.312396	-0.29646	0.00202632
1	1228	-0.305731	-0.296467	0.00202469
1	1229	-0.294172	-0.296465	0.00202304
1	1230	-0.29657	-0.296465	0.00202139
1	1231	-0.308507	-0.296475	0.00201978
1	1232	-0.316006	-0.296491	0.0020182
1	1233	-0.312278	-0.296504	0.0020166
1	1234	-0.285562	-0.296495	0.00201499
1	1235	-0.238077	-0.296448	0.00201391
1	1236	-0.234081	-0.296397	0.00201291
1	1237	-0.263953	-0.296371	0.00201146
1	1238	-0.280572	-0.296358	0.00200987
1	1239	-0.283501	-0.296348	0.00200828
1	1240	-0.285938	-0.296339	0.00200668
1	1241	-0.291574	-0.296336	0.00200506
1	1242	-0.297256	-0.296336	0.00200345
1	1243	-0.302004	-0.296341	0.00200184
1	1244	-0.304801	-0.296348	0.00200024
1	1245	-0.297457	-0.296349	0.00199864
1	1246	-0.262767	-0.296322	0.00199722
1	1247	-0.222883	-0.296263	0.00199648
1	1248	-0.240285	-0.296218	0.00199539
1	1249	-0.284	-0.296208	0.00199381
1	1250	-0.301381	-0.296212	0.00199222
1	1251	-0.283378	-0.296202	0.00199066
1	1252	-0.261196	-0.296174	0.00198926
1	1253	-0.26379	-0.296148	0.00198784
1	1254	-0.283818	-0.296138	0.00198628
1	1255	-0.300923	-0.296142	0.0019847
1	1256	-0.30529	-0.296149	0.00198314
1	1257	-0.305898	-0.296157	0.00198157
1	1258	-0.30833	-0.296167	0.00198002
1	1259	-0.310171	-0.296178	0.00197848
1	1260	-0.305013	-0.296185	0.00197692
1	1261	-0.291355	-0.296181	0.00197536
1	1262	-0.271561	-0.296162	0.00197389
1	1263	-0.245001	-0.296121	0.00197274
1	1264	-0.232609	-0.296071	0.00197182
1	1265	-0.247551	-0.296033	0.00197063
1	1266	-0.285621	-0.296024	0.0019691
1	1267	-0.318207	-0.296042	0.00196762
1	1268	-0.332711	-0.296071	0.00196628
1	1269	-0.33562	-0.296102	0.00196498
1	1270	-0.330221	-0.296129	0.00196361
1	1271	-0.314652	-0.296143	0.00196212
1	1272	-0.298145	-0.296145	0.00196058
1	1273	-0.287406	-0.296138	0.00195905
1	1274	-0.275965	-0.296122	0.00195758
1	1275	-0.282647	-0.296112	0.00195607
1	1276	-0.311459	-0.296124	0.00195458
1	1277	-0.317429	-0.29614	0.00195312
1	1278	-0.312846	-0.296153	0.00195163
1	1279	-0.340079	-0.296188	0.00195041
1	1280	-0.326587	-0.296212	0.00194903
1	1281	-0.298993	-0.296214	0.00194751
1	1282	-0.282757	-0.296203	0.00194602
1	1283	-0.280357	-0.296191	0.00194454
1	1284	-0.309067	-0.296201	0.00194305
1	1285	-0.319299	-0.296219	0.00194162
1	1286	-0.302583	-0.296224	0.00194012
1	1287	-0.246971	-0.296186	0.00193899
1	1288	-0.262204	-0.296159	0.00193766
1	1289	-0.300357	-0.296162	0.00193616
1	1290	-0.288266	-0.296156	0.00193467
1	1291	-0.314076	-0.29617	0.00193322
1	1292	-0.340675	-0.296205	0.00193203
1	1293	-0.346955	-0.296244	0.00193094
1	1294	-0.341753	-0.296279	0.00192977
1	1295	-0.312897	-0.296292	0.00192832
1	1296	-0.265484	-0.296268	0.00192698
1	1297	-0.279716	-0.296255	0.00192553
1	1298	-0.324353	-0.296277	0.00192417
1	1299	-0.336441	-0.296308	0.00192294
1	1300	-0.318348	-0.296325	0.00192153
1	1301	-0.308308	-0.296334	0.00192008
1	1302	-0.31371	-0.296347	0.00191865
1	1303	-0.323021	-0.296368	0.00191729
1	1304	-0.330613	-0.296394	0.001916
1	1305	-0.333488	-0.296423	0.00191474
1	1306	-0.320407	-0.296441	0.00191336
1	1307	-0.231158	-0.296391	0.00191255
1	1308	-0.173621	-0.296297	0.00191339
1	1309	-0.300641	-0.2963	0.00191193
1	1310	-0.335979	-0.296331	0.00191071
1	1311	-0.331402	-0.296358	0.00190944
1	1312	-0.320648	-0.296376	0.00190808
1	1313	-0.324468	-0.296397	0.00190674
1	1314	-0.341982	-0.296432	0.00190561
1	1315	-0.353753	-0.296476	0.00190466
1	1316	-0.35611	-0.296521	0.00190375
1	1317	-0.344705	-0.296558	0.00190265
1	1318	-0.309112	-0.296567	0.00190123
1	1319	-0.261077	-0.29654	0.00189998
1	1320	-0.263256	-0.296515	0.00189871
1	1321	-0.332135	-0.296542	0.00189747
1	1322	-0.36767	-0.296596	0.00189679
1	1323	-0.352621	-0.296638	0.00189583
1	1324	-0.327044	-0.296661	0.00189454
1	1325	-0.304518	-0.296667	0.00189312
1	1326	-0.315747	-0.296681	0.00189175
1	1327	-0.328073	-0.296705	0.00189047
1	1328	-0.328713	-0.296729	0.0018892
1	1329	-0.350755	-0.29677	0.00188821
1	1330	-0.353606	-0.296813	0.00188728
1	1331	-0.355478	-0.296857	0.00188637
1	1332	-0.369002	-0.296911	0.00188574
1	1333	-0.354418	-0.296954	0.00188481
1	1334	-0.304695	-0.29696	0.00188341
1	1335	-0.271098	-0.29694	0.0018821
1	1336	-0.310358	-0.29695	0.00188072
1	1337	-0.351972	-0.296992	0.00187976
1	1338	-0.359594	-0.297038	0.00187894
1	1339	-0.342519	-0.297072	0.00187784
1	1340	-0.31673	-0.297087	0.0018765
1	1341	-0.284791	-0.297078	0.00187512
1	1342	-0.246147	-0.29704	0.00187411
1	1343	-0.27087	-0.29702	0.00187281
1	1344	-0.324505	-0.297041	0.00187153
1	1345	-0.343208	-0.297075	0.00187045
1	1346	-0.327985	-0.297098	0.00186921
1	1347	-0.291275	-0.297094	0.00186782
1	1348	-0.27188	-0.297075	0.00186653
1	1349	-0.298106	-0.297076	0.00186515
1	1350	-0.326748	-0.297098	0.0018639
1	1351	-0.336274	-0.297127	0.00186274
1	1352	-0.334068	-0.297154	0.00186156
1	1353	-0.325881	-0.297175	0.00186031
1	1354	-0.315588	-0.297189	0.00185898
1	1355	-0.309934	-0.297198	0.00185764
1	1356	-0.305807	-0.297205	0.00185628
1	1357	-0.296066	-0.297204	0.00185491
1	1358	-0.301919	-0.297207	0.00185355
1	1359	-0.314066	-0.29722	0.00185222
1	1360	-0.317388	-0.297235	0.00185092
1	1361	-0.298948	-0.297236	0.00184956
1	1362	-0.227137	-0.297184	0.00184892
1	1363	-0.245688	-0.297147	0.00184795
1	1364	-0.314852	-0.29716	0.00184664
1	1365	-0.315081	-0.297173	0.00184533
1	1366	-0.32245	-0.297191	0.00184408
1	1367	-0.336197	-0.29722	0.00184295
1	1368	-0.336711	-0.297249	0.00184183
1	1369	-0.323255	-0.297268	0.00184058
1	1370	-0.300051	-0.29727	0.00183924
1	1371	-0.286153	-0.297262	0.00183791
1	1372	-0.295466	-0.29726	0.00183657
1	1373	-0.292505	-0.297257	0.00183524
1	1374	-0.280028	-0.297244	0.00183395
1	1375	-0.277014	-0.29723	0.00183267
1	1376	-0.288088	-0.297223	0.00183135
1	1377	-0.291597	-0.297219	0.00183003
1	1378	-0.227346	-0.297168	0.0018294
1	1379	-0.214225	-0.297108	0.00182906
1	1380	-0.283882	-0.297098	0.00182776
1	1381	-0.293115	-0.297095	0.00182644
1	1382	-0.292766	-0.297092	0.00182512
1	1383	-0.291004	-0.297088	0.00182381
1	1384	-0.277493	-0.297074	0.00182255
1	1385	-0.248187	-0.297038	0.00182157
1	1386	-0.241939	-0.296999	0.00182069
1	1387	-0.251718	-0.296966	0.00181967
1	1388	-0.264928	-0.296943	0.00181851
1	1389	-0.280821	-0.296931	0.00181723
1	1390	-0.280736	-0.29692	0.00181596
1	1391	-0.266234	-0.296898	0.00181479
1	1392	-0.262736	-0.296873	0.00181366
1	1393	-0.273494	-0.296856	0.00181243
1	1394	-0.277924	-0.296843	0.00181118
1	1395	-0.28341	-0.296833	0.00180991
1	1396	-0.288551	-0.296827	0.00180862
1	1397	-0.277874	-0.296814	0.00180738
1	1398	-0.256418	-0.296785	0.00180632
1	1399	-0.273893	-0.296768	0.0018051
1	1400	-0.297132	-0.296769	0.00180381
1	1401	-0.296489	-0.296768	0.00180252
1	1402	-0.276524	-0.296754	0.00180129
1	1403	-0.243645	-0.296716	0.00180041
1	1404	-0.269519	-0.296697	0.00179923
1	1405	-0.295343	-0.296696	0.00179795
1	1406	-0.302011	-0.2967	0.00179668
1	1407	-0.308218	-0.296708	0.00179542
1	1408	-0.314597	-0.296721	0.00179419
1	1409	-0.317932	-0.296736	0.00179298
1	1410	-0.319506	-0.296752	0.00179178
1	1411	-0.32201	-0.29677	0.0017906
1	1412	-0.326516	-0.296791	0.00178945
1	1413	-0.323697	-0.29681	0.00178829
1	1414	-0.285815	-0.296802	0.00178704
1	1415	-0.225736	-0.296752	0.00178648
1	1416	-0.235884	-0.296709	0.00178574
1	1417	-0.28236	-0.296699	0.00178451
1	1418	-0.311458	-0.296709	0.00178328
1	1419	-0.305041	-0.296715	0.00178203
1	1420	-0.248012	-0.296681	0.00178111
1	1421	-0.20748	-0.296618	0.00178096
1	1422	-0.275432	-0.296603	0.00177977
1	1423	-0.316508	-0.296617	0.00177857
1	1424	-0.319278	-0.296633	0.0017774
1	1425	-0.317618	-0.296648	0.00177621
1	1426	-0.320503	-0.296664	0.00177504
1	1427	-0.313928	-0.296676	0.00177384
1	1428	-0.293353	-0.296674	0.0017726
1	1429	-0.294474	-0.296673	0.00177136
1	1430	-0.301904	-0.296676	0.00177012
1	1431	-0.304398	-0.296682	0.0017689
1	1432	-0.308615	-0.29669	0.00176768
1	1433	-0.311359	-0.2967	0.00176648
1	1434	-0.310141	-0.29671	0.00176527
1	1435	-0.319205	-0.296725	0.00176411
1	1436	-0.339709	-0.296755	0.00176313
1	1437	-0.352411	-0.296794	0.00176233
1	1438	-0.356073	-0.296835	0.00176159
1	1439	-0.359344	-0.296879	0.0017609
1	1440	-0.36079	-0.296923	0.00176024
1	1441	-0.354586	-0.296963	0.00175947
1	1442	-0.343216	-0.296995	0.00175854
1	1443	-0.337432	-0.297023	0.00175755
1	1444	-0.328285	-0.297045	0.00175646
1	1445	-0.289629	-0.29704	0.00175525
1	1446	-0.288721	-0.297034	0.00175405
1	1447	-0.318061	-0.297048	0.0017529
1	1448	-0.333703	-0.297074	0.00175187
1	1449	-0.337631	-0.297102	0.00175089
1	1450	-0.32583	-0.297121	0.00174979
1	1451	-0.308803	-0.297129	0.0017486
1	1452	-0.317116	-0.297143	0.00174745
1	1453	-0.336725	-0.29717	0.00174646
1	1454	-0.347201	-0.297205	0.0017456
1	1455	-0.351657	-0.297242	0.0017448
1	1456	-0.355001	-0.297282	0.00174405
1	1457	-0.359057	-0.297324	0.00174337
1	1458	-0.363022	-0.297369	0.00174276
1	1459	-0.368468	-0.297418	0.00174225
1	1460	-0.379541	-0.297474	0.00174196
1	1461	-0.38036	-0.297531	0.00174169
1	1462	-0.34731	-0.297565	0.00174083
1	1463	-0.333329	-0.29759	0.00173981
1	1464	-0.369321	-0.297639	0.00173932
1	1465	-0.396832	-0.297706	0.00173945
1	1466	-0.389274	-0.297769	0.00173938
1	1467	-0.363298	-0.297813	0.00173877
1	1468	-0.357069	-0.297854	0.00173805
1	1469	-0.371943	-0.297904	0.0017376
1	1470	-0.380597	-0.297961	0.00173733
1	1471	-0.379338	-0.298016	0.00173703
1	1472	-0.374372	-0.298068	0.00173662
1	1473	-0.351079	-0.298104	0.00173582
1	1474	-0.323185	-0.298121	0.00173472
1	1475	-0.362469	-0.298164	0.00173409
1	1476	-0.384006	-0.298223	0.00173389
1	1477	-0.373169	-0.298273	0.00173346
1	1478	-0.355743	-0.298312	0.00173273
1	1479	-0.342135	-0.298342	0.00173181
1	1480	-0.320041	-0.298356	0.0017307
1	1481	-0.311376	-0.298365	0.00172955
1	1482	-0.329825	-0.298386	0.00172852
1	1483	-0.345989	-0.298419	0.00172765
1	1484	-0.349116	-0.298453	0.00172682
1	1485	-0.346093	-0.298485	0.00172596
1	1486	-0.349919	-0.298519	0.00172514
1	1487	-0.356424	-0.298558	0.00172442
1	1488	-0.363462	-0.298602	0.00172382
1	1489	-0.346896	-0.298634	0.00172296
1	1490	-0.29061	-0.298629	0.00172182
1	1491	-0.295552	-0.298627	0.00172066
1	1492	-0.309319	-0.298634	0.00171952
1	1493	-0.322462	-0.29865	0.00171845
1	1494	-0.334127	-0.298674	0.00171746
1	1495	-0.330886	-0.298695	0.00171645
1	1496	-0.322951	-0.298712	0.00171537
1	1497	-0.320116	-0.298726	0.00171429
1	1498	-0.323312	-0.298742	0.00171322
1	1499	-0.32746	-0.298761	0.00171219
1	1500	-0.33003	-0.298782	0.00171117
1	1501	-0.329192	-0.298803	0.00171015
1	1502	-0.319526	-0.298816	0.00170907
1	1503	-0.297241	-0.298815	0.00170793
1	1504	-0.280233	-0.298803	0.00170684
1	1505	-0.278877	-0.29879	0.00170576
1	1506	-0.224184	-0.29874	0.00170535
1	1507	-0.215974	-0.298685	0.0017051
1	1508	-0.279801	-0.298673	0.00170401
1	1509	-0.301466	-0.298675	0.00170289
1	1510	-0.309923	-0.298682	0.00170177
1	1511	-0.318779	-0.298695	0.0017007
1	1512	-0.322255	-0.298711	0.00169965
1	1513	-0.31548	-0.298722	0.00169856
1	1514	-0.300674	-0.298723	0.00169744
1	1515	-0.290021	-0.298718	0.00169633
1	1516	-0.294966	-0.298715	0.00169521
1	1517	-0.309752	-0.298722	0.00169411
1	1518	-0.320242	-0.298737	0.00169305
1	1519	-0.317591	-0.298749	0.00169198
1	1520	-0.301701	-0.298751	0.00169087
1	1521	-0.297475	-0.29875	0.00168976
1	1522	-0.295263	-0.298748	0.00168865
1	1523	-0.265201	-0.298726	0.00168768
1	1524	-0.30075	-0.298727	0.00168658
1	1525	-0.343115	-0.298756	0.00168572
1	1526	-0.338317	-0.298782	0.00168482
1	1527	-0.29359	-0.298779	0.00168372
1	1528	-0.274489	-0.298763	0.00168269
1	1529	-0.333691	-0.298786	0.00168175
1	1530	-0.353577	-0.298821	0.00168103
1	1531	-0.352598	-0.298857	0.0016803
1	1532	-0.351845	-0.298891	0.00167956
1	1533	-0.331192	-0.298912	0.00167859
1	1534	-0.27971	-0.2989	0.00167754
1	1535	-0.248505	-0.298867	0.00167677
1	1536	-0.291728	-0.298862	0.00167569
1	1537	-0.3328	-0.298884	0.00167474
1	1538	-0.33365	-0.298907	0.00167381
1	1539	-0.33444	-0.29893	0.00167288
1	1540	-0.340216	-0.298957	0.00167201
1	1541	-0.346963	-0.298988	0.00167121
1	1542	-0.349821	-0.299021	0.00167045
1	1543	-0.349504	-0.299054	0.00166969
1	1544	-0.338099	-0.299079	0.0016688
1	1545	-0.321077	-0.299093	0.00166778
1	1546	-0.317164	-0.299105	0.00166674
1	1547	-0.325184	-0.299122	0.00166575
1	1548	-0.334207	-0.299144	0.00166483
1	1549	-0.346302	-0.299175	0.00166403
1	1550	-0.357569	-0.299212	0.00166339
1	1551	-0.346556	-0.299243	0.00166259
1	1552	-0.328509	-0.299262	0.00166163
1	1553	-0.337572	-0.299287	0.00166074
1	1554	-0.336543	-0.299311	0.00165985
1	1555	-0.326722	-0.299328	0.00165887
1	1556	-0.32728	-0.299346	0.0016579
1	1557	-0.334633	-0.299369	0.00165699
1	1558	-0.345074	-0.299398	0.00165619
1	1559	-0.353749	-0.299433	0.00165549
1	1560	-0.354352	-0.299468	0.00165481
1	1561	-0.339392	-0.299494	0.00165395
1	1562	-0.344475	-0.299523	0.00165314
1	1563	-0.371254	-0.299568	0.00165272
1	1564	-0.370553	-0.299614	0.00165228
1	1565	-0.336568	-0.299637	0.0016514
1	1566	-0.291085	-0.299632	0.00165035
1	1567	-0.281251	-0.29962	0.00164934
1	1568	-0.268832	-0.299601	0.0016484
1	1569	-0.277203	-0.299586	0.00164742
1	1570	-0.324458	-0.299602	0.00164644
1	1571	-0.339863	-0.299628	0.00164559
1	1572	-0.359654	-0.299666	0.00164499
1	1573	-0.3808	-0.299718	0.00164475
1	1574	-0.385694	-0.299772	0.00164461
1	1575	-0.382145	-0.299824	0.0016444
1	1576	-0.376944	-0.299873	0.00164409
1	1577	-0.375033	-0.299921	0.00164373
1	1578	-0.379534	-0.299972	0.00164347
1	1579	-0.386239	-0.300026	0.00164333
1	1580	-0.389453	-0.300083	0.00164327
1	1581	-0.383054	-0.300135	0.00164307
1	1582	-0.347856	-0.300165	0.0016423
1	1583	-0.319226	-0.300177	0.00164131
1	1584	-0.36553	-0.300219	0.00164079
1	1585	-0.415565	-0.300291	0.00164137
1	1586	-0.423414	-0.300369	0.00164217
1	1587	-0.36829	-0.300412	0.00164169
1	1588	-0.377524	-0.30046	0.00164138
1	1589	-0.423972	-0.300538	0.00164218
1	1590	-0.440977	-0.300627	0.00164353
1	1591	-0.442261	-0.300716	0.0016449
1	1592	-0.43736	-0.300801	0.00164611
1	1593	-0.432487	-0.300884	0.00164715
1	1594	-0.431318	-0.300966	0.00164815
1	1595	-0.428067	-0.301046	0.00164904
1	1596	-0.418537	-0.301119	0.00164965
1	1597	-0.410246	-0.301188	0.00165003
1	1598	-0.410783	-0.301256	0.00165042
1	1599	-0.412703	-0.301326	0.00165086
1	1600	-0.398039	-0.301386	0.00165093
1	1601	-0.375735	-0.301433	0.00165056
1	1602	-0.379796	-0.301482	0.00165025
1	1603	-0.394281	-0.301539	0.00165024
1	1604	-0.390556	-0.301595	0.00165014
1	1605	-0.362163	-0.301633	0.00164954
1	1606	-0.330265	-0.301651	0.00164861
1	1607	-0.338692	-0.301674	0.00164775
1	1608	-0.36296	-0.301712	0.00164716
1	1609	-0.368346	-0.301753	0.00164666
1	1610	-0.353369	-0.301785	0.00164595
1	1611	-0.334756	-0.301806	0.00164505
1	1612	-0.334827	-0.301826	0.00164416
1	1613	-0.345725	-0.301853	0.00164337
1	1614	-0.342744	-0.301879	0.00164254
1	1615	-0.300162	-0.301878	0.00164153
1	1616	-0.238315	-0.301838	0.00164098
1	1617	-0.268232	-0.301818	0.0016401
1	1618	-0.312061	-0.301824	0.0016391
1	1619	-0.288672	-0.301816	0.00163811
1	1620	-0.258011	-0.301789	0.00163732
1	1621	-0.27077	-0.30177	0.00163642
1	1622	-0.299332	-0.301768	0.00163541
1	1623	-0.313848	-0.301775	0.00163442
1	1624	-0.310278	-0.301781	0.00163342
1	1625	-0.283518	-0.301769	0.00163246
1	1626	-0.256213	-0.301741	0.00163169
1	1627	-0.283757	-0.30173	0.00163073
1	1628	-0.28649	-0.301721	0.00162975
1	1629	-0.226706	-0.301675	0.0016294
1	1630	-0.201979	-0.301614	0.00162955
1	1631	-0.253751	-0.301584	0.00162882
1	1632	-0.272994	-0.301567	0.00162791
1	1633	-0.285074	-0.301557	0.00162695
1	1634	-0.295977	-0.301553	0.00162595
1	1635	-0.306816	-0.301557	0.00162496
1	1636	-0.315965	-0.301565	0.00162399
1	1637	-0.31895	-0.301576	0.00162304
1	1638	-0.309484	-0.301581	0.00162205
1	1639	-0.28582	-0.301571	0.00162109
1	1640	-0.240267	-0.301534	0.00162053
1	1641	-0.216815	-0.301482	0.00162037
1	1642	-0.260055	-0.301457	0.00161958
1	1643	-0.296362	-0.301454	0.0016186
1	1644	-0.311307	-0.30146	0.00161762
1	1645	-0.31377	-0.301467	0.00161666
1	1646	-0.307951	-0.301471	0.00161568
1	1647	-0.284231	-0.301461	0.00161473
1	1648	-0.25305	-0.301432	0.00161402
1	1649	-0.276393	-0.301416	0.00161311
1	1650	-0.29523	-0.301413	0.00161214
1	1651	-0.285164	-0.301403	0.00161119
1	1652	-0.281753	-0.301391	0.00161026
1	1653	-0.294605	-0.301387	0.00160929
1	1654	-0.302446	-0.301387	0.00160832
1	1655	-0.311378	-0.301393	0.00160736
1	1656	-0.323009	-0.301407	0.00160644
1	1657	-0.32584	-0.301421	0.00160554
1	1658	-0.317271	-0.301431	0.0016046
1	1659	-0.300261	-0.30143	0.00160363
1	1660	-0.294892	-0.301426	0.00160267
1	1661	-0.315244	-0.301434	0.00160173
1	1662	-0.338844	-0.301457	0.00160092
1	1663	-0.354293	-0.301489	0.00160027
1	1664	-0.365715	-0.301527	0.00159978
1	1665	-0.378086	-0.301573	0.00159948
1	1666	-0.386314	-0.301624	0.00159933
1	1667	-0.374427	-0.301668	0.00159896
1	1668	-0.33447	-0.301688	0.00159813
1	1669	-0.31819	-0.301697	0.0015972
1	1670	-0.330105	-0.301714	0.00159633
1	1671	-0.303646	-0.301716	0.00159538
1	1672	-0.303121	-0.301716	0.00159442
1	1673	-0.333596	-0.301735	0.00159358
1	1674	-0.368373	-0.301775	0.00159313
1	1675	-0.375907	-0.30182	0.00159279
1	1676	-0.3625	-0.301856	0.00159225
1	1677	-0.348129	-0.301883	0.00159154
1	1678	-0.354654	-0.301915	0.00159091
1	1679	-0.368308	-0.301954	0.00159045
1	1680	-0.363684	-0.301991	0.00158993
1	1681	-0.356692	-0.302024	0.00158931
1	1682	-0.362466	-0.30206	0.00158878
1	1683	-0.362675	-0.302096	0.00158824
1	1684	-0.340468	-0.302118	0.00158746
1	1685	-0.298867	-0.302116	0.00158652
1	1686	-0.275193	-0.3021	0.00158566
1	1687	-0.295718	-0.302097	0.00158472
1	1688	-0.34582	-0.302123	0.001584
1	1689	-0.36976	-0.302163	0.00158356
1	1690	-0.357142	-0.302195	0.00158296
1	1691	-0.313234	-0.302202	0.00158204
1	1692	-0.286674	-0.302193	0.00158113
1	1693	-0.324109	-0.302205	0.00158025
1	1694	-0.356374	-0.302237	0.00157964
1	1695	-0.366493	-0.302275	0.00157916
1	1696	-0.364433	-0.302312	0.00157866
1	1697	-0.349683	-0.30234	0.00157797
1	1698	-0.341246	-0.302363	0.00157721
1	1699	-0.353201	-0.302393	0.00157657
1	1700	-0.367182	-0.302431	0.0015761
1	1701	-0.371433	-0.302471	0.0015757
1	1702	-0.346419	-0.302497	0.00157498
1	1703	-0.290652	-0.30249	0.00157407
1	1704	-0.252852	-0.302461	0.00157342
1	1705	-0.297003	-0.302458	0.0015725
1	1706	-0.345417	-0.302483	0.00157178
1	1707	-0.354548	-0.302514	0.00157115
1	1708	-0.347116	-0.30254	0.00157045
1	1709	-0.32838	-0.302555	0.0015696
1	1710	-0.302147	-0.302555	0.00156869
1	1711	-0.300764	-0.302554	0.00156777
1	1712	-0.306728	-0.302556	0.00156686
1	1713	-0.286538	-0.302547	0.00156597
1	1714	-0.279581	-0.302533	0.00156511
1	1715	-0.301314	-0.302533	0.0015642
1	1716	-0.310345	-0.302537	0.00156329
1	1717	-0.303406	-0.302538	0.00156238
1	1718	-0.291176	-0.302531	0.00156149
1	1719	-0.287265	-0.302522	0.00156061
1	1720	-0.284273	-0.302512	0.00155973
1	1721	-0.280731	-0.302499	0.00155888
1	1722	-0.287804	-0.30249	0.001558
1	1723	-0.285047	-0.30248	0.00155713
1	1724	-0.27398	-0.302464	0.00155631
1	1725	-0.277606	-0.302449	0.00155548
1	1726	-0.274624	-0.302433	0.00155466
1	1727	-0.256549	-0.302407	0.00155398
1	1728	-0.248855	-0.302376	0.00155339
1	1729	-0.259228	-0.302351	0.0015527
1	1730	-0.268329	-0.302331	0.00155192
1	1731	-0.272116	-0.302314	0.00155113
1	1732	-0.273936	-0.302297	0.00155032
1	1733	-0.274745	-0.302281	0.0015495
1	1734	-0.271899	-0.302264	0.00154871
1	1735	-0.261109	-0.30224	0.001548
1	1736	-0.246525	-0.302208	0.00154744
1	1737	-0.246442	-0.302176	0.00154688
1	1738	-0.260112	-0.302152	0.00154618
1	1739	-0.272062	-0.302134	0.00154539
1	1740	-0.279695	-0.302121	0.00154455
1	1741	-0.284836	-0.302111	0.0015437
1	1742	-0.285745	-0.302102	0.00154284
1	1743	-0.276788	-0.302088	0.00154202
1	1744	-0.260723	-0.302064	0.00154132
1	1745	-0.249578	-0.302034	0.00154073
1	1746	-0.241366	-0.301999	0.00154024
1	1747	-0.2439	-0.301966	0.00153972
1	1748	-0.255799	-0.301939	0.00153906
1	1749	-0.275102	-0.301924	0.00153826
1	1750	-0.293807	-0.301919	0.00153739
1	1751	-0.30231	-0.30192	0.00153651
1	1752	-0.302919	-0.30192	0.00153563
1	1753	-0.300303	-0.301919	0.00153476
1	1754	-0.294808	-0.301915	0.00153389
1	1755	-0.281525	-0.301904	0.00153306
1	1756	-0.270459	-0.301886	0.00153229
1	1757	-0.283042	-0.301875	0.00153146
1	1758	-0.285238	-0.301865	0.00153061
1	1759	-0.254306	-0.301838	0.00152998
1	1760	-0.232396	-0.301799	0.00152962
1	1761	-0.255757	-0.301773	0.00152898
1	1762	-0.286765	-0.301764	0.00152813
1	1763	-0.300699	-0.301764	0.00152727
1	1764	-0.303398	-0.301765	0.0015264
1	1765	-0.301063	-0.301764	0.00152554
1	1766	-0.29286	-0.301759	0.00152468
1	1767	-0.288795	-0.301752	0.00152383
1	1768	-0.289023	-0.301745	0.00152299
1	1769	-0.290588	-0.301738	0.00152214
1	1770	-0.291795	-0.301733	0.00152129
1	1771	-0.275864	-0.301718	0.0015205
1	1772	-0.269545	-0.3017	0.00151975
1	1773	-0.29237	-0.301695	0.00151891
1	1774	-0.29988	-0.301694	0.00151805
1	1775	-0.297498	-0.301691	0.0015172
1	1776	-0.305774	-0.301694	0.00151634
1	1777	-0.316702	-0.301702	0.00151551
1	1778	-0.321643	-0.301713	0.0015147
1	1779	-0.315149	-0.301721	0.00151387
1	1780	-0.310745	-0.301726	0.00151303
1	1781	-0.319266	-0.301736	0.00151221
1	1782	-0.32993	-0.301752	0.00151145
1	1783	-0.321722	-0.301763	0.00151064
1	1784	-0.285739	-0.301754	0.00150982
1	1785	-0.226719	-0.301712	0.00150956
1	1786	-0.191687	-0.30165	0.00150997
1	1787	-0.293848	-0.301646	0.00150913
1	1788	-0.311925	-0.301652	0.0015083
1	1789	-0.283185	-0.301641	0.00150749
1	1790	-0.316403	-0.301649	0.00150667
1	1791	-0.322411	-0.301661	0.00150587
1	1792	-0.267501	-0.301642	0.00150515
1	1793	-0.246621	-0.301611	0.00150463
1	1794	-0.28213	-0.3016	0.00150383
1	1795	-0.31174	-0.301606	0.001503
1	1796	-0.33351	-0.301624	0.00150227
1	1797	-0.343014	-0.301647	0.00150161
1	1798	-0.34103	-0.301669	0.00150093
1	1799	-0.330564	-0.301685	0.00150019
1	1800	-0.318505	-0.301694	0.00149938
1	1801	-0.323832	-0.301706	0.0014986
1	1802	-0.330384	-0.301722	0.00149785
1	1803	-0.318417	-0.301732	0.00149705
1	1804	-0.321076	-0.301742	0.00149626
1	1805	-0.34183	-0.301765	0.00149559
1	1806	-0.353393	-0.301793	0.00149504
1	1807	-0.355164	-0.301823	0.0014945
1	1808	-0.342217	-0.301845	0.00149384
1	1809	-0.2937	-0.301841	0.00149303
1	1810	-0.215304	-0.301793	0.00149297
1	1811	-0.2423	-0.30176	0.0014925
1	1812	-0.302604	-0.30176	0.00149168
1	1813	-0.317243	-0.301769	0.00149088
1	1814	-0.312453	-0.301775	0.00149007
1	1815	-0.314046	-0.301782	0.00148926
1	1816	-0.31633	-0.30179	0.00148847
1	1817	-0.298002	-0.301787	0.00148765
1	1818	-0.272551	-0.301771	0.00148692
1	1819	-0.270648	-0.301754	0.0014862
1	1820	-0.268444	-0.301736	0.00148549
1	1821	-0.26346	-0.301715	0.00148483
1	1822	-0.294266	-0.301711	0.00148402
1	1823	-0.321753	-0.301722	0.00148324
1	1824	-0.324122	-0.301734	0.00148248
1	1825	-0.306942	-0.301737	0.00148167
1	1826	-0.277576	-0.301724	0.00148092
1	1827	-0.277649	-0.301711	0.00148017
1	1828	-0.309348	-0.301715	0.00147936
1	1829	-0.325022	-0.301728	0.00147861
1	1830	-0.293243	-0.301723	0.00147781
1	1831	-0.266136	-0.301703	0.00147713
1	1832	-0.312887	-0.30171	0.00147634
1	1833	-0.331584	-0.301726	0.00147562
1	1834	-0.31612	-0.301734	0.00147484
1	1835	-0.267054	-0.301715	0.00147415
1	1836	-0.275341	-0.3017	0.00147342
1	1837	-0.342118	-0.301722	0.00147278
1	1838	-0.391531	-0.301771	0.00147279
1	1839	-0.389916	-0.301819	0.00147277
1	1840	-0.313362	-0.301825	0.00147198
1	1841	-0.277873	-0.301812	0.00147124
1	1842	-0.324524	-0.301825	0.0014705
1	1843	-0.352951	-0.301853	0.00146996
1	1844	-0.35537	-0.301882	0.00146945
1	1845	-0.335444	-0.3019	0.00146877
1	1846	-0.343609	-0.301922	0.00146814
1	1847	-0.36368	-0.301956	0.00146773
1	1848	-0.375413	-0.301996	0.00146747
1	1849	-0.380963	-0.302038	0.0014673
1	1850	-0.371236	-0.302076	0.00146698
1	1851	-0.337097	-0.302095	0.00146631
1	1852	-0.280988	-0.302083	0.00146557
1	1853	-0.278111	-0.30207	0.00146483
1	1854	-0.32213	-0.302081	0.00146408
1	1855	-0.357736	-0.302111	0.0014636
1	1856	-0.36856	-0.302147	0.00146325
1	1857	-0.365527	-0.302181	0.00146286
1	1858	-0.354813	-0.302209	0.00146235
1	1859	-0.337401	-0.302228	0.00146168
1	1860	-0.326257	-0.302241	0.00146095
1	1861	-0.334611	-0.302259	0.00146027
1	1862	-0.331719	-0.302274	0.00145957
1	1863	-0.307939	-0.302277	0.00145879
1	1864	-0.322412	-0.302288	0.00145805
1	1865	-0.320585	-0.302298	0.0014573
1	1866	-0.269784	-0.302281	0.00145663
1	1867	-0.253142	-0.302254	0.00145608
1	1868	-0.295129	-0.30225	0.00145531
1	1869	-0.322428	-0.302261	0.00145457
1	1870	-0.328625	-0.302275	0.00145386
1	1871	-0.338982	-0.302295	0.00145322
1	1872	-0.348178	-0.30232	0.00145265
1	1873	-0.349194	-0.302345	0.00145209
1	1874	-0.344006	-0.302367	0.00145148
1	1875	-0.330971	-0.302382	0.00145079
1	1876	-0.308642	-0.302385	0.00145002
1	1877	-0.290679	-0.302379	0.00144926
1	1878	-0.294836	-0.302375	0.00144849
1	1879	-0.310273	-0.302379	0.00144773
1	1880	-0.321789	-0.30239	0.00144699
1	1881	-0.328008	-0.302403	0.00144629
1	1882	-0.326633	-0.302416	0.00144558
1	1883	-0.307467	-0.302419	0.00144481
1	1884	-0.274726	-0.302404	0.00144412
1	1885	-0.290727	-0.302398	0.00144337
1	1886	-0.321446	-0.302408	0.00144264
1	1887	-0.334687	-0.302425	0.00144197
1	1888	-0.340332	-0.302445	0.00144135
1	1889	-0.340013	-0.302465	0.00144072
1	1890	-0.328234	-0.302479	0.00144003
1	1891	-0.302962	-0.302479	0.00143927
1	1892	-0.27743	-0.302466	0.00143857
1	1893	-0.271078	-0.302449	0.0014379
1	1894	-0.28864	-0.302442	0.00143716
1	1895	-0.315733	-0.302449	0.00143642
1	1896	-0.333275	-0.302465	0.00143575
1	1897	-0.33077	-0.30248	0.00143507
1	1898	-0.305562	-0.302482	0.00143432
1	1899	-0.255559	-0.302457	0.00143378
1	1900	-0.268092	-0.302439	0.00143314
1	1901	-0.311752	-0.302444	0.00143239
1	1902	-0.304258	-0.302445	0.00143164
1	1903	-0.285404	-0.302436	0.00143091
1	1904	-0.294621	-0.302432	0.00143017
1	1905	-0.319463	-0.302441	0.00142945
1	1906	-0.340044	-0.30246	0.00142883
1	1907	-0.333798	-0.302477	0.00142818
1	1908	-0.292629	-0.302472	0.00142744
1	1909	-0.27528	-0.302457	0.00142676
1	1910	-0.29356	-0.302453	0.00142602
1	1911	-0.323965	-0.302464	0.00142532
1	1912	-0.327662	-0.302477	0.00142464
1	1913	-0.329889	-0.302491	0.00142396
1	1914	-0.326122	-0.302504	0.00142327
1	1915	-0.30519	-0.302505	0.00142253
1	1916	-0.281629	-0.302494	0.00142183
1	1917	-0.296308	-0.302491	0.00142109
1	1918	-0.326956	-0.302504	0.00142041
1	1919	-0.333644	-0.30252	0.00141976
1	1920	-0.309008	-0.302523	0.00141902
1	1921	-0.277429	-0.30251	0.00141835
1	1922	-0.287291	-0.302502	0.00141763
1	1923	-0.309895	-0.302506	0.0014169
1	1924	-0.319224	-0.302515	0.00141619
1	1925	-0.295718	-0.302511	0.00141546
1	1926	-0.25598	-0.302487	0.00141493
1	1927	-0.25938	-0.302465	0.00141437
1	1928	-0.275551	-0.302451	0.00141371
1	1929	-0.281028	-0.30244	0.00141302
1	1930	-0.299971	-0.302439	0.00141228
1	1931	-0.305232	-0.30244	0.00141155
1	1932	-0.230692	-0.302403	0.00141131
1	1933	-0.225606	-0.302363	0.00141114
1	1934	-0.232092	-0.302327	0.00141088
1	1935	-0.200495	-0.302274	0.00141113
1	1936	-0.234022	-0.302239	0.00141084
1	1937	-0.246207	-0.30221	0.00141041
1	1938	-0.247359	-0.302182	0.00140997
1	1939	-0.269869	-0.302165	0.00140934
1	1940	-0.289272	-0.302158	0.00140863
1	1941	-0.295477	-0.302155	0.00140791
1	1942	-0.29485	-0.302151	0.00140719
1	1943	-0.289816	-0.302145	0.00140648
1	1944	-0.2796	-0.302133	0.0014058
1	1945	-0.270829	-0.302117	0.00140517
1	1946	-0.271883	-0.302102	0.00140453
1	1947	-0.269042	-0.302085	0.00140391
1	1948	-0.252124	-0.302059	0.00140343
1	1949	-0.236663	-0.302025	0.00140311
1	1950	-0.227082	-0.301987	0.00140292
1	1951	-0.213999	-0.301942	0.00140292
1	1952	-0.238377	-0.301909	0.00140258
1	1953	-0.246733	-0.301881	0.00140215
1	1954	-0.223807	-0.301841	0.001402
1	1955	-0.22568	-0.301802	0.00140182
1	1956	-0.268547	-0.301785	0.00140121
1	1957	-0.286286	-0.301777	0.00140052
1	1958	-0.254695	-0.301753	0.00140001
1	1959	-0.190048	-0.301696	0.00140045
1	1960	-0.184406	-0.301636	0.00140102
1	1961	-0.247103	-0.301609	0.00140058
1	1962	-0.265657	-0.30159	0.00139998
1	1963	-0.256315	-0.301567	0.00139946
1	1964	-0.235558	-0.301534	0.00139915
1	1965	-0.236958	-0.301501	0.00139883
1	1966	-0.277976	-0.301489	0.00139817
1	1967	-0.28176	-0.301479	0.00139749
1	1968	-0.244661	-0.30145	0.00139708
1	1969	-0.237117	-0.301417	0.00139675
1	1970	-0.25274	-0.301392	0.00139626
1	1971	-0.262356	-0.301373	0.00139569
1	1972	-0.269513	-0.301357	0.00139508
1	1973	-0.246994	-0.301329	0.00139464
1	1974	-0.231003	-0.301293	0.00139439
1	1975	-0.26979	-0.301277	0.00139378
1	1976	-0.306896	-0.30128	0.00139307
1	1977	-0.316705	-0.301288	0.00139239
1	1978	-0.311477	-0.301293	0.0013917
1	1979	-0.290972	-0.301288	0.001391
1	1980	-0.247919	-0.301261	0.00139056
1	1981	-0.205889	-0.301213	0.00139069
1	1982	-0.192665	-0.301158	0.00139107
1	1983	-0.226709	-0.301121	0.00139087
1	1984	-0.251742	-0.301096	0.0013904
1	1985	-0.274154	-0.301082	0.00138976
1	1986	-0.297467	-0.30108	0.00138906
1	1987	-0.307642	-0.301084	0.00138837
1	1988	-0.301622	-0.301084	0.00138767
1	1989	-0.273868	-0.30107	0.00138704
1	1990	-0.245119	-0.301042	0.00138663
1	1991	-0.246611	-0.301015	0.0013862
1	1992	-0.263159	-0.300996	0.00138564
1	1993	-0.269403	-0.30098	0.00138503
1	1994	-0.239484	-0.300949	0.00138468
1	1995	-0.248891	-0.300923	0.00138423
1	1996	-0.292838	-0.300919	0.00138354
1	1997	-0.303667	-0.30092	0.00138285
1	1998	-0.298611	-0.300919	0.00138216
1	1999	-0.293396	-0.300915	0.00138147
1	2000	-0.28282	-0.300906	0.00138081
1	2001	-0.244863	-0.300878	0.00138041
1	2002	-0.208076	-0.300832	0.00138049
1	2003	-0.266133	-0.300815	0.00137991
1	2004	-0.298239	-0.300813	0.00137923
1	2005	-0.296481	-0.300811	0.00137854
1	2006	-0.282603	-0.300802	0.00137788
1	2007	-0.254673	-0.300779	0.00137739
1	2008	-0.239691	-0.300749	0.00137704
1	2009	-0.26651	-0.300732	0.00137646
1	2010	-0.280327	-0.300721	0.00137581
1	2011	-0.275656	-0.300709	0.00137518
1	2012	-0.270091	-0.300694	0.00137458
1	2013	-0.270084	-0.300679	0.00137398
1	2014	-0.288266	-0.300672	0.00137332
1	2015	-0.305365	-0.300675	0.00137264
1	2016	-0.296193	-0.300673	0.00137196
1	2017	-0.281154	-0.300663	0.00137131
1	2018	-0.293021	-0.300659	0.00137064
1	2019	-0.304284	-0.300661	0.00136996
1	2020	-0.318755	-0.30067	0.00136931
1	2021	-0.32321	-0.300681	0.00136868
1	2022	-0.30155	-0.300681	0.001368
1	2023	-0.268765	-0.300666	0.00136742
1	2024	-0.259271	-0.300645	0.00136689
1	2025	-0.245892	-0.300618	0.00136649
1	2026	-0.261605	-0.300599	0.00136595
1	2027	-0.290903	-0.300594	0.00136528
1	2028	-0.304053	-0.300596	0.00136461
1	2029	-0.306322	-0.300599	0.00136394
1	2030	-0.30248	-0.3006	0.00136327
1	2031	-0.297492	-0.300598	0.0013626
1	2032	-0.294574	-0.300595	0.00136193
1	2033	-0.289954	-0.30059	0.00136127
1	2034	-0.277815	-0.300579	0.00136065
1	2035	-0.271362	-0.300564	0.00136006
1	2036	-0.294685	-0.300561	0.00135939
1	2037	-0.320734	-0.300571	0.00135876
1	2038	-0.320069	-0.300581	0.00135813
1	2039	-0.297696	-0.300579	0.00135746
1	2040	-0.263918	-0.300561	0.00135691
1	2041	-0.241736	-0.300533	0.00135656
1	2042	-0.308689	-0.300537	0.0013559
1	2043	-0.349845	-0.300561	0.00135545
1	2044	-0.357666	-0.300589	0.00135507
1	2045	-0.353769	-0.300615	0.00135466
1	2046	-0.33973	-0.300634	0.00135413
1	2047	-0.32955	-0.300648	0.00135354
1	2048	-0.323952	-0.300659	0.00135293
1	2049	-0.310446	-0.300664	0.00135228
1	2050	-0.302307	-0.300665	0.00135162
1	2051	-0.28774	-0.300659	0.00135098
1	2052	-0.27522	-0.300646	0.00135037
1	2053	-0.318214	-0.300655	0.00134974
1	2054	-0.36216	-0.300685	0.00134942
1	2055	-0.359785	-0.300713	0.00134907
1	2056	-0.332069	-0.300729	0.0013485
1	2057	-0.320691	-0.300738	0.00134788
1	2058	-0.343845	-0.300759	0.00134739
1	2059	-0.357331	-0.300787	0.00134701
1	2060	-0.354136	-0.300813	0.00134661
1	2061	-0.347694	-0.300835	0.00134615
1	2062	-0.34389	-0.300856	0.00134565
1	2063	-0.342022	-0.300876	0.00134515
1	2064	-0.337579	-0.300894	0.00134462
1	2065	-0.335552	-0.300911	0.00134407
1	2066	-0.334865	-0.300927	0.00134352
1	2067	-0.308378	-0.300931	0.00134287
1	2068	-0.251398	-0.300907	0.00134244
1	2069	-0.257135	-0.300886	0.00134196
1	2070	-0.297459	-0.300884	0.00134131
1	2071	-0.321149	-0.300894	0.0013407
1	2072	-0.331928	-0.300909	0.00134013
1	2073	-0.330185	-0.300923	0.00133956
1	2074	-0.321972	-0.300933	0.00133895
1	2075	-0.309824	-0.300937	0.00133832
1	2076	-0.293384	-0.300934	0.00133768
1	2077	-0.275816	-0.300922	0.00133709
1	2078	-0.261496	-0.300903	0.00133658
1	2079	-0.259072	-0.300883	0.00133609
1	2080	-0.278067	-0.300872	0.00133549
1	2081	-0.292902	-0.300868	0.00133485
1	2082	-0.295288	-0.300865	0.00133421
1	2083	-0.296761	-0.300863	0.00133358
1	2084	-0.296109	-0.300861	0.00133294
1	2085	-0.297653	-0.300859	0.0013323
1	2086	-0.304245	-0.300861	0.00133166
1	2087	-0.316973	-0.300869	0.00133105
1	2088	-0.328154	-0.300882	0.00133047
1	2089	-0.337718	-0.300899	0.00132995
1	2090	-0.344091	-0.30092	0.00132948
1	2091	-0.341533	-0.30094	0.00132898
1	2092	-0.307785	-0.300943	0.00132835
1	2093	-0.27057	-0.300928	0.0013278
1	2094	-0.299795	-0.300928	0.00132716
1	2095	-0.296048	-0.300925	0.00132653
1	2096	-0.290047	-0.30092	0.00132591
1	2097	-0.281567	-0.300911	0.00132531
1	2098	-0.294161	-0.300908	0.00132468
1	2099	-0.322337	-0.300918	0.00132409
1	2100	-0.335688	-0.300935	0.00132356
1	2101	-0.329449	-0.300948	0.001323
1	2102	-0.306427	-0.300951	0.00132237
1	2103	-0.285865	-0.300944	0.00132176
1	2104	-0.29588	-0.300941	0.00132114
1	2105	-0.316496	-0.300949	0.00132053
1	2106	-0.324139	-0.30096	0.00131995
1	2107	-0.322857	-0.30097	0.00131936
1	2108	-0.318984	-0.300978	0.00131877
1	2109	-0.312658	-0.300984	0.00131815
1	2110	-0.294341	-0.300981	0.00131753
1	2111	-0.268811	-0.300966	0.001317
1	2112	-0.274651	-0.300953	0.00131643
1	2113	-0.287171	-0.300947	0.00131582
1	2114	-0.307309	-0.30095	0.00131521
1	2115	-0.329381	-0.300963	0.00131465
1	2116	-0.337096	-0.30098	0.00131414
1	2117	-0.335234	-0.300996	0.00131362
1	2118	-0.32755	-0.301009	0.00131306
1	2119	-0.313093	-0.301015	0.00131245
1	2120	-0.299701	-0.301014	0.00131183
1	2121	-0.302288	-0.301015	0.00131122
1	2122	-0.31944	-0.301023	0.00131063
1	2123	-0.344609	-0.301044	0.00131017
1	2124	-0.357549	-0.30107	0.00130982
1	2125	-0.33168	-0.301085	0.00130929
1	2126	-0.298136	-0.301083	0.00130867
1	2127	-0.303079	-0.301084	0.00130806
1	2128	-0.301981	-0.301085	0.00130744
1	2129	-0.293774	-0.301081	0.00130683
1	2130	-0.28747	-0.301075	0.00130623
1	2131	-0.297296	-0.301073	0.00130562
1	2132	-0.277659	-0.301062	0.00130506
1	2133	-0.281187	-0.301053	0.00130448
1	2134	-0.343559	-0.301073	0.00130402
1	2135	-0.376004	-0.301108	0.00130388
1	2136	-0.35298	-0.301132	0.0013035
1	2137	-0.262083	-0.301114	0.00130301
1	2138	-0.328769	-0.301127	0.00130247
1	2139	-0.352807	-0.301151	0.00130208
1	2140	-0.330278	-0.301165	0.00130155
1	2141	-0.304278	-0.301166	0.00130094
1	2142	-0.296952	-0.301164	0.00130033
1	2143	-0.309158	-0.301168	0.00129973
1	2144	-0.323933	-0.301178	0.00129917
1	2145	-0.334175	-0.301194	0.00129865
1	2146	-0.339801	-0.301212	0.00129817
1	2147	-0.341276	-0.30123	0.0012977
1	2148	-0.336026	-0.301247	0.0012972
1	2149	-0.316822	-0.301254	0.00129662
1	2150	-0.284513	-0.301246	0.00129604
1	2151	-0.269596	-0.301231	0.00129552
1	2152	-0.269767	-0.301217	0.001295
1	2153	-0.258916	-0.301197	0.00129455
1	2154	-0.259281	-0.301178	0.00129409
1	2155	-0.284052	-0.30117	0.00129351
1	2156	-0.312944	-0.301175	0.00129293
1	2157	-0.326696	-0.301187	0.00129238
1	2158	-0.324491	-0.301198	0.00129183
1	2159	-0.311197	-0.301202	0.00129124
1	2160	-0.294446	-0.301199	0.00129064
1	2161	-0.297209	-0.301198	0.00129005
1	2162	-0.305341	-0.301199	0.00128945
1	2163	-0.295634	-0.301197	0.00128886
1	2164	-0.295452	-0.301194	0.00128827
1	2165	-0.293143	-0.30119	0.00128768
1	2166	-0.292864	-0.301187	0.00128709
1	2167	-0.314269	-0.301193	0.00128651
1	2168	-0.33121	-0.301207	0.00128599
1	2169	-0.315275	-0.301213	0.00128541
1	2170	-0.268867	-0.301198	0.00128491
1	2171	-0.262312	-0.30118	0.00128444
1	2172	-0.268342	-0.301165	0.00128394
1	2173	-0.249908	-0.301141	0.00128356
1	2174	-0.27076	-0.301127	0.00128305
1	2175	-0.319325	-0.301136	0.00128249
1	2176	-0.339602	-0.301154	0.00128202
1	2177	-0.335728	-0.301169	0.00128153
1	2178	-0.320295	-0.301178	0.00128097
1	2179	-0.301376	-0.301178	0.00128038
1	2180	-0.28173	-0.301169	0.00127983
1	2181	-0.284281	-0.301162	0.00127926
1	2182	-0.297455	-0.30116	0.00127868
1	2183	-0.308236	-0.301163	0.00127809
1	2184	-0.317967	-0.301171	0.00127753
1	2185	-0.324028	-0.301181	0.00127699
1	2186	-0.323881	-0.301192	0.00127645
1	2187	-0.312902	-0.301197	0.00127588
1	2188	-0.283021	-0.301189	0.00127532
1	2189	-0.265888	-0.301173	0.00127484
1	2190	-0.289185	-0.301167	0.00127427
1	2191	-0.290321	-0.301162	0.0012737
1	2192	-0.277553	-0.301151	0.00127316
1	2193	-0.288935	-0.301146	0.00127259
1	2194	-0.31288	-0.301151	0.00127202
1	2195	-0.328454	-0.301164	0.00127151
1	2196	-0.333472	-0.301178	0.00127101
1	2197	-0.314542	-0.301184	0.00127045
1	2198	-0.260289	-0.301166	0.00127001
1	2199	-0.255871	-0.301145	0.0012696
1	2200	-0.30136	-0.301145	0.00126902
1	2201	-0.344288	-0.301165	0.00126859
1	2202	-0.348511	-0.301186	0.0012682
1	2203	-0.306859	-0.301189	0.00126763
1	2204	-0.333144	-0.301204	0.00126713
1	2205	-0.331396	-0.301217	0.00126663
1	2206	-0.296424	-0.301215	0.00126606
1	2207	-0.311001	-0.301219	0.0012655
1	2208	-0.357681	-0.301245	0.00126518
1	2209	-0.390584	-0.301285	0.00126525
1	2210	-0.402774	-0.301331	0.00126552
1	2211	-0.399131	-0.301376	0.00126572
1	2212	-0.39068	-0.301416	0.00126579
1	2213	-0.39088	-0.301456	0.00126586
1	2214	-0.394129	-0.301498	0.00126598
1	2215	-0.392165	-0.301539	0.00126607
1	2216	-0.391972	-0.30158	0.00126616
1	2217	-0.401252	-0.301625	0.00126638
1	2218	-0.412945	-0.301675	0.00126681
1	2219	-0.42135	-0.301729	0.00126738
1	2220	-0.423372	-0.301784	0.001268
1	2221	-0.41788	-0.301836	0.0012685
1	2222	-0.415733	-0.301887	0.00126897
1	2223	-0.416581	-0.301939	0.00126944
1	2224	-0.405486	-0.301986	0.00126973
1	2225	-0.403831	-0.302031	0.00126998
1	2226	-0.42524	-0.302087	0.00127062
1	2227	-0.431868	-0.302145	0.00127138
1	2228	-0.423136	-0.302199	0.00127197
1	2229	-0.382098	-0.302235	0.0012719
1	2230	-0.37972	-0.30227	0.00127181
1	2231	-0.419767	-0.302323	0.00127233
1	2232	-0.428325	-0.302379	0.00127301
1	2233	-0.405387	-0.302425	0.00127328
1	2234	-0.347441	-0.302445	0.00127287
1	2235	-0.319176	-0.302453	0.00127232
1	2236	-0.352497	-0.302475	0.00127195
1	2237	-0.358098	-0.3025	0.00127162
1	2238	-0.383807	-0.302536	0.00127157
1	2239	-0.337415	-0.302552	0.0012711
1	2240	-0.308278	-0.302554	0.00127053
1	2241	-0.338383	-0.30257	0.00127007
1	2242	-0.358357	-0.302595	0.00126974
1	2243	-0.375288	-0.302628	0.00126959
1	2244	-0.38496	-0.302664	0.00126956
1	2245	-0.386627	-0.302702	0.00126954
1	2246	-0.382485	-0.302737	0.00126947
1	2247	-0.377482	-0.302771	0.00126934
1	2248	-0.377015	-0.302804	0.00126921
1	2249	-0.379225	-0.302838	0.0012691
1	2250	-0.37976	-0.302872	0.001269
1	2251	-0.377388	-0.302905	0.00126886
1	2252	-0.373752	-0.302936	0.00126869
1	2253	-0.376911	-0.302969	0.00126855
1	2254	-0.390496	-0.303008	0.00126858
1	2255	-0.397804	-0.30305	0.00126872
1	2256	-0.397581	-0.303092	0.00126885
1	2257	-0.40971	-0.303139	0.00126916
1	2258	-0.41285	-0.303188	0.00126953
1	2259	-0.395451	-0.303229	0.00126963
1	2260	-0.384985	-0.303265	0.00126958
1	2261	-0.387447	-0.303302	0.00126956
1	2262	-0.391198	-0.303341	0.0012696
1	2263	-0.397773	-0.303383	0.00126972
1	2264	-0.404983	-0.303428	0.00126995
1	2265	-0.4115	-0.303475	0.00127029
1	2266	-0.412398	-0.303523	0.00127064
1	2267	-0.406645	-0.303569	0.00127089
1	2268	-0.393436	-0.303608	0.00127095
1	2269	-0.377575	-0.303641	0.00127081
1	2270	-0.367173	-0.303669	0.00127055
1	2271	-0.352875	-0.303691	0.00127018
1	2272	-0.319806	-0.303698	0.00126964
1	2273	-0.289739	-0.303692	0.0012691
1	2274	-0.327055	-0.303702	0.00126858
1	2275	-0.367684	-0.30373	0.00126833
1	2276	-0.379098	-0.303763	0.00126821
1	2277	-0.370066	-0.303792	0.00126799
1	2278	-0.348728	-0.303812	0.00126758
1	2279	-0.343205	-0.303829	0.00126714
1	2280	-0.351263	-0.30385	0.00126676
1	2281	-0.355559	-0.303873	0.00126641
1	2282	-0.36082	-0.303898	0.0012661
1	2283	-0.357212	-0.303921	0.00126576
1	2284	-0.336675	-0.303935	0.00126529
1	2285	-0.316085	-0.303941	0.00126474
1	2286	-0.318709	-0.303947	0.00126421
1	2287	-0.348151	-0.303967	0.0012638
1	2288	-0.375788	-0.303998	0.00126364
1	2289	-0.386209	-0.304034	0.0012636
1	2290	-0.391577	-0.304072	0.00126362
1	2291	-0.382197	-0.304106	0.00126353
1	2292	-0.329153	-0.304117	0.00126303
1	2293	-0.263642	-0.304099	0.0012626
1	2294	-0.297816	-0.304097	0.00126205
1	2295	-0.367204	-0.304124	0.0012618
1	2296	-0.377203	-0.304156	0.00126165
1	2297	-0.357108	-0.304179	0.00126132
1	2298	-0.354825	-0.304201	0.00126096
1	2299	-0.364043	-0.304227	0.00126068
1	2300	-0.374448	-0.304258	0.0012605
1	2301	-0.377095	-0.304289	0.00126035
1	2302	-0.376875	-0.304321	0.0012602
1	2303	-0.374215	-0.304351	0.00126002
1	2304	-0.357062	-0.304374	0.00125968
1	2305	-0.345062	-0.304392	0.00125925
1	2306	-0.366984	-0.304419	0.001259
1	2307	-0.380447	-0.304452	0.00125889
1	2308	-0.381794	-0.304485	0.00125879
1	2309	-0.385957	-0.304521	0.00125873
1	2310	-0.38955	-0.304557	0.00125873
1	2311	-0.382618	-0.304591	0.00125864
1	2312	-0.365296	-0.304617	0.00125837
1	2313	-0.35081	-0.304637	0.00125798
1	2314	-0.353243	-0.304658	0.00125761
1	2315	-0.356307	-0.304681	0.00125727
1	2316	-0.352071	-0.304701	0.00125689
1	2317	-0.340671	-0.304717	0.00125644
1	2318	-0.337399	-0.304731	0.00125598
1	2319	-0.356226	-0.304753	0.00125564
1	2320	-0.369728	-0.304781	0.00125541
1	2321	-0.367881	-0.304808	0.00125516
1	2322	-0.363792	-0.304834	0.00125488
1	2323	-0.35933	-0.304857	0.00125456
1	2324	-0.327496	-0.304867	0.00125405
1	2325	-0.273485	-0.304853	0.00125359
1	2326	-0.306048	-0.304854	0.00125305
1	2327	-0.347344	-0.304872	0.00125264
1	2328	-0.342271	-0.304888	0.00125221
1	2329	-0.322188	-0.304896	0.00125169
1	2330	-0.315399	-0.3049	0.00125116
1	2331	-0.319415	-0.304906	0.00125064
1	2332	-0.333105	-0.304918	0.00125016
1	2333	-0.362741	-0.304943	0.00124987
1	2334	-0.371544	-0.304972	0.00124966
1	2335	-0.314734	-0.304976	0.00124914
1	2336	-0.276844	-0.304964	0.00124866
1	2337	-0.335131	-0.304977	0.00124819
1	2338	-0.361043	-0.305001	0.00124789
1	2339	-0.374777	-0.305031	0.00124771
1	2340	-0.380675	-0.305063	0.0012476
1	2341	-0.381769	-0.305096	0.00124749
1	2342	-0.381739	-0.305128	0.00124739
1	2343	-0.386065	-0.305163	0.00124734
1	2344	-0.389042	-0.305199	0.00124732
1	2345	-0.373919	-0.305228	0.00124713
1	2346	-0.339983	-0.305243	0.00124669
1	2347	-0.302843	-0.305242	0.00124615
1	2348	-0.309841	-0.305244	0.00124563
1	2349	-0.324069	-0.305252	0.00124512
1	2350	-0.286184	-0.305244	0.00124462
1	2351	-0.304446	-0.305243	0.00124409
1	2352	-0.349297	-0.305262	0.0012437
1	2353	-0.373459	-0.305291	0.00124351
1	2354	-0.3757	-0.305321	0.00124334
1	2355	-0.365655	-0.305347	0.00124308
1	2356	-0.353006	-0.305367	0.00124271
1	2357	-0.331049	-0.305378	0.00124223
1	2358	-0.321612	-0.305385	0.00124173
1	2359	-0.340829	-0.3054	0.00124129
1	2360	-0.35282	-0.30542	0.00124093
1	2361	-0.339362	-0.305434	0.00124049
1	2362	-0.304472	-0.305434	0.00123996
1	2363	-0.260958	-0.305415	0.00123958
1	2364	-0.237695	-0.305386	0.00123938
1	2365	-0.246256	-0.305361	0.00123911
1	2366	-0.292525	-0.305356	0.0012386
1	2367	-0.327801	-0.305365	0.00123811
1	2368	-0.334731	-0.305378	0.00123765
1	2369	-0.336803	-0.305391	0.0012372
1	2370	-0.337711	-0.305405	0.00123676
1	2371	-0.336698	-0.305418	0.0012363
1	2372	-0.334386	-0.30543	0.00123584
1	2373	-0.333328	-0.305442	0.00123538
1	2374	-0.337899	-0.305455	0.00123493
1	2375	-0.347065	-0.305473	0.00123454
1	2376	-0.339297	-0.305487	0.0012341
1	2377	-0.283225	-0.305478	0.00123362
1	2378	-0.243144	-0.305452	0.00123338
1	2379	-0.190272	-0.305403	0.00123381
1	2380	-0.288213	-0.305396	0.00123331
1	2381	-0.347275	-0.305414	0.00123292
1	2382	-0.356255	-0.305435	0.00123259
1	2383	-0.340562	-0.30545	0.00123216
1	2384	-0.331493	-0.305461	0.00123169
1	2385	-0.35749	-0.305482	0.00123136
1	2386	-0.36233	-0.305506	0.00123108
1	2387	-0.310181	-0.305508	0.00123056
1	2388	-0.311541	-0.305511	0.00123005
1	2389	-0.319704	-0.305517	0.00122955
1	2390	-0.298717	-0.305514	0.00122904
1	2391	-0.326044	-0.305522	0.00122856
1	2392	-0.372047	-0.30555	0.00122836
1	2393	-0.395383	-0.305588	0.00122842
1	2394	-0.399329	-0.305627	0.00122853
1	2395	-0.390491	-0.305662	0.00122853
1	2396	-0.366606	-0.305688	0.00122828
1	2397	-0.339352	-0.305702	0.00122784
1	2398	-0.337405	-0.305715	0.0012274
1	2399	-0.355662	-0.305736	0.00122707
1	2400	-0.372773	-0.305764	0.00122688
1	2401	-0.368045	-0.30579	0.00122664
1	2402	-0.347755	-0.305807	0.00122625
1	2403	-0.326974	-0.305816	0.00122577
1	2404	-0.344014	-0.305832	0.00122537
1	2405	-0.374681	-0.305861	0.00122519
1	2406	-0.388106	-0.305895	0.00122516
1	2407	-0.383212	-0.305927	0.00122507
1	2408	-0.367893	-0.305953	0.00122483
1	2409	-0.359207	-0.305975	0.00122452
1	2410	-0.363862	-0.305999	0.00122425
1	2411	-0.369776	-0.306025	0.00122403
1	2412	-0.37002	-0.306052	0.00122381
1	2413	-0.365018	-0.306076	0.00122355
1	2414	-0.357347	-0.306097	0.00122322
1	2415	-0.348979	-0.306115	0.00122285
1	2416	-0.33854	-0.306129	0.00122241
1	2417	-0.340355	-0.306143	0.00122199
1	2418	-0.35121	-0.306161	0.00122163
1	2419	-0.336378	-0.306174	0.00122119
1	2420	-0.326245	-0.306182	0.00122071
1	2421	-0.349296	-0.3062	0.00122033
1	2422	-0.36533	-0.306224	0.00122007
1	2423	-0.364765	-0.306248	0.00121981
1	2424	-0.355164	-0.306269	0.00121947
1	2425	-0.342544	-0.306284	0.00121906
1	2426	-0.330109	-0.306293	0.0012186
1	2427	-0.323462	-0.306301	0.00121812
1	2428	-0.327825	-0.306309	0.00121765
1	2429	-0.337179	-0.306322	0.00121721
1	2430	-0.341508	-0.306337	0.0012168
1	2431	-0.339762	-0.30635	0.00121638
1	2432	-0.336617	-0.306363	0.00121594
1	2433	-0.334033	-0.306374	0.00121549
1	2434	-0.327431	-0.306383	0.00121502
1	2435	-0.31145	-0.306385	0.00121453
1	2436	-0.295176	-0.30638	0.00121404
1	2437	-0.296478	-0.306376	0.00121355
1	2438	-0.312477	-0.306379	0.00121305
1	2439	-0.329731	-0.306388	0.00121259
1	2440	-0.340011	-0.306402	0.00121217
1	2441	-0.343949	-0.306417	0.00121177
1	2442	-0.346779	-0.306434	0.00121139
1	2443	-0.350613	-0.306452	0.00121103
1	2444	-0.349069	-0.30647	0.00121066
1	2445	-0.336972	-0.306482	0.00121023
1	2446	-0.324606	-0.306489	0.00120976
1	2447	-0.30982	-0.306491	0.00120926
1	2448	-0.268224	-0.306475	0.00120887
1	2449	-0.246499	-0.306451	0.00120862
1	2450	-0.284688	-0.306442	0.00120816
1	2451	-0.3407	-0.306456	0.00120775
1	2452	-0.363429	-0.306479	0.00120748
1	2453	-0.365756	-0.306503	0.00120723
1	2454	-0.365123	-0.306527	0.00120698
1	2455	-0.364722	-0.306551	0.00120672
1	2456	-0.362937	-0.306574	0.00120644
1	2457	-0.358111	-0.306595	0.00120614
1	2458	-0.349804	-0.306612	0.00120577
1	2459	-0.341227	-0.306626	0.00120536
1	2460	-0.33756	-0.306639	0.00120494
1	2461	-0.337902	-0.306652	0.00120452
1	2462	-0.333776	-0.306663	0.00120408
1	2463	-0.326884	-0.306671	0.00120362
1	2464	-0.331644	-0.306681	0.00120317
1	2465	-0.325625	-0.306689	0.00120271
1	2466	-0.318056	-0.306693	0.00120223
1	2467	-0.333435	-0.306704	0.00120179
1	2468	-0.340158	-0.306718	0.00120138
1	2469	-0.336717	-0.30673	0.00120096
1	2470	-0.33621	-0.306742	0.00120053
1	2471	-0.339723	-0.306755	0.00120012
1	2472	-0.341142	-0.306769	0.00119971
1	2473	-0.341816	-0.306783	0.00119931
1	2474	-0.347808	-0.3068	0.00119894
1	2475	-0.35753	-0.30682	0.00119863
1	2476	-0.365374	-0.306844	0.00119838
1	2477	-0.364905	-0.306867	0.00119813
1	2478	-0.348524	-0.306884	0.00119776
1	2479	-0.323823	-0.306891	0.0011973
1	2480	-0.305226	-0.30689	0.00119681
1	2481	-0.310507	-0.306892	0.00119633
1	2482	-0.348487	-0.306909	0.00119597
1	2483	-0.371585	-0.306935	0.00119577
1	2484	-0.37388	-0.306962	0.00119559
1	2485	-0.361822	-0.306984	0.00119532
1	2486	-0.351007	-0.307001	0.00119497
1	2487	-0.35037	-0.307019	0.00119461
1	2488	-0.349886	-0.307036	0.00119426
1	2489	-0.351469	-0.307054	0.00119391
1	2490	-0.357722	-0.307074	0.0011936
1	2491	-0.360723	-0.307096	0.00119332
1	2492	-0.366619	-0.30712	0.00119308
1	2493	-0.37722	-0.307148	0.00119293
1	2494	-0.382919	-0.307178	0.00119284
1	2495	-0.376664	-0.307206	0.00119269
1	2496	-0.328181	-0.307214	0.00119224
1	2497	-0.276501	-0.307202	0.00119183
1	2498	-0.332131	-0.307212	0.00119139
1	2499	-0.320833	-0.307217	0.00119093
1	2500	-0.292466	-0.307212	0.00119046
1	2501	-0.312693	-0.307214	0.00118999
1	2502	-0.308129	-0.307214	0.00118951
1	2503	-0.314729	-0.307217	0.00118904
1	2504	-0.355088	-0.307236	0.00118872
1	2505	-0.350712	-0.307254	0.00118837
1	2506	-0.312862	-0.307256	0.0011879
1	2507	-0.28142	-0.307246	0.00118747
1	2508	-0.304563	-0.307244	0.001187
1	2509	-0.335902	-0.307256	0.00118658
1	2510	-0.336364	-0.307267	0.00118617
1	2511	-0.305874	-0.307267	0.00118569
1	2512	-0.297562	-0.307263	0.00118523
1	2513	-0.329279	-0.307272	0.00118479
1	2514	-0.347485	-0.307288	0.00118442
1	2515	-0.349659	-0.307305	0.00118407
1	2516	-0.345227	-0.30732	0.0011837
1	2517	-0.331063	-0.307329	0.00118327
1	2518	-0.300582	-0.307326	0.0011828
1	2519	-0.28435	-0.307317	0.00118236
1	2520	-0.292936	-0.307312	0.00118191
1	2521	-0.298627	-0.307308	0.00118145
1	2522	-0.327033	-0.307316	0.001181
1	2523	-0.349746	-0.307333	0.00118065
1	2524	-0.345953	-0.307348	0.00118029
1	2525	-0.319321	-0.307353	0.00117983
1	2526	-0.300622	-0.30735	0.00117936
1	2527	-0.305194	-0.307349	0.0011789
1	2528	-0.309097	-0.30735	0.00117843
1	2529	-0.316185	-0.307354	0.00117797
1	2530	-0.317012	-0.307357	0.00117751
1	2531	-0.300154	-0.307355	0.00117705
1	2532	-0.282863	-0.307345	0.00117662
1	2533	-0.288121	-0.307337	0.00117618
1	2534	-0.301386	-0.307335	0.00117572
1	2535	-0.306043	-0.307334	0.00117526
1	2536	-0.301265	-0.307332	0.0011748
1	2537	-0.291713	-0.307326	0.00117435
1	2538	-0.284703	-0.307317	0.00117392
1	2539	-0.288258	-0.307309	0.00117348
1	2540	-0.301013	-0.307307	0.00117302
1	2541	-0.311945	-0.307309	0.00117256
1	2542	-0.316334	-0.307312	0.00117211
1	2543	-0.313274	-0.307315	0.00117165
1	2544	-0.300678	-0.307312	0.00117119
1	2545	-0.275743	-0.3073	0.0011708
1	2546	-0.27335	-0.307286	0.00117041
1	2547	-0.315701	-0.30729	0.00116996
1	2548	-0.32212	-0.307295	0.00116951
1	2549	-0.281703	-0.307285	0.0011691
1	2550	-0.259112	-0.307267	0.00116879
1	2551	-0.300229	-0.307264	0.00116834
1	2552	-0.336143	-0.307275	0.00116793
1	2553	-0.350199	-0.307292	0.0011676
1	2554	-0.362988	-0.307314	0.00116734
1	2555	-0.373443	-0.30734	0.00116717
1	2556	-0.364733	-0.307362	0.00116693
1	2557	-0.334635	-0.307373	0.00116653
1	2558	-0.315883	-0.307376	0.00116608
1	2559	-0.313238	-0.307378	0.00116562
1	2560	-0.344575	-0.307393	0.00116526
1	2561	-0.339138	-0.307405	0.00116487
1	2562	-0.327755	-0.307413	0.00116444
1	2563	-0.36708	-0.307436	0.00116422
1	2564	-0.353522	-0.307454	0.0011639
1	2565	-0.320373	-0.307459	0.00116346
1	2566	-0.332248	-0.307469	0.00116305
1	2567	-0.345655	-0.307484	0.00116269
1	2568	-0.340791	-0.307497	0.00116231
1	2569	-0.331991	-0.307507	0.0011619
1	2570	-0.3354	-0.307517	0.00116149
1	2571	-0.349671	-0.307534	0.00116116
1	2572	-0.345576	-0.307549	0.0011608
1	2573	-0.331195	-0.307558	0.00116039
1	2574	-0.326057	-0.307565	0.00115996
1	2575	-0.333454	-0.307575	0.00115955
1	2576	-0.355605	-0.307594	0.00115925
1	2577	-0.346226	-0.307609	0.0011589
1	2578	-0.305065	-0.307608	0.00115845
1	2579	-0.285629	-0.307599	0.00115803
1	2580	-0.285204	-0.30759	0.00115761
1	2581	-0.322213	-0.307596	0.00115718
1	2582	-0.340549	-0.307609	0.0011568
1	2583	-0.284426	-0.3076	0.00115639
1	2584	-0.257407	-0.30758	0.0011561
1	2585	-0.335965	-0.307591	0.00115571
1	2586	-0.355514	-0.30761	0.00115541
1	2587	-0.336962	-0.307621	0.00115502
1	2588	-0.312666	-0.307623	0.00115458
1	2589	-0.308277	-0.307624	0.00115413
1	2590	-0.320452	-0.307628	0.00115369
1	2591	-0.326836	-0.307636	0.00115327
1	2592	-0.322523	-0.307642	0.00115284
1	2593	-0.312645	-0.307644	0.0011524
1	2594	-0.297333	-0.30764	0.00115196
1	2595	-0.27477	-0.307627	0.00115159
1	2596	-0.275263	-0.307614	0.00115121
1	2597	-0.293148	-0.307609	0.00115078
1	2598	-0.306916	-0.307609	0.00115034
1	2599	-0.31857	-0.307613	0.0011499
1	2600	-0.324986	-0.30762	0.00114948
1	2601	-0.323614	-0.307626	0.00114906
1	2602	-0.310241	-0.307627	0.00114861
1	2603	-0.278993	-0.307616	0.00114823
1	2604	-0.278948	-0.307605	0.00114784
1	2605	-0.301639	-0.307602	0.0011474
1	2606	-0.305322	-0.307602	0.00114696
1	2607	-0.319416	-0.307606	0.00114653
1	2608	-0.324993	-0.307613	0.00114611
1	2609	-0.292801	-0.307607	0.00114568
1	2610	-0.230519	-0.307577	0.00114562
1	2611	-0.228142	-0.307547	0.00114559
1	2612	-0.284115	-0.307538	0.00114519
1	2613	-0.321835	-0.307544	0.00114476
1	2614	-0.350637	-0.30756	0.00114444
1	2615	-0.328191	-0.307568	0.00114403
1	2616	-0.276534	-0.307556	0.00114366
1	2617	-0.314424	-0.307559	0.00114322
1	2618	-0.335075	-0.307569	0.00114283
1	2619	-0.341232	-0.307582	0.00114247
1	2620	-0.308571	-0.307582	0.00114203
1	2621	-0.312552	-0.307584	0.0011416
1	2622	-0.335569	-0.307595	0.00114121
1	2623	-0.33606	-0.307606	0.00114083
1	2624	-0.340068	-0.307618	0.00114046
1	2625	-0.357719	-0.307637	0.00114019
1	2626	-0.364712	-0.307659	0.00113996
1	2627	-0.359478	-0.307679	0.0011397
1	2628	-0.358148	-0.307698	0.00113943
1	2629	-0.36108	-0.307718	0.00113917
1	2630	-0.367763	-0.307741	0.00113897
1	2631	-0.36529	-0.307763	0.00113875
1	2632	-0.340286	-0.307775	0.00113838
1	2633	-0.313768	-0.307778	0.00113795
1	2634	-0.332713	-0.307787	0.00113756
1	2635	-0.37233	-0.307812	0.00113739
1	2636	-0.391039	-0.307843	0.0011374
1	2637	-0.385321	-0.307873	0.00113734
1	2638	-0.347355	-0.307888	0.00113701
1	2639	-0.35303	-0.307905	0.00113671
1	2640	-0.409672	-0.307943	0.00113693
1	2641	-0.404973	-0.30798	0.00113709
1	2642	-0.338454	-0.307991	0.00113672
1	2643	-0.355599	-0.308009	0.00113644
1	2644	-0.414291	-0.30805	0.00113672
1	2645	-0.418352	-0.308091	0.00113705
1	2646	-0.392225	-0.308123	0.00113707
1	2647	-0.364983	-0.308145	0.00113684
1	2648	-0.393749	-0.308177	0.00113687
1	2649	-0.41474	-0.308217	0.00113715
1	2650	-0.414912	-0.308257	0.00113744
1	2651	-0.422144	-0.3083	0.00113782
1	2652	-0.410678	-0.308339	0.00113804
1	2653	-0.394923	-0.308372	0.00113808
1	2654	-0.384707	-0.3084	0.00113802
1	2655	-0.381957	-0.308428	0.00113792
1	2656	-0.389782	-0.308459	0.00113791
1	2657	-0.371964	-0.308483	0.00113773
1	2658	-0.339923	-0.308494	0.00113736
1	2659	-0.3456	-0.308508	0.00113702
1	2660	-0.359645	-0.308528	0.00113676
1	2661	-0.348241	-0.308543	0.00113643
1	2662	-0.361688	-0.308563	0.00113618
1	2663	-0.371739	-0.308586	0.001136
1	2664	-0.358002	-0.308605	0.00113572
1	2665	-0.357635	-0.308623	0.00113545
1	2666	-0.368773	-0.308646	0.00113524
1	2667	-0.368319	-0.308668	0.00113504
1	2668	-0.362746	-0.308688	0.00113479
1	2669	-0.354516	-0.308706	0.0011345
1	2670	-0.343181	-0.308719	0.00113415
1	2671	-0.340069	-0.30873	0.00113378
1	2672	-0.346621	-0.308744	0.00113345
1	2673	-0.353047	-0.308761	0.00113315
1	2674	-0.352906	-0.308778	0.00113284
1	2675	-0.349368	-0.308793	0.00113252
1	2676	-0.340096	-0.308804	0.00113216
1	2677	-0.320011	-0.308809	0.00113174
1	2678	-0.305381	-0.308807	0.00113132
1	2679	-0.310828	-0.308808	0.0011309
1	2680	-0.316332	-0.308811	0.00113048
1	2681	-0.323235	-0.308816	0.00113007
1	2682	-0.333286	-0.308825	0.00112969
1	2683	-0.331596	-0.308834	0.0011293
1	2684	-0.315316	-0.308836	0.00112888
1	2685	-0.312737	-0.308838	0.00112846
1	2686	-0.328014	-0.308845	0.00112806
1	2687	-0.337019	-0.308855	0.00112769
1	2688	-0.334591	-0.308865	0.00112731
1	2689	-0.316456	-0.308868	0.0011269
1	2690	-0.30159	-0.308865	0.00112648
1	2691	-0.321248	-0.30887	0.00112607
1	2692	-0.301491	-0.308867	0.00112566
1	2693	-0.280173	-0.308856	0.00112529
1	2694	-0.332502	-0.308865	0.00112491
1	2695	-0.366434	-0.308886	0.00112469
1	2696	-0.37782	-0.308912	0.00112456
1	2697	-0.363031	-0.308932	0.00112433
1	2698	-0.325894	-0.308938	0.00112393
1	2699	-0.286365	-0.30893	0.00112354
1	2700	-0.285987	-0.308921	0.00112316
1	2701	-0.313095	-0.308923	0.00112274
1	2702	-0.33831	-0.308934	0.00112238
1	2703	-0.351698	-0.30895	0.00112208
1	2704	-0.347076	-0.308964	0.00112175
1	2705	-0.329778	-0.308971	0.00112136
1	2706	-0.326742	-0.308978	0.00112097
1	2707	-0.349213	-0.308993	0.00112065
1	2708	-0.375891	-0.309018	0.00112051
1	2709	-0.390563	-0.309048	0.0011205
1	2710	-0.375326	-0.309072	0.00112035
1	2711	-0.299388	-0.309069	0.00111995
1	2712	-0.238636	-0.309043	0.00111983
1	2713	-0.255845	-0.309023	0.00111959
1	2714	-0.344074	-0.309036	0.00111925
1	2715	-0.393037	-0.309067	0.00111927
1	2716	-0.391912	-0.309097	0.00111927
1	2717	-0.375563	-0.309122	0.00111913
1	2718	-0.370138	-0.309144	0.00111894
1	2719	-0.381439	-0.309171	0.00111885
1	2720	-0.395346	-0.309203	0.00111888
1	2721	-0.400511	-0.309236	0.00111898
1	2722	-0.397633	-0.309269	0.00111904
1	2723	-0.397116	-0.309301	0.00111909
1	2724	-0.401029	-0.309335	0.00111919
1	2725	-0.398477	-0.309367	0.00111925
1	2726	-0.381299	-0.309394	0.00111915
1	2727	-0.359625	-0.309412	0.00111889
1	2728	-0.34539	-0.309425	0.00111856
1	2729	-0.271277	-0.309411	0.00111824
1	2730	-0.269974	-0.309397	0.00111792
1	2731	-0.362067	-0.309416	0.00111768
1	2732	-0.410973	-0.309453	0.00111789
1	2733	-0.441064	-0.309501	0.00111852
1	2734	-0.428348	-0.309545	0.00111895
1	2735	-0.379842	-0.309571	0.00111884
1	2736	-0.326957	-0.309577	0.00111845
1	2737	-0.324876	-0.309583	0.00111805
1	2738	-0.374013	-0.309606	0.00111789
1	2739	-0.3987	-0.309639	0.00111796
1	2740	-0.380118	-0.309664	0.00111784
1	2741	-0.373603	-0.309688	0.00111768
1	2742	-0.374261	-0.309711	0.00111752
1	2743	-0.35755	-0.309729	0.00111725
1	2744	-0.37677	-0.309753	0.00111711
1	2745	-0.402673	-0.309787	0.00111721
1	2746	-0.407017	-0.309822	0.00111737
1	2747	-0.40596	-0.309857	0.00111751
1	2748	-0.396611	-0.309889	0.00111755
1	2749	-0.376854	-0.309913	0.00111741
1	2750	-0.35207	-0.309929	0.00111711
1	2751	-0.335665	-0.309938	0.00111674
1	2752	-0.356861	-0.309955	0.00111646
1	2753	-0.37649	-0.309979	0.00111632
1	2754	-0.378438	-0.310004	0.00111619
1	2755	-0.381159	-0.31003	0.00111609
1	2756	-0.375349	-0.310054	0.00111593
1	2757	-0.353967	-0.310069	0.00111564
1	2758	-0.318665	-0.310073	0.00111524
1	2759	-0.273014	-0.310059	0.00111492
1	2760	-0.291839	-0.310053	0.00111453
1	2761	-0.334962	-0.310062	0.00111417
1	2762	-0.324151	-0.310067	0.00111377
1	2763	-0.29435	-0.310061	0.00111339
1	2764	-0.272338	-0.310047	0.00111307
1	2765	-0.26025	-0.310029	0.00111281
1	2766	-0.272595	-0.310016	0.00111249
1	2767	-0.296545	-0.310011	0.0011121
1	2768	-0.299934	-0.310007	0.0011117
1	2769	-0.271594	-0.309993	0.00111139
1	2770	-0.211693	-0.309958	0.00111155
1	2771	-0.214461	-0.309923	0.00111169
1	2772	-0.272678	-0.30991	0.00111137
1	2773	-0.297109	-0.309905	0.00111097
1	2774	-0.301331	-0.309902	0.00111058
1	2775	-0.30252	-0.3099	0.00111018
1	2776	-0.303161	-0.309897	0.00110978
1	2777	-0.296528	-0.309892	0.0011094
1	2778	-0.271861	-0.309879	0.00110908
1	2779	-0.247704	-0.309856	0.00110891
1	2780	-0.229552	-0.309827	0.00110888
1	2781	-0.226436	-0.309797	0.00110889
1	2782	-0.278097	-0.309786	0.00110855
1	2783	-0.304765	-0.309784	0.00110815
1	2784	-0.317892	-0.309787	0.00110776
1	2785	-0.321449	-0.309791	0.00110737
1	2786	-0.309023	-0.309791	0.00110697
1	2787	-0.294484	-0.309786	0.00110659
1	2788	-0.304929	-0.309784	0.00110619
1	2789	-0.31052	-0.309784	0.0011058
1	2790	-0.301388	-0.309781	0.0011054
1	2791	-0.294452	-0.309776	0.00110502
1	2792	-0.300357	-0.309772	0.00110463
1	2793	-0.313247	-0.309774	0.00110424
1	2794	-0.319602	-0.309777	0.00110385
1	2795	-0.310422	-0.309777	0.00110345
1	2796	-0.283852	-0.309768	0.0011031
1	2797	-0.245538	-0.309745	0.00110294
1	2798	-0.213414	-0.309711	0.00110308
1	2799	-0.284181	-0.309701	0.00110273
1	2800	-0.314755	-0.309703	0.00110234
1	2801	-0.309229	-0.309703	0.00110194
1	2802	-0.304775	-0.309701	0.00110155
1	2803	-0.30755	-0.309701	0.00110116
1	2804	-0.306637	-0.309699	0.00110076
1	2805	-0.288689	-0.309692	0.0011004
1	2806	-0.28683	-0.309684	0.00110004
1	2807	-0.31029	-0.309684	0.00109964
1	2808	-0.32128	-0.309688	0.00109926
1	2809	-0.320185	-0.309692	0.00109888
1	2810	-0.309098	-0.309692	0.00109848
1	2811	-0.270596	-0.309678	0.00109818
1	2812	-0.207121	-0.309641	0.0010984
1	2813	-0.244563	-0.309618	0.00109825
1	2814	-0.301308	-0.309615	0.00109786
1	2815	-0.318064	-0.309618	0.00109748
1	2816	-0.324129	-0.309623	0.0010971
1	2817	-0.328239	-0.30963	0.00109673
1	2818	-0.330225	-0.309637	0.00109637
1	2819	-0.297331	-0.309633	0.00109598
1	2820	-0.188729	-0.30959	0.00109643
1	2821	-0.287463	-0.309582	0.00109607
1	2822	-0.326193	-0.309588	0.0010957
1	2823	-0.315395	-0.30959	0.00109532
1	2824	-0.290444	-0.309583	0.00109495
1	2825	-0.280531	-0.309573	0.00109461
1	2826	-0.269435	-0.309559	0.00109431
1	2827	-0.272984	-0.309546	0.001094
1	2828	-0.295727	-0.309541	0.00109363
1	2829	-0.306066	-0.30954	0.00109324
1	2830	-0.320526	-0.309544	0.00109286
1	2831	-0.341869	-0.309555	0.00109254
1	2832	-0.355133	-0.309571	0.00109227
1	2833	-0.348704	-0.309585	0.00109197
1	2834	-0.303059	-0.309583	0.00109159
1	2835	-0.222912	-0.309552	0.00109163
1	2836	-0.222764	-0.309522	0.00109167
1	2837	-0.284164	-0.309513	0.00109133
1	2838	-0.335925	-0.309522	0.00109098
1	2839	-0.349975	-0.309536	0.00109069
1	2840	-0.345435	-0.309549	0.00109038
1	2841	-0.33763	-0.309559	0.00109004
1	2842	-0.328374	-0.309565	0.00108968
1	2843	-0.305762	-0.309564	0.00108929
1	2844	-0.278204	-0.309553	0.00108897
1	2845	-0.295871	-0.309548	0.00108859
1	2846	-0.31611	-0.30955	0.00108821
1	2847	-0.315281	-0.309552	0.00108783
1	2848	-0.303255	-0.30955	0.00108745
1	2849	-0.287597	-0.309543	0.0010871
1	2850	-0.277709	-0.309531	0.00108678
1	2851	-0.272436	-0.309518	0.00108647
1	2852	-0.266813	-0.309503	0.0010862
1	2853	-0.275664	-0.309492	0.00108588
1	2854	-0.301967	-0.309489	0.0010855
1	2855	-0.304754	-0.309487	0.00108512
1	2856	-0.311172	-0.309488	0.00108474
1	2857	-0.325163	-0.309493	0.00108438
1	2858	-0.321327	-0.309497	0.00108401
1	2859	-0.303207	-0.309495	0.00108363
1	2860	-0.282806	-0.309486	0.00108329
1	2861	-0.271843	-0.309473	0.00108299
1	2862	-0.272305	-0.30946	0.00108269
1	2863	-0.285111	-0.309451	0.00108235
1	2864	-0.304548	-0.30945	0.00108197
1	2865	-0.312671	-0.309451	0.00108159
1	2866	-0.287365	-0.309443	0.00108124
1	2867	-0.218559	-0.309411	0.00108133
1	2868	-0.19206	-0.30937	0.00108173
1	2869	-0.238595	-0.309346	0.00108163
1	2870	-0.270234	-0.309332	0.00108134
1	2871	-0.274987	-0.30932	0.00108103
1	2872	-0.275129	-0.309308	0.00108072
1	2873	-0.276708	-0.309297	0.0010804
1	2874	-0.278985	-0.309286	0.00108008
1	2875	-0.278451	-0.309276	0.00107976
1	2876	-0.275978	-0.309264	0.00107944
1	2877	-0.273809	-0.309252	0.00107914
1	2878	-0.273021	-0.309239	0.00107884
1	2879	-0.273989	-0.309227	0.00107853
1	2880	-0.277119	-0.309216	0.00107821
1	2881	-0.282837	-0.309207	0.00107788
1	2882	-0.290825	-0.3092	0.00107752
1	2883	-0.299072	-0.309197	0.00107715
1	2884	-0.300544	-0.309194	0.00107679
1	2885	-0.269707	-0.30918	0.0010765
1	2886	-0.189781	-0.309139	0.00107692
1	2887	-0.194178	-0.309099	0.00107728
1	2888	-0.277435	-0.309088	0.00107697
1	2889	-0.30915	-0.309088	0.00107659
1	2890	-0.306374	-0.309087	0.00107622
1	2891	-0.29557	-0.309082	0.00107586
1	2892	-0.282282	-0.309073	0.00107553
1	2893	-0.271995	-0.30906	0.00107523
1	2894	-0.270364	-0.309047	0.00107494
1	2895	-0.285533	-0.309039	0.0010746
1	2896	-0.295267	-0.309034	0.00107424
1	2897	-0.287629	-0.309027	0.0010739
1	2898	-0.27834	-0.309016	0.00107358
1	2899	-0.275545	-0.309004	0.00107327
1	2900	-0.27707	-0.308993	0.00107296
1	2901	-0.283582	-0.308985	0.00107262
1	2902	-0.290737	-0.308978	0.00107227
1	2903	-0.293339	-0.308973	0.00107192
1	2904	-0.28948	-0.308966	0.00107157
1	2905	-0.280662	-0.308956	0.00107124
1	2906	-0.272405	-0.308944	0.00107095
1	2907	-0.266838	-0.308929	0.00107068
1	2908	-0.269045	-0.308916	0.0010704
1	2909	-0.277463	-0.308905	0.00107008
1	2910	-0.279012	-0.308895	0.00106977
1	2911	-0.265887	-0.30888	0.0010695
1	2912	-0.257402	-0.308862	0.00106928
1	2913	-0.266495	-0.308848	0.00106901
1	2914	-0.270607	-0.308835	0.00106872
1	2915	-0.26185	-0.308818	0.00106848
1	2916	-0.230421	-0.308792	0.00106845
1	2917	-0.188661	-0.30875	0.00106888
1	2918	-0.221394	-0.30872	0.00106893
1	2919	-0.26507	-0.308705	0.00106867
1	2920	-0.276078	-0.308694	0.00106836
1	2921	-0.276156	-0.308683	0.00106805
1	2922	-0.274302	-0.308671	0.00106775
1	2923	-0.268368	-0.308658	0.00106748
1	2924	-0.255011	-0.308639	0.00106727
1	2925	-0.253976	-0.308621	0.00106707
1	2926	-0.255652	-0.308602	0.00106686
1	2927	-0.1954	-0.308564	0.00106719
1	2928	-0.220207	-0.308534	0.00106726
1	2929	-0.276234	-0.308523	0.00106695
1	2930	-0.293561	-0.308517	0.0010666
1	2931	-0.290281	-0.308511	0.00106625
1	2932	-0.299288	-0.308508	0.00106589
1	2933	-0.315713	-0.308511	0.00106553
1	2934	-0.29626	-0.308506	0.00106518
1	2935	-0.283337	-0.308498	0.00106485
1	2936	-0.306958	-0.308497	0.00106449
1	2937	-0.335798	-0.308507	0.00106416
1	2938	-0.355675	-0.308523	0.00106392
1	2939	-0.364199	-0.308542	0.00106373
1	2940	-0.365171	-0.308561	0.00106354
1	2941	-0.345498	-0.308573	0.00106325
1	2942	-0.300751	-0.308571	0.0010629
1	2943	-0.286008	-0.308563	0.00106256
1	2944	-0.315103	-0.308565	0.0010622
1	2945	-0.332411	-0.308573	0.00106187
1	2946	-0.331331	-0.308581	0.00106154
1	2947	-0.317283	-0.308584	0.00106119
1	2948	-0.32692	-0.30859	0.00106084
1	2949	-0.361949	-0.308608	0.00106064
1	2950	-0.390591	-0.308636	0.00106064
1	2951	-0.383724	-0.308662	0.00106059
1	2952	-0.367496	-0.308682	0.00106042
1	2953	-0.35698	-0.308698	0.00106018
1	2954	-0.324443	-0.308703	0.00105984
1	2955	-0.353546	-0.308718	0.00105959
1	2956	-0.403275	-0.30875	0.00105971
1	2957	-0.403778	-0.308783	0.00105984
1	2958	-0.358308	-0.308799	0.00105962
1	2959	-0.328809	-0.308806	0.00105928
1	2960	-0.353784	-0.308821	0.00105903
1	2961	-0.365174	-0.30884	0.00105884
1	2962	-0.366343	-0.30886	0.00105866
1	2963	-0.38548	-0.308886	0.00105862
1	2964	-0.387232	-0.308912	0.00105859
1	2965	-0.325325	-0.308917	0.00105825
1	2966	-0.267277	-0.308903	0.00105799
1	2967	-0.263253	-0.308888	0.00105774
1	2968	-0.301168	-0.308885	0.00105739
1	2969	-0.351483	-0.3089	0.00105713
1	2970	-0.346681	-0.308913	0.00105685
1	2971	-0.349411	-0.308926	0.00105658
1	2972	-0.367453	-0.308946	0.00105641
1	2973	-0.331243	-0.308953	0.00105608
1	2974	-0.242373	-0.308931	0.00105597
1	2975	-0.240934	-0.308908	0.00105586
1	2976	-0.293131	-0.308903	0.00105552
1	2977	-0.322136	-0.308907	0.00105517
1	2978	-0.327147	-0.308913	0.00105484
1	2979	-0.328276	-0.30892	0.0010545
1	2980	-0.32943	-0.308927	0.00105417
1	2981	-0.327315	-0.308933	0.00105383
1	2982	-0.322937	-0.308938	0.00105349
1	2983	-0.314356	-0.308939	0.00105314
1	2984	-0.28286	-0.308931	0.00105282
1	2985	-0.257477	-0.308913	0.00105261
1	2986	-0.292505	-0.308908	0.00105227
1	2987	-0.330625	-0.308915	0.00105195
1	2988	-0.342864	-0.308927	0.00105166
1	2989	-0.327462	-0.308933	0.00105132
1	2990	-0.275878	-0.308922	0.00105103
1	2991	-0.256878	-0.308904	0.00105082
1	2992	-0.235859	-0.30888	0.00105075
1	2993	-0.254413	-0.308862	0.00105056
1	2994	-0.301302	-0.308859	0.00105021
1	2995	-0.324725	-0.308864	0.00104987
1	2996	-0.34066	-0.308875	0.00104958
1	2997	-0.343323	-0.308887	0.00104929
1	2998	-0.338942	-0.308897	0.00104899
1	2999	-0.326301	-0.308902	0.00104865
1	3000	-0.299234	-0.308899	0.00104831
1	3001	-0.288376	-0.308892	0.00104798
1	3002	-0.310492	-0.308893	0.00104763
1	3003	-0.321169	-0.308897	0.00104729
1	3004	-0.318927	-0.3089	0.00104695
1	3005	-0.31494	-0.308902	0.0010466
1	3006	-0.316431	-0.308905	0.00104626
1	3007	-0.319458	-0.308908	0.00104592
1	3008	-0.304275	-0.308907	0.00104557
1	3009	-0.247554	-0.308886	0.00104542
1	3010	-0.257805	-0.308869	0.00104521
1	3011	-0.308511	-0.308869	0.00104486
1	3012	-0.309213	-0.308869	0.00104452
1	3013	-0.260577	-0.308853	0.00104429
1	3014	-0.28788	-0.308846	0.00104397
1	3015	-0.333507	-0.308855	0.00104366
1	3016	-0.330381	-0.308862	0.00104333
1	3017	-0.315492	-0.308864	0.00104299
1	3018	-0.327372	-0.30887	0.00104266
1	3019	-0.348507	-0.308883	0.0010424
1	3020	-0.35244	-0.308898	0.00104216
1	3021	-0.337942	-0.308907	0.00104185
1	3022	-0.325044	-0.308913	0.00104152
1	3023	-0.34149	-0.308923	0.00104123
1	3024	-0.360419	-0.30894	0.00104103
1	3025	-0.34471	-0.308952	0.00104075
1	3026	-0.281897	-0.308943	0.00104045
1	3027	-0.26465	-0.308929	0.00104021
1	3028	-0.312244	-0.30893	0.00103986
1	3029	-0.342397	-0.308941	0.00103958
1	3030	-0.352382	-0.308955	0.00103933
1	3031	-0.352066	-0.308969	0.00103909
1	3032	-0.345938	-0.308982	0.00103882
1	3033	-0.340229	-0.308992	0.00103853
1	3034	-0.346251	-0.309004	0.00103826
1	3035	-0.3587	-0.309021	0.00103804
1	3036	-0.361821	-0.309038	0.00103785
1	3037	-0.358201	-0.309054	0.00103763
1	3038	-0.353592	-0.309069	0.00103739
1	3039	-0.345298	-0.309081	0.00103712
1	3040	-0.321859	-0.309085	0.00103679
1	3041	-0.281823	-0.309076	0.00103649
1	3042	-0.276048	-0.309065	0.0010362
1	3043	-0.302314	-0.309063	0.00103586
1	3044	-0.3277	-0.309069	0.00103554
1	3045	-0.334077	-0.309077	0.00103523
1	3046	-0.324548	-0.309082	0.00103491
1	3047	-0.30533	-0.309081	0.00103457
1	3048	-0.284438	-0.309073	0.00103426
1	3049	-0.276295	-0.309062	0.00103398
1	3050	-0.283714	-0.309054	0.00103367
1	3051	-0.294937	-0.309049	0.00103334
1	3052	-0.302385	-0.309047	0.00103301
1	3053	-0.307889	-0.309047	0.00103267
1	3054	-0.311398	-0.309047	0.00103233
1	3055	-0.311323	-0.309048	0.00103199
1	3056	-0.304337	-0.309047	0.00103166
1	3057	-0.277018	-0.309036	0.00103137
1	3058	-0.236165	-0.309012	0.00103131
1	3059	-0.24168	-0.30899	0.00103121
1	3060	-0.274235	-0.308979	0.00103093
1	3061	-0.290327	-0.308973	0.00103061
1	3062	-0.291476	-0.308967	0.00103029
1	3063	-0.2831	-0.308959	0.00102999
1	3064	-0.285459	-0.308951	0.00102968
1	3065	-0.302413	-0.308949	0.00102935
1	3066	-0.312278	-0.30895	0.00102902
1	3067	-0.303811	-0.308948	0.00102868
1	3068	-0.280022	-0.308939	0.00102839
1	3069	-0.268688	-0.308926	0.00102814
1	3070	-0.27201	-0.308914	0.00102787
1	3071	-0.256698	-0.308897	0.00102768
1	3072	-0.252028	-0.308878	0.00102751
1	3073	-0.280773	-0.308869	0.00102722
1	3074	-0.298571	-0.308866	0.00102689
1	3075	-0.303737	-0.308864	0.00102656
1	3076	-0.299387	-0.308861	0.00102623
1	3077	-0.287705	-0.308854	0.00102592
1	3078	-0.288475	-0.308848	0.00102561
1	3079	-0.289186	-0.308841	0.00102529
1	3080	-0.270768	-0.308829	0.00102503
1	3081	-0.269558	-0.308816	0.00102478
1	3082	-0.293816	-0.308811	0.00102446
1	3083	-0.314354	-0.308813	0.00102413
1	3084	-0.32751	-0.308819	0.00102381
1	3085	-0.334361	-0.308827	0.00102352
1	3086	-0.339721	-0.308837	0.00102323
1	3087	-0.343633	-0.308849	0.00102296
1	3088	-0.325014	-0.308854	0.00102265
1	3089	-0.246148	-0.308834	0.00102252
1	3090	-0.217656	-0.308804	0.00102261
1	3091	-0.243809	-0.308783	0.0010225
1	3092	-0.27853	-0.308773	0.00102221
1	3093	-0.317683	-0.308776	0.00102189
1	3094	-0.331436	-0.308783	0.00102158
1	3095	-0.32338	-0.308788	0.00102126
1	3096	-0.312689	-0.308789	0.00102093
1	3097	-0.306387	-0.308789	0.0010206
1	3098	-0.296562	-0.308785	0.00102028
1	3099	-0.28303	-0.308776	0.00101999
1	3100	-0.28881	-0.30877	0.00101968
1	3101	-0.311317	-0.308771	0.00101935
1	3102	-0.320187	-0.308774	0.00101903
1	3103	-0.307717	-0.308774	0.0010187
1	3104	-0.277467	-0.308764	0.00101842
1	3105	-0.244826	-0.308743	0.0010183
1	3106	-0.251468	-0.308725	0.00101814
1	3107	-0.295744	-0.308721	0.00101782
1	3108	-0.322852	-0.308725	0.0010175
1	3109	-0.323087	-0.30873	0.00101719
1	3110	-0.309595	-0.30873	0.00101686
1	3111	-0.285766	-0.308723	0.00101656
1	3112	-0.230436	-0.308698	0.00101654
1	3113	-0.271063	-0.308686	0.00101629
1	3114	-0.270551	-0.308673	0.00101604
1	3115	-0.267983	-0.30866	0.0010158
1	3116	-0.281239	-0.308651	0.00101551
1	3117	-0.249413	-0.308632	0.00101536
1	3118	-0.23254	-0.308608	0.00101533
1	3119	-0.218478	-0.308579	0.00101541
1	3120	-0.219282	-0.308551	0.00101549
1	3121	-0.244185	-0.30853	0.00101537
1	3122	-0.290083	-0.308524	0.00101507
1	3123	-0.299455	-0.308521	0.00101475
1	3124	-0.2953	-0.308517	0.00101443
1	3125	-0.295869	-0.308513	0.00101411
1	3126	-0.290039	-0.308507	0.00101381
1	3127	-0.265431	-0.308493	0.00101358
1	3128	-0.228556	-0.308468	0.00101357
1	3129	-0.225406	-0.308441	0.0010136
1	3130	-0.259548	-0.308425	0.00101339
1	3131	-0.287989	-0.308419	0.00101309
1	3132	-0.305644	-0.308418	0.00101277
1	3133	-0.314677	-0.30842	0.00101245
1	3134	-0.310745	-0.308421	0.00101212
1	3135	-0.292297	-0.308416	0.00101181
1	3136	-0.282041	-0.308407	0.00101153
1	3137	-0.295282	-0.308403	0.00101121
1	3138	-0.312677	-0.308404	0.00101089
1	3139	-0.313046	-0.308406	0.00101057
1	3140	-0.291482	-0.3084	0.00101026
1	3141	-0.270501	-0.308388	0.00101001
1	3142	-0.256733	-0.308372	0.00100983
1	3143	-0.250793	-0.308354	0.00100967
1	3144	-0.281071	-0.308345	0.00100939
1	3145	-0.311427	-0.308346	0.00100907
1	3146	-0.30384	-0.308345	0.00100875
1	3147	-0.323118	-0.308349	0.00100844
1	3148	-0.34123	-0.30836	0.00100817
1	3149	-0.336586	-0.308369	0.00100789
1	3150	-0.324746	-0.308374	0.00100758
1	3151	-0.31903	-0.308377	0.00100727
1	3152	-0.304443	-0.308376	0.00100695
1	3153	-0.266614	-0.308363	0.00100672
1	3154	-0.272211	-0.308351	0.00100646
1	3155	-0.312424	-0.308353	0.00100615
1	3156	-0.337123	-0.308362	0.00100587
1	3157	-0.340383	-0.308372	0.0010056
1	3158	-0.280697	-0.308363	0.00100532
1	3159	-0.229126	-0.308338	0.00100532
1	3160	-0.264418	-0.308324	0.00100509
1	3161	-0.316647	-0.308327	0.00100478
1	3162	-0.29909	-0.308324	0.00100447
1	3163	-0.268735	-0.308311	0.00100423
1	3164	-0.288303	-0.308305	0.00100393
1	3165	-0.297189	-0.308301	0.00100362
1	3166	-0.300111	-0.308299	0.0010033
1	3167	-0.308153	-0.308299	0.00100299
1	3168	-0.308156	-0.308299	0.00100267
1	3169	-0.284485	-0.308291	0.00100238
1	3170	-0.257482	-0.308275	0.00100219
1	3171	-0.270487	-0.308263	0.00100195
1	3172	-0.290118	-0.308258	0.00100165
1	3173	-0.296056	-0.308254	0.00100134
1	3174	-0.301869	-0.308252	0.00100103
1	3175	-0.318974	-0.308255	0.00100072
1	3176	-0.328134	-0.308261	0.00100042
1	3177	-0.318412	-0.308265	0.00100011
1	3178	-0.309627	-0.308265	0.000999798
1	3179	-0.292526	-0.30826	0.000999496
1	3180	-0.28141	-0.308252	0.000999217
1	3181	-0.278074	-0.308242	0.000998948
1	3182	-0.284228	-0.308235	0.000998663
1	3183	-0.307832	-0.308234	0.000998349
1	3184	-0.333042	-0.308242	0.000998066
1	3185	-0.353538	-0.308256	0.000997854
1	3186	-0.369167	-0.308276	0.000997724
1	3187	-0.356882	-0.308291	0.000997527
1	3188	-0.331271	-0.308298	0.00099724
1	3189	-0.372043	-0.308318	0.000997128
1	3190	-0.37497	-0.308339	0.000997034
1	3191	-0.363744	-0.308356	0.000996873
1	3192	-0.340814	-0.308366	0.000996613
1	3193	-0.33303	-0.308374	0.00099633
1	3194	-0.353001	-0.308388	0.000996116
1	3195	-0.375348	-0.308409	0.000996025
1	3196	-0.38603	-0.308433	0.00099601
1	3197	-0.372156	-0.308453	0.000995897
1	3198	-0.317071	-0.308456	0.00099559
1	3199	-0.319719	-0.308459	0.000995285
1	3200	-0.360008	-0.308476	0.000995104
1	3201	-0.380758	-0.308498	0.000995049
1	3202	-0.382396	-0.308521	0.000995006
1	3203	-0.340256	-0.308531	0.000994745
1	3204	-0.305845	-0.30853	0.000994435
1	3205	-0.346172	-0.308542	0.000994194
1	3206	-0.377181	-0.308563	0.000994114
1	3207	-0.386887	-0.308588	0.000994104
1	3208	-0.385548	-0.308612	0.000994084
1	3209	-0.378226	-0.308634	0.000994011
1	3210	-0.371084	-0.308653	0.000993891
1	3211	-0.364756	-0.308671	0.000993735
1	3212	-0.357556	-0.308686	0.000993543
1	3213	-0.36039	-0.308702	0.000993364
1	3214	-0.372473	-0.308722	0.000993253
1	3215	-0.382596	-0.308745	0.000993209
1	3216	-0.388141	-0.308769	0.000993207
1	3217	-0.386075	-0.308793	0.000993189
1	3218	-0.377349	-0.308815	0.000993109
1	3219	-0.373561	-0.308835	0.000993004
1	3220	-0.369537	-0.308854	0.000992875
1	3221	-0.333395	-0.308861	0.000992596
1	3222	-0.316845	-0.308864	0.000992291
1	3223	-0.347101	-0.308876	0.000992054
1	3224	-0.334393	-0.308884	0.000991778
1	3225	-0.302556	-0.308882	0.000991472
1	3226	-0.326943	-0.308887	0.000991181
1	3227	-0.379904	-0.308909	0.000991118
1	3228	-0.394373	-0.308936	0.000991164
1	3229	-0.380592	-0.308958	0.000991106
1	3230	-0.365492	-0.308975	0.000990953
1	3231	-0.35639	-0.30899	0.000990755
1	3232	-0.340356	-0.309	0.000990496
1	3233	-0.312403	-0.309001	0.000990191
1	3234	-0.365692	-0.309018	0.00099004
1	3235	-0.413246	-0.309051	0.000990258
1	3236	-0.418496	-0.309084	0.000990529
1	3237	-0.406189	-0.309114	0.000990677
1	3238	-0.399739	-0.309142	0.000990766
1	3239	-0.414323	-0.309175	0.000990993
1	3240	-0.437007	-0.309214	0.000991472
1	3241	-0.442927	-0.309256	0.000992024
1	3242	-0.421014	-0.30929	0.000992317
1	3243	-0.405136	-0.30932	0.000992451
1	3244	-0.376094	-0.30934	0.000992358
1	3245	-0.343807	-0.309351	0.000992109
1	3246	-0.333859	-0.309358	0.000991832
1	3247	-0.354274	-0.309372	0.000991623
1	3248	-0.394916	-0.309398	0.000991668
1	3249	-0.428058	-0.309435	0.000992035
1	3250	-0.439748	-0.309475	0.00099254
1	3251	-0.433209	-0.309513	0.000992964
1	3252	-0.418017	-0.309546	0.000993219
1	3253	-0.404813	-0.309576	0.000993345
1	3254	-0.399564	-0.309603	0.000993425
1	3255	-0.394378	-0.309629	0.000993461
1	3256	-0.38087	-0.309651	0.000993397
1	3257	-0.361519	-0.309667	0.000993219
1	3258	-0.34099	-0.309677	0.000992961
1	3259	-0.35824	-0.309692	0.000992768
1	3260	-0.396895	-0.309719	0.000992824
1	3261	-0.413772	-0.30975	0.000993032
1	3262	-0.414765	-0.309783	0.000993249
1	3263	-0.400852	-0.309811	0.000993337
1	3264	-0.36036	-0.309826	0.000993153
1	3265	-0.367547	-0.309844	0.000993006
1	3266	-0.409553	-0.309874	0.000993172
1	3267	-0.424551	-0.309909	0.000993488
1	3268	-0.419097	-0.309943	0.000993745
1	3269	-0.400415	-0.30997	0.000993827
1	3270	-0.400545	-0.309998	0.000993909
1	3271	-0.405314	-0.310027	0.000994032
1	3272	-0.408338	-0.310057	0.000994182
1	3273	-0.424417	-0.310092	0.000994492
1	3274	-0.434214	-0.31013	0.000994911
1	3275	-0.410786	-0.310161	0.000995082
1	3276	-0.360324	-0.310176	0.000994896
1	3277	-0.34818	-0.310188	0.00099466
1	3278	-0.412738	-0.310219	0.000994848
1	3279	-0.441968	-0.310259	0.000995356
1	3280	-0.441387	-0.310299	0.000995855
1	3281	-0.42361	-0.310334	0.00099615
1	3282	-0.392262	-0.310359	0.000996159
1	3283	-0.370857	-0.310377	0.000996026
1	3284	-0.372338	-0.310396	0.000995901
1	3285	-0.350312	-0.310408	0.000995672
1	3286	-0.401807	-0.310436	0.000995758
1	3287	-0.426486	-0.310471	0.000996081
1	3288	-0.420038	-0.310505	0.000996335
1	3289	-0.405294	-0.310533	0.000996449
1	3290	-0.393563	-0.310559	0.000996465
1	3291	-0.392659	-0.310584	0.000996475
1	3292	-0.385997	-0.310607	0.000996435
1	3293	-0.360703	-0.310622	0.000996249
1	3294	-0.369181	-0.31064	0.000996105
1	3295	-0.418929	-0.310672	0.000996345
1	3296	-0.443341	-0.310713	0.000996855
1	3297	-0.429272	-0.310749	0.000997201
1	3298	-0.410384	-0.310779	0.000997356
1	3299	-0.427755	-0.310814	0.000997684
1	3300	-0.440879	-0.310854	0.00099816
1	3301	-0.442855	-0.310894	0.000998658
1	3302	-0.441477	-0.310933	0.000999139
1	3303	-0.440037	-0.310972	0.0009996
1	3304	-0.430786	-0.311009	0.000999955
1	3305	-0.42584	-0.311043	0.00100026
1	3306	-0.453455	-0.311086	0.00100088
1	3307	-0.469274	-0.311134	0.00100172
1	3308	-0.426171	-0.311169	0.00100202
1	3309	-0.437151	-0.311207	0.00100244
1	3310	-0.490055	-0.311261	0.00100359
1	3311	-0.484568	-0.311313	0.00100465
1	3312	-0.458177	-0.311358	0.00100533
1	3313	-0.454537	-0.311401	0.00100595
1	3314	-0.470881	-0.311449	0.0010068
1	3315	-0.472233	-0.311498	0.00100767
1	3316	-0.455031	-0.311541	0.00100829
1	3317	-0.430421	-0.311577	0.00100862
1	3318	-0.417562	-0.311609	0.00100883
1	3319	-0.433435	-0.311645	0.00100919
1	3320	-0.459309	-0.31169	0.00100986
1	3321	-0.485071	-0.311742	0.00101091
1	3322	-0.480211	-0.311793	0.00101188
1	3323	-0.425713	-0.311827	0.00101215
1	3324	-0.429626	-0.311863	0.00101247
1	3325	-0.427863	-0.311897	0.00101276
1	3326	-0.370366	-0.311915	0.00101261
1	3327	-0.361806	-0.31193	0.00101242
1	3328	-0.407699	-0.311959	0.00101252
1	3329	-0.428175	-0.311994	0.00101282
1	3330	-0.421541	-0.312027	0.00101305
1	3331	-0.380917	-0.312047	0.00101296
1	3332	-0.37418	-0.312066	0.00101283
1	3333	-0.394931	-0.312091	0.00101283
1	3334	-0.407436	-0.312119	0.00101293
1	3335	-0.41418	-0.31215	0.00101308
1	3336	-0.410389	-0.312179	0.00101321
1	3337	-0.385697	-0.312201	0.00101315
1	3338	-0.364941	-0.312217	0.00101296
1	3339	-0.375118	-0.312236	0.00101284
1	3340	-0.384325	-0.312258	0.00101276
1	3341	-0.388332	-0.31228	0.00101272
1	3342	-0.370131	-0.312298	0.00101256
1	3343	-0.34196	-0.312307	0.0010123
1	3344	-0.322512	-0.31231	0.001012
1	3345	-0.336133	-0.312317	0.00101172
1	3346	-0.373499	-0.312335	0.00101158
1	3347	-0.358692	-0.312349	0.00101138
1	3348	-0.296423	-0.312344	0.00101109
1	3349	-0.321541	-0.312347	0.00101079
1	3350	-0.350449	-0.312358	0.00101055
1	3351	-0.34962	-0.312369	0.00101031
1	3352	-0.337792	-0.312377	0.00101004
1	3353	-0.328927	-0.312382	0.00100975
1	3354	-0.324822	-0.312386	0.00100945
1	3355	-0.320277	-0.312388	0.00100916
1	3356	-0.311049	-0.312388	0.00100885
1	3357	-0.30648	-0.312386	0.00100856
1	3358	-0.316757	-0.312387	0.00100826
1	3359	-0.322862	-0.31239	0.00100796
1	3360	-0.318458	-0.312392	0.00100766
1	3361	-0.3131	-0.312392	0.00100736
1	3362	-0.312672	-0.312392	0.00100706
1	3363	-0.313453	-0.312393	0.00100676
1	3364	-0.310723	-0.312392	0.00100646
1	3365	-0.30808	-0.312391	0.00100617
1	3366	-0.31041	-0.31239	0.00100587
1	3367	-0.308639	-0.312389	0.00100557
1	3368	-0.291666	-0.312383	0.00100529
1	3369	-0.283622	-0.312375	0.00100503
1	3370	-0.300683	-0.312371	0.00100473
1	3371	-0.312045	-0.312371	0.00100444
1	3372	-0.297534	-0.312367	0.00100415
1	3373	-0.272054	-0.312355	0.00100392
1	3374	-0.278754	-0.312345	0.00100367
1	3375	-0.294848	-0.312339	0.00100339
1	3376	-0.30928	-0.312339	0.00100309
1	3377	-0.311999	-0.312338	0.0010028
1	3378	-0.286611	-0.312331	0.00100253
1	3379	-0.22669	-0.312305	0.00100255
1	3380	-0.248159	-0.312287	0.00100243
1	3381	-0.301743	-0.312283	0.00100214
1	3382	-0.309317	-0.312283	0.00100185
1	3383	-0.309929	-0.312282	0.00100155
1	3384	-0.306877	-0.31228	0.00100126
1	3385	-0.289125	-0.312273	0.00100098
1	3386	-0.274862	-0.312262	0.00100075
1	3387	-0.288266	-0.312255	0.00100048
1	3388	-0.295514	-0.31225	0.0010002
1	3389	-0.285201	-0.312242	0.000999933
1	3390	-0.282933	-0.312234	0.000999675
1	3391	-0.305675	-0.312232	0.000999382
1	3392	-0.321759	-0.312235	0.000999092
1	3393	-0.32405	-0.312238	0.000998803
1	3394	-0.324977	-0.312242	0.000998516
1	3395	-0.32485	-0.312246	0.000998229
1	3396	-0.318237	-0.312247	0.000997936
1	3397	-0.326326	-0.312251	0.000997651
1	3398	-0.339234	-0.312259	0.000997389
1	3399	-0.340444	-0.312268	0.00099713
1	3400	-0.339527	-0.312276	0.000996869
1	3401	-0.330924	-0.312281	0.000996591
1	3402	-0.314936	-0.312282	0.000996298
1	3403	-0.312925	-0.312282	0.000996006
1	3404	-0.32718	-0.312287	0.000995723
1	3405	-0.338802	-0.312294	0.000995461
1	3406	-0.343956	-0.312304	0.000995212
1	3407	-0.323983	-0.312307	0.000994926
1	3408	-0.26603	-0.312293	0.000994726
1	3409	-0.277063	-0.312283	0.000994488
1	3410	-0.343988	-0.312292	0.00099424
1	3411	-0.356204	-0.312305	0.000994032
1	3412	-0.33419	-0.312312	0.000993761
1	3413	-0.307809	-0.31231	0.000993471
1	3414	-0.298073	-0.312306	0.000993189
1	3415	-0.307594	-0.312305	0.000992899
1	3416	-0.324264	-0.312308	0.000992614
1	3417	-0.334849	-0.312315	0.000992346
1	3418	-0.335094	-0.312322	0.000992078
1	3419	-0.326549	-0.312326	0.000991796
1	3420	-0.316021	-0.312327	0.000991507
1	3421	-0.310334	-0.312326	0.000991217
1	3422	-0.311913	-0.312326	0.000990928
1	3423	-0.320103	-0.312328	0.000990641
1	3424	-0.324583	-0.312332	0.000990358
1	3425	-0.32298	-0.312335	0.000990074
1	3426	-0.321927	-0.312338	0.000989789
1	3427	-0.320974	-0.31234	0.000989503
1	3428	-0.310841	-0.31234	0.000989215
1	3429	-0.295055	-0.312335	0.000988939
1	3430	-0.295015	-0.31233	0.000988663
1	3431	-0.301027	-0.312327	0.000988381
1	3432	-0.299938	-0.312323	0.000988099
1	3433	-0.328875	-0.312328	0.000987823
1	3434	-0.350066	-0.312339	0.000987597
1	3435	-0.330865	-0.312344	0.000987324
1	3436	-0.304855	-0.312342	0.000987039
1	3437	-0.302801	-0.312339	0.000986756
1	3438	-0.307247	-0.312338	0.00098647
1	3439	-0.312019	-0.312338	0.000986183
1	3440	-0.323863	-0.312341	0.000985902
1	3441	-0.33377	-0.312347	0.000985635
1	3442	-0.330721	-0.312353	0.000985363
1	3443	-0.321282	-0.312355	0.000985081
1	3444	-0.303786	-0.312353	0.000984798
1	3445	-0.266068	-0.312339	0.000984603
1	3446	-0.258565	-0.312324	0.000984441
1	3447	-0.279841	-0.312314	0.000984201
1	3448	-0.288958	-0.312307	0.000983939
1	3449	-0.266746	-0.312294	0.000983742
1	3450	-0.240392	-0.312273	0.000983678
1	3451	-0.258052	-0.312258	0.000983518
1	3452	-0.289042	-0.312251	0.000983256
1	3453	-0.300795	-0.312248	0.000982977
1	3454	-0.290094	-0.312241	0.000982713
1	3455	-0.267456	-0.312228	0.000982514
1	3456	-0.240838	-0.312208	0.000982447
1	3457	-0.184105	-0.312171	0.000982862
1	3458	-0.2003	-0.312138	0.00098311
1	3459	-0.247336	-0.312119	0.000983004
1	3460	-0.234014	-0.312097	0.000982979
1	3461	-0.225474	-0.312072	0.000983014
1	3462	-0.237679	-0.31205	0.000982965
1	3463	-0.25233	-0.312033	0.000982832
1	3464	-0.253819	-0.312016	0.000982692
1	3465	-0.225238	-0.311991	0.000982727
1	3466	-0.190381	-0.311956	0.00098307
1	3467	-0.204924	-0.311925	0.000983271
1	3468	-0.229867	-0.311902	0.000983272
1	3469	-0.247123	-0.311883	0.000983166
1	3470	-0.240364	-0.311862	0.000983099
1	3471	-0.210614	-0.311833	0.000983248
1	3472	-0.224526	-0.311808	0.000983286
1	3473	-0.243241	-0.311788	0.000983202
1	3474	-0.254593	-0.311772	0.000983056
1	3475	-0.254201	-0.311755	0.000982913
1	3476	-0.238348	-0.311734	0.000982857
1	3477	-0.243853	-0.311715	0.000982768
1	3478	-0.265502	-0.311701	0.000982576
1	3479	-0.265147	-0.311688	0.000982384
1	3480	-0.239366	-0.311667	0.000982322
1	3481	-0.230238	-0.311644	0.000982318
1	3482	-0.253452	-0.311627	0.000982178
1	3483	-0.263381	-0.311613	0.000981994
1	3484	-0.258369	-0.311598	0.000981831
1	3485	-0.261648	-0.311584	0.000981654
1	3486	-0.274111	-0.311573	0.000981431
1	3487	-0.280422	-0.311564	0.00098119
1	3488	-0.28141	-0.311555	0.000980947
1	3489	-0.291975	-0.31155	0.000980682
1	3490	-0.301137	-0.311547	0.000980405
1	3491	-0.28058	-0.311538	0.000980165
1	3492	-0.236127	-0.311516	0.000980122
1	3493	-0.2453	-0.311497	0.000980025
1	3494	-0.29588	-0.311493	0.000979754
1	3495	-0.313125	-0.311493	0.000979474
1	3496	-0.28111	-0.311485	0.000979232
1	3497	-0.269368	-0.311473	0.000979026
1	3498	-0.324288	-0.311476	0.000978753
1	3499	-0.355787	-0.311489	0.000978556
1	3500	-0.36095	-0.311503	0.000978378
1	3501	-0.350629	-0.311514	0.000978162
1	3502	-0.337431	-0.311522	0.000977911
1	3503	-0.340043	-0.31153	0.000977666
1	3504	-0.34096	-0.311538	0.000977423
1	3505	-0.329318	-0.311543	0.000977157
1	3506	-0.349647	-0.311554	0.000976939
1	3507	-0.398194	-0.311579	0.000976973
1	3508	-0.409803	-0.311607	0.000977095
1	3509	-0.393821	-0.31163	0.000977098
1	3510	-0.397222	-0.311655	0.000977124
1	3511	-0.396726	-0.311679	0.000977146
1	3512	-0.38868	-0.311701	0.000977113
1	3513	-0.394321	-0.311724	0.000977118
1	3514	-0.400879	-0.31175	0.00097717
1	3515	-0.388591	-0.311771	0.000977136
1	3516	-0.35685	-0.311784	0.000976942
1	3517	-0.347193	-0.311794	0.000976716
1	3518	-0.363397	-0.311809	0.000976549
1	3519	-0.309503	-0.311808	0.000976272
1	3520	-0.303649	-0.311806	0.000975997
1	3521	-0.334557	-0.311813	0.000975741
1	3522	-0.354674	-0.311825	0.00097554
1	3523	-0.384955	-0.311845	0.000975484
1	3524	-0.386533	-0.311867	0.000975437
1	3525	-0.381625	-0.311886	0.000975361
1	3526	-0.375029	-0.311904	0.000975249
1	3527	-0.363902	-0.311919	0.000975084
1	3528	-0.359952	-0.311933	0.000974903
1	3529	-0.367955	-0.311949	0.000974756
1	3530	-0.356475	-0.311961	0.000974561
1	3531	-0.338634	-0.311969	0.000974314
1	3532	-0.348193	-0.311979	0.000974093
1	3533	-0.36667	-0.311994	0.00097394
1	3534	-0.377656	-0.312013	0.000973841
1	3535	-0.358541	-0.312026	0.000973655
1	3536	-0.280174	-0.312017	0.000973421
1	3537	-0.301174	-0.312014	0.000973151
1	3538	-0.336688	-0.312021	0.000972901
1	3539	-0.296571	-0.312017	0.000972636
1	3540	-0.333079	-0.312023	0.000972379
1	3541	-0.356016	-0.312035	0.000972184
1	3542	-0.334162	-0.312041	0.000971929
1	3543	-0.313394	-0.312042	0.000971655
1	3544	-0.34485	-0.312051	0.000971425
1	3545	-0.383225	-0.312071	0.000971359
1	3546	-0.392769	-0.312094	0.000971351
1	3547	-0.371087	-0.31211	0.00097122
1	3548	-0.347203	-0.31212	0.000970996
1	3549	-0.352583	-0.312132	0.00097079
1	3550	-0.362527	-0.312146	0.00097062
1	3551	-0.363865	-0.312161	0.000970456
1	3552	-0.363517	-0.312175	0.00097029
1	3553	-0.358305	-0.312188	0.000970104
1	3554	-0.342889	-0.312197	0.00096987
1	3555	-0.3433	-0.312205	0.000969636
1	3556	-0.363135	-0.31222	0.000969469
1	3557	-0.371622	-0.312236	0.000969341
1	3558	-0.342192	-0.312245	0.000969105
1	3559	-0.247003	-0.312226	0.000969006
1	3560	-0.219051	-0.3122	0.000969087
1	3561	-0.287359	-0.312193	0.00096884
1	3562	-0.331313	-0.312199	0.000968583
1	3563	-0.350637	-0.312209	0.000968371
1	3564	-0.353187	-0.312221	0.000968168
1	3565	-0.34487	-0.31223	0.000967939
1	3566	-0.334226	-0.312236	0.000967688
1	3567	-0.31457	-0.312237	0.000967417
1	3568	-0.2684	-0.312225	0.000967223
1	3569	-0.262536	-0.312211	0.000967053
1	3570	-0.295631	-0.312206	0.000966793
1	3571	-0.310863	-0.312206	0.000966522
1	3572	-0.307664	-0.312204	0.000966252
1	3573	-0.284055	-0.312197	0.000966014
1	3574	-0.249544	-0.312179	0.000965903
1	3575	-0.242379	-0.31216	0.00096583
1	3576	-0.267529	-0.312147	0.000965641
1	3577	-0.289726	-0.312141	0.000965391
1	3578	-0.290238	-0.312135	0.000965141
1	3579	-0.287736	-0.312128	0.000964895
1	3580	-0.294771	-0.312123	0.000964638
1	3581	-0.289338	-0.312117	0.000964389
1	3582	-0.250469	-0.312099	0.000964274
1	3583	-0.245994	-0.312081	0.000964181
1	3584	-0.29979	-0.312078	0.000963918
1	3585	-0.326248	-0.312081	0.000963657
1	3586	-0.324436	-0.312085	0.000963395
1	3587	-0.315392	-0.312086	0.000963127
1	3588	-0.318514	-0.312088	0.00096286
1	3589	-0.328262	-0.312092	0.000962602
1	3590	-0.331589	-0.312098	0.000962349
1	3591	-0.329805	-0.312103	0.000962094
1	3592	-0.331619	-0.312108	0.000961841
1	3593	-0.334582	-0.312114	0.000961594
1	3594	-0.322915	-0.312117	0.000961331
1	3595	-0.31059	-0.312117	0.000961064
1	3596	-0.329664	-0.312122	0.000960809
1	3597	-0.336743	-0.312128	0.000960566
1	3598	-0.323178	-0.312132	0.000960304
1	3599	-0.316899	-0.312133	0.000960038
1	3600	-0.327753	-0.312137	0.000959781
1	3601	-0.332897	-0.312143	0.000959532
1	3602	-0.312499	-0.312143	0.000959266
1	3603	-0.263717	-0.31213	0.000959094
1	3604	-0.269175	-0.312118	0.000958902
1	3605	-0.316368	-0.312119	0.000958636
1	3606	-0.332148	-0.312124	0.000958387
1	3607	-0.331822	-0.31213	0.000958136
1	3608	-0.332046	-0.312135	0.000957887
1	3609	-0.334662	-0.312142	0.000957642
1	3610	-0.331815	-0.312147	0.000957392
1	3611	-0.315197	-0.312148	0.000957127
1	3612	-0.298124	-0.312144	0.00095687
1	3613	-0.293691	-0.312139	0.000956619
1	3614	-0.297773	-0.312135	0.000956362
1	3615	-0.324504	-0.312138	0.000956104
1	3616	-0.347517	-0.312148	0.00095589
1	3617	-0.354725	-0.31216	0.000955698
1	3618	-0.351996	-0.312171	0.000955497
1	3619	-0.346002	-0.31218	0.000955279
1	3620	-0.340452	-0.312188	0.000955047
1	3621	-0.338675	-0.312195	0.000954811
1	3622	-0.338325	-0.312203	0.000954575
1	3623	-0.338318	-0.31221	0.000954339
1	3624	-0.36123	-0.312223	0.000954171
1	3625	-0.378586	-0.312242	0.000954083
1	3626	-0.353203	-0.312253	0.000953887
1	3627	-0.287243	-0.312246	0.000953649
1	3628	-0.276618	-0.312236	0.000953437
1	3629	-0.326483	-0.31224	0.000953182
1	3630	-0.338094	-0.312247	0.000952946
1	3631	-0.374501	-0.312265	0.000952838
1	3632	-0.382652	-0.312284	0.000952773
1	3633	-0.340988	-0.312292	0.000952543
1	3634	-0.281143	-0.312283	0.00095232
1	3635	-0.305926	-0.312281	0.000952059
1	3636	-0.353511	-0.312293	0.000951865
1	3637	-0.359096	-0.312306	0.00095169
1	3638	-0.335806	-0.312312	0.000951451
1	3639	-0.274244	-0.312302	0.000951247
1	3640	-0.271756	-0.312291	0.00095105
1	3641	-0.311899	-0.31229	0.000950789
1	3642	-0.318428	-0.312292	0.00095053
1	3643	-0.347282	-0.312302	0.000950317
1	3644	-0.365808	-0.312316	0.00095017
1	3645	-0.357503	-0.312329	0.00094999
1	3646	-0.345657	-0.312338	0.000949774
1	3647	-0.338229	-0.312345	0.00094954
1	3648	-0.33855	-0.312352	0.000949307
1	3649	-0.350814	-0.312363	0.000949105
1	3650	-0.362218	-0.312376	0.000948943
1	3651	-0.367747	-0.312392	0.000948804
1	3652	-0.362841	-0.312405	0.000948645
1	3653	-0.328933	-0.31241	0.000948396
1	3654	-0.306615	-0.312408	0.000948138
1	3655	-0.338722	-0.312416	0.000947906
1	3656	-0.355039	-0.312427	0.000947718
1	3657	-0.360845	-0.31244	0.000947552
1	3658	-0.348164	-0.31245	0.000947343
1	3659	-0.309797	-0.312449	0.000947084
1	3660	-0.327046	-0.312453	0.000946834
1	3661	-0.337475	-0.31246	0.0009466
1	3662	-0.323629	-0.312463	0.000946346
1	3663	-0.32618	-0.312467	0.000946095
1	3664	-0.315211	-0.312468	0.000945838
1	3665	-0.269395	-0.312456	0.000945653
1	3666	-0.282122	-0.312448	0.000945431
1	3667	-0.34345	-0.312456	0.000945211
1	3668	-0.358724	-0.312469	0.000945037
1	3669	-0.356079	-0.312481	0.000944854
1	3670	-0.344127	-0.312489	0.000944636
1	3671	-0.315463	-0.31249	0.000944379
1	3672	-0.30629	-0.312489	0.000944124
1	3673	-0.34089	-0.312496	0.000943898
1	3674	-0.337459	-0.312503	0.000943666
1	3675	-0.29115	-0.312497	0.000943427
1	3676	-0.277838	-0.312488	0.000943217
1	3677	-0.317988	-0.312489	0.000942962
1	3678	-0.345785	-0.312498	0.000942749
1	3679	-0.347066	-0.312508	0.00094254
1	3680	-0.32892	-0.312512	0.000942294
1	3681	-0.255387	-0.312497	0.000942166
1	3682	-0.212825	-0.31247	0.000942299
1	3683	-0.278624	-0.31246	0.000942088
1	3684	-0.297175	-0.312456	0.000941841
1	3685	-0.315097	-0.312457	0.000941586
1	3686	-0.326569	-0.312461	0.000941338
1	3687	-0.314846	-0.312461	0.000941083
1	3688	-0.28525	-0.312454	0.000940857
1	3689	-0.256952	-0.312439	0.000940722
1	3690	-0.233755	-0.312418	0.000940709
1	3691	-0.220883	-0.312393	0.000940781
1	3692	-0.241543	-0.312374	0.000940722
1	3693	-0.250107	-0.312357	0.000940618
1	3694	-0.240603	-0.312337	0.000940564
1	3695	-0.237394	-0.312317	0.000940528
1	3696	-0.256609	-0.312302	0.000940394
1	3697	-0.271626	-0.312291	0.000940204
1	3698	-0.273117	-0.312281	0.00094001
1	3699	-0.267943	-0.312269	0.000939832
1	3700	-0.262003	-0.312255	0.000939676
1	3701	-0.262377	-0.312241	0.000939519
1	3702	-0.267538	-0.312229	0.000939343
1	3703	-0.273918	-0.312219	0.000939146
1	3704	-0.281311	-0.312211	0.00093893
1	3705	-0.265804	-0.312198	0.00093876
1	3706	-0.228759	-0.312176	0.000938776
1	3707	-0.241615	-0.312157	0.000938716
1	3708	-0.26039	-0.312143	0.000938567
1	3709	-0.212533	-0.312116	0.000938698
1	3710	-0.209564	-0.312088	0.000938852
1	3711	-0.304051	-0.312086	0.000938601
1	3712	-0.331755	-0.312091	0.000938363
1	3713	-0.309595	-0.312091	0.000938111
1	3714	-0.277217	-0.312081	0.000937905
1	3715	-0.265963	-0.312069	0.000937735
1	3716	-0.28693	-0.312062	0.000937507
1	3717	-0.314815	-0.312063	0.000937255
1	3718	-0.311938	-0.312063	0.000937003
1	3719	-0.261322	-0.312049	0.00093685
1	3720	-0.250193	-0.312032	0.000936746
1	3721	-0.288017	-0.312026	0.000936517
1	3722	-0.317031	-0.312027	0.000936266
1	3723	-0.332605	-0.312033	0.000936031
1	3724	-0.342312	-0.312041	0.000935815
1	3725	-0.348549	-0.312051	0.000935615
1	3726	-0.353194	-0.312062	0.000935429
1	3727	-0.354151	-0.312073	0.000935246
1	3728	-0.350243	-0.312083	0.000935051
1	3729	-0.334334	-0.312089	0.000934819
1	3730	-0.276752	-0.31208	0.000934617
1	3731	-0.277651	-0.312071	0.000934412
1	3732	-0.324801	-0.312074	0.000934168
1	3733	-0.319546	-0.312076	0.00093392
1	3734	-0.306161	-0.312074	0.000933671
1	3735	-0.297422	-0.312071	0.000933429
1	3736	-0.318048	-0.312072	0.000933181
1	3737	-0.340385	-0.31208	0.000932962
1	3738	-0.329978	-0.312085	0.000932724
1	3739	-0.331821	-0.31209	0.00093249
1	3740	-0.359029	-0.312102	0.000932325
1	3741	-0.379374	-0.31212	0.000932249
1	3742	-0.381708	-0.312139	0.000932185
1	3743	-0.374887	-0.312156	0.000932087
1	3744	-0.365273	-0.31217	0.000931946
1	3745	-0.340739	-0.312178	0.000931729
1	3746	-0.332308	-0.312183	0.000931495
1	3747	-0.35783	-0.312195	0.000931326
1	3748	-0.371701	-0.312211	0.000931213
1	3749	-0.339111	-0.312218	0.000930992
1	3750	-0.266538	-0.312206	0.000930824
1	3751	-0.314417	-0.312207	0.000930576
1	3752	-0.367489	-0.312221	0.000930445
1	3753	-0.381142	-0.31224	0.000930378
1	3754	-0.39061	-0.312261	0.000930364
1	3755	-0.402541	-0.312285	0.000930427
1	3756	-0.404279	-0.312309	0.000930502
1	3757	-0.386475	-0.312329	0.000930463
1	3758	-0.361544	-0.312342	0.000930308
1	3759	-0.319543	-0.312344	0.000930062
1	3760	-0.27906	-0.312335	0.000929857
1	3761	-0.278572	-0.312326	0.000929653
1	3762	-0.306134	-0.312324	0.000929408
1	3763	-0.35559	-0.312336	0.000929232
1	3764	-0.405541	-0.312361	0.000929315
1	3765	-0.431094	-0.312392	0.000929603
1	3766	-0.429853	-0.312423	0.000929879
1	3767	-0.418061	-0.312451	0.000930055
1	3768	-0.422103	-0.31248	0.000930263
1	3769	-0.427179	-0.312511	0.000930514
1	3770	-0.417115	-0.312539	0.000930681
1	3771	-0.399617	-0.312562	0.000930721
1	3772	-0.385764	-0.312581	0.000930676
1	3773	-0.37034	-0.312596	0.000930555
1	3774	-0.33092	-0.312601	0.000930321
1	3775	-0.315782	-0.312602	0.000930075
1	3776	-0.382225	-0.312621	0.000930012
1	3777	-0.41957	-0.312649	0.000930197
1	3778	-0.406565	-0.312674	0.000930282
1	3779	-0.401679	-0.312697	0.000930334
1	3780	-0.422802	-0.312726	0.000930544
1	3781	-0.431679	-0.312758	0.00093083
1	3782	-0.432788	-0.31279	0.000931124
1	3783	-0.438731	-0.312823	0.000931473
1	3784	-0.430969	-0.312854	0.00093175
1	3785	-0.387384	-0.312874	0.000931712
1	3786	-0.354802	-0.312885	0.000931532
1	3787	-0.386034	-0.312904	0.000931486
1	3788	-0.407341	-0.312929	0.000931574
1	3789	-0.405542	-0.312954	0.000931648
1	3790	-0.409424	-0.312979	0.00093175
1	3791	-0.421656	-0.313008	0.000931945
1	3792	-0.41829	-0.313035	0.000932113
1	3793	-0.400546	-0.313059	0.000932153
1	3794	-0.39567	-0.31308	0.000932161
1	3795	-0.398848	-0.313103	0.00093219
1	3796	-0.381977	-0.313121	0.000932121
1	3797	-0.366164	-0.313135	0.00093198
1	3798	-0.367185	-0.313149	0.000931843
1	3799	-0.344251	-0.313157	0.000931634
1	3800	-0.326757	-0.313161	0.000931396
1	3801	-0.34213	-0.313169	0.000931182
1	3802	-0.377553	-0.313186	0.000931091
1	3803	-0.395678	-0.313207	0.000931099
1	3804	-0.393525	-0.313228	0.000931093
1	3805	-0.379869	-0.313246	0.000931013
1	3806	-0.341115	-0.313253	0.000930797
1	3807	-0.312228	-0.313253	0.000930553
1	3808	-0.34421	-0.313261	0.000930344
1	3809	-0.342891	-0.313269	0.000930132
1	3810	-0.270784	-0.313258	0.000929955
1	3811	-0.288825	-0.313251	0.000929733
1	3812	-0.377623	-0.313268	0.000929643
1	3813	-0.393894	-0.313289	0.000929639
1	3814	-0.389319	-0.313309	0.000929609
1	3815	-0.377472	-0.313326	0.000929518
1	3816	-0.362099	-0.313339	0.000929362
1	3817	-0.35905	-0.313351	0.000929196
1	3818	-0.359298	-0.313363	0.00092903
1	3819	-0.353936	-0.313374	0.000928848
1	3820	-0.360119	-0.313386	0.000928685
1	3821	-0.366416	-0.3134	0.000928546
1	3822	-0.36281	-0.313413	0.000928393
1	3823	-0.352611	-0.313423	0.000928207
1	3824	-0.34838	-0.313432	0.000928009
1	3825	-0.328589	-0.313436	0.000927775
1	3826	-0.319822	-0.313438	0.000927534
1	3827	-0.351528	-0.313448	0.000927345
1	3828	-0.370157	-0.313462	0.000927221
1	3829	-0.379093	-0.313479	0.000927137
1	3830	-0.381866	-0.313497	0.000927067
1	3831	-0.381073	-0.313515	0.000926993
1	3832	-0.3799	-0.313532	0.000926913
1	3833	-0.372211	-0.313548	0.000926797
1	3834	-0.360695	-0.31356	0.000926637
1	3835	-0.357874	-0.313571	0.000926467
1	3836	-0.346621	-0.31358	0.000926266
1	3837	-0.324837	-0.313583	0.000926029
1	3838	-0.289246	-0.313577	0.00092581
1	3839	-0.269937	-0.313565	0.000925638
1	3840	-0.291561	-0.31356	0.000925415
1	3841	-0.334042	-0.313565	0.000925189
1	3842	-0.355771	-0.313576	0.000925014
1	3843	-0.362054	-0.313589	0.000924859
1	3844	-0.360835	-0.313601	0.0009247
1	3845	-0.353833	-0.313611	0.000924519
1	3846	-0.343423	-0.313619	0.000924311
1	3847	-0.333732	-0.313624	0.000924086
1	3848	-0.330396	-0.313629	0.000923856
1	3849	-0.335858	-0.313634	0.000923634
1	3850	-0.340788	-0.313641	0.000923421
1	3851	-0.335773	-0.313647	0.000923199
1	3852	-0.336599	-0.313653	0.000922978
1	3853	-0.337267	-0.313659	0.000922759
1	3854	-0.331087	-0.313664	0.000922531
1	3855	-0.334409	-0.313669	0.000922307
1	3856	-0.343377	-0.313677	0.0009221
1	3857	-0.346308	-0.313685	0.0009219
1	3858	-0.32582	-0.313688	0.000921666
1	3859	-0.306343	-0.313687	0.000921429
1	3860	-0.343725	-0.313694	0.000921224
1	3861	-0.368709	-0.313709	0.000921095
1	3862	-0.363417	-0.313721	0.000920947
1	3863	-0.347416	-0.31373	0.00092075
1	3864	-0.353148	-0.31374	0.000920568
1	3865	-0.366126	-0.313754	0.000920429
1	3866	-0.362687	-0.313767	0.000920278
1	3867	-0.336578	-0.313773	0.000920059
1	3868	-0.299774	-0.313769	0.000919828
1	3869	-0.303932	-0.313766	0.000919594
1	3870	-0.328318	-0.31377	0.000919364
1	3871	-0.339926	-0.313777	0.000919152
1	3872	-0.354446	-0.313787	0.000918974
1	3873	-0.361828	-0.3138	0.000918821
1	3874	-0.349281	-0.313809	0.000918629
1	3875	-0.31433	-0.313809	0.000918392
1	3876	-0.295871	-0.313804	0.000918167
1	3877	-0.317457	-0.313805	0.000917931
1	3878	-0.356509	-0.313816	0.00091776
1	3879	-0.373547	-0.313832	0.000917652
1	3880	-0.356409	-0.313843	0.000917482
1	3881	-0.332661	-0.313848	0.000917258
1	3882	-0.335059	-0.313853	0.000917038
1	3883	-0.343516	-0.313861	0.000916834
1	3884	-0.327859	-0.313864	0.000916605
1	3885	-0.304685	-0.313862	0.000916372
1	3886	-0.305085	-0.31386	0.000916139
1	3887	-0.334825	-0.313865	0.000915919
1	3888	-0.35483	-0.313876	0.000915744
1	3889	-0.352087	-0.313885	0.000915561
1	3890	-0.318331	-0.313887	0.000915326
1	3891	-0.305553	-0.313884	0.000915094
1	3892	-0.321984	-0.313887	0.000914861
1	3893	-0.31419	-0.313887	0.000914626
1	3894	-0.331464	-0.313891	0.000914402
1	3895	-0.350188	-0.3139	0.000914215
1	3896	-0.326928	-0.313904	0.000913986
1	3897	-0.308759	-0.313902	0.000913753
1	3898	-0.349435	-0.313912	0.000913564
1	3899	-0.380905	-0.313929	0.000913491
1	3900	-0.382867	-0.313946	0.000913428
1	3901	-0.372862	-0.313962	0.000913319
1	3902	-0.362092	-0.313974	0.000913168
1	3903	-0.355562	-0.313985	0.000912996
1	3904	-0.348864	-0.313993	0.000912806
1	3905	-0.332111	-0.313998	0.000912584
1	3906	-0.278459	-0.313989	0.000912396
1	3907	-0.223689	-0.313966	0.000912455
1	3908	-0.277037	-0.313956	0.00091227
1	3909	-0.363638	-0.313969	0.000912125
1	3910	-0.39345	-0.313989	0.000912119
1	3911	-0.377559	-0.314006	0.00091203
1	3912	-0.336736	-0.314012	0.000911816
1	3913	-0.326847	-0.314015	0.000911588
1	3914	-0.347621	-0.314023	0.000911396
1	3915	-0.356016	-0.314034	0.000911226
1	3916	-0.358546	-0.314046	0.000911065
1	3917	-0.365412	-0.314059	0.000910926
1	3918	-0.37146	-0.314073	0.000910812
1	3919	-0.356402	-0.314084	0.000910643
1	3920	-0.317507	-0.314085	0.000910411
1	3921	-0.301326	-0.314082	0.000910185
1	3922	-0.330409	-0.314086	0.000909962
1	3923	-0.36514	-0.314099	0.000909824
1	3924	-0.389155	-0.314118	0.000909793
1	3925	-0.400896	-0.31414	0.00090983
1	3926	-0.393881	-0.31416	0.000909824
1	3927	-0.370507	-0.314175	0.000909706
1	3928	-0.35881	-0.314186	0.000909545
1	3929	-0.360901	-0.314198	0.000909391
1	3930	-0.348327	-0.314207	0.000909202
1	3931	-0.335943	-0.314212	0.000908987
1	3932	-0.361975	-0.314224	0.000908837
1	3933	-0.387802	-0.314243	0.000908798
1	3934	-0.379382	-0.31426	0.000908718
1	3935	-0.369936	-0.314274	0.000908598
1	3936	-0.389003	-0.314293	0.000908565
1	3937	-0.411882	-0.314318	0.000908672
1	3938	-0.412721	-0.314343	0.000908785
1	3939	-0.397251	-0.314364	0.000908798
1	3940	-0.37348	-0.314379	0.000908691
1	3941	-0.352744	-0.314388	0.000908513
1	3942	-0.349156	-0.314397	0.000908325
1	3943	-0.364538	-0.31441	0.000908184
1	3944	-0.38048	-0.314427	0.000908108
1	3945	-0.390213	-0.314446	0.000908081
1	3946	-0.390743	-0.314465	0.000908057
1	3947	-0.325021	-0.314468	0.000907831
1	3948	-0.302517	-0.314465	0.000907606
1	3949	-0.372258	-0.314479	0.000907494
1	3950	-0.375336	-0.314495	0.000907395
1	3951	-0.347431	-0.314503	0.000907204
1	3952	-0.355638	-0.314514	0.000907034
1	3953	-0.357188	-0.314524	0.000906868
1	3954	-0.323076	-0.314527	0.000906642
1	3955	-0.242312	-0.314508	0.000906596
1	3956	-0.329525	-0.314512	0.000906375
1	3957	-0.392306	-0.314532	0.000906359
1	3958	-0.400521	-0.314554	0.000906391
1	3959	-0.402438	-0.314576	0.000906433
1	3960	-0.397295	-0.314597	0.000906445
1	3961	-0.36876	-0.31461	0.000906319
1	3962	-0.300303	-0.314607	0.000906098
1	3963	-0.264227	-0.314594	0.000905958
1	3964	-0.326283	-0.314597	0.000905735
1	3965	-0.371758	-0.314611	0.000905621
1	3966	-0.385648	-0.314629	0.00090557
1	3967	-0.382371	-0.314646	0.000905502
1	3968	-0.367408	-0.31466	0.000905372
1	3969	-0.350102	-0.314669	0.000905188
1	3970	-0.34176	-0.314675	0.000904986
1	3971	-0.333364	-0.31468	0.00090477
1	3972	-0.308792	-0.314679	0.000904543
1	3973	-0.268405	-0.314667	0.000904391
1	3974	-0.269209	-0.314655	0.000904235
1	3975	-0.279173	-0.314647	0.000904052
1	3976	-0.318004	-0.314647	0.000903825
1	3977	-0.353978	-0.314657	0.000903652
1	3978	-0.364763	-0.31467	0.000903512
1	3979	-0.355607	-0.31468	0.000903344
1	3980	-0.316686	-0.314681	0.000903117
1	3981	-0.280878	-0.314672	0.00090293
1	3982	-0.304094	-0.31467	0.000902707
1	3983	-0.332166	-0.314674	0.000902491
1	3984	-0.350703	-0.314683	0.00090231
1	3985	-0.360449	-0.314694	0.000902157
1	3986	-0.340029	-0.314701	0.000901953
1	3987	-0.305883	-0.314699	0.000901729
1	3988	-0.311509	-0.314698	0.000901504
1	3989	-0.326944	-0.314701	0.000901283
1	3990	-0.332402	-0.314705	0.000901068
1	3991	-0.32778	-0.314709	0.000900848
1	3992	-0.319733	-0.31471	0.000900623
1	3993	-0.317866	-0.314711	0.000900398
1	3994	-0.325486	-0.314713	0.000900177
1	3995	-0.334309	-0.314718	0.000899965
1	3996	-0.337608	-0.314724	0.000899758
1	3997	-0.333765	-0.314729	0.000899545
1	3998	-0.326933	-0.314732	0.000899325
1	3999	-0.324766	-0.314734	0.000899104
1	4000	-0.324038	-0.314737	0.000898882
1	4001	-0.318664	-0.314738	0.000898658
1	4002	-0.309253	-0.314736	0.000898435
1	4003	-0.293738	-0.314731	0.000898225
1	4004	-0.265545	-0.314719	0.000898085
1	4005	-0.279368	-0.31471	0.000897904
1	4006	-0.332303	-0.314714	0.000897691
1	4007	-0.362168	-0.314726	0.000897545
1	4008	-0.367235	-0.314739	0.000897417
1	4009	-0.355664	-0.314749	0.000897251
1	4010	-0.343427	-0.314757	0.000897056
1	4011	-0.32933	-0.31476	0.000896839
1	4012	-0.306143	-0.314758	0.000896618
1	4013	-0.322136	-0.31476	0.000896397
1	4014	-0.340797	-0.314766	0.000896197
1	4015	-0.34187	-0.314773	0.000895999
1	4016	-0.326624	-0.314776	0.000895781
1	4017	-0.217347	-0.314752	0.000895886
1	4018	-0.29718	-0.314747	0.000895674
1	4019	-0.315695	-0.314748	0.000895451
1	4020	-0.336545	-0.314753	0.000895245
1	4021	-0.337511	-0.314759	0.00089504
1	4022	-0.284538	-0.314751	0.000894849
1	4023	-0.314442	-0.314751	0.000894627
1	4024	-0.333041	-0.314756	0.000894416
1	4025	-0.312814	-0.314755	0.000894194
1	4026	-0.306503	-0.314753	0.000893974
1	4027	-0.321687	-0.314755	0.000893754
1	4028	-0.347549	-0.314763	0.000893569
1	4029	-0.360885	-0.314774	0.00089342
1	4030	-0.365606	-0.314787	0.000893288
1	4031	-0.362703	-0.314799	0.000893145
1	4032	-0.348705	-0.314807	0.000892963
1	4033	-0.332388	-0.314812	0.000892752
1	4034	-0.332912	-0.314816	0.000892542
1	4035	-0.339442	-0.314822	0.000892342
1	4036	-0.342722	-0.314829	0.000892148
1	4037	-0.348657	-0.314838	0.000891966
1	4038	-0.357234	-0.314848	0.000891807
1	4039	-0.35731	-0.314859	0.000891648
1	4040	-0.322276	-0.31486	0.000891429
1	4041	-0.258653	-0.314847	0.000891317
1	4042	-0.287178	-0.31484	0.000891123
1	4043	-0.338274	-0.314846	0.000890921
1	4044	-0.281015	-0.314837	0.00089074
1	4045	-0.302738	-0.314834	0.000890525
1	4046	-0.312835	-0.314834	0.000890305
1	4047	-0.305603	-0.314831	0.000890088
1	4048	-0.332387	-0.314836	0.000889879
1	4049	-0.341265	-0.314842	0.000889683
1	4050	-0.330999	-0.314846	0.000889472
1	4051	-0.334938	-0.314851	0.000889267
1	4052	-0.353248	-0.314861	0.000889098
1	4053	-0.362514	-0.314872	0.000888956
1	4054	-0.363824	-0.314885	0.000888819
1	4055	-0.363659	-0.314897	0.000888681
1	4056	-0.361985	-0.314908	0.000888538
1	4057	-0.354167	-0.314918	0.000888371
1	4058	-0.345124	-0.314925	0.000888184
1	4059	-0.34475	-0.314933	0.000887995
1	4060	-0.339066	-0.314939	0.000887796
1	4061	-0.331305	-0.314943	0.000887587
1	4062	-0.336777	-0.314948	0.000887385
1	4063	-0.333075	-0.314952	0.000887177
1	4064	-0.328842	-0.314956	0.000886966
1	4065	-0.354016	-0.314965	0.0008868
1	4066	-0.377614	-0.314981	0.000886715
1	4067	-0.394544	-0.315	0.000886713
1	4068	-0.404741	-0.315023	0.000886769
1	4069	-0.398587	-0.315043	0.000886789
1	4070	-0.364502	-0.315055	0.000886655
1	4071	-0.300512	-0.315052	0.000886444
1	4072	-0.317738	-0.315052	0.000886227
1	4073	-0.35699	-0.315063	0.000886069
1	4074	-0.362819	-0.315074	0.000885929
1	4075	-0.359223	-0.315085	0.000885778
1	4076	-0.360422	-0.315096	0.00088563
1	4077	-0.361244	-0.315108	0.000885485
1	4078	-0.350021	-0.315116	0.00088531
1	4079	-0.327803	-0.315119	0.000885098
1	4080	-0.317428	-0.31512	0.000884881
1	4081	-0.315848	-0.31512	0.000884664
1	4082	-0.318939	-0.315121	0.000884448
1	4083	-0.321245	-0.315122	0.000884233
1	4084	-0.321639	-0.315124	0.000884018
1	4085	-0.32035	-0.315125	0.000883802
1	4086	-0.316922	-0.315126	0.000883586
1	4087	-0.315921	-0.315126	0.00088337
1	4088	-0.317561	-0.315127	0.000883154
1	4089	-0.317817	-0.315127	0.000882938
1	4090	-0.315746	-0.315127	0.000882722
1	4091	-0.308991	-0.315126	0.000882508
1	4092	-0.28634	-0.315119	0.00088232
1	4093	-0.24637	-0.315102	0.000882265
1	4094	-0.236696	-0.315083	0.000882257
1	4095	-0.26405	-0.31507	0.00088213
1	4096	-0.29292	-0.315065	0.000881931
1	4097	-0.284592	-0.315058	0.000881747
1	4098	-0.261821	-0.315045	0.000881627
1	4099	-0.270151	-0.315034	0.00088148
1	4100	-0.287484	-0.315027	0.000881291
1	4101	-0.300906	-0.315023	0.000881083
1	4102	-0.30643	-0.315021	0.00088087
1	4103	-0.305974	-0.315019	0.000880659
1	4104	-0.301841	-0.315016	0.00088045
1	4105	-0.295397	-0.315011	0.000880248
1	4106	-0.288	-0.315005	0.000880059
1	4107	-0.283142	-0.314997	0.000879878
1	4108	-0.281318	-0.314989	0.000879702
1	4109	-0.269528	-0.314978	0.000879558
1	4110	-0.246263	-0.314961	0.000879503
1	4111	-0.247423	-0.314944	0.000879442
1	4112	-0.270195	-0.314934	0.000879296
1	4113	-0.285598	-0.314926	0.000879111
1	4114	-0.28581	-0.314919	0.000878926
1	4115	-0.280962	-0.314911	0.000878751
1	4116	-0.274179	-0.314901	0.000878593
1	4117	-0.259874	-0.314888	0.000878481
1	4118	-0.25684	-0.314874	0.000878381
1	4119	-0.268253	-0.314862	0.000878241
1	4120	-0.272775	-0.314852	0.000878087
1	4121	-0.269878	-0.314841	0.000877942
1	4122	-0.262434	-0.314829	0.000877821
1	4123	-0.242222	-0.314811	0.000877784
1	4124	-0.213737	-0.314786	0.000877914
1	4125	-0.228441	-0.314765	0.00087795
1	4126	-0.250415	-0.31475	0.000877876
1	4127	-0.232111	-0.31473	0.000877892
1	4128	-0.164563	-0.314693	0.000878432
1	4129	-0.228182	-0.314673	0.00087847
1	4130	-0.2803	-0.314664	0.000878296
1	4131	-0.291554	-0.314659	0.000878101
1	4132	-0.294419	-0.314654	0.000877903
1	4133	-0.285789	-0.314647	0.000877718
1	4134	-0.260353	-0.314634	0.000877604
1	4135	-0.238509	-0.314615	0.000877585
1	4136	-0.219456	-0.314592	0.000877674
1	4137	-0.231943	-0.314572	0.000877689
1	4138	-0.285428	-0.314565	0.000877505
1	4139	-0.296535	-0.314561	0.000877304
1	4140	-0.305621	-0.314559	0.000877095
1	4141	-0.325467	-0.314561	0.000876887
1	4142	-0.342344	-0.314568	0.000876701
1	4143	-0.356157	-0.314578	0.000876547
1	4144	-0.364457	-0.31459	0.000876418
1	4145	-0.350553	-0.314599	0.00087625
1	4146	-0.294964	-0.314594	0.000876051
1	4147	-0.240978	-0.314576	0.00087602
1	4148	-0.278984	-0.314568	0.00087585
1	4149	-0.343801	-0.314575	0.000875668
1	4150	-0.341184	-0.314581	0.00087548
1	4151	-0.323903	-0.314583	0.000875272
1	4152	-0.322236	-0.314585	0.000875063
1	4153	-0.340941	-0.314592	0.000874876
1	4154	-0.357693	-0.314602	0.000874727
1	4155	-0.343184	-0.314609	0.000874543
1	4156	-0.290192	-0.314603	0.000874352
1	4157	-0.238421	-0.314585	0.000874334
1	4158	-0.278772	-0.314576	0.000874166
1	4159	-0.332115	-0.31458	0.000873966
1	4160	-0.354893	-0.31459	0.00087381
1	4161	-0.368121	-0.314603	0.000873695
1	4162	-0.374617	-0.314617	0.000873604
1	4163	-0.370656	-0.314631	0.000873497
1	4164	-0.349679	-0.314639	0.000873328
1	4165	-0.316191	-0.314639	0.000873119
1	4166	-0.300382	-0.314636	0.000872916
1	4167	-0.329706	-0.31464	0.000872714
1	4168	-0.375467	-0.314654	0.000872626
1	4169	-0.397317	-0.314674	0.000872642
1	4170	-0.36828	-0.314687	0.000872528
1	4171	-0.281705	-0.314679	0.000872354
1	4172	-0.279981	-0.314671	0.000872185
1	4173	-0.369673	-0.314684	0.000872075
1	4174	-0.422137	-0.31471	0.000872246
1	4175	-0.410354	-0.314733	0.000872338
1	4176	-0.388284	-0.31475	0.000872307
1	4177	-0.389679	-0.314768	0.000872283
1	4178	-0.381524	-0.314784	0.00087222
1	4179	-0.352992	-0.314793	0.00087206
1	4180	-0.342793	-0.3148	0.000871877
1	4181	-0.366233	-0.314812	0.000871755
1	4182	-0.382993	-0.314829	0.000871699
1	4183	-0.388428	-0.314846	0.000871668
1	4184	-0.390501	-0.314864	0.000871647
1	4185	-0.385394	-0.314881	0.000871602
1	4186	-0.37068	-0.314894	0.000871496
1	4187	-0.356744	-0.314904	0.000871345
1	4188	-0.360353	-0.314915	0.000871204
1	4189	-0.358153	-0.314926	0.000871057
1	4190	-0.308548	-0.314924	0.000870851
1	4191	-0.289487	-0.314918	0.000870664
1	4192	-0.30949	-0.314917	0.000870457
1	4193	-0.304541	-0.314914	0.000870253
1	4194	-0.306136	-0.314912	0.000870048
1	4195	-0.317929	-0.314913	0.000869841
1	4196	-0.33066	-0.314917	0.000869642
1	4197	-0.342026	-0.314923	0.000869459
1	4198	-0.349157	-0.314931	0.00086929
1	4199	-0.352153	-0.31494	0.000869128
1	4200	-0.351519	-0.314949	0.000868965
1	4201	-0.344177	-0.314956	0.000868786
1	4202	-0.325924	-0.314958	0.000868583
1	4203	-0.306043	-0.314956	0.000868379
1	4204	-0.311962	-0.314955	0.000868173
1	4205	-0.341959	-0.314962	0.00086799
1	4206	-0.362426	-0.314973	0.000867857
1	4207	-0.357114	-0.314983	0.000867709
1	4208	-0.333136	-0.314988	0.000867513
1	4209	-0.31519	-0.314988	0.000867307
1	4210	-0.326994	-0.31499	0.000867106
1	4211	-0.323266	-0.314992	0.000866902
1	4212	-0.279399	-0.314984	0.000866737
1	4213	-0.301256	-0.314981	0.000866538
1	4214	-0.328234	-0.314984	0.000866338
1	4215	-0.335872	-0.314989	0.000866146
1	4216	-0.337412	-0.314994	0.000865957
1	4217	-0.332828	-0.314998	0.000865762
1	4218	-0.326161	-0.315001	0.000865561
1	4219	-0.321331	-0.315002	0.000865357
1	4220	-0.319866	-0.315004	0.000865153
1	4221	-0.319676	-0.315005	0.000864949
1	4222	-0.318865	-0.315006	0.000864744
1	4223	-0.316486	-0.315006	0.00086454
1	4224	-0.295888	-0.315001	0.000864347
1	4225	-0.271983	-0.314991	0.000864202
1	4226	-0.291659	-0.314986	0.000864015
1	4227	-0.328321	-0.314989	0.000863817
1	4228	-0.347217	-0.314997	0.000863646
1	4229	-0.338781	-0.315002	0.00086346
1	4230	-0.289023	-0.314996	0.000863278
1	4231	-0.284537	-0.314989	0.000863104
1	4232	-0.316905	-0.314989	0.0008629
1	4233	-0.337442	-0.314995	0.000862712
1	4234	-0.345179	-0.315002	0.000862538
1	4235	-0.342791	-0.315008	0.000862359
1	4236	-0.347425	-0.315016	0.00086219
1	4237	-0.337592	-0.315021	0.000862003
1	4238	-0.338913	-0.315027	0.000861818
1	4239	-0.355166	-0.315036	0.000861666
1	4240	-0.349846	-0.315045	0.000861502
1	4241	-0.329351	-0.315048	0.000861306
1	4242	-0.316051	-0.315048	0.000861103
1	4243	-0.308024	-0.315047	0.000860901
1	4244	-0.312447	-0.315046	0.000860699
1	4245	-0.324057	-0.315048	0.000860499
1	4246	-0.351513	-0.315057	0.000860339
1	4247	-0.378815	-0.315072	0.000860267
1	4248	-0.386874	-0.315089	0.000860231
1	4249	-0.371611	-0.315102	0.000860131
1	4250	-0.310559	-0.315101	0.000859929
1	4251	-0.199223	-0.315074	0.000860159
1	4252	-0.249892	-0.315058	0.000860093
1	4253	-0.330156	-0.315062	0.000859898
1	4254	-0.351356	-0.31507	0.000859739
1	4255	-0.357543	-0.31508	0.000859595
1	4256	-0.345399	-0.315087	0.000859422
1	4257	-0.322445	-0.315089	0.000859222
1	4258	-0.317826	-0.31509	0.00085902
1	4259	-0.317822	-0.31509	0.000858819
1	4260	-0.286289	-0.315084	0.000858644
1	4261	-0.281167	-0.315076	0.000858479
1	4262	-0.316074	-0.315076	0.000858278
1	4263	-0.333752	-0.31508	0.000858088
1	4264	-0.303845	-0.315078	0.000857891
1	4265	-0.266899	-0.315066	0.000857764
1	4266	-0.306789	-0.315064	0.000857565
1	4267	-0.348164	-0.315072	0.000857399
1	4268	-0.355514	-0.315082	0.000857251
1	4269	-0.349261	-0.31509	0.000857087
1	4270	-0.333291	-0.315094	0.000856897
1	4271	-0.300556	-0.315091	0.000856703
1	4272	-0.277741	-0.315082	0.000856547
1	4273	-0.282941	-0.315074	0.00085638
1	4274	-0.27768	-0.315065	0.000856224
1	4275	-0.276858	-0.315057	0.00085607
1	4276	-0.252418	-0.315042	0.000855996
1	4277	-0.233873	-0.315023	0.000856006
1	4278	-0.28398	-0.315016	0.000855836
1	4279	-0.300053	-0.315012	0.000855644
1	4280	-0.293957	-0.315007	0.000855458
1	4281	-0.297339	-0.315003	0.000855268
1	4282	-0.305419	-0.315001	0.000855071
1	4283	-0.304827	-0.314999	0.000854875
1	4284	-0.292184	-0.314993	0.000854692
1	4285	-0.270252	-0.314983	0.000854556
1	4286	-0.253636	-0.314968	0.000854477
1	4287	-0.2522	-0.314954	0.000854403
1	4288	-0.252662	-0.314939	0.000854327
1	4289	-0.251949	-0.314925	0.000854254
1	4290	-0.254171	-0.31491	0.000854172
1	4291	-0.25007	-0.314895	0.000854107
1	4292	-0.243221	-0.314879	0.000854071
1	4293	-0.247631	-0.314863	0.000854016
1	4294	-0.254749	-0.314849	0.000853932
1	4295	-0.255673	-0.314835	0.000853844
1	4296	-0.254226	-0.314821	0.000853762
1	4297	-0.256937	-0.314808	0.000853669
1	4298	-0.266203	-0.314796	0.000853546
1	4299	-0.276502	-0.314787	0.000853393
1	4300	-0.267541	-0.314776	0.000853266
1	4301	-0.226714	-0.314756	0.000853313
1	4302	-0.22335	-0.314735	0.000853379
1	4303	-0.248408	-0.314719	0.00085332
1	4304	-0.270765	-0.314709	0.000853183
1	4305	-0.261106	-0.314697	0.000853076
1	4306	-0.243774	-0.31468	0.000853036
1	4307	-0.252311	-0.314666	0.000852961
1	4308	-0.268958	-0.314655	0.000852829
1	4309	-0.279739	-0.314647	0.00085267
1	4310	-0.286733	-0.31464	0.000852497
1	4311	-0.302543	-0.314638	0.000852303
1	4312	-0.317462	-0.314638	0.000852106
1	4313	-0.327227	-0.314641	0.000851913
1	4314	-0.335623	-0.314646	0.00085173
1	4315	-0.337534	-0.314651	0.000851549
1	4316	-0.309681	-0.31465	0.000851352
1	4317	-0.231065	-0.314631	0.000851375
1	4318	-0.221496	-0.314609	0.000851451
1	4319	-0.293234	-0.314604	0.000851269
1	4320	-0.329345	-0.314608	0.000851078
1	4321	-0.322077	-0.314609	0.000850883
1	4322	-0.294384	-0.314605	0.000850699
1	4323	-0.271996	-0.314595	0.00085056
1	4324	-0.26805	-0.314584	0.000850431
1	4325	-0.256036	-0.314571	0.000850342
1	4326	-0.270913	-0.314561	0.000850205
1	4327	-0.311624	-0.31456	0.000850009
1	4328	-0.326243	-0.314563	0.000849817
1	4329	-0.323751	-0.314565	0.000849623
1	4330	-0.307708	-0.314563	0.000849429
1	4331	-0.285069	-0.314556	0.00084926
1	4332	-0.290058	-0.314551	0.000849083
1	4333	-0.306114	-0.314549	0.000848889
1	4334	-0.291239	-0.314543	0.00084871
1	4335	-0.280761	-0.314536	0.00084855
1	4336	-0.28837	-0.314529	0.000848376
1	4337	-0.278408	-0.314521	0.000848221
1	4338	-0.250635	-0.314506	0.000848153
1	4339	-0.234844	-0.314488	0.000848157
1	4340	-0.245155	-0.314472	0.000848112
1	4341	-0.268151	-0.314461	0.000847983
1	4342	-0.271162	-0.314451	0.000847847
1	4343	-0.279318	-0.314443	0.00084769
1	4344	-0.299373	-0.31444	0.000847502
1	4345	-0.310846	-0.314439	0.000847307
1	4346	-0.306494	-0.314437	0.000847114
1	4347	-0.293357	-0.314432	0.000846933
1	4348	-0.288568	-0.314426	0.000846759
1	4349	-0.29657	-0.314422	0.000846575
1	4350	-0.305798	-0.31442	0.000846382
1	4351	-0.306862	-0.314419	0.00084619
1	4352	-0.28562	-0.314412	0.000846021
1	4353	-0.243402	-0.314396	0.000845984
1	4354	-0.25189	-0.314381	0.000845912
1	4355	-0.305507	-0.314379	0.00084572
1	4356	-0.33923	-0.314385	0.000845545
1	4357	-0.348218	-0.314393	0.000845386
1	4358	-0.335258	-0.314398	0.000845206
1	4359	-0.306756	-0.314396	0.000845014
1	4360	-0.296787	-0.314392	0.00084483
1	4361	-0.331104	-0.314396	0.000844645
1	4362	-0.367894	-0.314408	0.00084454
1	4363	-0.380799	-0.314423	0.000844484
1	4364	-0.378782	-0.314438	0.000844419
1	4365	-0.365317	-0.314449	0.000844306
1	4366	-0.333735	-0.314454	0.000844124
1	4367	-0.296973	-0.31445	0.00084394
1	4368	-0.320031	-0.314451	0.000843748
1	4369	-0.337412	-0.314456	0.000843571
1	4370	-0.344311	-0.314463	0.000843406
1	4371	-0.356654	-0.314473	0.000843268
1	4372	-0.369722	-0.314486	0.00084317
1	4373	-0.381869	-0.314501	0.000843118
1	4374	-0.388885	-0.314518	0.000843097
1	4375	-0.387538	-0.314535	0.000843069
1	4376	-0.377426	-0.314549	0.000842999
1	4377	-0.365843	-0.314561	0.000842888
1	4378	-0.360573	-0.314571	0.000842761
1	4379	-0.358013	-0.314581	0.000842627
1	4380	-0.363267	-0.314592	0.000842508
1	4381	-0.374922	-0.314606	0.000842428
1	4382	-0.397328	-0.314625	0.000842447
1	4383	-0.405938	-0.314646	0.000842513
1	4384	-0.393682	-0.314664	0.000842513
1	4385	-0.371484	-0.314677	0.000842421
1	4386	-0.348754	-0.314685	0.000842264
1	4387	-0.3447	-0.314691	0.0008421
1	4388	-0.361965	-0.314702	0.000841977
1	4389	-0.382641	-0.314718	0.000841928
1	4390	-0.389013	-0.314735	0.000841906
1	4391	-0.368737	-0.314747	0.000841804
1	4392	-0.333726	-0.314751	0.000841624
1	4393	-0.321962	-0.314753	0.000841434
1	4394	-0.341493	-0.314759	0.000841264
1	4395	-0.36164	-0.31477	0.00084114
1	4396	-0.352903	-0.314778	0.000840994
1	4397	-0.311045	-0.314777	0.000840803
1	4398	-0.271442	-0.314768	0.000840669
1	4399	-0.232434	-0.314749	0.000840687
1	4400	-0.222998	-0.314728	0.000840754
1	4401	-0.274173	-0.314719	0.000840614
1	4402	-0.318847	-0.31472	0.000840423
1	4403	-0.333801	-0.314724	0.000840243
1	4404	-0.331552	-0.314728	0.000840061
1	4405	-0.324744	-0.31473	0.000839874
1	4406	-0.316933	-0.314731	0.000839683
1	4407	-0.307986	-0.314729	0.000839494
1	4408	-0.298243	-0.314725	0.000839312
1	4409	-0.287796	-0.314719	0.000839144
1	4410	-0.264276	-0.314708	0.000839031
1	4411	-0.231788	-0.314689	0.000839052
1	4412	-0.252218	-0.314675	0.000838981
1	4413	-0.298564	-0.314671	0.000838799
1	4414	-0.314152	-0.314671	0.000838609
1	4415	-0.307525	-0.314669	0.000838421
1	4416	-0.298407	-0.314666	0.000838239
1	4417	-0.297796	-0.314662	0.000838058
1	4418	-0.30333	-0.314659	0.000837872
1	4419	-0.308141	-0.314658	0.000837684
1	4420	-0.310724	-0.314657	0.000837495
1	4421	-0.312118	-0.314656	0.000837305
1	4422	-0.307783	-0.314655	0.000837117
1	4423	-0.292463	-0.31465	0.000836943
1	4424	-0.288641	-0.314644	0.000836775
1	4425	-0.305661	-0.314642	0.000836588
1	4426	-0.318883	-0.314643	0.0008364
1	4427	-0.32193	-0.314645	0.000836212
1	4428	-0.301004	-0.314641	0.000836029
1	4429	-0.298551	-0.314638	0.000835848
1	4430	-0.316397	-0.314638	0.00083566
1	4431	-0.332453	-0.314642	0.000835481
1	4432	-0.336582	-0.314647	0.000835307
1	4433	-0.346599	-0.314654	0.00083515
1	4434	-0.359758	-0.314665	0.000835023
1	4435	-0.371968	-0.314678	0.000834935
1	4436	-0.363272	-0.314688	0.000834818
1	4437	-0.328046	-0.314691	0.000834636
1	4438	-0.321521	-0.314693	0.000834449
1	4439	-0.349064	-0.314701	0.000834297
1	4440	-0.354193	-0.31471	0.000834157
1	4441	-0.334991	-0.314714	0.000833981
1	4442	-0.337098	-0.314719	0.000833809
1	4443	-0.371388	-0.314732	0.000833719
1	4444	-0.395203	-0.31475	0.000833728
1	4445	-0.396277	-0.314768	0.000833742
1	4446	-0.381877	-0.314784	0.000833691
1	4447	-0.37726	-0.314798	0.000833622
1	4448	-0.389245	-0.314814	0.000833602
1	4449	-0.377605	-0.314828	0.000833534
1	4450	-0.348075	-0.314836	0.000833381
1	4451	-0.352528	-0.314844	0.000833236
1	4452	-0.358609	-0.314854	0.000833107
1	4453	-0.298112	-0.31485	0.000832929
1	4454	-0.233634	-0.314832	0.000832941
1	4455	-0.334097	-0.314837	0.000832765
1	4456	-0.392204	-0.314854	0.000832759
1	4457	-0.394175	-0.314872	0.000832763
1	4458	-0.378423	-0.314886	0.000832698
1	4459	-0.356178	-0.314895	0.000832563
1	4460	-0.333611	-0.314899	0.000832387
1	4461	-0.317449	-0.3149	0.0008322
1	4462	-0.329265	-0.314903	0.00083202
1	4463	-0.358705	-0.314913	0.000831891
1	4464	-0.375272	-0.314927	0.000831815
1	4465	-0.368259	-0.314939	0.000831714
1	4466	-0.320166	-0.31494	0.000831529
1	4467	-0.269124	-0.314929	0.000831406
1	4468	-0.331108	-0.314933	0.000831228
1	4469	-0.387041	-0.314949	0.000831198
1	4470	-0.388277	-0.314966	0.000831174
1	4471	-0.344591	-0.314972	0.000831015
1	4472	-0.323825	-0.314974	0.000830831
1	4473	-0.370874	-0.314987	0.00083074
1	4474	-0.386479	-0.315003	0.000830708
1	4475	-0.357504	-0.315012	0.000830576
1	4476	-0.305158	-0.31501	0.000830394
1	4477	-0.272375	-0.315	0.000830263
1	4478	-0.286719	-0.314994	0.000830101
1	4479	-0.30779	-0.314993	0.000829918
1	4480	-0.347945	-0.315	0.000829765
1	4481	-0.38295	-0.315015	0.000829718
1	4482	-0.400485	-0.315034	0.000829752
1	4483	-0.405358	-0.315054	0.000829812
1	4484	-0.405038	-0.315074	0.000829869
1	4485	-0.401085	-0.315094	0.000829906
1	4486	-0.392	-0.315111	0.000829898
1	4487	-0.378053	-0.315125	0.000829832
1	4488	-0.369246	-0.315137	0.000829734
1	4489	-0.378756	-0.315151	0.00082967
1	4490	-0.389832	-0.315168	0.000829652
1	4491	-0.365302	-0.315179	0.000829543
1	4492	-0.325396	-0.315181	0.000829361
1	4493	-0.292472	-0.315176	0.000829192
1	4494	-0.296472	-0.315172	0.000829018
1	4495	-0.334347	-0.315176	0.000828845
1	4496	-0.378187	-0.31519	0.000828779
1	4497	-0.412582	-0.315212	0.000828877
1	4498	-0.412881	-0.315233	0.000828977
1	4499	-0.384167	-0.315249	0.000828935
1	4500	-0.359812	-0.315259	0.00082881
1	4501	-0.369803	-0.315271	0.000828714
1	4502	-0.37909	-0.315285	0.000828651
1	4503	-0.369185	-0.315297	0.000828554
1	4504	-0.349892	-0.315305	0.000828405
1	4505	-0.34515	-0.315311	0.000828248
1	4506	-0.365415	-0.315322	0.000828139
1	4507	-0.385663	-0.315338	0.000828102
1	4508	-0.387535	-0.315354	0.000828073
1	4509	-0.370732	-0.315366	0.000827981
1	4510	-0.347062	-0.315373	0.000827827
1	4511	-0.343547	-0.31538	0.000827667
1	4512	-0.37695	-0.315393	0.000827596
1	4513	-0.387531	-0.315409	0.000827567
1	4514	-0.351397	-0.315417	0.000827422
1	4515	-0.293037	-0.315412	0.000827254
1	4516	-0.262444	-0.3154	0.000827154
1	4517	-0.299314	-0.315397	0.000826978
1	4518	-0.331325	-0.3154	0.000826803
1	4519	-0.347922	-0.315408	0.000826651
1	4520	-0.360293	-0.315418	0.000826528
1	4521	-0.366632	-0.315429	0.000826422
1	4522	-0.360598	-0.315439	0.0008263
1	4523	-0.351303	-0.315447	0.000826155
1	4524	-0.351277	-0.315455	0.000826011
1	4525	-0.347495	-0.315462	0.000825859
1	4526	-0.340037	-0.315467	0.000825694
1	4527	-0.340293	-0.315473	0.00082553
1	4528	-0.338808	-0.315478	0.000825364
1	4529	-0.322591	-0.315479	0.000825183
1	4530	-0.312506	-0.315479	0.000825001
1	4531	-0.301758	-0.315476	0.000824824
1	4532	-0.269716	-0.315466	0.000824704
1	4533	-0.288915	-0.31546	0.000824543
1	4534	-0.315168	-0.31546	0.000824361
1	4535	-0.315556	-0.31546	0.000824179
1	4536	-0.310502	-0.315459	0.000823998
1	4537	-0.308786	-0.315457	0.000823818
1	4538	-0.289316	-0.315451	0.000823657
1	4539	-0.264266	-0.31544	0.000823552
1	4540	-0.290237	-0.315435	0.00082339
1	4541	-0.312398	-0.315434	0.000823209
1	4542	-0.310298	-0.315433	0.000823028
1	4543	-0.292997	-0.315428	0.000822862
1	4544	-0.277157	-0.315419	0.000822724
1	4545	-0.280696	-0.315412	0.000822578
1	4546	-0.287219	-0.315406	0.000822421
1	4547	-0.287328	-0.315399	0.000822263
1	4548	-0.289992	-0.315394	0.000822101
1	4549	-0.292908	-0.315389	0.000821935
1	4550	-0.289865	-0.315383	0.000821774
1	4551	-0.281539	-0.315376	0.000821627
1	4552	-0.275718	-0.315367	0.000821493
1	4553	-0.280588	-0.315359	0.000821348
1	4554	-0.293078	-0.315355	0.000821182
1	4555	-0.302838	-0.315352	0.000821006
1	4556	-0.304242	-0.315349	0.00082083
1	4557	-0.298344	-0.315346	0.000820658
1	4558	-0.288971	-0.31534	0.000820498
1	4559	-0.291266	-0.315335	0.000820335
1	4560	-0.300712	-0.315331	0.000820162
1	4561	-0.286405	-0.315325	0.000820007
1	4562	-0.26602	-0.315314	0.000819898
1	4563	-0.264522	-0.315303	0.000819794
1	4564	-0.270194	-0.315293	0.000819674
1	4565	-0.281484	-0.315286	0.000819528
1	4566	-0.289808	-0.31528	0.000819367
1	4567	-0.293167	-0.315275	0.000819202
1	4568	-0.295281	-0.315271	0.000819035
1	4569	-0.291705	-0.315266	0.000818871
1	4570	-0.290857	-0.315261	0.00081871
1	4571	-0.298981	-0.315257	0.000818538
1	4572	-0.308356	-0.315255	0.000818361
1	4573	-0.303271	-0.315253	0.000818186
1	4574	-0.278135	-0.315245	0.000818047
1	4575	-0.269516	-0.315235	0.00081793
1	4576	-0.285869	-0.315228	0.000817776
1	4577	-0.300131	-0.315225	0.000817604
1	4578	-0.287276	-0.315219	0.000817448
1	4579	-0.257213	-0.315206	0.000817368
1	4580	-0.228649	-0.315187	0.000817408
1	4581	-0.261781	-0.315176	0.000817313
1	4582	-0.327326	-0.315178	0.000817138
1	4583	-0.359388	-0.315188	0.000817017
1	4584	-0.344473	-0.315194	0.000816864
1	4585	-0.303252	-0.315192	0.00081669
1	4586	-0.274024	-0.315183	0.000816561
1	4587	-0.28876	-0.315177	0.000816403
1	4588	-0.313403	-0.315177	0.000816226
1	4589	-0.340018	-0.315182	0.000816066
1	4590	-0.366265	-0.315193	0.000815964
1	4591	-0.359468	-0.315203	0.000815843
1	4592	-0.312389	-0.315202	0.000815666
1	4593	-0.266487	-0.315192	0.000815557
1	4594	-0.285613	-0.315185	0.000815405
1	4595	-0.330316	-0.315188	0.000815234
1	4596	-0.363427	-0.315199	0.000815124
1	4597	-0.37243	-0.315211	0.000815042
1	4598	-0.36706	-0.315223	0.000814943
1	4599	-0.373093	-0.315235	0.000814863
1	4600	-0.384215	-0.31525	0.000814823
1	4601	-0.374487	-0.315263	0.000814748
1	4602	-0.347117	-0.31527	0.0008146
1	4603	-0.333514	-0.315274	0.000814433
1	4604	-0.352147	-0.315282	0.000814296
1	4605	-0.379732	-0.315296	0.000814239
1	4606	-0.406531	-0.315316	0.000814303
1	4607	-0.411557	-0.315337	0.000814394
1	4608	-0.378906	-0.31535	0.000814334
1	4609	-0.357994	-0.31536	0.00081421
1	4610	-0.379066	-0.315374	0.000814151
1	4611	-0.380646	-0.315388	0.000814097
1	4612	-0.373513	-0.3154	0.000814018
1	4613	-0.360743	-0.31541	0.000813901
1	4614	-0.339085	-0.315415	0.000813741
1	4615	-0.319303	-0.315416	0.000813565
1	4616	-0.327778	-0.315419	0.000813393
1	4617	-0.364955	-0.31543	0.000813288
1	4618	-0.360131	-0.315439	0.000813169
1	4619	-0.315209	-0.315439	0.000812993
1	4620	-0.305747	-0.315437	0.00081282
1	4621	-0.33836	-0.315442	0.000812659
1	4622	-0.351128	-0.31545	0.00081252
1	4623	-0.323025	-0.315451	0.000812346
1	4624	-0.27789	-0.315443	0.000812211
1	4625	-0.270648	-0.315434	0.000812093
1	4626	-0.289645	-0.315428	0.000811937
1	4627	-0.33835	-0.315433	0.000811776
1	4628	-0.374925	-0.315446	0.000811703
1	4629	-0.37826	-0.315459	0.000811641
1	4630	-0.387809	-0.315475	0.000811616
1	4631	-0.403153	-0.315494	0.000811661
1	4632	-0.39687	-0.315512	0.000811676
1	4633	-0.358216	-0.315521	0.000811553
1	4634	-0.33742	-0.315525	0.000811392
1	4635	-0.331614	-0.315529	0.000811224
1	4636	-0.330723	-0.315532	0.000811056
1	4637	-0.357778	-0.315541	0.000810932
1	4638	-0.361851	-0.315551	0.000810819
1	4639	-0.36009	-0.315561	0.000810701
1	4640	-0.403087	-0.31558	0.000810746
1	4641	-0.398978	-0.315598	0.00081077
1	4642	-0.326806	-0.3156	0.000810599
1	4643	-0.291374	-0.315595	0.000810441
1	4644	-0.314939	-0.315595	0.000810267
1	4645	-0.383844	-0.315609	0.000810226
1	4646	-0.417634	-0.315631	0.000810349
1	4647	-0.420821	-0.315654	0.00081049
1	4648	-0.410961	-0.315675	0.000810575
1	4649	-0.394108	-0.315691	0.000810577
1	4650	-0.377281	-0.315705	0.00081051
1	4651	-0.370911	-0.315717	0.000810423
1	4652	-0.368851	-0.315728	0.000810329
1	4653	-0.346574	-0.315735	0.000810182
1	4654	-0.337005	-0.315739	0.000810021
1	4655	-0.370793	-0.315751	0.000809934
1	4656	-0.390006	-0.315767	0.000809917
1	4657	-0.382499	-0.315781	0.000809869
1	4658	-0.355062	-0.31579	0.000809739
1	4659	-0.343077	-0.315796	0.000809587
1	4660	-0.358108	-0.315805	0.000809464
1	4661	-0.341684	-0.31581	0.000809309
1	4662	-0.340861	-0.315816	0.000809154
1	4663	-0.359693	-0.315825	0.000809035
1	4664	-0.362725	-0.315835	0.000808924
1	4665	-0.352785	-0.315843	0.000808789
1	4666	-0.335125	-0.315847	0.000808626
1	4667	-0.333059	-0.315851	0.000808462
1	4668	-0.339454	-0.315856	0.000808304
1	4669	-0.310901	-0.315855	0.000808132
1	4670	-0.270333	-0.315845	0.000808017
1	4671	-0.338714	-0.31585	0.000807859
1	4672	-0.38413	-0.315865	0.000807819
1	4673	-0.379095	-0.315878	0.000807759
1	4674	-0.343027	-0.315884	0.000807607
1	4675	-0.339411	-0.315889	0.00080745
1	4676	-0.361775	-0.315899	0.000807337
1	4677	-0.359738	-0.315908	0.000807219
1	4678	-0.365292	-0.315919	0.000807115
1	4679	-0.375157	-0.315931	0.000807042
1	4680	-0.378741	-0.315945	0.000806981
1	4681	-0.381727	-0.315959	0.000806931
1	4682	-0.370661	-0.31597	0.000806843
1	4683	-0.360728	-0.31598	0.000806728
1	4684	-0.400313	-0.315998	0.000806756
1	4685	-0.427764	-0.316022	0.000806937
1	4686	-0.421097	-0.316044	0.000807076
1	4687	-0.381709	-0.316058	0.000807025
1	4688	-0.33518	-0.316062	0.000806864
1	4689	-0.341066	-0.316068	0.000806709
1	4690	-0.394327	-0.316084	0.00080671
1	4691	-0.431695	-0.316109	0.000806914
1	4692	-0.43471	-0.316134	0.000807138
1	4693	-0.422223	-0.316157	0.000807282
1	4694	-0.411561	-0.316177	0.000807366
1	4695	-0.40778	-0.316197	0.00080743
1	4696	-0.412187	-0.316217	0.000807517
1	4697	-0.421046	-0.31624	0.000807653
1	4698	-0.427165	-0.316263	0.000807826
1	4699	-0.41759	-0.316285	0.000807942
1	4700	-0.373778	-0.316297	0.000807863
1	4701	-0.377125	-0.31631	0.000807795
1	4702	-0.410891	-0.31633	0.000807873
1	4703	-0.383785	-0.316344	0.000807829
1	4704	-0.337646	-0.316349	0.00080767
1	4705	-0.334461	-0.316353	0.000807507
1	4706	-0.346044	-0.316359	0.00080736
1	4707	-0.381616	-0.316373	0.000807308
1	4708	-0.393651	-0.316389	0.000807303
1	4709	-0.369174	-0.316401	0.00080721
1	4710	-0.387607	-0.316416	0.00080718
1	4711	-0.399808	-0.316433	0.000807203
1	4712	-0.395458	-0.31645	0.000807205
1	4713	-0.389411	-0.316466	0.000807183
1	4714	-0.381736	-0.316479	0.00080713
1	4715	-0.37689	-0.316492	0.000807061
1	4716	-0.374829	-0.316505	0.000806984
1	4717	-0.367447	-0.316515	0.000806885
1	4718	-0.36409	-0.316526	0.000806777
1	4719	-0.375605	-0.316538	0.000806704
1	4720	-0.379527	-0.316551	0.000806643
1	4721	-0.373814	-0.316564	0.000806563
1	4722	-0.369951	-0.316575	0.000806472
1	4723	-0.370533	-0.316586	0.000806382
1	4724	-0.370056	-0.316598	0.000806291
1	4725	-0.360806	-0.316607	0.000806174
1	4726	-0.333105	-0.31661	0.000806011
1	4727	-0.309831	-0.316609	0.000805842
1	4728	-0.323516	-0.31661	0.000805673
1	4729	-0.356058	-0.316619	0.000805546
1	4730	-0.372108	-0.316631	0.000805461
1	4731	-0.355856	-0.316639	0.000805333
1	4732	-0.338758	-0.316643	0.000805177
1	4733	-0.347232	-0.31665	0.000805033
1	4734	-0.352835	-0.316658	0.000804899
1	4735	-0.356524	-0.316666	0.000804773
1	4736	-0.365334	-0.316676	0.000804668
1	4737	-0.369392	-0.316687	0.000804576
1	4738	-0.360278	-0.316697	0.000804458
1	4739	-0.336029	-0.316701	0.000804299
1	4740	-0.342231	-0.316706	0.000804147
1	4741	-0.403783	-0.316724	0.000804187
1	4742	-0.420253	-0.316746	0.000804314
1	4743	-0.40914	-0.316766	0.00080438
1	4744	-0.384872	-0.31678	0.000804339
1	4745	-0.362551	-0.31679	0.000804227
1	4746	-0.359623	-0.316799	0.000804108
1	4747	-0.369907	-0.31681	0.000804017
1	4748	-0.386802	-0.316825	0.000803983
1	4749	-0.401116	-0.316842	0.000804009
1	4750	-0.404507	-0.316861	0.000804052
1	4751	-0.414464	-0.316881	0.000804145
1	4752	-0.434527	-0.316906	0.000804357
1	4753	-0.443328	-0.316933	0.000804627
1	4754	-0.425712	-0.316956	0.000804783
1	4755	-0.381753	-0.316969	0.000804729
1	4756	-0.347133	-0.316976	0.000804585
1	4757	-0.361201	-0.316985	0.00080447
1	4758	-0.385016	-0.316999	0.000804428
1	4759	-0.375377	-0.317012	0.000804352
1	4760	-0.339108	-0.317016	0.000804197
1	4761	-0.363734	-0.317026	0.000804088
1	4762	-0.407506	-0.317045	0.000804143
1	4763	-0.419612	-0.317067	0.000804263
1	4764	-0.417895	-0.317088	0.000804372
1	4765	-0.411487	-0.317107	0.000804447
1	4766	-0.392908	-0.317123	0.000804436
1	4767	-0.358523	-0.317132	0.000804314
1	4768	-0.352722	-0.31714	0.00080418
1	4769	-0.367388	-0.31715	0.00080408
1	4770	-0.353815	-0.317158	0.000803948
1	4771	-0.35262	-0.317165	0.000803814
1	4772	-0.382876	-0.317179	0.000803764
1	4773	-0.404645	-0.317197	0.000803804
1	4774	-0.413521	-0.317217	0.000803889
1	4775	-0.415942	-0.317238	0.000803986
1	4776	-0.409759	-0.317258	0.000804051
1	4777	-0.391005	-0.317273	0.000804031
1	4778	-0.362559	-0.317282	0.000803919
1	4779	-0.328371	-0.317285	0.000803754
1	4780	-0.324046	-0.317286	0.000803587
1	4781	-0.400588	-0.317304	0.000803608
1	4782	-0.436451	-0.317329	0.000803826
1	4783	-0.438374	-0.317354	0.000804056
1	4784	-0.426011	-0.317377	0.000804209
1	4785	-0.392216	-0.317392	0.000804193
1	4786	-0.356063	-0.3174	0.000804066
1	4787	-0.370347	-0.317411	0.000803974
1	4788	-0.378831	-0.317424	0.000803908
1	4789	-0.38057	-0.317437	0.000803848
1	4790	-0.384156	-0.317451	0.000803801
1	4791	-0.368752	-0.317462	0.000803705
1	4792	-0.335013	-0.317466	0.000803545
1	4793	-0.326445	-0.317468	0.00080338
1	4794	-0.337045	-0.317472	0.000803223
1	4795	-0.330717	-0.317474	0.00080306
1	4796	-0.327601	-0.317476	0.000802895
1	4797	-0.33886	-0.317481	0.00080274
1	4798	-0.341322	-0.317486	0.000802588
1	4799	-0.348448	-0.317492	0.000802447
1	4800	-0.352329	-0.3175	0.000802313
1	4801	-0.348105	-0.317506	0.000802171
1	4802	-0.34804	-0.317512	0.000802029
1	4803	-0.357543	-0.317521	0.000801905
1	4804	-0.367126	-0.317531	0.000801805
1	4805	-0.358295	-0.317539	0.000801683
1	4806	-0.31943	-0.31754	0.000801516
1	4807	-0.310086	-0.317538	0.000801351
1	4808	-0.292659	-0.317533	0.000801201
1	4809	-0.275467	-0.317524	0.000801082
1	4810	-0.320325	-0.317525	0.000800916
1	4811	-0.360924	-0.317534	0.0008008
1	4812	-0.366894	-0.317544	0.000800699
1	4813	-0.363723	-0.317554	0.000800591
1	4814	-0.36261	-0.317563	0.000800479
1	4815	-0.355662	-0.317571	0.000800352
1	4816	-0.337104	-0.317575	0.000800196
1	4817	-0.290989	-0.31757	0.000800049
1	4818	-0.304912	-0.317567	0.000799887
1	4819	-0.361974	-0.317576	0.000799774
1	4820	-0.369333	-0.317587	0.00079968
1	4821	-0.33094	-0.31759	0.000799519
1	4822	-0.294072	-0.317585	0.000799368
1	4823	-0.313417	-0.317584	0.000799203
1	4824	-0.338534	-0.317588	0.000799049
1	4825	-0.358921	-0.317597	0.000798929
1	4826	-0.366532	-0.317607	0.000798828
1	4827	-0.360939	-0.317616	0.000798713
1	4828	-0.349829	-0.317623	0.000798576
1	4829	-0.3444	-0.317628	0.000798429
1	4830	-0.353345	-0.317636	0.000798298
1	4831	-0.345177	-0.317641	0.000798154
1	4832	-0.319702	-0.317642	0.000797988
1	4833	-0.333164	-0.317645	0.00079783
1	4834	-0.35302	-0.317652	0.000797698
1	4835	-0.337382	-0.317656	0.000797544
1	4836	-0.31978	-0.317657	0.000797379
1	4837	-0.331243	-0.31766	0.000797219
1	4838	-0.340281	-0.317664	0.000797068
1	4839	-0.334133	-0.317668	0.000796911
1	4840	-0.327994	-0.31767	0.000796749
1	4841	-0.331376	-0.317673	0.000796589
1	4842	-0.33677	-0.317677	0.000796434
1	4843	-0.329057	-0.317679	0.000796273
1	4844	-0.290064	-0.317673	0.00079613
1	4845	-0.243111	-0.317658	0.000796114
1	4846	-0.277005	-0.317649	0.000795994
1	4847	-0.321252	-0.31765	0.00079583
1	4848	-0.314076	-0.317649	0.000795666
1	4849	-0.286971	-0.317643	0.000795527
1	4850	-0.282678	-0.317636	0.000795396
1	4851	-0.31389	-0.317635	0.000795232
1	4852	-0.336725	-0.317639	0.000795078
1	4853	-0.338022	-0.317643	0.000794925
1	4854	-0.330028	-0.317646	0.000794766
1	4855	-0.302912	-0.317643	0.000794608
1	4856	-0.26223	-0.317631	0.000794526
1	4857	-0.307535	-0.317629	0.000794365
1	4858	-0.336802	-0.317633	0.000794211
1	4859	-0.323852	-0.317635	0.000794049
1	4860	-0.305564	-0.317632	0.00079389
1	4861	-0.302726	-0.317629	0.000793732
1	4862	-0.312477	-0.317628	0.00079357
1	4863	-0.312041	-0.317627	0.000793407
1	4864	-0.304771	-0.317624	0.000793249
1	4865	-0.319084	-0.317624	0.000793086
1	4866	-0.330666	-0.317627	0.000792927
1	4867	-0.324261	-0.317629	0.000792765
1	4868	-0.303642	-0.317626	0.000792608
1	4869	-0.305211	-0.317623	0.000792449
1	4870	-0.32598	-0.317625	0.000792288
1	4871	-0.329409	-0.317627	0.000792129
1	4872	-0.306633	-0.317625	0.00079197
1	4873	-0.267517	-0.317615	0.000791874
1	4874	-0.262663	-0.317603	0.000791792
1	4875	-0.288353	-0.317597	0.000791652
1	4876	-0.30644	-0.317595	0.000791493
1	4877	-0.311138	-0.317594	0.000791332
1	4878	-0.30877	-0.317592	0.000791172
1	4879	-0.307564	-0.31759	0.000791012
1	4880	-0.309765	-0.317588	0.000790852
1	4881	-0.309524	-0.317587	0.000790692
1	4882	-0.305851	-0.317584	0.000790533
1	4883	-0.30291	-0.317581	0.000790377
1	4884	-0.303483	-0.317578	0.00079022
1	4885	-0.306692	-0.317576	0.000790062
1	4886	-0.306189	-0.317574	0.000789904
1	4887	-0.256092	-0.317561	0.000789842
1	4888	-0.156076	-0.317528	0.000790371
1	4889	-0.24378	-0.317513	0.000790353
1	4890	-0.269145	-0.317503	0.000790254
1	4891	-0.267699	-0.317493	0.000790158
1	4892	-0.283576	-0.317486	0.000790027
1	4893	-0.305606	-0.317484	0.000789869
1	4894	-0.260851	-0.317472	0.000789792
1	4895	-0.247154	-0.317458	0.000789762
1	4896	-0.295637	-0.317453	0.000789613
1	4897	-0.298054	-0.317449	0.000789462
1	4898	-0.256666	-0.317437	0.000789398
1	4899	-0.265037	-0.317426	0.000789309
1	4900	-0.307513	-0.317424	0.000789151
1	4901	-0.329616	-0.317427	0.000788994
1	4902	-0.325896	-0.317428	0.000788835
1	4903	-0.302991	-0.317425	0.000788679
1	4904	-0.304377	-0.317423	0.000788523
1	4905	-0.335877	-0.317427	0.000788371
1	4906	-0.345331	-0.317432	0.000788231
1	4907	-0.336423	-0.317436	0.00078808
1	4908	-0.314834	-0.317436	0.000787919
1	4909	-0.300814	-0.317432	0.000787766
1	4910	-0.295835	-0.317428	0.000787618
1	4911	-0.31391	-0.317427	0.000787458
1	4912	-0.3522	-0.317434	0.000787329
1	4913	-0.366119	-0.317444	0.000787231
1	4914	-0.34801	-0.31745	0.000787096
1	4915	-0.315853	-0.31745	0.000786936
1	4916	-0.337674	-0.317454	0.000786786
1	4917	-0.35275	-0.317461	0.000786659
1	4918	-0.345393	-0.317467	0.00078652
1	4919	-0.336733	-0.317471	0.00078637
1	4920	-0.33131	-0.317474	0.000786215
1	4921	-0.329813	-0.317476	0.000786059
1	4922	-0.333836	-0.31748	0.000785906
1	4923	-0.334374	-0.317483	0.000785754
1	4924	-0.327803	-0.317485	0.000785597
1	4925	-0.329844	-0.317488	0.000785442
1	4926	-0.341715	-0.317492	0.000785298
1	4927	-0.350103	-0.317499	0.000785166
1	4928	-0.351722	-0.317506	0.000785038
1	4929	-0.347077	-0.317512	0.000784901
1	4930	-0.333001	-0.317515	0.000784749
1	4931	-0.308225	-0.317513	0.000784592
1	4932	-0.286248	-0.317507	0.000784458
1	4933	-0.280911	-0.3175	0.000784334
1	4934	-0.271646	-0.31749	0.00078423
1	4935	-0.265151	-0.31748	0.000784143
1	4936	-0.268146	-0.31747	0.000784048
1	4937	-0.245194	-0.317455	0.000784026
1	4938	-0.259073	-0.317443	0.000783956
1	4939	-0.302633	-0.31744	0.000783803
1	4940	-0.310083	-0.317439	0.000783646
1	4941	-0.299165	-0.317435	0.000783496
1	4942	-0.286065	-0.317429	0.000783363
1	4943	-0.272658	-0.31742	0.000783257
1	4944	-0.253811	-0.317407	0.000783204
1	4945	-0.262831	-0.317396	0.000783124
1	4946	-0.29794	-0.317392	0.000782975
1	4947	-0.312941	-0.317391	0.000782817
1	4948	-0.298945	-0.317387	0.000782668
1	4949	-0.270894	-0.317378	0.000782566
1	4950	-0.270495	-0.317368	0.000782466
1	4951	-0.30012	-0.317365	0.000782315
1	4952	-0.318332	-0.317365	0.000782157
1	4953	-0.317413	-0.317365	0.000781999
1	4954	-0.294115	-0.31736	0.000781856
1	4955	-0.276842	-0.317352	0.000781741
1	4956	-0.283581	-0.317345	0.000781613
1	4957	-0.280022	-0.317338	0.000781491
1	4958	-0.292559	-0.317333	0.00078135
1	4959	-0.3185	-0.317333	0.000781192
1	4960	-0.330288	-0.317336	0.000781039
1	4961	-0.320665	-0.317336	0.000780882
1	4962	-0.313584	-0.317336	0.000780725
1	4963	-0.324898	-0.317337	0.000780569
1	4964	-0.335686	-0.317341	0.00078042
1	4965	-0.343079	-0.317346	0.00078028
1	4966	-0.341555	-0.317351	0.000780139
1	4967	-0.338501	-0.317355	0.000779993
1	4968	-0.306664	-0.317353	0.000779839
1	4969	-0.298188	-0.317349	0.000779692
1	4970	-0.325002	-0.317351	0.000779536
1	4971	-0.323459	-0.317352	0.00077938
1	4972	-0.320793	-0.317353	0.000779224
1	4973	-0.343836	-0.317358	0.000779086
1	4974	-0.354206	-0.317365	0.000778964
1	4975	-0.355095	-0.317373	0.000778844
1	4976	-0.346653	-0.317379	0.00077871
1	4977	-0.339475	-0.317383	0.000778566
1	4978	-0.338241	-0.317387	0.000778421
1	4979	-0.338748	-0.317392	0.000778277
1	4980	-0.343613	-0.317397	0.000778138
1	4981	-0.349345	-0.317403	0.000778008
1	4982	-0.349253	-0.31741	0.000777879
1	4983	-0.34284	-0.317415	0.000777739
1	4984	-0.342316	-0.31742	0.000777599
1	4985	-0.354518	-0.317427	0.000777479
1	4986	-0.37551	-0.317439	0.00077741
1	4987	-0.393762	-0.317454	0.000777405
1	4988	-0.388049	-0.317468	0.000777378
1	4989	-0.365894	-0.317478	0.000777283
1	4990	-0.349373	-0.317484	0.000777153
1	4991	-0.354789	-0.317492	0.000777033
1	4992	-0.373984	-0.317503	0.00077696
1	4993	-0.379077	-0.317516	0.000776902
1	4994	-0.369179	-0.317526	0.000776816
1	4995	-0.374528	-0.317537	0.000776744
1	4996	-0.389851	-0.317552	0.000776723
1	4997	-0.387152	-0.317566	0.000776693
1	4998	-0.386806	-0.31758	0.000776661
1	4999	-0.389021	-0.317594	0.000776637
1	5000	-0.386115	-0.317608	0.000776603
