T_SIGN	BLOCK	ACTUAL_T	T_AVE	ERROR
1	1	2.00002	2.00002	0
1	2	2.00012	2.00007	3.58891e-05
1	3	2.00032	2.00015	7.39343e-05
1	4	2.00064	2.00027	0.000118854
1	5	2.00107	2.00043	0.000171167
1	6	2.00163	2.00063	0.000231614
1	7	2.00233	2.00088	0.000299597
1	8	2.00317	2.00116	0.000375216
1	9	2.00418	2.0015	0.000459388
1	10	2.00537	2.00188	0.00055303
1	11	2.00677	2.00233	0.000657272
1	12	2.00841	2.00284	0.000773768
1	13	2.01035	2.00341	0.000904763
1	14	2.01264	2.00407	0.00105335
1	15	2.01539	2.00483	0.00122369
1	16	2.01869	2.00569	0.0014211
1	17	2.02272	2.00669	0.00165304
1	18	2.0277	2.00786	0.00192962
1	19	2.03396	2.00924	0.00226485
1	20	2.04196	2.01087	0.00267819
1	21	2.05234	2.01285	0.00319671
1	22	2.06599	2.01526	0.00385768
1	23	2.08415	2.01826	0.00471143
1	24	2.10838	2.02201	0.00582233
1	25	2.1402	2.02674	0.00725931
1	26	2.17928	2.03261	0.00904532
1	27	2.21588	2.03939	0.0109654
1	28	2.20471	2.0453	0.0120589
1	29	2.01914	2.0444	0.0116768
1	30	1.64245	2.031	0.0173475
1	31	1.61174	2.01747	0.0214206
1	32	1.98393	2.01643	0.0207768
1	33	2.20217	2.02205	0.0208958
1	34	2.19846	2.02724	0.0209154
1	35	2.06574	2.02834	0.0203467
1	36	2.03921	2.02865	0.0197838
1	37	2.10752	2.03078	0.0193636
1	38	2.11175	2.03291	0.0189709
1	39	2.0928	2.03444	0.0185465
1	40	2.07489	2.03545	0.0181104
1	41	2.06172	2.0361	0.01768
1	42	2.05273	2.03649	0.0172635
1	43	2.04688	2.03673	0.0168637
1	44	2.04333	2.03688	0.0164811
1	45	2.04152	2.03699	0.0161152
1	46	2.04114	2.03708	0.0157651
1	47	2.0422	2.03719	0.0154301
1	48	2.04494	2.03735	0.0151095
1	49	2.04961	2.0376	0.0148032
1	50	2.05589	2.03796	0.0145116
1	51	2.06183	2.03843	0.0142346
1	52	2.06014	2.03885	0.013967
1	53	2.04382	2.03894	0.0137038
1	54	2.05218	2.03919	0.0134522
1	55	2.08133	2.03995	0.0132294
1	56	2.09624	2.04096	0.0130313
1	57	2.10337	2.04205	0.0128486
1	58	2.10381	2.04312	0.0126711
1	59	2.09616	2.04402	0.0124882
1	60	2.08761	2.04474	0.0123012
1	61	2.0975	2.04561	0.0121299
1	62	2.12284	2.04685	0.011998
1	63	2.14492	2.04841	0.0119081
1	64	2.16003	2.05015	0.0118491
1	65	2.16051	2.05185	0.0117878
1	66	2.14327	2.05324	0.0116903
1	67	2.12167	2.05426	0.0115604
1	68	2.1131	2.05512	0.0114227
1	69	2.12794	2.05618	0.0113058
1	70	2.16362	2.05771	0.011248
1	71	2.19236	2.05961	0.0112483
1	72	2.19265	2.06146	0.0112428
1	73	2.13108	2.06241	0.0111292
1	74	2.02282	2.06188	0.0109916
1	75	2.00038	2.06106	0.0108756
1	76	2.09299	2.06148	0.0107406
1	77	2.16303	2.0628	0.0106818
1	78	2.17236	2.0642	0.0106368
1	79	2.14336	2.0652	0.0105493
1	80	2.13834	2.06612	0.0104569
1	81	2.13907	2.06702	0.0103665
1	82	2.11878	2.06765	0.0102593
1	83	2.10549	2.06811	0.0101458
1	84	2.10944	2.0686	0.010037
1	85	2.11512	2.06914	0.00993382
1	86	2.11716	2.0697	0.00983398
1	87	2.11651	2.07024	0.00973565
1	88	2.11028	2.0707	0.00963565
1	89	2.09359	2.07095	0.00953082
1	90	2.08169	2.07107	0.00942567
1	91	2.0961	2.07135	0.0093261
1	92	2.11877	2.07186	0.00923896
1	93	2.12818	2.07247	0.00915944
1	94	2.11644	2.07294	0.00907394
1	95	2.0928	2.07315	0.00898083
1	96	2.10404	2.07347	0.00889304
1	97	2.1088	2.07383	0.00880882
1	98	2.11518	2.07425	0.00872903
1	99	2.13535	2.07487	0.00866265
1	100	2.14424	2.07556	0.00860376
1	101	2.13664	2.07617	0.0085398
1	102	2.1317	2.07671	0.00847341
1	103	2.1464	2.07739	0.00841811
1	104	2.16561	2.07824	0.0083798
1	105	2.17408	2.07915	0.00834956
1	106	2.16469	2.07996	0.00830969
1	107	2.14331	2.08055	0.00825309
1	108	2.13748	2.08108	0.00819349
1	109	2.15321	2.08174	0.008145
1	110	2.17323	2.08257	0.00811331
1	111	2.18712	2.08351	0.0080947
1	112	2.19078	2.08447	0.00807889
1	113	2.1836	2.08535	0.00805488
1	114	2.17403	2.08613	0.0080217
1	115	2.1607	2.08677	0.00797811
1	116	2.14576	2.08728	0.00792552
1	117	2.1534	2.08785	0.0078779
1	118	2.17285	2.08857	0.00784401
1	119	2.17759	2.08932	0.00781368
1	120	2.18615	2.09012	0.00779013
1	121	2.1991	2.09102	0.00777763
1	122	2.20122	2.09193	0.00776615
1	123	2.19004	2.09272	0.00774387
1	124	2.152	2.0932	0.00769616
1	125	2.13027	2.0935	0.0076403
1	126	2.19029	2.09427	0.00761818
1	127	2.20836	2.09517	0.00761098
1	128	2.19802	2.09597	0.00759382
1	129	2.18315	2.09664	0.00756497
1	130	2.18138	2.0973	0.0075348
1	131	2.15935	2.09777	0.00749216
1	132	2.13317	2.09804	0.0074402
1	133	2.1804	2.09866	0.00740998
1	134	2.20676	2.09946	0.00739847
1	135	2.21001	2.10028	0.00738884
1	136	2.20619	2.10106	0.00737543
1	137	2.19879	2.10178	0.00735601
1	138	2.19104	2.10242	0.00733109
1	139	2.18761	2.10304	0.00730392
1	140	2.18781	2.10364	0.00727681
1	141	2.18577	2.10422	0.00724847
1	142	2.18131	2.10477	0.00721773
1	143	2.17755	2.10528	0.00718518
1	144	2.17377	2.10575	0.00715101
1	145	2.16744	2.10618	0.00711434
1	146	2.15542	2.10651	0.0070736
1	147	2.14269	2.10676	0.00702976
1	148	2.14573	2.10702	0.00698719
1	149	2.15564	2.10735	0.00694791
1	150	2.1601	2.1077	0.00691048
1	151	2.16001	2.10805	0.00687339
1	152	2.15473	2.10835	0.00683503
1	153	2.14141	2.10857	0.00679377
1	154	2.12619	2.10868	0.00675062
1	155	2.12701	2.1088	0.0067081
1	156	2.13925	2.109	0.00666794
1	157	2.14502	2.10923	0.00662942
1	158	2.15331	2.10951	0.00659333
1	159	2.16669	2.10987	0.00656166
1	160	2.16826	2.11023	0.00653079
1	161	2.14598	2.11045	0.006494
1	162	2.12696	2.11056	0.00645472
1	163	2.14765	2.11078	0.00641913
1	164	2.17617	2.11118	0.00639235
1	165	2.18854	2.11165	0.00637078
1	166	2.17601	2.11204	0.00634419
1	167	2.14453	2.11223	0.00630918
1	168	2.14183	2.11241	0.00627409
1	169	2.14751	2.11262	0.0062404
1	170	2.15673	2.11288	0.00620908
1	171	2.16375	2.11317	0.00617989
1	172	2.14671	2.11337	0.00614704
1	173	2.13494	2.11349	0.00611277
1	174	2.15164	2.11371	0.00608157
1	175	2.17155	2.11404	0.00605579
1	176	2.18989	2.11447	0.0060367
1	177	2.19463	2.11493	0.00601956
1	178	2.19019	2.11535	0.00600057
1	179	2.17903	2.11571	0.00597758
1	180	2.16011	2.11595	0.00594946
1	181	2.16782	2.11624	0.00592349
1	182	2.16626	2.11651	0.00589732
1	183	2.1264	2.11657	0.00586534
1	184	2.12827	2.11663	0.00583381
1	185	2.16927	2.11692	0.00580921
1	186	2.19091	2.11731	0.00579158
1	187	2.20062	2.11776	0.00577772
1	188	2.18908	2.11814	0.00575943
1	189	2.15684	2.11834	0.00573259
1	190	2.1371	2.11844	0.00570327
1	191	2.15118	2.11861	0.00567599
1	192	2.18029	2.11893	0.0056555
1	193	2.19165	2.11931	0.00563874
1	194	2.19222	2.11969	0.00562218
1	195	2.19112	2.12005	0.00560527
1	196	2.19008	2.12041	0.00558805
1	197	2.18823	2.12075	0.00557027
1	198	2.18027	2.12106	0.00555024
1	199	2.16393	2.12127	0.00552653
1	200	2.14433	2.12139	0.0055001
1	201	2.11671	2.12136	0.00547279
1	202	2.14193	2.12146	0.00544664
1	203	2.14635	2.12159	0.00542119
1	204	2.14012	2.12168	0.00539538
1	205	2.16703	2.1219	0.00537359
1	206	2.19129	2.12224	0.00535805
1	207	2.18604	2.12254	0.00534103
1	208	2.15409	2.1227	0.0053175
1	209	2.11548	2.12266	0.00529217
1	210	2.1291	2.12269	0.00526706
1	211	2.16166	2.12288	0.00524534
1	212	2.17662	2.12313	0.00522672
1	213	2.18002	2.1234	0.005209
1	214	2.17785	2.12365	0.00519087
1	215	2.17298	2.12388	0.00517179
1	216	2.16659	2.12408	0.00515163
1	217	2.16001	2.12424	0.00513055
1	218	2.1571	2.1244	0.00510923
1	219	2.16096	2.12456	0.00508862
1	220	2.1682	2.12476	0.00506936
1	221	2.17341	2.12498	0.0050512
1	222	2.17503	2.12521	0.00503347
1	223	2.17495	2.12543	0.00501584
1	224	2.17418	2.12565	0.00499817
1	225	2.168	2.12584	0.0049795
1	226	2.15875	2.12598	0.0049596
1	227	2.16715	2.12616	0.00494106
1	228	2.18229	2.12641	0.00492552
1	229	2.18202	2.12665	0.00490999
1	230	2.17031	2.12684	0.00489231
1	231	2.16452	2.127	0.00487385
1	232	2.16331	2.12716	0.00485536
1	233	2.1569	2.12729	0.0048362
1	234	2.14709	2.12737	0.00481627
1	235	2.13653	2.12741	0.00479593
1	236	2.1604	2.12755	0.00477765
1	237	2.19553	2.12784	0.00476609
1	238	2.20636	2.12817	0.00475747
1	239	2.20101	2.12847	0.00474732
1	240	2.19194	2.12874	0.0047349
1	241	2.19043	2.12899	0.00472217
1	242	2.19503	2.12927	0.00471053
1	243	2.19879	2.12955	0.00469982
1	244	2.2024	2.12985	0.00469004
1	245	2.20726	2.13017	0.00468152
1	246	2.20942	2.13049	0.00467357
1	247	2.19767	2.13076	0.00466255
1	248	2.17511	2.13094	0.00464718
1	249	2.16529	2.13108	0.00463056
1	250	2.17097	2.13124	0.00461479
1	251	2.19077	2.13147	0.00460249
1	252	2.20081	2.13175	0.00459245
1	253	2.20213	2.13203	0.00458271
1	254	2.20004	2.1323	0.00457249
1	255	2.18952	2.13252	0.00456006
1	256	2.17269	2.13268	0.00454495
1	257	2.15565	2.13277	0.00452814
1	258	2.13157	2.13276	0.00451059
1	259	2.13969	2.13279	0.00449326
1	260	2.16747	2.13292	0.00447795
1	261	2.1772	2.13309	0.00446401
1	262	2.17396	2.13325	0.0044497
1	263	2.16299	2.13336	0.00443421
1	264	2.14514	2.13341	0.00441764
1	265	2.12788	2.13338	0.00440102
1	266	2.13776	2.1334	0.00438451
1	267	2.1557	2.13348	0.00436888
1	268	2.16203	2.13359	0.00435388
1	269	2.16002	2.13369	0.0043388
1	270	2.15522	2.13377	0.00432346
1	271	2.14863	2.13382	0.00430786
1	272	2.13742	2.13384	0.00429204
1	273	2.12579	2.13381	0.00427642
1	274	2.11797	2.13375	0.0042612
1	275	2.12921	2.13373	0.00424574
1	276	2.14556	2.13378	0.00423057
1	277	2.14507	2.13382	0.0042155
1	278	2.13711	2.13383	0.00420035
1	279	2.14454	2.13387	0.00418547
1	280	2.15628	2.13395	0.00417129
1	281	2.16167	2.13405	0.00415761
1	282	2.16441	2.13415	0.00414426
1	283	2.16247	2.13425	0.00413082
1	284	2.1564	2.13433	0.00411701
1	285	2.15709	2.13441	0.00410334
1	286	2.16326	2.13451	0.00409023
1	287	2.16857	2.13463	0.0040777
1	288	2.17307	2.13476	0.00406573
1	289	2.17353	2.1349	0.00405387
1	290	2.16866	2.13501	0.00404157
1	291	2.1691	2.13513	0.00402937
1	292	2.17816	2.13528	0.00401827
1	293	2.18546	2.13545	0.0040082
1	294	2.19021	2.13564	0.00399889
1	295	2.20089	2.13586	0.00399145
1	296	2.21319	2.13612	0.00398651
1	297	2.20355	2.13635	0.00397955
1	298	2.18056	2.13649	0.00396896
1	299	2.19749	2.1367	0.00396092
1	300	2.23078	2.13701	0.00396012
1	301	2.24499	2.13737	0.00396318
1	302	2.2411	2.13771	0.00396491
1	303	2.22933	2.13802	0.00396334
1	304	2.2276	2.13831	0.00396124
1	305	2.23952	2.13864	0.00396213
1	306	2.23386	2.13895	0.00396138
1	307	2.2117	2.13919	0.00395556
1	308	2.22025	2.13945	0.00395146
1	309	2.24945	2.13981	0.00395468
1	310	2.25917	2.1402	0.00396062
1	311	2.24383	2.14053	0.00396187
1	312	2.22407	2.1408	0.00395821
1	313	2.23911	2.14111	0.00395801
1	314	2.26107	2.14149	0.0039638
1	315	2.26442	2.14188	0.00397038
1	316	2.25995	2.14226	0.00397536
1	317	2.25719	2.14262	0.00397932
1	318	2.25946	2.14299	0.00398373
1	319	2.25737	2.14335	0.00398735
1	320	2.24489	2.14366	0.00398749
1	321	2.23178	2.14394	0.00398451
1	322	2.23606	2.14422	0.00398239
1	323	2.24632	2.14454	0.00398259
1	324	2.25376	2.14488	0.00398454
1	325	2.25732	2.14522	0.00398727
1	326	2.25605	2.14556	0.0039895
1	327	2.25086	2.14588	0.00399028
1	328	2.24354	2.14618	0.0039892
1	329	2.24077	2.14647	0.00398743
1	330	2.23793	2.14675	0.00398496
1	331	2.2301	2.147	0.00398087
1	332	2.22969	2.14725	0.00397667
1	333	2.23799	2.14752	0.00397405
1	334	2.23471	2.14778	0.00397072
1	335	2.22927	2.14802	0.00396631
1	336	2.22949	2.14827	0.00396191
1	337	2.22654	2.1485	0.00395695
1	338	2.22036	2.14871	0.00395095
1	339	2.21584	2.14891	0.00394426
1	340	2.2131	2.1491	0.00393717
1	341	2.21032	2.14928	0.00392972
1	342	2.20323	2.14944	0.00392139
1	343	2.19376	2.14957	0.00391209
1	344	2.18863	2.14968	0.00390236
1	345	2.18849	2.14979	0.00389267
1	346	2.19101	2.14991	0.00388324
1	347	2.19842	2.15005	0.00387457
1	348	2.20408	2.15021	0.00386654
1	349	2.20378	2.15036	0.00385851
1	350	2.19366	2.15048	0.00384947
1	351	2.16966	2.15054	0.00383889
1	352	2.153	2.15054	0.00382799
1	353	2.16868	2.1506	0.00381749
1	354	2.18247	2.15069	0.00380777
1	355	2.17696	2.15076	0.00379776
1	356	2.15826	2.15078	0.00378715
1	357	2.17122	2.15084	0.00377698
1	358	2.17203	2.1509	0.00376689
1	359	2.1813	2.15098	0.00375735
1	360	2.19732	2.15111	0.00374912
1	361	2.18931	2.15122	0.00374022
1	362	2.16786	2.15126	0.00373017
1	363	2.15856	2.15128	0.00371995
1	364	2.16401	2.15132	0.0037099
1	365	2.16853	2.15136	0.00370003
1	366	2.1669	2.15141	0.00369017
1	367	2.16567	2.15145	0.00368032
1	368	2.15861	2.15147	0.00367037
1	369	2.15694	2.15148	0.00366045
1	370	2.18532	2.15157	0.0036517
1	371	2.19493	2.15169	0.00364373
1	372	2.18114	2.15177	0.00363479
1	373	2.15961	2.15179	0.00362511
1	374	2.15751	2.1518	0.00361545
1	375	2.17005	2.15185	0.00360613
1	376	2.17654	2.15192	0.00359714
1	377	2.17668	2.15198	0.0035882
1	378	2.17062	2.15203	0.00357904
1	379	2.15869	2.15205	0.00356964
1	380	2.14824	2.15204	0.00356026
1	381	2.15717	2.15205	0.00355095
1	382	2.18494	2.15214	0.00354269
1	383	2.19287	2.15225	0.00353504
1	384	2.19797	2.15237	0.00352784
1	385	2.209	2.15251	0.00352174
1	386	2.21198	2.15267	0.00351599
1	387	2.19377	2.15277	0.0035085
1	388	2.17367	2.15283	0.00349987
1	389	2.18218	2.1529	0.00349169
1	390	2.19619	2.15301	0.0034845
1	391	2.19506	2.15312	0.00347725
1	392	2.19416	2.15323	0.00346995
1	393	2.20517	2.15336	0.00346364
1	394	2.21443	2.15351	0.00345832
1	395	2.21464	2.15367	0.00345302
1	396	2.20735	2.1538	0.00344696
1	397	2.18623	2.15389	0.00343925
1	398	2.17116	2.15393	0.00343088
1	399	2.1704	2.15397	0.00342253
1	400	2.1598	2.15398	0.003414
1	401	2.16615	2.15401	0.00340562
1	402	2.19017	2.1541	0.00339834
1	403	2.1995	2.15422	0.00339177
1	404	2.19783	2.15433	0.0033851
1	405	2.19494	2.15443	0.00337822
1	406	2.19368	2.15452	0.00337128
1	407	2.19279	2.15462	0.00336431
1	408	2.18808	2.1547	0.00335707
1	409	2.17762	2.15475	0.00334933
1	410	2.17132	2.15479	0.0033414
1	411	2.17195	2.15484	0.00333353
1	412	2.16892	2.15487	0.00332562
1	413	2.17558	2.15492	0.00331794
1	414	2.18103	2.15498	0.00331053
1	415	2.15622	2.15499	0.00330255
1	416	2.14656	2.15497	0.00329467
1	417	2.16594	2.15499	0.00328688
1	418	2.17395	2.15504	0.00327933
1	419	2.17887	2.1551	0.00327199
1	420	2.18717	2.15517	0.00326509
1	421	2.18925	2.15525	0.00325834
1	422	2.18656	2.15533	0.00325147
1	423	2.18099	2.15539	0.00324434
1	424	2.17482	2.15543	0.00323702
1	425	2.17833	2.15549	0.00322985
1	426	2.19241	2.15557	0.00322343
1	427	2.20496	2.15569	0.00321795
1	428	2.20948	2.15581	0.00321289
1	429	2.20204	2.15592	0.00320721
1	430	2.1866	2.15599	0.00320054
1	431	2.18355	2.15606	0.00319375
1	432	2.18121	2.15612	0.00318689
1	433	2.18536	2.15618	0.00318025
1	434	2.18587	2.15625	0.00317365
1	435	2.17754	2.1563	0.00316673
1	436	2.17547	2.15634	0.00315978
1	437	2.18896	2.15642	0.00315343
1	438	2.20418	2.15653	0.00314811
1	439	2.21903	2.15667	0.00314416
1	440	2.21819	2.15681	0.00314012
1	441	2.20877	2.15693	0.00313521
1	442	2.20803	2.15704	0.00313025
1	443	2.21351	2.15717	0.00312578
1	444	2.21182	2.15729	0.00312116
1	445	2.2001	2.15739	0.00311563
1	446	2.18094	2.15744	0.00310909
1	447	2.17144	2.15748	0.00310229
1	448	2.18985	2.15755	0.00309621
1	449	2.20427	2.15765	0.00309106
1	450	2.20743	2.15776	0.00308617
1	451	2.20552	2.15787	0.00308114
1	452	2.20137	2.15796	0.00307583
1	453	2.19785	2.15805	0.0030703
1	454	2.19644	2.15814	0.0030647
1	455	2.19259	2.15821	0.0030589
1	456	2.18255	2.15827	0.00305266
1	457	2.16989	2.15829	0.00304608
1	458	2.1623	2.1583	0.00303944
1	459	2.1618	2.15831	0.00303283
1	460	2.16634	2.15833	0.00302629
1	461	2.1756	2.15836	0.00301996
1	462	2.19288	2.15844	0.00301434
1	463	2.20895	2.15855	0.00300981
1	464	2.209	2.15866	0.00300528
1	465	2.17769	2.1587	0.0029991
1	466	2.12615	2.15863	0.00299348
1	467	2.14038	2.15859	0.00298732
1	468	2.1678	2.15861	0.002981
1	469	2.1666	2.15862	0.0029747
1	470	2.1484	2.1586	0.00296845
1	471	2.14259	2.15857	0.00296234
1	472	2.20737	2.15867	0.00295787
1	473	2.20869	2.15878	0.0029535
1	474	2.20603	2.15888	0.00294895
1	475	2.21025	2.15899	0.00294473
1	476	2.19276	2.15906	0.0029394
1	477	2.17139	2.15908	0.00293335
1	478	2.17381	2.15911	0.00292737
1	479	2.18771	2.15917	0.00292187
1	480	2.19995	2.15926	0.00291702
1	481	2.20212	2.15935	0.00291231
1	482	2.20934	2.15945	0.00290812
1	483	2.22638	2.15959	0.0029054
1	484	2.23454	2.15974	0.00290352
1	485	2.22617	2.15988	0.00290076
1	486	2.21906	2.16	0.00289735
1	487	2.23033	2.16015	0.00289499
1	488	2.23714	2.1603	0.00289336
1	489	2.22868	2.16044	0.00289082
1	490	2.22452	2.16058	0.00288787
1	491	2.22404	2.1607	0.00288488
1	492	2.20689	2.1608	0.00288055
1	493	2.21428	2.16091	0.00287675
1	494	2.2456	2.16108	0.00287603
1	495	2.25538	2.16127	0.00287652
1	496	2.23179	2.16141	0.00287423
1	497	2.21033	2.16151	0.00287013
1	498	2.22189	2.16163	0.00286693
1	499	2.23498	2.16178	0.00286495
1	500	2.24785	2.16195	0.00286439
1	501	2.25948	2.16214	0.00286528
1	502	2.25478	2.16233	0.00286551
1	503	2.23416	2.16247	0.00286337
1	504	2.2342	2.16261	0.00286122
1	505	2.22832	2.16274	0.00285851
1	506	2.2054	2.16283	0.0028541
1	507	2.21253	2.16293	0.00285016
1	508	2.23721	2.16307	0.00284829
1	509	2.24542	2.16323	0.00284729
1	510	2.22997	2.16337	0.00284471
1	511	2.18957	2.16342	0.00283961
1	512	2.19208	2.16347	0.00283461
1	513	2.20682	2.16356	0.00283035
1	514	2.20575	2.16364	0.00282603
1	515	2.2061	2.16372	0.00282175
1	516	2.20643	2.1638	0.00281749
1	517	2.2027	2.16388	0.00281305
1	518	2.19533	2.16394	0.00280827
1	519	2.1889	2.16399	0.00280327
1	520	2.18717	2.16403	0.00279823
1	521	2.1857	2.16407	0.00279317
1	522	2.1809	2.16411	0.00278801
1	523	2.17734	2.16413	0.00278279
1	524	2.17951	2.16416	0.00277764
1	525	2.18413	2.1642	0.0027726
1	526	2.1875	2.16424	0.00276769
1	527	2.18856	2.16429	0.00276282
1	528	2.18678	2.16433	0.00275792
1	529	2.18384	2.16437	0.00275295
1	530	2.18347	2.16441	0.00274799
1	531	2.18605	2.16445	0.00274312
1	532	2.18903	2.16449	0.00273835
1	533	2.19054	2.16454	0.00273365
1	534	2.1881	2.16459	0.00272889
1	535	2.18408	2.16462	0.00272403
1	536	2.18419	2.16466	0.00271919
1	537	2.18439	2.1647	0.00271438
1	538	2.17676	2.16472	0.00270942
1	539	2.15909	2.16471	0.00270442
1	540	2.15088	2.16468	0.00269953
1	541	2.13882	2.16463	0.00269496
1	542	2.15638	2.16462	0.00269003
1	543	2.17888	2.16464	0.00268521
1	544	2.19083	2.16469	0.0026807
1	545	2.21043	2.16478	0.0026771
1	546	2.21689	2.16487	0.0026739
1	547	2.20554	2.16495	0.00267004
1	548	2.18532	2.16498	0.00266543
1	549	2.18318	2.16502	0.00266078
1	550	2.19326	2.16507	0.00265644
1	551	2.20473	2.16514	0.00265259
1	552	2.21942	2.16524	0.00264961
1	553	2.22907	2.16535	0.00264733
1	554	2.2248	2.16546	0.00264472
1	555	2.21247	2.16555	0.00264131
1	556	2.20966	2.16563	0.00263775
1	557	2.21169	2.16571	0.00263431
1	558	2.20342	2.16578	0.00263046
1	559	2.20578	2.16585	0.00262673
1	560	2.21042	2.16593	0.00262324
1	561	2.22273	2.16603	0.00262052
1	562	2.23597	2.16615	0.00261881
1	563	2.23553	2.16628	0.00261706
1	564	2.23006	2.16639	0.00261486
1	565	2.1995	2.16645	0.00261089
1	566	2.19053	2.16649	0.00260662
1	567	2.21891	2.16658	0.00260366
1	568	2.20907	2.16666	0.00260015
1	569	2.19978	2.16672	0.00259623
1	570	2.20994	2.16679	0.00259279
1	571	2.21023	2.16687	0.00258936
1	572	2.19983	2.16692	0.00258548
1	573	2.18754	2.16696	0.00258121
1	574	2.18164	2.16699	0.00257684
1	575	2.1834	2.16701	0.00257252
1	576	2.1874	2.16705	0.0025683
1	577	2.18962	2.16709	0.00256415
1	578	2.18867	2.16713	0.00255998
1	579	2.1838	2.16716	0.00255572
1	580	2.17685	2.16717	0.00255137
1	581	2.16993	2.16718	0.00254698
1	582	2.16088	2.16717	0.00254263
1	583	2.16196	2.16716	0.00253828
1	584	2.17353	2.16717	0.00253396
1	585	2.17947	2.16719	0.00252972
1	586	2.18565	2.16722	0.0025256
1	587	2.19053	2.16726	0.00252161
1	588	2.17865	2.16728	0.00251739
1	589	2.16602	2.16728	0.00251312
1	590	2.15996	2.16727	0.00250889
1	591	2.16755	2.16727	0.00250464
1	592	2.18212	2.16729	0.00250054
1	593	2.18607	2.16732	0.00249652
1	594	2.17147	2.16733	0.00249233
1	595	2.14209	2.16729	0.0024885
1	596	2.13458	2.16723	0.00248493
1	597	2.16347	2.16723	0.00248078
1	598	2.18117	2.16725	0.00247674
1	599	2.18566	2.16728	0.00247279
1	600	2.18697	2.16731	0.00246889
1	601	2.18829	2.16735	0.00246503
1	602	2.19041	2.16739	0.00246123
1	603	2.19394	2.16743	0.00245754
1	604	2.19925	2.16748	0.00245404
1	605	2.20582	2.16755	0.0024508
1	606	2.2101	2.16762	0.00244776
1	607	2.20092	2.16767	0.00244435
1	608	2.17559	2.16768	0.00244036
1	609	2.18165	2.16771	0.00243646
1	610	2.20627	2.16777	0.00243329
1	611	2.20213	2.16783	0.00242995
1	612	2.18441	2.16785	0.00242613
1	613	2.19034	2.16789	0.00242245
1	614	2.20343	2.16795	0.0024192
1	615	2.21587	2.16803	0.00241652
1	616	2.2304	2.16813	0.00241472
1	617	2.22358	2.16822	0.00241248
1	618	2.20537	2.16828	0.00240932
1	619	2.20169	2.16833	0.00240603
1	620	2.21821	2.16841	0.0024035
1	621	2.23555	2.16852	0.00240206
1	622	2.23769	2.16863	0.00240077
1	623	2.22564	2.16872	0.00239866
1	624	2.21216	2.16879	0.00239583
1	625	2.20425	2.16885	0.00239266
1	626	2.19649	2.16889	0.00238925
1	627	2.19848	2.16894	0.0023859
1	628	2.20976	2.16901	0.00238299
1	629	2.20512	2.16906	0.00237989
1	630	2.1873	2.16909	0.00237629
1	631	2.18889	2.16912	0.00237273
1	632	2.18116	2.16914	0.00236905
1	633	2.16554	2.16914	0.00236532
1	634	2.18172	2.16916	0.00236167
1	635	2.17637	2.16917	0.00235798
1	636	2.16097	2.16915	0.00235431
1	637	2.193	2.16919	0.00235091
1	638	2.21172	2.16926	0.00234817
1	639	2.21503	2.16933	0.00234559
1	640	2.20959	2.16939	0.00234277
1	641	2.19198	2.16943	0.00233938
1	642	2.17156	2.16943	0.00233573
1	643	2.16635	2.16943	0.00233211
1	644	2.16012	2.16941	0.00232853
1	645	2.14799	2.16938	0.00232516
1	646	2.16367	2.16937	0.00232157
1	647	2.1949	2.16941	0.00231832
1	648	2.20618	2.16947	0.00231544
1	649	2.2002	2.16951	0.00231235
1	650	2.15895	2.1695	0.00230885
1	651	2.08307	2.16937	0.00230912
1	652	2.15163	2.16934	0.00230574
1	653	2.18508	2.16936	0.00230233
1	654	2.19448	2.1694	0.00229913
1	655	2.19785	2.16944	0.00229603
1	656	2.19479	2.16948	0.00229286
1	657	2.18544	2.16951	0.0022895
1	658	2.18094	2.16952	0.00228608
1	659	2.17871	2.16954	0.00228266
1	660	2.15785	2.16952	0.00227927
1	661	2.13661	2.16947	0.00227636
1	662	2.15954	2.16946	0.00227297
1	663	2.19396	2.16949	0.00226985
1	664	2.20817	2.16955	0.00226718
1	665	2.20971	2.16961	0.00226457
1	666	2.20552	2.16967	0.00226181
1	667	2.19485	2.1697	0.00225874
1	668	2.17956	2.16972	0.0022554
1	669	2.17421	2.16972	0.00225204
1	670	2.16499	2.16972	0.00224869
1	671	2.1468	2.16968	0.0022456
1	672	2.14622	2.16965	0.00224253
1	673	2.16474	2.16964	0.00223921
1	674	2.19645	2.16968	0.00223624
1	675	2.21426	2.16975	0.0022339
1	676	2.2142	2.16981	0.00223156
1	677	2.19989	2.16986	0.00222871
1	678	2.17348	2.16986	0.00222543
1	679	2.15927	2.16985	0.00222221
1	680	2.16184	2.16983	0.00221897
1	681	2.15343	2.16981	0.00221584
1	682	2.16944	2.16981	0.00221259
1	683	2.20602	2.16986	0.00220999
1	684	2.2124	2.16993	0.00220763
1	685	2.19919	2.16997	0.00220482
1	686	2.18801	2.16999	0.00220177
1	687	2.18105	2.17001	0.00219862
1	688	2.17718	2.17002	0.00219545
1	689	2.18243	2.17004	0.00219234
1	690	2.19541	2.17008	0.00218947
1	691	2.18971	2.1701	0.00218648
1	692	2.18365	2.17012	0.00218341
1	693	2.19748	2.17016	0.00218062
1	694	2.20931	2.17022	0.0021782
1	695	2.20775	2.17027	0.00217574
1	696	2.18491	2.17029	0.00217272
1	697	2.20365	2.17034	0.00217013
1	698	2.22481	2.17042	0.00216842
1	699	2.2243	2.1705	0.00216669
1	700	2.20376	2.17055	0.00216411
1	701	2.16151	2.17053	0.00216106
1	702	2.20812	2.17059	0.00215865
1	703	2.24325	2.17069	0.00215805
1	704	2.2353	2.17078	0.00215694
1	705	2.17338	2.17078	0.00215388
1	706	2.20763	2.17084	0.00215146
1	707	2.23465	2.17093	0.00215031
1	708	2.21633	2.17099	0.00214823
1	709	2.19943	2.17103	0.00214557
1	710	2.184	2.17105	0.00214263
1	711	2.17289	2.17105	0.00213962
1	712	2.20672	2.1711	0.0021372
1	713	2.23012	2.17119	0.0021358
1	714	2.2328	2.17127	0.00213455
1	715	2.22727	2.17135	0.00213301
1	716	2.21287	2.17141	0.00213081
1	717	2.19176	2.17144	0.00212803
1	718	2.191	2.17146	0.00212524
1	719	2.19536	2.1715	0.00212255
1	720	2.17961	2.17151	0.00211963
1	721	2.20903	2.17156	0.00211733
1	722	2.21738	2.17162	0.00211535
1	723	2.20628	2.17167	0.00211296
1	724	2.20947	2.17172	0.00211069
1	725	2.21177	2.17178	0.0021085
1	726	2.18997	2.1718	0.00210575
1	727	2.1578	2.17178	0.00210294
1	728	2.16444	2.17177	0.00210007
1	729	2.18742	2.1718	0.0020973
1	730	2.19312	2.17183	0.00209463
1	731	2.20189	2.17187	0.00209217
1	732	2.19291	2.1719	0.00208951
1	733	2.19455	2.17193	0.00208689
1	734	2.21492	2.17198	0.00208487
1	735	2.23481	2.17207	0.00208378
1	736	2.23653	2.17216	0.00208279
1	737	2.22124	2.17222	0.00208103
1	738	2.20017	2.17226	0.00207855
1	739	2.18929	2.17229	0.00207587
1	740	2.18772	2.17231	0.00207317
1	741	2.19306	2.17233	0.00207056
1	742	2.20229	2.17237	0.00206816
1	743	2.21474	2.17243	0.00206616
1	744	2.22049	2.1725	0.0020644
1	745	2.21119	2.17255	0.00206228
1	746	2.18857	2.17257	0.00205963
1	747	2.17533	2.17257	0.00205687
1	748	2.18412	2.17259	0.00205418
1	749	2.18383	2.1726	0.00205149
1	750	2.16708	2.1726	0.00204877
1	751	2.14933	2.17257	0.00204628
1	752	2.16359	2.17255	0.00204359
1	753	2.19081	2.17258	0.00204102
1	754	2.20187	2.17262	0.00203868
1	755	2.20246	2.17266	0.00203637
1	756	2.19954	2.17269	0.00203398
1	757	2.19722	2.17272	0.00203155
1	758	2.19473	2.17275	0.00202908
1	759	2.19015	2.17278	0.00202654
1	760	2.18979	2.1728	0.00202399
1	761	2.19695	2.17283	0.00202158
1	762	2.18905	2.17285	0.00201904
1	763	2.16255	2.17284	0.00201644
1	764	2.18663	2.17286	0.00201388
1	765	2.21098	2.17291	0.00201187
1	766	2.19691	2.17294	0.00200948
1	767	2.17121	2.17293	0.00200687
1	768	2.19421	2.17296	0.00200444
1	769	2.21437	2.17302	0.00200256
1	770	2.21474	2.17307	0.00200069
1	771	2.20791	2.17312	0.00199861
1	772	2.20253	2.17315	0.00199638
1	773	2.19995	2.17319	0.0019941
1	774	2.19725	2.17322	0.00199177
1	775	2.19965	2.17325	0.00198949
1	776	2.20312	2.17329	0.0019873
1	777	2.19647	2.17332	0.00198496
1	778	2.17993	2.17333	0.00198243
1	779	2.17045	2.17333	0.00197989
1	780	2.17779	2.17333	0.00197736
1	781	2.18332	2.17335	0.00197487
1	782	2.17982	2.17335	0.00197236
1	783	2.17468	2.17336	0.00196984
1	784	2.17174	2.17335	0.00196733
1	785	2.16983	2.17335	0.00196483
1	786	2.16607	2.17334	0.00196235
1	787	2.16002	2.17332	0.00195993
1	788	2.15269	2.1733	0.00195762
1	789	2.1535	2.17327	0.0019553
1	790	2.15898	2.17325	0.00195291
1	791	2.16269	2.17324	0.00195048
1	792	2.16752	2.17323	0.00194803
1	793	2.16954	2.17323	0.00194558
1	794	2.16434	2.17322	0.00194316
1	795	2.15433	2.17319	0.00194086
1	796	2.15047	2.17316	0.00193864
1	797	2.14308	2.17313	0.00193657
1	798	2.12101	2.17306	0.00193525
1	799	2.12928	2.17301	0.0019336
1	800	2.1509	2.17298	0.00193138
1	801	2.16473	2.17297	0.001929
1	802	2.17449	2.17297	0.00192659
1	803	2.17859	2.17298	0.00192421
1	804	2.17294	2.17298	0.00192181
1	805	2.14862	2.17295	0.00191966
1	806	2.13982	2.17291	0.00191772
1	807	2.1641	2.1729	0.00191538
1	808	2.17745	2.1729	0.00191301
1	809	2.18767	2.17292	0.00191074
1	810	2.19705	2.17295	0.00190861
1	811	2.19941	2.17298	0.00190653
1	812	2.19149	2.173	0.00190432
1	813	2.17363	2.173	0.00190198
1	814	2.15263	2.17298	0.00189981
1	815	2.15652	2.17296	0.00189758
1	816	2.17616	2.17296	0.00189526
1	817	2.18772	2.17298	0.00189303
1	818	2.20084	2.17302	0.00189102
1	819	2.20597	2.17306	0.00188914
1	820	2.20601	2.1731	0.00188726
1	821	2.20746	2.17314	0.00188543
1	822	2.212	2.17319	0.00188373
1	823	2.2174	2.17324	0.00188221
1	824	2.21939	2.1733	0.00188075
1	825	2.20926	2.17334	0.00187898
1	826	2.1806	2.17335	0.00187673
1	827	2.17856	2.17335	0.00187447
1	828	2.20383	2.17339	0.00187256
1	829	2.21579	2.17344	0.001871
1	830	2.21566	2.17349	0.00186944
1	831	2.21261	2.17354	0.00186778
1	832	2.21044	2.17358	0.00186607
1	833	2.20287	2.17362	0.00186416
1	834	2.19111	2.17364	0.00186204
1	835	2.19291	2.17366	0.00185995
1	836	2.2034	2.1737	0.00185807
1	837	2.2038	2.17373	0.0018562
1	838	2.19296	2.17376	0.00185412
1	839	2.17875	2.17376	0.00185192
1	840	2.18003	2.17377	0.00184973
1	841	2.19381	2.17379	0.00184769
1	842	2.19751	2.17382	0.00184571
1	843	2.18764	2.17384	0.00184359
1	844	2.17502	2.17384	0.00184141
1	845	2.17404	2.17384	0.00183923
1	846	2.16423	2.17383	0.00183709
1	847	2.14882	2.1738	0.00183516
1	848	2.15842	2.17378	0.00183308
1	849	2.17495	2.17378	0.00183092
1	850	2.18998	2.1738	0.00182887
1	851	2.20156	2.17384	0.00182701
1	852	2.20655	2.17387	0.00182527
1	853	2.20537	2.17391	0.0018235
1	854	2.19581	2.17394	0.00182155
1	855	2.18199	2.17395	0.00181944
1	856	2.18144	2.17395	0.00181734
1	857	2.18576	2.17397	0.00181527
1	858	2.17489	2.17397	0.00181315
1	859	2.15025	2.17394	0.00181125
1	860	2.15457	2.17392	0.00180929
1	861	2.14567	2.17389	0.00180748
1	862	2.16484	2.17388	0.00180542
1	863	2.20897	2.17392	0.00180378
1	864	2.20062	2.17395	0.00180196
1	865	2.18916	2.17396	0.00179996
1	866	2.19012	2.17398	0.00179798
1	867	2.19763	2.17401	0.00179611
1	868	2.19837	2.17404	0.00179426
1	869	2.18214	2.17405	0.00179222
1	870	2.14232	2.17401	0.00179054
1	871	2.11726	2.17395	0.00178966
1	872	2.15327	2.17392	0.00178777
1	873	2.17142	2.17392	0.00178572
1	874	2.17362	2.17392	0.00178368
1	875	2.1745	2.17392	0.00178164
1	876	2.17466	2.17392	0.00177961
1	877	2.17446	2.17392	0.00177758
1	878	2.17346	2.17392	0.00177555
1	879	2.16796	2.17391	0.00177355
1	880	2.14607	2.17388	0.00177181
1	881	2.11747	2.17382	0.00177096
1	882	2.12391	2.17376	0.00176986
1	883	2.13358	2.17372	0.00176844
1	884	2.13982	2.17368	0.00176685
1	885	2.1525	2.17365	0.00176502
1	886	2.16224	2.17364	0.00176307
1	887	2.16852	2.17364	0.00176109
1	888	2.16951	2.17363	0.00175912
1	889	2.16061	2.17362	0.0017572
1	890	2.14157	2.17358	0.00175559
1	891	2.13934	2.17354	0.00175404
1	892	2.15798	2.17352	0.00175216
1	893	2.17338	2.17352	0.0017502
1	894	2.17929	2.17353	0.00174826
1	895	2.17648	2.17353	0.00174631
1	896	2.16939	2.17353	0.00174436
1	897	2.16395	2.17352	0.00174245
1	898	2.16157	2.17351	0.00174056
1	899	2.15255	2.17348	0.00173878
1	900	2.14232	2.17345	0.00173719
1	901	2.14201	2.17341	0.00173562
1	902	2.14776	2.17338	0.00173393
1	903	2.1649	2.17337	0.00173203
1	904	2.1809	2.17338	0.00173013
1	905	2.18524	2.1734	0.00172827
1	906	2.18112	2.1734	0.00172639
1	907	2.17594	2.17341	0.00172448
1	908	2.1726	2.17341	0.00172259
1	909	2.16883	2.1734	0.0017207
1	910	2.16156	2.17339	0.00171886
1	911	2.16011	2.17337	0.00171703
1	912	2.17522	2.17338	0.00171515
1	913	2.18746	2.17339	0.00171334
1	914	2.19141	2.17341	0.00171158
1	915	2.19157	2.17343	0.00170982
1	916	2.19012	2.17345	0.00170805
1	917	2.1888	2.17347	0.00170627
1	918	2.18892	2.17348	0.0017045
1	919	2.19003	2.1735	0.00170274
1	920	2.19062	2.17352	0.00170099
1	921	2.17825	2.17352	0.00169915
1	922	2.14922	2.1735	0.00169751
1	923	2.14991	2.17347	0.00169587
1	924	2.18978	2.17349	0.00169412
1	925	2.19879	2.17352	0.00169251
1	926	2.20287	2.17355	0.00169098
1	927	2.21236	2.17359	0.00168967
1	928	2.21965	2.17364	0.00168858
1	929	2.22199	2.17369	0.00168757
1	930	2.21938	2.17374	0.00168647
1	931	2.2093	2.17378	0.00168509
1	932	2.20029	2.17381	0.00168352
1	933	2.20143	2.17384	0.00168198
1	934	2.19975	2.17387	0.0016804
1	935	2.2018	2.1739	0.00167887
1	936	2.218	2.17394	0.00167774
1	937	2.22759	2.174	0.00167692
1	938	2.22216	2.17405	0.00167592
1	939	2.20881	2.17409	0.00167455
1	940	2.20685	2.17412	0.00167313
1	941	2.21243	2.17416	0.00167185
1	942	2.20536	2.1742	0.0016704
1	943	2.20389	2.17423	0.00166892
1	944	2.21133	2.17427	0.00166762
1	945	2.20903	2.1743	0.00166626
1	946	2.19557	2.17433	0.00166465
1	947	2.17456	2.17433	0.00166289
1	948	2.15518	2.17431	0.00166126
1	949	2.15384	2.17429	0.00165965
1	950	2.15904	2.17427	0.00165798
1	951	2.17227	2.17427	0.00165624
1	952	2.18014	2.17427	0.00165451
1	953	2.18299	2.17428	0.0016528
1	954	2.18948	2.1743	0.00165114
1	955	2.18146	2.17431	0.00164943
1	956	2.14615	2.17428	0.00164797
1	957	2.12883	2.17423	0.00164693
1	958	2.13336	2.17419	0.00164577
1	959	2.15358	2.17417	0.00164419
1	960	2.17094	2.17416	0.00164248
1	961	2.17635	2.17416	0.00164077
1	962	2.17517	2.17417	0.00163907
1	963	2.17355	2.17416	0.00163737
1	964	2.17051	2.17416	0.00163567
1	965	2.16521	2.17415	0.001634
1	966	2.16168	2.17414	0.00163236
1	967	2.15727	2.17412	0.00163077
1	968	2.15896	2.17411	0.00162916
1	969	2.17371	2.17411	0.00162748
1	970	2.18543	2.17412	0.00162584
1	971	2.18881	2.17413	0.00162424
1	972	2.18463	2.17414	0.0016226
1	973	2.16982	2.17414	0.00162094
1	974	2.14907	2.17411	0.00161948
1	975	2.14792	2.17409	0.00161804
1	976	2.15152	2.17406	0.00161655
1	977	2.17993	2.17407	0.00161491
1	978	2.2039	2.1741	0.00161354
1	979	2.21289	2.17414	0.00161238
1	980	2.20228	2.17417	0.00161099
1	981	2.16645	2.17416	0.00160937
1	982	2.1548	2.17414	0.00160785
1	983	2.17051	2.17414	0.00160622
1	984	2.17496	2.17414	0.00160459
1	985	2.19708	2.17416	0.00160313
1	986	2.2138	2.1742	0.001602
1	987	2.21186	2.17424	0.00160084
1	988	2.20159	2.17427	0.00159945
1	989	2.19272	2.17429	0.00159795
1	990	2.19898	2.17431	0.00159653
1	991	2.21577	2.17435	0.00159546
1	992	2.22602	2.1744	0.00159471
1	993	2.22649	2.17446	0.00159396
1	994	2.22232	2.1745	0.00159309
1	995	2.21721	2.17455	0.00159206
1	996	2.21093	2.17458	0.00159088
1	997	2.20107	2.17461	0.00158951
1	998	2.19073	2.17463	0.001588
1	999	2.18654	2.17464	0.00158645
1	1000	2.18659	2.17465	0.00158491
1	1001	2.18493	2.17466	0.00158336
1	1002	2.17567	2.17466	0.00158178
1	1003	2.15612	2.17464	0.00158031
1	1004	2.13619	2.17461	0.0015792
1	1005	2.15543	2.17459	0.00157775
1	1006	2.17959	2.17459	0.00157619
1	1007	2.17732	2.17459	0.00157462
1	1008	2.16561	2.17458	0.00157309
1	1009	2.1588	2.17457	0.00157161
1	1010	2.16524	2.17456	0.00157008
1	1011	2.17394	2.17456	0.00156852
1	1012	2.17517	2.17456	0.00156697
1	1013	2.17151	2.17456	0.00156543
1	1014	2.16691	2.17455	0.0015639
1	1015	2.16414	2.17454	0.0015624
1	1016	2.16547	2.17453	0.00156089
1	1017	2.16991	2.17453	0.00155936
1	1018	2.17023	2.17452	0.00155783
1	1019	2.16069	2.17451	0.00155636
1	1020	2.15535	2.17449	0.00155495
1	1021	2.16863	2.17448	0.00155344
1	1022	2.18437	2.17449	0.00155195
1	1023	2.18858	2.17451	0.00155049
1	1024	2.17152	2.1745	0.00154898
1	1025	2.15878	2.17449	0.00154754
1	1026	2.15097	2.17447	0.00154621
1	1027	2.14245	2.17443	0.00154501
1	1028	2.15106	2.17441	0.00154368
1	1029	2.16119	2.1744	0.00154223
1	1030	2.18111	2.17441	0.00154075
1	1031	2.18453	2.17442	0.00153928
1	1032	2.17261	2.17441	0.00153779
1	1033	2.13202	2.17437	0.00153685
1	1034	2.1138	2.17431	0.00153648
1	1035	2.16096	2.1743	0.00153505
1	1036	2.18833	2.17431	0.00153363
1	1037	2.1851	2.17432	0.00153219
1	1038	2.17123	2.17432	0.00153071
1	1039	2.15608	2.1743	0.00152934
1	1040	2.14174	2.17427	0.00152819
1	1041	2.13601	2.17424	0.00152717
1	1042	2.14002	2.1742	0.00152605
1	1043	2.1406	2.17417	0.00152493
1	1044	2.13681	2.17414	0.00152389
1	1045	2.13272	2.1741	0.00152295
1	1046	2.13085	2.17405	0.00152205
1	1047	2.12876	2.17401	0.00152121
1	1048	2.12148	2.17396	0.00152059
1	1049	2.10538	2.1739	0.00152054
1	1050	2.09117	2.17382	0.00152113
1	1051	2.10866	2.17375	0.00152095
1	1052	2.12548	2.17371	0.00152019
1	1053	2.13053	2.17367	0.0015193
1	1054	2.13137	2.17363	0.00151839
1	1055	2.13162	2.17359	0.00151747
1	1056	2.13327	2.17355	0.00151652
1	1057	2.13601	2.17351	0.0015155
1	1058	2.13631	2.17348	0.00151447
1	1059	2.13143	2.17344	0.00151357
1	1060	2.12501	2.17339	0.00151283
1	1061	2.12309	2.17335	0.00151214
1	1062	2.13029	2.17331	0.00151126
1	1063	2.14523	2.17328	0.00151007
1	1064	2.16044	2.17327	0.0015087
1	1065	2.17073	2.17326	0.00150729
1	1066	2.16403	2.17326	0.0015059
1	1067	2.14569	2.17323	0.00150471
1	1068	2.14975	2.17321	0.00150346
1	1069	2.16852	2.1732	0.00150206
1	1070	2.15382	2.17319	0.00150076
1	1071	2.14241	2.17316	0.00149964
1	1072	2.1685	2.17315	0.00149825
1	1073	2.19849	2.17318	0.00149704
1	1074	2.21219	2.17321	0.00149608
1	1075	2.20915	2.17325	0.00149506
1	1076	2.18578	2.17326	0.00149372
1	1077	2.16428	2.17325	0.00149236
1	1078	2.16102	2.17324	0.00149101
1	1079	2.14092	2.17321	0.00148993
1	1080	2.19161	2.17323	0.00148865
1	1081	2.20687	2.17326	0.0014876
1	1082	2.19931	2.17328	0.00148642
1	1083	2.18488	2.17329	0.00148509
1	1084	2.16273	2.17328	0.00148375
1	1085	2.12565	2.17324	0.00148303
1	1086	2.12871	2.1732	0.00148223
1	1087	2.16547	2.17319	0.00148088
1	1088	2.18217	2.1732	0.00147955
1	1089	2.19475	2.17322	0.00147832
1	1090	2.20593	2.17325	0.00147727
1	1091	2.20289	2.17327	0.00147616
1	1092	2.18462	2.17329	0.00147485
1	1093	2.16527	2.17328	0.00147352
1	1094	2.1594	2.17327	0.00147223
1	1095	2.17097	2.17326	0.00147088
1	1096	2.18767	2.17328	0.0014696
1	1097	2.19728	2.1733	0.00146842
1	1098	2.19759	2.17332	0.00146725
1	1099	2.19089	2.17334	0.001466
1	1100	2.18153	2.17334	0.00146469
1	1101	2.17673	2.17335	0.00146336
1	1102	2.17553	2.17335	0.00146204
1	1103	2.17938	2.17335	0.00146072
1	1104	2.18544	2.17337	0.00145944
1	1105	2.18844	2.17338	0.00145818
1	1106	2.18835	2.17339	0.00145693
1	1107	2.18461	2.1734	0.00145565
1	1108	2.17401	2.1734	0.00145433
1	1109	2.15475	2.17339	0.00145312
1	1110	2.14207	2.17336	0.00145208
1	1111	2.15074	2.17334	0.00145092
1	1112	2.15621	2.17332	0.00144969
1	1113	2.14715	2.1733	0.00144858
1	1114	2.15402	2.17328	0.00144739
1	1115	2.16588	2.17327	0.0014461
1	1116	2.17814	2.17328	0.00144481
1	1117	2.17614	2.17328	0.00144352
1	1118	2.1537	2.17326	0.00144234
1	1119	2.17355	2.17326	0.00144105
1	1120	2.19208	2.17328	0.00143986
1	1121	2.19247	2.1733	0.00143868
1	1122	2.19185	2.17331	0.00143749
1	1123	2.19402	2.17333	0.00143633
1	1124	2.18933	2.17335	0.00143512
1	1125	2.18927	2.17336	0.00143392
1	1126	2.20476	2.17339	0.00143291
1	1127	2.19915	2.17341	0.00143182
1	1128	2.17874	2.17342	0.00143056
1	1129	2.19352	2.17343	0.00142941
1	1130	2.22279	2.17348	0.00142881
1	1131	2.21938	2.17352	0.00142812
1	1132	2.18816	2.17353	0.00142692
1	1133	2.17714	2.17354	0.00142566
1	1134	2.19849	2.17356	0.00142457
1	1135	2.2067	2.17359	0.00142362
1	1136	2.20573	2.17361	0.00142265
1	1137	2.222	2.17366	0.00142203
1	1138	2.23779	2.17371	0.0014219
1	1139	2.25161	2.17378	0.00142229
1	1140	2.25363	2.17385	0.00142277
1	1141	2.24841	2.17392	0.00142302
1	1142	2.23253	2.17397	0.0014227
1	1143	2.22588	2.17401	0.00142218
1	1144	2.23794	2.17407	0.00142204
1	1145	2.2379	2.17413	0.00142189
1	1146	2.21992	2.17417	0.00142121
1	1147	2.21654	2.1742	0.00142045
1	1148	2.22617	2.17425	0.00141993
1	1149	2.20869	2.17428	0.00141901
1	1150	2.19208	2.17429	0.00141786
1	1151	2.20395	2.17432	0.00141687
1	1152	2.21656	2.17436	0.00141611
1	1153	2.20864	2.17439	0.00141519
1	1154	2.19741	2.17441	0.00141411
1	1155	2.20015	2.17443	0.00141306
1	1156	2.20906	2.17446	0.00141215
1	1157	2.21271	2.17449	0.00141132
1	1158	2.21142	2.17452	0.00141046
1	1159	2.2089	2.17455	0.00140956
1	1160	2.20827	2.17458	0.00140864
1	1161	2.21069	2.17461	0.00140777
1	1162	2.21289	2.17465	0.00140695
1	1163	2.20707	2.17467	0.00140601
1	1164	2.19552	2.17469	0.00140492
1	1165	2.20065	2.17471	0.00140389
1	1166	2.20903	2.17474	0.00140299
1	1167	2.18355	2.17475	0.00140181
1	1168	2.17625	2.17475	0.00140061
1	1169	2.17885	2.17476	0.00139942
1	1170	2.11526	2.1747	0.00139915
1	1171	2.11316	2.17465	0.00139894
1	1172	2.17523	2.17465	0.00139774
1	1173	2.22521	2.1747	0.00139722
1	1174	2.22517	2.17474	0.00139669
1	1175	2.21551	2.17477	0.00139593
1	1176	2.21372	2.17481	0.00139514
1	1177	2.21302	2.17484	0.00139433
1	1178	2.20532	2.17486	0.00139338
1	1179	2.18646	2.17487	0.00139224
1	1180	2.18716	2.17488	0.0013911
1	1181	2.21205	2.17492	0.00139027
1	1182	2.22564	2.17496	0.00138976
1	1183	2.22926	2.17501	0.00138934
1	1184	2.2292	2.17505	0.00138892
1	1185	2.22546	2.17509	0.0013884
1	1186	2.21542	2.17513	0.00138765
1	1187	2.21286	2.17516	0.00138684
1	1188	2.22729	2.1752	0.00138637
1	1189	2.22714	2.17525	0.00138589
1	1190	2.19772	2.17527	0.00138486
1	1191	2.17397	2.17526	0.00138369
1	1192	2.19088	2.17528	0.00138259
1	1193	2.21415	2.17531	0.00138182
1	1194	2.19599	2.17533	0.00138077
1	1195	2.20934	2.17536	0.00137991
1	1196	2.24081	2.17541	0.00137984
1	1197	2.24569	2.17547	0.00137994
1	1198	2.23793	2.17552	0.00137977
1	1199	2.2215	2.17556	0.00137915
1	1200	2.19605	2.17558	0.00137811
1	1201	2.16955	2.17557	0.00137697
1	1202	2.16805	2.17557	0.00137584
1	1203	2.1897	2.17558	0.00137474
1	1204	2.18292	2.17558	0.00137362
1	1205	2.17622	2.17558	0.00137248
1	1206	2.19143	2.1756	0.0013714
1	1207	2.20857	2.17562	0.00137054
1	1208	2.2088	2.17565	0.00136968
1	1209	2.19293	2.17567	0.00136862
1	1210	2.17792	2.17567	0.00136749
1	1211	2.1509	2.17565	0.00136651
1	1212	2.15041	2.17563	0.00136554
1	1213	2.17843	2.17563	0.00136442
1	1214	2.19669	2.17565	0.00136341
1	1215	2.20442	2.17567	0.00136249
1	1216	2.20638	2.1757	0.0013616
1	1217	2.20321	2.17572	0.00136067
1	1218	2.19403	2.17573	0.00135964
1	1219	2.1838	2.17574	0.00135854
1	1220	2.18358	2.17575	0.00135744
1	1221	2.18918	2.17576	0.00135637
1	1222	2.18756	2.17577	0.0013553
1	1223	2.17171	2.17576	0.00135419
1	1224	2.15189	2.17574	0.00135323
1	1225	2.15982	2.17573	0.00135219
1	1226	2.18023	2.17573	0.00135109
1	1227	2.18633	2.17574	0.00135001
1	1228	2.18227	2.17575	0.00134892
1	1229	2.1744	2.17575	0.00134783
1	1230	2.17543	2.17575	0.00134673
1	1231	2.18334	2.17575	0.00134565
1	1232	2.18861	2.17576	0.0013446
1	1233	2.18663	2.17577	0.00134354
1	1234	2.16984	2.17577	0.00134246
1	1235	2.13805	2.17574	0.00134172
1	1236	2.13333	2.1757	0.00134107
1	1237	2.15312	2.17568	0.00134011
1	1238	2.16483	2.17568	0.00133906
1	1239	2.16702	2.17567	0.001338
1	1240	2.16854	2.17566	0.00133693
1	1241	2.17225	2.17566	0.00133585
1	1242	2.17607	2.17566	0.00133478
1	1243	2.17926	2.17566	0.00133371
1	1244	2.18126	2.17567	0.00133264
1	1245	2.17695	2.17567	0.00133157
1	1246	2.15486	2.17565	0.00133061
1	1247	2.12725	2.17561	0.00133011
1	1248	2.13688	2.17558	0.00132941
1	1249	2.1662	2.17558	0.00132836
1	1250	2.17901	2.17558	0.0013273
1	1251	2.16793	2.17557	0.00132626
1	1252	2.15257	2.17555	0.00132532
1	1253	2.15351	2.17554	0.00132438
1	1254	2.16654	2.17553	0.00132335
1	1255	2.17836	2.17553	0.00132229
1	1256	2.18157	2.17554	0.00132125
1	1257	2.18196	2.17554	0.00132021
1	1258	2.18351	2.17555	0.00131917
1	1259	2.18484	2.17555	0.00131815
1	1260	2.18171	2.17556	0.00131711
1	1261	2.17284	2.17556	0.00131607
1	1262	2.15989	2.17555	0.00131508
1	1263	2.14222	2.17552	0.00131431
1	1264	2.13313	2.17549	0.00131369
1	1265	2.14212	2.17546	0.00131292
1	1266	2.1671	2.17545	0.0013119
1	1267	2.18939	2.17546	0.00131091
1	1268	2.19958	2.17548	0.00131001
1	1269	2.20181	2.1755	0.00130915
1	1270	2.19853	2.17552	0.00130824
1	1271	2.18845	2.17553	0.00130725
1	1272	2.17721	2.17553	0.00130622
1	1273	2.17005	2.17553	0.00130521
1	1274	2.16228	2.17552	0.00130422
1	1275	2.16579	2.17551	0.00130322
1	1276	2.18485	2.17552	0.00130222
1	1277	2.1901	2.17553	0.00130125
1	1278	2.1861	2.17554	0.00130026
1	1279	2.20421	2.17556	0.00129944
1	1280	2.19698	2.17558	0.00129853
1	1281	2.17787	2.17558	0.00129752
1	1282	2.1673	2.17557	0.00129652
1	1283	2.16425	2.17556	0.00129554
1	1284	2.18332	2.17557	0.00129454
1	1285	2.19093	2.17558	0.00129359
1	1286	2.18105	2.17559	0.00129259
1	1287	2.14425	2.17556	0.00129182
1	1288	2.1509	2.17554	0.00129096
1	1289	2.17819	2.17554	0.00128996
1	1290	2.17034	2.17554	0.00128896
1	1291	2.18617	2.17555	0.00128799
1	1292	2.20471	2.17557	0.00128719
1	1293	2.20934	2.1756	0.00128646
1	1294	2.20633	2.17562	0.00128569
1	1295	2.18818	2.17563	0.00128473
1	1296	2.15601	2.17561	0.00128383
1	1297	2.16302	2.17561	0.00128288
1	1298	2.19313	2.17562	0.00128196
1	1299	2.20258	2.17564	0.00128114
1	1300	2.19094	2.17565	0.00128021
1	1301	2.18362	2.17566	0.00127924
1	1302	2.18691	2.17567	0.00127829
1	1303	2.19311	2.17568	0.00127737
1	1304	2.19829	2.1757	0.00127651
1	1305	2.20043	2.17572	0.00127568
1	1306	2.19275	2.17573	0.00127477
1	1307	2.13699	2.1757	0.00127413
1	1308	2.09085	2.17563	0.00127481
1	1309	2.17557	2.17563	0.00127384
1	1310	2.20182	2.17565	0.00127302
1	1311	2.19933	2.17567	0.00127218
1	1312	2.19205	2.17568	0.00127127
1	1313	2.1939	2.1757	0.00127038
1	1314	2.2055	2.17572	0.00126961
1	1315	2.21367	2.17575	0.00126898
1	1316	2.21558	2.17578	0.00126837
1	1317	2.20861	2.17581	0.00126765
1	1318	2.18577	2.17581	0.00126671
1	1319	2.15342	2.1758	0.00126587
1	1320	2.15215	2.17578	0.00126504
1	1321	2.19729	2.17579	0.00126418
1	1322	2.22306	2.17583	0.00126373
1	1323	2.21403	2.17586	0.00126311
1	1324	2.19704	2.17587	0.00126225
1	1325	2.18149	2.17588	0.00126131
1	1326	2.18788	2.17589	0.00126039
1	1327	2.19687	2.1759	0.00125954
1	1328	2.1969	2.17592	0.00125869
1	1329	2.21134	2.17595	0.00125802
1	1330	2.21414	2.17598	0.00125741
1	1331	2.21469	2.176	0.0012568
1	1332	2.22399	2.17604	0.00125637
1	1333	2.21552	2.17607	0.00125578
1	1334	2.18319	2.17608	0.00125485
1	1335	2.15879	2.17606	0.00125397
1	1336	2.1832	2.17607	0.00125305
1	1337	2.21195	2.17609	0.0012524
1	1338	2.21805	2.17613	0.00125185
1	1339	2.2073	2.17615	0.00125114
1	1340	2.19013	2.17616	0.00125025
1	1341	2.16939	2.17615	0.00124932
1	1342	2.14287	2.17613	0.00124864
1	1343	2.15687	2.17612	0.00124779
1	1344	2.19314	2.17613	0.00124693
1	1345	2.20692	2.17615	0.00124621
1	1346	2.19774	2.17617	0.00124539
1	1347	2.17359	2.17616	0.00124446
1	1348	2.15923	2.17615	0.0012436
1	1349	2.17566	2.17615	0.00124268
1	1350	2.1953	2.17617	0.00124184
1	1351	2.2022	2.17619	0.00124107
1	1352	2.201	2.1762	0.00124029
1	1353	2.1957	2.17622	0.00123946
1	1354	2.1888	2.17623	0.00123858
1	1355	2.1848	2.17623	0.00123768
1	1356	2.18223	2.17624	0.00123677
1	1357	2.17567	2.17624	0.00123586
1	1358	2.17893	2.17624	0.00123495
1	1359	2.1872	2.17625	0.00123407
1	1360	2.18974	2.17626	0.0012332
1	1361	2.17881	2.17626	0.0012323
1	1362	2.1318	2.17623	0.00123183
1	1363	2.1389	2.1762	0.00123123
1	1364	2.18708	2.17621	0.00123035
1	1365	2.18833	2.17622	0.00122948
1	1366	2.19253	2.17623	0.00122864
1	1367	2.20196	2.17625	0.00122789
1	1368	2.20279	2.17627	0.00122714
1	1369	2.19427	2.17628	0.00122632
1	1370	2.17896	2.17628	0.00122542
1	1371	2.16889	2.17628	0.00122454
1	1372	2.17484	2.17628	0.00122365
1	1373	2.17352	2.17627	0.00122276
1	1374	2.16516	2.17627	0.00122189
1	1375	2.16265	2.17626	0.00122105
1	1376	2.16972	2.17625	0.00122017
1	1377	2.17305	2.17625	0.00121928
1	1378	2.13289	2.17622	0.00121881
1	1379	2.11828	2.17617	0.00121865
1	1380	2.16628	2.17617	0.00121778
1	1381	2.1735	2.17617	0.0012169
1	1382	2.17328	2.17616	0.00121602
1	1383	2.17227	2.17616	0.00121515
1	1384	2.16388	2.17615	0.0012143
1	1385	2.14443	2.17613	0.00121364
1	1386	2.13909	2.1761	0.00121306
1	1387	2.14563	2.17608	0.00121238
1	1388	2.15412	2.17606	0.00121161
1	1389	2.16496	2.17606	0.00121077
1	1390	2.16555	2.17605	0.00120992
1	1391	2.15607	2.17603	0.00120914
1	1392	2.153	2.17602	0.00120838
1	1393	2.16013	2.17601	0.00120757
1	1394	2.16329	2.176	0.00120674
1	1395	2.16677	2.17599	0.00120589
1	1396	2.17045	2.17599	0.00120503
1	1397	2.16404	2.17598	0.0012042
1	1398	2.14935	2.17596	0.00120349
1	1399	2.15955	2.17595	0.00120269
1	1400	2.17588	2.17595	0.00120183
1	1401	2.17596	2.17595	0.00120097
1	1402	2.16364	2.17594	0.00120014
1	1403	2.14081	2.17591	0.00119955
1	1404	2.15644	2.1759	0.00119878
1	1405	2.17456	2.1759	0.00119792
1	1406	2.17927	2.1759	0.00119707
1	1407	2.18334	2.17591	0.00119623
1	1408	2.18768	2.17591	0.00119541
1	1409	2.19001	2.17592	0.00119461
1	1410	2.19108	2.17594	0.00119381
1	1411	2.19267	2.17595	0.00119302
1	1412	2.19566	2.17596	0.00119226
1	1413	2.19436	2.17597	0.00119149
1	1414	2.1707	2.17597	0.00119065
1	1415	2.12976	2.17594	0.00119025
1	1416	2.13402	2.17591	0.00118978
1	1417	2.16486	2.1759	0.00118897
1	1418	2.18526	2.17591	0.00118815
1	1419	2.18233	2.17591	0.00118732
1	1420	2.14601	2.17589	0.00118667
1	1421	2.11562	2.17585	0.00118659
1	1422	2.15926	2.17584	0.00118582
1	1423	2.18856	2.17585	0.00118502
1	1424	2.19102	2.17586	0.00118423
1	1425	2.18977	2.17587	0.00118344
1	1426	2.19167	2.17588	0.00118266
1	1427	2.18793	2.17589	0.00118186
1	1428	2.17414	2.17588	0.00118104
1	1429	2.17404	2.17588	0.00118021
1	1430	2.17923	2.17589	0.00117939
1	1431	2.18092	2.17589	0.00117857
1	1432	2.18367	2.17589	0.00117776
1	1433	2.18565	2.1759	0.00117696
1	1434	2.18482	2.17591	0.00117615
1	1435	2.19029	2.17592	0.00117538
1	1436	2.20391	2.17594	0.00117472
1	1437	2.21279	2.17596	0.00117418
1	1438	2.21538	2.17599	0.00117368
1	1439	2.21752	2.17602	0.00117322
1	1440	2.21865	2.17605	0.00117278
1	1441	2.2148	2.17608	0.00117228
1	1442	2.20724	2.1761	0.00117166
1	1443	2.2031	2.17612	0.001171
1	1444	2.19769	2.17613	0.00117028
1	1445	2.17241	2.17613	0.00116948
1	1446	2.1696	2.17612	0.00116868
1	1447	2.18936	2.17613	0.00116791
1	1448	2.2002	2.17615	0.00116722
1	1449	2.20326	2.17617	0.00116656
1	1450	2.19593	2.17618	0.00116584
1	1451	2.18424	2.17619	0.00116505
1	1452	2.18884	2.1762	0.00116428
1	1453	2.20206	2.17621	0.00116361
1	1454	2.20936	2.17624	0.00116303
1	1455	2.21245	2.17626	0.0011625
1	1456	2.21466	2.17629	0.001162
1	1457	2.21736	2.17632	0.00116155
1	1458	2.22001	2.17635	0.00116114
1	1459	2.22351	2.17638	0.00116079
1	1460	2.23077	2.17642	0.00116059
1	1461	2.23218	2.17645	0.00116043
1	1462	2.21102	2.17648	0.00115987
1	1463	2.19976	2.17649	0.00115919
1	1464	2.223	2.17653	0.00115883
1	1465	2.24227	2.17657	0.00115891
1	1466	2.2384	2.17661	0.00115889
1	1467	2.22104	2.17664	0.00115849
1	1468	2.2159	2.17667	0.00115801
1	1469	2.22557	2.1767	0.0011577
1	1470	2.23176	2.17674	0.00115752
1	1471	2.23112	2.17678	0.00115732
1	1472	2.22798	2.17681	0.00115706
1	1473	2.21345	2.17684	0.00115654
1	1474	2.19341	2.17685	0.00115581
1	1475	2.21823	2.17688	0.00115537
1	1476	2.23409	2.17691	0.00115524
1	1477	2.22747	2.17695	0.00115496
1	1478	2.2158	2.17698	0.00115448
1	1479	2.2067	2.177	0.00115387
1	1480	2.19231	2.17701	0.00115314
1	1481	2.18538	2.17701	0.00115237
1	1482	2.19734	2.17702	0.00115168
1	1483	2.20841	2.17705	0.0011511
1	1484	2.21097	2.17707	0.00115055
1	1485	2.20885	2.17709	0.00114997
1	1486	2.21121	2.17711	0.00114943
1	1487	2.21548	2.17714	0.00114894
1	1488	2.22033	2.17717	0.00114854
1	1489	2.21078	2.17719	0.00114799
1	1490	2.1732	2.17719	0.00114722
1	1491	2.17428	2.17719	0.00114645
1	1492	2.18407	2.17719	0.00114569
1	1493	2.1925	2.1772	0.00114497
1	1494	2.20071	2.17722	0.00114432
1	1495	2.19893	2.17723	0.00114364
1	1496	2.19361	2.17724	0.00114293
1	1497	2.19148	2.17725	0.00114221
1	1498	2.19347	2.17726	0.00114149
1	1499	2.19627	2.17728	0.0011408
1	1500	2.19804	2.17729	0.00114013
1	1501	2.19766	2.1773	0.00113945
1	1502	2.19161	2.17731	0.00113873
1	1503	2.17706	2.17731	0.00113797
1	1504	2.16505	2.1773	0.00113724
1	1505	2.16442	2.1773	0.00113652
1	1506	2.13007	2.17726	0.0011362
1	1507	2.11996	2.17723	0.00113608
1	1508	2.1632	2.17722	0.00113537
1	1509	2.17869	2.17722	0.00113461
1	1510	2.18439	2.17722	0.00113387
1	1511	2.19033	2.17723	0.00113315
1	1512	2.19294	2.17724	0.00113245
1	1513	2.18878	2.17725	0.00113173
1	1514	2.17903	2.17725	0.00113098
1	1515	2.17155	2.17725	0.00113024
1	1516	2.17431	2.17724	0.0011295
1	1517	2.18409	2.17725	0.00112876
1	1518	2.19137	2.17726	0.00112806
1	1519	2.19013	2.17727	0.00112735
1	1520	2.1797	2.17727	0.00112661
1	1521	2.17617	2.17727	0.00112587
1	1522	2.17553	2.17727	0.00112513
1	1523	2.15528	2.17725	0.00112448
1	1524	2.17645	2.17725	0.00112374
1	1525	2.20618	2.17727	0.00112317
1	1526	2.20434	2.17729	0.00112257
1	1527	2.17571	2.17729	0.00112184
1	1528	2.15973	2.17728	0.00112116
1	1529	2.19891	2.17729	0.00112052
1	1530	2.21362	2.17731	0.00112004
1	1531	2.21311	2.17734	0.00111955
1	1532	2.21273	2.17736	0.00111906
1	1533	2.2001	2.17737	0.00111842
1	1534	2.16625	2.17737	0.00111772
1	1535	2.14368	2.17735	0.00111721
1	1536	2.17037	2.17734	0.00111649
1	1537	2.19938	2.17736	0.00111585
1	1538	2.20055	2.17737	0.00111523
1	1539	2.20086	2.17739	0.00111461
1	1540	2.20459	2.1774	0.00111403
1	1541	2.20916	2.17742	0.00111349
1	1542	2.21118	2.17745	0.00111299
1	1543	2.21116	2.17747	0.00111248
1	1544	2.20402	2.17748	0.00111189
1	1545	2.19252	2.17749	0.00111122
1	1546	2.18936	2.1775	0.00111052
1	1547	2.19452	2.17751	0.00110986
1	1548	2.20055	2.17753	0.00110924
1	1549	2.20843	2.17755	0.00110871
1	1550	2.2163	2.17757	0.00110827
1	1551	2.20986	2.17759	0.00110775
1	1552	2.1972	2.17761	0.00110711
1	1553	2.20275	2.17762	0.00110652
1	1554	2.20274	2.17764	0.00110592
1	1555	2.19606	2.17765	0.00110528
1	1556	2.19608	2.17766	0.00110463
1	1557	2.20083	2.17768	0.00110402
1	1558	2.20773	2.1777	0.00110348
1	1559	2.21366	2.17772	0.00110301
1	1560	2.21451	2.17774	0.00110256
1	1561	2.20484	2.17776	0.00110199
1	1562	2.20685	2.17778	0.00110144
1	1563	2.22498	2.17781	0.00110115
1	1564	2.22566	2.17784	0.00110087
1	1565	2.20401	2.17786	0.00110029
1	1566	2.17321	2.17785	0.00109959
1	1567	2.16555	2.17785	0.00109892
1	1568	2.15797	2.17783	0.00109829
1	1569	2.16151	2.17782	0.00109764
1	1570	2.19326	2.17783	0.00109699
1	1571	2.20438	2.17785	0.00109642
1	1572	2.21699	2.17787	0.001096
1	1573	2.23156	2.17791	0.00109584
1	1574	2.23526	2.17795	0.00109575
1	1575	2.23304	2.17798	0.00109561
1	1576	2.22955	2.17801	0.0010954
1	1577	2.2281	2.17804	0.00109517
1	1578	2.2309	2.17808	0.00109499
1	1579	2.23541	2.17811	0.0010949
1	1580	2.23771	2.17815	0.00109485
1	1581	2.23405	2.17819	0.00109473
1	1582	2.21163	2.17821	0.00109424
1	1583	2.19064	2.17822	0.00109358
1	1584	2.21974	2.17824	0.0010932
1	1585	2.25396	2.17829	0.00109356
1	1586	2.26118	2.17834	0.00109412
1	1587	2.22544	2.17837	0.00109383
1	1588	2.22795	2.1784	0.00109359
1	1589	2.25974	2.17846	0.00109409
1	1590	2.27184	2.17851	0.00109498
1	1591	2.27303	2.17857	0.0010959
1	1592	2.26987	2.17863	0.00109672
1	1593	2.26652	2.17869	0.00109741
1	1594	2.26566	2.17874	0.00109808
1	1595	2.26369	2.17879	0.00109868
1	1596	2.25748	2.17884	0.0010991
1	1597	2.25174	2.17889	0.00109936
1	1598	2.2518	2.17893	0.00109962
1	1599	2.25334	2.17898	0.00109991
1	1600	2.24425	2.17902	0.00109998
1	1601	2.22904	2.17905	0.00109974
1	1602	2.23078	2.17908	0.00109953
1	1603	2.24069	2.17912	0.00109951
1	1604	2.23898	2.17916	0.00109946
1	1605	2.22081	2.17919	0.00109908
1	1606	2.19883	2.1792	0.00109847
1	1607	2.20307	2.17921	0.00109788
1	1608	2.2195	2.17924	0.00109749
1	1609	2.22388	2.17927	0.00109715
1	1610	2.2144	2.17929	0.00109669
1	1611	2.20169	2.1793	0.0010961
1	1612	2.20104	2.17932	0.0010955
1	1613	2.20835	2.17933	0.00109497
1	1614	2.20718	2.17935	0.00109443
1	1615	2.18047	2.17935	0.00109375
1	1616	2.13794	2.17933	0.00109337
1	1617	2.15484	2.17931	0.0010928
1	1618	2.18571	2.17931	0.00109213
1	1619	2.17207	2.17931	0.00109147
1	1620	2.15038	2.17929	0.00109094
1	1621	2.15781	2.17928	0.00109035
1	1622	2.17685	2.17928	0.00108968
1	1623	2.18722	2.17928	0.00108902
1	1624	2.18541	2.17929	0.00108835
1	1625	2.1685	2.17928	0.0010877
1	1626	2.14889	2.17926	0.00108719
1	1627	2.1663	2.17925	0.00108655
1	1628	2.16999	2.17925	0.0010859
1	1629	2.13185	2.17922	0.00108562
1	1630	2.11148	2.17918	0.00108575
1	1631	2.14608	2.17916	0.00108528
1	1632	2.1597	2.17914	0.00108468
1	1633	2.16779	2.17914	0.00108404
1	1634	2.17508	2.17914	0.00108338
1	1635	2.18231	2.17914	0.00108272
1	1636	2.18852	2.17914	0.00108207
1	1637	2.19082	2.17915	0.00108143
1	1638	2.18498	2.17915	0.00108078
1	1639	2.16972	2.17915	0.00108013
1	1640	2.14006	2.17912	0.00107974
1	1641	2.12212	2.17909	0.00107964
1	1642	2.14986	2.17907	0.00107913
1	1643	2.1749	2.17907	0.00107847
1	1644	2.18543	2.17907	0.00107782
1	1645	2.18738	2.17908	0.00107718
1	1646	2.18384	2.17908	0.00107653
1	1647	2.16886	2.17907	0.00107589
1	1648	2.14715	2.17906	0.00107542
1	1649	2.16123	2.17904	0.00107482
1	1650	2.17494	2.17904	0.00107417
1	1651	2.16872	2.17904	0.00107354
1	1652	2.16573	2.17903	0.00107292
1	1653	2.17416	2.17902	0.00107227
1	1654	2.17958	2.17902	0.00107162
1	1655	2.18533	2.17903	0.00107098
1	1656	2.19317	2.17904	0.00107037
1	1657	2.19545	2.17905	0.00106977
1	1658	2.19007	2.17905	0.00106915
1	1659	2.17886	2.17905	0.0010685
1	1660	2.17442	2.17905	0.00106786
1	1661	2.1874	2.17906	0.00106723
1	1662	2.20333	2.17907	0.00106669
1	1663	2.21389	2.17909	0.00106625
1	1664	2.22154	2.17912	0.00106592
1	1665	2.22976	2.17915	0.00106571
1	1666	2.23556	2.17918	0.00106561
1	1667	2.22861	2.17921	0.00106538
1	1668	2.20246	2.17922	0.00106483
1	1669	2.1899	2.17923	0.00106422
1	1670	2.19829	2.17924	0.00106364
1	1671	2.18147	2.17924	0.001063
1	1672	2.17947	2.17924	0.00106237
1	1673	2.19921	2.17926	0.0010618
1	1674	2.22285	2.17928	0.00106148
1	1675	2.22886	2.17931	0.00106126
1	1676	2.22033	2.17934	0.00106091
1	1677	2.21041	2.17935	0.00106044
1	1678	2.21397	2.17938	0.00106001
1	1679	2.22341	2.1794	0.0010597
1	1680	2.22089	2.17943	0.00105936
1	1681	2.21586	2.17945	0.00105895
1	1682	2.21948	2.17947	0.00105859
1	1683	2.22013	2.1795	0.00105824
1	1684	2.20621	2.17951	0.00105773
1	1685	2.17866	2.17951	0.0010571
1	1686	2.16168	2.1795	0.00105652
1	1687	2.1738	2.1795	0.0010559
1	1688	2.20715	2.17951	0.00105541
1	1689	2.22442	2.17954	0.00105512
1	1690	2.21713	2.17956	0.00105473
1	1691	2.18863	2.17957	0.00105412
1	1692	2.16887	2.17956	0.00105351
1	1693	2.19265	2.17957	0.00105292
1	1694	2.215	2.17959	0.0010525
1	1695	2.22228	2.17962	0.00105218
1	1696	2.22131	2.17964	0.00105185
1	1697	2.21179	2.17966	0.0010514
1	1698	2.20548	2.17967	0.00105089
1	1699	2.21308	2.17969	0.00105046
1	1700	2.22251	2.17972	0.00105014
1	1701	2.22594	2.17975	0.00104988
1	1702	2.21049	2.17976	0.00104941
1	1703	2.17387	2.17976	0.0010488
1	1704	2.14676	2.17974	0.00104837
1	1705	2.17388	2.17974	0.00104776
1	1706	2.20753	2.17975	0.00104727
1	1707	2.21453	2.17977	0.00104686
1	1708	2.20994	2.17979	0.00104639
1	1709	2.19788	2.1798	0.00104583
1	1710	2.1802	2.1798	0.00104522
1	1711	2.17823	2.1798	0.00104461
1	1712	2.18283	2.1798	0.001044
1	1713	2.16997	2.1798	0.00104341
1	1714	2.16406	2.17979	0.00104284
1	1715	2.17834	2.17979	0.00104223
1	1716	2.18502	2.17979	0.00104163
1	1717	2.18079	2.17979	0.00104102
1	1718	2.17257	2.17979	0.00104043
1	1719	2.16967	2.17978	0.00103984
1	1720	2.16786	2.17977	0.00103926
1	1721	2.16522	2.17977	0.00103869
1	1722	2.16978	2.17976	0.0010381
1	1723	2.16854	2.17975	0.00103752
1	1724	2.16093	2.17974	0.00103697
1	1725	2.163	2.17973	0.00103642
1	1726	2.16161	2.17972	0.00103587
1	1727	2.14977	2.17971	0.00103541
1	1728	2.14391	2.17968	0.00103502
1	1729	2.15055	2.17967	0.00103456
1	1730	2.15681	2.17965	0.00103405
1	1731	2.15947	2.17964	0.00103352
1	1732	2.16073	2.17963	0.00103298
1	1733	2.16132	2.17962	0.00103243
1	1734	2.15962	2.17961	0.0010319
1	1735	2.15272	2.17959	0.00103143
1	1736	2.14286	2.17957	0.00103105
1	1737	2.14213	2.17955	0.00103068
1	1738	2.15105	2.17954	0.00103022
1	1739	2.15918	2.17952	0.00102969
1	1740	2.16437	2.17952	0.00102914
1	1741	2.16788	2.17951	0.00102857
1	1742	2.1687	2.1795	0.001028
1	1743	2.16312	2.17949	0.00102745
1	1744	2.15241	2.17948	0.00102698
1	1745	2.14482	2.17946	0.00102658
1	1746	2.13917	2.17943	0.00102625
1	1747	2.14043	2.17941	0.00102591
1	1748	2.14812	2.17939	0.00102548
1	1749	2.1608	2.17938	0.00102495
1	1750	2.17352	2.17938	0.00102436
1	1751	2.17955	2.17938	0.00102378
1	1752	2.18013	2.17938	0.0010232
1	1753	2.17845	2.17938	0.00102261
1	1754	2.17495	2.17938	0.00102203
1	1755	2.16639	2.17937	0.00102148
1	1756	2.15843	2.17936	0.00102096
1	1757	2.16629	2.17935	0.00102041
1	1758	2.16877	2.17934	0.00101985
1	1759	2.14897	2.17933	0.00101941
1	1760	2.133	2.1793	0.00101917
1	1761	2.14748	2.17928	0.00101876
1	1762	2.16851	2.17928	0.0010182
1	1763	2.17836	2.17928	0.00101762
1	1764	2.18037	2.17928	0.00101704
1	1765	2.17903	2.17928	0.00101647
1	1766	2.17365	2.17927	0.0010159
1	1767	2.17067	2.17927	0.00101533
1	1768	2.17084	2.17926	0.00101477
1	1769	2.17175	2.17926	0.0010142
1	1770	2.17288	2.17926	0.00101364
1	1771	2.16276	2.17925	0.00101311
1	1772	2.15745	2.17923	0.00101261
1	1773	2.17239	2.17923	0.00101205
1	1774	2.17817	2.17923	0.00101148
1	1775	2.17642	2.17923	0.00101091
1	1776	2.18163	2.17923	0.00101034
1	1777	2.18896	2.17924	0.00100979
1	1778	2.19262	2.17924	0.00100925
1	1779	2.18856	2.17925	0.00100869
1	1780	2.18528	2.17925	0.00100813
1	1781	2.19058	2.17926	0.00100759
1	1782	2.19793	2.17927	0.00100708
1	1783	2.19337	2.17928	0.00100654
1	1784	2.17013	2.17927	0.00100599
1	1785	2.13179	2.17924	0.00100578
1	1786	2.10428	2.1792	0.00100609
1	1787	2.1711	2.1792	0.00100554
1	1788	2.18712	2.1792	0.00100498
1	1789	2.16687	2.1792	0.00100445
1	1790	2.18776	2.1792	0.0010039
1	1791	2.19401	2.17921	0.00100337
1	1792	2.15848	2.1792	0.00100288
1	1793	2.14188	2.17918	0.00100253
1	1794	2.16503	2.17917	0.00100201
1	1795	2.18509	2.17917	0.00100145
1	1796	2.19993	2.17918	0.00100096
1	1797	2.20671	2.1792	0.00100052
1	1798	2.20571	2.17921	0.00100007
1	1799	2.19898	2.17922	0.000999579
1	1800	2.19069	2.17923	0.000999044
1	1801	2.19361	2.17924	0.000998522
1	1802	2.19851	2.17925	0.000998025
1	1803	2.19083	2.17926	0.000997492
1	1804	2.19161	2.17926	0.000996962
1	1805	2.2054	2.17928	0.000996515
1	1806	2.21351	2.1793	0.000996144
1	1807	2.21499	2.17932	0.000995788
1	1808	2.20713	2.17933	0.000995356
1	1809	2.17631	2.17933	0.000994807
1	1810	2.12343	2.1793	0.000994737
1	1811	2.13707	2.17928	0.000994461
1	1812	2.17867	2.17928	0.000993912
1	1813	2.18959	2.17928	0.00099338
1	1814	2.18656	2.17928	0.000992841
1	1815	2.18725	2.17929	0.000992303
1	1816	2.18916	2.17929	0.000991772
1	1817	2.17767	2.17929	0.000991227
1	1818	2.16031	2.17928	0.000990736
1	1819	2.15831	2.17927	0.000990259
1	1820	2.15739	2.17926	0.000989788
1	1821	2.1533	2.17925	0.000989347
1	1822	2.17294	2.17924	0.00098881
1	1823	2.19204	2.17925	0.000988292
1	1824	2.19437	2.17926	0.000987785
1	1825	2.18353	2.17926	0.000987247
1	1826	2.16391	2.17925	0.000986742
1	1827	2.16233	2.17924	0.000986245
1	1828	2.18326	2.17924	0.000985708
1	1829	2.19473	2.17925	0.000985206
1	1830	2.17544	2.17925	0.000984669
1	1831	2.1546	2.17924	0.000984224
1	1832	2.18534	2.17924	0.000983692
1	1833	2.19895	2.17925	0.000983214
1	1834	2.19001	2.17926	0.000982696
1	1835	2.15744	2.17925	0.000982232
1	1836	2.15988	2.17923	0.000981754
1	1837	2.20388	2.17925	0.000981311
1	1838	2.23807	2.17928	0.000981299
1	1839	2.23916	2.17931	0.000981305
1	1840	2.19013	2.17932	0.000980789
1	1841	2.16215	2.17931	0.000980301
1	1842	2.19321	2.17932	0.000979798
1	1843	2.21253	2.17933	0.000979432
1	1844	2.21552	2.17935	0.000979097
1	1845	2.202	2.17937	0.000978644
1	1846	2.20641	2.17938	0.000978223
1	1847	2.21992	2.1794	0.00097794
1	1848	2.22799	2.17943	0.000977764
1	1849	2.23195	2.17946	0.000977647
1	1850	2.22621	2.17948	0.000977446
1	1851	2.20424	2.1795	0.000977009
1	1852	2.16706	2.17949	0.000976505
1	1853	2.1621	2.17948	0.000976023
1	1854	2.19133	2.17949	0.000975517
1	1855	2.21567	2.17951	0.000975186
1	1856	2.22365	2.17953	0.000974951
1	1857	2.2219	2.17955	0.000974693
1	1858	2.21504	2.17957	0.000974355
1	1859	2.20355	2.17958	0.000973917
1	1860	2.19559	2.17959	0.000973431
1	1861	2.20071	2.1796	0.000972974
1	1862	2.19985	2.17962	0.000972512
1	1863	2.18363	2.17962	0.000971993
1	1864	2.19222	2.17962	0.000971495
1	1865	2.19271	2.17963	0.000970999
1	1866	2.1597	2.17962	0.000970538
1	1867	2.146	2.1796	0.000970185
1	1868	2.17331	2.1796	0.000969671
1	1869	2.19253	2.17961	0.000969177
1	1870	2.19688	2.17962	0.000968703
1	1871	2.20356	2.17963	0.00096827
1	1872	2.20994	2.17964	0.000967888
1	1873	2.21086	2.17966	0.000967515
1	1874	2.20761	2.17968	0.000967113
1	1875	2.19925	2.17969	0.000966654
1	1876	2.18457	2.17969	0.000966142
1	1877	2.17208	2.17969	0.000965636
1	1878	2.17413	2.17968	0.000965126
1	1879	2.18437	2.17968	0.000964616
1	1880	2.19224	2.17969	0.000964126
1	1881	2.19656	2.1797	0.000963655
1	1882	2.196	2.17971	0.000963182
1	1883	2.18404	2.17971	0.000962673
1	1884	2.16177	2.1797	0.000962209
1	1885	2.17062	2.1797	0.000961711
1	1886	2.19161	2.1797	0.000961222
1	1887	2.20086	2.17971	0.000960777
1	1888	2.20479	2.17973	0.00096036
1	1889	2.20484	2.17974	0.000959944
1	1890	2.19746	2.17975	0.000959482
1	1891	2.18094	2.17975	0.000958975
1	1892	2.1636	2.17974	0.000958506
1	1893	2.15853	2.17973	0.000958065
1	1894	2.1696	2.17973	0.000957574
1	1895	2.18768	2.17973	0.000957078
1	1896	2.19993	2.17974	0.000956633
1	1897	2.19896	2.17975	0.000956182
1	1898	2.18311	2.17975	0.00095568
1	1899	2.14974	2.17974	0.000955307
1	1900	2.15502	2.17972	0.000954893
1	1901	2.18524	2.17973	0.000954395
1	1902	2.18166	2.17973	0.000953894
1	1903	2.16857	2.17972	0.000953411
1	1904	2.17379	2.17972	0.000952915
1	1905	2.19019	2.17972	0.000952431
1	1906	2.20434	2.17974	0.000952018
1	1907	2.20151	2.17975	0.000951588
1	1908	2.17443	2.17975	0.000951093
1	1909	2.16165	2.17974	0.000950642
1	1910	2.17253	2.17973	0.000950152
1	1911	2.19355	2.17974	0.000949682
1	1912	2.19651	2.17975	0.000949226
1	1913	2.19794	2.17976	0.000948777
1	1914	2.19589	2.17977	0.000948319
1	1915	2.18248	2.17977	0.000947825
1	1916	2.1662	2.17976	0.000947357
1	1917	2.17453	2.17976	0.000946866
1	1918	2.19533	2.17977	0.000946408
1	1919	2.20076	2.17978	0.000945978
1	1920	2.18537	2.17978	0.000945489
1	1921	2.16349	2.17977	0.000945035
1	1922	2.1689	2.17977	0.00094456
1	1923	2.18404	2.17977	0.000944072
1	1924	2.19108	2.17977	0.0009436
1	1925	2.1766	2.17977	0.000943111
1	1926	2.14963	2.17976	0.000942751
1	1927	2.15032	2.17974	0.000942386
1	1928	2.16158	2.17973	0.000941944
1	1929	2.1651	2.17972	0.000941486
1	1930	2.17737	2.17972	0.000940999
1	1931	2.18231	2.17972	0.000940513
1	1932	2.13515	2.1797	0.000940309
1	1933	2.12637	2.17967	0.000940227
1	1934	2.13456	2.17965	0.00094003
1	1935	2.11145	2.17962	0.000940205
1	1936	2.13303	2.17959	0.000940027
1	1937	2.14236	2.17957	0.000939738
1	1938	2.14266	2.17955	0.000939446
1	1939	2.15721	2.17954	0.000939033
1	1940	2.17059	2.17954	0.00093856
1	1941	2.17507	2.17953	0.000938079
1	1942	2.1748	2.17953	0.000937599
1	1943	2.17161	2.17953	0.000937126
1	1944	2.16493	2.17952	0.000936674
1	1945	2.15882	2.17951	0.000936252
1	1946	2.15929	2.1795	0.000935829
1	1947	2.15782	2.17949	0.000935415
1	1948	2.14687	2.17947	0.000935084
1	1949	2.13621	2.17945	0.000934868
1	1950	2.12999	2.17942	0.000934732
1	1951	2.12073	2.17939	0.000934737
1	1952	2.13602	2.17937	0.000934523
1	1953	2.143	2.17935	0.00093423
1	1954	2.12808	2.17933	0.00093412
1	1955	2.12756	2.1793	0.000934017
1	1956	2.15583	2.17929	0.000933617
1	1957	2.16913	2.17928	0.000933154
1	1958	2.14976	2.17927	0.000932799
1	1959	2.10674	2.17923	0.000933058
1	1960	2.09948	2.17919	0.000933468
1	1961	2.14126	2.17917	0.000933193
1	1962	2.1553	2.17916	0.000932796
1	1963	2.14952	2.17914	0.000932443
1	1964	2.13596	2.17912	0.000932228
1	1965	2.13507	2.1791	0.000932023
1	1966	2.1624	2.17909	0.000931588
1	1967	2.16669	2.17908	0.000931135
1	1968	2.14244	2.17907	0.000930848
1	1969	2.13568	2.17904	0.000930636
1	1970	2.14626	2.17903	0.000930313
1	1971	2.15264	2.17901	0.000929937
1	1972	2.1579	2.179	0.000929527
1	1973	2.14391	2.17899	0.000929226
1	1974	2.13169	2.17896	0.000929064
1	1975	2.15631	2.17895	0.000928665
1	1976	2.18192	2.17895	0.000928196
1	1977	2.18918	2.17896	0.000927741
1	1978	2.18607	2.17896	0.000927279
1	1979	2.17309	2.17896	0.000926815
1	1980	2.14493	2.17894	0.000926506
1	1981	2.11646	2.17891	0.000926575
1	1982	2.10599	2.17887	0.000926838
1	1983	2.12798	2.17885	0.000926726
1	1984	2.14524	2.17883	0.000926413
1	1985	2.15996	2.17882	0.000925995
1	1986	2.17577	2.17882	0.00092553
1	1987	2.18304	2.17882	0.000925067
1	1988	2.17965	2.17882	0.000924602
1	1989	2.16182	2.17881	0.000924177
1	1990	2.14193	2.17879	0.000923898
1	1991	2.14204	2.17878	0.000923618
1	1992	2.15284	2.17876	0.000923246
1	1993	2.15802	2.17875	0.000922842
1	1994	2.13868	2.17873	0.000922598
1	1995	2.14247	2.17871	0.000922314
1	1996	2.17228	2.17871	0.000921858
1	1997	2.18051	2.17871	0.000921397
1	1998	2.1773	2.17871	0.000920936
1	1999	2.17381	2.17871	0.000920478
1	2000	2.1672	2.1787	0.000920036
1	2001	2.14315	2.17868	0.000919748
1	2002	2.11631	2.17865	0.000919816
1	2003	2.15337	2.17864	0.000919443
1	2004	2.17656	2.17864	0.000918985
1	2005	2.176	2.17864	0.000918528
1	2006	2.16714	2.17863	0.000918088
1	2007	2.14894	2.17862	0.000917749
1	2008	2.13757	2.1786	0.00091752
1	2009	2.1548	2.17859	0.00091714
1	2010	2.16496	2.17858	0.000916709
1	2011	2.16205	2.17857	0.00091629
1	2012	2.15834	2.17856	0.000915889
1	2013	2.15788	2.17855	0.000915492
1	2014	2.16952	2.17855	0.000915048
1	2015	2.18144	2.17855	0.000914595
1	2016	2.1763	2.17855	0.000914142
1	2017	2.16553	2.17854	0.000913712
1	2018	2.17302	2.17854	0.000913263
1	2019	2.18057	2.17854	0.000912811
1	2020	2.19016	2.17854	0.000912378
1	2021	2.1938	2.17855	0.000911957
1	2022	2.18026	2.17855	0.000911507
1	2023	2.15806	2.17854	0.000911113
1	2024	2.15118	2.17853	0.000910763
1	2025	2.1424	2.17851	0.000910488
1	2026	2.1514	2.1785	0.000910137
1	2027	2.17136	2.17849	0.000909694
1	2028	2.18058	2.17849	0.000909246
1	2029	2.18238	2.1785	0.0009088
1	2030	2.17994	2.1785	0.000908353
1	2031	2.17658	2.1785	0.000907906
1	2032	2.17457	2.17849	0.000907461
1	2033	2.17169	2.17849	0.000907021
1	2034	2.16378	2.17848	0.000906604
1	2035	2.15883	2.17847	0.00090621
1	2036	2.17346	2.17847	0.000905768
1	2037	2.19147	2.17848	0.000905346
1	2038	2.19194	2.17848	0.000904926
1	2039	2.17754	2.17848	0.000904482
1	2040	2.15545	2.17847	0.000904109
1	2041	2.13855	2.17845	0.000903878
1	2042	2.18153	2.17846	0.000903437
1	2043	2.21077	2.17847	0.000903133
1	2044	2.21654	2.17849	0.000902883
1	2045	2.21431	2.17851	0.000902611
1	2046	2.20515	2.17852	0.000902264
1	2047	2.19802	2.17853	0.000901874
1	2048	2.19443	2.17854	0.000901467
1	2049	2.18554	2.17854	0.000901033
1	2050	2.17987	2.17854	0.000900594
1	2051	2.17072	2.17854	0.000900163
1	2052	2.16123	2.17853	0.000899764
1	2053	2.1883	2.17853	0.000899338
1	2054	2.21878	2.17855	0.000899114
1	2055	2.2187	2.17857	0.000898888
1	2056	2.20038	2.17858	0.000898514
1	2057	2.19165	2.17859	0.000898099
1	2058	2.20648	2.1786	0.000897765
1	2059	2.21624	2.17862	0.000897515
1	2060	2.21441	2.17864	0.000897248
1	2061	2.21009	2.17865	0.000896942
1	2062	2.20742	2.17867	0.000896616
1	2063	2.20619	2.17868	0.00089628
1	2064	2.20329	2.17869	0.000895925
1	2065	2.20173	2.1787	0.000895561
1	2066	2.20156	2.17872	0.000895196
1	2067	2.18524	2.17872	0.000894768
1	2068	2.14715	2.1787	0.000894466
1	2069	2.1481	2.17869	0.000894156
1	2070	2.17533	2.17869	0.000893725
1	2071	2.19155	2.17869	0.000893315
1	2072	2.1992	2.1787	0.000892939
1	2073	2.19836	2.17871	0.000892559
1	2074	2.19303	2.17872	0.000892155
1	2075	2.18507	2.17872	0.00089173
1	2076	2.17424	2.17872	0.000891303
1	2077	2.16249	2.17871	0.000890908
1	2078	2.15279	2.1787	0.000890567
1	2079	2.15049	2.17869	0.000890242
1	2080	2.16271	2.17868	0.000889847
1	2081	2.17314	2.17868	0.000889424
1	2082	2.17488	2.17867	0.000888998
1	2083	2.17591	2.17867	0.000888572
1	2084	2.17547	2.17867	0.000888147
1	2085	2.1764	2.17867	0.000887722
1	2086	2.18053	2.17867	0.000887297
1	2087	2.18894	2.17868	0.000886885
1	2088	2.19648	2.17869	0.000886502
1	2089	2.20291	2.1787	0.000886153
1	2090	2.20734	2.17871	0.000885835
1	2091	2.20613	2.17872	0.000885509
1	2092	2.18511	2.17873	0.000885091
1	2093	2.1582	2.17872	0.000884722
1	2094	2.17734	2.17872	0.0008843
1	2095	2.17575	2.17871	0.000883879
1	2096	2.17167	2.17871	0.000883463
1	2097	2.16592	2.17871	0.000883063
1	2098	2.1733	2.1787	0.000882646
1	2099	2.19216	2.17871	0.000882249
1	2100	2.20174	2.17872	0.000881897
1	2101	2.19821	2.17873	0.000881526
1	2102	2.18328	2.17873	0.000881109
1	2103	2.16891	2.17873	0.000880703
1	2104	2.1746	2.17872	0.000880286
1	2105	2.18855	2.17873	0.00087988
1	2106	2.1941	2.17874	0.000879493
1	2107	2.19342	2.17874	0.000879103
1	2108	2.19088	2.17875	0.000878705
1	2109	2.18683	2.17875	0.000878297
1	2110	2.17524	2.17875	0.000877882
1	2111	2.1577	2.17874	0.000877523
1	2112	2.16073	2.17873	0.000877149
1	2113	2.16909	2.17873	0.000876745
1	2114	2.18213	2.17873	0.000876332
1	2115	2.19716	2.17874	0.000875961
1	2116	2.20277	2.17875	0.000875621
1	2117	2.20175	2.17876	0.000875275
1	2118	2.19684	2.17877	0.000874903
1	2119	2.1874	2.17877	0.0008745
1	2120	2.17815	2.17877	0.000874087
1	2121	2.1793	2.17877	0.000873675
1	2122	2.19031	2.17878	0.00087328
1	2123	2.20705	2.17879	0.00087297
1	2124	2.2165	2.17881	0.00087274
1	2125	2.20074	2.17882	0.00087239
1	2126	2.17712	2.17882	0.00087198
1	2127	2.17997	2.17882	0.00087157
1	2128	2.17957	2.17882	0.000871161
1	2129	2.17425	2.17882	0.000870754
1	2130	2.16967	2.17881	0.000870356
1	2131	2.17609	2.17881	0.000869949
1	2132	2.16433	2.17881	0.000869567
1	2133	2.1639	2.1788	0.000869188
1	2134	2.20531	2.17881	0.000868869
1	2135	2.22833	2.17883	0.000868772
1	2136	2.21576	2.17885	0.000868537
1	2137	2.15391	2.17884	0.000868209
1	2138	2.19458	2.17885	0.000867834
1	2139	2.21366	2.17886	0.000867581
1	2140	2.19923	2.17887	0.000867228
1	2141	2.18165	2.17887	0.000866824
1	2142	2.17594	2.17887	0.00086642
1	2143	2.18371	2.17888	0.000866019
1	2144	2.19365	2.17888	0.000865642
1	2145	2.20065	2.17889	0.000865298
1	2146	2.20453	2.1789	0.000864977
1	2147	2.20566	2.17892	0.000864664
1	2148	2.20248	2.17893	0.000864331
1	2149	2.19025	2.17893	0.000863945
1	2150	2.16877	2.17893	0.000863556
1	2151	2.15791	2.17892	0.00086321
1	2152	2.15802	2.17891	0.000862863
1	2153	2.15123	2.1789	0.000862558
1	2154	2.15039	2.17888	0.00086226
1	2155	2.16647	2.17888	0.000861879
1	2156	2.18591	2.17888	0.000861485
1	2157	2.1957	2.17889	0.000861121
1	2158	2.19467	2.1789	0.000860753
1	2159	2.18613	2.1789	0.000860361
1	2160	2.17475	2.1789	0.000859965
1	2161	2.17579	2.1789	0.000859568
1	2162	2.18171	2.1789	0.000859171
1	2163	2.17548	2.1789	0.000858776
1	2164	2.17491	2.17889	0.000858381
1	2165	2.17376	2.17889	0.000857987
1	2166	2.17294	2.17889	0.000857596
1	2167	2.18676	2.17889	0.000857208
1	2168	2.19869	2.1789	0.000856861
1	2169	2.18949	2.17891	0.00085648
1	2170	2.15859	2.1789	0.000856136
1	2171	2.15248	2.17888	0.000855828
1	2172	2.15724	2.17887	0.000855492
1	2173	2.14519	2.17886	0.000855239
1	2174	2.1569	2.17885	0.000854905
1	2175	2.18976	2.17885	0.000854527
1	2176	2.20425	2.17887	0.000854214
1	2177	2.20231	2.17888	0.000853889
1	2178	2.19218	2.17888	0.000853519
1	2179	2.17972	2.17888	0.000853128
1	2180	2.16631	2.17888	0.000852756
1	2181	2.16718	2.17887	0.000852382
1	2182	2.17598	2.17887	0.000851992
1	2183	2.18322	2.17887	0.000851604
1	2184	2.18977	2.17888	0.000851229
1	2185	2.19396	2.17888	0.000850867
1	2186	2.19411	2.17889	0.000850506
1	2187	2.18729	2.1789	0.000850126
1	2188	2.16793	2.17889	0.000849752
1	2189	2.15503	2.17888	0.000849434
1	2190	2.17019	2.17888	0.000849056
1	2191	2.17206	2.17887	0.000848674
1	2192	2.16326	2.17887	0.000848317
1	2193	2.16995	2.17886	0.000847939
1	2194	2.18596	2.17886	0.000847559
1	2195	2.19669	2.17887	0.000847212
1	2196	2.20044	2.17888	0.000846883
1	2197	2.18909	2.17889	0.00084651
1	2198	2.15313	2.17888	0.000846206
1	2199	2.14768	2.17886	0.00084594
1	2200	2.1772	2.17886	0.000845556
1	2201	2.20661	2.17887	0.000845266
1	2202	2.21121	2.17889	0.00084501
1	2203	2.18344	2.17889	0.000844629
1	2204	2.19879	2.1789	0.000844294
1	2205	2.20016	2.17891	0.000843966
1	2206	2.17628	2.17891	0.000843584
1	2207	2.18405	2.17891	0.000843205
1	2208	2.21503	2.17893	0.000842982
1	2209	2.23768	2.17895	0.00084302
1	2210	2.24643	2.17898	0.000843191
1	2211	2.2444	2.17901	0.000843329
1	2212	2.23866	2.17904	0.000843378
1	2213	2.23849	2.17907	0.000843425
1	2214	2.24076	2.17909	0.000843504
1	2215	2.23959	2.17912	0.000843566
1	2216	2.23921	2.17915	0.000843621
1	2217	2.24513	2.17918	0.000843765
1	2218	2.25299	2.17921	0.00084404
1	2219	2.25873	2.17925	0.000844421
1	2220	2.26035	2.17928	0.00084483
1	2221	2.25682	2.17932	0.000845171
1	2222	2.25511	2.17935	0.000845478
1	2223	2.25587	2.17939	0.000845798
1	2224	2.24881	2.17942	0.000845994
1	2225	2.24677	2.17945	0.000846155
1	2226	2.26091	2.17949	0.000846566
1	2227	2.26592	2.17952	0.000847075
1	2228	2.2609	2.17956	0.000847482
1	2229	2.23412	2.17959	0.000847455
1	2230	2.23001	2.17961	0.000847377
1	2231	2.25685	2.17964	0.000847704
1	2232	2.26383	2.17968	0.000848163
1	2233	2.2495	2.17971	0.000848359
1	2234	2.21201	2.17973	0.000848102
1	2235	2.18984	2.17973	0.000847735
1	2236	2.21278	2.17975	0.000847485
1	2237	2.21584	2.17976	0.00084726
1	2238	2.23403	2.17979	0.000847228
1	2239	2.20514	2.1798	0.000846925
1	2240	2.1831	2.1798	0.000846548
1	2241	2.2027	2.17981	0.000846232
1	2242	2.21637	2.17983	0.000846012
1	2243	2.22776	2.17985	0.000845905
1	2244	2.23452	2.17987	0.000845878
1	2245	2.23585	2.1799	0.000845869
1	2246	2.23323	2.17992	0.000845826
1	2247	2.22982	2.17994	0.000845741
1	2248	2.22934	2.17996	0.00084565
1	2249	2.23081	2.17999	0.000845576
1	2250	2.23126	2.18001	0.000845507
1	2251	2.22977	2.18003	0.000845421
1	2252	2.22729	2.18005	0.000845306
1	2253	2.229	2.18007	0.00084521
1	2254	2.23789	2.1801	0.000845224
1	2255	2.24322	2.18013	0.000845312
1	2256	2.24293	2.18016	0.000845396
1	2257	2.25071	2.18019	0.000845599
1	2258	2.25355	2.18022	0.000845848
1	2259	2.2423	2.18025	0.00084592
1	2260	2.23471	2.18027	0.000845889
1	2261	2.23619	2.1803	0.000845877
1	2262	2.23861	2.18032	0.000845895
1	2263	2.24294	2.18035	0.000845974
1	2264	2.24772	2.18038	0.000846124
1	2265	2.25218	2.18041	0.000846344
1	2266	2.253	2.18044	0.000846576
1	2267	2.2494	2.18047	0.000846749
1	2268	2.2408	2.1805	0.000846793
1	2269	2.23014	2.18052	0.000846703
1	2270	2.22305	2.18054	0.000846537
1	2271	2.21396	2.18055	0.000846292
1	2272	2.19257	2.18056	0.000845936
1	2273	2.17123	2.18056	0.000845574
1	2274	2.19419	2.18056	0.000845223
1	2275	2.22231	2.18058	0.000845051
1	2276	2.2307	2.1806	0.000844967
1	2277	2.22533	2.18062	0.000844824
1	2278	2.21113	2.18064	0.000844559
1	2279	2.20663	2.18065	0.000844265
1	2280	2.21198	2.18066	0.000844007
1	2281	2.21492	2.18068	0.000843771
1	2282	2.21843	2.18069	0.000843563
1	2283	2.21656	2.18071	0.00084334
1	2284	2.20328	2.18072	0.000843029
1	2285	2.18914	2.18072	0.000842668
1	2286	2.18987	2.18073	0.000842309
1	2287	2.20894	2.18074	0.000842031
1	2288	2.22789	2.18076	0.000841915
1	2289	2.23526	2.18078	0.000841884
1	2290	2.23893	2.18081	0.000841899
1	2291	2.23366	2.18083	0.000841847
1	2292	2.1999	2.18084	0.000841521
1	2293	2.15482	2.18083	0.000841231
1	2294	2.17394	2.18082	0.000840869
1	2295	2.22132	2.18084	0.000840688
1	2296	2.22995	2.18086	0.000840594
1	2297	2.21653	2.18088	0.000840371
1	2298	2.21433	2.18089	0.000840132
1	2299	2.22027	2.18091	0.000839941
1	2300	2.22735	2.18093	0.000839818
1	2301	2.22936	2.18095	0.000839717
1	2302	2.2292	2.18097	0.000839614
1	2303	2.22768	2.18099	0.000839494
1	2304	2.21679	2.18101	0.000839273
1	2305	2.20777	2.18102	0.00083899
1	2306	2.22182	2.18104	0.000838812
1	2307	2.23146	2.18106	0.000838733
1	2308	2.23246	2.18108	0.000838666
1	2309	2.23509	2.18111	0.000838629
1	2310	2.23768	2.18113	0.000838623
1	2311	2.23348	2.18115	0.000838566
1	2312	2.22215	2.18117	0.000838391
1	2313	2.21205	2.18118	0.000838135
1	2314	2.21324	2.1812	0.000837887
1	2315	2.21553	2.18121	0.000837656
1	2316	2.21295	2.18123	0.000837407
1	2317	2.20551	2.18124	0.000837111
1	2318	2.20263	2.18125	0.0008368
1	2319	2.21475	2.18126	0.000836564
1	2320	2.2243	2.18128	0.000836409
1	2321	2.22339	2.1813	0.000836246
1	2322	2.22056	2.18131	0.000836057
1	2323	2.21787	2.18133	0.000835845
1	2324	2.19809	2.18134	0.000835516
1	2325	2.16112	2.18133	0.000835202
1	2326	2.17988	2.18133	0.000834843
1	2327	2.20903	2.18134	0.000834569
1	2328	2.2067	2.18135	0.000834282
1	2329	2.19334	2.18136	0.00083394
1	2330	2.18813	2.18136	0.000833587
1	2331	2.19075	2.18136	0.000833239
1	2332	2.19917	2.18137	0.000832917
1	2333	2.21891	2.18139	0.000832715
1	2334	2.22608	2.18141	0.000832578
1	2335	2.19082	2.18141	0.000832232
1	2336	2.16113	2.1814	0.000831921
1	2337	2.19997	2.18141	0.000831603
1	2338	2.21802	2.18142	0.000831394
1	2339	2.22749	2.18144	0.000831272
1	2340	2.23162	2.18147	0.000831193
1	2341	2.23248	2.18149	0.000831124
1	2342	2.23239	2.18151	0.000831053
1	2343	2.23513	2.18153	0.000831014
1	2344	2.23742	2.18156	0.000831001
1	2345	2.22813	2.18158	0.000830884
1	2346	2.20588	2.18159	0.000830594
1	2347	2.1809	2.18159	0.000830241
1	2348	2.18328	2.18159	0.000829887
1	2349	2.19484	2.18159	0.000829553
1	2350	2.16958	2.18159	0.000829216
1	2351	2.17945	2.18159	0.000828864
1	2352	2.20966	2.1816	0.000828597
1	2353	2.22656	2.18162	0.000828465
1	2354	2.2287	2.18164	0.000828355
1	2355	2.22218	2.18165	0.000828182
1	2356	2.21392	2.18167	0.000827944
1	2357	2.19952	2.18168	0.000827627
1	2358	2.19219	2.18168	0.000827288
1	2359	2.20453	2.18169	0.000826994
1	2360	2.21323	2.1817	0.000826752
1	2361	2.20516	2.18171	0.000826461
1	2362	2.18236	2.18171	0.000826111
1	2363	2.15346	2.1817	0.000825848
1	2364	2.13661	2.18168	0.000825719
1	2365	2.14143	2.18167	0.000825545
1	2366	2.17122	2.18166	0.000825208
1	2367	2.196	2.18167	0.000824882
1	2368	2.2011	2.18168	0.000824574
1	2369	2.20252	2.18168	0.000824273
1	2370	2.20318	2.18169	0.000823975
1	2371	2.20257	2.1817	0.000823675
1	2372	2.20104	2.18171	0.000823368
1	2373	2.20023	2.18172	0.000823058
1	2374	2.20304	2.18173	0.00082276
1	2375	2.20917	2.18174	0.000822495
1	2376	2.20524	2.18175	0.000822208
1	2377	2.16879	2.18174	0.00082188
1	2378	2.14192	2.18173	0.000821705
1	2379	2.10435	2.18169	0.000822003
1	2380	2.16666	2.18169	0.000821682
1	2381	2.2087	2.1817	0.000821415
1	2382	2.21572	2.18171	0.000821195
1	2383	2.20587	2.18172	0.000820913
1	2384	2.19869	2.18173	0.000820599
1	2385	2.21553	2.18174	0.000820378
1	2386	2.22038	2.18176	0.000820194
1	2387	2.18671	2.18176	0.000819853
1	2388	2.18454	2.18176	0.00081951
1	2389	2.19201	2.18177	0.000819178
1	2390	2.17734	2.18177	0.000818838
1	2391	2.1939	2.18177	0.000818511
1	2392	2.22489	2.18179	0.000818367
1	2393	2.24129	2.18181	0.000818403
1	2394	2.2444	2.18184	0.000818478
1	2395	2.23895	2.18186	0.000818484
1	2396	2.22351	2.18188	0.000818327
1	2397	2.20496	2.18189	0.000818042
1	2398	2.20268	2.1819	0.000817747
1	2399	2.21449	2.18191	0.000817519
1	2400	2.22633	2.18193	0.000817388
1	2401	2.22396	2.18195	0.000817235
1	2402	2.21073	2.18196	0.000816982
1	2403	2.19635	2.18197	0.000816664
1	2404	2.20633	2.18198	0.000816387
1	2405	2.22709	2.182	0.000816263
1	2406	2.23669	2.18202	0.000816241
1	2407	2.23396	2.18204	0.000816187
1	2408	2.22386	2.18206	0.000816032
1	2409	2.21761	2.18207	0.000815827
1	2410	2.22041	2.18209	0.000815644
1	2411	2.22449	2.18211	0.000815495
1	2412	2.22485	2.18212	0.000815349
1	2413	2.22165	2.18214	0.000815176
1	2414	2.21658	2.18215	0.000814963
1	2415	2.21106	2.18217	0.000814714
1	2416	2.20405	2.18218	0.000814427
1	2417	2.20458	2.18218	0.000814142
1	2418	2.21214	2.1822	0.0008139
1	2419	2.20313	2.18221	0.00081361
1	2420	2.19523	2.18221	0.000813291
1	2421	2.2101	2.18222	0.000813037
1	2422	2.22138	2.18224	0.000812862
1	2423	2.22145	2.18225	0.000812687
1	2424	2.21523	2.18227	0.000812466
1	2425	2.20685	2.18228	0.000812194
1	2426	2.19849	2.18229	0.000811887
1	2427	2.19373	2.18229	0.000811566
1	2428	2.1963	2.1823	0.000811252
1	2429	2.20256	2.1823	0.000810961
1	2430	2.20569	2.18231	0.000810685
1	2431	2.20467	2.18232	0.000810403
1	2432	2.20255	2.18233	0.000810113
1	2433	2.20085	2.18234	0.000809816
1	2434	2.19669	2.18234	0.000809504
1	2435	2.18633	2.18235	0.000809174
1	2436	2.17515	2.18234	0.000808847
1	2437	2.17535	2.18234	0.00080852
1	2438	2.18575	2.18234	0.00080819
1	2439	2.1974	2.18235	0.000807882
1	2440	2.20452	2.18236	0.000807602
1	2441	2.20728	2.18237	0.000807335
1	2442	2.20913	2.18238	0.000807079
1	2443	2.21171	2.18239	0.000806838
1	2444	2.21099	2.1824	0.000806593
1	2445	2.20319	2.18241	0.000806308
1	2446	2.19478	2.18242	0.000805994
1	2447	2.18548	2.18242	0.000805666
1	2448	2.15841	2.18241	0.000805396
1	2449	2.14219	2.18239	0.000805235
1	2450	2.16587	2.18238	0.000804934
1	2451	2.2038	2.18239	0.000804653
1	2452	2.22006	2.18241	0.000804472
1	2453	2.22193	2.18242	0.000804305
1	2454	2.2215	2.18244	0.000804135
1	2455	2.22125	2.18246	0.000803963
1	2456	2.22013	2.18247	0.000803782
1	2457	2.21704	2.18249	0.000803578
1	2458	2.21159	2.1825	0.000803338
1	2459	2.20579	2.18251	0.000803067
1	2460	2.20314	2.18252	0.000802785
1	2461	2.20334	2.18252	0.000802503
1	2462	2.20086	2.18253	0.000802212
1	2463	2.19605	2.18254	0.000801905
1	2464	2.19897	2.18254	0.000801607
1	2465	2.19566	2.18255	0.000801299
1	2466	2.18987	2.18255	0.00080098
1	2467	2.19983	2.18256	0.000800686
1	2468	2.20483	2.18257	0.000800412
1	2469	2.20265	2.18258	0.00080013
1	2470	2.20213	2.18258	0.000799845
1	2471	2.20443	2.18259	0.00079957
1	2472	2.20548	2.1826	0.0007993
1	2473	2.20584	2.18261	0.000799032
1	2474	2.20962	2.18262	0.000798784
1	2475	2.21605	2.18264	0.000798575
1	2476	2.22144	2.18265	0.000798406
1	2477	2.22154	2.18267	0.000798238
1	2478	2.21116	2.18268	0.000797999
1	2479	2.19466	2.18268	0.000797692
1	2480	2.18199	2.18268	0.00079737
1	2481	2.18409	2.18268	0.000797049
1	2482	2.20916	2.18269	0.000796799
1	2483	2.22533	2.18271	0.000796663
1	2484	2.22749	2.18273	0.000796547
1	2485	2.21973	2.18274	0.000796365
1	2486	2.21221	2.18276	0.000796133
1	2487	2.21158	2.18277	0.000795897
1	2488	2.21135	2.18278	0.00079566
1	2489	2.2122	2.18279	0.000795428
1	2490	2.21635	2.1828	0.000795223
1	2491	2.21845	2.18282	0.000795033
1	2492	2.22214	2.18283	0.00079487
1	2493	2.22921	2.18285	0.000794769
1	2494	2.23328	2.18287	0.000794707
1	2495	2.22975	2.18289	0.000794611
1	2496	2.19954	2.1829	0.000794321
1	2497	2.16176	2.18289	0.000794048
1	2498	2.19822	2.1829	0.000793753
1	2499	2.19331	2.1829	0.000793447
1	2500	2.17309	2.1829	0.000793139
1	2501	2.18578	2.1829	0.000792823
1	2502	2.18421	2.1829	0.000792506
1	2503	2.18645	2.1829	0.000792191
1	2504	2.21407	2.18291	0.000791972
1	2505	2.21262	2.18292	0.000791745
1	2506	2.18817	2.18293	0.000791432
1	2507	2.16587	2.18292	0.000791145
1	2508	2.17983	2.18292	0.000790831
1	2509	2.20135	2.18293	0.00079055
1	2510	2.20286	2.18293	0.000790275
1	2511	2.1831	2.18293	0.00078996
1	2512	2.17579	2.18293	0.00078965
1	2513	2.19659	2.18294	0.000789355
1	2514	2.20946	2.18295	0.000789111
1	2515	2.21125	2.18296	0.000788878
1	2516	2.20847	2.18297	0.00078863
1	2517	2.19953	2.18297	0.000788344
1	2518	2.17951	2.18297	0.000788032
1	2519	2.16758	2.18297	0.000787743
1	2520	2.17311	2.18296	0.00078744
1	2521	2.17667	2.18296	0.000787131
1	2522	2.19492	2.18297	0.000786834
1	2523	2.21086	2.18298	0.000786599
1	2524	2.20921	2.18299	0.000786356
1	2525	2.19194	2.18299	0.000786053
1	2526	2.17855	2.18299	0.000785744
1	2527	2.18128	2.18299	0.000785433
1	2528	2.18392	2.18299	0.000785122
1	2529	2.18854	2.18299	0.000784815
1	2530	2.18959	2.18299	0.000784509
1	2531	2.17885	2.18299	0.000784201
1	2532	2.16683	2.18299	0.000783917
1	2533	2.16963	2.18298	0.000783625
1	2534	2.17857	2.18298	0.000783318
1	2535	2.18204	2.18298	0.000783009
1	2536	2.17911	2.18298	0.000782702
1	2537	2.17281	2.18297	0.000782404
1	2538	2.16793	2.18297	0.000782118
1	2539	2.16988	2.18296	0.000781827
1	2540	2.17825	2.18296	0.000781521
1	2541	2.18572	2.18296	0.000781214
1	2542	2.18887	2.18296	0.000780911
1	2543	2.1871	2.18296	0.000780605
1	2544	2.1791	2.18296	0.0007803
1	2545	2.16275	2.18295	0.000780034
1	2546	2.15933	2.18295	0.000779782
1	2547	2.18732	2.18295	0.000779478
1	2548	2.19347	2.18295	0.000779183
1	2549	2.16744	2.18295	0.000778901
1	2550	2.15037	2.18293	0.000778701
1	2551	2.17653	2.18293	0.000778399
1	2552	2.20141	2.18294	0.000778128
1	2553	2.21115	2.18295	0.000777902
1	2554	2.2196	2.18296	0.000777729
1	2555	2.2269	2.18298	0.000777615
1	2556	2.22197	2.183	0.000777461
1	2557	2.20217	2.183	0.000777193
1	2558	2.18901	2.18301	0.000776892
1	2559	2.18651	2.18301	0.00077659
1	2560	2.20672	2.18302	0.000776342
1	2561	2.20538	2.18302	0.000776088
1	2562	2.1955	2.18303	0.0007758
1	2563	2.22217	2.18304	0.000775648
1	2564	2.2149	2.18306	0.000775445
1	2565	2.19219	2.18306	0.000775151
1	2566	2.19874	2.18307	0.000774873
1	2567	2.20841	2.18308	0.000774634
1	2568	2.20557	2.18309	0.000774381
1	2569	2.19956	2.18309	0.000774107
1	2570	2.20125	2.1831	0.000773838
1	2571	2.21082	2.18311	0.000773612
1	2572	2.20893	2.18312	0.000773376
1	2573	2.19914	2.18313	0.000773101
1	2574	2.19552	2.18313	0.000772815
1	2575	2.19965	2.18314	0.000772542
1	2576	2.21465	2.18315	0.000772339
1	2577	2.20987	2.18316	0.000772109
1	2578	2.18262	2.18316	0.000771809
1	2579	2.16878	2.18315	0.00077153
1	2580	2.16757	2.18315	0.000771255
1	2581	2.19145	2.18315	0.000770963
1	2582	2.20544	2.18316	0.000770712
1	2583	2.17046	2.18315	0.00077043
1	2584	2.14782	2.18314	0.000770253
1	2585	2.20004	2.18315	0.000769982
1	2586	2.21521	2.18316	0.000769785
1	2587	2.20351	2.18317	0.000769527
1	2588	2.18707	2.18317	0.000769231
1	2589	2.18329	2.18317	0.000768934
1	2590	2.19126	2.18317	0.000768644
1	2591	2.19589	2.18318	0.000768363
1	2592	2.1933	2.18318	0.000768076
1	2593	2.18684	2.18318	0.000767781
1	2594	2.17694	2.18318	0.000767489
1	2595	2.16181	2.18317	0.000767237
1	2596	2.16104	2.18316	0.000766989
1	2597	2.17294	2.18316	0.000766704
1	2598	2.18223	2.18316	0.000766409
1	2599	2.19011	2.18316	0.000766119
1	2600	2.19462	2.18317	0.000765837
1	2601	2.19399	2.18317	0.000765554
1	2602	2.18564	2.18317	0.00076526
1	2603	2.16505	2.18316	0.000764998
1	2604	2.16315	2.18316	0.000764743
1	2605	2.17883	2.18316	0.000764451
1	2606	2.1814	2.18315	0.000764158
1	2607	2.19047	2.18316	0.00076387
1	2608	2.19502	2.18316	0.00076359
1	2609	2.17505	2.18316	0.000763304
1	2610	2.13354	2.18314	0.000763248
1	2611	2.12863	2.18312	0.000763241
1	2612	2.16593	2.18311	0.000762978
1	2613	2.19146	2.18312	0.000762692
1	2614	2.21132	2.18313	0.000762477
1	2615	2.19898	2.18313	0.000762209
1	2616	2.16239	2.18312	0.000761959
1	2617	2.18657	2.18313	0.000761669
1	2618	2.20087	2.18313	0.000761409
1	2619	2.20602	2.18314	0.000761168
1	2620	2.18484	2.18314	0.000760878
1	2621	2.18544	2.18314	0.000760588
1	2622	2.20146	2.18315	0.00076033
1	2623	2.20218	2.18316	0.000760075
1	2624	2.20438	2.18317	0.000759828
1	2625	2.21599	2.18318	0.000759641
1	2626	2.2213	2.18319	0.000759491
1	2627	2.2179	2.18321	0.000759317
1	2628	2.21682	2.18322	0.000759135
1	2629	2.21864	2.18323	0.000758966
1	2630	2.22307	2.18325	0.000758829
1	2631	2.22204	2.18326	0.000758684
1	2632	2.20605	2.18327	0.000758445
1	2633	2.18758	2.18327	0.000758158
1	2634	2.1986	2.18328	0.000757893
1	2635	2.22521	2.18329	0.000757772
1	2636	2.23853	2.18331	0.000757775
1	2637	2.2356	2.18333	0.000757747
1	2638	2.21107	2.18334	0.000757532
1	2639	2.21154	2.18336	0.000757321
1	2640	2.25005	2.18338	0.000757455
1	2641	2.24945	2.18341	0.000757581
1	2642	2.20563	2.18341	0.000757341
1	2643	2.21275	2.18343	0.000757136
1	2644	2.25325	2.18345	0.00075731
1	2645	2.25743	2.18348	0.00075754
1	2646	2.24076	2.1835	0.000757563
1	2647	2.22151	2.18352	0.000757413
1	2648	2.23924	2.18354	0.000757419
1	2649	2.25447	2.18356	0.000757606
1	2650	2.25451	2.18359	0.000757793
1	2651	2.25947	2.18362	0.000758048
1	2652	2.2525	2.18364	0.000758207
1	2653	2.24175	2.18367	0.000758237
1	2654	2.23488	2.18369	0.000758197
1	2655	2.23252	2.1837	0.000758134
1	2656	2.23789	2.18372	0.000758123
1	2657	2.22719	2.18374	0.000758014
1	2658	2.20533	2.18375	0.000757773
1	2659	2.20778	2.18376	0.000757542
1	2660	2.21788	2.18377	0.000757366
1	2661	2.2105	2.18378	0.000757148
1	2662	2.21843	2.18379	0.000756975
1	2663	2.22612	2.18381	0.000756858
1	2664	2.21719	2.18382	0.000756677
1	2665	2.21617	2.18383	0.000756491
1	2666	2.22372	2.18385	0.000756355
1	2667	2.22381	2.18386	0.000756219
1	2668	2.22012	2.18388	0.000756058
1	2669	2.21481	2.18389	0.000755864
1	2670	2.20719	2.1839	0.000755631
1	2671	2.20474	2.18391	0.000755388
1	2672	2.2089	2.18392	0.000755163
1	2673	2.21336	2.18393	0.000754961
1	2674	2.21347	2.18394	0.00075476
1	2675	2.2112	2.18395	0.000754546
1	2676	2.20534	2.18396	0.000754307
1	2677	2.19223	2.18396	0.000754031
1	2678	2.18184	2.18396	0.00075375
1	2679	2.18508	2.18396	0.000753469
1	2680	2.18889	2.18396	0.00075319
1	2681	2.19328	2.18396	0.000752917
1	2682	2.20011	2.18397	0.000752661
1	2683	2.19958	2.18398	0.000752402
1	2684	2.1889	2.18398	0.000752124
1	2685	2.18629	2.18398	0.000751845
1	2686	2.19635	2.18398	0.000751579
1	2687	2.20271	2.18399	0.000751332
1	2688	2.20154	2.184	0.00075108
1	2689	2.18996	2.184	0.000750804
1	2690	2.17911	2.184	0.000750527
1	2691	2.19175	2.184	0.000750254
1	2692	2.18086	2.184	0.000749976
1	2693	2.16396	2.18399	0.000749735
1	2694	2.19821	2.184	0.000749475
1	2695	2.22168	2.18401	0.000749327
1	2696	2.23004	2.18403	0.000749244
1	2697	2.2211	2.18404	0.000749092
1	2698	2.19684	2.18405	0.000748829
1	2699	2.16999	2.18404	0.00074857
1	2700	2.16808	2.18404	0.000748316
1	2701	2.18595	2.18404	0.00074804
1	2702	2.20296	2.18404	0.000747795
1	2703	2.21244	2.18405	0.000747593
1	2704	2.20997	2.18406	0.000747378
1	2705	2.19854	2.18407	0.00074712
1	2706	2.1956	2.18407	0.000746856
1	2707	2.21001	2.18408	0.000746642
1	2708	2.22796	2.1841	0.000746542
1	2709	2.23831	2.18412	0.000746535
1	2710	2.2297	2.18414	0.000746449
1	2711	2.18084	2.18413	0.000746174
1	2712	2.13791	2.18412	0.000746094
1	2713	2.14667	2.1841	0.000745946
1	2714	2.20464	2.18411	0.00074571
1	2715	2.23948	2.18413	0.000745714
1	2716	2.23981	2.18415	0.000745721
1	2717	2.22896	2.18417	0.000745629
1	2718	2.22472	2.18418	0.000745504
1	2719	2.23188	2.1842	0.000745436
1	2720	2.2413	2.18422	0.000745458
1	2721	2.24509	2.18424	0.000745519
1	2722	2.24329	2.18427	0.000745561
1	2723	2.24273	2.18429	0.000745596
1	2724	2.24532	2.18431	0.000745659
1	2725	2.24402	2.18433	0.000745707
1	2726	2.23304	2.18435	0.000745648
1	2727	2.21836	2.18436	0.000745479
1	2728	2.20914	2.18437	0.000745261
1	2729	2.16254	2.18436	0.00074503
1	2730	2.15436	2.18435	0.000744839
1	2731	2.21764	2.18436	0.000744666
1	2732	2.25047	2.18439	0.000744786
1	2733	2.27178	2.18442	0.0007452
1	2734	2.26474	2.18445	0.000745506
1	2735	2.23325	2.18447	0.000745447
1	2736	2.19739	2.18447	0.000745189
1	2737	2.19355	2.18448	0.000744925
1	2738	2.22589	2.18449	0.000744806
1	2739	2.24386	2.18451	0.000744849
1	2740	2.23236	2.18453	0.000744782
1	2741	2.22691	2.18455	0.000744671
1	2742	2.22804	2.18456	0.000744568
1	2743	2.21669	2.18457	0.000744389
1	2744	2.22811	2.18459	0.000744287
1	2745	2.2461	2.18461	0.000744353
1	2746	2.24943	2.18463	0.000744456
1	2747	2.24884	2.18466	0.000744552
1	2748	2.24302	2.18468	0.000744584
1	2749	2.23008	2.1847	0.000744496
1	2750	2.21371	2.18471	0.0007443
1	2751	2.20185	2.18471	0.000744056
1	2752	2.21503	2.18472	0.000743867
1	2753	2.22886	2.18474	0.000743769
1	2754	2.23038	2.18476	0.000743684
1	2755	2.23216	2.18477	0.000743613
1	2756	2.22881	2.18479	0.000743515
1	2757	2.21499	2.1848	0.000743326
1	2758	2.19201	2.1848	0.000743061
1	2759	2.16124	2.18479	0.000742841
1	2760	2.17075	2.18479	0.000742589
1	2761	2.20092	2.1848	0.000742343
1	2762	2.1951	2.1848	0.000742084
1	2763	2.17528	2.1848	0.000741823
1	2764	2.16027	2.18479	0.000741608
1	2765	2.15175	2.18477	0.000741436
1	2766	2.15902	2.18477	0.000741226
1	2767	2.17526	2.18476	0.000740966
1	2768	2.17839	2.18476	0.000740702
1	2769	2.1608	2.18475	0.000740485
1	2770	2.12098	2.18473	0.000740576
1	2771	2.11938	2.1847	0.000740684
1	2772	2.15839	2.18469	0.000740477
1	2773	2.17585	2.18469	0.000740217
1	2774	2.17895	2.18469	0.000739953
1	2775	2.17975	2.18469	0.000739689
1	2776	2.18026	2.18469	0.000739424
1	2777	2.17625	2.18468	0.000739164
1	2778	2.16039	2.18467	0.00073895
1	2779	2.14367	2.18466	0.000738831
1	2780	2.1321	2.18464	0.000738807
1	2781	2.12779	2.18462	0.000738824
1	2782	2.16208	2.18461	0.000738603
1	2783	2.18069	2.18461	0.000738339
1	2784	2.18972	2.18461	0.000738076
1	2785	2.1925	2.18462	0.000737816
1	2786	2.18477	2.18462	0.000737552
1	2787	2.17452	2.18461	0.000737296
1	2788	2.18091	2.18461	0.000737033
1	2789	2.18524	2.18461	0.000736768
1	2790	2.17941	2.18461	0.000736507
1	2791	2.17446	2.18461	0.000736252
1	2792	2.17796	2.1846	0.000735992
1	2793	2.18654	2.1846	0.000735729
1	2794	2.19116	2.18461	0.000735469
1	2795	2.18564	2.18461	0.000735206
1	2796	2.16836	2.1846	0.000734966
1	2797	2.1434	2.18459	0.000734851
1	2798	2.11972	2.18456	0.000734954
1	2799	2.16514	2.18456	0.000734724
1	2800	2.18784	2.18456	0.000734463
1	2801	2.18451	2.18456	0.0007342
1	2802	2.18131	2.18456	0.000733939
1	2803	2.183	2.18456	0.000733678
1	2804	2.18282	2.18455	0.000733416
1	2805	2.17122	2.18455	0.00073317
1	2806	2.16873	2.18454	0.000732931
1	2807	2.18428	2.18454	0.000732669
1	2808	2.19214	2.18455	0.000732414
1	2809	2.19171	2.18455	0.000732157
1	2810	2.18477	2.18455	0.000731897
1	2811	2.16051	2.18454	0.000731686
1	2812	2.11727	2.18452	0.000731817
1	2813	2.13857	2.1845	0.000731739
1	2814	2.17789	2.1845	0.000731483
1	2815	2.18983	2.1845	0.000731226
1	2816	2.19401	2.1845	0.000730974
1	2817	2.19678	2.18451	0.000730727
1	2818	2.19831	2.18451	0.000730484
1	2819	2.17912	2.18451	0.000730228
1	2820	2.10476	2.18448	0.000730516
1	2821	2.1662	2.18448	0.000730286
1	2822	2.19546	2.18448	0.000730038
1	2823	2.18907	2.18448	0.000729781
1	2824	2.17242	2.18448	0.000729535
1	2825	2.16532	2.18447	0.000729308
1	2826	2.1581	2.18446	0.00072911
1	2827	2.15944	2.18445	0.000728906
1	2828	2.17465	2.18445	0.000728656
1	2829	2.18186	2.18445	0.000728399
1	2830	2.19112	2.18445	0.000728145
1	2831	2.20534	2.18446	0.000727926
1	2832	2.21464	2.18447	0.000727747
1	2833	2.21122	2.18448	0.000727551
1	2834	2.18252	2.18448	0.000727295
1	2835	2.1287	2.18446	0.000727304
1	2836	2.12506	2.18444	0.000727349
1	2837	2.16532	2.18443	0.000727124
1	2838	2.20091	2.18444	0.000726891
1	2839	2.21135	2.18444	0.000726697
1	2840	2.20861	2.18445	0.000726491
1	2841	2.20343	2.18446	0.000726266
1	2842	2.19742	2.18446	0.000726024
1	2843	2.183	2.18446	0.000725769
1	2844	2.16386	2.18446	0.00072555
1	2845	2.17432	2.18445	0.000725304
1	2846	2.18852	2.18445	0.00072505
1	2847	2.18849	2.18446	0.000724797
1	2848	2.18074	2.18445	0.000724544
1	2849	2.17028	2.18445	0.000724307
1	2850	2.16342	2.18444	0.00072409
1	2851	2.15988	2.18443	0.000723887
1	2852	2.15605	2.18442	0.000723702
1	2853	2.16107	2.18442	0.000723495
1	2854	2.17876	2.18441	0.000723244
1	2855	2.18135	2.18441	0.000722991
1	2856	2.18497	2.18441	0.000722738
1	2857	2.19461	2.18442	0.000722494
1	2858	2.1927	2.18442	0.000722247
1	2859	2.18093	2.18442	0.000721995
1	2860	2.16718	2.18441	0.000721768
1	2861	2.15948	2.1844	0.000721568
1	2862	2.15942	2.18439	0.000721369
1	2863	2.16755	2.18439	0.000721141
1	2864	2.18055	2.18439	0.000720891
1	2865	2.18666	2.18439	0.000720639
1	2866	2.17132	2.18438	0.000720402
1	2867	2.12617	2.18436	0.000720437
1	2868	2.10548	2.18434	0.000720711
1	2869	2.1355	2.18432	0.000720661
1	2870	2.15781	2.18431	0.000720469
1	2871	2.16143	2.1843	0.000720262
1	2872	2.16154	2.18429	0.000720055
1	2873	2.1625	2.18429	0.000719844
1	2874	2.16406	2.18428	0.000719628
1	2875	2.16381	2.18427	0.000719413
1	2876	2.16218	2.18426	0.000719204
1	2877	2.16069	2.18426	0.000719
1	2878	2.16011	2.18425	0.0007188
1	2879	2.16069	2.18424	0.000718596
1	2880	2.16271	2.18423	0.000718386
1	2881	2.16643	2.18423	0.000718163
1	2882	2.1717	2.18422	0.000717927
1	2883	2.17725	2.18422	0.000717682
1	2884	2.17871	2.18422	0.000717436
1	2885	2.1599	2.18421	0.000717237
1	2886	2.10697	2.18418	0.000717487
1	2887	2.10516	2.18415	0.000717761
1	2888	2.1609	2.18415	0.000717557
1	2889	2.18394	2.18415	0.000717309
1	2890	2.18265	2.18415	0.000717061
1	2891	2.17558	2.18414	0.000716819
1	2892	2.16673	2.18414	0.000716596
1	2893	2.15967	2.18413	0.000716398
1	2894	2.15812	2.18412	0.000716207
1	2895	2.16786	2.18411	0.000715982
1	2896	2.17494	2.18411	0.000715742
1	2897	2.17024	2.18411	0.000715511
1	2898	2.16386	2.1841	0.000715298
1	2899	2.16182	2.18409	0.000715092
1	2900	2.16269	2.18408	0.000714884
1	2901	2.16691	2.18408	0.000714662
1	2902	2.17176	2.18407	0.000714428
1	2903	2.17369	2.18407	0.000714191
1	2904	2.17134	2.18407	0.000713959
1	2905	2.16554	2.18406	0.000713741
1	2906	2.15997	2.18405	0.000713544
1	2907	2.15613	2.18404	0.000713363
1	2908	2.15727	2.18403	0.000713177
1	2909	2.16286	2.18403	0.000712969
1	2910	2.16433	2.18402	0.000712756
1	2911	2.15594	2.18401	0.000712577
1	2912	2.14963	2.184	0.00071243
1	2913	2.15543	2.18399	0.000712253
1	2914	2.15855	2.18398	0.000712062
1	2915	2.15323	2.18397	0.000711896
1	2916	2.13323	2.18395	0.000711864
1	2917	2.10442	2.18392	0.000712142
1	2918	2.12374	2.1839	0.000712197
1	2919	2.154	2.18389	0.000712026
1	2920	2.16205	2.18388	0.000711822
1	2921	2.16225	2.18388	0.000711617
1	2922	2.16107	2.18387	0.000711416
1	2923	2.15736	2.18386	0.00071123
1	2924	2.14855	2.18385	0.000711089
1	2925	2.14709	2.18384	0.000710957
1	2926	2.14931	2.18382	0.000710812
1	2927	2.11034	2.1838	0.000711013
1	2928	2.12226	2.18378	0.00071108
1	2929	2.16124	2.18377	0.000710879
1	2930	2.17361	2.18377	0.000710645
1	2931	2.17184	2.18376	0.000710414
1	2932	2.17686	2.18376	0.000710176
1	2933	2.18858	2.18376	0.000709936
1	2934	2.17654	2.18376	0.000709698
1	2935	2.16673	2.18375	0.00070948
1	2936	2.18169	2.18375	0.000709239
1	2937	2.2011	2.18376	0.000709022
1	2938	2.21471	2.18377	0.000708859
1	2939	2.2207	2.18378	0.000708729
1	2940	2.22169	2.18379	0.000708605
1	2941	2.20955	2.1838	0.000708418
1	2942	2.18006	2.1838	0.000708179
1	2943	2.16818	2.1838	0.000707958
1	2944	2.18727	2.1838	0.000707718
1	2945	2.19936	2.1838	0.000707498
1	2946	2.19937	2.18381	0.000707277
1	2947	2.1899	2.18381	0.00070704
1	2948	2.19519	2.18381	0.000706811
1	2949	2.2181	2.18383	0.000706667
1	2950	2.23804	2.18384	0.000706666
1	2951	2.23459	2.18386	0.000706636
1	2952	2.22335	2.18388	0.000706523
1	2953	2.21687	2.18389	0.000706372
1	2954	2.19502	2.18389	0.000706143
1	2955	2.21176	2.1839	0.000705967
1	2956	2.246	2.18392	0.000706041
1	2957	2.24806	2.18394	0.000706135
1	2958	2.21879	2.18395	0.000705995
1	2959	2.19714	2.18396	0.00070577
1	2960	2.21304	2.18397	0.0007056
1	2961	2.22155	2.18398	0.000705476
1	2962	2.222	2.18399	0.000705355
1	2963	2.23435	2.18401	0.000705321
1	2964	2.2371	2.18403	0.000705311
1	2965	2.19773	2.18403	0.000705088
1	2966	2.15713	2.18402	0.000704909
1	2967	2.1532	2.18401	0.000704748
1	2968	2.17687	2.18401	0.000704514
1	2969	2.21156	2.18402	0.000704338
1	2970	2.20981	2.18403	0.000704154
1	2971	2.21025	2.18404	0.000703973
1	2972	2.22304	2.18405	0.000703858
1	2973	2.20138	2.18406	0.000703646
1	2974	2.1419	2.18404	0.000703552
1	2975	2.13721	2.18403	0.000703491
1	2976	2.17189	2.18402	0.000703267
1	2977	2.19235	2.18403	0.000703036
1	2978	2.19611	2.18403	0.000702812
1	2979	2.19684	2.18403	0.000702589
1	2980	2.19766	2.18404	0.000702368
1	2981	2.19638	2.18404	0.000702145
1	2982	2.19348	2.18405	0.000701916
1	2983	2.18816	2.18405	0.000701682
1	2984	2.16802	2.18404	0.000701468
1	2985	2.14956	2.18403	0.000701328
1	2986	2.17144	2.18403	0.000701106
1	2987	2.19762	2.18403	0.000700886
1	2988	2.2066	2.18404	0.000700692
1	2989	2.19752	2.18404	0.000700472
1	2990	2.16372	2.18404	0.000700271
1	2991	2.14924	2.18402	0.000700133
1	2992	2.13646	2.18401	0.00070008
1	2993	2.14556	2.184	0.000699964
1	2994	2.17803	2.18399	0.000699733
1	2995	2.19378	2.184	0.000699507
1	2996	2.20487	2.184	0.000699308
1	2997	2.20699	2.18401	0.000699117
1	2998	2.20425	2.18402	0.000698916
1	2999	2.19622	2.18402	0.000698695
1	3000	2.17853	2.18402	0.000698464
1	3001	2.16994	2.18402	0.000698247
1	3002	2.18436	2.18402	0.000698015
1	3003	2.19211	2.18402	0.000697787
1	3004	2.19085	2.18402	0.000697559
1	3005	2.1881	2.18402	0.000697328
1	3006	2.18888	2.18402	0.000697098
1	3007	2.19106	2.18403	0.00069687
1	3008	2.18207	2.18403	0.000696639
1	3009	2.1449	2.18401	0.000696529
1	3010	2.1479	2.184	0.0006964
1	3011	2.1828	2.184	0.000696169
1	3012	2.18509	2.184	0.000695938
1	3013	2.15312	2.18399	0.000695783
1	3014	2.16766	2.18399	0.000695573
1	3015	2.19983	2.18399	0.000695362
1	3016	2.19882	2.184	0.000695149
1	3017	2.1886	2.184	0.00069492
1	3018	2.19552	2.184	0.0006947
1	3019	2.20993	2.18401	0.000694523
1	3020	2.21321	2.18402	0.000694361
1	3021	2.20403	2.18403	0.000694162
1	3022	2.19474	2.18403	0.000693942
1	3023	2.20489	2.18404	0.000693747
1	3024	2.21807	2.18405	0.000693608
1	3025	2.20925	2.18406	0.000693429
1	3026	2.16811	2.18405	0.00069322
1	3027	2.15351	2.18404	0.000693064
1	3028	2.18467	2.18404	0.000692836
1	3029	2.20575	2.18405	0.000692644
1	3030	2.21281	2.18406	0.00069248
1	3031	2.21293	2.18407	0.000692317
1	3032	2.20894	2.18408	0.000692138
1	3033	2.20497	2.18408	0.000691944
1	3034	2.2085	2.18409	0.000691763
1	3035	2.21691	2.1841	0.000691619
1	3036	2.21935	2.18411	0.000691489
1	3037	2.21703	2.18412	0.000691346
1	3038	2.21397	2.18413	0.000691188
1	3039	2.2087	2.18414	0.000691008
1	3040	2.1938	2.18414	0.000690788
1	3041	2.16709	2.18414	0.000690584
1	3042	2.1615	2.18413	0.000690397
1	3043	2.17864	2.18413	0.000690172
1	3044	2.19591	2.18413	0.000689956
1	3045	2.20087	2.18414	0.000689752
1	3046	2.1949	2.18414	0.000689534
1	3047	2.18234	2.18414	0.000689308
1	3048	2.16824	2.18414	0.000689102
1	3049	2.16225	2.18413	0.000688913
1	3050	2.16682	2.18412	0.000688711
1	3051	2.17437	2.18412	0.000688492
1	3052	2.17946	2.18412	0.000688269
1	3053	2.18316	2.18412	0.000688043
1	3054	2.18559	2.18412	0.000687818
1	3055	2.18567	2.18412	0.000687593
1	3056	2.18141	2.18412	0.000687369
1	3057	2.16409	2.18411	0.000687175
1	3058	2.13643	2.1841	0.000687127
1	3059	2.13817	2.18408	0.000687067
1	3060	2.16001	2.18407	0.000686887
1	3061	2.17135	2.18407	0.000686675
1	3062	2.17257	2.18407	0.000686461
1	3063	2.16706	2.18406	0.00068626
1	3064	2.16798	2.18406	0.000686056
1	3065	2.17911	2.18405	0.000685834
1	3066	2.18619	2.18405	0.00068561
1	3067	2.1812	2.18405	0.000685388
1	3068	2.16554	2.18405	0.000685191
1	3069	2.15718	2.18404	0.000685023
1	3070	2.15948	2.18403	0.000684847
1	3071	2.14996	2.18402	0.000684714
1	3072	2.1455	2.18401	0.000684606
1	3073	2.16435	2.184	0.000684413
1	3074	2.17681	2.184	0.000684194
1	3075	2.18056	2.184	0.000683973
1	3076	2.17805	2.18399	0.000683753
1	3077	2.1702	2.18399	0.000683545
1	3078	2.17021	2.18399	0.000683338
1	3079	2.17121	2.18398	0.000683129
1	3080	2.15927	2.18397	0.000682954
1	3081	2.15725	2.18397	0.000682787
1	3082	2.17318	2.18396	0.000682575
1	3083	2.18711	2.18396	0.000682354
1	3084	2.19614	2.18397	0.000682144
1	3085	2.20086	2.18397	0.000681945
1	3086	2.20441	2.18398	0.000681756
1	3087	2.20722	2.18399	0.000681577
1	3088	2.1963	2.18399	0.000681368
1	3089	2.14508	2.18398	0.000681264
1	3090	2.12257	2.18396	0.000681333
1	3091	2.13975	2.18394	0.000681263
1	3092	2.1624	2.18394	0.000681078
1	3093	2.18893	2.18394	0.00068086
1	3094	2.19908	2.18394	0.000680658
1	3095	2.19414	2.18395	0.000680446
1	3096	2.18686	2.18395	0.000680226
1	3097	2.18262	2.18395	0.000680007
1	3098	2.17631	2.18394	0.000679792
1	3099	2.16712	2.18394	0.000679594
1	3100	2.17004	2.18393	0.00067939
1	3101	2.18503	2.18393	0.000679171
1	3102	2.19163	2.18394	0.000678956
1	3103	2.184	2.18394	0.000678738
1	3104	2.16432	2.18393	0.000678548
1	3105	2.14208	2.18392	0.000678464
1	3106	2.14468	2.1839	0.000678363
1	3107	2.17388	2.1839	0.000678152
1	3108	2.19293	2.1839	0.00067794
1	3109	2.1938	2.18391	0.00067773
1	3110	2.18503	2.18391	0.000677512
1	3111	2.17004	2.1839	0.000677309
1	3112	2.13258	2.18389	0.000677292
1	3113	2.15712	2.18388	0.000677129
1	3114	2.15938	2.18387	0.000676957
1	3115	2.15604	2.18386	0.000676799
1	3116	2.166	2.18386	0.000676606
1	3117	2.14557	2.18384	0.0006765
1	3118	2.13341	2.18383	0.000676476
1	3119	2.1243	2.18381	0.000676529
1	3120	2.12396	2.18379	0.000676584
1	3121	2.13945	2.18378	0.000676516
1	3122	2.17051	2.18377	0.000676313
1	3123	2.17789	2.18377	0.000676099
1	3124	2.17506	2.18377	0.000675888
1	3125	2.17538	2.18376	0.000675677
1	3126	2.17195	2.18376	0.000675472
1	3127	2.15625	2.18375	0.000675313
1	3128	2.13151	2.18373	0.000675303
1	3129	2.12766	2.18372	0.000675325
1	3130	2.14998	2.18371	0.000675196
1	3131	2.16938	2.1837	0.000674996
1	3132	2.18143	2.1837	0.00067478
1	3133	2.18778	2.1837	0.000674566
1	3134	2.18569	2.1837	0.000674351
1	3135	2.17368	2.1837	0.000674144
1	3136	2.16608	2.18369	0.000673952
1	3137	2.17435	2.18369	0.000673744
1	3138	2.18615	2.18369	0.00067353
1	3139	2.18722	2.18369	0.000673316
1	3140	2.17326	2.18369	0.00067311
1	3141	2.15904	2.18368	0.000672941
1	3142	2.14959	2.18367	0.000672815
1	3143	2.14524	2.18366	0.000672712
1	3144	2.16378	2.18365	0.000672527
1	3145	2.18566	2.18365	0.000672314
1	3146	2.18064	2.18365	0.000672101
1	3147	2.19259	2.18365	0.000671893
1	3148	2.20538	2.18366	0.000671715
1	3149	2.20288	2.18367	0.00067153
1	3150	2.19489	2.18367	0.000671326
1	3151	2.19097	2.18367	0.000671117
1	3152	2.18194	2.18367	0.000670904
1	3153	2.15698	2.18366	0.000670745
1	3154	2.15827	2.18366	0.000670581
1	3155	2.18531	2.18366	0.000670368
1	3156	2.20223	2.18366	0.000670182
1	3157	2.20565	2.18367	0.000670006
1	3158	2.1681	2.18366	0.000669811
1	3159	2.13099	2.18365	0.000669807
1	3160	2.15225	2.18364	0.000669669
1	3161	2.18844	2.18364	0.000669459
1	3162	2.17893	2.18364	0.000669248
1	3163	2.15731	2.18363	0.000669089
1	3164	2.16958	2.18363	0.000668892
1	3165	2.17616	2.18362	0.000668685
1	3166	2.17794	2.18362	0.000668476
1	3167	2.18329	2.18362	0.000668265
1	3168	2.18383	2.18362	0.000668054
1	3169	2.16892	2.18362	0.000667859
1	3170	2.15002	2.18361	0.000667733
1	3171	2.15763	2.1836	0.000667572
1	3172	2.17104	2.18359	0.000667374
1	3173	2.17539	2.18359	0.000667168
1	3174	2.17892	2.18359	0.00066696
1	3175	2.19013	2.18359	0.000666753
1	3176	2.19686	2.1836	0.000666556
1	3177	2.19073	2.1836	0.00066635
1	3178	2.18479	2.1836	0.00066614
1	3179	2.17373	2.1836	0.000665938
1	3180	2.16577	2.18359	0.000665752
1	3181	2.16353	2.18358	0.000665573
1	3182	2.16697	2.18358	0.000665384
1	3183	2.18239	2.18358	0.000665175
1	3184	2.19932	2.18358	0.000664985
1	3185	2.21315	2.18359	0.000664841
1	3186	2.22385	2.1836	0.000664752
1	3187	2.21723	2.18362	0.000664627
1	3188	2.19843	2.18362	0.000664435
1	3189	2.22508	2.18363	0.000664354
1	3190	2.22836	2.18365	0.000664293
1	3191	2.2211	2.18366	0.000664189
1	3192	2.20602	2.18367	0.000664018
1	3193	2.19982	2.18367	0.000663829
1	3194	2.21252	2.18368	0.000663683
1	3195	2.22773	2.18369	0.000663618
1	3196	2.23524	2.18371	0.000663607
1	3197	2.22739	2.18372	0.00066354
1	3198	2.19111	2.18373	0.000663336
1	3199	2.18973	2.18373	0.000663131
1	3200	2.21711	2.18374	0.000663006
1	3201	2.23136	2.18375	0.000662966
1	3202	2.2335	2.18377	0.000662941
1	3203	2.20687	2.18378	0.000662773
1	3204	2.18164	2.18377	0.000662567
1	3205	2.20728	2.18378	0.000662401
1	3206	2.2289	2.1838	0.000662343
1	3207	2.23586	2.18381	0.000662336
1	3208	2.23525	2.18383	0.000662323
1	3209	2.23047	2.18384	0.000662276
1	3210	2.22563	2.18386	0.000662198
1	3211	2.22147	2.18387	0.000662095
1	3212	2.21658	2.18388	0.000661968
1	3213	2.218	2.18389	0.000661847
1	3214	2.22597	2.1839	0.00066177
1	3215	2.23287	2.18392	0.00066174
1	3216	2.23675	2.18393	0.000661738
1	3217	2.23566	2.18395	0.000661728
1	3218	2.22993	2.18396	0.000661676
1	3219	2.22711	2.18398	0.000661606
1	3220	2.2249	2.18399	0.000661523
1	3221	2.202	2.184	0.000661341
1	3222	2.18838	2.184	0.000661137
1	3223	2.20907	2.184	0.000660978
1	3224	2.20193	2.18401	0.000660796
1	3225	2.18029	2.18401	0.000660592
1	3226	2.19424	2.18401	0.000660395
1	3227	2.22996	2.18403	0.000660344
1	3228	2.24109	2.18404	0.000660376
1	3229	2.23236	2.18406	0.000660341
1	3230	2.22205	2.18407	0.000660241
1	3231	2.21587	2.18408	0.00066011
1	3232	2.20586	2.18409	0.000659941
1	3233	2.18623	2.18409	0.000659737
1	3234	2.21931	2.1841	0.000659623
1	3235	2.25271	2.18412	0.00065976
1	3236	2.25718	2.18414	0.000659942
1	3237	2.24923	2.18416	0.000660044
1	3238	2.24433	2.18418	0.000660102
1	3239	2.25342	2.1842	0.000660244
1	3240	2.26864	2.18423	0.000660555
1	3241	2.27355	2.18426	0.000660926
1	3242	2.25942	2.18428	0.000661128
1	3243	2.24853	2.1843	0.000661221
1	3244	2.22993	2.18431	0.000661167
1	3245	2.20787	2.18432	0.000661003
1	3246	2.2004	2.18433	0.000660818
1	3247	2.21295	2.18433	0.000660673
1	3248	2.23983	2.18435	0.000660691
1	3249	2.2625	2.18438	0.000660925
1	3250	2.27103	2.1844	0.000661259
1	3251	2.26714	2.18443	0.000661545
1	3252	2.25713	2.18445	0.00066172
1	3253	2.24811	2.18447	0.000661806
1	3254	2.2444	2.18449	0.000661858
1	3255	2.24113	2.18451	0.000661884
1	3256	2.23238	2.18452	0.000661844
1	3257	2.21968	2.18453	0.000661729
1	3258	2.20559	2.18454	0.000661557
1	3259	2.21547	2.18455	0.000661422
1	3260	2.24154	2.18456	0.00066145
1	3261	2.25356	2.18459	0.000661586
1	3262	2.25461	2.18461	0.000661731
1	3263	2.2461	2.18463	0.000661797
1	3264	2.21944	2.18464	0.00066168
1	3265	2.22148	2.18465	0.000661573
1	3266	2.25005	2.18467	0.000661674
1	3267	2.2608	2.18469	0.000661882
1	3268	2.25788	2.18471	0.000662058
1	3269	2.24535	2.18473	0.000662115
1	3270	2.24471	2.18475	0.000662167
1	3271	2.24814	2.18477	0.000662248
1	3272	2.24987	2.18479	0.000662344
1	3273	2.26029	2.18481	0.000662543
1	3274	2.26754	2.18484	0.000662823
1	3275	2.25318	2.18486	0.000662949
1	3276	2.21998	2.18487	0.000662833
1	3277	2.20868	2.18488	0.000662671
1	3278	2.25131	2.1849	0.000662778
1	3279	2.27224	2.18492	0.000663111
1	3280	2.27255	2.18495	0.000663447
1	3281	2.26122	2.18497	0.000663652
1	3282	2.24064	2.18499	0.000663666
1	3283	2.22529	2.185	0.000663578
1	3284	2.22674	2.18502	0.000663497
1	3285	2.21124	2.18502	0.000663344
1	3286	2.24401	2.18504	0.000663385
1	3287	2.26222	2.18507	0.000663598
1	3288	2.25843	2.18509	0.000663771
1	3289	2.24875	2.18511	0.000663852
1	3290	2.24062	2.18512	0.000663864
1	3291	2.23979	2.18514	0.00066387
1	3292	2.23592	2.18516	0.000663848
1	3293	2.21928	2.18517	0.000663727
1	3294	2.22281	2.18518	0.000663624
1	3295	2.25585	2.1852	0.000663769
1	3296	2.27341	2.18523	0.000664107
1	3297	2.26514	2.18525	0.000664348
1	3298	2.25162	2.18527	0.000664451
1	3299	2.26247	2.18529	0.000664662
1	3300	2.27173	2.18532	0.000664976
1	3301	2.27327	2.18535	0.000665308
1	3302	2.27239	2.18537	0.000665629
1	3303	2.2715	2.1854	0.000665938
1	3304	2.26569	2.18542	0.000666179
1	3305	2.26155	2.18545	0.000666376
1	3306	2.27925	2.18547	0.000666778
1	3307	2.29117	2.18551	0.000667342
1	3308	2.26394	2.18553	0.000667561
1	3309	2.26724	2.18555	0.000667816
1	3310	2.30404	2.18559	0.000668573
1	3311	2.30188	2.18563	0.000669293
1	3312	2.28424	2.18566	0.000669753
1	3313	2.28071	2.18568	0.000670165
1	3314	2.29156	2.18572	0.000670724
1	3315	2.29323	2.18575	0.000671305
1	3316	2.28217	2.18578	0.000671733
1	3317	2.26586	2.1858	0.000671964
1	3318	2.25639	2.18582	0.000672098
1	3319	2.26626	2.18585	0.000672332
1	3320	2.28336	2.18588	0.000672771
1	3321	2.3008	2.18591	0.000673458
1	3322	2.29936	2.18595	0.00067412
1	3323	2.26332	2.18597	0.000674319
1	3324	2.26366	2.18599	0.000674522
1	3325	2.26433	2.18602	0.00067473
1	3326	2.22717	2.18603	0.000674641
1	3327	2.21778	2.18604	0.000674505
1	3328	2.24886	2.18606	0.000674567
1	3329	2.26314	2.18608	0.000674761
1	3330	2.26005	2.1861	0.000674924
1	3331	2.23328	2.18612	0.00067487
1	3332	2.22698	2.18613	0.000674779
1	3333	2.24082	2.18614	0.000674776
1	3334	2.24942	2.18616	0.000674841
1	3335	2.2541	2.18618	0.000674946
1	3336	2.2521	2.1862	0.000675032
1	3337	2.2363	2.18622	0.000674997
1	3338	2.22144	2.18623	0.000674877
1	3339	2.22776	2.18624	0.00067479
1	3340	2.234	2.18626	0.000674739
1	3341	2.23712	2.18627	0.000674709
1	3342	2.22575	2.18628	0.000674611
1	3343	2.20689	2.18629	0.000674437
1	3344	2.19342	2.18629	0.000674239
1	3345	2.20098	2.1863	0.000674051
1	3346	2.22626	2.18631	0.000673956
1	3347	2.21903	2.18632	0.000673825
1	3348	2.17669	2.18631	0.00067363
1	3349	2.19089	2.18632	0.000673431
1	3350	2.2113	2.18632	0.000673271
1	3351	2.21146	2.18633	0.000673112
1	3352	2.20367	2.18634	0.000672931
1	3353	2.19758	2.18634	0.000672738
1	3354	2.19477	2.18634	0.000672542
1	3355	2.19184	2.18634	0.000672344
1	3356	2.18581	2.18634	0.000672144
1	3357	2.1823	2.18634	0.000671945
1	3358	2.18889	2.18634	0.000671745
1	3359	2.19336	2.18635	0.000671548
1	3360	2.19066	2.18635	0.00067135
1	3361	2.18698	2.18635	0.00067115
1	3362	2.18656	2.18635	0.00067095
1	3363	2.18713	2.18635	0.000670751
1	3364	2.18542	2.18635	0.000670551
1	3365	2.18355	2.18635	0.000670353
1	3366	2.185	2.18635	0.000670154
1	3367	2.18422	2.18634	0.000669955
1	3368	2.1733	2.18634	0.000669767
1	3369	2.16702	2.18634	0.000669593
1	3370	2.17798	2.18633	0.000669399
1	3371	2.18615	2.18633	0.0006692
1	3372	2.17745	2.18633	0.000669007
1	3373	2.15997	2.18632	0.000668854
1	3374	2.16344	2.18632	0.00066869
1	3375	2.17421	2.18631	0.000668502
1	3376	2.18399	2.18631	0.000668304
1	3377	2.18641	2.18631	0.000668106
1	3378	2.17077	2.18631	0.000667924
1	3379	2.13096	2.18629	0.000667927
1	3380	2.1412	2.18628	0.000667863
1	3381	2.17854	2.18627	0.000667669
1	3382	2.18438	2.18627	0.000667472
1	3383	2.18479	2.18627	0.000667275
1	3384	2.18305	2.18627	0.000667079
1	3385	2.17171	2.18627	0.000666895
1	3386	2.16138	2.18626	0.000666739
1	3387	2.16979	2.18626	0.00066656
1	3388	2.17525	2.18625	0.000666371
1	3389	2.16872	2.18625	0.000666194
1	3390	2.16636	2.18624	0.000666024
1	3391	2.18112	2.18624	0.000665829
1	3392	2.1924	2.18624	0.000665635
1	3393	2.19421	2.18624	0.000665443
1	3394	2.19475	2.18625	0.000665252
1	3395	2.19489	2.18625	0.000665061
1	3396	2.19044	2.18625	0.000664866
1	3397	2.19519	2.18625	0.000664676
1	3398	2.20407	2.18626	0.000664501
1	3399	2.20517	2.18626	0.000664329
1	3400	2.20457	2.18627	0.000664155
1	3401	2.19928	2.18627	0.000663971
1	3402	2.18851	2.18627	0.000663776
1	3403	2.18653	2.18627	0.000663581
1	3404	2.19576	2.18628	0.000663392
1	3405	2.20375	2.18628	0.000663217
1	3406	2.20749	2.18629	0.000663051
1	3407	2.19556	2.18629	0.000662862
1	3408	2.15721	2.18628	0.000662723
1	3409	2.16064	2.18627	0.000662571
1	3410	2.206	2.18628	0.000662402
1	3411	2.21593	2.18629	0.000662265
1	3412	2.20188	2.18629	0.000662086
1	3413	2.18403	2.18629	0.000661893
1	3414	2.17683	2.18629	0.000661705
1	3415	2.18267	2.18629	0.000661512
1	3416	2.19379	2.18629	0.000661322
1	3417	2.20117	2.1863	0.000661143
1	3418	2.20167	2.1863	0.000660964
1	3419	2.19619	2.1863	0.000660777
1	3420	2.18909	2.1863	0.000660585
1	3421	2.1851	2.1863	0.000660392
1	3422	2.18586	2.1863	0.000660199
1	3423	2.19126	2.18631	0.000660007
1	3424	2.19449	2.18631	0.000659819
1	3425	2.19353	2.18631	0.00065963
1	3426	2.19273	2.18631	0.00065944
1	3427	2.19221	2.18631	0.00065925
1	3428	2.18584	2.18631	0.000659057
1	3429	2.17517	2.18631	0.000658873
1	3430	2.17445	2.18631	0.00065869
1	3431	2.17882	2.1863	0.000658502
1	3432	2.1777	2.1863	0.000658315
1	3433	2.19609	2.1863	0.000658129
1	3434	2.2114	2.18631	0.000657978
1	3435	2.19967	2.18632	0.000657798
1	3436	2.18176	2.18631	0.000657608
1	3437	2.17976	2.18631	0.000657419
1	3438	2.18276	2.18631	0.000657229
1	3439	2.18579	2.18631	0.000657038
1	3440	2.1935	2.18631	0.00065685
1	3441	2.20043	2.18632	0.000656672
1	3442	2.19882	2.18632	0.000656491
1	3443	2.19258	2.18632	0.000656303
1	3444	2.18155	2.18632	0.000656114
1	3445	2.15655	2.18631	0.000655981
1	3446	2.14995	2.1863	0.000655875
1	3447	2.16392	2.1863	0.000655717
1	3448	2.17084	2.18629	0.000655542
1	3449	2.15704	2.18628	0.000655407
1	3450	2.13858	2.18627	0.000655363
1	3451	2.14902	2.18626	0.000655262
1	3452	2.16994	2.18625	0.000655089
1	3453	2.1786	2.18625	0.000654903
1	3454	2.17208	2.18625	0.000654726
1	3455	2.15715	2.18624	0.000654591
1	3456	2.13979	2.18623	0.000654539
1	3457	2.10268	2.1862	0.000654796
1	3458	2.10915	2.18618	0.000654986
1	3459	2.14263	2.18617	0.000654917
1	3460	2.13472	2.18615	0.000654897
1	3461	2.12822	2.18613	0.000654921
1	3462	2.13598	2.18612	0.000654893
1	3463	2.1459	2.18611	0.000654806
1	3464	2.14761	2.1861	0.000654712
1	3465	2.12966	2.18608	0.000654725
1	3466	2.10538	2.18606	0.00065495
1	3467	2.11378	2.18604	0.000655093
1	3468	2.13057	2.18602	0.0006551
1	3469	2.14249	2.18601	0.000655031
1	3470	2.13913	2.186	0.000654981
1	3471	2.11903	2.18598	0.000655077
1	3472	2.12679	2.18596	0.00065511
1	3473	2.13985	2.18595	0.000655056
1	3474	2.14744	2.18593	0.000654961
1	3475	2.14791	2.18592	0.000654864
1	3476	2.13734	2.18591	0.000654825
1	3477	2.13994	2.1859	0.00065477
1	3478	2.15454	2.18589	0.000654644
1	3479	2.15534	2.18588	0.000654514
1	3480	2.13859	2.18586	0.000654467
1	3481	2.13118	2.18585	0.000654468
1	3482	2.1463	2.18584	0.000654378
1	3483	2.15371	2.18583	0.000654255
1	3484	2.15046	2.18582	0.000654146
1	3485	2.15218	2.18581	0.00065403
1	3486	2.16043	2.1858	0.000653883
1	3487	2.16497	2.1858	0.000653723
1	3488	2.16554	2.18579	0.000653561
1	3489	2.17224	2.18579	0.000653385
1	3490	2.17885	2.18578	0.000653201
1	3491	2.16643	2.18578	0.000653037
1	3492	2.13657	2.18576	0.000653002
1	3493	2.14013	2.18575	0.000652946
1	3494	2.17391	2.18575	0.000652768
1	3495	2.18706	2.18575	0.000652581
1	3496	2.16696	2.18574	0.000652417
1	3497	2.15652	2.18573	0.000652284
1	3498	2.19252	2.18574	0.0006521
1	3499	2.2147	2.18574	0.000651966
1	3500	2.2188	2.18575	0.000651849
1	3501	2.21231	2.18576	0.000651706
1	3502	2.20325	2.18577	0.00065154
1	3503	2.20446	2.18577	0.000651375
1	3504	2.20565	2.18578	0.000651214
1	3505	2.19774	2.18578	0.000651037
1	3506	2.20965	2.18579	0.000650887
1	3507	2.24223	2.1858	0.000650901
1	3508	2.25159	2.18582	0.000650985
1	3509	2.24093	2.18584	0.000650989
1	3510	2.24259	2.18585	0.000651004
1	3511	2.24285	2.18587	0.000651021
1	3512	2.23728	2.18589	0.000651
1	3513	2.24062	2.1859	0.000651001
1	3514	2.24534	2.18592	0.000651036
1	3515	2.23795	2.18593	0.000651019
1	3516	2.217	2.18594	0.000650894
1	3517	2.20918	2.18595	0.000650742
1	3518	2.2202	2.18596	0.00065063
1	3519	2.18755	2.18596	0.000650445
1	3520	2.17812	2.18596	0.000650264
1	3521	2.20128	2.18596	0.000650094
1	3522	2.21314	2.18597	0.000649955
1	3523	2.23433	2.18598	0.000649916
1	3524	2.2359	2.186	0.000649886
1	3525	2.23269	2.18601	0.000649836
1	3526	2.22836	2.18602	0.000649763
1	3527	2.22107	2.18603	0.000649655
1	3528	2.21783	2.18604	0.000649533
1	3529	2.22325	2.18605	0.000649435
1	3530	2.21644	2.18606	0.000649308
1	3531	2.20403	2.18606	0.000649144
1	3532	2.20954	2.18607	0.000648994
1	3533	2.22199	2.18608	0.00064889
1	3534	2.22968	2.18609	0.000648824
1	3535	2.21882	2.1861	0.000648706
1	3536	2.16707	2.1861	0.000648545
1	3537	2.17624	2.18609	0.000648368
1	3538	2.20336	2.1861	0.000648203
1	3539	2.1761	2.1861	0.000648026
1	3540	2.19856	2.1861	0.000647852
1	3541	2.21541	2.18611	0.000647722
1	3542	2.20204	2.18611	0.000647555
1	3543	2.18681	2.18611	0.000647372
1	3544	2.20648	2.18612	0.000647215
1	3545	2.23267	2.18613	0.000647166
1	3546	2.24016	2.18615	0.000647163
1	3547	2.22654	2.18616	0.00064708
1	3548	2.20991	2.18617	0.000646933
1	3549	2.21274	2.18617	0.000646794
1	3550	2.21962	2.18618	0.00064668
1	3551	2.22071	2.18619	0.000646571
1	3552	2.22047	2.1862	0.000646461
1	3553	2.21735	2.18621	0.000646338
1	3554	2.20716	2.18622	0.000646183
1	3555	2.20649	2.18622	0.000646027
1	3556	2.21956	2.18623	0.000645913
1	3557	2.22598	2.18624	0.000645828
1	3558	2.20822	2.18625	0.000645676
1	3559	2.14617	2.18624	0.000645593
1	3560	2.12258	2.18622	0.000645659
1	3561	2.16754	2.18621	0.000645499
1	3562	2.19798	2.18622	0.000645327
1	3563	2.21148	2.18622	0.000645184
1	3564	2.21369	2.18623	0.000645049
1	3565	2.20835	2.18624	0.000644898
1	3566	2.20129	2.18624	0.000644731
1	3567	2.18888	2.18624	0.000644551
1	3568	2.15852	2.18624	0.000644417
1	3569	2.15214	2.18623	0.000644307
1	3570	2.17429	2.18622	0.000644135
1	3571	2.1851	2.18622	0.000643955
1	3572	2.18359	2.18622	0.000643775
1	3573	2.16855	2.18622	0.000643614
1	3574	2.14539	2.18621	0.000643535
1	3575	2.13926	2.18619	0.000643489
1	3576	2.15543	2.18618	0.000643367
1	3577	2.17084	2.18618	0.000643201
1	3578	2.17176	2.18618	0.000643034
1	3579	2.1698	2.18617	0.000642871
1	3580	2.17438	2.18617	0.0006427
1	3581	2.17168	2.18616	0.000642533
1	3582	2.14655	2.18615	0.000642449
1	3583	2.14077	2.18614	0.000642394
1	3584	2.1764	2.18614	0.000642221
1	3585	2.19526	2.18614	0.000642047
1	3586	2.1947	2.18614	0.000641872
1	3587	2.18853	2.18614	0.000641693
1	3588	2.19014	2.18614	0.000641516
1	3589	2.19669	2.18615	0.000641344
1	3590	2.19918	2.18615	0.000641175
1	3591	2.19802	2.18615	0.000641005
1	3592	2.19905	2.18616	0.000640837
1	3593	2.2012	2.18616	0.000640672
1	3594	2.19406	2.18616	0.000640498
1	3595	2.18504	2.18616	0.00064032
1	3596	2.19719	2.18617	0.000640149
1	3597	2.20281	2.18617	0.000639988
1	3598	2.19407	2.18617	0.000639813
1	3599	2.18923	2.18617	0.000639636
1	3600	2.19619	2.18618	0.000639465
1	3601	2.20016	2.18618	0.000639299
1	3602	2.18769	2.18618	0.000639121
1	3603	2.15529	2.18617	0.000639002
1	3604	2.15604	2.18616	0.000638879
1	3605	2.18789	2.18616	0.000638702
1	3606	2.19941	2.18617	0.000638535
1	3607	2.19938	2.18617	0.000638369
1	3608	2.19942	2.18618	0.000638202
1	3609	2.20118	2.18618	0.000638039
1	3610	2.19963	2.18618	0.000637873
1	3611	2.18899	2.18618	0.000637697
1	3612	2.17719	2.18618	0.000637525
1	3613	2.17403	2.18618	0.000637358
1	3614	2.17612	2.18618	0.000637188
1	3615	2.19346	2.18618	0.000637015
1	3616	2.2093	2.18618	0.00063687
1	3617	2.21457	2.18619	0.000636743
1	3618	2.21296	2.1862	0.00063661
1	3619	2.209	2.18621	0.000636465
1	3620	2.20523	2.18621	0.000636311
1	3621	2.20388	2.18622	0.000636154
1	3622	2.20374	2.18622	0.000635997
1	3623	2.20337	2.18623	0.000635839
1	3624	2.21794	2.18623	0.000635723
1	3625	2.2305	2.18625	0.000635665
1	3626	2.2152	2.18625	0.00063554
1	3627	2.17181	2.18625	0.000635377
1	3628	2.16101	2.18624	0.00063524
1	3629	2.19483	2.18625	0.00063507
1	3630	2.20289	2.18625	0.000634911
1	3631	2.22656	2.18626	0.000634834
1	3632	2.23381	2.18627	0.000634794
1	3633	2.20739	2.18628	0.000634646
1	3634	2.16677	2.18628	0.000634494
1	3635	2.17989	2.18627	0.000634322
1	3636	2.21299	2.18628	0.00063419
1	3637	2.21769	2.18629	0.000634074
1	3638	2.20341	2.18629	0.000633917
1	3639	2.16279	2.18629	0.000633776
1	3640	2.15783	2.18628	0.00063365
1	3641	2.18531	2.18628	0.000633476
1	3642	2.19001	2.18628	0.000633303
1	3643	2.20845	2.18629	0.000633158
1	3644	2.22187	2.1863	0.00063306
1	3645	2.21685	2.1863	0.000632942
1	3646	2.20883	2.18631	0.000632798
1	3647	2.20375	2.18632	0.000632643
1	3648	2.20354	2.18632	0.000632487
1	3649	2.21148	2.18633	0.000632351
1	3650	2.21927	2.18634	0.000632242
1	3651	2.22315	2.18635	0.00063215
1	3652	2.22047	2.18636	0.000632046
1	3653	2.19891	2.18636	0.000631882
1	3654	2.18201	2.18636	0.00063171
1	3655	2.20292	2.18636	0.000631554
1	3656	2.21449	2.18637	0.000631428
1	3657	2.21858	2.18638	0.000631316
1	3658	2.21122	2.18639	0.00063118
1	3659	2.18537	2.18639	0.000631008
1	3660	2.19496	2.18639	0.00063084
1	3661	2.20348	2.18639	0.000630685
1	3662	2.19402	2.18639	0.000630516
1	3663	2.1955	2.1864	0.000630349
1	3664	2.18913	2.1864	0.000630177
1	3665	2.15932	2.18639	0.000630049
1	3666	2.1639	2.18638	0.000629907
1	3667	2.20586	2.18639	0.000629757
1	3668	2.21716	2.1864	0.000629641
1	3669	2.21571	2.18641	0.00062952
1	3670	2.20813	2.18641	0.000629377
1	3671	2.18953	2.18641	0.000629206
1	3672	2.18152	2.18641	0.000629036
1	3673	2.20449	2.18642	0.000628884
1	3674	2.20407	2.18642	0.000628731
1	3675	2.17374	2.18642	0.000628569
1	3676	2.16261	2.18641	0.000628432
1	3677	2.18865	2.18641	0.000628261
1	3678	2.20819	2.18642	0.000628118
1	3679	2.20968	2.18642	0.000627979
1	3680	2.1986	2.18643	0.000627817
1	3681	2.15169	2.18642	0.000627718
1	3682	2.11862	2.1864	0.000627817
1	3683	2.16234	2.18639	0.000627681
1	3684	2.17584	2.18639	0.000627517
1	3685	2.1875	2.18639	0.000627347
1	3686	2.19578	2.18639	0.000627182
1	3687	2.18876	2.18639	0.000627012
1	3688	2.16935	2.18639	0.000626859
1	3689	2.15016	2.18638	0.000626766
1	3690	2.13476	2.18637	0.000626752
1	3691	2.12512	2.18635	0.000626802
1	3692	2.13837	2.18634	0.000626767
1	3693	2.1449	2.18632	0.000626698
1	3694	2.13885	2.18631	0.00062666
1	3695	2.13604	2.1863	0.000626638
1	3696	2.14839	2.18629	0.000626552
1	3697	2.15889	2.18628	0.000626427
1	3698	2.16023	2.18627	0.000626297
1	3699	2.15691	2.18627	0.000626178
1	3700	2.15287	2.18626	0.000626074
1	3701	2.15287	2.18625	0.000625969
1	3702	2.15626	2.18624	0.000625853
1	3703	2.16043	2.18623	0.000625723
1	3704	2.16554	2.18623	0.000625579
1	3705	2.15643	2.18622	0.000625461
1	3706	2.13131	2.1862	0.000625468
1	3707	2.13804	2.18619	0.000625434
1	3708	2.15189	2.18618	0.000625334
1	3709	2.12211	2.18616	0.000625404
1	3710	2.11513	2.18615	0.000625528
1	3711	2.1784	2.18614	0.000625363
1	3712	2.19931	2.18615	0.000625205
1	3713	2.18554	2.18615	0.000625037
1	3714	2.16372	2.18614	0.000624898
1	3715	2.1552	2.18613	0.000624785
1	3716	2.16827	2.18613	0.000624635
1	3717	2.18726	2.18613	0.000624467
1	3718	2.18693	2.18613	0.000624299
1	3719	2.15395	2.18612	0.000624191
1	3720	2.14397	2.18611	0.000624126
1	3721	2.16872	2.1861	0.000623976
1	3722	2.18868	2.1861	0.000623809
1	3723	2.19933	2.18611	0.000623651
1	3724	2.20598	2.18611	0.000623507
1	3725	2.2102	2.18612	0.000623373
1	3726	2.21338	2.18613	0.000623249
1	3727	2.21418	2.18613	0.000623127
1	3728	2.21173	2.18614	0.000622997
1	3729	2.20199	2.18615	0.000622845
1	3730	2.1646	2.18614	0.000622705
1	3731	2.16123	2.18613	0.000622574
1	3732	2.19394	2.18613	0.00062241
1	3733	2.19158	2.18614	0.000622245
1	3734	2.1825	2.18614	0.000622079
1	3735	2.17635	2.18613	0.000621918
1	3736	2.18889	2.18613	0.000621752
1	3737	2.20484	2.18614	0.000621606
1	3738	2.19845	2.18614	0.000621448
1	3739	2.19865	2.18615	0.000621291
1	3740	2.21643	2.18615	0.000621178
1	3741	2.23057	2.18617	0.000621125
1	3742	2.23264	2.18618	0.000621083
1	3743	2.22818	2.18619	0.000621019
1	3744	2.22205	2.1862	0.000620927
1	3745	2.20609	2.1862	0.000620784
1	3746	2.19911	2.18621	0.000620628
1	3747	2.21571	2.18621	0.000620512
1	3748	2.22588	2.18623	0.000620437
1	3749	2.20633	2.18623	0.000620294
1	3750	2.15681	2.18622	0.000620179
1	3751	2.18488	2.18622	0.000620013
1	3752	2.22215	2.18623	0.000619922
1	3753	2.23185	2.18624	0.000619876
1	3754	2.23805	2.18626	0.000619864
1	3755	2.24605	2.18627	0.000619904
1	3756	2.24782	2.18629	0.000619955
1	3757	2.23647	2.1863	0.000619934
1	3758	2.22004	2.18631	0.000619834
1	3759	2.19281	2.18631	0.000619672
1	3760	2.16477	2.18631	0.000619533
1	3761	2.16329	2.1863	0.000619399
1	3762	2.18083	2.1863	0.000619236
1	3763	2.21327	2.18631	0.000619113
1	3764	2.24707	2.18632	0.000619159
1	3765	2.26505	2.18635	0.000619347
1	3766	2.26501	2.18637	0.000619535
1	3767	2.25699	2.18639	0.000619654
1	3768	2.25915	2.1864	0.000619791
1	3769	2.26292	2.18642	0.000619959
1	3770	2.25666	2.18644	0.000620074
1	3771	2.24503	2.18646	0.000620104
1	3772	2.23561	2.18647	0.000620077
1	3773	2.22572	2.18648	0.00062
1	3774	2.20027	2.18649	0.000619846
1	3775	2.18743	2.18649	0.000619682
1	3776	2.23059	2.1865	0.000619628
1	3777	2.25751	2.18652	0.000619749
1	3778	2.2498	2.18653	0.000619811
1	3779	2.24538	2.18655	0.000619843
1	3780	2.25928	2.18657	0.000619977
1	3781	2.26579	2.18659	0.000620167
1	3782	2.26645	2.18661	0.000620363
1	3783	2.27039	2.18663	0.000620594
1	3784	2.26613	2.18665	0.000620785
1	3785	2.23814	2.18667	0.00062077
1	3786	2.21446	2.18667	0.00062065
1	3787	2.23415	2.18669	0.000620613
1	3788	2.2494	2.1867	0.00062067
1	3789	2.24853	2.18672	0.00062072
1	3790	2.25063	2.18674	0.000620785
1	3791	2.25888	2.18676	0.000620913
1	3792	2.25737	2.18677	0.000621029
1	3793	2.24558	2.18679	0.000621059
1	3794	2.2417	2.1868	0.000621063
1	3795	2.24402	2.18682	0.000621083
1	3796	2.23358	2.18683	0.000621041
1	3797	2.22216	2.18684	0.000620947
1	3798	2.22318	2.18685	0.000620858
1	3799	2.20842	2.18686	0.00062072
1	3800	2.1961	2.18686	0.000620562
1	3801	2.20505	2.18686	0.000620417
1	3802	2.22876	2.18687	0.000620351
1	3803	2.24162	2.18689	0.000620355
1	3804	2.24072	2.1869	0.000620354
1	3805	2.23201	2.18691	0.000620304
1	3806	2.20728	2.18692	0.000620164
1	3807	2.18586	2.18692	0.000620001
1	3808	2.20661	2.18693	0.00061986
1	3809	2.20781	2.18693	0.000619721
1	3810	2.16126	2.18692	0.000619595
1	3811	2.16709	2.18692	0.000619455
1	3812	2.22828	2.18693	0.000619387
1	3813	2.24066	2.18694	0.000619385
1	3814	2.23791	2.18696	0.000619367
1	3815	2.23025	2.18697	0.000619308
1	3816	2.21988	2.18698	0.000619206
1	3817	2.21737	2.18698	0.000619095
1	3818	2.21779	2.18699	0.000618986
1	3819	2.21413	2.187	0.000618864
1	3820	2.21787	2.18701	0.000618755
1	3821	2.22233	2.18702	0.000618662
1	3822	2.22031	2.18703	0.000618562
1	3823	2.21338	2.18703	0.000618438
1	3824	2.21069	2.18704	0.000618307
1	3825	2.19797	2.18704	0.000618152
1	3826	2.19083	2.18704	0.000617992
1	3827	2.2114	2.18705	0.000617863
1	3828	2.22453	2.18706	0.000617779
1	3829	2.23064	2.18707	0.000617723
1	3830	2.23271	2.18708	0.000617676
1	3831	2.23219	2.18709	0.000617627
1	3832	2.23146	2.18711	0.000617574
1	3833	2.22664	2.18712	0.000617499
1	3834	2.21879	2.18712	0.000617394
1	3835	2.21679	2.18713	0.000617281
1	3836	2.20974	2.18714	0.000617148
1	3837	2.19561	2.18714	0.000616991
1	3838	2.17212	2.18714	0.000616843
1	3839	2.15809	2.18713	0.000616729
1	3840	2.17113	2.18712	0.000616582
1	3841	2.19961	2.18713	0.00061643
1	3842	2.21489	2.18714	0.000616312
1	3843	2.2194	2.18714	0.000616209
1	3844	2.2188	2.18715	0.000616104
1	3845	2.21429	2.18716	0.000615984
1	3846	2.20742	2.18716	0.000615846
1	3847	2.20085	2.18717	0.000615697
1	3848	2.19833	2.18717	0.000615543
1	3849	2.20176	2.18717	0.000615395
1	3850	2.20532	2.18718	0.000615253
1	3851	2.20216	2.18718	0.000615106
1	3852	2.20235	2.18719	0.000614959
1	3853	2.20315	2.18719	0.000614813
1	3854	2.19896	2.18719	0.000614661
1	3855	2.20081	2.1872	0.000614512
1	3856	2.20677	2.1872	0.000614373
1	3857	2.20917	2.18721	0.000614241
1	3858	2.19645	2.18721	0.000614086
1	3859	2.182	2.18721	0.000613928
1	3860	2.20584	2.18721	0.000613788
1	3861	2.22363	2.18722	0.000613702
1	3862	2.2209	2.18723	0.000613605
1	3863	2.21003	2.18724	0.000613474
1	3864	2.21303	2.18725	0.000613352
1	3865	2.22197	2.18725	0.000613259
1	3866	2.22035	2.18726	0.00061316
1	3867	2.20372	2.18727	0.000613016
1	3868	2.1788	2.18726	0.000612862
1	3869	2.17982	2.18726	0.000612706
1	3870	2.19643	2.18727	0.000612553
1	3871	2.20429	2.18727	0.00061241
1	3872	2.21392	2.18728	0.000612291
1	3873	2.21932	2.18728	0.000612189
1	3874	2.21177	2.18729	0.000612063
1	3875	2.18888	2.18729	0.000611905
1	3876	2.17524	2.18729	0.000611755
1	3877	2.18857	2.18729	0.000611598
1	3878	2.2146	2.1873	0.000611481
1	3879	2.22715	2.18731	0.000611409
1	3880	2.21662	2.18731	0.000611298
1	3881	2.20032	2.18732	0.00061115
1	3882	2.20106	2.18732	0.000611003
1	3883	2.20716	2.18733	0.000610867
1	3884	2.1975	2.18733	0.000610715
1	3885	2.1818	2.18733	0.00061056
1	3886	2.18088	2.18732	0.000610405
1	3887	2.20027	2.18733	0.000610257
1	3888	2.21434	2.18734	0.000610139
1	3889	2.21337	2.18734	0.000610019
1	3890	2.19162	2.18734	0.000609863
1	3891	2.18129	2.18734	0.000609709
1	3892	2.19263	2.18734	0.000609553
1	3893	2.18773	2.18734	0.000609397
1	3894	2.19805	2.18735	0.000609247
1	3895	2.21157	2.18735	0.000609122
1	3896	2.19725	2.18735	0.000608971
1	3897	2.18348	2.18735	0.000608815
1	3898	2.20943	2.18736	0.000608686
1	3899	2.23152	2.18737	0.000608635
1	3900	2.23354	2.18738	0.000608594
1	3901	2.22705	2.18739	0.000608523
1	3902	2.21979	2.1874	0.000608424
1	3903	2.21527	2.18741	0.00060831
1	3904	2.21099	2.18741	0.000608184
1	3905	2.20041	2.18742	0.000608037
1	3906	2.16622	2.18741	0.000607906
1	3907	2.12755	2.1874	0.000607943
1	3908	2.15959	2.18739	0.000607829
1	3909	2.2184	2.1874	0.000607725
1	3910	2.24023	2.18741	0.00060772
1	3911	2.23085	2.18742	0.000607666
1	3912	2.20385	2.18743	0.000607525
1	3913	2.19543	2.18743	0.000607374
1	3914	2.20929	2.18743	0.000607244
1	3915	2.21528	2.18744	0.000607131
1	3916	2.21699	2.18745	0.000607023
1	3917	2.22138	2.18746	0.000606929
1	3918	2.22575	2.18747	0.000606853
1	3919	2.21667	2.18747	0.000606744
1	3920	2.19105	2.18748	0.00060659
1	3921	2.17865	2.18747	0.00060644
1	3922	2.19708	2.18748	0.00060629
1	3923	2.22052	2.18748	0.000606194
1	3924	2.23689	2.1875	0.00060617
1	3925	2.24521	2.18751	0.000606194
1	3926	2.24123	2.18752	0.000606194
1	3927	2.22586	2.18753	0.000606118
1	3928	2.21729	2.18754	0.000606011
1	3929	2.21875	2.18755	0.000605909
1	3930	2.21095	2.18756	0.000605784
1	3931	2.20194	2.18756	0.000605641
1	3932	2.21812	2.18757	0.000605537
1	3933	2.23637	2.18758	0.00060551
1	3934	2.23155	2.18759	0.000605459
1	3935	2.22464	2.1876	0.000605379
1	3936	2.23647	2.18761	0.000605352
1	3937	2.25227	2.18763	0.000605421
1	3938	2.25353	2.18765	0.000605499
1	3939	2.24364	2.18766	0.000605512
1	3940	2.22792	2.18767	0.000605444
1	3941	2.21376	2.18768	0.000605327
1	3942	2.21063	2.18768	0.000605201
1	3943	2.22048	2.18769	0.000605105
1	3944	2.23134	2.1877	0.000605053
1	3945	2.23796	2.18772	0.000605033
1	3946	2.23916	2.18773	0.000605021
1	3947	2.19808	2.18773	0.000604873
1	3948	2.17756	2.18773	0.000604725
1	3949	2.22492	2.18774	0.000604645
1	3950	2.22915	2.18775	0.000604583
1	3951	2.21026	2.18775	0.000604457
1	3952	2.21463	2.18776	0.000604342
1	3953	2.21668	2.18777	0.000604234
1	3954	2.19578	2.18777	0.000604084
1	3955	2.14045	2.18776	0.00060405
1	3956	2.19379	2.18776	0.000603899
1	3957	2.23893	2.18777	0.000603885
1	3958	2.24503	2.18779	0.000603906
1	3959	2.24641	2.1878	0.000603935
1	3960	2.2434	2.18782	0.000603945
1	3961	2.22553	2.18783	0.000603868
1	3962	2.18092	2.18782	0.000603718
1	3963	2.15351	2.18781	0.000603628
1	3964	2.1934	2.18782	0.000603477
1	3965	2.22506	2.18783	0.000603398
1	3966	2.23508	2.18784	0.000603364
1	3967	2.23336	2.18785	0.000603321
1	3968	2.22368	2.18786	0.000603236
1	3969	2.21198	2.18786	0.000603115
1	3970	2.20617	2.18787	0.00060298
1	3971	2.20079	2.18787	0.000602837
1	3972	2.18527	2.18787	0.000602686
1	3973	2.15795	2.18786	0.000602581
1	3974	2.15714	2.18786	0.000602479
1	3975	2.16373	2.18785	0.000602358
1	3976	2.18849	2.18785	0.000602207
1	3977	2.21339	2.18786	0.00060209
1	3978	2.22126	2.18787	0.000601997
1	3979	2.21594	2.18787	0.000601887
1	3980	2.19098	2.18787	0.000601736
1	3981	2.16561	2.18787	0.000601611
1	3982	2.17971	2.18787	0.000601463
1	3983	2.19887	2.18787	0.000601319
1	3984	2.2114	2.18787	0.000601197
1	3985	2.21847	2.18788	0.000601095
1	3986	2.20609	2.18789	0.000600962
1	3987	2.1826	2.18788	0.000600812
1	3988	2.18528	2.18788	0.000600662
1	3989	2.19569	2.18789	0.000600515
1	3990	2.19975	2.18789	0.000600371
1	3991	2.19689	2.18789	0.000600225
1	3992	2.19152	2.18789	0.000600076
1	3993	2.18993	2.18789	0.000599926
1	3994	2.1948	2.18789	0.000599778
1	3995	2.20079	2.1879	0.000599636
1	3996	2.20323	2.1879	0.000599499
1	3997	2.20089	2.1879	0.000599357
1	3998	2.1963	2.18791	0.000599211
1	3999	2.19468	2.18791	0.000599064
1	4000	2.19429	2.18791	0.000598916
1	4001	2.19087	2.18791	0.000598767
1	4002	2.1847	2.18791	0.000598618
1	4003	2.17474	2.18791	0.000598477
1	4004	2.15595	2.1879	0.000598381
1	4005	2.16286	2.18789	0.000598264
1	4006	2.19818	2.1879	0.00059812
1	4007	2.21907	2.1879	0.000598022
1	4008	2.22313	2.18791	0.000597937
1	4009	2.2158	2.18792	0.000597828
1	4010	2.20738	2.18792	0.000597699
1	4011	2.19851	2.18793	0.000597556
1	4012	2.18256	2.18792	0.000597408
1	4013	2.19186	2.18793	0.00059726
1	4014	2.20518	2.18793	0.000597127
1	4015	2.20589	2.18793	0.000596995
1	4016	2.19792	2.18794	0.000596852
1	4017	2.1249	2.18792	0.000596909
1	4018	2.17291	2.18792	0.000596772
1	4019	2.18892	2.18792	0.000596624
1	4020	2.20126	2.18792	0.000596485
1	4021	2.20452	2.18793	0.000596351
1	4022	2.16872	2.18792	0.000596222
1	4023	2.18599	2.18792	0.000596074
1	4024	2.20061	2.18792	0.000595934
1	4025	2.18719	2.18792	0.000595786
1	4026	2.18242	2.18792	0.000595639
1	4027	2.19174	2.18792	0.000595492
1	4028	2.20916	2.18793	0.000595368
1	4029	2.21849	2.18794	0.000595268
1	4030	2.22184	2.18794	0.00059518
1	4031	2.22022	2.18795	0.000595086
1	4032	2.21125	2.18796	0.000594967
1	4033	2.20007	2.18796	0.000594827
1	4034	2.19986	2.18796	0.000594687
1	4035	2.2043	2.18797	0.000594553
1	4036	2.2065	2.18797	0.000594423
1	4037	2.21032	2.18798	0.000594302
1	4038	2.21606	2.18798	0.000594195
1	4039	2.21671	2.18799	0.000594091
1	4040	2.19498	2.18799	0.000593946
1	4041	2.15186	2.18798	0.000593867
1	4042	2.16707	2.18798	0.000593742
1	4043	2.20366	2.18798	0.000593608
1	4044	2.16728	2.18798	0.000593483
1	4045	2.1782	2.18798	0.000593342
1	4046	2.18726	2.18798	0.000593195
1	4047	2.18138	2.18797	0.000593051
1	4048	2.19885	2.18798	0.00059291
1	4049	2.20576	2.18798	0.00059278
1	4050	2.19905	2.18798	0.00059264
1	4051	2.20087	2.18799	0.000592502
1	4052	2.21307	2.18799	0.000592388
1	4053	2.21963	2.188	0.000592294
1	4054	2.22064	2.18801	0.000592202
1	4055	2.22054	2.18802	0.00059211
1	4056	2.21955	2.18802	0.000592015
1	4057	2.21457	2.18803	0.000591906
1	4058	2.20835	2.18804	0.000591781
1	4059	2.20794	2.18804	0.000591656
1	4060	2.20451	2.18805	0.000591524
1	4061	2.19901	2.18805	0.000591384
1	4062	2.20242	2.18805	0.000591249
1	4063	2.20056	2.18805	0.000591112
1	4064	2.19697	2.18806	0.00059097
1	4065	2.21317	2.18806	0.000590857
1	4066	2.22925	2.18807	0.000590799
1	4067	2.24065	2.18809	0.000590795
1	4068	2.24781	2.1881	0.000590832
1	4069	2.24438	2.18811	0.000590849
1	4070	2.22291	2.18812	0.000590765
1	4071	2.17998	2.18812	0.000590624
1	4072	2.18812	2.18812	0.000590479
1	4073	2.21548	2.18813	0.000590372
1	4074	2.2201	2.18814	0.000590279
1	4075	2.21771	2.18814	0.000590179
1	4076	2.21833	2.18815	0.000590081
1	4077	2.21909	2.18816	0.000589985
1	4078	2.21214	2.18816	0.000589869
1	4079	2.19735	2.18817	0.000589729
1	4080	2.18991	2.18817	0.000589585
1	4081	2.1887	2.18817	0.00058944
1	4082	2.19063	2.18817	0.000589296
1	4083	2.19227	2.18817	0.000589153
1	4084	2.19257	2.18817	0.000589009
1	4085	2.19181	2.18817	0.000588866
1	4086	2.18953	2.18817	0.000588722
1	4087	2.18874	2.18817	0.000588578
1	4088	2.1898	2.18817	0.000588434
1	4089	2.19004	2.18817	0.00058829
1	4090	2.18874	2.18817	0.000588146
1	4091	2.18451	2.18817	0.000588003
1	4092	2.17016	2.18817	0.000587876
1	4093	2.14354	2.18816	0.000587834
1	4094	2.13546	2.18814	0.000587831
1	4095	2.15301	2.18813	0.00058775
1	4096	2.17285	2.18813	0.000587618
1	4097	2.16875	2.18813	0.000587494
1	4098	2.15289	2.18812	0.000587413
1	4099	2.15767	2.18811	0.000587317
1	4100	2.1692	2.1881	0.000587192
1	4101	2.17839	2.1881	0.000587054
1	4102	2.18232	2.1881	0.000586912
1	4103	2.18218	2.1881	0.000586771
1	4104	2.17952	2.1881	0.000586632
1	4105	2.17528	2.18809	0.000586497
1	4106	2.17033	2.18809	0.00058637
1	4107	2.16694	2.18809	0.00058625
1	4108	2.16575	2.18808	0.000586132
1	4109	2.15847	2.18807	0.000586034
1	4110	2.14287	2.18806	0.000585995
1	4111	2.14247	2.18805	0.000585957
1	4112	2.15749	2.18804	0.000585862
1	4113	2.16824	2.18804	0.000585739
1	4114	2.1688	2.18803	0.000585615
1	4115	2.16557	2.18803	0.000585499
1	4116	2.16125	2.18802	0.000585392
1	4117	2.1518	2.18801	0.000585316
1	4118	2.14905	2.188	0.000585251
1	4119	2.15658	2.188	0.000585158
1	4120	2.15993	2.18799	0.000585056
1	4121	2.15816	2.18798	0.000584959
1	4122	2.15341	2.18797	0.000584877
1	4123	2.14055	2.18796	0.000584848
1	4124	2.12104	2.18795	0.000584931
1	4125	2.12934	2.18793	0.000584962
1	4126	2.14476	2.18792	0.000584914
1	4127	2.13454	2.18791	0.000584915
1	4128	2.08871	2.18788	0.000585267
1	4129	2.12706	2.18787	0.00058531
1	4130	2.16421	2.18786	0.000585197
1	4131	2.17224	2.18786	0.000585067
1	4132	2.17439	2.18786	0.000584935
1	4133	2.16917	2.18785	0.000584811
1	4134	2.15266	2.18784	0.000584731
1	4135	2.13743	2.18783	0.000584717
1	4136	2.12534	2.18782	0.000584771
1	4137	2.13075	2.1878	0.000584792
1	4138	2.16731	2.1878	0.000584672
1	4139	2.17566	2.18779	0.000584538
1	4140	2.18125	2.18779	0.000584399
1	4141	2.19438	2.18779	0.00058426
1	4142	2.20579	2.1878	0.000584135
1	4143	2.21506	2.18781	0.000584031
1	4144	2.22097	2.18781	0.000583945
1	4145	2.21283	2.18782	0.000583835
1	4146	2.17707	2.18782	0.0005837
1	4147	2.13933	2.1878	0.000583676
1	4148	2.16147	2.1878	0.00058357
1	4149	2.20609	2.1878	0.000583446
1	4150	2.20627	2.18781	0.000583323
1	4151	2.19424	2.18781	0.000583184
1	4152	2.19264	2.18781	0.000583045
1	4153	2.20448	2.18781	0.000582918
1	4154	2.21635	2.18782	0.000582818
1	4155	2.2079	2.18783	0.000582698
1	4156	2.17378	2.18782	0.000582568
1	4157	2.13743	2.18781	0.000582554
1	4158	2.16162	2.1878	0.000582448
1	4159	2.19828	2.18781	0.000582313
1	4160	2.21408	2.18781	0.000582207
1	4161	2.22309	2.18782	0.000582129
1	4162	2.22767	2.18783	0.000582068
1	4163	2.22547	2.18784	0.000581998
1	4164	2.2121	2.18785	0.000581888
1	4165	2.18984	2.18785	0.000581748
1	4166	2.1781	2.18784	0.000581613
1	4167	2.19625	2.18785	0.000581477
1	4168	2.22703	2.18786	0.000581414
1	4169	2.24274	2.18787	0.000581423
1	4170	2.22567	2.18788	0.000581355
1	4171	2.16823	2.18787	0.000581234
1	4172	2.16263	2.18787	0.000581126
1	4173	2.22138	2.18787	0.000581043
1	4174	2.25892	2.18789	0.000581153
1	4175	2.25246	2.18791	0.000581219
1	4176	2.23717	2.18792	0.0005812
1	4177	2.23765	2.18793	0.000581183
1	4178	2.23302	2.18794	0.000581144
1	4179	2.21426	2.18795	0.000581039
1	4180	2.20614	2.18795	0.000580916
1	4181	2.22129	2.18796	0.000580832
1	4182	2.23298	2.18797	0.000580793
1	4183	2.2368	2.18798	0.000580771
1	4184	2.2383	2.18799	0.000580757
1	4185	2.23522	2.18801	0.000580728
1	4186	2.22565	2.18802	0.000580659
1	4187	2.21602	2.18802	0.000580558
1	4188	2.21788	2.18803	0.000580464
1	4189	2.21745	2.18804	0.000580368
1	4190	2.18565	2.18804	0.000580229
1	4191	2.17022	2.18803	0.000580106
1	4192	2.18408	2.18803	0.000579969
1	4193	2.18118	2.18803	0.000579833
1	4194	2.18174	2.18803	0.000579696
1	4195	2.18946	2.18803	0.000579558
1	4196	2.19795	2.18803	0.000579425
1	4197	2.20563	2.18803	0.000579302
1	4198	2.21054	2.18804	0.000579189
1	4199	2.21266	2.18805	0.000579081
1	4200	2.21239	2.18805	0.000578972
1	4201	2.20781	2.18806	0.000578853
1	4202	2.19599	2.18806	0.000578718
1	4203	2.18238	2.18806	0.000578582
1	4204	2.1852	2.18806	0.000578445
1	4205	2.20492	2.18806	0.000578321
1	4206	2.21929	2.18807	0.000578232
1	4207	2.21661	2.18807	0.000578134
1	4208	2.20096	2.18808	0.000578005
1	4209	2.18823	2.18808	0.000577867
1	4210	2.19539	2.18808	0.000577733
1	4211	2.19452	2.18808	0.000577598
1	4212	2.1651	2.18807	0.000577486
1	4213	2.17736	2.18807	0.000577355
1	4214	2.19637	2.18807	0.000577221
1	4215	2.20172	2.18808	0.000577093
1	4216	2.20297	2.18808	0.000576967
1	4217	2.20007	2.18808	0.000576837
1	4218	2.19561	2.18809	0.000576703
1	4219	2.19228	2.18809	0.000576568
1	4220	2.19119	2.18809	0.000576431
1	4221	2.19107	2.18809	0.000576295
1	4222	2.19053	2.18809	0.000576159
1	4223	2.18917	2.18809	0.000576023
1	4224	2.17624	2.18809	0.000575893
1	4225	2.15947	2.18808	0.000575797
1	4226	2.17117	2.18808	0.000575674
1	4227	2.1958	2.18808	0.000575541
1	4228	2.20916	2.18808	0.000575427
1	4229	2.20475	2.18809	0.000575304
1	4230	2.17232	2.18808	0.00057518
1	4231	2.16649	2.18808	0.000575067
1	4232	2.18847	2.18808	0.000574931
1	4233	2.20227	2.18808	0.000574805
1	4234	2.2082	2.18809	0.000574689
1	4235	2.20635	2.18809	0.000574569
1	4236	2.20963	2.18809	0.000574456
1	4237	2.2034	2.1881	0.000574332
1	4238	2.20343	2.1881	0.000574208
1	4239	2.21441	2.18811	0.000574106
1	4240	2.21178	2.18811	0.000573997
1	4241	2.19817	2.18812	0.000573867
1	4242	2.18902	2.18812	0.000573732
1	4243	2.18345	2.18812	0.000573598
1	4244	2.18598	2.18811	0.000573463
1	4245	2.19347	2.18812	0.000573329
1	4246	2.21122	2.18812	0.00057322
1	4247	2.2299	2.18813	0.000573169
1	4248	2.23596	2.18814	0.000573145
1	4249	2.22672	2.18815	0.000573082
1	4250	2.18824	2.18815	0.000572947
1	4251	2.11309	2.18813	0.000573084
1	4252	2.14068	2.18812	0.000573058
1	4253	2.19671	2.18812	0.000572927
1	4254	2.21181	2.18813	0.000572819
1	4255	2.21638	2.18814	0.000572723
1	4256	2.20895	2.18814	0.00057261
1	4257	2.19357	2.18814	0.000572476
1	4258	2.1897	2.18814	0.000572342
1	4259	2.19034	2.18814	0.000572208
1	4260	2.17004	2.18814	0.000572089
1	4261	2.16462	2.18813	0.000571982
1	4262	2.18762	2.18813	0.000571848
1	4263	2.20055	2.18814	0.000571721
1	4264	2.1823	2.18814	0.000571588
1	4265	2.15599	2.18813	0.000571504
1	4266	2.18059	2.18813	0.000571373
1	4267	2.20938	2.18813	0.000571261
1	4268	2.21508	2.18814	0.000571162
1	4269	2.21119	2.18814	0.000571053
1	4270	2.201	2.18815	0.000570928
1	4271	2.17963	2.18814	0.000570797
1	4272	2.16333	2.18814	0.000570693
1	4273	2.16657	2.18813	0.000570582
1	4274	2.16339	2.18813	0.000570478
1	4275	2.16267	2.18812	0.000570376
1	4276	2.14781	2.18811	0.00057032
1	4277	2.13306	2.1881	0.000570332
1	4278	2.16592	2.18809	0.000570222
1	4279	2.17817	2.18809	0.000570094
1	4280	2.17413	2.18809	0.00056997
1	4281	2.17598	2.18809	0.000569844
1	4282	2.18148	2.18808	0.000569713
1	4283	2.18147	2.18808	0.000569582
1	4284	2.17343	2.18808	0.000569459
1	4285	2.15897	2.18807	0.000569367
1	4286	2.14742	2.18806	0.000569313
1	4287	2.14611	2.18805	0.000569264
1	4288	2.14654	2.18804	0.000569214
1	4289	2.14597	2.18803	0.000569166
1	4290	2.14747	2.18802	0.000569112
1	4291	2.14505	2.18801	0.000569067
1	4292	2.1403	2.188	0.000569043
1	4293	2.14288	2.18799	0.000569008
1	4294	2.14775	2.18798	0.000568952
1	4295	2.14855	2.18797	0.000568894
1	4296	2.14755	2.18796	0.000568839
1	4297	2.14914	2.18796	0.000568779
1	4298	2.15514	2.18795	0.000568697
1	4299	2.16218	2.18794	0.000568597
1	4300	2.15736	2.18793	0.000568509
1	4301	2.13035	2.18792	0.000568534
1	4302	2.1264	2.18791	0.000568582
1	4303	2.14265	2.1879	0.000568547
1	4304	2.15835	2.18789	0.000568457
1	4305	2.15278	2.18788	0.000568383
1	4306	2.14082	2.18787	0.000568356
1	4307	2.14569	2.18786	0.000568309
1	4308	2.15684	2.18785	0.000568222
1	4309	2.16432	2.18785	0.000568117
1	4310	2.16885	2.18784	0.000568002
1	4311	2.17915	2.18784	0.000567874
1	4312	2.1893	2.18784	0.000567742
1	4313	2.19591	2.18784	0.000567614
1	4314	2.20157	2.18785	0.000567491
1	4315	2.20329	2.18785	0.000567371
1	4316	2.18635	2.18785	0.000567239
1	4317	2.13464	2.18784	0.000567242
1	4318	2.12395	2.18782	0.000567303
1	4319	2.17138	2.18782	0.000567185
1	4320	2.19725	2.18782	0.000567058
1	4321	2.19345	2.18782	0.000566928
1	4322	2.17535	2.18782	0.000566804
1	4323	2.15977	2.18781	0.00056671
1	4324	2.15691	2.18781	0.000566624
1	4325	2.14915	2.1878	0.000566564
1	4326	2.15732	2.18779	0.000566477
1	4327	2.18483	2.18779	0.000566346
1	4328	2.19542	2.18779	0.000566218
1	4329	2.19419	2.18779	0.000566089
1	4330	2.18397	2.18779	0.000565959
1	4331	2.16863	2.18779	0.000565846
1	4332	2.17077	2.18778	0.000565729
1	4333	2.18207	2.18778	0.0005656
1	4334	2.17301	2.18778	0.000565479
1	4335	2.16512	2.18777	0.000565373
1	4336	2.17024	2.18777	0.000565257
1	4337	2.16443	2.18776	0.000565152
1	4338	2.14608	2.18775	0.000565104
1	4339	2.13486	2.18774	0.000565105
1	4340	2.14074	2.18773	0.000565079
1	4341	2.15643	2.18772	0.000564994
1	4342	2.15887	2.18772	0.000564903
1	4343	2.16376	2.18771	0.0005648
1	4344	2.17707	2.18771	0.000564676
1	4345	2.18522	2.18771	0.000564546
1	4346	2.18279	2.18771	0.000564417
1	4347	2.17407	2.18771	0.000564296
1	4348	2.17036	2.1877	0.00056418
1	4349	2.17545	2.1877	0.000564058
1	4350	2.1817	2.1877	0.00056393
1	4351	2.18287	2.1877	0.000563801
1	4352	2.1697	2.18769	0.000563687
1	4353	2.14145	2.18768	0.000563657
1	4354	2.14452	2.18767	0.000563615
1	4355	2.18012	2.18767	0.000563488
1	4356	2.20353	2.18767	0.000563371
1	4357	2.21026	2.18768	0.000563265
1	4358	2.20235	2.18768	0.000563146
1	4359	2.18349	2.18768	0.000563018
1	4360	2.17551	2.18768	0.000562895
1	4361	2.1973	2.18768	0.000562771
1	4362	2.22251	2.18769	0.000562698
1	4363	2.23179	2.1877	0.00056266
1	4364	2.23086	2.18771	0.000562618
1	4365	2.22228	2.18772	0.000562545
1	4366	2.20208	2.18772	0.000562426
1	4367	2.17638	2.18772	0.000562303
1	4368	2.19041	2.18772	0.000562175
1	4369	2.20279	2.18772	0.000562057
1	4370	2.20732	2.18773	0.000561946
1	4371	2.21541	2.18773	0.000561853
1	4372	2.22416	2.18774	0.000561786
1	4373	2.23234	2.18775	0.00056175
1	4374	2.23725	2.18776	0.000561736
1	4375	2.23665	2.18777	0.000561719
1	4376	2.23016	2.18778	0.000561674
1	4377	2.22227	2.18779	0.000561601
1	4378	2.21862	2.1878	0.000561517
1	4379	2.21673	2.1878	0.000561427
1	4380	2.22004	2.18781	0.000561347
1	4381	2.22742	2.18782	0.000561292
1	4382	2.24229	2.18783	0.000561301
1	4383	2.2488	2.18785	0.000561346
1	4384	2.24115	2.18786	0.000561349
1	4385	2.22656	2.18787	0.000561291
1	4386	2.21117	2.18787	0.000561188
1	4387	2.20761	2.18788	0.000561078
1	4388	2.21867	2.18788	0.000560994
1	4389	2.23263	2.18789	0.000560959
1	4390	2.23761	2.18791	0.000560945
1	4391	2.22502	2.18791	0.000560881
1	4392	2.20158	2.18792	0.000560762
1	4393	2.19255	2.18792	0.000560636
1	4394	2.20488	2.18792	0.000560521
1	4395	2.21885	2.18793	0.000560438
1	4396	2.21424	2.18794	0.000560342
1	4397	2.18703	2.18794	0.000560215
1	4398	2.16013	2.18793	0.000560123
1	4399	2.1344	2.18792	0.000560128
1	4400	2.12577	2.1879	0.000560179
1	4401	2.15897	2.1879	0.00056009
1	4402	2.18963	2.1879	0.000559963
1	4403	2.20049	2.1879	0.000559843
1	4404	2.19931	2.1879	0.000559722
1	4405	2.19482	2.1879	0.000559597
1	4406	2.18964	2.1879	0.00055947
1	4407	2.18372	2.1879	0.000559344
1	4408	2.17723	2.1879	0.000559223
1	4409	2.17039	2.1879	0.00055911
1	4410	2.1554	2.18789	0.000559032
1	4411	2.13316	2.18788	0.000559042
1	4412	2.14462	2.18787	0.000559002
1	4413	2.17598	2.18786	0.000558882
1	4414	2.18747	2.18786	0.000558755
1	4415	2.18346	2.18786	0.000558629
1	4416	2.17723	2.18786	0.000558508
1	4417	2.1765	2.18786	0.000558387
1	4418	2.18012	2.18786	0.000558264
1	4419	2.1834	2.18786	0.000558138
1	4420	2.18518	2.18785	0.000558012
1	4421	2.18618	2.18785	0.000557886
1	4422	2.18361	2.18785	0.000557761
1	4423	2.17362	2.18785	0.000557644
1	4424	2.17016	2.18785	0.000557532
1	4425	2.18133	2.18784	0.000557408
1	4426	2.19026	2.18785	0.000557283
1	4427	2.19309	2.18785	0.000557158
1	4428	2.17932	2.18784	0.000557036
1	4429	2.17687	2.18784	0.000556915
1	4430	2.18823	2.18784	0.00055679
1	4431	2.19951	2.18784	0.00055667
1	4432	2.20228	2.18785	0.000556554
1	4433	2.20875	2.18785	0.000556449
1	4434	2.21745	2.18786	0.000556363
1	4435	2.22584	2.18787	0.000556304
1	4436	2.2211	2.18788	0.000556229
1	4437	2.19788	2.18788	0.000556108
1	4438	2.19174	2.18788	0.000555983
1	4439	2.21002	2.18788	0.00055588
1	4440	2.21452	2.18789	0.000555787
1	4441	2.20202	2.18789	0.000555671
1	4442	2.20202	2.1879	0.000555555
1	4443	2.22452	2.1879	0.000555492
1	4444	2.24111	2.18792	0.000555496
1	4445	2.24256	2.18793	0.000555507
1	4446	2.23316	2.18794	0.000555475
1	4447	2.22934	2.18795	0.000555428
1	4448	2.2373	2.18796	0.000555414
1	4449	2.23074	2.18797	0.000555372
1	4450	2.21072	2.18797	0.000555271
1	4451	2.2124	2.18798	0.000555173
1	4452	2.21777	2.18799	0.000555089
1	4453	2.17993	2.18798	0.000554967
1	4454	2.13315	2.18797	0.000554979
1	4455	2.19711	2.18797	0.000554858
1	4456	2.23883	2.18799	0.000554851
1	4457	2.24113	2.188	0.000554855
1	4458	2.231	2.18801	0.000554814
1	4459	2.21624	2.18801	0.000554726
1	4460	2.20118	2.18802	0.000554609
1	4461	2.18986	2.18802	0.000554485
1	4462	2.19668	2.18802	0.000554364
1	4463	2.2163	2.18802	0.000554276
1	4464	2.22799	2.18803	0.000554225
1	4465	2.22429	2.18804	0.00055416
1	4466	2.19379	2.18804	0.000554037
1	4467	2.15748	2.18804	0.000553955
1	4468	2.19591	2.18804	0.000553834
1	4469	2.23517	2.18805	0.000553811
1	4470	2.23756	2.18806	0.000553798
1	4471	2.20959	2.18806	0.000553695
1	4472	2.19305	2.18807	0.000553572
1	4473	2.22381	2.18807	0.000553506
1	4474	2.23595	2.18808	0.000553486
1	4475	2.21782	2.18809	0.000553402
1	4476	2.18323	2.18809	0.000553279
1	4477	2.15984	2.18808	0.000553192
1	4478	2.16848	2.18808	0.000553085
1	4479	2.18226	2.18808	0.000552963
1	4480	2.20857	2.18808	0.000552859
1	4481	2.23242	2.18809	0.000552824
1	4482	2.24467	2.18811	0.000552845
1	4483	2.24818	2.18812	0.000552884
1	4484	2.24809	2.18813	0.000552922
1	4485	2.2456	2.18814	0.000552948
1	4486	2.23974	2.18816	0.000552944
1	4487	2.23052	2.18817	0.000552901
1	4488	2.22422	2.18817	0.000552836
1	4489	2.22999	2.18818	0.000552792
1	4490	2.23796	2.18819	0.00055278
1	4491	2.22301	2.1882	0.000552711
1	4492	2.19598	2.1882	0.000552591
1	4493	2.17412	2.1882	0.000552477
1	4494	2.17445	2.1882	0.000552362
1	4495	2.19973	2.1882	0.000552245
1	4496	2.22856	2.18821	0.000552195
1	4497	2.25246	2.18822	0.000552257
1	4498	2.25381	2.18824	0.000552327
1	4499	2.23536	2.18825	0.000552304
1	4500	2.21813	2.18825	0.000552221
1	4501	2.22403	2.18826	0.000552155
1	4502	2.23075	2.18827	0.000552113
1	4503	2.22473	2.18828	0.00055205
1	4504	2.21186	2.18829	0.000551952
1	4505	2.20784	2.18829	0.000551847
1	4506	2.22081	2.1883	0.000551772
1	4507	2.23472	2.18831	0.000551745
1	4508	2.23668	2.18832	0.000551727
1	4509	2.22596	2.18833	0.000551668
1	4510	2.21018	2.18833	0.000551567
1	4511	2.20646	2.18834	0.000551459
1	4512	2.22828	2.18834	0.000551408
1	4513	2.23683	2.18835	0.000551391
1	4514	2.21412	2.18836	0.000551298
1	4515	2.17527	2.18836	0.000551184
1	4516	2.15289	2.18835	0.000551117
1	4517	2.17605	2.18835	0.000551002
1	4518	2.19827	2.18835	0.000550885
1	4519	2.20954	2.18835	0.000550783
1	4520	2.21793	2.18836	0.0005507
1	4521	2.22248	2.18837	0.00055063
1	4522	2.21886	2.18837	0.000550549
1	4523	2.21244	2.18838	0.000550453
1	4524	2.21226	2.18839	0.000550357
1	4525	2.20999	2.18839	0.000550256
1	4526	2.20492	2.18839	0.000550146
1	4527	2.20481	2.1884	0.000550037
1	4528	2.20423	2.1884	0.000549926
1	4529	2.19374	2.1884	0.000549806
1	4530	2.18652	2.1884	0.000549685
1	4531	2.18006	2.1884	0.000549567
1	4532	2.15853	2.18839	0.000549485
1	4533	2.16935	2.18839	0.00054938
1	4534	2.18783	2.18839	0.000549259
1	4535	2.18863	2.18839	0.000549138
1	4536	2.18518	2.18839	0.000549017
1	4537	2.18414	2.18839	0.000548897
1	4538	2.17208	2.18838	0.000548788
1	4539	2.15434	2.18838	0.000548718
1	4540	2.1704	2.18837	0.000548611
1	4541	2.18606	2.18837	0.000548491
1	4542	2.18531	2.18837	0.00054837
1	4543	2.17412	2.18837	0.000548259
1	4544	2.16309	2.18836	0.000548166
1	4545	2.16491	2.18836	0.00054807
1	4546	2.1695	2.18835	0.000547965
1	4547	2.16965	2.18835	0.00054786
1	4548	2.1713	2.18835	0.000547752
1	4549	2.17334	2.18834	0.000547642
1	4550	2.17155	2.18834	0.000547534
1	4551	2.16609	2.18833	0.000547435
1	4552	2.16197	2.18833	0.000547346
1	4553	2.16483	2.18832	0.00054725
1	4554	2.17307	2.18832	0.00054714
1	4555	2.1798	2.18832	0.000547023
1	4556	2.18101	2.18832	0.000546905
1	4557	2.17728	2.18831	0.000546791
1	4558	2.17098	2.18831	0.000546684
1	4559	2.17189	2.18831	0.000546576
1	4560	2.17853	2.1883	0.00054646
1	4561	2.16985	2.1883	0.000546355
1	4562	2.15581	2.18829	0.000546282
1	4563	2.15433	2.18829	0.000546213
1	4564	2.15795	2.18828	0.000546134
1	4565	2.16535	2.18827	0.000546037
1	4566	2.17113	2.18827	0.000545931
1	4567	2.17341	2.18827	0.000545821
1	4568	2.17493	2.18826	0.000545709
1	4569	2.17271	2.18826	0.0005456
1	4570	2.17184	2.18826	0.000545493
1	4571	2.17705	2.18825	0.000545379
1	4572	2.18343	2.18825	0.000545261
1	4573	2.18085	2.18825	0.000545144
1	4574	2.16427	2.18825	0.00054505
1	4575	2.1576	2.18824	0.000544972
1	4576	2.16791	2.18824	0.000544871
1	4577	2.17815	2.18823	0.000544756
1	4578	2.17031	2.18823	0.000544651
1	4579	2.15081	2.18822	0.000544594
1	4580	2.13072	2.18821	0.000544619
1	4581	2.15053	2.1882	0.000544563
1	4582	2.19443	2.1882	0.000544445
1	4583	2.21737	2.18821	0.000544364
1	4584	2.20884	2.18821	0.000544264
1	4585	2.18164	2.18821	0.000544147
1	4586	2.16111	2.1882	0.00054406
1	4587	2.16958	2.1882	0.000543957
1	4588	2.18635	2.1882	0.000543838
1	4589	2.20365	2.1882	0.00054373
1	4590	2.22183	2.18821	0.000543661
1	4591	2.21859	2.18822	0.000543583
1	4592	2.18841	2.18822	0.000543465
1	4593	2.15626	2.18821	0.000543391
1	4594	2.16717	2.18821	0.000543292
1	4595	2.19686	2.18821	0.000543177
1	4596	2.21965	2.18821	0.000543102
1	4597	2.22643	2.18822	0.000543047
1	4598	2.22294	2.18823	0.000542982
1	4599	2.22639	2.18824	0.000542927
1	4600	2.23414	2.18825	0.000542901
1	4601	2.22848	2.18826	0.000542853
1	4602	2.21046	2.18826	0.000542757
1	4603	2.20033	2.18827	0.000542645
1	4604	2.21205	2.18827	0.000542552
1	4605	2.2303	2.18828	0.000542511
1	4606	2.24847	2.18829	0.00054255
1	4607	2.25289	2.18831	0.000542614
1	4608	2.23224	2.18832	0.00054258
1	4609	2.21644	2.18832	0.000542496
1	4610	2.23036	2.18833	0.000542455
1	4611	2.23208	2.18834	0.000542421
1	4612	2.22742	2.18835	0.000542369
1	4613	2.21921	2.18836	0.000542293
1	4614	2.20496	2.18836	0.000542187
1	4615	2.19144	2.18836	0.00054207
1	4616	2.19557	2.18836	0.000541955
1	4617	2.22056	2.18837	0.000541882
1	4618	2.21928	2.18838	0.000541806
1	4619	2.18965	2.18838	0.000541689
1	4620	2.18127	2.18837	0.000541574
1	4621	2.20269	2.18838	0.000541466
1	4622	2.2124	2.18838	0.000541374
1	4623	2.19498	2.18838	0.000541258
1	4624	2.16443	2.18838	0.000541166
1	4625	2.15826	2.18837	0.000541088
1	4626	2.17011	2.18837	0.000540986
1	4627	2.20184	2.18837	0.000540877
1	4628	2.2275	2.18838	0.000540826
1	4629	2.23022	2.18839	0.000540785
1	4630	2.23609	2.1884	0.000540766
1	4631	2.24652	2.18841	0.000540795
1	4632	2.24347	2.18842	0.000540809
1	4633	2.21826	2.18843	0.00054073
1	4634	2.20316	2.18843	0.000540623
1	4635	2.19954	2.18844	0.000540512
1	4636	2.19802	2.18844	0.000540399
1	4637	2.21578	2.18844	0.000540315
1	4638	2.21972	2.18845	0.00054024
1	4639	2.21733	2.18846	0.00054016
1	4640	2.24552	2.18847	0.000540183
1	4641	2.24564	2.18848	0.000540207
1	4642	2.19816	2.18848	0.000540095
1	4643	2.17271	2.18848	0.000539989
1	4644	2.18598	2.18848	0.000539873
1	4645	2.23201	2.18849	0.000539838
1	4646	2.25596	2.1885	0.000539917
1	4647	2.25874	2.18852	0.000540013
1	4648	2.25246	2.18853	0.000540072
1	4649	2.24138	2.18854	0.000540075
1	4650	2.22999	2.18855	0.000540033
1	4651	2.22531	2.18856	0.000539974
1	4652	2.22421	2.18857	0.000539913
1	4653	2.21004	2.18857	0.000539816
1	4654	2.2021	2.18858	0.000539708
1	4655	2.22406	2.18858	0.000539646
1	4656	2.23782	2.18859	0.000539634
1	4657	2.2336	2.1886	0.000539604
1	4658	2.21567	2.18861	0.00053952
1	4659	2.20638	2.18861	0.000539417
1	4660	2.21657	2.18862	0.000539335
1	4661	2.20655	2.18862	0.000539233
1	4662	2.20457	2.18863	0.000539128
1	4663	2.2174	2.18863	0.000539048
1	4664	2.2199	2.18864	0.000538974
1	4665	2.21373	2.18864	0.000538885
1	4666	2.20189	2.18865	0.000538777
1	4667	2.19978	2.18865	0.000538667
1	4668	2.20442	2.18865	0.000538562
1	4669	2.18706	2.18865	0.000538447
1	4670	2.15789	2.18865	0.000538372
1	4671	2.2011	2.18865	0.000538263
1	4672	2.23351	2.18866	0.000538234
1	4673	2.23148	2.18867	0.000538197
1	4674	2.20785	2.18867	0.000538097
1	4675	2.20343	2.18867	0.000537991
1	4676	2.21888	2.18868	0.000537915
1	4677	2.21791	2.18869	0.000537836
1	4678	2.22113	2.18869	0.000537766
1	4679	2.2279	2.1887	0.000537716
1	4680	2.23039	2.18871	0.000537675
1	4681	2.23249	2.18872	0.000537642
1	4682	2.22584	2.18873	0.000537585
1	4683	2.21797	2.18874	0.000537507
1	4684	2.24341	2.18875	0.000537519
1	4685	2.26283	2.18876	0.000537637
1	4686	2.25951	2.18878	0.000537734
1	4687	2.2342	2.18879	0.000537706
1	4688	2.20248	2.18879	0.0005376
1	4689	2.20414	2.18879	0.000537495
1	4690	2.23907	2.1888	0.000537487
1	4691	2.26517	2.18882	0.000537619
1	4692	2.26811	2.18884	0.00053777
1	4693	2.25996	2.18885	0.000537869
1	4694	2.25267	2.18887	0.000537926
1	4695	2.24989	2.18888	0.000537969
1	4696	2.25256	2.18889	0.000538025
1	4697	2.25843	2.18891	0.000538114
1	4698	2.26274	2.18892	0.000538229
1	4699	2.25725	2.18894	0.000538311
1	4700	2.22871	2.18895	0.000538263
1	4701	2.22793	2.18895	0.000538212
1	4702	2.25176	2.18897	0.000538263
1	4703	2.23551	2.18898	0.00053824
1	4704	2.20411	2.18898	0.000538135
1	4705	2.20062	2.18898	0.000538027
1	4706	2.20812	2.18899	0.000537928
1	4707	2.23108	2.189	0.000537888
1	4708	2.24107	2.18901	0.000537887
1	4709	2.22441	2.18902	0.000537825
1	4710	2.23555	2.18903	0.000537802
1	4711	2.24457	2.18904	0.000537817
1	4712	2.24187	2.18905	0.00053782
1	4713	2.23789	2.18906	0.000537805
1	4714	2.23281	2.18907	0.000537771
1	4715	2.22941	2.18908	0.000537725
1	4716	2.22809	2.18908	0.000537675
1	4717	2.22338	2.18909	0.00053761
1	4718	2.22063	2.1891	0.000537538
1	4719	2.22812	2.18911	0.000537488
1	4720	2.2312	2.18912	0.000537448
1	4721	2.22752	2.18912	0.000537395
1	4722	2.22478	2.18913	0.000537335
1	4723	2.2251	2.18914	0.000537275
1	4724	2.2249	2.18915	0.000537214
1	4725	2.21922	2.18915	0.000537138
1	4726	2.20127	2.18916	0.000537031
1	4727	2.18491	2.18915	0.000536918
1	4728	2.19283	2.18916	0.000536805
1	4729	2.21451	2.18916	0.000536718
1	4730	2.22616	2.18917	0.000536662
1	4731	2.21625	2.18917	0.000536579
1	4732	2.204	2.18918	0.000536475
1	4733	2.20927	2.18918	0.000536378
1	4734	2.21323	2.18919	0.000536289
1	4735	2.21559	2.18919	0.000536205
1	4736	2.22135	2.1892	0.000536134
1	4737	2.22445	2.18921	0.000536073
1	4738	2.21876	2.18921	0.000535996
1	4739	2.20314	2.18922	0.000535891
1	4740	2.20449	2.18922	0.000535788
1	4741	2.24585	2.18923	0.000535808
1	4742	2.25832	2.18925	0.000535893
1	4743	2.25149	2.18926	0.00053594
1	4744	2.23561	2.18927	0.000535916
1	4745	2.2203	2.18927	0.000535843
1	4746	2.2177	2.18928	0.000535764
1	4747	2.22428	2.18929	0.000535702
1	4748	2.23538	2.1893	0.000535677
1	4749	2.24527	2.18931	0.000535694
1	4750	2.24771	2.18932	0.000535722
1	4751	2.25387	2.18934	0.000535782
1	4752	2.26721	2.18935	0.000535919
1	4753	2.27375	2.18937	0.000536101
1	4754	2.26298	2.18939	0.000536212
1	4755	2.23425	2.18939	0.000536182
1	4756	2.20993	2.1894	0.000536086
1	4757	2.21793	2.1894	0.000536007
1	4758	2.23437	2.18941	0.000535978
1	4759	2.22937	2.18942	0.000535931
1	4760	2.20482	2.18943	0.000535828
1	4761	2.21882	2.18943	0.000535751
1	4762	2.24883	2.18944	0.000535784
1	4763	2.25775	2.18946	0.000535863
1	4764	2.25682	2.18947	0.000535937
1	4765	2.25275	2.18949	0.000535989
1	4766	2.24097	2.1895	0.000535986
1	4767	2.21812	2.1895	0.000535907
1	4768	2.2127	2.18951	0.000535817
1	4769	2.22293	2.18952	0.00053575
1	4770	2.21458	2.18952	0.000535664
1	4771	2.21251	2.18953	0.000535573
1	4772	2.23228	2.18953	0.000535536
1	4773	2.24737	2.18955	0.000535561
1	4774	2.25356	2.18956	0.000535616
1	4775	2.25539	2.18957	0.000535681
1	4776	2.25161	2.18959	0.000535727
1	4777	2.23954	2.1896	0.000535717
1	4778	2.22076	2.1896	0.000535644
1	4779	2.19819	2.18961	0.000535535
1	4780	2.19246	2.18961	0.000535423
1	4781	2.24281	2.18962	0.000535427
1	4782	2.26856	2.18963	0.00053557
1	4783	2.27046	2.18965	0.000535724
1	4784	2.26273	2.18967	0.00053583
1	4785	2.24102	2.18968	0.000535825
1	4786	2.21584	2.18968	0.000535741
1	4787	2.2242	2.18969	0.000535678
1	4788	2.23064	2.1897	0.000535634
1	4789	2.23155	2.18971	0.000535594
1	4790	2.23425	2.18972	0.000535563
1	4791	2.22478	2.18972	0.000535501
1	4792	2.20241	2.18973	0.000535396
1	4793	2.19534	2.18973	0.000535285
1	4794	2.2026	2.18973	0.00053518
1	4795	2.19888	2.18973	0.000535072
1	4796	2.19616	2.18973	0.000534962
1	4797	2.2037	2.18974	0.000534859
1	4798	2.20551	2.18974	0.000534757
1	4799	2.21006	2.18974	0.000534663
1	4800	2.21298	2.18975	0.000534573
1	4801	2.21027	2.18975	0.000534479
1	4802	2.20992	2.18976	0.000534384
1	4803	2.21603	2.18976	0.000534301
1	4804	2.22265	2.18977	0.000534233
1	4805	2.21778	2.18977	0.000534154
1	4806	2.19223	2.18978	0.000534043
1	4807	2.18467	2.18977	0.000533933
1	4808	2.17439	2.18977	0.000533832
1	4809	2.16121	2.18976	0.000533754
1	4810	2.18978	2.18976	0.000533643
1	4811	2.21796	2.18977	0.000533564
1	4812	2.22279	2.18978	0.000533497
1	4813	2.22062	2.18978	0.000533425
1	4814	2.21993	2.18979	0.000533351
1	4815	2.21553	2.1898	0.000533267
1	4816	2.20387	2.1898	0.000533164
1	4817	2.17346	2.1898	0.000533064
1	4818	2.17934	2.18979	0.000532958
1	4819	2.21823	2.1898	0.00053288
1	4820	2.22484	2.18981	0.000532819
1	4821	2.20052	2.18981	0.000532713
1	4822	2.1744	2.18981	0.000532612
1	4823	2.18611	2.1898	0.000532502
1	4824	2.20304	2.18981	0.000532399
1	4825	2.21686	2.18981	0.000532318
1	4826	2.22247	2.18982	0.000532251
1	4827	2.21904	2.18983	0.000532175
1	4828	2.2117	2.18983	0.000532084
1	4829	2.2076	2.18983	0.000531987
1	4830	2.21339	2.18984	0.000531899
1	4831	2.20905	2.18984	0.000531804
1	4832	2.19163	2.18984	0.000531694
1	4833	2.19927	2.18985	0.000531587
1	4834	2.21329	2.18985	0.0005315
1	4835	2.20393	2.18985	0.000531398
1	4836	2.19134	2.18985	0.000531288
1	4837	2.1984	2.18985	0.000531181
1	4838	2.20493	2.18986	0.00053108
1	4839	2.20118	2.18986	0.000530976
1	4840	2.19683	2.18986	0.000530868
1	4841	2.19881	2.18986	0.000530761
1	4842	2.20256	2.18987	0.000530658
1	4843	2.19815	2.18987	0.000530551
1	4844	2.17333	2.18986	0.000530453
1	4845	2.14077	2.18985	0.00053044
1	4846	2.16071	2.18985	0.000530365
1	4847	2.19167	2.18985	0.000530256
1	4848	2.1883	2.18985	0.000530146
1	4849	2.17018	2.18984	0.000530052
1	4850	2.16605	2.18984	0.000529966
1	4851	2.18622	2.18984	0.000529857
1	4852	2.20227	2.18984	0.000529754
1	4853	2.20362	2.18984	0.000529653
1	4854	2.19858	2.18985	0.000529547
1	4855	2.18157	2.18984	0.00052944
1	4856	2.15316	2.18984	0.000529385
1	4857	2.18113	2.18983	0.000529279
1	4858	2.20258	2.18984	0.000529177
1	4859	2.1947	2.18984	0.000529069
1	4860	2.18224	2.18984	0.000528962
1	4861	2.17972	2.18983	0.000528857
1	4862	2.18611	2.18983	0.000528749
1	4863	2.18643	2.18983	0.000528641
1	4864	2.18119	2.18983	0.000528535
1	4865	2.19018	2.18983	0.000528427
1	4866	2.19842	2.18983	0.000528321
1	4867	2.19478	2.18983	0.000528213
1	4868	2.18111	2.18983	0.000528108
1	4869	2.18092	2.18983	0.000528003
1	4870	2.19488	2.18983	0.000527895
1	4871	2.19791	2.18983	0.000527789
1	4872	2.18368	2.18983	0.000527683
1	4873	2.15739	2.18983	0.000527616
1	4874	2.15257	2.18982	0.000527563
1	4875	2.1694	2.18981	0.000527472
1	4876	2.18195	2.18981	0.000527366
1	4877	2.18544	2.18981	0.000527259
1	4878	2.18398	2.18981	0.000527152
1	4879	2.18302	2.18981	0.000527046
1	4880	2.18446	2.18981	0.000526939
1	4881	2.18444	2.18981	0.000526832
1	4882	2.18207	2.1898	0.000526727
1	4883	2.18002	2.1898	0.000526623
1	4884	2.18027	2.1898	0.000526518
1	4885	2.18237	2.1898	0.000526413
1	4886	2.18243	2.1898	0.000526307
1	4887	2.15239	2.18979	0.000526255
1	4888	2.0819	2.18977	0.00052661
1	4889	2.13813	2.18976	0.000526608
1	4890	2.15731	2.18975	0.000526543
1	4891	2.15648	2.18974	0.000526479
1	4892	2.16606	2.18974	0.000526393
1	4893	2.18172	2.18974	0.000526288
1	4894	2.15433	2.18973	0.000526231
1	4895	2.14104	2.18972	0.000526217
1	4896	2.17424	2.18972	0.000526119
1	4897	2.17742	2.18971	0.000526018
1	4898	2.15032	2.18971	0.000525972
1	4899	2.15337	2.1897	0.000525917
1	4900	2.1818	2.1897	0.000525812
1	4901	2.19744	2.1897	0.000525707
1	4902	2.19577	2.1897	0.000525601
1	4903	2.18074	2.1897	0.000525497
1	4904	2.18005	2.1897	0.000525394
1	4905	2.20112	2.1897	0.000525292
1	4906	2.20824	2.1897	0.000525198
1	4907	2.20285	2.18971	0.000525098
1	4908	2.1886	2.18971	0.000524991
1	4909	2.1788	2.1897	0.000524889
1	4910	2.17526	2.1897	0.00052479
1	4911	2.18604	2.1897	0.000524684
1	4912	2.21182	2.1897	0.000524596
1	4913	2.22207	2.18971	0.000524531
1	4914	2.21121	2.18971	0.000524442
1	4915	2.18893	2.18971	0.000524336
1	4916	2.20209	2.18972	0.000524235
1	4917	2.21322	2.18972	0.00052415
1	4918	2.20864	2.18973	0.000524058
1	4919	2.20277	2.18973	0.000523958
1	4920	2.19906	2.18973	0.000523855
1	4921	2.19788	2.18973	0.000523751
1	4922	2.20047	2.18973	0.000523649
1	4923	2.20113	2.18974	0.000523548
1	4924	2.19679	2.18974	0.000523444
1	4925	2.19767	2.18974	0.00052334
1	4926	2.20549	2.18974	0.000523243
1	4927	2.21131	2.18975	0.000523155
1	4928	2.21259	2.18975	0.00052307
1	4929	2.20973	2.18976	0.000522979
1	4930	2.20072	2.18976	0.000522878
1	4931	2.18444	2.18976	0.000522773
1	4932	2.16936	2.18975	0.000522684
1	4933	2.16539	2.18975	0.000522601
1	4934	2.15969	2.18974	0.000522531
1	4935	2.15463	2.18973	0.000522473
1	4936	2.15717	2.18973	0.000522409
1	4937	2.14222	2.18972	0.000522392
1	4938	2.14928	2.18971	0.00052235
1	4939	2.1789	2.18971	0.000522249
1	4940	2.18498	2.18971	0.000522144
1	4941	2.17796	2.1897	0.000522044
1	4942	2.16917	2.1897	0.000521955
1	4943	2.1604	2.18969	0.000521883
1	4944	2.14772	2.18969	0.000521846
1	4945	2.15231	2.18968	0.000521795
1	4946	2.17569	2.18968	0.000521698
1	4947	2.18669	2.18968	0.000521593
1	4948	2.17822	2.18967	0.000521492
1	4949	2.15943	2.18967	0.000521423
1	4950	2.1577	2.18966	0.000521357
1	4951	2.17721	2.18966	0.000521258
1	4952	2.19	2.18966	0.000521153
1	4953	2.19006	2.18966	0.000521048
1	4954	2.17518	2.18966	0.000520951
1	4955	2.16261	2.18965	0.000520874
1	4956	2.16707	2.18965	0.000520789
1	4957	2.16479	2.18964	0.000520708
1	4958	2.17234	2.18964	0.000520615
1	4959	2.18966	2.18964	0.00052051
1	4960	2.19828	2.18964	0.000520408
1	4961	2.19234	2.18964	0.000520303
1	4962	2.18705	2.18964	0.000520198
1	4963	2.19423	2.18964	0.000520094
1	4964	2.20155	2.18964	0.000519995
1	4965	2.20677	2.18965	0.000519902
1	4966	2.20571	2.18965	0.000519807
1	4967	2.20431	2.18965	0.000519711
1	4968	2.18364	2.18965	0.000519608
1	4969	2.17627	2.18965	0.00051951
1	4970	2.19408	2.18965	0.000519406
1	4971	2.1942	2.18965	0.000519303
1	4972	2.19146	2.18965	0.000519198
1	4973	2.2066	2.18965	0.000519105
1	4974	2.2141	2.18966	0.000519024
1	4975	2.21491	2.18966	0.000518945
1	4976	2.20957	2.18967	0.000518856
1	4977	2.20451	2.18967	0.00051876
1	4978	2.20361	2.18967	0.000518663
1	4979	2.20384	2.18968	0.000518567
1	4980	2.20693	2.18968	0.000518475
1	4981	2.21084	2.18968	0.000518388
1	4982	2.21104	2.18969	0.000518301
1	4983	2.20684	2.18969	0.000518209
1	4984	2.20608	2.18969	0.000518115
1	4985	2.21385	2.1897	0.000518034
1	4986	2.22761	2.18971	0.000517986
1	4987	2.24027	2.18972	0.000517981
1	4988	2.23734	2.18973	0.000517965
1	4989	2.22274	2.18973	0.000517904
1	4990	2.21126	2.18974	0.000517818
1	4991	2.21401	2.18974	0.000517737
1	4992	2.22685	2.18975	0.000517687
1	4993	2.23092	2.18976	0.000517649
1	4994	2.22443	2.18976	0.000517592
1	4995	2.22713	2.18977	0.000517542
1	4996	2.23771	2.18978	0.000517528
1	4997	2.23632	2.18979	0.000517508
1	4998	2.23577	2.1898	0.000517486
1	4999	2.2374	2.18981	0.00051747
1	5000	2.23551	2.18982	0.000517447
