LENGTH	ERROR
1	0.000971146
1	0.000971758
