time	chi
1	0.9995062439825302
101	0.02221762058998966
201	0.04228327451409996
301	0.04177522446701096
401	0.012814443776633481
501	0.03414131713043369
601	0.003039885403667437
701	-0.004396703887510949
801	0.02484996350989307
901	0.004765948263876078
1001	0.02133029940191868
1101	0.001629447401443323
1201	0.015493358332465007
1301	0.012304157888387242
1401	0.0038185072903415143
1501	0.020840953586331444
1601	-0.0038233512636576122
1701	0.0010349687795724722
1801	-0.004390548105179187
1901	-0.000930571024648549
2001	-0.00886322795654456
2101	-0.0034132774887857178
2201	-0.012714949497972382
2301	0.0066535421304649974
2401	-0.006489245290329024
2501	0.0013513947847458858
2601	0.007886648640125511
2701	0.0024342646472154104
2801	0.009352011665325755
2901	-0.009715729391905816
3001	0.003196954880848161
3101	-0.004550064471667285
3201	-0.0021609756367106437
3301	-0.007552462366061583
3401	0.007525049453014314
3501	-0.0026074059131966035
3601	0.0007294132989229716
3701	-0.005330631801434298
3801	0.010943010104958135
3901	0.010927486842460846
4001	0.0006867696393635039
4101	0.006535702884952214
4201	-0.008719748064994818
4301	-0.003583178939447062
4401	-0.0005894646189888614
4501	0.005529734665750411
4601	-0.0010709059100961666
4701	-0.0015823298012129867
4801	0.020631496795569308
4901	-0.002806792476418951
5001	0.011088625627369808
5101	0.010260019318325217
5201	0.0038593823569898255
5301	0.010260692164301616
5401	-0.0031260318471080803
5501	-0.004767608508817774
5601	0.018082744835118503
5701	0.004046341837772058
5801	-0.003710134228453441
5901	-0.005218606650827551
6001	-0.00990299477180704
6101	0.00035551877315432445
6201	0.004006281703775573
6301	0.00477823825079819
6401	0.00047588587100035436
6501	0.013087134113936291
6601	-0.0026232814413369135
6701	-0.013920381413705416
6801	0.0034038673161953152
6901	0.0016949640438255918
7001	-0.004056013448327025
7101	0.005639958118598049
7201	-0.0029587718915514267
7301	-0.006177103930013373
7401	0.007079737552573808
7501	-0.013129064945122166
7601	-0.027329088072751185
7701	-0.0020553069964663797
7801	-0.025539922274912998
7901	-0.001324480178987435
8001	0.00820464518604703
8101	-0.003434832646635046
8201	0.023408897936253482
8301	-0.008381133040161387
8401	0.011163264340590152
8501	-0.00019084493552606936
8601	-0.0020837318163903456
8701	0.003619416905816741
8801	-0.004912190444131298
8901	0.012900494515104954
9001	-0.011872340992093413
9101	0.004438191390050816
9201	0.006317055179539556
9301	-0.01546181225903448
9401	0.022644187323846404
9501	-0.002863521425146133
9601	0.02079989604828147
9701	-0.00506817655927968
9801	0.0030567491050666677
9901	0.016897783132455196
10001	0.015097007025673854
10101	0.0003501512217310563
10201	-0.004377761348168832
10301	-0.01504531469375713
10401	0.007961388197499173
10501	-0.0024008325577275324
10601	-0.0279182209486736
10701	-0.0036237380601370638
10801	0.005198331829235436
10901	-0.010748521096929727
11001	-0.011215504375174191
11101	0.010099797930924227
11201	-0.00230095980130693
11301	0.017668779092327
11401	-0.0004585975606421245
11501	-0.011706480192705131
11601	-0.012386429762741458
11701	0.008453082961841553
11801	-0.004632636324071608
11901	0.00571100283409925
12001	-0.013111367090370578
12101	-0.004969542334851747
12201	-0.011021981905729937
12301	-0.0008143862813997558
12401	-0.0009630275459222269
12501	-0.0008054376067866104
12601	-0.0061477375690435045
12701	0.0009309710004427685
12801	-0.0035272385176818182
12901	0.008447710529332013
13001	0.010474899629793802
13101	-0.00664391555419356
13201	-0.009945276509826538
13301	0.007052406225023756
13401	-0.001004817110272981
13501	-0.02026276967391343
13601	0.02142822300698718
13701	-0.0027136454735302096
13801	-0.0002727178474997781
13901	0.023220271830198275
14001	-0.0022179672038206105
14101	-0.009052487119752376
14201	0.01300791034511458
14301	0.00033867274766393487
14401	0.008168913364791327
14501	0.0069683758577354996
14601	-0.007749359651196239
14701	0.008929610741233388
14801	0.010521796730937125
14901	0.028089054550172885
15001	0.014437679008950594
15101	0.007853814700052728
15201	0.004820636379572383
15301	0.019232027687319277
15401	0.004926560149565515
15501	-0.0024715342269936097
15601	0.006088038513479691
15701	0.030760388353921277
15801	0.014292307320710226
15901	0.011599134041530484
16001	0.022662335202606507
16101	0.012095638008091497
16201	0.0021008724833777334
16301	-0.010988439008751677
16401	0.0003376056875488077
16501	0.004146998687944049
16601	0.011217184709998966
16701	0.008681920561114366
16801	-0.01992527342365893
16901	-0.015344693273595849
17001	0.00699190640562231
17101	0.006165979828123395
17201	-0.007417914832025543
17301	0.016006067900187708
17401	-0.0044590368242921575
17501	0.009546292164431638
17601	0.005595190138936441
17701	0.01024095050080248
17801	0.010332563206716688
17901	-0.00023699667657695194
18001	0.02217465202695742
18101	0.009795408532675822
18201	0.009569163135609243
18301	-0.004528148048909344
18401	-0.010362365544338701
18501	0.013246360336662408
18601	0.01055321117065614
18701	0.0021892288253436737
18801	0.0007090685100335452
18901	-0.003852237630901076
19001	0.004032142374454923
19101	-0.004591444282869047
19201	0.008728988291521583
19301	0.004416259109455825
19401	0.025182275978206447
19501	0.01645252482907476
19601	0.009489723699444551
19701	0.004021823363337529
19801	0.013485681006207381
19901	-0.0002547189253732301
20001	0.003924914299262268
20101	0.016915674742799338
20201	0.007588020741750115
20301	0.012715538712646352
20401	0.0032814658871075093
20501	0.012134384890760665
20601	-0.0014850435764364935
20701	-0.0009461066113193424
20801	-0.010973929903896371
20901	-0.0034470953510936085
21001	0.004333407012102117
21101	-0.00657779328894451
21201	0.00011557860798181962
21301	0.012505533573972214
21401	-0.006108659140676852
21501	-0.004250824972422868
21601	0.00804263749566603
21701	0.008787023693733536
21801	-0.006161612333847941
21901	-0.0012992706361074626
22001	0.0005535553592400479
22101	0.010147629661404199
22201	-0.0099935049367395
22301	0.00463510733414357
22401	-0.02215992238505953
22501	0.01055771726349016
22601	0.009175277790799272
22701	-0.019683131360995237
22801	0.002593825250920074
22901	-0.021332089838260238
23001	-0.003937201378787735
23101	0.0003794218587539693
23201	-0.023423742314043223
23301	-0.00046041693051451733
23401	-0.004262467486666972
23501	0.005204924047481738
23601	-0.028679564264388648
23701	-0.0024029227861369065
23801	0.0012469845538261796
23901	-0.001152660541127806
24001	-0.005467886634146336
24101	-0.006802774716195561
24201	0.00023122145956102925
24301	0.022492583255138924
24401	0.0019824373164418017
24501	0.0030926654663025847
24601	-0.00506641869261254
24701	0.004245751022513987
24801	0.0023809400322252383
24901	0.016261416333867774
25001	0.0002692392460994023
25101	0.01198735667722444
25201	-0.012657098905225189
25301	-0.002188955097365618
25401	-0.010696583287365525
25501	-0.01569753601587255
25601	0.002107769522804845
25701	0.009311375024180057
25801	0.0020675196944617722
25901	-0.003056433231223941
26001	0.005713175934699657
26101	0.001533992468383687
26201	-0.007173942343031982
26301	-0.018709312541778773
26401	0.01850195262544628
26501	-0.005124304390466212
26601	0.014361216261118331
26701	-0.007068363600554715
26801	0.00246383019142431
26901	-0.008148871336095273
27001	-0.009629717447822204
27101	-0.003855584590998824
27201	-0.019112122235477227
27301	-0.008793674602677371
27401	0.017098838985431512
27501	0.00552972999721533
27601	0.005416330714547358
27701	0.01137020680258855
27801	0.02165699444590633
27901	-0.004879782149204568
28001	-0.007259286037558694
28101	0.00025332578895822253
28201	-0.015362727130028812
28301	0.0002736441228155203
28401	0.005255146709372574
28501	0.015331673290995938
28601	0.007849206863518388
28701	0.007319011810048068
28801	-0.0030727313832469515
28901	0.007986854042955122
29001	-0.010405514088887229
29101	0.007647542077949603
29201	-0.013404554528468738
29301	-0.007990731056380242
29401	0.0032138756674243234
29501	-0.005735191823823733
29601	0.020069624634654948
29701	-0.01719239769618109
29801	0.0030666536717266456
29901	0.012833519198425358
30001	0.010795710558440306
30101	0.008576174047427608
30201	0.016438509028964175
30301	0.014239048258784602
30401	0.011460748785675148
30501	0.007034970802672661
30601	0.01251524231266553
30701	0.007624322458294777
30801	-0.012980123026940446
30901	0.007624706443407453
31001	0.013503701228999684
31101	-0.0119857193119002
31201	-0.0019524757552046093
31301	0.016278716543297128
31401	0.016024169659134987
31501	0.01362759227376529
31601	0.019148694449980956
31701	0.002677022800892029
31801	0.0021083648862811185
31901	-0.015311943704959103
32001	0.013374355114858036
32101	-0.015887052760759045
32201	-0.0025545268814132845
32301	-0.01070245250134998
32401	-0.014241548468076386
32501	0.005197520119011483
32601	-0.0035341782647160336
32701	-0.00020552383082717698
32801	-0.0053854839990587116
32901	0.012161032118507883
33001	0.011712374662325711
33101	-0.005009724139222681
33201	0.019500083520504426
33301	0.007941686725152866
33401	-0.013164560504342731
33501	-0.011708334800528498
33601	0.0007185258955571826
33701	0.017441382502829342
33801	0.005536785755448542
33901	0.006444657527508234
34001	0.00899952984256198
34101	-0.002928996859166304
34201	-0.0006526596709906758
34301	0.01646332330254058
34401	-0.002786186188836048
34501	0.009732490131230936
34601	-0.003252830390997987
34701	0.015902554578359415
34801	0.0038856293963916324
34901	-0.006885787953920721
35001	0.015388850593686568
35101	0.020134794389698434
35201	0.010455333169204717
35301	0.016999746876396566
35401	0.007870560386198877
35501	-0.009042331374518342
35601	0.024419146386080285
35701	0.0003960413578128671
35801	0.005627096862395353
35901	0.012977073308296224
36001	0.005650036517972009
36101	0.007826690404953535
36201	0.001737338169497463
36301	-4.168719817908861e-05
36401	0.011774871673443914
36501	-0.02408502919874445
36601	-0.013822405866439687
36701	0.01589706683303336
36801	-0.008239444765371425
36901	-0.0022923197927738124
37001	0.01273001272378185
37101	-0.011491615173535606
37201	0.010900789031325797
37301	-0.016782802875052988
37401	0.0005774235978310884
37501	0.009127934707915612
37601	0.007893751782092022
37701	-0.005055573772915992
37801	-0.015253892573959038
37901	0.002689553164233041
38001	0.025044294068599926
38101	0.010056176900260996
38201	0.0067499074468433135
38301	-0.0181972034235787
38401	0.0052716905288209106
38501	-0.0025396852781756937
38601	-0.0010248130533162228
38701	-0.007718654213929384
38801	-0.01303395139204814
38901	-0.012855746792330931
39001	-0.006018530379878323
39101	0.004258460213521963
39201	-0.008351762302914324
39301	-0.001035516049546292
39401	-0.005588647839855499
39501	0.003285778038366683
39601	-0.006460025305013967
39701	0.003666757901144063
39801	5.453995992527065e-05
39901	-1.6787850988605528e-05
40001	0.001356511897728708
40101	0.004791180959653609
40201	-0.009165680315063176
40301	-0.016786528255976884
40401	0.021747973195120923
40501	0.0008993268308421729
40601	-0.008061357038444645
40701	-0.009039135940646224
40801	0.008970682322844174
40901	0.0064521500063227585
41001	0.0023825791207323452
41101	-0.006304218761461717
41201	-0.025701269785091234
41301	-0.01404387399330848
41401	0.008872140873215428
41501	0.002749721426550332
41601	-0.010298964621326463
41701	0.01233455139539507
41801	-0.020142977515651576
41901	2.984802853690099e-05
42001	-0.01393538735696899
42101	-0.0024044893567324137
42201	0.02234093975818557
42301	-0.009774085845100212
42401	-0.005937127308516105
42501	-0.0040153288161589125
42601	0.009537973260018762
42701	0.004758033631827918
42801	0.018149039046689717
42901	-0.017924311819276076
43001	-0.018077041893098535
43101	0.004018023153007835
43201	-0.02286638245169854
43301	0.0001446195265098233
43401	-0.019569870661703605
43501	-0.008573161206414975
43601	6.750705523426606e-06
43701	0.007297382593291008
43801	0.009606007905263923
43901	0.0024323044925436328
44001	0.003720432789109843
44101	0.0016602658362369358
44201	-0.011837903064824443
44301	-0.003956560062996794
44401	-0.021358449806868778
44501	-0.007062931790351829
44601	-0.003979182668108061
44701	-0.01728645650572238
44801	-0.017623831024873512
44901	-0.004615891951188172
45001	-0.019969880798122622
45101	0.0035887495114174644
45201	-0.0020650504758927034
45301	-0.013989432884869115
45401	-0.0061061140641060435
45501	-0.001605518896998604
45601	0.01860241568966126
45701	0.004851766752216137
45801	-0.0009739664929517614
45901	0.007071140433834528
46001	0.014282173984444584
46101	0.02730739443021
46201	-0.0014766609218486335
46301	-0.0175501700471304
46401	-0.01122957397730492
46501	0.0004953356220079579
46601	-0.007344428214578836
46701	-0.022576124147399446
46801	-0.020565977257177067
46901	-0.004863536880676916
47001	0.008131547028674675
47101	0.004295568584608685
47201	0.010917136123260467
47301	-0.020122096501859133
47401	-0.011341444758813863
47501	0.00026280148045315925
47601	-0.008696166003808717
47701	-0.02022215454218912
47801	0.0013527416457302316
47901	0.01598116181588359
48001	-0.0025647782632964643
48101	-0.01807007358070251
48201	-0.005349265109158398
48301	-0.006610536093898723
48401	-0.003899908714432003
48501	-0.006166915649264934
48601	-0.012667704442938762
48701	0.0007887751837738616
48801	-0.014670555107415663
48901	-0.0059234019140609355
49001	0.015065495590496298
49101	-0.011793212988969785
49201	0.0009872549884344416
49301	0.006430966596710413
49401	0.0003883439075349222
49501	0.0021681015520190155
49601	0.0018457819805675847
49701	0.006731578345419794
49801	0.0064536501053289305
49901	-0.006502082296718195
50001	0.00042827731927062076
50101	0.008811129017995578
50201	-0.028141598529164074
50301	0.006372622338640584
50401	0.011141130986568756
50501	0.008602468519904954
50601	0.012320534729897496
50701	-0.005376468135495961
50801	0.009562068499485916
50901	0.006704912447327807
51001	0.018588667499090886
51101	0.0003903899290921871
51201	0.003678766439925228
51301	-0.007545905970282029
51401	-0.013793505170968636
51501	0.0001909207290033399
51601	-0.010675958629286855
51701	0.013083819328775035
51801	-0.0029255854694888745
51901	-0.0010086254355034917
52001	0.009386247498163492
52101	0.002366635549642111
52201	0.022774942121004435
52301	0.029634311506712453
52401	-0.00027899511801925543
52501	0.019070572945065332
52601	0.021607079205152833
52701	0.0007145574395733757
52801	-0.002121351118788391
52901	-0.0020772458054193702
53001	-0.0014617502888163048
53101	0.0036402244490127836
53201	-0.013810051309502285
53301	0.0204979476410449
53401	0.027656045154401402
53501	0.0038854813772606495
53601	0.0031693999532410467
53701	-0.0013279355933302392
53801	-0.0004459682395396121
53901	0.01671105157486942
54001	0.012141923170561229
54101	0.0017416712646400351
54201	0.011507630719772793
54301	-0.014141379597482679
54401	-0.007155460219933384
54501	-0.009406069828635056
54601	-0.024069825848562508
54701	-0.0008301888968905408
54801	0.005833218690815345
54901	-0.0009789664181129236
55001	-0.0007743431021562869
55101	-0.0002418698604995435
55201	-0.0173746326042786
55301	0.007432376082498485
55401	0.00475185759260857
55501	0.007742856643721121
55601	-0.0020857414916940005
55701	-0.013506690313621198
55801	-0.014408384357438688
55901	-0.005179781074875582
56001	0.01894147503378107
56101	0.003154526850676105
56201	-0.001099616964358427
56301	-0.0045553725618949535
56401	0.008788294245044863
56501	-0.015144410894402499
56601	-0.00347296645196353
56701	0.002013987325864916
56801	-0.018060094970317027
56901	-0.007301642396228357
57001	0.00412635316189312
57101	0.0012848555168340175
57201	0.0017401905761122427
57301	-0.010404861496002858
57401	0.008419644290857876
57501	0.019674101415916103
57601	0.0018948843344744656
57701	-0.00803459724206861
57801	0.0010997659020141983
57901	0.006287062589624078
58001	0.018574718106045173
58101	-0.004016046047378598
58201	-0.011595499674267337
58301	-0.014131529610932028
58401	-0.015717968778181587
58501	-0.011281360298599065
58601	-0.019197333241127584
58701	-0.010488694486737206
58801	-0.012727625436105684
58901	0.0018027443725583767
59001	-0.009024564839163259
59101	0.012351695998375043
59201	0.0037664788390811485
59301	-0.002920729847608415
59401	0.009566370083914467
59501	0.002398339055184926
59601	-0.005640023618524798
59701	0.00108100625158501
59801	0.011072915517193662
59901	-0.003490025518271473
60001	-0.0002350340927487089
60101	0.016871690424195625
60201	-0.00024085915301885147
60301	-0.0034136743104720897
60401	0.0022257370657345595
60501	0.008845648322006131
60601	0.004241483624667127
60701	-0.007420893824261057
60801	-0.008303157322589245
60901	-0.02312662962099077
61001	-0.001787436177706066
61101	0.003241185781606432
61201	-0.03301660493778032
61301	-0.006338558398987213
61401	-0.014740568031117167
61501	-0.013067774401131292
61601	-0.014553028733460038
61701	0.00789779089616451
61801	-0.0014716247794827981
61901	-0.011392800409644514
62001	-0.0007091572881112335
62101	-0.011753639054435364
62201	0.007436197995822973
62301	-0.01385862718170091
62401	0.007526144391495436
62501	0.0003297824031704096
62601	-0.022033725421768225
62701	0.021736141563454894
62801	0.010183354980870802
62901	0.004227166681270445
63001	0.02466762695677972
63101	0.008382000856308573
63201	0.014025640961227602
63301	-0.007209444958192968
63401	-0.0006359584459989527
63501	-0.009553597548856103
63601	-0.006734414036401647
63701	0.0044035496793277595
63801	-0.01476406165203015
63901	-0.01882765114594966
64001	-0.018574996419056054
64101	-0.010739406856325694
64201	0.007172617386206949
64301	-0.001854167208543075
64401	-0.003638529417791395
64501	0.00843689711655393
64601	-0.028086969400218747
64701	0.004406870358989
64801	-0.026185531968303737
64901	-0.02002497658320714
65001	-0.016493089506460175
65101	-0.023506429050366123
65201	0.004411432971461962
65301	0.009165345687373427
65401	-0.0049549020175917525
65501	0.00692490059923352
65601	-0.0005124467367887241
65701	0.01038767657282112
65801	0.00473293243312185
65901	0.004099713555624312
66001	-0.013831025044956115
66101	-0.011140953885880218
66201	-0.016975478252091152
66301	0.0017718235374330857
66401	-0.017169061226509175
66501	0.0037273452764538502
66601	-0.005590699740730521
66701	-0.006384044505619953
66801	0.0017367767762561325
66901	-0.0026902357078575157
67001	0.012499359671651444
67101	-0.015821064376191237
67201	-0.006640265408800059
67301	0.0009022225257842734
67401	-0.008246411328015681
67501	-0.006369554860585268
67601	-0.012014035848379174
67701	0.002143250655113342
67801	0.006816533967018965
67901	0.00010229272004678236
68001	-0.002197676346000268
68101	-0.005235671930462265
68201	0.007425725735297083
68301	0.02355393842419205
68401	0.0056219163218598905
68501	-0.015597330233487245
68601	-0.008250989532636702
68701	0.008887723372970455
68801	0.006941447310896273
68901	0.0008792993884715802
69001	0.0005059379752492292
69101	-0.011568242785180715
69201	0.004638812852917806
69301	0.0064377467595515365
69401	0.004487934771779958
69501	-0.015078558056765449
69601	0.015611183189021292
69701	-0.003907585520675551
69801	-0.01174313607646686
69901	0.0048847874640566375
70001	-0.004010956448388302
70101	-0.020121053186748453
70201	0.01647403745770816
70301	-0.02523006499728376
70401	-0.0033322592071942567
70501	-0.007687778162580862
70601	-0.0007341836801848454
70701	-0.0035053543495670667
70801	-0.018627564613700756
70901	-0.005722250314364318
71001	-0.004663099722465607
71101	0.014373757233041094
71201	-0.01656846458809848
71301	0.013323196874741306
71401	-0.002638866700461863
71501	0.005626517497191737
71601	0.012682399537677047
71701	-0.007700488685829337
71801	-0.001182021163215526
71901	-0.0143432751225512
72001	-0.013999093006273113
72101	-0.010934119760464609
72201	-0.005382321996452445
72301	-0.011210171325363843
72401	-0.015681805622239923
72501	-0.008607443743581312
72601	0.00020934808980587673
72701	-0.010945317663164447
72801	0.00885504888045071
72901	-0.0018414630352614223
73001	0.006791607546120566
73101	-0.0013431357742221032
73201	-0.0219850588053934
73301	-0.009477669078806131
73401	-0.008797802483440876
73501	-0.01783972631002883
73601	-0.005377044320022831
73701	-0.007606856800536805
73801	-0.006378440039325748
73901	-0.01604277265554107
74001	0.015218636024756862
74101	0.007571561844093579
74201	0.002008398508652126
74301	-0.0028081662327200346
74401	0.007092988175988974
74501	-0.008717176578938566
74601	0.002233713018801237
74701	-0.014085754480226614
74801	-0.00586305020488384
74901	-0.008036454108248376
75001	-0.019776373173101703
75101	-0.014447769850160323
75201	0.007796414078176253
75301	-0.003279846015505376
75401	-0.020366882283823908
75501	0.027615778052478526
75601	0.0018496556918581356
75701	0.0015975098087195186
75801	-0.021504892069910034
75901	-0.007104666353286431
76001	0.009138262930849789
76101	0.004449830507271425
76201	-0.02284410392141834
76301	-0.030887710445553898
76401	-0.04018528822538521
76501	0.006027800226931734
76601	-0.016494277326016077
76701	0.006848216782980699
76801	-0.006688315770953011
76901	-0.006669614591079051
77001	-0.011842031757837141
77101	-0.007459740590807628
77201	-0.014866564828120184
77301	-0.004364851892188087
77401	0.00936534286461998
77501	-0.0017935060248323157
77601	0.0026450523538270334
77701	-0.009286257049112151
77801	-0.010606423440955356
77901	-0.0008499973318280129
78001	-0.02455678395896231
78101	0.006894081716564184
78201	-0.017038962487579034
78301	0.007884920815291843
78401	0.011500062166609782
78501	-0.004310269338522422
78601	0.01476329720787723
78701	0.002810638070223417
78801	-0.009322067396646148
78901	0.016720341166410226
79001	0.00329163272295903
79101	-0.010974695585400866
79201	-0.0003513795360843446
79301	-0.02056905247437306
79401	-0.003383985729488229
79501	0.0009373308129398211
79601	0.013766548202998767
79701	5.439198254541455e-05
79801	-0.007103384263481895
79901	-0.003360711472790722
80001	-0.0034166243350167566
80101	-0.00028920104431208053
80201	0.019237804289713497
80301	0.005038146142843371
80401	-0.014170914306586698
80501	0.0015748561597477382
80601	-0.0068860901258027615
80701	-0.0023150231293819767
80801	-0.002469638183074728
80901	-0.007054016030808787
81001	0.00835836049157175
81101	-0.006715219813676395
81201	0.022481639814169927
81301	0.0007190988652472926
81401	0.02106339632872964
81501	0.01571641595509345
81601	-0.014883067052059612
81701	0.006216354221199937
81801	-0.0032444026034421153
81901	-0.01177591350069626
82001	-0.010982833054599137
82101	-0.011096728249559474
82201	0.021778013202929714
82301	0.008893122047960932
82401	0.015496930365295926
82501	-0.005359868919893548
82601	0.012782064126775254
82701	0.008208467588998368
82801	-0.009496031949300075
82901	0.004533523961944632
83001	0.0110510900701409
83101	0.0028923984211594207
83201	0.018976336837466544
83301	-0.006838614236380483
83401	0.005623787265760485
83501	0.014095722724945994
83601	0.010325167222347185
83701	0.008577184561334895
83801	0.0204808784519865
83901	0.008022793188919571
84001	0.007785350492646713
84101	0.02159577332644812
84201	0.0274812856906587
84301	-0.007480410059231967
84401	0.007878557393220105
84501	-0.008054509261551535
84601	-0.014500599828165274
84701	-0.0008056483437010785
84801	0.011179218228004249
84901	-0.0038655291818071227
85001	0.0020104747086829135
85101	-0.002929166349763105
85201	-0.005385811787154788
85301	-0.016366583406439778
85401	-0.016557844892957384
85501	-0.0051994048331927886
85601	0.01779139306880995
85701	-0.0029553739761012648
85801	-0.026741425326117053
85901	-0.004431218018177342
86001	0.01372452533335176
86101	-0.012145091561089888
86201	0.0022055102541426444
86301	-0.0016316788017988937
86401	-0.005285962540414101
86501	0.003950705640297879
86601	0.0024813811429386665
86701	-0.0012476033966179116
86801	0.018670207495171044
86901	-0.014712966216994717
87001	-0.002243638639415765
87101	0.0024415849405876808
87201	-0.0019055764298648973
87301	0.006695940923461661
87401	0.011555395917934518
87501	0.009457293519336293
87601	0.005847807699736127
87701	0.002726764607465026
87801	0.016959366359435665
87901	-0.0015928059180247652
88001	0.01635132026484878
88101	-0.002661395213715674
88201	0.01966619295164803
88301	-0.017838302797771335
88401	0.007916005956283105
88501	-0.006543403595613602
88601	-0.0033896189926732176
88701	0.00487647034355554
88801	0.00022153607113423602
88901	0.008856647914445041
89001	-0.025196593282181042
89101	0.009228184685766357
89201	-0.0009005205259202754
89301	-0.014581800710207335
89401	-0.0016520575988788326
89501	-0.02171647601985093
89601	0.021980779087168594
89701	0.016073270236721202
89801	-0.004721176537999734
89901	-0.0005014342508427633
90001	-0.003778606182591246
90101	0.010201102284138683
90201	-0.014385782221766197
90301	-0.01624860104945118
90401	-0.007489561959352324
90501	-0.004442121343904649
90601	0.010928526141872244
90701	0.020254433587014117
90801	0.003650899824974732
90901	0.0044317938155574
91001	0.010089025085059114
91101	0.0012716189066152106
91201	0.006127910042454439
91301	-0.004167190523478423
91401	-0.012109347358727327
91501	0.016146133600938972
91601	-0.02062509458290527
91701	-0.004289380361651441
91801	-0.005853993212665689
91901	0.007121586449071224
92001	0.0036538951950386015
92101	-0.012358415899158046
92201	-0.022322746533906264
92301	-0.004771910609442073
92401	-0.0480469329089744
92501	-0.007499183590013021
92601	-0.007332656089655086
92701	-0.012481919709814205
92801	-0.018731136618635468
92901	-0.02332892592271603
93001	0.008574742731504971
93101	0.010373392089027704
93201	-0.004180786626080734
93301	-0.012872028877761258
93401	0.004963562988986053
93501	-0.01969593702747045
93601	-0.013318246595465402
93701	-0.027160050635088934
93801	-0.011643435573808538
93901	-0.0011624229072456466
94001	0.00027634997538431016
94101	-0.005104263124677109
94201	-0.021385850494427025
94301	-0.015193690178197855
94401	-0.005138467454391939
94501	-0.0025483911358268026
94601	0.00566703483259498
94701	0.008429810500442496
94801	-0.008915293596672185
94901	-0.0036639162815022114
95001	0.0028132138983968514
95101	-0.002227838141845773
95201	-0.02526923441274226
95301	0.011744263717466895
95401	-0.00913886900538785
95501	-0.012908109635956514
95601	0.008048663371264704
95701	-0.021539862081129357
95801	-0.021963248513999646
95901	-0.005441516409942846
96001	0.009510921323417776
96101	0.01622887683033191
96201	0.017900380240430207
96301	0.015816334683300154
96401	-0.022969343671808983
96501	0.0052371760793277315
96601	-0.01158031699848425
96701	-0.02165142958245362
96801	-0.005668665646787878
96901	-0.003955262764395452
97001	0.006849738254768208
97101	0.015139200171597957
97201	0.009787964428234968
97301	0.023748847444759958
97401	0.0032741553786811255
97501	0.0034682632482645895
97601	-0.015087335278478838
97701	0.006413740093201994
97801	0.006556577427320013
97901	0.012391621788632332
98001	0.017011840826596382
98101	0.015240415458272394
98201	0.004667634597008182
98301	0.0061384514694151175
98401	-0.004081177497661073
98501	0.007157836796547762
98601	-0.005443569866996228
98701	-0.016244733987976455
98801	0.0031432715933147914
98901	-0.018232254633148426
99001	-0.006973028014988659
99101	-0.022558669899085747
99201	-0.0032680547533833503
99301	-0.015516157734620256
99401	-0.007596078864829785
99501	-0.0056054638159213025
99601	-0.015787222358958745
99701	-0.004595362610931861
99801	-0.018125759776061446
99901	0.0038075149474164297
100001	-0.007405314687369512
100101	0.0003791280295061642
100201	0.013417221243398586
100301	-0.024833684271130477
100401	0.00042563934644280474
100501	-0.010063571131083174
100601	-0.01996559717047413
100701	-0.014259297467958237
100801	-0.018801218408922758
100901	0.00993832898190052
101001	-0.01856194236753672
101101	-0.011237327457594959
101201	-0.0054971238247211686
101301	-0.013801517382991114
101401	-0.013750019174835969
101501	-0.003696186228377136
101601	0.012490044315869881
101701	-0.003384844971472203
101801	-0.024639069869286226
101901	-0.0011324960753547925
102001	0.006830206572867702
102101	0.0015133645309437882
102201	0.019778858632859077
102301	-0.021777700316190328
102401	0.008245906773240079
102501	0.017379977477248933
102601	0.002595917904690356
102701	0.014633428115326414
102801	0.009522173939071432
102901	0.009084694815697325
103001	0.002597308247575429
103101	0.0216824774131198
103201	0.009232314213801591
103301	-0.01558143157142716
103401	0.0014023542477481802
103501	0.011127975494993659
103601	0.008035767400897897
103701	-0.0020268879647668036
103801	-0.004910030760824805
103901	0.000922034965034356
104001	-0.009966843851413762
104101	0.0020638688127302177
104201	0.00046064929071708256
104301	0.0032833558695218993
104401	0.00048674826164566597
104501	0.017505265176910867
104601	0.005724150009609012
104701	-0.011553166115508435
104801	-0.007881247494227441
104901	0.00499093899403728
105001	0.00799021782496139
105101	0.004438352416555558
105201	-0.026736944887452638
105301	0.001883594681775828
105401	0.015091173713862845
105501	-0.012910300632608066
105601	-0.004485422044741264
105701	-0.010086548119758254
105801	0.0015801590462667919
105901	0.012827016600870393
106001	0.006582284043932786
106101	-0.010472565810128768
106201	0.005809851564429729
106301	-0.00234534165136617
106401	-0.00022760418369094756
106501	-0.014539023667184587
106601	-0.012338778378151241
106701	0.014538526878118558
106801	-0.015233574961257566
106901	-0.00422050581658066
107001	0.0022333319145163063
107101	-0.00379434858536615
107201	-0.012214307064839456
107301	0.022538373423841077
107401	0.007144617554797681
107501	-0.015731879304723858
107601	-0.022699370418128056
107701	-0.004684851839357578
107801	-0.013767791874175584
107901	-0.014764544287464211
108001	-0.028129289344314773
108101	-0.00805059436467223
108201	-0.008117395154050916
108301	-0.00974227086025343
108401	-0.006185139575804625
108501	-0.011995131154535673
108601	0.0019005317323136362
108701	0.011776332302453084
108801	-0.016189134877876796
108901	0.013174789860608774
109001	-0.005323143065038952
109101	-0.011697041530664061
109201	-0.005575039712928685
109301	-0.007309906321998424
109401	-0.02126793210396016
109501	-0.012532800802156041
109601	-0.01581417215332593
109701	-0.006235732657487503
109801	0.023756715892470824
109901	-0.009826827022254132
110001	-0.0022465498088436605
110101	0.002427360384843372
110201	-0.008056711933336349
110301	0.006015688965196548
110401	0.006268109232944577
110501	0.001067600332956137
110601	0.009429553512779873
110701	0.018967033312436075
110801	0.00891944560958695
110901	-0.0072921940441303245
111001	0.002241239456464033
111101	0.006339699859610201
111201	0.006289579347544282
111301	0.003668784056756111
111401	-0.004032796512130982
111501	0.01319802391856234
111601	0.020448134265449548
111701	-0.005539916137269635
111801	0.005145041264186903
111901	0.011918591049456667
112001	0.016506307970121075
112101	0.0001389162125252699
112201	-0.0035674322780572293
112301	0.0005451781702542345
112401	0.008531664363009388
112501	-0.006546596535804787
112601	0.011142661548715226
112701	0.023154317628416604
112801	0.000550548947900933
112901	-0.02311160369411971
113001	0.01518878513437
113101	-0.007764814658192415
113201	-0.004975666519171678
113301	0.012111304074624483
113401	-0.007081682619906603
113501	0.014414357440635371
113601	-0.0033882930224344724
113701	0.0019306039378322603
113801	0.011072346502473922
113901	0.009402973861129073
114001	-0.017012589321818886
114101	-0.003901876908093458
114201	-0.005983094240102229
114301	-0.006173263448824154
114401	-0.011304013898228604
114501	-0.017320573074568787
114601	-0.00987869881190028
114701	-0.004493433664656853
114801	-0.013165291042785179
114901	-0.0005186054948371565
115001	-0.003918838785369452
115101	0.019315678775985508
115201	0.001041586033312593
115301	0.014373577065542518
115401	-5.003637974996988e-05
115501	0.028751266210944846
115601	-0.0015054197431954475
115701	0.0009793892393645867
115801	0.007955383299943912
115901	-0.001965399398977334
116001	-0.02258019659025775
116101	-0.007875950843808502
116201	-0.0035579912399974914
116301	-0.016469643440080554
116401	0.0023117662112823903
116501	-0.004455350059364945
116601	5.124267607723549e-05
116701	0.005190566138638605
116801	-0.012183524361419224
116901	-0.0006835841384639937
117001	-0.019588426187078577
117101	0.003304764526463035
117201	-0.014828864069273858
117301	-0.011047702106641131
117401	0.010890569137383298
117501	0.010773465702341603
117601	0.006870842416946433
117701	0.010282221318790094
117801	0.013512641010622831
117901	-0.014124166974326124
118001	-0.007646570024421163
118101	0.01687581507494014
118201	-0.007519574699879792
118301	-0.004237187714596257
118401	0.015970724349228506
118501	-0.021088784467747597
118601	-0.009001878157459108
118701	-0.00435807217342713
118801	-0.014544050525618057
118901	0.0015094350097834496
119001	-0.0029193107799481413
119101	-0.003122380054442851
119201	0.01192470969226341
119301	0.0037474211729048093
119401	0.011702233901950621
119501	-0.01062088003048433
119601	-0.0006102449366547093
119701	-0.028908656583490178
119801	0.007901433192346183
119901	-0.0026148166584871887
120001	0.007868423051131864
120101	-0.014523219749817759
120201	0.01984151487897913
120301	0.006054255266651429
120401	-0.004483906801462754
120501	0.0009551227823222069
120601	0.013338315010873559
120701	-0.018268491506397696
120801	0.00481668766807597
120901	-0.004996183413796662
121001	-0.006311048581574769
121101	0.0030448251844327444
121201	-0.014643190750928799
121301	-0.022018421094588476
121401	-0.009600917805260104
121501	-0.002824558355142678
121601	-0.003999105535292828
121701	0.009079199862608571
121801	-0.00483592425301264
121901	0.019003015029367576
122001	-0.010563793130369776
122101	0.010453191548953876
122201	0.001364774073747009
122301	0.0028847430218572226
122401	-0.00886287029361952
122501	-0.015638495569150916
122601	-0.003750178705777396
122701	-0.010675670356734463
122801	-0.022914203808921296
122901	-0.02018524097806423
123001	0.01614007477611018
123101	0.012519665093023907
123201	0.001359532189419687
123301	-0.0030134019769771122
123401	-0.004155245472978809
123501	-0.021650313206666695
123601	0.010416988236019397
123701	-0.013685382376720946
123801	0.00613978714868861
123901	-0.006613448819504979
124001	-0.009713221724344571
124101	-0.006538446013686074
124201	-0.024883568338974524
124301	-0.01623658074064783
124401	-0.01998316687203995
124501	0.0010336270995233996
124601	0.012970099818760485
124701	0.001745031505391645
124801	0.006534020272793254
124901	0.00590866043002528
125001	-0.0021228778626045403
125101	-0.0017436183170491289
125201	0.004107500015508921
125301	-0.013422151045644601
125401	-0.00722837315412527
125501	0.004534049597243683
125601	0.011774768457067486
125701	-0.010496665137410786
125801	3.1843728599766945e-05
125901	0.009142690956667908
126001	0.009781276254512736
126101	0.0015809061712932272
126201	0.0051746587164330175
126301	0.014144699430734714
126401	0.0021238039747113325
126501	0.006908171609742511
126601	0.004255062366391826
126701	0.0015979697884739852
126801	-0.003955374976241915
126901	-0.0014437482998797195
127001	0.0010505560313648344
127101	0.011445538713561803
127201	-0.0010270862920963492
127301	0.017128167960165162
127401	0.0029887917297704413
127501	0.009350899142029159
127601	0.007391291049433772
127701	-0.003864670482587796
127801	-0.019838402472915878
127901	0.004487730897232504
128001	0.0033863478981683228
128101	-0.022606362146642377
128201	-0.007901885432959974
128301	0.011474637730680451
128401	-0.01748305378244247
128501	0.010103809641075342
128601	0.010914317569218365
128701	-0.018117982846820403
128801	0.015956124659610393
128901	-0.0014353665296566352
129001	0.008492241704193835
129101	0.014793574817552769
129201	-0.008106651898347993
129301	0.01283191736330998
129401	0.0017632327079317167
129501	0.007986931035828397
129601	-0.03512422805077034
129701	-0.00512232383847124
129801	-0.004489980208821448
129901	-0.019709516311959798
130001	-0.002843679763902886
130101	-0.00681912244957936
130201	0.012041615162439866
130301	0.010097486763143232
130401	0.006611059239312398
130501	-0.003048027795703106
130601	-0.0027234454536176904
130701	0.0005880417785449531
130801	0.006528356087205575
130901	-0.002293264844709919
131001	0.012198480765073136
131101	0.005391517549273591
131201	0.008109885564865539
131301	-0.0030216001485181133
131401	0.0019343899831433173
131501	0.0009239707180703297
131601	-0.009444678704852546
131701	0.015050854085226969
131801	-0.008467347374729676
131901	0.005569927879565617
132001	0.012740834984003246
132101	-0.009190270764644657
132201	0.010290088320393753
132301	-0.0007726030859936089
132401	-0.02458362327605257
132501	-0.012691803147749437
132601	-0.015772737507712523
132701	-0.0221802012868754
132801	-0.009404207857431155
132901	-0.007478017142744805
133001	-0.004594201804354963
133101	-0.001244625797351808
133201	0.01603120965821563
133301	-0.004325073308812587
133401	0.0032565494826839723
133501	0.024271767948910693
133601	0.010734621592684915
133701	-0.0021226536932139315
133801	-0.009754137965194969
133901	-0.004334002944911937
134001	0.0008610657908527111
134101	0.005847315541249611
134201	0.0017909222449670151
134301	0.009910793662140748
134401	0.0005340169098614526
134501	0.007292199467981244
134601	-0.006322007497029558
134701	0.016407883526127254
134801	-0.002153810095787433
134901	0.00960858062867175
135001	-0.01621730319026471
135101	-0.011329338723560633
135201	-0.005364112546167062
135301	-0.0074613545527275485
135401	-0.004440403057305664
135501	-0.018093446411810262
135601	0.016197896905975607
135701	0.006135245673672452
135801	0.001684562061832685
135901	-0.0073689335867506795
136001	0.007222049019863799
136101	0.007627062554378613
136201	-0.021828203192666092
136301	0.0036656723604620157
136401	-0.014711648904421436
136501	-0.017439246279860522
136601	0.005007545698273609
136701	-0.0067697532186747665
136801	0.00420596166355223
136901	-0.008877186709433781
137001	0.010027603438734703
137101	0.012763882494126955
137201	0.014284365197442883
137301	0.005097222017293828
137401	-0.003621176567782331
137501	0.011786664085619703
137601	0.0170270842047222
137701	-0.002001695642328835
137801	-0.00675485541462502
137901	-0.0077963705735021845
138001	-0.015763727261574097
138101	-0.01619886460979575
138201	0.0061378084223565445
138301	-0.002286486184909358
138401	0.00927864061120232
138501	-0.008257464361896824
138601	-0.0036305857914834894
138701	-0.0008933021015017067
138801	-0.022077213224586015
138901	0.006812796584543908
139001	0.0019074047155006287
139101	-0.0056325036978333316
139201	0.0028833722109083528
139301	-0.015200384944802556
139401	0.007590455409364024
139501	-0.02473951055869283
139601	-0.00021601155445219065
139701	0.010676260083808627
139801	-0.02411705465481671
139901	0.007614218738760225
140001	-0.010047294746579427
140101	0.015923953173279003
140201	0.03700983745214504
140301	0.0047381762569787865
140401	0.02281970647590913
140501	-0.00535197118566505
140601	0.011017270522605711
140701	0.00764973015581784
140801	-0.029569187245214894
140901	0.01929676813829978
141001	-0.0014588540473139996
141101	0.0050132039400190625
141201	0.011826948810313622
141301	0.015239213948142476
141401	-0.015064794786447207
141501	-0.003457924090330763
141601	0.016856911356554784
141701	0.017074244702337486
141801	-0.004093327496850764
141901	0.023229656511828022
142001	-0.011468215299084395
142101	0.002214294763325427
142201	0.0028917032079657577
142301	0.019359358573257414
142401	0.009923914086564936
142501	-0.019607300941568647
142601	0.0012565568839973038
142701	0.02168267715051015
142801	-0.016103828448128483
142901	-0.01157659014108869
143001	0.015045763973836479
143101	0.02037329510127414
143201	0.00023895732846669374
143301	0.010387305154797594
143401	-0.008456903539129985
143501	0.005316165677466198
143601	0.0001488770672952143
143701	-0.008210560603346564
143801	-0.014022982074880843
143901	-0.004639335364473466
144001	0.026562264113197183
144101	0.01178332689908117
144201	0.015404411310740104
144301	2.8743396203260063e-05
144401	0.012378383068083846
144501	-0.002940684711338496
144601	0.0056054853936627165
144701	-0.005301837947096587
144801	-0.006653459262069522
144901	0.005183382671299792
145001	0.016057550808452677
145101	-0.0064765412385051945
145201	0.0043630389026469716
145301	0.01431795196726424
145401	-0.0021735672147945783
145501	0.011789723281769696
145601	0.0042877634164237375
145701	0.01289147324666907
145801	0.014186068303141269
145901	0.02652587917527025
146001	-0.013474454204136723
146101	-0.0077002078791375194
146201	-0.019438608542808933
146301	-0.012638468880657873
146401	0.00968704199914575
146501	-0.00665868432828388
146601	0.017434545926624873
146701	0.011534251591172362
146801	0.022205940431411463
146901	0.015176001637743089
147001	-0.016728085294447873
147101	0.011905161898223538
147201	0.01216710780699632
147301	0.008223160303922429
147401	0.003288868001301529
147501	-0.005625101295176981
147601	-0.012026713441375318
147701	-0.017716116842453104
147801	0.004364514592426226
147901	0.013392383786560167
148001	0.008716895954433482
148101	-0.0011164075898991827
148201	0.002789493838350187
148301	0.0005484322302994174
148401	-0.006029693500094023
148501	0.01961225057180431
148601	-0.002075450040115816
148701	0.015722595448269646
148801	0.0110157690420168
148901	0.014628519773159545
149001	-0.00740510557495343
149101	-0.01299811452116199
149201	-0.008781441932461167
149301	-0.006610854662586903
149401	-0.00797736994430148
149501	0.011019454573387997
149601	0.01948715021324364
149701	-0.01644908916681046
149801	-0.011558448566748725
149901	-0.008805312645755355
150001	0.0032852368261017985
150101	0.0009051060521707062
150201	-0.018748989210653887
150301	-0.02899626069540555
150401	0.0007006973635744389
150501	-0.0041108885976844775
150601	0.005938737182621162
150701	-0.00704145212613077
150801	-0.02584443861176894
150901	-0.0036170615463658636
151001	0.0029712215347822125
151101	0.007794248674965395
151201	-0.012768074534985598
151301	-0.013496457044135912
151401	0.007117533974638178
151501	-0.019127450497439275
151601	-0.01700100108783511
151701	-0.03146880316276782
151801	-0.024935449283504097
151901	0.0001787985512462881
152001	-0.008218526046515972
152101	-0.002667423761386459
152201	-0.030857802352327837
152301	-0.02380010176181044
152401	-0.017196523948650653
152501	-0.013937314308108333
152601	-0.005286980542955302
152701	-0.03401888681336173
152801	-0.008809496287046407
152901	-0.017366630496028795
153001	-0.012477750757328654
153101	-0.014313636346865988
153201	-0.005362496496690804
153301	-0.009131280658395205
153401	0.003962372355013266
153501	0.02365628794854455
153601	-0.022679961659135803
153701	0.011478084005322055
153801	-0.013382256705372422
153901	-0.02649853400911946
154001	0.009752880242866224
154101	-0.0036008185361946126
154201	-0.01227684574358215
154301	0.023409259144228742
154401	3.426051914031455e-06
154501	0.002028966984896425
154601	0.0013766467467706313
154701	-0.009613174915067683
154801	-0.000479467104261384
154901	0.005461102633997108
155001	0.023970614221233918
155101	0.00808733770186226
155201	-0.005399766201722384
155301	0.0024326960953391613
155401	0.007874073121043147
155501	0.0016836652210612982
155601	-0.015256454631851761
155701	-0.0038683117729468703
155801	0.003605546160507142
155901	-0.00025589936636636945
156001	-0.01260499855472901
156101	-0.007333114896582447
156201	-0.00767967916514811
156301	0.012722904150373306
156401	-0.0017353082714662356
156501	-0.023915975341502718
156601	-0.01255220524939557
156701	-0.02188809418195511
156801	-0.012222543127425756
156901	-0.009235505195485376
157001	-0.005930070734238143
157101	-0.018763243565316022
157201	-0.025554426255766385
157301	0.0007741263758529093
157401	-0.018212228291489357
157501	-0.0275230725335951
157601	0.017294679492614894
157701	-0.007530170638629772
157801	0.020191938344625463
157901	0.013639292901782268
158001	0.004998531751467133
158101	-0.005393695288044624
158201	0.00017638478196909405
158301	-0.002781044165612787
158401	0.018730031212008204
158501	-0.007416632476532019
158601	-0.027564759781116433
158701	-0.009669175113059755
158801	-0.009112263900731962
158901	0.025056831153872344
159001	0.01646987819527957
159101	-0.0023966762861978405
159201	-0.008696607176578363
159301	0.005782050001530259
159401	-0.022192556010817304
159501	-0.022773591426507544
159601	-0.010029994833203519
159701	-0.004941119200155079
159801	0.0033230560632591557
159901	-0.006356116550673155
160001	-0.00851154398263066
160101	-0.014895545108829926
160201	0.0024223124724553516
160301	0.012170961614386085
160401	0.016586761385536573
160501	-0.00043508915223915937
160601	0.004117234332460703
160701	0.008343262418753678
160801	0.013361320530750434
160901	0.006043109530086682
161001	0.00136550291177993
161101	-0.022930329506017505
161201	-0.005291976680150601
161301	-0.025701300195093733
161401	-0.019192435473382452
161501	0.024939797701310187
161601	0.014150000810417647
161701	0.02440431401363726
161801	-0.007750114097852083
161901	-0.00755197537712367
162001	-0.013689042956100576
162101	-0.0026082363734720223
162201	0.003111137880366437
162301	-0.0294749296206036
162401	-0.016489220342246882
162501	0.004037871350200196
162601	0.007319938654697357
162701	0.026163427099937454
162801	-0.002120453344309988
162901	0.0022695943698195996
163001	0.0004275323539161053
163101	-0.011651806651947618
163201	-0.010926837339159855
163301	-0.012291321667678365
163401	-0.018534843586171527
163501	-0.016120438625299445
163601	0.009609086382843357
163701	0.014613011837121328
163801	-0.010768908187301661
163901	0.02246746814951209
164001	-0.005544816592269105
164101	0.002842921073814342
164201	0.011397265457325386
164301	0.016915611971878054
164401	0.004330900885537006
164501	0.03166880169502821
164601	0.0019334221237053367
164701	0.024327565843715898
164801	0.006586500467449447
164901	0.02698736304444207
165001	-0.011436727069942192
165101	-0.011816087516584277
165201	0.008257142236771757
165301	0.012805151364993841
165401	-0.007700562319634688
165501	0.018054748055337043
165601	0.018663230593429583
165701	-0.010805457753716911
165801	-0.0034163696986902943
165901	-0.0014552003265058263
166001	0.0202276497837402
166101	0.01424035019555657
166201	0.01600322277345121
166301	-0.00577462268863347
166401	-0.0031695105140202248
166501	-0.016391463453223034
166601	-0.023125544535775557
166701	0.0031522647025134646
166801	-0.006266992284028546
166901	-0.010909839510368176
167001	-0.012572799227987196
167101	-0.004362341245114616
167201	0.008918189314387629
167301	-0.023265175542772933
167401	0.021699075175023893
167501	-0.007111669531668844
167601	0.006139330163628598
167701	-0.002401110088853679
167801	0.025915473474004226
167901	0.0029467885552685877
168001	-0.021350136216235667
168101	0.001297516917984098
168201	-0.017325421420366523
168301	0.001503662085283941
168401	-0.015185245549755677
168501	-0.014344612654056496
168601	-0.005970467090058307
168701	0.009692836193946557
168801	-0.0003949390142000832
168901	-0.017085482424225567
169001	0.007140665784082344
169101	-0.012566740088127179
169201	-0.014251578272934372
169301	-0.011003476064195791
169401	-0.005725602971593089
169501	0.00809653234754529
169601	-0.017262797360569633
169701	0.0006316796387078205
169801	0.02014524641231452
169901	0.008668812206561363
170001	-0.019489777266254033
170101	0.01681452917291545
170201	-0.016155490802736205
170301	-0.0046313573276460076
170401	0.005703505409673985
170501	-0.005577119674356436
170601	0.008994559951643175
170701	0.014852062130165055
170801	0.02230418618437837
170901	0.001810636793007108
171001	0.011641798599426666
171101	0.008852912065375003
171201	0.0010754975054422034
171301	-0.0022930344202414118
171401	-0.014660922928902129
171501	0.0009517192760166179
171601	0.01670459187469941
171701	-0.0009764577940713213
171801	-0.007147779739590682
171901	-0.022456056602501145
172001	-0.0013016383425051858
172101	-0.007714724996413604
172201	-0.001564975072403219
172301	-0.01962932375378865
172401	-0.006031359036042144
172501	-2.714045278524365e-05
172601	0.01088550086942321
172701	0.0024868554064463384
172801	-0.00031847994426253214
172901	-0.006901112135659019
173001	0.008752673204710642
173101	0.0071820839911384835
173201	0.009556672940647716
173301	0.01626267477355679
173401	-0.009319913846959729
173501	-0.016086604267500932
173601	0.025968542868152162
173701	0.011372751093479063
173801	0.0047513133173292055
173901	-0.004440981735513467
174001	-0.0007911664795581957
174101	-0.003631788668013919
174201	0.015107992422729673
174301	0.014932808748561456
174401	-0.004858215900737753
174501	0.012889634944558475
174601	-0.0028485694926583395
174701	0.008156410454713929
174801	-0.03382331202553118
174901	0.0010378420275906116
175001	-0.013631780359653563
175101	-0.014666285599239125
175201	0.0018422679020961463
175301	0.018328741904567965
175401	-0.004041023416038297
175501	0.00985275085859269
175601	0.04024498471515251
175701	-0.005220514191488516
175801	-0.0056614624615305715
175901	-0.009474195256011989
176001	0.016376094013263343
176101	-0.019320183866792486
176201	0.0074636553434557695
176301	-0.006177517516674912
176401	-0.013434458230235376
176501	-0.014356220674278794
176601	-0.0002980207496947098
176701	-0.038164385531348544
176801	-0.0072056742355454265
176901	0.0024650263687966754
177001	0.010101364744435381
177101	0.004880261660895237
177201	0.005725586741791456
177301	0.00046337812917892414
177401	-0.006021883879720741
177501	-0.009772404477883941
177601	-0.019720911424209037
177701	-0.026214481319019677
177801	-0.006407442448132665
177901	-0.028051713272323392
178001	-0.0037885202419392226
178101	0.030739994723804672
178201	-0.01576723462190969
178301	0.022227771048012827
178401	0.011441124533935535
178501	0.009521283501404666
178601	0.008634784947170617
178701	-0.005011844272825476
178801	0.008259248296449282
178901	-0.007337900995245762
179001	-0.0028753306706171154
179101	0.0018170065081123132
179201	-0.01884703719612452
179301	0.017097764861784853
179401	0.021240134086110907
179501	0.012678076519738249
179601	0.03105580191655081
179701	0.009107249256400845
179801	0.025760454053057835
179901	-0.0183254613325573
180001	-0.015221475454362338
180101	0.00778863230580451
180201	0.0014409835326755353
180301	0.01581127812463334
180401	0.0060621194671340375
180501	-0.006739836171729799
180601	-0.0032018585696621756
180701	0.009953434672401446
180801	0.010062111822927832
180901	0.0012170984748305859
181001	0.009503366468419892
181101	0.03756959601161016
181201	-0.0006632478705999804
181301	-0.022577217260217664
181401	-0.0044147649998385625
181501	0.004023788213113288
181601	0.00455160332331019
181701	-0.005589576851767822
181801	-0.0033443580270936728
181901	-0.004178178668517491
182001	-0.010816675871553206
182101	0.007605114920755651
182201	-0.009224022052883174
182301	-0.015594998102845065
182401	-0.007723336500313825
182501	-0.006440990271743881
182601	-0.0006521073794949757
182701	0.006047220406754931
182801	0.017052298753941823
182901	-0.0022402939414699757
183001	-0.0069254106499756244
183101	-0.011211489852515357
183201	0.008307507744449417
183301	0.002418311993357331
183401	-0.001972932744553828
183501	0.024502232650321677
183601	0.0013911655340917849
183701	-0.004469903484939069
183801	-0.01577379411865929
183901	-0.0001875216483171859
184001	-0.011806005507635631
184101	-0.005641690995318053
184201	0.004125088246983904
184301	0.013359453314086792
184401	0.007665981083520944
184501	0.001096223793354486
184601	0.01538677606370085
184701	-0.0026758091222064437
184801	-0.002334585346538361
184901	0.0001432538927006699
185001	0.008016719383027393
185101	0.002784519601518644
185201	-0.013022378146718866
185301	0.011245130109325631
185401	0.014249631171183037
185501	-0.008813844989519268
185601	-0.0004137291619295804
185701	0.005009177263986787
185801	0.007582737353007252
185901	0.0011611482225727724
186001	0.002258496362383837
186101	0.006732739429072351
186201	-0.020030588655797526
186301	0.004457257205287984
186401	0.02103139162296737
186501	0.0005991736347578355
186601	-0.010929679744482
186701	0.0008608110140906406
186801	-0.006075336469505502
186901	-0.006084200636042558
187001	-0.01423355089172161
187101	-0.03653956597282039
187201	0.005001878278871386
187301	0.013272349297167575
187401	-0.03808591793995666
187501	-0.02779814733467969
187601	-0.007332676168151494
187701	-0.025275391295785547
187801	-0.034751601062640775
187901	-0.006821322650456581
188001	0.009343496750759479
188101	0.014984491231007827
188201	-0.008652137884477492
188301	0.015732707119496064
188401	-0.011464563745539254
188501	-0.0008291444696816666
188601	-0.009995832186295408
188701	-0.005867479020177811
188801	0.00736211860346985
188901	-0.028135205122192218
189001	-0.016593276367993952
189101	0.018146056023572693
189201	0.0029038559930942708
189301	0.008690247197076804
189401	-0.012265611570539844
189501	-0.003909959527697855
189601	0.006884673396205586
189701	-0.008917477047756469
189801	-0.0166313332563603
189901	0.009484154254754571
190001	-0.017392570478666734
190101	-0.0008785672103485197
190201	0.009305905971972115
190301	-0.010351086602701853
190401	0.01820201155924582
190501	-0.015414817972654763
190601	0.0020463171476511497
190701	-0.0168889731285162
190801	-0.033656524134782415
190901	0.0011755118437291555
191001	0.007696288643936589
191101	-0.0029677940519432008
191201	-0.01164095869580549
191301	0.0012758366358034715
191401	-0.001452014859766329
191501	-0.016718524844370086
191601	-0.029019982877168563
191701	-0.019703056672518697
191801	-0.02350438223174189
191901	-0.0025666259176594483
192001	-0.01053601034409067
192101	0.0018820205921819496
192201	-0.008124626441612078
192301	-0.007972467747141358
192401	0.004632671364653618
192501	-0.019338546854948697
192601	-0.012825332451510857
192701	-0.018668124459342142
192801	0.006592990182884032
192901	-0.023797248508786457
193001	0.01947962414374987
193101	-0.017300692174857513
193201	0.015253463220553818
193301	-0.019831530184315813
193401	-0.00135686981116051
193501	-0.010920888873945723
193601	-0.010407902131879233
193701	0.0027154648320159313
193801	0.012476378245970258
193901	-0.01377788181583831
194001	0.015987394982030997
194101	0.018649037480079268
194201	0.021326963486891736
194301	-0.012113156351975865
194401	0.0138016283840549
194501	0.01685835112518281
194601	0.005172394636331876
194701	0.033977059672996905
194801	0.010565014286302606
194901	0.019683896791992974
195001	0.005995355521226925
195101	0.007090395453791435
195201	0.014908685892621738
195301	-0.014841049818814716
195401	0.004063754129998935
195501	-0.00480431185222394
195601	-0.004357019377015121
195701	0.012727677275822873
195801	0.0021973176468881713
195901	0.012512431334555152
196001	0.011629342211491133
196101	0.018222025739940334
196201	-0.0023894331489077952
196301	0.006435231914592049
196401	0.0033586662065492956
196501	0.02102055558487415
196601	-0.019345889321964824
196701	-0.0034889427331637906
196801	-0.018184077651214728
196901	-0.001121807035387727
197001	-0.029290811649392068
197101	-0.006093353879790084
197201	0.0017917508302372875
197301	0.007623476622218046
197401	0.008766766491116906
197501	0.044191925698102895
197601	-0.0004238561140683884
197701	0.01231152821479158
197801	0.011840477139450554
197901	0.014710609711285632
198001	-0.021628276487525928
198101	0.01581086300836234
198201	0.007526312743425144
198301	0.004280394809406709
198401	0.014124137201977197
198501	-0.0010220805749152405
198601	0.019232286145771615
198701	0.005219262826717707
198801	-0.004998710412129589
198901	0.011036392804344024
199001	0.0065970150180711725
199101	0.004153173751705254
199201	0.031666323610038044
199301	0.019766244376322205
199401	0.02483953150504448
199501	0.006561202510865256
199601	0.010767582141151776
199701	0.0139520937704871
199801	0.00772912042813301
199901	0.010998090108116742
200001	0.01599109516045657
200101	0.028366825255671423
200201	-0.007868259622039554
200301	0.02104176983718249
200401	0.015644263430377416
200501	0.03530463362565839
200601	0.006262280175952938
200701	0.0009065960929508895
200801	-0.0036071389014680046
200901	-0.007002500579438297
201001	0.010820330647526218
201101	0.006859133841033148
201201	-0.01389922966662937
201301	0.005364775694495385
201401	0.005603284832207582
201501	0.02295380735639125
201601	0.0011264782994747078
201701	-0.01720015171164466
201801	-0.01734624945957024
201901	-0.0015103282144112527
202001	0.0055938950645314876
202101	0.016449226015617262
202201	-0.015417902921658844
202301	-0.012656140022279458
202401	0.0012863057611992986
202501	-0.03361558260793144
202601	0.0026680567122634737
202701	-0.027085911713220185
202801	-0.010879506421036305
202901	-0.00884331102181535
203001	0.016892509395813722
203101	0.0006596299267118708
203201	0.0029308015668020955
203301	-0.0099232545478113
203401	-0.004490918144088223
203501	-0.02079115585602195
203601	-0.005822981508110815
203701	-0.025753363053078092
203801	-0.01883509864361845
203901	-0.0380322868868784
204001	-0.023250854173756816
204101	-0.017930445124319423
204201	-0.028860738561022337
204301	-0.0009611568107772664
204401	0.006545763365501687
204501	-0.00551402497688109
204601	-0.009086347143107167
204701	-0.023058120903088085
204801	0.007108380738481765
204901	0.011844707553390232
205001	-0.013533696703538463
205101	-0.017208915990508757
205201	-0.02886383559507983
205301	-0.012212288261221272
205401	-0.0024972804502434364
205501	-0.01588217671878205
205601	-0.009985445492806003
205701	0.002759580879220083
205801	0.018890019430752993
205901	0.015438863960974587
206001	0.002044142881814751
206101	-0.004464254659970475
206201	-0.026404748699822806
206301	0.013515615934021267
206401	-0.031875790944857464
206501	-0.003603963667550117
206601	-0.013923081238929727
206701	-0.021220545436695736
206801	-0.014410288842676287
206901	-0.003609550059401999
207001	-0.002490597506798718
207101	-0.004122259391800166
207201	0.006695696037921073
207301	-0.013938684686363709
207401	0.017910915552748596
207501	-0.0076399986058270945
207601	0.01568475710048291
207701	0.0035760013324482223
207801	-0.011078708364571742
207901	-0.004914263960703304
208001	-0.004778312636123822
208101	-0.009239000038074055
208201	0.021257828335083367
208301	-0.006424837163135183
208401	0.005153916623821484
208501	0.018096612991858243
208601	0.014346536322039055
208701	0.01494165526575857
208801	0.01898088285955996
208901	0.017849796640048658
209001	-0.006464368333129147
209101	-0.006758551922746993
209201	0.003445560086252046
209301	0.0068970736896045584
209401	0.01110662411680286
209501	0.012655745591793981
209601	0.0011903111151197838
209701	0.01042854572978722
209801	0.026274030112278333
209901	0.026467205842410527
210001	0.021493991120201394
210101	0.007741232160517262
210201	0.0009286419214283987
210301	0.008944001007199748
210401	0.017516590784920745
210501	-0.020187726889492885
210601	0.0014250714153659682
210701	-0.002307017388784145
210801	-0.004920350914404848
210901	-0.004973442155778742
211001	-0.008627728976386214
211101	0.0007477620347627332
211201	0.013627744600853442
211301	0.015721532536698293
211401	-0.0020527374347575145
211501	0.007408921529253464
211601	0.002553491609087838
211701	0.006523626428474505
211801	-0.010369948091720286
211901	-0.0002623604595057922
212001	-0.005936465982055132
212101	-0.009611138644296292
212201	-0.0034655670553883056
212301	-0.016690650983701323
212401	-0.01273533571536621
212501	-0.009885152572023622
212601	-0.003144310737108354
212701	-0.01097579135131341
212801	-0.01625870949824973
212901	-0.013548607435255274
213001	0.013315325720798316
213101	0.002670640313737597
213201	0.03464634578132463
213301	-0.0068677021780638725
213401	-0.014167057276769061
213501	-0.010317169752268006
213601	-0.011640485902250669
213701	0.009920501896024985
213801	-0.006076606447687725
213901	-0.0009239736596269867
214001	0.0016691495347101947
214101	-0.0063665477318858845
214201	0.025321721750636683
214301	0.012999821637436793
214401	0.018085017102236044
214501	0.00904394146117459
214601	0.03400635001655164
214701	0.022882432002330682
214801	0.0011438241504767065
214901	0.016129676771860987
215001	-0.006028842896797728
215101	0.028912591270403562
215201	0.014594389331552384
215301	0.03475275463868163
215401	0.013343114735586421
215501	-0.003868069244447164
215601	-0.006008028320434607
215701	0.013239417978284993
215801	0.01932237139430496
215901	0.016059742780562374
216001	-0.01688597312787282
216101	0.012591661328090304
216201	0.019218311812121004
216301	-0.01928381726899686
216401	0.030170755333660468
216501	0.022263720844310154
216601	-0.014312823243672624
216701	0.005549915702925186
216801	0.0019109899986209525
216901	0.003150511982621585
217001	0.00019279281916214107
217101	0.015307506011857364
217201	-0.007811955946493843
217301	-0.012207769635458115
217401	0.0009031575043121635
217501	-0.007671807472236029
217601	0.008099686675535348
217701	-0.0001584347883675345
217801	0.018438616177560405
217901	0.022094900318933575
218001	0.015192475877040925
218101	0.008181189346108194
218201	0.011978954050415769
218301	-0.0132053085185168
218401	-0.007990734829163878
218501	-0.018614010205291836
218601	0.0016023899005558082
218701	0.01933552393293673
218801	0.001420054436767309
218901	-0.022701490138015142
219001	0.00658655601922136
219101	-0.007519009180868027
219201	-0.006658024136694442
219301	-0.011197143797196663
219401	-0.021458730221290922
219501	0.02807208931003341
219601	0.006034079695078701
219701	-0.013136577479659756
219801	0.02372793428639548
219901	-0.02162590360398849
220001	0.011342456381023786
220101	0.012392205932442182
220201	0.03560441807958687
220301	0.005657187461183087
220401	-0.017200741647474458
220501	0.005166064110352457
220601	-0.012280246710660123
220701	-0.020695599418382084
220801	-0.002736185384841622
220901	-0.0011725347720454716
221001	-0.012747588399554354
221101	0.002428619059856918
221201	0.012339850270010399
221301	-0.016945969903130336
221401	-0.017062241154713748
221501	0.008138735870522166
221601	0.0013230645425106686
221701	-0.012191774881282048
221801	-0.0033082462288334612
221901	-0.01789131876186371
222001	-0.017265309711848188
222101	0.017233522195447246
222201	-0.046559529274187494
222301	0.001225003538279607
222401	0.005112378059653608
222501	-0.01200729386504568
222601	0.006635621635932262
222701	-0.03628856843164956
222801	-0.02119588525134592
222901	-0.02134132234841967
223001	-0.010689455595736488
223101	0.015655182864448534
223201	0.004006335460249036
223301	0.014325592176747417
223401	0.014542739619944952
223501	-0.016605677792468906
223601	0.025773108690525383
223701	-0.015536745818711898
223801	0.0068670989843535556
223901	0.006981065634469539
224001	0.016769596617903327
224101	-0.0030166027625845686
224201	0.030346746341775442
224301	0.004812072225245447
224401	0.0030822578630897955
224501	0.007354976359675363
224601	0.016029837226563932
224701	0.01062180250265198
224801	0.010614501745011471
224901	-0.007115133941481683
225001	0.002414578531692631
225101	0.006846437907905692
225201	0.01752598697088369
225301	0.027956949225522467
225401	-0.002732354271087022
225501	0.022008242841701567
225601	-0.00533135282821096
225701	0.021981001169002867
225801	-0.0013252642499654828
225901	-0.0011603173144216301
226001	0.009737879267986731
226101	0.006755974694013034
226201	0.014617616603050075
226301	0.00960592163225384
226401	-0.017054396368505073
226501	0.018977945136415455
226601	0.004692034395762715
226701	-0.014936743978239488
226801	-0.0015191258562211756
226901	0.0034874250986843855
227001	-0.020652026169985634
227101	-0.009051351215824803
227201	0.0033596981539668297
227301	0.016752601844535014
227401	0.009574566156512459
227501	0.00783055081661244
227601	-0.0007119828867070857
227701	0.00842051415660583
227801	-0.012156299837046943
227901	0.010410637669499139
228001	-0.0042057115287563425
228101	0.026035569094637487
228201	0.012743924882413623
228301	-0.01221300379582699
228401	0.012369785789931174
228501	0.002154160550949776
228601	0.0016328844490859163
228701	0.006585151651753257
228801	-0.015920592181007113
228901	0.008557390037113742
229001	0.011666260709840089
229101	0.0178178132121788
229201	0.018180671078099103
229301	0.0088463466665343
229401	0.00268983831304204
229501	-0.007733077243143568
229601	0.025931056224266016
229701	0.003144969395292773
229801	0.009847166539114919
229901	0.0057005889644218925
230001	-0.005277150513443235
230101	0.023365154434353278
230201	-0.005604448493043327
230301	-0.0036322528456544014
230401	0.015461215737913328
230501	0.009140182245328496
230601	0.005844452803128741
230701	-0.002529643634975497
230801	0.013696504394850144
230901	0.0031331402117609915
231001	0.024345180985689847
231101	0.00830120220082602
231201	0.019453331288179793
231301	-0.011660581102904412
231401	0.02537860800242721
231501	0.0010861608874441053
231601	0.00932345585693496
231701	0.014435521735822781
231801	-0.014039435897877702
231901	0.021426712223488117
232001	0.011499824318031827
232101	0.00039725903321994927
232201	0.01164982956150061
232301	-0.001344948456323103
232401	0.0003153759187890868
232501	-0.007329797792335879
232601	-0.016581278035465497
232701	-0.03476295913784504
232801	-0.013826067614850867
232901	0.0026550040802824485
233001	-0.0009366213132696973
233101	0.016451443478687613
233201	0.018458088212283022
233301	0.014134444029356695
233401	0.00861688406428078
233501	0.001277484150447067
233601	0.0057406067817536415
233701	0.008058165438085073
233801	-0.008786082023638696
233901	-0.006543976364139193
234001	0.00525948474633033
234101	-0.010173838525093933
234201	0.02209357651595786
234301	0.011194761132508894
234401	0.0033300886534125816
234501	0.013723997155029534
234601	-0.005033479953416068
234701	0.0079414501215176
234801	-0.00048567929236537945
234901	0.0038454136141946415
235001	-0.007935377560568113
235101	-0.0029410381649908504
235201	-0.01636499391827124
235301	-0.005889676325538709
235401	-0.04094351392373728
235501	-0.0022190110123536974
235601	-0.005750317152536457
235701	0.031501737294158116
235801	0.0029343857340286684
235901	-0.005604270796452342
236001	0.019022407759722717
236101	-0.01329479393999887
236201	0.014116343162365305
236301	0.01966217240923583
236401	-0.0228801127082622
236501	0.009325331647761814
236601	-0.02129631266389422
236701	-0.014648199424848792
236801	-0.006338554481972413
236901	-0.03125028561459501
237001	-0.002837638022876049
237101	0.009038879258514551
237201	0.0006936690244448274
237301	0.010733740579386121
237401	0.0044441398932205155
237501	0.015048792099557059
237601	0.02583736072543855
237701	-0.004396585337084335
237801	-0.00650075857344918
237901	0.002268812200415597
238001	-0.02039871082640021
238101	0.02090866735898534
238201	0.004049223701704534
238301	0.01659131709768695
238401	0.006174695725022707
238501	0.0009855235654127592
238601	0.009608882231220243
238701	0.01691083788615257
238801	0.010473631951719107
238901	0.008614519014772943
239001	-0.0023085072321953654
239101	0.009579704771325555
239201	-0.004926905112556913
239301	-0.018652560800731945
239401	-0.01347091991811994
239501	-0.01595601375343553
239601	-0.00026894283587285285
239701	-0.028623390279229277
239801	0.005379816959212185
239901	-0.035744736036850376
240001	-0.006492812195362466
240101	-0.011494666034642477
240201	-0.00409534244418306
240301	-0.006017044153632901
240401	-0.00635805476323005
240501	-0.011800996818533409
240601	0.0012759925458974092
240701	-0.019972673124866017
240801	0.005001248899613486
240901	-0.031227377875856967
241001	-0.01477716923228953
241101	-0.0026383300011142237
241201	-0.004388261676838565
241301	-0.008785230691595461
241401	0.006225296287748386
241501	-0.02070388188924354
241601	-0.02559509015660229
241701	-0.018253094096978645
241801	0.0023592558064609126
241901	-0.009028571717570343
242001	-0.026113996210209774
242101	0.01895599722951239
242201	0.006816955061292204
242301	-0.012882479533976835
242401	0.0013499598364752213
242501	-0.022151698760513445
242601	0.008893680628694544
242701	0.005449104540588744
242801	-0.006654977215375713
242901	0.0028962274549487977
243001	0.019712743461506015
243101	-0.01790943941509362
243201	-0.019820834896861966
243301	0.0049651834830595305
243401	-0.02312359526676119
243501	-0.0011765464518321308
243601	-0.012038342929267877
243701	-0.02216226870349369
243801	0.028957352311787015
243901	-0.0013132031579024164
244001	-0.0004453028252637742
244101	-0.011310510703763621
244201	-0.021382425281331083
244301	-0.0038676774898293563
244401	-0.025454592354462555
244501	-0.005162999163933645
244601	-0.015729109770300113
244701	0.002997436706687642
244801	-0.0013667869107496255
244901	-0.003219439654103371
245001	5.615846892244908e-05
245101	0.009273708231773118
245201	0.027872822637069288
245301	-0.0008381858811384272
245401	-0.012110698580806638
245501	0.010522733907092505
245601	0.010229440956305945
245701	0.006350714061147915
245801	0.002580691245993022
245901	-0.001998446034471986
246001	0.0016083100395282205
246101	0.009219177134473388
246201	0.013627635285016954
246301	-0.00658696126704422
246401	0.0007583334276457443
246501	-0.0002351825939154278
246601	-0.002910715414756185
246701	0.014365378275325729
246801	-0.023078301598662733
246901	-0.006555243087878133
247001	0.007308129936808795
247101	0.0011380355996691242
247201	0.01544546691305602
247301	0.016183539995363958
247401	0.005101998862389233
247501	0.011515435079504104
247601	-0.005878438884521844
247701	-0.0006263472834843986
247801	0.01481617486946448
247901	-0.00022454590986130106
248001	0.008469802287844498
248101	0.007207681356439235
248201	1.291316803546846e-05
248301	0.019703452021528962
248401	0.00403948348645721
248501	-0.008294574380255274
248601	0.012565451803973657
248701	0.00038466414920588777
248801	-0.008365916762312384
248901	0.03380717198502516
249001	0.02696285975223545
249101	0.017745207661168685
249201	-0.022617343133260987
249301	-0.004263107649102243
249401	0.024708723027324124
249501	-0.02085113314868551
249601	0.011585246641316872
249701	-0.003472215311237813
249801	-0.006168623600562271
249901	-0.014277175888741883
250001	0.011583250288418206
250101	0.004415367601441991
250201	-0.004723774710617091
250301	-0.018211220901325462
250401	0.010242730081851085
250501	-0.007874684372720925
250601	-0.00499246264827005
250701	-0.0202612868181226
250801	0.005121149447595922
250901	0.013436601854540299
251001	0.03163126925774713
251101	0.003976533293427086
251201	0.03197328836201526
251301	0.022896184390787073
251401	-0.011419003424380946
251501	0.012670363295125508
251601	0.013568340539773426
251701	0.012700084263597053
251801	0.009684469374422404
251901	0.002996698205166658
252001	-0.010713248651934931
252101	0.017947931046556093
252201	-0.005110021553944523
252301	0.034312666506374996
252401	-0.017515450428804837
252501	0.028220753393444424
252601	-0.0016337578067462874
252701	-0.0006434315522906675
252801	0.007744688569295994
252901	-0.004501420476812041
253001	-0.03621104230539243
253101	-0.021293930693793376
253201	-0.023750549600241793
253301	-0.006969447969736963
253401	-0.007313254895207888
253501	0.002639608614188569
253601	-0.0032859153957781177
253701	0.0014599895375258622
253801	-0.004033796561687683
253901	-0.0030089471393445083
254001	-0.014418366660901108
254101	-0.004959621902763607
254201	-0.008466743345996824
254301	-0.005306373588341672
254401	-0.03720210639714657
254501	-0.017082953163740682
254601	-5.8920461574483386e-05
254701	0.00589346152444056
254801	-0.007981876986024745
254901	-0.010530976395556767
255001	0.011948073520310014
255101	0.023768598673062677
255201	0.004674170318388883
255301	0.0023017405056259396
255401	0.00453567265331812
255501	0.026250887606954605
255601	0.0248536548788309
255701	-0.00572282900775435
255801	0.0024851820971975285
255901	-0.0008866450437555696
256001	0.01675670289450625
256101	-0.026162609032155566
256201	-0.007393529775214308
256301	-0.00870654642324244
256401	-0.020157117168581873
256501	0.0030284214020590682
256601	-0.0034474044384804605
256701	-0.03843418382123951
256801	0.00926061727225774
256901	0.02054300744210467
257001	-0.013165871307535798
257101	0.03015794765933561
257201	0.015052537999261971
257301	-0.020011612385340556
257401	0.0017812359873576743
257501	0.004491201102860847
257601	-0.008631500830109735
257701	0.004443445905991756
257801	0.008342931210860764
257901	0.008191497547479318
258001	-0.016673048530274348
258101	0.012477846314271103
258201	0.014253670512988944
258301	-0.012240281681934808
258401	-0.013639751758051868
258501	-0.012534683079589768
258601	-0.0259913186809208
258701	-0.0053378664556544995
258801	-0.009846144057816484
258901	-0.03496457290353694
259001	-0.020608977034869885
259101	-0.024906372811993892
259201	-0.009541800039247294
259301	-0.029345629352994677
259401	-0.016310677235780693
259501	0.010814110321748064
259601	-0.01597560058098335
259701	-0.023401238563003128
259801	-0.018910136638046086
259901	-0.011330832286617692
260001	0.0033976385832584577
260101	-0.01974844130873122
260201	0.01297796342334065
260301	-0.015272343045908007
260401	0.002019995267456873
260501	0.01816717323108025
260601	0.022945887774936793
260701	0.007252322985804641
260801	0.03110620315560185
260901	0.0005778703614561614
261001	0.02059789429695984
261101	-0.004885834259693065
261201	-0.018001586546816835
261301	-0.004378578816252719
261401	-0.021731177354484883
261501	-0.015922855046530023
261601	0.018321715930070353
261701	0.00027657753800285664
261801	0.0014170859468379496
261901	0.008393210870630722
262001	0.007586200142117262
262101	-0.014656317506342026
262201	0.016856375131651766
262301	0.010898510763432677
262401	0.03237943718178186
262501	0.010851384824363663
262601	-0.02592996795837406
262701	-0.006539744401612269
262801	0.006087348750705846
262901	-0.005460359509487727
263001	-0.0072224662198955795
263101	-0.02468266805069646
263201	-0.00252915048584861
263301	-0.010591959890374886
263401	0.0007913828566703314
263501	-0.004868316211862142
263601	-0.018732998791003888
263701	-0.0011839048677786763
263801	-0.0088699783698101
263901	-0.005608449807163882
264001	0.029954997777881166
264101	-0.016103009537732943
264201	-0.00819520676312605
264301	0.02654685261846619
264401	-0.015755773265804532
264501	-0.02954702702244566
264601	-0.005782373143864596
264701	0.015194162189867938
264801	0.01118002750527618
264901	0.0008310551606549222
265001	-0.03695844778932832
265101	0.020831194636214884
265201	0.015044506426103355
265301	-0.014593456808749858
265401	-0.01928904009962816
265501	-0.014178540609149113
265601	0.012861303077824873
265701	0.014285416399720962
265801	0.006321221410610756
265901	-0.009188533913976497
266001	-0.004024570538135126
266101	-0.010554903328640898
266201	-0.0047053241399836404
266301	0.009094953602712166
266401	-0.019822113525118538
266501	-0.039557850057074545
266601	0.007512139617477871
266701	-0.003520232564747256
266801	-0.013964102753348431
266901	0.02314552725889385
267001	-0.004100795240020471
267101	0.023126276531711884
267201	0.0004970256013430103
267301	-0.011257926491868478
267401	-0.0063167487680203735
267501	-0.0028541187829407727
267601	0.02400150138217771
267701	0.015090637268817523
267801	-0.012338925304161814
267901	0.006973899641875048
268001	-0.014679923020274686
268101	-0.02135004193839592
268201	-0.023732838119440658
268301	-0.008416703383241068
268401	-0.020396260486931543
268501	0.019783300907198088
268601	-0.00872667331679694
268701	0.01581051914228691
268801	-0.005002964244655814
268901	-0.012095336128467344
269001	0.018387911924013678
269101	0.013754307167374986
269201	-0.009508829147887672
269301	0.02494862241303247
269401	-0.024333291486962148
269501	0.010519921551194945
269601	0.017982777383346884
269701	-0.03541267565424917
269801	-0.023110341326029224
269901	0.006861451563741044
270001	-0.011487593909967581
270101	-0.015769769101285417
270201	-0.01954414059613983
270301	-0.0060266896925069945
270401	0.013684470938237424
270501	-0.0008508475252041543
270601	0.004211399781970812
270701	-0.008127661676410875
270801	0.011951549430660494
270901	0.005939594257342102
271001	-0.021938159275093613
271101	-0.010695829235447608
271201	0.005818054279252431
271301	0.009017263660215925
271401	0.017815560773050906
271501	0.001985269302960046
271601	0.017303660440849012
271701	0.019762236913399348
271801	-0.0026490384401729977
271901	0.008350821756304349
272001	-0.0017804108408620229
272101	-0.013866986360768867
272201	-0.018897278027346604
272301	-0.00493268629998396
272401	0.007692535900842446
272501	-0.005976737718353075
272601	0.0036218569251659865
272701	0.0036852618259219368
272801	-0.01413381022447936
272901	0.04052062450387088
273001	-0.014188600144604898
273101	-0.01731549200039946
273201	-0.005436603209463047
273301	-0.015061169452609664
273401	-0.0012340764224948195
273501	-0.016328202252254224
273601	0.00172784988054892
273701	0.0027975941907967803
273801	0.013044642789056088
273901	-0.046133034488908806
274001	-0.05609471032512513
274101	-0.0020457927041569886
274201	0.0007295575756347752
274301	0.01282160634184002
274401	-0.004651830653072455
274501	-0.019942626675997038
274601	-0.04198612939560425
274701	-0.004322685174727215
274801	-0.03126292047341515
274901	-0.03760379418113602
275001	-0.03448256857950769
275101	0.0012124385974145357
275201	0.007905317311053966
275301	-0.021671272325430608
275401	-0.01717247365237366
275501	0.0022807766310291347
275601	0.009758449099244872
275701	0.008662101274679496
275801	0.005860014028786912
275901	0.03526946369865754
276001	0.002580869394255287
276101	0.017857725156244238
276201	-0.00598174457040572
276301	7.376802383652786e-05
276401	-0.02071955099981322
276501	0.0010948244549993781
276601	-0.0020772958612247806
276701	0.005851267995165204
276801	0.0029270025976195326
276901	-0.009603958148878593
277001	0.02555933128820757
277101	0.0254322772084442
277201	0.026577750346240606
277301	0.02925460435491832
277401	0.0011408512235412413
277501	0.023468882068510714
277601	0.015851789626265513
277701	0.015939919236839885
277801	-0.0010478533177216644
277901	-0.004008933401337417
278001	0.01635180666927092
278101	-0.01684774947032402
278201	0.01902117131908194
278301	-0.02699812752110405
278401	-0.012468040500412548
278501	-0.016584900940146575
278601	-0.004070781250754758
278701	-0.010223991921865499
278801	0.0026825322568039905
278901	0.010338776438598853
279001	-0.023149281467072985
279101	0.008813155966879035
279201	-0.026857481195024253
279301	-0.009799659469192075
279401	0.01582126093290484
279501	-0.00917671449261726
279601	-0.011294636033419188
279701	-0.028919539747218823
279801	0.01173705638746137
279901	0.009551947369731511
280001	0.009906733182878038
280101	0.004827186949171978
280201	-0.011969568173185573
280301	0.023045216662202626
280401	0.008926473440111927
280501	-0.005481046467838615
280601	0.03525117084480315
280701	0.006626455210215355
280801	-0.008460458347723342
280901	0.026833512742342355
281001	0.005616666360587322
281101	-0.001315627805245906
281201	-0.033152054861692044
281301	-0.010912883721659224
281401	0.00038155696962459466
281501	0.010699260210199037
281601	-0.005270244190083758
281701	-0.005622483157929926
281801	-0.0009591149415593341
281901	0.0067899573556093025
282001	0.00863799152479802
282101	-0.01934860660675123
282201	0.028247323248762668
282301	0.01876436247653501
282401	-0.011940783898833674
282501	0.0026798061207787163
282601	0.03535370961183095
282701	0.012698546497483443
282801	0.011841007595106966
282901	0.02825458637725131
283001	0.00928763726545121
283101	-0.010027505445044674
283201	0.018646078573931277
283301	-0.0038183135537267453
283401	0.012337831018516493
283501	-0.007414021156105294
283601	0.00868375668837081
283701	-0.0018419093623974429
283801	0.009221923538772919
283901	-0.0035920823064965746
284001	0.007285282156484319
284101	0.008197655485687443
284201	0.012107543645527463
284301	0.004689957159544873
284401	-0.007201877494354809
284501	0.009154547665578886
284601	-0.011382300798335049
284701	-0.024473491208830262
284801	-0.003528258140925849
284901	0.010539774242326766
285001	-0.026949881342371106
285101	-0.032023067991313534
285201	0.007254324075558415
285301	0.012513685754749327
285401	-0.02782818231717104
285501	0.011900916097095877
285601	-0.01386878030800063
285701	0.006974875752853897
285801	0.0019151474695466492
285901	-0.014005162143630208
286001	0.0010496762971687421
286101	-0.03275133499407393
286201	-0.02506408739722063
286301	0.0027711366042583543
286401	-0.030315744258957503
286501	0.002758466070998187
286601	0.02885612152785344
286701	-0.03717110185860327
286801	0.019276376553988388
286901	0.005715051907713245
287001	0.010606546166494644
287101	0.0023012380649755733
287201	0.018886630548728436
287301	0.01056846888460066
287401	-0.009321110692350122
287501	-0.010392518902661048
287601	-0.015753945435635637
287701	-0.029934951703121375
287801	-0.014458128323683605
287901	-0.0329987426936605
288001	0.007487019482738045
288101	-0.009952149272871226
288201	-0.015039951936122325
288301	-0.01883346822416348
288401	-0.00805931153308313
288501	-0.0005487053054416732
288601	0.013715310502896727
288701	-0.01768862569158987
288801	-0.009645999882443773
288901	0.009797415482769568
289001	-0.008394963803073792
289101	0.003458611302490319
289201	0.015647919929533297
289301	-0.011735465882083566
289401	-0.004531888126229854
289501	-0.0003633750257406234
289601	-0.0028806593821058394
289701	0.015886705888602488
289801	-0.013628135786137705
289901	-0.03084041163025126
290001	-0.011194803972960491
290101	-0.023933424860552423
290201	-0.01946291936232126
290301	-0.043293486340597494
290401	0.002992432276200348
290501	0.02109778742262107
290601	-0.018185051932735112
290701	0.00720424815369586
290801	0.014986410465779837
290901	0.02640626317260325
291001	0.0054891283131493895
291101	-0.001152993088852332
291201	0.014750811415761796
291301	0.006470085724834528
291401	-0.021117714104340598
291501	-0.015329095530884003
291601	0.013746435296071727
291701	-0.01837049326284219
291801	0.027941454103284604
291901	-0.02612825127843662
292001	0.013938848521580614
292101	-0.009698775925584083
292201	0.0409202127223808
292301	-0.02099175501240059
292401	-0.0399801924119272
292501	-0.013280493165674909
292601	-0.013637815856989173
292701	0.0026193845429887913
292801	-0.034875969170962806
292901	-0.03297188933300943
293001	0.036813067709111476
293101	-0.0074874594637028
293201	0.004357849302117006
293301	0.015933303201473552
293401	0.016393973079291677
293501	0.009652865312472383
293601	0.004528357848321239
293701	0.013913226071443801
293801	-0.007233711931431097
293901	-0.01453146901714678
294001	-0.018003809817089364
294101	-0.01869483365335256
294201	-0.0002723462586761884
294301	-0.02326014257349273
294401	-0.0075444571226817156
294501	0.021581977224562027
294601	-0.007322057847002021
294701	-0.008286013425582871
294801	-0.025472431514004835
294901	-0.020552800726829645
295001	0.014606872516120174
295101	0.013894644185925623
295201	-0.012210990112415167
295301	0.012590478442758471
295401	-0.01954886004482263
295501	0.019653395673353738
295601	0.0014470672905181052
295701	0.008526898342842482
295801	-0.02914523711140463
295901	0.0021325934978248823
296001	-0.027485056363964002
296101	0.02458269584309195
296201	0.028180774355318308
296301	-0.01092789161963464
296401	0.01051496245863574
296501	-0.005693575443146718
296601	-0.006928504211098485
296701	-0.02567766246447345
296801	0.008513906652324276
296901	0.007093686896277283
297001	0.011720382585368803
297101	-0.007722506541051928
297201	0.01802536184739974
297301	0.018259517014405997
297401	-0.0011576363113643677
297501	0.000868769306430705
297601	0.028039256952707883
297701	0.006080086927888804
297801	0.003704418206944129
297901	-0.011523475044639197
298001	-0.0018064993322577934
298101	-0.01167578451761082
298201	-0.018498095049068436
298301	0.0022444862290398205
298401	0.013959635033595447
298501	-0.028263721812245502
298601	0.02157141424263328
298701	0.0036211478316204595
298801	0.013359510019708025
298901	0.009395693455265072
299001	-0.02405858479797096
299101	0.006896420413519933
299201	0.013708858651938544
299301	-0.01262869722681211
299401	-0.017159020308260362
299501	0.00047544698315600835
299601	-0.027394948566026655
299701	-0.03145558660827207
299801	-0.029042752552521568
299901	0.013346625838341189
300001	-0.019453420187715308
300101	-0.014541991553620386
300201	0.007122045058629622
300301	0.013061694966428119
300401	0.0048537384264033395
300501	0.005912261836671641
300601	-0.02431192306672052
300701	0.0008465091580329415
300801	-0.011097552576214817
300901	0.01788687798297415
301001	0.01855386809056656
301101	-0.026512554120982766
301201	0.023698994933176617
301301	-0.008423052131689533
301401	0.00932203505470515
301501	-0.019268576426303106
301601	0.005995094576684767
301701	0.008123154475274218
301801	-0.005717376181552483
301901	0.004344888143059123
302001	0.012593361134122369
302101	0.010523128398306892
302201	-0.012548982263575356
302301	-0.009303547940449125
302401	-0.016125499772794642
302501	-0.02001684006669367
302601	0.01746811847069868
302701	0.0053777015852378394
302801	0.0014079407610578854
302901	0.013159436270895022
303001	-0.013730695641280074
303101	-0.008158463118495904
303201	-0.012381880685224675
303301	0.011081576257058988
303401	0.0040315121867433865
303501	-0.015374492817687928
303601	-0.009006898320530072
303701	-0.03765293618343108
303801	0.00808730605071263
303901	0.011703440054046721
304001	-0.038833683918303094
304101	-0.024943237918242857
304201	-0.031188209834390093
304301	0.005585463720538728
304401	0.010158744631184092
304501	-0.005927857837222834
304601	0.009723026270487097
304701	-0.013799775867583429
304801	0.0037894497396828383
304901	0.004818560137790468
305001	-0.01911452789364916
305101	0.014485727048222676
305201	-0.00956649146203103
305301	-0.014724776938937364
305401	-0.005992764905563509
305501	0.007600667419934684
305601	0.00859523094310588
305701	0.009084373650848172
305801	0.030832839702838094
305901	-0.0036500774947823577
306001	0.004170945555293422
306101	0.02169071142990089
306201	-0.01594846962847722
306301	-0.013440747513692685
306401	-0.012908925099986316
306501	0.013533824386075165
306601	0.01140340667610503
306701	-0.0049103111424142415
306801	-0.011180187161584854
306901	-0.002935063252335705
307001	-0.02461613781241464
307101	-0.018091981474843925
307201	0.0028252481672587627
307301	-0.001471998493818295
307401	-0.011115563890834896
307501	0.0066736196552099
307601	-0.020905112372000805
307701	-0.01458421563333385
307801	-0.02584267698750039
307901	0.00839604070506816
308001	0.014136491701981245
308101	-0.0191015577429168
308201	-0.03596961398583157
308301	0.0032597785869420324
308401	-0.008502157680298085
308501	0.017421366029618413
308601	-0.01617261747170946
308701	0.01448231513855394
308801	-0.003823046799259158
308901	0.021520445822116516
309001	-0.019172887049280125
309101	0.03492801495653188
309201	-0.015041920437223895
309301	-0.011602666137510893
309401	0.02358499167870915
309501	0.01039197149225162
309601	-0.02020638994679257
309701	-0.017850936369897662
309801	-0.004779213689963453
309901	0.01006815132837161
310001	0.008528835560963448
310101	-0.00125898846582339
310201	0.0050988724772896375
310301	0.02551322902224188
310401	0.019166451697608118
310501	0.011593667642416868
310601	0.008007762308846658
310701	0.0019044068745291674
310801	-0.008024615993771028
310901	-0.012401115949307517
311001	0.01827695302506842
311101	0.0034368193056811933
311201	0.01344206308790087
311301	0.017178056055095158
311401	0.016545640378182833
311501	0.01425421508811731
311601	0.032671297268058536
311701	0.033185835648999386
311801	0.023006818522899604
311901	-0.0028295652755153484
312001	-0.005317418495935328
312101	-0.00011020444469829784
312201	-0.021276173077997187
312301	0.016143252135539975
312401	-0.01484242680133923
312501	-0.008828323737509873
312601	0.0011447268667702936
312701	0.006825335150083548
312801	0.023804130726563573
312901	0.010949864584804866
313001	0.036569776116470665
313101	0.01667477480652077
313201	0.02918742749795881
313301	0.03948917158668163
313401	-0.02494761978629258
313501	0.012787721639773769
313601	0.014388223930138298
313701	-0.0009543307444700647
313801	0.0019326586474194452
313901	0.0028543330459276724
314001	0.008245303340409672
314101	0.021376306186853062
314201	0.01634875296908743
314301	0.023752835876760133
314401	0.0077964894769155975
314501	-0.0011368234961396842
314601	0.02103420868535558
314701	0.027217924528760408
314801	0.009186783710538894
314901	0.025057621350879352
315001	0.001815873242096839
315101	0.032317638374756215
315201	0.02556553366479678
315301	-0.0015403194682906747
315401	-0.011590341368104645
315501	-0.007957969998592527
315601	0.004759320796292132
315701	-0.012036272236590264
315801	-0.024635473104606048
315901	-0.02095335986779202
316001	-0.019497907546667387
316101	-0.00032257195321704914
316201	-0.020431002328243207
316301	0.02598634475532493
316401	-0.023570873861618144
316501	-0.006269043042440918
316601	-0.009793995257035497
316701	-0.019988304989635084
316801	-0.006174529384738197
316901	-0.02032360865669521
317001	-0.015417474919471907
317101	-0.00319572314290248
317201	-0.006612979711435983
317301	-7.571194870667273e-05
317401	0.024558047875640043
317501	-0.007674358530604632
317601	-0.018423233995915944
317701	-0.01780140034703728
317801	0.02798096056420265
317901	0.004311456801295969
318001	0.009032200877329317
318101	0.009858829052148733
318201	0.0048980979282231
318301	0.009147703634900512
318401	-0.011309027183750325
318501	-0.0034978621326459737
318601	0.019504040498723934
318701	-0.007869789117634512
318801	-0.008463335121813914
318901	-0.008984709949910297
319001	0.004555364837936506
319101	-0.02127711089180614
319201	-0.02853370651332627
319301	-0.018845687814890343
319401	-0.017025817756407963
319501	0.011128947165170844
319601	0.001133872310154582
319701	0.012482770066399296
319801	0.01076180529584191
319901	0.021121074250203285
320001	0.012662958334263756
320101	-0.027188040043898746
320201	0.004385238189288612
320301	0.0038454839268876376
320401	0.022805668077052307
320501	0.020866190878528475
320601	0.0010733387216827134
320701	-0.001202390771252024
320801	-0.0009629961528704714
320901	0.003668578352750194
321001	-0.004993113795047212
321101	0.027530219400377986
321201	0.009977744045806562
321301	0.01702213713269194
321401	-0.008989182786074086
321501	-0.03767714220002416
321601	-0.02486684250738692
321701	0.01857034227293104
321801	-0.0018697605939555118
321901	0.02824532763220206
322001	-0.0021698936925656567
322101	-0.0036213164226702567
322201	-0.0061879915459303525
322301	-0.011825942403198984
322401	0.010104352223536296
322501	-0.0028480613738547356
322601	-0.01552710948785903
322701	-0.027920484444258965
322801	-0.03955689343628077
322901	0.02337391788958151
323001	-0.01034772413016274
323101	-0.007557597526917831
323201	-0.01661352311385111
323301	-0.014394170527938396
323401	0.0034588377719884564
323501	9.70143148702293e-05
323601	-0.02512433485383424
323701	0.0063995156892799636
323801	-0.00751418592370191
323901	-0.007892024093898406
324001	0.021329762015575227
324101	-0.03263223853483704
324201	0.0016317716297358763
324301	-0.005871603788584595
324401	-0.022220624629105665
324501	0.013902795042053351
324601	-0.018186881926371485
324701	-0.009097079680157187
324801	-0.00156369478169269
324901	0.022421507427457184
325001	0.0009069591417712813
325101	0.008178271428179994
325201	0.04257168005521638
325301	-0.0062680732510644365
325401	0.009706175177928144
325501	-0.012498650691972627
325601	-0.013112754711841298
325701	-0.006824201633561313
325801	-0.05675245013278256
325901	0.0033590506888799354
326001	0.01406280574567767
326101	0.012495950115228034
326201	0.027370632482076804
326301	-0.0007040373246651217
326401	0.035287704545790236
326501	0.025410376282945395
326601	0.00678637478251666
326701	0.019725843769478228
326801	0.013145241426770727
326901	0.008875217559291968
327001	-0.007092806361218669
327101	-0.023197203258528903
327201	-0.01882834952463784
327301	-0.04791675137755992
327401	-0.006855036503116635
327501	-0.028642966236301918
327601	0.012714633377418452
327701	0.047136607548449276
327801	-0.004749252333686338
327901	0.008841516307881077
328001	-0.008542009487558781
328101	-0.013253118401770812
328201	0.018934787566032438
328301	0.007276727157040812
328401	0.01799775988525057
328501	0.016838380566824625
328601	-0.0024333095028933023
328701	0.015073105158448
328801	-0.004327101510229846
328901	0.003313763268268262
329001	0.041370690034266654
329101	0.008027420971105825
329201	-0.0012630714109878463
329301	0.026130630056474043
329401	0.030684246247151305
329501	0.014779333269099875
329601	0.032010084036140446
329701	0.02983475127626696
329801	0.010761243617933807
329901	0.010512146914470319
330001	-0.0023295118748696587
330101	0.003956855592654124
330201	0.004999956508667314
330301	-0.0017316083587296542
330401	0.018047536443943246
330501	0.007515728195141651
330601	0.008533224120580123
330701	-0.028267389409609982
330801	0.016580118519377973
330901	-0.011008659789203555
331001	0.008156458354642977
331101	0.021347077847517097
331201	-0.00364872555154722
331301	0.028110934285077088
331401	0.004168667625204872
331501	0.015692945441531343
331601	-0.024233660488543186
331701	-0.0035764883062039078
331801	-0.005094231069053837
331901	-0.03154356745958185
332001	-0.0027979709719423143
332101	-0.007807529127662842
332201	0.006288737633442427
332301	0.0077761629977930275
332401	-0.002380667382185364
332501	0.009100305611329613
332601	-0.0020681037244049127
332701	0.009767553976209842
332801	-0.026950497475135154
332901	-0.0015091920599769192
333001	-0.0036316870951136615
333101	-0.009524941522578894
333201	-0.008230026394377952
333301	0.00920843482765971
333401	0.01930796573735506
333501	0.010995955847450879
333601	0.014349027376447412
333701	-0.006993116125541969
333801	-0.014941548568856395
333901	0.014501493336437635
334001	-0.01657711231679449
334101	-0.04278603270076293
334201	-0.015343076996386174
334301	0.009532732149985063
334401	0.011186227190815494
334501	0.010991665797719982
334601	-0.0020505084977184215
334701	0.015420242112037
334801	0.024202367335847363
334901	0.026715893267169645
335001	-0.02438023574410535
335101	-0.012580167554133008
335201	0.017996248669058013
335301	0.028958806089815842
335401	-0.016726367740391383
335501	-0.03775718646198867
335601	0.006270769671674139
335701	0.006738252460398984
335801	0.025202083752717003
335901	-0.005031351587250191
336001	-0.014853355781236144
336101	0.04173460656832561
336201	0.0023277831884445563
336301	0.022295120887481555
336401	0.008598882003228614
336501	-0.0010343990323102355
336601	-0.00667853275320966
336701	0.00806838492210742
336801	0.018275617220541548
336901	0.02284079676153105
337001	0.011780961766071078
337101	-0.006180363561936198
337201	-0.006753688531361402
337301	-0.0004265349270892752
337401	-0.012524823790128968
337501	-0.020187446435787865
337601	0.01618594320540164
337701	-0.01927492594145408
337801	-0.011546843070571815
337901	0.011560072795650267
338001	-0.03780028538342528
338101	-0.012410669836867292
338201	-0.025351784061138267
338301	-0.0026086217363718808
338401	-0.005926803564339163
338501	0.007819194403862136
338601	-0.018184311495480072
338701	0.0028114698361704363
338801	-0.0005281010408906391
338901	0.015970293006951432
339001	0.007845525913384463
339101	-0.0007414802361437825
339201	0.028597877960973708
339301	0.007999766694794842
339401	-0.00836011353788153
339501	0.014085667899776416
339601	-0.013561754990320732
339701	-0.007223403517508783
339801	0.00907107685827794
339901	-0.013760462957297862
340001	-0.008799657656802231
340101	0.028562564854177016
340201	0.027393133321924695
340301	-0.004805544011476446
340401	-0.0067489184081974025
340501	-0.011492355800568498
340601	0.005850191119739734
340701	-0.010289389311643112
340801	0.0038747358594057686
340901	0.0035844038264124
341001	-0.0070639384517687835
341101	0.007329659087501717
341201	-0.004508197496931988
341301	-0.014588594362457954
341401	-0.005934839077285921
341501	-0.008741065063030521
341601	0.021455100393513917
341701	0.03125512463850481
341801	-0.022171231584876598
341901	0.022696792866771755
342001	0.017737786337660804
342101	-0.02276889870613697
342201	-0.03060005028730326
342301	-0.011482487143673078
342401	-0.013285002602394624
342501	0.02533462832578968
342601	0.014220584525159556
342701	-0.014172680417203593
342801	-0.03406671674095214
342901	0.01218755104883817
343001	0.02406908020759885
343101	0.010522696881434196
343201	0.0337011762816362
343301	0.00835554539907761
343401	0.03627804068767178
343501	-0.032295165921878956
343601	0.0064847282017664425
343701	0.015102241015242665
343801	0.023050332947754028
343901	-0.005145532147366275
344001	0.015904854052029363
344101	-0.0024484689916188175
344201	0.04597734926274421
344301	0.0312162268217169
344401	0.016884663899835898
344501	-0.022204732290443504
344601	0.014769218068005468
344701	0.029841932170218143
344801	0.00818149031859423
344901	0.016662401146545103
345001	0.01747331312691054
345101	-0.007271972891713861
345201	0.004323399035492306
345301	-0.01545196514572046
345401	0.014535997629020345
345501	0.005312262383604569
345601	-0.0027576295568093904
345701	0.005710218869396798
345801	-0.024385050795277283
345901	-0.006883612135701519
346001	0.03322880038990575
346101	-0.0019760906897096863
346201	-0.001993537688509561
346301	0.019477447676490425
346401	-0.0028363731003757196
346501	0.013403642626927267
346601	0.00620411776301787
346701	-0.02951747108099591
346801	-0.013091757223791906
346901	-0.009510446244937654
347001	-0.018462981417768663
347101	-0.016449369863431127
347201	0.0167353941669892
347301	-0.007880831732711755
347401	0.008665044118030363
347501	0.012657089723772861
347601	-0.00853302900617817
347701	-0.042086930636354755
347801	-0.028212518036831724
347901	-0.015905807678128683
348001	-0.027897529568498832
348101	-0.03577056071426291
348201	0.01819430992246853
348301	-0.0069777317500655765
348401	0.00809216615514588
348501	-0.011446030219212519
348601	-0.019766851346611714
348701	-0.0036526654042136493
348801	0.019330012389468434
348901	0.008424835910624155
349001	0.005477058043429553
349101	0.01046184912712024
349201	-0.03694006440384892
349301	-0.006015262712761377
349401	-0.009885428562153636
349501	-0.0014265080222950316
349601	0.02573790400001818
349701	-0.0006016463224659811
349801	0.029928699597144653
349901	0.005757949338212185
350001	-0.010983927461702282
350101	-0.013150747345223585
350201	-0.00833357448730371
350301	-0.007091490202494708
350401	-0.014281921200349925
350501	0.004647525151629105
350601	-0.006165030669394639
350701	0.013682518708688614
350801	0.0006317361925067754
350901	0.02032724872108938
351001	0.02437345430975264
351101	0.024551442691771105
351201	0.017339975354545283
351301	0.011876713633144126
351401	-0.010963635248868099
351501	6.845143915234476e-05
351601	0.008317642382591103
351701	-0.023162617760004674
351801	0.014762524534956783
351901	-0.020927227389686446
352001	0.0070670307148111575
352101	-0.0015453319681321012
352201	0.022141826877394594
352301	-0.021043325271613823
352401	0.01626299931645165
352501	0.027317890086549095
352601	0.03149688052981501
352701	0.013042679954721085
352801	0.028467878191191735
352901	-0.010505926220523138
353001	-0.019768378762241447
353101	0.02374288473861605
353201	-0.021615921634535084
353301	0.011157353272998915
353401	0.019739813909038378
353501	-0.0157516368298556
353601	-0.008415945084094894
353701	-0.004648068417290313
353801	0.0016734482421065565
353901	-0.013421627296737368
354001	0.014065988027944863
354101	0.0008620356847092312
354201	-0.0037830370019393002
354301	0.0374672750678017
354401	0.014217125486059839
354501	-0.009720327686409918
354601	-0.006776654232050034
354701	-0.009788678194111134
354801	0.005285155214058456
354901	0.013399571072229298
355001	0.03014560068971661
355101	0.01640837984074866
355201	-0.024205778057506767
355301	0.0071029820976513
355401	0.020112686211606466
355501	0.04534808508992755
355601	0.001864159422204762
355701	-0.020726687121374304
355801	0.015375420341741915
355901	0.02744430400008164
356001	-0.020170099685238863
356101	-0.015110042497941789
356201	0.021445133158412694
356301	-0.007946814177232893
356401	0.013984562661480966
356501	-0.01158901819519139
356601	-0.023468893903057366
356701	-0.0036324487039855204
356801	0.010320661186446521
356901	-0.01244201741785016
357001	0.011689734749474628
357101	-0.02591803187677558
357201	-0.03923738438747288
357301	0.01954512714490036
357401	-0.014628103134870197
357501	0.028720235289485
357601	-0.0074655458610436935
357701	0.010034472254400134
357801	0.02349172652772283
357901	0.024670745500258603
358001	-0.0411429969510402
358101	0.009691117284876226
358201	0.023455783088983443
358301	0.01121387266143429
358401	-0.017302484562115358
358501	0.005395656604156837
358601	-0.010703294784785381
358701	0.015854203919329568
358801	0.0012690762629964248
358901	0.04387962311391354
359001	0.006989633561580109
359101	0.015686995332841038
359201	0.007955924189586454
359301	0.010266956381900649
359401	-0.021077768956742727
359501	0.003789892316808566
359601	0.03875274762453789
359701	0.00413941037131586
359801	-0.010174449613562762
359901	0.02067540039026724
360001	0.017940149782788985
360101	0.019930699472206326
360201	0.018059570940538578
360301	0.012068396973046368
360401	0.011908352325756004
360501	0.003031960614708807
360601	0.023101344933673766
360701	-0.015038219545233612
360801	0.003352806758532943
360901	0.03648578055064433
361001	0.0119042613567841
361101	0.00429185386160878
361201	0.007630956738903497
361301	-0.01586542956375535
361401	0.04764735336331218
361501	-0.018066307746732353
361601	-0.03064616537466042
361701	-0.00427285292003146
361801	0.009193042447353653
361901	-0.023211515313248197
362001	-0.018158417689588313
362101	0.001516423719502666
362201	0.012453238336807504
362301	-0.007709273058372069
362401	-0.012426556823794115
362501	0.01440207458176926
362601	-0.013103824066123792
362701	0.023777069525008007
362801	-0.02908313543791002
362901	0.016900379635027482
363001	-0.009112919628746396
363101	-0.0027521118417654475
363201	0.027822170993737818
363301	0.012903111475729345
363401	-0.00986258141189162
363501	-0.012824494825223865
363601	0.017144703937992785
363701	-0.012397002977491817
363801	-0.001711671159521743
363901	0.04258331625365367
364001	-0.0059135533432530364
364101	0.024180716173179864
364201	-0.012496654650309632
364301	-0.006059630063792966
364401	-0.006932035126660673
364501	0.01011810140474704
364601	0.005504177909113755
364701	0.025318420211969277
364801	0.017379368871074368
364901	-0.01241930667990589
365001	-0.018037177196126342
365101	-0.033603690600340574
365201	-0.006966908123443669
365301	0.015573639873673923
365401	-0.00831431212673961
365501	-0.0016828057361616775
365601	0.0031283711931040722
365701	-0.0066800412669656495
365801	-0.004401367738875154
365901	-0.02229219711300894
366001	0.024130241987319286
366101	-0.02544229804060549
366201	-0.002616481401163902
366301	-0.026711755772260315
366401	-0.022236081260600227
366501	-0.017290018871269675
366601	0.001917820555072058
366701	0.035288924206273616
366801	-0.014830741564305795
366901	0.005811782284557151
367001	-0.009304988403664078
367101	0.004014070995145686
367201	-0.01884031254709974
367301	-0.04000824206002179
367401	-0.0011148880234812765
367501	0.013910238004031556
367601	0.013266504659414546
367701	0.02088522822329276
367801	-0.0002461036069382467
367901	-0.01711975858865174
368001	0.012584727965182924
368101	-0.02577841147076884
368201	0.03530879707838188
368301	0.04550832042979599
368401	-0.030333433482612526
368501	0.03385415628149891
368601	-0.009248365013171977
368701	-0.0044969109603856285
368801	-0.01633761400759189
368901	0.006581546267363184
369001	0.037009341323505925
369101	0.0035774433252726357
369201	0.02163495591248933
369301	-0.006465133316251159
369401	-0.01308260822347708
369501	-0.004248220719323234
369601	0.004355755927190898
369701	-0.008797116208783894
369801	-0.02754202927211587
369901	-0.02721134304434924
370001	-0.006205974845544384
370101	-0.0150275208228007
370201	-0.016353632438452375
370301	-0.006696953122596245
370401	0.015966669889719162
370501	0.00256602547572794
370601	0.05444763905192681
370701	0.0038385502071979017
370801	0.02926069794325346
370901	-0.001282616058510985
371001	-0.012004734650025134
371101	0.01982522734692454
371201	0.00929105174471202
371301	-0.017179085691018496
371401	0.003631787153586685
371501	-0.017226554372678074
371601	0.019538359955272987
371701	0.020984467303884966
371801	0.012429911226979094
371901	-0.009752936713162925
372001	-0.016810176720432297
372101	0.053306890809437464
372201	-0.010839495143449228
372301	-0.0033671042421090044
372401	-0.04362606549233517
372501	0.033544786000398695
372601	-0.023485218483543607
372701	-0.028078477555047776
372801	0.022871035808347703
372901	-0.015328930101533168
373001	0.007773276385618773
373101	0.009676206264697087
373201	0.024098891897473256
373301	0.026726186479886265
373401	0.0043402484655973034
373501	0.008139872457649995
373601	-0.03315904234544636
373701	0.0007401563914169441
373801	0.015200000853414285
373901	-0.01331398526291859
374001	0.013361436071300366
374101	-0.00774638500866902
374201	-0.006202236514180083
374301	0.013581682571587265
374401	0.017777547992852187
374501	0.00348905820159814
374601	0.030534687983654343
374701	0.04413816562645188
374801	-0.003813418382142587
374901	0.012859927583158693
375001	-0.020801087207927515
375101	-0.02838664840218774
375201	0.011365113483952416
375301	0.021519113016079658
375401	-0.0028081172168972356
375501	-0.013279108508534187
375601	-0.00540226850616162
375701	0.005140916723513537
375801	-0.005076617384573767
375901	-0.002440192684741892
376001	-0.020042712716150837
376101	-0.042322389839075984
376201	-0.016023469287779393
376301	-0.037852115676247
376401	-4.9128820325680486e-05
376501	-0.006025666452097164
376601	-0.06413873820542736
376701	-0.0009644671209768462
376801	-0.011765168677428306
376901	0.003916266976690856
377001	-0.02176544187793781
377101	-0.0116993500833063
377201	-0.02043441220728896
377301	-0.0010566412429057264
377401	0.019305470652065195
377501	-0.004004040791754218
377601	-0.0038319061188699546
377701	-0.007252418144213608
377801	-0.019741515920289048
377901	0.0008666839818809449
378001	0.014856178514186478
378101	-0.044544007199676765
378201	-0.003677076741461392
378301	0.027604268720533183
378401	-0.01318263892441016
378501	-0.026753454152150257
378601	-0.010564019262063342
378701	-0.023712487067882218
378801	-0.004173791889017038
378901	-0.010175815835683246
379001	-0.029190172778773477
379101	-0.0018779902382549643
379201	0.0116646776930962
379301	0.01665998391192439
379401	0.031108096869048748
379501	-0.002133410146068462
379601	0.011942570254951481
379701	-0.01762037715152684
379801	0.02167366165132087
379901	-0.01767198280051333
380001	0.04054836884495337
380101	0.029697556428537386
380201	0.022993196314456406
380301	0.06378149062818567
380401	0.03948509588723544
380501	0.05083890954639652
380601	0.008201323223487532
380701	0.02039436360799013
380801	-0.020230580033433018
380901	-0.0055069529053439915
381001	-0.0011297201264397544
381101	-0.00953071812876867
381201	-0.0014301168985975236
381301	-0.024865575205072366
381401	-0.00011689838387157882
381501	-0.013401701753684932
381601	-0.02568804962861192
381701	-0.0187367506459377
381801	0.01888491655490439
381901	0.02379565730502617
382001	-0.012567160518177946
382101	-0.01788928675729836
382201	-0.044980887425911054
382301	-0.010981213543574916
382401	-0.0024183705929614963
382501	-0.003759606212676512
382601	0.01832830789780989
382701	0.014215507736174054
382801	-0.011079135531736143
382901	0.006001537117141687
383001	0.03013483844104657
383101	0.0020340679553754247
383201	-0.024322490098508568
383301	-0.009421527264787696
383401	-0.030862859711857173
383501	-0.020597642883061252
383601	-0.018999303729960067
383701	-0.04742608542550502
383801	-0.07283909012786131
383901	-0.01805689968447163
384001	0.025132567284072514
384101	0.03677242302138499
384201	0.01708043090605842
384301	-0.007512599680734591
384401	0.017257692522418076
384501	0.0002440171019702668
384601	-0.003433788192857273
384701	-0.03657775628640114
384801	0.028931527232045437
384901	-0.01816631290356698
385001	0.005859782943891491
385101	0.023622435170908028
385201	-0.017297008947389402
385301	-0.040337606416751215
385401	0.021118620536484466
385501	-0.014158382504729592
385601	0.007978164206350011
385701	0.04037362640807927
385801	-0.02377724338049533
385901	-0.020722547182126284
386001	0.04379264240704939
386101	-0.030614357400207376
386201	0.033855054853044284
386301	0.04546379751027059
386401	-0.029412640822354476
386501	0.010137807993504153
386601	-0.021534970378684275
386701	-0.01358690146243042
386801	0.0015108264951311724
386901	0.03675247019207345
387001	-0.018457485140030528
387101	-0.02302576357490044
387201	-0.018387864194884692
387301	-0.029315755423576964
387401	-0.018102441570609702
387501	-0.026227884045585133
387601	-0.022800989870891616
387701	-0.02724368707670079
387801	-0.04995341518267184
387901	-0.01943624135260696
388001	-0.007568318654523578
388101	-0.019969571741100225
388201	0.0157999127695508
388301	-0.015383670037968877
388401	-0.04955791505610164
388501	-0.01097759504173993
388601	-0.03535098092139583
388701	0.0032333009788405535
388801	0.020561944227382414
388901	-0.007669616285806628
389001	0.027150381138659203
389101	-0.002858876285877824
389201	0.009109660357401484
389301	0.029169407643335536
389401	-0.008901054940433709
389501	0.005404537501509046
389601	0.013122307050813825
389701	-0.046594125483773514
389801	-0.014308911413603355
389901	0.0015856900685334956
390001	-0.040449691271469204
390101	0.005751377931004787
390201	0.002802183554355315
390301	-0.028900041530744183
390401	-0.035011982067067564
390501	0.019976830721045093
390601	0.0021193011156918577
390701	0.031582152355470364
390801	-0.02669173876387585
390901	-0.0050777615096777515
391001	-0.03866063269432006
391101	-0.02535244733471997
391201	-0.022817313024248432
391301	0.0272451178043121
391401	-0.01432368667050499
391501	0.002515828828584623
391601	-0.005372737516703438
391701	0.02673616795971282
391801	0.022841974951758902
391901	-0.0028426107414848017
392001	-0.0029851880723587927
392101	-0.016900502933695875
392201	0.018801012241858893
392301	-0.0001592888721895772
392401	0.02196835747792164
392501	0.0027599392708920643
392601	0.001969470361568414
392701	0.03148262937860296
392801	0.004787374110894762
392901	0.012801508059194014
393001	0.017102492945359777
393101	0.035347503693987085
393201	0.005808116873433489
393301	0.019296260084020647
393401	0.03439924694518705
393501	0.0188462661439069
393601	0.008551580045204798
393701	0.03488873213362647
393801	-0.011178307711841074
393901	0.02641926027938126
394001	0.03771388652026345
394101	0.01923437247993953
394201	0.04951427608004502
394301	0.00871950619312647
394401	-8.127895664907383e-05
394501	0.0228856672326177
394601	-0.034904372052567446
394701	-0.02746580009526885
394801	-0.055509330886883784
394901	0.014302573099141019
395001	0.0028067925864901032
395101	0.011302982440437918
395201	0.017988499466360688
395301	-0.00795474512258494
395401	0.01581436145293459
395501	0.01521216075521213
395601	-0.010467475410275949
395701	-0.024382568265689897
395801	-0.03837888923247166
395901	0.024138936655668426
396001	-0.012339455448582554
396101	0.007294318178250173
396201	0.008689915924659423
396301	0.005342885722974016
396401	0.0036848273712881395
396501	-0.005052117906901908
396601	-0.015965218013264382
396701	-0.015244466289229269
396801	0.011437069592390454
396901	-0.0023860581434395453
397001	0.0011296266988047694
397101	-0.04075443312893404
397201	-0.014309171655967472
397301	-0.0031401676627302705
397401	-0.027704548398617274
397501	-0.00798350055829493
397601	0.01397500919143246
397701	-0.02854688530582565
397801	0.038814507705495695
397901	0.006186737577407458
398001	-0.011192343465194685
398101	0.02101644933878541
398201	-0.001304772508496584
398301	0.0025727694745021888
398401	0.013286635883699556
398501	0.0011971691096522748
398601	0.041129740941729685
398701	0.00991569952580891
398801	-0.03771179970026424
398901	0.006771363187668748
399001	0.0018477278183984458
399101	0.007691846593535439
399201	0.058591397647475355
399301	0.036320193805652004
399401	-0.04416693628993647
399501	0.010165483475591966
399601	0.00813361296172384
399701	-0.005509454769498618
399801	-0.019373346050921832
399901	-0.00832433895208537
400001	0.006162721995294576
400101	-0.04935923775722488
400201	-0.023902592351833542
400301	-0.02221562360702854
400401	-0.011981548583093984
400501	0.034424376940783895
400601	-0.010385119191054594
400701	-0.02070197529367626
400801	0.020420993474859733
400901	-0.01610404880298433
401001	-0.01444414643687461
401101	-0.020755167975105918
401201	0.010615916588216829
401301	-0.021587813576614177
401401	-0.005190295067550432
401501	-0.02994486247551701
401601	-0.02367075955709248
401701	-0.031282843575924445
401801	0.0013000002522295638
401901	-0.009920695306221854
402001	-0.031645023965288836
402101	0.019233392133119098
402201	-0.0036769982986853515
402301	0.025112012589495598
402401	-0.00877267403643127
402501	-0.02132984279261881
402601	0.01977560261810205
402701	0.0256227755906405
402801	-0.020373486609896966
402901	0.032977132530599466
403001	-0.020155248900548945
403101	0.04280239751035757
403201	-0.02351948363705899
403301	-0.041148133846465984
403401	-0.03180926334069218
403501	0.006283316978381496
403601	0.05099222696368336
403701	-0.006550015676009564
403801	0.02988685735046306
403901	-0.038583990469780595
404001	-0.008038667308908242
404101	-0.0070558191670839895
404201	-0.006502009296770859
404301	0.010604750287324381
404401	0.002446018933021368
404501	0.012548599834641041
404601	-0.0017167405775355942
404701	0.0024015352823284525
404801	0.001731372073921175
404901	0.01768156912110747
405001	0.0020896582521917825
405101	-0.004770042633667034
405201	-0.036850294080269054
405301	0.024243280832510067
405401	-0.03207649146917628
405501	0.014234252762322212
405601	-0.0028837498384630925
405701	-0.05175829017216138
405801	-0.01266667914913261
405901	-0.054987358231994646
406001	-0.006090781596666866
406101	-0.013779027406027287
406201	-0.025519051759631154
406301	0.0446840938025603
406401	0.0022814736660901466
406501	-0.05299139639715512
406601	0.03423964049494966
406701	0.005747531505973342
406801	0.02539456277041053
406901	-0.01945805789907861
407001	0.002118431443517311
407101	-0.02762002422557077
407201	-0.022017352933761825
407301	-0.0032339124051139526
407401	0.008857929332435992
407501	0.018413156416382293
407601	-0.0023006991717960013
407701	0.006756360523766401
407801	-0.005637584453175872
407901	0.006690089700417277
408001	0.03924138967554159
408101	-0.027736718385703654
408201	0.003992602516431038
408301	0.007182343789422434
408401	0.012336413199594463
408501	0.012803085359829094
408601	-0.003763114062638951
408701	-0.03428261489934409
408801	-0.008531810416041858
408901	0.030600243215464396
409001	0.008073218651215236
409101	0.02671152984173127
409201	0.019804689516007272
409301	0.036069281896042124
409401	0.02221502585235137
409501	2.0567276848294823e-05
409601	-0.00612376829272574
409701	0.010390808852420701
409801	-0.017864709019037195
409901	0.025459687206503708
410001	0.04173418442268309
410101	0.031962847817163464
410201	0.008756744846706422
410301	0.011945114636935364
410401	0.02754987967574887
410501	0.030338686582810716
410601	0.012303738737439176
410701	-0.022273452253865293
410801	0.019352711220750465
410901	-0.0019540136541627137
411001	-0.005765238823048474
411101	0.00341409448622054
411201	0.03919685702041255
411301	-0.008733724801232995
411401	0.008335112940413133
411501	0.03255037259530149
411601	0.024605119375035338
411701	0.003991605970173427
411801	0.05957079862270211
411901	0.04289468412879968
412001	-0.023893577501684506
412101	-0.032339820873649346
412201	-0.04011138447243119
412301	-0.04763743682166994
412401	-0.05213613031225194
412501	0.019708322294259353
412601	0.010115432232440874
412701	0.024455638225869474
412801	0.011468265278978665
412901	0.041292486571889234
413001	0.02001982025832519
413101	0.013402437943711716
413201	0.015009586520031683
413301	-0.03488360719040961
413401	-0.016606192769843965
413501	0.02706121731471978
413601	0.014312960426488438
413701	-0.018407847195078646
413801	-0.04130279815510162
413901	-0.023350074652324276
414001	0.024082127666235718
414101	-0.05004954634354914
414201	0.014459176413604962
414301	0.05999911893804217
414401	0.007918563034405074
414501	0.00046800459051135016
414601	-0.027234121001607565
414701	-0.03476951710498518
414801	-0.01625609941137902
414901	0.012615324599013482
415001	0.02716384578214562
415101	0.013732456419139415
415201	-0.016189987473840504
415301	0.0271468714592383
415401	0.015679003829377428
415501	-0.00013675553478284858
415601	0.008599518692729251
415701	-0.020308641872192966
415801	-0.016268267940477872
415901	-0.03700544829283037
416001	0.0051847039008878736
416101	0.004272838409617137
416201	0.035531906187740714
416301	0.00493092402667517
416401	0.04973466409008269
416501	0.04349996961231727
416601	0.013092945058530037
416701	-0.0014699094458271405
416801	-0.022340760843220796
416901	-0.06016014560978915
417001	-0.024253071156700598
417101	-0.02843122902936141
417201	-0.02659254796656395
417301	-0.038627159795003564
417401	0.025030057997135747
417501	0.021000607963066777
417601	-0.03097712020640319
417701	0.030862873303746707
417801	0.013945034133194657
417901	0.017738798844235504
418001	-0.006120427515590308
418101	-0.02213474225395057
418201	-0.004921982218224596
418301	0.034722412849933174
418401	0.002698263937130435
418501	0.015275718905376576
418601	-0.040193710456245674
418701	0.00041547022946154105
418801	0.007904835058971158
418901	-0.012139427440026678
419001	-0.03015908743852686
419101	-0.010661769994693775
419201	0.0025767085870350074
419301	0.031999818420918605
419401	-0.017624963873377718
419501	-0.012149594571931642
419601	0.0067708966909429515
419701	-0.003182070532047897
419801	-0.019356882776988105
419901	-0.012042847701248069
420001	-0.014343508351936311
420101	0.032881785554566924
420201	0.044266014526210665
420301	0.03598744878807444
420401	0.003629466758806678
420501	0.0011349443158804502
420601	0.00938911626362884
420701	0.043002110309293184
420801	0.0050123289085180645
420901	-0.01632509106076921
421001	0.0056937286432129745
421101	0.0003637147660456204
421201	-0.0070295149438207695
421301	4.216737029667177e-05
421401	-0.02377255860802107
421501	0.01620543698107462
421601	0.05367574894612907
421701	-0.04241016337706369
421801	-0.031553331173122416
421901	-0.0012630069814081645
422001	0.008251254337260306
422101	-0.0062691256451474055
422201	-0.041484389712496
422301	-0.003423883311166066
422401	0.0024262076400294926
422501	0.002366014812867448
422601	-0.0065153717562723475
422701	-0.03873683826659824
422801	0.007365558353549011
422901	-0.0211785166763443
423001	0.023219921549631557
423101	0.00025489552884380554
423201	-0.015899250898997873
423301	-0.001445594599228863
423401	-0.01252684195609358
423501	-0.04287047450263192
423601	-0.03694516863471136
423701	-0.06445386905269357
423801	-0.0013685292346109453
423901	0.01627849004723009
424001	0.009803255573445338
424101	0.0025225646858891564
424201	-0.0035894819172739433
424301	0.011434537842020191
424401	0.04560572390691861
424501	0.0036875163070594834
424601	0.0030839867582705314
424701	-0.01540074310229095
424801	-0.03126633618243642
424901	0.003104591736386277
425001	0.0017566201720689181
425101	-0.01727736458299337
425201	-0.017626793669645126
425301	0.005451787745069052
425401	0.024552980586933653
425501	0.015705542192959436
425601	0.030980226919130976
425701	-0.002683129848272209
425801	0.023273459566017195
425901	0.020030311621889344
426001	-0.04396449173375569
426101	0.04796760462949134
426201	0.0064912704363229165
426301	-0.016371700747156017
426401	-0.0011607047155355855
426501	-0.0228507937424123
426601	0.031753451527579545
426701	0.031344518222690264
426801	0.06545976678460676
426901	0.002292329376555179
427001	-0.017672814703100396
427101	-0.025688426675446442
427201	-0.005397907240395166
427301	-0.07565784363787031
427401	-0.01971428835188007
427501	-0.019747522233587063
427601	0.020651163496818153
427701	-0.003562881223055262
427801	0.004368771468989146
427901	0.015258987035057823
428001	-0.021396128756444713
428101	0.02112299135566783
428201	-0.001990852028303888
428301	0.008560718486280115
428401	0.04034303397593029
428501	0.0021886920462893377
428601	-0.010791827176070579
428701	-0.007532684773820105
428801	-0.02818977141948735
428901	0.014584552382739948
429001	-0.03379051164956875
429101	-0.021562164773925273
429201	-0.027880675591316576
429301	-0.008939430446830477
429401	0.010459946869874587
429501	-0.03020918811501202
429601	0.018718774667953075
429701	-0.011280675082902477
429801	0.01039157175557749
429901	-0.03258247898023961
430001	-0.02943011606009826
430101	-0.023876734387386314
430201	0.04003731825445634
430301	-0.041402985510057805
430401	-0.04466159180127197
430501	0.00946040019031295
430601	0.04371582825516554
430701	0.027512100307121996
430801	-0.04500358278805401
430901	-0.044351339163245795
431001	0.02005522366901347
431101	0.013908061646843264
431201	0.04783730848364283
431301	0.02103675229304584
431401	0.012849415848840244
431501	0.03804973204103759
431601	0.04112534079807311
431701	0.016692145768927726
431801	0.003471209196381063
431901	-0.003847304830165049
432001	-0.0012158424263424678
432101	0.05268906707161591
432201	-0.0248007414479147
432301	0.009435228572638291
432401	0.0052904580740086105
432501	0.01700117235854813
432601	-0.0011488822729129947
432701	0.04734242720878278
432801	-0.008492203441183952
432901	-0.044575456334582104
433001	-0.028907731283632578
433101	0.00013983344682429326
433201	0.004748600587211173
433301	-0.055709622356436096
433401	0.04294253024064504
433501	0.014122062360755807
433601	0.030494596092232634
433701	-0.0006480586512766656
433801	0.02191977174486599
433901	-0.03444857600771215
434001	0.04694149400429367
434101	-0.015217340388609476
434201	0.030603766460205933
434301	-0.026203053079149143
434401	0.037056435759452035
434501	0.021072836341988994
434601	0.0011795706301734542
434701	-0.02467254350873633
434801	-0.06623154971146658
434901	0.01640760125435044
435001	-0.010720339412794584
435101	-0.0029984281896722463
435201	0.0315463238044451
435301	0.037946868488199274
435401	0.01191070896810514
435501	0.016804775585920896
435601	-0.051521759199038814
435701	-0.0312345419592863
435801	-0.04735602846195591
435901	-0.0020865777933316066
436001	-0.010676439127822337
436101	-0.018346714079404497
436201	-0.00381784848792593
436301	0.028620765735082047
436401	0.05089832499035191
436501	0.02916803050898874
436601	0.015328281129610153
436701	-0.011606067780198006
436801	0.0550205177815138
436901	0.07210261662231235
437001	-0.009653568534291267
437101	-0.0721130217242531
437201	0.004414804458448894
437301	0.024846538630806148
437401	-0.009544730038433352
437501	-0.006901888896394329
437601	0.02190173179276852
437701	0.0300553254090321
437801	-0.00695864087276569
437901	0.009739469648111156
438001	0.028725837505013917
438101	-0.069736663502428
438201	-0.016876241107233007
438301	0.030495529810635608
438401	-0.06975168013018447
438501	0.014753831479719356
438601	-0.019389416200041688
438701	-0.0506297685687482
438801	-0.04296167854092643
438901	-0.007059263156800294
439001	0.029615991651265727
439101	-0.056674715402713995
439201	0.0029402771975681205
439301	0.005763919669630059
439401	0.02384346775761373
439501	0.002049858971644089
439601	0.002112574010941713
439701	-0.042226146120956536
439801	0.014008796146519887
439901	0.040208637683453105
440001	0.01842060246035276
440101	0.01984897722107126
440201	-0.045848660406226455
440301	0.039369672593445114
440401	0.017918891338810767
440501	0.034566826721965684
440601	0.03302175634362042
440701	-0.025355424133123552
440801	0.010075489665821748
440901	-0.0603062511765621
441001	-0.012233597884489768
441101	0.01728782268229618
441201	-0.04067777727834502
441301	-0.024387429015367834
441401	-0.024703159245605153
441501	0.010543265805554218
441601	0.010820265671386331
441701	-0.02464661081356779
441801	0.007789013281040504
441901	0.0022828045819396326
442001	0.014631684561704633
442101	0.02267966740099006
442201	-0.021424970408231433
442301	-0.018488647300463963
442401	0.020314154702355078
442501	-0.03829540084035524
442601	-0.008457056617738419
442701	0.0061769374417021405
442801	9.148289027448608e-05
442901	-0.053439586612682326
443001	0.008666101932168695
443101	0.04151409094027571
443201	0.017136471974608016
443301	-0.03807300585365493
443401	0.01176438056038652
443501	0.016192253174644476
443601	0.004231764326734303
443701	-0.02785769290930603
443801	-0.010010638475670887
443901	-0.057838836631928923
444001	-0.023346310366941368
444101	0.004177130297724918
444201	0.03771414965863754
444301	-0.044656245064683166
444401	-0.016270432633919578
444501	-0.009002014725394693
444601	0.027898511460110957
444701	-0.029308472759356562
444801	-0.012521708484260187
444901	0.014340023438524684
445001	-0.027997738406307506
445101	0.0039807465932003554
445201	-0.04561859100827905
445301	-0.0048882138385930125
445401	0.04771911789860293
445501	-0.0018014011780820704
445601	0.07412459286307102
445701	0.03276845996643322
445801	0.011495828716224522
445901	0.017382316170409126
446001	0.015336988023448317
446101	-0.002391934026217608
446201	0.003145616454255071
446301	0.03522370436126471
446401	0.029504318185581784
446501	-0.026248032236009827
446601	-0.012426989054231523
446701	0.0008264444357017223
446801	-0.016737563506192644
446901	-0.022395435427756478
447001	0.00262845232217987
447101	-0.025804395922152317
447201	-0.00641081188551883
447301	-0.021255384311421512
447401	0.05973221776642717
447501	-0.010521124852827756
447601	-0.05314998564950938
447701	0.07100590166111173
447801	-0.04401189831630757
447901	-0.03979090547662899
448001	-0.048407800893420685
448101	0.015186723144904534
448201	0.031006306236665532
448301	0.01774083918004842
448401	0.05064956795128228
448501	0.031032241087710438
448601	-0.03550677727767316
448701	-0.010651232063441072
448801	0.01617883546701563
448901	-0.03031564460281352
449001	0.02346602563480998
449101	-0.08212115795621366
449201	-0.01977130140943364
449301	0.011320858500385127
449401	0.02057375680535242
449501	-0.03520694031221391
449601	0.00843006253681243
449701	-0.020290529758966253
449801	0.029280589485706495
449901	-0.025709418071626886
450001	0.0019310052952092194
450101	0.01005280222880176
450201	0.010542910742585706
450301	-0.04661290998750978
450401	0.02096821390147871
450501	-0.03506161380628379
450601	-0.0038816907127567518
450701	0.07801732018253832
450801	-0.022194614732308215
450901	0.026875983666103807
451001	-0.02461166830115876
451101	-0.007572787892499352
451201	0.015670188420565296
451301	0.029660109497563886
451401	0.010956790144047102
451501	0.06787570816416971
451601	0.011415936432156925
451701	-0.020210569549610997
451801	-0.0010781538108102175
451901	0.01505824768598669
452001	0.028710255384814587
452101	-0.023483862201986845
452201	0.04942906592839498
452301	0.016531339501378833
452401	-0.023972067130080196
452501	0.03577680856542026
452601	0.02617959347022223
452701	0.012107335079671586
452801	0.07439611299979342
452901	0.002509869322095247
453001	-0.02894263432984016
453101	-0.03328035311364575
453201	0.006900341413654859
453301	-0.0057909914152429074
453401	0.011011403821279976
453501	-0.005939365168909651
453601	0.0036792416208853867
453701	-0.027527480291138967
453801	-0.029254754807001324
453901	0.012219256482523927
454001	-0.00085680221133617
454101	-0.06962854474285739
454201	-0.04208528911110007
454301	-0.044308083117137013
454401	0.0214031779445688
454501	0.047140590712216365
454601	0.025172385637294018
454701	0.07078048033639817
454801	-0.010251985057912262
454901	-0.027613345358554246
455001	0.024350889374334078
455101	-0.0467321969495469
455201	0.027427203994896142
455301	0.05708140296763344
455401	0.004072089632382473
455501	0.04188202448308332
455601	0.05680777490002393
455701	0.032237307760791145
455801	-0.052106472228568394
455901	0.1055294501860981
456001	0.08946253597770365
456101	0.022958754735861626
456201	0.01544582344490508
456301	0.007000877356359353
456401	0.03673376140969886
456501	0.02585398745503349
456601	-0.00998645344471233
456701	0.007020452820009586
456801	-0.0037034166315735233
456901	0.023724633161443784
457001	0.07017101015262914
457101	-0.002431134143936495
457201	0.02992890797322268
457301	-0.010720547686392573
457401	0.0006727926867785793
457501	-0.032583044134877906
457601	0.007618301501737946
457701	-0.038599591442511426
457801	0.07473324947679319
457901	-0.019796766491982636
458001	-0.05173650505290149
458101	0.008512851293911309
458201	-0.04118729868068721
458301	-0.04491476443571062
458401	0.007138309062026511
458501	0.003797681475334185
458601	-0.008474996648002914
458701	0.025214329305053587
458801	-0.06540578075585779
458901	0.01593286729693699
459001	0.018821732027982072
459101	-0.0049509085147274555
459201	-0.028143676543471097
459301	-0.062175660328510456
459401	-0.05220962710938246
459501	-0.034694341832852804
459601	-0.06016644101547986
459701	-0.03214701644767397
459801	-0.034168626124926486
459901	-0.05923986050279671
460001	-0.019296936308042755
460101	-0.009316866189302947
460201	0.029415893257901272
460301	-0.015137279380647586
460401	-0.03335622844969361
460501	-0.029182647650577837
460601	-0.039910351586370144
460701	-0.07063833755125135
460801	-0.009664750954914194
460901	0.028989036088024663
461001	-0.03203586132602412
461101	-0.023599390367016443
461201	0.04984095334564379
461301	0.0054014893656120855
461401	-0.02059917780250713
461501	0.07058226219364001
461601	0.012316716722201138
461701	0.06958051882788692
461801	0.022803885607584843
461901	-0.009673544649344862
462001	0.07454452788591112
462101	0.05219988633239271
462201	-0.012431927730489751
462301	-0.010356947990247821
462401	0.017446260818344966
462501	0.003651718841645866
462601	-0.07184532780881236
462701	-0.06806431964214833
462801	-0.01427242332382446
462901	-0.02749882643212479
463001	-0.009436987555199183
463101	-0.04051038908230479
463201	0.01067627754337072
463301	-0.005295825371129561
463401	0.010593662091403404
463501	-0.01705975783565051
463601	0.06112399027839958
463701	-0.040041276162587305
463801	0.049785540259587126
463901	-0.013247750933849799
464001	-0.052174295195600955
464101	-0.06767747691914888
464201	0.033352424181913504
464301	0.004289728604004066
464401	-0.0608678275193568
464501	-0.09971317644057909
464601	-0.04367559667965597
464701	0.01814817408859694
464801	-0.04023602287375221
464901	-0.02730941597422032
465001	-0.030377962178975645
465101	0.02665179425772711
465201	-0.030238439440241034
465301	-0.00026903134067043883
465401	-0.062017869938419776
465501	0.007508499545492587
465601	-0.0631564992315201
465701	-0.005007264026194801
465801	0.03213351237214612
465901	0.04148505297089548
466001	0.003958767186969941
466101	-0.020882993915540545
466201	-0.07180224867361427
466301	-0.03650222613348699
466401	-0.007741394268755742
466501	0.02473519825181582
466601	0.03270986917555107
466701	-0.021443860208309358
466801	0.034481807194573694
466901	0.10337229570360056
467001	0.023646290910729943
467101	0.008950290973857314
467201	-0.02962209029528276
467301	-0.054453820469450395
467401	0.04118789756644036
467501	-0.025770189508676707
467601	0.04501957015228064
467701	0.026495217113628525
467801	0.03138230336056374
467901	0.04795284544297794
468001	0.05890737509372524
468101	-0.03567192556751463
468201	0.033237847934982585
468301	0.04711850245700297
468401	-0.03218260957168663
468501	-0.031217813170959813
468601	-0.02125707979431418
468701	-0.043633758683998186
468801	-0.092453176921811
468901	-0.04619001477562344
469001	-0.04495524917487055
469101	-0.04594171977350016
469201	0.015572779390542817
469301	-0.03994446690647831
469401	-0.04235519383979534
469501	0.06871187247472892
469601	-0.05472625454592836
469701	-0.03379862031428512
469801	0.012643862177344116
469901	0.018215118524624967
470001	-0.021614280868391792
470101	-0.04314066258483773
470201	0.05251954517285669
470301	0.0024026856928747913
470401	0.025196512148355103
470501	0.04528071374862855
470601	0.06482134507147207
470701	0.014342765997924996
470801	0.062047327111885875
470901	-0.07272295358059501
471001	0.08928056102730349
471101	0.00685435676061321
471201	-0.013741583765801688
471301	0.018177669297339497
471401	-0.008059449554717034
471501	0.011225664420774282
471601	-0.04133626240813932
471701	0.07198587305161874
471801	-0.03538898515400024
471901	0.007321619365282272
472001	0.04127776829009338
472101	0.007549838440590139
472201	-0.016133852711966934
472301	0.013765991831279316
472401	-0.031043577748382234
472501	0.014796942144609256
472601	-0.023055310517084596
472701	0.04196427045276117
472801	0.07025752886429806
472901	0.04904306606575559
473001	0.032825804531728696
473101	-0.07681176192789577
473201	-0.004799241382840806
473301	0.07102850791875909
473401	-0.0590186045058118
473501	-0.0733271476972506
473601	0.07407298992790777
473701	0.012032545921959351
473801	-0.0018435518213591453
473901	0.022024282026667605
474001	-0.08342393114368603
474101	-0.046613574908363216
474201	-0.032861266807710135
474301	-0.06398591627153495
474401	-0.07063441443319562
474501	-0.037868296386146034
474601	-0.04187117656489676
474701	-0.03605032810287357
474801	-0.0708451981127213
474901	-0.005093305180884906
475001	-0.01623802842680771
475101	0.04610556961468652
475201	-0.025702942737557688
475301	0.07821495571489165
475401	0.015618220424936458
475501	-0.031088945915673034
475601	-0.030321962037916927
475701	0.02213181312774262
475801	-0.028880488005413273
475901	0.015171167092590521
476001	0.03386115757728506
476101	0.058233262767696956
476201	0.07814460798890477
476301	0.06634937427196942
476401	0.07044961796821891
476501	0.012941496626636392
476601	-0.004388089347165146
476701	-0.03605618344789283
476801	-0.05632769175029631
476901	0.11053039583968693
477001	0.025102909496442408
477101	-0.029753237105156476
477201	0.04344968252084676
477301	0.08215069278297994
477401	0.05707104783799585
477501	-0.0037552546369670195
477601	0.03890392183123551
477701	0.061047469477523354
477801	0.02549511697353964
477901	-0.011444627703976222
478001	-0.023993475248052242
478101	-0.019794329266163323
478201	0.009328073034335022
478301	-0.11734232486997709
478401	-0.058661091835484167
478501	-0.07178846728330703
478601	-0.002637280096916632
478701	0.003290153753818548
478801	-0.07659090100284545
478901	-0.09178768624520672
479001	0.015598671036762655
479101	-0.059919829487106974
479201	-0.01827674480460823
479301	-0.0753159207547671
479401	0.008879166741437447
479501	-0.023986409188677393
479601	-0.02898197523615399
479701	-0.04359673807757544
479801	0.003346396313305819
479901	-0.039762556100991046
480001	-0.052853519013392185
480101	-0.05215108669692807
480201	0.009829871597918649
480301	-0.027889624387387544
480401	0.039852146298823464
480501	-0.10532206737496592
480601	-0.08725933708491541
480701	0.02522050052012002
480801	0.005879763518724534
480901	-0.08607153635497566
481001	0.014245709020994347
481101	-0.008357631809156666
481201	-0.048148818547944304
481301	-0.08138465846628164
481401	-0.08812468472709595
481501	-0.0492983919993739
481601	0.034960417220318576
481701	-0.00835102546005174
481801	0.02038709714700246
481901	0.016411333156041225
482001	-0.012971905661267814
482101	0.033484199061577964
482201	0.04373561568169514
482301	-0.033979092664407066
482401	0.05039451054572897
482501	0.003762441569649351
482601	0.02602006006927442
482701	-0.04334052973768893
482801	0.052794752150417436
482901	0.11167447629653517
483001	-0.014568589404966891
483101	0.014200319275962136
483201	-0.03882831062420212
483301	-0.07126452537959159
483401	0.0785710073766544
483501	-0.03865782644547368
483601	0.028110890381869535
483701	-0.022708840602269822
483801	0.01556805808962821
483901	-0.022397172885713752
484001	0.005478488543307441
484101	0.05046610013620754
484201	-0.056251857907277325
484301	-0.09822716048799181
484401	0.0487521720208451
484501	-0.04539420280381014
484601	-0.022237122799390243
484701	-0.13052562788021813
484801	-0.05286736468904795
484901	0.07957804960563616
485001	-0.16210738899347088
485101	-0.02849366867443147
485201	0.035032419129742656
485301	0.0056192564714416604
485401	-0.03581227015820144
485501	0.06307675082183527
485601	0.06710278359450017
485701	0.04626279130888425
485801	0.020604309441086502
485901	0.043164966037173964
486001	0.0793261225325617
486101	0.08935016521886083
486201	0.09204709821357288
486301	0.006115174498894372
486401	0.028408917037450902
486501	-0.027119606322406366
486601	-0.02016837660105586
486701	0.043478781659423225
486801	0.037312485615856976
486901	0.11807067619862684
487001	0.08924395699085005
487101	0.049811538105491174
487201	-0.07384001982488306
487301	-0.07307884560123133
487401	-0.07326401651308603
487501	-0.11609445899161644
487601	-0.054150248717677055
487701	-0.08758245482024794
487801	0.008842754577980316
487901	-0.14442415516005117
488001	0.02326447629869776
488101	0.0115361878679952
488201	-0.02061731133785742
488301	-0.09311218094979071
488401	-0.07487772736450331
488501	0.10555489848089859
488601	-0.010599477260452064
488701	0.053204036381118126
488801	0.022731475216523363
488901	-0.028072868215258413
489001	0.021733972383664844
489101	-0.004343062840731175
489201	0.02216261047442167
489301	-0.048845595936184205
489401	-0.12935057250535326
489501	-0.14702385264242349
489601	-0.07698919980612587
489701	-0.15752212260205298
489801	-0.02074369293981342
489901	-0.007162989120912658
490001	-0.03972517402469961
490101	0.010760347987945095
490201	-0.01948192837704827
490301	0.038107225904566756
490401	-0.1088251484819573
490501	0.05884828635233663
490601	-0.05051131727069512
490701	-0.03573794403187148
490801	0.18398692808109357
490901	0.0014775383179816278
491001	-0.017543489912397844
491101	-0.022683517670920722
491201	0.17715237338647322
491301	-0.057641080560277135
491401	-0.04405831297179468
491501	-0.024064627252562507
491601	0.07071200210061357
491701	-0.09096536142734098
491801	-0.12650369593738217
491901	0.13820616388476265
492001	0.02505706270562127
492101	0.06464506545679569
492201	0.14792584136569353
492301	0.11036808806118467
492401	-0.08547038615355769
492501	-0.12360688313922752
492601	0.1063692747799835
492701	-0.0014380169025690944
492801	-0.13195163703727747
492901	0.06461471099468248
493001	0.020758892733558472
493101	0.02193126759878851
493201	-0.0004872321761824283
493301	0.1370374182400205
493401	-0.025276040263913002
493501	-0.00922336178158704
493601	-0.020732345264435275
493701	0.08388466799031144
493801	-0.16007835751067476
493901	0.14417525675166637
494001	-0.03482123849189056
494101	-0.1560803144428731
494201	-0.09101853735138658
494301	-0.08084852636842813
494401	-0.006234233708535095
494501	-0.1506569204397075
494601	-0.07244468506882118
494701	0.0017882435723817365
494801	-0.15450992046136516
494901	0.11218973868756046
495001	0.019069180484259467
495101	0.007144296788482011
495201	0.21570202092418486
495301	0.3434371928151325
495401	0.2693581552099468
495501	0.028976323055913026
495601	0.1987506534885267
495701	0.016066553064943666
495801	-0.10850508690253363
495901	-0.08495277867385868
496001	-0.014555621850395502
496101	0.028472748740997783
496201	-0.1419514570444884
496301	-0.12972171203747693
496401	-0.020020925376490122
496501	-0.27438820976048905
496601	-0.08587951663383635
496701	-0.0167651034147808
496801	-0.1608716850095755
496901	-0.3263309371861149
497001	0.21578964328513817
497101	0.0011032836583803472
497201	-0.10110728458649276
497301	-0.08245483141637
497401	0.267495547901061
497501	0.09613929739761001
497601	-0.08639631704527757
497701	-0.15868696838032145
497801	0.07119141129985772
497901	0.11264415062942636
498001	0.25747129662992824
498101	-0.11287776391235413
498201	0.22511059621516255
498301	-0.30170865967693894
498401	0.22647977238727798
498501	0.06594267968906511
498601	-0.17212779766549366
498701	0.20571823326993743
498801	0.017324223679224683
498901	0.06024988427842382
499001	-0.34388472445977314
499101	0.06472438894628585
499201	0.5916577972164929
499301	-0.36997291744885397
499401	-0.3722131617064831
499501	0.7142319586483583
499601	-0.05856215189032842
499701	-0.6211879783766571
499801	-0.4427262932878009
499901	0.19138064761517892
