time	chi
1	0.8141201376251351
101	0.023510138061711063
201	-0.0021235691459513635
301	-0.0031434531184325533
401	-4.602433786726207e-05
501	0.0032510979306291463
601	-0.002105040416037962
701	0.006551557911996815
801	0.0020079006219691073
901	0.002444015134765299
1001	0.0022921393474148706
1101	-0.002070894581463897
1201	-0.0012699245607504794
1301	-0.0006720606485260303
1401	-0.0032688253223371556
1501	-0.004642684450389851
1601	-0.0032609507145075984
1701	-0.005707271167019656
1801	0.00031839464475293713
1901	-0.0017611142035116982
2001	-0.0012164623632441775
2101	-0.0002582187236129056
2201	-0.0035706289873462696
2301	-0.0034142603064231916
2401	0.0008772143240444762
2501	0.005390165165327427
2601	0.001918072557086362
2701	0.0014371523756641859
2801	0.0037733437335489457
2901	0.0036131413420531404
3001	0.0020206324599139213
3101	-5.556031014800763e-05
3201	0.0029249401181606362
3301	0.00530888242205182
3401	0.0005264499385274199
3501	0.00422320144121625
3601	0.0028814127400216437
3701	-0.004606353918815909
3801	0.0004582276025180904
3901	0.0032154363193691252
4001	0.0012744678227258218
4101	-0.0009843569741530037
4201	-0.004785165275618772
4301	-0.0012975966719809904
4401	0.004877016084196052
4501	0.009368570057385596
4601	-0.0020501666101055954
4701	0.0005312545827260624
4801	0.002155496108979718
4901	-0.00019931257916534577
5001	0.004708117201411707
5101	-0.004301438040254128
5201	-0.003843876085384039
5301	0.0006943585309519324
5401	0.004899176716546963
5501	-0.0040083613027318615
5601	0.00010918932703771642
5701	0.0005733148246967119
5801	-0.004264446096008516
5901	-0.0009927361977411235
6001	0.0008155344001526821
6101	0.004790534701713382
6201	-0.002617953074227588
6301	0.0030516376799207415
6401	-0.0019736598579782505
6501	0.0025071038578883334
6601	-0.0001832829377051585
6701	0.007777018664894802
6801	0.0034384271043507698
6901	0.0006584126041231054
7001	-0.0075941911870124204
7101	0.004211174025913243
7201	-0.006406089035942312
7301	-0.004906943036087026
7401	0.0021909625149097232
7501	-0.00041208003070802526
7601	0.0017661952728495632
7701	-0.0005803978924240081
7801	-0.004997614703833675
7901	0.002903635814602502
8001	0.00019163413713412064
8101	-0.007784640797030226
8201	-0.004073201594380865
8301	-0.006639603625104591
8401	0.001257547937293994
8501	0.006795528622349599
8601	0.0037733242688682634
8701	0.004842689089529259
8801	0.0021303917477133965
8901	0.0028296991275843023
9001	-0.00020046719950144628
9101	0.0013235518527024608
9201	0.0030144412450812206
9301	0.0011728209067427891
9401	0.002719860005599455
9501	0.005942324857474367
9601	0.003222776177713806
9701	0.0010646465917162052
9801	0.006815830657141166
9901	0.006223055491369568
10001	0.0007991579544729489
10101	0.003143784554053786
10201	-0.0008250158858432257
10301	0.0028955603915269148
10401	0.006730150918651653
10501	-0.0015383006660130711
10601	0.001067017667463852
10701	0.002124666491870739
10801	-0.0006305120270642663
10901	0.001377446743211419
11001	-0.0007550026477909265
11101	0.003593882175064384
11201	0.0055364030066103655
11301	0.0062308044849012055
11401	0.0031025573877427218
11501	-0.0005266566731614179
11601	0.0037066145381941945
11701	0.001236149799628736
11801	-0.00773025401963893
11901	-0.005326409541931814
12001	-0.003190263146645298
12101	0.002774121979583036
12201	-0.005065582418108235
12301	0.00017095517213349266
12401	0.006428691319772126
12501	-0.006603789831747774
12601	0.0035993500058721507
12701	0.0013703158436461998
12801	-0.002243736706892986
12901	-0.0013761483764682158
13001	-0.0028737649493454187
13101	-0.002608235014175089
13201	-0.002847594141092286
13301	0.0018167866592960623
13401	0.005453626868471074
13501	0.006046094920906551
13601	-0.0006593659206895907
13701	0.006459980388155257
13801	-0.00706699379671527
13901	0.005594930199702267
14001	0.0024095777227156477
14101	-0.0023858047775867585
14201	-0.0008477638395957065
14301	-0.004532819709285036
14401	0.00010878792201808075
14501	0.0051001261374584534
14601	0.006693380820481894
14701	-0.001487827718536175
14801	-0.0008143924611667559
14901	0.0035214511262098586
15001	-0.0025008674623235765
15101	-0.0016823253569288486
15201	-0.0040308830623275275
15301	0.0013533613187237676
15401	0.003597132102531555
15501	0.003262814708668359
15601	-0.001285583326967763
15701	0.004473139228796953
15801	0.0025919665498918294
15901	0.0024101450791235417
16001	-0.0014475770924512687
16101	-0.006039859174127641
16201	-7.491885705499698e-06
16301	0.005324927726108676
16401	0.004462470771898492
16501	-0.0031388665123310475
16601	-0.003540908542774775
16701	-0.004434547122600187
16801	-0.003767629291540584
16901	0.002704559463853677
17001	-0.003058425490403545
17101	-0.002754231608806397
17201	0.0058766629192597945
17301	-0.0005703768405386671
17401	-0.0013638669189535155
17501	-0.0031914388608108696
17601	0.002648651449438522
17701	0.0034587026557114093
17801	0.003002764637238542
17901	0.005310750444874274
18001	-0.004754615673523688
18101	0.0025009202479232854
18201	0.0015527788383552146
18301	-0.00045085022585679034
18401	-0.002089638981277145
18501	0.001190452792089863
18601	0.007339639397325438
18701	0.005579670116993513
18801	0.002477269863635698
18901	-0.000892131686089807
19001	0.001482374288858444
19101	0.006226173468837389
19201	0.005511790762488253
19301	-0.0034130077164767655
19401	0.004068471212767156
19501	0.003907143762875287
19601	0.0050268533057298516
19701	0.0014790403272293754
19801	-0.0032743889059781645
19901	-0.0042496972425476775
20001	-0.0021888041583942044
20101	-0.0009172386797098366
20201	0.004404530613209765
20301	0.006266060899004892
20401	-0.0014901135483918547
20501	-0.0026007525327328166
20601	0.0024576270317386794
20701	-0.005439501051685871
20801	0.006471342792806703
20901	5.993499832869613e-05
21001	-0.003368237350127155
21101	-0.004873949752071156
21201	-0.00013780473236441444
21301	-0.00011027821110964936
21401	-0.0015345215798192493
21501	0.0034170993745025165
21601	0.006647668954236595
21701	0.002417707332488376
21801	-0.00038456128825188835
21901	0.005642015108641813
22001	0.003195188164381678
22101	0.00018884487046065762
22201	-0.0006013247982493783
22301	0.004893169027388137
22401	0.0015511971710375325
22501	-0.003524147063878638
22601	0.0048558059227433205
22701	0.001664013022700711
22801	-0.005346006220139425
22901	0.001552473289326139
23001	-0.005395782761034975
23101	-0.005829854775510201
23201	-0.0003543506552096156
23301	0.004781260912598828
23401	-0.0007438339537936404
23501	0.0026202421001180363
23601	2.389733701258902e-05
23701	-0.0016820188551682558
23801	-0.0014176712152319786
23901	0.00343166148853339
24001	0.0016273539313841998
24101	0.004117942665157371
24201	-0.002109255945371375
24301	0.0013308826262031814
24401	-0.0016643067311117555
24501	-0.002999964250943018
24601	0.0026824080825036917
24701	0.004070327928073863
24801	-0.0025911372811057037
24901	-0.004100337476555822
25001	0.004053431853930003
25101	0.0037050347328661053
25201	0.007271841793521154
25301	-0.0024129953055089222
25401	-0.0025867607055145114
25501	-0.000400280298342985
25601	0.0004962850505978908
25701	-0.0006552698806883314
25801	-0.00651710659213016
25901	-0.003299658665267416
26001	0.005885367179031231
26101	-0.0004428157245524843
26201	0.000157082932983631
26301	0.0015895078559651063
26401	0.005166584763325465
26501	0.0010735827436126088
26601	0.004947170164776947
26701	0.00036309819279179616
26801	-0.005275274045210652
26901	-0.0007376834322752343
27001	0.005367725026380832
27101	0.0007646530506426262
27201	-0.00017462832791937785
27301	0.0017332991365012443
27401	0.002503370689964182
27501	0.001621339783471999
27601	0.001363675689232858
27701	-0.0022766983326647466
27801	0.0021882983913262873
27901	0.006270025109111392
28001	0.0048145237595817484
28101	0.004523908385144602
28201	-0.010447520030947195
28301	0.001700544499572587
28401	0.0027762167204541137
28501	0.004986343377146864
28601	0.0017570600752235554
28701	-0.003805009364458983
28801	0.002280461752577709
28901	-0.008082879550332671
29001	0.00806764807204299
29101	0.0024688811167850157
29201	0.0016037597553087708
29301	0.0005622167621467595
29401	0.004898649079759175
29501	-0.0011224158441496305
29601	-0.004229816062351249
29701	-0.0021930366036857028
29801	0.0005740638098262936
29901	-0.005949685872648168
30001	0.001393304046740096
30101	0.0007028485757101272
30201	-0.003018695801407031
30301	-0.0016544600530412827
30401	0.0021020937062444763
30501	-0.002285598859181319
30601	0.0020667615805639553
30701	-0.0009419715895259487
30801	0.0009741678701543035
30901	0.006390441865344429
31001	0.0022806238587769327
31101	-0.008333195471747287
31201	0.0037139476172609763
31301	-0.0004729444543683179
31401	0.0008449135491054214
31501	-0.0014194680801363575
31601	-0.0027368031592696538
31701	0.0027504462908053006
31801	0.005102085652716909
31901	-0.004877480212917746
32001	-0.005247670095914961
32101	-0.0025642248402608417
32201	-0.0025220739196917478
32301	0.0020081266613899444
32401	-0.009124196093655087
32501	0.0027698328677661518
32601	0.004281545101597104
32701	0.002950904180727201
32801	0.007123285025830676
32901	-0.004506245578391406
33001	0.00569377747433298
33101	0.0030206549419833704
33201	0.009178327818998229
33301	0.006075743630615826
33401	0.0032852671424936047
33501	-0.0015348319031900613
33601	0.001511229726159351
33701	-0.00023830634680136758
33801	-0.003017922666044008
33901	0.0062612109897434536
34001	0.009884010831392514
34101	-0.0002450319784738044
34201	-0.0008984646299044128
34301	0.00024655811178608605
34401	0.0002467161731131802
34501	0.0026380769239097994
34601	0.003817341652742213
34701	0.004127940325752398
34801	-0.0021088922874565536
34901	-0.0039448831607327255
35001	-0.0005384636888015401
35101	0.0006604942244885684
35201	-0.0018712431592450354
35301	0.003392631192154165
35401	0.004668386843366301
35501	0.0007096283060275657
35601	0.0019921469407033726
35701	-0.0010305562134111327
35801	-0.000831725177396464
35901	-0.0013342394695990965
36001	0.0011736083761835913
36101	-0.006877034930375665
36201	-0.0043783482089688125
36301	-0.0053795712395913456
36401	0.0007805379365960876
36501	0.006957644253099347
36601	0.005136777437081672
36701	-0.000991197351026215
36801	0.0009874611064350494
36901	-0.0014067589305384184
37001	0.0010665382106699347
37101	0.0030962261040241006
37201	0.009389220529598107
37301	0.0047941966148252625
37401	0.0035751659655672593
37501	-0.001448541759270105
37601	0.003068089532863221
37701	-0.001929197800484396
37801	-0.002249181454040298
37901	0.0011011916636173593
38001	0.0016904558910648315
38101	0.005657035144271178
38201	-0.0016331788976169277
38301	0.0024099178718144953
38401	0.0012812559861540209
38501	0.004563897100324953
38601	0.00698235936238337
38701	-0.0012778903891228208
38801	-0.0007649558995288986
38901	0.0018731991498389807
39001	-0.002335925904631582
39101	-4.883360306052886e-05
39201	-0.010084369732657151
39301	0.0007850038987403143
39401	-0.00039157588715134253
39501	-0.008835935734476405
39601	0.0065343847970855936
39701	-2.245896847293271e-05
39801	0.00334208032737592
39901	0.002976673903379965
40001	-0.005613066640018769
40101	0.007497660776379721
40201	0.005238967571765404
40301	0.0017836175638944116
40401	0.0036387947419350003
40501	0.0021972835635802866
40601	0.002641189568881108
40701	-0.0013473850306525933
40801	0.0005456102800685292
40901	-0.0018941440463006401
41001	-0.002106495702746218
41101	-0.005419405054479566
41201	-0.004677702084407068
41301	0.0008582351230698883
41401	-0.0002482584638088397
41501	-0.0002600769623321505
41601	-0.004739094725115064
41701	-0.0005572600482191138
41801	-0.0017241488535911299
41901	0.0028697056694544903
42001	-0.004963127837428855
42101	0.0026546280801393604
42201	-4.285904176917688e-05
42301	0.0017226517911163662
42401	0.0033774537977727267
42501	0.0012399159263160435
42601	-0.002011649387648185
42701	-4.371397535922592e-05
42801	0.0025452360703397364
42901	-0.001794735204229677
43001	0.0008105650704534427
43101	0.0020874058751267836
43201	-0.00015949525876388204
43301	0.008192726062802528
43401	-0.0017347390789268407
43501	0.0002868744118723501
43601	-0.0024756004879134966
43701	0.0025808546115773257
43801	0.002279714075335554
43901	0.0065880188959468984
44001	0.00024855857018412476
44101	-0.00042984420168415275
44201	0.0020098046223799505
44301	0.00593990767703704
44401	-0.002073164470198148
44501	-0.00398866178109906
44601	-0.0012935737878340082
44701	0.003544852906518516
44801	-0.0022929929399597834
44901	0.0012402538461115616
45001	0.0033357733976264437
45101	-0.00403105307885096
45201	-0.004330421552891831
45301	0.001446532113976045
45401	-0.0019108969019818157
45501	-0.0031149989225732486
45601	-2.4272887492519667e-06
45701	0.004854221214495267
45801	-0.004325064171887794
45901	0.006331933690040972
46001	0.006552018332949759
46101	-0.0019867128312860785
46201	0.0035537235881492654
46301	-0.004802553129435044
46401	-0.006109001583889256
46501	-0.005116872786753266
46601	0.005381183285265554
46701	0.0019921567027014427
46801	0.0014342756286375605
46901	0.006790563870624773
47001	0.00808445789856364
47101	0.003559496218253456
47201	0.0030511330416886206
47301	-0.002515931840494577
47401	-0.0060742816799448165
47501	-0.0011991291168595378
47601	0.001156538171749817
47701	-0.0035954135609262555
47801	0.0036559659830672207
47901	-0.001407753499716441
48001	0.003100574035406969
48101	0.0022981447833231327
48201	-0.0010782014824818871
48301	0.0027060171382854293
48401	-0.007150535141840844
48501	-0.005193829129788821
48601	0.002351696487118642
48701	-0.0005634878529897809
48801	0.0015487305196661798
48901	-0.0005708286817500904
49001	-0.0063968376831760425
49101	-0.002161428387560027
49201	0.0007781607414089593
49301	0.008229158336965706
49401	2.3671634326712028e-05
49501	-0.0036209483398395295
49601	-0.000636973007163255
49701	0.000481116697586971
49801	-0.0044212445678978385
49901	-0.0018926628951053666
50001	0.007527702661365156
50101	-0.010828871049457628
50201	-0.009242264092226263
50301	0.004653014991545403
50401	0.004789508130556329
50501	-0.0035576522940857836
50601	0.0022158306772330433
50701	0.0004499600931476858
50801	0.002459706332538159
50901	0.0053664570950990986
51001	0.006030941257129319
51101	0.0019298585028442474
51201	0.006839765603469866
51301	0.003902846252947446
51401	-0.0018757657090729839
51501	-0.0015869277267543166
51601	0.0023495139011595985
51701	0.0029250411928062386
51801	-0.006413222008969627
51901	0.004255202121937847
52001	0.0002990967786646869
52101	-0.0022732093856387605
52201	-0.001105366421862859
52301	0.0014715581836273201
52401	0.0040624426213567355
52501	0.0043381969325917815
52601	0.0005313133035557562
52701	0.005423745077380321
52801	0.004104363318738903
52901	-0.004221812090455256
53001	-0.005330945891630001
53101	-0.0014706691097544028
53201	0.0010038057722924053
53301	0.0003990500659031779
53401	-0.0012996391353021512
53501	-0.0026230889355750007
53601	0.00940280522546036
53701	0.008540354296005977
53801	-0.0022348254085418824
53901	0.001473641048143724
54001	-0.002393642274202684
54101	-0.006400658263295842
54201	-0.002276653030760052
54301	-0.0025618776259061457
54401	0.00020674242458602042
54501	0.00277340337649417
54601	-0.004375410810596968
54701	-0.0015547394758179246
54801	-0.0013531710899975153
54901	0.0026130659203848433
55001	0.007008135783261855
55101	-0.0016317283664610397
55201	0.002409256373669618
55301	-0.0003228769912266416
55401	0.0007466392614300793
55501	0.0025246025391378025
55601	0.0019959860968772423
55701	0.010205469139811577
55801	-0.0011342407995842208
55901	0.000993963972826244
56001	0.0009017921552536653
56101	-0.00012637215863147154
56201	5.782304381698646e-05
56301	0.004937758076330109
56401	0.00303984366541848
56501	0.004362067898909656
56601	-0.001346652380852763
56701	-0.0014972051192295203
56801	-0.0011842952249266256
56901	-0.000985992145487432
57001	0.005773087015584524
57101	-0.008664385550931691
57201	0.004900056532787413
57301	-0.0014227311712141655
57401	3.125036928363831e-05
57501	-0.008215211939493487
57601	-0.000718361123428862
57701	0.0011853265144257277
57801	-0.006625644137705533
57901	0.004601226769472436
58001	0.002073693511767559
58101	0.002683412874940364
58201	0.00531949981423569
58301	0.0018433774913595039
58401	0.0010910722409134086
58501	-0.0002444636582818234
58601	0.006142419896319042
58701	-0.0007366905195090064
58801	0.001520319358092665
58901	0.0011137739934504317
59001	0.00255131702145751
59101	0.0006858068666434033
59201	0.004480872665468172
59301	0.0020655045854316243
59401	0.005066940613885465
59501	-0.0008670304740690419
59601	5.688726657352345e-05
59701	-0.0008861724665021812
59801	-0.007649888274185431
59901	0.005279177694603006
60001	-0.0033405491574075787
60101	-0.0031881024956162875
60201	0.003701164973600124
60301	0.005122437961595907
60401	0.007865832743444892
60501	0.00742718025372863
60601	0.004201917228282668
60701	0.00355115884890509
60801	0.0012657930832630758
60901	-0.006789602194262907
61001	-0.004417932156937793
61101	-0.0016444132622998005
61201	0.0013004910032777554
61301	-0.0015278310275296952
61401	-0.006176176184175614
61501	0.0008696480180707138
61601	-0.0004555468529223171
61701	0.002444574722321878
61801	-0.00018511590656564102
61901	-0.0024587627591803754
62001	0.0010559239051003914
62101	-0.003636497035356228
62201	-0.001713233170232355
62301	-0.00019486698395991629
62401	0.0013944794775914617
62501	-0.0006043312818140416
62601	-0.008451974864184466
62701	-0.006837111950354225
62801	-0.005563783146893805
62901	-0.005284195798924371
63001	0.0033653060630895737
63101	0.0063171968289867896
63201	0.0036201059324952587
63301	0.0033290593184683854
63401	-0.004802813375454167
63501	0.0012344498484458473
63601	0.0011093988370092026
63701	0.0046954482606942965
63801	0.0001633575361769442
63901	-0.002521440773598932
64001	0.0002632248362644533
64101	-0.00884433231280963
64201	-0.0025442846411837545
64301	0.0011293082344163404
64401	0.003931217157377544
64501	0.002688771949566515
64601	-0.006063125628982129
64701	-0.002774077432937278
64801	0.01080490864633502
64901	0.004207731053156615
65001	0.002725183497582378
65101	0.00211959188791779
65201	-0.0026879567610174817
65301	-0.005914577029509155
65401	-0.0015466249819080795
65501	-0.0032428300999973797
65601	0.0062763049961699095
65701	0.011026543785735707
65801	0.0063934883931063315
65901	0.0064301988622935775
66001	-0.0008033772276801734
66101	-0.0035351196145511506
66201	0.0010817598366988919
66301	0.002731779710662368
66401	-0.002433677958383675
66501	-0.005192259144669003
66601	-0.0035655061120315394
66701	0.0011670712361418526
66801	0.004711909139533697
66901	-0.002657231659587504
67001	-0.007285641552128754
67101	-0.000594770812249163
67201	0.004509813185819851
67301	0.010160340169887316
67401	-0.0008225396062098976
67501	0.0010465993445327659
67601	0.0032083103227238713
67701	-0.004650778370677844
67801	-0.0018735594555093806
67901	0.0014576128284124327
68001	-0.007837616401098289
68101	0.0027860751186696065
68201	0.001777032942012794
68301	0.0034693172696476505
68401	-0.004257986048378
68501	-0.005672657969005134
68601	0.0025889699425351237
68701	-0.002481896150673315
68801	-0.004846056677865119
68901	0.008722207451176122
69001	0.0007457250849606227
69101	0.0022976992781815592
69201	0.008858965119076972
69301	0.004913000487230881
69401	0.0007440120397982868
69501	-0.0009322757724017615
69601	-0.0004977736781197989
69701	0.0021877305257633445
69801	0.007558562464147527
69901	0.0016702395615837166
70001	-0.002513523336324545
70101	-0.0028549685037178004
70201	0.0024818125571405333
70301	0.0031797891365021452
70401	-0.0018648981294453488
70501	-0.004506940465981243
70601	-0.00595474673788843
70701	-0.0008725425335769755
70801	-0.0045933638202619274
70901	5.498638814523086e-05
71001	-0.004533664834087802
71101	-0.0028697567245901867
71201	0.0010914725395708069
71301	-0.006809776032139409
71401	-0.009336443200158697
71501	0.0034904946996517448
71601	0.011068491752018095
71701	0.0058793018098263665
71801	-0.0012823400833579717
71901	-0.0013778686076430192
72001	0.0007857562810614348
72101	0.004082004475864246
72201	-0.001896517767665079
72301	-0.005741061945893978
72401	0.004728015859405185
72501	-0.0014167441146242308
72601	-0.005200015437686158
72701	-0.0010778188399363322
72801	-0.0031483205287014377
72901	0.0011738974955676528
73001	-0.004667446785830972
73101	-0.00040728469424683396
73201	0.000982742992805404
73301	0.005816663121556431
73401	-0.004643402572691931
73501	-0.009744933800139199
73601	0.002890093910974759
73701	-0.004910161448625076
73801	-0.0028042380516275106
73901	-0.00037903823438435155
74001	0.00039711800559653464
74101	-0.0012189224328102118
74201	0.0024178306017994026
74301	0.006175320243328037
74401	0.0020895759635767303
74501	-0.006598391881917851
74601	0.0016491081172699687
74701	-0.0026149910783616437
74801	-0.002885094329655128
74901	0.0026951508215981037
75001	-0.0024506508681507192
75101	0.006386526884489093
75201	-0.00399142128688623
75301	0.0015295174161041771
75401	0.004311726658275575
75501	0.002590773004246973
75601	0.003125166666375545
75701	0.003890334984506673
75801	-0.005198142005736041
75901	-0.001040981055460673
76001	-0.004383361400422901
76101	-0.0011970228485265735
76201	-0.005086545148259693
76301	-0.005799564846174287
76401	0.0023148935613428886
76501	-0.007159981103098362
76601	-0.0035243832447691085
76701	-0.004343576180368338
76801	-0.011187450146717957
76901	-0.0002691021375204611
77001	1.4071093301589216e-05
77101	-0.0011873990716839513
77201	0.0021304653618809018
77301	0.00050471895198567
77401	-0.00036435359561723743
77501	-0.0043934461420049005
77601	-0.004630622394859401
77701	0.004085531493835341
77801	0.006597689797631395
77901	0.0013873078666222069
78001	-0.007704393608071989
78101	-0.002819255121115559
78201	0.005687934385569963
78301	-0.0005803873438513871
78401	0.009804113976476198
78501	0.0063869269584109056
78601	0.0036777959015297074
78701	0.0028456318564282564
78801	-0.00312046525465255
78901	0.003890488494017103
79001	0.001437247724710211
79101	-0.004674416592717619
79201	-0.004321395669970634
79301	-0.0011566827625732528
79401	-0.0041311535214775
79501	0.0009948451304802486
79601	0.0021452479680478275
79701	0.008486192919196984
79801	-0.004383987912026482
79901	0.0034771865254544895
80001	-0.0024090295819371964
80101	-0.0036238468784812
80201	0.005062598583469615
80301	0.004459836334412293
80401	0.004907453034815502
80501	-0.007352199464335573
80601	0.001025377805564678
80701	0.0007884416874732856
80801	-0.008131520034051525
80901	-0.0055204900379191265
81001	-0.007851868846070482
81101	-0.00389142604851379
81201	-0.004078063022630553
81301	0.003669671483517435
81401	-0.008652061185130497
81501	-0.006539688641652014
81601	-0.006889345499253972
81701	-0.00552029268765373
81801	0.0017790353990838723
81901	-0.0009868948265474543
82001	0.0035441089945184743
82101	0.001832518818997874
82201	0.0011744843483402626
82301	0.0033427970349490647
82401	-0.0019908600981062854
82501	0.003435613191183481
82601	-0.00466957299778931
82701	-0.004270851706416975
82801	0.001101521706983216
82901	0.005709281417257703
83001	-0.007283505596224876
83101	-0.002353610889839766
83201	0.0003073420863697068
83301	0.0030688748245793524
83401	-0.004587025865580591
83501	0.0021446157625287024
83601	-0.0027149167721227806
83701	0.001681923791278532
83801	0.004613185043951357
83901	0.0005010047171135935
84001	0.0007945470979280358
84101	-0.003311460785724372
84201	0.0016993876864066374
84301	0.005539888351235434
84401	0.0020946334264675885
84501	-0.001405984870075303
84601	0.005508721731325811
84701	-0.0009561325214306774
84801	-0.006665604112151784
84901	0.002563839245573892
85001	-0.0013762748591297032
85101	-0.00073721335579731
85201	-0.0032927295432586376
85301	0.004406850350507509
85401	0.0059347373589348435
85501	0.007578238769489036
85601	0.0008705950774090139
85701	-0.003974226560148433
85801	-0.0009085667494419157
85901	-0.0070546798166455016
86001	-0.004506591549984027
86101	0.0021554812403259795
86201	-0.006604674020753256
86301	0.0025494573249043077
86401	0.004548032503573881
86501	-0.006364261541933952
86601	-0.002393465568664006
86701	-0.004292173645823908
86801	0.007854929275017845
86901	-0.0019884449951836614
87001	-0.00018282155444180427
87101	0.002965747345029341
87201	-0.0002947869690687492
87301	-0.00310211573257963
87401	-0.005165436109534963
87501	-0.003365783640946624
87601	8.172529480211044e-05
87701	0.013528752436510517
87801	0.006803008807804704
87901	0.0049556086784021056
88001	-0.004956838942894366
88101	0.0006980875276362395
88201	0.005076328037049109
88301	-0.0023092551812778244
88401	0.007263233387898183
88501	0.003568725800772983
88601	-0.0004919376434752501
88701	0.001284170977282683
88801	-0.0026047740555716183
88901	-0.0034442401787552262
89001	0.006417249727510641
89101	0.0033349397461279718
89201	-0.005587797580725605
89301	0.0016920660526443068
89401	-0.000645850359756719
89501	0.0066992353350231555
89601	0.0017856038908451175
89701	0.007011500000563925
89801	-0.007268941150838612
89901	0.00037656127796533237
90001	0.0001157265919734939
90101	-0.006266061127424667
90201	0.00021351124159603427
90301	-0.0028895248992603273
90401	-0.002625250120443132
90501	0.0012377324491514546
90601	-0.002317667158419721
90701	-0.0022214143238671797
90801	0.0035692255515587367
90901	0.0007594270839567229
91001	0.004317195523235456
91101	-0.009020325816204069
91201	0.0005624992971465698
91301	0.00491244690011445
91401	-0.0068813355000232465
91501	-0.0007883337985499797
91601	-0.0023585353814738236
91701	0.001749978028016871
91801	0.0027875104120159244
91901	0.006067735647373833
92001	-0.007388612845604348
92101	-0.0009826982420555238
92201	8.595563973692678e-05
92301	-0.006355473845576226
92401	-0.007665792079559464
92501	-0.0009935856750458792
92601	-0.0035251163521453285
92701	0.0030396352876357713
92801	0.00041903067980701117
92901	0.004693979430903841
93001	-0.001275808756231112
93101	0.005391021908959991
93201	7.982794324884238e-05
93301	-0.0070223232004396055
93401	-0.004235860637251283
93501	0.007810529731595642
93601	0.003020655214245007
93701	0.006482209543123184
93801	0.011388105898270818
93901	0.0063641739131079355
94001	0.0017982560393932244
94101	-0.004189409260139238
94201	-0.0016945361597858184
94301	-0.0009836561660699415
94401	0.003963845978851512
94501	-0.002685846733705527
94601	-0.007857281887816054
94701	-0.0017258500846616019
94801	-0.004993415245673596
94901	-0.001633293751501305
95001	-0.0010692160398083467
95101	-0.0017402732513111816
95201	-0.00014788424902824888
95301	0.00025214482292941026
95401	-0.0035180311074301997
95501	-0.008807356683262307
95601	0.00021774044995825575
95701	-0.002951859880596155
95801	0.0015997635222233574
95901	0.0028390113280631155
96001	-0.0064349193595941104
96101	-0.0066126621753166024
96201	0.0016352612643992714
96301	0.001789969037710713
96401	-0.001124959281776022
96501	0.00346228445206055
96601	0.008887777076673526
96701	-0.00230149841963171
96801	-0.00330459467699498
96901	-0.002708239114866417
97001	-0.007640105234601377
97101	-0.001435910378132241
97201	-0.004039555113068459
97301	0.00010453622536049763
97401	-0.0037219259151425707
97501	-0.0032635101242026138
97601	0.0068928378291031565
97701	0.001960512759512294
97801	-0.0015395989804407773
97901	-0.006745687041133362
98001	-0.0015601850504342958
98101	0.0006994272965690914
98201	0.002251791193822431
98301	-0.0036558652989457513
98401	-0.0089972358174686
98501	0.002490206572751241
98601	-0.005857376474160341
98701	0.00036629476913610325
98801	-0.0017136338667822662
98901	0.003031276296881935
99001	0.005793888357216957
99101	0.001148237104198554
99201	0.003920393077717307
99301	3.734122055660438e-05
99401	0.00401599331254892
99501	0.0022192098213990527
99601	-0.004109469454199826
99701	-0.007212019240353456
99801	0.0029676096661994523
99901	0.0017860393768321635
100001	-0.0035848552845172397
100101	-0.003187762790093908
100201	-0.005202805620986077
100301	0.0005734099269020112
100401	-0.0027788157444014025
100501	0.000402830656720169
100601	-0.006831819994668724
100701	0.00558724078799551
100801	-0.0025043410488564677
100901	0.004489844308639893
101001	-0.0010396916302464415
101101	0.006939202370595278
101201	0.0025733834258613933
101301	2.668570216477502e-05
101401	0.0020326567790237074
101501	-0.003764570582741501
101601	-0.0020278493952614295
101701	-0.0038830319172195185
101801	-0.005979940669548864
101901	0.0050213028392786865
102001	0.0051454062807483065
102101	0.009318102712456333
102201	0.0036312618729322475
102301	-0.0016228284960986944
102401	-0.004588495678681341
102501	-0.0027124291908684085
102601	-0.0005067723282458363
102701	0.001535197862618335
102801	-0.0018741439798739515
102901	0.007640102368301608
103001	0.009482935715491901
103101	0.005182194266765455
103201	-0.0009584284371247226
103301	-0.0029443554726974863
103401	0.003876207217311318
103501	0.0029965066442155497
103601	-0.0003361847299526466
103701	-0.012149844200572898
103801	-0.0020308833492515034
103901	-0.000134458233068579
104001	-0.001980486654558943
104101	-0.0015298532200694159
104201	0.007564168649182009
104301	0.006264006674644202
104401	0.002588716004954425
104501	8.352282801854364e-05
104601	-0.0024241840879202464
104701	-0.005905255039769267
104801	0.0007135978302096281
104901	0.0032952841336647996
105001	-0.0017108512964924285
105101	0.0011124980354240877
105201	-0.0013025654026309465
105301	-0.0018419552802032254
105401	0.0022918887241314373
105501	-0.0005444220429729502
105601	0.001808635495170121
105701	-0.00466558893395167
105801	0.0031046178125950716
105901	-0.005079633354101435
106001	-0.008813345093792042
106101	0.0028602488416787607
106201	0.001335150607348695
106301	0.008152858467576796
106401	0.010098169376686445
106501	0.008667275011360944
106601	-0.0006304157746548692
106701	-0.006371091112709666
106801	-0.00411456913680208
106901	0.003211712086342404
107001	0.003196072514017842
107101	0.011318930227274053
107201	-0.000646324687789828
107301	0.0023645504869069882
107401	0.003554366710660005
107501	-0.0018100603467853256
107601	-0.0018264698683854547
107701	-0.007995428665900294
107801	-0.00629622139464318
107901	-0.00468878796186723
108001	0.0022134754578704567
108101	-6.64690915453588e-05
108201	0.005090258279348465
108301	-0.0031208054148039676
108401	-0.0027463659933476326
108501	-0.0012210778548684476
108601	0.0002999151488801476
108701	0.0006616682314005245
108801	-0.0047185814657672255
108901	-0.004446135386147162
109001	0.0036924295146346445
109101	0.0029117923989086755
109201	-0.0043215470559139855
109301	0.001504550855330823
109401	0.003821370089331846
109501	0.0027835185612744384
109601	-0.0012969310317013695
109701	0.0018995610507609054
109801	0.000806370261004223
109901	0.006998479769757304
110001	0.005983453379968348
110101	-0.00810178045306067
110201	-0.007091923861166292
110301	-0.00019182854041598806
110401	-0.004361575292136604
110501	0.0022858775688867202
110601	-0.003356114582462352
110701	0.0008085715777533137
110801	-0.002303162542067483
110901	-0.0005386054144304636
111001	-0.006047028849423504
111101	-0.002862182597081193
111201	-0.007029869814418167
111301	-0.009640479044007565
111401	0.0018372902461716459
111501	-0.0036835410840504656
111601	0.0020829192763610564
111701	-0.0023732469192484893
111801	0.007181618896950455
111901	-0.004724390991928356
112001	-0.0020090692440690545
112101	-0.0020990655648008625
112201	0.004615894688648788
112301	0.0019529430235577024
112401	0.0048512306097892215
112501	0.0008355466247745744
112601	-2.5215827906472794e-05
112701	0.005814866320756957
112801	0.0019715834875834444
112901	0.006882138295694177
113001	0.00153974413605053
113101	-0.002924311919566484
113201	0.00025449801267176183
113301	0.002402285965523174
113401	0.004028193911305027
113501	-0.0003316234386570205
113601	-9.192381227451293e-05
113701	-0.010111449754039062
113801	-0.0062371047532668615
113901	0.0058737284877661035
114001	-0.0013070750360574025
114101	-0.005511402952497896
114201	0.002390010838920458
114301	0.00031267620797742924
114401	0.0018780110614706885
114501	0.002868559536018323
114601	-0.0023627885665441404
114701	-0.00027708812835905845
114801	0.0009807573441140652
114901	0.0016778392024764277
115001	-0.00290383582890564
115101	-0.0031216040830769143
115201	0.001777135582807538
115301	0.007527554676665952
115401	0.0022112062496060865
115501	-0.0002623319540444005
115601	-0.0013217042767657249
115701	0.004792611870103728
115801	0.00379030723647383
115901	0.003479332063567968
116001	-0.0019083677144336728
116101	-0.0028135820168235224
116201	-0.002565141703610018
116301	-0.0029477631873880204
116401	-0.0022653498387776565
116501	0.0034183127849310817
116601	0.005217453257223162
116701	-0.0062926422800158935
116801	0.00545023421585425
116901	0.004284757304064601
117001	-0.004814331006080134
117101	-0.0003670977563849105
117201	-0.0077073346000026965
117301	-0.00036142105079721236
117401	0.003946299251344265
117501	0.0010293124493101142
117601	-0.003920198316332178
117701	-0.007522430812514643
117801	-0.006245415476711524
117901	-0.0076124558393491654
118001	-0.0011806255204898713
118101	-0.0012445213866279592
118201	-0.00635833530395146
118301	0.001156982687686393
118401	-0.008199081476859963
118501	-0.002057713025506319
118601	0.008224673507716405
118701	0.000732578330598006
118801	0.002021734351386838
118901	0.008324757895380048
119001	-0.005623657540298075
119101	0.002492071608432497
119201	0.0005927176500404318
119301	-0.0038759677490181684
119401	-0.007170342556449561
119501	-0.002730224819668713
119601	-0.0023491746723713967
119701	-0.0011888924720739197
119801	-0.0019478365587301983
119901	-0.001030384678633028
120001	-0.0030201096531363475
120101	0.0013942416767626772
120201	-0.0005938104117222711
120301	-0.0037544986378248205
120401	0.005918831777412843
120501	-0.0031039010265486813
120601	-0.00422777345939929
120701	-0.006884990159701983
120801	0.000198766262429331
120901	0.00566119489460056
121001	0.00887880059247623
121101	0.0014950745529270983
121201	-0.001860884481930952
121301	0.0043938112677009925
121401	0.0025257260991738205
121501	0.0017186792926877695
121601	-0.0013894726778384912
121701	-0.005546188128130152
121801	0.00041083058595454643
121901	0.0027296956937313526
122001	-0.00555933617380134
122101	-0.0015815522486409006
122201	0.0013860045472224743
122301	-0.002647230797799843
122401	0.003972901776289722
122501	0.004111770084183312
122601	-0.004001152107130568
122701	0.0025324710348962583
122801	0.009563101913429127
122901	0.0012283003721321258
123001	0.0014969777623423627
123101	-0.008083961804336397
123201	0.003428997028214994
123301	-5.105528011687495e-05
123401	-0.0027040647261451674
123501	0.003738838417826188
123601	-0.002599018696581422
123701	-0.0004562740818050773
123801	-0.0069910650044628705
123901	0.0023225528894283134
124001	0.005099436174156883
124101	-0.007171280945415268
124201	-0.0016664360075792813
124301	-0.003310915346562399
124401	0.0028289434947024023
124501	7.155967898792013e-07
124601	-0.002263624740051111
124701	-0.005858939754422897
124801	-0.0038334347949001155
124901	-0.00031440065018132815
125001	-0.0014972178565793818
125101	0.004828198381730863
125201	0.0009337347978259629
125301	0.008681453340747382
125401	0.0012372850215995733
125501	-0.004800349577856338
125601	0.0037998296273568
125701	0.0018129088976011234
125801	0.0017541951573939725
125901	-0.006455756437132073
126001	-0.0025419243947440023
126101	0.002776959920300241
126201	0.0035915197796366426
126301	-0.0057813117183520765
126401	-0.00039612352741800344
126501	-0.0038663432283375983
126601	-0.003718013532746396
126701	0.0023489828454435506
126801	-0.00023488305977681733
126901	-0.003254120924522583
127001	-0.0009682874318105662
127101	0.0071857615548490536
127201	0.0012206958478456563
127301	-0.010638806856548817
127401	0.000977080356770648
127501	-0.005236710444328248
127601	-0.0030748019957671548
127701	0.004507960753383943
127801	-0.0016664179395750034
127901	-0.0035826656842289795
128001	0.0012486560052557012
128101	0.004019106404780887
128201	0.002333725386983288
128301	0.0002247171687536389
128401	-0.0037419058728921767
128501	-0.005186539782056565
128601	-0.0042202417929161325
128701	-0.0015320048035701586
128801	-0.007477737148052123
128901	-0.005904120443373881
129001	-0.0035067790718987238
129101	0.008922834950518467
129201	-0.0026260926733129054
129301	-0.0023212609928594734
129401	0.0015324865913510473
129501	0.0022560262254152632
129601	0.0036238846156387014
129701	-0.005325285551582412
129801	-0.002563894743474231
129901	0.004694644151978074
130001	-0.00367488425048764
130101	-0.0011336726584438707
130201	-0.0041246398902517354
130301	-0.0016664011171953423
130401	-0.003780549578011074
130501	0.0027686621806777456
130601	0.0066003006353021285
130701	-0.0033008309067155553
130801	0.0008021592613823349
130901	0.007107059515517865
131001	-0.003975704464098698
131101	0.0012727181839785402
131201	-0.002533356989365558
131301	0.004217288007635877
131401	-0.00033023828381994357
131501	0.002736817038349976
131601	0.0018061217281673688
131701	0.0032162984514978875
131801	-0.006311561600009377
131901	-0.0013133335433933098
132001	0.003336972592608146
132101	0.004474211331752152
132201	0.001230972940984149
132301	0.0028041544326738188
132401	-0.0027325612102417998
132501	0.0001413470570394321
132601	-7.168276040525991e-05
132701	-0.005347321890785914
132801	-0.0013786093600817728
132901	-0.0033111909423904676
133001	-0.005520625228900363
133101	0.005777032250270766
133201	-0.0028461416702103975
133301	-0.005224752521689466
133401	-0.0017912835401005735
133501	0.007348909881721621
133601	-0.001426381945177778
133701	0.0008327315846135849
133801	-0.0058461367563494935
133901	-0.0035475548601010395
134001	0.002195086710595721
134101	0.004701931932455931
134201	0.0023897997285740745
134301	0.008939708957838294
134401	0.004226536898626432
134501	-0.0049055906686982734
134601	-0.007042198856930065
134701	-0.0006176386451210922
134801	-0.0029048808972750983
134901	-0.003559118203418878
135001	0.0017405599258668025
135101	0.004779650321811226
135201	0.0015670340523645633
135301	0.00298727784974425
135401	0.002975699138564937
135501	-0.0011100020534798264
135601	0.004423993478691594
135701	-0.0037373256503865707
135801	0.003404801910656226
135901	0.00038850980297242894
136001	0.006334061185571083
136101	0.0008126564881851992
136201	-0.0004818827080950792
136301	-0.0017202905510505882
136401	-0.0014559248795835132
136501	0.004259908548580181
136601	0.008180629538727887
136701	0.005698499925359435
136801	0.0034767455231298544
136901	-0.0017811269442886005
137001	-0.0021228681090801065
137101	-0.005952435187597559
137201	0.00028341306642893597
137301	0.005132932599518504
137401	-0.006025247952055452
137501	0.004380541690551169
137601	-0.0020705584893950055
137701	-0.0050012910781278876
137801	-0.008823006179320877
137901	-0.0013406426145476517
138001	-0.003689432513806454
138101	0.0066874786594174635
138201	-0.004094963078278476
138301	0.0016711496747600944
138401	-0.003600306485684114
138501	-0.006457162075696767
138601	-0.00839808742863384
138701	-0.0056778019444124585
138801	0.004397326828946648
138901	-0.0034789601976463916
139001	0.004349399376716222
139101	0.0025892822796841544
139201	0.00678511509039474
139301	-0.0008254577141632444
139401	0.0033831432226577554
139501	0.006922160268425488
139601	-0.0016389736520185146
139701	-0.009430490214039952
139801	0.0011349383972641739
139901	-0.009286985611375205
140001	-0.006565498445712335
140101	-0.002879430581731849
140201	0.005495569846360291
140301	-0.0007012891564786232
140401	0.0017106033825622729
140501	0.005215405997086707
140601	-0.00502540357404318
140701	-0.0021761837388266534
140801	0.0018727804611791043
140901	-0.0007180055519425285
141001	-0.002598030186422166
141101	-0.008325821043911611
141201	-0.006648070673886051
141301	0.0025569557493101036
141401	0.004823649318630049
141501	-0.002682699696821177
141601	-0.0023798973134993356
141701	-0.0069042440951410326
141801	-0.0035651833331513958
141901	-0.002356791846692426
142001	-0.0026859413790712742
142101	-0.004693035749967711
142201	-0.004883919093034992
142301	-0.005333977330055187
142401	0.0031740234433591825
142501	0.006783633461360032
142601	0.0028639766015805066
142701	-0.005078879195632347
142801	-0.0015205975796428997
142901	0.0010174039659213235
143001	0.0011500363428265077
143101	-0.001690920429100027
143201	-0.00013045808147875112
143301	-0.0031845406642608226
143401	0.007897764957180742
143501	-0.001165850449965038
143601	0.0007057100130854788
143701	0.003268602506214092
143801	0.0010323486944979084
143901	-0.0087761210098439
144001	-0.005742515113824603
144101	-0.008711947777992899
144201	0.0038129338912200614
144301	0.0008293064569677433
144401	-0.0062884447346872275
144501	-0.0018848176521116843
144601	-0.0017592690639297664
144701	0.0013308446595206467
144801	0.0005545251756626853
144901	-0.003992583161760732
145001	-0.0038223926638796574
145101	-0.0032610911153018213
145201	0.0035987206276003815
145301	0.0006121740210322444
145401	-0.0006385834369517574
145501	0.0019619389322780094
145601	0.002280492811772535
145701	0.004180155497175913
145801	0.002048550755715833
145901	-0.0016827423880716736
146001	-0.0008776900693854531
146101	0.0017326653390436482
146201	-0.0015891075311499595
146301	0.0034569245702283846
146401	-0.0035945792359578636
146501	7.082173242822083e-05
146601	-0.003709334006047249
146701	0.0036165124885796395
146801	0.0021839909403487457
146901	0.0052783304908118585
147001	0.005694864357889778
147101	0.000536417578869182
147201	0.0015378580463290545
147301	0.005795561031762826
147401	-0.007993775176036673
147501	-0.006519728085951861
147601	0.0009186868791419148
147701	-0.0007552177160625569
147801	-0.001660280646140558
147901	-0.004931351632189468
148001	0.003349513606830033
148101	-8.754003335516045e-05
148201	-0.0042660903252923175
148301	-0.00569618052884926
148401	-0.0006579402953944997
148501	-0.002689592189508367
148601	0.002877614078621442
148701	-0.0033474239877198026
148801	-0.0024707021779752105
148901	0.00033653238595690533
149001	-0.005987206430728739
149101	0.0003262930863440203
149201	0.006214124540812514
149301	-8.794301705018316e-05
149401	-0.0016769221814439223
149501	-0.0017601588786932795
149601	-0.0007152830442643589
149701	-0.006895251159562003
149801	0.01154396589387913
149901	0.006385083132611104
150001	0.009952519068277578
150101	0.006762895807950581
150201	0.0037992026843345775
150301	0.0034302535071923154
150401	0.003326539644603911
150501	0.004528152278319484
150601	-0.0012314204271146503
150701	-0.0015059422581856102
150801	0.004609546883917242
150901	-0.003008274313075588
151001	-0.004253150446668174
151101	-0.005419998687635332
151201	0.004750198555632777
151301	-0.004386349590510863
151401	-0.0014436426973886529
151501	0.0007862391018891813
151601	-0.00543517272571974
151701	0.0012693094498726512
151801	0.0030207173422135522
151901	-0.007359725104589255
152001	-0.0044250597819949986
152101	-0.004906685421684772
152201	-0.00026828456051109336
152301	0.005693725971936625
152401	-0.0009944707865725216
152501	0.008166846321764674
152601	0.00017043887638758012
152701	-0.0019315627166348907
152801	-0.0015080974606661258
152901	0.0017154561728602395
153001	-0.004440842611834659
153101	0.001718274429319042
153201	-0.006031663508671478
153301	-0.00835769306387863
153401	0.004392937152007629
153501	-0.005555829307243931
153601	-0.00825214161761343
153701	-0.0014433164796856244
153801	-0.003241533787926903
153901	-0.0014016882517214264
154001	-0.003175803281411359
154101	0.004418006159418918
154201	0.006289356240487401
154301	-0.000966316299564408
154401	-0.0012129246132278019
154501	0.0035511954130165164
154601	0.00025240522994763454
154701	0.0018521586265433754
154801	-0.00018721271500410998
154901	-0.006717987356688541
155001	0.0033104815678289693
155101	-0.004050483487356303
155201	0.006364386836075766
155301	-0.000791404247757128
155401	-0.007010836570798265
155501	0.003825880120282396
155601	-0.0014344007205173478
155701	0.002219560483702298
155801	0.0010030277852196574
155901	-0.00799628258302234
156001	-0.0006437743603598395
156101	-0.0008907006347197801
156201	-0.00700908668042081
156301	-0.004205145154872806
156401	0.0006677456084856423
156501	-0.011501026697400057
156601	0.00409225681714108
156701	0.001844900386637252
156801	0.0028874037670630712
156901	0.007961140189439268
157001	0.002929771622314417
157101	0.008415658657477829
157201	-0.0019083809403071194
157301	-0.0006856494039971735
157401	0.008011247230540227
157501	0.0009089744212686304
157601	0.0013397895403682628
157701	-0.0015783027898026894
157801	0.0038844918157967348
157901	0.0022347777307030986
158001	0.0038257115218036696
158101	0.0056911389098172165
158201	-0.00032108948563837277
158301	-0.009632997386718582
158401	0.0027708728044274493
158501	-0.00455255737002046
158601	-0.0017268032358079592
158701	-0.00428090124114312
158801	0.008041235236826798
158901	-0.0032536508882023293
159001	-0.007432469417534998
159101	8.688636227179933e-05
159201	0.006894281004405421
159301	-0.002251733193988707
159401	0.006959868534509558
159501	0.003382543249011112
159601	0.0024701333342598396
159701	-0.0006496538625509143
159801	-0.008768804023318751
159901	-0.0006216718748418301
160001	0.0014282183392296428
160101	-0.002251811329762519
160201	-0.0016944007831214093
160301	-0.004773802323496702
160401	-0.005915885416880562
160501	-0.009436059704911102
160601	-0.006772411524186646
160701	-0.0010021176252540676
160801	-0.001279946034843987
160901	-0.005522459885856674
161001	0.0032207365342716214
161101	0.004397240416271728
161201	0.004565436914876557
161301	0.0030026478252072144
161401	-0.004125337104039097
161501	0.002778873860655528
161601	-0.005201966555570496
161701	-0.0028400981239361934
161801	-0.005573510561104549
161901	-0.0016575178157403907
162001	0.0005189702165434087
162101	0.001711021520804173
162201	-0.00756404592255216
162301	-0.011309417326495935
162401	-0.0016056196931764136
162501	-0.007400877137741304
162601	-0.0015418931870391115
162701	-0.0034318922536646563
162801	-0.0010759441936772128
162901	0.008139642601126774
163001	-0.0046614098578355665
163101	0.0013019205290247305
163201	-0.011026603511243996
163301	-0.005697511572883509
163401	-0.0014879668630216301
163501	0.008043745235271666
163601	0.0016152159933305024
163701	0.0035920670863144924
163801	-0.0034684626112665893
163901	-0.005919052954439804
164001	-0.008347666143078723
164101	0.002659299613818823
164201	0.003544344252519366
164301	0.005328937775274764
164401	-0.0076472208020417634
164501	-0.004767204526951878
164601	0.00037424395418041455
164701	0.002757145866044424
164801	0.01161164863164121
164901	-0.0011818355923055176
165001	-0.0027640628420158254
165101	-0.0007455203887889155
165201	0.000258503227075398
165301	-0.008232736275231148
165401	-0.0024133463491258257
165501	-0.00051111476723835
165601	0.0002774497898113541
165701	-0.0017744877713434571
165801	-0.0022408118664509523
165901	0.008874184342645672
166001	0.012971174628751627
166101	0.002206047880068687
166201	-0.006666681170342445
166301	-0.00039790137490235833
166401	-0.004143964723136632
166501	-0.009924367398201088
166601	-0.004893005738932364
166701	-0.004441239293354379
166801	0.0030344964995678747
166901	0.0027216355224652573
167001	-0.003221020334053836
167101	-0.0004623555767092851
167201	-0.006323994891833344
167301	-0.002312278599958361
167401	-0.0019456613201511415
167501	0.004070612787060684
167601	0.0012988473435697177
167701	-0.006070423942559011
167801	-0.009170346639711686
167901	-0.0055632789187120245
168001	-0.001574731093660255
168101	-0.0009419103369209316
168201	-0.008897736139484282
168301	-0.0008644700409060624
168401	0.0010754888020119496
168501	-0.008163755948458359
168601	-0.005173677663787278
168701	0.0012759567700354163
168801	-0.010013183367845872
168901	0.011288376959041564
169001	0.0018019178464004347
169101	-0.008918469525496532
169201	0.005039272398317391
169301	-0.002833946998579057
169401	0.004374841948460647
169501	-0.0016620604447719024
169601	-0.004413622808602436
169701	-0.00276733114659081
169801	-0.002344229233538627
169901	0.007148972774520554
170001	-0.0018985874103606452
170101	0.001931027740940752
170201	0.00015200324742750557
170301	-0.004817140892427824
170401	0.0065405142627216846
170501	-0.002584281065899963
170601	0.0026283249199417556
170701	-0.0017036277358661609
170801	0.004186205490414084
170901	-0.002816513862015879
171001	0.0014468277709551458
171101	-0.0008084520921053502
171201	-0.004366142315294931
171301	0.0004971721070083998
171401	0.0054621461391711834
171501	0.002208148238224158
171601	-0.010818265083052002
171701	-0.003958604222095967
171801	-0.00588235453071155
171901	-0.005110386718794497
172001	-0.0032536452348128743
172101	-0.0005697746158519737
172201	0.0011222998945871663
172301	-0.005842739254970296
172401	-0.003993619896860976
172501	-0.0026871272741273117
172601	0.0017320717103089104
172701	0.0017609943752340707
172801	-0.0006574865483516232
172901	-0.001382998792022161
173001	-0.0035101687543216222
173101	0.001595140254747811
173201	0.0014938334760742184
173301	-0.0003219143643437722
173401	0.0016161814353029009
173501	-0.012180457662574216
173601	-0.0015101121264058097
173701	0.007167099834521064
173801	0.008512054932281288
173901	0.003670757938234525
174001	-0.003965580843260316
174101	0.0026075372739169855
174201	-0.0023708266275127613
174301	-0.005520966973621872
174401	-0.00927984005868136
174501	-0.005615083824639111
174601	0.006253511077358546
174701	0.005931174742846922
174801	0.0016281961865714264
174901	-0.0014000423814994277
175001	-0.0016171834793338822
175101	0.0012488722141525354
175201	0.005365143658176967
175301	-0.0036548079743816374
175401	-0.005004882091583407
175501	-0.0014641561715247643
175601	-0.0017032884286047132
175701	-0.003457684652506469
175801	-0.0021868701012566164
175901	-0.004776960579107822
176001	0.006255029677607668
176101	0.0018651189347375454
176201	-0.003242759345129683
176301	0.004722775718166927
176401	0.00999510189416952
176501	0.006808997576806121
176601	-0.0033535929869244075
176701	-0.0014177241802517373
176801	-0.00033790405076411723
176901	-0.004608061939848432
177001	0.0007243773838555714
177101	-0.006954541915754638
177201	0.011983736205505587
177301	0.001290842228838007
177401	0.001417190982547661
177501	0.0011606065825370798
177601	0.0034995141282405952
177701	0.001531465585162891
177801	0.001866851245265888
177901	-0.004217727443074532
178001	0.000564264989751492
178101	0.0013048838843567607
178201	0.002849169088079108
178301	-0.003953971474094461
178401	0.007066997031434033
178501	-0.0019004465716010498
178601	-0.010039296291580426
178701	-0.0012984366934438597
178801	-0.012945673593702385
178901	-0.0016808545936755153
179001	-0.00392951216806492
179101	-0.0028389676052022273
179201	-0.0035871883022144417
179301	0.005527946843136487
179401	-0.009147647221845825
179501	-0.004148800386740849
179601	0.01092855143474773
179701	0.0046953533788035556
179801	0.00763830387056425
179901	-0.002151030405834044
180001	-0.00514640177171065
180101	-0.005963973325898378
180201	-0.0034890376972162365
180301	0.004951622732680247
180401	-0.0036173967969528762
180501	0.0011217250754841405
180601	-0.0010596774687000213
180701	0.010082476722553304
180801	-0.0028962393741003845
180901	-0.0011344840390141871
181001	-0.005780643853190154
181101	-0.004651003148263628
181201	0.0020753034228221186
181301	-0.00023851152854930806
181401	-0.003584260820208225
181501	-0.0009521034802654763
181601	9.88643663246587e-05
181701	-0.002664442619547357
181801	-0.0025054101900913784
181901	-0.004914525089393826
182001	0.0002487987948414675
182101	-0.007546314739444289
182201	-0.00821703343983912
182301	0.0006587313197101698
182401	-0.008550960516252289
182501	0.004335079471278971
182601	-0.005812582333733082
182701	0.00042871312184805926
182801	0.006296244724039104
182901	-0.004491974987310108
183001	-0.0018606620154375136
183101	0.00348518384370346
183201	0.0009361701844246914
183301	-0.0024726838584255705
183401	-0.0010321608037585886
183501	-0.008508798260167604
183601	-0.003172869375283153
183701	-0.0042680064326881244
183801	0.0007750088266571361
183901	-0.003899489265868124
184001	-0.004384390587354807
184101	-0.00812970426925278
184201	-0.01313700200975576
184301	0.008508218591933786
184401	0.008358444278311542
184501	-0.0007730444994782064
184601	-0.003994990186360085
184701	0.0022708221197184457
184801	-0.0021490265878232034
184901	-0.00744064458931623
185001	0.0029096159489679684
185101	0.0038850821029712016
185201	-0.0021412828339464913
185301	0.004617684491329482
185401	0.006398198871252337
185501	-0.001731697391453675
185601	-0.006451297347844169
185701	-0.008363200958778261
185801	-0.0053407460468552345
185901	0.0037677611144353823
186001	0.0025379989876311514
186101	0.001457337822423173
186201	0.0027156063216898212
186301	0.0034465922260302788
186401	0.0033519189197547435
186501	-0.0014320369516235985
186601	-0.00021837961822793878
186701	-0.004743174261050673
186801	0.001981765857251363
186901	-0.008802299071898594
187001	-0.006770656966677383
187101	0.0023355551307039017
187201	0.01222082470906106
187301	0.009677871350278642
187401	-0.008010348541668417
187501	0.004611048673576112
187601	-0.005079640614902958
187701	-0.0016499386257860075
187801	0.004781639968217063
187901	-0.012961463415397704
188001	-0.007523614990738172
188101	0.0017750247954471995
188201	-0.0050561260545404375
188301	0.0054943156309492655
188401	0.004511005647576029
188501	0.008680852185212608
188601	-0.007551268311494759
188701	-0.00011105552987034324
188801	0.005575646817638325
188901	0.0040469924053422495
189001	-0.003889559486472645
189101	-0.000491470436244447
189201	-0.0033205163377955324
189301	-0.0049340546925026475
189401	0.0013848704437717015
189501	0.00010820469817255675
189601	0.0013764169214935868
189701	0.0032796440083433286
189801	-0.0028876669195396346
189901	-0.004999886484767877
190001	0.00030514552590982176
190101	0.008393378847108814
190201	0.00023423751085858632
190301	0.0007463198171102458
190401	-0.007319735085574086
190501	-0.006136358538091761
190601	-0.002334962182070626
190701	0.008604020373323132
190801	0.008117701871073106
190901	-0.0029906349005600586
191001	-0.000778124569295342
191101	0.002213303599988895
191201	0.005480419870088766
191301	0.0015141133427265289
191401	-0.005596710254384811
191501	-0.011107301114895314
191601	-0.004309679916873061
191701	0.003108094371163983
191801	-0.002936891454573072
191901	0.004285859825533997
192001	-0.0001363616473248037
192101	-0.00439169353085318
192201	-0.00032789201630206043
192301	-0.006220948541829884
192401	-0.0032346215601394895
192501	-0.0006276738888744809
192601	0.0010875375439852318
192701	0.008773919334623128
192801	0.001604356566446774
192901	-0.0007003651159590352
193001	-0.00576817039964329
193101	-0.0011214579945558493
193201	0.004118853956169271
193301	-0.00010494646875178674
193401	-0.012716414365492998
193501	-0.0005264960303224365
193601	0.004667271791966938
193701	-0.0035709585834514685
193801	0.005485970097804423
193901	-0.00013486582236943914
194001	0.0029891856894494243
194101	0.0011230965700817774
194201	-0.0006660404294372361
194301	0.006240139897987122
194401	-0.00549866694589217
194501	0.0016318636075472591
194601	-0.006424746411136693
194701	0.004612468496272055
194801	-0.004711739787638129
194901	0.0035990168224712127
195001	0.003125488054842407
195101	0.005008508228263669
195201	0.006480175171756796
195301	0.0032433960376237296
195401	-0.0008082437146910604
195501	-0.007353761539499602
195601	-0.008365889856696913
195701	-0.003814559109346962
195801	-0.0033076895383814743
195901	0.0009371302139536569
196001	0.006153271726034706
196101	0.0021647009632164028
196201	0.0021154533692065835
196301	-0.0008193216538271702
196401	0.005294098761101315
196501	-0.004582938416373422
196601	0.0006359330926070966
196701	-0.0014971079494568297
196801	0.008025760891210335
196901	-0.010989347567158135
197001	-0.001219350295471445
197101	-0.0009418859033732844
197201	-0.0030376186604333657
197301	0.002073657711020287
197401	-0.0009022829866155869
197501	0.01032152805492766
197601	0.00117633120622838
197701	0.0034096730507990006
197801	0.000512702868993753
197901	-0.0019477206320097117
198001	-0.0010134282703527012
198101	-0.006420222364053955
198201	0.002062783309746569
198301	-0.005500416320851452
198401	0.011840722169677926
198501	0.004256580756863996
198601	0.003376749463183059
198701	0.010912733157106193
198801	-0.0007627594212264491
198901	0.007531926808387245
199001	0.0029879869645703582
199101	-0.0071088486292550405
199201	0.003630582792727745
199301	0.0021488038475944533
199401	0.007103197086316178
199501	-0.0046440268004661715
199601	-0.003765425967644817
199701	-5.852713709221343e-05
199801	-0.003620037930085862
199901	-0.0019331533269552202
200001	-0.008044245423002347
200101	-0.0031996327611716353
200201	0.00285762835806194
200301	-0.0020813922566326765
200401	-0.010843083863598692
200501	-0.008285574974064396
200601	-0.0035336862145100402
200701	-0.00015915532703224044
200801	0.0046138127904954045
200901	-0.002870742151082467
201001	0.005963602581812636
201101	0.012686263491853561
201201	-0.0001558010489377768
201301	0.0007115346945303247
201401	-0.006039261144996445
201501	0.005978601638559256
201601	-0.004657710202039899
201701	-0.0006103464756677648
201801	0.0034745893896545423
201901	-0.0126878938936357
202001	-0.0003001945132661001
202101	0.00010670238462187914
202201	-0.004360071263227093
202301	0.0012472361884544611
202401	0.0044344767199410474
202501	-0.0037807262308658363
202601	0.0012191647482453427
202701	-0.007758130491411446
202801	-0.008423049594168602
202901	-0.00011291709246574726
203001	-0.000800556083921719
203101	-0.002808665532407869
203201	-0.0033061089774260297
203301	-0.006441415407654993
203401	-0.0009560650653866484
203501	0.0036080880599810203
203601	0.005676792795789608
203701	0.0005020801822605271
203801	-0.0059446651429730536
203901	-0.0035351403546983883
204001	-0.0004355295548024656
204101	0.0006545641906851867
204201	-0.0034029070724573315
204301	-0.002196532986880653
204401	-0.00026479556411696203
204501	-0.011789845357247775
204601	-0.0032586926413388866
204701	0.0014876292077509493
204801	0.0029465486330184803
204901	-0.0008019088569397835
205001	0.0035921532009384463
205101	0.0003346316191595678
205201	0.00228282839771854
205301	0.002871427752303155
205401	-0.0001336523739937177
205501	0.001406546117359447
205601	-0.0007058537867555871
205701	-0.007048189370395415
205801	0.0008597492429756308
205901	0.005777592732348661
206001	-0.004897889325373995
206101	-0.00098517253848941
206201	0.002962384833138792
206301	0.012236671311860072
206401	0.0059331391039204
206501	-0.004008675120556826
206601	-0.0041398567356758335
206701	-0.003833400894458012
206801	-0.0036805914195366515
206901	0.0011153335346286227
207001	-0.0019379505427216971
207101	0.002102786074216817
207201	0.000384088677051289
207301	0.0008482397960407666
207401	-0.0020343791562391477
207501	-0.0026600114671033095
207601	0.007451565832854455
207701	0.0038876877661971716
207801	-0.0039729254449995385
207901	-0.006321377940617832
208001	-0.002502163193765719
208101	0.0017335489175788587
208201	-0.0004084487895826086
208301	0.004679346895792879
208401	-0.003256133304222413
208501	0.002023234811789978
208601	0.0035131741068399757
208701	-0.000517265128126075
208801	-0.0015611167699109646
208901	0.0005313537467507648
209001	0.003002690584652435
209101	0.005930809056417123
209201	0.014389119745821142
209301	-0.0004907179231345837
209401	-0.00254046146407847
209501	-0.007535973352401988
209601	0.002705149553187144
209701	0.008992996402058164
209801	-0.007814878371079815
209901	-0.004995118548732488
210001	0.005176188874699054
210101	0.004259201744478
210201	-0.006039364642733768
210301	-0.0003711111297955762
210401	-0.0026480266170887134
210501	-0.003887869081394296
210601	-0.005013570978335503
210701	0.003334399616988952
210801	0.0029756996075623156
210901	0.0044070490580284775
211001	-0.0013869256370743436
211101	-0.0013903518998191042
211201	0.004361536742615222
211301	0.001885988910986368
211401	-0.0013607222067930148
211501	-0.0007295391542686998
211601	-0.003962099216351312
211701	-0.003953159250949907
211801	0.004887801027075032
211901	-0.006138808368925547
212001	-0.002725764003600987
212101	-1.917224442195044e-05
212201	-0.006624424222839638
212301	-0.00553051670377309
212401	0.004873725265904795
212501	0.00407216170782455
212601	-0.0057470734872418
212701	-0.0016735381741471993
212801	-0.0032972723082367577
212901	-0.005244598324083627
213001	0.0021910936477557465
213101	-0.0036974807114552614
213201	-0.002307045909257408
213301	-0.006003384084151135
213401	-0.0006339389658578798
213501	0.006065291889558734
213601	-0.0011727133737122308
213701	0.0053010561857940106
213801	-0.00046102638213838394
213901	0.008000004107064203
214001	0.0002550141956814624
214101	-0.0015623120191252465
214201	-0.00048323604737313667
214301	-0.00429002565109258
214401	0.004013348199753967
214501	-0.002841114389308742
214601	-3.271384705137585e-05
214701	0.0022680940393345807
214801	0.008031410825631873
214901	0.004101863083397362
215001	0.005740412538523629
215101	0.005729935389450652
215201	0.006991199085766098
215301	-0.002575052153903004
215401	0.005023128256286641
215501	-0.0033739294545235233
215601	-0.004708781281068472
215701	0.005225562575214568
215801	0.004098198070408071
215901	-0.007102157189444131
216001	0.0006308369770375382
216101	-0.0023734258607220385
216201	0.00042570784411876154
216301	0.0045127265662206735
216401	-0.004073318408254288
216501	-0.0004701615130805538
216601	0.0002216069442951172
216701	-0.0030828788464663417
216801	-0.004135151642341837
216901	-0.009929640495255151
217001	0.003415982173746745
217101	0.004327673434198912
217201	-0.0033952911201821034
217301	-0.0012361065015549472
217401	0.005222966998563801
217501	-0.006987699104222839
217601	0.00294660171851125
217701	0.0031088826205477945
217801	-0.0006777834521718678
217901	0.007948643661810844
218001	0.0016116032365228264
218101	0.0002875759788985388
218201	-0.0018994688038028054
218301	0.001494519570976357
218401	5.392973078791407e-05
218501	-0.0004854089159128084
218601	-0.003260478889144712
218701	0.005853918431224785
218801	-0.001193662740938376
218901	0.0013110601071525706
219001	-0.004321524122936899
219101	-0.0002337442427734419
219201	-0.0011452862356914693
219301	0.0049988941331037765
219401	0.0007778565385828858
219501	-0.0015959119366979048
219601	-0.0005104978046866607
219701	0.004331896030545457
219801	0.0020908547952712235
219901	0.01511618214224866
220001	0.0007442431324540384
220101	0.0012075660064937732
220201	0.0037053624813500516
220301	0.004370889537709251
220401	-0.0018679346723156896
220501	0.0002633477238934025
220601	-0.007731323000979997
220701	-0.007048188413979708
220801	-0.0032486745703316218
220901	0.010067344753128503
221001	0.00048618351316239745
221101	-0.0046350217335865244
221201	-0.004142307346452629
221301	-0.0030940939829935264
221401	-0.005511418713462436
221501	-0.005513891171485545
221601	0.004338719297303773
221701	0.005439630375594636
221801	0.0028189569334663924
221901	0.0007167197269187011
222001	-0.0033318055084878744
222101	0.0032922877480963285
222201	-0.005350912071982927
222301	-0.009807814268531468
222401	-0.008309749032793497
222501	0.0018756392286220101
222601	0.0015134273425080713
222701	0.005773346684291085
222801	0.005210131206410532
222901	0.002042099923718019
223001	-0.001184556464940194
223101	-0.00957906959123564
223201	0.00025141596010841405
223301	-0.0009984044005868712
223401	0.01025514993671594
223501	-0.005692022697245996
223601	-0.010001636447909924
223701	0.003085095047342769
223801	-0.00018032701891051149
223901	0.0031960976762982585
224001	0.0025377043876461426
224101	-0.0022343241991853334
224201	-0.005370849905073238
224301	-0.006350925184052115
224401	0.0069441924105998155
224501	0.010706208649039043
224601	-0.0053980634875507565
224701	0.006468382102617671
224801	-0.005340280089301657
224901	0.002979858794947475
225001	0.0021811561374561086
225101	0.0035477482668095296
225201	-3.098604818202739e-05
225301	0.0035708941230222753
225401	-0.0018368789409968177
225501	0.0011667719307094592
225601	0.005172394380117668
225701	0.00578534385165789
225801	-0.0011208696728967128
225901	-0.009267806492254836
226001	-0.0005740107048073173
226101	-0.005028146873815665
226201	4.127646629867599e-05
226301	5.097850123021598e-05
226401	-0.005522880976608388
226501	0.006796033514053988
226601	-0.0007360706188158441
226701	0.00720034978389186
226801	-0.006355615236312284
226901	-0.0017251446204993002
227001	-0.0037064382743898895
227101	0.0035341418622265044
227201	0.003070416399436908
227301	-0.004248474932958325
227401	-0.011101564779219846
227501	-0.007626085152593625
227601	-0.002880208341490078
227701	0.0001886351287908349
227801	0.00645013498886711
227901	-0.00027979468017903965
228001	-0.00027998335859816747
228101	0.002875247598163901
228201	-0.0099562111272736
228301	-0.010446192808154748
228401	-0.008025494520225445
228501	-0.005962078543330752
228601	-0.00046252559065378454
228701	-0.003310809972467143
228801	-0.0008706228322538874
228901	0.009208830393882471
229001	0.002092174560157987
229101	0.00797443221583204
229201	-0.007165238041663789
229301	0.002311841642505855
229401	-0.0032178701479239303
229501	-0.0026335501063162307
229601	0.009730481619388625
229701	-0.004243721046212832
229801	0.0036698347926046723
229901	-0.005578359940947893
230001	-0.004866724541296216
230101	0.00504128300297451
230201	0.0028699607745549796
230301	0.002493126583588689
230401	-0.002500922084123549
230501	0.004822512528299556
230601	-0.006121989754875065
230701	-0.003440525236887101
230801	-0.005660463004112275
230901	0.0026653357876605483
231001	-0.00039586592775250944
231101	-0.00791237140712171
231201	-0.007822393697812194
231301	-0.008208104232640744
231401	-0.004656945082368918
231501	-0.008312913704789808
231601	-0.0005329032713533612
231701	-0.010881942967092639
231801	-5.537218840997894e-05
231901	-0.0009712043306127764
232001	0.007517492914113413
232101	-0.00724842116158102
232201	-0.003309021965092205
232301	0.008596952595352484
232401	0.001112778363225708
232501	-0.002783141947168874
232601	-0.0009882170226311554
232701	0.00656576008582893
232801	0.00073923361597941
232901	-0.008277613229616598
233001	0.005063396077959649
233101	-0.0001447522922701401
233201	-0.0039686408043155584
233301	0.013134305685983875
233401	0.00524147075519573
233501	0.0016776960444344574
233601	-0.004142826684234171
233701	-0.003990019759509083
233801	-0.006109251514544982
233901	-0.004102417409562294
234001	-0.01202139123541352
234101	7.322849176589944e-05
234201	-0.0007925282823168093
234301	-8.783967810144667e-05
234401	-0.0010531419213335913
234501	-0.008839939873833417
234601	-0.004062235920617285
234701	0.0015149585338447144
234801	-0.0030997316019049496
234901	-0.005308794610121563
235001	-0.0039591318345681015
235101	-0.00497978450775289
235201	1.5917208088596867e-05
235301	0.0008698341065043175
235401	0.005492325820596977
235501	-0.001966187314269908
235601	0.004798881099537603
235701	0.009199157583050751
235801	-0.0019245794812443508
235901	-0.006836834899271132
236001	-0.0010506449969735448
236101	-0.0058791464471683996
236201	0.010453645008503107
236301	0.013882826646686285
236401	0.000668447518878333
236501	-0.004514401005861941
236601	0.008028438290403781
236701	0.007563580371364733
236801	-0.0007030896164155405
236901	-0.0031094435885703417
237001	0.00047746391095039706
237101	-0.0009133614205384049
237201	-0.002268381433412496
237301	0.0010512327626884205
237401	-0.0022522715318745805
237501	-0.004341759325786212
237601	-0.0011828545231894836
237701	0.00019093966733142221
237801	0.00013297014233314445
237901	0.0023492329809402367
238001	3.537650727456953e-05
238101	0.009083998641483508
238201	-0.005729767195864399
238301	-0.004430698522373838
238401	0.0003236422788966846
238501	0.0015445720838557666
238601	-0.0008816146210294012
238701	-0.001718217240375523
238801	-0.006719142527811036
238901	-0.0005407053470619972
239001	-0.008223974281256081
239101	0.0010772080627711243
239201	-0.002448616590362756
239301	0.000558195871146532
239401	0.00200508837737144
239501	-0.0007505537964984328
239601	-0.0008046895018719612
239701	0.0051083359929405695
239801	-0.0009811389672442653
239901	0.00874877563836613
240001	0.008842295460141321
240101	6.936462462488046e-05
240201	-0.0007316186333829728
240301	-0.007848224456439607
240401	0.0013103491719682159
240501	-0.00755087283359989
240601	-0.0042622801975877814
240701	0.0007226883201907778
240801	0.003320987011480645
240901	-0.005191918747624173
241001	-0.007448800278364249
241101	-0.007894671007262837
241201	-0.0023584884146836977
241301	-0.0025581825020325175
241401	0.001142174415610287
241501	0.0038982949944378507
241601	0.007272425896045978
241701	-0.0011204122416639014
241801	-0.0026803895380488442
241901	-0.016335805112722392
242001	0.0007485413928513687
242101	-0.0019156531060827771
242201	-0.005802369242710555
242301	-0.004800455699842152
242401	0.0014262245440575202
242501	0.0004569676839810461
242601	-0.0007835740263110665
242701	0.004625336319141037
242801	0.0052627247529824
242901	0.003563952300873954
243001	0.007795735947228035
243101	-0.003121805753055009
243201	-0.003839742249278239
243301	0.0020830251069274457
243401	-0.0008383007085394176
243501	0.006501032097131193
243601	0.006024009965501089
243701	0.008516351994580052
243801	-0.0019602338387028095
243901	-0.0008327331441311843
244001	-0.0012035643222809325
244101	-0.0022858338743940946
244201	0.0007565702492398566
244301	0.0013608538318468132
244401	0.0063161835198082454
244501	0.0034613938949327647
244601	0.004189958516490402
244701	0.012559072216589749
244801	-0.0013033832861649168
244901	0.002846521857980199
245001	-0.0010134317014387874
245101	-0.006603049830146928
245201	0.0007264192212328621
245301	-0.003709081940771875
245401	0.007509030355254227
245501	0.005486402088968897
245601	-0.0017807326810711532
245701	0.00930689340615972
245801	0.003155545809844405
245901	-0.006885220371099502
246001	-0.004436795124298873
246101	-0.0021791976696128507
246201	-0.003798254509055146
246301	0.001673682437814569
246401	0.0018798867311977717
246501	0.01223258630453399
246601	-0.0013105989257828248
246701	0.0014926320101578407
246801	-0.0035408379735902508
246901	-0.011733328355446881
247001	-0.0035864460532577364
247101	-0.0023102357435341343
247201	-0.007271104806324514
247301	-0.00467731781381798
247401	-0.005577481446594793
247501	-0.0037266843684414875
247601	0.004608423887930704
247701	-0.004085972433897167
247801	-0.0024993777490708944
247901	0.006233036497583995
248001	0.011298831274979002
248101	0.007915455128991515
248201	-0.004763883922353418
248301	-0.0014927892863840597
248401	-0.0032959262467074976
248501	-0.0058740777515508494
248601	-0.006261941763922188
248701	-0.005510822022060606
248801	0.0027552714533629467
248901	0.008355770679728432
249001	0.008090113921845884
249101	-0.0007351251403634448
249201	-0.002587149424762945
249301	0.0020502417502645713
249401	-0.0031633694878007235
249501	0.0019714702628478562
249601	0.01928109793360193
249701	0.0035996918725403463
249801	0.00012040996590256846
249901	0.0012999656436877656
250001	0.0024863850804260137
250101	-0.002574408757288533
250201	-0.004044141742748781
250301	-0.0016179612099870106
250401	-0.0029453168576399286
250501	-0.005037643376264383
250601	-0.0007838477774652343
250701	-0.005469204208196097
250801	-0.00607932643606459
250901	-0.0012553802384096388
251001	-0.0058456656000354995
251101	8.053625676363958e-05
251201	0.00786625728444048
251301	-0.0029934800497632896
251401	0.0068675838340942165
251501	-0.00844893095514477
251601	-0.005736415382180218
251701	-0.00691957146368424
251801	-0.011697442826491006
251901	-0.0004902131699557367
252001	0.0018843008571580355
252101	0.003500623963563849
252201	-0.0032073392922037608
252301	-0.0008741387784973912
252401	0.005427452928656497
252501	0.012020030991595106
252601	0.004484034231323948
252701	-0.012134861745522961
252801	-0.005186531086631481
252901	-0.008495502285060061
253001	-0.007011556434248507
253101	-0.002196676615025259
253201	0.00261530482987119
253301	0.0002035823231957432
253401	0.005530876190816486
253501	-0.004488681723085154
253601	-0.009930833048747657
253701	-0.009582977943864864
253801	-0.006239807417161204
253901	0.013429337089265386
254001	0.006663434858539276
254101	-0.0006969487765798639
254201	0.00041131796044105223
254301	-0.004736556273302911
254401	0.010077975825814859
254501	0.01124123372937535
254601	-0.002969715077589838
254701	-0.0006293972247161424
254801	0.0005323903809042053
254901	3.5618358133349484e-05
255001	-0.0006480645999072628
255101	-0.004544688254581258
255201	0.00731384948936444
255301	0.0054192005627804
255401	-0.0017427099524288789
255501	-0.005696782731799232
255601	0.005028366937480428
255701	0.009029550447172324
255801	-0.005532302488844659
255901	-0.0038949140778080636
256001	-0.002795027544001371
256101	-0.0010937262344482
256201	0.0003879179522277537
256301	-0.0042576326078271245
256401	0.012617598738053824
256501	0.005328146603959916
256601	-0.010623815846441433
256701	-0.0030050331694540596
256801	0.003800583331933688
256901	0.006424345099695482
257001	0.005796419155861358
257101	0.0058173185404194975
257201	-0.004901868239450944
257301	-0.002597811893010667
257401	-0.008530030490286463
257501	0.0015829660801071727
257601	-0.00017737712081905582
257701	0.002969939351178439
257801	0.0048693816682345474
257901	0.00811049939727635
258001	-0.005284426702949599
258101	-0.0025558301364434544
258201	-0.0049247904804398295
258301	0.011724851020775542
258401	-6.425465281697748e-05
258501	-8.437019207195276e-05
258601	0.0004070934752103271
258701	0.005178030456458766
258801	-0.0020622230365622434
258901	0.0015738484711723324
259001	-0.008064647265815017
259101	0.004489811710558931
259201	-0.006513257248802702
259301	0.014527866568288472
259401	-0.00219696072722678
259501	0.00010781158958023513
259601	-0.008987114230303064
259701	0.0005641445495299165
259801	-0.00987273244063992
259901	-0.0015059452398005243
260001	0.0074384120269523025
260101	0.003261436665791532
260201	0.0006427115043529575
260301	0.007106822228633576
260401	0.003728413713565351
260501	-0.0062254245588652815
260601	0.003840946684283285
260701	-0.003887538544715407
260801	0.002288222273939652
260901	0.0029385654067960103
261001	0.00252686287587281
261101	-0.003809831557559542
261201	-0.0030042240159765584
261301	-0.01006974524308017
261401	-0.008301808996329632
261501	-0.0064767555007646666
261601	0.0033636580291428264
261701	0.00639162888297314
261801	0.0022376630928394674
261901	-0.005155173668788261
262001	0.0024835627341479646
262101	-0.006869158086611236
262201	-0.0028501184706675813
262301	0.0016905352625159477
262401	0.011967822881658438
262501	0.0016664411459189833
262601	-0.0046379005142859935
262701	-0.005082563661512912
262801	-8.743417515734658e-05
262901	-0.011816300631016243
263001	-0.0031525494323811514
263101	0.0009166167899225285
263201	-0.006338466466528152
263301	0.0003373768468686459
263401	0.00012804842305201285
263501	-0.006463805843563598
263601	-0.0025229670314368333
263701	-0.001742362927526356
263801	-0.005627729597328116
263901	0.002121572021745216
264001	-0.0024613841925813615
264101	0.007353151508751274
264201	0.003677367622555012
264301	0.0009367268331029592
264401	0.000794108725378176
264501	-0.012613938732983911
264601	-0.0036455816906857783
264701	-0.0031648462179680753
264801	-0.0025616503898604178
264901	0.0015777179154400746
265001	0.0018381731674473722
265101	0.005696397250216914
265201	0.004169400164131439
265301	0.001948255688019191
265401	0.0014018313615005084
265501	0.001476109153664844
265601	0.002526445102365713
265701	-0.0010721230185607386
265801	-0.0054790085460821635
265901	0.004790818009287822
266001	0.004774466819835348
266101	0.00572738771684793
266201	-0.0027984853025174645
266301	-0.007463040256037704
266401	0.003514172409944497
266501	-0.0071252118730085615
266601	0.0006411013376156164
266701	0.010365889533299458
266801	0.0016968249159935633
266901	0.003473488941278823
267001	0.010056983122567767
267101	0.0013332265936812882
267201	-0.0034683746423898416
267301	-0.008221130785885713
267401	0.007065656785398584
267501	-0.003955198849813393
267601	-0.007367846733301328
267701	0.003956121967074983
267801	-0.0036454607560459135
267901	-0.00023701403576116006
268001	0.006075739554796501
268101	0.001333689475304689
268201	-0.006311080521066632
268301	-0.008782229070704887
268401	0.004857892514554682
268501	-0.006601554549346417
268601	0.0014174669755314044
268701	-0.005131953848409966
268801	-0.007287090098979943
268901	0.0068227763712677345
269001	-0.008885918700902416
269101	-0.0016971155727900846
269201	-0.0030116152378236332
269301	-0.006764990895503932
269401	-0.0007771898236250607
269501	0.003190660692107558
269601	-0.00454352843585316
269701	-0.009823922566709923
269801	-0.0010729748773258682
269901	0.004723622860800521
270001	0.006292511325853082
270101	-0.0029536693273775803
270201	-0.0008380026531526692
270301	0.006398131189367464
270401	0.010151012535968448
270501	-0.003575551103783076
270601	-0.0005740985141586409
270701	0.011397968098201905
270801	0.009454151408109226
270901	0.0038928237373334444
271001	-0.0003733816323158704
271101	0.0024631754029910287
271201	-0.003340667245273881
271301	0.002830025830495145
271401	0.003639067607409908
271501	0.0054324622181850255
271601	-0.0015210324511070645
271701	0.004462732706750282
271801	-0.014087912140743704
271901	0.00650885439241103
272001	0.003456846897188829
272101	0.004001108812004131
272201	-0.0052224877396108834
272301	-0.00228169949818605
272401	-0.00528513430836309
272501	0.003363257968852517
272601	-0.002669143102854488
272701	0.0023933146034551453
272801	0.003931726102427699
272901	0.00466533624494294
273001	-0.009962403724451573
273101	-0.002442076518811086
273201	-0.004440681894206621
273301	0.007006257745337482
273401	0.0016118743637969228
273501	0.002347645669811994
273601	0.0042948909473732805
273701	-0.0015611912760208528
273801	-0.007342081625096457
273901	-0.00981762362612632
274001	0.007911701077236719
274101	0.009725035325986798
274201	0.00145409646438179
274301	0.00241095081846223
274401	0.0023860526060437075
274501	0.0014714114316580686
274601	0.006178990163289903
274701	-0.0061315055624790405
274801	0.002168892247264274
274901	-0.0047539376565764
275001	0.00376007918310787
275101	-0.0019045439489632555
275201	-0.0020965507371198283
275301	0.001342696049754857
275401	-0.008392779707562772
275501	0.0021114033045799385
275601	0.008253341237750652
275701	0.0008563617891192238
275801	-4.100521818314978e-06
275901	-0.0020691427344131687
276001	0.0037747769493805595
276101	-0.0094381134794322
276201	-0.0040922108174508125
276301	0.0034358577812374775
276401	0.0025368847681218752
276501	0.0170668028871544
276601	0.015765579493812205
276701	0.001783102218301083
276801	0.003959160255882934
276901	0.006473430041509129
277001	0.004868228264417963
277101	0.0007193398487480702
277201	0.003569868500544131
277301	-0.005368532946759962
277401	0.0030155208011526575
277501	0.0038730647661381797
277601	-0.0016259163070509103
277701	-0.012167245755523118
277801	-0.004621114677736522
277901	-0.00956713637109037
278001	0.00518377597313555
278101	0.007777264477731438
278201	-0.004612965119917392
278301	0.006647590713831789
278401	-0.011570992654769248
278501	-0.0010372942269091022
278601	-0.007640030861122327
278701	-0.005378191921984801
278801	-0.0033394905905346187
278901	-0.004312908331618365
279001	0.004121339207173509
279101	-0.0054603473411723455
279201	-0.011768896954910972
279301	0.0003403794366129672
279401	0.005802651578027271
279501	-0.0008873016987170225
279601	0.008979180566014109
279701	0.0007091255953636186
279801	-0.007879324472089914
279901	0.0046348504099125035
280001	0.006928342813291226
280101	0.01028077745774244
280201	-0.0059343711522974255
280301	0.006899569970739208
280401	0.004712711995256923
280501	0.0017932992580449029
280601	0.002734620074471293
280701	-0.0011182968026453516
280801	-0.0014605785692574456
280901	-0.00036429720319558235
281001	0.004171397511967915
281101	-0.0099480063754998
281201	-0.006224323173600062
281301	0.0050414614592402445
281401	0.002881509658901
281501	0.0019671026328382446
281601	-0.009284140345383152
281701	0.001701201616110375
281801	-0.009130791659054486
281901	0.01896709425193872
282001	0.003321964108387902
282101	0.005890328706353026
282201	0.0017347077117337364
282301	-0.00758020936900133
282401	-0.004981437752617881
282501	-0.007959022620222099
282601	-0.0018470226793543374
282701	0.000235823260258716
282801	0.0073623466208845145
282901	0.0061173890821679695
283001	0.003281016323410064
283101	-0.001148504523335481
283201	0.004417728503760257
283301	0.006556289329604734
283401	0.00185774548394904
283501	0.005420248183925064
283601	-0.0024159128564127507
283701	0.0065899794147786924
283801	0.0012360082383146838
283901	0.006145581005703686
284001	0.003583940159737294
284101	-0.005281462443517358
284201	0.006402673930029931
284301	0.009263062224192426
284401	-0.003316329223882248
284501	0.0009931174450839501
284601	0.005478839215186478
284701	0.008359883493109626
284801	0.005090178320637473
284901	-0.004168138868812616
285001	0.0017246883372600726
285101	-0.010660512845861858
285201	0.0026402710586990313
285301	-0.0038270633653006134
285401	-0.004065971719421468
285501	0.004660014855527213
285601	0.004204642193683944
285701	-0.005007646566237542
285801	-0.003593537277781548
285901	-0.004817018592795588
286001	0.005241583422513381
286101	0.0033355945814153524
286201	-0.008749311048426262
286301	5.2657879896509135e-06
286401	0.0015021264804073904
286501	0.008049158907013717
286601	-0.0029219893822843893
286701	0.008402922301979317
286801	-0.007586191961458321
286901	-0.007169734864056585
287001	0.008125527704648956
287101	-0.007275700195534824
287201	-0.0014712438006476189
287301	-0.008806349262892954
287401	0.0033864891895881454
287501	-0.0028288558835604972
287601	0.003270960720086258
287701	0.003781663148734503
287801	-0.006985792732667353
287901	0.008903797916972378
288001	-0.004255685739655876
288101	-0.005202071217880257
288201	-0.0011151597948628423
288301	-0.006940953563333873
288401	-0.006610279927631397
288501	-0.004993331821613552
288601	-0.012869354365000623
288701	0.009288601893499419
288801	-0.008880738564434044
288901	0.005517467367865985
289001	-0.003152206162773429
289101	0.001299253114722845
289201	0.009048843017974382
289301	-0.007067189444884916
289401	0.0059267956708486304
289501	0.011822088801033578
289601	0.00860027936175861
289701	0.003142213689517831
289801	0.00017587787619859383
289901	-0.0010464169060261305
290001	0.009014755873282813
290101	-0.004810493509265411
290201	-0.0013590443659076005
290301	0.002725063737830683
290401	0.0033147478660365205
290501	-0.002083838978746996
290601	-0.008689062816953544
290701	-0.0022773218446008833
290801	0.010328104949957726
290901	0.007061149615589937
291001	-0.006993203967034153
291101	0.003705854638651931
291201	0.0026180218079486866
291301	0.001275618395979279
291401	-0.0007661647080358162
291501	0.008664536651350323
291601	0.002249058271307735
291701	0.0002301804672709482
291801	-0.0022934840970040954
291901	-0.0036120085980684536
292001	0.009363581704003211
292101	0.004343920366602517
292201	0.0019316419429289233
292301	0.005709653250389989
292401	0.003794040934184494
292501	-0.00214996300427362
292601	0.00018759179272748413
292701	0.0019031064521029377
292801	0.0001501760686399245
292901	0.007317989824012866
293001	0.007769876985389833
293101	-0.006012371728865
293201	-0.0031731198346201346
293301	0.004895943439407783
293401	0.006762270936916778
293501	0.004017033305209905
293601	0.00416645338581202
293701	0.00210954734379533
293801	0.0030773374659643937
293901	-0.007086987246705255
294001	-0.0036683610042629834
294101	-0.0014600835961291994
294201	0.0006858372155264097
294301	-0.002613744346277214
294401	-0.00636213180641636
294501	0.0018992249763761255
294601	0.0001493727144457998
294701	0.005014549282183383
294801	0.010666150756929544
294901	0.005584225732794545
295001	0.010923490717980322
295101	-0.009920059735014206
295201	-0.00031142714637970363
295301	0.005266452836724441
295401	0.0027557746367084623
295501	-0.0014702066411286937
295601	-0.002677613372354789
295701	0.001180021135762619
295801	0.000362151301084138
295901	-0.002863626723641298
296001	0.0011634143140020767
296101	0.004006119002317099
296201	-0.002889879900434059
296301	-0.0009100200975294278
296401	-0.006548381544171138
296501	-0.00762209784740568
296601	-0.00565537726801102
296701	-0.00138481802511731
296801	-0.001955312961627497
296901	-0.002968216417650319
297001	-0.005862841402931697
297101	0.004968564505516059
297201	-3.611418857259354e-05
297301	-0.0007028120948613934
297401	-0.002226002035225666
297501	-0.010755192261629564
297601	0.00164045819561588
297701	0.0012101229849918508
297801	-0.004845886123081537
297901	0.0008129684967044874
298001	-0.010111557046492017
298101	0.012643509229919804
298201	0.007977569185667393
298301	0.001577158265252267
298401	-0.0055676033151211704
298501	-0.0016147990870817163
298601	-0.012292965361222874
298701	-0.006236300622813917
298801	-0.006226800081756193
298901	-0.005099285347473564
299001	-0.0018110300134183224
299101	-0.0047201346480335886
299201	0.005995993784088383
299301	-0.0004304693895582904
299401	-0.0025644688603706552
299501	-0.006864048998640499
299601	-0.0017400209893000652
299701	-0.008525952084660327
299801	0.003941943954897298
299901	0.009836331707195192
300001	0.005715872885101057
300101	-0.006350170211745471
300201	0.004444956864628861
300301	-0.0009396049101221511
300401	-0.0053340943926114305
300501	0.0007043663915952122
300601	0.0021830406341338563
300701	-0.003881549639030544
300801	-0.011826361623204667
300901	0.003928361409496709
301001	-0.016037789639750943
301101	0.0033773184034242057
301201	-0.0034415786912096887
301301	-0.002930868092133425
301401	-0.0008125565733225881
301501	-0.007186912930519079
301601	0.016995745183834537
301701	-0.00037087542821821626
301801	-0.006249301933831547
301901	-0.0075718753585289275
302001	-1.0045532222200413e-05
302101	-0.0036108766292373288
302201	0.006706661436570019
302301	-0.00144230361334671
302401	0.006722815792648944
302501	-0.0001061432457996345
302601	-0.0012063266265787771
302701	-0.002158136955114308
302801	0.0003015639834013678
302901	0.0021814900750107263
303001	0.010044299877614517
303101	0.009964477667702051
303201	0.0015228327014135746
303301	0.007988399616871079
303401	0.0029229992618505234
303501	-0.005130203532876994
303601	-0.0032207459039034635
303701	-0.001033374585921918
303801	-0.0015224313295516482
303901	0.004181147051949731
304001	0.00019224423751363758
304101	-0.0069609292013707805
304201	0.0024863866697855514
304301	-0.009383065197632903
304401	-0.005927811397961029
304501	-0.00891816524824982
304601	-0.002613758223147022
304701	0.0008726386091452556
304801	0.008227045227460452
304901	0.004900829023048778
305001	-0.0010006429401805486
305101	0.0028554654095720865
305201	0.0011748109753567928
305301	0.011574818863226012
305401	-0.003327894302453546
305501	-0.0026654449841028625
305601	-0.005934809890687346
305701	0.00941539840596963
305801	0.00592861815045195
305901	0.0032256885718569828
306001	-0.004622398147089306
306101	0.0018708660610369133
306201	-0.011898601989809158
306301	-0.005820290615123846
306401	-0.000622883382754713
306501	0.003926328389491189
306601	-0.006335873027075966
306701	0.0017179121467123233
306801	-0.004987258508558351
306901	-0.01617422956100668
307001	0.004926779985004354
307101	-0.004410074440382249
307201	-0.00761138890715454
307301	-0.000681244629247802
307401	-0.00039077864723883354
307501	-0.003852309819878014
307601	0.002402594931638414
307701	-0.0028018422708074187
307801	-0.0012027368532215898
307901	-0.007306862156786274
308001	-0.0042349128057067725
308101	-0.004388106242113685
308201	-0.007841784821800262
308301	3.3582295723781486e-05
308401	0.013160910875703912
308501	0.0028771730538232477
308601	0.0008291827930799748
308701	0.009852648358840702
308801	-0.005458980585548222
308901	0.004846838542179354
309001	0.008447701445911447
309101	-0.005472150581254623
309201	0.005634233189873147
309301	0.007941823919348619
309401	0.0019958029384798937
309501	-0.002509310998236454
309601	0.004418327186466747
309701	0.001513049973880408
309801	0.0057185625106472215
309901	-0.0036184114821763615
310001	0.0014461059530421429
310101	-0.012867718417038957
310201	0.0005136776805979936
310301	0.004555455790031215
310401	-0.007229697452915284
310501	-0.0024037844486215765
310601	0.008502846189013709
310701	0.0010083462460728052
310801	-0.003340509857048288
310901	-0.011234769223506594
311001	-0.0007021735646934071
311101	-0.00620992132183135
311201	0.007323618370238157
311301	-0.0013702905100509517
311401	0.0027031428887711604
311501	-0.0012055575080880399
311601	0.0024858509642533867
311701	0.0008657943627673559
311801	0.0028600946855929974
311901	0.00031277985197709235
312001	0.0046326236763054715
312101	0.002112515123102634
312201	-0.0019404601815896274
312301	-0.0026554689183871383
312401	0.0021294395964561877
312501	-0.0067580288003636566
312601	0.002002961987098309
312701	0.01497889756666121
312801	0.008012222739193203
312901	0.0068066227328690086
313001	-0.007282993128720725
313101	-0.008049811976468861
313201	-0.003924121647404
313301	-0.005117056496305428
313401	0.0037626709930428477
313501	-0.002361735650481702
313601	0.012537440262178701
313701	0.012517908947763655
313801	-0.0027859177886542146
313901	0.008134665982257748
314001	0.0018240375396643721
314101	0.004259819107501135
314201	-0.0068892650376510545
314301	-0.01159916011417854
314401	-0.0013399322308865302
314501	-0.0051121115032596405
314601	0.009629736532680903
314701	0.0009628360568055617
314801	0.0034872476675894435
314901	0.0006022953015619091
315001	-0.003546786512711256
315101	0.0021892149068879338
315201	0.003146320429880337
315301	0.00026436055633776963
315401	-0.006090118599955841
315501	0.014084090476735225
315601	0.0035515667049413014
315701	0.0019555068660700474
315801	-0.010308735125376929
315901	8.293483462073013e-05
316001	-0.004282385630741347
316101	-0.0051007768350321185
316201	0.00045084061085789865
316301	0.007501793587543881
316401	-0.00497094892134704
316501	-0.0006267725613858406
316601	-0.00849594467337695
316701	-0.009049369927503076
316801	0.000586193837555782
316901	0.006618013169408969
317001	0.0015943334945200918
317101	0.0031112381364876707
317201	0.00442283371338425
317301	0.003656929872521981
317401	0.007051176918329071
317501	0.0027649712357807605
317601	-0.010027213933216084
317701	0.003362884350361788
317801	0.0047409206859094525
317901	0.0104866716443852
318001	0.0006454458441755215
318101	0.01229392105261819
318201	0.006782196517865042
318301	0.010231352568355135
318401	0.004311680898426071
318501	-0.006984149260116164
318601	0.001885389205180333
318701	-0.01044018015933943
318801	0.0007463527493472345
318901	-0.007168376301334038
319001	-0.007394844390933056
319101	-0.005326183673088971
319201	0.005796482003352198
319301	0.0023784202108603817
319401	0.01116161835062266
319501	-0.0018314775939753559
319601	-0.009111816204532643
319701	0.004736483947865045
319801	0.0014579039203117853
319901	0.002412953744899106
320001	-0.0034205734175065407
320101	0.0002877962801935525
320201	-0.007207561730477778
320301	-0.0014545033953179088
320401	-0.0017303395349903385
320501	-0.008632298691481237
320601	0.0022151101465760037
320701	0.00048059577560375744
320801	0.00956692202013052
320901	-0.00782560259850867
321001	0.00122368182263021
321101	-0.007875285467033035
321201	0.011021463089606283
321301	0.009932418241835106
321401	0.0028995044539039195
321501	0.009297005799318006
321601	-0.0030916856365068236
321701	0.0067446799921303535
321801	0.004376036589415171
321901	-0.005624757330677473
322001	-0.00532439732838895
322101	0.00047696125149668993
322201	0.006711596504776541
322301	0.006249359657719444
322401	0.0030562584808311263
322501	-0.011016748630324634
322601	0.006787278089726414
322701	0.003111581364832466
322801	0.005982722214160224
322901	-0.002023042715179429
323001	-0.0060557984744611815
323101	0.006416312497959506
323201	0.0012574888668346754
323301	0.007940197844647558
323401	0.007117667710489983
323501	-0.0008712907696259328
323601	0.009567809739695218
323701	-0.009316961011100659
323801	0.0024129621024839734
323901	-0.0012474050345107513
324001	0.013628487150707493
324101	0.010683714557709785
324201	0.005873841490713458
324301	0.003234825828576745
324401	-0.003833190092846745
324501	0.013104358755836142
324601	-0.003804490731094557
324701	0.002734045838207115
324801	0.001442694782213031
324901	0.0003586157199503769
325001	0.0006189371246005075
325101	0.0016728371741178416
325201	0.0031893774640692155
325301	-0.004300597909370818
325401	0.0002381978245658119
325501	0.002849618527198694
325601	-0.0016851299896216915
325701	0.0030472595739170507
325801	-0.008844619480678283
325901	-0.008413154879787665
326001	-0.0008441846041269896
326101	0.0076722385413711775
326201	-0.003096999118177275
326301	0.01840195967546855
326401	-0.00258564067530087
326501	-0.0008649731686203102
326601	-0.001441478207433731
326701	0.0052133142024623205
326801	0.019782016702616954
326901	0.010167944827173044
327001	0.0037796232230833692
327101	-0.008053920828977457
327201	0.01079747496677788
327301	0.006898199835239238
327401	-0.008597973829223577
327501	0.0008589569516670421
327601	0.0077594220917714144
327701	0.0046675739964883904
327801	-0.0013948813785030626
327901	0.004187064656769949
328001	0.011848910390123068
328101	0.006231154869784949
328201	-0.006431716401864417
328301	0.006656049972025213
328401	0.008041795247328383
328501	0.011382219113541498
328601	0.002129654795516561
328701	-0.007652393280552937
328801	-0.00927343957261268
328901	0.0029731538809487177
329001	0.0026506793646304686
329101	0.015633086770547526
329201	0.011861654402473523
329301	0.0037899686583135702
329401	-0.008366456056637587
329501	-0.0009913139685323142
329601	-0.0030035085621332486
329701	0.010262684553866816
329801	0.012132058086929938
329901	0.011964469082877086
330001	0.0033406245304073586
330101	0.0019340672598997222
330201	-0.003978075066796357
330301	-0.0026985852418762177
330401	-0.005766589379269361
330501	0.0005726892636141338
330601	0.0017889415731376012
330701	-0.00124360019067142
330801	0.006426870457159769
330901	0.0025775516258803905
331001	-0.0027082562596126973
331101	-0.006499014937194923
331201	-0.012024279117904223
331301	-0.003832389963055651
331401	-0.0045337581826186924
331501	0.0014263063990210712
331601	0.0005432278548053696
331701	0.00473020914056761
331801	0.003738520320446195
331901	-0.005463738323745872
332001	-0.00103914586134947
332101	0.008686561631827837
332201	0.004141211074843039
332301	0.007070619980921582
332401	-0.0037911697764424182
332501	0.005238120870866183
332601	0.007691438177008455
332701	0.013958970552157432
332801	-0.0035080595714260007
332901	-0.0015931139535994752
333001	-0.002675514212297885
333101	0.00760309735144485
333201	0.0008711447147054169
333301	-0.004274116567748047
333401	-0.00010037474972496936
333501	-0.0022214464643717513
333601	0.005540384103569851
333701	0.008304115713331728
333801	-0.0011993115594187821
333901	0.011768218718385964
334001	-0.007561851118345617
334101	0.004897603946916393
334201	-0.00016276640384930627
334301	0.01042116820702158
334401	0.011940200647359683
334501	0.0010765230506524072
334601	0.004884424847576663
334701	0.004515872627899947
334801	-0.0043378033480021205
334901	-0.0009505458474976717
335001	-0.010555666054710852
335101	0.004610271322394546
335201	0.013397558187935806
335301	0.012409338718265696
335401	0.0028987009994998285
335501	-0.019640811277628022
335601	0.0010881785090343461
335701	0.01486290489070122
335801	0.0185027870802425
335901	-0.0026328836079887734
336001	0.007372902377307615
336101	-0.008969091287352205
336201	0.005692570182607058
336301	0.005745060864017016
336401	-0.0010109670896349826
336501	-0.0032126010688474107
336601	-0.009066308812670816
336701	0.02145110840803729
336801	0.004442689882720468
336901	-0.002067991808951154
337001	0.0012978790437711866
337101	0.005047926249160045
337201	-0.0035008165000666763
337301	0.0022441015356433687
337401	-0.0028796595788203655
337501	0.006879658163503434
337601	0.006052191797672155
337701	0.005577880007419799
337801	-0.010641382146944545
337901	-0.013858356031298901
338001	0.003801999712122557
338101	-0.0027060791763597403
338201	-0.001742987409509702
338301	-6.108347527808047e-05
338401	0.010419956059164905
338501	-0.0005069606526143114
338601	0.00225998087983833
338701	0.009542414308266264
338801	-0.0015588847001232317
338901	0.0004056775315979656
339001	0.0013882682848332104
339101	0.007087970340736887
339201	-0.012594361850297237
339301	-0.0013524258660574378
339401	0.002087191618482196
339501	0.0015645198756798905
339601	0.009068752842747552
339701	-0.011119222381317921
339801	0.0039909438563967775
339901	-0.006335237460470363
340001	0.005244238069623467
340101	-0.005016755432221249
340201	0.0034239115396913025
340301	0.010376571567911504
340401	-0.010342622729552182
340501	0.008480318546503555
340601	-0.0019876027027861164
340701	0.003815169880249047
340801	0.014112187824536384
340901	0.005711851194263195
341001	-0.0027783373309700748
341101	-0.005553277364296656
341201	-0.0038677460414970324
341301	0.0013314522819140137
341401	-0.007797236802207918
341501	-0.009626885297195898
341601	0.0043861430504020926
341701	-0.004282333040035285
341801	0.011766891678329337
341901	0.003082890745662993
342001	0.0071756260093931105
342101	0.006033701133177578
342201	-0.0029751530281435586
342301	-0.0038164532269183054
342401	0.008701459438192994
342501	0.00414259043776512
342601	-0.0023105282796359416
342701	-0.01101193577332979
342801	-0.0006382492205039616
342901	0.00569407493251254
343001	0.005073365193082642
343101	0.014482669698375297
343201	0.004265595397848027
343301	-0.01275243432022386
343401	-0.005614705434017159
343501	-0.0033301576196982105
343601	0.0044129313697827965
343701	0.005247541417844692
343801	0.0010181155229969392
343901	0.006543323172390623
344001	0.002298065041242509
344101	-0.008353564792741727
344201	0.009103385629599956
344301	0.015484197028349678
344401	0.013254889718808291
344501	0.005809962626375081
344601	-0.0013640054470739947
344701	0.0028235433244112058
344801	-0.013208632999555638
344901	-0.005956927205806681
345001	0.006481801934664536
345101	0.006892225877786616
345201	0.002138962098970113
345301	0.014102397535571794
345401	0.008537576173638648
345501	0.006712897324821821
345601	0.009803395101494116
345701	0.012497930580478845
345801	-0.007034637388666105
345901	0.014549525929388444
346001	0.0045995684518463234
346101	0.010835530049976162
346201	0.004847328853702076
346301	-0.006448334805612858
346401	-0.004240344687294413
346501	-0.00038048709991796994
346601	0.0031724785195729765
346701	-0.006164213055408036
346801	-0.010220879111208891
346901	0.0009799347521853583
347001	-0.019289438381827825
347101	-0.0059802239325446056
347201	-0.0038234486223461435
347301	-0.0024145231394432777
347401	-0.010307008550763896
347501	-0.006411445817160228
347601	-0.0036973582585607245
347701	0.006230095934124577
347801	0.011136985010460562
347901	-0.0008427249516536614
348001	-0.002586884649769134
348101	-0.014221194279438309
348201	0.0015585020107884645
348301	0.006233341992455478
348401	-0.011051067263353951
348501	-0.004113699615293565
348601	-0.005250194764067312
348701	0.015367182054156124
348801	0.015035962617872644
348901	0.005487098708864842
349001	0.0029526552323613227
349101	0.006767715322276638
349201	0.023172245288620757
349301	0.007372883761464294
349401	-0.014920703153183031
349501	-0.002737382521715707
349601	-0.0004043383845563747
349701	-0.0017009674456823522
349801	-0.008949921303917616
349901	0.0002289377214800277
350001	-0.00909132043587652
350101	-0.0009161301747475682
350201	0.007332500811434758
350301	-0.0009091988201196896
350401	0.0012975744316316114
350501	-0.004784255578755857
350601	0.004923308140356464
350701	0.010251143712107424
350801	0.001919198072321978
350901	0.010414279529313068
351001	-0.00022191261011301374
351101	0.006535998125226318
351201	-0.007018504184995272
351301	0.0006143017096139084
351401	0.00034807384223917956
351501	-0.00884693411500455
351601	0.008745477581746909
351701	-0.00987797299119168
351801	0.0020727719175500877
351901	-0.004141734890020609
352001	0.007123813886506361
352101	0.002956124166867583
352201	0.006366090733394494
352301	0.00210639132117173
352401	-0.0007353464839157911
352501	-0.0055452068559304415
352601	-0.005656749678866694
352701	0.001462907272031396
352801	0.0032485053879087906
352901	0.004826373211932053
353001	0.005638968944877876
353101	0.0006559383032681912
353201	0.007429265271285632
353301	-0.0039741090779629555
353401	-0.006604409206707032
353501	-0.007640248364275085
353601	0.0032983025388996726
353701	0.002722923017900801
353801	-0.00487603699782623
353901	0.004852011037269383
354001	0.01214935224442779
354101	0.0023159770160241146
354201	0.006893447024645625
354301	0.007695556412780395
354401	0.002610384214741782
354501	0.0021075607865827534
354601	0.004006268308166813
354701	0.005682995742225528
354801	-0.004560364204965655
354901	0.0031129109130856006
355001	-0.004959732384090842
355101	-0.009770707883767589
355201	-0.0012358483301031752
355301	0.012864078817591836
355401	0.006182229669657424
355501	-0.0006735099948464352
355601	-0.01434653773597727
355701	-0.016250356531730376
355801	-0.0069531899223111635
355901	0.0003884375619025126
356001	-0.005608112436866563
356101	3.367681177446227e-08
356201	0.005721853429885283
356301	0.009243034420604975
356401	-0.00942952109819335
356501	0.010321898728645373
356601	0.0012993201839269308
356701	0.0010497722341147257
356801	0.0015153236624881577
356901	-0.006258414551057445
357001	0.009472014015850964
357101	-0.00026421244563927017
357201	-0.007014510554053209
357301	-0.008030698212667421
357401	-0.011925351986982998
357501	-0.00302291437756552
357601	-0.013236322796739931
357701	0.010275767490691383
357801	0.015203797179447769
357901	-0.013076235671020937
358001	-0.003418167622689787
358101	-0.0038755216728271554
358201	-0.0032058729625045945
358301	-0.0030203927742907762
358401	-0.003803670682730581
358501	-0.0005064391953183003
358601	0.003797520155317471
358701	0.006070509319239721
358801	0.012587044885140394
358901	0.00947033641959576
359001	-0.00405166995346178
359101	-0.007139400581126465
359201	0.0102906078303251
359301	-0.008553740915448999
359401	-0.0014570055073858024
359501	0.005458098926475967
359601	0.0024325787445800026
359701	0.011976395366429545
359801	0.00672728603766397
359901	-0.0014833542137498948
360001	-0.008345764586759482
360101	-0.011998535495895052
360201	-0.010243126488180236
360301	-0.005873356789843588
360401	-0.011612595693926862
360501	-0.0015956682046917442
360601	0.001306217809059119
360701	0.005552909254775137
360801	-0.0026382101530598953
360901	-0.0012124599101408975
361001	-0.0036373990738935258
361101	-0.0009010748862099746
361201	0.005706626648937768
361301	0.007546964958441681
361401	-0.00553108529143726
361501	-0.008616452258523382
361601	0.004741776616441298
361701	-0.008152500609682188
361801	-0.00028495244440403304
361901	0.0149838547838492
362001	0.004175866242412459
362101	-0.008021336646253997
362201	0.005376319713922581
362301	0.006731255801686797
362401	0.007918503971898373
362501	-8.503415420305861e-06
362601	-0.01178339906454038
362701	0.011336809819868227
362801	-4.063359947071748e-05
362901	-0.011768467179049906
363001	-0.0067447808630402535
363101	-0.0032457820015513216
363201	-0.0027870557291888045
363301	-0.0032335339128501174
363401	-0.00045115836487139005
363501	-0.011157226094750686
363601	-0.0035255972092998397
363701	0.0037949644032862226
363801	0.0023447681723158787
363901	-0.012607924625597799
364001	-0.005996952301994218
364101	0.003276392144465928
364201	-0.005734688599778872
364301	-0.009423713419653472
364401	0.011541497269255649
364501	0.007653095526206913
364601	0.003059389723224807
364701	-0.007284434247876587
364801	0.014683863923392219
364901	-0.0002496541429028842
365001	0.01607182638214527
365101	0.02006345872595713
365201	0.007400028825008987
365301	0.010127697529016905
365401	-0.007127636985875238
365501	0.007437451865529338
365601	-0.008745107463236618
365701	-0.00513084718001638
365801	-0.009561441626603495
365901	-0.005179056456566378
366001	-0.002597347852341113
366101	-0.0005250699456088606
366201	0.0035862963310945594
366301	0.001112336724273052
366401	-0.0025199499506682417
366501	0.004499532393754664
366601	0.007447593524161639
366701	-0.011525764132506666
366801	-0.005147386054261956
366901	0.004765367441377562
367001	-0.0030848804348054333
367101	0.006689831414056984
367201	-0.00043016417100105194
367301	0.009837627992739502
367401	-0.0054310263294736144
367501	-0.006676296116918632
367601	-0.0035316276192264126
367701	0.0010104979872568771
367801	0.015445181074890289
367901	0.012518971745191917
368001	0.0009589062625593365
368101	0.0029372066664955085
368201	0.011306034171352345
368301	0.0033888838913090054
368401	0.005809234050184062
368501	0.012099347627491206
368601	-0.0034699707200480344
368701	-0.001501106781738242
368801	0.004169784398615465
368901	-0.004870729645542573
369001	0.009683661691757526
369101	0.0051732343488966204
369201	0.01005892009868904
369301	0.004492776075359003
369401	-0.01193607542525837
369501	-0.0023217171607835562
369601	0.006564656008526125
369701	0.0004957454873504454
369801	0.011835466493315969
369901	-0.006434823992495555
370001	-0.0002914067063826758
370101	0.0022695267887477485
370201	-0.0016942484971304568
370301	0.0046736966835834205
370401	0.00291517310775015
370501	0.0012634675278925867
370601	-0.0025624892334877645
370701	0.0014642876676319151
370801	-0.00804534375407411
370901	-0.009256465699798386
371001	0.006038527513728417
371101	0.004895763441308561
371201	0.018026145927746193
371301	-0.005876047409384196
371401	0.010933226274987658
371501	0.0043678081667210406
371601	0.005463535771035869
371701	-0.0003007472485978191
371801	0.0019483553755672831
371901	-0.0008764110685866418
372001	0.0020144074731801354
372101	0.000956377668902611
372201	0.017225146197356725
372301	0.015901793327384218
372401	0.008260137976867761
372501	0.00020194736480749322
372601	0.0008214249652292929
372701	-0.008113920269682816
372801	0.010863728920052
372901	-0.019689389083328773
373001	-0.0032324025419630193
373101	0.0037613574702790907
373201	0.0015165291931712903
373301	0.0020717958135320178
373401	0.002821102806472736
373501	0.001305241501673765
373601	0.008756290527785163
373701	0.0014134310858255335
373801	0.002073458789816303
373901	-0.019434845751068207
374001	0.011366604206868549
374101	-0.001554835482491853
374201	0.0016875065371282293
374301	0.001033623098901357
374401	0.0011920088568664314
374501	-0.002299229630628154
374601	-0.004511837219717701
374701	-0.003960524321311568
374801	0.000676543440786717
374901	0.022012532850875618
375001	0.017432391722762404
375101	0.017131759551310875
375201	-0.00021450120848399038
375301	0.0018460623370376466
375401	-0.0037570344197045275
375501	-0.007966185721817861
375601	0.0007807617559240699
375701	0.0025255995185128805
375801	0.0069795129800817686
375901	0.005314018790712186
376001	-0.0014096976161662267
376101	-0.0003415832283584507
376201	-0.00039272700824384305
376301	-0.010028221855003688
376401	-0.02007069851912425
376501	-0.0029593127706248716
376601	0.007457955913665501
376701	0.005622185903891727
376801	-0.002070088533021673
376901	0.0021496886002809958
377001	-0.007629798209630179
377101	0.0001659956538004686
377201	0.015633723143253887
377301	-0.008767962533337776
377401	0.0010697767186219841
377501	-0.008408291305497341
377601	0.00368372520291613
377701	-0.00031919158071977655
377801	-0.0016891831946518367
377901	0.0012229647503222618
378001	0.001838797327800937
378101	0.006633095998740001
378201	0.002759693971171044
378301	0.010229492574487806
378401	-0.00839485315234235
378501	0.00880331537448146
378601	0.007754586945059046
378701	-0.001439032727259838
378801	-0.007021566161670827
378901	-0.011104874524668474
379001	-0.006378196212998029
379101	0.0006943204143228677
379201	-0.009131457673279386
379301	-0.006827038892443765
379401	-0.0033707479837263676
379501	-0.001281528998996526
379601	0.006546695308490539
379701	0.002122990532501124
379801	0.00864256169554058
379901	0.004688735412055676
380001	-0.006438704593595676
380101	0.006837670969440297
380201	-0.006886419024136865
380301	-0.0026135488189489974
380401	-0.000548916562010199
380501	0.012089572635651646
380601	-0.005929096664093244
380701	-0.006152453425082016
380801	0.007011672480705167
380901	-0.0010824592178951924
381001	0.011917593273821475
381101	0.002415108678065338
381201	-0.004854899185758599
381301	0.0012074769706756203
381401	0.0076782220637177075
381501	0.003731331328942504
381601	-0.008497219218516453
381701	0.0009415829925926211
381801	-0.005727461630540077
381901	0.016359181947381
382001	-0.004585982552359218
382101	-0.014675763005353865
382201	-0.011863290887590082
382301	-0.00037034199767333625
382401	0.00989322207954083
382501	-0.0007802758982185602
382601	-0.0034394035473143134
382701	0.00041015672956295183
382801	0.007128211629610823
382901	-0.01282336055433116
383001	0.0026955696115732036
383101	-0.003575653407106022
383201	-0.005950535762582196
383301	-0.007044859346428549
383401	-0.0028926473953871028
383501	0.010932041236137361
383601	0.01293507420836524
383701	-0.0023328124005071805
383801	-0.0037763389832816603
383901	-0.0017583631949401935
384001	-0.006409041082284919
384101	-0.023907692851603178
384201	-0.015010655308582739
384301	0.000271297519407986
384401	0.006458300148125358
384501	-0.002296651980140353
384601	0.003649597983816967
384701	-0.0025981138186389418
384801	0.001699987366791762
384901	0.010857653292220262
385001	0.003309518191950286
385101	-0.010151363497059498
385201	0.00012457793455443773
385301	0.00794218580590492
385401	-0.0036701626265618252
385501	-0.002609923951840587
385601	0.008836264133956712
385701	0.0020499208948999924
385801	-0.007872826673670393
385901	-0.0031242271073111142
386001	-0.000173566986482978
386101	-0.003815158256629803
386201	0.0033009158995036736
386301	0.006966922589609538
386401	-0.014335996817260712
386501	0.0006462033519416793
386601	-0.01871730166012544
386701	-0.01550180924822772
386801	-0.0006813706138068103
386901	0.013723988451039436
387001	0.006435654536379816
387101	0.004730757540344613
387201	-0.002356999609952254
387301	0.004262849918508776
387401	0.016117753501240114
387501	0.0077641497459793145
387601	0.009428792364319002
387701	0.0025290401031775934
387801	-0.008401984831482159
387901	-0.006776338862551861
388001	0.006893722909314184
388101	0.003230011779378037
388201	0.0014567192248279906
388301	-0.002840317361605573
388401	0.008909211927659902
388501	-0.002187512173404806
388601	0.007299858924349607
388701	-0.009730420216837078
388801	0.001955898736774551
388901	-0.014011921318153792
389001	-0.011396410309592864
389101	-0.013239366717569034
389201	-0.00034670461894463744
389301	0.006589274285877675
389401	0.0014067799414736162
389501	-0.009452382391628145
389601	0.002348708918553523
389701	-0.004294352318067984
389801	-0.0012705464324852568
389901	0.01635405871469985
390001	0.001710250531113368
390101	0.00010415038935910718
390201	-0.0033027039076154495
390301	0.001059635644670625
390401	0.0034649667235951854
390501	-0.0018214793649098226
390601	-0.00600591721709828
390701	-0.003313778533559551
390801	0.004764704132084912
390901	0.00011794027949554751
391001	-0.002455728275772208
391101	-0.013205131271706349
391201	0.004070079071727922
391301	0.016076083601771984
391401	0.008114763185445299
391501	-0.0018570289731116379
391601	-0.0016254703870695502
391701	-0.00390999061343743
391801	0.0077605660589039
391901	-0.012487967539479797
392001	-0.0026617819609445546
392101	-0.010181011406931138
392201	-0.01094615118437968
392301	0.0039794523765193865
392401	0.003796476381940775
392501	0.016457355546513848
392601	0.00212422450623581
392701	-0.014390041165408011
392801	0.0009445240784701718
392901	-0.004314678753617907
393001	0.011265343434885186
393101	0.003930668527338669
393201	-0.0006566005957244186
393301	-0.009175301638280498
393401	0.0027092994991502715
393501	0.007658413318379587
393601	-0.0007012133870600062
393701	0.0172747837234503
393801	0.0149725047787074
393901	-0.01591871569780216
394001	-0.013302607735525078
394101	-0.0054706827498796394
394201	-0.005470261945021065
394301	-0.002330682996935102
394401	0.008550266692288087
394501	0.0013202993757758547
394601	-0.0038048643208486044
394701	0.011652455463564755
394801	-0.003238911847949801
394901	-0.006855944950145957
395001	-0.007017163344699986
395101	-0.004432194279540108
395201	0.00419280182212499
395301	-0.0010718545287982167
395401	-0.011814939579991813
395501	-0.00868173232603019
395601	-0.008404390863560745
395701	0.012644572694186444
395801	0.018891149245566417
395901	0.013856521783656092
396001	-0.008519692090016944
396101	0.014851046641979029
396201	0.001901291053881092
396301	0.0022893258781924693
396401	0.0022784714426492647
396501	-0.011375192822496867
396601	0.024543929356777607
396701	-0.0010225286125945744
396801	0.011088432266461841
396901	0.008594507695806924
397001	0.006930873842934336
397101	0.008227943809859172
397201	-0.0006314836256864647
397301	-0.005825659321696161
397401	-0.0038717249644160375
397501	0.010189283643854066
397601	0.006592931937487058
397701	0.004125390466214531
397801	-0.0024774957291627702
397901	-0.0039837282392524275
398001	-0.015213586642048556
398101	0.004818552055435326
398201	0.008967501400975197
398301	0.00544910462111512
398401	-0.011564878434311107
398501	-0.019158335680951964
398601	-0.010516658368573675
398701	-0.020768983195132276
398801	-0.0008874867913140868
398901	-0.006879703652933396
399001	0.001111641438422283
399101	5.266896415034679e-05
399201	0.010647431655711739
399301	0.004178768106403965
399401	0.0030831011405396914
399501	0.01920213903770636
399601	-0.0100880035541892
399701	0.0001482244261269401
399801	-0.004940748130249759
399901	0.0024592701675549083
400001	-0.009125185020127805
400101	-0.005387462694853055
400201	0.00885323401531963
400301	-0.0019164387124287292
400401	-0.006799587529032087
400501	-0.006818101550185593
400601	-0.008089072897611717
400701	-0.01370680278667204
400801	0.008966457274653105
400901	-0.0015731909898997407
401001	-0.002149429480150316
401101	-6.078726124946148e-05
401201	-0.003981447230527697
401301	0.001853943437146707
401401	-0.005318436224338173
401501	0.0019113466807837134
401601	0.008196711239633947
401701	0.0015523262426216926
401801	0.0032401797081266686
401901	-0.01710369226428907
402001	-0.0024135479553674347
402101	0.0028439588900945447
402201	0.0004069202294944169
402301	0.012457441369937955
402401	-0.000775459725452774
402501	0.00881684322329302
402601	0.0009527369479880734
402701	0.0023434834661805342
402801	-0.008729857394892945
402901	-0.0056484459933300625
403001	0.006049049312972889
403101	0.0031573103570346765
403201	0.008226891018690773
403301	0.008651231095138436
403401	-0.004078252055837171
403501	-0.016346772795843165
403601	0.002842063767107768
403701	-0.005795235106952897
403801	-0.012414626417238145
403901	0.0008984914198599421
404001	0.008173309503167149
404101	0.0034806778660986764
404201	0.003307849585855362
404301	0.006360460546599426
404401	-0.015396767039168936
404501	-0.0009167267287291141
404601	0.003257332884201963
404701	0.012059403166800353
404801	-0.02346511625197734
404901	-0.0017502155912154048
405001	-0.023915621771023913
405101	-0.003207709602291928
405201	0.028220852462290783
405301	-0.0006489258419357371
405401	-0.00878528855944698
405501	-0.008133133741663813
405601	0.0035036103222409938
405701	0.00945613060541557
405801	-0.004922236695397587
405901	0.011333688970205933
406001	-0.01038464234264465
406101	-0.00024662475141362563
406201	0.0032988295357436696
406301	-0.004385930533063573
406401	-0.003872465686644434
406501	0.013602104878794163
406601	-0.009393445129775559
406701	-0.006851303746560132
406801	-0.005095602764214055
406901	-0.0005690981915799946
407001	0.009158360586072238
407101	-0.012381321556858466
407201	-0.0030098932157641024
407301	-0.012427918093264453
407401	0.004725223773589584
407501	0.01040786066429448
407601	0.0027267028891954977
407701	0.004908918513098374
407801	0.003604445804601375
407901	0.00040260241746952196
408001	0.0005260153923772263
408101	-0.013636283815077954
408201	-0.00951711661471209
408301	-0.007132812135792534
408401	-0.0073740320295201086
408501	-0.002872090462546521
408601	-0.009816518204462608
408701	0.007945256886213803
408801	0.0019193520604086803
408901	-0.005714398549288744
409001	0.0017669621675632558
409101	0.011633971869767501
409201	0.00017019040061845952
409301	-0.006628009919272243
409401	0.004119046349725529
409501	-0.01864532284300647
409601	0.002283509580858658
409701	-0.006522926109077555
409801	-0.02238277374664035
409901	-0.007143686384172369
410001	0.0202716305690802
410101	0.005253095524275513
410201	0.011526538059233687
410301	-0.002374892446472405
410401	-0.0006556745753211598
410501	-0.0033671902572953278
410601	-8.509189872241974e-05
410701	0.0041799395833826926
410801	-0.005402012903424155
410901	0.01643221273925188
411001	0.017387530659024982
411101	0.012480042600089445
411201	-0.008366216853974533
411301	-0.0018102882349326718
411401	-0.0180860585497789
411501	-0.00017775014910255713
411601	0.0031857345657984263
411701	0.005567601160606897
411801	-0.003095083810619103
411901	0.00017100504464422024
412001	-0.005852682598447858
412101	0.006258494873766402
412201	0.008774339914009279
412301	0.005955488008324288
412401	7.815796258265375e-05
412501	0.008077784501704518
412601	0.012320399844781527
412701	-0.003217514224229039
412801	0.006144770768705924
412901	-0.0005541166752616542
413001	-0.0021605217191012385
413101	-0.013514925922947193
413201	-0.0009552533127131484
413301	0.0076840599636676206
413401	0.006575128159995456
413501	-0.011309896582133081
413601	-9.036306341886142e-05
413701	-0.010130687885408548
413801	0.008196210332749391
413901	0.017265542970466893
414001	0.02464991580271678
414101	-0.0034164013682459
414201	-0.00851547288201988
414301	-0.02173099631295844
414401	0.008338018543158725
414501	-0.005489557004125003
414601	0.018025020657877627
414701	0.015000228956015325
414801	0.004279461690346914
414901	0.014619545731561951
415001	-0.002515513790304816
415101	0.001637180096990373
415201	-0.006650032748551255
415301	-0.006256996463983379
415401	0.013698709320276248
415501	0.009868737907071323
415601	-0.002037189301953809
415701	0.002041055489397649
415801	-0.019774718777353692
415901	0.0005906548658328482
416001	-0.005820661678997274
416101	-0.00011775406101003911
416201	0.006496540036185469
416301	-0.006954687724939685
416401	0.002225787897580413
416501	-0.014643962524986997
416601	-0.0015072251421206126
416701	-0.028169283058257964
416801	-0.02073894880342075
416901	-0.015992656333903548
417001	-0.015762136861843145
417101	0.0031986668888858523
417201	-0.007890067329362012
417301	-0.008862773297476614
417401	0.001911246057082959
417501	-0.006566741738237042
417601	-0.003818059337362528
417701	0.002246320876923296
417801	0.0032604370673258295
417901	0.006191550991453678
418001	-0.008859605098605278
418101	0.0002064969812736351
418201	-2.890174462103492e-05
418301	-0.008771501265190768
418401	0.0024802892017074625
418501	0.0035933457695361314
418601	0.01001928593152706
418701	-0.001189451970841521
418801	-0.013184470082185318
418901	0.012731375340978776
419001	0.003707448993951329
419101	-0.00731666877518591
419201	-0.0010272633975520933
419301	-0.020462405360069984
419401	-0.004106863403028656
419501	-0.0019646401390752332
419601	-0.015431813054711734
419701	0.005425405352784965
419801	-0.0009056301041184934
419901	0.0180918624870239
420001	0.01740058645700123
420101	-0.0020507928232897914
420201	0.006432088094260649
420301	-0.004795711888619292
420401	-0.006209540113172517
420501	-0.01363300422914497
420601	-0.009805743626315172
420701	0.0047042292779840905
420801	0.012639592055497782
420901	0.0032271555599208902
421001	-0.003102829042961236
421101	-0.013397172402039399
421201	-0.00881786545484275
421301	-0.017709725320960018
421401	-0.010884836111711826
421501	-0.012082414695237563
421601	-6.259117253550971e-05
421701	-0.000630843079529746
421801	-0.014579331751745906
421901	-0.020033361515859865
422001	-0.003437633562628117
422101	-0.0033776076841757867
422201	0.0006987542466466735
422301	-0.011191287008009917
422401	-0.009670657972016517
422501	-0.0035038216517966785
422601	-0.0002483241215997617
422701	0.01023651306956483
422801	0.0010459110744848897
422901	0.00883549827523723
423001	-0.010630117802166078
423101	-0.014092571872857548
423201	-0.008604841137525212
423301	0.0007615833338524369
423401	0.0042651932132538005
423501	-0.0019202766027149375
423601	-0.0019524984737265788
423701	-0.007427645664548421
423801	0.006658009464073272
423901	0.008572895695705402
424001	0.011969079540424228
424101	-0.00890264471247047
424201	-0.014721628923053932
424301	0.012507188158420847
424401	0.007054438513257346
424501	-0.0036182133276523023
424601	-0.002456562715687326
424701	0.0005943451799965164
424801	-6.932637057553108e-05
424901	-0.010566288032605934
425001	0.0035691290784663626
425101	-0.00514480205849383
425201	0.017068892602790407
425301	0.005392165949776275
425401	-0.0030711031552827207
425501	0.002811957931585027
425601	-0.005265728911086376
425701	0.0009758175829864041
425801	-0.0007577100738691793
425901	0.009374161727816991
426001	-0.0012683097103024742
426101	-0.013331481161620178
426201	0.014231379281091517
426301	0.026764353935176646
426401	0.006214551511162945
426501	-0.004302093488590714
426601	-0.005821573374533228
426701	-0.015358870424032318
426801	-0.0008866372834305546
426901	-0.0030346987557005878
427001	0.0007023565480917338
427101	0.010805355904045745
427201	-0.00805660621291575
427301	0.010098066400998836
427401	-0.008954320819485858
427501	-0.0034211940229852376
427601	-0.020258422001010436
427701	-0.0021696625903797457
427801	0.0044472870871311585
427901	0.0068890161422527005
428001	0.0028887912790448683
428101	-0.005050448903534177
428201	-0.029706634826521958
428301	0.010182249116802836
428401	-0.0021079873387776266
428501	0.008362008450232872
428601	0.002379531585069771
428701	-0.0045309743700200095
428801	-2.7052117695762483e-05
428901	-0.005360324181061228
429001	0.004723179873434349
429101	-0.0036867928587704696
429201	-0.004404032965728045
429301	-0.004172890043257479
429401	-0.006018162224343022
429501	-0.0048837735874271955
429601	0.003185114946208956
429701	0.006678447069317639
429801	0.0009371060618781206
429901	-0.01718635793125633
430001	-0.003347748623800092
430101	0.0014699968250382345
430201	0.002709991957385266
430301	0.007876139994993772
430401	-0.010257680946464424
430501	-0.0050654534766183855
430601	-0.0018313679930089873
430701	0.011161803171326506
430801	0.01652448034944695
430901	-0.01624975010154087
431001	0.0013642913306340368
431101	0.002484390767993624
431201	-0.007622044456125146
431301	-0.008460824158355806
431401	-0.020475207405043452
431501	-0.011859851845127275
431601	0.00039040995598372337
431701	-0.021348534562761343
431801	-0.002476565760044739
431901	0.025308944168345657
432001	-0.00831014316964323
432101	0.006723740601322133
432201	-0.00680685999322713
432301	0.014851289298201729
432401	0.00038783795299067285
432501	-0.0002453854952874113
432601	-0.006523635776900572
432701	-0.005638993971580103
432801	-0.01282021450186236
432901	-0.003220306234150327
433001	-0.01699850223521437
433101	-0.0014025741004544748
433201	-0.00848970420125603
433301	0.004681909820205092
433401	0.008545603023617298
433501	-0.005726240334471376
433601	0.004387658225828252
433701	0.002081170183242304
433801	-0.012322432961312822
433901	0.0020473266854521104
434001	0.02534608025062776
434101	-0.007557472595291625
434201	0.006723241781899595
434301	-0.003422088053567293
434401	0.0165111575479104
434501	-0.01967484916580542
434601	-0.005787346303202683
434701	0.007278707272254067
434801	0.012851176386179445
434901	-0.012997407842761226
435001	-0.01325230484215035
435101	-0.014752210669337778
435201	-0.012800704291592519
435301	-0.008646272824640542
435401	-0.0127777428832436
435501	-0.0027191758710547807
435601	0.010377134861763157
435701	0.00023758790139583085
435801	-0.025876911884296708
435901	-0.000501498147303095
436001	0.004482461121274228
436101	-0.00917030136433316
436201	0.00013404675178947182
436301	0.0033684482994744383
436401	0.009785362995962889
436501	0.0064870942779268175
436601	0.001623763512925355
436701	0.01764720598460195
436801	-0.006391712337243541
436901	0.013819280048753971
437001	-1.0761278221771972e-05
437101	0.0148568816141032
437201	0.015924454126834346
437301	-0.0021023716183227563
437401	0.0016785618187533896
437501	-0.014246469819589987
437601	-0.015119365768665348
437701	-0.023371052166296764
437801	-0.022654798358247647
437901	-0.010090847738503087
438001	-0.005429585158739094
438101	-0.0019165911413662512
438201	0.014134599845376978
438301	-0.017611391842720765
438401	-3.6456949393686013e-06
438501	-0.004868854652601181
438601	-0.001488802951243325
438701	0.005098849728855681
438801	-0.0019270216334894756
438901	-0.0010025253792382179
439001	-0.003149328686277197
439101	-0.014973435477663456
439201	0.03095758001387776
439301	-0.004212655478475253
439401	-0.015622480422828242
439501	-0.02194049117889743
439601	0.014126051275051156
439701	0.026010383029303346
439801	-0.0071744526063198845
439901	-0.00487794064455484
440001	0.002802437897846777
440101	-0.004632002670355329
440201	0.0004028607429204331
440301	-0.005363792937621115
440401	0.011026942371981624
440501	-0.00401401628780938
440601	-0.01198747494724069
440701	0.014180455217083358
440801	-0.009858058374761081
440901	0.00848016150274972
441001	-0.007035502245621743
441101	-0.019231177337564163
441201	-0.00011308921929317428
441301	-0.005228408513571283
441401	0.0027689098993458347
441501	-0.002384696200782786
441601	0.011573132922649025
441701	-0.007856240585057128
441801	-0.002253857286432576
441901	-0.0014718282343811175
442001	-0.01038837801544954
442101	0.009941531357163483
442201	-0.0099766625924405
442301	-0.017969655847794832
442401	-0.0019332142144570146
442501	-0.020437515179553938
442601	-0.004422524566743703
442701	-0.009731512775151633
442801	0.0032770179601260305
442901	0.010532864267206626
443001	0.014416997108062364
443101	0.014806574442647122
443201	0.012538769358750151
443301	0.004481548008798825
443401	-0.0077422253486764655
443501	-0.006894379854537141
443601	-0.01573246534884027
443701	0.012081545807778137
443801	0.0073037122314970155
443901	-0.004676222155257596
444001	0.008902208892695817
444101	0.020632282943121045
444201	0.004567088145594911
444301	-0.008398205508026505
444401	-0.01100720925311555
444501	-0.00927852471040149
444601	-0.011755592957111427
444701	-0.007368833090419986
444801	-0.01003869032338834
444901	-0.013553586867496052
445001	-0.0007308983359351558
445101	-0.0020977091396453154
445201	-0.007028410897677569
445301	0.020953925650404208
445401	0.008379186325485908
445501	0.009348926028863688
445601	0.014045376835744054
445701	0.011054226405749589
445801	0.0033269256651832168
445901	0.008247710531853221
446001	-0.0006867768902744047
446101	0.0029819265682850685
446201	-0.01826304684377118
446301	-0.0012258971588272594
446401	-0.008219637118760392
446501	-0.0031090122657179216
446601	0.01904117564104289
446701	0.02757568624518396
446801	-0.009792660454439286
446901	-0.019559074799835784
447001	0.0010847176572723832
447101	-0.008854407189236243
447201	-0.000704403208442068
447301	-0.009246028005820677
447401	-0.011348724222276566
447501	-0.00394014186654843
447601	-0.006927750141340614
447701	-0.0062896600999469724
447801	-0.004615695032817331
447901	-0.001990182103264137
448001	0.010294670717037976
448101	0.010043060977012632
448201	0.012644458302299485
448301	-0.002126962951351218
448401	-0.020877786071645723
448501	-0.030403824460334575
448601	-0.014491728086904288
448701	0.01120715403116848
448801	0.010450297926000007
448901	0.0036769550021243766
449001	-0.016585526972509954
449101	0.004090466068360412
449201	0.00824494986959883
449301	-0.006821894222566637
449401	-0.009543305415812026
449501	0.007687570519204412
449601	0.013561107266252714
449701	3.603505364647131e-05
449801	-0.022135343213888267
449901	0.005060117171759707
450001	0.0027572402295696417
450101	-0.019491503199715696
450201	-0.004979427515274498
450301	-0.013481409564275931
450401	0.002495401682135927
450501	0.012468952878913924
450601	0.012128796224529474
450701	-0.0010558580292054252
450801	-0.005913892228862941
450901	-0.031360648721214794
451001	0.004112552911176378
451101	-0.010794731429743562
451201	-0.019203182670715416
451301	-0.0033368361534233597
451401	-0.006822088582006645
451501	-0.013059342404966645
451601	0.001953448638836994
451701	0.011706026849776572
451801	0.007607269461126206
451901	0.00022728001616628265
452001	-0.0004097021701561947
452101	-0.008525009282403496
452201	-0.011621558082045048
452301	-0.021014067009053207
452401	0.004939379543214818
452501	0.005205819171563873
452601	0.01034531400156283
452701	0.02122890237651163
452801	-0.007604402965358074
452901	-0.0011022443825756357
453001	0.01886439215595853
453101	-0.014842403661338778
453201	0.0292581706080662
453301	-0.010353220526635048
453401	0.006869264557858255
453501	-0.021487005479928652
453601	-0.016773045493699595
453701	-0.0034579216560765517
453801	-0.014239079901209312
453901	-0.029407547665066675
454001	-0.012715776964160808
454101	-0.01776608181439486
454201	-0.03872961283837613
454301	-0.013865008837957316
454401	-0.00291165880723429
454501	-0.007355966105704215
454601	0.0071512516486256375
454701	-0.0278144303518544
454801	-0.004099278018108898
454901	-0.00813765486018397
455001	-0.0017479927385340506
455101	0.0033975482505666102
455201	-0.01496948827525137
455301	-0.0006551348779692007
455401	0.008036441676881993
455501	0.008936669247669867
455601	-0.0004968815887374199
455701	-0.023288386273488663
455801	-0.011071183159606932
455901	0.0010262971369526912
456001	0.017848316921505437
456101	-0.012937031408110321
456201	0.020559554137667576
456301	0.01878939576107375
456401	-0.02267858442719792
456501	-0.011225231674392556
456601	-0.021338235595481952
456701	0.004811244715961523
456801	-0.013766126107419509
456901	-0.01658527298887688
457001	0.0007022448519265493
457101	0.010811643459745612
457201	-0.016686535462219158
457301	0.004717978714978209
457401	-0.017912362986540878
457501	0.007033855016302078
457601	-0.0064396934231741995
457701	-0.012668204180053343
457801	0.013275105256925407
457901	-0.01838656723860481
458001	-0.003759730175742743
458101	-0.018254025304509914
458201	0.00885033616120045
458301	0.0106127237062268
458401	0.015912535600712215
458501	0.0023470370630030764
458601	-0.006536138101233441
458701	0.0026619063259336675
458801	0.006790451823724707
458901	0.00852164163475218
459001	-0.011420157168446502
459101	-0.012029224281159585
459201	-0.008459476223047544
459301	-0.011752577530544117
459401	0.025424965694091767
459501	-0.011800782381276746
459601	0.015490246372433583
459701	-0.013310183399341273
459801	-0.015631444718619977
459901	-0.008989865971659947
460001	-0.008494639598092294
460101	-0.0019192460504222411
460201	-0.02564196609713364
460301	-0.022557867826903923
460401	0.00857367815206896
460501	0.002704036461776826
460601	0.0025514475176755124
460701	-0.0015381072338836706
460801	0.015133098979381737
460901	-0.003798144809352487
461001	-0.015168036302479404
461101	0.017789392733369252
461201	0.00603491269303754
461301	0.01697248519178603
461401	-0.0036670079770358133
461501	0.02274324241997109
461601	0.01884609316476108
461701	0.006040977064195349
461801	-0.005804944393107067
461901	0.0054140574502103585
462001	0.000697192877005018
462101	-0.019097785014327504
462201	-0.0010712557138293079
462301	-0.016514565114864918
462401	0.004409186086768464
462501	0.0012289396232960824
462601	-0.01568181619282192
462701	0.00595073495125837
462801	0.02279315770672274
462901	0.006647957075942022
463001	0.011362728489162187
463101	-0.011274837729398876
463201	0.007103517683050623
463301	-0.008996755466153368
463401	0.005218709189466698
463501	0.013155904992577397
463601	-0.012345794836686621
463701	-0.007994058630610291
463801	0.005980911693069014
463901	-0.014126672559157638
464001	-0.0018340284217183375
464101	-0.004906335037906286
464201	0.0093992776824922
464301	0.0038857085368383753
464401	0.005573743318645732
464501	-0.01923878378094517
464601	-0.007984377968032981
464701	0.008622636609379024
464801	-0.02360620706255424
464901	0.019574453388566396
465001	0.020584547944130754
465101	0.009028990466144261
465201	0.013917793074516018
465301	0.019661343809341827
465401	-0.014853611033804092
465501	0.007001902993045368
465601	-0.015979833931570177
465701	-0.0185530201298497
465801	-0.004819746406444101
465901	-0.009520706531384265
466001	0.002044595456927946
466101	0.0031601159936692764
466201	0.03292907263312698
466301	-0.01583527504121908
466401	0.0014842062187773648
466501	0.012485520118106228
466601	-0.005793109705147926
466701	0.006154465575993651
466801	0.006714510550542066
466901	-0.026434769739121945
467001	-0.006017190445195517
467101	-0.015550705097150872
467201	-0.019649990588639053
467301	0.004612464911555249
467401	0.011724770665645715
467501	0.011398469822976624
467601	0.009745360876594299
467701	-0.003989350330040114
467801	-0.00531559433011675
467901	-0.02117943942391601
468001	-0.006859217096962624
468101	-0.005964827067652984
468201	-0.011503653870400542
468301	0.00010227205522586324
468401	0.004070187920382706
468501	-0.026483900327312047
468601	0.0020596709746156334
468701	0.018218128745089376
468801	-0.012729777333173476
468901	-0.0015420515530487134
469001	-0.008120684236088362
469101	0.001756607623173441
469201	0.008465616141467317
469301	-0.00536905059828777
469401	-0.00684632327587053
469501	-0.009488077186755327
469601	0.027675302827672773
469701	0.018315570516365166
469801	-0.003966385133607104
469901	-0.0007277268389769914
470001	-0.011048345614828875
470101	0.0017608703219274262
470201	-0.012322742421846352
470301	-0.014997285309994189
470401	0.005502152889566522
470501	-0.019924676093163632
470601	0.004713939450922777
470701	0.0032778262990291367
470801	-0.004338634893986045
470901	0.010615819774553918
471001	-0.00439497971038089
471101	-0.006607173681729586
471201	-0.016990597667920684
471301	0.015626989943886904
471401	-0.005433203934407866
471501	-0.0016910076644545587
471601	-0.020640358496616957
471701	0.002920281832091341
471801	0.003002464649494173
471901	0.010616374266507397
472001	0.011825379183485167
472101	0.0013318624810950235
472201	0.015361819039288838
472301	-0.002335416811108573
472401	-0.02568786835052536
472501	-0.007909061492200345
472601	-0.016817686395404388
472701	0.014176390516643779
472801	-0.026293737112219846
472901	-0.013661400927694058
473001	-0.00663786282215003
473101	0.006943900445915868
473201	0.009065109968792416
473301	0.002711741052346113
473401	0.012864702301159709
473501	0.02464246782960795
473601	-0.00014329777076813394
473701	-0.040272412029983
473801	-0.021376530852864173
473901	-0.007664953499720117
474001	-0.00710907317068425
474101	0.009511893725798458
474201	0.008509903680357641
474301	0.013472186186669092
474401	0.01704000375172889
474501	-0.00028978679385770027
474601	0.006332194804423663
474701	0.005661470796584811
474801	0.013176331731671969
474901	0.020898762442878832
475001	0.023098649409434565
475101	0.02457730109625717
475201	0.0026430501584819503
475301	-0.001082942482667826
475401	0.019737608757399605
475501	0.01058625100255575
475601	0.01784397070916559
475701	0.0015268028397500992
475801	-0.009419979488733585
475901	0.024332502297532716
476001	0.003511050026553934
476101	0.02889926750766941
476201	0.00606579234955105
476301	0.015199252908004385
476401	-0.010558257603068343
476501	-0.007515713709373486
476601	0.025427287982322622
476701	0.005693852347756604
476801	0.004157070582254135
476901	0.006908916052133918
477001	0.002978600621611203
477101	-4.204067081687818e-05
477201	-1.1871806909571506e-05
477301	-0.025416934923766607
477401	0.014854020888881762
477501	-0.0266755261204928
477601	-0.03268830046500225
477701	0.006531060403666205
477801	0.010796186004666324
477901	0.018809291192453684
478001	0.03502175759285331
478101	0.0020419954341967662
478201	-0.0026750309309463965
478301	0.003793959898953203
478401	0.060626455101392814
478501	0.006509576671584612
478601	-0.004626124609419357
478701	0.023386631732746185
478801	0.0031492703821293846
478901	0.008234583889115039
479001	-0.009793698362954026
479101	-0.008324357707985185
479201	0.022566829953076205
479301	-0.009155937364668675
479401	0.025091516028641844
479501	0.0035996946887351324
479601	0.013821729679167826
479701	0.011119857929870993
479801	-0.0053476991706245995
479901	0.022660214249345712
480001	0.018341948103830993
480101	0.02346210033909696
480201	0.002410625708963534
480301	-0.033892104669679284
480401	-0.01925586638636226
480501	-0.04190723228505768
480601	3.5013822722728985e-05
480701	0.001360855372575044
480801	-0.006683931027666845
480901	0.009845889655668898
481001	0.0030358261097154005
481101	0.03109895138325499
481201	0.02446606403640143
481301	-0.0009125196266117581
481401	0.01643249186269181
481501	0.012681021882465615
481601	-0.005189063454740794
481701	-0.00866326941527523
481801	-0.0004060176744336904
481901	-0.005365006960362048
482001	0.013196716055793081
482101	0.019420304747445657
482201	0.016637980306549706
482301	0.017945064917816746
482401	-0.0099487344683251
482501	-0.0179532551402507
482601	-0.01917226734350654
482701	0.005688589185120701
482801	0.011667282927691487
482901	0.011795234302549078
483001	-0.00977799161053126
483101	0.020094647258691645
483201	-0.011044331101529843
483301	0.04432829928855774
483401	0.009251097776116431
483501	-0.022512109364498004
483601	-0.007584323653111146
483701	-0.00836757702668808
483801	-0.03668099018200953
483901	-0.0025745901811692604
484001	0.011686763966913847
484101	0.0550781041430353
484201	-0.00106561443983305
484301	0.035146552025881905
484401	0.009134686174603153
484501	0.01971809128927559
484601	-0.017245338622708287
484701	0.010431015757876649
484801	-0.037737675309644794
484901	-0.011550014688281898
485001	-0.013309955094512046
485101	-0.02347855380424095
485201	-0.02713860487937062
485301	-0.019339071304157664
485401	0.03703024999556748
485501	-0.008234401614923274
485601	-0.0019228355253600436
485701	0.014322793149163566
485801	-0.012506100724077653
485901	-0.010691657953786453
486001	-0.011530137440958224
486101	-0.016184820870967908
486201	-0.004679163003504895
486301	0.03954331521650514
486401	-0.01897309581907913
486501	-0.006642243371876905
486601	-0.004963917344963528
486701	0.0024317112176919188
486801	-0.008693981480199123
486901	0.0029365612660501314
487001	-0.015506402743764403
487101	-0.0022497039937513117
487201	-0.029934714003168963
487301	-0.028377128187786038
487401	-0.021521119465785988
487501	-0.015698059676823743
487601	0.025027007651558766
487701	0.007815563728407129
487801	-0.04735550970163829
487901	0.0490621210341444
488001	0.00014705381603810383
488101	0.004754810833538167
488201	-0.05055003471809484
488301	-0.048996410503306685
488401	-0.022947539569224178
488501	-0.0008761728304445118
488601	0.010553507254618864
488701	-0.01587075777437362
488801	-0.023308262312029617
488901	0.031744163460789704
489001	0.01536847840675269
489101	-0.006081677394661517
489201	-0.03127100775460211
489301	0.04135568982993458
489401	-0.011603729788111526
489501	0.04598609150055396
489601	0.0143083773925252
489701	-0.010737418004446652
489801	0.04233015213465376
489901	-0.01070361462674801
490001	0.016356893776222618
490101	-0.0009010678549334842
490201	0.01317472643248637
490301	-0.009605174550488394
490401	-0.030539534834983666
490501	0.013519497579342782
490601	0.01099550912172014
490701	-0.016562092996802294
490801	0.013075237945965816
490901	0.0038350236360724385
491001	0.0005016505371882037
491101	0.014126842734469658
491201	0.01477711541935134
491301	-0.01611031346940269
491401	-0.028783632472236823
491501	-0.019223536214534882
491601	-0.032975144776306
491701	-0.03214806228390813
491801	-0.00629706407314383
491901	0.027920588520465365
492001	0.033550549756162576
492101	0.08773172557981201
492201	-0.0021969682216059455
492301	-0.007379204133349166
492401	-0.03353802962613975
492501	0.0046664503513475855
492601	0.0019914378896137503
492701	0.010917707993564129
492801	0.0726372974388712
492901	-0.004799555396926732
493001	0.0031451546376066782
493101	0.005048225828696169
493201	-0.00759823940143888
493301	0.023349699467588067
493401	0.015931119334844503
493501	0.014102273026899275
493601	-0.02042865789142728
493701	-0.005440240892656035
493801	-0.016235572525571274
493901	-0.009553195670849465
494001	-0.0564929474444414
494101	0.015626351220298946
494201	0.047698678990342504
494301	-0.03966880502306823
494401	0.047725676401870344
494501	-0.0481462131420492
494601	0.029605459426429857
494701	-0.014869827845744468
494801	-0.007377954192703722
494901	-0.03164421695098702
495001	0.048743314303168375
495101	-0.0895769745044486
495201	-0.06023415445192387
495301	0.022402367144076823
495401	0.016552890040660264
495501	0.02353108173244273
495601	0.05435516791959852
495701	0.07284151538246174
495801	0.08515642943527273
495901	0.022773147320511628
496001	0.04086692793128849
496101	-0.10552106613878867
496201	-0.07314310297046801
496301	-0.03730737137816173
496401	-0.012176180005640677
496501	-0.048938556255137794
496601	0.0010430572969088313
496701	-0.014942274123198087
496801	0.010895569970718428
496901	-0.0039127943173459905
497001	0.1250868153777409
497101	0.058237234558055254
497201	0.031698992341153656
497301	-0.056803855750405204
497401	-0.04440432703852021
497501	-0.053495297807561605
497601	-0.05460175044724814
497701	-0.065942182768238
497801	-0.05164558365246092
497901	0.07930915576517238
498001	0.06506097204421431
498101	-0.03919379174573661
498201	0.021267177888109477
498301	0.061989763612098944
498401	-0.004620692672937286
498501	-0.009340535627074886
498601	-0.00263356109478113
498701	0.054574012006230466
498801	-0.06481670327515901
498901	-0.10112445644736014
499001	0.05198114496221376
499101	-0.07153027798803689
499201	0.1857011620127574
499301	-0.051723223286730076
499401	0.1344197120617217
499501	-0.0749235299709845
499601	-0.16583121345950155
499701	0.17104201047566445
499801	-0.20114292813389237
499901	-0.03766851370156943
